timestamp,instrument_name,underlying,underlying_name,option_type,strike,expiry_datetime,time_to_maturity,bid_price,ask_price,mark_price,mid_price,futures_price,futures_instrument_name,implied_volatility,delta,vega,open_interest,volume,bid_ask_spread,currency,index_price,volume_usd
2026-10-10T00:41:58.683869+00:00,BTC-12OCT26-84500-C,82536.39,BTC-12OCT26,call,84500.0,2026-10-12T08:00:00+00:00,0.006308506227691586,0.0007,0.0009,0.00076189,0.0008,82536.39,BTC-12OCT26,0.2223,0.09306,10.91653,353.2,273.7,0.00019999999999999998,BTC,82514.29,65478.26
2026-10-10T00:41:58.683869+00:00,BTC-26MAR27-40000-C,84528.06,BTC-26MAR27,call,40000.0,2027-03-26T08:00:00+00:00,0.4580538861044883,0.529,0.5315,0.52982226,0.53025,84528.06,BTC-26MAR27,0.5847,0.98161,25.80308,82.1,0.0,0.0024999999999999467,BTC,82514.29,0.0
2026-10-10T00:41:58.683869+00:00,BTC-24SEP27-125000-P,86794.66,BTC-24SEP27,put,125000.0,2027-09-24T08:00:00+00:00,0.9563427293625307,0.475,0.497,0.48417369,0.486,86794.66,BTC-24SEP27,0.40020000000000006,-0.76908,258.40755,0.0,0.0,0.02200000000000002,BTC,82514.29,0.0
2026-10-10T00:41:58.683869+00:00,BTC-24SEP27-180000-P,86794.66,BTC-24SEP27,put,180000.0,2027-09-24T08:00:00+00:00,0.9563427293625307,1.071,1.1005,1.08585782,1.08575,86794.66,BTC-24SEP27,0.44530000000000003,-0.92738,117.2644,0.1,0.0,0.02950000000000008,BTC,82514.29,0.0
2026-10-10T00:41:58.683869+00:00,BTC-25JUN27-64000-C,85681.55,BTC-25JUN27,call,64000.0,2027-06-25T08:00:00+00:00,0.7071983077335096,0.286,0.289,0.28776186,0.2875,85681.55,BTC-25JUN27,0.4199,0.84195,173.97233,33.8,0.4,0.0030000000000000027,BTC,82514.29,9492.25
2026-10-10T00:41:58.683869+00:00,BTC-26MAR27-85000-P,84528.67,BTC-26MAR27,put,85000.0,2027-03-26T08:00:00+00:00,0.4580538861044883,0.1045,0.1055,0.10510558,0.105,84528.67,BTC-26MAR27,0.3787,-0.45754,227.02106,60.4,25.0,0.0010000000000000009,BTC,82514.29,217891.33
2026-10-10T00:41:58.683869+00:00,BTC-26MAR27-55000-C,84528.06,BTC-26MAR27,call,55000.0,2027-03-26T08:00:00+00:00,0.4580538861044883,0.3565,0.364,0.3599412,0.36025,84528.06,BTC-26MAR27,0.47259999999999996,0.93361,73.76212,29.5,0.0,0.007500000000000007,BTC,82514.29,0.0
2026-10-10T00:41:58.683869+00:00,BTC-25JUN27-65000-P,85678.91,BTC-25JUN27,put,65000.0,2027-06-25T08:00:00+00:00,0.7071983077335096,0.0365,0.038,0.03723966,0.03725,85678.91,BTC-25JUN27,0.4171,-0.16787,180.91822,38.2,0.0,0.0015000000000000013,BTC,82514.29,0.0
2026-10-10T00:41:58.683869+00:00,BTC-26MAR27-62000-C,84528.06,BTC-26MAR27,call,62000.0,2027-03-26T08:00:00+00:00,0.4580538861044883,0.28,0.289,0.2851663,0.2845,84528.06,BTC-26MAR27,0.4334,0.88555,110.70926,51.3,0.0,0.008999999999999952,BTC,82514.29,0.0
2026-10-10T00:41:58.683869+00:00,BTC-25JUN27-150000-P,85678.91,BTC-25JUN27,put,150000.0,2027-06-25T08:00:00+00:00,0.7071983077335096,0.75,0.7725,0.7627518,0.76125,85678.91,BTC-25JUN27,0.42710000000000004,-0.91609,111.07712,1.1,0.0,0.022499999999999964,BTC,82514.29,0.0
2026-10-10T00:41:58.683869+00:00,BTC-25JUN27-125000-P,85681.55,BTC-25JUN27,put,125000.0,2027-06-25T08:00:00+00:00,0.7071983077335096,0.4775,0.4975,0.4856917,0.4875,85681.55,BTC-25JUN27,0.40149999999999997,-0.82875,183.25719,0.0,0.0,0.020000000000000018,BTC,82514.29,0.0
2026-10-10T00:41:58.683869+00:00,BTC-12OCT26-81000-P,82536.39,BTC-12OCT26,put,81000.0,2026-10-12T08:00:00+00:00,0.006308506227691586,0.0016,0.0019,0.00179664,0.00175,82536.39,BTC-12OCT26,0.2491,-0.16871,16.51382,50.4,17.0,0.0002999999999999999,BTC,82514.29,4835.33
2026-10-10T00:41:58.683869+00:00,BTC-11OCT26-79000-C,82520.69,BTC-11OCT26,call,79000.0,2026-10-11T08:00:00+00:00,0.003570655440559485,0.0405,0.046,0.04300049,0.04325,82520.69,BTC-11OCT26,0.4053,0.96498,3.81295,0.0,0.0,0.005499999999999998,BTC,82514.29,0.0
2026-10-10T00:41:58.683869+00:00,BTC-10OCT26-79500-P,82518.75,BTC-10OCT26,put,79500.0,2026-10-10T08:00:00+00:00,0.0008328046534273835,,0.0001,3.691e-05,,82518.75,BTC-10OCT26,0.5304,-0.00731,0.48217,6.6,5.9,,BTC,82514.29,196.54
2026-10-10T00:41:58.683869+00:00,BTC-30OCT26-84000-P,82790.09,BTC-30OCT26,put,84000.0,2026-10-30T08:00:00+00:00,0.055589820396069405,0.038,0.039,0.03861016,0.0385,82790.09,BTC-30OCT26,0.3245,-0.56015,77.01213,868.8,162.6,0.0010000000000000009,BTC,82514.29,551577.82
2026-10-10T00:41:58.683869+00:00,BTC-26MAR27-82000-C,84528.06,BTC-26MAR27,call,82000.0,2027-03-26T08:00:00+00:00,0.4580538861044883,0.116,0.1175,0.11670218,0.11675,84528.06,BTC-26MAR27,0.3809,0.59739,221.46406,1248.6,56.6,0.0014999999999999875,BTC,82509.47,560998.41
2026-10-10T00:41:58.683869+00:00,BTC-30OCT26-67000-C,82790.06,BTC-30OCT26,call,67000.0,2026-10-30T08:00:00+00:00,0.055589820396069405,0.19,0.195,0.19216153,0.1925,82790.06,BTC-30OCT26,0.4943,0.96952,13.46135,108.4,0.0,0.0050000000000000044,BTC,82514.29,0.0
2026-10-10T00:41:58.683869+00:00,BTC-25JUN27-88000-C,85678.91,BTC-25JUN27,call,88000.0,2027-06-25T08:00:00+00:00,0.7071983077335096,0.116,0.118,0.11713458,0.117,85678.91,BTC-25JUN27,0.3846,0.53157,286.65068,57.9,0.0,0.001999999999999988,BTC,82509.47,0.0
2026-10-10T00:41:58.683869+00:00,BTC-25DEC26-74000-P,83450.25,BTC-25DEC26,put,74000.0,2026-12-25T08:00:00+00:00,0.2089094644754671,0.024,0.025,0.0244893,0.0245,83450.25,BTC-25DEC26,0.3862,-0.22092,113.24797,295.5,102.3,0.0010000000000000009,BTC,82509.47,215669.18
2026-10-10T00:41:58.683869+00:00,BTC-25JUN27-45000-C,85678.91,BTC-25JUN27,call,45000.0,2027-06-25T08:00:00+00:00,0.7071983077335096,0.4825,0.485,0.48377177,0.48375,85678.91,BTC-25JUN27,0.5106,0.95672,66.20422,15.4,0.0,0.0025000000000000022,BTC,82509.42,0.0
2026-10-10T00:41:58.683869+00:00,BTC-27NOV26-88000-C,83134.73,BTC-27NOV26,call,88000.0,2026-11-27T08:00:00+00:00,0.13224964243576826,0.029,0.0295,0.02934779,0.02925,83134.73,BTC-27NOV26,0.3592,0.3558,112.68636,1349.6,7.5,0.000499999999999997,BTC,82509.47,20954.41
2026-10-10T00:41:58.683869+00:00,BTC-10OCT26-89500-C,82521.39,BTC-10OCT26,call,89500.0,2026-10-10T08:00:00+00:00,0.0008328046534273835,,0.0001,0.0,,82521.39,BTC-10OCT26,0.5517,0.0,2e-05,15.8,0.0,,BTC,82509.47,0.0
2026-10-10T00:41:58.683869+00:00,BTC-25JUN27-54000-C,85678.91,BTC-25JUN27,call,54000.0,2027-06-25T08:00:00+00:00,0.7071983077335096,0.383,0.39,0.38697639,0.3865,85678.91,BTC-25JUN27,0.4598,0.91725,109.91329,1.0,0.0,0.007000000000000006,BTC,82509.42,0.0
2026-10-10T00:41:58.683869+00:00,BTC-25DEC26-84000-C,83452.89,BTC-25DEC26,call,84000.0,2026-12-25T08:00:00+00:00,0.2089094644754671,0.0635,0.0645,0.06402422,0.064,83452.89,BTC-25DEC26,0.368,0.5179,152.05902,1275.5,29.7,0.0010000000000000009,BTC,82509.47,158642.74
2026-10-10T00:41:58.683869+00:00,BTC-11OCT26-85500-C,82520.74,BTC-11OCT26,call,85500.0,2026-10-11T08:00:00+00:00,0.003570655440559485,,0.0002,5.303e-05,,82520.74,BTC-11OCT26,0.2553,0.01022,1.33943,93.2,110.6,,BTC,82509.42,2735.01
2026-10-10T00:41:58.683869+00:00,BTC-10OCT26-87500-C,82518.75,BTC-10OCT26,call,87500.0,2026-10-10T08:00:00+00:00,0.0008328046534273835,,0.0001,5e-08,,82518.75,BTC-10OCT26,0.4866,2e-05,0.0016,65.6,18.9,,BTC,82509.42,181.09
2026-10-10T00:41:58.683869+00:00,BTC-23OCT26-70000-C,82697.09,BTC-23OCT26,call,70000.0,2026-10-23T08:00:00+00:00,0.0364248648861447,0.1525,0.1575,0.15458101,0.155,82697.09,BTC-23OCT26,0.47240000000000004,0.97082,10.49713,0.0,0.0,0.0050000000000000044,BTC,82511.05,0.0
2026-10-10T00:41:58.683869+00:00,BTC-27NOV26-73000-P,83134.88,BTC-27NOV26,put,73000.0,2026-11-27T08:00:00+00:00,0.13224964243576826,0.013,0.014,0.01348525,0.0135,83134.88,BTC-27NOV26,0.3961,-0.16503,75.0796,102.0,4.8,0.0010000000000000009,BTC,82509.42,5164.39
2026-10-10T00:41:58.683869+00:00,BTC-25DEC26-104000-C,83452.89,BTC-25DEC26,call,104000.0,2026-12-25T08:00:00+00:00,0.2089094644754671,0.0095,0.0105,0.00999576,0.01,83452.89,BTC-25DEC26,0.386,0.12316,77.73098,175.8,3.1,0.0010000000000000009,BTC,82509.42,2825.75
2026-10-10T00:41:58.683869+00:00,BTC-24SEP27-60000-C,86794.62,BTC-24SEP27,call,60000.0,2027-09-24T08:00:00+00:00,0.9563427293625307,0.3425,0.346,0.3442129,0.34425,86794.62,BTC-24SEP27,0.42719999999999997,0.86264,186.54383,0.0,0.0,0.0034999999999999476,BTC,82509.42,0.0
2026-10-10T00:41:58.683869+00:00,BTC-27NOV26-70000-C,83134.84,BTC-27NOV26,call,70000.0,2026-11-27T08:00:00+00:00,0.13224964243576826,0.164,0.1705,0.16698008,0.16725,83134.84,BTC-27NOV26,0.418,0.88626,58.24509,3.3,0.0,0.006500000000000006,BTC,82511.05,0.0
2026-10-10T00:41:58.683869+00:00,BTC-16OCT26-88000-P,82606.9,BTC-16OCT26,put,88000.0,2026-10-16T08:00:00+00:00,0.017259909376219993,0.0635,0.069,0.06658209,0.06625,82606.9,BTC-16OCT26,0.32170000000000004,-0.92989,14.59342,17.3,7.0,0.005500000000000005,BTC,82511.05,38696.65
2026-10-10T00:41:58.683869+00:00,BTC-30OCT26-106000-P,82790.09,BTC-30OCT26,put,106000.0,2026-10-30T08:00:00+00:00,0.055589820396069405,0.2775,0.284,0.28052907,0.28075,82790.09,BTC-30OCT26,0.409,-0.99403,3.30707,0.0,0.0,0.00649999999999995,BTC,82511.05,0.0
2026-10-10T00:41:58.683869+00:00,BTC-10OCT26-81500-P,82518.75,BTC-10OCT26,put,81500.0,2026-10-10T08:00:00+00:00,0.0008328046534273835,0.0002,0.0003,0.00026135,0.00025,82518.75,BTC-10OCT26,0.2921,-0.07036,3.21102,133.6,128.9,9.999999999999996e-05,BTC,82511.05,12868.02
2026-10-10T00:41:58.683869+00:00,BTC-30OCT26-90000-P,82790.06,BTC-30OCT26,put,90000.0,2026-10-30T08:00:00+00:00,0.055589820396069405,0.089,0.0955,0.09333303,0.09225,82790.06,BTC-30OCT26,0.3367,-0.84421,46.6843,45.6,0.3,0.006500000000000006,BTC,82511.05,2319.82
2026-10-10T00:41:58.683869+00:00,BTC-16OCT26-75000-P,82606.9,BTC-16OCT26,put,75000.0,2026-10-16T08:00:00+00:00,0.017259909376219993,0.001,0.0012,0.00109299,0.0011,82606.9,BTC-16OCT26,0.4409,-0.04494,10.27917,346.9,135.5,0.00019999999999999987,BTC,82511.05,12913.77
2026-10-10T00:41:58.683869+00:00,BTC-25JUN27-105000-P,85681.55,BTC-25JUN27,put,105000.0,2027-06-25T08:00:00+00:00,0.7071983077335096,0.2765,0.2895,0.28328391,0.283,85681.55,BTC-25JUN27,0.38630000000000003,-0.67838,258.29621,2.1,0.0,0.012999999999999956,BTC,82511.9,0.0
2026-10-10T00:41:58.683869+00:00,BTC-12OCT26-80500-P,82536.68,BTC-12OCT26,put,80500.0,2026-10-12T08:00:00+00:00,0.006308506227691586,0.0012,0.0014,0.00127864,0.0013,82536.68,BTC-12OCT26,0.27,-0.12023,13.13567,78.7,65.8,0.0002000000000000001,BTC,82511.05,9439.29
2026-10-10T00:41:58.683869+00:00,BTC-26MAR27-112000-P,84528.06,BTC-26MAR27,put,112000.0,2027-03-26T08:00:00+00:00,0.4580538861044883,0.3385,0.3545,0.34739171,0.3465,84528.06,BTC-26MAR27,0.3911,-0.82389,148.11504,0.1,0.0,0.01599999999999996,BTC,82511.9,0.0
2026-10-10T00:41:58.683869+00:00,BTC-25DEC26-58000-C,83452.89,BTC-25DEC26,call,58000.0,2026-12-25T08:00:00+00:00,0.2089094644754671,0.3065,0.313,0.30972583,0.30975,83452.89,BTC-25DEC26,0.5058,0.95437,36.57134,40.3,0.0,0.006500000000000006,BTC,82511.05,0.0
2026-10-10T00:41:58.683869+00:00,BTC-30OCT26-79000-C,82790.09,BTC-30OCT26,call,79000.0,2026-10-30T08:00:00+00:00,0.055589820396069405,0.0585,0.0605,0.05948743,0.0595,82790.09,BTC-30OCT26,0.3421,0.73269,64.23904,263.5,0.0,0.001999999999999995,BTC,82511.9,0.0
2026-10-10T00:41:58.683869+00:00,BTC-27NOV26-112000-C,83134.73,BTC-27NOV26,call,112000.0,2026-11-27T08:00:00+00:00,0.13224964243576826,0.0015,0.0019,0.00170744,0.0017,83134.73,BTC-27NOV26,0.41979999999999995,0.03036,20.78493,10.1,0.4,0.00039999999999999996,BTC,82511.9,75.1
2026-10-10T00:41:58.683869+00:00,BTC-25JUN27-90000-C,85681.55,BTC-25JUN27,call,90000.0,2027-06-25T08:00:00+00:00,0.7071983077335096,0.107,0.109,0.10798791,0.108,85681.55,BTC-25JUN27,0.38439999999999996,0.50382,287.53098,796.3,155.0,0.0020000000000000018,BTC,82511.95,1395406.53
2026-10-10T00:41:58.683869+00:00,BTC-26MAR27-78000-C,84528.06,BTC-26MAR27,call,78000.0,2027-03-26T08:00:00+00:00,0.4580538861044883,0.142,0.144,0.14288306,0.143,84528.06,BTC-26MAR27,0.3846,0.66963,207.34578,647.6,0.0,0.0020000000000000018,BTC,82511.9,0.0
2026-10-10T00:41:58.683869+00:00,BTC-10OCT26-86000-C,82518.75,BTC-10OCT26,call,86000.0,2026-10-10T08:00:00+00:00,0.0008328046534273835,,0.0001,3.7e-07,,82518.75,BTC-10OCT26,0.3923,0.00013,0.01241,195.9,65.6,,BTC,82511.9,1560.91
2026-10-10T00:41:58.683869+00:00,BTC-23OCT26-74000-P,82697.09,BTC-23OCT26,put,74000.0,2026-10-23T08:00:00+00:00,0.0364248648861447,0.0025,0.0027,0.00262586,0.0026,82697.09,BTC-23OCT26,0.41100000000000003,-0.0728,21.84666,500.1,0.1,0.0002000000000000001,BTC,82511.95,22.24
2026-10-10T00:41:58.683869+00:00,BTC-27NOV26-68000-P,83134.73,BTC-27NOV26,put,68000.0,2026-11-27T08:00:00+00:00,0.13224964243576826,0.0065,0.0075,0.00698593,0.007,83134.73,BTC-27NOV26,0.436,-0.08909,48.74363,248.3,3.1,0.001,BTC,82511.95,1772.58
2026-10-10T00:41:58.683869+00:00,BTC-25DEC26-95000-P,83452.89,BTC-25DEC26,put,95000.0,2026-12-25T08:00:00+00:00,0.2089094644754671,0.1565,0.166,0.16142397,0.16125,83452.89,BTC-25DEC26,0.3704,-0.75201,120.72954,144.0,0.0,0.009500000000000008,BTC,82511.9,0.0
2026-10-10T00:41:58.683869+00:00,BTC-27NOV26-81000-P,83134.84,BTC-27NOV26,put,81000.0,2026-11-27T08:00:00+00:00,0.13224964243576826,0.04,0.041,0.04041866,0.0405,83134.84,BTC-27NOV26,0.365,-0.39655,116.57372,567.2,55.5,0.0010000000000000009,BTC,82511.95,180093.09
2026-10-10T00:41:58.683869+00:00,BTC-13OCT26-86000-C,82554.59,BTC-13OCT26,call,86000.0,2026-10-13T08:00:00+00:00,0.009046357014823687,0.0007,0.0009,0.00081204,0.0008,82554.59,BTC-13OCT26,0.2863,0.0684,10.36005,5.1,8.7,0.00019999999999999998,BTC,82511.95,610.14
2026-10-10T00:41:58.683869+00:00,BTC-23OCT26-79000-C,82697.09,BTC-23OCT26,call,79000.0,2026-10-23T08:00:00+00:00,0.0364248648861447,0.052,0.055,0.05354893,0.0535,82697.09,BTC-23OCT26,0.3375,0.77094,47.83143,0.0,0.0,0.0030000000000000027,BTC,82511.95,0.0
2026-10-10T00:41:58.683869+00:00,BTC-25JUN27-55000-P,85678.91,BTC-25JUN27,put,55000.0,2027-06-25T08:00:00+00:00,0.7071983077335096,0.0175,0.019,0.01835965,0.01825,85678.91,BTC-25JUN27,0.4539,-0.08821,115.30853,37.0,0.0,0.0014999999999999979,BTC,82511.95,0.0
2026-10-10T00:41:58.683869+00:00,BTC-26MAR27-96000-C,84528.06,BTC-26MAR27,call,96000.0,2027-03-26T08:00:00+00:00,0.4580538861044883,0.0535,0.0545,0.05399254,0.054,84528.06,BTC-26MAR27,0.3782,0.35607,213.28242,260.7,1.4,0.0010000000000000009,BTC,82511.95,6301.67
2026-10-10T00:41:58.683869+00:00,BTC-10OCT26-88000-P,82521.39,BTC-10OCT26,put,88000.0,2026-10-10T08:00:00+00:00,0.0008328046534273835,0.0635,0.069,0.06642922,0.06625,82521.39,BTC-10OCT26,0.4978,-1.0,0.00044,0.0,0.0,0.005500000000000005,BTC,82511.95,0.0
2026-10-10T00:41:58.683869+00:00,BTC-30OCT26-60000-C,82790.06,BTC-30OCT26,call,60000.0,2026-10-30T08:00:00+00:00,0.055589820396069405,0.2735,0.278,0.2756458,0.27575,82790.06,BTC-30OCT26,0.5816,0.99214,4.21474,13.7,0.0,0.004500000000000004,BTC,82511.95,0.0
2026-10-10T00:41:58.683869+00:00,BTC-30OCT26-76000-P,82790.06,BTC-30OCT26,put,76000.0,2026-10-30T08:00:00+00:00,0.055589820396069405,0.007,0.0075,0.00724448,0.00725,82790.06,BTC-30OCT26,0.3704,-0.15309,46.14967,974.3,70.0,0.0004999999999999996,BTC,82511.95,41989.59
2026-10-10T00:41:58.683869+00:00,BTC-30OCT26-45000-C,82790.06,BTC-30OCT26,call,45000.0,2026-10-30T08:00:00+00:00,0.055589820396069405,0.455,0.4585,0.45650267,0.45675,82790.06,BTC-30OCT26,0.8475,0.99918,0.54597,0.9,0.0,0.003500000000000003,BTC,82511.95,0.0
2026-10-10T00:41:58.683869+00:00,BTC-30OCT26-66000-C,82789.7,BTC-30OCT26,call,66000.0,2026-10-30T08:00:00+00:00,0.055589820396069405,0.202,0.206,0.20399944,0.204,82789.7,BTC-30OCT26,0.5073,0.97466,11.54174,79.8,0.0,0.003999999999999976,BTC,82511.95,0.0
2026-10-10T00:41:58.683869+00:00,BTC-24SEP27-108000-C,86794.62,BTC-24SEP27,call,108000.0,2027-09-24T08:00:00+00:00,0.9563427293625307,0.0735,0.076,0.07477434,0.07475,86794.62,BTC-24SEP27,0.3914,0.35216,315.19721,0.0,0.0,0.0025000000000000022,BTC,82511.95,0.0
2026-10-10T00:41:58.683869+00:00,BTC-25DEC26-70000-P,83452.89,BTC-25DEC26,put,70000.0,2026-12-25T08:00:00+00:00,0.2089094644754671,0.015,0.0155,0.01535442,0.01525,83452.89,BTC-25DEC26,0.4035,-0.14805,88.18827,2727.2,14.5,0.0005000000000000004,BTC,82511.95,18527.3
2026-10-10T00:41:58.683869+00:00,BTC-30OCT26-58000-C,82789.7,BTC-30OCT26,call,58000.0,2026-10-30T08:00:00+00:00,0.055589820396069405,0.298,0.302,0.29965462,0.3,82789.7,BTC-30OCT26,0.5986,0.99522,2.7136,0.0,0.0,0.0040000000000000036,BTC,82511.95,0.0
2026-10-10T00:41:58.683869+00:00,BTC-30OCT26-90000-C,82790.06,BTC-30OCT26,call,90000.0,2026-10-30T08:00:00+00:00,0.055589820396069405,0.006,0.0065,0.00624443,0.00625,82790.06,BTC-30OCT26,0.3367,0.15582,46.69134,15159.1,26.3,0.0004999999999999996,BTC,82511.95,15311.43
2026-10-10T00:41:58.683869+00:00,BTC-27NOV26-98000-C,83134.73,BTC-27NOV26,call,98000.0,2026-11-27T08:00:00+00:00,0.13224964243576826,0.008,0.0085,0.00825255,0.00825,83134.73,BTC-27NOV26,0.3757,0.12814,63.34304,849.9,23.1,0.0005000000000000004,BTC,82511.91,18141.79
2026-10-10T00:41:58.683869+00:00,BTC-25DEC26-125000-C,83452.89,BTC-25DEC26,call,125000.0,2026-12-25T08:00:00+00:00,0.2089094644754671,0.0019,0.0023,0.00209431,0.0021,83452.89,BTC-25DEC26,0.442,0.02881,25.10615,520.9,0.0,0.00039999999999999996,BTC,82511.91,0.0
2026-10-10T00:41:58.683869+00:00,BTC-25JUN27-40000-P,85678.91,BTC-25JUN27,put,40000.0,2027-06-25T08:00:00+00:00,0.7071983077335096,0.0055,0.0065,0.00598696,0.006,85678.91,BTC-25JUN27,0.5418,-0.02876,47.35958,1251.1,7.0,0.001,BTC,82511.91,3468.22
2026-10-10T00:41:58.683869+00:00,BTC-30OCT26-94000-P,82790.06,BTC-30OCT26,put,94000.0,2026-10-30T08:00:00+00:00,0.055589820396069405,0.134,0.14,0.13766485,0.137,82790.06,BTC-30OCT26,0.3468,-0.93471,24.84477,0.1,0.0,0.006000000000000005,BTC,82511.91,0.0
2026-10-10T00:41:58.683869+00:00,BTC-25DEC26-100000-C,83450.25,BTC-25DEC26,call,100000.0,2026-12-25T08:00:00+00:00,0.2089094644754671,0.014,0.015,0.01438658,0.0145,83450.25,BTC-25DEC26,0.37810000000000005,0.16853,96.0146,5883.0,3.9,0.0009999999999999992,BTC,82511.91,5332.28
2026-10-10T00:41:58.683869+00:00,BTC-10OCT26-81500-C,82518.75,BTC-10OCT26,call,81500.0,2026-10-10T08:00:00+00:00,0.0008328046534273835,0.011,0.0145,0.01260248,0.01275,82518.75,BTC-10OCT26,0.2921,0.93017,3.1924,5.2,0.1,0.0035000000000000014,BTC,82511.91,103.1
2026-10-10T00:41:58.683869+00:00,BTC-24SEP27-102000-P,86794.62,BTC-24SEP27,put,102000.0,2027-09-24T08:00:00+00:00,0.9563427293625307,0.2635,0.27,0.26647764,0.26675,86794.62,BTC-24SEP27,0.3901,-0.59181,329.72222,0.0,0.0,0.006500000000000006,BTC,82511.91,0.0
2026-10-10T00:41:58.683869+00:00,BTC-26MAR27-62000-P,84528.06,BTC-26MAR27,put,62000.0,2027-03-26T08:00:00+00:00,0.4580538861044883,0.018,0.019,0.01865644,0.0185,84528.06,BTC-26MAR27,0.4334,-0.11449,110.72835,444.4,1.3,0.0010000000000000009,BTC,82509.75,1984.11
2026-10-10T00:41:58.683869+00:00,BTC-27NOV26-80000-C,83134.73,BTC-27NOV26,call,80000.0,2026-11-27T08:00:00+00:00,0.13224964243576826,0.0725,0.074,0.0733612,0.07325,83134.73,BTC-27NOV26,0.368,0.63832,113.32572,1146.9,5.5,0.0015000000000000013,BTC,82509.75,35115.24
2026-10-10T00:41:58.683869+00:00,BTC-23OCT26-84000-C,82697.25,BTC-23OCT26,call,84000.0,2026-10-23T08:00:00+00:00,0.0364248648861447,0.0165,0.0175,0.0168675,0.017,82697.25,BTC-23OCT26,0.31170000000000003,0.40772,61.29192,552.3,403.0,0.0010000000000000009,BTC,82509.75,566268.05
2026-10-10T00:41:58.683869+00:00,BTC-25JUN27-135000-P,85681.55,BTC-25JUN27,put,135000.0,2027-06-25T08:00:00+00:00,0.7071983077335096,0.583,0.6035,0.59465714,0.59325,85681.55,BTC-25JUN27,0.4114,-0.87305,149.97568,0.0,0.0,0.020500000000000074,BTC,82509.6,0.0
2026-10-10T00:41:58.683869+00:00,BTC-25JUN27-94000-P,85681.55,BTC-25JUN27,put,94000.0,2027-06-25T08:00:00+00:00,0.7071983077335096,0.1865,0.1905,0.18854921,0.1885,85681.55,BTC-25JUN27,0.384,-0.54994,285.28062,0.1,0.0,0.0040000000000000036,BTC,82509.6,0.0
2026-10-10T00:41:58.683869+00:00,BTC-27NOV26-92000-C,83134.73,BTC-27NOV26,call,92000.0,2026-11-27T08:00:00+00:00,0.13224964243576826,0.017,0.018,0.01755691,0.0175,83134.73,BTC-27NOV26,0.36210000000000003,0.24089,94.20695,464.6,0.3,0.0009999999999999974,BTC,82509.75,476.21
2026-10-10T00:41:58.683869+00:00,BTC-25DEC26-58000-P,83452.89,BTC-25DEC26,put,58000.0,2026-12-25T08:00:00+00:00,0.2089094644754671,0.0046,0.0049,0.00474746,0.00475,83452.89,BTC-25DEC26,0.5058,-0.04564,36.57589,1823.1,0.1,0.0002999999999999999,BTC,82509.75,41.11
2026-10-10T00:41:58.683869+00:00,BTC-30OCT26-100000-P,82790.06,BTC-30OCT26,put,100000.0,2026-10-30T08:00:00+00:00,0.055589820396069405,0.2045,0.211,0.20842394,0.20775,82790.06,BTC-30OCT26,0.3729,-0.9823,8.52245,1.3,0.0,0.006500000000000006,BTC,82509.75,0.0
2026-10-10T00:41:58.683869+00:00,BTC-11OCT26-81500-P,82520.69,BTC-11OCT26,put,81500.0,2026-10-11T08:00:00+00:00,0.003570655440559485,0.001,0.0012,0.00110024,0.0011,82520.69,BTC-11OCT26,0.213,-0.16317,12.15585,86.8,31.1,0.00019999999999999987,BTC,82509.6,4928.24
2026-10-10T00:41:58.683869+00:00,BTC-25DEC26-220000-C,83450.25,BTC-25DEC26,call,220000.0,2026-12-25T08:00:00+00:00,0.2089094644754671,0.0001,0.0002,0.00014325,0.00015,83450.25,BTC-25DEC26,0.6876000000000001,0.00171,2.10279,252.8,0.0,0.0001,BTC,82509.6,0.0
2026-10-10T00:41:58.683869+00:00,BTC-26MAR27-80000-C,84528.06,BTC-26MAR27,call,80000.0,2027-03-26T08:00:00+00:00,0.4580538861044883,0.128,0.1305,0.12928079,0.12925,84528.06,BTC-26MAR27,0.3825,0.63382,215.33232,1562.0,455.0,0.0025000000000000022,BTC,82509.6,4894967.97
2026-10-10T00:41:58.683869+00:00,BTC-10OCT26-87000-P,82521.39,BTC-10OCT26,put,87000.0,2026-10-10T08:00:00+00:00,0.0008328046534273835,0.0515,0.057,0.0543108,0.05425,82521.39,BTC-10OCT26,0.46020000000000005,-0.99997,0.0035,0.0,0.0,0.005500000000000005,BTC,82509.6,0.0
2026-10-10T00:41:58.683869+00:00,BTC-25DEC26-56000-P,83452.89,BTC-25DEC26,put,56000.0,2026-12-25T08:00:00+00:00,0.2089094644754671,0.0039,0.0042,0.00405429,0.00405,83452.89,BTC-25DEC26,0.5285,-0.03824,31.69876,622.2,0.1,0.0002999999999999999,BTC,82509.6,34.82
2026-10-10T00:41:58.683869+00:00,BTC-25DEC26-140000-C,83450.25,BTC-25DEC26,call,140000.0,2026-12-25T08:00:00+00:00,0.2089094644754671,0.0008,0.0011,0.00094188,0.00095,83450.25,BTC-25DEC26,0.48450000000000004,0.01305,12.81119,1419.9,1.1,0.00030000000000000003,BTC,82509.6,102.65
2026-10-10T00:41:58.683869+00:00,BTC-30OCT26-71000-C,82790.06,BTC-30OCT26,call,71000.0,2026-10-30T08:00:00+00:00,0.055589820396069405,0.143,0.148,0.14525196,0.1455,82790.06,BTC-30OCT26,0.4366,0.93859,23.68605,939.4,0.0,0.0050000000000000044,BTC,82509.6,0.0
2026-10-10T00:41:58.683869+00:00,BTC-30OCT26-106000-C,82790.09,BTC-30OCT26,call,106000.0,2026-10-30T08:00:00+00:00,0.055589820396069405,0.0001,0.0003,0.00018027,0.0002,82790.09,BTC-30OCT26,0.409,0.00597,3.30696,592.2,2.5,0.00019999999999999998,BTC,82509.6,56.12
2026-10-10T00:41:58.683869+00:00,BTC-25DEC26-76000-P,83452.89,BTC-25DEC26,put,76000.0,2026-12-25T08:00:00+00:00,0.2089094644754671,0.0305,0.0315,0.03097635,0.031,83452.89,BTC-25DEC26,0.381,-0.26643,125.31127,439.2,200.3,0.0010000000000000009,BTC,82509.6,507386.84
2026-10-10T00:41:58.683869+00:00,BTC-25DEC26-250000-C,83452.89,BTC-25DEC26,call,250000.0,2026-12-25T08:00:00+00:00,0.2089094644754671,,0.0002,0.00011263,,83452.89,BTC-25DEC26,0.7521,0.00127,1.59722,1282.4,0.1,,BTC,82509.95,1.65
2026-10-10T00:41:58.683869+00:00,BTC-25JUN27-85000-C,85681.55,BTC-25JUN27,call,85000.0,2027-06-25T08:00:00+00:00,0.7071983077335096,0.1315,0.1335,0.13248994,0.1325,85681.55,BTC-25JUN27,0.3861,0.5741,282.56278,163.0,0.0,0.0020000000000000018,BTC,82509.75,0.0
2026-10-10T00:41:58.683869+00:00,BTC-25JUN27-45000-P,85678.91,BTC-25JUN27,put,45000.0,2027-06-25T08:00:00+00:00,0.7071983077335096,0.0085,0.0095,0.00899068,0.009,85678.91,BTC-25JUN27,0.5106,-0.04328,66.20257,161.7,0.1,0.0009999999999999992,BTC,82509.75,74.1
2026-10-10T00:41:58.683869+00:00,BTC-25JUN27-106000-C,85678.91,BTC-25JUN27,call,106000.0,2027-06-25T08:00:00+00:00,0.7071983077335096,0.0545,0.0565,0.05550501,0.0555,85678.91,BTC-25JUN27,0.387,0.3117,254.88188,21.0,0.0,0.0020000000000000018,BTC,82509.75,0.0
2026-10-10T00:41:58.683869+00:00,BTC-26MAR27-70000-C,84528.06,BTC-26MAR27,call,70000.0,2027-03-26T08:00:00+00:00,0.4580538861044883,0.2035,0.2115,0.20760721,0.2075,84528.06,BTC-26MAR27,0.40259999999999996,0.79619,162.03156,770.5,0.0,0.008000000000000007,BTC,82509.75,0.0
2026-10-10T00:41:58.683869+00:00,BTC-13OCT26-81500-P,82554.59,BTC-13OCT26,put,81500.0,2026-10-13T08:00:00+00:00,0.009046357014823687,0.0048,0.0055,0.0050435,0.00515,82554.59,BTC-13OCT26,0.2699,-0.30432,27.48508,0.6,0.6,0.0007000000000000001,BTC,82509.75,246.57
2026-10-10T00:41:58.683869+00:00,BTC-12OCT26-79500-C,82536.68,BTC-12OCT26,call,79500.0,2026-10-12T08:00:00+00:00,0.006308506227691586,0.035,0.0405,0.037547,0.03775,82536.68,BTC-12OCT26,0.3191,0.93197,8.61294,0.0,0.0,0.005499999999999998,BTC,82509.75,0.0
2026-10-10T00:41:58.683869+00:00,BTC-27NOV26-92000-P,83134.84,BTC-27NOV26,put,92000.0,2026-11-27T08:00:00+00:00,0.13224964243576826,0.12,0.128,0.12419429,0.124,83134.84,BTC-27NOV26,0.36210000000000003,-0.75919,94.18679,2.1,0.0,0.008000000000000007,BTC,82509.75,0.0
2026-10-10T00:41:58.683869+00:00,BTC-30OCT26-40000-P,82790.06,BTC-30OCT26,put,40000.0,2026-10-30T08:00:00+00:00,0.055589820396069405,,0.0001,2.137e-05,,82790.06,BTC-30OCT26,0.9414,-0.00035,0.2513,226.8,0.0,,BTC,82509.75,0.0
2026-10-10T00:41:58.683869+00:00,BTC-16OCT26-82000-C,82606.9,BTC-16OCT26,call,82000.0,2026-10-16T08:00:00+00:00,0.017259909376219993,0.0195,0.0205,0.01990584,0.02,82606.9,BTC-16OCT26,0.3057,0.58037,42.42741,53.9,33.7,0.0010000000000000009,BTC,82509.75,60170.24
2026-10-10T00:41:58.683869+00:00,BTC-25JUN27-108000-C,85681.55,BTC-25JUN27,call,108000.0,2027-06-25T08:00:00+00:00,0.7071983077335096,0.0505,0.052,0.05114639,0.05125,85681.55,BTC-25JUN27,0.38799999999999996,0.29246,247.691,35.2,0.0,0.0014999999999999944,BTC,82509.5,0.0
2026-10-10T00:41:58.683869+00:00,BTC-10OCT26-82500-P,82518.75,BTC-10OCT26,put,82500.0,2026-10-10T08:00:00+00:00,0.0008328046534273835,0.0016,0.0022,0.00193339,0.0019,82518.75,BTC-10OCT26,0.17739999999999997,-0.48386,9.49516,122.4,104.2,0.0006000000000000001,BTC,82509.75,43067.85
2026-10-10T00:41:58.683869+00:00,BTC-10OCT26-80000-P,82518.75,BTC-10OCT26,put,80000.0,2026-10-10T08:00:00+00:00,0.0008328046534273835,,0.0001,4.648e-05,,82518.75,BTC-10OCT26,0.4642,-0.01023,0.64769,86.2,22.6,,BTC,82509.75,1028.2
2026-10-10T00:41:58.683869+00:00,BTC-23OCT26-82000-C,82697.25,BTC-23OCT26,call,82000.0,2026-10-23T08:00:00+00:00,0.0364248648861447,0.028,0.029,0.02853522,0.0285,82697.25,BTC-23OCT26,0.3177,0.56719,62.08848,217.9,293.2,0.0010000000000000009,BTC,82509.5,654377.89
2026-10-10T00:41:58.683869+00:00,BTC-25JUN27-115000-P,85681.55,BTC-25JUN27,put,115000.0,2027-06-25T08:00:00+00:00,0.7071983077335096,0.372,0.388,0.38097987,0.38,85681.55,BTC-25JUN27,0.39270000000000005,-0.76604,220.94527,1.0,0.0,0.016000000000000014,BTC,82509.5,0.0
2026-10-10T00:41:58.683869+00:00,BTC-26MAR27-45000-P,84528.06,BTC-26MAR27,put,45000.0,2027-03-26T08:00:00+00:00,0.4580538861044883,0.0047,0.0055,0.00508336,0.0051,84528.06,BTC-26MAR27,0.552,-0.0305,39.47085,253.5,0.3,0.0007999999999999995,BTC,82509.5,117.5
2026-10-10T00:41:58.683869+00:00,BTC-30OCT26-95000-P,82790.06,BTC-30OCT26,put,95000.0,2026-10-30T08:00:00+00:00,0.055589820396069405,0.145,0.152,0.14927961,0.1485,82790.06,BTC-30OCT26,0.3518,-0.94708,21.06858,201.3,0.0,0.007000000000000006,BTC,82509.5,0.0
2026-10-10T00:41:58.683869+00:00,BTC-27NOV26-108000-C,83134.88,BTC-27NOV26,call,108000.0,2026-11-27T08:00:00+00:00,0.13224964243576826,0.0024,0.0028,0.00256443,0.0026,83134.88,BTC-27NOV26,0.4057,0.04463,28.47474,104.8,0.0,0.0004000000000000002,BTC,82509.5,0.0
2026-10-10T00:41:58.683869+00:00,BTC-10OCT26-86500-P,82521.39,BTC-10OCT26,put,86500.0,2026-10-10T08:00:00+00:00,0.0008328046534273835,0.0455,0.0515,0.04825158,0.0485,82521.39,BTC-10OCT26,0.41969999999999996,-0.99995,0.00499,0.0,0.0,0.005999999999999998,BTC,82509.5,0.0
2026-10-10T00:41:58.683869+00:00,BTC-27NOV26-83000-C,83134.84,BTC-27NOV26,call,83000.0,2026-11-27T08:00:00+00:00,0.13224964243576826,0.053,0.054,0.05313667,0.0535,83134.84,BTC-27NOV26,0.3611,0.53096,120.28426,110.5,1.4,0.0010000000000000009,BTC,82509.5,6527.3
2026-10-10T00:41:58.683869+00:00,BTC-27NOV26-98000-P,83134.84,BTC-27NOV26,put,98000.0,2026-11-27T08:00:00+00:00,0.13224964243576826,0.1825,0.1915,0.18706194,0.187,83134.84,BTC-27NOV26,0.3757,-0.87192,63.31842,0.0,0.0,0.009000000000000008,BTC,82509.5,0.0
2026-10-10T00:41:58.683869+00:00,BTC-27NOV26-78000-P,83134.73,BTC-27NOV26,put,78000.0,2026-11-27T08:00:00+00:00,0.13224964243576826,0.027,0.0275,0.02720049,0.02725,83134.73,BTC-27NOV26,0.3729,-0.29548,104.4234,418.8,0.2,0.0005000000000000004,BTC,82508.1,431.17
2026-10-10T00:41:58.683869+00:00,BTC-25DEC26-65000-P,83450.25,BTC-25DEC26,put,65000.0,2026-12-25T08:00:00+00:00,0.2089094644754671,0.0085,0.0095,0.00898979,0.009,83450.25,BTC-25DEC26,0.4385,-0.0891,61.49831,834.8,0.6,0.0009999999999999992,BTC,82509.5,454.56
2026-10-10T00:41:58.683869+00:00,BTC-12OCT26-81500-P,82536.44,BTC-12OCT26,put,81500.0,2026-10-12T08:00:00+00:00,0.006308506227691586,0.0025,0.0029,0.00267407,0.0027,82536.44,BTC-12OCT26,0.23170000000000002,-0.24378,20.55965,24.9,14.1,0.00039999999999999975,BTC,82508.1,5281.79
2026-10-10T00:41:58.683869+00:00,BTC-27NOV26-104000-C,83134.73,BTC-27NOV26,call,104000.0,2026-11-27T08:00:00+00:00,0.13224964243576826,0.0038,0.0041,0.00397306,0.00395,83134.73,BTC-27NOV26,0.3921,0.06697,39.24052,69.8,0.7,0.00030000000000000035,BTC,82508.1,285.73
2026-10-10T00:41:58.683869+00:00,BTC-13OCT26-75000-C,82554.67,BTC-13OCT26,call,75000.0,2026-10-13T08:00:00+00:00,0.009046357014823687,0.0895,0.0945,0.09185135,0.092,82554.67,BTC-13OCT26,0.4949,0.98031,3.7529,0.0,0.0,0.0050000000000000044,BTC,82508.1,0.0
2026-10-10T00:41:58.683869+00:00,BTC-11OCT26-85500-P,82520.69,BTC-11OCT26,put,85500.0,2026-10-11T08:00:00+00:00,0.003570655440559485,0.0335,0.0385,0.03615959,0.036,82520.69,BTC-11OCT26,0.2553,-0.98979,1.33899,0.1,0.0,0.0049999999999999975,BTC,82508.1,0.0
2026-10-10T00:41:58.683869+00:00,BTC-25JUN27-130000-C,85678.91,BTC-25JUN27,call,130000.0,2027-06-25T08:00:00+00:00,0.7071983077335096,0.0215,0.023,0.02224834,0.02225,85678.91,BTC-25JUN27,0.4052,0.14625,165.22112,765.7,0.0,0.0015000000000000013,BTC,82508.95,0.0
2026-10-10T00:41:58.683869+00:00,BTC-12OCT26-83000-P,82536.44,BTC-12OCT26,put,83000.0,2026-10-12T08:00:00+00:00,0.006308506227691586,0.009,0.01,0.0097801,0.0095,82536.44,BTC-12OCT26,0.2075,-0.63038,24.7513,34.2,8.2,0.0010000000000000009,BTC,82508.1,6420.07
2026-10-10T00:41:58.683869+00:00,BTC-27NOV26-90000-P,83134.73,BTC-27NOV26,put,90000.0,2026-11-27T08:00:00+00:00,0.13224964243576826,0.1015,0.109,0.10535931,0.10525,83134.73,BTC-27NOV26,0.3603,-0.7055,104.26109,9.6,0.1,0.007499999999999993,BTC,82508.95,821.7
2026-10-10T00:41:58.683869+00:00,BTC-10OCT26-92000-C,82518.75,BTC-10OCT26,call,92000.0,2026-10-10T08:00:00+00:00,0.0008328046534273835,,0.0001,0.0,,82518.75,BTC-10OCT26,0.5518,0.0,0.0,66.7,0.0,,BTC,82508.1,0.0
2026-10-10T00:41:58.683869+00:00,BTC-25DEC26-40000-C,83452.89,BTC-25DEC26,call,40000.0,2026-12-25T08:00:00+00:00,0.2089094644754671,0.521,0.5235,0.5219234,0.52225,83452.89,BTC-25DEC26,0.7424,0.99025,9.94471,253.2,0.0,0.0024999999999999467,BTC,82508.1,0.0
2026-10-10T00:41:58.683869+00:00,BTC-27NOV26-86000-C,83134.73,BTC-27NOV26,call,86000.0,2026-11-27T08:00:00+00:00,0.13224964243576826,0.037,0.038,0.03754775,0.0375,83134.73,BTC-27NOV26,0.3593,0.42295,118.38844,222.4,56.0,0.0010000000000000009,BTC,82508.95,194095.57
2026-10-10T00:41:58.683869+00:00,BTC-25DEC26-135000-P,83452.89,BTC-25DEC26,put,135000.0,2026-12-25T08:00:00+00:00,0.2089094644754671,0.613,0.6255,0.61896684,0.61925,83452.89,BTC-25DEC26,0.4728,-0.98289,16.17397,0.7,0.0,0.012499999999999956,BTC,82508.95,0.0
2026-10-10T00:41:58.683869+00:00,BTC-26MAR27-105000-C,84528.06,BTC-26MAR27,call,105000.0,2027-03-26T08:00:00+00:00,0.4580538861044883,0.032,0.033,0.03256492,0.0325,84528.06,BTC-26MAR27,0.38380000000000003,0.24042,178.06743,244.2,2.5,0.0010000000000000009,BTC,82508.95,6675.26
2026-10-10T00:41:58.683869+00:00,BTC-26MAR27-100000-P,84527.96,BTC-26MAR27,put,100000.0,2027-03-26T08:00:00+00:00,0.4580538861044883,0.219,0.234,0.22615999,0.2265,84527.96,BTC-26MAR27,0.3803,-0.69994,198.98486,13.0,0.0,0.015000000000000013,BTC,82508.95,0.0
2026-10-10T00:41:58.683869+00:00,BTC-24SEP27-160000-P,86794.66,BTC-24SEP27,put,160000.0,2027-09-24T08:00:00+00:00,0.9563427293625307,0.8445,0.881,0.86142928,0.86275,86794.66,BTC-24SEP27,0.42840000000000006,-0.89436,155.06697,0.0,0.0,0.03649999999999998,BTC,82508.95,0.0
2026-10-10T00:41:58.683869+00:00,BTC-25JUN27-130000-P,85678.91,BTC-25JUN27,put,130000.0,2027-06-25T08:00:00+00:00,0.7071983077335096,0.5295,0.5475,0.53954742,0.5385,85678.91,BTC-25JUN27,0.4052,-0.85375,165.22806,3.9,0.0,0.018000000000000016,BTC,82510.38,0.0
2026-10-10T00:41:58.683869+00:00,BTC-25DEC26-20000-P,83450.25,BTC-25DEC26,put,20000.0,2026-12-25T08:00:00+00:00,0.2089094644754671,0.0001,0.0003,0.00017966,0.0002,83450.25,BTC-25DEC26,1.1128,-0.0011,1.40119,945.3,0.1,0.00019999999999999998,BTC,82508.95,0.82
2026-10-10T00:41:58.683869+00:00,BTC-30OCT26-74000-C,82790.06,BTC-30OCT26,call,74000.0,2026-10-30T08:00:00+00:00,0.055589820396069405,0.1085,0.1145,0.11120058,0.1115,82790.06,BTC-30OCT26,0.3982,0.89279,36.04283,615.7,0.0,0.006000000000000005,BTC,82510.38,0.0
2026-10-10T00:41:58.683869+00:00,BTC-10OCT26-85500-C,82518.75,BTC-10OCT26,call,85500.0,2026-10-10T08:00:00+00:00,0.0008328046534273835,,0.0001,3.8e-07,,82518.75,BTC-10OCT26,0.34090000000000004,0.00016,0.01423,40.9,44.1,,BTC,82510.38,1769.62
2026-10-10T00:41:58.683869+00:00,BTC-24SEP27-200000-P,86794.66,BTC-24SEP27,put,200000.0,2027-09-24T08:00:00+00:00,0.9563427293625307,1.29,1.3385,1.31278514,1.31425,86794.66,BTC-24SEP27,0.4617,-0.94766,90.80862,0.0,0.0,0.04849999999999999,BTC,82510.38,0.0
2026-10-10T00:41:58.683869+00:00,BTC-27NOV26-99000-P,83134.73,BTC-27NOV26,put,99000.0,2026-11-27T08:00:00+00:00,0.13224964243576826,0.1935,0.2025,0.19808978,0.198,83134.73,BTC-27NOV26,0.3778,-0.88541,58.55131,0.0,0.0,0.009000000000000008,BTC,82510.38,0.0
2026-10-10T00:41:58.683869+00:00,BTC-25JUN27-80000-C,85681.55,BTC-25JUN27,call,80000.0,2027-06-25T08:00:00+00:00,0.7071983077335096,0.1605,0.1625,0.16172767,0.1615,85681.55,BTC-25JUN27,0.3896,0.64546,268.20935,183.3,2.3,0.0020000000000000018,BTC,82510.54,31252.3
2026-10-10T00:41:58.683869+00:00,BTC-16OCT26-95000-P,82606.9,BTC-16OCT26,put,95000.0,2026-10-16T08:00:00+00:00,0.017259909376219993,0.148,0.1535,0.15011505,0.15075,82606.9,BTC-16OCT26,0.409,-0.99497,1.57718,0.1,0.0,0.005500000000000005,BTC,82510.54,0.0
2026-10-10T00:41:58.683869+00:00,BTC-26MAR27-140000-C,84528.06,BTC-26MAR27,call,140000.0,2027-03-26T08:00:00+00:00,0.4580538861044883,0.006,0.007,0.00649068,0.0065,84528.06,BTC-26MAR27,0.4329,0.05762,66.03431,975.2,3.1,0.001,BTC,82510.54,1713.76
2026-10-10T00:41:58.683869+00:00,BTC-27NOV26-73000-C,83134.73,BTC-27NOV26,call,73000.0,2026-11-27T08:00:00+00:00,0.13224964243576826,0.1325,0.139,0.13539271,0.13575,83134.73,BTC-27NOV26,0.3961,0.83497,75.08064,0.6,0.0,0.006500000000000006,BTC,82510.54,0.0
2026-10-10T00:41:58.683869+00:00,BTC-23OCT26-78000-P,82697.09,BTC-23OCT26,put,78000.0,2026-10-23T08:00:00+00:00,0.0364248648861447,0.0065,0.007,0.00673968,0.00675,82697.09,BTC-23OCT26,0.34840000000000004,-0.18095,41.56374,1291.1,171.6,0.0005000000000000004,BTC,82510.54,99837.9
2026-10-10T00:41:58.683869+00:00,BTC-25DEC26-62000-C,83452.89,BTC-25DEC26,call,62000.0,2026-12-25T08:00:00+00:00,0.2089094644754671,0.261,0.2675,0.26379034,0.26425,83452.89,BTC-25DEC26,0.46520000000000006,0.93357,49.19878,247.1,0.0,0.006500000000000006,BTC,82510.54,0.0
2026-10-10T00:41:58.683869+00:00,BTC-24SEP27-92000-C,86794.66,BTC-24SEP27,call,92000.0,2027-09-24T08:00:00+00:00,0.9563427293625307,0.126,0.129,0.12758467,0.1275,86794.66,BTC-24SEP27,0.3899,0.51512,338.47899,28.1,25.0,0.0030000000000000027,BTC,82510.54,265512.84
2026-10-10T00:41:58.683869+00:00,BTC-25JUN27-135000-C,85681.55,BTC-25JUN27,call,135000.0,2027-06-25T08:00:00+00:00,0.7071983077335096,0.0185,0.0195,0.01900041,0.019,85681.55,BTC-25JUN27,0.4114,0.12695,149.98399,24.4,11.0,0.0010000000000000009,BTC,82510.54,17714.23
2026-10-10T00:41:58.683869+00:00,BTC-25JUN27-82000-C,85681.55,BTC-25JUN27,call,82000.0,2027-06-25T08:00:00+00:00,0.7071983077335096,0.148,0.1505,0.1494426,0.14925,85681.55,BTC-25JUN27,0.38799999999999996,0.617,275.08314,68.3,0.0,0.0025000000000000022,BTC,82510.54,0.0
2026-10-10T00:41:58.683869+00:00,BTC-30OCT26-71000-P,82790.06,BTC-30OCT26,put,71000.0,2026-10-30T08:00:00+00:00,0.055589820396069405,0.0027,0.003,0.00284408,0.00285,82790.06,BTC-30OCT26,0.4366,-0.0614,23.68428,2515.4,9.3,0.0002999999999999999,BTC,82510.54,3008.58
2026-10-10T00:41:58.683869+00:00,BTC-10OCT26-85000-P,82518.75,BTC-10OCT26,put,85000.0,2026-10-10T08:00:00+00:00,0.0008328046534273835,0.0275,0.033,0.03007623,0.03025,82518.75,BTC-10OCT26,0.3308,-0.99903,0.07769,0.5,0.0,0.005500000000000001,BTC,82510.54,0.0
2026-10-10T00:41:58.683869+00:00,BTC-25JUN27-110000-C,85678.91,BTC-25JUN27,call,110000.0,2027-06-25T08:00:00+00:00,0.7071983077335096,0.0465,0.048,0.04725059,0.04725,85678.91,BTC-25JUN27,0.38939999999999997,0.27458,240.31518,289.7,0.0,0.0015000000000000013,BTC,82510.54,0.0
2026-10-10T00:41:58.683869+00:00,BTC-25JUN27-85000-P,85681.55,BTC-25JUN27,put,85000.0,2027-06-25T08:00:00+00:00,0.7071983077335096,0.1235,0.126,0.1245701,0.12475,85681.55,BTC-25JUN27,0.3861,-0.42589,282.56406,17.3,0.5,0.0025000000000000022,BTC,82510.54,5149.99
2026-10-10T00:41:58.683869+00:00,BTC-26MAR27-108000-C,84527.96,BTC-26MAR27,call,108000.0,2027-03-26T08:00:00+00:00,0.4580538861044883,0.027,0.028,0.02772154,0.0275,84527.96,BTC-26MAR27,0.387,0.21058,165.19542,97.8,0.0,0.0010000000000000009,BTC,82510.54,0.0
2026-10-10T00:41:58.683869+00:00,BTC-27NOV26-74000-C,83134.84,BTC-27NOV26,call,74000.0,2026-11-27T08:00:00+00:00,0.13224964243576826,0.1225,0.1285,0.12536342,0.1255,83134.84,BTC-27NOV26,0.3899,0.81363,81.09692,0.4,0.0,0.006000000000000005,BTC,82510.54,0.0
2026-10-10T00:41:58.683869+00:00,BTC-25JUN27-104000-C,85681.55,BTC-25JUN27,call,104000.0,2027-06-25T08:00:00+00:00,0.7071983077335096,0.0595,0.061,0.06025778,0.06025,85681.55,BTC-25JUN27,0.3861,0.33204,261.6654,185.9,0.0,0.0015000000000000013,BTC,82510.78,0.0
2026-10-10T00:41:58.683869+00:00,BTC-11OCT26-93000-P,82520.74,BTC-11OCT26,put,93000.0,2026-10-11T08:00:00+00:00,0.003570655440559485,0.125,0.13,0.12699314,0.1275,82520.74,BTC-11OCT26,0.4603,-0.99999,0.00166,0.0,0.0,0.0050000000000000044,BTC,82510.54,0.0
2026-10-10T00:41:58.683869+00:00,BTC-25DEC26-60000-C,83452.89,BTC-25DEC26,call,60000.0,2026-12-25T08:00:00+00:00,0.2089094644754671,0.284,0.29,0.28675639,0.287,83452.89,BTC-25DEC26,0.48700000000000004,0.94439,42.81342,784.1,0.0,0.006000000000000005,BTC,82510.54,0.0
2026-10-10T00:41:58.683869+00:00,BTC-13OCT26-82500-C,82554.67,BTC-13OCT26,call,82500.0,2026-10-13T08:00:00+00:00,0.009046357014823687,0.0095,0.0105,0.01001216,0.01,82554.67,BTC-13OCT26,0.2551,0.51527,31.31165,0.0,0.0,0.0010000000000000009,BTC,82510.78,0.0
2026-10-10T00:41:58.683869+00:00,BTC-10OCT26-91000-P,82521.39,BTC-10OCT26,put,91000.0,2026-10-10T08:00:00+00:00,0.0008328046534273835,0.101,0.1055,0.10278475,0.10325,82521.39,BTC-10OCT26,0.5518,-1.0,0.0,0.0,0.0,0.00449999999999999,BTC,82510.54,0.0
2026-10-10T00:41:58.683869+00:00,BTC-13OCT26-88000-P,82554.59,BTC-13OCT26,put,88000.0,2026-10-13T08:00:00+00:00,0.009046357014823687,0.063,0.069,0.06622548,0.066,82554.59,BTC-13OCT26,0.332,-0.97756,4.1922,0.0,0.0,0.006000000000000005,BTC,82510.78,0.0
2026-10-10T00:41:58.683869+00:00,BTC-24SEP27-74000-P,86794.66,BTC-24SEP27,put,74000.0,2027-09-24T08:00:00+00:00,0.9563427293625307,0.0805,0.083,0.08154064,0.08175,86794.66,BTC-24SEP27,0.39990000000000003,-0.2732,282.38701,25.1,0.0,0.0025000000000000022,BTC,82510.78,0.0
2026-10-10T00:41:58.683869+00:00,BTC-10OCT26-90000-P,82518.75,BTC-10OCT26,put,90000.0,2026-10-10T08:00:00+00:00,0.0008328046534273835,0.0875,0.094,0.09066624,0.09075,82518.75,BTC-10OCT26,0.5517,-1.0,0.0,0.0,0.0,0.006500000000000006,BTC,82510.78,0.0
2026-10-10T00:41:58.683869+00:00,BTC-26MAR27-55000-P,84528.06,BTC-26MAR27,put,55000.0,2027-03-26T08:00:00+00:00,0.4580538861044883,0.0105,0.011,0.01061794,0.01075,84528.06,BTC-26MAR27,0.47259999999999996,-0.06641,73.78026,1160.5,0.7,0.0004999999999999987,BTC,82510.78,604.25
2026-10-10T00:41:58.683869+00:00,BTC-25JUN27-150000-C,85681.55,BTC-25JUN27,call,150000.0,2027-06-25T08:00:00+00:00,0.7071983077335096,0.012,0.0125,0.0120221,0.01225,85681.55,BTC-25JUN27,0.42710000000000004,0.08391,111.07201,218.9,0.4,0.0005000000000000004,BTC,82510.79,392.92
2026-10-10T00:41:58.683869+00:00,BTC-30OCT26-54000-C,82790.06,BTC-30OCT26,call,54000.0,2026-10-30T08:00:00+00:00,0.055589820396069405,0.346,0.35,0.3478386,0.348,82790.06,BTC-30OCT26,0.6459,0.99802,1.22695,0.1,0.0,0.0040000000000000036,BTC,82510.78,0.0
2026-10-10T00:41:58.683869+00:00,BTC-23OCT26-82000-P,82697.09,BTC-23OCT26,put,82000.0,2026-10-23T08:00:00+00:00,0.0364248648861447,0.0195,0.0205,0.02010986,0.02,82697.09,BTC-23OCT26,0.3177,-0.43274,62.08724,571.9,638.0,0.0010000000000000009,BTC,82510.79,1140969.71
2026-10-10T00:41:58.683869+00:00,BTC-10OCT26-83000-C,82518.75,BTC-10OCT26,call,83000.0,2026-10-10T08:00:00+00:00,0.0008328046534273835,0.0003,0.0005,0.00040039,0.0004,82518.75,BTC-10OCT26,0.1889,0.14264,5.36956,67.0,68.0,0.00020000000000000004,BTC,82510.78,15738.91
2026-10-10T00:41:58.683869+00:00,BTC-30OCT26-91000-C,82790.06,BTC-30OCT26,call,91000.0,2026-10-30T08:00:00+00:00,0.055589820396069405,0.0046,0.005,0.00479081,0.0048,82790.06,BTC-30OCT26,0.33740000000000003,0.12532,40.26583,1684.7,2.6,0.0004000000000000002,BTC,82510.79,1151.13
2026-10-10T00:41:58.683869+00:00,BTC-30OCT26-82000-P,82789.7,BTC-30OCT26,put,82000.0,2026-10-30T08:00:00+00:00,0.055589820396069405,0.0255,0.026,0.02601321,0.02575,82789.7,BTC-30OCT26,0.32630000000000003,-0.43536,76.87269,771.1,220.4,0.0005000000000000004,BTC,82510.79,530149.42
2026-10-10T00:41:58.683869+00:00,BTC-26MAR27-106000-P,84528.06,BTC-26MAR27,put,106000.0,2027-03-26T08:00:00+00:00,0.4580538861044883,0.2785,0.293,0.28488063,0.28575,84528.06,BTC-26MAR27,0.3848,-0.76998,173.77726,0.1,0.0,0.014499999999999957,BTC,82510.79,0.0
2026-10-10T00:41:58.683869+00:00,BTC-10OCT26-89500-P,82518.75,BTC-10OCT26,put,89500.0,2026-10-10T08:00:00+00:00,0.0008328046534273835,0.0815,0.087,0.08460698,0.08425,82518.75,BTC-10OCT26,0.5517,-1.0,2e-05,0.0,0.0,0.005499999999999991,BTC,82510.79,0.0
2026-10-10T00:41:58.683869+00:00,BTC-10OCT26-94000-P,82518.75,BTC-10OCT26,put,94000.0,2026-10-10T08:00:00+00:00,0.0008328046534273835,0.136,0.1425,0.13914029,0.13925,82518.75,BTC-10OCT26,0.5518,-1.0,0.0,0.0,0.0,0.006499999999999978,BTC,82510.79,0.0
2026-10-10T00:41:58.683869+00:00,BTC-16OCT26-78000-C,82606.8,BTC-16OCT26,call,78000.0,2026-10-16T08:00:00+00:00,0.017259909376219993,0.056,0.0615,0.05841211,0.05875,82606.8,BTC-16OCT26,0.3655,0.88841,20.6238,2.4,2.1,0.005499999999999998,BTC,82508.12,9900.71
2026-10-10T00:41:58.683869+00:00,BTC-23OCT26-89000-C,82697.25,BTC-23OCT26,call,89000.0,2026-10-23T08:00:00+00:00,0.0364248648861447,0.0036,0.0039,0.00372239,0.00375,82697.25,BTC-23OCT26,0.3248,0.12415,32.34452,362.6,86.8,0.0002999999999999999,BTC,82508.12,36249.58
2026-10-10T00:41:58.683869+00:00,BTC-12OCT26-86000-C,82536.68,BTC-12OCT26,call,86000.0,2026-10-12T08:00:00+00:00,0.006308506227691586,0.0001,0.0003,0.00018128,0.0002,82536.68,BTC-12OCT26,0.2595,0.02365,3.65842,118.0,24.2,0.00019999999999999998,BTC,82508.12,956.19
2026-10-10T00:41:58.683869+00:00,BTC-12OCT26-77000-C,82536.68,BTC-12OCT26,call,77000.0,2026-10-12T08:00:00+00:00,0.006308506227691586,0.065,0.0695,0.06735761,0.06725,82536.68,BTC-12OCT26,0.4375,0.97805,3.43581,0.0,0.0,0.004500000000000004,BTC,82508.12,0.0
2026-10-10T00:41:58.683869+00:00,BTC-25DEC26-210000-P,83450.25,BTC-25DEC26,put,210000.0,2026-12-25T08:00:00+00:00,0.2089094644754671,1.5075,1.5285,1.5166009,1.518,83450.25,BTC-25DEC26,0.6585,-0.99822,2.17549,0.0,0.0,0.020999999999999908,BTC,82508.12,0.0
2026-10-10T00:41:58.683869+00:00,BTC-30OCT26-54000-P,82790.06,BTC-30OCT26,put,54000.0,2026-10-30T08:00:00+00:00,0.055589820396069405,,0.0002,9.176e-05,,82790.06,BTC-30OCT26,0.6459,-0.00198,1.22767,193.0,30.2,,BTC,82508.12,248.69
2026-10-10T00:41:58.683869+00:00,BTC-13OCT26-75000-P,82554.59,BTC-13OCT26,put,75000.0,2026-10-13T08:00:00+00:00,0.009046357014823687,0.0003,0.0004,0.00034398,0.00035,82554.59,BTC-13OCT26,0.4949,-0.01969,3.75342,2.0,2.0,0.00010000000000000005,BTC,82508.09,74.57
2026-10-10T00:41:58.683869+00:00,BTC-25DEC26-80000-C,83452.89,BTC-25DEC26,call,80000.0,2026-12-25T08:00:00+00:00,0.2089094644754671,0.0885,0.09,0.08919121,0.08925,83452.89,BTC-25DEC26,0.37270000000000003,0.6303,144.01589,8639.3,29.4,0.0015000000000000013,BTC,82508.12,218571.12
2026-10-10T00:41:58.683869+00:00,BTC-24SEP27-80000-P,86794.66,BTC-24SEP27,put,80000.0,2027-09-24T08:00:00+00:00,0.9563427293625307,0.1095,0.1125,0.11103566,0.111,86794.66,BTC-24SEP27,0.3943,-0.34309,312.16389,337.7,2.2,0.0030000000000000027,BTC,82508.12,20546.88
2026-10-10T00:41:58.683869+00:00,BTC-25DEC26-105000-P,83452.89,BTC-25DEC26,put,105000.0,2026-12-25T08:00:00+00:00,0.2089094644754671,0.261,0.273,0.26735631,0.267,83452.89,BTC-25DEC26,0.38789999999999997,-0.88625,73.48357,107.5,0.0,0.01200000000000001,BTC,82508.12,0.0
2026-10-10T00:41:58.683869+00:00,BTC-25DEC26-200000-P,83450.25,BTC-25DEC26,put,200000.0,2026-12-25T08:00:00+00:00,0.2089094644754671,1.3885,1.405,1.39678636,1.39675,83450.25,BTC-25DEC26,0.6336999999999999,-0.99796,2.461,0.0,0.0,0.01649999999999996,BTC,82508.09,0.0
2026-10-10T00:41:58.683869+00:00,BTC-27NOV26-106000-C,83134.84,BTC-27NOV26,call,106000.0,2026-11-27T08:00:00+00:00,0.13224964243576826,0.003,0.0033,0.00317659,0.00315,83134.84,BTC-27NOV26,0.39880000000000004,0.05449,33.39172,31.3,1.4,0.0002999999999999999,BTC,82508.09,382.92
2026-10-10T00:41:58.683869+00:00,BTC-27NOV26-102000-P,83134.73,BTC-27NOV26,put,102000.0,2026-11-27T08:00:00+00:00,0.13224964243576826,0.227,0.236,0.23212635,0.2315,83134.73,BTC-27NOV26,0.3892,-0.91528,46.93999,5.0,0.0,0.00899999999999998,BTC,82508.09,0.0
2026-10-10T00:41:58.683869+00:00,BTC-23OCT26-88000-C,82697.25,BTC-23OCT26,call,88000.0,2026-10-23T08:00:00+00:00,0.0364248648861447,0.0049,0.0055,0.00520018,0.0052,82697.25,BTC-23OCT26,0.3226,0.16371,38.99107,154.2,40.5,0.0005999999999999998,BTC,82508.09,23831.05
2026-10-10T00:41:58.683869+00:00,BTC-27NOV26-67000-P,83134.73,BTC-27NOV26,put,67000.0,2026-11-27T08:00:00+00:00,0.13224964243576826,0.006,0.0065,0.00624207,0.00625,83134.73,BTC-27NOV26,0.44670000000000004,-0.07945,44.72536,281.6,0.0,0.0004999999999999996,BTC,82508.09,0.0
2026-10-10T00:41:58.683869+00:00,BTC-11OCT26-84500-C,82520.74,BTC-11OCT26,call,84500.0,2026-10-11T08:00:00+00:00,0.003570655440559485,0.0001,0.0003,0.00018382,0.0002,82520.74,BTC-11OCT26,0.21899999999999997,0.0353,3.8378,119.3,136.4,0.00019999999999999998,BTC,82508.09,9558.98
2026-10-10T00:41:58.683869+00:00,BTC-23OCT26-86000-P,82697.25,BTC-23OCT26,put,86000.0,2026-10-23T08:00:00+00:00,0.0364248648861447,0.048,0.051,0.04944188,0.0495,82697.25,BTC-23OCT26,0.31489999999999996,-0.73318,51.89036,69.6,0.0,0.0029999999999999957,BTC,82508.09,0.0
2026-10-10T00:41:58.683869+00:00,BTC-30OCT26-64000-P,82790.06,BTC-30OCT26,put,64000.0,2026-10-30T08:00:00+00:00,0.055589820396069405,0.0008,0.0009,0.00079805,0.00085,82790.06,BTC-30OCT26,0.5304,-0.01702,8.23837,1244.2,3.2,9.999999999999994e-05,BTC,82508.09,195.68
2026-10-10T00:41:58.683869+00:00,BTC-30OCT26-75000-C,82790.06,BTC-30OCT26,call,75000.0,2026-10-30T08:00:00+00:00,0.055589820396069405,0.0975,0.103,0.10007846,0.10025,82790.06,BTC-30OCT26,0.3834,0.87232,40.79264,1174.7,0.0,0.005499999999999991,BTC,82508.09,0.0
2026-10-10T00:41:58.683869+00:00,BTC-26MAR27-60000-C,84528.06,BTC-26MAR27,call,60000.0,2027-03-26T08:00:00+00:00,0.4580538861044883,0.302,0.3105,0.30616203,0.30625,84528.06,BTC-26MAR27,0.4446,0.9013,99.47215,647.9,0.0,0.008500000000000008,BTC,82508.09,0.0
2026-10-10T00:41:58.683869+00:00,BTC-25DEC26-170000-P,83452.89,BTC-25DEC26,put,170000.0,2026-12-25T08:00:00+00:00,0.2089094644754671,1.0275,1.0455,1.03751876,1.0365,83452.89,BTC-25DEC26,0.575,-0.99499,5.52244,0.1,0.0,0.018000000000000016,BTC,82508.09,0.0
2026-10-10T00:41:58.683869+00:00,BTC-12OCT26-80000-P,82536.39,BTC-12OCT26,put,80000.0,2026-10-12T08:00:00+00:00,0.006308506227691586,0.0009,0.001,0.00097823,0.00095,82536.39,BTC-12OCT26,0.2948,-0.08963,10.61605,102.8,105.1,0.00010000000000000005,BTC,82508.09,17946.22
2026-10-10T00:41:58.683869+00:00,BTC-30OCT26-85000-C,82790.06,BTC-30OCT26,call,85000.0,2026-10-30T08:00:00+00:00,0.055589820396069405,0.019,0.02,0.01945728,0.0195,82790.06,BTC-30OCT26,0.3251,0.37984,74.33435,2246.1,227.1,0.0010000000000000009,BTC,82508.09,383759.61
2026-10-10T00:41:58.683869+00:00,BTC-30OCT26-66000-P,82790.06,BTC-30OCT26,put,66000.0,2026-10-30T08:00:00+00:00,0.055589820396069405,0.0011,0.0013,0.00119662,0.0012,82790.06,BTC-30OCT26,0.5073,-0.02537,11.55216,665.6,167.7,0.00019999999999999987,BTC,82508.09,15857.48
2026-10-10T00:41:58.683869+00:00,BTC-24SEP27-104000-P,86794.62,BTC-24SEP27,put,104000.0,2027-09-24T08:00:00+00:00,0.9563427293625307,0.274,0.2945,0.28352567,0.28425,86794.62,BTC-24SEP27,0.39020000000000005,-0.61144,325.40978,0.0,0.0,0.020499999999999963,BTC,82508.09,0.0
2026-10-10T00:41:58.683869+00:00,BTC-16OCT26-76000-P,82606.8,BTC-16OCT26,put,76000.0,2026-10-16T08:00:00+00:00,0.017259909376219993,0.0013,0.0015,0.00141922,0.0014,82606.8,BTC-16OCT26,0.4139,-0.05951,12.84956,1234.8,166.1,0.0002000000000000001,BTC,82507.49,20832.13
2026-10-10T00:41:58.683869+00:00,BTC-11OCT26-76000-P,82520.74,BTC-11OCT26,put,76000.0,2026-10-11T08:00:00+00:00,0.003570655440559485,,0.0002,4.158e-05,,82520.74,BTC-11OCT26,0.5257999999999999,-0.00423,0.61475,28.6,22.6,,BTC,82507.49,263.06
2026-10-10T00:41:58.683869+00:00,BTC-11OCT26-79000-P,82520.57,BTC-11OCT26,put,79000.0,2026-10-11T08:00:00+00:00,0.003570655440559485,0.0003,0.0004,0.00033867,0.00035,82520.57,BTC-11OCT26,0.4053,-0.03522,3.83064,110.3,42.8,0.00010000000000000005,BTC,82507.49,1851.35
2026-10-10T00:41:58.683869+00:00,BTC-25DEC26-72000-C,83452.89,BTC-25DEC26,call,72000.0,2026-12-25T08:00:00+00:00,0.2089094644754671,0.1535,0.1605,0.15670458,0.157,83452.89,BTC-25DEC26,0.3948,0.81792,100.83656,1201.7,0.1,0.007000000000000006,BTC,82507.49,1254.67
2026-10-10T00:41:58.683869+00:00,BTC-25DEC26-40000-P,83452.89,BTC-25DEC26,put,40000.0,2026-12-25T08:00:00+00:00,0.2089094644754671,0.0012,0.0013,0.00124867,0.00125,83452.89,BTC-25DEC26,0.7424,-0.00975,9.94494,4997.8,5.6,0.00010000000000000005,BTC,82507.49,560.2
2026-10-10T00:41:58.683869+00:00,BTC-24SEP27-70000-P,86794.66,BTC-24SEP27,put,70000.0,2027-09-24T08:00:00+00:00,0.9563427293625307,0.064,0.0665,0.06528584,0.06525,86794.66,BTC-24SEP27,0.40549999999999997,-0.22957,257.53578,8.3,0.2,0.0025000000000000022,BTC,82507.49,1062.98
2026-10-10T00:41:58.683869+00:00,BTC-25DEC26-135000-C,83452.89,BTC-25DEC26,call,135000.0,2026-12-25T08:00:00+00:00,0.2089094644754671,0.0011,0.0014,0.00124408,0.00125,83452.89,BTC-25DEC26,0.4728,0.01711,16.17126,1523.7,3.0,0.0002999999999999999,BTC,82507.49,296.73
2026-10-10T00:41:58.683869+00:00,BTC-11OCT26-87000-C,82520.74,BTC-11OCT26,call,87000.0,2026-10-11T08:00:00+00:00,0.003570655440559485,,0.0001,7.81e-06,,82520.74,BTC-11OCT26,0.2979,0.00153,0.24517,93.6,101.2,,BTC,82508.74,1332.56
2026-10-10T00:41:58.683869+00:00,BTC-11OCT26-94000-C,82520.69,BTC-11OCT26,call,94000.0,2026-10-11T08:00:00+00:00,0.003570655440559485,,0.0001,1e-08,,82520.69,BTC-11OCT26,0.4603,0.0,0.00028,0.0,0.0,,BTC,82508.74,0.0
2026-10-10T00:41:58.683869+00:00,BTC-24SEP27-135000-C,86794.62,BTC-24SEP27,call,135000.0,2027-09-24T08:00:00+00:00,0.9563427293625307,0.0325,0.034,0.03324038,0.03325,86794.62,BTC-24SEP27,0.4079,0.18203,224.3549,100.1,0.0,0.0015000000000000013,BTC,82508.74,0.0
2026-10-10T00:41:58.683869+00:00,BTC-25DEC26-104000-P,83452.89,BTC-25DEC26,put,104000.0,2026-12-25T08:00:00+00:00,0.2089094644754671,0.25,0.261,0.25624145,0.2555,83452.89,BTC-25DEC26,0.386,-0.87686,77.72244,0.3,0.0,0.01100000000000001,BTC,82508.74,0.0
2026-10-10T00:41:58.683869+00:00,BTC-30OCT26-76000-C,82790.06,BTC-30OCT26,call,76000.0,2026-10-30T08:00:00+00:00,0.055589820396069405,0.087,0.0925,0.08925877,0.08975,82790.06,BTC-30OCT26,0.3704,0.84678,46.17316,514.5,0.0,0.005500000000000005,BTC,82508.74,0.0
2026-10-10T00:41:58.683869+00:00,BTC-10OCT26-89000-C,82518.75,BTC-10OCT26,call,89000.0,2026-10-10T08:00:00+00:00,0.0008328046534273835,,0.0001,0.0,,82518.75,BTC-10OCT26,0.5508,0.0,0.00012,1.5,0.0,,BTC,82508.74,0.0
2026-10-10T00:41:58.683869+00:00,BTC-12OCT26-82500-P,82536.7,BTC-12OCT26,put,82500.0,2026-10-12T08:00:00+00:00,0.006308506227691586,0.006,0.007,0.0064865,0.0065,82536.7,BTC-12OCT26,0.2116,-0.48694,26.14686,14.7,16.1,0.001,BTC,82508.74,11038.0
2026-10-10T00:41:58.683869+00:00,BTC-24SEP27-120000-C,86794.66,BTC-24SEP27,call,120000.0,2027-09-24T08:00:00+00:00,0.9563427293625307,0.05,0.052,0.05100118,0.051,86794.66,BTC-24SEP27,0.3967,0.26083,275.85264,12.7,0.0,0.001999999999999995,BTC,82508.74,0.0
2026-10-10T00:41:58.683869+00:00,BTC-25JUN27-68000-P,85681.55,BTC-25JUN27,put,68000.0,2027-06-25T08:00:00+00:00,0.7071983077335096,0.0445,0.0465,0.04549867,0.0455,85681.55,BTC-25JUN27,0.40869999999999995,-0.19935,201.38793,22.6,10.0,0.0020000000000000018,BTC,82508.74,38356.49
2026-10-10T00:41:58.683869+00:00,BTC-25DEC26-85000-P,83452.89,BTC-25DEC26,put,85000.0,2026-12-25T08:00:00+00:00,0.2089094644754671,0.0765,0.0775,0.0771535,0.077,83452.89,BTC-25DEC26,0.3669,-0.51043,152.15774,608.6,0.0,0.0010000000000000009,BTC,82508.74,0.0
2026-10-10T00:41:58.683869+00:00,BTC-27NOV26-95000-C,83134.73,BTC-27NOV26,call,95000.0,2026-11-27T08:00:00+00:00,0.13224964243576826,0.0115,0.0125,0.01199829,0.012,83134.73,BTC-27NOV26,0.3682,0.17628,78.31702,1102.6,1.4,0.0010000000000000009,BTC,82507.84,1455.59
2026-10-10T00:41:58.683869+00:00,BTC-25DEC26-84000-P,83452.89,BTC-25DEC26,put,84000.0,2026-12-25T08:00:00+00:00,0.2089094644754671,0.07,0.071,0.07060728,0.0705,83452.89,BTC-25DEC26,0.368,-0.48217,152.0559,265.3,1.0,0.000999999999999987,BTC,82507.84,5504.49
2026-10-10T00:41:58.683869+00:00,BTC-30OCT26-70000-C,82789.7,BTC-30OCT26,call,70000.0,2026-10-30T08:00:00+00:00,0.055589820396069405,0.155,0.1595,0.15688177,0.15725,82789.7,BTC-30OCT26,0.451,0.94847,20.62653,3746.9,0.1,0.004500000000000004,BTC,82507.84,1239.25
2026-10-10T00:41:58.683869+00:00,BTC-30OCT26-86000-C,82790.06,BTC-30OCT26,call,86000.0,2026-10-30T08:00:00+00:00,0.055589820396069405,0.015,0.016,0.0155561,0.0155,82790.06,BTC-30OCT26,0.32520000000000004,0.32334,70.127,1504.3,114.4,0.0010000000000000009,BTC,82507.84,146576.73
2026-10-10T00:41:58.683869+00:00,BTC-12OCT26-78000-P,82536.68,BTC-12OCT26,put,78000.0,2026-10-12T08:00:00+00:00,0.006308506227691586,0.0004,0.0006,0.00047214,0.0005,82536.68,BTC-12OCT26,0.401,-0.03684,5.28405,71.8,6.7,0.00019999999999999993,BTC,82507.84,306.51
2026-10-10T00:41:58.683869+00:00,BTC-23OCT26-100000-P,82697.09,BTC-23OCT26,put,100000.0,2026-10-23T08:00:00+00:00,0.0364248648861447,0.2055,0.213,0.20941808,0.20925,82697.09,BTC-23OCT26,0.40159999999999996,-0.99266,3.20663,0.0,0.0,0.007500000000000007,BTC,82507.84,0.0
2026-10-10T00:41:58.683869+00:00,BTC-27NOV26-120000-C,83134.73,BTC-27NOV26,call,120000.0,2026-11-27T08:00:00+00:00,0.13224964243576826,0.0007,0.0011,0.00088491,0.0009,83134.73,BTC-27NOV26,0.4525,0.01586,12.01425,122.9,2.2,0.0004000000000000001,BTC,82507.84,198.66
2026-10-10T00:41:58.683869+00:00,BTC-13OCT26-78000-P,82554.67,BTC-13OCT26,put,78000.0,2026-10-13T08:00:00+00:00,0.009046357014823687,0.0007,0.0009,0.00078849,0.0008,82554.67,BTC-13OCT26,0.3715,-0.05247,8.41734,0.3,0.3,0.00019999999999999998,BTC,82507.84,34.6
2026-10-10T00:41:58.683869+00:00,BTC-26MAR27-180000-P,84528.06,BTC-26MAR27,put,180000.0,2027-03-26T08:00:00+00:00,0.4580538861044883,1.118,1.1415,1.13167419,1.12975,84528.06,BTC-26MAR27,0.5005,-0.98038,27.26154,0.1,0.0,0.023499999999999854,BTC,82507.84,0.0
2026-10-10T00:41:58.683869+00:00,BTC-11OCT26-88000-P,82520.74,BTC-11OCT26,put,88000.0,2026-10-11T08:00:00+00:00,0.003570655440559485,0.0645,0.069,0.06640705,0.06675,82520.74,BTC-11OCT26,0.3431,-0.99912,0.14812,0.0,0.0,0.004500000000000004,BTC,82507.84,0.0
2026-10-10T00:41:58.683869+00:00,BTC-25JUN27-72000-C,85678.91,BTC-25JUN27,call,72000.0,2027-06-25T08:00:00+00:00,0.7071983077335096,0.217,0.22,0.21870989,0.2185,85678.91,BTC-25JUN27,0.4003,0.75328,227.42958,87.4,0.1,0.0030000000000000027,BTC,82507.84,1799.18
2026-10-10T00:41:58.683869+00:00,BTC-16OCT26-82000-P,82606.89,BTC-16OCT26,put,82000.0,2026-10-16T08:00:00+00:00,0.017259909376219993,0.012,0.013,0.01256255,0.0125,82606.89,BTC-16OCT26,0.3057,-0.41983,42.43091,352.2,43.3,0.0009999999999999992,BTC,82507.84,47869.29
2026-10-10T00:41:58.683869+00:00,BTC-11OCT26-91000-P,82520.69,BTC-11OCT26,put,91000.0,2026-10-11T08:00:00+00:00,0.003570655440559485,0.0995,0.1055,0.10275804,0.1025,82520.69,BTC-11OCT26,0.4603,-0.9998,0.03702,0.0,0.0,0.0059999999999999915,BTC,82507.84,0.0
2026-10-10T00:41:58.683869+00:00,BTC-12OCT26-88000-P,82536.68,BTC-12OCT26,put,88000.0,2026-10-12T08:00:00+00:00,0.006308506227691586,0.063,0.069,0.06622268,0.066,82536.68,BTC-12OCT26,0.2876,-0.9974,0.52775,0.0,0.0,0.006000000000000005,BTC,82507.84,0.0
2026-10-10T00:41:58.683869+00:00,BTC-24SEP27-84000-C,86794.66,BTC-24SEP27,call,84000.0,2027-09-24T08:00:00+00:00,0.9563427293625307,0.1645,0.168,0.16624979,0.16625,86794.66,BTC-24SEP27,0.392,0.60908,325.97094,502.6,0.6,0.003500000000000003,BTC,82507.84,8298.19
2026-10-10T00:41:58.683869+00:00,BTC-16OCT26-89000-P,82606.8,BTC-16OCT26,put,89000.0,2026-10-16T08:00:00+00:00,0.017259909376219993,0.076,0.0805,0.07819368,0.07825,82606.8,BTC-16OCT26,0.3308,-0.95483,10.32144,7.6,0.0,0.004500000000000004,BTC,82507.84,0.0
2026-10-10T00:41:58.683869+00:00,BTC-25JUN27-110000-P,85681.55,BTC-25JUN27,put,110000.0,2027-06-25T08:00:00+00:00,0.7071983077335096,0.3215,0.338,0.33111904,0.32975,85681.55,BTC-25JUN27,0.38939999999999997,-0.72545,240.29627,5.3,0.0,0.016500000000000015,BTC,82507.84,0.0
2026-10-10T00:41:58.683869+00:00,BTC-10OCT26-87000-C,82521.39,BTC-10OCT26,call,87000.0,2026-10-10T08:00:00+00:00,0.0008328046534273835,,0.0001,1.1e-07,,82521.39,BTC-10OCT26,0.46020000000000005,3e-05,0.00347,78.5,23.2,,BTC,82507.84,192.29
2026-10-10T00:41:58.683869+00:00,BTC-24SEP27-150000-C,86794.66,BTC-24SEP27,call,150000.0,2027-09-24T08:00:00+00:00,0.9563427293625307,0.022,0.0235,0.02273962,0.02275,86794.66,BTC-24SEP27,0.4204,0.13036,179.94986,27.7,0.0,0.0015000000000000013,BTC,82507.84,0.0
2026-10-10T00:41:58.683869+00:00,BTC-11OCT26-74000-P,82520.74,BTC-11OCT26,put,74000.0,2026-10-11T08:00:00+00:00,0.003570655440559485,,0.0001,3.749e-05,,82520.74,BTC-11OCT26,0.67,-0.00307,0.46088,13.9,12.2,,BTC,82507.84,102.38
2026-10-10T00:41:58.683869+00:00,BTC-23OCT26-75000-P,82697.25,BTC-23OCT26,put,75000.0,2026-10-23T08:00:00+00:00,0.0364248648861447,0.0031,0.0034,0.00325783,0.00325,82697.25,BTC-23OCT26,0.3937,-0.09067,25.77954,369.8,326.8,0.0002999999999999999,BTC,82507.84,92309.28
2026-10-10T00:41:58.683869+00:00,BTC-13OCT26-80000-C,82554.67,BTC-13OCT26,call,80000.0,2026-10-13T08:00:00+00:00,0.009046357014823687,0.03,0.035,0.03288238,0.0325,82554.67,BTC-13OCT26,0.3009,0.86652,16.92077,0.0,0.0,0.0050000000000000044,BTC,82507.84,0.0
2026-10-10T00:41:58.683869+00:00,BTC-12OCT26-92000-C,82536.68,BTC-12OCT26,call,92000.0,2026-10-12T08:00:00+00:00,0.006308506227691586,,0.0001,3.76e-06,,82536.68,BTC-12OCT26,0.4092,0.00044,0.10457,0.0,0.0,,BTC,82507.84,0.0
2026-10-10T00:41:58.683869+00:00,BTC-27NOV26-110000-C,83134.73,BTC-27NOV26,call,110000.0,2026-11-27T08:00:00+00:00,0.13224964243576826,0.0019,0.0023,0.00209523,0.0021,83134.73,BTC-27NOV26,0.4131,0.03683,24.36405,357.6,0.0,0.00039999999999999996,BTC,82507.84,0.0
2026-10-10T00:41:58.683869+00:00,BTC-16OCT26-92000-C,82606.9,BTC-16OCT26,call,92000.0,2026-10-16T08:00:00+00:00,0.017259909376219993,0.0001,0.0003,0.00018142,0.0002,82606.9,BTC-16OCT26,0.3564,0.0114,3.24377,618.9,15.7,0.00019999999999999998,BTC,82507.84,584.58
2026-10-10T00:41:58.683869+00:00,BTC-23OCT26-79000-P,82697.09,BTC-23OCT26,put,79000.0,2026-10-23T08:00:00+00:00,0.0364248648861447,0.0085,0.0095,0.00884645,0.009,82697.09,BTC-23OCT26,0.3375,-0.22937,47.86458,109.0,7.6,0.0009999999999999992,BTC,82507.84,5616.05
2026-10-10T00:41:58.683869+00:00,BTC-25DEC26-130000-C,83452.89,BTC-25DEC26,call,130000.0,2026-12-25T08:00:00+00:00,0.2089094644754671,0.0014,0.0017,0.00154545,0.00155,83452.89,BTC-25DEC26,0.45539999999999997,0.02143,19.58905,1569.6,0.2,0.0002999999999999999,BTC,82507.84,31.4
2026-10-10T00:41:58.683869+00:00,BTC-26MAR27-92000-C,84528.06,BTC-26MAR27,call,92000.0,2027-03-26T08:00:00+00:00,0.4580538861044883,0.067,0.068,0.06775344,0.0675,84528.06,BTC-26MAR27,0.3776,0.41928,223.60393,419.8,35.1,0.0010000000000000009,BTC,82507.84,200922.64
2026-10-10T00:41:58.683869+00:00,BTC-12OCT26-79500-P,82536.39,BTC-12OCT26,put,79500.0,2026-10-12T08:00:00+00:00,0.006308506227691586,0.0007,0.0008,0.00076542,0.00075,82536.39,BTC-12OCT26,0.3191,-0.06799,8.60915,4.6,6.1,0.00010000000000000005,BTC,82507.84,760.84
2026-10-10T00:41:58.683869+00:00,BTC-30OCT26-87000-C,82790.06,BTC-30OCT26,call,87000.0,2026-10-30T08:00:00+00:00,0.055589820396069405,0.012,0.013,0.01246688,0.0125,82790.06,BTC-30OCT26,0.3276,0.27293,64.90735,752.7,46.3,0.0009999999999999992,BTC,82507.84,52692.57
2026-10-10T00:41:58.683869+00:00,BTC-25JUN27-58000-P,85678.91,BTC-25JUN27,put,58000.0,2027-06-25T08:00:00+00:00,0.7071983077335096,0.022,0.0235,0.02274008,0.02275,85678.91,BTC-25JUN27,0.44079999999999997,-0.10795,133.70683,101.6,0.0,0.0015000000000000013,BTC,82507.84,0.0
2026-10-10T00:41:58.683869+00:00,BTC-27NOV26-71000-C,83134.73,BTC-27NOV26,call,71000.0,2026-11-27T08:00:00+00:00,0.13224964243576826,0.153,0.16,0.15620407,0.1565,83134.73,BTC-27NOV26,0.40979999999999994,0.87129,63.5322,0.2,0.0,0.007000000000000006,BTC,82507.84,0.0
2026-10-10T00:41:58.683869+00:00,BTC-13OCT26-87000-P,82554.67,BTC-13OCT26,put,87000.0,2026-10-13T08:00:00+00:00,0.009046357014823687,0.051,0.057,0.05426194,0.054,82554.67,BTC-13OCT26,0.3041,-0.96382,6.23581,0.0,0.0,0.006000000000000005,BTC,82507.84,0.0
2026-10-10T00:41:58.683869+00:00,BTC-24SEP27-112000-C,86794.66,BTC-24SEP27,call,112000.0,2027-09-24T08:00:00+00:00,0.9563427293625307,0.0645,0.067,0.06573882,0.06575,86794.66,BTC-24SEP27,0.3931,0.31886,303.16771,0.0,0.0,0.0025000000000000022,BTC,82507.84,0.0
2026-10-10T00:41:58.683869+00:00,BTC-11OCT26-84000-C,82520.74,BTC-11OCT26,call,84000.0,2026-10-11T08:00:00+00:00,0.003570655440559485,0.0002,0.0003,0.00024961,0.00025,82520.74,BTC-11OCT26,0.18420000000000003,0.05339,5.35924,98.2,89.7,9.999999999999996e-05,BTC,82507.84,12663.51
2026-10-10T00:41:58.683869+00:00,BTC-26MAR27-96000-P,84528.06,BTC-26MAR27,put,96000.0,2027-03-26T08:00:00+00:00,0.4580538861044883,0.185,0.197,0.18971921,0.191,84528.06,BTC-26MAR27,0.3782,-0.64404,213.24585,6.8,0.0,0.01200000000000001,BTC,82507.84,0.0
2026-10-10T00:41:58.683869+00:00,BTC-30OCT26-88000-C,82790.06,BTC-30OCT26,call,88000.0,2026-10-30T08:00:00+00:00,0.055589820396069405,0.0095,0.01,0.00978801,0.00975,82790.06,BTC-30OCT26,0.3282,0.2265,58.77966,1723.3,422.8,0.0005000000000000004,BTC,82507.84,419594.1
2026-10-10T00:41:58.683869+00:00,BTC-23OCT26-88000-P,82697.09,BTC-23OCT26,put,88000.0,2026-10-23T08:00:00+00:00,0.0364248648861447,0.066,0.072,0.06932906,0.069,82697.09,BTC-23OCT26,0.3226,-0.83626,38.99583,0.0,0.0,0.0059999999999999915,BTC,82507.84,0.0
2026-10-10T00:41:58.683869+00:00,BTC-30OCT26-62000-C,82790.06,BTC-30OCT26,call,62000.0,2026-10-30T08:00:00+00:00,0.055589820396069405,0.2495,0.254,0.25161317,0.25175,82790.06,BTC-30OCT26,0.5489,0.98922,5.55545,13.5,0.0,0.004500000000000004,BTC,82507.84,0.0
2026-10-10T00:41:58.683869+00:00,BTC-10OCT26-77000-P,82518.75,BTC-10OCT26,put,77000.0,2026-10-10T08:00:00+00:00,0.0008328046534273835,,0.0001,2.01e-06,,82518.75,BTC-10OCT26,0.7136,-0.00038,0.0327,25.7,5.7,,BTC,82507.84,55.32
2026-10-10T00:41:58.683869+00:00,BTC-25JUN27-74000-C,85681.55,BTC-25JUN27,call,74000.0,2027-06-25T08:00:00+00:00,0.7071983077335096,0.2015,0.2045,0.20329672,0.203,85681.55,BTC-25JUN27,0.397,0.72764,239.34597,23.4,0.0,0.002999999999999975,BTC,82507.84,0.0
2026-10-10T00:41:58.683869+00:00,BTC-23OCT26-83000-C,82697.25,BTC-23OCT26,call,83000.0,2026-10-23T08:00:00+00:00,0.0364248648861447,0.0215,0.0225,0.02204401,0.022,82697.25,BTC-23OCT26,0.3124,0.487,62.94895,324.8,328.7,0.0010000000000000009,BTC,82507.84,622933.59
2026-10-10T00:41:58.683869+00:00,BTC-25JUN27-68000-C,85681.55,BTC-25JUN27,call,68000.0,2027-06-25T08:00:00+00:00,0.7071983077335096,0.25,0.253,0.25183454,0.2515,85681.55,BTC-25JUN27,0.40869999999999995,0.80064,201.39085,14.8,0.2,0.0030000000000000027,BTC,82507.84,4168.94
2026-10-10T00:41:58.683869+00:00,BTC-11OCT26-90000-C,82520.69,BTC-11OCT26,call,90000.0,2026-10-11T08:00:00+00:00,0.003570655440559485,,0.0001,5.1e-06,,82520.69,BTC-11OCT26,0.4526,0.0007,0.11961,2.5,0.0,,BTC,82507.84,0.0
2026-10-10T00:41:58.683869+00:00,BTC-26MAR27-65000-P,84528.06,BTC-26MAR27,put,65000.0,2027-03-26T08:00:00+00:00,0.4580538861044883,0.0235,0.0245,0.02398868,0.024,84528.06,BTC-26MAR27,0.4211,-0.14373,129.65465,897.5,1.7,0.0010000000000000009,BTC,82507.07,3276.79
2026-10-10T00:41:58.683869+00:00,BTC-30OCT26-57000-C,82790.06,BTC-30OCT26,call,57000.0,2026-10-30T08:00:00+00:00,0.055589820396069405,0.31,0.314,0.31169313,0.312,82790.06,BTC-30OCT26,0.6119,0.99607,2.27434,0.1,0.0,0.0040000000000000036,BTC,82507.84,0.0
2026-10-10T00:41:58.683869+00:00,BTC-10OCT26-93000-P,82518.75,BTC-10OCT26,put,93000.0,2026-10-10T08:00:00+00:00,0.0008328046534273835,0.124,0.1295,0.12702178,0.12675,82518.75,BTC-10OCT26,0.5518,-1.0,0.0,0.0,0.0,0.005500000000000005,BTC,82507.84,0.0
2026-10-10T00:41:58.683869+00:00,BTC-16OCT26-76000-C,82606.8,BTC-16OCT26,call,76000.0,2026-10-16T08:00:00+00:00,0.017259909376219993,0.079,0.0845,0.08139454,0.08175,82606.8,BTC-16OCT26,0.4139,0.94049,12.84913,0.0,0.0,0.005500000000000005,BTC,82507.07,0.0
2026-10-10T00:41:58.683869+00:00,BTC-10OCT26-82500-C,82518.75,BTC-10OCT26,call,82500.0,2026-10-10T08:00:00+00:00,0.0008328046534273835,0.0018,0.0024,0.00215601,0.0021,82518.75,BTC-10OCT26,0.17739999999999997,0.51414,9.49672,55.1,43.7,0.0005999999999999998,BTC,82507.07,18806.6
2026-10-10T00:41:58.683869+00:00,BTC-23OCT26-73000-P,82697.09,BTC-23OCT26,put,73000.0,2026-10-23T08:00:00+00:00,0.0364248648861447,0.002,0.0022,0.00211922,0.0021,82697.09,BTC-23OCT26,0.42810000000000004,-0.05866,18.47673,27.9,0.4,0.0002000000000000001,BTC,82507.07,76.57
2026-10-10T00:41:58.683869+00:00,BTC-25DEC26-210000-C,83452.89,BTC-25DEC26,call,210000.0,2026-12-25T08:00:00+00:00,0.2089094644754671,0.0001,0.0002,0.00014327,0.00015,83452.89,BTC-25DEC26,0.6585,0.00178,2.17431,162.5,0.0,0.0001,BTC,82507.07,0.0
2026-10-10T00:41:58.683869+00:00,BTC-25DEC26-92000-C,83452.89,BTC-25DEC26,call,92000.0,2026-12-25T08:00:00+00:00,0.2089094644754671,0.0305,0.0315,0.03086662,0.031,83452.89,BTC-25DEC26,0.3688,0.31042,134.67851,811.0,40.5,0.0010000000000000009,BTC,82507.07,110293.69
2026-10-10T00:41:58.683869+00:00,BTC-12OCT26-90000-P,82536.68,BTC-12OCT26,put,90000.0,2026-10-12T08:00:00+00:00,0.006308506227691586,0.0885,0.093,0.09045117,0.09075,82536.68,BTC-12OCT26,0.37,-0.99831,0.35641,0.0,0.0,0.004500000000000004,BTC,82507.07,0.0
2026-10-10T00:41:58.683869+00:00,BTC-24SEP27-210000-P,86794.66,BTC-24SEP27,put,210000.0,2027-09-24T08:00:00+00:00,0.9563427293625307,1.409,1.4445,1.42673523,1.42675,86794.66,BTC-24SEP27,0.469,-0.95511,80.31045,0.0,0.0,0.035499999999999865,BTC,82507.07,0.0
2026-10-10T00:41:58.683869+00:00,BTC-25JUN27-112000-P,85681.55,BTC-25JUN27,put,112000.0,2027-06-25T08:00:00+00:00,0.7071983077335096,0.342,0.3605,0.35079529,0.35125,85681.55,BTC-25JUN27,0.39049999999999996,-0.7426,232.56518,0.0,0.0,0.01849999999999996,BTC,82507.07,0.0
2026-10-10T00:41:58.683869+00:00,BTC-26MAR27-90000-C,84528.06,BTC-26MAR27,call,90000.0,2027-03-26T08:00:00+00:00,0.4580538861044883,0.075,0.0765,0.0757764,0.07575,84528.06,BTC-26MAR27,0.37770000000000004,0.45312,226.7106,912.6,42.6,0.0015000000000000013,BTC,82506.81,283742.73
2026-10-10T00:41:58.683869+00:00,BTC-25DEC26-86000-C,83452.89,BTC-25DEC26,call,86000.0,2026-12-25T08:00:00+00:00,0.2089094644754671,0.0535,0.054,0.05358872,0.05375,83452.89,BTC-25DEC26,0.3664,0.46159,151.49791,1023.4,30.8,0.0005000000000000004,BTC,82506.81,140322.06
2026-10-10T00:41:58.683869+00:00,BTC-27NOV26-84000-C,83134.88,BTC-27NOV26,call,84000.0,2026-11-27T08:00:00+00:00,0.13224964243576826,0.047,0.048,0.04756686,0.0475,83134.88,BTC-27NOV26,0.36090000000000005,0.49446,120.63035,105.4,9.1,0.0010000000000000009,BTC,82506.81,37215.04
2026-10-10T00:41:58.683869+00:00,BTC-25JUN27-90000-P,85681.55,BTC-25JUN27,put,90000.0,2027-06-25T08:00:00+00:00,0.7071983077335096,0.157,0.1605,0.15842574,0.15875,85681.55,BTC-25JUN27,0.38439999999999996,-0.49625,287.5145,87.1,0.0,0.003500000000000003,BTC,82506.81,0.0
2026-10-10T00:41:58.683869+00:00,BTC-30OCT26-68000-P,82790.06,BTC-30OCT26,put,68000.0,2026-10-30T08:00:00+00:00,0.055589820396069405,0.0016,0.0018,0.00173928,0.0017,82790.06,BTC-30OCT26,0.4818,-0.03687,15.74258,1486.8,23.2,0.00019999999999999987,BTC,82506.81,4560.09
2026-10-10T00:41:58.683869+00:00,BTC-24SEP27-96000-C,86794.66,BTC-24SEP27,call,96000.0,2027-09-24T08:00:00+00:00,0.9563427293625307,0.11,0.113,0.11157246,0.1115,86794.66,BTC-24SEP27,0.3896,0.47045,337.77941,1.4,0.0,0.0030000000000000027,BTC,82506.81,0.0
2026-10-10T00:41:58.683869+00:00,BTC-26MAR27-160000-P,84527.96,BTC-26MAR27,put,160000.0,2027-03-26T08:00:00+00:00,0.4580538861044883,0.8835,0.9065,0.89627017,0.895,84527.96,BTC-26MAR27,0.46509999999999996,-0.96921,39.78863,0.1,0.0,0.02300000000000002,BTC,82508.62,0.0
2026-10-10T00:41:58.683869+00:00,BTC-25DEC26-74000-C,83450.25,BTC-25DEC26,call,74000.0,2026-12-25T08:00:00+00:00,0.2089094644754671,0.1345,0.142,0.13773756,0.13825,83450.25,BTC-25DEC26,0.3862,0.7789,113.28874,137.7,0.0,0.007499999999999979,BTC,82506.81,0.0
2026-10-10T00:41:58.683869+00:00,BTC-16OCT26-79000-P,82606.93,BTC-16OCT26,put,79000.0,2026-10-16T08:00:00+00:00,0.017259909376219993,0.0037,0.004,0.00381587,0.00385,82606.93,BTC-16OCT26,0.3454,-0.15743,26.13303,650.4,17.5,0.0002999999999999999,BTC,82508.62,6252.61
2026-10-10T00:41:58.683869+00:00,BTC-23OCT26-83000-P,82697.09,BTC-23OCT26,put,83000.0,2026-10-23T08:00:00+00:00,0.0364248648861447,0.025,0.0265,0.02571102,0.02575,82697.09,BTC-23OCT26,0.3124,-0.51308,62.94619,495.1,280.2,0.0014999999999999979,BTC,82506.81,624476.23
2026-10-10T00:41:58.683869+00:00,BTC-16OCT26-94000-P,82606.8,BTC-16OCT26,put,94000.0,2026-10-16T08:00:00+00:00,0.017259909376219993,0.1345,0.1405,0.13802654,0.1375,82606.8,BTC-16OCT26,0.38939999999999997,-0.9938,1.90017,0.0,0.0,0.006000000000000005,BTC,82508.62,0.0
2026-10-10T00:41:58.683869+00:00,BTC-25DEC26-54000-C,83450.25,BTC-25DEC26,call,54000.0,2026-12-25T08:00:00+00:00,0.2089094644754671,0.354,0.359,0.35640345,0.3565,83450.25,BTC-25DEC26,0.5525,0.96776,27.55018,32.2,0.0,0.0050000000000000044,BTC,82508.62,0.0
2026-10-10T00:41:58.683869+00:00,BTC-25DEC26-200000-C,83450.25,BTC-25DEC26,call,200000.0,2026-12-25T08:00:00+00:00,0.2089094644754671,0.0001,0.0002,0.00016004,0.00015,83450.25,BTC-25DEC26,0.6336999999999999,0.00204,2.46017,962.4,2.0,0.0001,BTC,82508.62,33.14
2026-10-10T00:41:58.683869+00:00,BTC-13OCT26-85500-P,82554.67,BTC-13OCT26,put,85500.0,2026-10-13T08:00:00+00:00,0.009046357014823687,0.0335,0.04,0.03686469,0.03675,82554.67,BTC-13OCT26,0.27940000000000004,-0.90467,13.30753,0.0,0.0,0.006499999999999999,BTC,82506.74,0.0
2026-10-10T00:41:58.683869+00:00,BTC-12OCT26-83500-P,82536.68,BTC-12OCT26,put,83500.0,2026-10-12T08:00:00+00:00,0.006308506227691586,0.013,0.015,0.01402943,0.014,82536.68,BTC-12OCT26,0.2073,-0.75767,20.48995,21.0,23.6,0.002,BTC,82508.62,19812.14
2026-10-10T00:41:58.683869+00:00,BTC-27NOV26-71000-P,83134.73,BTC-27NOV26,put,71000.0,2026-11-27T08:00:00+00:00,0.13224964243576826,0.01,0.0105,0.01023944,0.01025,83134.73,BTC-27NOV26,0.40979999999999994,-0.12872,63.53701,38.3,11.2,0.0005000000000000004,BTC,82506.74,9371.63
2026-10-10T00:41:58.683869+00:00,BTC-12OCT26-84000-C,82536.68,BTC-12OCT26,call,84000.0,2026-10-12T08:00:00+00:00,0.006308506227691586,0.0013,0.0014,0.00132505,0.00135,82536.68,BTC-12OCT26,0.2133,0.15158,15.39413,141.1,144.6,0.00010000000000000005,BTC,82506.74,56023.25
2026-10-10T00:41:58.683869+00:00,BTC-10OCT26-85500-P,82518.75,BTC-10OCT26,put,85500.0,2026-10-10T08:00:00+00:00,0.0008328046534273835,0.0335,0.0385,0.0361333,0.036,82518.75,BTC-10OCT26,0.34090000000000004,-0.99985,0.01394,0.3,0.0,0.0049999999999999975,BTC,82506.74,0.0
2026-10-10T00:41:58.683869+00:00,BTC-24SEP27-135000-P,86794.66,BTC-24SEP27,put,135000.0,2027-09-24T08:00:00+00:00,0.9563427293625307,0.578,0.6025,0.58864009,0.59025,86794.66,BTC-24SEP27,0.4079,-0.81798,224.3466,0.0,0.0,0.024500000000000077,BTC,82506.74,0.0
2026-10-10T00:41:58.683869+00:00,BTC-24SEP27-150000-P,86794.66,BTC-24SEP27,put,150000.0,2027-09-24T08:00:00+00:00,0.9563427293625307,0.735,0.7665,0.75096152,0.75075,86794.66,BTC-24SEP27,0.4204,-0.86965,179.93937,0.0,0.0,0.03149999999999997,BTC,82506.74,0.0
2026-10-10T00:41:58.683869+00:00,BTC-10OCT26-83000-P,82521.39,BTC-10OCT26,put,83000.0,2026-10-10T08:00:00+00:00,0.0008328046534273835,0.0055,0.0075,0.00623703,0.0065,82521.39,BTC-10OCT26,0.1889,-0.85989,5.29836,97.0,33.9,0.002,BTC,82506.74,16942.03
2026-10-10T00:41:58.683869+00:00,BTC-25JUN27-72000-P,85681.55,BTC-25JUN27,put,72000.0,2027-06-25T08:00:00+00:00,0.7071983077335096,0.058,0.06,0.05906015,0.059,85681.55,BTC-25JUN27,0.4003,-0.24675,227.43769,54.5,11.5,0.001999999999999995,BTC,82506.74,56918.65
2026-10-10T00:41:58.683869+00:00,BTC-25DEC26-45000-C,83452.89,BTC-25DEC26,call,45000.0,2026-12-25T08:00:00+00:00,0.2089094644754671,0.4605,0.4645,0.46254831,0.4625,83452.89,BTC-25DEC26,0.6686,0.9851,14.36755,94.5,0.0,0.0040000000000000036,BTC,82506.74,0.0
2026-10-10T00:41:58.683869+00:00,BTC-25JUN27-70000-C,85678.91,BTC-25JUN27,call,70000.0,2027-06-25T08:00:00+00:00,0.7071983077335096,0.233,0.236,0.23497943,0.2345,85678.91,BTC-25JUN27,0.4045,0.77756,214.75421,207.3,0.1,0.002999999999999975,BTC,82506.74,1930.99
2026-10-10T00:41:58.683869+00:00,BTC-16OCT26-83000-C,82606.9,BTC-16OCT26,call,83000.0,2026-10-16T08:00:00+00:00,0.017259909376219993,0.013,0.014,0.01353112,0.0135,82606.9,BTC-16OCT26,0.3006,0.45927,43.07909,602.2,92.2,0.0010000000000000009,BTC,82506.74,124019.61
2026-10-10T00:41:58.683869+00:00,BTC-12OCT26-78000-C,82536.68,BTC-12OCT26,call,78000.0,2026-10-12T08:00:00+00:00,0.006308506227691586,0.053,0.0585,0.05542677,0.05575,82536.68,BTC-12OCT26,0.401,0.96315,5.28486,0.0,0.0,0.005500000000000005,BTC,82506.74,0.0
2026-10-10T00:41:58.683869+00:00,BTC-25DEC26-68000-P,83452.89,BTC-25DEC26,put,68000.0,2026-12-25T08:00:00+00:00,0.2089094644754671,0.012,0.013,0.01248944,0.0125,83452.89,BTC-25DEC26,0.418,-0.12174,77.0956,738.6,2.5,0.0009999999999999992,BTC,82506.74,2564.2
2026-10-10T00:41:58.683869+00:00,BTC-26MAR27-98000-P,84528.06,BTC-26MAR27,put,98000.0,2027-03-26T08:00:00+00:00,0.4580538861044883,0.201,0.214,0.20764726,0.2075,84528.06,BTC-26MAR27,0.37920000000000004,-0.67291,206.4933,1.6,0.0,0.012999999999999984,BTC,82506.74,0.0
2026-10-10T00:41:58.683869+00:00,BTC-25DEC26-115000-P,83452.89,BTC-25DEC26,put,115000.0,2026-12-25T08:00:00+00:00,0.2089094644754671,0.376,0.388,0.38209509,0.382,83452.89,BTC-25DEC26,0.4125,-0.94587,41.90785,5.0,0.0,0.01200000000000001,BTC,82506.74,0.0
2026-10-10T00:41:58.683869+00:00,BTC-13OCT26-82000-C,82554.67,BTC-13OCT26,call,82000.0,2026-10-13T08:00:00+00:00,0.009046357014823687,0.0125,0.0145,0.01352867,0.0135,82554.67,BTC-13OCT26,0.2593,0.61113,30.10605,0.0,0.0,0.002,BTC,82507.45,0.0
2026-10-10T00:41:58.683869+00:00,BTC-25JUN27-78000-P,85678.91,BTC-25JUN27,put,78000.0,2027-06-25T08:00:00+00:00,0.7071983077335096,0.084,0.0865,0.08530875,0.08525,85678.91,BTC-25JUN27,0.3921,-0.32656,259.90537,106.5,0.1,0.0024999999999999883,BTC,82506.74,690.0
2026-10-10T00:41:58.683869+00:00,BTC-30OCT26-48000-P,82790.06,BTC-30OCT26,put,48000.0,2026-10-30T08:00:00+00:00,0.055589820396069405,,0.0001,6.101e-05,,82790.06,BTC-30OCT26,0.7803,-0.00113,0.73575,196.8,0.0,,BTC,82507.45,0.0
2026-10-10T00:41:58.683869+00:00,BTC-25DEC26-102000-P,83452.89,BTC-25DEC26,put,102000.0,2026-12-25T08:00:00+00:00,0.2089094644754671,0.228,0.239,0.2342725,0.2335,83452.89,BTC-25DEC26,0.3821,-0.85588,86.59977,7.8,0.0,0.010999999999999982,BTC,82507.45,0.0
2026-10-10T00:41:58.683869+00:00,BTC-25JUN27-120000-C,85678.91,BTC-25JUN27,call,120000.0,2027-06-25T08:00:00+00:00,0.7071983077335096,0.031,0.0325,0.03180655,0.03175,85678.91,BTC-25JUN27,0.3958,0.19887,201.08646,302.1,0.0,0.0015000000000000013,BTC,82507.45,0.0
2026-10-10T00:41:58.683869+00:00,BTC-10OCT26-91000-C,82521.39,BTC-10OCT26,call,91000.0,2026-10-10T08:00:00+00:00,0.0008328046534273835,,0.0001,0.0,,82521.39,BTC-10OCT26,0.5518,0.0,0.0,24.2,0.0,,BTC,82507.45,0.0
2026-10-10T00:41:58.683869+00:00,BTC-10OCT26-87500-P,82518.75,BTC-10OCT26,put,87500.0,2026-10-10T08:00:00+00:00,0.0008328046534273835,0.0575,0.063,0.06037,0.06025,82518.75,BTC-10OCT26,0.4866,-0.99999,0.00155,0.0,0.0,0.005499999999999998,BTC,82507.45,0.0
2026-10-10T00:41:58.683869+00:00,BTC-16OCT26-85000-C,82606.9,BTC-16OCT26,call,85000.0,2026-10-16T08:00:00+00:00,0.017259909376219993,0.005,0.006,0.0055204,0.0055,82606.9,BTC-16OCT26,0.301,0.2407,33.79888,629.5,480.0,0.001,BTC,82507.49,295411.97
2026-10-10T00:41:58.683869+00:00,BTC-25JUN27-106000-P,85678.91,BTC-25JUN27,put,106000.0,2027-06-25T08:00:00+00:00,0.7071983077335096,0.2855,0.299,0.29268734,0.29225,85678.91,BTC-25JUN27,0.387,-0.68834,254.85678,0.0,0.0,0.013500000000000012,BTC,82507.45,0.0
2026-10-10T00:41:58.683869+00:00,BTC-12OCT26-84000-P,82536.68,BTC-12OCT26,put,84000.0,2026-10-12T08:00:00+00:00,0.006308506227691586,0.016,0.0215,0.01906622,0.01875,82536.68,BTC-12OCT26,0.2133,-0.84862,15.38062,0.0,0.0,0.005499999999999998,BTC,82507.49,0.0
2026-10-10T00:41:58.683869+00:00,BTC-23OCT26-92000-P,82697.09,BTC-23OCT26,put,92000.0,2026-10-23T08:00:00+00:00,0.0364248648861447,0.1115,0.1175,0.11397733,0.1145,82697.09,BTC-23OCT26,0.3419,-0.94536,17.46957,0.0,0.0,0.0059999999999999915,BTC,82507.45,0.0
2026-10-10T00:41:58.683869+00:00,BTC-10OCT26-84000-C,82518.75,BTC-10OCT26,call,84000.0,2026-10-10T08:00:00+00:00,0.0008328046534273835,,0.0001,0.00011555,,82518.75,BTC-10OCT26,0.3301,0.03058,1.64458,154.8,63.3,,BTC,82507.49,5165.94
2026-10-10T00:41:58.683869+00:00,BTC-26MAR27-170000-P,84528.06,BTC-26MAR27,put,170000.0,2027-03-26T08:00:00+00:00,0.4580538861044883,1.0015,1.0245,1.01397859,1.013,84528.06,BTC-26MAR27,0.486,-0.97497,33.4821,0.4,0.0,0.02299999999999991,BTC,82507.49,0.0
2026-10-10T00:41:58.683869+00:00,BTC-11OCT26-82000-C,82520.69,BTC-11OCT26,call,82000.0,2026-10-11T08:00:00+00:00,0.003570655440559485,0.0075,0.009,0.00815762,0.00825,82520.69,BTC-11OCT26,0.18030000000000002,0.72145,16.55724,19.3,0.1,0.0014999999999999996,BTC,82507.49,103.38
2026-10-10T00:41:58.683869+00:00,BTC-30OCT26-104000-P,82790.06,BTC-30OCT26,put,104000.0,2026-10-30T08:00:00+00:00,0.055589820396069405,0.2525,0.26,0.25643734,0.25625,82790.06,BTC-30OCT26,0.39520000000000005,-0.99183,4.35938,0.0,0.0,0.007500000000000007,BTC,82507.49,0.0
2026-10-10T00:41:58.683869+00:00,BTC-24SEP27-84000-P,86794.66,BTC-24SEP27,put,84000.0,2027-09-24T08:00:00+00:00,0.9563427293625307,0.1325,0.1355,0.13405405,0.134,86794.66,BTC-24SEP27,0.392,-0.39092,325.96997,501.1,0.0,0.0030000000000000027,BTC,82507.49,0.0
2026-10-10T00:41:58.683869+00:00,BTC-30OCT26-91000-P,82790.06,BTC-30OCT26,put,91000.0,2026-10-30T08:00:00+00:00,0.055589820396069405,0.101,0.107,0.10395817,0.104,82790.06,BTC-30OCT26,0.33740000000000003,-0.87479,40.24031,3.5,0.0,0.0059999999999999915,BTC,82507.49,0.0
2026-10-10T00:41:58.683869+00:00,BTC-24SEP27-86000-P,86794.66,BTC-24SEP27,put,86000.0,2027-09-24T08:00:00+00:00,0.9563427293625307,0.145,0.148,0.14666765,0.1465,86794.66,BTC-24SEP27,0.39159999999999995,-0.41474,330.94612,4.5,0.2,0.0030000000000000027,BTC,82507.44,2420.97
2026-10-10T00:41:58.683869+00:00,BTC-11OCT26-93000-C,82520.69,BTC-11OCT26,call,93000.0,2026-10-11T08:00:00+00:00,0.003570655440559485,,0.0001,4e-08,,82520.69,BTC-11OCT26,0.4603,1e-05,0.00164,0.0,0.0,,BTC,82507.44,0.0
2026-10-10T00:41:58.683869+00:00,BTC-13OCT26-92000-C,82554.67,BTC-13OCT26,call,92000.0,2026-10-13T08:00:00+00:00,0.009046357014823687,,0.0001,3.185e-05,,82554.67,BTC-13OCT26,0.40759999999999996,0.00275,0.66391,11.2,11.2,,BTC,82507.44,184.95
2026-10-10T00:41:58.683869+00:00,BTC-12OCT26-90000-C,82536.68,BTC-12OCT26,call,90000.0,2026-10-12T08:00:00+00:00,0.006308506227691586,,0.0001,1.421e-05,,82536.68,BTC-12OCT26,0.37,0.00168,0.35544,0.3,0.1,,BTC,82507.44,0.82
2026-10-10T00:41:58.683869+00:00,BTC-12OCT26-85500-P,82536.68,BTC-12OCT26,put,85500.0,2026-10-12T08:00:00+00:00,0.006308506227691586,0.033,0.039,0.03620238,0.036,82536.68,BTC-12OCT26,0.24710000000000001,-0.96318,5.28125,0.0,0.0,0.005999999999999998,BTC,82507.44,0.0
2026-10-10T00:41:58.683869+00:00,BTC-24SEP27-76000-P,86794.66,BTC-24SEP27,put,76000.0,2027-09-24T08:00:00+00:00,0.9563427293625307,0.0895,0.0925,0.0909379,0.091,86794.66,BTC-24SEP27,0.39840000000000003,-0.29617,293.47525,25.6,0.0,0.0030000000000000027,BTC,82507.44,0.0
2026-10-10T00:41:58.683869+00:00,BTC-13OCT26-81000-C,82554.67,BTC-13OCT26,call,81000.0,2026-10-13T08:00:00+00:00,0.009046357014823687,0.0215,0.0235,0.02238027,0.0225,82554.67,BTC-13OCT26,0.2754,0.76887,23.91157,0.0,0.0,0.0020000000000000018,BTC,82507.44,0.0
2026-10-10T00:41:58.683869+00:00,BTC-26MAR27-90000-P,84527.96,BTC-26MAR27,put,90000.0,2027-03-26T08:00:00+00:00,0.4580538861044883,0.1395,0.141,0.14052016,0.14025,84527.96,BTC-26MAR27,0.37770000000000004,-0.54688,226.71075,44.7,2.6,0.0014999999999999736,BTC,82507.44,30121.92
2026-10-10T00:41:58.683869+00:00,BTC-30OCT26-80000-P,82790.06,BTC-30OCT26,put,80000.0,2026-10-30T08:00:00+00:00,0.055589820396069405,0.0165,0.017,0.01674949,0.01675,82790.06,BTC-30OCT26,0.332,-0.317,69.54656,2790.3,174.4,0.0005000000000000004,BTC,82507.44,242453.02
2026-10-10T00:41:58.683869+00:00,BTC-26MAR27-54000-P,84528.06,BTC-26MAR27,put,54000.0,2027-03-26T08:00:00+00:00,0.4580538861044883,0.0095,0.0105,0.00999041,0.01,84528.06,BTC-26MAR27,0.4813,-0.06204,69.96997,78.7,0.0,0.0010000000000000009,BTC,82507.44,0.0
2026-10-10T00:41:58.683869+00:00,BTC-13OCT26-84500-P,82554.59,BTC-13OCT26,put,84500.0,2026-10-13T08:00:00+00:00,0.009046357014823687,0.023,0.0285,0.02598984,0.02575,82554.59,BTC-13OCT26,0.2638,-0.82096,20.53724,0.0,0.0,0.005500000000000001,BTC,82507.44,0.0
2026-10-10T00:41:58.683869+00:00,BTC-27NOV26-93000-C,83134.88,BTC-27NOV26,call,93000.0,2026-11-27T08:00:00+00:00,0.13224964243576826,0.015,0.016,0.01550574,0.0155,83134.88,BTC-27NOV26,0.3643,0.21757,88.9685,230.1,37.1,0.0010000000000000009,BTC,82507.44,46161.93
2026-10-10T00:41:58.683869+00:00,BTC-24SEP27-108000-P,86794.66,BTC-24SEP27,put,108000.0,2027-09-24T08:00:00+00:00,0.9563427293625307,0.3095,0.33,0.3190941,0.31975,86794.66,BTC-24SEP27,0.3914,-0.6479,315.15852,0.0,0.0,0.020500000000000018,BTC,82507.44,0.0
2026-10-10T00:41:58.683869+00:00,BTC-11OCT26-73000-C,82520.69,BTC-11OCT26,call,73000.0,2026-10-11T08:00:00+00:00,0.003570655440559485,0.113,0.1175,0.11540785,0.11525,82520.69,BTC-11OCT26,0.7441,0.99726,0.4151,0.0,0.0,0.00449999999999999,BTC,82507.44,0.0
2026-10-10T00:41:58.683869+00:00,BTC-26MAR27-60000-P,84528.06,BTC-26MAR27,put,60000.0,2027-03-26T08:00:00+00:00,0.4580538861044883,0.0155,0.0165,0.0159912,0.016,84528.06,BTC-26MAR27,0.4446,-0.09871,99.4774,968.2,0.6,0.0010000000000000009,BTC,82507.44,766.82
2026-10-10T00:41:58.683869+00:00,BTC-25DEC26-65000-C,83452.89,BTC-25DEC26,call,65000.0,2026-12-25T08:00:00+00:00,0.2089094644754671,0.227,0.234,0.23008624,0.2305,83452.89,BTC-25DEC26,0.4385,0.91086,61.51315,916.8,0.0,0.007000000000000006,BTC,82507.44,0.0
2026-10-10T00:41:58.683869+00:00,BTC-12OCT26-92000-P,82536.68,BTC-12OCT26,put,92000.0,2026-10-12T08:00:00+00:00,0.006308506227691586,0.1115,0.117,0.11467266,0.11425,82536.68,BTC-12OCT26,0.4092,-0.99956,0.10416,0.0,0.0,0.005500000000000005,BTC,82507.44,0.0
2026-10-10T00:41:58.683869+00:00,BTC-30OCT26-110000-P,82790.06,BTC-30OCT26,put,110000.0,2026-10-30T08:00:00+00:00,0.055589820396069405,0.3245,0.3325,0.3287597,0.3285,82790.06,BTC-30OCT26,0.4334,-0.99683,1.87877,0.2,0.0,0.008000000000000007,BTC,82507.44,0.0
2026-10-10T00:41:58.683869+00:00,BTC-24SEP27-140000-P,86794.62,BTC-24SEP27,put,140000.0,2027-09-24T08:00:00+00:00,0.9563427293625307,0.631,0.658,0.64224733,0.6445,86794.62,BTC-24SEP27,0.41240000000000004,-0.8373,208.84004,0.0,0.0,0.027000000000000024,BTC,82507.44,0.0
2026-10-10T00:41:58.683869+00:00,BTC-11OCT26-86000-P,82520.74,BTC-11OCT26,put,86000.0,2026-10-11T08:00:00+00:00,0.003570655440559485,0.0395,0.0445,0.0421992,0.042,82520.74,BTC-11OCT26,0.2761,-0.99376,0.86868,0.0,0.0,0.0049999999999999975,BTC,82507.44,0.0
2026-10-10T00:41:58.683869+00:00,BTC-10OCT26-81000-P,82521.39,BTC-10OCT26,put,81000.0,2026-10-10T08:00:00+00:00,0.0008328046534273835,0.0001,0.0003,0.00017673,0.0002,82521.39,BTC-10OCT26,0.3703,-0.04118,2.09919,96.3,71.2,0.00019999999999999998,BTC,82507.44,7490.57
2026-10-10T00:41:58.683869+00:00,BTC-10OCT26-85000-C,82521.39,BTC-10OCT26,call,85000.0,2026-10-10T08:00:00+00:00,0.0008328046534273835,,0.0001,2.57e-06,,82521.39,BTC-10OCT26,0.3308,0.00094,0.07562,47.8,41.1,,BTC,82507.44,1387.24
2026-10-10T00:41:58.683869+00:00,BTC-24SEP27-86000-C,86794.66,BTC-24SEP27,call,86000.0,2027-09-24T08:00:00+00:00,0.9563427293625307,0.154,0.157,0.15582043,0.1555,86794.66,BTC-24SEP27,0.39159999999999995,0.58526,330.94612,2.8,0.0,0.0030000000000000027,BTC,82507.44,0.0
2026-10-10T00:41:58.683869+00:00,BTC-25DEC26-190000-C,83452.89,BTC-25DEC26,call,190000.0,2026-12-25T08:00:00+00:00,0.2089094644754671,0.0001,0.0003,0.00017924,0.0002,83452.89,BTC-25DEC26,0.6068,0.00235,2.79943,1025.9,7.1,0.00019999999999999998,BTC,82507.44,117.64
2026-10-10T00:41:58.683869+00:00,BTC-25DEC26-230000-P,83452.89,BTC-25DEC26,put,230000.0,2026-12-25T08:00:00+00:00,0.2089094644754671,1.7465,1.769,1.7562635,1.75775,83452.89,BTC-25DEC26,0.7152,-0.99834,2.0379,0.0,0.0,0.022499999999999964,BTC,82507.44,0.0
2026-10-10T00:41:58.683869+00:00,BTC-26MAR27-150000-C,84528.06,BTC-26MAR27,call,150000.0,2027-03-26T08:00:00+00:00,0.4580538861044883,0.0045,0.0048,0.00454034,0.00465,84528.06,BTC-26MAR27,0.4482,0.04102,50.33274,1864.7,0.0,0.0002999999999999999,BTC,82507.44,0.0
2026-10-10T00:41:58.683869+00:00,BTC-13OCT26-76000-P,82554.59,BTC-13OCT26,put,76000.0,2026-10-13T08:00:00+00:00,0.009046357014823687,0.0004,0.0006,0.00045905,0.0005,82554.59,BTC-13OCT26,0.4572,-0.02743,4.95955,15.0,15.0,0.00019999999999999993,BTC,82507.44,1044.62
2026-10-10T00:41:58.683869+00:00,BTC-11OCT26-78000-C,82520.74,BTC-11OCT26,call,78000.0,2026-10-11T08:00:00+00:00,0.003570655440559485,0.0525,0.057,0.05497795,0.05475,82520.74,BTC-11OCT26,0.4597,0.98014,2.37299,0.0,0.0,0.004500000000000004,BTC,82507.44,0.0
2026-10-10T00:41:58.683869+00:00,BTC-25DEC26-45000-P,83452.89,BTC-25DEC26,put,45000.0,2026-12-25T08:00:00+00:00,0.2089094644754671,0.0016,0.0019,0.00178923,0.00175,83452.89,BTC-25DEC26,0.6686,-0.0149,14.36699,2731.9,87.0,0.0002999999999999999,BTC,82507.44,13127.56
2026-10-10T00:41:58.683869+00:00,BTC-30OCT26-67000-P,82790.06,BTC-30OCT26,put,67000.0,2026-10-30T08:00:00+00:00,0.055589820396069405,0.0013,0.0015,0.0014386,0.0014,82790.06,BTC-30OCT26,0.4943,-0.03053,13.47856,735.7,27.3,0.0002000000000000001,BTC,82507.44,4560.34
2026-10-10T00:41:58.683869+00:00,BTC-25JUN27-125000-C,85678.91,BTC-25JUN27,call,125000.0,2027-06-25T08:00:00+00:00,0.7071983077335096,0.026,0.0275,0.02675028,0.02675,85678.91,BTC-25JUN27,0.40149999999999997,0.17119,183.2015,641.2,0.0,0.0015000000000000013,BTC,82507.44,0.0
2026-10-10T00:41:58.683869+00:00,BTC-25JUN27-60000-C,85678.91,BTC-25JUN27,call,60000.0,2027-06-25T08:00:00+00:00,0.7071983077335096,0.3245,0.3275,0.32594835,0.326,85678.91,BTC-25JUN27,0.43320000000000003,0.8769,146.78279,969.8,0.0,0.0030000000000000027,BTC,82507.44,0.0
2026-10-10T00:41:58.683869+00:00,BTC-12OCT26-78500-P,82536.68,BTC-12OCT26,put,78500.0,2026-10-12T08:00:00+00:00,0.006308506227691586,0.0005,0.0007,0.00054793,0.0006,82536.68,BTC-12OCT26,0.3741,-0.04467,6.17826,18.1,20.4,0.00019999999999999998,BTC,82507.64,1609.47
2026-10-10T00:41:58.683869+00:00,BTC-23OCT26-94000-C,82697.25,BTC-23OCT26,call,94000.0,2026-10-23T08:00:00+00:00,0.0364248648861447,0.0008,0.0009,0.00079769,0.00085,82697.25,BTC-23OCT26,0.35340000000000005,0.03102,11.04224,131.4,55.3,9.999999999999994e-05,BTC,82507.44,6492.12
2026-10-10T00:41:58.683869+00:00,BTC-27NOV26-79000-P,83134.88,BTC-27NOV26,put,79000.0,2026-11-27T08:00:00+00:00,0.13224964243576826,0.031,0.0315,0.03115988,0.03125,83134.88,BTC-27NOV26,0.37,-0.32792,109.23721,194.5,9.7,0.0005000000000000004,BTC,82507.64,25976.48
2026-10-10T00:41:58.683869+00:00,BTC-24SEP27-190000-C,86794.66,BTC-24SEP27,call,190000.0,2027-09-24T08:00:00+00:00,0.9563427293625307,0.0095,0.0105,0.00999051,0.01,86794.66,BTC-24SEP27,0.4533,0.06115,102.65323,10.7,0.0,0.0010000000000000009,BTC,82507.64,0.0
2026-10-10T00:41:58.683869+00:00,BTC-30OCT26-59000-C,82790.06,BTC-30OCT26,call,59000.0,2026-10-30T08:00:00+00:00,0.055589820396069405,0.2855,0.29,0.28764061,0.28775,82790.06,BTC-30OCT26,0.5901,0.99385,3.39382,1.0,0.0,0.004500000000000004,BTC,82507.64,0.0
2026-10-10T00:41:58.683869+00:00,BTC-25JUN27-115000-C,85678.91,BTC-25JUN27,call,115000.0,2027-06-25T08:00:00+00:00,0.7071983077335096,0.038,0.0395,0.03875377,0.03875,85678.91,BTC-25JUN27,0.39270000000000005,0.23394,220.92893,150.1,0.0,0.0015000000000000013,BTC,82507.64,0.0
2026-10-10T00:41:58.683869+00:00,BTC-26MAR27-106000-C,84528.06,BTC-26MAR27,call,106000.0,2027-03-26T08:00:00+00:00,0.4580538861044883,0.03,0.0315,0.03084909,0.03075,84528.06,BTC-26MAR27,0.3848,0.22995,173.73807,94.5,0.0,0.0015000000000000013,BTC,82507.64,0.0
2026-10-10T00:41:58.683869+00:00,BTC-13OCT26-83500-P,82554.59,BTC-13OCT26,put,83500.0,2026-10-13T08:00:00+00:00,0.009046357014823687,0.0155,0.0175,0.01663643,0.0165,82554.59,BTC-13OCT26,0.2585,-0.67514,28.25954,0.0,0.0,0.0020000000000000018,BTC,82507.64,0.0
2026-10-10T00:41:58.683869+00:00,BTC-30OCT26-48000-C,82790.06,BTC-30OCT26,call,48000.0,2026-10-30T08:00:00+00:00,0.055589820396069405,0.4185,0.4215,0.42028043,0.42,82790.06,BTC-30OCT26,0.7803,0.99887,0.73577,8.5,0.0,0.0030000000000000027,BTC,82507.64,0.0
2026-10-10T00:41:58.683869+00:00,BTC-23OCT26-75000-C,82697.09,BTC-23OCT26,call,75000.0,2026-10-23T08:00:00+00:00,0.0364248648861447,0.0935,0.099,0.09632981,0.09625,82697.09,BTC-23OCT26,0.3937,0.9093,25.78499,0.0,0.0,0.005500000000000005,BTC,82507.64,0.0
2026-10-10T00:41:58.683869+00:00,BTC-26MAR27-98000-C,84528.06,BTC-26MAR27,call,98000.0,2027-03-26T08:00:00+00:00,0.4580538861044883,0.0475,0.049,0.04825961,0.04825,84528.06,BTC-26MAR27,0.37920000000000004,0.3271,206.49741,247.2,8.8,0.0015000000000000013,BTC,82507.64,37249.26
2026-10-10T00:41:58.683869+00:00,BTC-30OCT26-88000-P,82790.06,BTC-30OCT26,put,88000.0,2026-10-30T08:00:00+00:00,0.055589820396069405,0.0685,0.075,0.07271909,0.07175,82790.06,BTC-30OCT26,0.3282,-0.77356,58.76853,924.8,1588.7,0.006499999999999992,BTC,82507.64,9519299.17
2026-10-10T00:41:58.683869+00:00,BTC-25JUN27-116000-P,85681.55,BTC-25JUN27,put,116000.0,2027-06-25T08:00:00+00:00,0.7071983077335096,0.3835,0.402,0.39115105,0.39275,85681.55,BTC-25JUN27,0.3933,-0.77348,216.9834,0.0,0.0,0.018500000000000016,BTC,82507.64,0.0
2026-10-10T00:41:58.683869+00:00,BTC-30OCT26-102000-P,82789.7,BTC-30OCT26,put,102000.0,2026-10-30T08:00:00+00:00,0.055589820396069405,0.2295,0.235,0.23237905,0.23225,82789.7,BTC-30OCT26,0.38170000000000004,-0.9885,5.8775,0.0,0.0,0.005499999999999977,BTC,82507.64,0.0
2026-10-10T00:41:58.683869+00:00,BTC-16OCT26-70000-C,82606.8,BTC-16OCT26,call,70000.0,2026-10-16T08:00:00+00:00,0.017259909376219993,0.1505,0.1555,0.1529523,0.153,82606.8,BTC-16OCT26,0.5739,0.9872,3.58435,0.2,0.0,0.0050000000000000044,BTC,82507.34,0.0
2026-10-10T00:41:58.683869+00:00,BTC-27NOV26-88000-P,83134.84,BTC-27NOV26,put,88000.0,2026-11-27T08:00:00+00:00,0.13224964243576826,0.087,0.089,0.08786939,0.088,83134.84,BTC-27NOV26,0.3592,-0.64455,112.63265,35.8,0.0,0.0020000000000000018,BTC,82507.34,0.0
2026-10-10T00:41:58.683869+00:00,BTC-25DEC26-72000-P,83450.25,BTC-25DEC26,put,72000.0,2026-12-25T08:00:00+00:00,0.2089094644754671,0.019,0.02,0.01949005,0.0195,83450.25,BTC-25DEC26,0.3948,-0.1821,100.84249,782.8,236.9,0.0010000000000000009,BTC,82507.34,382449.16
2026-10-10T00:41:58.683869+00:00,BTC-26MAR27-56000-C,84528.06,BTC-26MAR27,call,56000.0,2027-03-26T08:00:00+00:00,0.4580538861044883,0.345,0.353,0.34898365,0.349,84528.06,BTC-26MAR27,0.46619999999999995,0.92812,78.41328,14.4,0.0,0.008000000000000007,BTC,82507.34,0.0
2026-10-10T00:41:58.683869+00:00,BTC-11OCT26-79500-C,82520.69,BTC-11OCT26,call,79500.0,2026-10-11T08:00:00+00:00,0.003570655440559485,0.0345,0.04,0.03698946,0.03725,82520.69,BTC-11OCT26,0.3657,0.95678,4.52417,0.0,0.0,0.005499999999999998,BTC,82507.34,0.0
2026-10-10T00:41:58.683869+00:00,BTC-27NOV26-105000-P,83134.73,BTC-27NOV26,put,105000.0,2026-11-27T08:00:00+00:00,0.13224964243576826,0.2625,0.271,0.26652616,0.26675,83134.73,BTC-27NOV26,0.3946,-0.94,36.02101,3.9,0.0,0.008500000000000008,BTC,82507.34,0.0
2026-10-10T00:41:58.683869+00:00,BTC-24SEP27-72000-C,86794.66,BTC-24SEP27,call,72000.0,2027-09-24T08:00:00+00:00,0.9563427293625307,0.242,0.2455,0.2434721,0.24375,86794.66,BTC-24SEP27,0.4023,0.74903,270.35318,0.0,0.0,0.003500000000000003,BTC,82507.34,0.0
2026-10-10T00:41:58.683869+00:00,BTC-11OCT26-75000-C,82520.74,BTC-11OCT26,call,75000.0,2026-10-11T08:00:00+00:00,0.003570655440559485,0.089,0.094,0.09117245,0.0915,82520.74,BTC-11OCT26,0.5954999999999999,0.99655,0.51186,0.0,0.0,0.0050000000000000044,BTC,82507.6,0.0
2026-10-10T00:41:58.683869+00:00,BTC-10OCT26-88000-C,82521.39,BTC-10OCT26,call,88000.0,2026-10-10T08:00:00+00:00,0.0008328046534273835,,0.0001,1e-08,,82521.39,BTC-10OCT26,0.4978,0.0,0.00042,143.2,62.1,,BTC,82507.34,512.22
2026-10-10T00:41:58.683869+00:00,BTC-25JUN27-55000-C,85678.91,BTC-25JUN27,call,55000.0,2027-06-25T08:00:00+00:00,0.7071983077335096,0.372,0.3795,0.37642543,0.37575,85678.91,BTC-25JUN27,0.4539,0.91177,115.32142,3.7,0.0,0.007500000000000007,BTC,82507.34,0.0
2026-10-10T00:41:58.683869+00:00,BTC-12OCT26-79000-C,82536.68,BTC-12OCT26,call,79000.0,2026-10-12T08:00:00+00:00,0.006308506227691586,0.041,0.0465,0.04346694,0.04375,82536.68,BTC-12OCT26,0.34509999999999996,0.94618,7.1694,0.0,0.0,0.005499999999999998,BTC,82507.6,0.0
2026-10-10T00:41:58.683869+00:00,BTC-27NOV26-93000-P,83134.84,BTC-27NOV26,put,93000.0,2026-11-27T08:00:00+00:00,0.13224964243576826,0.13,0.1385,0.13417157,0.13425,83134.84,BTC-27NOV26,0.3643,-0.78243,88.96865,50.0,50.0,0.008500000000000008,BTC,82507.6,545852.6
2026-10-10T00:41:58.683869+00:00,BTC-27NOV26-108000-P,83134.84,BTC-27NOV26,put,108000.0,2026-11-27T08:00:00+00:00,0.13224964243576826,0.296,0.306,0.30166024,0.301,83134.84,BTC-27NOV26,0.4057,-0.95538,28.47113,0.0,0.0,0.010000000000000009,BTC,82507.6,0.0
2026-10-10T00:41:58.683869+00:00,BTC-12OCT26-77000-P,82536.68,BTC-12OCT26,put,77000.0,2026-10-12T08:00:00+00:00,0.006308506227691586,0.0002,0.0004,0.00028701,0.0003,82536.68,BTC-12OCT26,0.4375,-0.022,3.44175,10.6,15.0,0.0002,BTC,82507.6,623.03
2026-10-10T00:41:58.683869+00:00,BTC-25DEC26-56000-C,83452.89,BTC-25DEC26,call,56000.0,2026-12-25T08:00:00+00:00,0.2089094644754671,0.3305,0.336,0.33299892,0.33325,83452.89,BTC-25DEC26,0.5285,0.96172,31.71876,42.2,0.0,0.005500000000000005,BTC,82507.6,0.0
2026-10-10T00:41:58.683869+00:00,BTC-24SEP27-170000-P,86794.66,BTC-24SEP27,put,170000.0,2027-09-24T08:00:00+00:00,0.9563427293625307,0.955,0.995,0.97314375,0.975,86794.66,BTC-24SEP27,0.4364,-0.9133,134.08336,4.3,0.0,0.040000000000000036,BTC,82506.97,0.0
2026-10-10T00:41:58.683869+00:00,BTC-13OCT26-84000-P,82554.59,BTC-13OCT26,put,84000.0,2026-10-13T08:00:00+00:00,0.009046357014823687,0.02,0.022,0.02101529,0.021,82554.59,BTC-13OCT26,0.2583,-0.75722,24.56642,1.0,1.0,0.0019999999999999983,BTC,82506.97,1776.29
2026-10-10T00:41:58.683869+00:00,BTC-10OCT26-89000-P,82521.39,BTC-10OCT26,put,89000.0,2026-10-10T08:00:00+00:00,0.0008328046534273835,0.0755,0.081,0.07854773,0.07825,82521.39,BTC-10OCT26,0.5508,-1.0,0.00012,0.0,0.0,0.005500000000000005,BTC,82506.97,0.0
2026-10-10T00:41:58.683869+00:00,BTC-26MAR27-86000-P,84528.06,BTC-26MAR27,put,86000.0,2027-03-26T08:00:00+00:00,0.4580538861044883,0.111,0.1125,0.11196235,0.11175,84528.06,BTC-26MAR27,0.37920000000000004,-0.47578,227.86545,36.7,4.2,0.0015000000000000013,BTC,82506.97,38870.61
2026-10-10T00:41:58.683869+00:00,BTC-13OCT26-83000-P,82554.67,BTC-13OCT26,put,83000.0,2026-10-13T08:00:00+00:00,0.009046357014823687,0.012,0.013,0.01265006,0.0125,82554.67,BTC-13OCT26,0.2552,-0.58455,30.62273,5.7,5.7,0.0009999999999999992,BTC,82506.41,5076.91
2026-10-10T00:41:58.683869+00:00,BTC-26MAR27-40000-P,84528.06,BTC-26MAR27,put,40000.0,2027-03-26T08:00:00+00:00,0.4580538861044883,0.0029,0.0031,0.0030417,0.003,84528.06,BTC-26MAR27,0.5847,-0.01841,25.81757,1952.6,0.1,0.0002000000000000001,BTC,82506.41,24.74
2026-10-10T00:41:58.683869+00:00,BTC-23OCT26-76000-P,82697.25,BTC-23OCT26,put,76000.0,2026-10-23T08:00:00+00:00,0.0364248648861447,0.004,0.0042,0.00411396,0.0041,82697.25,BTC-23OCT26,0.37770000000000004,-0.11394,30.44009,40.9,4.7,0.00019999999999999966,BTC,82506.97,1671.16
2026-10-10T00:41:58.683869+00:00,BTC-16OCT26-92000-P,82607.09,BTC-16OCT26,put,92000.0,2026-10-16T08:00:00+00:00,0.017259909376219993,0.1105,0.117,0.11389123,0.11375,82607.09,BTC-16OCT26,0.3564,-0.98862,3.23892,0.1,0.0,0.006500000000000006,BTC,82506.41,0.0
2026-10-10T00:41:58.683869+00:00,BTC-26MAR27-120000-C,84528.06,BTC-26MAR27,call,120000.0,2027-03-26T08:00:00+00:00,0.4580538861044883,0.0145,0.0155,0.01498664,0.015,84528.06,BTC-26MAR27,0.4014,0.12432,117.34312,834.6,18.5,0.0009999999999999992,BTC,82506.41,22866.05
2026-10-10T00:41:58.683869+00:00,BTC-30OCT26-80000-C,82790.06,BTC-30OCT26,call,80000.0,2026-10-30T08:00:00+00:00,0.055589820396069405,0.05,0.052,0.05044851,0.051,82790.06,BTC-30OCT26,0.332,0.68292,69.55291,1431.3,13.7,0.001999999999999995,BTC,82506.41,59325.75
2026-10-10T00:41:58.683869+00:00,BTC-25JUN27-140000-C,85681.55,BTC-25JUN27,call,140000.0,2027-06-25T08:00:00+00:00,0.7071983077335096,0.016,0.017,0.0163083,0.0165,85681.55,BTC-25JUN27,0.4172,0.11054,135.99439,378.3,0.1,0.0010000000000000009,BTC,82506.41,140.91
2026-10-10T00:41:58.683869+00:00,BTC-12OCT26-73000-P,82536.68,BTC-12OCT26,put,73000.0,2026-10-12T08:00:00+00:00,0.006308506227691586,,0.0002,5.683e-05,,82536.68,BTC-12OCT26,0.5859000000000001,-0.00391,0.76103,26.0,1.5,,BTC,82506.41,24.67
2026-10-10T00:41:58.683869+00:00,BTC-27NOV26-67000-C,83134.84,BTC-27NOV26,call,67000.0,2026-11-27T08:00:00+00:00,0.13224964243576826,0.1975,0.204,0.20032136,0.20075,83134.84,BTC-27NOV26,0.44670000000000004,0.92052,44.73732,0.6,0.0,0.006499999999999978,BTC,82506.41,0.0
2026-10-10T00:41:58.683869+00:00,BTC-30OCT26-96000-P,82790.06,BTC-30OCT26,put,96000.0,2026-10-30T08:00:00+00:00,0.055589820396069405,0.158,0.1635,0.1609603,0.16075,82790.06,BTC-30OCT26,0.3553,-0.95781,17.5691,0.4,0.0,0.005500000000000005,BTC,82506.41,0.0
2026-10-10T00:41:58.683869+00:00,BTC-26MAR27-56000-P,84528.06,BTC-26MAR27,put,56000.0,2027-03-26T08:00:00+00:00,0.4580538861044883,0.011,0.012,0.01149088,0.0115,84528.06,BTC-26MAR27,0.46619999999999995,-0.07188,78.41532,132.1,2.7,0.0010000000000000009,BTC,82506.89,2564.79
2026-10-10T00:41:58.683869+00:00,BTC-25JUN27-56000-C,85678.91,BTC-25JUN27,call,56000.0,2027-06-25T08:00:00+00:00,0.7071983077335096,0.362,0.369,0.36613394,0.3655,85678.91,BTC-25JUN27,0.4495,0.90551,121.33436,2.9,0.0,0.007000000000000006,BTC,82506.41,0.0
2026-10-10T00:41:58.683869+00:00,BTC-13OCT26-85500-C,82554.6,BTC-13OCT26,call,85500.0,2026-10-13T08:00:00+00:00,0.009046357014823687,0.0011,0.0013,0.00118349,0.0012,82554.6,BTC-13OCT26,0.27940000000000004,0.09531,13.30494,18.5,18.5,0.00019999999999999987,BTC,82506.89,1573.72
2026-10-10T00:41:58.683869+00:00,BTC-25JUN27-94000-C,85681.55,BTC-25JUN27,call,94000.0,2027-06-25T08:00:00+00:00,0.7071983077335096,0.0905,0.0925,0.09142527,0.0915,85681.55,BTC-25JUN27,0.384,0.45003,285.26829,30.1,0.0,0.0020000000000000018,BTC,82506.41,0.0
2026-10-10T00:41:58.683869+00:00,BTC-25JUN27-200000-P,85678.91,BTC-25JUN27,put,200000.0,2027-06-25T08:00:00+00:00,0.7071983077335096,1.32,1.353,1.33844314,1.3365,85678.91,BTC-25JUN27,0.4836,-0.96997,49.07914,2.1,0.0,0.03299999999999992,BTC,82506.89,0.0
2026-10-10T00:41:58.683869+00:00,BTC-12OCT26-91000-P,82536.68,BTC-12OCT26,put,91000.0,2026-10-12T08:00:00+00:00,0.006308506227691586,0.0995,0.105,0.10256524,0.10225,82536.68,BTC-12OCT26,0.4075,-0.99865,0.28995,0.0,0.0,0.005499999999999991,BTC,82506.89,0.0
2026-10-10T00:41:58.683869+00:00,BTC-27NOV26-78000-C,83134.73,BTC-27NOV26,call,78000.0,2026-11-27T08:00:00+00:00,0.13224964243576826,0.088,0.09,0.08896445,0.089,83134.73,BTC-27NOV26,0.3729,0.70437,104.44036,243.3,0.0,0.0020000000000000018,BTC,82506.89,0.0
2026-10-10T00:41:58.683869+00:00,BTC-12OCT26-74000-P,82536.68,BTC-12OCT26,put,74000.0,2026-10-12T08:00:00+00:00,0.006308506227691586,0.0001,0.0002,0.00012561,0.00015,82536.68,BTC-12OCT26,0.5774,-0.00825,1.47585,1.4,0.9,0.0001,BTC,82506.89,14.87
2026-10-10T00:41:58.683869+00:00,BTC-24SEP27-200000-C,86794.66,BTC-24SEP27,call,200000.0,2027-09-24T08:00:00+00:00,0.9563427293625307,0.008,0.009,0.00848928,0.0085,86794.66,BTC-24SEP27,0.4617,0.05233,90.79556,30.0,0.0,0.0009999999999999992,BTC,82506.89,0.0
2026-10-10T00:41:58.683869+00:00,BTC-12OCT26-82500-C,82536.39,BTC-12OCT26,call,82500.0,2026-10-12T08:00:00+00:00,0.006308506227691586,0.0065,0.0075,0.00693011,0.007,82536.39,BTC-12OCT26,0.2116,0.51279,26.1432,7.7,2.5,0.001,BTC,82506.86,1882.87
2026-10-10T00:41:58.683869+00:00,BTC-24SEP27-118000-P,86794.66,BTC-24SEP27,put,118000.0,2027-09-24T08:00:00+00:00,0.9563427293625307,0.4035,0.425,0.41403542,0.41425,86794.66,BTC-24SEP27,0.39640000000000003,-0.72521,283.18467,0.0,0.0,0.021499999999999964,BTC,82506.86,0.0
2026-10-10T00:41:58.683869+00:00,BTC-23OCT26-96000-P,82697.09,BTC-23OCT26,put,96000.0,2026-10-23T08:00:00+00:00,0.0364248648861447,0.1575,0.164,0.16135848,0.16075,82697.09,BTC-23OCT26,0.3716,-0.9807,7.4156,0.2,0.0,0.006500000000000006,BTC,82506.89,0.0
2026-10-10T00:41:58.683869+00:00,BTC-27NOV26-62000-P,83134.73,BTC-27NOV26,put,62000.0,2026-11-27T08:00:00+00:00,0.13224964243576826,0.0035,0.0038,0.00365378,0.00365,83134.73,BTC-27NOV26,0.5035000000000001,-0.04528,28.80562,378.7,2.3,0.0002999999999999999,BTC,82506.86,699.26
2026-10-10T00:41:58.683869+00:00,BTC-16OCT26-86000-P,82606.8,BTC-16OCT26,put,86000.0,2026-10-16T08:00:00+00:00,0.017259909376219993,0.041,0.047,0.04447584,0.044,82606.8,BTC-16OCT26,0.3055,-0.83753,26.67617,124.6,53.0,0.005999999999999998,BTC,82506.86,198870.53
2026-10-10T00:41:58.683869+00:00,BTC-25DEC26-50000-C,83452.89,BTC-25DEC26,call,50000.0,2026-12-25T08:00:00+00:00,0.2089094644754671,0.401,0.406,0.40333485,0.4035,83452.89,BTC-25DEC26,0.5981000000000001,0.97775,20.21557,259.8,0.1,0.0050000000000000044,BTC,82506.86,3316.96
2026-10-10T00:41:58.683869+00:00,BTC-24SEP27-74000-C,86794.66,BTC-24SEP27,call,74000.0,2027-09-24T08:00:00+00:00,0.9563427293625307,0.2275,0.231,0.22895117,0.22925,86794.66,BTC-24SEP27,0.39990000000000003,0.72676,282.39563,1.4,0.0,0.003500000000000003,BTC,82506.86,0.0
2026-10-10T00:41:58.683869+00:00,BTC-23OCT26-78000-C,82697.09,BTC-23OCT26,call,78000.0,2026-10-23T08:00:00+00:00,0.0364248648861447,0.061,0.067,0.06353454,0.064,82697.09,BTC-23OCT26,0.34840000000000004,0.81884,41.59169,1.8,0.0,0.006000000000000005,BTC,82506.86,0.0
2026-10-10T00:41:58.683869+00:00,BTC-30OCT26-45000-P,82790.06,BTC-30OCT26,put,45000.0,2026-10-30T08:00:00+00:00,0.055589820396069405,,0.0001,4.697e-05,,82790.06,BTC-30OCT26,0.8475,-0.00082,0.54653,353.7,0.0,,BTC,82506.86,0.0
2026-10-10T00:41:58.683869+00:00,BTC-30OCT26-69000-C,82790.06,BTC-30OCT26,call,69000.0,2026-10-30T08:00:00+00:00,0.055589820396069405,0.1665,0.171,0.16860715,0.16875,82790.06,BTC-30OCT26,0.46649999999999997,0.9564,18.04271,585.5,0.0,0.004500000000000004,BTC,82506.86,0.0
2026-10-10T00:41:58.683869+00:00,BTC-25JUN27-84000-C,85681.55,BTC-25JUN27,call,84000.0,2027-06-25T08:00:00+00:00,0.7071983077335096,0.1365,0.139,0.13797585,0.13775,85681.55,BTC-25JUN27,0.38670000000000004,0.58835,280.44698,556.3,12.5,0.0025000000000000022,BTC,82506.86,138896.5
2026-10-10T00:41:58.683869+00:00,BTC-30OCT26-69000-P,82790.06,BTC-30OCT26,put,69000.0,2026-10-30T08:00:00+00:00,0.055589820396069405,0.0019,0.0021,0.00204174,0.002,82790.06,BTC-30OCT26,0.46649999999999997,-0.0436,18.04271,2309.0,261.0,0.00019999999999999987,BTC,82506.86,55061.79
2026-10-10T00:41:58.683869+00:00,BTC-24SEP27-104000-C,86794.62,BTC-24SEP27,call,104000.0,2027-09-24T08:00:00+00:00,0.9563427293625307,0.084,0.0865,0.08529182,0.08525,86794.62,BTC-24SEP27,0.39020000000000005,0.38855,325.4041,5.7,0.0,0.0024999999999999883,BTC,82506.86,0.0
2026-10-10T00:41:58.683869+00:00,BTC-11OCT26-82500-C,82520.57,BTC-11OCT26,call,82500.0,2026-10-11T08:00:00+00:00,0.003570655440559485,0.0038,0.0043,0.00394812,0.00405,82520.57,BTC-11OCT26,0.1603,0.50972,19.66623,57.0,65.9,0.0005,BTC,82506.86,35471.93
2026-10-10T00:41:58.683869+00:00,BTC-27NOV26-82000-P,83134.73,BTC-27NOV26,put,82000.0,2026-11-27T08:00:00+00:00,0.13224964243576826,0.0455,0.046,0.04578198,0.04575,83134.73,BTC-27NOV26,0.36329999999999996,-0.43275,118.92322,166.7,73.9,0.0005000000000000004,BTC,82507.24,275895.32
2026-10-10T00:41:58.683869+00:00,BTC-13OCT26-80000-P,82554.59,BTC-13OCT26,put,80000.0,2026-10-13T08:00:00+00:00,0.009046357014823687,0.0018,0.0021,0.00194118,0.00195,82554.59,BTC-13OCT26,0.3009,-0.13367,16.9346,10.5,10.5,0.0002999999999999999,BTC,82506.86,1684.45
2026-10-10T00:41:58.683869+00:00,BTC-30OCT26-62000-P,82790.06,BTC-30OCT26,put,62000.0,2026-10-30T08:00:00+00:00,0.055589820396069405,0.0004,0.0006,0.00049643,0.0005,82790.06,BTC-30OCT26,0.5489,-0.01078,5.55526,1367.2,63.0,0.00019999999999999993,BTC,82507.24,4307.49
2026-10-10T00:41:58.683869+00:00,BTC-13OCT26-77000-P,82554.67,BTC-13OCT26,put,77000.0,2026-10-13T08:00:00+00:00,0.009046357014823687,0.0005,0.0007,0.00058912,0.0006,82554.67,BTC-13OCT26,0.4142,-0.03714,6.37017,50.6,50.6,0.00019999999999999998,BTC,82506.86,4196.52
2026-10-10T00:41:58.683869+00:00,BTC-25JUN27-88000-P,85678.91,BTC-25JUN27,put,88000.0,2027-06-25T08:00:00+00:00,0.7071983077335096,0.1435,0.146,0.14422934,0.14475,85678.91,BTC-25JUN27,0.3846,-0.46855,286.63186,30.4,0.0,0.0025000000000000022,BTC,82507.24,0.0
2026-10-10T00:41:58.683869+00:00,BTC-30OCT26-40000-C,82790.06,BTC-30OCT26,call,40000.0,2026-10-30T08:00:00+00:00,0.055589820396069405,0.516,0.5175,0.51687088,0.51675,82790.06,BTC-30OCT26,0.9414,0.99965,0.2514,0.3,0.0,0.0014999999999999458,BTC,82507.24,0.0
2026-10-10T00:41:58.683869+00:00,BTC-11OCT26-73000-P,82520.74,BTC-11OCT26,put,73000.0,2026-10-11T08:00:00+00:00,0.003570655440559485,,0.0001,3.684e-05,,82520.74,BTC-11OCT26,0.7441,-0.00274,0.41513,26.6,26.5,,BTC,82507.24,218.57
2026-10-10T00:41:58.683869+00:00,BTC-23OCT26-85000-P,82697.09,BTC-23OCT26,put,85000.0,2026-10-23T08:00:00+00:00,0.0364248648861447,0.0395,0.0415,0.04050577,0.0405,82697.09,BTC-23OCT26,0.3116,-0.66777,57.32465,30.7,0.0,0.0020000000000000018,BTC,82507.24,0.0
2026-10-10T00:41:58.683869+00:00,BTC-30OCT26-86000-P,82790.06,BTC-30OCT26,put,86000.0,2026-10-30T08:00:00+00:00,0.055589820396069405,0.053,0.055,0.05432965,0.054,82790.06,BTC-30OCT26,0.32520000000000004,-0.67676,70.11498,446.5,1.5,0.0020000000000000018,BTC,82507.24,6005.86
2026-10-10T00:41:58.683869+00:00,BTC-26MAR27-82000-P,84528.06,BTC-26MAR27,put,82000.0,2027-03-26T08:00:00+00:00,0.4580538861044883,0.086,0.0875,0.08680204,0.08675,84528.06,BTC-26MAR27,0.3809,-0.4027,221.46298,77.5,0.0,0.0015000000000000013,BTC,82507.24,0.0
2026-10-10T00:41:58.683869+00:00,BTC-25DEC26-64000-C,83452.89,BTC-25DEC26,call,64000.0,2026-12-25T08:00:00+00:00,0.2089094644754671,0.2385,0.245,0.24132306,0.24175,83452.89,BTC-25DEC26,0.4484,0.9187,57.41454,404.8,0.0,0.006500000000000006,BTC,82507.24,0.0
2026-10-10T00:41:58.683869+00:00,BTC-26MAR27-95000-P,84527.96,BTC-26MAR27,put,95000.0,2027-03-26T08:00:00+00:00,0.4580538861044883,0.1765,0.188,0.18108891,0.18225,84527.96,BTC-26MAR27,0.37810000000000005,-0.62877,216.28761,10.3,0.0,0.01150000000000001,BTC,82507.24,0.0
2026-10-10T00:41:58.683869+00:00,BTC-10OCT26-75000-C,82518.75,BTC-10OCT26,call,75000.0,2026-10-10T08:00:00+00:00,0.0008328046534273835,0.0885,0.093,0.09111167,0.09075,82518.75,BTC-10OCT26,0.8371999999999999,0.99996,0.00364,0.0,0.0,0.004500000000000004,BTC,82507.24,0.0
2026-10-10T00:41:58.683869+00:00,BTC-25DEC26-95000-C,83452.89,BTC-25DEC26,call,95000.0,2026-12-25T08:00:00+00:00,0.2089094644754671,0.0225,0.0235,0.02302647,0.023,83452.89,BTC-25DEC26,0.3704,0.24781,120.67092,2336.8,27.8,0.0010000000000000009,BTC,82507.24,52790.46
2026-10-10T00:41:58.683869+00:00,BTC-27NOV26-105000-C,83134.73,BTC-27NOV26,call,105000.0,2026-11-27T08:00:00+00:00,0.13224964243576826,0.0034,0.0037,0.0035161,0.00355,83134.73,BTC-27NOV26,0.3946,0.05999,36.01946,32.0,0.3,0.00030000000000000035,BTC,82507.24,96.57
2026-10-10T00:41:58.683869+00:00,BTC-27NOV26-94000-C,83134.73,BTC-27NOV26,call,94000.0,2026-11-27T08:00:00+00:00,0.13224964243576826,0.0135,0.014,0.01358267,0.01375,83134.73,BTC-27NOV26,0.36560000000000004,0.19566,83.54738,599.1,36.0,0.0005000000000000004,BTC,82507.24,42454.23
2026-10-10T00:41:58.683869+00:00,BTC-26MAR27-75000-C,84527.96,BTC-26MAR27,call,75000.0,2027-03-26T08:00:00+00:00,0.4580538861044883,0.1645,0.1665,0.16551544,0.1655,84527.96,BTC-26MAR27,0.39049999999999996,0.72046,192.47214,1.7,0.0,0.0020000000000000018,BTC,82507.24,0.0
2026-10-10T00:41:58.683869+00:00,BTC-13OCT26-73000-P,82554.67,BTC-13OCT26,put,73000.0,2026-10-13T08:00:00+00:00,0.009046357014823687,0.0001,0.0003,0.00017958,0.0002,82554.67,BTC-13OCT26,0.5603,-0.00984,2.06408,4.8,4.8,0.00019999999999999998,BTC,82507.24,110.15
2026-10-10T00:41:58.683869+00:00,BTC-25DEC26-240000-P,83452.89,BTC-25DEC26,put,240000.0,2026-12-25T08:00:00+00:00,0.2089094644754671,1.861,1.89,1.8760948,1.8755,83452.89,BTC-25DEC26,0.7415,-0.99839,1.9811,0.0,0.0,0.028999999999999915,BTC,82507.24,0.0
2026-10-10T00:41:58.683869+00:00,BTC-24SEP27-72000-P,86794.66,BTC-24SEP27,put,72000.0,2027-09-24T08:00:00+00:00,0.9563427293625307,0.0715,0.0745,0.07301861,0.073,86794.66,BTC-24SEP27,0.4023,-0.25097,270.35248,22.1,0.0,0.0030000000000000027,BTC,82507.24,0.0
2026-10-10T00:41:58.683869+00:00,BTC-25JUN27-105000-C,85681.55,BTC-25JUN27,call,105000.0,2027-06-25T08:00:00+00:00,0.7071983077335096,0.057,0.0585,0.05777312,0.05775,85681.55,BTC-25JUN27,0.38630000000000003,0.32155,258.25909,163.5,0.0,0.0015000000000000013,BTC,82507.24,0.0
2026-10-10T00:41:58.683869+00:00,BTC-11OCT26-82000-P,82520.57,BTC-11OCT26,put,82000.0,2026-10-11T08:00:00+00:00,0.003570655440559485,0.0017,0.002,0.00184984,0.00185,82520.57,BTC-11OCT26,0.18030000000000002,-0.27856,16.5577,221.7,223.2,0.00030000000000000014,BTC,82507.24,48655.48
2026-10-10T00:41:58.683869+00:00,BTC-25DEC26-86000-P,83452.89,BTC-25DEC26,put,86000.0,2026-12-25T08:00:00+00:00,0.2089094644754671,0.0835,0.0845,0.08413803,0.084,83452.89,BTC-25DEC26,0.3664,-0.53844,151.49532,108.9,5.2,0.0010000000000000009,BTC,82507.24,39037.11
2026-10-10T00:41:58.683869+00:00,BTC-13OCT26-82000-P,82554.67,BTC-13OCT26,put,82000.0,2026-10-13T08:00:00+00:00,0.009046357014823687,0.0065,0.007,0.00681394,0.00675,82554.67,BTC-13OCT26,0.2593,-0.38898,30.1083,19.1,19.1,0.0005000000000000004,BTC,82507.24,10646.97
2026-10-10T00:41:58.683869+00:00,BTC-24SEP27-110000-C,86794.66,BTC-24SEP27,call,110000.0,2027-09-24T08:00:00+00:00,0.9563427293625307,0.069,0.071,0.07012058,0.07,86794.66,BTC-24SEP27,0.3923,0.33514,309.36097,200.9,0.0,0.001999999999999988,BTC,82507.24,0.0
2026-10-10T00:41:58.683869+00:00,BTC-24SEP27-50000-P,86794.62,BTC-24SEP27,put,50000.0,2027-09-24T08:00:00+00:00,0.9563427293625307,0.0175,0.019,0.01824664,0.01825,86794.62,BTC-24SEP27,0.4628,-0.0743,119.32749,740.4,1.0,0.0014999999999999979,BTC,82507.24,1528.35
2026-10-10T00:41:58.683869+00:00,BTC-16OCT26-75000-C,82606.8,BTC-16OCT26,call,75000.0,2026-10-16T08:00:00+00:00,0.017259909376219993,0.0905,0.0955,0.09317391,0.093,82606.8,BTC-16OCT26,0.4409,0.95495,10.29874,0.2,0.1,0.0050000000000000044,BTC,82507.24,771.8
2026-10-10T00:41:58.683869+00:00,BTC-26MAR27-150000-P,84527.96,BTC-26MAR27,put,150000.0,2027-03-26T08:00:00+00:00,0.4580538861044883,0.767,0.789,0.77911326,0.778,84527.96,BTC-26MAR27,0.4482,-0.95898,50.32497,0.6,0.0,0.02200000000000002,BTC,82507.24,0.0
2026-10-10T00:41:58.683869+00:00,BTC-27NOV26-84000-P,83134.73,BTC-27NOV26,put,84000.0,2026-11-27T08:00:00+00:00,0.13224964243576826,0.0575,0.0585,0.05797472,0.058,83134.73,BTC-27NOV26,0.36090000000000005,-0.50556,120.62944,86.9,9.8,0.0010000000000000009,BTC,82507.24,46167.5
2026-10-10T00:41:58.683869+00:00,BTC-25DEC26-20000-C,83452.89,BTC-25DEC26,call,20000.0,2026-12-25T08:00:00+00:00,0.2089094644754671,0.76,0.7615,0.76051703,0.76075,83452.89,BTC-25DEC26,1.1128,0.9989,1.40138,5.1,0.0,0.0014999999999999458,BTC,82507.24,0.0
2026-10-10T00:41:58.683869+00:00,BTC-26MAR27-110000-C,84528.06,BTC-26MAR27,call,110000.0,2027-03-26T08:00:00+00:00,0.4580538861044883,0.0245,0.0255,0.02487823,0.025,84528.06,BTC-26MAR27,0.389,0.19245,156.50891,1464.4,18.3,0.0009999999999999974,BTC,82507.24,37287.01
2026-10-10T00:41:58.683869+00:00,BTC-23OCT26-87000-P,82697.09,BTC-23OCT26,put,87000.0,2026-10-23T08:00:00+00:00,0.0364248648861447,0.055,0.0615,0.05903212,0.05825,82697.09,BTC-23OCT26,0.3175,-0.79049,45.43392,2.3,0.0,0.006499999999999999,BTC,82507.24,0.0
2026-10-10T00:41:58.683869+00:00,BTC-26MAR27-125000-C,84528.06,BTC-26MAR27,call,125000.0,2027-03-26T08:00:00+00:00,0.4580538861044883,0.011,0.0125,0.01176466,0.01175,84528.06,BTC-26MAR27,0.4077,0.10032,100.65942,433.7,0.5,0.0015000000000000013,BTC,82507.24,494.01
2026-10-10T00:41:58.683869+00:00,BTC-25DEC26-150000-P,83450.25,BTC-25DEC26,put,150000.0,2026-12-25T08:00:00+00:00,0.2089094644754671,0.79,0.8035,0.79809073,0.79675,83450.25,BTC-25DEC26,0.5125,-0.99146,8.85425,4.4,0.0,0.013499999999999956,BTC,82507.24,0.0
2026-10-10T00:41:58.683869+00:00,BTC-25JUN27-120000-P,85678.91,BTC-25JUN27,put,120000.0,2027-06-25T08:00:00+00:00,0.7071983077335096,0.4225,0.4405,0.43239031,0.4315,85678.91,BTC-25JUN27,0.3958,-0.80114,201.08298,0.9,0.0,0.018000000000000016,BTC,82507.24,0.0
2026-10-10T00:41:58.683869+00:00,BTC-25JUN27-114000-P,85681.55,BTC-25JUN27,put,114000.0,2027-06-25T08:00:00+00:00,0.7071983077335096,0.3625,0.382,0.3708087,0.37225,85681.55,BTC-25JUN27,0.3918,-0.75861,224.75905,0.0,0.0,0.019500000000000017,BTC,82507.24,0.0
2026-10-10T00:41:58.683869+00:00,BTC-30OCT26-87000-P,82790.09,BTC-30OCT26,put,87000.0,2026-10-30T08:00:00+00:00,0.055589820396069405,0.059,0.066,0.06331919,0.0625,82790.09,BTC-30OCT26,0.3276,-0.72716,64.89474,429.9,98.0,0.007000000000000006,BTC,82507.24,539843.28
2026-10-10T00:41:58.683869+00:00,BTC-10OCT26-82000-C,82518.75,BTC-10OCT26,call,82000.0,2026-10-10T08:00:00+00:00,0.0008328046534273835,0.0049,0.009,0.00673466,0.00695,82518.75,BTC-10OCT26,0.2079,0.85071,5.52966,28.1,25.8,0.0040999999999999995,BTC,82507.24,18906.13
2026-10-10T00:41:58.683869+00:00,BTC-30OCT26-63000-P,82790.06,BTC-30OCT26,put,63000.0,2026-10-30T08:00:00+00:00,0.055589820396069405,0.0007,0.0008,0.00069691,0.00075,82790.06,BTC-30OCT26,0.5475,-0.01465,7.24495,1275.5,49.3,0.00010000000000000005,BTC,82507.24,2654.47
2026-10-10T00:41:58.683869+00:00,BTC-25JUN27-64000-P,85681.55,BTC-25JUN27,put,64000.0,2027-06-25T08:00:00+00:00,0.7071983077335096,0.034,0.0355,0.03473987,0.03475,85681.55,BTC-25JUN27,0.4199,-0.15811,173.99968,63.9,0.0,0.0014999999999999944,BTC,82507.24,0.0
2026-10-10T00:41:58.683869+00:00,BTC-25JUN27-95000-C,85678.91,BTC-25JUN27,call,95000.0,2027-06-25T08:00:00+00:00,0.7071983077335096,0.0865,0.0885,0.08752066,0.0875,85678.91,BTC-25JUN27,0.3835,0.43684,283.9152,57.8,0.0,0.0020000000000000018,BTC,82507.24,0.0
2026-10-10T00:41:58.683869+00:00,BTC-25JUN27-65000-C,85678.91,BTC-25JUN27,call,65000.0,2027-06-25T08:00:00+00:00,0.7071983077335096,0.277,0.28,0.27859012,0.2785,85678.91,BTC-25JUN27,0.4171,0.83209,180.93686,9.0,0.0,0.0030000000000000027,BTC,82507.24,0.0
2026-10-10T00:41:58.683869+00:00,BTC-25DEC26-98000-C,83450.25,BTC-25DEC26,call,98000.0,2026-12-25T08:00:00+00:00,0.2089094644754671,0.017,0.0175,0.01740807,0.01725,83450.25,BTC-25DEC26,0.37520000000000003,0.19718,105.90009,986.2,2.6,0.0005000000000000004,BTC,82507.24,3762.13
2026-10-10T00:41:58.683869+00:00,BTC-30OCT26-79000-P,82790.06,BTC-30OCT26,put,79000.0,2026-10-30T08:00:00+00:00,0.055589820396069405,0.0135,0.014,0.01370965,0.01375,82790.06,BTC-30OCT26,0.3421,-0.26753,64.25991,1653.7,226.6,0.0005000000000000004,BTC,82507.24,253160.91
2026-10-10T00:41:58.683869+00:00,BTC-16OCT26-79000-C,82606.8,BTC-16OCT26,call,79000.0,2026-10-16T08:00:00+00:00,0.017259909376219993,0.045,0.0505,0.04747513,0.04775,82606.8,BTC-16OCT26,0.3454,0.84238,26.15283,11.6,1.0,0.005500000000000005,BTC,82507.24,3913.53
2026-10-10T00:41:58.683869+00:00,BTC-30OCT26-98000-C,82790.06,BTC-30OCT26,call,98000.0,2026-10-30T08:00:00+00:00,0.055589820396069405,0.0008,0.0009,0.00084806,0.00085,82790.06,BTC-30OCT26,0.3624,0.02674,12.07036,1971.2,119.4,9.999999999999994e-05,BTC,82507.24,9893.27
2026-10-10T00:41:58.683869+00:00,BTC-25DEC26-108000-P,83450.25,BTC-25DEC26,put,108000.0,2026-12-25T08:00:00+00:00,0.2089094644754671,0.2965,0.307,0.30116653,0.30175,83450.25,BTC-25DEC26,0.39399999999999996,-0.9102,61.8508,0.1,0.0,0.01050000000000001,BTC,82507.24,0.0
2026-10-10T00:41:58.683869+00:00,BTC-16OCT26-80000-P,82606.8,BTC-16OCT26,put,80000.0,2026-10-16T08:00:00+00:00,0.017259909376219993,0.0055,0.006,0.00568031,0.00575,82606.8,BTC-16OCT26,0.32939999999999997,-0.22357,32.43786,2256.4,105.6,0.0005000000000000004,BTC,82506.86,58080.07
2026-10-10T00:41:58.683869+00:00,BTC-25JUN27-74000-P,85681.55,BTC-25JUN27,put,74000.0,2027-06-25T08:00:00+00:00,0.7071983077335096,0.066,0.068,0.06699004,0.067,85681.55,BTC-25JUN27,0.397,-0.27238,239.3485,21.6,10.0,0.0020000000000000018,BTC,82507.24,56156.99
2026-10-10T00:41:58.683869+00:00,BTC-27NOV26-66000-C,83134.73,BTC-27NOV26,call,66000.0,2026-11-27T08:00:00+00:00,0.13224964243576826,0.209,0.215,0.21159207,0.212,83134.73,BTC-27NOV26,0.45549999999999996,0.92993,40.63273,0.1,0.0,0.006000000000000005,BTC,82506.86,0.0
2026-10-10T00:41:58.683869+00:00,BTC-25DEC26-115000-C,83452.89,BTC-25DEC26,call,115000.0,2026-12-25T08:00:00+00:00,0.2089094644754671,0.0039,0.0043,0.00403496,0.0041,83452.89,BTC-25DEC26,0.4125,0.05414,41.91278,2325.2,2.6,0.0004000000000000002,BTC,82506.86,981.07
2026-10-10T00:41:58.683869+00:00,BTC-24SEP27-106000-C,86794.66,BTC-24SEP27,call,106000.0,2027-09-24T08:00:00+00:00,0.9563427293625307,0.0785,0.081,0.07978059,0.07975,86794.66,BTC-24SEP27,0.3906,0.36983,320.51543,0.1,0.0,0.0025000000000000022,BTC,82506.86,0.0
2026-10-10T00:41:58.683869+00:00,BTC-26MAR27-140000-P,84528.06,BTC-26MAR27,put,140000.0,2027-03-26T08:00:00+00:00,0.4580538861044883,0.652,0.672,0.66275875,0.662,84528.06,BTC-26MAR27,0.4329,-0.94241,66.00804,10.9,0.0,0.020000000000000018,BTC,82506.86,0.0
2026-10-10T00:41:58.683869+00:00,BTC-12OCT26-85500-C,82536.68,BTC-12OCT26,call,85500.0,2026-10-12T08:00:00+00:00,0.006308506227691586,0.0002,0.0004,0.00028726,0.0003,82536.68,BTC-12OCT26,0.24710000000000001,0.03683,5.28191,150.5,167.1,0.0002,BTC,82506.86,13823.69
2026-10-10T00:41:58.683869+00:00,BTC-11OCT26-83000-C,82520.57,BTC-11OCT26,call,83000.0,2026-10-11T08:00:00+00:00,0.003570655440559485,0.0015,0.0018,0.00160971,0.00165,82520.57,BTC-11OCT26,0.1603,0.27247,16.37861,235.4,240.5,0.0002999999999999999,BTC,82506.86,50929.25
2026-10-10T00:41:58.683869+00:00,BTC-25DEC26-80000-P,83452.89,BTC-25DEC26,put,80000.0,2026-12-25T08:00:00+00:00,0.2089094644754671,0.0475,0.048,0.04784173,0.04775,83452.89,BTC-25DEC26,0.37270000000000003,-0.36979,144.02074,2343.9,82.0,0.0005000000000000004,BTC,82506.86,326615.94
2026-10-10T00:41:58.683869+00:00,BTC-25JUN27-116000-C,85681.55,BTC-25JUN27,call,116000.0,2027-06-25T08:00:00+00:00,0.7071983077335096,0.0365,0.038,0.03725341,0.03725,85681.55,BTC-25JUN27,0.3933,0.2265,216.96836,9.9,0.0,0.0015000000000000013,BTC,82506.86,0.0
2026-10-10T00:41:58.683869+00:00,BTC-10OCT26-84500-C,82518.75,BTC-10OCT26,call,84500.0,2026-10-10T08:00:00+00:00,0.0008328046534273835,,0.0002,2.029e-05,,82518.75,BTC-10OCT26,0.3308,0.00637,0.42668,52.9,47.2,,BTC,82506.86,3119.07
2026-10-10T00:41:58.683869+00:00,BTC-26MAR27-70000-P,84528.52,BTC-26MAR27,put,70000.0,2027-03-26T08:00:00+00:00,0.4580538861044883,0.0355,0.0365,0.03573969,0.036,84528.52,BTC-26MAR27,0.40259999999999996,-0.20387,162.05191,530.8,4.6,0.0010000000000000009,BTC,82506.86,13716.26
2026-10-10T00:41:58.683869+00:00,BTC-25JUN27-86000-C,85678.91,BTC-25JUN27,call,86000.0,2027-06-25T08:00:00+00:00,0.7071983077335096,0.126,0.128,0.12708295,0.127,85678.91,BTC-25JUN27,0.38520000000000004,0.55973,284.29805,42.8,0.6,0.0020000000000000018,BTC,82506.86,6446.51
2026-10-10T00:41:58.683869+00:00,BTC-27NOV26-100000-C,83134.73,BTC-27NOV26,call,100000.0,2026-11-27T08:00:00+00:00,0.13224964243576826,0.006,0.0065,0.00635024,0.00625,83134.73,BTC-27NOV26,0.3796,0.10215,53.90189,579.7,4.9,0.0004999999999999996,BTC,82506.86,2605.54
2026-10-10T00:41:58.683869+00:00,BTC-26MAR27-64000-C,84528.06,BTC-26MAR27,call,64000.0,2027-03-26T08:00:00+00:00,0.4580538861044883,0.2605,0.2685,0.26483935,0.2645,84528.06,BTC-26MAR27,0.42450000000000004,0.86681,123.09492,137.9,0.0,0.008000000000000007,BTC,82506.86,0.0
2026-10-10T00:41:58.683869+00:00,BTC-25DEC26-82000-P,83450.25,BTC-25DEC26,put,82000.0,2026-12-25T08:00:00+00:00,0.2089094644754671,0.058,0.059,0.05829093,0.0585,83450.25,BTC-25DEC26,0.3689,-0.42557,149.54485,880.6,6.7,0.000999999999999994,BTC,82506.86,32679.74
2026-10-10T00:41:58.683869+00:00,BTC-25DEC26-90000-P,83450.25,BTC-25DEC26,put,90000.0,2026-12-25T08:00:00+00:00,0.2089094644754671,0.1115,0.1195,0.11556037,0.1155,83450.25,BTC-25DEC26,0.3666,-0.64345,142.25284,652.3,0.0,0.007999999999999993,BTC,82506.86,0.0
2026-10-10T00:41:58.683869+00:00,BTC-26MAR27-50000-C,84528.06,BTC-26MAR27,call,50000.0,2027-03-26T08:00:00+00:00,0.4580538861044883,0.413,0.419,0.41572026,0.416,84528.06,BTC-26MAR27,0.5085000000000001,0.95516,54.07932,21.6,0.0,0.006000000000000005,BTC,82506.86,0.0
2026-10-10T00:41:58.683869+00:00,BTC-23OCT26-94000-P,82697.09,BTC-23OCT26,put,94000.0,2026-10-23T08:00:00+00:00,0.0364248648861447,0.135,0.141,0.13748081,0.138,82697.09,BTC-23OCT26,0.35340000000000005,-0.96898,11.04195,0.2,0.0,0.005999999999999978,BTC,82506.86,0.0
2026-10-10T00:41:58.683869+00:00,BTC-30OCT26-74000-P,82790.06,BTC-30OCT26,put,74000.0,2026-10-30T08:00:00+00:00,0.055589820396069405,0.0047,0.0055,0.00502899,0.0051,82790.06,BTC-30OCT26,0.3982,-0.10736,36.07835,1268.0,86.5,0.0007999999999999995,BTC,82506.86,34654.36
2026-10-10T00:41:58.683869+00:00,BTC-24SEP27-90000-C,86794.62,BTC-24SEP27,call,90000.0,2027-09-24T08:00:00+00:00,0.9563427293625307,0.135,0.1375,0.13635999,0.13625,86794.62,BTC-24SEP27,0.39020000000000005,0.5381,337.16611,15.0,0.2,0.0025000000000000022,BTC,82506.86,2195.78
2026-10-10T00:41:58.683869+00:00,BTC-24SEP27-130000-C,86794.62,BTC-24SEP27,call,130000.0,2027-09-24T08:00:00+00:00,0.9563427293625307,0.037,0.039,0.03819743,0.038,86794.62,BTC-24SEP27,0.4042,0.20485,241.12475,46.3,0.0,0.0020000000000000018,BTC,82506.86,0.0
2026-10-10T00:41:58.683869+00:00,BTC-25JUN27-140000-P,85681.55,BTC-25JUN27,put,140000.0,2027-06-25T08:00:00+00:00,0.7071983077335096,0.6385,0.66,0.65032269,0.64925,85681.55,BTC-25JUN27,0.4172,-0.88947,135.99072,3.4,0.0,0.021500000000000075,BTC,82506.86,0.0
2026-10-10T00:41:58.683869+00:00,BTC-25DEC26-180000-P,83450.25,BTC-25DEC26,put,180000.0,2026-12-25T08:00:00+00:00,0.2089094644754671,1.1475,1.1665,1.15716846,1.157,83450.25,BTC-25DEC26,0.5786,-0.99723,3.248,0.1,0.0,0.019000000000000128,BTC,82506.86,0.0
2026-10-10T00:41:58.683869+00:00,BTC-12OCT26-83500-C,82536.44,BTC-12OCT26,call,83500.0,2026-10-12T08:00:00+00:00,0.006308506227691586,0.0023,0.0025,0.00234935,0.0024,82536.44,BTC-12OCT26,0.2073,0.24241,20.49339,89.6,82.7,0.0002000000000000001,BTC,82506.86,40335.83
2026-10-10T00:41:58.683869+00:00,BTC-24SEP27-112000-P,86794.62,BTC-24SEP27,put,112000.0,2027-09-24T08:00:00+00:00,0.9563427293625307,0.3465,0.369,0.3561445,0.35775,86794.62,BTC-24SEP27,0.3931,-0.68114,303.16699,0.0,0.0,0.02250000000000002,BTC,82506.86,0.0
2026-10-10T00:41:58.683869+00:00,BTC-27NOV26-110000-P,83134.73,BTC-27NOV26,put,110000.0,2026-11-27T08:00:00+00:00,0.13224964243576826,0.3195,0.329,0.32524863,0.32425,83134.73,BTC-27NOV26,0.4131,-0.96319,24.35323,0.0,0.0,0.009500000000000008,BTC,82506.86,0.0
2026-10-10T00:41:58.683869+00:00,BTC-13OCT26-79000-C,82554.59,BTC-13OCT26,call,79000.0,2026-10-13T08:00:00+00:00,0.009046357014823687,0.0415,0.0475,0.04424029,0.0445,82554.59,BTC-13OCT26,0.3345,0.9186,11.82876,0.0,0.0,0.005999999999999998,BTC,82506.86,0.0
2026-10-10T00:41:58.683869+00:00,BTC-25JUN27-76000-C,85678.91,BTC-25JUN27,call,76000.0,2027-06-25T08:00:00+00:00,0.7071983077335096,0.187,0.1895,0.18884295,0.18825,85678.91,BTC-25JUN27,0.3948,0.70085,250.27001,73.2,0.1,0.0025000000000000022,BTC,82506.86,1541.92
2026-10-10T00:41:58.683869+00:00,BTC-25DEC26-35000-P,83452.89,BTC-25DEC26,put,35000.0,2026-12-25T08:00:00+00:00,0.2089094644754671,0.0007,0.0008,0.00079295,0.00075,83452.89,BTC-25DEC26,0.8149,-0.0059,6.39242,2149.6,9.6,0.00010000000000000005,BTC,82506.86,634.18
2026-10-10T00:41:58.683869+00:00,BTC-13OCT26-84000-C,82554.6,BTC-13OCT26,call,84000.0,2026-10-13T08:00:00+00:00,0.009046357014823687,0.0034,0.0036,0.00350435,0.0035,82554.6,BTC-13OCT26,0.2583,0.24266,24.55961,5.1,5.1,0.0002000000000000001,BTC,82506.86,1364.68
2026-10-10T00:41:58.683869+00:00,BTC-24SEP27-98000-P,86794.66,BTC-24SEP27,put,98000.0,2027-09-24T08:00:00+00:00,0.9563427293625307,0.2305,0.236,0.23341261,0.23325,86794.66,BTC-24SEP27,0.3896,-0.55102,335.93656,0.0,0.0,0.005499999999999977,BTC,82506.86,0.0
2026-10-10T00:41:58.683869+00:00,BTC-30OCT26-61000-C,82790.06,BTC-30OCT26,call,61000.0,2026-10-30T08:00:00+00:00,0.055589820396069405,0.2615,0.266,0.26359149,0.26375,82790.06,BTC-30OCT26,0.5594,0.99137,4.57658,17.7,0.0,0.004500000000000004,BTC,82506.86,0.0
2026-10-10T00:41:58.683869+00:00,BTC-26MAR27-50000-P,84528.06,BTC-26MAR27,put,50000.0,2027-03-26T08:00:00+00:00,0.4580538861044883,0.007,0.0075,0.00724457,0.00725,84528.06,BTC-26MAR27,0.5085000000000001,-0.04484,54.07932,2331.0,1.2,0.0004999999999999996,BTC,82506.86,695.46
2026-10-10T00:41:58.683869+00:00,BTC-30OCT26-92000-P,82790.06,BTC-30OCT26,put,92000.0,2026-10-30T08:00:00+00:00,0.055589820396069405,0.112,0.1175,0.11499606,0.11475,82790.06,BTC-30OCT26,0.3407,-0.89861,34.6112,2.6,0.0,0.005499999999999991,BTC,82506.86,0.0
2026-10-10T00:41:58.683869+00:00,BTC-23OCT26-100000-C,82697.09,BTC-23OCT26,call,100000.0,2026-10-23T08:00:00+00:00,0.0364248648861447,0.0001,0.0003,0.00018071,0.0002,82697.09,BTC-23OCT26,0.40159999999999996,0.00733,3.20313,361.7,60.4,0.00019999999999999998,BTC,82506.86,2392.21
2026-10-10T00:41:58.683869+00:00,BTC-26MAR27-190000-C,84528.06,BTC-26MAR27,call,190000.0,2027-03-26T08:00:00+00:00,0.4580538861044883,0.0018,0.002,0.00189338,0.0019,84528.06,BTC-26MAR27,0.5196000000000001,0.01672,23.78332,730.5,1.4,0.0002000000000000001,BTC,82506.86,218.24
2026-10-10T00:41:58.683869+00:00,BTC-13OCT26-78000-C,82554.59,BTC-13OCT26,call,78000.0,2026-10-13T08:00:00+00:00,0.009046357014823687,0.0535,0.059,0.0559563,0.05625,82554.59,BTC-13OCT26,0.3715,0.94743,8.42924,0.0,0.0,0.005499999999999998,BTC,82506.86,0.0
2026-10-10T00:41:58.683869+00:00,BTC-25DEC26-110000-C,83452.89,BTC-25DEC26,call,110000.0,2026-12-25T08:00:00+00:00,0.2089094644754671,0.0055,0.0065,0.00599052,0.006,83452.89,BTC-25DEC26,0.4,0.07787,55.56826,2968.4,0.5,0.001,BTC,82506.86,254.38
2026-10-10T00:41:58.683869+00:00,BTC-24SEP27-65000-P,86794.66,BTC-24SEP27,put,65000.0,2027-09-24T08:00:00+00:00,0.9563427293625307,0.0475,0.05,0.04874387,0.04875,86794.66,BTC-24SEP27,0.4156,-0.18026,222.98826,4.9,0.1,0.0025000000000000022,BTC,82506.86,387.17
2026-10-10T00:41:58.683869+00:00,BTC-25JUN27-190000-P,85681.55,BTC-25JUN27,put,190000.0,2027-06-25T08:00:00+00:00,0.7071983077335096,1.2085,1.242,1.22262919,1.22525,85681.55,BTC-25JUN27,0.4746,-0.96371,57.37291,0.6,0.0,0.033500000000000085,BTC,82506.86,0.0
2026-10-10T00:41:58.683869+00:00,BTC-11OCT26-84000-P,82520.74,BTC-11OCT26,put,84000.0,2026-10-11T08:00:00+00:00,0.003570655440559485,0.015,0.021,0.01817886,0.018,82520.74,BTC-11OCT26,0.18420000000000003,-0.94678,5.34469,0.4,0.0,0.006000000000000002,BTC,82506.86,0.0
2026-10-10T00:41:58.683869+00:00,BTC-25JUN27-102000-P,85678.91,BTC-25JUN27,put,102000.0,2027-06-25T08:00:00+00:00,0.7071983077335096,0.2495,0.266,0.25589698,0.25775,85678.91,BTC-25JUN27,0.3851,-0.64669,267.86454,0.0,0.0,0.016500000000000015,BTC,82506.86,0.0
2026-10-10T00:41:58.683869+00:00,BTC-26MAR27-76000-P,84528.67,BTC-26MAR27,put,76000.0,2027-03-26T08:00:00+00:00,0.4580538861044883,0.0565,0.057,0.05668331,0.05675,84528.67,BTC-26MAR27,0.38770000000000004,-0.29597,197.7352,719.8,21.6,0.0005000000000000004,BTC,82506.86,99730.91
2026-10-10T00:41:58.683869+00:00,BTC-30OCT26-98000-P,82789.7,BTC-30OCT26,put,98000.0,2026-10-30T08:00:00+00:00,0.055589820396069405,0.1805,0.187,0.18456508,0.18375,82789.7,BTC-30OCT26,0.3624,-0.97327,12.06863,27.0,0.0,0.006500000000000006,BTC,82506.86,0.0
2026-10-10T00:41:58.683869+00:00,BTC-30OCT26-64000-C,82790.09,BTC-30OCT26,call,64000.0,2026-10-30T08:00:00+00:00,0.055589820396069405,0.2255,0.2305,0.22775727,0.228,82790.09,BTC-30OCT26,0.5304,0.98298,8.23989,416.9,11.0,0.0050000000000000044,BTC,82506.86,205868.52
2026-10-10T00:41:58.683869+00:00,BTC-25DEC26-82000-C,83450.25,BTC-25DEC26,call,82000.0,2026-12-25T08:00:00+00:00,0.2089094644754671,0.075,0.0765,0.07567414,0.07575,83450.25,BTC-25DEC26,0.3689,0.57443,149.54485,1319.4,23.3,0.0015000000000000013,BTC,82506.86,148722.41
2026-10-10T00:41:58.683869+00:00,BTC-16OCT26-81000-C,82606.8,BTC-16OCT26,call,81000.0,2026-10-16T08:00:00+00:00,0.017259909376219993,0.027,0.029,0.02789524,0.028,82606.8,BTC-16OCT26,0.3153,0.68888,38.35534,86.7,7.4,0.0020000000000000018,BTC,82507.28,17986.1
2026-10-10T00:41:58.683869+00:00,BTC-11OCT26-84500-P,82520.74,BTC-11OCT26,put,84500.0,2026-10-11T08:00:00+00:00,0.003570655440559485,0.021,0.0265,0.02417218,0.02375,82520.74,BTC-11OCT26,0.21899999999999997,-0.96477,3.83076,0.7,0.0,0.005499999999999998,BTC,82507.28,0.0
2026-10-10T00:41:58.683869+00:00,BTC-12OCT26-89000-C,82536.68,BTC-12OCT26,call,89000.0,2026-10-12T08:00:00+00:00,0.006308506227691586,,0.0001,1.56e-05,,82536.68,BTC-12OCT26,0.3292,0.00204,0.42372,63.0,0.2,,BTC,82507.28,2.48
2026-10-10T00:41:58.683869+00:00,BTC-27NOV26-115000-P,83134.73,BTC-27NOV26,put,115000.0,2026-11-27T08:00:00+00:00,0.13224964243576826,0.379,0.389,0.38463493,0.384,83134.73,BTC-27NOV26,0.43320000000000003,-0.97619,16.96774,0.2,0.0,0.010000000000000009,BTC,82507.28,0.0
2026-10-10T00:41:58.683869+00:00,BTC-11OCT26-81000-C,82520.69,BTC-11OCT26,call,81000.0,2026-10-11T08:00:00+00:00,0.003570655440559485,0.0175,0.021,0.01918283,0.01925,82520.69,BTC-11OCT26,0.25,0.89416,9.01814,32.4,0.0,0.0034999999999999996,BTC,82507.28,0.0
2026-10-10T00:41:58.683869+00:00,BTC-13OCT26-86000-P,82554.67,BTC-13OCT26,put,86000.0,2026-10-13T08:00:00+00:00,0.009046357014823687,0.0395,0.0455,0.04255025,0.0425,82554.67,BTC-13OCT26,0.2863,-0.93202,10.30834,0.0,0.0,0.005999999999999998,BTC,82506.86,0.0
2026-10-10T00:41:58.683869+00:00,BTC-25JUN27-108000-P,85681.55,BTC-25JUN27,put,108000.0,2027-06-25T08:00:00+00:00,0.7071983077335096,0.304,0.321,0.31167177,0.3125,85681.55,BTC-25JUN27,0.38799999999999996,-0.70761,247.65425,0.2,0.0,0.017000000000000015,BTC,82507.28,0.0
2026-10-10T00:41:58.683869+00:00,BTC-27NOV26-64000-C,83134.84,BTC-27NOV26,call,64000.0,2026-11-27T08:00:00+00:00,0.13224964243576826,0.232,0.238,0.23461535,0.235,83134.84,BTC-27NOV26,0.4788,0.94389,34.17618,0.2,0.0,0.005999999999999978,BTC,82507.28,0.0
2026-10-10T00:41:58.683869+00:00,BTC-13OCT26-76000-C,82554.59,BTC-13OCT26,call,76000.0,2026-10-13T08:00:00+00:00,0.009046357014823687,0.0775,0.082,0.07985319,0.07975,82554.59,BTC-13OCT26,0.4572,0.97249,4.97165,0.0,0.0,0.004500000000000004,BTC,82507.28,0.0
2026-10-10T00:41:58.683869+00:00,BTC-12OCT26-75000-P,82536.68,BTC-12OCT26,put,75000.0,2026-10-12T08:00:00+00:00,0.006308506227691586,0.0001,0.0002,0.00015088,0.00015,82536.68,BTC-12OCT26,0.5265,-0.0105,1.82301,1.4,1.3,0.0001,BTC,82507.14,15.71
2026-10-10T00:41:58.683869+00:00,BTC-25DEC26-130000-P,83452.89,BTC-25DEC26,put,130000.0,2026-12-25T08:00:00+00:00,0.2089094644754671,0.554,0.565,0.55935255,0.5595,83452.89,BTC-25DEC26,0.45539999999999997,-0.97857,19.58121,57.0,0.0,0.010999999999999899,BTC,82507.28,0.0
2026-10-10T00:41:58.683869+00:00,BTC-25DEC26-106000-C,83450.25,BTC-25DEC26,call,106000.0,2026-12-25T08:00:00+00:00,0.2089094644754671,0.008,0.0085,0.00834561,0.00825,83450.25,BTC-25DEC26,0.3899,0.10507,69.40364,614.3,0.0,0.0005000000000000004,BTC,82507.14,0.0
2026-10-10T00:41:58.683869+00:00,BTC-25DEC26-30000-C,83452.89,BTC-25DEC26,call,30000.0,2026-12-25T08:00:00+00:00,0.2089094644754671,0.64,0.642,0.64099853,0.641,83452.89,BTC-25DEC26,0.897,0.99653,3.98256,300.8,0.0,0.0020000000000000018,BTC,82507.14,0.0
2026-10-10T00:41:58.683869+00:00,BTC-27NOV26-75000-P,83134.73,BTC-27NOV26,put,75000.0,2026-11-27T08:00:00+00:00,0.13224964243576826,0.0175,0.018,0.01793496,0.01775,83134.73,BTC-27NOV26,0.3856,-0.21081,87.34893,2240.0,3.5,0.000499999999999997,BTC,82507.14,5109.28
2026-10-10T00:41:58.683869+00:00,BTC-25DEC26-180000-C,83452.89,BTC-25DEC26,call,180000.0,2026-12-25T08:00:00+00:00,0.2089094644754671,0.0002,0.0003,0.00020477,0.00025,83452.89,BTC-25DEC26,0.5786,0.00277,3.24788,941.0,0.1,9.999999999999996e-05,BTC,82507.14,1.65
2026-10-10T00:41:58.683869+00:00,BTC-25DEC26-106000-P,83450.25,BTC-25DEC26,put,106000.0,2026-12-25T08:00:00+00:00,0.2089094644754671,0.273,0.283,0.27855756,0.278,83450.25,BTC-25DEC26,0.3899,-0.89493,69.40364,0.2,0.0,0.009999999999999953,BTC,82507.14,0.0
2026-10-10T00:41:58.683869+00:00,BTC-30OCT26-94000-C,82790.06,BTC-30OCT26,call,94000.0,2026-10-30T08:00:00+00:00,0.055589820396069405,0.0022,0.0024,0.0022612,0.0023,82790.06,BTC-30OCT26,0.3468,0.06515,24.80045,1555.0,2.1,0.00019999999999999966,BTC,82507.14,485.47
2026-10-10T00:41:58.683869+00:00,BTC-26MAR27-88000-P,84527.96,BTC-26MAR27,put,88000.0,2027-03-26T08:00:00+00:00,0.4580538861044883,0.125,0.126,0.12569329,0.1255,84527.96,BTC-26MAR27,0.3779,-0.51188,228.18388,69.2,2.1,0.0010000000000000009,BTC,82506.31,21904.46
2026-10-10T00:41:58.683869+00:00,BTC-30OCT26-57000-P,82790.06,BTC-30OCT26,put,57000.0,2026-10-30T08:00:00+00:00,0.055589820396069405,0.0001,0.0003,0.00018258,0.0002,82790.06,BTC-30OCT26,0.6119,-0.00392,2.27373,213.8,1.5,0.00019999999999999998,BTC,82506.31,20.62
2026-10-10T00:41:58.683869+00:00,BTC-10OCT26-83500-P,82518.75,BTC-10OCT26,put,83500.0,2026-10-10T08:00:00+00:00,0.0008328046534273835,0.0105,0.0135,0.01203633,0.012,82518.75,BTC-10OCT26,0.24539999999999998,-0.95311,2.33114,91.0,11.0,0.002999999999999999,BTC,82506.31,7364.47
2026-10-10T00:41:58.683869+00:00,BTC-13OCT26-81500-C,82554.59,BTC-13OCT26,call,81500.0,2026-10-13T08:00:00+00:00,0.009046357014823687,0.017,0.019,0.01781484,0.018,82554.59,BTC-13OCT26,0.2699,0.69482,27.51477,0.0,0.0,0.0019999999999999983,BTC,82507.14,0.0
2026-10-10T00:41:58.683869+00:00,BTC-24SEP27-180000-C,86794.66,BTC-24SEP27,call,180000.0,2027-09-24T08:00:00+00:00,0.9563427293625307,0.0115,0.0125,0.01199154,0.012,86794.66,BTC-24SEP27,0.44530000000000003,0.07259,117.21552,53.2,0.0,0.0010000000000000009,BTC,82506.31,0.0
2026-10-10T00:41:58.683869+00:00,BTC-25DEC26-62000-P,83452.89,BTC-25DEC26,put,62000.0,2026-12-25T08:00:00+00:00,0.2089094644754671,0.0065,0.007,0.0067445,0.00675,83452.89,BTC-25DEC26,0.46520000000000006,-0.06648,49.22237,1557.6,0.3,0.0005000000000000004,BTC,82506.31,168.73
2026-10-10T00:41:58.683869+00:00,BTC-24SEP27-140000-C,86794.62,BTC-24SEP27,call,140000.0,2027-09-24T08:00:00+00:00,0.9563427293625307,0.0285,0.03,0.02924022,0.02925,86794.62,BTC-24SEP27,0.41240000000000004,0.1627,208.8446,508.7,0.0,0.0014999999999999979,BTC,82506.31,0.0
2026-10-10T00:41:58.683869+00:00,BTC-25JUN27-96000-C,85681.55,BTC-25JUN27,call,96000.0,2027-06-25T08:00:00+00:00,0.7071983077335096,0.083,0.085,0.08401151,0.084,85681.55,BTC-25JUN27,0.38380000000000003,0.42424,282.32179,151.5,0.0,0.0020000000000000018,BTC,82506.31,0.0
2026-10-10T00:41:58.683869+00:00,BTC-23OCT26-90000-C,82697.09,BTC-23OCT26,call,90000.0,2026-10-23T08:00:00+00:00,0.0364248648861447,0.0026,0.0029,0.00274485,0.00275,82697.09,BTC-23OCT26,0.3306,0.09499,26.68002,494.5,465.6,0.0002999999999999999,BTC,82506.31,166721.76
2026-10-10T00:41:58.683869+00:00,BTC-26MAR27-200000-C,84528.06,BTC-26MAR27,call,200000.0,2027-03-26T08:00:00+00:00,0.4580538861044883,0.0015,0.0018,0.00164554,0.00165,84528.06,BTC-26MAR27,0.5368999999999999,0.01434,20.84984,505.0,0.0,0.0002999999999999999,BTC,82505.59,0.0
2026-10-10T00:41:58.683869+00:00,BTC-13OCT26-77000-C,82554.59,BTC-13OCT26,call,77000.0,2026-10-13T08:00:00+00:00,0.009046357014823687,0.0655,0.0705,0.06787003,0.068,82554.59,BTC-13OCT26,0.4142,0.96286,6.37032,0.0,0.0,0.0049999999999999906,BTC,82506.31,0.0
2026-10-10T00:41:58.683869+00:00,BTC-30OCT26-60000-P,82790.06,BTC-30OCT26,put,60000.0,2026-10-30T08:00:00+00:00,0.055589820396069405,0.0003,0.0005,0.00037153,0.0004,82790.06,BTC-30OCT26,0.5816,-0.00791,4.23791,1485.2,4.2,0.00020000000000000004,BTC,82505.59,130.0
2026-10-10T00:41:58.683869+00:00,BTC-30OCT26-52000-P,82790.06,BTC-30OCT26,put,52000.0,2026-10-30T08:00:00+00:00,0.055589820396069405,,0.0001,7.555e-05,,82790.06,BTC-30OCT26,0.6859000000000001,-0.00156,0.98932,164.7,0.1,,BTC,82505.59,0.82
2026-10-10T00:41:58.683869+00:00,BTC-25DEC26-140000-P,83452.89,BTC-25DEC26,put,140000.0,2026-12-25T08:00:00+00:00,0.2089094644754671,0.673,0.6845,0.6785803,0.67875,83452.89,BTC-25DEC26,0.48450000000000004,-0.98697,12.79901,0.3,0.0,0.011499999999999955,BTC,82505.59,0.0
2026-10-10T00:41:58.683869+00:00,BTC-26MAR27-102000-P,84528.06,BTC-26MAR27,put,102000.0,2027-03-26T08:00:00+00:00,0.4580538861044883,0.2375,0.251,0.2451398,0.24425,84528.06,BTC-26MAR27,0.3812,-0.72558,190.73343,0.1,0.0,0.013500000000000012,BTC,82505.59,0.0
2026-10-10T00:41:58.683869+00:00,BTC-24SEP27-92000-P,86794.66,BTC-24SEP27,put,92000.0,2027-09-24T08:00:00+00:00,0.9563427293625307,0.186,0.1895,0.18756077,0.18775,86794.66,BTC-24SEP27,0.3899,-0.48492,338.46362,0.0,0.0,0.003500000000000003,BTC,82505.59,0.0
2026-10-10T00:41:58.683869+00:00,BTC-24SEP27-102000-C,86794.62,BTC-24SEP27,call,102000.0,2027-09-24T08:00:00+00:00,0.9563427293625307,0.09,0.0925,0.09128675,0.09125,86794.62,BTC-24SEP27,0.3901,0.40813,329.6874,6.8,0.0,0.0025000000000000022,BTC,82505.59,0.0
2026-10-10T00:41:58.683869+00:00,BTC-25JUN27-104000-P,85681.55,BTC-25JUN27,put,104000.0,2027-06-25T08:00:00+00:00,0.7071983077335096,0.2675,0.2805,0.27409704,0.274,85681.55,BTC-25JUN27,0.3861,-0.66804,261.62059,0.0,0.0,0.013000000000000012,BTC,82505.59,0.0
2026-10-10T00:41:58.683869+00:00,BTC-25JUN27-98000-P,85681.55,BTC-25JUN27,put,98000.0,2027-06-25T08:00:00+00:00,0.7071983077335096,0.219,0.2235,0.22105983,0.22125,85681.55,BTC-25JUN27,0.384,-0.6005,278.34662,0.1,0.0,0.004500000000000004,BTC,82505.59,0.0
2026-10-10T00:41:58.683869+00:00,BTC-25JUN27-100000-P,85678.91,BTC-25JUN27,put,100000.0,2027-06-25T08:00:00+00:00,0.7071983077335096,0.236,0.241,0.23816776,0.2385,85678.91,BTC-25JUN27,0.3843,-0.62424,273.46525,2.5,0.0,0.0050000000000000044,BTC,82505.59,0.0
2026-10-10T00:41:58.683869+00:00,BTC-16OCT26-86000-C,82606.8,BTC-16OCT26,call,86000.0,2026-10-16T08:00:00+00:00,0.017259909376219993,0.0033,0.0036,0.00339528,0.00345,82606.8,BTC-16OCT26,0.3055,0.1624,26.66831,361.8,195.3,0.0002999999999999999,BTC,82505.59,79843.85
2026-10-10T00:41:58.683869+00:00,BTC-27NOV26-94000-P,83134.73,BTC-27NOV26,put,94000.0,2026-11-27T08:00:00+00:00,0.13224964243576826,0.14,0.149,0.14427739,0.1445,83134.73,BTC-27NOV26,0.36560000000000004,-0.80434,83.54585,4.0,0.0,0.00899999999999998,BTC,82505.59,0.0
2026-10-10T00:41:58.683869+00:00,BTC-13OCT26-91000-C,82554.59,BTC-13OCT26,call,91000.0,2026-10-13T08:00:00+00:00,0.009046357014823687,,0.0001,3.654e-05,,82554.59,BTC-13OCT26,0.37560000000000004,0.00335,0.79438,1.1,1.1,,BTC,82505.59,9.11
2026-10-10T00:41:58.683869+00:00,BTC-16OCT26-95000-C,82606.8,BTC-16OCT26,call,95000.0,2026-10-16T08:00:00+00:00,0.017259909376219993,,0.0002,8.421e-05,,82606.8,BTC-16OCT26,0.409,0.00501,1.57103,313.4,48.8,,BTC,82505.59,1114.26
2026-10-10T00:41:58.683869+00:00,BTC-10OCT26-76000-P,82518.75,BTC-10OCT26,put,76000.0,2026-10-10T08:00:00+00:00,0.0008328046534273835,,0.0001,1.03e-06,,82518.75,BTC-10OCT26,0.8009999999999999,-0.00018,0.01617,33.8,29.7,,BTC,82505.59,246.45
2026-10-10T00:41:58.683869+00:00,BTC-26MAR27-95000-C,84527.96,BTC-26MAR27,call,95000.0,2027-03-26T08:00:00+00:00,0.4580538861044883,0.0565,0.0575,0.05719272,0.057,84527.96,BTC-26MAR27,0.37810000000000005,0.37122,216.28291,460.7,0.1,0.0010000000000000009,BTC,82505.59,469.25
2026-10-10T00:41:58.683869+00:00,BTC-30OCT26-56000-C,82790.06,BTC-30OCT26,call,56000.0,2026-10-30T08:00:00+00:00,0.055589820396069405,0.322,0.326,0.32376927,0.324,82790.06,BTC-30OCT26,0.6373,0.99627,2.17307,0.5,0.0,0.0040000000000000036,BTC,82505.59,0.0
2026-10-10T00:41:58.683869+00:00,BTC-25DEC26-70000-C,83452.89,BTC-25DEC26,call,70000.0,2026-12-25T08:00:00+00:00,0.2089094644754671,0.1735,0.1805,0.17653521,0.177,83452.89,BTC-25DEC26,0.4035,0.8518,88.23659,1884.7,0.0,0.007000000000000006,BTC,82505.59,0.0
2026-10-10T00:41:58.683869+00:00,BTC-25DEC26-30000-P,83450.25,BTC-25DEC26,put,30000.0,2026-12-25T08:00:00+00:00,0.2089094644754671,0.0004,0.0006,0.00049248,0.0005,83450.25,BTC-25DEC26,0.897,-0.00347,3.9828,2297.1,66.2,0.00019999999999999993,BTC,82505.59,2727.26
2026-10-10T00:41:58.683869+00:00,BTC-25JUN27-95000-P,85678.91,BTC-25JUN27,put,95000.0,2027-06-25T08:00:00+00:00,0.7071983077335096,0.1945,0.1985,0.19631614,0.1965,85678.91,BTC-25JUN27,0.3835,-0.56317,283.90961,40.2,0.0,0.0040000000000000036,BTC,82505.59,0.0
2026-10-10T00:41:58.683869+00:00,BTC-24SEP27-70000-C,86794.66,BTC-24SEP27,call,70000.0,2027-09-24T08:00:00+00:00,0.9563427293625307,0.257,0.261,0.25878229,0.259,86794.66,BTC-24SEP27,0.40549999999999997,0.77042,257.5391,9.1,0.0,0.0040000000000000036,BTC,82505.59,0.0
2026-10-10T00:41:58.683869+00:00,BTC-30OCT26-70000-P,82790.09,BTC-30OCT26,put,70000.0,2026-10-30T08:00:00+00:00,0.055589820396069405,0.0022,0.0026,0.00239397,0.0024,82790.09,BTC-30OCT26,0.451,-0.05156,20.63409,3212.1,251.4,0.00039999999999999975,BTC,82505.59,61871.37
2026-10-10T00:41:58.683869+00:00,BTC-25JUN27-82000-P,85678.91,BTC-25JUN27,put,82000.0,2027-06-25T08:00:00+00:00,0.7071983077335096,0.1055,0.108,0.10650817,0.10675,85678.91,BTC-25JUN27,0.38799999999999996,-0.38307,275.08158,54.4,0.1,0.0025000000000000022,BTC,82505.59,869.72
2026-10-10T00:41:58.683869+00:00,BTC-12OCT26-78500-C,82536.39,BTC-12OCT26,call,78500.0,2026-10-12T08:00:00+00:00,0.006308506227691586,0.047,0.052,0.0494554,0.0495,82536.39,BTC-12OCT26,0.37420000000000003,0.95519,6.19317,0.0,0.0,0.0049999999999999975,BTC,82505.59,0.0
2026-10-10T00:41:58.683869+00:00,BTC-25JUN27-200000-C,85681.55,BTC-25JUN27,call,200000.0,2027-06-25T08:00:00+00:00,0.7071983077335096,0.0038,0.0045,0.00413687,0.00415,85681.55,BTC-25JUN27,0.4836,0.03003,49.0734,234.4,0.0,0.0006999999999999997,BTC,82505.59,0.0
2026-10-10T00:41:58.683869+00:00,BTC-30OCT26-68000-C,82790.06,BTC-30OCT26,call,68000.0,2026-10-30T08:00:00+00:00,0.055589820396069405,0.1785,0.1825,0.18038344,0.1805,82790.06,BTC-30OCT26,0.4818,0.96312,15.74823,449.7,0.0,0.0040000000000000036,BTC,82505.59,0.0
2026-10-10T00:41:58.683869+00:00,BTC-23OCT26-87000-C,82697.25,BTC-23OCT26,call,87000.0,2026-10-23T08:00:00+00:00,0.0364248648861447,0.0065,0.0075,0.00699561,0.007,82697.25,BTC-23OCT26,0.3175,0.20944,45.42512,262.1,237.7,0.001,BTC,82505.59,148972.47
2026-10-10T00:41:58.683869+00:00,BTC-27NOV26-75000-C,83134.73,BTC-27NOV26,call,75000.0,2026-11-27T08:00:00+00:00,0.13224964243576826,0.115,0.117,0.11578492,0.116,83134.73,BTC-27NOV26,0.3856,0.78917,87.3539,288.8,0.0,0.0020000000000000018,BTC,82505.59,0.0
2026-10-10T00:41:58.683869+00:00,BTC-30OCT26-100000-C,82790.06,BTC-30OCT26,call,100000.0,2026-10-30T08:00:00+00:00,0.055589820396069405,0.0005,0.0006,0.00054772,0.00055,82790.06,BTC-30OCT26,0.3729,0.01767,8.50907,14561.9,48.3,9.999999999999994e-05,BTC,82505.59,3279.32
2026-10-10T00:41:58.683869+00:00,BTC-11OCT26-75000-P,82520.69,BTC-11OCT26,put,75000.0,2026-10-11T08:00:00+00:00,0.003570655440559485,,0.0001,3.785e-05,,82520.69,BTC-11OCT26,0.5954999999999999,-0.00346,0.51249,16.5,2.3,,BTC,82505.59,36.3
2026-10-10T00:41:58.683869+00:00,BTC-25DEC26-105000-C,83452.89,BTC-25DEC26,call,105000.0,2026-12-25T08:00:00+00:00,0.2089094644754671,0.009,0.0095,0.00912749,0.00925,83452.89,BTC-25DEC26,0.38789999999999997,0.11368,73.44664,1061.5,1.6,0.0005000000000000004,BTC,82505.59,1383.63
2026-10-10T00:41:58.683869+00:00,BTC-11OCT26-80000-P,82520.57,BTC-11OCT26,put,80000.0,2026-10-11T08:00:00+00:00,0.003570655440559485,0.0005,0.0006,0.00051397,0.00055,82520.57,BTC-11OCT26,0.3347,-0.05974,5.85419,612.1,159.5,9.999999999999994e-05,BTC,82505.59,12320.71
2026-10-10T00:41:58.683869+00:00,BTC-24SEP27-160000-C,86794.66,BTC-24SEP27,call,160000.0,2027-09-24T08:00:00+00:00,0.9563427293625307,0.0175,0.0185,0.01799259,0.018,86794.66,BTC-24SEP27,0.42840000000000006,0.10563,155.0515,3.1,0.0,0.0009999999999999974,BTC,82505.59,0.0
2026-10-10T00:41:58.683869+00:00,BTC-24SEP27-116000-P,86794.66,BTC-24SEP27,put,116000.0,2027-09-24T08:00:00+00:00,0.9563427293625307,0.384,0.4055,0.39448187,0.39475,86794.66,BTC-24SEP27,0.3953,-0.71123,290.03794,0.0,0.0,0.02150000000000002,BTC,82505.59,0.0
2026-10-10T00:41:58.683869+00:00,BTC-25DEC26-52000-C,83452.89,BTC-25DEC26,call,52000.0,2026-12-25T08:00:00+00:00,0.2089094644754671,0.3775,0.3825,0.3797769,0.38,83452.89,BTC-25DEC26,0.5732,0.97351,23.40078,0.1,0.0,0.0050000000000000044,BTC,82505.59,0.0
2026-10-10T00:41:58.683869+00:00,BTC-12OCT26-84500-P,82536.68,BTC-12OCT26,put,84500.0,2026-10-12T08:00:00+00:00,0.006308506227691586,0.0215,0.0275,0.02455976,0.0245,82536.68,BTC-12OCT26,0.2223,-0.90713,10.89765,4.0,4.0,0.006000000000000002,BTC,82505.6,5671.21
2026-10-10T00:41:58.683869+00:00,BTC-11OCT26-92000-P,82520.69,BTC-11OCT26,put,92000.0,2026-10-11T08:00:00+00:00,0.003570655440559485,0.113,0.1175,0.11487515,0.11525,82520.69,BTC-11OCT26,0.4603,-0.99996,0.0083,0.0,0.0,0.00449999999999999,BTC,82505.6,0.0
2026-10-10T00:41:58.683869+00:00,BTC-10OCT26-95000-P,82518.75,BTC-10OCT26,put,95000.0,2026-10-10T08:00:00+00:00,0.0008328046534273835,0.148,0.154,0.1512588,0.151,82518.75,BTC-10OCT26,0.5526,-1.0,0.0,0.0,0.0,0.006000000000000005,BTC,82505.6,0.0
2026-10-10T00:41:58.683869+00:00,BTC-10OCT26-79000-C,82518.75,BTC-10OCT26,call,79000.0,2026-10-10T08:00:00+00:00,0.0008328046534273835,0.04,0.0455,0.04264742,0.04275,82518.75,BTC-10OCT26,0.5316,0.99777,0.16621,0.0,0.0,0.005499999999999998,BTC,82505.6,0.0
2026-10-10T00:41:58.683869+00:00,BTC-24SEP27-116000-C,86794.62,BTC-24SEP27,call,116000.0,2027-09-24T08:00:00+00:00,0.9563427293625307,0.057,0.059,0.05799027,0.058,86794.62,BTC-24SEP27,0.3953,0.28877,290.03886,2.3,0.0,0.001999999999999995,BTC,82505.6,0.0
2026-10-10T00:41:58.683869+00:00,BTC-16OCT26-94000-C,82606.8,BTC-16OCT26,call,94000.0,2026-10-16T08:00:00+00:00,0.017259909376219993,0.0001,0.0002,0.00010128,0.00015,82606.8,BTC-16OCT26,0.38939999999999997,0.00619,1.89699,123.9,7.8,0.0001,BTC,82505.6,212.82
2026-10-10T00:41:58.683869+00:00,BTC-12OCT26-87000-C,82536.68,BTC-12OCT26,call,87000.0,2026-10-12T08:00:00+00:00,0.006308506227691586,,0.0002,3.907e-05,,82536.68,BTC-12OCT26,0.2621,0.00584,1.08798,54.5,30.9,,BTC,82505.27,882.47
2026-10-10T00:41:58.683869+00:00,BTC-30OCT26-81000-C,82790.06,BTC-30OCT26,call,81000.0,2026-10-30T08:00:00+00:00,0.055589820396069405,0.0425,0.0435,0.04261806,0.043,82790.06,BTC-30OCT26,0.3289,0.62525,74.01915,798.3,0.3,0.000999999999999994,BTC,82505.27,1035.08
2026-10-10T00:41:58.683869+00:00,BTC-30OCT26-55000-C,82790.06,BTC-30OCT26,call,55000.0,2026-10-30T08:00:00+00:00,0.055589820396069405,0.334,0.338,0.33579197,0.336,82790.06,BTC-30OCT26,0.6388,0.99736,1.59326,0.1,0.0,0.0040000000000000036,BTC,82505.27,0.0
2026-10-10T00:41:58.683869+00:00,BTC-25DEC26-94000-P,83452.89,BTC-25DEC26,put,94000.0,2026-12-25T08:00:00+00:00,0.2089094644754671,0.1475,0.1565,0.15191855,0.152,83452.89,BTC-25DEC26,0.3704,-0.73204,125.66358,5.9,0.0,0.009000000000000008,BTC,82505.27,0.0
2026-10-10T00:41:58.683869+00:00,BTC-24SEP27-100000-P,86794.66,BTC-24SEP27,put,100000.0,2027-09-24T08:00:00+00:00,0.9563427293625307,0.2465,0.253,0.24969561,0.24975,86794.66,BTC-24SEP27,0.3897,-0.57185,333.19748,0.0,0.0,0.006500000000000006,BTC,82505.27,0.0
2026-10-10T00:41:58.683869+00:00,BTC-27NOV26-60000-C,83134.73,BTC-27NOV26,call,60000.0,2026-11-27T08:00:00+00:00,0.13224964243576826,0.279,0.2845,0.28127305,0.28175,83134.73,BTC-27NOV26,0.5281,0.9635,24.18148,0.8,0.0,0.005499999999999949,BTC,82505.43,0.0
2026-10-10T00:41:58.683869+00:00,BTC-25JUN27-66000-C,85681.55,BTC-25JUN27,call,66000.0,2027-06-25T08:00:00+00:00,0.7071983077335096,0.268,0.2705,0.26962813,0.26925,85681.55,BTC-25JUN27,0.4147,0.82177,187.9366,25.7,0.2,0.0025000000000000022,BTC,82505.27,4456.66
2026-10-10T00:41:58.683869+00:00,BTC-25JUN27-66000-P,85681.55,BTC-25JUN27,put,66000.0,2027-06-25T08:00:00+00:00,0.7071983077335096,0.039,0.041,0.0399492,0.04,85681.55,BTC-25JUN27,0.4147,-0.17823,187.9366,63.5,20.0,0.0020000000000000018,BTC,82505.27,66062.72
2026-10-10T00:41:58.683869+00:00,BTC-25DEC26-94000-C,83452.89,BTC-25DEC26,call,94000.0,2026-12-25T08:00:00+00:00,0.2089094644754671,0.025,0.026,0.02550418,0.0255,83452.89,BTC-25DEC26,0.3704,0.26797,125.66482,744.6,3.4,0.0009999999999999974,BTC,82505.43,7727.86
2026-10-10T00:41:58.683869+00:00,BTC-27NOV26-68000-C,83134.84,BTC-27NOV26,call,68000.0,2026-11-27T08:00:00+00:00,0.13224964243576826,0.186,0.1925,0.18903656,0.18925,83134.84,BTC-27NOV26,0.436,0.91079,48.78588,0.0,0.0,0.006500000000000006,BTC,82505.43,0.0
2026-10-10T00:41:58.683869+00:00,BTC-10OCT26-80500-C,82521.39,BTC-10OCT26,call,80500.0,2026-10-10T08:00:00+00:00,0.0008328046534273835,0.023,0.026,0.02459702,0.0245,82521.39,BTC-10OCT26,0.44880000000000003,0.97196,1.53026,10.0,0.0,0.002999999999999999,BTC,82505.43,0.0
2026-10-10T00:41:58.683869+00:00,BTC-24SEP27-170000-C,86794.66,BTC-24SEP27,call,170000.0,2027-09-24T08:00:00+00:00,0.9563427293625307,0.014,0.015,0.01449227,0.0145,86794.66,BTC-24SEP27,0.4364,0.0867,134.08063,4.2,0.1,0.0009999999999999992,BTC,82505.43,124.55
2026-10-10T00:41:58.683869+00:00,BTC-30OCT26-105000-C,82790.06,BTC-30OCT26,call,105000.0,2026-10-30T08:00:00+00:00,0.055589820396069405,0.0002,0.0003,0.00018369,0.00025,82790.06,BTC-30OCT26,0.3961,0.00624,3.43857,2338.2,1.4,9.999999999999996e-05,BTC,82505.43,33.94
2026-10-10T00:41:58.683869+00:00,BTC-30OCT26-55000-P,82790.06,BTC-30OCT26,put,55000.0,2026-10-30T08:00:00+00:00,0.055589820396069405,,0.0002,0.00012389,,82790.06,BTC-30OCT26,0.6388,-0.00264,1.5932,312.9,0.2,,BTC,82505.43,3.32
2026-10-10T00:41:58.683869+00:00,BTC-25JUN27-160000-P,85681.55,BTC-25JUN27,put,160000.0,2027-06-25T08:00:00+00:00,0.7071983077335096,0.865,0.887,0.87667959,0.876,85681.55,BTC-25JUN27,0.43829999999999997,-0.93445,91.98376,0.2,0.0,0.02200000000000002,BTC,82505.43,0.0
2026-10-10T00:41:58.683869+00:00,BTC-30OCT26-93000-C,82790.06,BTC-30OCT26,call,93000.0,2026-10-30T08:00:00+00:00,0.055589820396069405,0.0028,0.0031,0.00293937,0.00295,82790.06,BTC-30OCT26,0.3443,0.0819,29.54419,770.9,2.0,0.0002999999999999999,BTC,82505.49,583.8
2026-10-10T00:41:58.683869+00:00,BTC-27NOV26-85000-P,83134.73,BTC-27NOV26,put,85000.0,2026-11-27T08:00:00+00:00,0.13224964243576826,0.064,0.0655,0.06489859,0.06475,83134.73,BTC-27NOV26,0.36090000000000005,-0.54151,119.98404,314.3,0.0,0.0015000000000000013,BTC,82505.49,0.0
2026-10-10T00:41:58.683869+00:00,BTC-10OCT26-88500-C,82518.75,BTC-10OCT26,call,88500.0,2026-10-10T08:00:00+00:00,0.0008328046534273835,,0.0001,1e-08,,82518.75,BTC-10OCT26,0.5399,0.0,0.00039,9.6,0.0,,BTC,82505.49,0.0
2026-10-10T00:41:58.683869+00:00,BTC-24SEP27-82000-P,86794.66,BTC-24SEP27,put,82000.0,2027-09-24T08:00:00+00:00,0.9563427293625307,0.121,0.124,0.12239598,0.1225,86794.66,BTC-24SEP27,0.3935,-0.36697,319.69601,3.7,4.1,0.0030000000000000027,BTC,82505.49,41763.5
2026-10-10T00:41:58.683869+00:00,BTC-23OCT26-95000-P,82697.25,BTC-23OCT26,put,95000.0,2026-10-23T08:00:00+00:00,0.0364248648861447,0.147,0.152,0.14940341,0.1495,82697.25,BTC-23OCT26,0.363,-0.97548,9.07763,0.1,0.0,0.0050000000000000044,BTC,82505.49,0.0
2026-10-10T00:41:58.683869+00:00,BTC-10OCT26-75000-P,82518.75,BTC-10OCT26,put,75000.0,2026-10-10T08:00:00+00:00,0.0008328046534273835,,0.0001,2e-07,,82518.75,BTC-10OCT26,0.8371999999999999,-4e-05,0.00365,20.7,3.1,,BTC,82505.49,27.06
2026-10-10T00:41:58.683869+00:00,BTC-10OCT26-81000-C,82521.39,BTC-10OCT26,call,81000.0,2026-10-10T08:00:00+00:00,0.0008328046534273835,0.016,0.021,0.01857712,0.0185,82521.39,BTC-10OCT26,0.3703,0.95856,2.11009,1.7,1.0,0.005000000000000001,BTC,82505.49,2159.38
2026-10-10T00:41:58.683869+00:00,BTC-26MAR27-85000-C,84528.06,BTC-26MAR27,call,85000.0,2027-03-26T08:00:00+00:00,0.4580538861044883,0.099,0.1,0.09951742,0.0995,84528.06,BTC-26MAR27,0.3787,0.54225,226.99927,648.1,40.8,0.0010000000000000009,BTC,82505.48,338574.12
2026-10-10T00:41:58.683869+00:00,BTC-13OCT26-73000-C,82554.59,BTC-13OCT26,call,73000.0,2026-10-13T08:00:00+00:00,0.009046357014823687,0.1135,0.118,0.11591343,0.11575,82554.59,BTC-13OCT26,0.5603,0.99014,2.06677,0.0,0.0,0.00449999999999999,BTC,82505.49,0.0
2026-10-10T00:41:58.683869+00:00,BTC-10OCT26-79500-C,82518.75,BTC-10OCT26,call,79500.0,2026-10-10T08:00:00+00:00,0.0008328046534273835,0.034,0.039,0.03661506,0.0365,82518.75,BTC-10OCT26,0.5304,0.99262,0.48598,0.0,0.0,0.0049999999999999975,BTC,82505.48,0.0
2026-10-10T00:41:58.683869+00:00,BTC-25JUN27-102000-C,85678.91,BTC-25JUN27,call,102000.0,2027-06-25T08:00:00+00:00,0.7071983077335096,0.0645,0.066,0.06540079,0.06525,85678.91,BTC-25JUN27,0.3851,0.35327,267.84399,53.1,0.0,0.0015000000000000013,BTC,82505.48,0.0
2026-10-10T00:41:58.683869+00:00,BTC-25DEC26-110000-P,83450.25,BTC-25DEC26,put,110000.0,2026-12-25T08:00:00+00:00,0.2089094644754671,0.32,0.33,0.32413499,0.325,83450.25,BTC-25DEC26,0.4,-0.92215,55.55954,81.6,0.0,0.010000000000000009,BTC,82505.48,0.0
2026-10-10T00:41:58.683869+00:00,BTC-26MAR27-52000-P,84528.06,BTC-26MAR27,put,52000.0,2027-03-26T08:00:00+00:00,0.4580538861044883,0.008,0.009,0.00848947,0.0085,84528.06,BTC-26MAR27,0.49420000000000003,-0.05273,61.56603,323.5,0.0,0.0009999999999999992,BTC,82505.91,0.0
2026-10-10T00:41:58.683869+00:00,BTC-27NOV26-87000-P,83134.84,BTC-27NOV26,put,87000.0,2026-11-27T08:00:00+00:00,0.13224964243576826,0.0785,0.081,0.07968183,0.07975,83134.84,BTC-27NOV26,0.3588,-0.61178,115.87121,32.8,0.0,0.0025000000000000022,BTC,82505.91,0.0
2026-10-10T00:41:58.683869+00:00,BTC-13OCT26-83500-C,82554.67,BTC-13OCT26,call,83500.0,2026-10-13T08:00:00+00:00,0.009046357014823687,0.0048,0.0055,0.00518131,0.00515,82554.67,BTC-13OCT26,0.2585,0.32438,28.24152,2.6,2.6,0.0007000000000000001,BTC,82505.48,1691.14
2026-10-10T00:41:58.683869+00:00,BTC-23OCT26-81000-C,82697.09,BTC-23OCT26,call,81000.0,2026-10-23T08:00:00+00:00,0.0364248648861447,0.035,0.0365,0.03594021,0.03575,82697.09,BTC-23OCT26,0.3226,0.64266,58.90737,12.1,1.0,0.0014999999999999944,BTC,82505.91,3430.93
2026-10-10T00:41:58.683869+00:00,BTC-30OCT26-89000-C,82790.06,BTC-30OCT26,call,89000.0,2026-10-30T08:00:00+00:00,0.055589820396069405,0.0075,0.008,0.00774447,0.00775,82790.06,BTC-30OCT26,0.3311,0.18719,52.49817,856.0,101.0,0.0005000000000000004,BTC,82505.91,74309.39
2026-10-10T00:41:58.683869+00:00,BTC-30OCT26-61000-P,82790.06,BTC-30OCT26,put,61000.0,2026-10-30T08:00:00+00:00,0.055589820396069405,0.0003,0.0005,0.00039598,0.0004,82790.06,BTC-30OCT26,0.5594,-0.00863,4.57593,297.3,4.2,0.00020000000000000004,BTC,82505.91,151.28
2026-10-10T00:41:58.683869+00:00,BTC-25JUN27-60000-P,85681.55,BTC-25JUN27,put,60000.0,2027-06-25T08:00:00+00:00,0.7071983077335096,0.0255,0.027,0.02624023,0.02625,85681.55,BTC-25JUN27,0.43320000000000003,-0.12312,146.79413,241.4,0.0,0.0015000000000000013,BTC,82505.91,0.0
2026-10-10T00:41:58.683869+00:00,BTC-25DEC26-125000-P,83452.89,BTC-25DEC26,put,125000.0,2026-12-25T08:00:00+00:00,0.2089094644754671,0.495,0.506,0.49998576,0.5005,83452.89,BTC-25DEC26,0.442,-0.97122,25.07781,9.3,0.0,0.01100000000000001,BTC,82505.91,0.0
2026-10-10T00:41:58.683869+00:00,BTC-27NOV26-58000-C,83134.84,BTC-27NOV26,call,58000.0,2026-11-27T08:00:00+00:00,0.13224964243576826,0.3025,0.308,0.30478189,0.30525,83134.84,BTC-27NOV26,0.5527000000000001,0.97066,20.19699,1.9,0.0,0.005500000000000005,BTC,82505.92,0.0
2026-10-10T00:41:58.683869+00:00,BTC-25JUN27-112000-C,85678.91,BTC-25JUN27,call,112000.0,2027-06-25T08:00:00+00:00,0.7071983077335096,0.0425,0.0445,0.04358378,0.0435,85678.91,BTC-25JUN27,0.39049999999999996,0.25734,232.52974,0.0,0.0,0.001999999999999995,BTC,82505.91,0.0
2026-10-10T00:41:58.683869+00:00,BTC-10OCT26-78000-C,82518.75,BTC-10OCT26,call,78000.0,2026-10-10T08:00:00+00:00,0.0008328046534273835,0.052,0.0575,0.05475873,0.05475,82518.75,BTC-10OCT26,0.6039,0.9994,0.05026,0.0,0.0,0.005500000000000005,BTC,82505.92,0.0
2026-10-10T00:41:58.683869+00:00,BTC-26MAR27-110000-P,84528.06,BTC-26MAR27,put,110000.0,2027-03-26T08:00:00+00:00,0.4580538861044883,0.3175,0.3335,0.32623171,0.3255,84528.06,BTC-26MAR27,0.389,-0.80757,156.49536,5.1,0.0,0.016000000000000014,BTC,82505.92,0.0
2026-10-10T00:41:58.683869+00:00,BTC-26MAR27-52000-C,84528.06,BTC-26MAR27,call,52000.0,2027-03-26T08:00:00+00:00,0.4580538861044883,0.3895,0.397,0.39330419,0.39325,84528.06,BTC-26MAR27,0.49420000000000003,0.94727,61.56601,6.0,0.0,0.007500000000000007,BTC,82505.92,0.0
2026-10-10T00:41:58.683869+00:00,BTC-24SEP27-220000-P,86794.66,BTC-24SEP27,put,220000.0,2027-09-24T08:00:00+00:00,0.9563427293625307,1.5175,1.5725,1.54121192,1.545,86794.66,BTC-24SEP27,0.4794,-0.95985,73.38116,0.0,0.0,0.05499999999999994,BTC,82505.92,0.0
2026-10-10T00:41:58.683869+00:00,BTC-13OCT26-85000-C,82554.6,BTC-13OCT26,call,85000.0,2026-10-13T08:00:00+00:00,0.009046357014823687,0.0016,0.0018,0.00166809,0.0017,82554.6,BTC-13OCT26,0.2702,0.12996,16.60855,10.6,11.1,0.00019999999999999987,BTC,82505.92,2317.0
2026-10-10T00:41:58.683869+00:00,BTC-25JUN27-50000-P,85678.91,BTC-25JUN27,put,50000.0,2027-06-25T08:00:00+00:00,0.7071983077335096,0.012,0.0135,0.01273964,0.01275,85678.91,BTC-25JUN27,0.47859999999999997,-0.06193,88.00831,343.9,3.0,0.0014999999999999996,BTC,82505.92,3090.18
2026-10-10T00:41:58.683869+00:00,BTC-12OCT26-86000-P,82536.68,BTC-12OCT26,put,86000.0,2026-10-12T08:00:00+00:00,0.006308506227691586,0.039,0.045,0.04215438,0.042,82536.68,BTC-12OCT26,0.2595,-0.97647,3.64125,0.0,0.0,0.005999999999999998,BTC,82505.92,0.0
2026-10-10T00:41:58.683869+00:00,BTC-30OCT26-105000-P,82790.06,BTC-30OCT26,put,105000.0,2026-10-30T08:00:00+00:00,0.055589820396069405,0.2645,0.272,0.26845372,0.26825,82790.06,BTC-30OCT26,0.3961,-0.99376,3.43928,0.3,0.0,0.007500000000000007,BTC,82505.92,0.0
2026-10-10T00:41:58.683869+00:00,BTC-26MAR27-68000-C,84528.06,BTC-26MAR27,call,68000.0,2027-03-26T08:00:00+00:00,0.4580538861044883,0.2215,0.2305,0.22601384,0.226,84528.06,BTC-26MAR27,0.4093,0.8221,149.04285,191.1,0.6,0.009000000000000008,BTC,82505.92,11200.13
2026-10-10T00:41:58.683869+00:00,BTC-25DEC26-52000-P,83452.89,BTC-25DEC26,put,52000.0,2026-12-25T08:00:00+00:00,0.2089094644754671,0.0027,0.003,0.00289974,0.00285,83452.89,BTC-25DEC26,0.5732,-0.02649,23.40164,439.2,1.2,0.0002999999999999999,BTC,82505.92,292.63
2026-10-10T00:41:58.683869+00:00,BTC-11OCT26-86500-P,82520.69,BTC-11OCT26,put,86500.0,2026-10-11T08:00:00+00:00,0.003570655440559485,0.0455,0.051,0.04824044,0.04825,82520.69,BTC-11OCT26,0.2864,-0.997,0.45113,0.0,0.0,0.005499999999999998,BTC,82505.92,0.0
2026-10-10T00:41:58.683869+00:00,BTC-12OCT26-72000-C,82536.68,BTC-12OCT26,call,72000.0,2026-10-12T08:00:00+00:00,0.006308506227691586,0.1255,0.1295,0.12770585,0.1275,82536.68,BTC-12OCT26,0.6433,0.9965,0.68841,0.0,0.0,0.0040000000000000036,BTC,82505.92,0.0
2026-10-10T00:41:58.683869+00:00,BTC-11OCT26-88000-C,82520.74,BTC-11OCT26,call,88000.0,2026-10-11T08:00:00+00:00,0.003570655440559485,,0.0001,4.98e-06,,82520.74,BTC-11OCT26,0.3431,0.00088,0.14711,19.3,1.4,,BTC,82505.62,13.21
2026-10-10T00:41:58.683869+00:00,BTC-30OCT26-83000-P,82789.7,BTC-30OCT26,put,83000.0,2026-10-30T08:00:00+00:00,0.055589820396069405,0.031,0.0325,0.0318938,0.03175,82789.7,BTC-30OCT26,0.325,-0.49836,77.89009,832.5,80.6,0.0015000000000000013,BTC,82505.92,214811.04
2026-10-10T00:41:58.683869+00:00,BTC-11OCT26-77000-C,82520.74,BTC-11OCT26,call,77000.0,2026-10-11T08:00:00+00:00,0.003570655440559485,0.065,0.069,0.06703946,0.067,82520.74,BTC-11OCT26,0.5229,0.98707,1.64302,0.0,0.0,0.0040000000000000036,BTC,82505.62,0.0
2026-10-10T00:41:58.683869+00:00,BTC-25DEC26-96000-C,83452.89,BTC-25DEC26,call,96000.0,2026-12-25T08:00:00+00:00,0.2089094644754671,0.0205,0.0215,0.02100494,0.021,83452.89,BTC-25DEC26,0.3721,0.22996,115.83106,1508.2,15.7,0.0009999999999999974,BTC,82505.62,29179.98
2026-10-10T00:41:58.683869+00:00,BTC-27NOV26-69000-P,83134.73,BTC-27NOV26,put,69000.0,2026-11-27T08:00:00+00:00,0.13224964243576826,0.0075,0.0085,0.00798598,0.008,83134.73,BTC-27NOV26,0.4279,-0.10128,53.56602,130.5,7.2,0.0010000000000000009,BTC,82505.62,4632.7
2026-10-10T00:41:58.683869+00:00,BTC-24SEP27-125000-C,86794.62,BTC-24SEP27,call,125000.0,2027-09-24T08:00:00+00:00,0.9563427293625307,0.043,0.045,0.04398877,0.044,86794.62,BTC-24SEP27,0.40020000000000006,0.23086,258.33849,54.3,0.0,0.0020000000000000018,BTC,82505.62,0.0
2026-10-10T00:41:58.683869+00:00,BTC-25JUN27-170000-C,85681.55,BTC-25JUN27,call,170000.0,2027-06-25T08:00:00+00:00,0.7071983077335096,0.007,0.008,0.00749148,0.0075,85681.55,BTC-25JUN27,0.45189999999999997,0.05341,78.3288,153.0,0.0,0.001,BTC,82505.62,0.0
2026-10-10T00:41:58.683869+00:00,BTC-12OCT26-75000-C,82536.68,BTC-12OCT26,call,75000.0,2026-10-12T08:00:00+00:00,0.006308506227691586,0.089,0.0935,0.09145341,0.09125,82536.68,BTC-12OCT26,0.5265,0.98949,1.82516,0.0,0.0,0.004500000000000004,BTC,82505.62,0.0
2026-10-10T00:41:58.683869+00:00,BTC-12OCT26-74000-C,82536.68,BTC-12OCT26,call,74000.0,2026-10-12T08:00:00+00:00,0.006308506227691586,0.101,0.1055,0.10354411,0.10325,82536.68,BTC-12OCT26,0.5774,0.99171,1.48336,0.0,0.0,0.00449999999999999,BTC,82505.62,0.0
2026-10-10T00:41:58.683869+00:00,BTC-24SEP27-80000-C,86794.66,BTC-24SEP27,call,80000.0,2027-09-24T08:00:00+00:00,0.9563427293625307,0.1875,0.1915,0.18931732,0.1895,86794.66,BTC-24SEP27,0.3943,0.6569,312.16365,34.4,1.3,0.0040000000000000036,BTC,82505.79,20379.68
2026-10-10T00:41:58.683869+00:00,BTC-25DEC26-68000-C,83452.89,BTC-25DEC26,call,68000.0,2026-12-25T08:00:00+00:00,0.2089094644754671,0.194,0.202,0.19763649,0.198,83452.89,BTC-25DEC26,0.418,0.87823,77.10655,1023.2,0.0,0.008000000000000007,BTC,82505.62,0.0
2026-10-10T00:41:58.683869+00:00,BTC-24SEP27-76000-C,86794.62,BTC-24SEP27,call,76000.0,2027-09-24T08:00:00+00:00,0.9563427293625307,0.2135,0.217,0.21530547,0.21525,86794.62,BTC-24SEP27,0.39840000000000003,0.70382,293.47612,7.8,0.0,0.003500000000000003,BTC,82505.79,0.0
2026-10-10T00:41:58.683869+00:00,BTC-27NOV26-102000-C,83134.73,BTC-27NOV26,call,102000.0,2026-11-27T08:00:00+00:00,0.13224964243576826,0.005,0.0055,0.00520229,0.00525,83134.73,BTC-27NOV26,0.3892,0.08465,46.9106,541.3,11.1,0.0004999999999999996,BTC,82505.79,5423.41
2026-10-10T00:41:58.683869+00:00,BTC-25JUN27-40000-C,85681.55,BTC-25JUN27,call,40000.0,2027-06-25T08:00:00+00:00,0.7071983077335096,0.538,0.5405,0.5391257,0.53925,85681.55,BTC-25JUN27,0.5418,0.97122,47.37307,24.1,0.0,0.0024999999999999467,BTC,82505.79,0.0
2026-10-10T00:41:58.683869+00:00,BTC-10OCT26-78000-P,82521.39,BTC-10OCT26,put,78000.0,2026-10-10T08:00:00+00:00,0.0008328046534273835,,0.0001,2.8e-06,,82521.39,BTC-10OCT26,0.6039,-0.0006,0.05027,60.9,32.9,,BTC,82505.79,455.64
2026-10-10T00:41:58.683869+00:00,BTC-27NOV26-100000-P,83134.84,BTC-27NOV26,put,100000.0,2026-11-27T08:00:00+00:00,0.13224964243576826,0.2045,0.2135,0.20921696,0.209,83134.84,BTC-27NOV26,0.3796,-0.89788,53.8858,26.1,0.0,0.009000000000000008,BTC,82505.79,0.0
2026-10-10T00:41:58.683869+00:00,BTC-11OCT26-89000-P,82520.69,BTC-11OCT26,put,89000.0,2026-10-11T08:00:00+00:00,0.003570655440559485,0.0755,0.081,0.07852511,0.07825,82520.69,BTC-11OCT26,0.3971,-0.99926,0.12662,0.0,0.0,0.005500000000000005,BTC,82505.62,0.0
2026-10-10T00:41:58.683869+00:00,BTC-12OCT26-85000-C,82536.68,BTC-12OCT26,call,85000.0,2026-10-12T08:00:00+00:00,0.006308506227691586,0.0004,0.0005,0.0004404,0.00045,82536.68,BTC-12OCT26,0.2322,0.05671,7.4716,246.2,293.3,9.999999999999999e-05,BTC,82505.62,42695.2
2026-10-10T00:41:58.683869+00:00,BTC-26MAR27-100000-C,84528.06,BTC-26MAR27,call,100000.0,2027-03-26T08:00:00+00:00,0.4580538861044883,0.0425,0.0435,0.04311138,0.043,84528.06,BTC-26MAR27,0.3803,0.3,198.95417,1308.9,37.4,0.000999999999999994,BTC,82505.79,143072.66
2026-10-10T00:41:58.683869+00:00,BTC-10OCT26-80000-C,82518.75,BTC-10OCT26,call,80000.0,2026-10-10T08:00:00+00:00,0.0008328046534273835,0.028,0.0335,0.03056538,0.03075,82518.75,BTC-10OCT26,0.4642,0.98971,0.64994,0.0,0.0,0.005500000000000001,BTC,82505.62,0.0
2026-10-10T00:41:58.683869+00:00,BTC-26MAR27-68000-P,84528.06,BTC-26MAR27,put,68000.0,2027-03-26T08:00:00+00:00,0.4580538861044883,0.03,0.031,0.0304869,0.0305,84528.06,BTC-26MAR27,0.4093,-0.1779,149.0434,581.1,2.1,0.0010000000000000009,BTC,82505.79,5231.04
2026-10-10T00:41:58.683869+00:00,BTC-24SEP27-88000-C,86794.66,BTC-24SEP27,call,88000.0,2027-09-24T08:00:00+00:00,0.9563427293625307,0.144,0.147,0.14581396,0.1455,86794.66,BTC-24SEP27,0.3908,0.56154,334.67179,19.1,1.3,0.0030000000000000027,BTC,82505.62,15853.72
2026-10-10T00:41:58.683869+00:00,BTC-13OCT26-90000-P,82554.67,BTC-13OCT26,put,90000.0,2026-10-13T08:00:00+00:00,0.009046357014823687,0.087,0.093,0.09025642,0.09,82554.67,BTC-13OCT26,0.3589,-0.994,1.33528,0.0,0.0,0.006000000000000005,BTC,82505.62,0.0
2026-10-10T00:41:58.683869+00:00,BTC-11OCT26-83000-P,82520.57,BTC-11OCT26,put,83000.0,2026-10-11T08:00:00+00:00,0.003570655440559485,0.0065,0.008,0.00741808,0.00725,82520.57,BTC-11OCT26,0.1603,-0.72783,16.36951,24.0,17.1,0.0015000000000000005,BTC,82505.86,9191.74
2026-10-10T00:41:58.683869+00:00,BTC-24SEP27-120000-P,86794.66,BTC-24SEP27,put,120000.0,2027-09-24T08:00:00+00:00,0.9563427293625307,0.4235,0.446,0.4335787,0.43475,86794.66,BTC-24SEP27,0.3967,-0.73917,275.8431,0.0,0.0,0.02250000000000002,BTC,82505.86,0.0
2026-10-10T00:41:58.683869+00:00,BTC-27NOV26-87000-C,83134.73,BTC-27NOV26,call,87000.0,2026-11-27T08:00:00+00:00,0.13224964243576826,0.033,0.0335,0.03318778,0.03325,83134.73,BTC-27NOV26,0.3588,0.3882,115.8687,431.2,210.4,0.0005000000000000004,BTC,82505.86,587793.09
2026-10-10T00:41:58.683869+00:00,BTC-27NOV26-97000-P,83134.84,BTC-27NOV26,put,97000.0,2026-11-27T08:00:00+00:00,0.13224964243576826,0.1715,0.181,0.17603797,0.17625,83134.84,BTC-27NOV26,0.3721,-0.85832,67.85295,0.0,0.0,0.00949999999999998,BTC,82505.86,0.0
2026-10-10T00:41:58.683869+00:00,BTC-24SEP27-110000-P,86794.66,BTC-24SEP27,put,110000.0,2027-09-24T08:00:00+00:00,0.9563427293625307,0.3275,0.348,0.3374833,0.33775,86794.66,BTC-24SEP27,0.3923,-0.66487,309.35665,0.2,0.0,0.020499999999999963,BTC,82505.86,0.0
2026-10-10T00:41:58.683869+00:00,BTC-16OCT26-100000-P,82606.9,BTC-16OCT26,put,100000.0,2026-10-16T08:00:00+00:00,0.017259909376219993,0.207,0.214,0.21057982,0.2105,82606.9,BTC-16OCT26,0.47479999999999994,-0.99879,0.43603,1.1,0.0,0.007000000000000006,BTC,82505.62,0.0
2026-10-10T00:41:58.683869+00:00,BTC-25JUN27-52000-P,85681.55,BTC-25JUN27,put,52000.0,2027-06-25T08:00:00+00:00,0.7071983077335096,0.014,0.015,0.0147258,0.0145,85681.55,BTC-25JUN27,0.4679,-0.07144,98.29324,52.4,0.0,0.0009999999999999992,BTC,82505.86,0.0
2026-10-10T00:41:58.683869+00:00,BTC-27NOV26-97000-C,83134.73,BTC-27NOV26,call,97000.0,2026-11-27T08:00:00+00:00,0.13224964243576826,0.009,0.0095,0.00925725,0.00925,83134.73,BTC-27NOV26,0.3721,0.14168,67.85371,323.2,201.6,0.0005000000000000004,BTC,82507.68,163339.44
2026-10-10T00:41:58.683869+00:00,BTC-16OCT26-78000-P,82606.8,BTC-16OCT26,put,78000.0,2026-10-16T08:00:00+00:00,0.017259909376219993,0.0025,0.0028,0.00264797,0.00265,82606.8,BTC-16OCT26,0.3655,-0.11194,20.66795,1987.1,921.8,0.0002999999999999999,BTC,82505.86,250617.93
2026-10-10T00:41:58.683869+00:00,BTC-24SEP27-114000-P,86794.66,BTC-24SEP27,put,114000.0,2027-09-24T08:00:00+00:00,0.9563427293625307,0.365,0.3835,0.37518664,0.37425,86794.66,BTC-24SEP27,0.3942,-0.6965,296.75064,0.0,0.0,0.018500000000000016,BTC,82507.68,0.0
2026-10-10T00:41:58.683869+00:00,BTC-27NOV26-77000-P,83134.84,BTC-27NOV26,put,77000.0,2026-11-27T08:00:00+00:00,0.13224964243576826,0.0235,0.024,0.02370414,0.02375,83134.84,BTC-27NOV26,0.3766,-0.26521,99.08878,300.5,14.1,0.0005000000000000004,BTC,82507.68,27127.26
2026-10-10T00:41:58.683869+00:00,BTC-27NOV26-77000-C,83134.73,BTC-27NOV26,call,77000.0,2026-11-27T08:00:00+00:00,0.13224964243576826,0.0965,0.0985,0.09749676,0.0975,83134.73,BTC-27NOV26,0.3766,0.73474,99.09654,79.5,3.0,0.0020000000000000018,BTC,82507.68,25264.14
2026-10-10T00:41:58.683869+00:00,BTC-26MAR27-125000-P,84528.06,BTC-26MAR27,put,125000.0,2027-03-26T08:00:00+00:00,0.4580538861044883,0.482,0.4985,0.49057543,0.49025,84528.06,BTC-26MAR27,0.4077,-0.8997,100.64272,0.1,0.0,0.016500000000000015,BTC,82505.86,0.0
2026-10-10T00:41:58.683869+00:00,BTC-26MAR27-115000-C,84528.06,BTC-26MAR27,call,115000.0,2027-03-26T08:00:00+00:00,0.4580538861044883,0.0185,0.0195,0.01900544,0.019,84528.06,BTC-26MAR27,0.3937,0.15341,135.426,580.6,0.0,0.0010000000000000009,BTC,82507.68,0.0
2026-10-10T00:41:58.683869+00:00,BTC-26MAR27-86000-C,84528.06,BTC-26MAR27,call,86000.0,2027-03-26T08:00:00+00:00,0.4580538861044883,0.094,0.095,0.09454054,0.0945,84528.06,BTC-26MAR27,0.37920000000000004,0.52422,227.86612,599.6,16.9,0.0010000000000000009,BTC,82507.68,134890.97
2026-10-10T00:41:58.683869+00:00,BTC-27NOV26-62000-C,83134.73,BTC-27NOV26,call,62000.0,2026-11-27T08:00:00+00:00,0.13224964243576826,0.2555,0.261,0.25787641,0.25825,83134.73,BTC-27NOV26,0.5035000000000001,0.95473,28.80279,0.1,0.0,0.005500000000000005,BTC,82508.31,0.0
2026-10-10T00:41:58.683869+00:00,BTC-27NOV26-80000-P,83134.84,BTC-27NOV26,put,80000.0,2026-11-27T08:00:00+00:00,0.13224964243576826,0.0355,0.036,0.03565457,0.03575,83134.84,BTC-27NOV26,0.368,-0.36192,113.34168,554.6,55.6,0.0005000000000000004,BTC,82508.31,164994.4
2026-10-10T00:41:58.683869+00:00,BTC-13OCT26-80500-P,82554.67,BTC-13OCT26,put,80500.0,2026-10-13T08:00:00+00:00,0.009046357014823687,0.0024,0.0028,0.00260066,0.0026,82554.67,BTC-13OCT26,0.2872,-0.17549,20.27929,6.0,6.0,0.0004000000000000002,BTC,82507.68,1416.9
2026-10-10T00:41:58.683869+00:00,BTC-12OCT26-81000-C,82536.68,BTC-12OCT26,call,81000.0,2026-10-12T08:00:00+00:00,0.006308506227691586,0.0185,0.0225,0.0204054,0.0205,82536.68,BTC-12OCT26,0.2491,0.83096,16.53147,37.7,0.0,0.004,BTC,82508.31,0.0
2026-10-10T00:41:58.683869+00:00,BTC-25JUN27-80000-P,85681.55,BTC-25JUN27,put,80000.0,2027-06-25T08:00:00+00:00,0.7071983077335096,0.0945,0.0965,0.09545017,0.0955,85681.55,BTC-25JUN27,0.3896,-0.3546,268.21086,241.8,200.1,0.0020000000000000018,BTC,82508.31,1576892.16
2026-10-10T00:41:58.683869+00:00,BTC-13OCT26-85000-P,82554.67,BTC-13OCT26,put,85000.0,2026-10-13T08:00:00+00:00,0.009046357014823687,0.028,0.0345,0.03129263,0.03125,82554.67,BTC-13OCT26,0.2702,-0.86976,16.63417,0.0,0.0,0.006500000000000002,BTC,82508.31,0.0
2026-10-10T00:41:58.683869+00:00,BTC-25DEC26-55000-P,83452.89,BTC-25DEC26,put,55000.0,2026-12-25T08:00:00+00:00,0.2089094644754671,0.0036,0.0039,0.00379271,0.00375,83452.89,BTC-25DEC26,0.5413,-0.0353,29.68964,3189.9,1.1,0.0002999999999999999,BTC,82508.31,346.35
2026-10-10T00:41:58.683869+00:00,BTC-16OCT26-84000-C,82606.93,BTC-16OCT26,call,84000.0,2026-10-16T08:00:00+00:00,0.017259909376219993,0.0085,0.009,0.00881634,0.00875,82606.93,BTC-16OCT26,0.29960000000000003,0.34194,39.86004,208.2,111.5,0.0004999999999999987,BTC,82508.31,106660.17
2026-10-10T00:41:58.683869+00:00,BTC-25JUN27-30000-P,85678.91,BTC-25JUN27,put,30000.0,2027-06-25T08:00:00+00:00,0.7071983077335096,0.0024,0.0028,0.00259449,0.0026,85678.91,BTC-25JUN27,0.6248,-0.01194,22.4066,530.2,0.0,0.0004000000000000002,BTC,82508.31,0.0
2026-10-10T00:41:58.683869+00:00,BTC-13OCT26-84500-C,82554.59,BTC-13OCT26,call,84500.0,2026-10-13T08:00:00+00:00,0.009046357014823687,0.0023,0.0025,0.00242148,0.0024,82554.59,BTC-13OCT26,0.2638,0.17899,20.53385,38.6,41.7,0.0002000000000000001,BTC,82508.31,15569.31
2026-10-10T00:41:58.683869+00:00,BTC-12OCT26-91000-C,82536.68,BTC-12OCT26,call,91000.0,2026-10-12T08:00:00+00:00,0.006308506227691586,,0.0001,1.231e-05,,82536.68,BTC-12OCT26,0.4075,0.00135,0.2907,0.0,0.0,,BTC,82508.31,0.0
2026-10-10T00:41:58.683869+00:00,BTC-27NOV26-72000-C,83134.84,BTC-27NOV26,call,72000.0,2026-11-27T08:00:00+00:00,0.13224964243576826,0.143,0.1495,0.14567462,0.14625,83134.84,BTC-27NOV26,0.40259999999999996,0.85414,69.19976,38.0,0.0,0.006500000000000006,BTC,82508.31,0.0
2026-10-10T00:41:58.683869+00:00,BTC-13OCT26-82500-P,82554.59,BTC-13OCT26,put,82500.0,2026-10-13T08:00:00+00:00,0.009046357014823687,0.009,0.0095,0.00935216,0.00925,82554.59,BTC-13OCT26,0.2551,-0.48572,31.30935,7.9,7.9,0.0005000000000000004,BTC,82508.31,5551.86
2026-10-10T00:41:58.683869+00:00,BTC-30OCT26-102000-C,82790.06,BTC-30OCT26,call,102000.0,2026-10-30T08:00:00+00:00,0.055589820396069405,0.0003,0.0004,0.00034707,0.00035,82790.06,BTC-30OCT26,0.38170000000000004,0.01151,5.87964,598.4,7.7,0.00010000000000000005,BTC,82508.31,264.18
2026-10-10T00:41:58.683869+00:00,BTC-12OCT26-89000-P,82536.68,BTC-12OCT26,put,89000.0,2026-10-12T08:00:00+00:00,0.006308506227691586,0.0765,0.0815,0.0783366,0.079,82536.68,BTC-12OCT26,0.3292,-0.99795,0.42463,0.0,0.0,0.0050000000000000044,BTC,82508.31,0.0
2026-10-10T00:41:58.683869+00:00,BTC-23OCT26-74000-C,82697.25,BTC-23OCT26,call,74000.0,2026-10-23T08:00:00+00:00,0.0364248648861447,0.105,0.1105,0.10779021,0.10775,82697.25,BTC-23OCT26,0.41100000000000003,0.92708,21.87285,0.0,0.0,0.005500000000000005,BTC,82508.31,0.0
2026-10-10T00:41:58.683869+00:00,BTC-27NOV26-83000-P,83134.88,BTC-27NOV26,put,83000.0,2026-11-27T08:00:00+00:00,0.13224964243576826,0.051,0.052,0.0515147,0.0515,83134.88,BTC-27NOV26,0.3611,-0.46917,120.28136,183.1,15.8,0.0010000000000000009,BTC,82508.23,67176.07
2026-10-10T00:41:58.683869+00:00,BTC-24SEP27-210000-C,86794.62,BTC-24SEP27,call,210000.0,2027-09-24T08:00:00+00:00,0.9563427293625307,0.0065,0.008,0.00722458,0.00725,86794.62,BTC-24SEP27,0.469,0.04489,80.32493,20.6,0.0,0.0015000000000000005,BTC,82508.23,0.0
2026-10-10T00:41:58.683869+00:00,BTC-27NOV26-79000-C,83134.84,BTC-27NOV26,call,79000.0,2026-11-27T08:00:00+00:00,0.13224964243576826,0.08,0.082,0.08089526,0.081,83134.84,BTC-27NOV26,0.37,0.67207,109.23782,134.0,0.1,0.0020000000000000018,BTC,82508.23,654.2
2026-10-10T00:41:58.683869+00:00,BTC-26MAR27-102000-C,84528.52,BTC-26MAR27,call,102000.0,2027-03-26T08:00:00+00:00,0.4580538861044883,0.038,0.039,0.0384316,0.0385,84528.52,BTC-26MAR27,0.3812,0.27446,190.75396,114.4,0.0,0.0010000000000000009,BTC,82508.31,0.0
2026-10-10T00:41:58.683869+00:00,BTC-24SEP27-82000-C,86794.62,BTC-24SEP27,call,82000.0,2027-09-24T08:00:00+00:00,0.9563427293625307,0.1755,0.1795,0.17763468,0.1775,86794.62,BTC-24SEP27,0.3935,0.63307,319.69749,32.8,27.0,0.0040000000000000036,BTC,82508.23,403465.79
2026-10-10T00:41:58.683869+00:00,BTC-25DEC26-78000-P,83450.25,BTC-25DEC26,put,78000.0,2026-12-25T08:00:00+00:00,0.2089094644754671,0.038,0.039,0.03848859,0.0385,83450.25,BTC-25DEC26,0.3751,-0.31593,135.70025,1355.2,127.1,0.0010000000000000009,BTC,82508.23,392085.8
2026-10-10T00:41:58.683869+00:00,BTC-25JUN27-76000-P,85678.91,BTC-25JUN27,put,76000.0,2027-06-25T08:00:00+00:00,0.7071983077335096,0.0745,0.077,0.07587934,0.07575,85678.91,BTC-25JUN27,0.3948,-0.29916,250.27139,73.7,0.0,0.0025000000000000022,BTC,82508.23,0.0
2026-10-10T00:41:58.683869+00:00,BTC-11OCT26-86000-C,82520.69,BTC-11OCT26,call,86000.0,2026-10-11T08:00:00+00:00,0.003570655440559485,,0.0002,3.354e-05,,82520.69,BTC-11OCT26,0.2761,0.00627,0.87146,91.9,71.1,,BTC,82507.45,1516.24
2026-10-10T00:41:58.683869+00:00,BTC-23OCT26-85000-C,82697.25,BTC-23OCT26,call,85000.0,2026-10-23T08:00:00+00:00,0.0364248648861447,0.0125,0.013,0.01265401,0.01275,82697.25,BTC-23OCT26,0.3116,0.33236,57.33451,387.6,215.7,0.0004999999999999987,BTC,82508.23,239772.35
2026-10-10T00:41:58.683869+00:00,BTC-27NOV26-81000-C,83134.84,BTC-27NOV26,call,81000.0,2026-11-27T08:00:00+00:00,0.13224964243576826,0.065,0.0665,0.06609749,0.06575,83134.84,BTC-27NOV26,0.365,0.60316,116.58424,310.0,1.0,0.0015000000000000013,BTC,82507.45,5809.68
2026-10-10T00:41:58.683869+00:00,BTC-25JUN27-78000-C,85681.55,BTC-25JUN27,call,78000.0,2027-06-25T08:00:00+00:00,0.7071983077335096,0.1735,0.1755,0.17492931,0.1745,85681.55,BTC-25JUN27,0.3921,0.67342,259.90848,104.2,0.2,0.0020000000000000018,BTC,82507.45,2881.63
2026-10-10T00:41:58.683869+00:00,BTC-11OCT26-94000-P,82520.69,BTC-11OCT26,put,94000.0,2026-10-11T08:00:00+00:00,0.003570655440559485,0.136,0.1425,0.13911131,0.13925,82520.69,BTC-11OCT26,0.4603,-1.0,0.00028,0.0,0.0,0.006499999999999978,BTC,82507.45,0.0
2026-10-10T00:41:58.683869+00:00,BTC-24SEP27-190000-P,86794.66,BTC-24SEP27,put,190000.0,2027-09-24T08:00:00+00:00,0.9563427293625307,1.1835,1.215,1.19907158,1.19925,86794.66,BTC-24SEP27,0.4533,-0.93884,102.66386,0.0,0.0,0.031500000000000083,BTC,82507.45,0.0
2026-10-10T00:41:58.683869+00:00,BTC-27NOV26-96000-P,83134.84,BTC-27NOV26,put,96000.0,2026-11-27T08:00:00+00:00,0.13224964243576826,0.1605,0.1695,0.16525706,0.165,83134.84,BTC-27NOV26,0.3697,-0.84217,72.92327,0.0,0.0,0.009000000000000008,BTC,82507.45,0.0
2026-10-10T00:41:58.683869+00:00,BTC-25JUN27-62000-C,85678.91,BTC-25JUN27,call,62000.0,2027-06-25T08:00:00+00:00,0.7071983077335096,0.305,0.308,0.30660521,0.3065,85678.91,BTC-25JUN27,0.4264,0.86016,160.29301,123.0,0.4,0.0030000000000000027,BTC,82507.45,10103.54
2026-10-10T00:41:58.683869+00:00,BTC-23OCT26-80000-C,82697.25,BTC-23OCT26,call,80000.0,2026-10-23T08:00:00+00:00,0.0364248648861447,0.043,0.0455,0.04430989,0.04425,82697.25,BTC-23OCT26,0.32909999999999995,0.71151,53.90597,1.2,1.0,0.0025000000000000022,BTC,82507.45,3456.52
2026-10-10T00:41:58.683869+00:00,BTC-24SEP27-94000-C,86794.66,BTC-24SEP27,call,94000.0,2027-09-24T08:00:00+00:00,0.9563427293625307,0.118,0.1205,0.11930795,0.11925,86794.66,BTC-24SEP27,0.3897,0.49251,338.65772,1.1,0.0,0.0025000000000000022,BTC,82507.45,0.0
2026-10-10T00:41:58.683869+00:00,BTC-27NOV26-104000-P,83134.73,BTC-27NOV26,put,104000.0,2026-11-27T08:00:00+00:00,0.13224964243576826,0.2495,0.2585,0.25495445,0.254,83134.73,BTC-27NOV26,0.3921,-0.93308,39.21792,0.0,0.0,0.009000000000000008,BTC,82507.45,0.0
2026-10-10T00:41:58.683869+00:00,BTC-11OCT26-81000-P,82520.74,BTC-11OCT26,put,81000.0,2026-10-11T08:00:00+00:00,0.003570655440559485,0.0007,0.0008,0.00075746,0.00075,82520.74,BTC-11OCT26,0.25,-0.10558,9.0025,85.9,85.0,0.00010000000000000005,BTC,82507.45,15735.4
2026-10-10T00:41:58.683869+00:00,BTC-26MAR27-58000-C,84528.06,BTC-26MAR27,call,58000.0,2027-03-26T08:00:00+00:00,0.4580538861044883,0.3235,0.331,0.32732297,0.32725,84528.06,BTC-26MAR27,0.45439999999999997,0.91587,88.35731,4.3,0.0,0.007500000000000007,BTC,82507.45,0.0
2026-10-10T00:41:58.683869+00:00,BTC-26MAR27-94000-C,84528.06,BTC-26MAR27,call,94000.0,2027-03-26T08:00:00+00:00,0.4580538861044883,0.06,0.061,0.06052453,0.0605,84528.06,BTC-26MAR27,0.3779,0.38683,219.03823,212.5,5.8,0.0010000000000000009,BTC,82507.45,30268.0
2026-10-10T00:41:58.683869+00:00,BTC-26MAR27-72000-C,84528.06,BTC-26MAR27,call,72000.0,2027-03-26T08:00:00+00:00,0.4580538861044883,0.184,0.1915,0.19015627,0.18775,84528.06,BTC-26MAR27,0.3975,0.76742,174.8392,89.0,0.4,0.007500000000000007,BTC,82507.45,6245.24
2026-10-10T00:41:58.683869+00:00,BTC-25JUN27-50000-C,85678.91,BTC-25JUN27,call,50000.0,2027-06-25T08:00:00+00:00,0.7071983077335096,0.4255,0.432,0.42916307,0.42875,85678.91,BTC-25JUN27,0.47859999999999997,0.93807,88.00159,20.2,0.0,0.006500000000000006,BTC,82507.45,0.0
2026-10-10T00:41:58.683869+00:00,BTC-25DEC26-55000-C,83452.89,BTC-25DEC26,call,55000.0,2026-12-25T08:00:00+00:00,0.2089094644754671,0.342,0.3475,0.34472047,0.34475,83452.89,BTC-25DEC26,0.5413,0.96469,29.69126,127.4,0.0,0.005499999999999949,BTC,82507.45,0.0
2026-10-10T00:41:58.683869+00:00,BTC-27NOV26-99000-C,83134.73,BTC-27NOV26,call,99000.0,2026-11-27T08:00:00+00:00,0.13224964243576826,0.007,0.0075,0.00725172,0.00725,83134.73,BTC-27NOV26,0.3778,0.11454,58.52833,46.4,0.0,0.0004999999999999996,BTC,82507.46,0.0
2026-10-10T00:41:58.683869+00:00,BTC-10OCT26-90000-C,82521.39,BTC-10OCT26,call,90000.0,2026-10-10T08:00:00+00:00,0.0008328046534273835,,0.0001,0.0,,82521.39,BTC-10OCT26,0.5517,0.0,0.0,17.7,0.1,,BTC,82507.46,0.82
2026-10-10T00:41:58.683869+00:00,BTC-10OCT26-82000-P,82518.75,BTC-10OCT26,put,82000.0,2026-10-10T08:00:00+00:00,0.0008328046534273835,0.0004,0.0006,0.00045278,0.0005,82518.75,BTC-10OCT26,0.2079,-0.14891,5.52032,67.1,69.5,0.00019999999999999993,BTC,82507.46,15332.6
2026-10-10T00:41:58.683869+00:00,BTC-25DEC26-240000-C,83452.89,BTC-25DEC26,call,240000.0,2026-12-25T08:00:00+00:00,0.2089094644754671,0.0001,0.0002,0.00014322,0.00015,83452.89,BTC-25DEC26,0.7415,0.00161,1.98125,780.5,0.5,0.0001,BTC,82507.46,4.16
2026-10-10T00:41:58.683869+00:00,BTC-24SEP27-50000-C,86794.66,BTC-24SEP27,call,50000.0,2027-09-24T08:00:00+00:00,0.9563427293625307,0.4385,0.446,0.44217267,0.44225,86794.66,BTC-24SEP27,0.4628,0.92571,119.31995,1.6,0.0,0.007500000000000007,BTC,82507.46,0.0
2026-10-10T00:41:58.683869+00:00,BTC-12OCT26-76000-C,82536.68,BTC-12OCT26,call,76000.0,2026-10-12T08:00:00+00:00,0.006308506227691586,0.077,0.0815,0.07942284,0.07925,82536.68,BTC-12OCT26,0.49219999999999997,0.98329,2.72444,0.0,0.0,0.004500000000000004,BTC,82507.46,0.0
2026-10-10T00:41:58.683869+00:00,BTC-23OCT26-73000-C,82697.09,BTC-23OCT26,call,73000.0,2026-10-23T08:00:00+00:00,0.0364248648861447,0.117,0.122,0.11937594,0.1195,82697.09,BTC-23OCT26,0.42810000000000004,0.94132,18.47929,0.0,0.0,0.0049999999999999906,BTC,82507.46,0.0
2026-10-10T00:41:58.683869+00:00,BTC-26MAR27-66000-P,84528.06,BTC-26MAR27,put,66000.0,2027-03-26T08:00:00+00:00,0.4580538861044883,0.0255,0.0265,0.02598789,0.026,84528.06,BTC-26MAR27,0.4169,-0.15448,136.05462,98.4,4.4,0.0010000000000000009,BTC,82507.46,9127.79
2026-10-10T00:41:58.683869+00:00,BTC-10OCT26-88500-P,82518.75,BTC-10OCT26,put,88500.0,2026-10-10T08:00:00+00:00,0.0008328046534273835,0.0695,0.075,0.07248848,0.07225,82518.75,BTC-10OCT26,0.5399,-1.0,0.00039,0.0,0.0,0.005499999999999991,BTC,82507.26,0.0
2026-10-10T00:41:58.683869+00:00,BTC-25DEC26-75000-C,83450.25,BTC-25DEC26,call,75000.0,2026-12-25T08:00:00+00:00,0.2089094644754671,0.125,0.133,0.12875439,0.129,83450.25,BTC-25DEC26,0.3829,0.75705,119.39154,1925.5,0.0,0.008000000000000007,BTC,82507.26,0.0
2026-10-10T00:41:58.683869+00:00,BTC-25JUN27-114000-C,85681.55,BTC-25JUN27,call,114000.0,2027-06-25T08:00:00+00:00,0.7071983077335096,0.0395,0.041,0.04025412,0.04025,85681.55,BTC-25JUN27,0.3918,0.24138,224.75015,6.0,0.0,0.0015000000000000013,BTC,82507.26,0.0
2026-10-10T00:41:58.683869+00:00,BTC-23OCT26-92000-C,82697.09,BTC-23OCT26,call,92000.0,2026-10-23T08:00:00+00:00,0.0364248648861447,0.0014,0.0016,0.00147895,0.0015,82697.09,BTC-23OCT26,0.3419,0.05472,17.48961,436.1,17.0,0.0002000000000000001,BTC,82507.26,3440.65
2026-10-10T00:41:58.683869+00:00,BTC-11OCT26-77000-P,82520.74,BTC-11OCT26,put,77000.0,2026-10-11T08:00:00+00:00,0.003570655440559485,0.0001,0.0002,0.00014127,0.00015,82520.74,BTC-11OCT26,0.5229,-0.01292,1.64193,35.6,19.0,0.0001,BTC,82507.26,342.34
2026-10-10T00:41:58.683869+00:00,BTC-26MAR27-35000-P,84528.06,BTC-26MAR27,put,35000.0,2027-03-26T08:00:00+00:00,0.4580538861044883,0.002,0.0022,0.00209601,0.0021,84528.06,BTC-26MAR27,0.6391,-0.0121,18.00127,618.9,3.0,0.0002000000000000001,BTC,82507.26,522.72
2026-10-10T00:41:58.683869+00:00,BTC-11OCT26-80500-P,82520.69,BTC-11OCT26,put,80500.0,2026-10-11T08:00:00+00:00,0.003570655440559485,0.0005,0.0007,0.00061441,0.0006,82520.69,BTC-11OCT26,0.2932,-0.07731,7.14161,481.9,294.0,0.00019999999999999998,BTC,82507.21,31458.8
2026-10-10T00:41:58.683869+00:00,BTC-16OCT26-89000-C,82606.8,BTC-16OCT26,call,89000.0,2026-10-16T08:00:00+00:00,0.017259909376219993,0.0007,0.0009,0.00079636,0.0008,82606.8,BTC-16OCT26,0.3308,0.04509,10.30639,501.9,79.1,0.00019999999999999998,BTC,82507.26,9867.91
2026-10-10T00:41:58.683869+00:00,BTC-25JUN27-30000-C,85678.91,BTC-25JUN27,call,30000.0,2027-06-25T08:00:00+00:00,0.7071983077335096,0.6515,0.6535,0.65244855,0.6525,85678.91,BTC-25JUN27,0.6248,0.98806,22.40667,87.4,0.0,0.0020000000000000018,BTC,82507.21,0.0
2026-10-10T00:41:58.683869+00:00,BTC-30OCT26-73000-C,82790.06,BTC-30OCT26,call,73000.0,2026-10-30T08:00:00+00:00,0.055589820396069405,0.1195,0.1245,0.12228732,0.122,82790.06,BTC-30OCT26,0.4078,0.91239,31.07794,573.5,0.0,0.0050000000000000044,BTC,82507.21,0.0
2026-10-10T00:41:58.683869+00:00,BTC-30OCT26-81000-P,82790.06,BTC-30OCT26,put,81000.0,2026-10-30T08:00:00+00:00,0.055589820396069405,0.0205,0.0215,0.0209978,0.021,82790.06,BTC-30OCT26,0.3289,-0.37461,74.01106,797.7,126.2,0.0009999999999999974,BTC,82507.21,226282.0
2026-10-10T00:41:58.683869+00:00,BTC-10OCT26-84500-P,82518.75,BTC-10OCT26,put,84500.0,2026-10-10T08:00:00+00:00,0.0008328046534273835,0.0215,0.027,0.0240347,0.02425,82518.75,BTC-10OCT26,0.3308,-0.99367,0.42383,1.9,0.0,0.005500000000000001,BTC,82507.21,0.0
2026-10-10T00:41:58.683869+00:00,BTC-13OCT26-91000-P,82554.59,BTC-13OCT26,put,91000.0,2026-10-13T08:00:00+00:00,0.009046357014823687,0.1005,0.1055,0.10234093,0.103,82554.59,BTC-13OCT26,0.37560000000000004,-0.99665,0.7943,0.0,0.0,0.0049999999999999906,BTC,82507.21,0.0
2026-10-10T00:41:58.683869+00:00,BTC-26MAR27-64000-P,84528.06,BTC-26MAR27,put,64000.0,2027-03-26T08:00:00+00:00,0.4580538861044883,0.0215,0.0225,0.02199047,0.022,84528.06,BTC-26MAR27,0.42450000000000004,-0.13319,123.09339,124.8,2.0,0.0010000000000000009,BTC,82507.21,3561.47
2026-10-10T00:41:58.683869+00:00,BTC-24SEP27-115000-C,86794.66,BTC-24SEP27,call,115000.0,2027-09-24T08:00:00+00:00,0.9563427293625307,0.0585,0.061,0.05974008,0.05975,86794.66,BTC-24SEP27,0.3944,0.29584,293.33191,0.0,0.0,0.0024999999999999953,BTC,82507.36,0.0
2026-10-10T00:41:58.683869+00:00,BTC-26MAR27-115000-P,84528.06,BTC-26MAR27,put,115000.0,2027-03-26T08:00:00+00:00,0.4580538861044883,0.3715,0.388,0.37951135,0.37975,84528.06,BTC-26MAR27,0.3937,-0.8466,135.42036,3.0,0.0,0.016500000000000015,BTC,82507.21,0.0
2026-10-10T00:41:58.683869+00:00,BTC-26MAR27-35000-C,84528.67,BTC-26MAR27,call,35000.0,2027-03-26T08:00:00+00:00,0.4580538861044883,0.587,0.589,0.58803174,0.588,84528.67,BTC-26MAR27,0.6391,0.9879,18.00107,21.8,0.0,0.0020000000000000018,BTC,82507.21,0.0
2026-10-10T00:41:58.683869+00:00,BTC-10OCT26-86500-C,82518.75,BTC-10OCT26,call,86500.0,2026-10-10T08:00:00+00:00,0.0008328046534273835,,0.0001,1.4e-07,,82518.75,BTC-10OCT26,0.41969999999999996,5e-05,0.00476,76.0,79.1,,BTC,82507.36,1480.56
2026-10-10T00:41:58.683869+00:00,BTC-23OCT26-86000-C,82697.09,BTC-23OCT26,call,86000.0,2026-10-23T08:00:00+00:00,0.0364248648861447,0.009,0.01,0.00949775,0.0095,82697.09,BTC-23OCT26,0.31489999999999996,0.26672,51.87703,106.3,37.1,0.0010000000000000009,BTC,82507.36,34191.24
2026-10-10T00:41:58.683869+00:00,BTC-13OCT26-79500-P,82554.59,BTC-13OCT26,put,79500.0,2026-10-13T08:00:00+00:00,0.009046357014823687,0.0014,0.0016,0.00148427,0.0015,82554.59,BTC-13OCT26,0.31620000000000004,-0.10295,14.07526,8.8,9.8,0.0002000000000000001,BTC,82507.36,1486.2
2026-10-10T00:41:58.683869+00:00,BTC-25JUN27-54000-P,85681.55,BTC-25JUN27,put,54000.0,2027-06-25T08:00:00+00:00,0.7071983077335096,0.0165,0.018,0.01723908,0.01725,85681.55,BTC-25JUN27,0.4598,-0.08276,109.92291,50.6,0.0,0.0014999999999999979,BTC,82507.36,0.0
2026-10-10T00:41:58.683869+00:00,BTC-30OCT26-115000-P,82790.06,BTC-30OCT26,put,115000.0,2026-10-30T08:00:00+00:00,0.055589820396069405,0.385,0.3925,0.38914265,0.38875,82790.06,BTC-30OCT26,0.4877,-0.99745,1.54462,34.6,0.0,0.007500000000000007,BTC,82506.91,0.0
2026-10-10T00:41:58.683869+00:00,BTC-30OCT26-77000-C,82790.06,BTC-30OCT26,call,77000.0,2026-10-30T08:00:00+00:00,0.055589820396069405,0.0765,0.082,0.07874756,0.07925,82790.06,BTC-30OCT26,0.358,0.81606,51.92999,205.7,0.0,0.005500000000000005,BTC,82506.91,0.0
2026-10-10T00:41:58.683869+00:00,BTC-27NOV26-106000-P,83134.84,BTC-27NOV26,put,106000.0,2026-11-27T08:00:00+00:00,0.13224964243576826,0.273,0.2825,0.27821531,0.27775,83134.84,BTC-27NOV26,0.39880000000000004,-0.94555,33.37467,0.0,0.0,0.009499999999999953,BTC,82506.91,0.0
2026-10-10T00:41:58.683869+00:00,BTC-30OCT26-104000-C,82790.06,BTC-30OCT26,call,104000.0,2026-10-30T08:00:00+00:00,0.055589820396069405,0.0002,0.0003,0.00024607,0.00025,82790.06,BTC-30OCT26,0.39520000000000005,0.00817,4.3587,489.7,55.1,9.999999999999996e-05,BTC,82506.91,2230.61
2026-10-10T00:41:58.683869+00:00,BTC-24SEP27-90000-P,86794.66,BTC-24SEP27,put,90000.0,2027-09-24T08:00:00+00:00,0.9563427293625307,0.1715,0.175,0.17329312,0.17325,86794.66,BTC-24SEP27,0.39020000000000005,-0.46189,337.16804,2.8,0.0,0.0034999999999999754,BTC,82506.91,0.0
2026-10-10T00:41:58.683869+00:00,BTC-27NOV26-91000-P,83134.73,BTC-27NOV26,put,91000.0,2026-11-27T08:00:00+00:00,0.13224964243576826,0.1105,0.119,0.1146201,0.11475,83134.73,BTC-27NOV26,0.3611,-0.73342,99.34675,0.2,0.0,0.008499999999999994,BTC,82506.91,0.0
2026-10-10T00:41:58.683869+00:00,BTC-26MAR27-108000-P,84528.06,BTC-26MAR27,put,108000.0,2027-03-26T08:00:00+00:00,0.4580538861044883,0.299,0.3125,0.30541404,0.30575,84528.06,BTC-26MAR27,0.387,-0.78953,165.13023,0.1,0.0,0.013500000000000012,BTC,82506.91,0.0
2026-10-10T00:41:58.683869+00:00,BTC-26MAR27-180000-C,84528.06,BTC-26MAR27,call,180000.0,2027-03-26T08:00:00+00:00,0.4580538861044883,0.0019,0.0025,0.00218667,0.0022,84528.06,BTC-26MAR27,0.5005,0.01962,27.25511,691.4,0.0,0.0006000000000000001,BTC,82506.91,0.0
2026-10-10T00:41:58.683869+00:00,BTC-26MAR27-84000-P,84528.67,BTC-26MAR27,put,84000.0,2027-03-26T08:00:00+00:00,0.4580538861044883,0.098,0.0995,0.09880483,0.09875,84528.67,BTC-26MAR27,0.3795,-0.43939,225.64511,427.7,1.4,0.0015000000000000013,BTC,82506.91,11530.55
2026-10-10T00:41:58.683869+00:00,BTC-23OCT26-81000-P,82697.09,BTC-23OCT26,put,81000.0,2026-10-23T08:00:00+00:00,0.0364248648861447,0.015,0.016,0.01542248,0.0155,82697.09,BTC-23OCT26,0.3226,-0.35719,58.89831,122.5,18.8,0.0010000000000000009,BTC,82506.91,25599.71
2026-10-10T00:41:58.683869+00:00,BTC-24SEP27-100000-C,86794.66,BTC-24SEP27,call,100000.0,2027-09-24T08:00:00+00:00,0.9563427293625307,0.096,0.099,0.09754768,0.0975,86794.66,BTC-24SEP27,0.3897,0.42816,333.20293,87.8,0.2,0.0030000000000000027,BTC,82505.57,1620.4
2026-10-10T00:41:58.683869+00:00,BTC-24SEP27-96000-P,86794.62,BTC-24SEP27,put,96000.0,2027-09-24T08:00:00+00:00,0.9563427293625307,0.216,0.2195,0.21763447,0.21775,86794.62,BTC-24SEP27,0.3896,-0.52953,337.78666,0.0,0.0,0.003500000000000003,BTC,82505.57,0.0
2026-10-10T00:41:58.683869+00:00,BTC-10OCT26-96000-P,82521.39,BTC-10OCT26,put,96000.0,2026-10-10T08:00:00+00:00,0.0008328046534273835,0.1615,0.1665,0.16337732,0.164,82521.39,BTC-10OCT26,0.5593,-1.0,0.0,0.0,0.0,0.0050000000000000044,BTC,82505.57,0.0
2026-10-10T00:41:58.683869+00:00,BTC-16OCT26-85000-P,82606.9,BTC-16OCT26,put,85000.0,2026-10-16T08:00:00+00:00,0.017259909376219993,0.033,0.036,0.03449537,0.0345,82606.9,BTC-16OCT26,0.301,-0.75962,33.7715,51.6,0.7,0.0029999999999999957,BTC,82505.57,1912.18
2026-10-10T00:41:58.683869+00:00,BTC-30OCT26-72000-P,82790.06,BTC-30OCT26,put,72000.0,2026-10-30T08:00:00+00:00,0.055589820396069405,0.0032,0.0036,0.0033942,0.0034,82790.06,BTC-30OCT26,0.4225,-0.07349,27.20994,2531.4,56.4,0.00039999999999999975,BTC,82505.57,15798.08
2026-10-10T00:41:58.683869+00:00,BTC-30OCT26-50000-P,82790.06,BTC-30OCT26,put,50000.0,2026-10-30T08:00:00+00:00,0.055589820396069405,,0.0001,6.868e-05,,82790.06,BTC-30OCT26,0.7332,-0.00134,0.86017,501.8,0.1,,BTC,82505.57,0.82
2026-10-10T00:41:58.683869+00:00,BTC-10OCT26-95000-C,82518.75,BTC-10OCT26,call,95000.0,2026-10-10T08:00:00+00:00,0.0008328046534273835,,0.0001,0.0,,82518.75,BTC-10OCT26,0.5526,0.0,0.0,0.1,0.0,,BTC,82505.65,0.0
2026-10-10T00:41:58.683869+00:00,BTC-23OCT26-89000-P,82697.09,BTC-23OCT26,put,89000.0,2026-10-23T08:00:00+00:00,0.0364248648861447,0.0775,0.0825,0.07994365,0.08,82697.09,BTC-23OCT26,0.3248,-0.87586,32.34034,0.0,0.0,0.0050000000000000044,BTC,82505.57,0.0
2026-10-10T00:41:58.683869+00:00,BTC-30OCT26-78000-C,82790.06,BTC-30OCT26,call,78000.0,2026-10-30T08:00:00+00:00,0.055589820396069405,0.068,0.07,0.06884948,0.069,82790.06,BTC-30OCT26,0.3496,0.77727,58.21817,484.5,0.0,0.0020000000000000018,BTC,82505.65,0.0
2026-10-10T00:41:58.683869+00:00,BTC-12OCT26-80000-C,82536.68,BTC-12OCT26,call,80000.0,2026-10-12T08:00:00+00:00,0.006308506227691586,0.03,0.0335,0.03170204,0.03175,82536.68,BTC-12OCT26,0.2948,0.91017,10.63021,21.7,8.0,0.003500000000000003,BTC,82505.65,26607.71
2026-10-10T00:41:58.683869+00:00,BTC-26MAR27-88000-C,84527.96,BTC-26MAR27,call,88000.0,2027-03-26T08:00:00+00:00,0.4580538861044883,0.084,0.085,0.0846105,0.0845,84527.96,BTC-26MAR27,0.3779,0.48809,228.17808,399.4,9.8,0.0010000000000000009,BTC,82505.65,69848.98
2026-10-10T00:41:58.683869+00:00,BTC-30OCT26-83000-C,82790.06,BTC-30OCT26,call,83000.0,2026-10-30T08:00:00+00:00,0.055589820396069405,0.029,0.03,0.0293577,0.0295,82790.06,BTC-30OCT26,0.325,0.50164,77.88872,759.8,110.4,0.0009999999999999974,BTC,82505.65,282279.13
2026-10-10T00:41:58.683869+00:00,BTC-26MAR27-74000-P,84528.06,BTC-26MAR27,put,74000.0,2027-03-26T08:00:00+00:00,0.4580538861044883,0.0485,0.0495,0.04889506,0.049,84528.06,BTC-26MAR27,0.3924,-0.26332,186.81913,228.8,12.3,0.0010000000000000009,BTC,82505.65,50120.81
2026-10-10T00:41:58.683869+00:00,BTC-26MAR27-170000-C,84528.06,BTC-26MAR27,call,170000.0,2027-03-26T08:00:00+00:00,0.4580538861044883,0.0026,0.003,0.00279594,0.0028,84528.06,BTC-26MAR27,0.486,0.02503,33.47461,1021.9,1.3,0.0004000000000000002,BTC,82505.65,300.76
2026-10-10T00:41:58.683869+00:00,BTC-27NOV26-85000-C,83134.73,BTC-27NOV26,call,85000.0,2026-11-27T08:00:00+00:00,0.13224964243576826,0.042,0.043,0.04246188,0.0425,83134.73,BTC-27NOV26,0.36090000000000005,0.45849,119.98287,685.4,4.9,0.000999999999999994,BTC,82505.61,18517.3
2026-10-10T00:41:58.683869+00:00,BTC-26MAR27-74000-C,84528.06,BTC-26MAR27,call,74000.0,2027-03-26T08:00:00+00:00,0.4580538861044883,0.1725,0.1745,0.17344127,0.1735,84528.06,BTC-26MAR27,0.3924,0.73668,186.81913,66.8,0.0,0.0020000000000000018,BTC,82505.65,0.0
2026-10-10T00:41:58.683869+00:00,BTC-25DEC26-64000-P,83452.89,BTC-25DEC26,put,64000.0,2026-12-25T08:00:00+00:00,0.2089094644754671,0.008,0.0085,0.00824348,0.00825,83452.89,BTC-25DEC26,0.4484,-0.08132,57.42033,376.4,0.3,0.0005000000000000004,BTC,82505.61,206.62
2026-10-10T00:41:58.683869+00:00,BTC-11OCT26-86500-C,82520.69,BTC-11OCT26,call,86500.0,2026-10-11T08:00:00+00:00,0.003570655440559485,,0.0002,1.568e-05,,82520.69,BTC-11OCT26,0.2864,0.00299,0.45016,66.3,57.2,,BTC,82505.61,843.12
2026-10-10T00:41:58.683869+00:00,BTC-26MAR27-54000-C,84527.96,BTC-26MAR27,call,54000.0,2027-03-26T08:00:00+00:00,0.4580538861044883,0.3675,0.3745,0.37114416,0.371,84527.96,BTC-26MAR27,0.4813,0.93795,69.97768,0.1,0.0,0.007000000000000006,BTC,82505.61,0.0
2026-10-10T00:41:58.683869+00:00,BTC-25JUN27-96000-P,85678.91,BTC-25JUN27,put,96000.0,2027-06-25T08:00:00+00:00,0.7071983077335096,0.2025,0.207,0.20447852,0.20475,85678.91,BTC-25JUN27,0.38380000000000003,-0.57578,282.31592,0.1,0.0,0.004499999999999976,BTC,82505.61,0.0
2026-10-10T00:41:58.683869+00:00,BTC-27NOV26-91000-C,83134.73,BTC-27NOV26,call,91000.0,2026-11-27T08:00:00+00:00,0.13224964243576826,0.0195,0.0205,0.02001139,0.02,83134.73,BTC-27NOV26,0.3611,0.26652,99.33309,227.9,0.3,0.0010000000000000009,BTC,82506.13,520.29
2026-10-10T00:41:58.683869+00:00,BTC-16OCT26-87000-P,82606.8,BTC-16OCT26,put,87000.0,2026-10-16T08:00:00+00:00,0.017259909376219993,0.053,0.0575,0.05525104,0.05525,82606.8,BTC-16OCT26,0.3119,-0.89372,19.91049,85.6,7.1,0.004500000000000004,BTC,82505.61,32804.05
2026-10-10T00:41:58.683869+00:00,BTC-11OCT26-85000-P,82520.74,BTC-11OCT26,put,85000.0,2026-10-11T08:00:00+00:00,0.003570655440559485,0.0275,0.033,0.03019173,0.03025,82520.74,BTC-11OCT26,0.2525,-0.97485,2.89614,0.0,0.0,0.005500000000000001,BTC,82506.13,0.0
2026-10-10T00:41:58.683869+00:00,BTC-11OCT26-80500-C,82520.69,BTC-11OCT26,call,80500.0,2026-10-11T08:00:00+00:00,0.003570655440559485,0.0235,0.027,0.02509888,0.02525,82520.69,BTC-11OCT26,0.2932,0.92252,7.1532,34.6,1.0,0.0034999999999999996,BTC,82506.13,2699.75
2026-10-10T00:41:58.683869+00:00,BTC-25JUN27-84000-P,85678.91,BTC-25JUN27,put,84000.0,2027-06-25T08:00:00+00:00,0.7071983077335096,0.117,0.12,0.11838449,0.1185,85678.91,BTC-25JUN27,0.38670000000000004,-0.41169,280.44485,507.5,0.0,0.002999999999999989,BTC,82506.13,0.0
2026-10-10T00:41:58.683869+00:00,BTC-26MAR27-120000-P,84527.96,BTC-26MAR27,put,120000.0,2027-03-26T08:00:00+00:00,0.4580538861044883,0.426,0.442,0.43464498,0.434,84527.96,BTC-26MAR27,0.4014,-0.87569,117.3372,9.9,0.0,0.016000000000000014,BTC,82506.13,0.0
2026-10-10T00:41:58.683869+00:00,BTC-30OCT26-78000-P,82790.06,BTC-30OCT26,put,78000.0,2026-10-30T08:00:00+00:00,0.055589820396069405,0.0105,0.0115,0.01099294,0.011,82790.06,BTC-30OCT26,0.3496,-0.22271,58.2156,2461.9,313.9,0.0009999999999999992,BTC,82506.13,283583.35
2026-10-10T00:41:58.683869+00:00,BTC-11OCT26-76000-C,82520.74,BTC-11OCT26,call,76000.0,2026-10-11T08:00:00+00:00,0.003570655440559485,0.0765,0.0815,0.07905797,0.079,82520.74,BTC-11OCT26,0.5257999999999999,0.99578,0.61334,0.0,0.0,0.0050000000000000044,BTC,82506.23,0.0
2026-10-10T00:41:58.683869+00:00,BTC-11OCT26-83500-C,82520.74,BTC-11OCT26,call,83500.0,2026-10-11T08:00:00+00:00,0.003570655440559485,0.0005,0.0007,0.00060328,0.0006,82520.74,BTC-11OCT26,0.1686,0.12074,9.90426,84.6,58.2,0.00019999999999999998,BTC,82506.23,9273.9
2026-10-10T00:41:58.683869+00:00,BTC-16OCT26-80000-C,82606.93,BTC-16OCT26,call,80000.0,2026-10-16T08:00:00+00:00,0.017259909376219993,0.0365,0.0385,0.03723657,0.0375,82606.93,BTC-16OCT26,0.3295,0.77617,32.45655,14.2,3.3,0.0020000000000000018,BTC,82506.13,10158.14
2026-10-10T00:41:58.683869+00:00,BTC-26MAR27-104000-P,84528.06,BTC-26MAR27,put,104000.0,2027-03-26T08:00:00+00:00,0.4580538861044883,0.258,0.2715,0.26476118,0.26475,84528.06,BTC-26MAR27,0.38280000000000003,-0.74881,182.29477,3.9,0.0,0.013500000000000012,BTC,82506.13,0.0
2026-10-10T00:41:58.683869+00:00,BTC-10OCT26-83500-C,82521.39,BTC-10OCT26,call,83500.0,2026-10-10T08:00:00+00:00,0.0008328046534273835,0.0001,0.0002,0.00014043,0.00015,82521.39,BTC-10OCT26,0.24539999999999998,0.04668,2.31979,251.2,66.0,0.0001,BTC,82506.23,11562.65
2026-10-10T00:41:58.683869+00:00,BTC-24SEP27-94000-P,86794.66,BTC-24SEP27,put,94000.0,2027-09-24T08:00:00+00:00,0.9563427293625307,0.2005,0.204,0.202327,0.20225,86794.66,BTC-24SEP27,0.3897,-0.5075,338.65282,0.0,0.0,0.0034999999999999754,BTC,82506.23,0.0
2026-10-10T00:41:58.683869+00:00,BTC-24SEP27-78000-P,86794.66,BTC-24SEP27,put,78000.0,2027-09-24T08:00:00+00:00,0.9563427293625307,0.099,0.102,0.10056787,0.1005,86794.66,BTC-24SEP27,0.396,-0.31941,303.38839,0.1,0.0,0.002999999999999989,BTC,82506.23,0.0
2026-10-10T00:41:58.683869+00:00,BTC-12OCT26-82000-P,82536.44,BTC-12OCT26,put,82000.0,2026-10-12T08:00:00+00:00,0.006308506227691586,0.0039,0.0043,0.00412636,0.0041,82536.44,BTC-12OCT26,0.2182,-0.35102,24.30732,9.6,4.3,0.0004000000000000002,BTC,82506.23,2212.69
2026-10-10T00:41:58.683869+00:00,BTC-26MAR27-94000-P,84528.06,BTC-26MAR27,put,94000.0,2027-03-26T08:00:00+00:00,0.4580538861044883,0.167,0.1795,0.17259023,0.17325,84528.06,BTC-26MAR27,0.3779,-0.61319,219.02985,18.8,0.0,0.012499999999999983,BTC,82506.23,0.0
2026-10-10T00:41:58.683869+00:00,BTC-11OCT26-85000-C,82520.69,BTC-11OCT26,call,85000.0,2026-10-11T08:00:00+00:00,0.003570655440559485,0.0001,0.0002,0.00014428,0.00015,82520.69,BTC-11OCT26,0.2525,0.02516,2.89619,65.3,55.4,0.0001,BTC,82506.23,3780.11
2026-10-10T00:41:58.683869+00:00,BTC-25DEC26-100000-P,83452.89,BTC-25DEC26,put,100000.0,2026-12-25T08:00:00+00:00,0.2089094644754671,0.2075,0.218,0.21269974,0.21275,83452.89,BTC-25DEC26,0.37810000000000005,-0.8315,95.99259,303.1,0.0,0.01050000000000001,BTC,82506.23,0.0
2026-10-10T00:41:58.683869+00:00,BTC-25DEC26-75000-P,83452.89,BTC-25DEC26,put,75000.0,2026-12-25T08:00:00+00:00,0.2089094644754671,0.027,0.028,0.02748926,0.0275,83452.89,BTC-25DEC26,0.3829,-0.24297,119.39634,2472.3,24.9,0.0010000000000000009,BTC,82506.23,61119.13
2026-10-10T00:41:58.683869+00:00,BTC-12OCT26-76000-P,82536.68,BTC-12OCT26,put,76000.0,2026-10-12T08:00:00+00:00,0.006308506227691586,0.0002,0.0003,0.00023628,0.00025,82536.68,BTC-12OCT26,0.49219999999999997,-0.01673,2.72633,0.6,0.7,9.999999999999996e-05,BTC,82506.23,22.29
2026-10-10T00:41:58.683869+00:00,BTC-27NOV26-76000-P,83134.73,BTC-27NOV26,put,76000.0,2026-11-27T08:00:00+00:00,0.13224964243576826,0.02,0.021,0.02053021,0.0205,83134.73,BTC-27NOV26,0.3799,-0.2365,93.25106,176.7,1.0,0.0010000000000000009,BTC,82506.23,1737.1
2026-10-10T00:41:58.683869+00:00,BTC-11OCT26-80000-C,82520.74,BTC-11OCT26,call,80000.0,2026-10-11T08:00:00+00:00,0.003570655440559485,0.0285,0.034,0.03105765,0.03125,82520.74,BTC-11OCT26,0.3347,0.94032,5.84817,0.0,0.0,0.005500000000000001,BTC,82506.23,0.0
2026-10-10T00:41:58.683869+00:00,BTC-27NOV26-120000-P,83134.73,BTC-27NOV26,put,120000.0,2026-11-27T08:00:00+00:00,0.13224964243576826,0.4395,0.4495,0.44432497,0.4445,83134.73,BTC-27NOV26,0.4525,-0.98415,12.00456,8.8,0.0,0.010000000000000009,BTC,82506.23,0.0
2026-10-10T00:41:58.683869+00:00,BTC-16OCT26-83000-P,82606.8,BTC-16OCT26,put,83000.0,2026-10-16T08:00:00+00:00,0.017259909376219993,0.0175,0.0185,0.01829491,0.018,82606.8,BTC-16OCT26,0.3006,-0.541,43.07253,922.8,127.6,0.0009999999999999974,BTC,82506.23,206986.66
2026-10-10T00:41:58.683869+00:00,BTC-26MAR27-76000-C,84528.06,BTC-26MAR27,call,76000.0,2027-03-26T08:00:00+00:00,0.4580538861044883,0.1565,0.159,0.15756853,0.15775,84528.06,BTC-26MAR27,0.38770000000000004,0.70402,197.7371,541.7,0.0,0.0025000000000000022,BTC,82506.23,0.0
2026-10-10T00:41:58.683869+00:00,BTC-13OCT26-79500-C,82554.59,BTC-13OCT26,call,79500.0,2026-10-13T08:00:00+00:00,0.009046357014823687,0.036,0.0405,0.03848209,0.03825,82554.59,BTC-13OCT26,0.31620000000000004,0.89694,14.0858,0.0,0.0,0.004500000000000004,BTC,82506.23,0.0
2026-10-10T00:41:58.683869+00:00,BTC-12OCT26-82000-C,82536.68,BTC-12OCT26,call,82000.0,2026-10-12T08:00:00+00:00,0.006308506227691586,0.01,0.0115,0.01062117,0.01075,82536.68,BTC-12OCT26,0.2182,0.64898,24.30732,28.4,5.3,0.0014999999999999996,BTC,82506.23,6648.38
2026-10-10T00:41:58.683869+00:00,BTC-25JUN27-92000-C,85678.91,BTC-25JUN27,call,92000.0,2027-06-25T08:00:00+00:00,0.7071983077335096,0.098,0.1005,0.0993268,0.09925,85678.91,BTC-25JUN27,0.3839,0.47641,287.018,45.2,0.0,0.0025000000000000022,BTC,82506.23,0.0
2026-10-10T00:41:58.683869+00:00,BTC-12OCT26-80500-C,82536.68,BTC-12OCT26,call,80500.0,2026-10-12T08:00:00+00:00,0.006308506227691586,0.024,0.028,0.02594336,0.026,82536.68,BTC-12OCT26,0.27,0.87954,13.14899,40.5,1.0,0.004,BTC,82506.23,2739.92
2026-10-10T00:41:58.683869+00:00,BTC-30OCT26-65000-P,82790.06,BTC-30OCT26,put,65000.0,2026-10-30T08:00:00+00:00,0.055589820396069405,0.0009,0.001,0.00094846,0.00095,82790.06,BTC-30OCT26,0.5163,-0.02034,9.58929,2304.9,352.6,0.00010000000000000005,BTC,82506.23,27399.56
2026-10-10T00:41:58.683869+00:00,BTC-30OCT26-59000-P,82790.06,BTC-30OCT26,put,59000.0,2026-10-30T08:00:00+00:00,0.055589820396069405,0.0002,0.0004,0.00028759,0.0003,82790.06,BTC-30OCT26,0.5901,-0.00615,3.39451,311.7,0.0,0.0002,BTC,82506.23,0.0
2026-10-10T00:41:58.683869+00:00,BTC-10OCT26-94000-C,82521.39,BTC-10OCT26,call,94000.0,2026-10-10T08:00:00+00:00,0.0008328046534273835,,0.0001,0.0,,82521.39,BTC-10OCT26,0.5518,0.0,0.0,0.2,0.0,,BTC,82506.23,0.0
2026-10-10T00:41:58.683869+00:00,BTC-23OCT26-84000-P,82697.09,BTC-23OCT26,put,84000.0,2026-10-23T08:00:00+00:00,0.0364248648861447,0.032,0.033,0.03262689,0.0325,82697.09,BTC-23OCT26,0.31170000000000003,-0.5926,61.27291,35.8,0.3,0.0010000000000000009,BTC,82506.23,748.17
2026-10-10T00:41:58.683869+00:00,BTC-13OCT26-83000-C,82554.67,BTC-13OCT26,call,83000.0,2026-10-13T08:00:00+00:00,0.009046357014823687,0.007,0.0075,0.00725284,0.00725,82554.67,BTC-13OCT26,0.2552,0.41527,30.61613,0.7,0.7,0.0004999999999999996,BTC,82506.23,516.63
2026-10-10T00:41:58.683869+00:00,BTC-30OCT26-82000-C,82790.06,BTC-30OCT26,call,82000.0,2026-10-30T08:00:00+00:00,0.055589820396069405,0.035,0.036,0.03555553,0.0355,82790.06,BTC-30OCT26,0.32630000000000003,0.56432,76.87515,1615.5,562.0,0.000999999999999994,BTC,82506.23,1602010.18
2026-10-10T00:41:58.683869+00:00,BTC-25DEC26-120000-P,83452.89,BTC-25DEC26,put,120000.0,2026-12-25T08:00:00+00:00,0.2089094644754671,0.4345,0.446,0.44082056,0.44025,83452.89,BTC-25DEC26,0.4267,-0.9612,32.07441,35.9,0.0,0.01150000000000001,BTC,82506.23,0.0
2026-10-10T00:41:58.683869+00:00,BTC-30OCT26-110000-C,82790.06,BTC-30OCT26,call,110000.0,2026-10-30T08:00:00+00:00,0.055589820396069405,,0.0002,9.586e-05,,82790.06,BTC-30OCT26,0.4334,0.00317,1.87734,1352.6,7.0,,BTC,82506.23,123.08
2026-10-10T00:41:58.683869+00:00,BTC-25JUN27-70000-P,85681.55,BTC-25JUN27,put,70000.0,2027-06-25T08:00:00+00:00,0.7071983077335096,0.051,0.053,0.05198662,0.052,85681.55,BTC-25JUN27,0.4045,-0.22247,214.76451,139.5,10.3,0.0020000000000000018,BTC,82506.23,44993.82
2026-10-10T00:41:58.683869+00:00,BTC-25DEC26-220000-P,83452.89,BTC-25DEC26,put,220000.0,2026-12-25T08:00:00+00:00,0.2089094644754671,1.627,1.649,1.6364322,1.638,83452.89,BTC-25DEC26,0.6876000000000001,-0.99829,2.10124,0.0,0.0,0.02200000000000002,BTC,82506.23,0.0
2026-10-10T00:41:58.683869+00:00,BTC-26MAR27-65000-C,84528.06,BTC-26MAR27,call,65000.0,2027-03-26T08:00:00+00:00,0.4580538861044883,0.2505,0.259,0.25500707,0.25475,84528.06,BTC-26MAR27,0.4211,0.85625,129.66471,229.7,0.0,0.008500000000000008,BTC,82506.23,0.0
2026-10-10T00:41:58.683869+00:00,BTC-26MAR27-130000-C,84528.06,BTC-26MAR27,call,130000.0,2027-03-26T08:00:00+00:00,0.4580538861044883,0.009,0.01,0.00949555,0.0095,84528.06,BTC-26MAR27,0.4157,0.08242,87.00551,1232.8,4.2,0.0010000000000000009,BTC,82506.23,3442.43
2026-10-10T00:41:58.683869+00:00,BTC-25JUN27-180000-C,85678.91,BTC-25JUN27,call,180000.0,2027-06-25T08:00:00+00:00,0.7071983077335096,0.0055,0.0065,0.00598829,0.006,85678.91,BTC-25JUN27,0.4621,0.04314,66.03133,66.7,0.0,0.001,BTC,82506.23,0.0
2026-10-10T00:41:58.683869+00:00,BTC-11OCT26-82500-P,82520.57,BTC-11OCT26,put,82500.0,2026-10-11T08:00:00+00:00,0.003570655440559485,0.0035,0.0039,0.00369739,0.0037,82520.57,BTC-11OCT26,0.1603,-0.4904,19.66108,106.6,100.5,0.00039999999999999975,BTC,82506.23,31789.39
2026-10-10T00:41:58.683869+00:00,BTC-30OCT26-77000-P,82790.06,BTC-30OCT26,put,77000.0,2026-10-30T08:00:00+00:00,0.055589820396069405,0.0085,0.009,0.00881225,0.00875,82790.06,BTC-30OCT26,0.358,-0.18397,51.93446,1262.8,282.5,0.0004999999999999987,BTC,82506.23,200032.32
2026-10-10T00:41:58.683869+00:00,BTC-27NOV26-60000-P,83134.84,BTC-27NOV26,put,60000.0,2026-11-27T08:00:00+00:00,0.13224964243576826,0.0028,0.0032,0.00299308,0.003,83134.84,BTC-27NOV26,0.5281,-0.03649,24.17999,263.3,0.0,0.0004000000000000002,BTC,82506.23,0.0
2026-10-10T00:41:58.683869+00:00,BTC-24SEP27-114000-C,86794.66,BTC-24SEP27,call,114000.0,2027-09-24T08:00:00+00:00,0.9563427293625307,0.0605,0.063,0.061738,0.06175,86794.66,BTC-24SEP27,0.3942,0.30349,296.74021,0.0,0.0,0.0025000000000000022,BTC,82506.23,0.0
2026-10-10T00:41:58.683869+00:00,BTC-24SEP27-78000-C,86794.62,BTC-24SEP27,call,78000.0,2027-09-24T08:00:00+00:00,0.9563427293625307,0.2,0.204,0.20189248,0.202,86794.62,BTC-24SEP27,0.396,0.68058,303.38847,17.2,4.3,0.003999999999999976,BTC,82506.23,72360.16
2026-10-10T00:41:58.683869+00:00,BTC-26MAR27-84000-C,84528.06,BTC-26MAR27,call,84000.0,2027-03-26T08:00:00+00:00,0.4580538861044883,0.1045,0.1055,0.10504799,0.105,84528.06,BTC-26MAR27,0.3795,0.56059,225.64378,331.2,7.4,0.0010000000000000009,BTC,82506.23,65097.45
2026-10-10T00:41:58.683869+00:00,BTC-16OCT26-90000-P,82606.9,BTC-16OCT26,put,90000.0,2026-10-16T08:00:00+00:00,0.017259909376219993,0.0865,0.0925,0.08999654,0.0895,82606.9,BTC-16OCT26,0.3403,-0.97106,7.1673,3.1,0.0,0.006000000000000005,BTC,82506.23,0.0
2026-10-10T00:41:58.683869+00:00,BTC-25JUN27-160000-C,85681.55,BTC-25JUN27,call,160000.0,2027-06-25T08:00:00+00:00,0.7071983077335096,0.0085,0.01,0.00923457,0.00925,85681.55,BTC-25JUN27,0.43829999999999997,0.06556,91.99382,703.6,7.0,0.0014999999999999996,BTC,82506.58,5163.53
2026-10-10T00:41:58.683869+00:00,BTC-25JUN27-170000-P,85681.55,BTC-25JUN27,put,170000.0,2027-06-25T08:00:00+00:00,0.7071983077335096,0.9785,1.008,0.99165181,0.99325,85681.55,BTC-25JUN27,0.45189999999999997,-0.94659,78.33791,15.2,0.1,0.02949999999999997,BTC,82506.58,8170.13
2026-10-10T00:41:58.683869+00:00,BTC-13OCT26-74000-P,82554.59,BTC-13OCT26,put,74000.0,2026-10-13T08:00:00+00:00,0.009046357014823687,0.0002,0.0004,0.000285,0.0003,82554.59,BTC-13OCT26,0.5386,-0.01546,3.05249,8.0,8.0,0.0002,BTC,82506.58,264.92
2026-10-10T00:41:58.683869+00:00,BTC-10OCT26-84000-P,82521.39,BTC-10OCT26,put,84000.0,2026-10-10T08:00:00+00:00,0.0008328046534273835,0.0165,0.0195,0.0180707,0.018,82521.39,BTC-10OCT26,0.3301,-0.96966,1.63231,20.3,12.5,0.002999999999999999,BTC,82506.58,14200.15
2026-10-10T00:41:58.683869+00:00,BTC-10OCT26-80500-P,82518.75,BTC-10OCT26,put,80500.0,2026-10-10T08:00:00+00:00,0.0008328046534273835,0.0001,0.0002,0.00013738,0.00015,82518.75,BTC-10OCT26,0.44880000000000003,-0.02794,1.52396,133.1,58.4,0.0001,BTC,82506.58,2228.93
2026-10-10T00:41:58.683869+00:00,BTC-27NOV26-74000-P,83134.84,BTC-27NOV26,put,74000.0,2026-11-27T08:00:00+00:00,0.13224964243576826,0.015,0.016,0.01548479,0.0155,83134.84,BTC-27NOV26,0.3899,-0.18652,81.12939,117.7,11.8,0.0010000000000000009,BTC,82506.58,14886.5
2026-10-10T00:41:58.683869+00:00,BTC-25DEC26-230000-C,83452.89,BTC-25DEC26,call,230000.0,2026-12-25T08:00:00+00:00,0.2089094644754671,0.0001,0.0002,0.00014323,0.00015,83452.89,BTC-25DEC26,0.7152,0.00166,2.03761,191.0,0.0,0.0001,BTC,82506.58,0.0
2026-10-10T00:41:58.683869+00:00,BTC-11OCT26-78000-P,82520.74,BTC-11OCT26,put,78000.0,2026-10-11T08:00:00+00:00,0.003570655440559485,0.0002,0.0003,0.000198,0.00025,82520.74,BTC-11OCT26,0.4597,-0.0202,2.40703,93.9,73.9,9.999999999999996e-05,BTC,82506.54,2411.11
2026-10-10T00:41:58.683869+00:00,BTC-24SEP27-98000-C,86794.66,BTC-24SEP27,call,98000.0,2027-09-24T08:00:00+00:00,0.9563427293625307,0.103,0.1055,0.10430764,0.10425,86794.66,BTC-24SEP27,0.3896,0.44899,335.94194,0.6,0.0,0.0025000000000000022,BTC,82506.54,0.0
2026-10-10T00:41:58.683869+00:00,BTC-13OCT26-79000-P,82554.67,BTC-13OCT26,put,79000.0,2026-10-13T08:00:00+00:00,0.009046357014823687,0.0011,0.0013,0.00118585,0.0012,82554.67,BTC-13OCT26,0.3345,-0.08148,11.83602,6.2,6.2,0.00019999999999999987,BTC,82506.54,921.38
2026-10-10T00:41:58.683869+00:00,BTC-27NOV26-95000-P,83134.84,BTC-27NOV26,put,95000.0,2026-11-27T08:00:00+00:00,0.13224964243576826,0.1505,0.159,0.15472168,0.15475,83134.84,BTC-27NOV26,0.3682,-0.82382,78.28228,0.1,0.0,0.008500000000000008,BTC,82506.58,0.0
2026-10-10T00:41:58.683869+00:00,BTC-25JUN27-98000-C,85678.91,BTC-25JUN27,call,98000.0,2027-06-25T08:00:00+00:00,0.7071983077335096,0.0765,0.078,0.07724976,0.07725,85678.91,BTC-25JUN27,0.384,0.39952,278.35395,154.6,50.1,0.0015000000000000013,BTC,82506.54,330563.58
2026-10-10T00:41:58.683869+00:00,BTC-25DEC26-50000-P,83452.89,BTC-25DEC26,put,50000.0,2026-12-25T08:00:00+00:00,0.2089094644754671,0.0023,0.0026,0.00249143,0.00245,83452.89,BTC-25DEC26,0.5981000000000001,-0.02225,20.21568,2222.1,1.6,0.0002999999999999999,BTC,82506.54,321.44
2026-10-10T00:41:58.683869+00:00,BTC-11OCT26-74000-C,82520.69,BTC-11OCT26,call,74000.0,2026-10-11T08:00:00+00:00,0.003570655440559485,0.101,0.106,0.1032903,0.1035,82520.69,BTC-11OCT26,0.67,0.99694,0.4592,0.0,0.0,0.0049999999999999906,BTC,82506.84,0.0
2026-10-10T00:41:58.683869+00:00,BTC-16OCT26-70000-P,82606.9,BTC-16OCT26,put,70000.0,2026-10-16T08:00:00+00:00,0.017259909376219993,0.0003,0.0004,0.00034345,0.00035,82606.9,BTC-16OCT26,0.5739,-0.01282,3.58912,187.9,36.8,0.00010000000000000005,BTC,82506.54,745.14
2026-10-10T00:41:58.683869+00:00,BTC-24SEP27-60000-P,86794.62,BTC-24SEP27,put,60000.0,2027-09-24T08:00:00+00:00,0.9563427293625307,0.0345,0.0365,0.03550166,0.0355,86794.62,BTC-24SEP27,0.42719999999999997,-0.13737,186.54531,22.0,0.5,0.001999999999999995,BTC,82506.84,1482.05
2026-10-10T00:41:58.683869+00:00,BTC-13OCT26-92000-P,82554.59,BTC-13OCT26,put,92000.0,2026-10-13T08:00:00+00:00,0.009046357014823687,0.1125,0.1175,0.11444947,0.115,82554.59,BTC-13OCT26,0.40759999999999996,-0.99726,0.6621,0.0,0.0,0.0049999999999999906,BTC,82506.84,0.0
2026-10-10T00:41:58.683869+00:00,BTC-25DEC26-54000-P,83450.25,BTC-25DEC26,put,54000.0,2026-12-25T08:00:00+00:00,0.2089094644754671,0.0033,0.0036,0.00349255,0.00345,83450.25,BTC-25DEC26,0.5525,-0.03224,27.55194,1915.8,1.1,0.0002999999999999999,BTC,82506.84,319.29
2026-10-10T00:41:58.683869+00:00,BTC-25DEC26-92000-P,83452.89,BTC-25DEC26,put,92000.0,2026-12-25T08:00:00+00:00,0.2089094644754671,0.129,0.1375,0.13331473,0.13325,83452.89,BTC-25DEC26,0.3688,-0.68965,134.66045,23.4,0.0,0.008500000000000008,BTC,82506.84,0.0
2026-10-10T00:41:58.683869+00:00,BTC-26MAR27-78000-P,84528.67,BTC-26MAR27,put,78000.0,2027-03-26T08:00:00+00:00,0.4580538861044883,0.065,0.066,0.06565806,0.0655,84528.67,BTC-26MAR27,0.3846,-0.33051,207.35761,455.8,23.9,0.0010000000000000009,BTC,82506.84,127887.82
2026-10-10T00:41:58.683869+00:00,BTC-27NOV26-90000-C,83134.73,BTC-27NOV26,call,90000.0,2026-11-27T08:00:00+00:00,0.13224964243576826,0.0225,0.023,0.02277926,0.02275,83134.73,BTC-27NOV26,0.3603,0.29435,104.2298,3230.2,2.8,0.0005000000000000004,BTC,82506.84,5696.88
2026-10-10T00:41:58.683869+00:00,BTC-25DEC26-108000-C,83452.89,BTC-25DEC26,call,108000.0,2026-12-25T08:00:00+00:00,0.2089094644754671,0.0065,0.007,0.00698832,0.00675,83452.89,BTC-25DEC26,0.39399999999999996,0.0898,61.85243,166.1,0.8,0.0005000000000000004,BTC,82506.84,486.32
2026-10-10T00:41:58.683869+00:00,BTC-25DEC26-60000-P,83452.89,BTC-25DEC26,put,60000.0,2026-12-25T08:00:00+00:00,0.2089094644754671,0.0055,0.006,0.00574428,0.00575,83452.89,BTC-25DEC26,0.48700000000000004,-0.05564,42.82958,6673.4,204.1,0.0005000000000000004,BTC,82506.84,99951.13
2026-10-10T00:41:58.683869+00:00,BTC-24SEP27-106000-P,86794.66,BTC-24SEP27,put,106000.0,2027-09-24T08:00:00+00:00,0.9563427293625307,0.293,0.312,0.3010574,0.3025,86794.66,BTC-24SEP27,0.3906,-0.63015,320.5254,0.0,0.0,0.019000000000000017,BTC,82506.84,0.0
2026-10-10T00:41:58.683869+00:00,BTC-25JUN27-58000-C,85678.91,BTC-25JUN27,call,58000.0,2027-06-25T08:00:00+00:00,0.7071983077335096,0.3445,0.347,0.34579126,0.34575,85678.91,BTC-25JUN27,0.44079999999999997,0.89203,133.71725,13.8,0.0,0.0025000000000000022,BTC,82506.84,0.0
2026-10-10T00:41:58.683869+00:00,BTC-25DEC26-250000-P,83452.89,BTC-25DEC26,put,250000.0,2026-12-25T08:00:00+00:00,0.2089094644754671,1.98,2.0095,1.99589552,1.99475,83452.89,BTC-25DEC26,0.7521,-0.99873,1.59598,10.0,0.0,0.02950000000000008,BTC,82506.84,0.0
2026-10-10T00:41:58.683869+00:00,BTC-13OCT26-87000-C,82554.6,BTC-13OCT26,call,87000.0,2026-10-13T08:00:00+00:00,0.009046357014823687,0.0004,0.0006,0.00041082,0.0005,82554.6,BTC-13OCT26,0.3041,0.03676,6.31627,5.9,5.9,0.00019999999999999993,BTC,82506.84,516.41
2026-10-10T00:41:58.683869+00:00,BTC-26MAR27-190000-P,84528.06,BTC-26MAR27,put,190000.0,2027-03-26T08:00:00+00:00,0.4580538861044883,1.235,1.262,1.24968575,1.2485,84528.06,BTC-26MAR27,0.5196000000000001,-0.98328,23.78291,0.9,0.0,0.026999999999999913,BTC,82506.84,0.0
2026-10-10T00:41:58.683869+00:00,BTC-25DEC26-160000-C,83452.89,BTC-25DEC26,call,160000.0,2026-12-25T08:00:00+00:00,0.2089094644754671,0.0003,0.0006,0.0004311,0.00045,83452.89,BTC-25DEC26,0.5385,0.00585,6.34346,1393.6,0.0,0.0003,BTC,82506.84,0.0
2026-10-10T00:41:58.683869+00:00,BTC-27NOV26-82000-C,83134.73,BTC-27NOV26,call,82000.0,2026-11-27T08:00:00+00:00,0.13224964243576826,0.059,0.06,0.05943127,0.0595,83134.73,BTC-27NOV26,0.36329999999999996,0.56717,118.92336,119.1,18.8,0.0010000000000000009,BTC,82506.84,90729.06
2026-10-10T00:41:58.683869+00:00,BTC-25DEC26-88000-P,83452.89,BTC-25DEC26,put,88000.0,2026-12-25T08:00:00+00:00,0.2089094644754671,0.0985,0.1,0.09920809,0.09925,83452.89,BTC-25DEC26,0.36619999999999997,-0.59248,148.0925,153.8,6.0,0.0015000000000000013,BTC,82506.84,50044.08
2026-10-10T00:41:58.683869+00:00,BTC-13OCT26-89000-P,82554.59,BTC-13OCT26,put,89000.0,2026-10-13T08:00:00+00:00,0.009046357014823687,0.075,0.0805,0.07820556,0.07775,82554.59,BTC-13OCT26,0.3447,-0.98798,2.45575,0.0,0.0,0.005500000000000005,BTC,82506.84,0.0
2026-10-10T00:41:58.683869+00:00,BTC-25DEC26-96000-P,83450.25,BTC-25DEC26,put,96000.0,2026-12-25T08:00:00+00:00,0.2089094644754671,0.1665,0.176,0.17138557,0.17125,83450.25,BTC-25DEC26,0.3721,-0.77001,115.84081,51.0,0.0,0.00949999999999998,BTC,82506.84,0.0
2026-10-10T00:41:58.683869+00:00,BTC-13OCT26-74000-C,82554.59,BTC-13OCT26,call,74000.0,2026-10-13T08:00:00+00:00,0.009046357014823687,0.101,0.106,0.10390561,0.1035,82554.59,BTC-13OCT26,0.5386,0.98454,3.05219,0.0,0.0,0.0049999999999999906,BTC,82506.84,0.0
2026-10-10T00:41:58.683869+00:00,BTC-25DEC26-90000-C,83452.89,BTC-25DEC26,call,90000.0,2026-12-25T08:00:00+00:00,0.2089094644754671,0.037,0.0375,0.03707853,0.03725,83452.89,BTC-25DEC26,0.3666,0.35653,142.24867,3982.3,224.1,0.0005000000000000004,BTC,82506.84,668818.28
2026-10-10T00:41:58.683869+00:00,BTC-26MAR27-66000-C,84528.06,BTC-26MAR27,call,66000.0,2027-03-26T08:00:00+00:00,0.4580538861044883,0.2395,0.249,0.24517581,0.24425,84528.06,BTC-26MAR27,0.4169,0.84551,136.0573,23.9,0.0,0.009500000000000008,BTC,82506.84,0.0
2026-10-10T00:41:58.683869+00:00,BTC-25JUN27-62000-P,85681.55,BTC-25JUN27,put,62000.0,2027-06-25T08:00:00+00:00,0.7071983077335096,0.0295,0.031,0.03024015,0.03025,85681.55,BTC-25JUN27,0.4264,-0.13984,160.2939,115.8,0.0,0.0015000000000000013,BTC,82506.84,0.0
2026-10-10T00:41:58.683869+00:00,BTC-12OCT26-88000-C,82536.68,BTC-12OCT26,call,88000.0,2026-10-12T08:00:00+00:00,0.006308506227691586,,0.0002,1.765e-05,,82536.68,BTC-12OCT26,0.2876,0.00259,0.52491,94.1,32.3,,BTC,82506.84,268.07
2026-10-10T00:41:58.683869+00:00,BTC-24SEP27-118000-C,86794.66,BTC-24SEP27,call,118000.0,2027-09-24T08:00:00+00:00,0.9563427293625307,0.0535,0.0555,0.05450086,0.0545,86794.66,BTC-24SEP27,0.39640000000000003,0.27481,283.20023,0.1,0.0,0.0020000000000000018,BTC,82506.84,0.0
2026-10-10T00:41:58.683869+00:00,BTC-27NOV26-89000-C,83134.88,BTC-27NOV26,call,89000.0,2026-11-27T08:00:00+00:00,0.13224964243576826,0.0255,0.026,0.02584238,0.02575,83134.88,BTC-27NOV26,0.3594,0.32389,108.68286,538.1,2.5,0.0005000000000000004,BTC,82506.84,5471.09
2026-10-10T00:41:58.683869+00:00,BTC-26MAR27-200000-P,84528.06,BTC-26MAR27,put,200000.0,2027-03-26T08:00:00+00:00,0.4580538861044883,1.3545,1.3845,1.36774278,1.3695,84528.06,BTC-26MAR27,0.5368999999999999,-0.98566,20.85189,1.0,0.0,0.030000000000000027,BTC,82506.84,0.0
2026-10-10T00:41:58.683869+00:00,BTC-26MAR27-45000-C,84528.67,BTC-26MAR27,call,45000.0,2027-03-26T08:00:00+00:00,0.4580538861044883,0.4705,0.475,0.47271495,0.47275,84528.67,BTC-26MAR27,0.552,0.96949,39.48454,4.8,0.0,0.004500000000000004,BTC,82506.84,0.0
2026-10-10T00:41:58.683869+00:00,BTC-16OCT26-81000-P,82607.09,BTC-16OCT26,put,81000.0,2026-10-16T08:00:00+00:00,0.017259909376219993,0.008,0.009,0.00844693,0.0085,82607.09,BTC-16OCT26,0.3153,-0.31125,38.35968,513.4,147.4,0.0009999999999999992,BTC,82506.84,121705.48
2026-10-10T00:41:58.683869+00:00,BTC-30OCT26-95000-C,82790.06,BTC-30OCT26,call,95000.0,2026-10-30T08:00:00+00:00,0.055589820396069405,0.0017,0.0019,0.0017972,0.0018,82790.06,BTC-30OCT26,0.3518,0.05288,21.05213,25033.8,114.9,0.0002000000000000001,BTC,82506.84,23189.69
2026-10-10T00:41:58.683869+00:00,BTC-10OCT26-79000-P,82521.39,BTC-10OCT26,put,79000.0,2026-10-10T08:00:00+00:00,0.0008328046534273835,,0.0001,1.001e-05,,82521.39,BTC-10OCT26,0.5316,-0.0022,0.16408,45.0,4.6,,BTC,82506.84,125.57
2026-10-10T00:41:58.683869+00:00,BTC-26MAR27-160000-C,84528.06,BTC-26MAR27,call,160000.0,2027-03-26T08:00:00+00:00,0.4580538861044883,0.0031,0.0037,0.00339238,0.0034,84528.06,BTC-26MAR27,0.46509999999999996,0.03079,39.78464,1034.7,0.0,0.0006000000000000003,BTC,82506.84,0.0
2026-10-10T00:41:58.683869+00:00,BTC-23OCT26-96000-C,82697.09,BTC-23OCT26,call,96000.0,2026-10-23T08:00:00+00:00,0.0364248648861447,0.0004,0.0005,0.00049061,0.00045,82697.09,BTC-23OCT26,0.3716,0.0193,7.4167,25.5,17.2,9.999999999999999e-05,BTC,82506.84,894.84
2026-10-10T00:41:58.683869+00:00,BTC-30OCT26-50000-C,82790.06,BTC-30OCT26,call,50000.0,2026-10-30T08:00:00+00:00,0.055589820396069405,0.3945,0.398,0.39613057,0.39625,82790.06,BTC-30OCT26,0.7332,0.99866,0.86001,1.1,0.0,0.003500000000000003,BTC,82506.84,0.0
2026-10-10T00:41:58.683869+00:00,BTC-11OCT26-83500-P,82520.69,BTC-11OCT26,put,83500.0,2026-10-11T08:00:00+00:00,0.003570655440559485,0.0105,0.014,0.01247342,0.01225,82520.69,BTC-11OCT26,0.1686,-0.87919,9.90855,24.9,0.0,0.0034999999999999996,BTC,82506.84,0.0
2026-10-10T00:41:58.683869+00:00,BTC-13OCT26-89000-C,82554.59,BTC-13OCT26,call,89000.0,2026-10-13T08:00:00+00:00,0.009046357014823687,0.0001,0.0003,0.00012765,0.0002,82554.59,BTC-13OCT26,0.3447,0.01202,2.45575,1.8,1.8,0.00019999999999999998,BTC,82506.84,52.06
2026-10-10T00:41:58.683869+00:00,BTC-25DEC26-66000-P,83452.89,BTC-25DEC26,put,66000.0,2026-12-25T08:00:00+00:00,0.2089094644754671,0.0095,0.0105,0.00999022,0.01,83452.89,BTC-25DEC26,0.431,-0.09877,66.35233,401.4,2.0,0.0010000000000000009,BTC,82506.84,1831.73
2026-10-10T00:41:58.683869+00:00,BTC-30OCT26-96000-C,82790.06,BTC-30OCT26,call,96000.0,2026-10-30T08:00:00+00:00,0.055589820396069405,0.0014,0.0015,0.00139912,0.00145,82790.06,BTC-30OCT26,0.3553,0.04219,17.56698,1850.8,6.2,0.00010000000000000005,BTC,82505.83,832.72
2026-10-10T00:41:58.683869+00:00,BTC-16OCT26-84000-P,82607.09,BTC-16OCT26,put,84000.0,2026-10-16T08:00:00+00:00,0.017259909376219993,0.025,0.0265,0.02568178,0.02575,82607.09,BTC-16OCT26,0.29960000000000003,-0.6583,39.84605,269.2,22.6,0.0014999999999999979,BTC,82506.84,49090.29
2026-10-10T00:41:58.683869+00:00,BTC-23OCT26-80000-P,82697.25,BTC-23OCT26,put,80000.0,2026-10-23T08:00:00+00:00,0.0364248648861447,0.0115,0.012,0.01169978,0.01175,82697.25,BTC-23OCT26,0.32909999999999995,-0.28866,53.91827,810.5,80.4,0.0005000000000000004,BTC,82505.83,79965.77
2026-10-10T00:41:58.683869+00:00,BTC-26MAR27-92000-P,84528.06,BTC-26MAR27,put,92000.0,2027-03-26T08:00:00+00:00,0.4580538861044883,0.155,0.1565,0.15615816,0.15575,84528.06,BTC-26MAR27,0.3776,-0.58077,223.58884,20.9,1.4,0.0015000000000000013,BTC,82506.84,17395.79
2026-10-10T00:41:58.683869+00:00,BTC-25DEC26-190000-P,83452.89,BTC-25DEC26,put,190000.0,2026-12-25T08:00:00+00:00,0.2089094644754671,1.2665,1.2875,1.27697424,1.277,83452.89,BTC-25DEC26,0.6068,-0.99765,2.79869,0.0,0.0,0.02100000000000013,BTC,82505.83,0.0
2026-10-10T00:41:58.683869+00:00,BTC-27NOV26-64000-P,83134.73,BTC-27NOV26,put,64000.0,2026-11-27T08:00:00+00:00,0.13224964243576826,0.0043,0.0046,0.00445005,0.00445,83134.73,BTC-27NOV26,0.4788,-0.05613,34.18209,58.1,0.8,0.0002999999999999999,BTC,82505.83,290.32
2026-10-10T00:41:58.683869+00:00,BTC-25DEC26-35000-C,83452.89,BTC-25DEC26,call,35000.0,2026-12-25T08:00:00+00:00,0.2089094644754671,0.5805,0.5825,0.58138334,0.5815,83452.89,BTC-25DEC26,0.8149,0.9941,6.39257,87.9,0.0,0.0020000000000000018,BTC,82505.83,0.0
2026-10-10T00:41:58.683869+00:00,BTC-25DEC26-160000-P,83452.89,BTC-25DEC26,put,160000.0,2026-12-25T08:00:00+00:00,0.2089094644754671,0.9085,0.9235,0.91773215,0.916,83452.89,BTC-25DEC26,0.5385,-0.99415,6.34253,0.1,0.0,0.015000000000000013,BTC,82505.83,0.0
2026-10-10T00:41:58.683869+00:00,BTC-27NOV26-89000-P,83134.73,BTC-27NOV26,put,89000.0,2026-11-27T08:00:00+00:00,0.13224964243576826,0.0955,0.0975,0.09639377,0.0965,83134.73,BTC-27NOV26,0.3594,-0.67611,108.68293,48.6,0.1,0.0020000000000000018,BTC,82505.83,765.22
2026-10-10T00:41:58.683869+00:00,BTC-25DEC26-120000-C,83452.89,BTC-25DEC26,call,120000.0,2026-12-25T08:00:00+00:00,0.2089094644754671,0.0026,0.0031,0.00284477,0.00285,83452.89,BTC-25DEC26,0.4267,0.03881,32.07644,5956.0,10.9,0.0005,BTC,82506.79,2878.6
2026-10-10T00:41:58.683869+00:00,BTC-11OCT26-90000-P,82520.69,BTC-11OCT26,put,90000.0,2026-10-11T08:00:00+00:00,0.003570655440559485,0.0875,0.0935,0.09064358,0.0905,82520.69,BTC-11OCT26,0.4526,-0.99931,0.11863,0.0,0.0,0.006000000000000005,BTC,82505.83,0.0
2026-10-10T00:41:58.683869+00:00,BTC-26MAR27-72000-P,84528.06,BTC-26MAR27,put,72000.0,2027-03-26T08:00:00+00:00,0.4580538861044883,0.0415,0.0425,0.0419491,0.042,84528.06,BTC-26MAR27,0.3975,-0.2326,174.84573,599.8,0.0,0.0010000000000000009,BTC,82505.83,0.0
2026-10-10T00:41:58.683869+00:00,BTC-12OCT26-73000-C,82536.68,BTC-12OCT26,call,73000.0,2026-10-12T08:00:00+00:00,0.006308506227691586,0.1135,0.1175,0.11559129,0.1155,82536.68,BTC-12OCT26,0.5859000000000001,0.99609,0.76174,0.0,0.0,0.00399999999999999,BTC,82506.79,0.0
2026-10-10T00:41:58.683869+00:00,BTC-24SEP27-65000-C,86794.62,BTC-24SEP27,call,65000.0,2027-09-24T08:00:00+00:00,0.9563427293625307,0.298,0.302,0.29984771,0.3,86794.62,BTC-24SEP27,0.4156,0.81974,222.9859,2.1,0.0,0.0040000000000000036,BTC,82506.79,0.0
2026-10-10T00:41:58.683869+00:00,BTC-25DEC26-150000-C,83452.89,BTC-25DEC26,call,150000.0,2026-12-25T08:00:00+00:00,0.2089094644754671,0.0005,0.0008,0.00062099,0.00065,83452.89,BTC-25DEC26,0.5125,0.00856,8.87122,1771.7,0.1,0.00030000000000000003,BTC,82506.79,7.43
2026-10-10T00:41:58.683869+00:00,BTC-24SEP27-88000-P,86794.66,BTC-24SEP27,put,88000.0,2027-09-24T08:00:00+00:00,0.9563427293625307,0.158,0.1615,0.15970414,0.15975,86794.66,BTC-24SEP27,0.3908,-0.43845,334.67615,1.3,0.0,0.003500000000000003,BTC,82506.84,0.0
2026-10-10T00:41:58.683869+00:00,BTC-10OCT26-76000-C,82518.75,BTC-10OCT26,call,76000.0,2026-10-10T08:00:00+00:00,0.0008328046534273835,0.077,0.081,0.07899398,0.079,82518.75,BTC-10OCT26,0.8009999999999999,0.99982,0.01591,0.0,0.0,0.0040000000000000036,BTC,82506.84,0.0
2026-10-10T00:41:58.683869+00:00,BTC-30OCT26-58000-P,82790.06,BTC-30OCT26,put,58000.0,2026-10-30T08:00:00+00:00,0.055589820396069405,0.0001,0.0004,0.00022187,0.00025,82790.06,BTC-30OCT26,0.5987,-0.00476,2.70308,355.6,0.0,0.00030000000000000003,BTC,82506.84,0.0
2026-10-10T00:41:58.683869+00:00,BTC-25JUN27-190000-C,85678.91,BTC-25JUN27,call,190000.0,2027-06-25T08:00:00+00:00,0.7071983077335096,0.0046,0.0055,0.00503823,0.00505,85678.91,BTC-25JUN27,0.4746,0.0363,57.37441,67.0,0.0,0.0008999999999999998,BTC,82506.84,0.0
2026-10-10T00:41:58.683869+00:00,BTC-26MAR27-58000-P,84528.06,BTC-26MAR27,put,58000.0,2027-03-26T08:00:00+00:00,0.4580538861044883,0.013,0.014,0.01349117,0.0135,84528.06,BTC-26MAR27,0.45439999999999997,-0.08413,88.36002,150.9,12.7,0.0010000000000000009,BTC,82506.84,14129.99
2026-10-10T00:41:58.683869+00:00,BTC-12OCT26-87000-P,82536.68,BTC-12OCT26,put,87000.0,2026-10-12T08:00:00+00:00,0.006308506227691586,0.051,0.0565,0.05412814,0.05375,82536.68,BTC-12OCT26,0.2621,-0.99415,1.08912,0.0,0.0,0.005500000000000005,BTC,82506.84,0.0
2026-10-10T00:41:58.683869+00:00,BTC-11OCT26-89000-C,82520.74,BTC-11OCT26,call,89000.0,2026-10-11T08:00:00+00:00,0.003570655440559485,,0.0001,4.83e-06,,82520.74,BTC-11OCT26,0.3971,0.00074,0.1265,24.9,0.3,,BTC,82506.84,2.48
2026-10-10T00:41:58.683869+00:00,BTC-13OCT26-90000-C,82554.59,BTC-13OCT26,call,90000.0,2026-10-13T08:00:00+00:00,0.009046357014823687,,0.0002,6.527e-05,,82554.59,BTC-13OCT26,0.3589,0.00602,1.33918,2.8,2.8,,BTC,82506.84,31.37
2026-10-10T00:41:58.683869+00:00,BTC-16OCT26-88000-C,82606.89,BTC-16OCT26,call,88000.0,2026-10-16T08:00:00+00:00,0.017259909376219993,0.0012,0.0014,0.00129066,0.0013,82606.89,BTC-16OCT26,0.32170000000000004,0.06987,14.55276,260.1,51.2,0.0002000000000000001,BTC,82506.84,8153.29
2026-10-10T00:41:58.683869+00:00,BTC-13OCT26-81000-P,82554.6,BTC-13OCT26,put,81000.0,2026-10-13T08:00:00+00:00,0.009046357014823687,0.0034,0.0038,0.00355186,0.0036,82554.6,BTC-13OCT26,0.2754,-0.23145,23.92673,21.4,24.7,0.0004000000000000002,BTC,82506.84,8474.26
2026-10-10T00:41:58.683869+00:00,BTC-27NOV26-96000-C,83134.84,BTC-27NOV26,call,96000.0,2026-11-27T08:00:00+00:00,0.13224964243576826,0.01,0.011,0.01050501,0.0105,83134.84,BTC-27NOV26,0.3697,0.1578,72.91009,363.7,1.2,0.0009999999999999992,BTC,82506.84,1142.1
2026-10-10T00:41:58.683869+00:00,BTC-25JUN27-100000-C,85678.91,BTC-25JUN27,call,100000.0,2027-06-25T08:00:00+00:00,0.7071983077335096,0.07,0.072,0.07101462,0.071,85678.91,BTC-25JUN27,0.3843,0.37578,273.4723,162.7,45.0,0.001999999999999988,BTC,82506.94,274707.85
2026-10-10T00:41:58.683869+00:00,BTC-27NOV26-72000-P,83134.84,BTC-27NOV26,put,72000.0,2026-11-27T08:00:00+00:00,0.13224964243576826,0.0115,0.012,0.01173866,0.01175,83134.84,BTC-27NOV26,0.40259999999999996,-0.1459,69.21056,128.4,27.9,0.0005000000000000004,BTC,82506.94,26571.55
2026-10-10T00:41:58.683869+00:00,BTC-25DEC26-66000-C,83452.89,BTC-25DEC26,call,66000.0,2026-12-25T08:00:00+00:00,0.2089094644754671,0.216,0.223,0.21910354,0.2195,83452.89,BTC-25DEC26,0.431,0.90123,66.35267,267.2,0.0,0.007000000000000006,BTC,82506.94,0.0
2026-10-10T00:41:58.683869+00:00,BTC-23OCT26-105000-C,82697.25,BTC-23OCT26,call,105000.0,2026-10-23T08:00:00+00:00,0.0364248648861447,,0.0002,7.889e-05,,82697.25,BTC-23OCT26,0.45,0.00309,1.48508,59.7,1.1,,BTC,82506.94,9.91
2026-10-10T00:41:58.683869+00:00,BTC-25DEC26-102000-C,83452.89,BTC-25DEC26,call,102000.0,2026-12-25T08:00:00+00:00,0.2089094644754671,0.0115,0.0125,0.01199308,0.012,83452.89,BTC-25DEC26,0.3821,0.14411,86.59625,544.6,1.8,0.0010000000000000009,BTC,82507.34,1981.79
2026-10-10T00:41:58.683869+00:00,BTC-23OCT26-70000-P,82697.09,BTC-23OCT26,put,70000.0,2026-10-23T08:00:00+00:00,0.0364248648861447,0.001,0.0011,0.00104717,0.00105,82697.09,BTC-23OCT26,0.47240000000000004,-0.02922,10.50807,417.6,365.4,0.00010000000000000005,BTC,82507.34,31441.57
2026-10-10T00:41:58.683869+00:00,BTC-26MAR27-104000-C,84528.06,BTC-26MAR27,call,104000.0,2027-03-26T08:00:00+00:00,0.4580538861044883,0.034,0.035,0.03439062,0.0345,84528.06,BTC-26MAR27,0.38280000000000003,0.2512,182.29949,136.7,0.0,0.0010000000000000009,BTC,82506.94,0.0
2026-10-10T00:41:58.683869+00:00,BTC-23OCT26-95000-C,82697.09,BTC-23OCT26,call,95000.0,2026-10-23T08:00:00+00:00,0.0364248648861447,0.0005,0.0007,0.00062791,0.0006,82697.09,BTC-23OCT26,0.363,0.02453,9.0811,35.4,13.4,0.00019999999999999998,BTC,82507.34,937.19
2026-10-10T00:41:58.683869+00:00,BTC-27NOV26-66000-P,83134.73,BTC-27NOV26,put,66000.0,2026-11-27T08:00:00+00:00,0.13224964243576826,0.005,0.006,0.00548411,0.0055,83134.73,BTC-27NOV26,0.45549999999999996,-0.07008,40.63875,201.6,2.2,0.001,BTC,82507.34,993.63
2026-10-10T00:41:58.683869+00:00,BTC-11OCT26-87000-P,82520.69,BTC-11OCT26,put,87000.0,2026-10-11T08:00:00+00:00,0.003570655440559485,0.0515,0.0575,0.05429167,0.0545,82520.69,BTC-11OCT26,0.2979,-0.99848,0.2432,0.0,0.0,0.006000000000000005,BTC,82507.34,0.0
2026-10-10T00:41:58.683869+00:00,BTC-30OCT26-84000-C,82790.06,BTC-30OCT26,call,84000.0,2026-10-30T08:00:00+00:00,0.055589820396069405,0.0235,0.0245,0.02399413,0.024,82790.06,BTC-30OCT26,0.3245,0.43947,76.99224,1399.6,111.6,0.0010000000000000009,BTC,82507.34,226676.08
2026-10-10T00:41:58.683869+00:00,BTC-25DEC26-170000-C,83450.25,BTC-25DEC26,call,170000.0,2026-12-25T08:00:00+00:00,0.2089094644754671,0.0003,0.0004,0.00038639,0.00035,83450.25,BTC-25DEC26,0.575,0.005,5.52019,2018.6,0.0,0.00010000000000000005,BTC,82507.34,0.0
2026-10-10T00:41:58.683869+00:00,BTC-27NOV26-112000-P,83134.73,BTC-27NOV26,put,112000.0,2026-11-27T08:00:00+00:00,0.13224964243576826,0.3445,0.354,0.34891817,0.34925,83134.73,BTC-27NOV26,0.41979999999999995,-0.96966,20.7713,0.0,0.0,0.009500000000000008,BTC,82507.34,0.0
2026-10-10T00:41:58.683869+00:00,BTC-30OCT26-85000-P,82790.06,BTC-30OCT26,put,85000.0,2026-10-30T08:00:00+00:00,0.055589820396069405,0.0455,0.047,0.04615207,0.04625,82790.06,BTC-30OCT26,0.3251,-0.62022,74.3263,890.2,39.0,0.0015000000000000013,BTC,82507.34,163254.15
2026-10-10T00:41:58.683869+00:00,BTC-26MAR27-130000-P,84528.06,BTC-26MAR27,put,130000.0,2027-03-26T08:00:00+00:00,0.4580538861044883,0.537,0.556,0.54745875,0.5465,84528.06,BTC-26MAR27,0.4157,-0.91757,87.01178,0.5,0.0,0.019000000000000017,BTC,82507.34,0.0
2026-10-10T00:41:58.683869+00:00,BTC-27NOV26-58000-P,83134.84,BTC-27NOV26,put,58000.0,2026-11-27T08:00:00+00:00,0.13224964243576826,0.0023,0.0026,0.00244459,0.00245,83134.84,BTC-27NOV26,0.5527000000000001,-0.02933,20.19545,303.5,3.5,0.0002999999999999999,BTC,82507.34,701.66
2026-10-10T00:41:58.683869+00:00,BTC-11OCT26-79500-P,82520.69,BTC-11OCT26,put,79500.0,2026-10-11T08:00:00+00:00,0.003570655440559485,0.0003,0.0005,0.00038679,0.0004,82520.69,BTC-11OCT26,0.3657,-0.04322,4.52326,63.1,60.1,0.00020000000000000004,BTC,82507.34,2995.92
2026-10-10T00:41:58.683869+00:00,BTC-26MAR27-80000-P,84528.06,BTC-26MAR27,put,80000.0,2027-03-26T08:00:00+00:00,0.4580538861044883,0.075,0.0765,0.07571968,0.07575,84528.06,BTC-26MAR27,0.3825,-0.36628,215.33606,423.2,1.4,0.0015000000000000013,BTC,82507.34,8451.89
2026-10-10T00:41:58.683869+00:00,BTC-10OCT26-86000-P,82518.75,BTC-10OCT26,put,86000.0,2026-10-10T08:00:00+00:00,0.0008328046534273835,0.0405,0.045,0.04219255,0.04275,82518.75,BTC-10OCT26,0.3923,-0.99987,0.01174,0.0,0.0,0.004499999999999997,BTC,82507.34,0.0
2026-10-10T00:41:58.683869+00:00,BTC-27NOV26-86000-P,83134.73,BTC-27NOV26,put,86000.0,2026-11-27T08:00:00+00:00,0.13224964243576826,0.0715,0.0725,0.07201313,0.072,83134.73,BTC-27NOV26,0.3593,-0.5772,118.37198,317.4,2.6,0.0010000000000000009,BTC,82507.34,16919.82
2026-10-10T00:41:58.683869+00:00,BTC-30OCT26-52000-C,82790.06,BTC-30OCT26,call,52000.0,2026-10-30T08:00:00+00:00,0.055589820396069405,0.37,0.374,0.37197991,0.372,82790.06,BTC-30OCT26,0.6859000000000001,0.99844,0.98887,0.1,0.0,0.0040000000000000036,BTC,82507.34,0.0
2026-10-10T00:41:58.683869+00:00,BTC-25JUN27-180000-P,85681.55,BTC-25JUN27,put,180000.0,2027-06-25T08:00:00+00:00,0.7071983077335096,1.089,1.119,1.10686393,1.104,85681.55,BTC-25JUN27,0.4621,-0.95685,66.041,0.0,0.0,0.030000000000000027,BTC,82507.34,0.0
2026-10-10T00:41:58.683869+00:00,BTC-12OCT26-85000-P,82536.68,BTC-12OCT26,put,85000.0,2026-10-12T08:00:00+00:00,0.006308506227691586,0.0285,0.032,0.03029754,0.03025,82536.68,BTC-12OCT26,0.2322,-0.94304,7.49686,10.0,10.0,0.0034999999999999996,BTC,82507.34,24855.89
2026-10-10T00:41:58.683869+00:00,BTC-30OCT26-75000-P,82789.7,BTC-30OCT26,put,75000.0,2026-10-30T08:00:00+00:00,0.055589820396069405,0.0055,0.0065,0.00598547,0.006,82789.7,BTC-30OCT26,0.3834,-0.12772,40.79895,1951.6,28.3,0.001,BTC,82507.34,13942.1
2026-10-10T00:41:58.683869+00:00,BTC-30OCT26-92000-C,82790.06,BTC-30OCT26,call,92000.0,2026-10-30T08:00:00+00:00,0.055589820396069405,0.0036,0.0039,0.00374993,0.00375,82790.06,BTC-30OCT26,0.3407,0.1014,34.61433,2242.5,61.5,0.0002999999999999999,BTC,82507.34,19762.2
2026-10-10T00:41:58.683869+00:00,BTC-25JUN27-52000-C,85681.55,BTC-25JUN27,call,52000.0,2027-06-25T08:00:00+00:00,0.7071983077335096,0.404,0.411,0.40780617,0.4075,85681.55,BTC-25JUN27,0.4679,0.92857,98.28299,1.1,0.0,0.006999999999999951,BTC,82507.34,0.0
2026-10-10T00:41:58.683869+00:00,BTC-26MAR27-112000-C,84528.67,BTC-26MAR27,call,112000.0,2027-03-26T08:00:00+00:00,0.4580538861044883,0.022,0.023,0.02237828,0.0225,84528.67,BTC-26MAR27,0.3911,0.17602,148.04992,99.3,0.0,0.0010000000000000009,BTC,82507.34,0.0
2026-10-10T00:41:58.683869+00:00,BTC-30OCT26-89000-P,82790.06,BTC-30OCT26,put,89000.0,2026-10-30T08:00:00+00:00,0.055589820396069405,0.0785,0.085,0.08275431,0.08175,82790.06,BTC-30OCT26,0.3311,-0.81275,52.50768,22.8,0.0,0.006500000000000006,BTC,82507.34,0.0
2026-10-10T00:41:58.683869+00:00,BTC-12OCT26-72000-P,82536.68,BTC-12OCT26,put,72000.0,2026-10-12T08:00:00+00:00,0.006308506227691586,,0.0001,5.542e-05,,82536.68,BTC-12OCT26,0.6433,-0.00349,0.6871,13.2,13.1,,BTC,82507.34,113.07
2026-10-10T00:41:58.683869+00:00,BTC-13OCT26-93000-P,82554.67,BTC-13OCT26,put,93000.0,2026-10-13T08:00:00+00:00,0.009046357014823687,0.1245,0.129,0.12656256,0.12675,82554.67,BTC-13OCT26,0.44380000000000003,-0.99747,0.61552,0.0,0.0,0.004500000000000004,BTC,82507.34,0.0
2026-10-10T00:41:58.683869+00:00,BTC-11OCT26-91000-C,82520.69,BTC-11OCT26,call,91000.0,2026-10-11T08:00:00+00:00,0.003570655440559485,,0.0001,1.35e-06,,82520.69,BTC-11OCT26,0.4603,0.0002,0.03667,2.4,0.0,,BTC,82507.34,0.0
2026-10-10T00:41:58.683869+00:00,BTC-10OCT26-93000-C,82518.75,BTC-10OCT26,call,93000.0,2026-10-10T08:00:00+00:00,0.0008328046534273835,,0.0001,0.0,,82518.75,BTC-10OCT26,0.5518,0.0,0.0,10.0,0.0,,BTC,82507.34,0.0
2026-10-10T00:41:58.683869+00:00,BTC-30OCT26-65000-C,82790.06,BTC-30OCT26,call,65000.0,2026-10-30T08:00:00+00:00,0.055589820396069405,0.214,0.2185,0.21582891,0.21625,82790.06,BTC-30OCT26,0.5163,0.97966,9.5879,391.9,16.0,0.004500000000000004,BTC,82507.34,284383.97
2026-10-10T00:41:58.683869+00:00,BTC-12OCT26-81500-C,82536.68,BTC-12OCT26,call,81500.0,2026-10-12T08:00:00+00:00,0.006308506227691586,0.0145,0.0165,0.01522554,0.0155,82536.68,BTC-12OCT26,0.23170000000000002,0.75607,20.56001,28.7,0.0,0.002,BTC,82507.04,0.0
2026-10-10T00:41:58.683869+00:00,BTC-16OCT26-87000-C,82606.8,BTC-16OCT26,call,87000.0,2026-10-16T08:00:00+00:00,0.017259909376219993,0.002,0.0022,0.00206489,0.0021,82606.8,BTC-16OCT26,0.3119,0.10631,19.9138,745.6,403.1,0.0002000000000000001,BTC,82507.34,111961.2
2026-10-10T00:41:58.683869+00:00,BTC-25DEC26-76000-C,83452.89,BTC-25DEC26,call,76000.0,2026-12-25T08:00:00+00:00,0.2089094644754671,0.1195,0.121,0.12025835,0.12025,83452.89,BTC-25DEC26,0.381,0.73345,125.33091,476.7,16.0,0.0015000000000000013,BTC,82507.04,165966.05
2026-10-10T00:41:58.683869+00:00,BTC-12OCT26-83000-C,82536.44,BTC-12OCT26,call,83000.0,2026-10-12T08:00:00+00:00,0.006308506227691586,0.004,0.0044,0.00416659,0.0042,82536.44,BTC-12OCT26,0.2075,0.36953,24.74172,97.4,20.4,0.0004000000000000002,BTC,82507.04,11798.31
2026-10-10T00:41:58.683869+00:00,BTC-25JUN27-86000-P,85681.55,BTC-25JUN27,put,86000.0,2027-06-25T08:00:00+00:00,0.7071983077335096,0.13,0.1325,0.13083465,0.13125,85681.55,BTC-25JUN27,0.38520000000000004,-0.44027,284.29793,2.0,0.0,0.0025000000000000022,BTC,82507.04,0.0
2026-10-10T00:41:58.683869+00:00,BTC-13OCT26-88000-C,82554.59,BTC-13OCT26,call,88000.0,2026-10-13T08:00:00+00:00,0.009046357014823687,0.0002,0.0004,0.0002608,0.0003,82554.59,BTC-13OCT26,0.332,0.02263,4.22091,0.6,0.6,0.0002,BTC,82507.04,26.63
2026-10-10T00:41:58.683869+00:00,BTC-23OCT26-76000-C,82697.09,BTC-23OCT26,call,76000.0,2026-10-23T08:00:00+00:00,0.0364248648861447,0.082,0.088,0.08509356,0.085,82697.09,BTC-23OCT26,0.37770000000000004,0.88612,30.42763,0.0,0.0,0.0059999999999999915,BTC,82507.04,0.0
2026-10-10T00:41:58.683869+00:00,BTC-25JUN27-92000-P,85681.55,BTC-25JUN27,put,92000.0,2027-06-25T08:00:00+00:00,0.7071983077335096,0.171,0.175,0.17310768,0.173,85681.55,BTC-25JUN27,0.3839,-0.52356,287.02514,0.3,0.0,0.003999999999999976,BTC,82507.04,0.0
2026-10-10T00:41:58.683869+00:00,BTC-23OCT26-105000-P,82697.09,BTC-23OCT26,put,105000.0,2026-10-23T08:00:00+00:00,0.0364248648861447,0.266,0.2735,0.26977812,0.26975,82697.09,BTC-23OCT26,0.45,-0.99691,1.48532,0.0,0.0,0.007500000000000007,BTC,82507.04,0.0
2026-10-10T00:41:58.683869+00:00,BTC-27NOV26-70000-P,83134.73,BTC-27NOV26,put,70000.0,2026-11-27T08:00:00+00:00,0.13224964243576826,0.0085,0.0095,0.00898679,0.009,83134.73,BTC-27NOV26,0.418,-0.11386,58.28202,247.5,27.8,0.0009999999999999992,BTC,82507.04,22302.41
2026-10-10T00:41:58.683869+00:00,BTC-10OCT26-96000-C,82521.39,BTC-10OCT26,call,96000.0,2026-10-10T08:00:00+00:00,0.0008328046534273835,,0.0001,0.0,,82521.39,BTC-10OCT26,0.5593,0.0,0.0,30.1,0.0,,BTC,82507.09,0.0
2026-10-10T00:41:58.683869+00:00,BTC-27NOV26-76000-C,83134.73,BTC-27NOV26,call,76000.0,2026-11-27T08:00:00+00:00,0.13224964243576826,0.1055,0.1075,0.1063515,0.1065,83134.73,BTC-27NOV26,0.3799,0.76353,93.24669,27.5,8.0,0.0020000000000000018,BTC,82507.04,73348.6
2026-10-10T00:41:58.683869+00:00,BTC-24SEP27-115000-P,86794.66,BTC-24SEP27,put,115000.0,2027-09-24T08:00:00+00:00,0.9563427293625307,0.3745,0.3955,0.3847102,0.385,86794.66,BTC-24SEP27,0.3944,-0.70416,293.33187,0.0,0.0,0.02100000000000002,BTC,82507.09,0.0
2026-10-10T00:41:58.683869+00:00,BTC-24SEP27-220000-C,86794.62,BTC-24SEP27,call,220000.0,2027-09-24T08:00:00+00:00,0.9563427293625307,0.006,0.007,0.00648647,0.0065,86794.62,BTC-24SEP27,0.4794,0.04015,73.38929,42.0,1.5,0.001,BTC,82507.09,746.23
2026-10-10T00:41:58.683869+00:00,BTC-25DEC26-88000-C,83452.89,BTC-25DEC26,call,88000.0,2026-12-25T08:00:00+00:00,0.2089094644754671,0.0445,0.045,0.04469251,0.04475,83452.89,BTC-25DEC26,0.36619999999999997,0.40753,148.09259,4632.5,114.4,0.0005000000000000004,BTC,82507.09,430086.54
2026-10-10T00:41:58.683869+00:00,BTC-30OCT26-72000-C,82790.06,BTC-30OCT26,call,72000.0,2026-10-30T08:00:00+00:00,0.055589820396069405,0.131,0.137,0.13372332,0.134,82790.06,BTC-30OCT26,0.4225,0.92653,27.20583,645.1,0.0,0.006000000000000005,BTC,82507.09,0.0
2026-10-10T00:41:58.683869+00:00,BTC-10OCT26-92000-P,82518.75,BTC-10OCT26,put,92000.0,2026-10-10T08:00:00+00:00,0.0008328046534273835,0.113,0.118,0.11490326,0.1155,82518.75,BTC-10OCT26,0.5518,-1.0,0.0,0.0,0.0,0.0049999999999999906,BTC,82507.09,0.0
2026-10-10T00:41:58.683869+00:00,BTC-25JUN27-56000-P,85681.55,BTC-25JUN27,put,56000.0,2027-06-25T08:00:00+00:00,0.7071983077335096,0.019,0.0205,0.01973969,0.01975,85681.55,BTC-25JUN27,0.4495,-0.09449,121.33512,85.6,0.0,0.0015000000000000013,BTC,82507.09,0.0
2026-10-10T00:41:58.683869+00:00,BTC-26MAR27-105000-P,84528.06,BTC-26MAR27,put,105000.0,2027-03-26T08:00:00+00:00,0.4580538861044883,0.2665,0.2815,0.27476597,0.274,84528.06,BTC-26MAR27,0.38380000000000003,-0.75969,178.01328,2.8,0.4,0.014999999999999958,BTC,82507.09,8921.8
2026-10-10T00:41:58.683869+00:00,BTC-23OCT26-90000-P,82697.09,BTC-23OCT26,put,90000.0,2026-10-23T08:00:00+00:00,0.0364248648861447,0.0875,0.0945,0.09105848,0.091,82697.09,BTC-23OCT26,0.3306,-0.90501,26.67919,0.3,0.0,0.007000000000000006,BTC,82507.09,0.0
2026-10-10T00:41:58.683869+00:00,BTC-30OCT26-63000-C,82790.09,BTC-30OCT26,call,63000.0,2026-10-30T08:00:00+00:00,0.055589820396069405,0.2375,0.2415,0.23973489,0.2395,82790.09,BTC-30OCT26,0.5475,0.98535,7.24526,144.3,4.0,0.0040000000000000036,BTC,82507.09,78520.01
2026-10-10T00:41:58.683869+00:00,BTC-30OCT26-73000-P,82790.06,BTC-30OCT26,put,73000.0,2026-10-30T08:00:00+00:00,0.055589820396069405,0.0039,0.0042,0.00403696,0.00405,82790.06,BTC-30OCT26,0.4078,-0.08764,31.08323,2231.4,310.3,0.0002999999999999999,BTC,82507.09,111511.67
2026-10-10T00:41:58.683869+00:00,BTC-30OCT26-93000-P,82790.06,BTC-30OCT26,put,93000.0,2026-10-30T08:00:00+00:00,0.055589820396069405,0.122,0.1295,0.12626425,0.12575,82790.06,BTC-30OCT26,0.3443,-0.91806,29.55596,2.2,0.0,0.007500000000000007,BTC,82507.09,0.0
2026-10-10T00:41:58.683869+00:00,BTC-13OCT26-93000-C,82554.59,BTC-13OCT26,call,93000.0,2026-10-13T08:00:00+00:00,0.009046357014823687,,0.0002,3.17e-05,,82554.59,BTC-13OCT26,0.44380000000000003,0.00253,0.61529,0.0,0.0,,BTC,82507.09,0.0
2026-10-10T00:41:58.683869+00:00,BTC-10OCT26-77000-C,82518.75,BTC-10OCT26,call,77000.0,2026-10-10T08:00:00+00:00,0.0008328046534273835,0.064,0.0695,0.06687646,0.06675,82518.75,BTC-10OCT26,0.7136,0.99963,0.03198,0.0,0.0,0.005500000000000005,BTC,82507.14,0.0
2026-10-10T00:41:58.683869+00:00,BTC-30OCT26-56000-P,82789.7,BTC-30OCT26,put,56000.0,2026-10-30T08:00:00+00:00,0.055589820396069405,0.0001,0.0003,0.00017995,0.0002,82789.7,BTC-30OCT26,0.6373,-0.00373,2.17241,487.9,15.0,0.00019999999999999998,BTC,82507.14,368.54
2026-10-10T00:41:58.683869+00:00,BTC-24SEP27-130000-P,86794.66,BTC-24SEP27,put,130000.0,2027-09-24T08:00:00+00:00,0.9563427293625307,0.523,0.5455,0.53598974,0.53425,86794.66,BTC-24SEP27,0.4042,-0.7952,241.09023,4.0,0.0,0.022499999999999964,BTC,82507.14,0.0
2026-10-10T00:41:58.683869+00:00,BTC-30OCT26-115000-C,82790.06,BTC-30OCT26,call,115000.0,2026-10-30T08:00:00+00:00,0.055589820396069405,,0.0001,8.499e-05,,82790.06,BTC-30OCT26,0.4877,0.00255,1.54435,378.3,0.0,,BTC,82507.14,0.0
2026-10-10T00:41:58.683869+00:00,BTC-27NOV26-69000-C,83134.73,BTC-27NOV26,call,69000.0,2026-11-27T08:00:00+00:00,0.13224964243576826,0.175,0.1815,0.17800795,0.17825,83134.73,BTC-27NOV26,0.4279,0.89872,53.56491,0.0,0.0,0.006500000000000006,BTC,82507.09,0.0
2026-10-10T00:41:58.683869+00:00,BTC-13OCT26-80500-C,82554.59,BTC-13OCT26,call,80500.0,2026-10-13T08:00:00+00:00,0.009046357014823687,0.025,0.0295,0.02748524,0.02725,82554.59,BTC-13OCT26,0.2872,0.82429,20.29296,0.0,0.0,0.004499999999999997,BTC,82507.14,0.0
2026-10-10T00:41:58.683869+00:00,BTC-25DEC26-85000-C,83450.25,BTC-25DEC26,call,85000.0,2026-12-25T08:00:00+00:00,0.2089094644754671,0.058,0.059,0.05858731,0.0585,83450.25,BTC-25DEC26,0.3669,0.48944,152.14663,3486.8,67.1,0.000999999999999994,BTC,82507.14,325277.2
2026-10-10T00:41:58.683869+00:00,BTC-12OCT26-79000-P,82536.68,BTC-12OCT26,put,79000.0,2026-10-12T08:00:00+00:00,0.006308506227691586,0.0006,0.0007,0.00062828,0.00065,82536.68,BTC-12OCT26,0.34509999999999996,-0.05391,7.17814,54.3,57.2,0.00010000000000000005,BTC,82507.14,6376.72
2026-10-10T00:41:58.683869+00:00,BTC-25DEC26-98000-P,83452.89,BTC-25DEC26,put,98000.0,2026-12-25T08:00:00+00:00,0.2089094644754671,0.187,0.197,0.19175496,0.192,83452.89,BTC-25DEC26,0.37520000000000003,-0.80276,105.91547,4.3,0.0,0.010000000000000009,BTC,82507.14,0.0
2026-10-10T00:41:58.683869+00:00,BTC-16OCT26-100000-C,82606.8,BTC-16OCT26,call,100000.0,2026-10-16T08:00:00+00:00,0.017259909376219993,,0.0001,2.104e-05,,82606.8,BTC-16OCT26,0.47479999999999994,0.00121,0.43588,361.3,8.1,,BTC,82507.14,67.71
2026-10-10T00:41:58.683869+00:00,BTC-25DEC26-78000-C,83452.89,BTC-25DEC26,call,78000.0,2026-12-25T08:00:00+00:00,0.2089094644754671,0.103,0.105,0.10380433,0.104,83452.89,BTC-25DEC26,0.3751,0.68403,135.70392,1636.7,550.0,0.0020000000000000018,BTC,82507.14,4741937.0
2026-10-10T00:41:58.683869+00:00,BTC-16OCT26-90000-C,82606.9,BTC-16OCT26,call,90000.0,2026-10-16T08:00:00+00:00,0.017259909376219993,0.0004,0.0006,0.00049363,0.0005,82606.9,BTC-16OCT26,0.3403,0.02894,7.16743,1092.8,160.3,0.00019999999999999993,BTC,82507.14,16838.56
2026-10-10T00:41:58.683869+00:00,BTC-27NOV26-115000-C,83134.73,BTC-27NOV26,call,115000.0,2026-11-27T08:00:00+00:00,0.13224964243576826,0.0012,0.0015,0.0013382,0.00135,83134.73,BTC-27NOV26,0.43320000000000003,0.02382,16.97024,67.7,2.6,0.00030000000000000014,BTC,82507.14,326.75
2026-10-10T00:41:58.683869+00:00,BTC-11OCT26-92000-C,82520.69,BTC-11OCT26,call,92000.0,2026-10-11T08:00:00+00:00,0.003570655440559485,,0.0001,2.6e-07,,82520.69,BTC-11OCT26,0.4603,4e-05,0.00829,0.0,0.0,,BTC,82507.14,0.0
2026-10-10T00:41:58.683869+00:00,BTC-11OCT26-81500-C,82520.69,BTC-11OCT26,call,81500.0,2026-10-11T08:00:00+00:00,0.003570655440559485,0.0115,0.0155,0.0134665,0.0135,82520.69,BTC-11OCT26,0.213,0.83666,12.1574,14.8,0.0,0.004,BTC,82507.14,0.0
2026-10-10T00:41:58.683869+00:00,BTC-26MAR27-75000-P,84528.06,BTC-26MAR27,put,75000.0,2027-03-26T08:00:00+00:00,0.4580538861044883,0.0525,0.0535,0.0528019,0.053,84528.06,BTC-26MAR27,0.39049999999999996,-0.27954,192.47021,51.4,1.5,0.0010000000000000009,BTC,82507.14,6552.75
2026-10-10T00:41:58.683869+00:00,ETH-25JUN27-1700-C,2568.73,ETH-25JUN27,call,1700.0,2027-06-25T08:00:00+00:00,0.7071983077335096,0.376,0.383,0.380162,0.3795,2568.73,ETH-25JUN27,0.5734,0.86367,4.72343,692.0,0.0,0.007000000000000006,ETH,2487.55,0.0
2026-10-10T00:41:58.683869+00:00,ETH-10OCT26-2320-C,2487.5,ETH-10OCT26,call,2320.0,2026-10-10T08:00:00+00:00,0.0008328046534273835,0.0645,0.0705,0.067333,0.0675,2487.5,ETH-10OCT26,0.7611,0.99929,0.00176,18.0,18.0,0.0059999999999999915,ETH,2487.55,2993.48
2026-10-10T00:41:58.683869+00:00,ETH-11OCT26-2760-C,2488.0,ETH-11OCT26,call,2760.0,2026-10-11T08:00:00+00:00,0.003570655440559485,,0.0001,6e-06,,2488.0,ETH-11OCT26,0.5384,0.00066,0.00344,4.0,0.0,,ETH,2487.55,0.0
2026-10-10T00:41:58.683869+00:00,ETH-10OCT26-2760-P,2487.48,ETH-10OCT26,put,2760.0,2026-10-10T08:00:00+00:00,0.0008328046534273835,0.106,0.1125,0.109557,0.10925,2487.48,ETH-10OCT26,0.7271,-1.0,0.0,0.0,0.0,0.006500000000000006,ETH,2487.55,0.0
2026-10-10T00:41:58.683869+00:00,ETH-25DEC26-6500-C,2509.73,ETH-25DEC26,call,6500.0,2026-12-25T08:00:00+00:00,0.2089094644754671,0.0006,0.0008,0.000693,0.0007,2509.73,ETH-25DEC26,0.7833,0.0066,0.2124,1902.0,1.0,0.0002000000000000001,ETH,2487.55,1.75
2026-10-10T00:41:58.683869+00:00,ETH-25DEC26-2400-P,2509.73,ETH-25DEC26,put,2400.0,2026-12-25T08:00:00+00:00,0.2089094644754671,0.0675,0.069,0.068239,0.06825,2509.73,ETH-25DEC26,0.4965,-0.37813,4.36251,9845.0,8.0,0.0015000000000000013,ETH,2487.52,1354.67
2026-10-10T00:41:58.683869+00:00,ETH-10OCT26-2750-C,2487.5,ETH-10OCT26,call,2750.0,2026-10-10T08:00:00+00:00,0.0008328046534273835,,0.0001,0.0,,2487.5,ETH-10OCT26,0.7105,0.0,0.0,14.0,0.0,,ETH,2487.52,0.0
2026-10-10T00:41:58.683869+00:00,ETH-30OCT26-3200-P,2492.04,ETH-30OCT26,put,3200.0,2026-10-30T08:00:00+00:00,0.055589820396069405,0.281,0.29,0.285638,0.2855,2492.04,ETH-30OCT26,0.5518,-0.96831,0.41851,35.0,0.0,0.008999999999999952,ETH,2487.52,0.0
2026-10-10T00:41:58.683869+00:00,ETH-30OCT26-1400-P,2492.04,ETH-30OCT26,put,1400.0,2026-10-30T08:00:00+00:00,0.055589820396069405,0.0001,0.0003,0.000179,0.0002,2492.04,ETH-30OCT26,0.9111,-0.00263,0.04773,4904.0,0.0,0.00019999999999999998,ETH,2487.52,0.0
2026-10-10T00:41:58.683869+00:00,ETH-10OCT26-2880-C,2487.48,ETH-10OCT26,call,2880.0,2026-10-10T08:00:00+00:00,0.0008328046534273835,,0.0001,0.0,,2487.48,ETH-10OCT26,0.8591,0.0,0.0,0.0,0.0,,ETH,2487.52,0.0
2026-10-10T00:41:58.683869+00:00,ETH-10OCT26-2840-C,2487.48,ETH-10OCT26,call,2840.0,2026-10-10T08:00:00+00:00,0.0008328046534273835,,0.0001,0.0,,2487.48,ETH-10OCT26,0.8589,0.0,0.0,2.0,0.0,,ETH,2487.52,0.0
2026-10-10T00:41:58.683869+00:00,ETH-16OCT26-2800-P,2488.96,ETH-16OCT26,put,2800.0,2026-10-16T08:00:00+00:00,0.017259909376219993,0.1215,0.129,0.125654,0.12525,2488.96,ETH-16OCT26,0.46619999999999995,-0.97077,0.2178,259.0,130.0,0.007500000000000007,ETH,2487.52,39401.09
2026-10-10T00:41:58.683869+00:00,ETH-13OCT26-2440-C,2488.45,ETH-13OCT26,call,2440.0,2026-10-13T08:00:00+00:00,0.009046357014823687,0.0245,0.026,0.025188,0.02525,2488.45,ETH-13OCT26,0.3527,0.72647,0.78774,100.0,100.0,0.0014999999999999979,ETH,2487.52,7671.99
2026-10-10T00:41:58.683869+00:00,ETH-27NOV26-3100-P,2499.79,ETH-27NOV26,put,3100.0,2026-11-27T08:00:00+00:00,0.13224964243576826,0.246,0.2585,0.252605,0.25225,2499.79,ETH-27NOV26,0.5092,-0.85752,2.04828,19.0,0.0,0.012500000000000011,ETH,2487.52,0.0
2026-10-10T00:41:58.683869+00:00,ETH-24SEP27-2300-P,2599.09,ETH-24SEP27,put,2300.0,2027-09-24T08:00:00+00:00,0.9563427293625307,0.143,0.1465,0.144606,0.14475,2599.09,ETH-24SEP27,0.542,-0.31018,8.97074,26.0,0.0,0.003500000000000003,ETH,2487.16,0.0
2026-10-10T00:41:58.683869+00:00,ETH-25JUN27-2900-P,2568.73,ETH-25JUN27,put,2900.0,2027-06-25T08:00:00+00:00,0.7071983077335096,0.257,0.263,0.258963,0.26,2568.73,ETH-25JUN27,0.5297,-0.51971,8.61006,508.0,38.0,0.006000000000000005,ETH,2487.16,24378.2
2026-10-10T00:41:58.683869+00:00,ETH-30OCT26-2150-C,2492.02,ETH-30OCT26,call,2150.0,2026-10-30T08:00:00+00:00,0.055589820396069405,0.1415,0.1455,0.143961,0.1435,2492.02,ETH-30OCT26,0.5289,0.89356,1.0793,988.0,0.0,0.0040000000000000036,ETH,2487.16,0.0
2026-10-10T00:41:58.683869+00:00,ETH-25JUN27-4800-P,2568.75,ETH-25JUN27,put,4800.0,2027-06-25T08:00:00+00:00,0.7071983077335096,0.884,0.915,0.896887,0.8995,2568.75,ETH-25JUN27,0.5660000000000001,-0.85889,4.83485,0.0,0.0,0.031000000000000028,ETH,2487.16,0.0
2026-10-10T00:41:58.683869+00:00,ETH-24SEP27-2600-C,2599.09,ETH-24SEP27,call,2600.0,2027-09-24T08:00:00+00:00,0.9563427293625307,0.206,0.21,0.207859,0.208,2599.09,ETH-24SEP27,0.5392,0.60362,9.79766,3.0,0.0,0.0040000000000000036,ETH,2487.16,0.0
2026-10-10T00:41:58.683869+00:00,ETH-23OCT26-2450-P,2490.55,ETH-23OCT26,put,2450.0,2026-10-23T08:00:00+00:00,0.0364248648861447,0.0235,0.0245,0.024241,0.024,2490.55,ETH-23OCT26,0.42,-0.40417,1.84151,255.0,168.0,0.0010000000000000009,ETH,2487.16,10570.03
2026-10-10T00:41:58.683869+00:00,ETH-26MAR27-4200-P,2537.99,ETH-26MAR27,put,4200.0,2027-03-26T08:00:00+00:00,0.4580538861044883,0.663,0.6895,0.67533,0.67625,2537.99,ETH-26MAR27,0.5586,-0.87355,3.56501,7.0,0.0,0.026499999999999968,ETH,2487.19,0.0
2026-10-10T00:41:58.683869+00:00,ETH-23OCT26-2550-P,2490.55,ETH-23OCT26,put,2550.0,2026-10-23T08:00:00+00:00,0.0364248648861447,0.044,0.0455,0.044827,0.04475,2490.55,ETH-23OCT26,0.4083,-0.60488,1.83057,1873.0,1.0,0.0015000000000000013,ETH,2487.16,111.1
2026-10-10T00:41:58.683869+00:00,ETH-24SEP27-1900-C,2599.09,ETH-24SEP27,call,1900.0,2027-09-24T08:00:00+00:00,0.9563427293625307,0.3395,0.355,0.349092,0.34725,2599.09,ETH-24SEP27,0.5566,0.8016,7.08272,0.0,0.0,0.015499999999999958,ETH,2487.19,0.0
2026-10-10T00:41:58.683869+00:00,ETH-26MAR27-1000-P,2537.99,ETH-26MAR27,put,1000.0,2027-03-26T08:00:00+00:00,0.4580538861044883,0.0039,0.0046,0.00424,0.00425,2537.99,ETH-26MAR27,0.7555,-0.01893,0.79384,6116.0,0.0,0.0007000000000000001,ETH,2487.19,0.0
2026-10-10T00:41:58.683869+00:00,ETH-25JUN27-3500-P,2568.75,ETH-25JUN27,put,3500.0,2027-06-25T08:00:00+00:00,0.7071983077335096,0.4275,0.4505,0.438321,0.439,2568.75,ETH-25JUN27,0.5356000000000001,-0.67783,7.74825,678.0,0.0,0.02300000000000002,ETH,2487.19,0.0
2026-10-10T00:41:58.683869+00:00,ETH-10OCT26-2920-P,2487.48,ETH-10OCT26,put,2920.0,2026-10-10T08:00:00+00:00,0.0008328046534273835,0.1695,0.177,0.173879,0.17325,2487.48,ETH-10OCT26,0.8591,-1.0,0.0,0.0,0.0,0.007499999999999979,ETH,2487.19,0.0
2026-10-10T00:41:58.683869+00:00,ETH-30OCT26-1750-C,2492.02,ETH-30OCT26,call,1750.0,2026-10-30T08:00:00+00:00,0.055589820396069405,0.297,0.3,0.298847,0.2985,2492.02,ETH-30OCT26,0.7331,0.98341,0.24264,102.0,0.0,0.0030000000000000027,ETH,2487.19,0.0
2026-10-10T00:41:58.683869+00:00,ETH-10OCT26-2380-P,2487.48,ETH-10OCT26,put,2380.0,2026-10-10T08:00:00+00:00,0.0008328046534273835,0.0001,0.0002,0.000157,0.00015,2487.48,ETH-10OCT26,0.7486,-0.02012,0.03486,189.0,137.0,0.0001,ETH,2487.19,188.28
2026-10-10T00:41:58.683869+00:00,ETH-10OCT26-2680-P,2487.48,ETH-10OCT26,put,2680.0,2026-10-10T08:00:00+00:00,0.0008328046534273835,0.074,0.0805,0.077396,0.07725,2487.48,ETH-10OCT26,0.5851,-1.0,2e-05,1.0,0.0,0.006500000000000006,ETH,2487.17,0.0
2026-10-10T00:41:58.683869+00:00,ETH-24SEP27-3900-P,2599.09,ETH-24SEP27,put,3900.0,2027-09-24T08:00:00+00:00,0.9563427293625307,0.571,0.596,0.583543,0.5835,2599.09,ETH-24SEP27,0.547,-0.68833,8.98949,0.0,0.0,0.025000000000000022,ETH,2487.17,0.0
2026-10-10T00:41:58.683869+00:00,ETH-25JUN27-3400-C,2568.75,ETH-25JUN27,call,3400.0,2027-06-25T08:00:00+00:00,0.7071983077335096,0.0815,0.084,0.082747,0.08275,2568.75,ETH-25JUN27,0.5343,0.34479,7.95854,647.0,1.0,0.0025000000000000022,ETH,2487.17,203.81
2026-10-10T00:41:58.683869+00:00,ETH-12OCT26-2280-P,2488.18,ETH-12OCT26,put,2280.0,2026-10-12T08:00:00+00:00,0.006308506227691586,0.0005,0.0007,0.000583,0.0006,2488.18,ETH-12OCT26,0.5971,-0.0313,0.13925,494.0,397.0,0.00019999999999999998,ETH,2487.17,1128.4
2026-10-10T00:41:58.683869+00:00,ETH-26MAR27-2800-P,2537.97,ETH-26MAR27,put,2800.0,2027-03-26T08:00:00+00:00,0.4580538861044883,0.203,0.205,0.204039,0.204,2537.97,ETH-26MAR27,0.5194,-0.54144,6.81676,481.0,27.0,0.001999999999999974,ETH,2487.17,13563.32
2026-10-10T00:41:58.683869+00:00,ETH-25DEC26-2400-C,2509.75,ETH-25DEC26,call,2400.0,2026-12-25T08:00:00+00:00,0.2089094644754671,0.1115,0.113,0.111961,0.11225,2509.75,ETH-25DEC26,0.4965,0.62161,4.36275,12761.0,1.0,0.0015000000000000013,ETH,2487.17,285.83
2026-10-10T00:41:58.683869+00:00,ETH-10OCT26-3000-C,2487.5,ETH-10OCT26,call,3000.0,2026-10-10T08:00:00+00:00,0.0008328046534273835,,0.0001,0.0,,2487.5,ETH-10OCT26,0.8591,0.0,0.0,4.0,0.0,,ETH,2487.17,0.0
2026-10-10T00:41:58.683869+00:00,ETH-27NOV26-2300-C,2499.79,ETH-27NOV26,call,2300.0,2026-11-27T08:00:00+00:00,0.13224964243576826,0.115,0.1175,0.116406,0.11625,2499.79,ETH-27NOV26,0.498,0.70868,3.11894,76.0,0.0,0.0024999999999999883,ETH,2487.17,0.0
2026-10-10T00:41:58.683869+00:00,ETH-26MAR27-2900-C,2537.97,ETH-26MAR27,call,2900.0,2027-03-26T08:00:00+00:00,0.4580538861044883,0.088,0.09,0.088922,0.089,2537.97,ETH-26MAR27,0.5203,0.41961,6.71414,2843.0,4.0,0.0020000000000000018,ETH,2487.17,887.49
2026-10-10T00:41:58.683869+00:00,ETH-25JUN27-2200-P,2568.75,ETH-25JUN27,put,2200.0,2027-06-25T08:00:00+00:00,0.7071983077335096,0.103,0.1055,0.104097,0.10425,2568.75,ETH-25JUN27,0.5388000000000001,-0.28497,7.33476,378.0,0.0,0.0025000000000000022,ETH,2487.17,0.0
2026-10-10T00:41:58.683869+00:00,ETH-10OCT26-2340-C,2487.5,ETH-10OCT26,call,2340.0,2026-10-10T08:00:00+00:00,0.0008328046534273835,0.0565,0.0625,0.059304,0.0595,2487.5,ETH-10OCT26,0.7519,0.99764,0.00528,0.0,0.0,0.005999999999999998,ETH,2487.17,0.0
2026-10-10T00:41:58.683869+00:00,ETH-23OCT26-2700-C,2490.55,ETH-23OCT26,call,2700.0,2026-10-23T08:00:00+00:00,0.0364248648861447,0.0065,0.007,0.006621,0.00675,2490.55,ETH-23OCT26,0.415,0.16308,1.17114,2423.0,301.0,0.0005000000000000004,ETH,2487.17,6296.74
2026-10-10T00:41:58.683869+00:00,ETH-25DEC26-8000-P,2509.75,ETH-25DEC26,put,8000.0,2026-12-25T08:00:00+00:00,0.2089094644754671,2.169,2.21,2.187877,2.1895,2509.75,ETH-25DEC26,0.8515999999999999,-0.99731,0.09518,73.0,0.0,0.040999999999999925,ETH,2487.17,0.0
2026-10-10T00:41:58.683869+00:00,ETH-30OCT26-2500-C,2492.02,ETH-30OCT26,call,2500.0,2026-10-30T08:00:00+00:00,0.055589820396069405,0.039,0.0405,0.039584,0.03975,2492.02,ETH-30OCT26,0.43700000000000006,0.50759,2.34395,6329.0,33.0,0.0015000000000000013,ETH,2487.17,3246.23
2026-10-10T00:41:58.683869+00:00,ETH-24SEP27-3600-P,2599.09,ETH-24SEP27,put,3600.0,2027-09-24T08:00:00+00:00,0.9563427293625307,0.4745,0.4995,0.486387,0.487,2599.09,ETH-24SEP27,0.5431,-0.63602,9.54635,0.0,0.0,0.025000000000000022,ETH,2487.17,0.0
2026-10-10T00:41:58.683869+00:00,ETH-27NOV26-3500-P,2499.79,ETH-27NOV26,put,3500.0,2026-11-27T08:00:00+00:00,0.13224964243576826,0.399,0.412,0.404982,0.4055,2499.79,ETH-27NOV26,0.5577000000000001,-0.9404,1.07745,6.0,0.0,0.012999999999999956,ETH,2487.17,0.0
2026-10-10T00:41:58.683869+00:00,ETH-27NOV26-2400-C,2499.79,ETH-27NOV26,call,2400.0,2026-11-27T08:00:00+00:00,0.13224964243576826,0.0905,0.092,0.090926,0.09125,2499.79,ETH-27NOV26,0.4869,0.62462,3.44885,465.0,0.0,0.0015000000000000013,ETH,2487.18,0.0
2026-10-10T00:41:58.683869+00:00,ETH-23OCT26-3000-C,2490.53,ETH-23OCT26,call,3000.0,2026-10-23T08:00:00+00:00,0.0364248648861447,0.0009,0.0012,0.001038,0.00105,2490.53,ETH-23OCT26,0.5018,0.02894,0.31397,692.0,4.0,0.0002999999999999999,ETH,2487.17,15.92
2026-10-10T00:41:58.683869+00:00,ETH-10OCT26-2950-P,2487.5,ETH-10OCT26,put,2950.0,2026-10-10T08:00:00+00:00,0.0008328046534273835,0.182,0.1895,0.185939,0.18575,2487.5,ETH-10OCT26,0.8591,-1.0,0.0,0.0,0.0,0.007500000000000007,ETH,2487.18,0.0
2026-10-10T00:41:58.683869+00:00,ETH-26MAR27-3300-P,2537.99,ETH-26MAR27,put,3300.0,2027-03-26T08:00:00+00:00,0.4580538861044883,0.3445,0.3635,0.35454,0.354,2537.99,ETH-26MAR27,0.5274,-0.71135,5.86784,139.0,0.0,0.019000000000000017,ETH,2487.18,0.0
2026-10-10T00:41:58.683869+00:00,ETH-12OCT26-2500-C,2488.18,ETH-12OCT26,call,2500.0,2026-10-12T08:00:00+00:00,0.006308506227691586,0.006,0.0065,0.006154,0.00625,2488.18,ETH-12OCT26,0.2622,0.41043,0.76834,436.0,80.0,0.0004999999999999996,ETH,2487.18,1969.54
2026-10-10T00:41:58.683869+00:00,ETH-11OCT26-2280-P,2488.0,ETH-11OCT26,put,2280.0,2026-10-11T08:00:00+00:00,0.003570655440559485,0.0001,0.0003,0.000177,0.0002,2488.0,ETH-11OCT26,0.6598,-0.01289,0.04937,0.0,0.0,0.00019999999999999998,ETH,2487.18,0.0
2026-10-10T00:41:58.683869+00:00,ETH-25DEC26-1400-C,2509.75,ETH-25DEC26,call,1400.0,2026-12-25T08:00:00+00:00,0.2089094644754671,0.4425,0.447,0.445658,0.44475,2509.75,ETH-25DEC26,0.7116,0.97477,0.67563,1387.0,0.0,0.004500000000000004,ETH,2487.17,0.0
2026-10-10T00:41:58.683869+00:00,ETH-26MAR27-2600-P,2537.99,ETH-26MAR27,put,2600.0,2027-03-26T08:00:00+00:00,0.4580538861044883,0.153,0.155,0.154056,0.154,2537.99,ETH-26MAR27,0.5202,-0.45737,6.8146,1827.0,427.0,0.0020000000000000018,ETH,2487.17,160979.76
2026-10-10T00:41:58.683869+00:00,ETH-26MAR27-2800-C,2537.99,ETH-26MAR27,call,2800.0,2027-03-26T08:00:00+00:00,0.4580538861044883,0.1,0.1015,0.100769,0.10075,2537.99,ETH-26MAR27,0.5194,0.45856,6.81676,8749.0,972.0,0.0015000000000000013,ETH,2487.17,245601.71
2026-10-10T00:41:58.683869+00:00,ETH-23OCT26-3100-C,2490.55,ETH-23OCT26,call,3100.0,2026-10-23T08:00:00+00:00,0.0364248648861447,0.0005,0.0006,0.000579,0.00055,2490.55,ETH-23OCT26,0.526,0.01653,0.19571,3474.0,70.0,9.999999999999994e-05,ETH,2487.18,131.29
2026-10-10T00:41:58.683869+00:00,ETH-13OCT26-2750-C,2488.45,ETH-13OCT26,call,2750.0,2026-10-13T08:00:00+00:00,0.009046357014823687,0.0001,0.0003,0.000163,0.0002,2488.45,ETH-13OCT26,0.45549999999999996,0.01106,0.06886,2.0,2.0,0.00019999999999999998,ETH,2487.18,1.0
2026-10-10T00:41:58.683869+00:00,ETH-12OCT26-2620-C,2488.18,ETH-12OCT26,call,2620.0,2026-10-12T08:00:00+00:00,0.006308506227691586,0.0002,0.0003,0.000281,0.00025,2488.18,ETH-12OCT26,0.337,0.02726,0.12417,1433.0,1112.0,9.999999999999996e-05,ETH,2487.17,1329.4
2026-10-10T00:41:58.683869+00:00,ETH-24SEP27-1500-P,2599.07,ETH-24SEP27,put,1500.0,2027-09-24T08:00:00+00:00,0.9563427293625307,0.0375,0.04,0.038808,0.03875,2599.07,ETH-24SEP27,0.5893,-0.1072,4.69246,896.0,0.0,0.0025000000000000022,ETH,2487.17,0.0
2026-10-10T00:41:58.683869+00:00,ETH-16OCT26-2700-P,2488.96,ETH-16OCT26,put,2700.0,2026-10-16T08:00:00+00:00,0.017259909376219993,0.0825,0.09,0.086446,0.08625,2488.96,ETH-16OCT26,0.41240000000000004,-0.9303,0.43763,1908.0,0.0,0.007499999999999993,ETH,2487.18,0.0
2026-10-10T00:41:58.683869+00:00,ETH-23OCT26-2400-C,2490.55,ETH-23OCT26,call,2400.0,2026-10-23T08:00:00+00:00,0.0364248648861447,0.053,0.0545,0.053748,0.05375,2490.55,ETH-23OCT26,0.43320000000000003,0.68685,1.68446,6.0,0.0,0.0015000000000000013,ETH,2487.17,0.0
2026-10-10T00:41:58.683869+00:00,ETH-27NOV26-2000-C,2499.79,ETH-27NOV26,call,2000.0,2026-11-27T08:00:00+00:00,0.13224964243576826,0.2085,0.2145,0.212405,0.2115,2499.79,ETH-27NOV26,0.5586,0.88464,1.76878,9.0,0.0,0.006000000000000005,ETH,2487.17,0.0
2026-10-10T00:41:58.683869+00:00,ETH-11OCT26-2380-P,2488.0,ETH-11OCT26,put,2380.0,2026-10-11T08:00:00+00:00,0.003570655440559485,0.0004,0.0005,0.000439,0.00045,2488.0,ETH-11OCT26,0.4318,-0.04224,0.13384,141.0,53.0,9.999999999999999e-05,ETH,2487.17,111.2
2026-10-10T00:41:58.683869+00:00,ETH-25DEC26-1800-C,2509.75,ETH-25DEC26,call,1800.0,2026-12-25T08:00:00+00:00,0.2089094644754671,0.2905,0.297,0.294269,0.29375,2509.75,ETH-25DEC26,0.5838,0.91592,1.77082,2431.0,0.0,0.006500000000000006,ETH,2487.17,0.0
2026-10-10T00:41:58.683869+00:00,ETH-16OCT26-2550-C,2488.96,ETH-16OCT26,call,2550.0,2026-10-16T08:00:00+00:00,0.017259909376219993,0.0095,0.0105,0.010034,0.01,2488.96,ETH-16OCT26,0.3759,0.3193,1.16833,1883.0,1676.0,0.0010000000000000009,ETH,2487.17,44171.14
2026-10-10T00:41:58.683869+00:00,ETH-11OCT26-2320-P,2487.99,ETH-11OCT26,put,2320.0,2026-10-11T08:00:00+00:00,0.003570655440559485,0.0002,0.0004,0.000282,0.0003,2487.99,ETH-11OCT26,0.5835,-0.02183,0.07748,1.0,0.0,0.0002,ETH,2487.17,0.0
2026-10-10T00:41:58.683869+00:00,ETH-11OCT26-3000-P,2487.99,ETH-11OCT26,put,3000.0,2026-10-11T08:00:00+00:00,0.003570655440559485,0.2015,0.209,0.205795,0.20525,2487.99,ETH-11OCT26,0.8843000000000001,-0.99978,0.00121,0.0,0.0,0.007499999999999979,ETH,2487.17,0.0
2026-10-10T00:41:58.683869+00:00,ETH-26MAR27-4800-P,2537.99,ETH-26MAR27,put,4800.0,2027-03-26T08:00:00+00:00,0.4580538861044883,0.8905,0.92,0.903319,0.90525,2537.99,ETH-26MAR27,0.5828,-0.92192,2.5076,40.0,0.0,0.02950000000000008,ETH,2487.17,0.0
2026-10-10T00:41:58.683869+00:00,ETH-30OCT26-2250-P,2492.02,ETH-30OCT26,put,2250.0,2026-10-30T08:00:00+00:00,0.055589820396069405,0.011,0.0115,0.011226,0.01125,2492.02,ETH-30OCT26,0.488,-0.17266,1.50186,3729.0,93.0,0.0005000000000000004,ETH,2487.17,2577.03
2026-10-10T00:41:58.683869+00:00,ETH-13OCT26-2640-C,2488.45,ETH-13OCT26,call,2640.0,2026-10-13T08:00:00+00:00,0.009046357014823687,0.0006,0.0008,0.000678,0.0007,2488.45,ETH-13OCT26,0.3682,0.04694,0.23207,2.0,2.0,0.0002000000000000001,ETH,2487.17,12.51
2026-10-10T00:41:58.683869+00:00,ETH-30OCT26-2900-C,2492.02,ETH-30OCT26,call,2900.0,2026-10-30T08:00:00+00:00,0.055589820396069405,0.0047,0.0055,0.004959,0.0051,2492.02,ETH-30OCT26,0.4764,0.09775,1.01428,5040.0,927.0,0.0007999999999999995,ETH,2487.17,12681.15
2026-10-10T00:41:58.683869+00:00,ETH-27NOV26-3800-C,2499.79,ETH-27NOV26,call,3800.0,2026-11-27T08:00:00+00:00,0.13224964243576826,0.0025,0.003,0.002712,0.00275,2499.79,ETH-27NOV26,0.5961,0.03412,0.68803,1616.0,0.0,0.0005,ETH,2487.16,0.0
2026-10-10T00:41:58.683869+00:00,ETH-25JUN27-4400-P,2568.75,ETH-25JUN27,put,4400.0,2027-06-25T08:00:00+00:00,0.7071983077335096,0.738,0.766,0.750174,0.752,2568.75,ETH-25JUN27,0.5559000000000001,-0.82052,5.65904,1.0,0.0,0.028000000000000025,ETH,2487.16,0.0
2026-10-10T00:41:58.683869+00:00,ETH-13OCT26-2620-C,2488.45,ETH-13OCT26,call,2620.0,2026-10-13T08:00:00+00:00,0.009046357014823687,0.0008,0.0011,0.000925,0.00095,2488.45,ETH-13OCT26,0.35240000000000005,0.06362,0.29514,84.0,84.0,0.00030000000000000003,ETH,2487.17,409.35
2026-10-10T00:41:58.683869+00:00,ETH-24SEP27-4400-P,2599.07,ETH-24SEP27,put,4400.0,2027-09-24T08:00:00+00:00,0.9563427293625307,0.7415,0.768,0.753916,0.75475,2599.07,ETH-24SEP27,0.5553,-0.75735,7.95016,0.0,0.0,0.026499999999999968,ETH,2487.16,0.0
2026-10-10T00:41:58.683869+00:00,ETH-10OCT26-2620-C,2487.5,ETH-10OCT26,call,2620.0,2026-10-10T08:00:00+00:00,0.0008328046534273835,,0.0001,0.0,,2487.5,ETH-10OCT26,0.48840000000000006,0.00011,0.00031,353.0,11.0,,ETH,2487.16,8.21
2026-10-10T00:41:58.683869+00:00,ETH-25DEC26-1500-P,2509.75,ETH-25DEC26,put,1500.0,2026-12-25T08:00:00+00:00,0.2089094644754671,0.0044,0.005,0.004677,0.0047,2509.75,ETH-25DEC26,0.675,-0.03427,0.8713,16658.0,136.0,0.0005999999999999998,ETH,2487.16,1589.84
2026-10-10T00:41:58.683869+00:00,ETH-26MAR27-4200-C,2537.99,ETH-26MAR27,call,4200.0,2027-03-26T08:00:00+00:00,0.4580538861044883,0.02,0.021,0.020425,0.0205,2537.99,ETH-26MAR27,0.5586,0.12645,3.565,4912.0,2001.0,0.0010000000000000009,ETH,2487.16,99006.08
2026-10-10T00:41:58.683869+00:00,ETH-30OCT26-1000-C,2492.04,ETH-30OCT26,call,1000.0,2026-10-30T08:00:00+00:00,0.055589820396069405,0.598,0.5995,0.598767,0.59875,2492.04,ETH-30OCT26,1.2457,0.99943,0.01176,0.0,0.0,0.0015000000000000568,ETH,2487.16,0.0
2026-10-10T00:41:58.683869+00:00,ETH-25JUN27-3100-P,2568.73,ETH-25JUN27,put,3100.0,2027-06-25T08:00:00+00:00,0.7071983077335096,0.312,0.323,0.315077,0.3175,2568.73,ETH-25JUN27,0.5309,-0.57845,8.45224,210.0,0.0,0.01100000000000001,ETH,2487.16,0.0
2026-10-10T00:41:58.683869+00:00,ETH-12OCT26-2100-C,2488.17,ETH-12OCT26,call,2100.0,2026-10-12T08:00:00+00:00,0.006308506227691586,0.155,0.1575,0.156159,0.15625,2488.17,ETH-12OCT26,0.8898,0.9925,0.04092,0.0,0.0,0.0025000000000000022,ETH,2487.16,0.0
2026-10-10T00:41:58.683869+00:00,ETH-27NOV26-2700-C,2499.79,ETH-27NOV26,call,2700.0,2026-11-27T08:00:00+00:00,0.13224964243576826,0.0385,0.04,0.039354,0.03925,2499.79,ETH-27NOV26,0.48100000000000004,0.36177,3.40733,3558.0,672.0,0.0015000000000000013,ETH,2487.16,69211.35
2026-10-10T00:41:58.683869+00:00,ETH-13OCT26-2900-P,2488.45,ETH-13OCT26,put,2900.0,2026-10-13T08:00:00+00:00,0.009046357014823687,0.161,0.169,0.165436,0.165,2488.45,ETH-13OCT26,0.5515,-0.9981,0.01433,0.0,0.0,0.008000000000000007,ETH,2487.16,0.0
2026-10-10T00:41:58.683869+00:00,ETH-16OCT26-2650-C,2488.96,ETH-16OCT26,call,2650.0,2026-10-16T08:00:00+00:00,0.017259909376219993,0.0027,0.0031,0.002888,0.0029,2488.96,ETH-16OCT26,0.3924,0.11623,0.63954,1832.0,209.0,0.00039999999999999975,ETH,2487.16,2595.37
2026-10-10T00:41:58.683869+00:00,ETH-24SEP27-2200-P,2599.09,ETH-24SEP27,put,2200.0,2027-09-24T08:00:00+00:00,0.9563427293625307,0.1245,0.128,0.126238,0.12625,2599.09,ETH-24SEP27,0.5443,-0.2813,8.57666,246.0,0.0,0.003500000000000003,ETH,2487.16,0.0
2026-10-10T00:41:58.683869+00:00,ETH-16OCT26-2400-P,2488.96,ETH-16OCT26,put,2400.0,2026-10-16T08:00:00+00:00,0.017259909376219993,0.0085,0.009,0.008721,0.00875,2488.96,ETH-16OCT26,0.4304,-0.25199,1.0435,4899.0,276.0,0.0004999999999999987,ETH,2487.16,6505.23
2026-10-10T00:41:58.683869+00:00,ETH-25JUN27-2100-P,2568.75,ETH-25JUN27,put,2100.0,2027-06-25T08:00:00+00:00,0.7071983077335096,0.087,0.0895,0.088211,0.08825,2568.75,ETH-25JUN27,0.5426,-0.25166,6.88989,852.0,0.0,0.0025000000000000022,ETH,2487.16,0.0
2026-10-10T00:41:58.683869+00:00,ETH-25DEC26-1000-C,2509.75,ETH-25DEC26,call,1000.0,2026-12-25T08:00:00+00:00,0.2089094644754671,0.6005,0.604,0.602542,0.60225,2509.75,ETH-25DEC26,0.8848999999999999,0.99336,0.2133,77.0,2.0,0.0034999999999999476,ETH,2487.16,3005.64
2026-10-10T00:41:58.683869+00:00,ETH-25DEC26-2800-P,2509.75,ETH-25DEC26,put,2800.0,2026-12-25T08:00:00+00:00,0.2089094644754671,0.1625,0.1655,0.164132,0.164,2509.75,ETH-25DEC26,0.49570000000000003,-0.64441,4.27382,3542.0,0.0,0.0030000000000000027,ETH,2487.16,0.0
2026-10-10T00:41:58.683869+00:00,ETH-13OCT26-2540-P,2488.45,ETH-13OCT26,put,2540.0,2026-10-13T08:00:00+00:00,0.009046357014823687,0.0245,0.0265,0.025387,0.0255,2488.45,ETH-13OCT26,0.322,-0.74526,0.75958,0.0,0.0,0.0019999999999999983,ETH,2487.16,0.0
2026-10-10T00:41:58.683869+00:00,ETH-11OCT26-2460-P,2488.0,ETH-11OCT26,put,2460.0,2026-10-11T08:00:00+00:00,0.003570655440559485,0.0018,0.0022,0.00202,0.002,2488.0,ETH-11OCT26,0.2554,-0.23106,0.45241,967.0,991.0,0.0004000000000000002,ETH,2487.16,9609.46
2026-10-10T00:41:58.683869+00:00,ETH-27NOV26-3100-C,2499.79,ETH-27NOV26,call,3100.0,2026-11-27T08:00:00+00:00,0.13224964243576826,0.012,0.013,0.012471,0.0125,2499.79,ETH-27NOV26,0.5092,0.14231,2.0463,2084.0,2.0,0.0009999999999999992,ETH,2487.16,62.42
2026-10-10T00:41:58.683869+00:00,ETH-30OCT26-1800-P,2492.02,ETH-30OCT26,put,1800.0,2026-10-30T08:00:00+00:00,0.055589820396069405,0.0012,0.0015,0.001342,0.00135,2492.02,ETH-30OCT26,0.7049,-0.02073,0.29331,3426.0,2500.0,0.00030000000000000014,ETH,2487.16,7439.26
2026-10-10T00:41:58.683869+00:00,ETH-10OCT26-2500-P,2487.48,ETH-10OCT26,put,2500.0,2026-10-10T08:00:00+00:00,0.0008328046534273835,0.005,0.007,0.006205,0.006,2487.48,ETH-10OCT26,0.2648,-0.75135,0.22697,2013.0,187.0,0.002,ETH,2487.16,3277.46
2026-10-10T00:41:58.683869+00:00,ETH-24SEP27-3300-P,2599.07,ETH-24SEP27,put,3300.0,2027-09-24T08:00:00+00:00,0.9563427293625307,0.384,0.4065,0.394373,0.39525,2599.07,ETH-24SEP27,0.5402,-0.57454,9.96421,0.0,0.0,0.022499999999999964,ETH,2487.16,0.0
2026-10-10T00:41:58.683869+00:00,ETH-25DEC26-4400-P,2509.73,ETH-25DEC26,put,4400.0,2026-12-25T08:00:00+00:00,0.2089094644754671,0.747,0.767,0.756581,0.757,2509.73,ETH-25DEC26,0.6222,-0.96651,0.85488,20.0,0.0,0.020000000000000018,ETH,2487.19,0.0
2026-10-10T00:41:58.683869+00:00,ETH-13OCT26-2640-P,2488.45,ETH-13OCT26,put,2640.0,2026-10-13T08:00:00+00:00,0.009046357014823687,0.058,0.0645,0.061601,0.06125,2488.45,ETH-13OCT26,0.3682,-0.95306,0.23207,0.0,0.0,0.006499999999999999,ETH,2487.16,0.0
2026-10-10T00:41:58.683869+00:00,ETH-12OCT26-2800-P,2488.18,ETH-12OCT26,put,2800.0,2026-10-12T08:00:00+00:00,0.006308506227691586,0.122,0.1285,0.125373,0.12525,2488.18,ETH-12OCT26,0.49689999999999995,-0.99854,0.00938,0.0,0.0,0.006500000000000006,ETH,2487.16,0.0
2026-10-10T00:41:58.683869+00:00,ETH-24SEP27-4300-C,2599.07,ETH-24SEP27,call,4300.0,2027-09-24T08:00:00+00:00,0.9563427293625307,0.0635,0.066,0.064719,0.06475,2599.07,ETH-24SEP27,0.5535,0.25482,8.1602,11.0,0.0,0.0025000000000000022,ETH,2487.19,0.0
2026-10-10T00:41:58.683869+00:00,ETH-12OCT26-2200-P,2488.17,ETH-12OCT26,put,2200.0,2026-10-12T08:00:00+00:00,0.006308506227691586,0.0003,0.0005,0.000372,0.0004,2488.17,ETH-12OCT26,0.7426,-0.01731,0.0846,311.0,133.0,0.00020000000000000004,ETH,2487.19,96.97
2026-10-10T00:41:58.683869+00:00,ETH-25DEC26-7000-P,2509.75,ETH-25DEC26,put,7000.0,2026-12-25T08:00:00+00:00,0.2089094644754671,1.775,1.808,1.789635,1.7915,2509.75,ETH-25DEC26,0.8062999999999999,-0.99532,0.15653,0.0,0.0,0.03300000000000014,ETH,2487.19,0.0
2026-10-10T00:41:58.683869+00:00,ETH-23OCT26-2650-P,2490.55,ETH-23OCT26,put,2650.0,2026-10-23T08:00:00+00:00,0.0364248648861447,0.0725,0.075,0.073884,0.07375,2490.55,ETH-23OCT26,0.4105,-0.77485,1.42625,2796.0,0.0,0.0025000000000000022,ETH,2487.19,0.0
2026-10-10T00:41:58.683869+00:00,ETH-25JUN27-4000-C,2568.73,ETH-25JUN27,call,4000.0,2027-06-25T08:00:00+00:00,0.7071983077335096,0.0495,0.0515,0.050415,0.0505,2568.73,ETH-25JUN27,0.5466,0.2316,6.58603,4712.0,263.0,0.001999999999999995,ETH,2487.19,32973.58
2026-10-10T00:41:58.683869+00:00,ETH-12OCT26-2560-C,2488.18,ETH-12OCT26,call,2560.0,2026-10-12T08:00:00+00:00,0.006308506227691586,0.0009,0.0011,0.000993,0.001,2488.18,ETH-12OCT26,0.27449999999999997,0.09618,0.33701,1109.0,1525.0,0.0002000000000000001,ETH,2487.19,10204.58
2026-10-10T00:41:58.683869+00:00,ETH-10OCT26-2780-P,2487.5,ETH-10OCT26,put,2780.0,2026-10-10T08:00:00+00:00,0.0008328046534273835,0.114,0.121,0.117597,0.1175,2487.5,ETH-10OCT26,0.7615999999999999,-1.0,0.0,1.0,0.0,0.006999999999999992,ETH,2487.19,0.0
2026-10-10T00:41:58.683869+00:00,ETH-16OCT26-2500-C,2488.94,ETH-16OCT26,call,2500.0,2026-10-16T08:00:00+00:00,0.017259909376219993,0.0175,0.0185,0.018143,0.018,2488.94,ETH-16OCT26,0.3862,0.4737,1.3017,1123.0,1382.0,0.0009999999999999974,ETH,2487.19,67619.48
2026-10-10T00:41:58.683869+00:00,ETH-13OCT26-2320-C,2488.45,ETH-13OCT26,call,2320.0,2026-10-13T08:00:00+00:00,0.009046357014823687,0.0665,0.0705,0.069038,0.0685,2488.45,ETH-13OCT26,0.4946,0.93443,0.30211,0.0,0.0,0.00399999999999999,ETH,2487.19,0.0
2026-10-10T00:41:58.683869+00:00,ETH-26MAR27-1800-C,2537.99,ETH-26MAR27,call,1800.0,2027-03-26T08:00:00+00:00,0.4580538861044883,0.3185,0.3265,0.323483,0.3225,2537.99,ETH-26MAR27,0.5692,0.86079,3.80917,3251.0,0.0,0.008000000000000007,ETH,2487.19,0.0
2026-10-10T00:41:58.683869+00:00,ETH-10OCT26-2740-C,2487.5,ETH-10OCT26,call,2740.0,2026-10-10T08:00:00+00:00,0.0008328046534273835,,0.0001,0.0,,2487.5,ETH-10OCT26,0.6887000000000001,0.0,0.0,806.0,1.0,,ETH,2487.19,0.25
2026-10-10T00:41:58.683869+00:00,ETH-10OCT26-2750-P,2487.48,ETH-10OCT26,put,2750.0,2026-10-10T08:00:00+00:00,0.0008328046534273835,0.102,0.1085,0.105537,0.10525,2487.48,ETH-10OCT26,0.7105,-1.0,0.0,0.0,0.0,0.006500000000000006,ETH,2487.19,0.0
2026-10-10T00:41:58.683869+00:00,ETH-16OCT26-3100-C,2488.94,ETH-16OCT26,call,3100.0,2026-10-16T08:00:00+00:00,0.017259909376219993,0.0001,0.0002,0.00014,0.00015,2488.94,ETH-16OCT26,0.6435,0.00529,0.04969,2482.0,1743.0,0.0001,ETH,2487.19,1121.9
2026-10-10T00:41:58.683869+00:00,ETH-25JUN27-1900-C,2568.75,ETH-25JUN27,call,1900.0,2027-06-25T08:00:00+00:00,0.7071983077335096,0.3175,0.325,0.322243,0.32125,2568.75,ETH-25JUN27,0.5550999999999999,0.81028,5.85778,373.0,0.0,0.007500000000000007,ETH,2487.19,0.0
2026-10-10T00:41:58.683869+00:00,ETH-10OCT26-2720-C,2487.5,ETH-10OCT26,call,2720.0,2026-10-10T08:00:00+00:00,0.0008328046534273835,,0.0001,0.0,,2487.5,ETH-10OCT26,0.6487999999999999,0.0,0.0,387.0,0.0,,ETH,2487.19,0.0
2026-10-10T00:41:58.683869+00:00,ETH-12OCT26-2650-P,2488.18,ETH-12OCT26,put,2650.0,2026-10-12T08:00:00+00:00,0.006308506227691586,0.0615,0.0685,0.065251,0.065,2488.18,ETH-12OCT26,0.3724,-0.9831,0.08289,3.0,3.0,0.007000000000000006,ETH,2487.19,471.07
2026-10-10T00:41:58.683869+00:00,ETH-26MAR27-2000-P,2537.99,ETH-26MAR27,put,2000.0,2027-03-26T08:00:00+00:00,0.4580538861044883,0.0505,0.052,0.051221,0.05125,2537.99,ETH-26MAR27,0.5472,-0.20389,4.86555,2668.0,4.0,0.0014999999999999944,ETH,2487.19,517.0
2026-10-10T00:41:58.683869+00:00,ETH-25JUN27-3900-C,2568.75,ETH-25JUN27,call,3900.0,2027-06-25T08:00:00+00:00,0.7071983077335096,0.0535,0.0555,0.054505,0.0545,2568.75,ETH-25JUN27,0.5440999999999999,0.2471,6.82334,451.0,0.0,0.0020000000000000018,ETH,2487.19,0.0
2026-10-10T00:41:58.683869+00:00,ETH-16OCT26-2000-P,2488.94,ETH-16OCT26,put,2000.0,2026-10-16T08:00:00+00:00,0.017259909376219993,0.0005,0.0007,0.000589,0.0006,2488.94,ETH-16OCT26,0.7897,-0.01548,0.12725,2313.0,423.0,0.00019999999999999998,ETH,2487.19,676.7
2026-10-10T00:41:58.683869+00:00,ETH-27NOV26-2150-C,2499.79,ETH-27NOV26,call,2150.0,2026-11-27T08:00:00+00:00,0.13224964243576826,0.157,0.1635,0.16105,0.16025,2499.79,ETH-27NOV26,0.5199,0.81346,2.43947,6.0,0.0,0.006500000000000006,ETH,2487.19,0.0
2026-10-10T00:41:58.683869+00:00,ETH-10OCT26-2900-C,2487.48,ETH-10OCT26,call,2900.0,2026-10-10T08:00:00+00:00,0.0008328046534273835,,0.0001,0.0,,2487.48,ETH-10OCT26,0.8591,0.0,0.0,33.0,0.0,,ETH,2487.19,0.0
2026-10-10T00:41:58.683869+00:00,ETH-27NOV26-3400-C,2499.79,ETH-27NOV26,call,3400.0,2026-11-27T08:00:00+00:00,0.13224964243576826,0.0055,0.0065,0.005986,0.006,2499.79,ETH-27NOV26,0.5448,0.073,1.2608,1041.0,1.0,0.001,ETH,2487.19,16.18
2026-10-10T00:41:58.683869+00:00,ETH-10OCT26-2200-P,2487.48,ETH-10OCT26,put,2200.0,2026-10-10T08:00:00+00:00,0.0008328046534273835,,0.0001,1e-06,,2487.48,ETH-10OCT26,1.1454,-9e-05,0.00027,515.0,449.0,,ETH,2487.19,180.92
2026-10-10T00:41:58.683869+00:00,ETH-12OCT26-2580-C,2488.18,ETH-12OCT26,call,2580.0,2026-10-12T08:00:00+00:00,0.006308506227691586,0.0005,0.0007,0.000607,0.0006,2488.18,ETH-12OCT26,0.293,0.06004,0.2355,1261.0,1319.0,0.00019999999999999998,ETH,2487.19,3879.68
2026-10-10T00:41:58.683869+00:00,ETH-11OCT26-2200-C,2488.0,ETH-11OCT26,call,2200.0,2026-10-11T08:00:00+00:00,0.003570655440559485,0.1145,0.1175,0.115839,0.116,2488.0,ETH-11OCT26,0.8175,0.99445,0.02359,0.0,0.0,0.002999999999999989,ETH,2487.19,0.0
2026-10-10T00:41:58.683869+00:00,ETH-27NOV26-3000-C,2499.79,ETH-27NOV26,call,3000.0,2026-11-27T08:00:00+00:00,0.13224964243576826,0.016,0.0165,0.01635,0.01625,2499.79,ETH-27NOV26,0.4988,0.17999,2.3857,17781.0,3142.0,0.0005000000000000004,ETH,2487.19,121589.19
2026-10-10T00:41:58.683869+00:00,ETH-10OCT26-2580-C,2487.5,ETH-10OCT26,call,2580.0,2026-10-10T08:00:00+00:00,0.0008328046534273835,,0.0001,2e-06,,2487.5,ETH-10OCT26,0.3935,0.00061,0.00154,461.0,246.0,,ETH,2487.19,498.42
2026-10-10T00:41:58.683869+00:00,ETH-13OCT26-2600-C,2488.45,ETH-13OCT26,call,2600.0,2026-10-13T08:00:00+00:00,0.009046357014823687,0.0012,0.0015,0.001334,0.00135,2488.45,ETH-13OCT26,0.34,0.08933,0.38221,121.0,122.0,0.00030000000000000014,ETH,2487.19,632.53
2026-10-10T00:41:58.683869+00:00,ETH-10OCT26-2300-C,2487.48,ETH-10OCT26,call,2300.0,2026-10-10T08:00:00+00:00,0.0008328046534273835,0.0725,0.0785,0.075373,0.0755,2487.48,ETH-10OCT26,0.8358,0.99944,0.00141,4.0,0.0,0.006000000000000005,ETH,2487.19,0.0
2026-10-10T00:41:58.683869+00:00,ETH-25JUN27-6000-C,2568.75,ETH-25JUN27,call,6000.0,2027-06-25T08:00:00+00:00,0.7071983077335096,0.0135,0.015,0.014246,0.01425,2568.75,ETH-25JUN27,0.5984,0.07583,3.08407,2666.0,4.0,0.0014999999999999996,ETH,2487.19,142.13
2026-10-10T00:41:58.683869+00:00,ETH-26MAR27-4500-P,2537.99,ETH-26MAR27,put,4500.0,2027-03-26T08:00:00+00:00,0.4580538861044883,0.775,0.801,0.788614,0.788,2537.99,ETH-26MAR27,0.5708,-0.90132,2.98601,0.0,0.0,0.026000000000000023,ETH,2487.19,0.0
2026-10-10T00:41:58.683869+00:00,ETH-11OCT26-2580-C,2487.99,ETH-11OCT26,call,2580.0,2026-10-11T08:00:00+00:00,0.003570655440559485,0.0001,0.0003,0.000196,0.0002,2487.99,ETH-11OCT26,0.31489999999999996,0.02678,0.09199,272.0,137.0,0.00019999999999999998,ETH,2487.18,121.62
2026-10-10T00:41:58.683869+00:00,ETH-27NOV26-4200-P,2499.79,ETH-27NOV26,put,4200.0,2026-11-27T08:00:00+00:00,0.13224964243576826,0.674,0.6895,0.681672,0.68175,2499.79,ETH-27NOV26,0.6486,-0.98131,0.41557,0.0,0.0,0.015499999999999958,ETH,2487.18,0.0
2026-10-10T00:41:58.683869+00:00,ETH-27NOV26-1600-P,2499.79,ETH-27NOV26,put,1600.0,2026-11-27T08:00:00+00:00,0.13224964243576826,0.0028,0.0034,0.00308,0.0031,2499.79,ETH-27NOV26,0.6927,-0.02898,0.6011,462.0,24.0,0.0005999999999999998,ETH,2487.18,189.33
2026-10-10T00:41:58.683869+00:00,ETH-27NOV26-2300-P,2499.79,ETH-27NOV26,put,2300.0,2026-11-27T08:00:00+00:00,0.13224964243576826,0.036,0.037,0.036506,0.0365,2499.79,ETH-27NOV26,0.498,-0.29131,3.11891,1345.0,4.0,0.0010000000000000009,ETH,2487.18,362.75
2026-10-10T00:41:58.683869+00:00,ETH-16OCT26-2750-C,2488.96,ETH-16OCT26,call,2750.0,2026-10-16T08:00:00+00:00,0.017259909376219993,0.0009,0.0011,0.001015,0.001,2488.96,ETH-16OCT26,0.4376,0.0437,0.30273,2291.0,140.0,0.0002000000000000001,ETH,2487.19,590.94
2026-10-10T00:41:58.683869+00:00,ETH-26MAR27-3000-P,2537.99,ETH-26MAR27,put,3000.0,2027-03-26T08:00:00+00:00,0.4580538861044883,0.259,0.2675,0.260531,0.26325,2537.99,ETH-26MAR27,0.5215,-0.61701,6.55694,405.0,0.0,0.008500000000000008,ETH,2487.19,0.0
2026-10-10T00:41:58.683869+00:00,ETH-13OCT26-2560-C,2488.45,ETH-13OCT26,call,2560.0,2026-10-13T08:00:00+00:00,0.009046357014823687,0.0028,0.0032,0.002994,0.003,2488.45,ETH-13OCT26,0.32280000000000003,0.1806,0.62233,6.0,6.0,0.0004000000000000002,ETH,2487.18,87.46
2026-10-10T00:41:58.683869+00:00,ETH-12OCT26-2100-P,2488.17,ETH-12OCT26,put,2100.0,2026-10-12T08:00:00+00:00,0.006308506227691586,0.0001,0.0003,0.000177,0.0002,2488.17,ETH-12OCT26,0.8898,-0.0075,0.04093,1476.0,1969.0,0.00019999999999999998,ETH,2487.18,2061.39
2026-10-10T00:41:58.683869+00:00,ETH-25DEC26-5200-P,2509.73,ETH-25DEC26,put,5200.0,2026-12-25T08:00:00+00:00,0.2089094644754671,1.0635,1.086,1.073578,1.07475,2509.73,ETH-25DEC26,0.6922,-0.98399,0.45956,0.0,0.0,0.022500000000000187,ETH,2487.18,0.0
2026-10-10T00:41:58.683869+00:00,ETH-25JUN27-3900-P,2568.73,ETH-25JUN27,put,3900.0,2027-06-25T08:00:00+00:00,0.7071983077335096,0.5625,0.5845,0.572765,0.5735,2568.73,ETH-25JUN27,0.5440999999999999,-0.7529,6.82341,50.0,0.0,0.02200000000000002,ETH,2487.18,0.0
2026-10-10T00:41:58.683869+00:00,ETH-25DEC26-4800-C,2509.75,ETH-25DEC26,call,4800.0,2026-12-25T08:00:00+00:00,0.2089094644754671,0.002,0.0026,0.002293,0.0023,2509.75,ETH-25DEC26,0.6583,0.02251,0.61404,3493.0,0.0,0.0005999999999999998,ETH,2487.18,0.0
2026-10-10T00:41:58.683869+00:00,ETH-27NOV26-4800-C,2499.79,ETH-27NOV26,call,4800.0,2026-11-27T08:00:00+00:00,0.13224964243576826,0.0006,0.001,0.000779,0.0008,2499.79,ETH-27NOV26,0.7240000000000001,0.00949,0.23146,368.0,1.0,0.0004000000000000001,ETH,2487.18,2.0
2026-10-10T00:41:58.683869+00:00,ETH-25JUN27-4400-C,2568.73,ETH-25JUN27,call,4400.0,2027-06-25T08:00:00+00:00,0.7071983077335096,0.0365,0.038,0.037265,0.03725,2568.73,ETH-25JUN27,0.5559000000000001,0.17949,5.65937,173.0,0.0,0.0015000000000000013,ETH,2487.18,0.0
2026-10-10T00:41:58.683869+00:00,ETH-25JUN27-2000-P,2568.75,ETH-25JUN27,put,2000.0,2027-06-25T08:00:00+00:00,0.7071983077335096,0.073,0.0755,0.074076,0.07425,2568.75,ETH-25JUN27,0.5476,-0.21968,6.39201,1839.0,0.0,0.0025000000000000022,ETH,2487.18,0.0
2026-10-10T00:41:58.683869+00:00,ETH-25DEC26-2700-P,2509.75,ETH-25DEC26,put,2700.0,2026-12-25T08:00:00+00:00,0.2089094644754671,0.135,0.1365,0.135909,0.13575,2509.75,ETH-25DEC26,0.4932,-0.58395,4.47542,4676.0,600.0,0.0015000000000000013,ETH,2487.18,199132.62
2026-10-10T00:41:58.683869+00:00,ETH-27NOV26-2650-P,2499.79,ETH-27NOV26,put,2650.0,2026-11-27T08:00:00+00:00,0.13224964243576826,0.1045,0.106,0.105638,0.10525,2499.79,ETH-27NOV26,0.4797,-0.59793,3.51749,795.0,38.0,0.0015000000000000013,ETH,2487.18,10115.07
2026-10-10T00:41:58.683869+00:00,ETH-13OCT26-2400-C,2488.45,ETH-13OCT26,call,2400.0,2026-10-13T08:00:00+00:00,0.009046357014823687,0.0365,0.0405,0.038722,0.0385,2488.45,ETH-13OCT26,0.3907,0.83845,0.5795,0.0,0.0,0.0040000000000000036,ETH,2487.18,0.0
2026-10-10T00:41:58.683869+00:00,ETH-11OCT26-2440-P,2488.0,ETH-11OCT26,put,2440.0,2026-10-11T08:00:00+00:00,0.003570655440559485,0.0011,0.0013,0.001159,0.0012,2488.0,ETH-11OCT26,0.2929,-0.13328,0.31984,253.0,71.0,0.00019999999999999987,ETH,2487.18,500.62
2026-10-10T00:41:58.683869+00:00,ETH-10OCT26-2520-C,2487.48,ETH-10OCT26,call,2520.0,2026-10-10T08:00:00+00:00,0.0008328046534273835,0.0002,0.0004,0.000308,0.0003,2487.48,ETH-10OCT26,0.3141,0.07342,0.09976,1614.0,1650.0,0.0002,ETH,2487.18,3160.62
2026-10-10T00:41:58.683869+00:00,ETH-24SEP27-4600-C,2599.07,ETH-24SEP27,call,4600.0,2027-09-24T08:00:00+00:00,0.9563427293625307,0.053,0.0555,0.054271,0.05425,2599.07,ETH-24SEP27,0.5586,0.22014,7.53006,20.0,0.0,0.0025000000000000022,ETH,2487.18,0.0
2026-10-10T00:41:58.683869+00:00,ETH-25DEC26-7000-C,2509.75,ETH-25DEC26,call,7000.0,2026-12-25T08:00:00+00:00,0.2089094644754671,0.0004,0.0006,0.00049,0.0005,2509.75,ETH-25DEC26,0.8062999999999999,0.00468,0.15653,3957.0,75.0,0.00019999999999999993,ETH,2487.18,92.97
2026-10-10T00:41:58.683869+00:00,ETH-11OCT26-2400-C,2488.0,ETH-11OCT26,call,2400.0,2026-10-11T08:00:00+00:00,0.003570655440559485,0.033,0.0395,0.035906,0.03625,2488.0,ETH-11OCT26,0.3807,0.94366,0.1685,0.0,0.0,0.006499999999999999,ETH,2487.18,0.0
2026-10-10T00:41:58.683869+00:00,ETH-12OCT26-2740-P,2488.17,ETH-12OCT26,put,2740.0,2026-10-12T08:00:00+00:00,0.006308506227691586,0.0975,0.1045,0.101257,0.101,2488.17,ETH-12OCT26,0.40909999999999996,-0.99845,0.00996,0.0,0.0,0.006999999999999992,ETH,2487.18,0.0
2026-10-10T00:41:58.683869+00:00,ETH-10OCT26-2540-P,2487.48,ETH-10OCT26,put,2540.0,2026-10-10T08:00:00+00:00,0.0008328046534273835,0.018,0.025,0.021244,0.0215,2487.48,ETH-10OCT26,0.3857,-0.97067,0.04784,622.0,27.0,0.007000000000000003,ETH,2487.18,1244.84
2026-10-10T00:41:58.683869+00:00,ETH-25DEC26-1800-P,2509.75,ETH-25DEC26,put,1800.0,2026-12-25T08:00:00+00:00,0.2089094644754671,0.011,0.012,0.011478,0.0115,2509.75,ETH-25DEC26,0.5838,-0.08407,1.77073,6175.0,21.0,0.0010000000000000009,ETH,2487.18,605.05
2026-10-10T00:41:58.683869+00:00,ETH-27NOV26-3600-C,2499.79,ETH-27NOV26,call,3600.0,2026-11-27T08:00:00+00:00,0.13224964243576826,0.0038,0.0042,0.003948,0.004,2499.79,ETH-27NOV26,0.5708,0.04912,0.9246,7231.0,163.0,0.00039999999999999975,ETH,2487.14,1715.7
2026-10-10T00:41:58.683869+00:00,ETH-25JUN27-1400-P,2568.75,ETH-25JUN27,put,1400.0,2027-06-25T08:00:00+00:00,0.7071983077335096,0.0215,0.023,0.022265,0.02225,2568.75,ETH-25JUN27,0.6161,-0.07636,3.10074,1864.0,60.0,0.0015000000000000013,ETH,2487.18,3300.9
2026-10-10T00:41:58.683869+00:00,ETH-23OCT26-2450-C,2490.55,ETH-23OCT26,call,2450.0,2026-10-23T08:00:00+00:00,0.0364248648861447,0.04,0.041,0.040515,0.0405,2490.55,ETH-23OCT26,0.42,0.59568,1.84163,231.0,50.0,0.0010000000000000009,ETH,2487.14,5039.19
2026-10-10T00:41:58.683869+00:00,ETH-13OCT26-2400-P,2488.45,ETH-13OCT26,put,2400.0,2026-10-13T08:00:00+00:00,0.009046357014823687,0.003,0.0034,0.003198,0.0032,2488.45,ETH-13OCT26,0.3907,-0.16161,0.57962,33.0,33.0,0.00039999999999999975,ETH,2487.14,330.4
2026-10-10T00:41:58.683869+00:00,ETH-25JUN27-1600-C,2568.73,ETH-25JUN27,call,1600.0,2027-06-25T08:00:00+00:00,0.7071983077335096,0.4065,0.414,0.411347,0.41025,2568.73,ETH-25JUN27,0.5856,0.88628,4.16058,358.0,0.0,0.007500000000000007,ETH,2487.18,0.0
2026-10-10T00:41:58.683869+00:00,ETH-27NOV26-2950-C,2499.79,ETH-27NOV26,call,2950.0,2026-11-27T08:00:00+00:00,0.13224964243576826,0.0185,0.019,0.018854,0.01875,2499.79,ETH-27NOV26,0.4946,0.2029,2.56755,1017.0,6.0,0.0005000000000000004,ETH,2487.14,300.43
2026-10-10T00:41:58.683869+00:00,ETH-27NOV26-2750-C,2499.79,ETH-27NOV26,call,2750.0,2026-11-27T08:00:00+00:00,0.13224964243576826,0.0335,0.0345,0.033942,0.034,2499.79,ETH-27NOV26,0.4826,0.32403,3.26843,3404.0,13.0,0.0010000000000000009,ETH,2487.14,1159.47
2026-10-10T00:41:58.683869+00:00,ETH-25DEC26-5000-C,2509.73,ETH-25DEC26,call,5000.0,2026-12-25T08:00:00+00:00,0.2089094644754671,0.0017,0.0022,0.001919,0.00195,2509.73,ETH-25DEC26,0.6751,0.01881,0.52725,4259.0,40.0,0.0005000000000000002,ETH,2487.14,200.25
2026-10-10T00:41:58.683869+00:00,ETH-26MAR27-3900-C,2537.99,ETH-26MAR27,call,3900.0,2027-03-26T08:00:00+00:00,0.4580538861044883,0.027,0.028,0.027478,0.0275,2537.99,ETH-26MAR27,0.5462,0.1642,4.25128,42.0,0.0,0.0010000000000000009,ETH,2487.14,0.0
2026-10-10T00:41:58.683869+00:00,ETH-26MAR27-2900-P,2537.97,ETH-26MAR27,put,2900.0,2027-03-26T08:00:00+00:00,0.4580538861044883,0.2305,0.2325,0.231595,0.2315,2537.97,ETH-26MAR27,0.5203,-0.58036,6.71442,314.0,52.0,0.0020000000000000018,ETH,2487.14,29714.94
2026-10-10T00:41:58.683869+00:00,ETH-25JUN27-4500-C,2568.75,ETH-25JUN27,call,4500.0,2027-06-25T08:00:00+00:00,0.7071983077335096,0.034,0.0355,0.034744,0.03475,2568.75,ETH-25JUN27,0.5586,0.16892,5.44518,2911.0,0.0,0.0014999999999999944,ETH,2487.14,0.0
2026-10-10T00:41:58.683869+00:00,ETH-23OCT26-3200-P,2490.55,ETH-23OCT26,put,3200.0,2026-10-23T08:00:00+00:00,0.0364248648861447,0.281,0.2895,0.285257,0.28525,2490.55,ETH-23OCT26,0.5603,-0.98903,0.1373,0.0,0.0,0.008499999999999952,ETH,2487.16,0.0
2026-10-10T00:41:58.683869+00:00,ETH-27NOV26-2900-C,2499.79,ETH-27NOV26,call,2900.0,2026-11-27T08:00:00+00:00,0.13224964243576826,0.021,0.022,0.021628,0.0215,2499.79,ETH-27NOV26,0.4893,0.22774,2.74559,4254.0,448.0,0.0009999999999999974,ETH,2487.16,23840.21
2026-10-10T00:41:58.683869+00:00,ETH-26MAR27-4400-P,2537.99,ETH-26MAR27,put,4400.0,2027-03-26T08:00:00+00:00,0.4580538861044883,0.7375,0.7655,0.750691,0.7515,2537.99,ETH-26MAR27,0.5670000000000001,-0.89287,3.16958,2.0,0.0,0.027999999999999914,ETH,2487.14,0.0
2026-10-10T00:41:58.683869+00:00,ETH-30OCT26-1600-P,2492.02,ETH-30OCT26,put,1600.0,2026-10-30T08:00:00+00:00,0.055589820396069405,0.0004,0.0007,0.000583,0.00055,2492.02,ETH-30OCT26,0.8205,-0.00853,0.13622,3668.0,10.0,0.0003,ETH,2487.16,15.0
2026-10-10T00:41:58.683869+00:00,ETH-11OCT26-2100-C,2488.0,ETH-11OCT26,call,2100.0,2026-10-11T08:00:00+00:00,0.003570655440559485,0.1545,0.1575,0.155976,0.156,2488.0,ETH-11OCT26,0.9845,0.99819,0.00862,0.0,0.0,0.0030000000000000027,ETH,2487.17,0.0
2026-10-10T00:41:58.683869+00:00,ETH-25JUN27-4200-C,2568.75,ETH-25JUN27,call,4200.0,2027-06-25T08:00:00+00:00,0.7071983077335096,0.0425,0.044,0.043158,0.04325,2568.75,ETH-25JUN27,0.5509000000000001,0.20343,6.11083,574.0,0.0,0.0014999999999999944,ETH,2487.16,0.0
2026-10-10T00:41:58.683869+00:00,ETH-27NOV26-4800-P,2499.79,ETH-27NOV26,put,4800.0,2026-11-27T08:00:00+00:00,0.13224964243576826,0.912,0.9295,0.920986,0.92075,2499.79,ETH-27NOV26,0.7240000000000001,-0.99051,0.23144,0.0,0.0,0.01749999999999996,ETH,2487.17,0.0
2026-10-10T00:41:58.683869+00:00,ETH-12OCT26-2350-P,2488.18,ETH-12OCT26,put,2350.0,2026-10-12T08:00:00+00:00,0.006308506227691586,0.0009,0.0012,0.001058,0.00105,2488.18,ETH-12OCT26,0.47659999999999997,-0.06402,0.24758,4002.0,4062.0,0.0002999999999999999,ETH,2487.17,21213.37
2026-10-10T00:41:58.683869+00:00,ETH-24SEP27-3200-C,2599.09,ETH-24SEP27,call,3200.0,2027-09-24T08:00:00+00:00,0.9563427293625307,0.132,0.1355,0.133737,0.13375,2599.09,ETH-24SEP27,0.5390999999999999,0.44789,10.05537,2507.0,0.0,0.003500000000000003,ETH,2487.17,0.0
2026-10-10T00:41:58.683869+00:00,ETH-27NOV26-2500-P,2499.79,ETH-27NOV26,put,2500.0,2026-11-27T08:00:00+00:00,0.13224964243576826,0.069,0.07,0.069673,0.0695,2499.79,ETH-27NOV26,0.4803,-0.46575,3.61393,2425.0,38.0,0.0010000000000000009,ETH,2487.17,6465.15
2026-10-10T00:41:58.683869+00:00,ETH-10OCT26-2800-P,2487.5,ETH-10OCT26,put,2800.0,2026-10-10T08:00:00+00:00,0.0008328046534273835,0.122,0.129,0.125637,0.1255,2487.5,ETH-10OCT26,0.805,-1.0,0.0,0.0,0.0,0.007000000000000006,ETH,2487.17,0.0
2026-10-10T00:41:58.683869+00:00,ETH-26MAR27-1000-C,2537.99,ETH-26MAR27,call,1000.0,2027-03-26T08:00:00+00:00,0.4580538861044883,0.607,0.612,0.610215,0.6095,2537.99,ETH-26MAR27,0.7555,0.98107,0.79377,269.0,0.0,0.0050000000000000044,ETH,2487.17,0.0
2026-10-10T00:41:58.683869+00:00,ETH-25JUN27-3300-C,2568.75,ETH-25JUN27,call,3300.0,2027-06-25T08:00:00+00:00,0.7071983077335096,0.089,0.0915,0.090286,0.09025,2568.75,ETH-25JUN27,0.5326,0.36864,8.14796,2273.0,0.0,0.0025000000000000022,ETH,2487.17,0.0
2026-10-10T00:41:58.683869+00:00,ETH-27NOV26-4000-C,2499.79,ETH-27NOV26,call,4000.0,2026-11-27T08:00:00+00:00,0.13224964243576826,0.0018,0.0022,0.001992,0.002,2499.79,ETH-27NOV26,0.6236,0.02502,0.53181,2049.0,0.0,0.0004000000000000002,ETH,2487.17,0.0
2026-10-10T00:41:58.683869+00:00,ETH-12OCT26-2650-C,2488.18,ETH-12OCT26,call,2650.0,2026-10-12T08:00:00+00:00,0.006308506227691586,0.0001,0.0003,0.000181,0.0002,2488.18,ETH-12OCT26,0.3724,0.01687,0.08276,51.0,51.0,0.00019999999999999998,ETH,2487.17,51.0
2026-10-10T00:41:58.683869+00:00,ETH-25JUN27-1500-C,2568.73,ETH-25JUN27,call,1500.0,2027-06-25T08:00:00+00:00,0.7071983077335096,0.4395,0.4465,0.443782,0.443,2568.73,ETH-25JUN27,0.6,0.90623,3.61693,51.0,0.0,0.007000000000000006,ETH,2487.17,0.0
2026-10-10T00:41:58.683869+00:00,ETH-13OCT26-2380-C,2488.45,ETH-13OCT26,call,2380.0,2026-10-13T08:00:00+00:00,0.009046357014823687,0.0435,0.0475,0.046049,0.0455,2488.45,ETH-13OCT26,0.41409999999999997,0.87417,0.48945,18.0,18.0,0.0040000000000000036,ETH,2487.17,2057.36
2026-10-10T00:41:58.683869+00:00,ETH-25DEC26-6500-P,2509.75,ETH-25DEC26,put,6500.0,2026-12-25T08:00:00+00:00,0.2089094644754671,1.576,1.6065,1.590613,1.59125,2509.75,ETH-25DEC26,0.7833,-0.9934,0.21215,0.0,0.0,0.03049999999999997,ETH,2487.17,0.0
2026-10-10T00:41:58.683869+00:00,ETH-16OCT26-2200-C,2488.94,ETH-16OCT26,call,2200.0,2026-10-16T08:00:00+00:00,0.017259909376219993,0.1155,0.1195,0.117923,0.1175,2488.94,ETH-16OCT26,0.5975,0.94614,0.35781,0.0,0.0,0.00399999999999999,ETH,2487.17,0.0
2026-10-10T00:41:58.683869+00:00,ETH-13OCT26-2580-C,2488.45,ETH-13OCT26,call,2580.0,2026-10-13T08:00:00+00:00,0.009046357014823687,0.0018,0.0022,0.001979,0.002,2488.45,ETH-13OCT26,0.33,0.12701,0.49266,108.0,108.0,0.0004000000000000002,ETH,2487.17,993.25
2026-10-10T00:41:58.683869+00:00,ETH-10OCT26-2450-C,2487.48,ETH-10OCT26,call,2450.0,2026-10-10T08:00:00+00:00,0.0008328046534273835,0.0125,0.019,0.01554,0.01575,2487.48,ETH-10OCT26,0.39390000000000003,0.90795,0.11828,222.0,3.0,0.006499999999999999,ETH,2487.17,146.87
2026-10-10T00:41:58.683869+00:00,ETH-26MAR27-3600-C,2537.99,ETH-26MAR27,call,3600.0,2027-03-26T08:00:00+00:00,0.4580538861044883,0.0375,0.039,0.03821,0.03825,2537.99,ETH-26MAR27,0.5361,0.21709,5.04809,2045.0,35.0,0.0015000000000000013,ETH,2487.17,3260.8
2026-10-10T00:41:58.683869+00:00,ETH-10OCT26-2640-P,2487.48,ETH-10OCT26,put,2640.0,2026-10-10T08:00:00+00:00,0.0008328046534273835,0.058,0.0645,0.061315,0.06125,2487.48,ETH-10OCT26,0.5407,-0.99993,0.00019,1.0,0.0,0.006499999999999999,ETH,2487.17,0.0
2026-10-10T00:41:58.683869+00:00,ETH-11OCT26-2500-C,2488.0,ETH-11OCT26,call,2500.0,2026-10-11T08:00:00+00:00,0.003570655440559485,0.0029,0.0034,0.003129,0.00315,2488.0,ETH-11OCT26,0.21719999999999998,0.35291,0.55212,792.0,742.0,0.0005,ETH,2487.17,11355.4
2026-10-10T00:41:58.683869+00:00,ETH-10OCT26-2560-C,2487.5,ETH-10OCT26,call,2560.0,2026-10-10T08:00:00+00:00,0.0008328046534273835,,0.0002,1.9e-05,,2487.5,ETH-10OCT26,0.39030000000000004,0.00515,0.01063,2984.0,2994.0,,ETH,2487.17,8019.36
2026-10-10T00:41:58.683869+00:00,ETH-11OCT26-2340-P,2488.0,ETH-11OCT26,put,2340.0,2026-10-11T08:00:00+00:00,0.003570655440559485,0.0002,0.0004,0.000282,0.0003,2488.0,ETH-11OCT26,0.5224,-0.02413,0.08432,69.0,55.0,0.0002,ETH,2487.17,178.25
2026-10-10T00:41:58.683869+00:00,ETH-12OCT26-2360-C,2488.18,ETH-12OCT26,call,2360.0,2026-10-12T08:00:00+00:00,0.006308506227691586,0.05,0.054,0.052637,0.052,2488.18,ETH-12OCT26,0.4578,0.92876,0.2689,0.0,0.0,0.003999999999999997,ETH,2487.17,0.0
2026-10-10T00:41:58.683869+00:00,ETH-26MAR27-3400-P,2537.99,ETH-26MAR27,put,3400.0,2027-03-26T08:00:00+00:00,0.4580538861044883,0.3785,0.399,0.387903,0.38875,2537.99,ETH-26MAR27,0.5303,-0.7374,5.60121,13.0,0.0,0.020500000000000018,ETH,2487.17,0.0
2026-10-10T00:41:58.683869+00:00,ETH-30OCT26-1400-C,2492.04,ETH-30OCT26,call,1400.0,2026-10-30T08:00:00+00:00,0.055589820396069405,0.437,0.4395,0.438386,0.43825,2492.04,ETH-30OCT26,0.9111,0.99737,0.04781,50.0,0.0,0.0025000000000000022,ETH,2487.17,0.0
2026-10-10T00:41:58.683869+00:00,ETH-25DEC26-2600-C,2509.75,ETH-25DEC26,call,2600.0,2026-12-25T08:00:00+00:00,0.2089094644754671,0.074,0.075,0.074485,0.0745,2509.75,ETH-25DEC26,0.493,0.48216,4.57255,10139.0,741.0,0.0010000000000000009,ETH,2487.17,140578.89
2026-10-10T00:41:58.683869+00:00,ETH-25JUN27-2400-C,2568.75,ETH-25JUN27,call,2400.0,2027-06-25T08:00:00+00:00,0.7071983077335096,0.205,0.208,0.206499,0.2065,2568.75,ETH-25JUN27,0.5335,0.64634,8.03288,944.0,0.0,0.0030000000000000027,ETH,2487.17,0.0
2026-10-10T00:41:58.683869+00:00,ETH-25JUN27-5000-C,2568.75,ETH-25JUN27,call,5000.0,2027-06-25T08:00:00+00:00,0.7071983077335096,0.0245,0.026,0.025079,0.02525,2568.75,ETH-25JUN27,0.5726,0.12671,4.49001,7165.0,2000.0,0.0014999999999999979,ETH,2487.17,123816.25
2026-10-10T00:41:58.683869+00:00,ETH-25JUN27-2500-P,2568.75,ETH-25JUN27,put,2500.0,2027-06-25T08:00:00+00:00,0.7071983077335096,0.16,0.163,0.161562,0.1615,2568.75,ETH-25JUN27,0.5318,-0.38821,8.27889,3298.0,0.0,0.0030000000000000027,ETH,2487.17,0.0
2026-10-10T00:41:58.683869+00:00,ETH-30OCT26-1850-P,2492.02,ETH-30OCT26,put,1850.0,2026-10-30T08:00:00+00:00,0.055589820396069405,0.0015,0.0018,0.001646,0.00165,2492.02,ETH-30OCT26,0.6762,-0.02578,0.3524,1379.0,0.0,0.0002999999999999999,ETH,2487.17,0.0
2026-10-10T00:41:58.683869+00:00,ETH-12OCT26-2250-C,2488.17,ETH-12OCT26,call,2250.0,2026-10-12T08:00:00+00:00,0.006308506227691586,0.094,0.0975,0.096179,0.09575,2488.17,ETH-12OCT26,0.6511,0.97539,0.11395,0.0,0.0,0.003500000000000003,ETH,2487.17,0.0
2026-10-10T00:41:58.683869+00:00,ETH-30OCT26-3050-C,2492.04,ETH-30OCT26,call,3050.0,2026-10-30T08:00:00+00:00,0.055589820396069405,0.0024,0.0028,0.002583,0.0026,2492.04,ETH-30OCT26,0.5112,0.05296,0.63446,1739.0,3.0,0.0004000000000000002,ETH,2487.17,22.27
2026-10-10T00:41:58.683869+00:00,ETH-10OCT26-2680-C,2487.5,ETH-10OCT26,call,2680.0,2026-10-10T08:00:00+00:00,0.0008328046534273835,,0.0001,0.0,,2487.5,ETH-10OCT26,0.5851,0.0,2e-05,92.0,12.0,,ETH,2487.1,5.94
2026-10-10T00:41:58.683869+00:00,ETH-25DEC26-4200-C,2509.75,ETH-25DEC26,call,4200.0,2026-12-25T08:00:00+00:00,0.2089094644754671,0.0041,0.0046,0.004316,0.00435,2509.75,ETH-25DEC26,0.6045,0.04223,1.03317,6511.0,326.0,0.0004999999999999996,ETH,2487.17,3421.29
2026-10-10T00:41:58.683869+00:00,ETH-11OCT26-2620-P,2488.0,ETH-11OCT26,put,2620.0,2026-10-11T08:00:00+00:00,0.003570655440559485,0.0495,0.056,0.053118,0.05275,2488.0,ETH-11OCT26,0.35969999999999996,-0.99187,0.03303,0.0,0.0,0.006499999999999999,ETH,2487.1,0.0
2026-10-10T00:41:58.683869+00:00,ETH-16OCT26-3200-P,2488.94,ETH-16OCT26,put,3200.0,2026-10-16T08:00:00+00:00,0.017259909376219993,0.2815,0.29,0.285762,0.28575,2488.94,ETH-16OCT26,0.6803,-0.99718,0.02826,0.0,0.0,0.008500000000000008,ETH,2487.17,0.0
2026-10-10T00:41:58.683869+00:00,ETH-12OCT26-2640-P,2488.17,ETH-12OCT26,put,2640.0,2026-10-12T08:00:00+00:00,0.006308506227691586,0.0575,0.0645,0.061232,0.061,2488.17,ETH-12OCT26,0.35350000000000004,-0.98229,0.08628,5.0,5.0,0.006999999999999999,ETH,2487.1,711.66
2026-10-10T00:41:58.683869+00:00,ETH-26MAR27-8000-P,2537.99,ETH-26MAR27,put,8000.0,2027-03-26T08:00:00+00:00,0.4580538861044883,2.132,2.186,2.154338,2.159,2537.99,ETH-26MAR27,0.7019,-0.98531,0.63906,0.0,0.0,0.053999999999999826,ETH,2487.17,0.0
2026-10-10T00:41:58.683869+00:00,ETH-25JUN27-6500-P,2568.75,ETH-25JUN27,put,6500.0,2027-06-25T08:00:00+00:00,0.7071983077335096,1.521,1.5635,1.541674,1.54225,2568.75,ETH-25JUN27,0.6114,-0.93922,2.59975,0.0,0.0,0.04249999999999998,ETH,2487.17,0.0
2026-10-10T00:41:58.683869+00:00,ETH-12OCT26-2380-P,2488.18,ETH-12OCT26,put,2380.0,2026-10-12T08:00:00+00:00,0.006308506227691586,0.0013,0.0015,0.001386,0.0014,2488.18,ETH-12OCT26,0.41979999999999995,-0.08983,0.3204,4281.0,162.0,0.0002000000000000001,ETH,2487.1,960.9
2026-10-10T00:41:58.683869+00:00,ETH-16OCT26-2600-C,2488.96,ETH-16OCT26,call,2600.0,2026-10-16T08:00:00+00:00,0.017259909376219993,0.005,0.0055,0.005274,0.00525,2488.96,ETH-16OCT26,0.37729999999999997,0.19504,0.90168,2693.0,2362.0,0.0004999999999999996,ETH,2487.1,46183.17
2026-10-10T00:41:58.683869+00:00,ETH-30OCT26-2550-C,2492.02,ETH-30OCT26,call,2550.0,2026-10-30T08:00:00+00:00,0.055589820396069405,0.0305,0.0315,0.030847,0.031,2492.02,ETH-30OCT26,0.43560000000000004,0.43096,2.30918,2441.0,8.0,0.0010000000000000009,ETH,2487.1,641.66
2026-10-10T00:41:58.683869+00:00,ETH-10OCT26-2440-P,2487.48,ETH-10OCT26,put,2440.0,2026-10-10T08:00:00+00:00,0.0008328046534273835,0.0003,0.0005,0.000372,0.0004,2487.48,ETH-10OCT26,0.4458,-0.06787,0.09391,348.0,320.0,0.00020000000000000004,ETH,2487.13,1518.63
2026-10-10T00:41:58.683869+00:00,ETH-27NOV26-2600-C,2499.79,ETH-27NOV26,call,2600.0,2026-11-27T08:00:00+00:00,0.13224964243576826,0.052,0.053,0.052582,0.0525,2499.79,ETH-27NOV26,0.4792,0.44457,3.59215,1467.0,239.0,0.0010000000000000009,ETH,2487.13,33132.55
2026-10-10T00:41:58.683869+00:00,ETH-26MAR27-5000-P,2537.99,ETH-26MAR27,put,5000.0,2027-03-26T08:00:00+00:00,0.4580538861044883,0.9675,0.9945,0.980583,0.981,2537.99,ETH-26MAR27,0.5934,-0.93155,2.2672,21.0,0.0,0.027000000000000024,ETH,2487.1,0.0
2026-10-10T00:41:58.683869+00:00,ETH-12OCT26-2400-C,2488.18,ETH-12OCT26,call,2400.0,2026-10-12T08:00:00+00:00,0.006308506227691586,0.0345,0.0385,0.037187,0.0365,2488.18,ETH-12OCT26,0.3862,0.8816,0.39152,0.0,0.0,0.003999999999999997,ETH,2487.13,0.0
2026-10-10T00:41:58.683869+00:00,ETH-10OCT26-2820-C,2487.48,ETH-10OCT26,call,2820.0,2026-10-10T08:00:00+00:00,0.0008328046534273835,,0.0001,0.0,,2487.48,ETH-10OCT26,0.8423999999999999,0.0,0.0,506.0,0.0,,ETH,2487.13,0.0
2026-10-10T00:41:58.683869+00:00,ETH-12OCT26-2760-C,2488.18,ETH-12OCT26,call,2760.0,2026-10-12T08:00:00+00:00,0.006308506227691586,,0.0002,1.5e-05,,2488.18,ETH-12OCT26,0.4388,0.00152,0.00973,58.0,19.0,,ETH,2487.13,18.9
2026-10-10T00:41:58.683869+00:00,ETH-30OCT26-3200-C,2492.02,ETH-30OCT26,call,3200.0,2026-10-30T08:00:00+00:00,0.055589820396069405,0.0014,0.0017,0.00154,0.00155,2492.02,ETH-30OCT26,0.5518,0.03161,0.41755,15841.0,114.0,0.0002999999999999999,ETH,2487.13,426.46
2026-10-10T00:41:58.683869+00:00,ETH-10OCT26-2550-C,2487.48,ETH-10OCT26,call,2550.0,2026-10-10T08:00:00+00:00,0.0008328046534273835,,0.0002,5.5e-05,,2487.48,ETH-10OCT26,0.3907,0.01335,0.02453,0.0,0.0,,ETH,2487.12,0.0
2026-10-10T00:41:58.683869+00:00,ETH-26MAR27-800-C,2537.97,ETH-26MAR27,call,800.0,2027-03-26T08:00:00+00:00,0.4580538861044883,0.6845,0.6885,0.686966,0.6865,2537.97,ETH-26MAR27,0.8269,0.99041,0.44149,0.0,0.0,0.0040000000000000036,ETH,2487.13,0.0
2026-10-10T00:41:58.683869+00:00,ETH-26MAR27-4400-C,2537.99,ETH-26MAR27,call,4400.0,2027-03-26T08:00:00+00:00,0.4580538861044883,0.0165,0.0175,0.016981,0.017,2537.99,ETH-26MAR27,0.5670000000000001,0.10713,3.16965,1182.0,0.0,0.0010000000000000009,ETH,2487.13,0.0
2026-10-10T00:41:58.683869+00:00,ETH-25DEC26-3000-P,2509.73,ETH-25DEC26,put,3000.0,2026-12-25T08:00:00+00:00,0.2089094644754671,0.2195,0.2335,0.22683,0.2265,2509.73,ETH-25DEC26,0.5035000000000001,-0.74563,3.67928,841.0,0.0,0.014000000000000012,ETH,2487.13,0.0
2026-10-10T00:41:58.683869+00:00,ETH-24SEP27-5500-P,2599.07,ETH-24SEP27,put,5500.0,2027-09-24T08:00:00+00:00,0.9563427293625307,1.1305,1.168,1.150126,1.14925,2599.07,ETH-24SEP27,0.5758,-0.85298,5.84823,0.0,0.0,0.03749999999999987,ETH,2487.12,0.0
2026-10-10T00:41:58.683869+00:00,ETH-25JUN27-4100-C,2568.75,ETH-25JUN27,call,4100.0,2027-06-25T08:00:00+00:00,0.7071983077335096,0.0455,0.0475,0.046518,0.0465,2568.75,ETH-25JUN27,0.5484,0.21673,6.34243,20.0,0.0,0.0020000000000000018,ETH,2487.13,0.0
2026-10-10T00:41:58.683869+00:00,ETH-13OCT26-2800-P,2488.45,ETH-13OCT26,put,2800.0,2026-10-13T08:00:00+00:00,0.009046357014823687,0.1215,0.1285,0.125271,0.125,2488.45,ETH-13OCT26,0.46049999999999996,-0.99626,0.02637,0.0,0.0,0.007000000000000006,ETH,2487.12,0.0
2026-10-10T00:41:58.683869+00:00,ETH-23OCT26-3000-P,2490.55,ETH-23OCT26,put,3000.0,2026-10-23T08:00:00+00:00,0.0364248648861447,0.2015,0.2095,0.205601,0.2055,2490.55,ETH-23OCT26,0.5018,-0.97109,0.31364,0.0,0.0,0.00799999999999998,ETH,2487.12,0.0
2026-10-10T00:41:58.683869+00:00,ETH-25JUN27-1900-P,2568.75,ETH-25JUN27,put,1900.0,2027-06-25T08:00:00+00:00,0.7071983077335096,0.061,0.063,0.061908,0.062,2568.75,ETH-25JUN27,0.5550999999999999,-0.18973,5.85788,3368.0,0.0,0.0020000000000000018,ETH,2487.12,0.0
2026-10-10T00:41:58.683869+00:00,ETH-11OCT26-2580-P,2488.0,ETH-11OCT26,put,2580.0,2026-10-11T08:00:00+00:00,0.003570655440559485,0.0335,0.041,0.037177,0.03725,2488.0,ETH-11OCT26,0.31489999999999996,-0.97319,0.09207,180.0,0.0,0.0075,ETH,2487.11,0.0
2026-10-10T00:41:58.683869+00:00,ETH-16OCT26-3000-P,2488.94,ETH-16OCT26,put,3000.0,2026-10-16T08:00:00+00:00,0.017259909376219993,0.2015,0.2095,0.205513,0.2055,2488.94,ETH-16OCT26,0.5747,-0.99261,0.06688,10.0,10.0,0.00799999999999998,ETH,2487.12,5097.15
2026-10-10T00:41:58.683869+00:00,ETH-27NOV26-3400-P,2499.79,ETH-27NOV26,put,3400.0,2026-11-27T08:00:00+00:00,0.13224964243576826,0.36,0.3725,0.366133,0.36625,2499.79,ETH-27NOV26,0.5448,-0.92701,1.26066,3.0,0.0,0.012500000000000011,ETH,2487.11,0.0
2026-10-10T00:41:58.683869+00:00,ETH-25DEC26-4500-C,2509.73,ETH-25DEC26,call,4500.0,2026-12-25T08:00:00+00:00,0.2089094644754671,0.0028,0.0034,0.003087,0.0031,2509.73,ETH-25DEC26,0.6322,0.03031,0.78737,3348.0,1.0,0.0005999999999999998,ETH,2487.12,7.46
2026-10-10T00:41:58.683869+00:00,ETH-30OCT26-1000-P,2492.04,ETH-30OCT26,put,1000.0,2026-10-30T08:00:00+00:00,0.055589820396069405,,0.0001,4.8e-05,,2492.04,ETH-30OCT26,1.2457,-0.00057,0.01176,2771.0,0.0,,ETH,2487.11,0.0
2026-10-10T00:41:58.683869+00:00,ETH-24SEP27-1000-C,2599.09,ETH-24SEP27,call,1000.0,2027-09-24T08:00:00+00:00,0.9563427293625307,0.623,0.6325,0.628244,0.62775,2599.09,ETH-24SEP27,0.6746,0.96222,2.09097,0.0,0.0,0.009499999999999953,ETH,2487.11,0.0
2026-10-10T00:41:58.683869+00:00,ETH-25JUN27-1400-C,2568.75,ETH-25JUN27,call,1400.0,2027-06-25T08:00:00+00:00,0.7071983077335096,0.473,0.4795,0.477249,0.47625,2568.75,ETH-25JUN27,0.6161,0.92363,3.10083,50.0,0.0,0.006500000000000006,ETH,2487.11,0.0
2026-10-10T00:41:58.683869+00:00,ETH-26MAR27-2300-C,2537.99,ETH-26MAR27,call,2300.0,2027-03-26T08:00:00+00:00,0.4580538861044883,0.186,0.188,0.187012,0.187,2537.99,ETH-26MAR27,0.5276,0.67501,6.18323,5130.0,0.0,0.0020000000000000018,ETH,2487.11,0.0
2026-10-10T00:41:58.683869+00:00,ETH-12OCT26-2380-C,2488.17,ETH-12OCT26,call,2380.0,2026-10-12T08:00:00+00:00,0.006308506227691586,0.042,0.0465,0.044833,0.04425,2488.17,ETH-12OCT26,0.41979999999999995,0.91018,0.32032,101.0,110.0,0.004499999999999997,ETH,2487.1,13821.26
2026-10-10T00:41:58.683869+00:00,ETH-25DEC26-3500-P,2509.75,ETH-25DEC26,put,3500.0,2026-12-25T08:00:00+00:00,0.2089094644754671,0.399,0.414,0.406543,0.4065,2509.75,ETH-25DEC26,0.5404,-0.88938,2.16598,62.0,0.0,0.014999999999999958,ETH,2487.11,0.0
2026-10-10T00:41:58.683869+00:00,ETH-26MAR27-6000-C,2537.99,ETH-26MAR27,call,6000.0,2027-03-26T08:00:00+00:00,0.4580538861044883,0.005,0.006,0.005488,0.0055,2537.99,ETH-26MAR27,0.6349,0.03697,1.38845,5632.0,0.0,0.001,ETH,2487.11,0.0
2026-10-10T00:41:58.683869+00:00,ETH-24SEP27-2400-C,2599.09,ETH-24SEP27,call,2400.0,2027-09-24T08:00:00+00:00,0.9563427293625307,0.2395,0.244,0.241086,0.24175,2599.09,ETH-24SEP27,0.5406,0.66086,9.30572,68.0,40.0,0.004500000000000004,ETH,2487.1,24516.37
2026-10-10T00:41:58.683869+00:00,ETH-24SEP27-2000-P,2599.07,ETH-24SEP27,put,2000.0,2027-09-24T08:00:00+00:00,0.9563427293625307,0.0925,0.0955,0.093928,0.094,2599.07,ETH-24SEP27,0.5513,-0.22507,7.62565,761.0,2.0,0.0030000000000000027,ETH,2487.1,473.23
2026-10-10T00:41:58.683869+00:00,ETH-12OCT26-2760-P,2488.18,ETH-12OCT26,put,2760.0,2026-10-12T08:00:00+00:00,0.006308506227691586,0.1055,0.1125,0.109295,0.109,2488.18,ETH-12OCT26,0.4388,-0.99849,0.0097,1.0,0.0,0.007000000000000006,ETH,2487.1,0.0
2026-10-10T00:41:58.683869+00:00,ETH-24SEP27-1600-C,2599.09,ETH-24SEP27,call,1600.0,2027-09-24T08:00:00+00:00,0.9563427293625307,0.423,0.4375,0.431581,0.43025,2599.09,ETH-24SEP27,0.5792,0.87271,5.29983,0.0,0.0,0.014500000000000013,ETH,2487.13,0.0
2026-10-10T00:41:58.683869+00:00,ETH-12OCT26-2750-P,2488.18,ETH-12OCT26,put,2750.0,2026-10-12T08:00:00+00:00,0.006308506227691586,0.1015,0.1085,0.105276,0.105,2488.18,ETH-12OCT26,0.424,-0.99847,0.00979,0.0,0.0,0.006999999999999992,ETH,2487.1,0.0
2026-10-10T00:41:58.683869+00:00,ETH-26MAR27-3500-P,2537.99,ETH-26MAR27,put,3500.0,2027-03-26T08:00:00+00:00,0.4580538861044883,0.4185,0.4315,0.421851,0.425,2537.99,ETH-26MAR27,0.5325,-0.76165,5.32073,24.0,0.0,0.013000000000000012,ETH,2487.1,0.0
2026-10-10T00:41:58.683869+00:00,ETH-30OCT26-3400-P,2492.04,ETH-30OCT26,put,3400.0,2026-10-30T08:00:00+00:00,0.055589820396069405,0.3605,0.3695,0.365252,0.365,2492.04,ETH-30OCT26,0.6079,-0.98198,0.26033,1.0,0.0,0.009000000000000008,ETH,2487.1,0.0
2026-10-10T00:41:58.683869+00:00,ETH-11OCT26-2420-C,2488.0,ETH-11OCT26,call,2420.0,2026-10-11T08:00:00+00:00,0.003570655440559485,0.025,0.0315,0.028087,0.02825,2488.0,ETH-11OCT26,0.3362,0.91634,0.22845,8.0,7.0,0.006499999999999999,ETH,2487.13,593.98
2026-10-10T00:41:58.683869+00:00,ETH-12OCT26-2400-P,2488.17,ETH-12OCT26,put,2400.0,2026-10-12T08:00:00+00:00,0.006308506227691586,0.0016,0.0019,0.001778,0.00175,2488.17,ETH-12OCT26,0.3862,-0.11842,0.3915,1430.0,1189.0,0.0002999999999999999,ETH,2487.13,7997.55
2026-10-10T00:41:58.683869+00:00,ETH-24SEP27-2700-P,2599.07,ETH-24SEP27,put,2700.0,2027-09-24T08:00:00+00:00,0.9563427293625307,0.2285,0.235,0.23173,0.23175,2599.07,ETH-24SEP27,0.5385,-0.42435,9.959,481.0,1.0,0.006499999999999978,ETH,2487.13,582.75
2026-10-10T00:41:58.683869+00:00,ETH-25DEC26-5200-C,2509.73,ETH-25DEC26,call,5200.0,2026-12-25T08:00:00+00:00,0.2089094644754671,0.0014,0.0019,0.001642,0.00165,2509.73,ETH-25DEC26,0.6922,0.01601,0.45943,9570.0,0.0,0.0005,ETH,2487.13,0.0
2026-10-10T00:41:58.683869+00:00,ETH-27NOV26-4400-C,2499.79,ETH-27NOV26,call,4400.0,2026-11-27T08:00:00+00:00,0.13224964243576826,0.001,0.0014,0.001173,0.0012,2499.79,ETH-27NOV26,0.6748000000000001,0.01458,0.33604,1174.0,1.0,0.00039999999999999996,ETH,2487.13,2.49
2026-10-10T00:41:58.683869+00:00,ETH-30OCT26-2250-C,2492.04,ETH-30OCT26,call,2250.0,2026-10-30T08:00:00+00:00,0.055589820396069405,0.1045,0.11,0.108344,0.10725,2492.04,ETH-30OCT26,0.488,0.82733,1.50189,603.0,0.0,0.005500000000000005,ETH,2487.13,0.0
2026-10-10T00:41:58.683869+00:00,ETH-24SEP27-3800-C,2599.09,ETH-24SEP27,call,3800.0,2027-09-24T08:00:00+00:00,0.9563427293625307,0.087,0.0905,0.088703,0.08875,2599.09,ETH-24SEP27,0.5459,0.32833,9.18779,1012.0,0.0,0.003500000000000003,ETH,2487.13,0.0
2026-10-10T00:41:58.683869+00:00,ETH-24SEP27-3100-P,2599.09,ETH-24SEP27,put,3100.0,2027-09-24T08:00:00+00:00,0.9563427293625307,0.3295,0.3445,0.33636,0.337,2599.09,ETH-24SEP27,0.5383,-0.52858,10.11586,100.0,0.0,0.014999999999999958,ETH,2487.13,0.0
2026-10-10T00:41:58.683869+00:00,ETH-30OCT26-1900-P,2492.02,ETH-30OCT26,put,1900.0,2026-10-30T08:00:00+00:00,0.055589820396069405,0.0019,0.0022,0.002047,0.00205,2492.02,ETH-30OCT26,0.6493000000000001,-0.0324,0.42613,1259.0,0.0,0.00030000000000000014,ETH,2487.13,0.0
2026-10-10T00:41:58.683869+00:00,ETH-30OCT26-2900-P,2492.04,ETH-30OCT26,put,2900.0,2026-10-30T08:00:00+00:00,0.055589820396069405,0.164,0.1735,0.168674,0.16875,2492.04,ETH-30OCT26,0.4764,-0.90223,1.01443,145.0,0.0,0.00949999999999998,ETH,2487.13,0.0
2026-10-10T00:41:58.683869+00:00,ETH-24SEP27-2400-P,2599.07,ETH-24SEP27,put,2400.0,2027-09-24T08:00:00+00:00,0.9563427293625307,0.1625,0.1665,0.164493,0.1645,2599.07,ETH-24SEP27,0.5406,-0.33914,9.30572,489.0,0.0,0.0040000000000000036,ETH,2487.13,0.0
2026-10-10T00:41:58.683869+00:00,ETH-11OCT26-3000-C,2488.0,ETH-11OCT26,call,3000.0,2026-10-11T08:00:00+00:00,0.003570655440559485,,0.0001,3e-06,,2488.0,ETH-11OCT26,0.8843000000000001,0.00022,0.00121,17.0,0.0,,ETH,2487.13,0.0
2026-10-10T00:41:58.683869+00:00,ETH-10OCT26-3000-P,2487.5,ETH-10OCT26,put,3000.0,2026-10-10T08:00:00+00:00,0.0008328046534273835,0.202,0.2095,0.20604,0.20575,2487.5,ETH-10OCT26,0.8591,-1.0,0.0,0.0,0.0,0.007499999999999979,ETH,2487.15,0.0
2026-10-10T00:41:58.683869+00:00,ETH-13OCT26-2800-C,2488.45,ETH-13OCT26,call,2800.0,2026-10-13T08:00:00+00:00,0.009046357014823687,,0.0002,5e-05,,2488.45,ETH-13OCT26,0.46049999999999996,0.00373,0.02633,0.0,0.0,,ETH,2487.13,0.0
2026-10-10T00:41:58.683869+00:00,ETH-25DEC26-4600-P,2509.75,ETH-25DEC26,put,4600.0,2026-12-25T08:00:00+00:00,0.2089094644754671,0.826,0.8465,0.835659,0.83625,2509.75,ETH-25DEC26,0.6413,-0.97259,0.72407,0.0,0.0,0.020500000000000074,ETH,2487.13,0.0
2026-10-10T00:41:58.683869+00:00,ETH-26MAR27-900-C,2537.99,ETH-26MAR27,call,900.0,2027-03-26T08:00:00+00:00,0.4580538861044883,0.6455,0.6505,0.648498,0.648,2537.99,ETH-26MAR27,0.7909999999999999,0.98622,0.60487,68.0,0.0,0.0050000000000000044,ETH,2487.13,0.0
2026-10-10T00:41:58.683869+00:00,ETH-23OCT26-3400-P,2490.55,ETH-23OCT26,put,3400.0,2026-10-23T08:00:00+00:00,0.0364248648861447,0.361,0.3695,0.365349,0.36525,2490.55,ETH-23OCT26,0.6177,-0.9951,0.06756,0.0,0.0,0.008500000000000008,ETH,2487.15,0.0
2026-10-10T00:41:58.683869+00:00,ETH-27NOV26-1800-C,2499.79,ETH-27NOV26,call,1800.0,2026-11-27T08:00:00+00:00,0.13224964243576826,0.2825,0.288,0.286168,0.28525,2499.79,ETH-27NOV26,0.6218,0.94111,1.06729,0.0,0.0,0.005500000000000005,ETH,2487.15,0.0
2026-10-10T00:41:58.683869+00:00,ETH-13OCT26-2620-P,2488.45,ETH-13OCT26,put,2620.0,2026-10-13T08:00:00+00:00,0.009046357014823687,0.05,0.057,0.053811,0.0535,2488.45,ETH-13OCT26,0.35240000000000005,-0.93646,0.29481,0.0,0.0,0.006999999999999999,ETH,2487.15,0.0
2026-10-10T00:41:58.683869+00:00,ETH-26MAR27-900-P,2537.97,ETH-26MAR27,put,900.0,2027-03-26T08:00:00+00:00,0.4580538861044883,0.0028,0.0035,0.003121,0.00315,2537.97,ETH-26MAR27,0.7909999999999999,-0.01378,0.60487,919.0,0.0,0.0007000000000000001,ETH,2487.15,0.0
2026-10-10T00:41:58.683869+00:00,ETH-27NOV26-3150-P,2499.79,ETH-27NOV26,put,3150.0,2026-11-27T08:00:00+00:00,0.13224964243576826,0.2645,0.2775,0.271103,0.271,2499.79,ETH-27NOV26,0.5151,-0.87308,1.89161,18.0,0.0,0.013000000000000012,ETH,2487.15,0.0
2026-10-10T00:41:58.683869+00:00,ETH-25JUN27-2600-P,2568.75,ETH-25JUN27,put,2600.0,2027-06-25T08:00:00+00:00,0.7071983077335096,0.182,0.1855,0.183766,0.18375,2568.75,ETH-25JUN27,0.5304,-0.42244,8.45612,404.0,0.0,0.003500000000000003,ETH,2487.15,0.0
2026-10-10T00:41:58.683869+00:00,ETH-11OCT26-2340-C,2488.0,ETH-11OCT26,call,2340.0,2026-10-11T08:00:00+00:00,0.003570655440559485,0.057,0.063,0.059764,0.06,2488.0,ETH-11OCT26,0.5224,0.9758,0.08449,0.0,0.0,0.005999999999999998,ETH,2487.0,0.0
2026-10-10T00:41:58.683869+00:00,ETH-12OCT26-2540-P,2488.17,ETH-12OCT26,put,2540.0,2026-10-12T08:00:00+00:00,0.006308506227691586,0.021,0.025,0.022692,0.023,2488.17,ETH-12OCT26,0.2648,-0.83691,0.4867,22.0,4.0,0.004,ETH,2487.0,209.93
2026-10-10T00:41:58.683869+00:00,ETH-10OCT26-2400-P,2487.48,ETH-10OCT26,put,2400.0,2026-10-10T08:00:00+00:00,0.0008328046534273835,0.0001,0.0003,0.000167,0.0002,2487.48,ETH-10OCT26,0.6327,-0.02465,0.04132,3277.0,3809.0,0.00019999999999999998,ETH,2487.0,6704.77
2026-10-10T00:41:58.683869+00:00,ETH-30OCT26-3100-P,2492.04,ETH-30OCT26,put,3100.0,2026-10-30T08:00:00+00:00,0.055589820396069405,0.2415,0.251,0.24611,0.24625,2492.04,ETH-30OCT26,0.5241,-0.95596,0.54744,0.0,0.0,0.009500000000000008,ETH,2487.15,0.0
2026-10-10T00:41:58.683869+00:00,ETH-12OCT26-2520-P,2488.18,ETH-12OCT26,put,2520.0,2026-10-12T08:00:00+00:00,0.006308506227691586,0.0155,0.0175,0.016298,0.0165,2488.18,ETH-12OCT26,0.2625,-0.73052,0.65253,28.0,10.0,0.0020000000000000018,ETH,2487.0,412.04
2026-10-10T00:41:58.683869+00:00,ETH-30OCT26-2300-P,2492.04,ETH-30OCT26,put,2300.0,2026-10-30T08:00:00+00:00,0.055589820396069405,0.0145,0.015,0.01475,0.01475,2492.04,ETH-30OCT26,0.47200000000000003,-0.21946,1.73738,21711.0,1524.0,0.0004999999999999987,ETH,2487.0,51989.66
2026-10-10T00:41:58.683869+00:00,ETH-11OCT26-2300-P,2488.0,ETH-11OCT26,put,2300.0,2026-10-11T08:00:00+00:00,0.003570655440559485,0.0001,0.0003,0.000182,0.0002,2488.0,ETH-11OCT26,0.6047,-0.01434,0.05414,550.0,160.0,0.00019999999999999998,ETH,2487.05,175.03
2026-10-10T00:41:58.683869+00:00,ETH-30OCT26-3600-P,2492.04,ETH-30OCT26,put,3600.0,2026-10-30T08:00:00+00:00,0.055589820396069405,0.4395,0.451,0.445205,0.44525,2492.04,ETH-30OCT26,0.6638,-0.98847,0.17723,91.0,0.0,0.01150000000000001,ETH,2487.0,0.0
2026-10-10T00:41:58.683869+00:00,ETH-10OCT26-2760-C,2487.48,ETH-10OCT26,call,2760.0,2026-10-10T08:00:00+00:00,0.0008328046534273835,,0.0001,0.0,,2487.48,ETH-10OCT26,0.7271,0.0,0.0,353.0,11.0,,ETH,2487.0,2.73
2026-10-10T00:41:58.683869+00:00,ETH-16OCT26-3400-C,2488.94,ETH-16OCT26,call,3400.0,2026-10-16T08:00:00+00:00,0.017259909376219993,,0.0001,5.9e-05,,2488.94,ETH-16OCT26,0.8079000000000001,0.00195,0.02022,1782.0,0.0,,ETH,2487.0,0.0
2026-10-10T00:41:58.683869+00:00,ETH-11OCT26-2750-C,2488.0,ETH-11OCT26,call,2750.0,2026-10-11T08:00:00+00:00,0.003570655440559485,,0.0001,6e-06,,2488.0,ETH-11OCT26,0.5238,0.00071,0.00364,0.0,0.0,,ETH,2487.05,0.0
2026-10-10T00:41:58.683869+00:00,ETH-12OCT26-2350-C,2488.18,ETH-12OCT26,call,2350.0,2026-10-12T08:00:00+00:00,0.006308506227691586,0.0545,0.058,0.056562,0.05625,2488.18,ETH-12OCT26,0.47659999999999997,0.9358,0.24809,10.0,0.0,0.003500000000000003,ETH,2487.05,0.0
2026-10-10T00:41:58.683869+00:00,ETH-27NOV26-2100-P,2499.79,ETH-27NOV26,put,2100.0,2026-11-27T08:00:00+00:00,0.13224964243576826,0.017,0.018,0.017549,0.0175,2499.79,ETH-27NOV26,0.5297,-0.15874,2.2007,2494.0,102.0,0.0009999999999999974,ETH,2487.05,4568.96
2026-10-10T00:41:58.683869+00:00,ETH-25DEC26-3000-C,2509.73,ETH-25DEC26,call,3000.0,2026-12-25T08:00:00+00:00,0.2089094644754671,0.031,0.032,0.031482,0.0315,2509.73,ETH-25DEC26,0.5035000000000001,0.25431,3.67864,13441.0,2140.0,0.0010000000000000009,ETH,2487.05,171518.87
2026-10-10T00:41:58.683869+00:00,ETH-23OCT26-2400-P,2490.55,ETH-23OCT26,put,2400.0,2026-10-23T08:00:00+00:00,0.0364248648861447,0.017,0.018,0.017398,0.0175,2490.55,ETH-23OCT26,0.43320000000000003,-0.31346,1.68501,4282.0,101.0,0.0009999999999999974,ETH,2487.05,4376.14
2026-10-10T00:41:58.683869+00:00,ETH-25DEC26-4200-P,2509.75,ETH-25DEC26,put,4200.0,2026-12-25T08:00:00+00:00,0.2089094644754671,0.67,0.6875,0.677803,0.67875,2509.75,ETH-25DEC26,0.6045,-0.95778,1.03283,62.0,0.0,0.01749999999999996,ETH,2487.05,0.0
2026-10-10T00:41:58.683869+00:00,ETH-26MAR27-2100-C,2537.97,ETH-26MAR27,call,2100.0,2027-03-26T08:00:00+00:00,0.4580538861044883,0.231,0.239,0.235764,0.235,2537.97,ETH-26MAR27,0.5390999999999999,0.75832,5.36086,854.0,0.0,0.00799999999999998,ETH,2487.05,0.0
2026-10-10T00:41:58.683869+00:00,ETH-26MAR27-1300-C,2537.99,ETH-26MAR27,call,1300.0,2027-03-26T08:00:00+00:00,0.4580538861044883,0.4935,0.5,0.49747,0.49675,2537.99,ETH-26MAR27,0.667,0.95607,1.59717,36.0,0.0,0.006500000000000006,ETH,2487.05,0.0
2026-10-10T00:41:58.683869+00:00,ETH-25DEC26-2200-P,2509.73,ETH-25DEC26,put,2200.0,2026-12-25T08:00:00+00:00,0.2089094644754671,0.0385,0.0395,0.038987,0.039,2509.73,ETH-25DEC26,0.5111,-0.24839,3.63311,10275.0,1208.0,0.0010000000000000009,ETH,2487.05,119186.98
2026-10-10T00:41:58.683869+00:00,ETH-12OCT26-2460-C,2488.17,ETH-12OCT26,call,2460.0,2026-10-12T08:00:00+00:00,0.006308506227691586,0.015,0.017,0.016189,0.016,2488.17,ETH-12OCT26,0.3013,0.68293,0.70373,33.0,33.0,0.0020000000000000018,ETH,2486.98,1857.35
2026-10-10T00:41:58.683869+00:00,ETH-24SEP27-4200-P,2599.09,ETH-24SEP27,put,4200.0,2027-09-24T08:00:00+00:00,0.9563427293625307,0.673,0.7,0.68487,0.6865,2599.09,ETH-24SEP27,0.5523,-0.7319,8.37537,0.0,0.0,0.026999999999999913,ETH,2486.98,0.0
2026-10-10T00:41:58.683869+00:00,ETH-27NOV26-2900-P,2499.79,ETH-27NOV26,put,2900.0,2026-11-27T08:00:00+00:00,0.13224964243576826,0.1765,0.1885,0.181753,0.1825,2499.79,ETH-27NOV26,0.4893,-0.77232,2.74505,848.0,0.0,0.01200000000000001,ETH,2486.98,0.0
2026-10-10T00:41:58.683869+00:00,ETH-30OCT26-2200-P,2492.04,ETH-30OCT26,put,2200.0,2026-10-30T08:00:00+00:00,0.055589820396069405,0.0085,0.009,0.008704,0.00875,2492.04,ETH-30OCT26,0.5085999999999999,-0.13631,1.28423,6026.0,2023.0,0.0004999999999999987,ETH,2486.98,45129.32
2026-10-10T00:41:58.683869+00:00,ETH-27NOV26-2200-C,2499.79,ETH-27NOV26,call,2200.0,2026-11-27T08:00:00+00:00,0.13224964243576826,0.1415,0.148,0.145407,0.14475,2499.79,ETH-27NOV26,0.5119,0.78169,2.68008,1.0,0.0,0.006500000000000006,ETH,2486.99,0.0
2026-10-10T00:41:58.683869+00:00,ETH-12OCT26-2440-P,2488.18,ETH-12OCT26,put,2440.0,2026-10-12T08:00:00+00:00,0.006308506227691586,0.0031,0.0035,0.003301,0.0033,2488.18,ETH-12OCT26,0.3243,-0.22357,0.59031,694.0,67.0,0.0004000000000000002,ETH,2486.99,927.09
2026-10-10T00:41:58.683869+00:00,ETH-24SEP27-3900-C,2599.09,ETH-24SEP27,call,3900.0,2027-09-24T08:00:00+00:00,0.9563427293625307,0.0815,0.0845,0.083006,0.083,2599.09,ETH-24SEP27,0.547,0.31165,8.98883,91.0,0.0,0.0030000000000000027,ETH,2486.99,0.0
2026-10-10T00:41:58.683869+00:00,ETH-23OCT26-2800-C,2490.55,ETH-23OCT26,call,2800.0,2026-10-23T08:00:00+00:00,0.0364248648861447,0.003,0.0034,0.003187,0.0032,2490.55,ETH-23OCT26,0.4361,0.0856,0.74353,805.0,404.0,0.00039999999999999975,ETH,2486.99,4521.54
2026-10-10T00:41:58.683869+00:00,ETH-10OCT26-2360-P,2487.48,ETH-10OCT26,put,2360.0,2026-10-10T08:00:00+00:00,0.0008328046534273835,,0.0001,5.2e-05,,2487.48,ETH-10OCT26,0.7517,-0.00747,0.01476,160.0,101.0,,ETH,2486.98,201.65
2026-10-10T00:41:58.683869+00:00,ETH-25DEC26-2100-C,2509.73,ETH-25DEC26,call,2100.0,2026-12-25T08:00:00+00:00,0.2089094644754671,0.189,0.1955,0.192213,0.19225,2509.73,ETH-25DEC26,0.5242,0.80582,3.15496,1562.0,0.0,0.006500000000000006,ETH,2486.98,0.0
2026-10-10T00:41:58.683869+00:00,ETH-30OCT26-2500-P,2492.02,ETH-30OCT26,put,2500.0,2026-10-30T08:00:00+00:00,0.055589820396069405,0.042,0.0435,0.042786,0.04275,2492.02,ETH-30OCT26,0.43700000000000006,-0.4927,2.34376,4774.0,282.0,0.0014999999999999944,ETH,2486.99,30615.61
2026-10-10T00:41:58.683869+00:00,ETH-11OCT26-2400-P,2488.0,ETH-11OCT26,put,2400.0,2026-10-11T08:00:00+00:00,0.003570655440559485,0.0005,0.0006,0.00054,0.00055,2488.0,ETH-11OCT26,0.3807,-0.05664,0.16913,361.0,99.0,9.999999999999994e-05,ETH,2486.96,360.56
2026-10-10T00:41:58.683869+00:00,ETH-12OCT26-2800-C,2488.17,ETH-12OCT26,call,2800.0,2026-10-12T08:00:00+00:00,0.006308506227691586,,0.0001,1.6e-05,,2488.17,ETH-12OCT26,0.49689999999999995,0.00144,0.00929,512.0,0.0,,ETH,2486.99,0.0
2026-10-10T00:41:58.683869+00:00,ETH-27NOV26-1800-P,2499.79,ETH-27NOV26,put,1800.0,2026-11-27T08:00:00+00:00,0.13224964243576826,0.006,0.0065,0.006246,0.00625,2499.79,ETH-27NOV26,0.6218,-0.05891,1.06764,1419.0,0.0,0.0004999999999999996,ETH,2486.96,0.0
2026-10-10T00:41:58.683869+00:00,ETH-24SEP27-3500-P,2599.09,ETH-24SEP27,put,3500.0,2027-09-24T08:00:00+00:00,0.9563427293625307,0.4435,0.4685,0.45509,0.456,2599.09,ETH-24SEP27,0.542,-0.61659,9.70491,0.0,0.0,0.025000000000000022,ETH,2486.96,0.0
2026-10-10T00:41:58.683869+00:00,ETH-26MAR27-4800-C,2537.99,ETH-26MAR27,call,4800.0,2027-03-26T08:00:00+00:00,0.4580538861044883,0.0115,0.0125,0.011999,0.012,2537.99,ETH-26MAR27,0.5828,0.07807,2.50705,3470.0,11.0,0.0010000000000000009,ETH,2486.99,328.13
2026-10-10T00:41:58.683869+00:00,ETH-27NOV26-3150-C,2499.79,ETH-27NOV26,call,3150.0,2026-11-27T08:00:00+00:00,0.13224964243576826,0.0105,0.0115,0.010967,0.011,2499.79,ETH-27NOV26,0.5151,0.12685,1.89087,1182.0,60.0,0.0009999999999999992,ETH,2486.96,1724.08
2026-10-10T00:41:58.683869+00:00,ETH-30OCT26-2850-C,2492.02,ETH-30OCT26,call,2850.0,2026-10-30T08:00:00+00:00,0.055589820396069405,0.006,0.0065,0.006211,0.00625,2492.02,ETH-30OCT26,0.46399999999999997,0.12026,1.17722,2441.0,264.0,0.0004999999999999996,ETH,2486.96,4583.96
2026-10-10T00:41:58.683869+00:00,ETH-10OCT26-2920-C,2487.5,ETH-10OCT26,call,2920.0,2026-10-10T08:00:00+00:00,0.0008328046534273835,,0.0001,0.0,,2487.5,ETH-10OCT26,0.8591,0.0,0.0,0.0,0.0,,ETH,2486.99,0.0
2026-10-10T00:41:58.683869+00:00,ETH-10OCT26-2620-P,2487.48,ETH-10OCT26,put,2620.0,2026-10-10T08:00:00+00:00,0.0008328046534273835,0.05,0.0565,0.053275,0.05325,2487.48,ETH-10OCT26,0.48840000000000006,-0.99989,0.0003,241.0,0.0,0.006499999999999999,ETH,2486.96,0.0
2026-10-10T00:41:58.683869+00:00,ETH-25DEC26-3300-C,2509.75,ETH-25DEC26,call,3300.0,2026-12-25T08:00:00+00:00,0.2089094644754671,0.0165,0.0175,0.017013,0.017,2509.75,ETH-25DEC26,0.5219,0.15179,2.69605,5233.0,10.0,0.0010000000000000009,ETH,2486.96,423.02
2026-10-10T00:41:58.683869+00:00,ETH-11OCT26-2650-P,2488.0,ETH-11OCT26,put,2650.0,2026-10-11T08:00:00+00:00,0.003570655440559485,0.0615,0.0685,0.06513,0.065,2488.0,ETH-11OCT26,0.3665,-0.99802,0.00932,0.0,0.0,0.007000000000000006,ETH,2486.97,0.0
2026-10-10T00:41:58.683869+00:00,ETH-10OCT26-2640-C,2487.5,ETH-10OCT26,call,2640.0,2026-10-10T08:00:00+00:00,0.0008328046534273835,,0.0001,0.0,,2487.5,ETH-10OCT26,0.5407,6e-05,0.00018,222.0,1.0,,ETH,2486.96,0.5
2026-10-10T00:41:58.683869+00:00,ETH-10OCT26-2780-C,2487.5,ETH-10OCT26,call,2780.0,2026-10-10T08:00:00+00:00,0.0008328046534273835,,0.0001,0.0,,2487.5,ETH-10OCT26,0.7615999999999999,0.0,0.0,223.0,179.0,,ETH,2486.96,44.32
2026-10-10T00:41:58.683869+00:00,ETH-23OCT26-3100-P,2490.55,ETH-23OCT26,put,3100.0,2026-10-23T08:00:00+00:00,0.0364248648861447,0.241,0.2495,0.245294,0.24525,2490.55,ETH-23OCT26,0.526,-0.98351,0.19523,0.0,0.0,0.008500000000000008,ETH,2486.97,0.0
2026-10-10T00:41:58.683869+00:00,ETH-30OCT26-2150-P,2492.02,ETH-30OCT26,put,2150.0,2026-10-30T08:00:00+00:00,0.055589820396069405,0.0065,0.007,0.006715,0.00675,2492.02,ETH-30OCT26,0.5289,-0.10676,1.08135,4324.0,368.0,0.0005000000000000004,ETH,2486.97,5944.13
2026-10-10T00:41:58.683869+00:00,ETH-27NOV26-2500-C,2499.79,ETH-27NOV26,call,2500.0,2026-11-27T08:00:00+00:00,0.13224964243576826,0.069,0.0705,0.069565,0.06975,2499.79,ETH-27NOV26,0.4803,0.53407,3.61375,2393.0,112.0,0.0014999999999999875,ETH,2486.97,20416.8
2026-10-10T00:41:58.683869+00:00,ETH-10OCT26-2360-C,2487.48,ETH-10OCT26,call,2360.0,2026-10-10T08:00:00+00:00,0.0008328046534273835,0.0485,0.0545,0.051301,0.0515,2487.48,ETH-10OCT26,0.7517,0.9925,0.01482,0.0,0.0,0.005999999999999998,ETH,2486.97,0.0
2026-10-10T00:41:58.683869+00:00,ETH-12OCT26-2900-C,2488.18,ETH-12OCT26,call,2900.0,2026-10-12T08:00:00+00:00,0.006308506227691586,,0.0001,1.7e-05,,2488.18,ETH-12OCT26,0.6322,0.00122,0.00796,208.0,79.0,,ETH,2486.95,39.09
2026-10-10T00:41:58.683869+00:00,ETH-25DEC26-1200-C,2509.75,ETH-25DEC26,call,1200.0,2026-12-25T08:00:00+00:00,0.2089094644754671,0.521,0.525,0.523796,0.523,2509.75,ETH-25DEC26,0.7945,0.98653,0.39612,341.0,0.0,0.0040000000000000036,ETH,2486.97,0.0
2026-10-10T00:41:58.683869+00:00,ETH-27NOV26-2450-P,2499.79,ETH-27NOV26,put,2450.0,2026-11-27T08:00:00+00:00,0.13224964243576826,0.0595,0.0605,0.059959,0.06,2499.79,ETH-27NOV26,0.484,-0.42037,3.5545,1529.0,22.0,0.0010000000000000009,ETH,2486.95,3165.41
2026-10-10T00:41:58.683869+00:00,ETH-12OCT26-2750-C,2488.17,ETH-12OCT26,call,2750.0,2026-10-12T08:00:00+00:00,0.006308506227691586,,0.0002,1.5e-05,,2488.17,ETH-12OCT26,0.424,0.00152,0.00975,1.0,0.0,,ETH,2486.95,0.0
2026-10-10T00:41:58.683869+00:00,ETH-25DEC26-3500-C,2509.75,ETH-25DEC26,call,3500.0,2026-12-25T08:00:00+00:00,0.2089094644754671,0.0115,0.0125,0.01197,0.012,2509.75,ETH-25DEC26,0.5404,0.11058,2.16535,32963.0,66.0,0.0010000000000000009,ETH,2486.97,2101.74
2026-10-10T00:41:58.683869+00:00,ETH-24SEP27-4100-P,2599.09,ETH-24SEP27,put,4100.0,2027-09-24T08:00:00+00:00,0.9563427293625307,0.6395,0.6635,0.650526,0.6515,2599.09,ETH-24SEP27,0.5499,-0.71867,8.57656,0.0,0.0,0.02400000000000002,ETH,2486.95,0.0
2026-10-10T00:41:58.683869+00:00,ETH-11OCT26-2900-P,2488.0,ETH-11OCT26,put,2900.0,2026-10-11T08:00:00+00:00,0.003570655440559485,0.162,0.1695,0.165603,0.16575,2488.0,ETH-11OCT26,0.7509,-0.99966,0.00183,0.0,0.0,0.007500000000000007,ETH,2486.92,0.0
2026-10-10T00:41:58.683869+00:00,ETH-26MAR27-7000-P,2537.99,ETH-26MAR27,put,7000.0,2027-03-26T08:00:00+00:00,0.4580538861044883,1.7425,1.7885,1.761405,1.7655,2537.99,ETH-26MAR27,0.6695,-0.97789,0.90533,0.0,0.0,0.04600000000000004,ETH,2486.95,0.0
2026-10-10T00:41:58.683869+00:00,ETH-26MAR27-2500-P,2537.99,ETH-26MAR27,put,2500.0,2027-03-26T08:00:00+00:00,0.4580538861044883,0.131,0.1325,0.131714,0.13175,2537.99,ETH-26MAR27,0.5214,-0.4135,6.69157,2214.0,27.0,0.0015000000000000013,ETH,2486.95,8738.56
2026-10-10T00:41:58.683869+00:00,ETH-25DEC26-1200-P,2509.75,ETH-25DEC26,put,1200.0,2026-12-25T08:00:00+00:00,0.2089094644754671,0.0017,0.0022,0.001935,0.00195,2509.75,ETH-25DEC26,0.7945,-0.01348,0.39613,6729.0,44.0,0.0005000000000000002,ETH,2486.95,204.46
2026-10-10T00:41:58.683869+00:00,ETH-30OCT26-4000-C,2492.04,ETH-30OCT26,call,4000.0,2026-10-30T08:00:00+00:00,0.055589820396069405,0.0002,0.0004,0.000287,0.0003,2492.04,ETH-30OCT26,0.7587999999999999,0.0053,0.08942,3704.0,0.0,0.0002,ETH,2486.95,0.0
2026-10-10T00:41:58.683869+00:00,ETH-25JUN27-5500-C,2568.75,ETH-25JUN27,call,5500.0,2027-06-25T08:00:00+00:00,0.7071983077335096,0.018,0.0195,0.018684,0.01875,2568.75,ETH-25JUN27,0.5861,0.09713,3.7116,1686.0,0.0,0.0015000000000000013,ETH,2486.95,0.0
2026-10-10T00:41:58.683869+00:00,ETH-10OCT26-2560-P,2487.5,ETH-10OCT26,put,2560.0,2026-10-10T08:00:00+00:00,0.0008328046534273835,0.026,0.0325,0.029173,0.02925,2487.5,ETH-10OCT26,0.39030000000000004,-0.99499,0.01037,756.0,15.0,0.006500000000000002,ETH,2486.95,754.07
2026-10-10T00:41:58.683869+00:00,ETH-25JUN27-4600-C,2568.75,ETH-25JUN27,call,4600.0,2027-06-25T08:00:00+00:00,0.7071983077335096,0.0315,0.0335,0.032451,0.0325,2568.75,ETH-25JUN27,0.5614,0.15912,5.23759,203.0,0.0,0.0020000000000000018,ETH,2486.92,0.0
2026-10-10T00:41:58.683869+00:00,ETH-25JUN27-5200-C,2568.75,ETH-25JUN27,call,5200.0,2027-06-25T08:00:00+00:00,0.7071983077335096,0.0215,0.023,0.022211,0.02225,2568.75,ETH-25JUN27,0.578,0.11359,4.15675,23.0,0.0,0.0015000000000000013,ETH,2486.92,0.0
2026-10-10T00:41:58.683869+00:00,ETH-12OCT26-2700-P,2488.18,ETH-12OCT26,put,2700.0,2026-10-12T08:00:00+00:00,0.006308506227691586,0.0815,0.0885,0.085201,0.085,2488.18,ETH-12OCT26,0.38299999999999995,-0.99633,0.02165,0.0,0.0,0.006999999999999992,ETH,2486.92,0.0
2026-10-10T00:41:58.683869+00:00,ETH-11OCT26-2350-C,2488.0,ETH-11OCT26,call,2350.0,2026-10-11T08:00:00+00:00,0.003570655440559485,0.053,0.059,0.055802,0.056,2488.0,ETH-11OCT26,0.507,0.97065,0.09926,5.0,0.0,0.005999999999999998,ETH,2486.92,0.0
2026-10-10T00:41:58.683869+00:00,ETH-30OCT26-2400-C,2492.02,ETH-30OCT26,call,2400.0,2026-10-30T08:00:00+00:00,0.055589820396069405,0.062,0.0635,0.062505,0.06275,2492.02,ETH-30OCT26,0.44909999999999994,0.6576,2.15875,3601.0,0.0,0.0015000000000000013,ETH,2486.92,0.0
2026-10-10T00:41:58.683869+00:00,ETH-26MAR27-1300-P,2537.99,ETH-26MAR27,put,1300.0,2027-03-26T08:00:00+00:00,0.4580538861044883,0.009,0.0105,0.009702,0.00975,2537.99,ETH-26MAR27,0.667,-0.04394,1.59743,1865.0,0.0,0.0015000000000000013,ETH,2486.92,0.0
2026-10-10T00:41:58.683869+00:00,ETH-27NOV26-2350-C,2499.79,ETH-27NOV26,call,2350.0,2026-11-27T08:00:00+00:00,0.13224964243576826,0.1025,0.104,0.103144,0.10325,2499.79,ETH-27NOV26,0.4917,0.66769,3.30165,62.0,0.0,0.0015000000000000013,ETH,2486.92,0.0
2026-10-10T00:41:58.683869+00:00,ETH-25JUN27-4500-P,2568.73,ETH-25JUN27,put,4500.0,2027-06-25T08:00:00+00:00,0.7071983077335096,0.774,0.803,0.786583,0.7885,2568.73,ETH-25JUN27,0.5586,-0.83111,5.44403,1.0,0.0,0.029000000000000026,ETH,2486.92,0.0
2026-10-10T00:41:58.683869+00:00,ETH-11OCT26-2460-C,2488.0,ETH-11OCT26,call,2460.0,2026-10-11T08:00:00+00:00,0.003570655440559485,0.012,0.014,0.01327,0.013,2488.0,ETH-11OCT26,0.2554,0.76767,0.45365,19.0,4.0,0.002,ETH,2486.92,198.4
2026-10-10T00:41:58.683869+00:00,ETH-30OCT26-2100-C,2492.02,ETH-30OCT26,call,2100.0,2026-10-30T08:00:00+00:00,0.055589820396069405,0.16,0.164,0.16254,0.162,2492.02,ETH-30OCT26,0.551,0.91624,0.90434,1498.0,0.0,0.0040000000000000036,ETH,2486.92,0.0
2026-10-10T00:41:58.683869+00:00,ETH-25JUN27-5200-P,2568.75,ETH-25JUN27,put,5200.0,2027-06-25T08:00:00+00:00,0.7071983077335096,1.0315,1.0635,1.046558,1.0475,2568.75,ETH-25JUN27,0.578,-0.88641,4.15675,0.0,0.0,0.031999999999999806,ETH,2486.92,0.0
2026-10-10T00:41:58.683869+00:00,ETH-25DEC26-2700-C,2509.75,ETH-25DEC26,call,2700.0,2026-12-25T08:00:00+00:00,0.2089094644754671,0.0595,0.0605,0.060096,0.06,2509.75,ETH-25DEC26,0.4932,0.41589,4.4746,7735.0,602.0,0.0010000000000000009,ETH,2486.92,93401.52
2026-10-10T00:41:58.683869+00:00,ETH-30OCT26-2000-P,2492.04,ETH-30OCT26,put,2000.0,2026-10-30T08:00:00+00:00,0.055589820396069405,0.003,0.0034,0.003215,0.0032,2492.04,ETH-30OCT26,0.5977,-0.05166,0.62196,7174.0,0.0,0.00039999999999999975,ETH,2486.92,0.0
2026-10-10T00:41:58.683869+00:00,ETH-16OCT26-2550-P,2488.96,ETH-16OCT26,put,2550.0,2026-10-16T08:00:00+00:00,0.017259909376219993,0.0335,0.0355,0.034567,0.0345,2488.96,ETH-16OCT26,0.3759,-0.68131,1.16723,3084.0,226.0,0.001999999999999995,ETH,2486.92,20231.85
2026-10-10T00:41:58.683869+00:00,ETH-11OCT26-2560-P,2488.0,ETH-11OCT26,put,2560.0,2026-10-11T08:00:00+00:00,0.003570655440559485,0.0255,0.033,0.029274,0.02925,2488.0,ETH-11OCT26,0.2844,-0.95398,0.14337,599.0,1.0,0.007500000000000003,ETH,2486.93,51.5
2026-10-10T00:41:58.683869+00:00,ETH-25JUN27-1800-C,2568.73,ETH-25JUN27,call,1800.0,2027-06-25T08:00:00+00:00,0.7071983077335096,0.346,0.354,0.350229,0.35,2568.73,ETH-25JUN27,0.5624,0.83837,5.29153,1751.0,0.0,0.008000000000000007,ETH,2486.92,0.0
2026-10-10T00:41:58.683869+00:00,ETH-24SEP27-2500-P,2599.07,ETH-24SEP27,put,2500.0,2027-09-24T08:00:00+00:00,0.9563427293625307,0.1835,0.188,0.185735,0.18575,2599.07,ETH-24SEP27,0.5397,-0.368,9.58064,235.0,3.0,0.004500000000000004,ETH,2486.93,1382.19
2026-10-10T00:41:58.683869+00:00,ETH-30OCT26-3000-C,2492.04,ETH-30OCT26,call,3000.0,2026-10-30T08:00:00+00:00,0.055589820396069405,0.003,0.0033,0.003125,0.00315,2492.04,ETH-30OCT26,0.4975,0.0637,0.73344,14893.0,205.0,0.0002999999999999999,ETH,2486.93,1758.24
2026-10-10T00:41:58.683869+00:00,ETH-30OCT26-3050-P,2492.02,ETH-30OCT26,put,3050.0,2026-10-30T08:00:00+00:00,0.055589820396069405,0.222,0.2315,0.22649,0.22675,2492.02,ETH-30OCT26,0.5112,-0.94713,0.63353,0.0,0.0,0.009500000000000008,ETH,2486.93,0.0
2026-10-10T00:41:58.683869+00:00,ETH-24SEP27-5400-P,2599.09,ETH-24SEP27,put,5400.0,2027-09-24T08:00:00+00:00,0.9563427293625307,1.096,1.131,1.113367,1.1135,2599.09,ETH-24SEP27,0.5740999999999999,-0.84655,6.01715,0.0,0.0,0.03499999999999992,ETH,2486.94,0.0
2026-10-10T00:41:58.683869+00:00,ETH-25DEC26-4500-P,2509.75,ETH-25DEC26,put,4500.0,2026-12-25T08:00:00+00:00,0.2089094644754671,0.788,0.8065,0.796109,0.79725,2509.75,ETH-25DEC26,0.6322,-0.9697,0.78698,2.0,0.0,0.01849999999999996,ETH,2486.93,0.0
2026-10-10T00:41:58.683869+00:00,ETH-30OCT26-2600-P,2492.02,ETH-30OCT26,put,2600.0,2026-10-30T08:00:00+00:00,0.055589820396069405,0.066,0.068,0.067083,0.067,2492.02,ETH-30OCT26,0.4362,-0.64184,2.19433,3552.0,54.0,0.0020000000000000018,ETH,2486.93,9077.06
2026-10-10T00:41:58.683869+00:00,ETH-24SEP27-7000-P,2599.09,ETH-24SEP27,put,7000.0,2027-09-24T08:00:00+00:00,0.9563427293625307,1.69,1.739,1.711545,1.7145,2599.09,ETH-24SEP27,0.6048,-0.9161,3.91708,0.0,0.0,0.049000000000000155,ETH,2486.94,0.0
2026-10-10T00:41:58.683869+00:00,ETH-25DEC26-2900-P,2509.75,ETH-25DEC26,put,2900.0,2026-12-25T08:00:00+00:00,0.2089094644754671,0.1925,0.196,0.194482,0.19425,2509.75,ETH-25DEC26,0.4987,-0.69876,3.99622,960.0,0.0,0.003500000000000003,ETH,2486.93,0.0
2026-10-10T00:41:58.683869+00:00,ETH-25JUN27-2000-C,2568.73,ETH-25JUN27,call,2000.0,2027-06-25T08:00:00+00:00,0.7071983077335096,0.2915,0.2985,0.295481,0.295,2568.73,ETH-25JUN27,0.5476,0.78026,6.39244,1741.0,0.0,0.007000000000000006,ETH,2486.94,0.0
2026-10-10T00:41:58.683869+00:00,ETH-25DEC26-4800-P,2509.75,ETH-25DEC26,put,4800.0,2026-12-25T08:00:00+00:00,0.2089094644754671,0.906,0.927,0.91485,0.9165,2509.75,ETH-25DEC26,0.6583,-0.9775,0.61363,77.0,0.0,0.02100000000000002,ETH,2486.94,0.0
2026-10-10T00:41:58.683869+00:00,ETH-30OCT26-2950-C,2492.02,ETH-30OCT26,call,2950.0,2026-10-30T08:00:00+00:00,0.055589820396069405,0.0037,0.0041,0.003874,0.0039,2492.02,ETH-30OCT26,0.4855,0.07806,0.85746,2812.0,124.0,0.0004000000000000002,ETH,2486.94,1336.9
2026-10-10T00:41:58.683869+00:00,ETH-23OCT26-2800-P,2490.55,ETH-23OCT26,put,2800.0,2026-10-23T08:00:00+00:00,0.0364248648861447,0.1235,0.1315,0.127445,0.1275,2490.55,ETH-23OCT26,0.4361,-0.91443,0.74331,196.0,0.0,0.008000000000000007,ETH,2486.93,0.0
2026-10-10T00:41:58.683869+00:00,ETH-30OCT26-4000-P,2492.04,ETH-30OCT26,put,4000.0,2026-10-30T08:00:00+00:00,0.055589820396069405,0.5995,0.61,0.605411,0.60475,2492.04,ETH-30OCT26,0.7587999999999999,-0.99471,0.08941,0.0,0.0,0.010499999999999954,ETH,2486.94,0.0
2026-10-10T00:41:58.683869+00:00,ETH-23OCT26-2200-P,2490.55,ETH-23OCT26,put,2200.0,2026-10-23T08:00:00+00:00,0.0364248648861447,0.0045,0.0049,0.004714,0.0047,2490.55,ETH-23OCT26,0.5197999999999999,-0.09737,0.81808,1733.0,414.0,0.0004000000000000002,ETH,2486.93,5166.24
2026-10-10T00:41:58.683869+00:00,ETH-13OCT26-2520-P,2488.45,ETH-13OCT26,put,2520.0,2026-10-13T08:00:00+00:00,0.009046357014823687,0.0185,0.0205,0.019676,0.0195,2488.45,ETH-13OCT26,0.322,-0.65729,0.86962,0.0,0.0,0.0020000000000000018,ETH,2486.93,0.0
2026-10-10T00:41:58.683869+00:00,ETH-25JUN27-3000-C,2568.75,ETH-25JUN27,call,3000.0,2027-06-25T08:00:00+00:00,0.7071983077335096,0.117,0.12,0.118508,0.1185,2568.75,ETH-25JUN27,0.53,0.44997,8.55094,3361.0,21.0,0.002999999999999989,ETH,2486.93,6227.15
2026-10-10T00:41:58.683869+00:00,ETH-25DEC26-5000-P,2509.75,ETH-25DEC26,put,5000.0,2026-12-25T08:00:00+00:00,0.2089094644754671,0.9835,1.007,0.994166,0.99525,2509.75,ETH-25DEC26,0.6751,-0.9812,0.52701,1.0,0.0,0.023499999999999854,ETH,2486.93,0.0
2026-10-10T00:41:58.683869+00:00,ETH-30OCT26-2600-C,2492.02,ETH-30OCT26,call,2600.0,2026-10-30T08:00:00+00:00,0.055589820396069405,0.023,0.024,0.023752,0.0235,2492.02,ETH-30OCT26,0.4362,0.35819,2.19441,6375.0,742.0,0.0010000000000000009,ETH,2486.93,47385.5
2026-10-10T00:41:58.683869+00:00,ETH-26MAR27-3800-P,2537.99,ETH-26MAR27,put,3800.0,2027-03-26T08:00:00+00:00,0.4580538861044883,0.5175,0.5405,0.527794,0.529,2537.99,ETH-26MAR27,0.5422,-0.82037,4.5018,1.0,0.0,0.02300000000000002,ETH,2486.93,0.0
2026-10-10T00:41:58.683869+00:00,ETH-25DEC26-2300-P,2509.75,ETH-25DEC26,put,2300.0,2026-12-25T08:00:00+00:00,0.2089094644754671,0.0515,0.0525,0.052016,0.052,2509.75,ETH-25DEC26,0.5022,-0.31071,4.05133,7919.0,432.0,0.0010000000000000009,ETH,2486.93,55440.99
2026-10-10T00:41:58.683869+00:00,ETH-10OCT26-2200-C,2487.5,ETH-10OCT26,call,2200.0,2026-10-10T08:00:00+00:00,0.0008328046534273835,0.114,0.117,0.115572,0.1155,2487.5,ETH-10OCT26,1.1454,0.99991,0.00027,18.0,18.0,0.0030000000000000027,ETH,2486.93,5394.17
2026-10-10T00:41:58.683869+00:00,ETH-25DEC26-2100-P,2509.75,ETH-25DEC26,put,2100.0,2026-12-25T08:00:00+00:00,0.2089094644754671,0.0285,0.0295,0.028957,0.029,2509.75,ETH-25DEC26,0.5242,-0.19421,3.15518,3219.0,57.0,0.0009999999999999974,ETH,2486.93,4166.31
2026-10-10T00:41:58.683869+00:00,ETH-13OCT26-2520-C,2488.45,ETH-13OCT26,call,2520.0,2026-10-13T08:00:00+00:00,0.009046357014823687,0.0065,0.0075,0.006977,0.007,2488.45,ETH-13OCT26,0.322,0.34271,0.86962,99.0,101.0,0.001,ETH,2486.93,1982.99
2026-10-10T00:41:58.683869+00:00,ETH-10OCT26-2950-C,2487.48,ETH-10OCT26,call,2950.0,2026-10-10T08:00:00+00:00,0.0008328046534273835,,0.0001,0.0,,2487.48,ETH-10OCT26,0.8591,0.0,0.0,23.0,0.0,,ETH,2486.93,0.0
2026-10-10T00:41:58.683869+00:00,ETH-27NOV26-3050-C,2499.79,ETH-27NOV26,call,3050.0,2026-11-27T08:00:00+00:00,0.13224964243576826,0.0135,0.0145,0.014003,0.014,2499.79,ETH-27NOV26,0.501,0.15821,2.19577,758.0,3.0,0.0010000000000000009,ETH,2486.93,109.62
2026-10-10T00:41:58.683869+00:00,ETH-11OCT26-2620-C,2488.0,ETH-11OCT26,call,2620.0,2026-10-11T08:00:00+00:00,0.003570655440559485,,0.0002,5.9e-05,,2488.0,ETH-11OCT26,0.35969999999999996,0.00806,0.03277,277.0,81.0,,ETH,2486.93,113.51
2026-10-10T00:41:58.683869+00:00,ETH-26MAR27-2200-C,2537.99,ETH-26MAR27,call,2200.0,2027-03-26T08:00:00+00:00,0.4580538861044883,0.2085,0.2115,0.210351,0.21,2537.99,ETH-26MAR27,0.5326,0.71767,5.8059,4113.0,0.0,0.0030000000000000027,ETH,2486.93,0.0
2026-10-10T00:41:58.683869+00:00,ETH-10OCT26-2840-P,2487.48,ETH-10OCT26,put,2840.0,2026-10-10T08:00:00+00:00,0.0008328046534273835,0.138,0.145,0.141718,0.1415,2487.48,ETH-10OCT26,0.8589,-1.0,0.0,0.0,0.0,0.0069999999999999785,ETH,2486.93,0.0
2026-10-10T00:41:58.683869+00:00,ETH-11OCT26-2740-P,2488.0,ETH-11OCT26,put,2740.0,2026-10-11T08:00:00+00:00,0.003570655440559485,0.0975,0.1045,0.101297,0.101,2488.0,ETH-11OCT26,0.5053,-0.99929,0.00364,0.0,0.0,0.006999999999999992,ETH,2486.93,0.0
2026-10-10T00:41:58.683869+00:00,ETH-25DEC26-3100-C,2509.75,ETH-25DEC26,call,3100.0,2026-12-25T08:00:00+00:00,0.2089094644754671,0.025,0.026,0.025482,0.0255,2509.75,ETH-25DEC26,0.5088,0.21399,3.34291,6880.0,1236.0,0.0009999999999999974,ETH,2486.93,83284.58
2026-10-10T00:41:58.683869+00:00,ETH-30OCT26-2050-C,2492.04,ETH-30OCT26,call,2050.0,2026-10-30T08:00:00+00:00,0.055589820396069405,0.1795,0.183,0.181466,0.18125,2492.04,ETH-30OCT26,0.574,0.93424,0.75174,479.0,0.0,0.003500000000000003,ETH,2486.93,0.0
2026-10-10T00:41:58.683869+00:00,ETH-13OCT26-2420-C,2488.45,ETH-13OCT26,call,2420.0,2026-10-13T08:00:00+00:00,0.009046357014823687,0.0305,0.033,0.03173,0.03175,2488.45,ETH-13OCT26,0.3704,0.78853,0.68474,0.0,0.0,0.0025000000000000022,ETH,2486.93,0.0
2026-10-10T00:41:58.683869+00:00,ETH-26MAR27-1600-C,2537.99,ETH-26MAR27,call,1600.0,2027-03-26T08:00:00+00:00,0.4580538861044883,0.385,0.393,0.390045,0.389,2537.99,ETH-26MAR27,0.6014,0.90925,2.80678,872.0,0.0,0.008000000000000007,ETH,2486.93,0.0
2026-10-10T00:41:58.683869+00:00,ETH-25DEC26-3200-C,2509.75,ETH-25DEC26,call,3200.0,2026-12-25T08:00:00+00:00,0.2089094644754671,0.0205,0.0215,0.02089,0.021,2509.75,ETH-25DEC26,0.5162,0.18078,3.01847,69533.0,547.0,0.0009999999999999974,ETH,2486.93,29324.74
2026-10-10T00:41:58.683869+00:00,ETH-25DEC26-4400-C,2509.73,ETH-25DEC26,call,4400.0,2026-12-25T08:00:00+00:00,0.2089094644754671,0.0032,0.0037,0.003405,0.00345,2509.73,ETH-25DEC26,0.6222,0.03348,0.85468,3831.0,0.0,0.0005,ETH,2486.93,0.0
2026-10-10T00:41:58.683869+00:00,ETH-11OCT26-2520-C,2487.99,ETH-11OCT26,call,2520.0,2026-10-11T08:00:00+00:00,0.003570655440559485,0.0011,0.0014,0.001242,0.00125,2487.99,ETH-11OCT26,0.2254,0.16798,0.37307,40.0,76.0,0.0002999999999999999,ETH,2486.93,503.77
2026-10-10T00:41:58.683869+00:00,ETH-26MAR27-4000-C,2537.99,ETH-26MAR27,call,4000.0,2027-03-26T08:00:00+00:00,0.4580538861044883,0.0245,0.0255,0.024849,0.025,2537.99,ETH-26MAR27,0.5504,0.15032,4.01104,5485.0,974.0,0.0009999999999999974,ETH,2486.93,60394.32
2026-10-10T00:41:58.683869+00:00,ETH-23OCT26-2550-C,2490.55,ETH-23OCT26,call,2550.0,2026-10-23T08:00:00+00:00,0.0364248648861447,0.0205,0.0215,0.020949,0.021,2490.55,ETH-23OCT26,0.4083,0.39459,1.82964,429.0,17.0,0.0009999999999999974,ETH,2486.94,905.07
2026-10-10T00:41:58.683869+00:00,ETH-11OCT26-2520-P,2488.0,ETH-11OCT26,put,2520.0,2026-10-11T08:00:00+00:00,0.003570655440559485,0.012,0.016,0.014108,0.014,2488.0,ETH-11OCT26,0.2254,-0.83217,0.37285,142.0,10.0,0.004,ETH,2486.93,407.53
2026-10-10T00:41:58.683869+00:00,ETH-30OCT26-2100-P,2492.04,ETH-30OCT26,put,2100.0,2026-10-30T08:00:00+00:00,0.055589820396069405,0.005,0.0055,0.00523,0.00525,2492.04,ETH-30OCT26,0.551,-0.08378,0.90445,5589.0,1.0,0.0004999999999999996,ETH,2486.93,13.64
2026-10-10T00:41:58.683869+00:00,ETH-10OCT26-2720-P,2487.48,ETH-10OCT26,put,2720.0,2026-10-10T08:00:00+00:00,0.0008328046534273835,0.09,0.0965,0.093476,0.09325,2487.48,ETH-10OCT26,0.6487999999999999,-1.0,0.0,1.0,0.0,0.006500000000000006,ETH,2486.93,0.0
2026-10-10T00:41:58.683869+00:00,ETH-16OCT26-2200-P,2488.94,ETH-16OCT26,put,2200.0,2026-10-16T08:00:00+00:00,0.017259909376219993,0.0017,0.002,0.001833,0.00185,2488.94,ETH-16OCT26,0.5975,-0.05398,0.35839,1305.0,146.0,0.00030000000000000014,ETH,2486.94,859.13
2026-10-10T00:41:58.683869+00:00,ETH-12OCT26-2580-P,2488.18,ETH-12OCT26,put,2580.0,2026-10-12T08:00:00+00:00,0.006308506227691586,0.034,0.0405,0.037543,0.03725,2488.18,ETH-12OCT26,0.293,-0.94031,0.23436,2.0,2.0,0.006499999999999999,ETH,2486.94,169.91
2026-10-10T00:41:58.683869+00:00,ETH-10OCT26-2850-C,2487.5,ETH-10OCT26,call,2850.0,2026-10-10T08:00:00+00:00,0.0008328046534273835,,0.0001,0.0,,2487.5,ETH-10OCT26,0.8591,0.0,0.0,1.0,0.0,,ETH,2486.94,0.0
2026-10-10T00:41:58.683869+00:00,ETH-27NOV26-3200-C,2499.79,ETH-27NOV26,call,3200.0,2026-11-27T08:00:00+00:00,0.13224964243576826,0.009,0.01,0.00949,0.0095,2499.79,ETH-27NOV26,0.5184000000000001,0.11191,1.73066,4963.0,4.0,0.0010000000000000009,ETH,2486.94,104.56
2026-10-10T00:41:58.683869+00:00,ETH-11OCT26-2800-P,2488.0,ETH-11OCT26,put,2800.0,2026-10-11T08:00:00+00:00,0.003570655440559485,0.122,0.1285,0.125412,0.12525,2488.0,ETH-11OCT26,0.6037,-0.99945,0.00286,0.0,0.0,0.006500000000000006,ETH,2486.94,0.0
2026-10-10T00:41:58.683869+00:00,ETH-13OCT26-2500-P,2488.45,ETH-13OCT26,put,2500.0,2026-10-13T08:00:00+00:00,0.009046357014823687,0.014,0.015,0.014684,0.0145,2488.45,ETH-13OCT26,0.3211,-0.55792,0.93401,0.0,0.0,0.0009999999999999992,ETH,2486.94,0.0
2026-10-10T00:41:58.683869+00:00,ETH-24SEP27-4800-P,2599.07,ETH-24SEP27,put,4800.0,2027-09-24T08:00:00+00:00,0.9563427293625307,0.881,0.9115,0.895525,0.89625,2599.07,ETH-24SEP27,0.5629,-0.79931,7.13121,55.0,0.0,0.03049999999999997,ETH,2486.94,0.0
2026-10-10T00:41:58.683869+00:00,ETH-23OCT26-2600-C,2490.55,ETH-23OCT26,call,2600.0,2026-10-23T08:00:00+00:00,0.0364248648861447,0.014,0.015,0.014511,0.0145,2490.55,ETH-23OCT26,0.4083,0.30278,1.6595,298.0,104.0,0.0009999999999999992,ETH,2486.94,4189.18
2026-10-10T00:41:58.683869+00:00,ETH-27NOV26-3600-P,2499.79,ETH-27NOV26,put,3600.0,2026-11-27T08:00:00+00:00,0.13224964243576826,0.4375,0.4515,0.444103,0.4445,2499.79,ETH-27NOV26,0.5708,-0.95092,0.92386,10.0,0.0,0.014000000000000012,ETH,2486.94,0.0
2026-10-10T00:41:58.683869+00:00,ETH-26MAR27-4600-C,2537.99,ETH-26MAR27,call,4600.0,2027-03-26T08:00:00+00:00,0.4580538861044883,0.014,0.0145,0.014146,0.01425,2537.99,ETH-26MAR27,0.5743,0.09087,2.80967,1905.0,0.0,0.0005000000000000004,ETH,2486.94,0.0
2026-10-10T00:41:58.683869+00:00,ETH-27NOV26-4400-P,2499.79,ETH-27NOV26,put,4400.0,2026-11-27T08:00:00+00:00,0.13224964243576826,0.7535,0.77,0.761363,0.76175,2499.79,ETH-27NOV26,0.6748000000000001,-0.98543,0.33586,0.0,0.0,0.01650000000000007,ETH,2486.94,0.0
2026-10-10T00:41:58.683869+00:00,ETH-30OCT26-3600-C,2492.04,ETH-30OCT26,call,3600.0,2026-10-30T08:00:00+00:00,0.055589820396069405,0.0005,0.0007,0.000594,0.0006,2492.04,ETH-30OCT26,0.6638,0.01152,0.17715,8965.0,0.0,0.00019999999999999998,ETH,2486.94,0.0
2026-10-10T00:41:58.683869+00:00,ETH-26MAR27-2000-C,2537.99,ETH-26MAR27,call,2000.0,2027-03-26T08:00:00+00:00,0.4580538861044883,0.2575,0.266,0.263171,0.26175,2537.99,ETH-26MAR27,0.5472,0.79605,4.86605,1849.0,0.0,0.008500000000000008,ETH,2486.94,0.0
2026-10-10T00:41:58.683869+00:00,ETH-24SEP27-6000-P,2599.09,ETH-24SEP27,put,6000.0,2027-09-24T08:00:00+00:00,0.9563427293625307,1.314,1.355,1.335718,1.3345,2599.09,ETH-24SEP27,0.5861,-0.87955,5.09831,0.0,0.0,0.040999999999999925,ETH,2486.93,0.0
2026-10-10T00:41:58.683869+00:00,ETH-25JUN27-5000-P,2568.75,ETH-25JUN27,put,5000.0,2027-06-25T08:00:00+00:00,0.7071983077335096,0.956,0.99,0.971566,0.973,2568.75,ETH-25JUN27,0.5726,-0.87331,4.4892,0.0,0.0,0.03400000000000003,ETH,2486.94,0.0
2026-10-10T00:41:58.683869+00:00,ETH-30OCT26-3100-C,2492.02,ETH-30OCT26,call,3100.0,2026-10-30T08:00:00+00:00,0.055589820396069405,0.002,0.0023,0.002139,0.00215,2492.02,ETH-30OCT26,0.5241,0.04398,0.54674,5129.0,30.0,0.0002999999999999999,ETH,2486.93,179.93
2026-10-10T00:41:58.683869+00:00,ETH-10OCT26-2700-P,2487.48,ETH-10OCT26,put,2700.0,2026-10-10T08:00:00+00:00,0.0008328046534273835,0.082,0.0885,0.085436,0.08525,2487.48,ETH-10OCT26,0.6228,-1.0,1e-05,0.0,0.0,0.006499999999999992,ETH,2486.93,0.0
2026-10-10T00:41:58.683869+00:00,ETH-27NOV26-3300-P,2499.79,ETH-27NOV26,put,3300.0,2026-11-27T08:00:00+00:00,0.13224964243576826,0.3215,0.334,0.327631,0.32775,2499.79,ETH-27NOV26,0.5315,-0.91003,1.47596,0.0,0.0,0.012500000000000011,ETH,2486.93,0.0
2026-10-10T00:41:58.683869+00:00,ETH-10OCT26-2550-P,2487.48,ETH-10OCT26,put,2550.0,2026-10-10T08:00:00+00:00,0.0008328046534273835,0.022,0.0285,0.025189,0.02525,2487.48,ETH-10OCT26,0.3907,-0.98694,0.02404,0.0,0.0,0.006500000000000002,ETH,2486.93,0.0
2026-10-10T00:41:58.683869+00:00,ETH-27NOV26-2250-P,2499.79,ETH-27NOV26,put,2250.0,2026-11-27T08:00:00+00:00,0.13224964243576826,0.03,0.031,0.03051,0.0305,2499.79,ETH-27NOV26,0.5038,-0.25313,2.90809,766.0,30.0,0.0010000000000000009,ETH,2486.93,2244.6
2026-10-10T00:41:58.683869+00:00,ETH-25JUN27-3500-C,2568.73,ETH-25JUN27,call,3500.0,2027-06-25T08:00:00+00:00,0.7071983077335096,0.0745,0.077,0.07578,0.07575,2568.73,ETH-25JUN27,0.5356000000000001,0.32211,7.74714,2214.0,0.0,0.0025000000000000022,ETH,2486.93,0.0
2026-10-10T00:41:58.683869+00:00,ETH-12OCT26-2500-P,2488.18,ETH-12OCT26,put,2500.0,2026-10-12T08:00:00+00:00,0.006308506227691586,0.0105,0.0115,0.010937,0.011,2488.18,ETH-12OCT26,0.2622,-0.59212,0.76696,610.0,9.0,0.0009999999999999992,ETH,2486.93,289.35
2026-10-10T00:41:58.683869+00:00,ETH-25JUN27-3600-P,2568.75,ETH-25JUN27,put,3600.0,2027-06-25T08:00:00+00:00,0.7071983077335096,0.46,0.4825,0.471111,0.47125,2568.75,ETH-25JUN27,0.5376,-0.6987,7.52636,0.0,0.0,0.022499999999999964,ETH,2486.93,0.0
2026-10-10T00:41:58.683869+00:00,ETH-11OCT26-2500-P,2488.0,ETH-11OCT26,put,2500.0,2026-10-11T08:00:00+00:00,0.003570655440559485,0.007,0.0085,0.007956,0.00775,2488.0,ETH-11OCT26,0.21719999999999998,-0.65035,0.55006,1746.0,192.0,0.0015000000000000005,ETH,2486.93,4277.26
2026-10-10T00:41:58.683869+00:00,ETH-26MAR27-1400-P,2537.99,ETH-26MAR27,put,1400.0,2027-03-26T08:00:00+00:00,0.4580538861044883,0.012,0.013,0.012485,0.0125,2537.99,ETH-26MAR27,0.6422,-0.05647,1.95112,1995.0,2.0,0.0009999999999999992,ETH,2486.93,64.63
2026-10-10T00:41:58.683869+00:00,ETH-26MAR27-1800-P,2537.99,ETH-26MAR27,put,1800.0,2027-03-26T08:00:00+00:00,0.4580538861044883,0.032,0.0335,0.032728,0.03275,2537.99,ETH-26MAR27,0.5692,-0.13926,3.80977,3079.0,403.0,0.0015000000000000013,ETH,2486.93,33510.31
2026-10-10T00:41:58.683869+00:00,ETH-26MAR27-3500-C,2537.99,ETH-26MAR27,call,3500.0,2027-03-26T08:00:00+00:00,0.4580538861044883,0.042,0.0435,0.042763,0.04275,2537.99,ETH-26MAR27,0.5325,0.23829,5.3195,4832.0,0.0,0.0014999999999999944,ETH,2486.93,0.0
2026-10-10T00:41:58.683869+00:00,ETH-30OCT26-3800-P,2492.02,ETH-30OCT26,put,3800.0,2026-10-30T08:00:00+00:00,0.055589820396069405,0.52,0.53,0.525258,0.525,2492.02,ETH-30OCT26,0.7104,-0.99257,0.12068,0.0,0.0,0.010000000000000009,ETH,2486.93,0.0
2026-10-10T00:41:58.683869+00:00,ETH-27NOV26-2100-C,2499.79,ETH-27NOV26,call,2100.0,2026-11-27T08:00:00+00:00,0.13224964243576826,0.1735,0.18,0.177459,0.17675,2499.79,ETH-27NOV26,0.5297,0.84122,2.20095,1.0,0.0,0.006500000000000006,ETH,2486.93,0.0
2026-10-10T00:41:58.683869+00:00,ETH-30OCT26-2200-C,2492.02,ETH-30OCT26,call,2200.0,2026-10-30T08:00:00+00:00,0.055589820396069405,0.1235,0.1275,0.125886,0.1255,2492.02,ETH-30OCT26,0.5085999999999999,0.86365,1.28449,1278.0,0.0,0.0040000000000000036,ETH,2486.93,0.0
2026-10-10T00:41:58.683869+00:00,ETH-25JUN27-1500-P,2568.75,ETH-25JUN27,put,1500.0,2027-06-25T08:00:00+00:00,0.7071983077335096,0.027,0.0285,0.027728,0.02775,2568.75,ETH-25JUN27,0.6,-0.0938,3.61735,654.0,0.0,0.0015000000000000013,ETH,2486.93,0.0
2026-10-10T00:41:58.683869+00:00,ETH-26MAR27-3600-P,2537.99,ETH-26MAR27,put,3600.0,2027-03-26T08:00:00+00:00,0.4580538861044883,0.446,0.469,0.4567,0.4575,2537.99,ETH-26MAR27,0.5361,-0.78299,5.04652,1.0,0.0,0.022999999999999965,ETH,2486.93,0.0
2026-10-10T00:41:58.683869+00:00,ETH-10OCT26-2580-P,2487.48,ETH-10OCT26,put,2580.0,2026-10-10T08:00:00+00:00,0.0008328046534273835,0.034,0.0405,0.037196,0.03725,2487.48,ETH-10OCT26,0.3935,-0.99941,0.00149,638.0,0.0,0.006499999999999999,ETH,2486.93,0.0
2026-10-10T00:41:58.683869+00:00,ETH-26MAR27-1900-C,2537.97,ETH-26MAR27,call,1900.0,2027-03-26T08:00:00+00:00,0.4580538861044883,0.2875,0.296,0.292554,0.29175,2537.97,ETH-26MAR27,0.5577000000000001,0.83019,4.34402,4251.0,0.0,0.008500000000000008,ETH,2486.93,0.0
2026-10-10T00:41:58.683869+00:00,ETH-12OCT26-2440-C,2488.18,ETH-12OCT26,call,2440.0,2026-10-12T08:00:00+00:00,0.006308506227691586,0.0215,0.0235,0.022633,0.0225,2488.18,ETH-12OCT26,0.3243,0.77643,0.59031,163.0,22.0,0.0020000000000000018,ETH,2486.93,1595.25
2026-10-10T00:41:58.683869+00:00,ETH-24SEP27-2100-P,2599.07,ETH-24SEP27,put,2100.0,2027-09-24T08:00:00+00:00,0.9563427293625307,0.108,0.111,0.109407,0.1095,2599.07,ETH-24SEP27,0.5476,-0.2529,8.12702,430.0,5.0,0.0030000000000000027,ETH,2486.93,1326.32
2026-10-10T00:41:58.683869+00:00,ETH-26MAR27-1900-P,2537.99,ETH-26MAR27,put,1900.0,2027-03-26T08:00:00+00:00,0.4580538861044883,0.0405,0.042,0.041201,0.04125,2537.99,ETH-26MAR27,0.5577000000000001,-0.16981,4.34405,3518.0,0.0,0.0015000000000000013,ETH,2486.93,0.0
2026-10-10T00:41:58.683869+00:00,ETH-12OCT26-2560-P,2488.17,ETH-12OCT26,put,2560.0,2026-10-12T08:00:00+00:00,0.006308506227691586,0.026,0.033,0.02989,0.0295,2488.17,ETH-12OCT26,0.27449999999999997,-0.90457,0.33498,2.0,2.0,0.007000000000000003,ETH,2486.94,134.96
2026-10-10T00:41:58.683869+00:00,ETH-11OCT26-2100-P,2488.0,ETH-11OCT26,put,2100.0,2026-10-11T08:00:00+00:00,0.003570655440559485,,0.0001,3.1e-05,,2488.0,ETH-11OCT26,0.9845,-0.00182,0.00865,615.0,615.0,,ETH,2486.93,202.95
2026-10-10T00:41:58.683869+00:00,ETH-27NOV26-2250-C,2499.79,ETH-27NOV26,call,2250.0,2026-11-27T08:00:00+00:00,0.13224964243576826,0.1265,0.1335,0.130413,0.13,2499.79,ETH-27NOV26,0.5038,0.74687,2.90809,126.0,0.0,0.007000000000000006,ETH,2486.93,0.0
2026-10-10T00:41:58.683869+00:00,ETH-25JUN27-6500-C,2568.75,ETH-25JUN27,call,6500.0,2027-06-25T08:00:00+00:00,0.7071983077335096,0.0105,0.012,0.011241,0.01125,2568.75,ETH-25JUN27,0.6114,0.06076,2.59903,933.0,5.0,0.0014999999999999996,ETH,2486.94,130.6
2026-10-10T00:41:58.683869+00:00,ETH-30OCT26-2700-C,2492.02,ETH-30OCT26,call,2700.0,2026-10-30T08:00:00+00:00,0.055589820396069405,0.013,0.014,0.013638,0.0135,2492.02,ETH-30OCT26,0.4403,0.23497,1.80552,5745.0,562.0,0.0010000000000000009,ETH,2486.94,20991.87
2026-10-10T00:41:58.683869+00:00,ETH-16OCT26-2850-C,2488.94,ETH-16OCT26,call,2850.0,2026-10-16T08:00:00+00:00,0.017259909376219993,0.0004,0.0006,0.000488,0.0005,2488.94,ETH-16OCT26,0.4975,0.0205,0.16166,835.0,110.0,0.00019999999999999993,ETH,2486.94,116.64
2026-10-10T00:41:58.683869+00:00,ETH-10OCT26-2800-C,2487.48,ETH-10OCT26,call,2800.0,2026-10-10T08:00:00+00:00,0.0008328046534273835,,0.0001,0.0,,2487.48,ETH-10OCT26,0.805,0.0,0.0,105.0,0.0,,ETH,2486.94,0.0
2026-10-10T00:41:58.683869+00:00,ETH-11OCT26-2780-C,2488.0,ETH-11OCT26,call,2780.0,2026-10-11T08:00:00+00:00,0.003570655440559485,,0.0001,5e-06,,2488.0,ETH-11OCT26,0.5710999999999999,0.00059,0.00307,24.0,0.0,,ETH,2486.94,0.0
2026-10-10T00:41:58.683869+00:00,ETH-16OCT26-2750-P,2488.96,ETH-16OCT26,put,2750.0,2026-10-16T08:00:00+00:00,0.017259909376219993,0.1015,0.1095,0.105903,0.1055,2488.96,ETH-16OCT26,0.4376,-0.95647,0.30175,773.0,8.0,0.007999999999999993,ETH,2486.94,2039.14
2026-10-10T00:41:58.683869+00:00,ETH-10OCT26-2300-P,2487.5,ETH-10OCT26,put,2300.0,2026-10-10T08:00:00+00:00,0.0008328046534273835,,0.0001,3e-06,,2487.5,ETH-10OCT26,0.8358,-0.00056,0.0014,4277.0,1713.0,,ETH,2486.94,1079.62
2026-10-10T00:41:58.683869+00:00,ETH-24SEP27-4200-C,2599.07,ETH-24SEP27,call,4200.0,2027-09-24T08:00:00+00:00,0.9563427293625307,0.0675,0.0705,0.068908,0.069,2599.07,ETH-24SEP27,0.5523,0.26807,8.37461,24.0,0.0,0.002999999999999989,ETH,2486.94,0.0
2026-10-10T00:41:58.683869+00:00,ETH-25DEC26-2600-P,2509.73,ETH-25DEC26,put,2600.0,2026-12-25T08:00:00+00:00,0.2089094644754671,0.1095,0.111,0.110453,0.11025,2509.73,ETH-25DEC26,0.493,-0.51796,4.57216,1479.0,0.0,0.0015000000000000013,ETH,2486.94,0.0
2026-10-10T00:41:58.683869+00:00,ETH-10OCT26-2350-C,2487.5,ETH-10OCT26,call,2350.0,2026-10-10T08:00:00+00:00,0.0008328046534273835,0.0525,0.0585,0.055297,0.0555,2487.5,ETH-10OCT26,0.7518,0.99571,0.00903,5.0,0.0,0.006000000000000005,ETH,2486.94,0.0
2026-10-10T00:41:58.683869+00:00,ETH-10OCT26-2480-P,2487.48,ETH-10OCT26,put,2480.0,2026-10-10T08:00:00+00:00,0.0008328046534273835,0.0016,0.002,0.001773,0.0018,2487.48,ETH-10OCT26,0.26530000000000004,-0.35758,0.26703,1011.0,990.0,0.00039999999999999996,ETH,2486.94,10738.8
2026-10-10T00:41:58.683869+00:00,ETH-16OCT26-2900-C,2488.96,ETH-16OCT26,call,2900.0,2026-10-16T08:00:00+00:00,0.017259909376219993,0.0003,0.0005,0.000385,0.0004,2488.96,ETH-16OCT26,0.5324,0.01564,0.12832,5731.0,234.0,0.00020000000000000004,ETH,2486.94,250.45
2026-10-10T00:41:58.683869+00:00,ETH-12OCT26-2240-P,2488.18,ETH-12OCT26,put,2240.0,2026-10-12T08:00:00+00:00,0.006308506227691586,0.0004,0.0006,0.000476,0.0005,2488.18,ETH-12OCT26,0.6738,-0.02372,0.11047,10.0,10.0,0.00019999999999999993,ETH,2486.9,17.52
2026-10-10T00:41:58.683869+00:00,ETH-23OCT26-3400-C,2490.55,ETH-23OCT26,call,3400.0,2026-10-23T08:00:00+00:00,0.0364248648861447,0.0001,0.0003,0.000177,0.0002,2490.55,ETH-23OCT26,0.6177,0.0049,0.06746,485.0,57.0,0.00019999999999999998,ETH,2486.9,28.32
2026-10-10T00:41:58.683869+00:00,ETH-25DEC26-2900-C,2509.75,ETH-25DEC26,call,2900.0,2026-12-25T08:00:00+00:00,0.2089094644754671,0.0385,0.0395,0.038979,0.039,2509.75,ETH-25DEC26,0.4987,0.30127,3.9965,5757.0,955.0,0.0010000000000000009,ETH,2486.94,93586.26
2026-10-10T00:41:58.683869+00:00,ETH-27NOV26-4000-P,2499.79,ETH-27NOV26,put,4000.0,2026-11-27T08:00:00+00:00,0.13224964243576826,0.5945,0.6105,0.602165,0.6025,2499.79,ETH-27NOV26,0.6236,-0.975,0.53135,0.0,0.0,0.016000000000000014,ETH,2486.94,0.0
2026-10-10T00:41:58.683869+00:00,ETH-26MAR27-2700-P,2537.99,ETH-26MAR27,put,2700.0,2027-03-26T08:00:00+00:00,0.4580538861044883,0.1775,0.179,0.178221,0.17825,2537.99,ETH-26MAR27,0.5196000000000001,-0.5003,6.85316,1440.0,17.0,0.0015000000000000013,ETH,2486.9,7456.45
2026-10-10T00:41:58.683869+00:00,ETH-24SEP27-2800-P,2599.09,ETH-24SEP27,put,2800.0,2027-09-24T08:00:00+00:00,0.9563427293625307,0.2525,0.2605,0.256339,0.2565,2599.09,ETH-24SEP27,0.5379999999999999,-0.45178,10.06662,1382.0,0.0,0.008000000000000007,ETH,2486.94,0.0
2026-10-10T00:41:58.683869+00:00,ETH-13OCT26-2560-P,2488.45,ETH-13OCT26,put,2560.0,2026-10-13T08:00:00+00:00,0.009046357014823687,0.03,0.0345,0.031767,0.03225,2488.45,ETH-13OCT26,0.32280000000000003,-0.82027,0.62032,0.0,0.0,0.004500000000000004,ETH,2486.9,0.0
2026-10-10T00:41:58.683869+00:00,ETH-10OCT26-2600-P,2487.48,ETH-10OCT26,put,2600.0,2026-10-10T08:00:00+00:00,0.0008328046534273835,0.042,0.0485,0.045235,0.04525,2487.48,ETH-10OCT26,0.42340000000000005,-0.99987,0.00037,100.0,0.0,0.006499999999999999,ETH,2486.9,0.0
2026-10-10T00:41:58.683869+00:00,ETH-13OCT26-2250-P,2488.45,ETH-13OCT26,put,2250.0,2026-10-13T08:00:00+00:00,0.009046357014823687,0.0007,0.001,0.000835,0.00085,2488.45,ETH-13OCT26,0.5985,-0.03647,0.18913,0.0,0.0,0.00030000000000000003,ETH,2486.9,0.0
2026-10-10T00:41:58.683869+00:00,ETH-24SEP27-2300-C,2599.07,ETH-24SEP27,call,2300.0,2027-09-24T08:00:00+00:00,0.9563427293625307,0.258,0.263,0.259674,0.2605,2599.07,ETH-24SEP27,0.542,0.68977,8.97067,21.0,0.0,0.0050000000000000044,ETH,2486.9,0.0
2026-10-10T00:41:58.683869+00:00,ETH-24SEP27-4000-C,2599.07,ETH-24SEP27,call,4000.0,2027-09-24T08:00:00+00:00,0.9563427293625307,0.0765,0.0795,0.077974,0.078,2599.07,ETH-24SEP27,0.5489,0.29633,8.78869,722.0,0.0,0.0030000000000000027,ETH,2486.9,0.0
2026-10-10T00:41:58.683869+00:00,ETH-26MAR27-3400-C,2537.99,ETH-26MAR27,call,3400.0,2027-03-26T08:00:00+00:00,0.4580538861044883,0.0475,0.049,0.048218,0.04825,2537.99,ETH-26MAR27,0.5303,0.2625,5.59948,4177.0,0.0,0.0015000000000000013,ETH,2486.9,0.0
2026-10-10T00:41:58.683869+00:00,ETH-12OCT26-2250-P,2488.18,ETH-12OCT26,put,2250.0,2026-10-12T08:00:00+00:00,0.006308506227691586,0.0004,0.0006,0.000483,0.0005,2488.18,ETH-12OCT26,0.6511,-0.02473,0.1144,538.0,538.0,0.00019999999999999993,ETH,2486.92,1484.8
2026-10-10T00:41:58.683869+00:00,ETH-13OCT26-2500-C,2488.45,ETH-13OCT26,call,2500.0,2026-10-13T08:00:00+00:00,0.009046357014823687,0.0095,0.0105,0.010022,0.01,2488.45,ETH-13OCT26,0.3211,0.44214,0.93404,3.0,3.0,0.0010000000000000009,ETH,2486.92,102.42
2026-10-10T00:41:58.683869+00:00,ETH-24SEP27-1800-C,2599.07,ETH-24SEP27,call,1800.0,2027-09-24T08:00:00+00:00,0.9563427293625307,0.3665,0.381,0.37513,0.37375,2599.07,ETH-24SEP27,0.5626,0.82695,6.50588,0.0,0.0,0.014500000000000013,ETH,2486.92,0.0
2026-10-10T00:41:58.683869+00:00,ETH-25JUN27-900-P,2568.75,ETH-25JUN27,put,900.0,2027-06-25T08:00:00+00:00,0.7071983077335096,0.006,0.007,0.006484,0.0065,2568.75,ETH-25JUN27,0.7343000000000001,-0.02241,1.15159,925.0,0.0,0.001,ETH,2486.92,0.0
2026-10-10T00:41:58.683869+00:00,ETH-11OCT26-2660-P,2488.0,ETH-11OCT26,put,2660.0,2026-10-11T08:00:00+00:00,0.003570655440559485,0.0655,0.0725,0.069144,0.069,2488.0,ETH-11OCT26,0.36829999999999996,-0.99882,0.0058,0.0,0.0,0.006999999999999992,ETH,2486.92,0.0
2026-10-10T00:41:58.683869+00:00,ETH-24SEP27-2200-C,2599.07,ETH-24SEP27,call,2200.0,2027-09-24T08:00:00+00:00,0.9563427293625307,0.276,0.284,0.279781,0.28,2599.07,ETH-24SEP27,0.5443,0.71863,8.57672,1.0,0.0,0.007999999999999952,ETH,2486.92,0.0
2026-10-10T00:41:58.683869+00:00,ETH-24SEP27-1900-P,2599.09,ETH-24SEP27,put,1900.0,2027-09-24T08:00:00+00:00,0.9563427293625307,0.079,0.0815,0.080122,0.08025,2599.09,ETH-24SEP27,0.5566,-0.19845,7.08318,0.0,0.0,0.0025000000000000022,ETH,2486.92,0.0
2026-10-10T00:41:58.683869+00:00,ETH-30OCT26-3300-C,2492.04,ETH-30OCT26,call,3300.0,2026-10-30T08:00:00+00:00,0.055589820396069405,0.0011,0.0013,0.001156,0.0012,2492.04,ETH-30OCT26,0.58,0.0235,0.32598,3575.0,41.0,0.00019999999999999987,ETH,2486.92,112.91
2026-10-10T00:41:58.683869+00:00,ETH-25JUN27-1300-C,2568.73,ETH-25JUN27,call,1300.0,2027-06-25T08:00:00+00:00,0.7071983077335096,0.508,0.514,0.51165,0.511,2568.73,ETH-25JUN27,0.6343,0.93854,2.62238,108.0,0.0,0.006000000000000005,ETH,2486.92,0.0
2026-10-10T00:41:58.683869+00:00,ETH-12OCT26-2480-P,2488.17,ETH-12OCT26,put,2480.0,2026-10-12T08:00:00+00:00,0.006308506227691586,0.007,0.0075,0.007277,0.00725,2488.17,ETH-12OCT26,0.2785,-0.44258,0.77989,55.0,21.0,0.0004999999999999996,ETH,2486.87,493.04
2026-10-10T00:41:58.683869+00:00,ETH-11OCT26-2480-P,2488.0,ETH-11OCT26,put,2480.0,2026-10-11T08:00:00+00:00,0.003570655440559485,0.0037,0.0043,0.003954,0.004,2488.0,ETH-11OCT26,0.2273,-0.41236,0.5783,1269.0,1766.0,0.0005999999999999998,ETH,2486.92,29708.57
2026-10-10T00:41:58.683869+00:00,ETH-25DEC26-1500-C,2509.75,ETH-25DEC26,call,1500.0,2026-12-25T08:00:00+00:00,0.2089094644754671,0.404,0.4085,0.407004,0.40625,2509.75,ETH-25DEC26,0.675,0.96571,0.87165,749.0,0.0,0.0044999999999999485,ETH,2486.87,0.0
2026-10-10T00:41:58.683869+00:00,ETH-16OCT26-2400-C,2488.96,ETH-16OCT26,call,2400.0,2026-10-16T08:00:00+00:00,0.017259909376219993,0.0435,0.0455,0.044455,0.0445,2488.96,ETH-16OCT26,0.4304,0.74742,1.04462,376.0,81.0,0.0020000000000000018,ETH,2486.87,9930.42
2026-10-10T00:41:58.683869+00:00,ETH-30OCT26-3400-C,2492.04,ETH-30OCT26,call,3400.0,2026-10-30T08:00:00+00:00,0.055589820396069405,0.0008,0.001,0.000897,0.0009,2492.04,ETH-30OCT26,0.6079,0.01799,0.25996,9052.0,127.0,0.00019999999999999998,ETH,2486.87,296.42
2026-10-10T00:41:58.683869+00:00,ETH-27NOV26-2750-P,2499.79,ETH-27NOV26,put,2750.0,2026-11-27T08:00:00+00:00,0.13224964243576826,0.1315,0.139,0.134061,0.13525,2499.79,ETH-27NOV26,0.4826,-0.67617,3.26726,1289.0,0.0,0.007500000000000007,ETH,2486.87,0.0
2026-10-10T00:41:58.683869+00:00,ETH-12OCT26-2300-P,2488.18,ETH-12OCT26,put,2300.0,2026-10-12T08:00:00+00:00,0.006308506227691586,0.0006,0.0008,0.000688,0.0007,2488.18,ETH-12OCT26,0.5639,-0.03828,0.16425,4223.0,4505.0,0.0002000000000000001,ETH,2486.88,14496.96
2026-10-10T00:41:58.683869+00:00,ETH-12OCT26-2540-C,2488.17,ETH-12OCT26,call,2540.0,2026-10-12T08:00:00+00:00,0.006308506227691586,0.0017,0.002,0.001833,0.00185,2488.17,ETH-12OCT26,0.2648,0.16247,0.48545,1020.0,867.0,0.00030000000000000014,ETH,2486.88,10683.54
2026-10-10T00:41:58.683869+00:00,ETH-24SEP27-3300-C,2599.07,ETH-24SEP27,call,3300.0,2027-09-24T08:00:00+00:00,0.9563427293625307,0.123,0.1265,0.124688,0.12475,2599.07,ETH-24SEP27,0.5402,0.42538,9.96281,150.0,0.0,0.003500000000000003,ETH,2486.87,0.0
2026-10-10T00:41:58.683869+00:00,ETH-13OCT26-2360-P,2488.45,ETH-13OCT26,put,2360.0,2026-10-13T08:00:00+00:00,0.009046357014823687,0.0018,0.0021,0.001982,0.00195,2488.45,ETH-13OCT26,0.43920000000000003,-0.0998,0.41467,46.0,46.0,0.0002999999999999999,ETH,2486.88,298.64
2026-10-10T00:41:58.683869+00:00,ETH-25DEC26-11000-P,2509.73,ETH-25DEC26,put,11000.0,2026-12-25T08:00:00+00:00,0.2089094644754671,3.3545,3.391,3.383006,3.37275,2509.73,ETH-25DEC26,0.9389,-0.99938,0.02498,774.0,0.0,0.0365000000000002,ETH,2486.88,0.0
2026-10-10T00:41:58.683869+00:00,ETH-10OCT26-2860-P,2487.5,ETH-10OCT26,put,2860.0,2026-10-10T08:00:00+00:00,0.0008328046534273835,0.146,0.153,0.149758,0.1495,2487.5,ETH-10OCT26,0.8591,-1.0,0.0,0.0,0.0,0.007000000000000006,ETH,2486.88,0.0
2026-10-10T00:41:58.683869+00:00,ETH-25DEC26-2800-C,2509.73,ETH-25DEC26,call,2800.0,2026-12-25T08:00:00+00:00,0.2089094644754671,0.048,0.049,0.048474,0.0485,2509.73,ETH-25DEC26,0.49570000000000003,0.35548,4.27304,10885.0,127.0,0.0010000000000000009,ETH,2486.88,15819.52
2026-10-10T00:41:58.683869+00:00,ETH-27NOV26-4200-C,2499.79,ETH-27NOV26,call,4200.0,2026-11-27T08:00:00+00:00,0.13224964243576826,0.0013,0.0017,0.00149,0.0015,2499.79,ETH-27NOV26,0.6486,0.01867,0.41509,812.0,0.0,0.00039999999999999996,ETH,2486.88,0.0
2026-10-10T00:41:58.683869+00:00,ETH-30OCT26-1800-C,2492.02,ETH-30OCT26,call,1800.0,2026-10-30T08:00:00+00:00,0.055589820396069405,0.277,0.2805,0.279037,0.27875,2492.02,ETH-30OCT26,0.7049,0.97924,0.29365,110.0,0.0,0.003500000000000003,ETH,2486.88,0.0
2026-10-10T00:41:58.683869+00:00,ETH-25JUN27-1800-P,2568.75,ETH-25JUN27,put,1800.0,2027-06-25T08:00:00+00:00,0.7071983077335096,0.05,0.052,0.050964,0.051,2568.75,ETH-25JUN27,0.5624,-0.16164,5.29155,1776.0,0.0,0.001999999999999995,ETH,2486.88,0.0
2026-10-10T00:41:58.683869+00:00,ETH-23OCT26-2350-C,2490.55,ETH-23OCT26,call,2350.0,2026-10-23T08:00:00+00:00,0.0364248648861447,0.0675,0.07,0.06879,0.06875,2490.55,ETH-23OCT26,0.4493,0.76314,1.46698,0.0,0.0,0.0025000000000000022,ETH,2486.87,0.0
2026-10-10T00:41:58.683869+00:00,ETH-25DEC26-3400-P,2509.75,ETH-25DEC26,put,3400.0,2026-12-25T08:00:00+00:00,0.2089094644754671,0.361,0.3775,0.368746,0.36925,2509.75,ETH-25DEC26,0.529,-0.87186,2.40276,89.0,0.0,0.016500000000000015,ETH,2486.87,0.0
2026-10-10T00:41:58.683869+00:00,ETH-13OCT26-2460-C,2488.45,ETH-13OCT26,call,2460.0,2026-10-13T08:00:00+00:00,0.009046357014823687,0.0185,0.02,0.019326,0.01925,2488.45,ETH-13OCT26,0.3398,0.64174,0.88375,0.0,0.0,0.0015000000000000013,ETH,2486.87,0.0
2026-10-10T00:41:58.683869+00:00,ETH-23OCT26-2850-C,2490.53,ETH-23OCT26,call,2850.0,2026-10-23T08:00:00+00:00,0.0364248648861447,0.0022,0.0025,0.002294,0.00235,2490.53,ETH-23OCT26,0.45,0.0631,0.58893,3271.0,6.0,0.0002999999999999999,ETH,2486.87,36.85
2026-10-10T00:41:58.683869+00:00,ETH-10OCT26-2660-C,2487.5,ETH-10OCT26,call,2660.0,2026-10-10T08:00:00+00:00,0.0008328046534273835,,0.0001,0.0,,2487.5,ETH-10OCT26,0.5509000000000001,1e-05,4e-05,636.0,513.0,,ETH,2486.87,131.69
2026-10-10T00:41:58.683869+00:00,ETH-13OCT26-2600-P,2488.45,ETH-13OCT26,put,2600.0,2026-10-13T08:00:00+00:00,0.009046357014823687,0.0425,0.05,0.046182,0.04625,2488.45,ETH-13OCT26,0.34,-0.91117,0.38052,0.0,0.0,0.0075,ETH,2486.87,0.0
2026-10-10T00:41:58.683869+00:00,ETH-25DEC26-1000-P,2509.75,ETH-25DEC26,put,1000.0,2026-12-25T08:00:00+00:00,0.2089094644754671,0.0008,0.0012,0.000991,0.001,2509.75,ETH-25DEC26,0.8848999999999999,-0.00664,0.21333,18356.0,10.0,0.00039999999999999986,ETH,2486.87,22.48
2026-10-10T00:41:58.683869+00:00,ETH-27NOV26-2200-P,2499.79,ETH-27NOV26,put,2200.0,2026-11-27T08:00:00+00:00,0.13224964243576826,0.025,0.026,0.025502,0.0255,2499.79,ETH-27NOV26,0.5119,-0.21838,2.68043,3121.0,22.0,0.0009999999999999974,ETH,2486.87,1449.64
2026-10-10T00:41:58.683869+00:00,ETH-12OCT26-2660-C,2488.17,ETH-12OCT26,call,2660.0,2026-10-12T08:00:00+00:00,0.006308506227691586,0.0001,0.0002,0.000152,0.00015,2488.17,ETH-12OCT26,0.3818,0.01414,0.07109,256.0,47.0,0.0001,ETH,2486.87,33.22
2026-10-10T00:41:58.683869+00:00,ETH-25JUN27-3700-P,2568.73,ETH-25JUN27,put,3700.0,2027-06-25T08:00:00+00:00,0.7071983077335096,0.493,0.517,0.504427,0.505,2568.73,ETH-25JUN27,0.5395,-0.71825,7.29437,0.0,0.0,0.02400000000000002,ETH,2486.87,0.0
2026-10-10T00:41:58.683869+00:00,ETH-16OCT26-2450-C,2488.96,ETH-16OCT26,call,2450.0,2026-10-16T08:00:00+00:00,0.017259909376219993,0.029,0.0305,0.029658,0.02975,2488.96,ETH-16OCT26,0.4021,0.62519,1.23957,218.0,10.0,0.0014999999999999979,ETH,2486.87,861.56
2026-10-10T00:41:58.683869+00:00,ETH-12OCT26-2680-C,2488.17,ETH-12OCT26,call,2680.0,2026-10-12T08:00:00+00:00,0.006308506227691586,,0.0001,7.4e-05,,2488.17,ETH-12OCT26,0.3822,0.00738,0.04032,20.0,1.0,,ETH,2486.87,0.5
2026-10-10T00:41:58.683869+00:00,ETH-11OCT26-2900-C,2488.0,ETH-11OCT26,call,2900.0,2026-10-11T08:00:00+00:00,0.003570655440559485,,0.0001,4e-06,,2488.0,ETH-11OCT26,0.7509,0.00034,0.00182,1.0,0.0,,ETH,2486.87,0.0
2026-10-10T00:41:58.683869+00:00,ETH-10OCT26-2740-P,2487.48,ETH-10OCT26,put,2740.0,2026-10-10T08:00:00+00:00,0.0008328046534273835,0.098,0.1045,0.101516,0.10125,2487.48,ETH-10OCT26,0.6887000000000001,-1.0,0.0,12.0,0.0,0.006499999999999992,ETH,2486.87,0.0
2026-10-10T00:41:58.683869+00:00,ETH-13OCT26-2200-P,2488.45,ETH-13OCT26,put,2200.0,2026-10-13T08:00:00+00:00,0.009046357014823687,0.0005,0.0007,0.000631,0.0006,2488.45,ETH-13OCT26,0.6740999999999999,-0.02564,0.14124,70.0,70.0,0.00019999999999999998,ETH,2486.87,120.1
2026-10-10T00:41:58.683869+00:00,ETH-12OCT26-2640-C,2488.18,ETH-12OCT26,call,2640.0,2026-10-12T08:00:00+00:00,0.006308506227691586,0.0001,0.0003,0.000182,0.0002,2488.18,ETH-12OCT26,0.35350000000000004,0.01763,0.08591,392.0,642.0,0.00019999999999999998,ETH,2486.87,349.62
2026-10-10T00:41:58.683869+00:00,ETH-25JUN27-2300-C,2568.75,ETH-25JUN27,call,2300.0,2027-06-25T08:00:00+00:00,0.7071983077335096,0.225,0.2275,0.226187,0.22625,2568.75,ETH-25JUN27,0.5356000000000001,0.68083,7.71744,251.0,0.0,0.0025000000000000022,ETH,2486.87,0.0
2026-10-10T00:41:58.683869+00:00,ETH-25JUN27-2700-C,2568.75,ETH-25JUN27,call,2700.0,2027-06-25T08:00:00+00:00,0.7071983077335096,0.155,0.158,0.156481,0.1565,2568.75,ETH-25JUN27,0.53,0.54405,8.56617,618.0,11.0,0.0030000000000000027,ETH,2486.87,4250.0
2026-10-10T00:41:58.683869+00:00,ETH-13OCT26-2660-C,2488.45,ETH-13OCT26,call,2660.0,2026-10-13T08:00:00+00:00,0.009046357014823687,0.0004,0.0006,0.000484,0.0005,2488.45,ETH-13OCT26,0.3811,0.03377,0.17753,6.0,7.0,0.00019999999999999993,ETH,2486.87,20.5
2026-10-10T00:41:58.683869+00:00,ETH-12OCT26-2360-P,2488.17,ETH-12OCT26,put,2360.0,2026-10-12T08:00:00+00:00,0.006308506227691586,0.001,0.0013,0.001152,0.00115,2488.17,ETH-12OCT26,0.4578,-0.07183,0.27055,441.0,441.0,0.0002999999999999999,ETH,2486.87,2639.37
2026-10-10T00:41:58.683869+00:00,ETH-25DEC26-3300-P,2509.73,ETH-25DEC26,put,3300.0,2026-12-25T08:00:00+00:00,0.2089094644754671,0.3245,0.34,0.331896,0.33225,2509.73,ETH-25DEC26,0.5219,-0.8482,2.69613,13.0,0.0,0.015500000000000014,ETH,2486.87,0.0
2026-10-10T00:41:58.683869+00:00,ETH-25DEC26-3400-C,2509.75,ETH-25DEC26,call,3400.0,2026-12-25T08:00:00+00:00,0.2089094644754671,0.0135,0.0145,0.014019,0.014,2509.75,ETH-25DEC26,0.529,0.12814,2.40276,14527.0,686.0,0.0010000000000000009,ETH,2486.87,23847.76
2026-10-10T00:41:58.683869+00:00,ETH-27NOV26-2800-P,2499.79,ETH-27NOV26,put,2800.0,2026-11-27T08:00:00+00:00,0.13224964243576826,0.1465,0.1545,0.149238,0.1505,2499.79,ETH-27NOV26,0.4836,-0.71167,3.1035,1098.0,0.0,0.008000000000000007,ETH,2486.87,0.0
2026-10-10T00:41:58.683869+00:00,ETH-25DEC26-2000-C,2509.73,ETH-25DEC26,call,2000.0,2026-12-25T08:00:00+00:00,0.2089094644754671,0.22,0.2275,0.224203,0.22375,2509.73,ETH-25DEC26,0.5386,0.85182,2.65312,10234.0,0.0,0.007500000000000007,ETH,2486.87,0.0
2026-10-10T00:41:58.683869+00:00,ETH-12OCT26-2700-C,2488.18,ETH-12OCT26,call,2700.0,2026-10-12T08:00:00+00:00,0.006308506227691586,,0.0002,3.5e-05,,2488.18,ETH-12OCT26,0.38299999999999995,0.0037,0.02182,4.0,0.0,,ETH,2486.86,0.0
2026-10-10T00:41:58.683869+00:00,ETH-10OCT26-2450-P,2487.5,ETH-10OCT26,put,2450.0,2026-10-10T08:00:00+00:00,0.0008328046534273835,0.0004,0.0006,0.000472,0.0005,2487.5,ETH-10OCT26,0.39390000000000003,-0.09322,0.11925,237.0,293.0,0.00019999999999999993,ETH,2486.86,1796.12
2026-10-10T00:41:58.683869+00:00,ETH-25JUN27-5500-P,2568.75,ETH-25JUN27,put,5500.0,2027-06-25T08:00:00+00:00,0.7071983077335096,1.145,1.181,1.15982,1.163,2568.75,ETH-25JUN27,0.5861,-0.90286,3.71165,0.0,0.0,0.03600000000000003,ETH,2486.86,0.0
2026-10-10T00:41:58.683869+00:00,ETH-30OCT26-1850-C,2492.02,ETH-30OCT26,call,1850.0,2026-10-30T08:00:00+00:00,0.055589820396069405,0.257,0.2605,0.259276,0.25875,2492.02,ETH-30OCT26,0.6762,0.97418,0.35281,1008.0,0.0,0.003500000000000003,ETH,2486.86,0.0
2026-10-10T00:41:58.683869+00:00,ETH-11OCT26-2260-C,2488.0,ETH-11OCT26,call,2260.0,2026-10-11T08:00:00+00:00,0.003570655440559485,0.09,0.0935,0.091767,0.09175,2488.0,ETH-11OCT26,0.6901,0.99048,0.03793,0.0,0.0,0.003500000000000003,ETH,2486.86,0.0
2026-10-10T00:41:58.683869+00:00,ETH-27NOV26-2000-P,2499.79,ETH-27NOV26,put,2000.0,2026-11-27T08:00:00+00:00,0.13224964243576826,0.012,0.013,0.012491,0.0125,2499.79,ETH-27NOV26,0.5586,-0.11547,1.7697,2351.0,4.0,0.0009999999999999992,ETH,2486.86,121.04
2026-10-10T00:41:58.683869+00:00,ETH-25JUN27-3800-P,2568.75,ETH-25JUN27,put,3800.0,2027-06-25T08:00:00+00:00,0.7071983077335096,0.5275,0.553,0.538352,0.54025,2568.75,ETH-25JUN27,0.5418,-0.73626,7.05906,2.0,0.0,0.025500000000000078,ETH,2486.86,0.0
2026-10-10T00:41:58.683869+00:00,ETH-27NOV26-2950-P,2499.79,ETH-27NOV26,put,2950.0,2026-11-27T08:00:00+00:00,0.13224964243576826,0.193,0.205,0.198981,0.199,2499.79,ETH-27NOV26,0.4946,-0.79735,2.56536,942.0,0.0,0.011999999999999983,ETH,2486.86,0.0
2026-10-10T00:41:58.683869+00:00,ETH-25DEC26-800-P,2509.75,ETH-25DEC26,put,800.0,2026-12-25T08:00:00+00:00,0.2089094644754671,0.0003,0.0007,0.000469,0.0005,2509.75,ETH-25DEC26,0.9915999999999999,-0.003,0.10491,7343.0,10.0,0.0004,ETH,2486.86,7.49
2026-10-10T00:41:58.683869+00:00,ETH-10OCT26-2850-P,2487.5,ETH-10OCT26,put,2850.0,2026-10-10T08:00:00+00:00,0.0008328046534273835,0.142,0.149,0.145738,0.1455,2487.5,ETH-10OCT26,0.8591,-1.0,0.0,0.0,0.0,0.007000000000000006,ETH,2486.86,0.0
2026-10-10T00:41:58.683869+00:00,ETH-12OCT26-2660-P,2488.17,ETH-12OCT26,put,2660.0,2026-10-12T08:00:00+00:00,0.006308506227691586,0.0655,0.0725,0.069241,0.069,2488.17,ETH-12OCT26,0.3818,-0.98586,0.0711,1.0,1.0,0.006999999999999992,ETH,2486.81,162.33
2026-10-10T00:41:58.683869+00:00,ETH-12OCT26-2900-P,2488.18,ETH-12OCT26,put,2900.0,2026-10-12T08:00:00+00:00,0.006308506227691586,0.1615,0.169,0.165565,0.16525,2488.18,ETH-12OCT26,0.6322,-0.99879,0.00794,0.0,0.0,0.007500000000000007,ETH,2486.81,0.0
2026-10-10T00:41:58.683869+00:00,ETH-10OCT26-2340-P,2487.5,ETH-10OCT26,put,2340.0,2026-10-10T08:00:00+00:00,0.0008328046534273835,,0.0001,1.5e-05,,2487.5,ETH-10OCT26,0.7519,-0.00238,0.00531,405.0,405.0,,ETH,2486.81,381.7
2026-10-10T00:41:58.683869+00:00,ETH-25JUN27-3000-P,2568.75,ETH-25JUN27,put,3000.0,2027-06-25T08:00:00+00:00,0.7071983077335096,0.2845,0.294,0.2864,0.28925,2568.75,ETH-25JUN27,0.53,-0.55005,8.55068,371.0,0.0,0.009500000000000008,ETH,2486.81,0.0
2026-10-10T00:41:58.683869+00:00,ETH-26MAR27-800-P,2537.99,ETH-26MAR27,put,800.0,2027-03-26T08:00:00+00:00,0.4580538861044883,0.0019,0.0025,0.002186,0.0022,2537.99,ETH-26MAR27,0.8269,-0.0096,0.44167,2526.0,0.0,0.0006000000000000001,ETH,2486.81,0.0
2026-10-10T00:41:58.683869+00:00,ETH-30OCT26-2300-C,2492.02,ETH-30OCT26,call,2300.0,2026-10-30T08:00:00+00:00,0.055589820396069405,0.0905,0.0925,0.091804,0.0915,2492.02,ETH-30OCT26,0.47200000000000003,0.78034,1.73816,1100.0,0.0,0.0020000000000000018,ETH,2486.81,0.0
2026-10-10T00:41:58.683869+00:00,ETH-25DEC26-2000-P,2509.73,ETH-25DEC26,put,2000.0,2026-12-25T08:00:00+00:00,0.2089094644754671,0.0205,0.0215,0.021101,0.021,2509.73,ETH-25DEC26,0.5386,-0.14821,2.6534,9632.0,16.0,0.0009999999999999974,ETH,2486.81,873.17
2026-10-10T00:41:58.683869+00:00,ETH-25DEC26-800-C,2509.75,ETH-25DEC26,call,800.0,2026-12-25T08:00:00+00:00,0.2089094644754671,0.68,0.683,0.68171,0.6815,2509.75,ETH-25DEC26,0.9915999999999999,0.997,0.10492,171.0,0.0,0.0030000000000000027,ETH,2486.85,0.0
2026-10-10T00:41:58.683869+00:00,ETH-26MAR27-4500-C,2537.97,ETH-26MAR27,call,4500.0,2027-03-26T08:00:00+00:00,0.4580538861044883,0.015,0.016,0.015502,0.0155,2537.97,ETH-26MAR27,0.5708,0.09862,2.9841,4389.0,0.0,0.0010000000000000009,ETH,2486.85,0.0
2026-10-10T00:41:58.683869+00:00,ETH-25DEC26-5500-C,2509.73,ETH-25DEC26,call,5500.0,2026-12-25T08:00:00+00:00,0.2089094644754671,0.0011,0.0016,0.001338,0.00135,2509.73,ETH-25DEC26,0.7173,0.01291,0.38166,2165.0,0.0,0.0005,ETH,2486.85,0.0
2026-10-10T00:41:58.683869+00:00,ETH-30OCT26-2750-P,2492.02,ETH-30OCT26,put,2750.0,2026-10-30T08:00:00+00:00,0.055589820396069405,0.109,0.1185,0.114,0.11375,2492.02,ETH-30OCT26,0.44770000000000004,-0.81133,1.58755,1057.0,50.0,0.009499999999999995,ETH,2486.85,14376.52
2026-10-10T00:41:58.683869+00:00,ETH-25DEC26-4000-C,2509.73,ETH-25DEC26,call,4000.0,2026-12-25T08:00:00+00:00,0.2089094644754671,0.005,0.006,0.005492,0.0055,2509.73,ETH-25DEC26,0.5844,0.05348,1.2482,16120.0,61.0,0.001,ETH,2486.85,846.68
2026-10-10T00:41:58.683869+00:00,ETH-24SEP27-3000-C,2599.09,ETH-24SEP27,call,3000.0,2027-09-24T08:00:00+00:00,0.9563427293625307,0.1525,0.1565,0.154521,0.1545,2599.09,ETH-24SEP27,0.5381,0.49604,10.13979,246.0,30.0,0.0040000000000000036,ETH,2486.85,11719.22
2026-10-10T00:41:58.683869+00:00,ETH-11OCT26-2700-C,2488.0,ETH-11OCT26,call,2700.0,2026-10-11T08:00:00+00:00,0.003570655440559485,,0.0001,6e-06,,2488.0,ETH-11OCT26,0.4326,0.00078,0.00397,162.0,13.0,,ETH,2486.85,9.26
2026-10-10T00:41:58.683869+00:00,ETH-23OCT26-2600-P,2490.55,ETH-23OCT26,put,2600.0,2026-10-23T08:00:00+00:00,0.0364248648861447,0.057,0.0595,0.058465,0.05825,2490.55,ETH-23OCT26,0.4083,-0.69728,1.65934,1283.0,1.0,0.0024999999999999953,ETH,2486.87,159.84
2026-10-10T00:41:58.683869+00:00,ETH-27NOV26-3500-C,2499.79,ETH-27NOV26,call,3500.0,2026-11-27T08:00:00+00:00,0.13224964243576826,0.0047,0.005,0.004831,0.00485,2499.79,ETH-27NOV26,0.5577000000000001,0.05953,1.07628,2443.0,1.0,0.0002999999999999999,ETH,2486.85,11.94
2026-10-10T00:41:58.683869+00:00,ETH-11OCT26-2600-P,2488.0,ETH-11OCT26,put,2600.0,2026-10-11T08:00:00+00:00,0.003570655440559485,0.0415,0.048,0.045183,0.04475,2488.0,ETH-11OCT26,0.35950000000000004,-0.97948,0.07351,12.0,0.0,0.006499999999999999,ETH,2486.87,0.0
2026-10-10T00:41:58.683869+00:00,ETH-16OCT26-2000-C,2488.96,ETH-16OCT26,call,2000.0,2026-10-16T08:00:00+00:00,0.017259909376219993,0.195,0.1985,0.197034,0.19675,2488.96,ETH-16OCT26,0.7897,0.98448,0.1275,18.0,0.0,0.003500000000000003,ETH,2486.87,0.0
2026-10-10T00:41:58.683869+00:00,ETH-11OCT26-2600-C,2488.0,ETH-11OCT26,call,2600.0,2026-10-11T08:00:00+00:00,0.003570655440559485,,0.0003,0.000163,,2488.0,ETH-11OCT26,0.35950000000000004,0.02052,0.07351,97.0,40.0,,ETH,2486.87,70.74
2026-10-10T00:41:58.683869+00:00,ETH-25JUN27-4600-P,2568.75,ETH-25JUN27,put,4600.0,2027-06-25T08:00:00+00:00,0.7071983077335096,0.81,0.8405,0.823219,0.82525,2568.75,ETH-25JUN27,0.5614,-0.84087,5.23782,0.0,0.0,0.03049999999999997,ETH,2486.87,0.0
2026-10-10T00:41:58.683869+00:00,ETH-25JUN27-1200-C,2568.75,ETH-25JUN27,call,1200.0,2027-06-25T08:00:00+00:00,0.7071983077335096,0.5435,0.5495,0.547073,0.5465,2568.75,ETH-25JUN27,0.6576000000000001,0.95073,2.20199,55.0,0.0,0.006000000000000005,ETH,2486.87,0.0
2026-10-10T00:41:58.683869+00:00,ETH-30OCT26-1200-C,2492.04,ETH-30OCT26,call,1200.0,2026-10-30T08:00:00+00:00,0.055589820396069405,0.517,0.5195,0.518553,0.51825,2492.04,ETH-30OCT26,1.0637999999999999,0.99881,0.02328,0.0,0.0,0.0024999999999999467,ETH,2486.87,0.0
2026-10-10T00:41:58.683869+00:00,ETH-13OCT26-2300-P,2488.47,ETH-13OCT26,put,2300.0,2026-10-13T08:00:00+00:00,0.009046357014823687,0.0011,0.0014,0.001222,0.00125,2488.47,ETH-13OCT26,0.5291,-0.05656,0.26909,10.0,10.0,0.0002999999999999999,ETH,2486.87,40.0
2026-10-10T00:41:58.683869+00:00,ETH-30OCT26-1700-C,2492.02,ETH-30OCT26,call,1700.0,2026-10-30T08:00:00+00:00,0.055589820396069405,0.3165,0.32,0.318706,0.31825,2492.02,ETH-30OCT26,0.7617,0.9867,0.20056,74.0,0.0,0.003500000000000003,ETH,2486.87,0.0
2026-10-10T00:41:58.683869+00:00,ETH-25DEC26-1300-P,2509.73,ETH-25DEC26,put,1300.0,2026-12-25T08:00:00+00:00,0.2089094644754671,0.0023,0.0029,0.002585,0.0026,2509.73,ETH-25DEC26,0.7506999999999999,-0.01842,0.51796,4138.0,25.0,0.0005999999999999998,ETH,2486.87,155.46
2026-10-10T00:41:58.683869+00:00,ETH-16OCT26-3200-C,2488.94,ETH-16OCT26,call,3200.0,2026-10-16T08:00:00+00:00,0.017259909376219993,,0.0001,7.4e-05,,2488.94,ETH-16OCT26,0.6803,0.0028,0.02813,1771.0,548.0,,ETH,2486.87,273.52
2026-10-10T00:41:58.683869+00:00,ETH-26MAR27-1200-P,2537.99,ETH-26MAR27,put,1200.0,2027-03-26T08:00:00+00:00,0.4580538861044883,0.007,0.008,0.007486,0.0075,2537.99,ETH-26MAR27,0.6945,-0.03381,1.2901,1754.0,0.0,0.001,ETH,2486.87,0.0
2026-10-10T00:41:58.683869+00:00,ETH-23OCT26-2000-C,2490.55,ETH-23OCT26,call,2000.0,2026-10-23T08:00:00+00:00,0.0364248648861447,0.1965,0.2,0.198693,0.19825,2490.55,ETH-23OCT26,0.6511,0.96594,0.35911,0.0,0.0,0.003500000000000003,ETH,2486.85,0.0
2026-10-10T00:41:58.683869+00:00,ETH-25DEC26-2300-C,2509.75,ETH-25DEC26,call,2300.0,2026-12-25T08:00:00+00:00,0.2089094644754671,0.135,0.1365,0.135583,0.13575,2509.75,ETH-25DEC26,0.5022,0.68927,4.0514,34082.0,28908.0,0.0015000000000000013,ETH,2486.87,10171446.4
2026-10-10T00:41:58.683869+00:00,ETH-12OCT26-2720-P,2488.17,ETH-12OCT26,put,2720.0,2026-10-12T08:00:00+00:00,0.006308506227691586,0.0895,0.0965,0.09322,0.093,2488.17,ETH-12OCT26,0.3856,-0.99816,0.0116,0.0,0.0,0.007000000000000006,ETH,2486.85,0.0
2026-10-10T00:41:58.683869+00:00,ETH-13OCT26-2100-P,2488.45,ETH-13OCT26,put,2100.0,2026-10-13T08:00:00+00:00,0.009046357014823687,0.0003,0.0004,0.000347,0.00035,2488.45,ETH-13OCT26,0.8114,-0.01273,0.07777,1905.0,1970.0,0.00010000000000000005,ETH,2486.85,2349.45
2026-10-10T00:41:58.683869+00:00,ETH-30OCT26-3000-P,2492.04,ETH-30OCT26,put,3000.0,2026-10-30T08:00:00+00:00,0.055589820396069405,0.2025,0.2105,0.206967,0.2065,2492.04,ETH-30OCT26,0.4975,-0.93631,0.73327,148.0,0.0,0.00799999999999998,ETH,2486.85,0.0
2026-10-10T00:41:58.683869+00:00,ETH-30OCT26-2650-C,2492.02,ETH-30OCT26,call,2650.0,2026-10-30T08:00:00+00:00,0.055589820396069405,0.0175,0.0185,0.018038,0.018,2492.02,ETH-30OCT26,0.4372,0.29213,2.01815,3122.0,36.0,0.0009999999999999974,ETH,2486.85,1775.7
2026-10-10T00:41:58.683869+00:00,ETH-11OCT26-2750-P,2488.0,ETH-11OCT26,put,2750.0,2026-10-11T08:00:00+00:00,0.003570655440559485,0.1015,0.1085,0.105316,0.105,2488.0,ETH-11OCT26,0.5238,-0.9993,0.0036,0.0,0.0,0.006999999999999992,ETH,2486.85,0.0
2026-10-10T00:41:58.683869+00:00,ETH-13OCT26-2700-P,2488.45,ETH-13OCT26,put,2700.0,2026-10-13T08:00:00+00:00,0.009046357014823687,0.0815,0.0885,0.085308,0.085,2488.45,ETH-13OCT26,0.4111,-0.98089,0.1102,0.0,0.0,0.006999999999999992,ETH,2486.85,0.0
2026-10-10T00:41:58.683869+00:00,ETH-24SEP27-3400-P,2599.07,ETH-24SEP27,put,3400.0,2027-09-24T08:00:00+00:00,0.9563427293625307,0.4125,0.437,0.424399,0.42475,2599.07,ETH-24SEP27,0.541,-0.59617,9.84431,0.0,0.0,0.024500000000000022,ETH,2486.85,0.0
2026-10-10T00:41:58.683869+00:00,ETH-11OCT26-2260-P,2488.0,ETH-11OCT26,put,2260.0,2026-10-11T08:00:00+00:00,0.003570655440559485,,0.0002,0.000131,,2488.0,ETH-11OCT26,0.6901,-0.00951,0.03791,110.0,110.0,,ETH,2486.85,29.84
2026-10-10T00:41:58.683869+00:00,ETH-30OCT26-4200-C,2492.04,ETH-30OCT26,call,4200.0,2026-10-30T08:00:00+00:00,0.055589820396069405,0.0001,0.0003,0.00018,0.0002,2492.04,ETH-30OCT26,0.7888,0.00332,0.05891,1445.0,0.0,0.00019999999999999998,ETH,2486.85,0.0
2026-10-10T00:41:58.683869+00:00,ETH-23OCT26-2650-C,2490.55,ETH-23OCT26,call,2650.0,2026-10-23T08:00:00+00:00,0.0364248648861447,0.0095,0.01,0.009854,0.00975,2490.55,ETH-23OCT26,0.4105,0.22476,1.42467,1195.0,701.0,0.0005000000000000004,ETH,2486.9,22281.74
2026-10-10T00:41:58.683869+00:00,ETH-26MAR27-3700-C,2537.99,ETH-26MAR27,call,3700.0,2027-03-26T08:00:00+00:00,0.4580538861044883,0.0335,0.035,0.034189,0.03425,2537.99,ETH-26MAR27,0.5395,0.19765,4.77512,1730.0,75.0,0.0015000000000000013,ETH,2486.9,6440.52
2026-10-10T00:41:58.683869+00:00,ETH-26MAR27-5000-C,2537.99,ETH-26MAR27,call,5000.0,2027-03-26T08:00:00+00:00,0.4580538861044883,0.01,0.011,0.010458,0.0105,2537.99,ETH-26MAR27,0.5934,0.06842,2.26632,9707.0,1.0,0.0009999999999999992,ETH,2486.9,26.1
2026-10-10T00:41:58.683869+00:00,ETH-24SEP27-3700-P,2599.07,ETH-24SEP27,put,3700.0,2027-09-24T08:00:00+00:00,0.9563427293625307,0.5075,0.535,0.518346,0.52125,2599.07,ETH-24SEP27,0.5445,-0.65439,9.37106,1.0,0.0,0.02750000000000008,ETH,2486.9,0.0
2026-10-10T00:41:58.683869+00:00,ETH-26MAR27-1200-C,2537.99,ETH-26MAR27,call,1200.0,2027-03-26T08:00:00+00:00,0.4580538861044883,0.531,0.537,0.534656,0.534,2537.99,ETH-26MAR27,0.6945,0.96619,1.29006,68.0,0.0,0.006000000000000005,ETH,2486.9,0.0
2026-10-10T00:41:58.683869+00:00,ETH-13OCT26-2540-C,2488.45,ETH-13OCT26,call,2540.0,2026-10-13T08:00:00+00:00,0.009046357014823687,0.0044,0.0048,0.004651,0.0046,2488.45,ETH-13OCT26,0.322,0.25369,0.75777,54.0,61.0,0.0003999999999999993,ETH,2486.9,1066.63
2026-10-10T00:41:58.683869+00:00,ETH-10OCT26-2460-P,2487.5,ETH-10OCT26,put,2460.0,2026-10-10T08:00:00+00:00,0.0008328046534273835,0.0006,0.0008,0.000668,0.0007,2487.5,ETH-10OCT26,0.3472,-0.13762,0.15739,398.0,321.0,0.0002000000000000001,ETH,2486.9,1818.85
2026-10-10T00:41:58.683869+00:00,ETH-24SEP27-3100-C,2599.07,ETH-24SEP27,call,3100.0,2027-09-24T08:00:00+00:00,0.9563427293625307,0.142,0.1455,0.143626,0.14375,2599.07,ETH-24SEP27,0.5383,0.4713,10.114,23.0,0.0,0.003500000000000003,ETH,2486.9,0.0
2026-10-10T00:41:58.683869+00:00,ETH-16OCT26-2650-P,2488.96,ETH-16OCT26,put,2650.0,2026-10-16T08:00:00+00:00,0.017259909376219993,0.0635,0.071,0.067598,0.06725,2488.96,ETH-16OCT26,0.3924,-0.88397,0.63866,618.0,4.0,0.007499999999999993,ETH,2486.96,644.97
2026-10-10T00:41:58.683869+00:00,ETH-13OCT26-2420-P,2488.45,ETH-13OCT26,put,2420.0,2026-10-13T08:00:00+00:00,0.009046357014823687,0.004,0.0045,0.004242,0.00425,2488.45,ETH-13OCT26,0.3704,-0.21131,0.68445,1.0,1.0,0.0004999999999999996,ETH,2486.96,17.42
2026-10-10T00:41:58.683869+00:00,ETH-24SEP27-5200-C,2599.07,ETH-24SEP27,call,5200.0,2027-09-24T08:00:00+00:00,0.9563427293625307,0.0385,0.0405,0.039488,0.0395,2599.07,ETH-24SEP27,0.5705,0.16748,6.37071,10.0,0.0,0.0020000000000000018,ETH,2486.9,0.0
2026-10-10T00:41:58.683869+00:00,ETH-12OCT26-2480-C,2488.17,ETH-12OCT26,call,2480.0,2026-10-12T08:00:00+00:00,0.006308506227691586,0.01,0.011,0.010533,0.0105,2488.17,ETH-12OCT26,0.2785,0.55782,0.77979,196.0,1.0,0.0009999999999999992,ETH,2486.96,37.4
2026-10-10T00:41:58.683869+00:00,ETH-26MAR27-2500-C,2537.99,ETH-26MAR27,call,2500.0,2027-03-26T08:00:00+00:00,0.4580538861044883,0.146,0.1475,0.146652,0.14675,2537.99,ETH-26MAR27,0.5214,0.58649,6.69154,10737.0,0.0,0.0015000000000000013,ETH,2486.96,0.0
2026-10-10T00:41:58.683869+00:00,ETH-24SEP27-1000-P,2599.09,ETH-24SEP27,put,1000.0,2027-09-24T08:00:00+00:00,0.9563427293625307,0.012,0.014,0.012997,0.013,2599.09,ETH-24SEP27,0.6746,-0.03779,2.09128,28.0,28.0,0.002,ETH,2486.96,896.41
2026-10-10T00:41:58.683869+00:00,ETH-10OCT26-2420-P,2487.5,ETH-10OCT26,put,2420.0,2026-10-10T08:00:00+00:00,0.0008328046534273835,0.0002,0.0003,0.000265,0.00025,2487.5,ETH-10OCT26,0.5514,-0.04183,0.06393,342.0,245.0,9.999999999999996e-05,ETH,2486.96,585.94
2026-10-10T00:41:58.683869+00:00,ETH-26MAR27-1500-P,2537.99,ETH-26MAR27,put,1500.0,2027-03-26T08:00:00+00:00,0.4580538861044883,0.0155,0.0165,0.015986,0.016,2537.99,ETH-26MAR27,0.62,-0.07185,2.3531,4216.0,0.0,0.0010000000000000009,ETH,2486.96,0.0
2026-10-10T00:41:58.683869+00:00,ETH-27NOV26-2850-C,2499.79,ETH-27NOV26,call,2850.0,2026-11-27T08:00:00+00:00,0.13224964243576826,0.0245,0.0255,0.025048,0.025,2499.79,ETH-27NOV26,0.48590000000000005,0.25628,2.927,2031.0,13.0,0.0009999999999999974,ETH,2486.96,875.8
2026-10-10T00:41:58.683869+00:00,ETH-11OCT26-2680-C,2488.0,ETH-11OCT26,call,2680.0,2026-10-11T08:00:00+00:00,0.003570655440559485,,0.0001,6e-06,,2488.0,ETH-11OCT26,0.39549999999999996,0.00083,0.0042,155.0,44.0,,ETH,2486.96,22.94
2026-10-10T00:41:58.683869+00:00,ETH-24SEP27-2000-C,2599.09,ETH-24SEP27,call,2000.0,2027-09-24T08:00:00+00:00,0.9563427293625307,0.3145,0.331,0.324422,0.32275,2599.09,ETH-24SEP27,0.5513,0.77487,7.62599,1.0,0.0,0.016500000000000015,ETH,2486.96,0.0
2026-10-10T00:41:58.683869+00:00,ETH-11OCT26-2700-P,2488.0,ETH-11OCT26,put,2700.0,2026-10-11T08:00:00+00:00,0.003570655440559485,0.0815,0.0885,0.085219,0.085,2488.0,ETH-11OCT26,0.4326,-0.99922,0.00399,0.0,0.0,0.006999999999999992,ETH,2486.96,0.0
2026-10-10T00:41:58.683869+00:00,ETH-24SEP27-3800-P,2599.09,ETH-24SEP27,put,3800.0,2027-09-24T08:00:00+00:00,0.9563427293625307,0.5395,0.5645,0.550764,0.552,2599.09,ETH-24SEP27,0.5459,-0.67174,9.18586,0.0,0.0,0.025000000000000022,ETH,2486.96,0.0
2026-10-10T00:41:58.683869+00:00,ETH-25JUN27-2700-P,2568.75,ETH-25JUN27,put,2700.0,2027-06-25T08:00:00+00:00,0.7071983077335096,0.206,0.2095,0.207584,0.20775,2568.75,ETH-25JUN27,0.53,-0.45592,8.56641,34.0,0.0,0.003500000000000003,ETH,2486.96,0.0
2026-10-10T00:41:58.683869+00:00,ETH-13OCT26-2340-P,2488.45,ETH-13OCT26,put,2340.0,2026-10-13T08:00:00+00:00,0.009046357014823687,0.0015,0.0017,0.001617,0.0016,2488.45,ETH-13OCT26,0.4657,-0.07997,0.35169,2.0,2.0,0.00019999999999999987,ETH,2486.94,11.0
2026-10-10T00:41:58.683869+00:00,ETH-25JUN27-2900-C,2568.75,ETH-25JUN27,call,2900.0,2027-06-25T08:00:00+00:00,0.7071983077335096,0.1285,0.1315,0.13,0.13,2568.75,ETH-25JUN27,0.5297,0.48014,8.60841,587.0,39.0,0.0030000000000000027,ETH,2486.96,12883.37
2026-10-10T00:41:58.683869+00:00,ETH-25JUN27-1700-P,2568.75,ETH-25JUN27,put,1700.0,2027-06-25T08:00:00+00:00,0.7071983077335096,0.041,0.043,0.041968,0.042,2568.75,ETH-25JUN27,0.5734,-0.13642,4.72463,3952.0,1.0,0.001999999999999995,ETH,2486.96,101.98
2026-10-10T00:41:58.683869+00:00,ETH-11OCT26-2250-C,2488.0,ETH-11OCT26,call,2250.0,2026-10-11T08:00:00+00:00,0.003570655440559485,0.0935,0.0975,0.09578,0.0955,2488.0,ETH-11OCT26,0.7129000000000001,0.99126,0.0352,0.0,0.0,0.0040000000000000036,ETH,2486.96,0.0
2026-10-10T00:41:58.683869+00:00,ETH-30OCT26-1200-P,2492.02,ETH-30OCT26,put,1200.0,2026-10-30T08:00:00+00:00,0.055589820396069405,,0.0001,9e-05,,2492.02,ETH-30OCT26,1.0637999999999999,-0.00119,0.02327,2735.0,77.0,,ETH,2486.94,38.09
2026-10-10T00:41:58.683869+00:00,ETH-11OCT26-2380-C,2488.0,ETH-11OCT26,call,2380.0,2026-10-11T08:00:00+00:00,0.003570655440559485,0.041,0.047,0.043844,0.044,2488.0,ETH-11OCT26,0.4318,0.95762,0.13416,18.0,0.0,0.005999999999999998,ETH,2486.94,0.0
2026-10-10T00:41:58.683869+00:00,ETH-26MAR27-1500-C,2537.99,ETH-26MAR27,call,1500.0,2027-03-26T08:00:00+00:00,0.4580538861044883,0.4205,0.428,0.424949,0.42425,2537.99,ETH-26MAR27,0.62,0.92815,2.35315,208.0,0.0,0.007500000000000007,ETH,2486.94,0.0
2026-10-10T00:41:58.683869+00:00,ETH-11OCT26-2640-C,2488.0,ETH-11OCT26,call,2640.0,2026-10-11T08:00:00+00:00,0.003570655440559485,,0.0002,2.1e-05,,2488.0,ETH-11OCT26,0.36310000000000003,0.00319,0.01438,85.0,62.0,,ETH,2486.94,77.58
2026-10-10T00:41:58.683869+00:00,ETH-10OCT26-2460-C,2487.48,ETH-10OCT26,call,2460.0,2026-10-10T08:00:00+00:00,0.0008328046534273835,0.0095,0.0135,0.011715,0.0115,2487.48,ETH-10OCT26,0.3472,0.86298,0.15692,134.0,20.0,0.004,ETH,2486.94,898.72
2026-10-10T00:41:58.683869+00:00,ETH-30OCT26-2450-P,2492.02,ETH-30OCT26,put,2450.0,2026-10-30T08:00:00+00:00,0.055589820396069405,0.033,0.034,0.033417,0.0335,2492.02,ETH-30OCT26,0.4429,-0.41576,2.29168,2854.0,51.0,0.0010000000000000009,ETH,2486.94,4281.31
2026-10-10T00:41:58.683869+00:00,ETH-10OCT26-2880-P,2487.5,ETH-10OCT26,put,2880.0,2026-10-10T08:00:00+00:00,0.0008328046534273835,0.154,0.161,0.157798,0.1575,2487.5,ETH-10OCT26,0.8591,-1.0,0.0,0.0,0.0,0.007000000000000006,ETH,2486.94,0.0
2026-10-10T00:41:58.683869+00:00,ETH-23OCT26-2300-P,2490.55,ETH-23OCT26,put,2300.0,2026-10-23T08:00:00+00:00,0.0364248648861447,0.0085,0.009,0.008811,0.00875,2490.55,ETH-23OCT26,0.469,-0.17604,1.22988,2219.0,763.0,0.0004999999999999987,ETH,2486.94,18953.36
2026-10-10T00:41:58.683869+00:00,ETH-27NOV26-2600-P,2499.79,ETH-27NOV26,put,2600.0,2026-11-27T08:00:00+00:00,0.13224964243576826,0.092,0.093,0.092695,0.0925,2499.79,ETH-27NOV26,0.4792,-0.55553,3.59182,435.0,78.0,0.0010000000000000009,ETH,2486.94,18361.78
2026-10-10T00:41:58.683869+00:00,ETH-24SEP27-4400-C,2599.07,ETH-24SEP27,call,4400.0,2027-09-24T08:00:00+00:00,0.9563427293625307,0.0595,0.0625,0.061002,0.061,2599.07,ETH-24SEP27,0.5553,0.24259,7.94826,160.0,0.0,0.0030000000000000027,ETH,2486.94,0.0
2026-10-10T00:41:58.683869+00:00,ETH-24SEP27-6500-C,2599.07,ETH-24SEP27,call,6500.0,2027-09-24T08:00:00+00:00,0.9563427293625307,0.0215,0.023,0.022169,0.02225,2599.07,ETH-24SEP27,0.596,0.10008,4.4636,309.0,0.0,0.0015000000000000013,ETH,2486.94,0.0
2026-10-10T00:41:58.683869+00:00,ETH-27NOV26-3000-P,2499.79,ETH-27NOV26,put,3000.0,2026-11-27T08:00:00+00:00,0.13224964243576826,0.21,0.2225,0.216479,0.21625,2499.79,ETH-27NOV26,0.4988,-0.82012,2.3846,623.0,0.0,0.012500000000000011,ETH,2486.94,0.0
2026-10-10T00:41:58.683869+00:00,ETH-13OCT26-2900-C,2488.45,ETH-13OCT26,call,2900.0,2026-10-13T08:00:00+00:00,0.009046357014823687,,0.0001,2.9e-05,,2488.45,ETH-13OCT26,0.5515,0.00189,0.01426,1.0,1.0,,ETH,2486.94,0.75
2026-10-10T00:41:58.683869+00:00,ETH-24SEP27-1800-P,2599.07,ETH-24SEP27,put,1800.0,2027-09-24T08:00:00+00:00,0.9563427293625307,0.0665,0.069,0.067686,0.06775,2599.07,ETH-24SEP27,0.5626,-0.17305,6.50586,185.0,1.0,0.0025000000000000022,ETH,2486.94,163.92
2026-10-10T00:41:58.683869+00:00,ETH-23OCT26-2900-C,2490.55,ETH-23OCT26,call,2900.0,2026-10-23T08:00:00+00:00,0.0364248648861447,0.0016,0.0018,0.001696,0.0017,2490.55,ETH-23OCT26,0.4654,0.04729,0.46888,1050.0,46.0,0.00019999999999999987,ETH,2486.94,277.85
2026-10-10T00:41:58.683869+00:00,ETH-13OCT26-2750-P,2488.45,ETH-13OCT26,put,2750.0,2026-10-13T08:00:00+00:00,0.009046357014823687,0.101,0.1085,0.105291,0.10475,2488.45,ETH-13OCT26,0.45549999999999996,-0.98893,0.06893,0.0,0.0,0.007499999999999993,ETH,2486.94,0.0
2026-10-10T00:41:58.683869+00:00,ETH-13OCT26-2700-C,2488.45,ETH-13OCT26,call,2700.0,2026-10-13T08:00:00+00:00,0.009046357014823687,0.0002,0.0004,0.000273,0.0003,2488.45,ETH-13OCT26,0.4111,0.01916,0.11048,102.0,102.0,0.0002,ETH,2486.94,254.04
2026-10-10T00:41:58.683869+00:00,ETH-30OCT26-1950-P,2492.02,ETH-30OCT26,put,1950.0,2026-10-30T08:00:00+00:00,0.055589820396069405,0.0024,0.0028,0.00259,0.0026,2492.02,ETH-30OCT26,0.6246,-0.0412,0.51864,1431.0,15.0,0.0004000000000000002,ETH,2486.94,115.49
2026-10-10T00:41:58.683869+00:00,ETH-12OCT26-2600-P,2488.18,ETH-12OCT26,put,2600.0,2026-10-12T08:00:00+00:00,0.006308506227691586,0.042,0.0485,0.045354,0.04525,2488.18,ETH-12OCT26,0.31120000000000003,-0.96192,0.16354,17.0,17.0,0.006499999999999999,ETH,2486.94,1741.98
2026-10-10T00:41:58.683869+00:00,ETH-16OCT26-2300-P,2488.94,ETH-16OCT26,put,2300.0,2026-10-16T08:00:00+00:00,0.017259909376219993,0.0035,0.0039,0.003695,0.0037,2488.94,ETH-16OCT26,0.5065999999999999,-0.11214,0.62333,5429.0,2923.0,0.00039999999999999975,ETH,2486.94,29810.33
2026-10-10T00:41:58.683869+00:00,ETH-11OCT26-2740-C,2487.99,ETH-11OCT26,call,2740.0,2026-10-11T08:00:00+00:00,0.003570655440559485,,0.0001,6e-06,,2487.99,ETH-11OCT26,0.5053,0.00071,0.00365,100.0,0.0,,ETH,2486.94,0.0
2026-10-10T00:41:58.683869+00:00,ETH-26MAR27-3300-C,2537.99,ETH-26MAR27,call,3300.0,2027-03-26T08:00:00+00:00,0.4580538861044883,0.0535,0.055,0.054258,0.05425,2537.99,ETH-26MAR27,0.5274,0.28857,5.86657,2487.0,1.0,0.0015000000000000013,ETH,2486.94,135.79
2026-10-10T00:41:58.683869+00:00,ETH-10OCT26-3100-C,2487.5,ETH-10OCT26,call,3100.0,2026-10-10T08:00:00+00:00,0.0008328046534273835,,0.0001,0.0,,2487.5,ETH-10OCT26,0.8591,0.0,0.0,0.0,0.0,,ETH,2486.94,0.0
2026-10-10T00:41:58.683869+00:00,ETH-25JUN27-4200-P,2568.75,ETH-25JUN27,put,4200.0,2027-06-25T08:00:00+00:00,0.7071983077335096,0.6655,0.6915,0.678207,0.6785,2568.75,ETH-25JUN27,0.5509000000000001,-0.79658,6.11013,3.0,0.0,0.026000000000000023,ETH,2486.95,0.0
2026-10-10T00:41:58.683869+00:00,ETH-16OCT26-2450-P,2488.96,ETH-16OCT26,put,2450.0,2026-10-16T08:00:00+00:00,0.017259909376219993,0.0135,0.0145,0.014013,0.014,2488.96,ETH-16OCT26,0.4021,-0.37446,1.23926,599.0,458.0,0.0010000000000000009,ETH,2486.95,17395.24
2026-10-10T00:41:58.683869+00:00,ETH-16OCT26-2850-P,2488.96,ETH-16OCT26,put,2850.0,2026-10-16T08:00:00+00:00,0.017259909376219993,0.1415,0.149,0.145554,0.14525,2488.96,ETH-16OCT26,0.4975,-0.97947,0.16184,433.0,70.0,0.007500000000000007,ETH,2486.95,24772.84
2026-10-10T00:41:58.683869+00:00,ETH-25DEC26-1300-C,2509.75,ETH-25DEC26,call,1300.0,2026-12-25T08:00:00+00:00,0.2089094644754671,0.4815,0.486,0.484601,0.48375,2509.75,ETH-25DEC26,0.7506999999999999,0.98158,0.51787,50.0,0.0,0.004500000000000004,ETH,2486.95,0.0
2026-10-10T00:41:58.683869+00:00,ETH-27NOV26-2550-C,2499.79,ETH-27NOV26,call,2550.0,2026-11-27T08:00:00+00:00,0.13224964243576826,0.06,0.0615,0.060559,0.06075,2499.79,ETH-27NOV26,0.4792,0.48869,3.62551,1305.0,0.0,0.0015000000000000013,ETH,2486.95,0.0
2026-10-10T00:41:58.683869+00:00,ETH-26MAR27-3000-C,2537.99,ETH-26MAR27,call,3000.0,2027-03-26T08:00:00+00:00,0.4580538861044883,0.0775,0.0795,0.078456,0.0785,2537.99,ETH-26MAR27,0.5215,0.38289,6.55578,9004.0,35.0,0.0020000000000000018,ETH,2486.95,6740.45
2026-10-10T00:41:58.683869+00:00,ETH-12OCT26-2200-C,2488.18,ETH-12OCT26,call,2200.0,2026-10-12T08:00:00+00:00,0.006308506227691586,0.114,0.1175,0.116163,0.11575,2488.18,ETH-12OCT26,0.7426,0.98252,0.08529,0.0,0.0,0.0034999999999999892,ETH,2486.95,0.0
2026-10-10T00:41:58.683869+00:00,ETH-13OCT26-2660-P,2488.45,ETH-13OCT26,put,2660.0,2026-10-13T08:00:00+00:00,0.009046357014823687,0.066,0.0725,0.069444,0.06925,2488.45,ETH-13OCT26,0.3811,-0.96613,0.178,0.0,0.0,0.006499999999999992,ETH,2486.95,0.0
2026-10-10T00:41:58.683869+00:00,ETH-30OCT26-1700-P,2492.02,ETH-30OCT26,put,1700.0,2026-10-30T08:00:00+00:00,0.055589820396069405,0.0007,0.001,0.000883,0.00085,2492.02,ETH-30OCT26,0.7617,-0.01329,0.20048,1523.0,0.0,0.00030000000000000003,ETH,2486.95,0.0
2026-10-10T00:41:58.683869+00:00,ETH-16OCT26-2900-P,2488.94,ETH-16OCT26,put,2900.0,2026-10-16T08:00:00+00:00,0.017259909376219993,0.1615,0.169,0.16554,0.16525,2488.94,ETH-16OCT26,0.5324,-0.98435,0.12843,0.0,0.0,0.007500000000000007,ETH,2486.95,0.0
2026-10-10T00:41:58.683869+00:00,ETH-25DEC26-1900-P,2509.75,ETH-25DEC26,put,1900.0,2026-12-25T08:00:00+00:00,0.2089094644754671,0.015,0.016,0.015474,0.0155,2509.75,ETH-25DEC26,0.5586,-0.11187,2.18339,4947.0,0.0,0.0010000000000000009,ETH,2486.95,0.0
2026-10-10T00:41:58.683869+00:00,ETH-16OCT26-2300-C,2488.96,ETH-16OCT26,call,2300.0,2026-10-16T08:00:00+00:00,0.017259909376219993,0.077,0.081,0.079607,0.079,2488.96,ETH-16OCT26,0.5065999999999999,0.88787,0.62329,28.0,0.0,0.0040000000000000036,ETH,2486.95,0.0
2026-10-10T00:41:58.683869+00:00,ETH-25JUN27-4100-P,2568.75,ETH-25JUN27,put,4100.0,2027-06-25T08:00:00+00:00,0.7071983077335096,0.632,0.655,0.642638,0.6435,2568.75,ETH-25JUN27,0.5484,-0.7833,6.34158,0.0,0.0,0.02300000000000002,ETH,2486.95,0.0
2026-10-10T00:41:58.683869+00:00,ETH-25JUN27-3200-C,2568.75,ETH-25JUN27,call,3200.0,2027-06-25T08:00:00+00:00,0.7071983077335096,0.0975,0.1,0.098789,0.09875,2568.75,ETH-25JUN27,0.5316,0.39424,8.31431,1381.0,1.0,0.0025000000000000022,ETH,2486.95,243.46
2026-10-10T00:41:58.683869+00:00,ETH-10OCT26-2400-C,2487.5,ETH-10OCT26,call,2400.0,2026-10-10T08:00:00+00:00,0.0008328046534273835,0.0325,0.0385,0.035335,0.0355,2487.5,ETH-10OCT26,0.6327,0.97511,0.04166,7.0,0.0,0.005999999999999998,ETH,2486.95,0.0
2026-10-10T00:41:58.683869+00:00,ETH-24SEP27-2600-P,2599.09,ETH-24SEP27,put,2600.0,2027-09-24T08:00:00+00:00,0.9563427293625307,0.206,0.2105,0.208217,0.20825,2599.09,ETH-24SEP27,0.5392,-0.39646,9.79714,1700.0,1.0,0.004500000000000004,ETH,2486.95,524.03
2026-10-10T00:41:58.683869+00:00,ETH-11OCT26-2680-P,2488.0,ETH-11OCT26,put,2680.0,2026-10-11T08:00:00+00:00,0.003570655440559485,0.0735,0.0805,0.07718,0.077,2488.0,ETH-11OCT26,0.39549999999999996,-0.99917,0.0042,0.0,0.0,0.007000000000000006,ETH,2486.95,0.0
2026-10-10T00:41:58.683869+00:00,ETH-27NOV26-3800-P,2499.79,ETH-27NOV26,put,3800.0,2026-11-27T08:00:00+00:00,0.13224964243576826,0.516,0.5305,0.522876,0.52325,2499.79,ETH-27NOV26,0.5961,-0.96589,0.68783,0.0,0.0,0.014499999999999957,ETH,2486.95,0.0
2026-10-10T00:41:58.683869+00:00,ETH-23OCT26-2500-C,2490.55,ETH-23OCT26,call,2500.0,2026-10-23T08:00:00+00:00,0.0364248648861447,0.029,0.03,0.029499,0.0295,2490.55,ETH-23OCT26,0.4111,0.49503,1.89612,170.0,1.0,0.0009999999999999974,ETH,2486.95,83.84
2026-10-10T00:41:58.683869+00:00,ETH-13OCT26-2320-P,2488.45,ETH-13OCT26,put,2320.0,2026-10-13T08:00:00+00:00,0.009046357014823687,0.0012,0.0015,0.001364,0.00135,2488.45,ETH-13OCT26,0.4946,-0.06574,0.30268,7.0,7.0,0.00030000000000000014,ETH,2486.95,31.49
2026-10-10T00:41:58.683869+00:00,ETH-11OCT26-2250-P,2488.0,ETH-11OCT26,put,2250.0,2026-10-11T08:00:00+00:00,0.003570655440559485,,0.0002,0.000124,,2488.0,ETH-11OCT26,0.7129000000000001,-0.00874,0.0352,275.0,43.0,,ETH,2486.95,21.35
2026-10-10T00:41:58.683869+00:00,ETH-12OCT26-2620-P,2488.18,ETH-12OCT26,put,2620.0,2026-10-12T08:00:00+00:00,0.006308506227691586,0.049,0.0565,0.053293,0.05275,2488.18,ETH-12OCT26,0.337,-0.97272,0.12421,16.0,16.0,0.0075,ETH,2486.95,1977.32
2026-10-10T00:41:58.683869+00:00,ETH-30OCT26-1600-C,2492.04,ETH-30OCT26,call,1600.0,2026-10-30T08:00:00+00:00,0.055589820396069405,0.3565,0.36,0.358533,0.35825,2492.04,ETH-30OCT26,0.8205,0.99148,0.13609,70.0,0.0,0.003500000000000003,ETH,2486.95,0.0
2026-10-10T00:41:58.683869+00:00,ETH-12OCT26-2320-P,2488.18,ETH-12OCT26,put,2320.0,2026-10-12T08:00:00+00:00,0.006308506227691586,0.0007,0.0009,0.000788,0.0008,2488.18,ETH-12OCT26,0.5264,-0.04562,0.18932,382.0,415.0,0.00019999999999999998,ETH,2486.95,1540.71
2026-10-10T00:41:58.683869+00:00,ETH-16OCT26-3400-P,2488.96,ETH-16OCT26,put,3400.0,2026-10-16T08:00:00+00:00,0.017259909376219993,0.3615,0.3705,0.366102,0.366,2488.96,ETH-16OCT26,0.8079000000000001,-0.99806,0.02017,0.0,0.0,0.009000000000000008,ETH,2486.95,0.0
2026-10-10T00:41:58.683869+00:00,ETH-10OCT26-2320-P,2487.48,ETH-10OCT26,put,2320.0,2026-10-10T08:00:00+00:00,0.0008328046534273835,,0.0001,4e-06,,2487.48,ETH-10OCT26,0.7611,-0.00073,0.0018,687.0,681.0,,ETH,2486.95,661.36
2026-10-10T00:41:58.683869+00:00,ETH-24SEP27-4100-C,2599.09,ETH-24SEP27,call,4100.0,2027-09-24T08:00:00+00:00,0.9563427293625307,0.0715,0.0745,0.073039,0.073,2599.09,ETH-24SEP27,0.5499,0.2813,8.57582,271.0,0.0,0.0030000000000000027,ETH,2486.95,0.0
2026-10-10T00:41:58.683869+00:00,ETH-11OCT26-2560-C,2488.0,ETH-11OCT26,call,2560.0,2026-10-11T08:00:00+00:00,0.003570655440559485,0.0003,0.0004,0.000331,0.00035,2488.0,ETH-11OCT26,0.2844,0.04775,0.14769,4081.0,4130.0,0.00010000000000000005,ETH,2486.95,20982.55
2026-10-10T00:41:58.683869+00:00,ETH-11OCT26-2540-C,2488.0,ETH-11OCT26,call,2540.0,2026-10-11T08:00:00+00:00,0.003570655440559485,0.0005,0.0007,0.000594,0.0006,2488.0,ETH-11OCT26,0.25239999999999996,0.08596,0.23313,723.0,773.0,0.00019999999999999998,ETH,2486.95,4581.95
2026-10-10T00:41:58.683869+00:00,ETH-11OCT26-2360-P,2488.0,ETH-11OCT26,put,2360.0,2026-10-11T08:00:00+00:00,0.003570655440559485,0.0003,0.0005,0.000383,0.0004,2488.0,ETH-11OCT26,0.48560000000000003,-0.0339,0.11181,12.0,0.0,0.00020000000000000004,ETH,2486.95,0.0
2026-10-10T00:41:58.683869+00:00,ETH-26MAR27-3100-C,2537.99,ETH-26MAR27,call,3100.0,2027-03-26T08:00:00+00:00,0.4580538861044883,0.0685,0.07,0.069258,0.06925,2537.99,ETH-26MAR27,0.523,0.34877,6.35474,2894.0,111.0,0.0015000000000000013,ETH,2486.95,19689.54
2026-10-10T00:41:58.683869+00:00,ETH-13OCT26-2440-P,2488.45,ETH-13OCT26,put,2440.0,2026-10-13T08:00:00+00:00,0.009046357014823687,0.0055,0.006,0.005738,0.00575,2488.45,ETH-13OCT26,0.3527,-0.27565,0.79049,0.0,0.0,0.0005000000000000004,ETH,2486.95,0.0
2026-10-10T00:41:58.683869+00:00,ETH-24SEP27-1600-P,2599.09,ETH-24SEP27,put,1600.0,2027-09-24T08:00:00+00:00,0.9563427293625307,0.046,0.0485,0.047185,0.04725,2599.09,ETH-24SEP27,0.5792,-0.12734,5.30051,11.0,11.0,0.0025000000000000022,ETH,2486.95,1290.52
2026-10-10T00:41:58.683869+00:00,ETH-13OCT26-2250-C,2488.45,ETH-13OCT26,call,2250.0,2026-10-13T08:00:00+00:00,0.009046357014823687,0.0945,0.098,0.09664,0.09625,2488.45,ETH-13OCT26,0.5985,0.96357,0.18896,0.0,0.0,0.003500000000000003,ETH,2486.95,0.0
2026-10-10T00:41:58.683869+00:00,ETH-25JUN27-6000-P,2568.75,ETH-25JUN27,put,6000.0,2027-06-25T08:00:00+00:00,0.7071983077335096,1.3325,1.3735,1.350031,1.353,2568.75,ETH-25JUN27,0.5984,-0.92419,3.08335,1.0,0.0,0.040999999999999925,ETH,2486.95,0.0
2026-10-10T00:41:58.683869+00:00,ETH-25JUN27-3100-C,2568.75,ETH-25JUN27,call,3100.0,2027-06-25T08:00:00+00:00,0.7071983077335096,0.107,0.1095,0.108255,0.10825,2568.75,ETH-25JUN27,0.5309,0.42151,8.45164,336.0,6.0,0.0025000000000000022,ETH,2486.95,1614.55
2026-10-10T00:41:58.683869+00:00,ETH-26MAR27-2700-C,2537.99,ETH-26MAR27,call,2700.0,2027-03-26T08:00:00+00:00,0.4580538861044883,0.1135,0.115,0.114353,0.11425,2537.99,ETH-26MAR27,0.5196000000000001,0.49971,6.85322,3384.0,1.0,0.0015000000000000013,ETH,2486.95,283.01
2026-10-10T00:41:58.683869+00:00,ETH-25DEC26-3600-P,2509.73,ETH-25DEC26,put,3600.0,2026-12-25T08:00:00+00:00,0.2089094644754671,0.437,0.453,0.444421,0.445,2509.73,ETH-25DEC26,0.5478000000000001,-0.9059,1.9254,244.0,0.0,0.016000000000000014,ETH,2486.95,0.0
2026-10-10T00:41:58.683869+00:00,ETH-26MAR27-8000-C,2537.99,ETH-26MAR27,call,8000.0,2027-03-26T08:00:00+00:00,0.4580538861044883,0.0019,0.0023,0.002138,0.0021,2537.99,ETH-26MAR27,0.7019,0.01469,0.63913,522.0,0.0,0.00039999999999999996,ETH,2486.95,0.0
2026-10-10T00:41:58.683869+00:00,ETH-12OCT26-2320-C,2488.18,ETH-12OCT26,call,2320.0,2026-10-12T08:00:00+00:00,0.006308506227691586,0.066,0.07,0.06835,0.068,2488.18,ETH-12OCT26,0.5264,0.9544,0.18926,0.0,0.0,0.0040000000000000036,ETH,2486.95,0.0
2026-10-10T00:41:58.683869+00:00,ETH-25JUN27-2200-C,2568.73,ETH-25JUN27,call,2200.0,2027-06-25T08:00:00+00:00,0.7071983077335096,0.244,0.25,0.247643,0.247,2568.73,ETH-25JUN27,0.5388000000000001,0.71499,7.33485,1093.0,0.0,0.006000000000000005,ETH,2486.95,0.0
2026-10-10T00:41:58.683869+00:00,ETH-25DEC26-3600-C,2509.75,ETH-25DEC26,call,3600.0,2026-12-25T08:00:00+00:00,0.2089094644754671,0.0095,0.0105,0.010004,0.01,2509.75,ETH-25DEC26,0.5478000000000001,0.0941,1.92545,2730.0,1.0,0.0010000000000000009,ETH,2486.95,24.87
2026-10-10T00:41:58.683869+00:00,ETH-11OCT26-2820-P,2488.0,ETH-11OCT26,put,2820.0,2026-10-11T08:00:00+00:00,0.003570655440559485,0.13,0.1365,0.133449,0.13325,2488.0,ETH-11OCT26,0.6268,-0.99957,0.00228,0.0,0.0,0.006500000000000006,ETH,2486.95,0.0
2026-10-10T00:41:58.683869+00:00,ETH-25JUN27-900-C,2568.75,ETH-25JUN27,call,900.0,2027-06-25T08:00:00+00:00,0.7071983077335096,0.6525,0.658,0.656117,0.65525,2568.75,ETH-25JUN27,0.7343000000000001,0.97759,1.15155,1.0,0.0,0.00550000000000006,ETH,2486.95,0.0
2026-10-10T00:41:58.683869+00:00,ETH-25DEC26-9000-C,2509.75,ETH-25DEC26,call,9000.0,2026-12-25T08:00:00+00:00,0.2089094644754671,0.0001,0.0002,0.000177,0.00015,2509.75,ETH-25DEC26,0.8903,0.00167,0.06178,2084.0,0.0,0.0001,ETH,2486.95,0.0
2026-10-10T00:41:58.683869+00:00,ETH-11OCT26-2280-C,2488.0,ETH-11OCT26,call,2280.0,2026-10-11T08:00:00+00:00,0.003570655440559485,0.081,0.087,0.083774,0.084,2488.0,ETH-11OCT26,0.6598,0.98704,0.04961,0.0,0.0,0.0059999999999999915,ETH,2486.95,0.0
2026-10-10T00:41:58.683869+00:00,ETH-30OCT26-2350-C,2492.02,ETH-30OCT26,call,2350.0,2026-10-30T08:00:00+00:00,0.055589820396069405,0.0755,0.0775,0.076496,0.0765,2492.02,ETH-30OCT26,0.4597,0.72346,1.96597,713.0,50.0,0.0020000000000000018,ETH,2486.95,9643.4
2026-10-10T00:41:58.683869+00:00,ETH-30OCT26-2750-C,2492.02,ETH-30OCT26,call,2750.0,2026-10-30T08:00:00+00:00,0.055589820396069405,0.01,0.011,0.010477,0.0105,2492.02,ETH-30OCT26,0.44770000000000004,0.18881,1.58836,3374.0,575.0,0.0009999999999999992,ETH,2486.95,16256.04
2026-10-10T00:41:58.683869+00:00,ETH-10OCT26-2700-C,2487.48,ETH-10OCT26,call,2700.0,2026-10-10T08:00:00+00:00,0.0008328046534273835,,0.0001,0.0,,2487.48,ETH-10OCT26,0.6228,0.0,1e-05,318.0,0.0,,ETH,2486.95,0.0
2026-10-10T00:41:58.683869+00:00,ETH-25JUN27-3700-C,2568.73,ETH-25JUN27,call,3700.0,2027-06-25T08:00:00+00:00,0.7071983077335096,0.063,0.065,0.064027,0.064,2568.73,ETH-25JUN27,0.5395,0.28177,7.29477,339.0,0.0,0.0020000000000000018,ETH,2486.95,0.0
2026-10-10T00:41:58.683869+00:00,ETH-13OCT26-2380-P,2488.45,ETH-13OCT26,put,2380.0,2026-10-13T08:00:00+00:00,0.009046357014823687,0.0023,0.0027,0.002487,0.0025,2488.45,ETH-13OCT26,0.41409999999999997,-0.12607,0.49002,0.0,0.0,0.0004000000000000002,ETH,2486.95,0.0
2026-10-10T00:41:58.683869+00:00,ETH-11OCT26-2720-P,2488.0,ETH-11OCT26,put,2720.0,2026-10-11T08:00:00+00:00,0.003570655440559485,0.09,0.0965,0.093258,0.09325,2488.0,ETH-11OCT26,0.46990000000000004,-0.99924,0.00387,0.0,0.0,0.006500000000000006,ETH,2486.95,0.0
2026-10-10T00:41:58.683869+00:00,ETH-25DEC26-2200-C,2509.75,ETH-25DEC26,call,2200.0,2026-12-25T08:00:00+00:00,0.2089094644754671,0.161,0.1635,0.162399,0.16225,2509.75,ETH-25DEC26,0.5111,0.75162,3.63308,51016.0,0.0,0.0025000000000000022,ETH,2486.95,0.0
2026-10-10T00:41:58.683869+00:00,ETH-26MAR27-2100-P,2537.99,ETH-26MAR27,put,2100.0,2027-03-26T08:00:00+00:00,0.4580538861044883,0.0625,0.064,0.063216,0.06325,2537.99,ETH-26MAR27,0.5390999999999999,-0.24171,5.36104,1375.0,0.0,0.0015000000000000013,ETH,2486.95,0.0
2026-10-10T00:41:58.683869+00:00,ETH-23OCT26-2850-P,2490.55,ETH-23OCT26,put,2850.0,2026-10-23T08:00:00+00:00,0.0364248648861447,0.142,0.151,0.146629,0.1465,2490.55,ETH-23OCT26,0.45,-0.93683,0.58943,9.0,0.0,0.009000000000000008,ETH,2486.95,0.0
2026-10-10T00:41:58.683869+00:00,ETH-24SEP27-4800-C,2599.07,ETH-24SEP27,call,4800.0,2027-09-24T08:00:00+00:00,0.9563427293625307,0.0475,0.05,0.04871,0.04875,2599.07,ETH-24SEP27,0.5629,0.20068,7.13082,13.0,0.0,0.0025000000000000022,ETH,2486.95,0.0
2026-10-10T00:41:58.683869+00:00,ETH-27NOV26-2850-P,2499.79,ETH-27NOV26,put,2850.0,2026-11-27T08:00:00+00:00,0.13224964243576826,0.1595,0.1715,0.165171,0.1655,2499.79,ETH-27NOV26,0.48590000000000005,-0.74369,2.92716,482.0,0.0,0.01200000000000001,ETH,2486.95,0.0
2026-10-10T00:41:58.683869+00:00,ETH-13OCT26-2460-P,2488.45,ETH-13OCT26,put,2460.0,2026-10-13T08:00:00+00:00,0.009046357014823687,0.0075,0.0085,0.007913,0.008,2488.45,ETH-13OCT26,0.3398,-0.3577,0.88332,8.0,8.0,0.0010000000000000009,ETH,2486.95,180.04
2026-10-10T00:41:58.683869+00:00,ETH-12OCT26-2720-C,2488.18,ETH-12OCT26,call,2720.0,2026-10-12T08:00:00+00:00,0.006308506227691586,,0.0002,1.7e-05,,2488.18,ETH-12OCT26,0.3856,0.00185,0.01167,4.0,2.0,,ETH,2486.95,2.49
2026-10-10T00:41:58.683869+00:00,ETH-13OCT26-2200-C,2488.45,ETH-13OCT26,call,2200.0,2026-10-13T08:00:00+00:00,0.009046357014823687,0.1145,0.118,0.116528,0.11625,2488.45,ETH-13OCT26,0.6740999999999999,0.97441,0.14104,0.0,0.0,0.0034999999999999892,ETH,2486.95,0.0
2026-10-10T00:41:58.683869+00:00,ETH-11OCT26-2820-C,2488.0,ETH-11OCT26,call,2820.0,2026-10-11T08:00:00+00:00,0.003570655440559485,,0.0001,4e-06,,2488.0,ETH-11OCT26,0.6268,0.00043,0.00228,507.0,0.0,,ETH,2486.95,0.0
2026-10-10T00:41:58.683869+00:00,ETH-26MAR27-7000-C,2537.99,ETH-26MAR27,call,7000.0,2027-03-26T08:00:00+00:00,0.4580538861044883,0.0029,0.0036,0.003229,0.00325,2537.99,ETH-26MAR27,0.6695,0.02211,0.90536,7047.0,0.0,0.0007000000000000001,ETH,2486.95,0.0
2026-10-10T00:41:58.683869+00:00,ETH-11OCT26-2320-C,2488.0,ETH-11OCT26,call,2320.0,2026-10-11T08:00:00+00:00,0.003570655440559485,0.065,0.071,0.067802,0.068,2488.0,ETH-11OCT26,0.5835,0.97806,0.07779,0.0,0.0,0.0059999999999999915,ETH,2486.95,0.0
2026-10-10T00:41:58.683869+00:00,ETH-25JUN27-2500-C,2568.73,ETH-25JUN27,call,2500.0,2027-06-25T08:00:00+00:00,0.7071983077335096,0.187,0.1895,0.188319,0.18825,2568.73,ETH-25JUN27,0.5318,0.61174,8.2787,3226.0,0.0,0.0025000000000000022,ETH,2486.95,0.0
2026-10-10T00:41:58.683869+00:00,ETH-23OCT26-2750-C,2490.53,ETH-23OCT26,call,2750.0,2026-10-23T08:00:00+00:00,0.0364248648861447,0.0044,0.0048,0.00458,0.0046,2490.53,ETH-23OCT26,0.4252,0.11834,0.94156,481.0,153.0,0.0003999999999999993,ETH,2486.95,2668.64
2026-10-10T00:41:58.683869+00:00,ETH-11OCT26-2640-P,2488.0,ETH-11OCT26,put,2640.0,2026-10-11T08:00:00+00:00,0.003570655440559485,0.0575,0.064,0.061119,0.06075,2488.0,ETH-11OCT26,0.36310000000000003,-0.9968,0.01439,0.0,0.0,0.006499999999999999,ETH,2486.95,0.0
2026-10-10T00:41:58.683869+00:00,ETH-25DEC26-4000-P,2509.75,ETH-25DEC26,put,4000.0,2026-12-25T08:00:00+00:00,0.2089094644754671,0.5905,0.6085,0.599289,0.5995,2509.75,ETH-25DEC26,0.5844,-0.9465,1.2486,529.0,0.0,0.018000000000000016,ETH,2486.95,0.0
2026-10-10T00:41:58.683869+00:00,ETH-25JUN27-800-P,2568.75,ETH-25JUN27,put,800.0,2027-06-25T08:00:00+00:00,0.7071983077335096,0.0043,0.0049,0.004813,0.0046,2568.75,ETH-25JUN27,0.7662,-0.01651,0.88821,688.0,3.0,0.0005999999999999998,ETH,2486.95,34.71
2026-10-10T00:41:58.683869+00:00,ETH-24SEP27-3000-P,2599.07,ETH-24SEP27,put,3000.0,2027-09-24T08:00:00+00:00,0.9563427293625307,0.3025,0.3165,0.30878,0.3095,2599.07,ETH-24SEP27,0.5381,-0.50394,10.1401,539.0,4.0,0.014000000000000012,ETH,2486.95,3072.47
2026-10-10T00:41:58.683869+00:00,ETH-26MAR27-6000-P,2537.99,ETH-26MAR27,put,6000.0,2027-03-26T08:00:00+00:00,0.4580538861044883,1.354,1.3915,1.369638,1.37275,2537.99,ETH-26MAR27,0.6349,-0.96304,1.38786,1.0,0.0,0.03749999999999987,ETH,2486.95,0.0
2026-10-10T00:41:58.683869+00:00,ETH-24SEP27-5000-C,2599.07,ETH-24SEP27,call,5000.0,2027-09-24T08:00:00+00:00,0.9563427293625307,0.0425,0.045,0.043703,0.04375,2599.07,ETH-24SEP27,0.5664,0.18294,6.73784,1729.0,0.0,0.0024999999999999953,ETH,2486.95,0.0
2026-10-10T00:41:58.683869+00:00,ETH-11OCT26-2780-P,2488.0,ETH-11OCT26,put,2780.0,2026-10-11T08:00:00+00:00,0.003570655440559485,0.1135,0.1205,0.117373,0.117,2488.0,ETH-11OCT26,0.5710999999999999,-0.99941,0.00307,0.0,0.0,0.006999999999999992,ETH,2486.95,0.0
2026-10-10T00:41:58.683869+00:00,ETH-25DEC26-1600-C,2509.75,ETH-25DEC26,call,1600.0,2026-12-25T08:00:00+00:00,0.2089094644754671,0.3655,0.371,0.368955,0.36825,2509.75,ETH-25DEC26,0.6456999999999999,0.95271,1.13167,620.0,0.0,0.005500000000000005,ETH,2486.95,0.0
2026-10-10T00:41:58.683869+00:00,ETH-11OCT26-2540-P,2488.0,ETH-11OCT26,put,2540.0,2026-10-11T08:00:00+00:00,0.003570655440559485,0.018,0.0245,0.021499,0.02125,2488.0,ETH-11OCT26,0.25239999999999996,-0.91404,0.23313,1082.0,1.0,0.006500000000000002,ETH,2486.95,47.42
2026-10-10T00:41:58.683869+00:00,ETH-26MAR27-3100-P,2537.99,ETH-26MAR27,put,3100.0,2027-03-26T08:00:00+00:00,0.4580538861044883,0.2825,0.2995,0.290735,0.291,2537.99,ETH-26MAR27,0.523,-0.65123,6.35469,445.0,0.0,0.017000000000000015,ETH,2486.94,0.0
2026-10-10T00:41:58.683869+00:00,ETH-30OCT26-4400-C,2492.02,ETH-30OCT26,call,4400.0,2026-10-30T08:00:00+00:00,0.055589820396069405,,0.0002,0.000156,,2492.02,ETH-30OCT26,0.8393,0.00277,0.04995,1995.0,0.0,,ETH,2486.94,0.0
2026-10-10T00:41:58.683869+00:00,ETH-25JUN27-3400-P,2568.73,ETH-25JUN27,put,3400.0,2027-06-25T08:00:00+00:00,0.7071983077335096,0.396,0.4185,0.406358,0.40725,2568.73,ETH-25JUN27,0.5343,-0.65524,7.95795,30.0,0.0,0.022499999999999964,ETH,2486.94,0.0
2026-10-10T00:41:58.683869+00:00,ETH-23OCT26-2300-C,2490.55,ETH-23OCT26,call,2300.0,2026-10-23T08:00:00+00:00,0.0364248648861447,0.083,0.087,0.085313,0.085,2490.55,ETH-23OCT26,0.469,0.82397,1.22985,0.0,0.0,0.00399999999999999,ETH,2486.94,0.0
2026-10-10T00:41:58.683869+00:00,ETH-25DEC26-3800-P,2509.75,ETH-25DEC26,put,3800.0,2026-12-25T08:00:00+00:00,0.2089094644754671,0.514,0.531,0.521563,0.5225,2509.75,ETH-25DEC26,0.5684,-0.92879,1.56074,113.0,0.0,0.017000000000000015,ETH,2486.94,0.0
2026-10-10T00:41:58.683869+00:00,ETH-24SEP27-3600-C,2599.09,ETH-24SEP27,call,3600.0,2027-09-24T08:00:00+00:00,0.9563427293625307,0.0995,0.103,0.101276,0.10125,2599.09,ETH-24SEP27,0.5431,0.3639,9.54455,161.0,0.0,0.0034999999999999892,ETH,2486.94,0.0
2026-10-10T00:41:58.683869+00:00,ETH-25JUN27-1200-P,2568.73,ETH-25JUN27,put,1200.0,2027-06-25T08:00:00+00:00,0.7071983077335096,0.0135,0.015,0.01423,0.01425,2568.73,ETH-25JUN27,0.6576000000000001,-0.04926,2.20186,588.0,0.0,0.0014999999999999996,ETH,2486.94,0.0
2026-10-10T00:41:58.683869+00:00,ETH-24SEP27-6000-C,2599.07,ETH-24SEP27,call,6000.0,2027-09-24T08:00:00+00:00,0.9563427293625307,0.0265,0.028,0.0272,0.02725,2599.07,ETH-24SEP27,0.5861,0.12045,5.09822,714.0,0.0,0.0015000000000000013,ETH,2486.94,0.0
2026-10-10T00:41:58.683869+00:00,ETH-23OCT26-2500-P,2490.55,ETH-23OCT26,put,2500.0,2026-10-23T08:00:00+00:00,0.0364248648861447,0.0325,0.034,0.033302,0.03325,2490.55,ETH-23OCT26,0.4111,-0.50495,1.89613,942.0,433.0,0.0015000000000000013,ETH,2486.94,35696.0
2026-10-10T00:41:58.683869+00:00,ETH-27NOV26-2150-P,2499.79,ETH-27NOV26,put,2150.0,2026-11-27T08:00:00+00:00,0.13224964243576826,0.0205,0.0215,0.021142,0.021,2499.79,ETH-27NOV26,0.5199,-0.18672,2.44073,596.0,2.0,0.0009999999999999974,ETH,2486.94,106.76
2026-10-10T00:41:58.683869+00:00,ETH-11OCT26-2720-C,2488.0,ETH-11OCT26,call,2720.0,2026-10-11T08:00:00+00:00,0.003570655440559485,,0.0001,6e-06,,2488.0,ETH-11OCT26,0.46990000000000004,0.00076,0.00387,399.0,3.0,,ETH,2486.94,2.25
2026-10-10T00:41:58.683869+00:00,ETH-10OCT26-2480-C,2487.5,ETH-10OCT26,call,2480.0,2026-10-10T08:00:00+00:00,0.0008328046534273835,0.0045,0.0055,0.00478,0.005,2487.5,ETH-10OCT26,0.26530000000000004,0.64312,0.26685,1057.0,751.0,0.001,ETH,2486.94,11591.07
2026-10-10T00:41:58.683869+00:00,ETH-10OCT26-2820-P,2487.5,ETH-10OCT26,put,2820.0,2026-10-10T08:00:00+00:00,0.0008328046534273835,0.13,0.1375,0.133677,0.13375,2487.5,ETH-10OCT26,0.8423999999999999,-1.0,0.0,0.0,0.0,0.007500000000000007,ETH,2486.94,0.0
2026-10-10T00:41:58.683869+00:00,ETH-27NOV26-3300-C,2499.79,ETH-27NOV26,call,3300.0,2026-11-27T08:00:00+00:00,0.13224964243576826,0.007,0.008,0.007488,0.0075,2499.79,ETH-27NOV26,0.5315,0.08998,1.47612,3580.0,39.0,0.001,ETH,2486.94,776.52
2026-10-10T00:41:58.683869+00:00,ETH-26MAR27-5500-C,2537.97,ETH-26MAR27,call,5500.0,2027-03-26T08:00:00+00:00,0.4580538861044883,0.007,0.008,0.007438,0.0075,2537.97,ETH-26MAR27,0.615,0.04952,1.75809,3254.0,1.0,0.001,ETH,2486.94,17.38
2026-10-10T00:41:58.683869+00:00,ETH-23OCT26-2750-P,2490.55,ETH-23OCT26,put,2750.0,2026-10-23T08:00:00+00:00,0.0364248648861447,0.1045,0.113,0.108763,0.10875,2490.55,ETH-23OCT26,0.4252,-0.88165,0.94157,211.0,0.0,0.008500000000000008,ETH,2486.94,0.0
2026-10-10T00:41:58.683869+00:00,ETH-11OCT26-2480-C,2488.0,ETH-11OCT26,call,2480.0,2026-10-11T08:00:00+00:00,0.003570655440559485,0.0065,0.0075,0.007166,0.007,2488.0,ETH-11OCT26,0.2273,0.58865,0.57798,589.0,511.0,0.001,ETH,2486.94,11806.62
2026-10-10T00:41:58.683869+00:00,ETH-11OCT26-2440-C,2488.0,ETH-11OCT26,call,2440.0,2026-10-11T08:00:00+00:00,0.003570655440559485,0.018,0.022,0.020448,0.02,2488.0,ETH-11OCT26,0.2929,0.86583,0.3212,4.0,5.0,0.004,ETH,2486.94,275.31
2026-10-10T00:41:58.683869+00:00,ETH-25DEC26-1600-P,2509.73,ETH-25DEC26,put,1600.0,2026-12-25T08:00:00+00:00,0.2089094644754671,0.006,0.007,0.006474,0.0065,2509.73,ETH-25DEC26,0.6456999999999999,-0.04729,1.13169,8315.0,101.0,0.001,ETH,2486.94,1510.38
2026-10-10T00:41:58.683869+00:00,ETH-24SEP27-2900-P,2599.09,ETH-24SEP27,put,2900.0,2027-09-24T08:00:00+00:00,0.9563427293625307,0.2785,0.2865,0.282025,0.2825,2599.09,ETH-24SEP27,0.5378000000000001,-0.47836,10.1256,327.0,0.0,0.007999999999999952,ETH,2486.94,0.0
2026-10-10T00:41:58.683869+00:00,ETH-30OCT26-2050-P,2492.04,ETH-30OCT26,put,2050.0,2026-10-30T08:00:00+00:00,0.055589820396069405,0.0041,0.0043,0.004092,0.0042,2492.04,ETH-30OCT26,0.574,-0.06575,0.75169,1137.0,1.0,0.00019999999999999966,ETH,2486.94,10.51
2026-10-10T00:41:58.683869+00:00,ETH-13OCT26-2480-P,2488.45,ETH-13OCT26,put,2480.0,2026-10-13T08:00:00+00:00,0.009046357014823687,0.0105,0.0115,0.010822,0.011,2488.45,ETH-13OCT26,0.3283,-0.45357,0.93762,18.0,18.0,0.0009999999999999992,ETH,2486.94,562.04
2026-10-10T00:41:58.683869+00:00,ETH-24SEP27-5500-C,2599.09,ETH-24SEP27,call,5500.0,2027-09-24T08:00:00+00:00,0.9563427293625307,0.033,0.035,0.033985,0.034,2599.09,ETH-24SEP27,0.5758,0.14697,5.84611,174.0,0.0,0.0020000000000000018,ETH,2486.94,0.0
2026-10-10T00:41:58.683869+00:00,ETH-24SEP27-2800-C,2599.07,ETH-24SEP27,call,2800.0,2027-09-24T08:00:00+00:00,0.9563427293625307,0.177,0.181,0.17903,0.179,2599.07,ETH-24SEP27,0.5379999999999999,0.54821,10.0665,437.0,0.0,0.0040000000000000036,ETH,2486.94,0.0
2026-10-10T00:41:58.683869+00:00,ETH-25DEC26-11000-C,2509.75,ETH-25DEC26,call,11000.0,2026-12-25T08:00:00+00:00,0.2089094644754671,,0.0001,6.5e-05,,2509.75,ETH-25DEC26,0.9389,0.00062,0.02498,2175.0,0.0,,ETH,2486.94,0.0
2026-10-10T00:41:58.683869+00:00,ETH-25JUN27-1000-C,2568.75,ETH-25JUN27,call,1000.0,2027-06-25T08:00:00+00:00,0.7071983077335096,0.6165,0.6215,0.619429,0.619,2568.75,ETH-25JUN27,0.7088,0.96995,1.47219,101.0,0.0,0.0050000000000000044,ETH,2486.94,0.0
2026-10-10T00:41:58.683869+00:00,ETH-25JUN27-2300-P,2568.75,ETH-25JUN27,put,2300.0,2027-06-25T08:00:00+00:00,0.7071983077335096,0.12,0.123,0.121571,0.1215,2568.75,ETH-25JUN27,0.5356000000000001,-0.31915,7.71743,1035.0,0.0,0.0030000000000000027,ETH,2486.94,0.0
2026-10-10T00:41:58.683869+00:00,ETH-10OCT26-2420-C,2487.48,ETH-10OCT26,call,2420.0,2026-10-10T08:00:00+00:00,0.0008328046534273835,0.0245,0.0305,0.027393,0.0275,2487.48,ETH-10OCT26,0.5514,0.95817,0.06394,80.0,20.0,0.005999999999999998,ETH,2486.94,1668.85
2026-10-10T00:41:58.683869+00:00,ETH-13OCT26-2340-C,2488.45,ETH-13OCT26,call,2340.0,2026-10-13T08:00:00+00:00,0.009046357014823687,0.059,0.063,0.061254,0.061,2488.45,ETH-13OCT26,0.4657,0.92,0.35179,0.0,0.0,0.0040000000000000036,ETH,2486.94,0.0
2026-10-10T00:41:58.683869+00:00,ETH-30OCT26-2400-P,2492.04,ETH-30OCT26,put,2400.0,2026-10-30T08:00:00+00:00,0.055589820396069405,0.025,0.026,0.025579,0.0255,2492.04,ETH-30OCT26,0.44909999999999994,-0.34244,2.15881,10131.0,377.0,0.0009999999999999974,ETH,2486.94,23376.39
2026-10-10T00:41:58.683869+00:00,ETH-16OCT26-3000-C,2488.96,ETH-16OCT26,call,3000.0,2026-10-16T08:00:00+00:00,0.017259909376219993,0.0001,0.0003,0.000181,0.0002,2488.96,ETH-16OCT26,0.5747,0.00738,0.06673,2683.0,266.0,0.00019999999999999998,ETH,2486.94,369.72
2026-10-10T00:41:58.683869+00:00,ETH-16OCT26-3100-P,2488.94,ETH-16OCT26,put,3100.0,2026-10-16T08:00:00+00:00,0.017259909376219993,0.2415,0.2495,0.24565,0.2455,2488.94,ETH-16OCT26,0.6435,-0.99471,0.04969,0.0,0.0,0.008000000000000007,ETH,2486.94,0.0
2026-10-10T00:41:58.683869+00:00,ETH-27NOV26-3200-P,2499.79,ETH-27NOV26,put,3200.0,2026-11-27T08:00:00+00:00,0.13224964243576826,0.283,0.2965,0.289628,0.28975,2499.79,ETH-27NOV26,0.5184000000000001,-0.88808,1.73089,3.0,0.0,0.013500000000000012,ETH,2486.94,0.0
2026-10-10T00:41:58.683869+00:00,ETH-23OCT26-2200-C,2490.55,ETH-23OCT26,call,2200.0,2026-10-23T08:00:00+00:00,0.0364248648861447,0.119,0.123,0.121368,0.121,2490.55,ETH-23OCT26,0.5197999999999999,0.90268,0.81779,0.0,0.0,0.0040000000000000036,ETH,2486.94,0.0
2026-10-10T00:41:58.683869+00:00,ETH-10OCT26-2660-P,2487.5,ETH-10OCT26,put,2660.0,2026-10-10T08:00:00+00:00,0.0008328046534273835,0.066,0.0725,0.069355,0.06925,2487.5,ETH-10OCT26,0.5509000000000001,-0.99999,4e-05,17.0,2.0,0.006499999999999992,ETH,2486.94,341.11
2026-10-10T00:41:58.683869+00:00,ETH-10OCT26-2600-C,2487.5,ETH-10OCT26,call,2600.0,2026-10-10T08:00:00+00:00,0.0008328046534273835,,0.0001,0.0,,2487.5,ETH-10OCT26,0.42340000000000005,0.00013,0.00037,639.0,282.0,,ETH,2486.94,253.03
2026-10-10T00:41:58.683869+00:00,ETH-10OCT26-2380-C,2487.48,ETH-10OCT26,call,2380.0,2026-10-10T08:00:00+00:00,0.0008328046534273835,0.0405,0.0465,0.043365,0.0435,2487.48,ETH-10OCT26,0.7486,0.97999,0.03465,0.0,0.0,0.005999999999999998,ETH,2486.94,0.0
2026-10-10T00:41:58.683869+00:00,ETH-10OCT26-3100-P,2487.5,ETH-10OCT26,put,3100.0,2026-10-10T08:00:00+00:00,0.0008328046534273835,0.242,0.25,0.246241,0.246,2487.5,ETH-10OCT26,0.8591,-1.0,0.0,0.0,0.0,0.008000000000000007,ETH,2486.94,0.0
2026-10-10T00:41:58.683869+00:00,ETH-13OCT26-2360-C,2488.45,ETH-13OCT26,call,2360.0,2026-10-13T08:00:00+00:00,0.009046357014823687,0.051,0.055,0.053581,0.053,2488.45,ETH-13OCT26,0.43920000000000003,0.90041,0.414,0.0,0.0,0.0040000000000000036,ETH,2486.95,0.0
2026-10-10T00:41:58.683869+00:00,ETH-25JUN27-3200-P,2568.75,ETH-25JUN27,put,3200.0,2027-06-25T08:00:00+00:00,0.7071983077335096,0.3345,0.3555,0.34454,0.345,2568.75,ETH-25JUN27,0.5316,-0.60576,8.31437,48.0,0.0,0.020999999999999963,ETH,2486.94,0.0
2026-10-10T00:41:58.683869+00:00,ETH-27NOV26-4600-C,2499.79,ETH-27NOV26,call,4600.0,2026-11-27T08:00:00+00:00,0.13224964243576826,0.0008,0.0011,0.000939,0.00095,2499.79,ETH-27NOV26,0.6992,0.01157,0.27508,1379.0,1.0,0.00030000000000000003,ETH,2486.94,1.74
2026-10-10T00:41:58.683869+00:00,ETH-24SEP27-3700-C,2599.07,ETH-24SEP27,call,3700.0,2027-09-24T08:00:00+00:00,0.9563427293625307,0.093,0.0965,0.09476,0.09475,2599.07,ETH-24SEP27,0.5445,0.34564,9.3717,50.0,0.0,0.003500000000000003,ETH,2486.94,0.0
2026-10-10T00:41:58.683869+00:00,ETH-25JUN27-2100-C,2568.75,ETH-25JUN27,call,2100.0,2027-06-25T08:00:00+00:00,0.7071983077335096,0.2665,0.274,0.270686,0.27025,2568.75,ETH-25JUN27,0.5426,0.74831,6.88997,142.0,0.0,0.007500000000000007,ETH,2486.95,0.0
2026-10-10T00:41:58.683869+00:00,ETH-30OCT26-1950-C,2492.02,ETH-30OCT26,call,1950.0,2026-10-30T08:00:00+00:00,0.055589820396069405,0.218,0.2215,0.220092,0.21975,2492.02,ETH-30OCT26,0.6246,0.9588,0.51867,744.0,0.0,0.003500000000000003,ETH,2486.95,0.0
2026-10-10T00:41:58.683869+00:00,ETH-16OCT26-2700-C,2488.96,ETH-16OCT26,call,2700.0,2026-10-16T08:00:00+00:00,0.017259909376219993,0.0015,0.0018,0.001647,0.00165,2488.96,ETH-16OCT26,0.41240000000000004,0.06955,0.4368,1657.0,164.0,0.0002999999999999999,ETH,2486.95,1141.93
2026-10-10T00:41:58.683869+00:00,ETH-30OCT26-2650-P,2492.02,ETH-30OCT26,put,2650.0,2026-10-30T08:00:00+00:00,0.055589820396069405,0.08,0.0825,0.081433,0.08125,2492.02,ETH-30OCT26,0.4372,-0.70777,2.01847,6856.0,10.0,0.0025000000000000022,ETH,2486.95,2140.92
2026-10-10T00:41:58.683869+00:00,ETH-26MAR27-3200-C,2537.99,ETH-26MAR27,call,3200.0,2027-03-26T08:00:00+00:00,0.4580538861044883,0.0605,0.062,0.061257,0.06125,2537.99,ETH-26MAR27,0.525,0.31738,6.12195,1990.0,48.0,0.0015000000000000013,ETH,2486.95,7251.4
2026-10-10T00:41:58.683869+00:00,ETH-13OCT26-2680-P,2488.45,ETH-13OCT26,put,2680.0,2026-10-13T08:00:00+00:00,0.009046357014823687,0.074,0.0805,0.077379,0.07725,2488.45,ETH-13OCT26,0.3997,-0.97362,0.14464,0.0,0.0,0.006500000000000006,ETH,2486.96,0.0
2026-10-10T00:41:58.683869+00:00,ETH-23OCT26-2000-P,2490.55,ETH-23OCT26,put,2000.0,2026-10-23T08:00:00+00:00,0.0364248648861447,0.0016,0.0019,0.001735,0.00175,2490.55,ETH-23OCT26,0.6511,-0.03402,0.35884,547.0,1.0,0.0002999999999999999,ETH,2486.95,3.98
2026-10-10T00:41:58.683869+00:00,ETH-30OCT26-4200-P,2492.04,ETH-30OCT26,put,4200.0,2026-10-30T08:00:00+00:00,0.055589820396069405,0.679,0.6905,0.685559,0.68475,2492.04,ETH-30OCT26,0.7888,-0.99668,0.05895,0.0,0.0,0.011499999999999955,ETH,2486.96,0.0
2026-10-10T00:41:58.683869+00:00,ETH-25DEC26-3800-C,2509.75,ETH-25DEC26,call,3800.0,2026-12-25T08:00:00+00:00,0.2089094644754671,0.007,0.008,0.007455,0.0075,2509.75,ETH-25DEC26,0.5684,0.07121,1.56079,6036.0,178.0,0.001,ETH,2486.96,3244.27
2026-10-10T00:41:58.683869+00:00,ETH-24SEP27-2100-C,2599.09,ETH-24SEP27,call,2100.0,2027-09-24T08:00:00+00:00,0.9563427293625307,0.2925,0.308,0.301426,0.30025,2599.09,ETH-24SEP27,0.5476,0.74708,8.12708,6.0,0.0,0.015500000000000014,ETH,2486.96,0.0
2026-10-10T00:41:58.683869+00:00,ETH-26MAR27-2400-C,2537.99,ETH-26MAR27,call,2400.0,2027-03-26T08:00:00+00:00,0.4580538861044883,0.165,0.1665,0.165769,0.16575,2537.99,ETH-26MAR27,0.5238,0.6309,6.48088,13635.0,11500.0,0.0015000000000000013,ETH,2486.96,4873772.14
2026-10-10T00:41:58.683869+00:00,ETH-26MAR27-4000-P,2537.99,ETH-26MAR27,put,4000.0,2027-03-26T08:00:00+00:00,0.4580538861044883,0.589,0.6135,0.600949,0.60125,2537.99,ETH-26MAR27,0.5504,-0.8497,4.01073,0.0,0.0,0.024500000000000077,ETH,2486.96,0.0
2026-10-10T00:41:58.683869+00:00,ETH-27NOV26-2550-P,2499.79,ETH-27NOV26,put,2550.0,2026-11-27T08:00:00+00:00,0.13224964243576826,0.08,0.081,0.080669,0.0805,2499.79,ETH-27NOV26,0.4792,-0.51131,3.62549,334.0,55.0,0.0010000000000000009,ETH,2486.96,10989.18
2026-10-10T00:41:58.683869+00:00,ETH-12OCT26-2680-P,2488.17,ETH-12OCT26,put,2680.0,2026-10-12T08:00:00+00:00,0.006308506227691586,0.0735,0.0805,0.077201,0.077,2488.17,ETH-12OCT26,0.3822,-0.99256,0.04063,5.0,5.0,0.007000000000000006,ETH,2486.96,905.42
2026-10-10T00:41:58.683869+00:00,ETH-24SEP27-3400-C,2599.09,ETH-24SEP27,call,3400.0,2027-09-24T08:00:00+00:00,0.9563427293625307,0.1145,0.118,0.116239,0.11625,2599.09,ETH-24SEP27,0.541,0.40385,9.84459,2.0,1.0,0.0034999999999999892,ETH,2486.96,289.22
2026-10-10T00:41:58.683869+00:00,ETH-11OCT26-2760-P,2488.0,ETH-11OCT26,put,2760.0,2026-10-11T08:00:00+00:00,0.003570655440559485,0.1055,0.1125,0.109335,0.109,2488.0,ETH-11OCT26,0.5384,-0.99936,0.00333,0.0,0.0,0.007000000000000006,ETH,2486.96,0.0
2026-10-10T00:41:58.683869+00:00,ETH-25DEC26-2500-P,2509.75,ETH-25DEC26,put,2500.0,2026-12-25T08:00:00+00:00,0.2089094644754671,0.087,0.0885,0.087812,0.08775,2509.75,ETH-25DEC26,0.494,-0.44864,4.53876,3277.0,143.0,0.0015000000000000013,ETH,2486.96,30800.68
2026-10-10T00:41:58.683869+00:00,ETH-12OCT26-2740-C,2488.17,ETH-12OCT26,call,2740.0,2026-10-12T08:00:00+00:00,0.006308506227691586,,0.0002,1.5e-05,,2488.17,ETH-12OCT26,0.40909999999999996,0.00154,0.00988,0.0,0.0,,ETH,2486.96,0.0
2026-10-10T00:41:58.683869+00:00,ETH-26MAR27-4600-P,2537.99,ETH-26MAR27,put,4600.0,2027-03-26T08:00:00+00:00,0.4580538861044883,0.813,0.84,0.826661,0.8265,2537.99,ETH-26MAR27,0.5743,-0.90911,2.81002,0.0,0.0,0.027000000000000024,ETH,2486.96,0.0
2026-10-10T00:41:58.683869+00:00,ETH-26MAR27-3700-P,2537.99,ETH-26MAR27,put,3700.0,2027-03-26T08:00:00+00:00,0.4580538861044883,0.4815,0.5045,0.492082,0.493,2537.99,ETH-26MAR27,0.5395,-0.80232,4.77557,0.0,0.0,0.022999999999999965,ETH,2486.96,0.0
2026-10-10T00:41:58.683869+00:00,ETH-12OCT26-2600-C,2488.18,ETH-12OCT26,call,2600.0,2026-10-12T08:00:00+00:00,0.006308506227691586,0.0003,0.0004,0.00038,0.00035,2488.18,ETH-12OCT26,0.31120000000000003,0.03819,0.16392,1059.0,772.0,0.00010000000000000005,ETH,2486.96,1415.54
2026-10-10T00:41:58.683869+00:00,ETH-10OCT26-2440-C,2487.5,ETH-10OCT26,call,2440.0,2026-10-10T08:00:00+00:00,0.0008328046534273835,0.0165,0.023,0.019459,0.01975,2487.5,ETH-10OCT26,0.4458,0.9322,0.09362,431.0,302.0,0.006499999999999999,ETH,2486.96,19627.43
2026-10-10T00:41:58.683869+00:00,ETH-26MAR27-2200-P,2537.99,ETH-26MAR27,put,2200.0,2027-03-26T08:00:00+00:00,0.4580538861044883,0.0765,0.078,0.077206,0.07725,2537.99,ETH-26MAR27,0.5326,-0.28233,5.80589,2374.0,681.0,0.0015000000000000013,ETH,2486.96,130713.43
2026-10-10T00:41:58.683869+00:00,ETH-25DEC26-1700-C,2509.75,ETH-25DEC26,call,1700.0,2026-12-25T08:00:00+00:00,0.2089094644754671,0.3275,0.334,0.331116,0.33075,2509.75,ETH-25DEC26,0.6111,0.93738,1.41296,365.0,0.0,0.006500000000000006,ETH,2486.96,0.0
2026-10-10T00:41:58.683869+00:00,ETH-30OCT26-2850-P,2492.02,ETH-30OCT26,put,2850.0,2026-10-30T08:00:00+00:00,0.055589820396069405,0.145,0.1545,0.149862,0.14975,2492.02,ETH-30OCT26,0.46399999999999997,-0.87974,1.1772,114.0,0.0,0.009500000000000008,ETH,2486.96,0.0
2026-10-10T00:41:58.683869+00:00,ETH-11OCT26-2800-C,2488.0,ETH-11OCT26,call,2800.0,2026-10-11T08:00:00+00:00,0.003570655440559485,,0.0001,5e-06,,2488.0,ETH-11OCT26,0.6037,0.00054,0.00286,750.0,0.0,,ETH,2486.96,0.0
2026-10-10T00:41:58.683869+00:00,ETH-11OCT26-2850-P,2488.0,ETH-11OCT26,put,2850.0,2026-10-11T08:00:00+00:00,0.003570655440559485,0.142,0.149,0.145507,0.1455,2488.0,ETH-11OCT26,0.674,-0.99961,0.00208,0.0,0.0,0.007000000000000006,ETH,2486.96,0.0
2026-10-10T00:41:58.683869+00:00,ETH-11OCT26-2300-C,2487.99,ETH-11OCT26,call,2300.0,2026-10-11T08:00:00+00:00,0.003570655440559485,0.073,0.079,0.075741,0.076,2487.99,ETH-11OCT26,0.6047,0.98571,0.05394,0.0,0.0,0.006000000000000005,ETH,2486.96,0.0
2026-10-10T00:41:58.683869+00:00,ETH-24SEP27-6500-P,2599.07,ETH-24SEP27,put,6500.0,2027-09-24T08:00:00+00:00,0.9563427293625307,1.5025,1.5445,1.523064,1.5235,2599.07,ETH-24SEP27,0.596,-0.89992,4.46353,0.0,0.0,0.04200000000000004,ETH,2486.96,0.0
2026-10-10T00:41:58.683869+00:00,ETH-24SEP27-2700-C,2599.09,ETH-24SEP27,call,2700.0,2027-09-24T08:00:00+00:00,0.9563427293625307,0.191,0.195,0.192897,0.193,2599.09,ETH-24SEP27,0.5385,0.57555,9.95817,45.0,0.0,0.0040000000000000036,ETH,2486.96,0.0
2026-10-10T00:41:58.683869+00:00,ETH-13OCT26-2580-P,2488.45,ETH-13OCT26,put,2580.0,2026-10-13T08:00:00+00:00,0.009046357014823687,0.035,0.0425,0.03879,0.03875,2488.45,ETH-13OCT26,0.33,-0.87335,0.49153,0.0,0.0,0.0075,ETH,2486.96,0.0
2026-10-10T00:41:58.683869+00:00,ETH-30OCT26-4400-P,2492.04,ETH-30OCT26,put,4400.0,2026-10-30T08:00:00+00:00,0.055589820396069405,0.7595,0.773,0.765792,0.76625,2492.04,ETH-30OCT26,0.8393,-0.99723,0.04995,0.0,0.0,0.013500000000000068,ETH,2486.96,0.0
2026-10-10T00:41:58.683869+00:00,ETH-25DEC26-3200-P,2509.73,ETH-25DEC26,put,3200.0,2026-12-25T08:00:00+00:00,0.2089094644754671,0.2885,0.3035,0.295927,0.296,2509.73,ETH-25DEC26,0.5162,-0.81919,3.01875,311.0,0.0,0.015000000000000013,ETH,2486.96,0.0
2026-10-10T00:41:58.683869+00:00,ETH-25DEC26-10000-C,2509.75,ETH-25DEC26,call,10000.0,2026-12-25T08:00:00+00:00,0.2089094644754671,0.0001,0.0002,0.000143,0.00015,2509.75,ETH-25DEC26,0.9381,0.00131,0.04949,1741.0,5.0,0.0001,ETH,2486.96,1.25
2026-10-10T00:41:58.683869+00:00,ETH-13OCT26-2680-C,2488.45,ETH-13OCT26,call,2680.0,2026-10-13T08:00:00+00:00,0.009046357014823687,0.0003,0.0005,0.000382,0.0004,2488.45,ETH-13OCT26,0.3997,0.02638,0.14464,46.0,46.0,0.00020000000000000004,ETH,2486.96,23.1
2026-10-10T00:41:58.683869+00:00,ETH-12OCT26-2420-P,2488.18,ETH-12OCT26,put,2420.0,2026-10-12T08:00:00+00:00,0.006308506227691586,0.0022,0.0025,0.002361,0.00235,2488.18,ETH-12OCT26,0.35359999999999997,-0.15989,0.48038,571.0,435.0,0.0002999999999999999,ETH,2486.96,3861.28
2026-10-10T00:41:58.683869+00:00,ETH-25JUN27-2800-C,2568.75,ETH-25JUN27,call,2800.0,2027-06-25T08:00:00+00:00,0.7071983077335096,0.141,0.144,0.142549,0.1425,2568.75,ETH-25JUN27,0.5295000000000001,0.51148,8.61555,1561.0,243.0,0.0030000000000000027,ETH,2486.96,87032.43
2026-10-10T00:41:58.683869+00:00,ETH-25DEC26-5500-P,2509.75,ETH-25DEC26,put,5500.0,2026-12-25T08:00:00+00:00,0.2089094644754671,1.1825,1.206,1.192809,1.19425,2509.75,ETH-25DEC26,0.7173,-0.98709,0.38176,0.0,0.0,0.023499999999999854,ETH,2486.96,0.0
2026-10-10T00:41:58.683869+00:00,ETH-11OCT26-2200-P,2488.0,ETH-11OCT26,put,2200.0,2026-10-11T08:00:00+00:00,0.003570655440559485,,0.0002,8.7e-05,,2488.0,ETH-11OCT26,0.8175,-0.00555,0.02357,2352.0,2269.0,,ETH,2486.96,605.3
2026-10-10T00:41:58.683869+00:00,ETH-30OCT26-2350-P,2492.04,ETH-30OCT26,put,2350.0,2026-10-30T08:00:00+00:00,0.055589820396069405,0.019,0.02,0.019506,0.0195,2492.04,ETH-30OCT26,0.4597,-0.27649,1.96581,3668.0,107.0,0.0010000000000000009,ETH,2486.96,4878.91
2026-10-10T00:41:58.683869+00:00,ETH-24SEP27-5000-P,2599.07,ETH-24SEP27,put,5000.0,2027-09-24T08:00:00+00:00,0.9563427293625307,0.951,0.986,0.967468,0.9685,2599.07,ETH-24SEP27,0.5664,-0.81706,6.73775,0.0,0.0,0.03500000000000003,ETH,2486.96,0.0
2026-10-10T00:41:58.683869+00:00,ETH-24SEP27-4300-P,2599.09,ETH-24SEP27,put,4300.0,2027-09-24T08:00:00+00:00,0.9563427293625307,0.7045,0.733,0.719157,0.71875,2599.09,ETH-24SEP27,0.5535,-0.74524,8.15821,0.0,0.0,0.02849999999999997,ETH,2486.96,0.0
2026-10-10T00:41:58.683869+00:00,ETH-10OCT26-2860-C,2487.5,ETH-10OCT26,call,2860.0,2026-10-10T08:00:00+00:00,0.0008328046534273835,,0.0001,0.0,,2487.5,ETH-10OCT26,0.8591,0.0,0.0,58.0,0.0,,ETH,2486.96,0.0
2026-10-10T00:41:58.683869+00:00,ETH-30OCT26-2700-P,2492.02,ETH-30OCT26,put,2700.0,2026-10-30T08:00:00+00:00,0.055589820396069405,0.0945,0.1,0.097097,0.09725,2492.02,ETH-30OCT26,0.4403,-0.76502,1.80555,3774.0,566.0,0.005500000000000005,ETH,2486.96,139223.52
2026-10-10T00:41:58.683869+00:00,ETH-16OCT26-2500-P,2488.94,ETH-16OCT26,put,2500.0,2026-10-16T08:00:00+00:00,0.017259909376219993,0.022,0.023,0.022587,0.0225,2488.94,ETH-16OCT26,0.3862,-0.52665,1.30142,35496.0,1095.0,0.0010000000000000009,ETH,2486.96,63115.21
2026-10-10T00:41:58.683869+00:00,ETH-25JUN27-2800-P,2568.75,ETH-25JUN27,put,2800.0,2027-06-25T08:00:00+00:00,0.7071983077335096,0.231,0.236,0.232582,0.2335,2568.75,ETH-25JUN27,0.5295000000000001,-0.48852,8.61555,955.0,118.0,0.004999999999999977,ETH,2486.96,68544.98
2026-10-10T00:41:58.683869+00:00,ETH-11OCT26-2850-C,2488.0,ETH-11OCT26,call,2850.0,2026-10-11T08:00:00+00:00,0.003570655440559485,,0.0001,4e-06,,2488.0,ETH-11OCT26,0.674,0.00039,0.00208,4.0,0.0,,ETH,2486.96,0.0
2026-10-10T00:41:58.683869+00:00,ETH-27NOV26-2650-C,2499.79,ETH-27NOV26,call,2650.0,2026-11-27T08:00:00+00:00,0.13224964243576826,0.045,0.046,0.045524,0.0455,2499.79,ETH-27NOV26,0.4797,0.40188,3.5167,2798.0,18.0,0.0010000000000000009,ETH,2486.96,2133.15
2026-10-10T00:41:58.683869+00:00,ETH-25JUN27-2600-C,2568.75,ETH-25JUN27,call,2600.0,2027-06-25T08:00:00+00:00,0.7071983077335096,0.17,0.173,0.171592,0.1715,2568.75,ETH-25JUN27,0.5304,0.57752,8.45588,404.0,0.0,0.002999999999999975,ETH,2486.96,0.0
2026-10-10T00:41:58.683869+00:00,ETH-10OCT26-2540-C,2487.5,ETH-10OCT26,call,2540.0,2026-10-10T08:00:00+00:00,0.0008328046534273835,,0.0002,0.00013,,2487.5,ETH-10OCT26,0.3857,0.02878,0.04698,413.0,517.0,,ETH,2486.96,1291.03
2026-10-10T00:41:58.683869+00:00,ETH-25JUN27-1300-P,2568.75,ETH-25JUN27,put,1300.0,2027-06-25T08:00:00+00:00,0.7071983077335096,0.017,0.0185,0.017736,0.01775,2568.75,ETH-25JUN27,0.6343,-0.06145,2.62215,1689.0,0.0,0.0014999999999999979,ETH,2486.96,0.0
2026-10-10T00:41:58.683869+00:00,ETH-26MAR27-5500-P,2537.99,ETH-26MAR27,put,5500.0,2027-03-26T08:00:00+00:00,0.4580538861044883,1.1605,1.1905,1.174575,1.1755,2537.99,ETH-26MAR27,0.615,-0.95048,1.75817,0.0,0.0,0.029999999999999805,ETH,2486.96,0.0
2026-10-10T00:41:58.683869+00:00,ETH-26MAR27-1400-C,2537.99,ETH-26MAR27,call,1400.0,2027-03-26T08:00:00+00:00,0.4580538861044883,0.4565,0.4635,0.46085,0.46,2537.99,ETH-26MAR27,0.6422,0.94353,1.95111,31.0,0.0,0.007000000000000006,ETH,2486.96,0.0
2026-10-10T00:41:58.683869+00:00,ETH-25JUN27-2400-P,2568.73,ETH-25JUN27,put,2400.0,2027-06-25T08:00:00+00:00,0.7071983077335096,0.1395,0.142,0.140813,0.14075,2568.73,ETH-25JUN27,0.5335,-0.3537,8.03279,423.0,120.0,0.0024999999999999745,ETH,2486.96,41795.83
2026-10-10T00:41:58.683869+00:00,ETH-24SEP27-5200-P,2599.09,ETH-24SEP27,put,5200.0,2027-09-24T08:00:00+00:00,0.9563427293625307,1.0245,1.0565,1.040203,1.0405,2599.09,ETH-24SEP27,0.5705,-0.8325,6.37129,0.0,0.0,0.03200000000000003,ETH,2486.96,0.0
2026-10-10T00:41:58.683869+00:00,ETH-16OCT26-2600-P,2488.96,ETH-16OCT26,put,2600.0,2026-10-16T08:00:00+00:00,0.017259909376219993,0.049,0.051,0.049896,0.05,2488.96,ETH-16OCT26,0.37729999999999997,-0.80527,0.90065,3987.0,15.0,0.001999999999999995,ETH,2486.93,1806.76
2026-10-10T00:41:58.683869+00:00,ETH-11OCT26-2420-P,2488.0,ETH-11OCT26,put,2420.0,2026-10-11T08:00:00+00:00,0.003570655440559485,0.0007,0.0008,0.00076,0.00075,2488.0,ETH-11OCT26,0.3362,-0.08452,0.23014,478.0,22.0,0.00010000000000000005,ETH,2486.96,98.38
2026-10-10T00:41:58.683869+00:00,ETH-24SEP27-1500-C,2599.09,ETH-24SEP27,call,1500.0,2027-09-24T08:00:00+00:00,0.9563427293625307,0.454,0.4675,0.461678,0.46075,2599.09,ETH-24SEP27,0.5893,0.89276,4.69312,1.0,0.0,0.013500000000000012,ETH,2486.93,0.0
2026-10-10T00:41:58.683869+00:00,ETH-12OCT26-2520-C,2488.17,ETH-12OCT26,call,2520.0,2026-10-12T08:00:00+00:00,0.006308506227691586,0.0032,0.0037,0.003477,0.00345,2488.17,ETH-12OCT26,0.2625,0.27046,0.65365,442.0,72.0,0.0005,ETH,2486.96,1183.41
2026-10-10T00:41:58.683869+00:00,ETH-23OCT26-3200-C,2490.55,ETH-23OCT26,call,3200.0,2026-10-23T08:00:00+00:00,0.0364248648861447,0.0003,0.0005,0.00039,0.0004,2490.55,ETH-23OCT26,0.5603,0.01095,0.13712,197.0,100.0,0.00020000000000000004,ETH,2486.93,174.76
2026-10-10T00:41:58.683869+00:00,ETH-27NOV26-1600-C,2499.79,ETH-27NOV26,call,1600.0,2026-11-27T08:00:00+00:00,0.13224964243576826,0.36,0.3645,0.363011,0.36225,2499.79,ETH-27NOV26,0.6927,0.971,0.60146,18.0,0.0,0.004500000000000004,ETH,2486.93,0.0
2026-10-10T00:41:58.683869+00:00,ETH-26MAR27-1600-P,2537.99,ETH-26MAR27,put,1600.0,2027-03-26T08:00:00+00:00,0.4580538861044883,0.02,0.021,0.020485,0.0205,2537.99,ETH-26MAR27,0.6014,-0.09075,2.80684,3056.0,2.0,0.0010000000000000009,ETH,2486.93,104.4
2026-10-10T00:41:58.683869+00:00,ETH-25JUN27-3800-C,2568.75,ETH-25JUN27,call,3800.0,2027-06-25T08:00:00+00:00,0.7071983077335096,0.058,0.06,0.059022,0.059,2568.75,ETH-25JUN27,0.5418,0.26376,7.05958,489.0,0.0,0.001999999999999995,ETH,2486.93,0.0
2026-10-10T00:41:58.683869+00:00,ETH-13OCT26-2300-C,2488.45,ETH-13OCT26,call,2300.0,2026-10-13T08:00:00+00:00,0.009046357014823687,0.0745,0.0785,0.076934,0.0765,2488.45,ETH-13OCT26,0.5291,0.94354,0.26869,0.0,0.0,0.0040000000000000036,ETH,2486.93,0.0
2026-10-10T00:41:58.683869+00:00,ETH-27NOV26-2800-C,2499.79,ETH-27NOV26,call,2800.0,2026-11-27T08:00:00+00:00,0.13224964243576826,0.0285,0.0295,0.029117,0.029,2499.79,ETH-27NOV26,0.4836,0.28838,3.10384,4871.0,2014.0,0.0009999999999999974,ETH,2486.93,144935.58
2026-10-10T00:41:58.683869+00:00,ETH-24SEP27-7000-C,2599.07,ETH-24SEP27,call,7000.0,2027-09-24T08:00:00+00:00,0.9563427293625307,0.0175,0.019,0.018274,0.01825,2599.07,ETH-24SEP27,0.6048,0.08389,3.91649,634.0,5.0,0.0014999999999999979,ETH,2486.93,219.81
2026-10-10T00:41:58.683869+00:00,ETH-30OCT26-1500-C,2492.04,ETH-30OCT26,call,1500.0,2026-10-30T08:00:00+00:00,0.055589820396069405,0.397,0.3995,0.398445,0.39825,2492.04,ETH-30OCT26,0.8764,0.99472,0.08925,52.0,0.0,0.0025000000000000022,ETH,2486.93,0.0
2026-10-10T00:41:58.683869+00:00,ETH-25DEC26-2500-C,2509.75,ETH-25DEC26,call,2500.0,2026-12-25T08:00:00+00:00,0.2089094644754671,0.091,0.0925,0.091689,0.09175,2509.75,ETH-25DEC26,0.494,0.55133,4.53873,28981.0,199.0,0.0015000000000000013,ETH,2486.93,46942.49
2026-10-10T00:41:58.683869+00:00,ETH-10OCT26-2520-P,2487.5,ETH-10OCT26,put,2520.0,2026-10-10T08:00:00+00:00,0.0008328046534273835,0.01,0.0165,0.013382,0.01325,2487.5,ETH-10OCT26,0.3141,-0.92777,0.09829,619.0,201.0,0.006500000000000001,ETH,2486.93,6269.84
2026-10-10T00:41:58.683869+00:00,ETH-30OCT26-2800-C,2492.02,ETH-30OCT26,call,2800.0,2026-10-30T08:00:00+00:00,0.055589820396069405,0.0075,0.008,0.007964,0.00775,2492.02,ETH-30OCT26,0.45399999999999996,0.14992,1.3695,4819.0,828.0,0.0005000000000000004,ETH,2486.93,18799.65
2026-10-10T00:41:58.683869+00:00,ETH-26MAR27-3900-P,2537.99,ETH-26MAR27,put,3900.0,2027-03-26T08:00:00+00:00,0.4580538861044883,0.553,0.5775,0.564176,0.56525,2537.99,ETH-26MAR27,0.5462,-0.83586,4.24986,0.0,0.0,0.024499999999999966,ETH,2486.93,0.0
2026-10-10T00:41:58.683869+00:00,ETH-26MAR27-2400-P,2537.99,ETH-26MAR27,put,2400.0,2027-03-26T08:00:00+00:00,0.4580538861044883,0.1105,0.1125,0.111429,0.1115,2537.99,ETH-26MAR27,0.5238,-0.36911,6.48088,1460.0,0.0,0.0020000000000000018,ETH,2486.93,0.0
2026-10-10T00:41:58.683869+00:00,ETH-30OCT26-3300-P,2492.04,ETH-30OCT26,put,3300.0,2026-10-30T08:00:00+00:00,0.055589820396069405,0.3205,0.3295,0.325383,0.325,2492.04,ETH-30OCT26,0.58,-0.97648,0.32625,0.0,0.0,0.009000000000000008,ETH,2486.93,0.0
2026-10-10T00:41:58.683869+00:00,ETH-27NOV26-2350-P,2499.79,ETH-27NOV26,put,2350.0,2026-11-27T08:00:00+00:00,0.13224964243576826,0.043,0.044,0.043245,0.0435,2499.79,ETH-27NOV26,0.4917,-0.33231,3.30162,746.0,8.0,0.0010000000000000009,ETH,2486.93,883.84
2026-10-10T00:41:58.683869+00:00,ETH-12OCT26-2420-C,2488.18,ETH-12OCT26,call,2420.0,2026-10-12T08:00:00+00:00,0.006308506227691586,0.0275,0.0315,0.029731,0.0295,2488.18,ETH-12OCT26,0.35359999999999997,0.84008,0.48044,110.0,0.0,0.004,ETH,2486.93,0.0
2026-10-10T00:41:58.683869+00:00,ETH-25DEC26-6000-P,2509.75,ETH-25DEC26,put,6000.0,2026-12-25T08:00:00+00:00,0.2089094644754671,1.38,1.406,1.391606,1.393,2509.75,ETH-25DEC26,0.7490000000000001,-0.99122,0.27299,100.0,0.0,0.026000000000000023,ETH,2486.93,0.0
2026-10-10T00:41:58.683869+00:00,ETH-13OCT26-2480-C,2488.45,ETH-13OCT26,call,2480.0,2026-10-13T08:00:00+00:00,0.009046357014823687,0.0135,0.0145,0.014197,0.014,2488.45,ETH-13OCT26,0.3283,0.54653,0.9375,1.0,2.0,0.0010000000000000009,ETH,2486.93,70.75
2026-10-10T00:41:58.683869+00:00,ETH-26MAR27-1700-C,2537.99,ETH-26MAR27,call,1700.0,2027-03-26T08:00:00+00:00,0.4580538861044883,0.351,0.359,0.356123,0.355,2537.99,ETH-26MAR27,0.5841,0.88694,3.29413,1244.0,0.0,0.008000000000000007,ETH,2486.93,0.0
2026-10-10T00:41:58.683869+00:00,ETH-25JUN27-1000-P,2568.75,ETH-25JUN27,put,1000.0,2027-06-25T08:00:00+00:00,0.7071983077335096,0.008,0.0095,0.008726,0.00875,2568.75,ETH-25JUN27,0.7088,-0.03005,1.47218,4824.0,2.0,0.0014999999999999996,ETH,2486.93,42.16
2026-10-10T00:41:58.683869+00:00,ETH-12OCT26-2460-P,2488.18,ETH-12OCT26,put,2460.0,2026-10-12T08:00:00+00:00,0.006308506227691586,0.0046,0.0055,0.004895,0.00505,2488.18,ETH-12OCT26,0.3013,-0.3169,0.70348,306.0,184.0,0.0008999999999999998,ETH,2486.93,3074.25
2026-10-10T00:41:58.683869+00:00,ETH-24SEP27-2900-C,2599.09,ETH-24SEP27,call,2900.0,2027-09-24T08:00:00+00:00,0.9563427293625307,0.1645,0.168,0.166242,0.16625,2599.09,ETH-24SEP27,0.5378000000000001,0.52163,10.12548,328.0,0.0,0.003500000000000003,ETH,2486.93,0.0
2026-10-10T00:41:58.683869+00:00,ETH-27NOV26-2400-P,2499.79,ETH-27NOV26,put,2400.0,2026-11-27T08:00:00+00:00,0.13224964243576826,0.0505,0.0515,0.05103,0.051,2499.79,ETH-27NOV26,0.4869,-0.37556,3.44902,2194.0,19.0,0.000999999999999994,ETH,2486.93,2471.75
2026-10-10T00:41:58.683869+00:00,ETH-24SEP27-3200-P,2599.07,ETH-24SEP27,put,3200.0,2027-09-24T08:00:00+00:00,0.9563427293625307,0.354,0.3795,0.364946,0.36675,2599.07,ETH-24SEP27,0.5390999999999999,-0.55222,10.05355,101.0,0.0,0.025500000000000023,ETH,2486.93,0.0
2026-10-10T00:41:58.683869+00:00,ETH-30OCT26-2550-P,2492.04,ETH-30OCT26,put,2550.0,2026-10-30T08:00:00+00:00,0.055589820396069405,0.0535,0.0545,0.054114,0.054,2492.04,ETH-30OCT26,0.43560000000000004,-0.56944,2.30847,3510.0,25.0,0.0010000000000000009,ETH,2486.93,3252.25
2026-10-10T00:41:58.683869+00:00,ETH-13OCT26-2100-C,2488.45,ETH-13OCT26,call,2100.0,2026-10-13T08:00:00+00:00,0.009046357014823687,0.155,0.158,0.156432,0.1565,2488.45,ETH-13OCT26,0.8114,0.9873,0.07763,0.0,0.0,0.0030000000000000027,ETH,2486.93,0.0
2026-10-10T00:41:58.683869+00:00,ETH-25DEC26-1400-P,2509.75,ETH-25DEC26,put,1400.0,2026-12-25T08:00:00+00:00,0.2089094644754671,0.0032,0.0038,0.003487,0.0035,2509.75,ETH-25DEC26,0.7116,-0.02524,0.67589,13810.0,25.0,0.0005999999999999998,ETH,2486.93,211.41
2026-10-10T00:41:58.683869+00:00,ETH-23OCT26-2700-P,2490.55,ETH-23OCT26,put,2700.0,2026-10-23T08:00:00+00:00,0.0364248648861447,0.0865,0.095,0.090727,0.09075,2490.55,ETH-23OCT26,0.415,-0.83706,1.17031,311.0,32.0,0.008500000000000008,ETH,2486.93,7047.29
2026-10-10T00:41:58.683869+00:00,ETH-30OCT26-2000-C,2492.04,ETH-30OCT26,call,2000.0,2026-10-30T08:00:00+00:00,0.055589820396069405,0.1985,0.202,0.200654,0.20025,2492.04,ETH-30OCT26,0.5977,0.94835,0.62189,738.0,0.0,0.003500000000000003,ETH,2486.91,0.0
2026-10-10T00:41:58.683869+00:00,ETH-24SEP27-5400-C,2599.09,ETH-24SEP27,call,5400.0,2027-09-24T08:00:00+00:00,0.9563427293625307,0.035,0.0365,0.035701,0.03575,2599.09,ETH-24SEP27,0.5740999999999999,0.15344,6.0165,18.0,0.0,0.0014999999999999944,ETH,2486.93,0.0
2026-10-10T00:41:58.683869+00:00,ETH-27NOV26-2700-P,2499.79,ETH-27NOV26,put,2700.0,2026-11-27T08:00:00+00:00,0.13224964243576826,0.1175,0.1215,0.119471,0.1195,2499.79,ETH-27NOV26,0.48100000000000004,-0.63844,3.40629,1489.0,400.0,0.0040000000000000036,ETH,2486.91,118008.98
2026-10-10T00:41:58.683869+00:00,ETH-25DEC26-9000-P,2509.75,ETH-25DEC26,put,9000.0,2026-12-25T08:00:00+00:00,0.2089094644754671,2.5645,2.6105,2.58622,2.5875,2509.75,ETH-25DEC26,0.8903,-0.99833,0.06176,0.0,0.0,0.04600000000000026,ETH,2486.91,0.0
2026-10-10T00:41:58.683869+00:00,ETH-25JUN27-3600-C,2568.73,ETH-25JUN27,call,3600.0,2027-06-25T08:00:00+00:00,0.7071983077335096,0.0685,0.071,0.069641,0.06975,2568.73,ETH-25JUN27,0.5376,0.30133,7.52679,3340.0,0.0,0.0024999999999999883,ETH,2486.91,0.0
2026-10-10T00:41:58.683869+00:00,ETH-25JUN27-4800-C,2568.75,ETH-25JUN27,call,4800.0,2027-06-25T08:00:00+00:00,0.7071983077335096,0.0275,0.029,0.02826,0.02825,2568.75,ETH-25JUN27,0.5660000000000001,0.1411,4.83419,135.0,0.0,0.0015000000000000013,ETH,2486.91,0.0
2026-10-10T00:41:58.683869+00:00,ETH-25JUN27-4000-P,2568.75,ETH-25JUN27,put,4000.0,2027-06-25T08:00:00+00:00,0.7071983077335096,0.5965,0.62,0.607605,0.60825,2568.75,ETH-25JUN27,0.5466,-0.7684,6.58559,19.0,0.0,0.023499999999999965,ETH,2486.91,0.0
2026-10-10T00:41:58.683869+00:00,ETH-12OCT26-2300-C,2488.18,ETH-12OCT26,call,2300.0,2026-10-12T08:00:00+00:00,0.006308506227691586,0.074,0.078,0.076287,0.076,2488.18,ETH-12OCT26,0.5639,0.96189,0.16362,0.0,0.0,0.0040000000000000036,ETH,2486.91,0.0
2026-10-10T00:41:58.683869+00:00,ETH-25DEC26-4600-C,2509.75,ETH-25DEC26,call,4600.0,2026-12-25T08:00:00+00:00,0.2089094644754671,0.0025,0.0031,0.002792,0.0028,2509.75,ETH-25DEC26,0.6413,0.02739,0.72363,11128.0,0.0,0.0005999999999999998,ETH,2486.91,0.0
2026-10-10T00:41:58.683869+00:00,ETH-25DEC26-10000-P,2509.75,ETH-25DEC26,put,10000.0,2026-12-25T08:00:00+00:00,0.2089094644754671,2.9595,3.0105,2.984635,2.985,2509.75,ETH-25DEC26,0.9381,-0.99869,0.04948,0.0,0.0,0.051000000000000156,ETH,2486.91,0.0
2026-10-10T00:41:58.683869+00:00,ETH-10OCT26-2500-C,2487.5,ETH-10OCT26,call,2500.0,2026-10-10T08:00:00+00:00,0.0008328046534273835,0.0011,0.0013,0.001171,0.0012,2487.5,ETH-10OCT26,0.2648,0.24557,0.22493,1747.0,740.0,0.00019999999999999987,ETH,2486.91,4616.58
2026-10-10T00:41:58.683869+00:00,ETH-26MAR27-3200-P,2537.99,ETH-26MAR27,put,3200.0,2027-03-26T08:00:00+00:00,0.4580538861044883,0.313,0.331,0.322137,0.322,2537.99,ETH-26MAR27,0.525,-0.68263,6.12179,121.0,0.0,0.018000000000000016,ETH,2486.91,0.0
2026-10-10T00:41:58.683869+00:00,ETH-26MAR27-2600-C,2537.99,ETH-26MAR27,call,2600.0,2027-03-26T08:00:00+00:00,0.4580538861044883,0.1285,0.1305,0.129591,0.1295,2537.99,ETH-26MAR27,0.5202,0.54252,6.81413,3284.0,435.0,0.0020000000000000018,ETH,2486.91,143525.67
2026-10-10T00:41:58.683869+00:00,ETH-25JUN27-3300-P,2568.75,ETH-25JUN27,put,3300.0,2027-06-25T08:00:00+00:00,0.7071983077335096,0.365,0.3855,0.374967,0.37525,2568.75,ETH-25JUN27,0.5326,-0.63141,8.14706,69.0,0.0,0.020500000000000018,ETH,2486.91,0.0
2026-10-10T00:41:58.683869+00:00,ETH-12OCT26-2340-P,2488.18,ETH-12OCT26,put,2340.0,2026-10-12T08:00:00+00:00,0.006308506227691586,0.0009,0.0011,0.000978,0.001,2488.18,ETH-12OCT26,0.49579999999999996,-0.05794,0.22892,971.0,970.0,0.0002000000000000001,ETH,2486.91,2956.38
2026-10-10T00:41:58.683869+00:00,ETH-27NOV26-2450-C,2499.79,ETH-27NOV26,call,2450.0,2026-11-27T08:00:00+00:00,0.13224964243576826,0.0795,0.0805,0.079853,0.08,2499.79,ETH-27NOV26,0.484,0.5796,3.55448,431.0,0.0,0.0010000000000000009,ETH,2486.91,0.0
2026-10-10T00:41:58.683869+00:00,ETH-23OCT26-2350-P,2490.53,ETH-23OCT26,put,2350.0,2026-10-23T08:00:00+00:00,0.0364248648861447,0.012,0.013,0.012365,0.0125,2490.53,ETH-23OCT26,0.4493,-0.23673,1.46655,22.0,22.0,0.0009999999999999992,ETH,2486.91,715.24
2026-10-10T00:41:58.683869+00:00,ETH-30OCT26-3800-C,2492.02,ETH-30OCT26,call,3800.0,2026-10-30T08:00:00+00:00,0.055589820396069405,0.0003,0.0005,0.000391,0.0004,2492.02,ETH-30OCT26,0.7104,0.00743,0.12068,4715.0,100.0,0.00020000000000000004,ETH,2486.91,80.57
2026-10-10T00:41:58.683869+00:00,ETH-24SEP27-3500-C,2599.09,ETH-24SEP27,call,3500.0,2027-09-24T08:00:00+00:00,0.9563427293625307,0.1065,0.1105,0.108455,0.1085,2599.09,ETH-24SEP27,0.542,0.38335,9.70367,13.0,0.0,0.0040000000000000036,ETH,2486.91,0.0
2026-10-10T00:41:58.683869+00:00,ETH-25DEC26-8000-C,2509.73,ETH-25DEC26,call,8000.0,2026-12-25T08:00:00+00:00,0.2089094644754671,0.0002,0.0003,0.000283,0.00025,2509.73,ETH-25DEC26,0.8515999999999999,0.00269,0.09515,2888.0,0.0,9.999999999999996e-05,ETH,2486.91,0.0
2026-10-10T00:41:58.683869+00:00,ETH-25JUN27-1600-P,2568.75,ETH-25JUN27,put,1600.0,2027-06-25T08:00:00+00:00,0.7071983077335096,0.0335,0.035,0.034223,0.03425,2568.75,ETH-25JUN27,0.5856,-0.11375,4.16095,1979.0,0.0,0.0015000000000000013,ETH,2486.91,0.0
2026-10-10T00:41:58.683869+00:00,ETH-30OCT26-1900-C,2492.02,ETH-30OCT26,call,1900.0,2026-10-30T08:00:00+00:00,0.055589820396069405,0.238,0.241,0.239614,0.2395,2492.02,ETH-30OCT26,0.6493000000000001,0.96757,0.42635,274.0,0.0,0.0030000000000000027,ETH,2486.91,0.0
2026-10-10T00:41:58.683869+00:00,ETH-27NOV26-3050-P,2499.79,ETH-27NOV26,put,3050.0,2026-11-27T08:00:00+00:00,0.13224964243576826,0.229,0.2405,0.234134,0.23475,2499.79,ETH-27NOV26,0.501,-0.84179,2.19582,49.0,0.0,0.011499999999999982,ETH,2486.91,0.0
2026-10-10T00:41:58.683869+00:00,ETH-24SEP27-2500-C,2599.09,ETH-24SEP27,call,2500.0,2027-09-24T08:00:00+00:00,0.9563427293625307,0.222,0.2265,0.223853,0.22425,2599.09,ETH-24SEP27,0.5397,0.63195,9.58046,20.0,0.0,0.004500000000000004,ETH,2486.91,0.0
2026-10-10T00:41:58.683869+00:00,ETH-25DEC26-3100-P,2509.73,ETH-25DEC26,put,3100.0,2026-12-25T08:00:00+00:00,0.2089094644754671,0.2545,0.268,0.260675,0.26125,2509.73,ETH-25DEC26,0.5088,-0.78601,3.34283,45.0,0.0,0.013500000000000012,ETH,2486.91,0.0
2026-10-10T00:41:58.683869+00:00,ETH-10OCT26-2350-P,2487.5,ETH-10OCT26,put,2350.0,2026-10-10T08:00:00+00:00,0.0008328046534273835,,0.0001,2.8e-05,,2487.5,ETH-10OCT26,0.7518,-0.00426,0.00895,277.0,132.0,,ETH,2486.91,205.63
2026-10-10T00:41:58.683869+00:00,ETH-26MAR27-3800-C,2537.99,ETH-26MAR27,call,3800.0,2027-03-26T08:00:00+00:00,0.4580538861044883,0.03,0.031,0.030499,0.0305,2537.99,ETH-26MAR27,0.5422,0.17962,4.50157,1784.0,1.0,0.0010000000000000009,ETH,2486.91,76.1
2026-10-10T00:41:58.683869+00:00,ETH-12OCT26-2280-C,2488.17,ETH-12OCT26,call,2280.0,2026-10-12T08:00:00+00:00,0.006308506227691586,0.082,0.0855,0.084221,0.08375,2488.17,ETH-12OCT26,0.5971,0.96861,0.13954,0.0,0.0,0.003500000000000003,ETH,2486.91,0.0
2026-10-10T00:41:58.683869+00:00,ETH-10OCT26-2900-P,2487.48,ETH-10OCT26,put,2900.0,2026-10-10T08:00:00+00:00,0.0008328046534273835,0.162,0.169,0.165839,0.1655,2487.48,ETH-10OCT26,0.8591,-1.0,0.0,0.0,0.0,0.007000000000000006,ETH,2486.91,0.0
2026-10-10T00:41:58.683869+00:00,ETH-26MAR27-2300-P,2537.99,ETH-26MAR27,put,2300.0,2027-03-26T08:00:00+00:00,0.4580538861044883,0.0925,0.094,0.09327,0.09325,2537.99,ETH-26MAR27,0.5276,-0.32509,6.18339,2353.0,1.0,0.0015000000000000013,ETH,2486.91,230.81
2026-10-10T00:41:58.683869+00:00,ETH-26MAR27-1700-P,2537.99,ETH-26MAR27,put,1700.0,2027-03-26T08:00:00+00:00,0.4580538861044883,0.0255,0.0265,0.025965,0.026,2537.99,ETH-26MAR27,0.5841,-0.11306,3.29416,1635.0,0.0,0.0010000000000000009,ETH,2486.91,0.0
2026-10-10T00:41:58.683869+00:00,ETH-24SEP27-4000-P,2599.09,ETH-24SEP27,put,4000.0,2027-09-24T08:00:00+00:00,0.9563427293625307,0.604,0.6295,0.616986,0.61675,2599.09,ETH-24SEP27,0.5489,-0.70369,8.78796,28.0,0.0,0.025499999999999967,ETH,2486.91,0.0
2026-10-10T00:41:58.683869+00:00,ETH-12OCT26-2240-C,2488.17,ETH-12OCT26,call,2240.0,2026-10-12T08:00:00+00:00,0.006308506227691586,0.098,0.1015,0.100191,0.09975,2488.17,ETH-12OCT26,0.6738,0.97636,0.11013,1.0,0.0,0.003500000000000003,ETH,2486.91,0.0
2026-10-10T00:41:58.683869+00:00,ETH-25DEC26-1900-C,2509.75,ETH-25DEC26,call,1900.0,2026-12-25T08:00:00+00:00,0.2089094644754671,0.2545,0.261,0.25842,0.25775,2509.75,ETH-25DEC26,0.5586,0.88811,2.18358,2686.0,0.0,0.006500000000000006,ETH,2486.92,0.0
2026-10-10T00:41:58.683869+00:00,ETH-30OCT26-2450-C,2492.04,ETH-30OCT26,call,2450.0,2026-10-30T08:00:00+00:00,0.055589820396069405,0.05,0.051,0.050279,0.0505,2492.04,ETH-30OCT26,0.4429,0.58418,2.29167,1475.0,44.0,0.000999999999999994,ETH,2486.92,5460.22
2026-10-10T00:41:58.683869+00:00,ETH-30OCT26-1750-P,2492.04,ETH-30OCT26,put,1750.0,2026-10-30T08:00:00+00:00,0.055589820396069405,0.001,0.0012,0.001088,0.0011,2492.04,ETH-30OCT26,0.7331,-0.01661,0.24288,641.0,0.0,0.00019999999999999987,ETH,2486.92,0.0
2026-10-10T00:41:58.683869+00:00,ETH-25DEC26-1700-P,2509.73,ETH-25DEC26,put,1700.0,2026-12-25T08:00:00+00:00,0.2089094644754671,0.008,0.009,0.00848,0.0085,2509.73,ETH-25DEC26,0.6111,-0.06263,1.41311,13112.0,0.0,0.0009999999999999992,ETH,2486.92,0.0
2026-10-10T00:41:58.683869+00:00,ETH-30OCT26-1500-P,2492.04,ETH-30OCT26,put,1500.0,2026-10-30T08:00:00+00:00,0.055589820396069405,0.0003,0.0005,0.000366,0.0004,2492.04,ETH-30OCT26,0.8764,-0.00529,0.08928,2686.0,0.0,0.00020000000000000004,ETH,2486.92,0.0
2026-10-10T00:41:58.683869+00:00,ETH-24SEP27-4600-P,2599.09,ETH-24SEP27,put,4600.0,2027-09-24T08:00:00+00:00,0.9563427293625307,0.809,0.841,0.824134,0.825,2599.09,ETH-24SEP27,0.5586,-0.77994,7.52716,0.0,0.0,0.03199999999999992,ETH,2486.92,0.0
2026-10-10T00:41:58.683869+00:00,ETH-12OCT26-2340-C,2488.18,ETH-12OCT26,call,2340.0,2026-10-12T08:00:00+00:00,0.006308506227691586,0.058,0.062,0.060502,0.06,2488.18,ETH-12OCT26,0.49579999999999996,0.94206,0.22892,0.0,0.0,0.003999999999999997,ETH,2486.92,0.0
2026-10-10T00:41:58.683869+00:00,ETH-11OCT26-2660-C,2488.0,ETH-11OCT26,call,2660.0,2026-10-11T08:00:00+00:00,0.003570655440559485,,0.0001,8e-06,,2488.0,ETH-11OCT26,0.36829999999999996,0.00118,0.00582,23.0,0.0,,ETH,2486.92,0.0
2026-10-10T00:41:58.683869+00:00,ETH-30OCT26-2950-P,2492.02,ETH-30OCT26,put,2950.0,2026-10-30T08:00:00+00:00,0.055589820396069405,0.183,0.1925,0.187652,0.18775,2492.02,ETH-30OCT26,0.4855,-0.92191,0.85768,137.0,0.0,0.009500000000000008,ETH,2486.94,0.0
2026-10-10T00:41:58.683869+00:00,ETH-25DEC26-6000-C,2509.73,ETH-25DEC26,call,6000.0,2026-12-25T08:00:00+00:00,0.2089094644754671,0.0008,0.001,0.000911,0.0009,2509.73,ETH-25DEC26,0.7490000000000001,0.00878,0.273,10687.0,0.0,0.00019999999999999998,ETH,2486.94,0.0
2026-10-10T00:41:58.683869+00:00,ETH-30OCT26-2800-P,2492.04,ETH-30OCT26,put,2800.0,2026-10-30T08:00:00+00:00,0.055589820396069405,0.127,0.1365,0.13155,0.13175,2492.04,ETH-30OCT26,0.45399999999999996,-0.85009,1.36941,619.0,0.0,0.009500000000000008,ETH,2486.94,0.0
2026-10-10T00:41:58.683869+00:00,ETH-23OCT26-2900-P,2490.55,ETH-23OCT26,put,2900.0,2026-10-23T08:00:00+00:00,0.0364248648861447,0.162,0.1705,0.166107,0.16625,2490.55,ETH-23OCT26,0.4654,-0.95269,0.46901,0.0,0.0,0.008500000000000008,ETH,2486.92,0.0
2026-10-10T00:41:58.683869+00:00,ETH-16OCT26-2800-C,2488.96,ETH-16OCT26,call,2800.0,2026-10-16T08:00:00+00:00,0.017259909376219993,0.0006,0.0007,0.000677,0.00065,2488.96,ETH-16OCT26,0.46619999999999995,0.02902,0.21641,5692.0,8.0,0.00010000000000000005,ETH,2486.94,25.23
2026-10-10T00:41:58.683869+00:00,ETH-11OCT26-2350-P,2488.0,ETH-11OCT26,put,2350.0,2026-10-11T08:00:00+00:00,0.003570655440559485,0.0003,0.0004,0.000339,0.00035,2488.0,ETH-11OCT26,0.507,-0.02928,0.09904,281.0,92.0,0.00010000000000000005,ETH,2486.94,233.49
2026-10-10T00:41:58.683869+00:00,ETH-11OCT26-2360-C,2488.0,ETH-11OCT26,call,2360.0,2026-10-11T08:00:00+00:00,0.003570655440559485,0.049,0.055,0.051826,0.052,2488.0,ETH-11OCT26,0.48560000000000003,0.96616,0.11164,0.0,0.0,0.005999999999999998,ETH,2486.94,0.0
2026-10-10T00:41:58.683869+00:00,ETH-25JUN27-800-C,2568.75,ETH-25JUN27,call,800.0,2027-06-25T08:00:00+00:00,0.7071983077335096,0.691,0.695,0.693375,0.693,2568.75,ETH-25JUN27,0.7662,0.98349,0.88818,122.0,0.0,0.0040000000000000036,ETH,2486.94,0.0
2026-10-10T00:41:58.683869+00:00,ETH-11OCT26-2650-C,2488.0,ETH-11OCT26,call,2650.0,2026-10-11T08:00:00+00:00,0.003570655440559485,,0.0002,1.3e-05,,2488.0,ETH-11OCT26,0.3665,0.00199,0.00937,2.0,2.0,,ETH,2486.94,2.0
2026-10-10T00:41:58.683869+00:00,ETH-27NOV26-4600-P,2499.8,ETH-27NOV26,put,4600.0,2026-11-27T08:00:00+00:00,0.13224964243576826,0.833,0.8505,0.841138,0.84175,2499.8,ETH-27NOV26,0.6992,-0.98843,0.27507,0.0,0.0,0.01750000000000007,ETH,2486.94,0.0
