timestamp,instrument_name,underlying,underlying_name,option_type,strike,expiry_datetime,time_to_maturity,bid_price,ask_price,mark_price,mid_price,futures_price,futures_instrument_name,implied_volatility,delta,vega,open_interest,volume,bid_ask_spread,currency,index_price,volume_usd
2026-09-15T18:58:50.689055+00:00,BTC-25DEC26-140000-C,77078.05,BTC-25DEC26,call,140000.0,2026-12-25T08:00:00+00:00,0.27527027755421835,0.0012,0.0017,0.0015102,0.00145,77078.05,BTC-25DEC26,0.5057,0.0171,17.13647,1432.3,0.0,0.0005,BTC,75977.69,0.0
2026-09-15T18:58:50.689055+00:00,BTC-19SEP26-72000-C,76070.23,BTC-19SEP26,call,72000.0,2026-09-19T08:00:00+00:00,0.009698751202404491,0.054,0.0585,0.05624408,0.05625,76070.23,BTC-19SEP26,0.4771,0.88162,14.84071,7.4,7.4,0.004500000000000004,BTC,75977.69,35247.54
2026-09-15T18:58:50.689055+00:00,BTC-30OCT26-71000-C,76515.74,BTC-30OCT26,call,71000.0,2026-10-30T08:00:00+00:00,0.12195063347482064,0.095,0.097,0.09602002,0.096,76515.74,BTC-30OCT26,0.39020000000000005,0.73029,88.293,968.1,50.1,0.0020000000000000018,BTC,75985.87,347850.6
2026-09-15T18:58:50.689055+00:00,BTC-18SEP26-78500-C,76063.45,BTC-18SEP26,call,78500.0,2026-09-18T08:00:00+00:00,0.006960900415272391,0.0045,0.0048,0.00464975,0.00465,76063.45,BTC-18SEP26,0.466,0.21108,18.34264,77.6,54.4,0.0002999999999999999,BTC,75977.69,34956.21
2026-09-15T18:58:50.689055+00:00,BTC-25SEP26-90000-C,76137.47,BTC-25SEP26,call,90000.0,2026-09-25T08:00:00+00:00,0.0261258559251971,0.0006,0.0009,0.00080006,0.00075,76137.47,BTC-25SEP26,0.5206000000000001,0.02547,7.30303,9436.8,1025.6,0.00030000000000000003,BTC,75977.69,75779.26
2026-09-15T18:58:50.689055+00:00,BTC-25SEP26-73000-C,76133.99,BTC-25SEP26,call,73000.0,2026-09-25T08:00:00+00:00,0.0261258559251971,0.05,0.0525,0.05114694,0.05125,76133.99,BTC-25SEP26,0.40409999999999996,0.74797,39.26603,40.4,0.0,0.0024999999999999953,BTC,75977.69,0.0
2026-09-15T18:58:50.689055+00:00,BTC-19SEP26-81000-P,76070.23,BTC-19SEP26,put,81000.0,2026-09-19T08:00:00+00:00,0.009698751202404491,0.0645,0.0695,0.067023,0.067,76070.23,BTC-19SEP26,0.4882,-0.9018,12.97153,0.0,0.0,0.0050000000000000044,BTC,75977.69,0.0
2026-09-15T18:58:50.689055+00:00,BTC-25DEC26-76000-P,77073.43,BTC-25DEC26,put,76000.0,2026-12-25T08:00:00+00:00,0.27527027755421835,0.073,0.0745,0.07362073,0.07375,77073.43,BTC-25DEC26,0.3875,-0.43357,159.02633,407.1,28.6,0.0015000000000000013,BTC,75962.98,165887.48
2026-09-15T18:58:50.689055+00:00,BTC-25DEC26-250000-C,77073.43,BTC-25DEC26,call,250000.0,2026-12-25T08:00:00+00:00,0.27527027755421835,0.0001,0.0004,0.00021859,0.00025,77073.43,BTC-25DEC26,0.735,0.00212,2.70559,1281.3,0.1,0.00030000000000000003,BTC,75962.98,2.26
2026-09-15T18:58:50.689055+00:00,BTC-25JUN27-85000-C,78949.98,BTC-25JUN27,call,85000.0,2027-06-25T08:00:00+00:00,0.7735591208122607,0.1095,0.1115,0.11090666,0.1105,78949.98,BTC-25JUN27,0.4031,0.48692,276.78032,162.6,11.1,0.0020000000000000018,BTC,75962.98,94366.62
2026-09-15T18:58:50.689055+00:00,BTC-25JUN27-45000-P,78954.22,BTC-25JUN27,put,45000.0,2027-06-25T08:00:00+00:00,0.7735591208122607,0.015,0.0165,0.01556663,0.01575,78954.22,BTC-25JUN27,0.49979999999999997,-0.06717,90.30465,122.8,1.6,0.0015000000000000013,BTC,75962.98,1828.77
2026-09-15T18:58:50.689055+00:00,BTC-25JUN27-106000-C,78954.22,BTC-25JUN27,call,106000.0,2027-06-25T08:00:00+00:00,0.7735591208122607,0.047,0.049,0.04821044,0.048,78954.22,BTC-25JUN27,0.4097,0.2616,225.91289,15.1,0.0,0.0020000000000000018,BTC,75962.98,0.0
2026-09-15T18:58:50.689055+00:00,BTC-26MAR27-70000-C,77979.96,BTC-26MAR27,call,70000.0,2027-03-26T08:00:00+00:00,0.5244146991832396,0.168,0.1705,0.16960336,0.16925,77979.96,BTC-26MAR27,0.4067,0.69547,197.59907,799.8,0.2,0.0025000000000000022,BTC,75962.98,2486.03
2026-09-15T18:58:50.689055+00:00,BTC-16SEP26-85000-P,76025.65,BTC-16SEP26,put,85000.0,2026-09-16T08:00:00+00:00,0.001485198841008188,0.1155,0.121,0.11806512,0.11825,76025.65,BTC-16SEP26,1.0473000000000001,-0.99714,0.25622,0.0,0.0,0.005499999999999991,BTC,75952.94,0.0
2026-09-15T18:58:50.689055+00:00,BTC-27NOV26-92000-P,76772.82,BTC-27NOV26,put,92000.0,2026-11-27T08:00:00+00:00,0.19861045551451947,0.21,0.2155,0.21313288,0.21275,76772.82,BTC-27NOV26,0.39020000000000005,-0.83088,86.25559,2.1,0.0,0.005500000000000005,BTC,75962.98,0.0
2026-09-15T18:58:50.689055+00:00,BTC-30OCT26-40000-P,76515.74,BTC-30OCT26,put,40000.0,2026-10-30T08:00:00+00:00,0.12195063347482064,0.0004,0.0008,0.00056372,0.0006,76515.74,BTC-30OCT26,0.7798,-0.00597,4.52076,78.7,0.0,0.0004,BTC,75952.94,0.0
2026-09-15T18:58:50.689055+00:00,BTC-2OCT26-77000-P,76215.98,BTC-2OCT26,put,77000.0,2026-10-02T08:00:00+00:00,0.04529081143512181,0.037,0.038,0.03750073,0.0375,76215.98,BTC-2OCT26,0.3757,-0.53995,64.34201,107.6,125.9,0.0010000000000000009,BTC,75945.19,292817.43
2026-09-15T18:58:50.689055+00:00,BTC-25JUN27-108000-C,78949.6,BTC-25JUN27,call,108000.0,2027-06-25T08:00:00+00:00,0.7735591208122607,0.0435,0.045,0.04494412,0.04425,78949.6,BTC-25JUN27,0.4119,0.24641,218.84483,23.4,10.7,0.0015000000000000013,BTC,75945.19,39045.79
2026-09-15T18:58:50.689055+00:00,BTC-18SEP26-77500-C,76058.83,BTC-18SEP26,call,77500.0,2026-09-18T08:00:00+00:00,0.006960900415272391,0.0075,0.008,0.00762829,0.00775,76058.83,BTC-18SEP26,0.45409999999999995,0.30837,22.32239,56.7,63.5,0.0005000000000000004,BTC,75945.19,38382.29
2026-09-15T18:58:50.689055+00:00,BTC-25JUN27-115000-P,78949.98,BTC-25JUN27,put,115000.0,2027-06-25T08:00:00+00:00,0.7735591208122607,0.488,0.4955,0.49175636,0.49175,78949.98,BTC-25JUN27,0.4181,-0.79987,194.37113,0.0,0.0,0.007500000000000007,BTC,75945.19,0.0
2026-09-15T18:58:50.689055+00:00,BTC-26MAR27-45000-P,77979.96,BTC-26MAR27,put,45000.0,2027-03-26T08:00:00+00:00,0.5244146991832396,0.0085,0.01,0.00906371,0.00925,77979.96,BTC-26MAR27,0.5199,-0.04991,58.12536,260.0,1.1,0.0014999999999999996,BTC,75945.19,740.42
2026-09-15T18:58:50.689055+00:00,BTC-30OCT26-95000-P,76515.74,BTC-30OCT26,put,95000.0,2026-10-30T08:00:00+00:00,0.12195063347482064,0.2425,0.2485,0.24578291,0.2455,76515.74,BTC-30OCT26,0.3994,-0.93166,35.19613,0.3,0.0,0.006000000000000005,BTC,75945.19,0.0
2026-09-15T18:58:50.689055+00:00,BTC-27NOV26-108000-C,76769.19,BTC-27NOV26,call,108000.0,2026-11-27T08:00:00+00:00,0.19861045551451947,0.0031,0.0036,0.00353998,0.00335,76769.19,BTC-27NOV26,0.4334,0.04699,33.56134,13.1,1.0,0.0005,BTC,75945.19,308.28
2026-09-15T18:58:50.689055+00:00,BTC-27NOV26-83000-C,76772.82,BTC-27NOV26,call,83000.0,2026-11-27T08:00:00+00:00,0.19861045551451947,0.0365,0.0375,0.03714641,0.037,76772.82,BTC-27NOV26,0.3811,0.35197,126.90388,84.1,18.8,0.0010000000000000009,BTC,75945.19,62096.66
2026-09-15T18:58:50.689055+00:00,BTC-27NOV26-98000-P,76772.82,BTC-27NOV26,put,98000.0,2026-11-27T08:00:00+00:00,0.19861045551451947,0.2815,0.2875,0.28476326,0.2845,76772.82,BTC-27NOV26,0.4028,-0.89887,60.50045,0.0,0.0,0.006000000000000005,BTC,75945.19,0.0
2026-09-15T18:58:50.689055+00:00,BTC-18SEP26-72000-P,76058.83,BTC-18SEP26,put,72000.0,2026-09-18T08:00:00+00:00,0.006960900415272391,0.0017,0.002,0.00187114,0.00185,76058.83,BTC-18SEP26,0.5058,-0.09703,10.88716,2497.6,99.1,0.00030000000000000014,BTC,75945.19,16316.45
2026-09-15T18:58:50.689055+00:00,BTC-27NOV26-78000-P,76772.82,BTC-27NOV26,put,78000.0,2026-11-27T08:00:00+00:00,0.19861045551451947,0.076,0.0775,0.0769823,0.07675,76772.82,BTC-27NOV26,0.3835,-0.50499,136.4095,184.4,36.3,0.0015000000000000013,BTC,75953.37,202066.85
2026-09-15T18:58:50.689055+00:00,BTC-16SEP26-86000-P,76025.65,BTC-16SEP26,put,86000.0,2026-09-16T08:00:00+00:00,0.001485198841008188,0.129,0.134,0.13120157,0.1315,76025.65,BTC-16SEP26,1.0822,-0.99843,0.14878,0.0,0.0,0.0050000000000000044,BTC,75952.63,0.0
2026-09-15T18:58:50.689055+00:00,BTC-25DEC26-65000-P,77073.43,BTC-25DEC26,put,65000.0,2026-12-25T08:00:00+00:00,0.27527027755421835,0.025,0.026,0.02531082,0.0255,77073.43,BTC-25DEC26,0.4193,-0.18928,109.42674,787.3,3.1,0.0009999999999999974,BTC,75952.63,5504.73
2026-09-15T18:58:50.689055+00:00,BTC-18SEP26-70000-C,76058.83,BTC-18SEP26,call,70000.0,2026-09-18T08:00:00+00:00,0.006960900415272391,0.078,0.0825,0.08041201,0.08025,76058.83,BTC-18SEP26,0.5686,0.96047,5.41349,0.1,0.1,0.004500000000000004,BTC,75953.37,817.83
2026-09-15T18:58:50.689055+00:00,BTC-27NOV26-104000-C,76769.19,BTC-27NOV26,call,104000.0,2026-11-27T08:00:00+00:00,0.19861045551451947,0.0044,0.0049,0.0047967,0.00465,76769.19,BTC-27NOV26,0.42,0.06266,42.13183,11.6,0.2,0.0004999999999999996,BTC,75953.37,118.89
2026-09-15T18:58:50.689055+00:00,BTC-19SEP26-69000-P,76070.23,BTC-19SEP26,put,69000.0,2026-09-19T08:00:00+00:00,0.009698751202404491,0.0008,0.001,0.0009323,0.0009,76070.23,BTC-19SEP26,0.5748,-0.04119,6.6074,0.3,0.3,0.00019999999999999998,BTC,75952.63,28.11
2026-09-15T18:58:50.689055+00:00,BTC-16SEP26-79500-P,76025.65,BTC-16SEP26,put,79500.0,2026-09-16T08:00:00+00:00,0.001485198841008188,0.0435,0.049,0.04588907,0.04625,76025.65,BTC-16SEP26,0.584,-0.9779,1.54293,0.1,0.2,0.005500000000000005,BTC,75952.63,197.44
2026-09-15T18:58:50.689055+00:00,BTC-25JUN27-130000-C,78954.22,BTC-25JUN27,call,130000.0,2027-06-25T08:00:00+00:00,0.7735591208122607,0.0205,0.022,0.02161847,0.02125,78954.22,BTC-25JUN27,0.4334,0.13146,147.96884,783.4,0.1,0.0014999999999999979,BTC,75950.82,197.23
2026-09-15T18:58:50.689055+00:00,BTC-27NOV26-90000-P,76769.19,BTC-27NOV26,put,90000.0,2026-11-27T08:00:00+00:00,0.19861045551451947,0.1875,0.1925,0.19036022,0.19,76769.19,BTC-27NOV26,0.3865,-0.79997,95.74175,0.5,0.0,0.0050000000000000044,BTC,75952.63,0.0
2026-09-15T18:58:50.689055+00:00,BTC-25DEC26-40000-C,77073.43,BTC-25DEC26,call,40000.0,2026-12-25T08:00:00+00:00,0.27527027755421835,0.4825,0.485,0.48374274,0.48375,77073.43,BTC-25DEC26,0.6568999999999999,0.98088,18.83781,250.9,0.0,0.0025000000000000022,BTC,75950.82,0.0
2026-09-15T18:58:50.689055+00:00,BTC-16SEP26-77000-P,76025.65,BTC-16SEP26,put,77000.0,2026-09-16T08:00:00+00:00,0.001485198841008188,0.013,0.017,0.01486852,0.015,76025.65,BTC-16SEP26,0.4251,-0.79414,8.34031,171.4,161.5,0.004000000000000002,BTC,75950.82,87818.09
2026-09-15T18:58:50.689055+00:00,BTC-27NOV26-86000-C,76772.82,BTC-27NOV26,call,86000.0,2026-11-27T08:00:00+00:00,0.19861045551451947,0.0265,0.0275,0.02718411,0.027,76772.82,BTC-27NOV26,0.382,0.27868,114.8405,155.8,0.1,0.0010000000000000009,BTC,75950.82,229.0
2026-09-15T18:58:50.689055+00:00,BTC-25DEC26-135000-P,77073.43,BTC-25DEC26,put,135000.0,2026-12-25T08:00:00+00:00,0.27527027755421835,0.75,0.758,0.75328061,0.754,77073.43,BTC-25DEC26,0.49229999999999996,-0.9795,19.98306,0.7,0.0,0.008000000000000007,BTC,75950.44,0.0
2026-09-15T18:58:50.689055+00:00,BTC-26MAR27-105000-C,77979.96,BTC-26MAR27,call,105000.0,2027-03-26T08:00:00+00:00,0.5244146991832396,0.0265,0.0285,0.02792771,0.0275,77979.96,BTC-26MAR27,0.4075,0.19401,155.13524,162.5,0.0,0.0020000000000000018,BTC,75950.44,0.0
2026-09-15T18:58:50.689055+00:00,BTC-26MAR27-100000-P,77979.48,BTC-26MAR27,put,100000.0,2027-03-26T08:00:00+00:00,0.5244146991832396,0.3155,0.321,0.31816892,0.31825,77979.48,BTC-26MAR27,0.4021,-0.76149,174.86702,12.3,0.0,0.005500000000000005,BTC,75950.44,0.0
2026-09-15T18:58:50.689055+00:00,BTC-25JUN27-130000-P,78954.22,BTC-25JUN27,put,130000.0,2027-06-25T08:00:00+00:00,0.7735591208122607,0.664,0.673,0.66835435,0.6685,78954.22,BTC-25JUN27,0.4334,-0.86855,147.95546,3.9,0.0,0.009000000000000008,BTC,75950.44,0.0
2026-09-15T18:58:50.689055+00:00,BTC-25DEC26-20000-P,77078.05,BTC-25DEC26,put,20000.0,2026-12-25T08:00:00+00:00,0.27527027755421835,0.0004,0.0006,0.00051137,0.0005,77078.05,BTC-25DEC26,1.023,-0.00272,3.38987,760.5,110.0,0.00019999999999999993,BTC,75952.77,4189.34
2026-09-15T18:58:50.689055+00:00,BTC-30OCT26-74000-C,76515.74,BTC-30OCT26,call,74000.0,2026-10-30T08:00:00+00:00,0.12195063347482064,0.0685,0.071,0.06987168,0.06975,76515.74,BTC-30OCT26,0.3786,0.62243,101.47929,252.3,0.0,0.0024999999999999883,BTC,75950.44,0.0
2026-09-15T18:58:50.689055+00:00,BTC-25JUN27-80000-C,78949.6,BTC-25JUN27,call,80000.0,2027-06-25T08:00:00+00:00,0.7735591208122607,0.134,0.137,0.1358792,0.1355,78949.6,BTC-25JUN27,0.4053,0.5553,274.23307,141.0,25.1,0.0030000000000000027,BTC,75952.77,262926.03
2026-09-15T18:58:50.689055+00:00,BTC-26MAR27-140000-C,77979.96,BTC-26MAR27,call,140000.0,2027-03-26T08:00:00+00:00,0.5244146991832396,0.0065,0.0075,0.00726869,0.007,77979.96,BTC-26MAR27,0.4628,0.05698,64.56372,909.4,1.5,0.001,BTC,75952.77,790.04
2026-09-15T18:58:50.689055+00:00,BTC-27NOV26-73000-C,76769.19,BTC-27NOV26,call,73000.0,2026-11-27T08:00:00+00:00,0.19861045551451947,0.094,0.096,0.09513961,0.095,76769.19,BTC-27NOV26,0.39159999999999995,0.64453,127.36134,0.3,0.0,0.0020000000000000018,BTC,75950.44,0.0
2026-09-15T18:58:50.689055+00:00,BTC-16SEP26-70000-P,76030.27,BTC-16SEP26,put,70000.0,2026-09-16T08:00:00+00:00,0.001485198841008188,,0.0002,7.591e-05,,76030.27,BTC-16SEP26,0.8748999999999999,-0.00735,0.59555,51.6,51.8,,BTC,75952.77,757.95
2026-09-15T18:58:50.689055+00:00,BTC-25DEC26-62000-C,77073.43,BTC-25DEC26,call,62000.0,2026-12-25T08:00:00+00:00,0.27527027755421835,0.212,0.216,0.21414636,0.214,77073.43,BTC-25DEC26,0.43479999999999996,0.85653,91.47937,247.1,0.0,0.0040000000000000036,BTC,75964.58,0.0
2026-09-15T18:58:50.689055+00:00,BTC-25JUN27-82000-C,78949.6,BTC-25JUN27,call,82000.0,2027-06-25T08:00:00+00:00,0.7735591208122607,0.1235,0.126,0.12534744,0.12475,78949.6,BTC-25JUN27,0.4043,0.52771,276.27224,75.7,16.2,0.0025000000000000022,BTC,75964.58,160950.78
2026-09-15T18:58:50.689055+00:00,BTC-30OCT26-71000-P,76515.74,BTC-30OCT26,put,71000.0,2026-10-30T08:00:00+00:00,0.12195063347482064,0.0235,0.0245,0.0240342,0.024,76515.74,BTC-30OCT26,0.39020000000000005,-0.27041,88.38149,195.1,40.2,0.0010000000000000009,BTC,75964.58,66670.61
2026-09-15T18:58:50.689055+00:00,BTC-19SEP26-77500-P,76070.23,BTC-19SEP26,put,77500.0,2026-09-19T08:00:00+00:00,0.009698751202404491,0.027,0.0295,0.02822268,0.02825,76070.23,BTC-19SEP26,0.4343,-0.66712,27.21181,3.6,3.6,0.0024999999999999988,BTC,75964.58,7441.21
2026-09-15T18:58:50.689055+00:00,BTC-25JUN27-110000-C,78949.98,BTC-25JUN27,call,110000.0,2027-06-25T08:00:00+00:00,0.7735591208122607,0.04,0.042,0.04181542,0.041,78949.98,BTC-25JUN27,0.41369999999999996,0.2322,211.87825,266.0,2.3,0.0020000000000000018,BTC,75964.58,7942.84
2026-09-15T18:58:50.689055+00:00,BTC-25SEP26-30000-C,76137.47,BTC-25SEP26,call,30000.0,2026-09-25T08:00:00+00:00,0.0261258559251971,0.605,0.6065,0.60592219,0.60575,76137.47,BTC-25SEP26,1.2395,1.0,0.00064,135.5,0.0,0.0015000000000000568,BTC,75964.58,0.0
2026-09-15T18:58:50.689055+00:00,BTC-25JUN27-85000-P,78949.98,BTC-25JUN27,put,85000.0,2027-06-25T08:00:00+00:00,0.7735591208122607,0.186,0.189,0.18761858,0.1875,78949.98,BTC-25JUN27,0.4031,-0.51305,276.78815,11.2,0.2,0.0030000000000000027,BTC,75963.25,2795.85
2026-09-15T18:58:50.689055+00:00,BTC-2OCT26-86000-C,76211.36,BTC-2OCT26,call,86000.0,2026-10-02T08:00:00+00:00,0.04529081143512181,0.0034,0.0038,0.00369196,0.0036,76211.36,BTC-2OCT26,0.415,0.09149,26.6509,42.9,3.6,0.0004000000000000002,BTC,75963.25,1696.79
2026-09-15T18:58:50.689055+00:00,BTC-26MAR27-108000-C,77979.48,BTC-26MAR27,call,108000.0,2027-03-26T08:00:00+00:00,0.5244146991832396,0.023,0.0245,0.02414171,0.02375,77979.48,BTC-26MAR27,0.41090000000000004,0.17162,143.71859,68.6,0.0,0.0015000000000000013,BTC,75963.25,0.0
2026-09-15T18:58:50.689055+00:00,BTC-19SEP26-77500-C,76070.23,BTC-19SEP26,call,77500.0,2026-09-19T08:00:00+00:00,0.009698751202404491,0.009,0.01,0.00944202,0.0095,76070.23,BTC-19SEP26,0.4343,0.334,27.25154,60.8,65.3,0.0010000000000000009,BTC,75963.25,60410.49
2026-09-15T18:58:50.689055+00:00,BTC-27NOV26-74000-C,76772.82,BTC-27NOV26,call,74000.0,2026-11-27T08:00:00+00:00,0.19861045551451947,0.0865,0.088,0.08740102,0.08725,76772.82,BTC-27NOV26,0.389,0.61581,130.64962,0.2,0.0,0.0015000000000000013,BTC,75963.25,0.0
2026-09-15T18:58:50.689055+00:00,BTC-17SEP26-80000-C,76041.11,BTC-17SEP26,call,80000.0,2026-09-17T08:00:00+00:00,0.004223049628140289,0.0013,0.0016,0.0015073,0.00145,76041.11,BTC-17SEP26,0.5716,0.086,7.7542,834.0,860.4,0.00030000000000000014,BTC,75963.25,146924.49
2026-09-15T18:58:50.689055+00:00,BTC-17SEP26-75000-P,76045.73,BTC-17SEP26,put,75000.0,2026-09-17T08:00:00+00:00,0.004223049628140289,0.0065,0.007,0.00678504,0.00675,76045.73,BTC-17SEP26,0.48369999999999996,-0.3328,17.94915,188.3,200.6,0.0005000000000000004,BTC,75963.25,52537.32
2026-09-15T18:58:50.689055+00:00,BTC-25JUN27-104000-C,78949.6,BTC-25JUN27,call,104000.0,2027-06-25T08:00:00+00:00,0.7735591208122607,0.0505,0.0525,0.05217115,0.0515,78949.6,BTC-25JUN27,0.4089,0.27777,232.64584,26.5,0.0,0.001999999999999995,BTC,75921.4,0.0
2026-09-15T18:58:50.689055+00:00,BTC-18SEP26-85000-C,76063.45,BTC-18SEP26,call,85000.0,2026-09-18T08:00:00+00:00,0.006960900415272391,0.0003,0.0005,0.00046392,0.0004,76063.45,BTC-18SEP26,0.6583,0.02168,3.28666,728.7,31.1,0.00020000000000000004,BTC,75921.4,1953.27
2026-09-15T18:58:50.689055+00:00,BTC-25SEP26-170000-C,76133.99,BTC-25SEP26,call,170000.0,2026-09-25T08:00:00+00:00,0.0261258559251971,,0.0001,0.0,,76133.99,BTC-25SEP26,0.8693000000000001,0.0,1e-05,444.9,0.0,,BTC,75921.4,0.0
2026-09-15T18:58:50.689055+00:00,BTC-25DEC26-60000-C,77073.43,BTC-25DEC26,call,60000.0,2026-12-25T08:00:00+00:00,0.27527027755421835,0.2345,0.2385,0.2366852,0.2365,77073.43,BTC-25DEC26,0.4475,0.88059,80.5324,787.0,0.0,0.0040000000000000036,BTC,75913.76,0.0
2026-09-15T18:58:50.689055+00:00,BTC-25SEP26-190000-P,76133.99,BTC-25SEP26,put,190000.0,2026-09-25T08:00:00+00:00,0.0261258559251971,1.4895,1.5035,1.49582639,1.4965,76133.99,BTC-25SEP26,0.9384999999999999,-1.0,0.0,0.0,0.0,0.014000000000000012,BTC,75921.4,0.0
2026-09-15T18:58:50.689055+00:00,BTC-18SEP26-76000-C,76058.83,BTC-18SEP26,call,76000.0,2026-09-18T08:00:00+00:00,0.006960900415272391,0.015,0.0155,0.0153105,0.01525,76058.83,BTC-18SEP26,0.4481,0.50237,25.29189,79.1,79.5,0.0005000000000000004,BTC,75921.4,90080.96
2026-09-15T18:58:50.689055+00:00,BTC-26MAR27-55000-P,77979.96,BTC-26MAR27,put,55000.0,2027-03-26T08:00:00+00:00,0.5244146991832396,0.02,0.0215,0.02067049,0.02075,77979.96,BTC-26MAR27,0.457,-0.11198,107.4443,1258.1,0.4,0.0014999999999999979,BTC,75913.76,538.4
2026-09-15T18:58:50.689055+00:00,BTC-25JUN27-150000-C,78949.6,BTC-25JUN27,call,150000.0,2027-06-25T08:00:00+00:00,0.7735591208122607,0.0125,0.0135,0.01328717,0.013,78949.6,BTC-25JUN27,0.4607,0.08325,106.31541,217.7,3.6,0.0009999999999999992,BTC,75939.04,3382.19
2026-09-15T18:58:50.689055+00:00,BTC-18SEP26-78000-P,76063.45,BTC-18SEP26,put,78000.0,2026-09-18T08:00:00+00:00,0.006960900415272391,0.03,0.033,0.03148779,0.0315,76063.45,BTC-18SEP26,0.46009999999999995,-0.74932,20.17359,382.5,16.4,0.0030000000000000027,BTC,75913.76,22688.19
2026-09-15T18:58:50.689055+00:00,BTC-25SEP26-58000-C,76137.47,BTC-25SEP26,call,58000.0,2026-09-25T08:00:00+00:00,0.0261258559251971,0.2365,0.2405,0.23850234,0.2385,76137.47,BTC-25SEP26,0.7334999999999999,0.99039,3.16407,460.6,0.0,0.0040000000000000036,BTC,75913.76,0.0
2026-09-15T18:58:50.689055+00:00,BTC-30OCT26-54000-C,76515.74,BTC-30OCT26,call,54000.0,2026-10-30T08:00:00+00:00,0.12195063347482064,0.295,0.299,0.29706304,0.297,76515.74,BTC-30OCT26,0.5777,0.96578,20.25281,0.1,0.0,0.0040000000000000036,BTC,75939.04,0.0
2026-09-15T18:58:50.689055+00:00,BTC-18SEP26-76500-C,76063.45,BTC-18SEP26,call,76500.0,2026-09-18T08:00:00+00:00,0.006960900415272391,0.012,0.0125,0.01225438,0.01225,76063.45,BTC-18SEP26,0.4483,0.43546,24.96708,38.8,41.7,0.0005000000000000004,BTC,75939.04,43516.47
2026-09-15T18:58:50.689055+00:00,BTC-17SEP26-70000-C,76041.11,BTC-17SEP26,call,70000.0,2026-09-17T08:00:00+00:00,0.004223049628140289,0.0775,0.082,0.07992151,0.07975,76041.11,BTC-17SEP26,0.6697,0.97129,3.23979,0.0,0.0,0.004500000000000004,BTC,75939.04,0.0
2026-09-15T18:58:50.689055+00:00,BTC-30OCT26-91000-C,76515.74,BTC-30OCT26,call,91000.0,2026-10-30T08:00:00+00:00,0.12195063347482064,0.0065,0.007,0.00680092,0.00675,76515.74,BTC-30OCT26,0.3849,0.1092,49.94466,108.4,25.6,0.0005000000000000004,BTC,75939.04,17570.76
2026-09-15T18:58:50.689055+00:00,BTC-30OCT26-82000-P,76515.74,BTC-30OCT26,put,82000.0,2026-10-30T08:00:00+00:00,0.12195063347482064,0.095,0.098,0.09665833,0.0965,76515.74,BTC-30OCT26,0.369,-0.68448,94.92583,51.4,0.1,0.0030000000000000027,BTC,75947.36,685.13
2026-09-15T18:58:50.689055+00:00,BTC-26MAR27-106000-P,77979.48,BTC-26MAR27,put,106000.0,2027-03-26T08:00:00+00:00,0.5244146991832396,0.383,0.389,0.38588556,0.386,77979.48,BTC-26MAR27,0.40850000000000003,-0.81391,151.20264,0.1,0.0,0.006000000000000005,BTC,75947.36,0.0
2026-09-15T18:58:50.689055+00:00,BTC-17SEP26-76500-C,76045.73,BTC-17SEP26,call,76500.0,2026-09-17T08:00:00+00:00,0.004223049628140289,0.0095,0.01,0.00981416,0.00975,76045.73,BTC-17SEP26,0.4842,0.41785,19.28088,36.5,42.1,0.0005000000000000004,BTC,75947.36,33598.82
2026-09-15T18:58:50.689055+00:00,BTC-17SEP26-77000-C,76045.73,BTC-17SEP26,call,77000.0,2026-09-17T08:00:00+00:00,0.004223049628140289,0.007,0.0075,0.0074278,0.00725,76045.73,BTC-17SEP26,0.4885,0.34198,18.13574,784.3,768.0,0.0004999999999999996,BTC,75947.36,591451.64
2026-09-15T18:58:50.689055+00:00,BTC-16SEP26-84000-C,76025.65,BTC-16SEP26,call,84000.0,2026-09-16T08:00:00+00:00,0.001485198841008188,,0.0003,4.146e-05,,76025.65,BTC-16SEP26,0.9590000000000001,0.00341,0.30092,221.4,207.1,,BTC,75945.38,7586.54
2026-09-15T18:58:50.689055+00:00,BTC-2OCT26-75000-P,76211.36,BTC-2OCT26,put,75000.0,2026-10-02T08:00:00+00:00,0.04529081143512181,0.024,0.025,0.02456541,0.0245,76211.36,BTC-2OCT26,0.3786,-0.41002,63.01415,39.7,18.5,0.0010000000000000009,BTC,75945.38,31675.52
2026-09-15T18:58:50.689055+00:00,BTC-25SEP26-300000-P,76137.47,BTC-25SEP26,put,300000.0,2026-09-25T08:00:00+00:00,0.0261258559251971,2.9325,2.9525,2.94077851,2.9425,76137.47,BTC-25SEP26,1.3629,-1.0,0.0,0.0,0.0,0.020000000000000018,BTC,75945.38,0.0
2026-09-15T18:58:50.689055+00:00,BTC-19SEP26-76000-C,76070.23,BTC-19SEP26,call,76000.0,2026-09-19T08:00:00+00:00,0.009698751202404491,0.017,0.0175,0.01737401,0.01725,76070.23,BTC-19SEP26,0.4303,0.5087,29.86288,67.0,68.2,0.0005000000000000004,BTC,75945.38,83241.47
2026-09-15T18:58:50.689055+00:00,BTC-25DEC26-210000-P,77078.05,BTC-25DEC26,put,210000.0,2026-12-25T08:00:00+00:00,0.27527027755421835,1.717,1.737,1.72491272,1.727,77078.05,BTC-25DEC26,0.6764,-0.99599,4.8038,0.0,0.0,0.020000000000000018,BTC,75941.79,0.0
2026-09-15T18:58:50.689055+00:00,BTC-30OCT26-54000-P,76515.74,BTC-30OCT26,put,54000.0,2026-10-30T08:00:00+00:00,0.12195063347482064,0.0028,0.0032,0.00289659,0.003,76515.74,BTC-30OCT26,0.5777,-0.03419,20.23941,189.3,6.2,0.0004000000000000002,BTC,75945.38,1283.24
2026-09-15T18:58:50.689055+00:00,BTC-19SEP26-79000-P,76070.23,BTC-19SEP26,put,79000.0,2026-09-19T08:00:00+00:00,0.009698751202404491,0.0415,0.046,0.04352069,0.04375,76070.23,BTC-19SEP26,0.4526,-0.8008,20.91026,0.0,0.0,0.004499999999999997,BTC,75941.79,0.0
2026-09-15T18:58:50.689055+00:00,BTC-25SEP26-35000-P,76133.99,BTC-25SEP26,put,35000.0,2026-09-25T08:00:00+00:00,0.0261258559251971,,0.0001,1.2e-07,,76133.99,BTC-25SEP26,1.0855,0.0,0.00188,1200.7,0.0,,BTC,75941.79,0.0
2026-09-15T18:58:50.689055+00:00,BTC-19SEP26-67000-C,76070.23,BTC-19SEP26,call,67000.0,2026-09-19T08:00:00+00:00,0.009698751202404491,0.1175,0.122,0.11982445,0.11975,76070.23,BTC-19SEP26,0.6581,0.976,4.22769,0.0,0.0,0.004500000000000004,BTC,75941.79,0.0
2026-09-15T18:58:50.689055+00:00,BTC-25SEP26-64000-P,76137.47,BTC-25SEP26,put,64000.0,2026-09-25T08:00:00+00:00,0.0261258559251971,0.001,0.0012,0.00099619,0.0011,76137.47,BTC-25SEP26,0.5720000000000001,-0.02792,7.88326,1214.8,32.3,0.00019999999999999987,BTC,75941.79,2579.49
2026-09-15T18:58:50.689055+00:00,BTC-25SEP26-135000-P,76133.99,BTC-25SEP26,put,135000.0,2026-09-25T08:00:00+00:00,0.0261258559251971,0.7695,0.7775,0.77335064,0.7735,76133.99,BTC-25SEP26,0.8226,-0.99999,0.00594,11.5,0.0,0.008000000000000007,BTC,75941.79,0.0
2026-09-15T18:58:50.689055+00:00,BTC-25DEC26-80000-C,77073.43,BTC-25DEC26,call,80000.0,2026-12-25T08:00:00+00:00,0.27527027755421835,0.064,0.0645,0.06436428,0.06425,77073.43,BTC-25DEC26,0.3847,0.46494,160.61199,9106.2,649.4,0.0005000000000000004,BTC,75947.26,3411262.84
2026-09-15T18:58:50.689055+00:00,BTC-25SEP26-81000-P,76137.47,BTC-25SEP26,put,81000.0,2026-09-25T08:00:00+00:00,0.0261258559251971,0.0675,0.0725,0.07022458,0.07,76137.47,BTC-25SEP26,0.40509999999999996,-0.82314,31.91587,588.7,0.9,0.0049999999999999906,BTC,75947.26,3007.17
2026-09-15T18:58:50.689055+00:00,BTC-25DEC26-105000-P,77073.43,BTC-25DEC26,put,105000.0,2026-12-25T08:00:00+00:00,0.27527027755421835,0.368,0.3745,0.3706415,0.37125,77073.43,BTC-25DEC26,0.4092,-0.90932,65.99922,109.5,0.0,0.006500000000000006,BTC,75947.26,0.0
2026-09-15T18:58:50.689055+00:00,BTC-25SEP26-73000-P,76137.3,BTC-25SEP26,put,73000.0,2026-09-25T08:00:00+00:00,0.0261258559251971,0.0095,0.0105,0.01004692,0.01,76137.3,BTC-25SEP26,0.40409999999999996,-0.25406,39.41588,1288.8,85.1,0.0010000000000000009,BTC,75947.26,58664.83
2026-09-15T18:58:50.689055+00:00,BTC-25DEC26-200000-P,77078.05,BTC-25DEC26,put,200000.0,2026-12-25T08:00:00+00:00,0.27527027755421835,1.5875,1.606,1.59525856,1.59675,77078.05,BTC-25DEC26,0.66,-0.99513,5.71039,0.0,0.0,0.018500000000000183,BTC,75947.26,0.0
2026-09-15T18:58:50.689055+00:00,BTC-19SEP26-78000-C,76070.23,BTC-19SEP26,call,78000.0,2026-09-19T08:00:00+00:00,0.009698751202404491,0.0075,0.008,0.00763914,0.00775,76070.23,BTC-19SEP26,0.4389,0.28267,25.32169,610.5,751.4,0.0005000000000000004,BTC,75950.56,548240.3
2026-09-15T18:58:50.689055+00:00,BTC-27NOV26-106000-C,76772.82,BTC-27NOV26,call,106000.0,2026-11-27T08:00:00+00:00,0.19861045551451947,0.0037,0.0042,0.00407577,0.00395,76772.82,BTC-27NOV26,0.42590000000000006,0.05376,37.35859,15.4,0.0,0.0004999999999999996,BTC,75947.26,0.0
2026-09-15T18:58:50.689055+00:00,BTC-16SEP26-79000-P,76025.65,BTC-16SEP26,put,79000.0,2026-09-16T08:00:00+00:00,0.001485198841008188,0.038,0.042,0.03937682,0.04,76025.65,BTC-16SEP26,0.5387,-0.97023,1.97962,58.7,7.7,0.0040000000000000036,BTC,75950.56,4929.74
2026-09-15T18:58:50.689055+00:00,BTC-27NOV26-102000-P,76769.19,BTC-27NOV26,put,102000.0,2026-11-27T08:00:00+00:00,0.19861045551451947,0.331,0.337,0.33449728,0.334,76769.19,BTC-27NOV26,0.41490000000000005,-0.92637,47.72773,0.0,0.0,0.006000000000000005,BTC,75950.56,0.0
2026-09-15T18:58:50.689055+00:00,BTC-27NOV26-67000-P,76769.19,BTC-27NOV26,put,67000.0,2026-11-27T08:00:00+00:00,0.19861045551451947,0.0225,0.0235,0.02303881,0.023,76769.19,BTC-27NOV26,0.41369999999999996,-0.20455,97.02928,20.8,0.0,0.0010000000000000009,BTC,75950.56,0.0
2026-09-15T18:58:50.689055+00:00,BTC-30OCT26-64000-P,76515.74,BTC-30OCT26,put,64000.0,2026-10-30T08:00:00+00:00,0.12195063347482064,0.0085,0.009,0.00870501,0.00875,76515.74,BTC-30OCT26,0.4428,-0.11017,50.27027,640.9,2.4,0.0004999999999999987,BTC,75950.56,1568.64
2026-09-15T18:58:50.689055+00:00,BTC-30OCT26-75000-C,76515.74,BTC-30OCT26,call,75000.0,2026-10-30T08:00:00+00:00,0.12195063347482064,0.0615,0.063,0.06227611,0.06225,76515.74,BTC-30OCT26,0.376,0.58333,104.1966,1176.5,4.4,0.0015000000000000013,BTC,75946.92,22895.78
2026-09-15T18:58:50.689055+00:00,BTC-19SEP26-67000-P,76070.23,BTC-19SEP26,put,67000.0,2026-09-19T08:00:00+00:00,0.009698751202404491,0.0004,0.0008,0.00057677,0.0006,76070.23,BTC-19SEP26,0.6581,-0.02393,4.2187,0.6,0.6,0.0004,BTC,75946.92,34.93
2026-09-15T18:58:50.689055+00:00,BTC-26MAR27-60000-C,77979.96,BTC-26MAR27,call,60000.0,2027-03-26T08:00:00+00:00,0.5244146991832396,0.259,0.2635,0.26170343,0.26125,77979.96,BTC-26MAR27,0.4347,0.83816,138.35266,647.0,0.0,0.004500000000000004,BTC,75946.92,0.0
2026-09-15T18:58:50.689055+00:00,BTC-25DEC26-170000-P,77073.43,BTC-25DEC26,put,170000.0,2026-12-25T08:00:00+00:00,0.27527027755421835,1.1995,1.2145,1.20632375,1.207,77073.43,BTC-25DEC26,0.5901,-0.99188,8.97077,0.1,0.0,0.014999999999999902,BTC,75946.92,0.0
2026-09-15T18:58:50.689055+00:00,BTC-17SEP26-69000-P,76041.11,BTC-17SEP26,put,69000.0,2026-09-17T08:00:00+00:00,0.004223049628140289,0.0002,0.0005,0.00032892,0.00035,76041.11,BTC-17SEP26,0.7273000000000001,-0.01969,2.35961,6.7,1.3,0.00030000000000000003,BTC,75946.92,22.75
2026-09-15T18:58:50.689055+00:00,BTC-2OCT26-70000-P,76215.98,BTC-2OCT26,put,70000.0,2026-10-02T08:00:00+00:00,0.04529081143512181,0.007,0.008,0.00736047,0.0075,76215.98,BTC-2OCT26,0.41090000000000004,-0.15741,39.0207,249.3,246.3,0.001,BTC,75937.32,116864.89
2026-09-15T18:58:50.689055+00:00,BTC-30OCT26-85000-C,76515.74,BTC-30OCT26,call,85000.0,2026-10-30T08:00:00+00:00,0.12195063347482064,0.0155,0.0165,0.01616486,0.016,76515.74,BTC-30OCT26,0.3721,0.22586,80.24731,2093.6,122.6,0.0010000000000000009,BTC,75937.32,178217.6
2026-09-15T18:58:50.689055+00:00,BTC-17SEP26-78500-P,76045.73,BTC-17SEP26,put,78500.0,2026-09-17T08:00:00+00:00,0.004223049628140289,0.0335,0.038,0.03551926,0.03575,76045.73,BTC-17SEP26,0.5202,-0.82931,12.5293,31.9,22.2,0.004499999999999997,BTC,75937.32,19375.46
2026-09-15T18:58:50.689055+00:00,BTC-30OCT26-66000-P,76515.74,BTC-30OCT26,put,66000.0,2026-10-30T08:00:00+00:00,0.12195063347482064,0.011,0.012,0.01145332,0.0115,76515.74,BTC-30OCT26,0.42340000000000005,-0.1432,60.34392,300.4,132.8,0.0010000000000000009,BTC,75937.32,118036.22
2026-09-15T18:58:50.689055+00:00,BTC-19SEP26-74000-P,76070.23,BTC-19SEP26,put,74000.0,2026-09-19T08:00:00+00:00,0.009698751202404491,0.0065,0.007,0.00678736,0.00675,76070.23,BTC-19SEP26,0.44,-0.26321,24.43531,21.6,21.6,0.0005000000000000004,BTC,75932.75,13683.05
2026-09-15T18:58:50.689055+00:00,BTC-25DEC26-72000-C,77073.43,BTC-25DEC26,call,72000.0,2026-12-25T08:00:00+00:00,0.27527027755421835,0.1155,0.1175,0.11699212,0.1165,77073.43,BTC-25DEC26,0.3948,0.66542,147.14617,1236.8,41.5,0.001999999999999988,BTC,75937.32,369182.18
2026-09-15T18:58:50.689055+00:00,BTC-25SEP26-78000-C,76137.3,BTC-25SEP26,call,78000.0,2026-09-25T08:00:00+00:00,0.0261258559251971,0.0145,0.0155,0.01500529,0.015,76137.3,BTC-25SEP26,0.38909999999999995,0.35527,45.79042,5214.6,610.7,0.0009999999999999992,BTC,75932.75,870480.64
2026-09-15T18:58:50.689055+00:00,BTC-19SEP26-84000-C,76070.23,BTC-19SEP26,call,84000.0,2026-09-19T08:00:00+00:00,0.009698751202404491,0.0008,0.001,0.00089671,0.0009,76070.23,BTC-19SEP26,0.5676,0.03886,6.30089,1.8,1.8,0.00019999999999999998,BTC,75932.75,179.46
2026-09-15T18:58:50.689055+00:00,BTC-25DEC26-40000-P,77073.43,BTC-25DEC26,put,40000.0,2026-12-25T08:00:00+00:00,0.27527027755421835,0.0024,0.0028,0.00269629,0.0026,77073.43,BTC-25DEC26,0.6568999999999999,-0.01917,18.87609,4533.0,18.4,0.0004000000000000002,BTC,75932.75,3664.85
2026-09-15T18:58:50.689055+00:00,BTC-25DEC26-135000-C,77073.43,BTC-25DEC26,call,135000.0,2026-12-25T08:00:00+00:00,0.27527027755421835,0.0015,0.002,0.00181239,0.00175,77073.43,BTC-25DEC26,0.49229999999999996,0.02044,19.92716,1389.7,5.6,0.0005,BTC,75932.75,1001.3
2026-09-15T18:58:50.689055+00:00,BTC-17SEP26-73000-C,76045.73,BTC-17SEP26,call,73000.0,2026-09-17T08:00:00+00:00,0.004223049628140289,0.0395,0.044,0.04194033,0.04175,76045.73,BTC-17SEP26,0.5283,0.8797,9.89462,0.0,0.0,0.004499999999999997,BTC,75932.75,0.0
2026-09-15T18:58:50.689055+00:00,BTC-25DEC26-104000-P,77073.43,BTC-25DEC26,put,104000.0,2026-12-25T08:00:00+00:00,0.27527027755421835,0.355,0.362,0.35831398,0.3585,77073.43,BTC-25DEC26,0.4072,-0.90321,69.23799,0.3,0.0,0.007000000000000006,BTC,75932.75,0.0
2026-09-15T18:58:50.689055+00:00,BTC-30OCT26-76000-C,76515.74,BTC-30OCT26,call,76000.0,2026-10-30T08:00:00+00:00,0.12195063347482064,0.0545,0.056,0.05526002,0.05525,76515.74,BTC-30OCT26,0.3738,0.54337,105.8917,403.7,130.7,0.0015000000000000013,BTC,75941.09,589015.47
2026-09-15T18:58:50.689055+00:00,BTC-16SEP26-72000-P,76030.27,BTC-16SEP26,put,72000.0,2026-09-16T08:00:00+00:00,0.001485198841008188,0.0002,0.0004,0.00020749,0.0003,76030.27,BTC-16SEP26,0.6970999999999999,-0.02273,1.57983,34.6,39.5,0.0002,BTC,75950.63,1069.74
2026-09-15T18:58:50.689055+00:00,BTC-25JUN27-68000-P,78949.98,BTC-25JUN27,put,68000.0,2027-06-25T08:00:00+00:00,0.7735591208122607,0.0765,0.0785,0.07765698,0.0775,78949.98,BTC-25JUN27,0.4191,-0.27855,233.04984,13.7,0.0,0.0020000000000000018,BTC,75950.63,0.0
2026-09-15T18:58:50.689055+00:00,BTC-25DEC26-85000-P,77073.43,BTC-25DEC26,put,85000.0,2026-12-25T08:00:00+00:00,0.27527027755421835,0.1435,0.147,0.1450692,0.14525,77073.43,BTC-25DEC26,0.3818,-0.65289,149.22978,580.6,2.9,0.003500000000000003,BTC,75941.09,28028.37
2026-09-15T18:58:50.689055+00:00,BTC-16SEP26-80000-C,76025.65,BTC-16SEP26,call,80000.0,2026-09-16T08:00:00+00:00,0.001485198841008188,0.0001,0.0002,0.00018056,0.00015,76025.65,BTC-16SEP26,0.6402,0.01814,1.30465,112.5,76.8,0.0001,BTC,75950.63,4376.55
2026-09-15T18:58:50.689055+00:00,BTC-27NOV26-95000-C,76769.19,BTC-27NOV26,call,95000.0,2026-11-27T08:00:00+00:00,0.19861045551451947,0.01,0.011,0.01079441,0.0105,76769.19,BTC-27NOV26,0.3957,0.13014,72.381,51.6,1.7,0.0009999999999999992,BTC,75950.63,1838.23
2026-09-15T18:58:50.689055+00:00,BTC-25DEC26-84000-P,77073.43,BTC-25DEC26,put,84000.0,2026-12-25T08:00:00+00:00,0.27527027755421835,0.1345,0.137,0.13583655,0.13575,77073.43,BTC-25DEC26,0.38189999999999996,-0.6306,152.52092,83.8,1.4,0.0025000000000000022,BTC,75950.63,13718.93
2026-09-15T18:58:50.689055+00:00,BTC-16SEP26-70000-C,76025.65,BTC-16SEP26,call,70000.0,2026-09-16T08:00:00+00:00,0.001485198841008188,0.0775,0.0805,0.07934663,0.079,76025.65,BTC-16SEP26,0.8748999999999999,0.99269,0.59275,9.8,9.8,0.0030000000000000027,BTC,75954.83,81407.18
2026-09-15T18:58:50.689055+00:00,BTC-18SEP26-75500-C,76063.45,BTC-18SEP26,call,75500.0,2026-09-18T08:00:00+00:00,0.006960900415272391,0.0185,0.0195,0.01889369,0.019,76063.45,BTC-18SEP26,0.4499,0.57635,24.83775,20.5,30.7,0.0010000000000000009,BTC,75950.63,38178.95
2026-09-15T18:58:50.689055+00:00,BTC-30OCT26-70000-C,76515.74,BTC-30OCT26,call,70000.0,2026-10-30T08:00:00+00:00,0.12195063347482064,0.105,0.107,0.10575208,0.106,76515.74,BTC-30OCT26,0.3953,0.76024,82.977,1065.0,125.2,0.0020000000000000018,BTC,75954.83,1110544.55
2026-09-15T18:58:50.689055+00:00,BTC-18SEP26-81000-P,76058.83,BTC-18SEP26,put,81000.0,2026-09-18T08:00:00+00:00,0.006960900415272391,0.064,0.069,0.06649147,0.0665,76058.83,BTC-18SEP26,0.5262,-0.92379,9.08901,29.1,0.0,0.0050000000000000044,BTC,75954.83,0.0
2026-09-15T18:58:50.689055+00:00,BTC-30OCT26-86000-C,76515.74,BTC-30OCT26,call,86000.0,2026-10-30T08:00:00+00:00,0.12195063347482064,0.0135,0.014,0.01397284,0.01375,76515.74,BTC-30OCT26,0.3736,0.20131,75.06008,825.2,67.3,0.0005000000000000004,BTC,75954.83,88469.65
2026-09-15T18:58:50.689055+00:00,BTC-25SEP26-84000-P,76137.47,BTC-25SEP26,put,84000.0,2026-09-25T08:00:00+00:00,0.0261258559251971,0.1035,0.109,0.10620439,0.10625,76137.47,BTC-25SEP26,0.4379,-0.91396,19.31435,47.3,0.0,0.005500000000000005,BTC,75954.83,0.0
2026-09-15T18:58:50.689055+00:00,BTC-27NOV26-120000-C,76769.19,BTC-27NOV26,call,120000.0,2026-11-27T08:00:00+00:00,0.19861045551451947,0.0013,0.0019,0.00159699,0.0016,76769.19,BTC-27NOV26,0.47240000000000004,0.02169,17.73105,99.5,0.5,0.0006000000000000001,BTC,75954.83,76.73
2026-09-15T18:58:50.689055+00:00,BTC-26MAR27-180000-P,77979.96,BTC-26MAR27,put,180000.0,2027-03-26T08:00:00+00:00,0.5244146991832396,1.298,1.3285,1.31144391,1.31325,77979.96,BTC-26MAR27,0.5351,-0.97545,32.49116,0.1,0.0,0.03049999999999997,BTC,75958.25,0.0
2026-09-15T18:58:50.689055+00:00,BTC-18SEP26-65000-C,76063.45,BTC-18SEP26,call,65000.0,2026-09-18T08:00:00+00:00,0.006960900415272391,0.1435,0.1475,0.14565201,0.1455,76063.45,BTC-18SEP26,0.8223,0.98964,1.74399,0.0,0.0,0.0040000000000000036,BTC,75958.25,0.0
2026-09-15T18:58:50.689055+00:00,BTC-25JUN27-72000-C,78954.22,BTC-25JUN27,call,72000.0,2027-06-25T08:00:00+00:00,0.7735591208122607,0.184,0.187,0.1862167,0.1855,78954.22,BTC-25JUN27,0.4132,0.66759,252.10447,90.1,0.1,0.0030000000000000027,BTC,75958.25,1388.72
2026-09-15T18:58:50.689055+00:00,BTC-16SEP26-82000-C,76025.65,BTC-16SEP26,call,82000.0,2026-09-16T08:00:00+00:00,0.001485198841008188,,0.0001,9.127e-05,,76025.65,BTC-16SEP26,0.82,0.00815,0.65248,322.5,365.7,,BTC,75955.61,27909.32
2026-09-15T18:58:50.689055+00:00,BTC-17SEP26-74000-C,76041.11,BTC-17SEP26,call,74000.0,2026-09-17T08:00:00+00:00,0.004223049628140289,0.0295,0.032,0.03051229,0.03075,76041.11,BTC-17SEP26,0.5027,0.79551,14.01314,0.0,0.0,0.0025000000000000022,BTC,75958.25,0.0
2026-09-15T18:58:50.689055+00:00,BTC-25JUN27-110000-P,78949.6,BTC-25JUN27,put,110000.0,2027-06-25T08:00:00+00:00,0.7735591208122607,0.432,0.438,0.43520732,0.435,78949.6,BTC-25JUN27,0.41369999999999996,-0.76781,211.88557,5.3,0.0,0.006000000000000005,BTC,75955.61,0.0
2026-09-15T18:58:50.689055+00:00,BTC-2OCT26-79000-P,76211.36,BTC-2OCT26,put,79000.0,2026-10-02T08:00:00+00:00,0.04529081143512181,0.053,0.0555,0.05415597,0.05425,76211.36,BTC-2OCT26,0.3778,-0.66144,59.30538,22.9,3.6,0.0025000000000000022,BTC,75955.61,12618.31
2026-09-15T18:58:50.689055+00:00,BTC-25SEP26-150000-C,76133.99,BTC-25SEP26,call,150000.0,2026-09-25T08:00:00+00:00,0.0261258559251971,,0.0002,1e-08,,76133.99,BTC-25SEP26,0.8397,0.0,0.00026,780.5,0.0,,BTC,75955.61,0.0
2026-09-15T18:58:50.689055+00:00,BTC-25SEP26-165000-P,76137.47,BTC-25SEP26,put,165000.0,2026-09-25T08:00:00+00:00,0.0261258559251971,1.162,1.1725,1.16742818,1.16725,76137.47,BTC-25SEP26,0.8525,-1.0,1e-05,0.0,0.0,0.010500000000000176,BTC,75955.61,0.0
2026-09-15T18:58:50.689055+00:00,BTC-18SEP26-69000-P,76063.45,BTC-18SEP26,put,69000.0,2026-09-18T08:00:00+00:00,0.006960900415272391,0.0004,0.0007,0.00052335,0.00055,76063.45,BTC-18SEP26,0.6112,-0.02742,4.00532,77.5,32.8,0.0003,BTC,75955.61,1045.94
2026-09-15T18:58:50.689055+00:00,BTC-25SEP26-60000-C,76137.47,BTC-25SEP26,call,60000.0,2026-09-25T08:00:00+00:00,0.0261258559251971,0.2105,0.214,0.2123087,0.21225,76137.47,BTC-25SEP26,0.6683,0.98776,3.90894,832.8,1.6,0.003500000000000003,BTC,75955.61,26466.18
2026-09-15T18:58:50.689055+00:00,BTC-17SEP26-85000-C,76041.11,BTC-17SEP26,call,85000.0,2026-09-17T08:00:00+00:00,0.004223049628140289,0.0002,0.0004,0.00031773,0.0003,76041.11,BTC-17SEP26,0.8003,0.01639,2.01779,126.6,105.4,0.0002,BTC,75955.61,4941.21
2026-09-15T18:58:50.689055+00:00,BTC-25SEP26-110000-P,76137.47,BTC-25SEP26,put,110000.0,2026-09-25T08:00:00+00:00,0.0261258559251971,0.442,0.448,0.44507022,0.445,76137.47,BTC-25SEP26,0.8117,-0.99698,1.13099,215.8,0.0,0.006000000000000005,BTC,75939.68,0.0
2026-09-15T18:58:50.689055+00:00,BTC-27NOV26-110000-C,76769.19,BTC-27NOV26,call,110000.0,2026-11-27T08:00:00+00:00,0.19861045551451947,0.0027,0.0032,0.00304993,0.00295,76769.19,BTC-27NOV26,0.4396,0.04077,29.92741,70.4,0.0,0.0005,BTC,75939.68,0.0
2026-09-15T18:58:50.689055+00:00,BTC-25DEC26-130000-C,77073.43,BTC-25DEC26,call,130000.0,2026-12-25T08:00:00+00:00,0.27527027755421835,0.0018,0.0024,0.00219305,0.0021,77073.43,BTC-25DEC26,0.4781,0.02483,23.48472,1561.0,95.3,0.0005999999999999998,BTC,75939.68,18787.31
2026-09-15T18:58:50.689055+00:00,BTC-25SEP26-240000-C,76137.47,BTC-25SEP26,call,240000.0,2026-09-25T08:00:00+00:00,0.0261258559251971,,0.0001,0.0,,76137.47,BTC-25SEP26,1.156,0.0,0.0,211.9,0.0,,BTC,75939.68,0.0
2026-09-15T18:58:50.689055+00:00,BTC-26MAR27-92000-C,77979.96,BTC-26MAR27,call,92000.0,2027-03-26T08:00:00+00:00,0.5244146991832396,0.053,0.055,0.05433605,0.054,77979.96,BTC-26MAR27,0.3961,0.33124,204.6749,276.0,0.1,0.0020000000000000018,BTC,75937.02,531.41
2026-09-15T18:58:50.689055+00:00,BTC-2OCT26-65000-C,76211.36,BTC-2OCT26,call,65000.0,2026-10-02T08:00:00+00:00,0.04529081143512181,0.1475,0.152,0.14971659,0.14975,76211.36,BTC-2OCT26,0.4874,0.94235,18.71122,0.0,0.0,0.004500000000000004,BTC,75937.02,0.0
2026-09-15T18:58:50.689055+00:00,BTC-30OCT26-87000-C,76515.74,BTC-30OCT26,call,87000.0,2026-10-30T08:00:00+00:00,0.12195063347482064,0.0115,0.0125,0.01207607,0.012,76515.74,BTC-30OCT26,0.3754,0.1782,69.6166,296.9,12.6,0.0010000000000000009,BTC,75937.02,14383.81
2026-09-15T18:58:50.689055+00:00,BTC-25JUN27-58000-P,78954.22,BTC-25JUN27,put,58000.0,2027-06-25T08:00:00+00:00,0.7735591208122607,0.0395,0.0415,0.04026293,0.0405,78954.22,BTC-25JUN27,0.4426,-0.16254,170.5883,92.0,0.2,0.0020000000000000018,BTC,75938.42,592.63
2026-09-15T18:58:50.689055+00:00,BTC-27NOV26-71000-C,76772.82,BTC-27NOV26,call,71000.0,2026-11-27T08:00:00+00:00,0.19861045551451947,0.111,0.1135,0.11198262,0.11225,76772.82,BTC-27NOV26,0.39740000000000003,0.69978,118.91218,0.1,0.0,0.0025000000000000022,BTC,75937.02,0.0
2026-09-15T18:58:50.689055+00:00,BTC-17SEP26-78000-P,76045.73,BTC-17SEP26,put,78000.0,2026-09-17T08:00:00+00:00,0.004223049628140289,0.028,0.032,0.02997324,0.03,76045.73,BTC-17SEP26,0.5075999999999999,-0.78384,14.4734,94.2,50.0,0.004,BTC,75937.02,56051.27
2026-09-15T18:58:50.689055+00:00,BTC-26MAR27-96000-P,77979.96,BTC-26MAR27,put,96000.0,2027-03-26T08:00:00+00:00,0.5244146991832396,0.2725,0.278,0.27507359,0.27525,77979.96,BTC-26MAR27,0.3987,-0.71875,190.37489,1.6,0.0,0.005500000000000005,BTC,75938.42,0.0
2026-09-15T18:58:50.689055+00:00,BTC-18SEP26-84000-P,76063.45,BTC-18SEP26,put,84000.0,2026-09-18T08:00:00+00:00,0.006960900415272391,0.1025,0.1075,0.10502141,0.105,76063.45,BTC-18SEP26,0.6304,-0.97023,4.28773,0.1,0.0,0.0050000000000000044,BTC,75938.42,0.0
2026-09-15T18:58:50.689055+00:00,BTC-30OCT26-88000-C,76515.74,BTC-30OCT26,call,88000.0,2026-10-30T08:00:00+00:00,0.12195063347482064,0.01,0.0105,0.01043399,0.01025,76515.74,BTC-30OCT26,0.37729999999999997,0.15774,64.36215,570.8,77.1,0.0005000000000000004,BTC,75938.42,70265.66
2026-09-15T18:58:50.689055+00:00,BTC-18SEP26-75000-C,76058.83,BTC-18SEP26,call,75000.0,2026-09-18T08:00:00+00:00,0.006960900415272391,0.022,0.0235,0.02298352,0.02275,76058.83,BTC-18SEP26,0.4536,0.64145,23.69074,57.5,13.6,0.0015000000000000013,BTC,75938.42,33648.39
2026-09-15T18:58:50.689055+00:00,BTC-30OCT26-62000-C,76515.74,BTC-30OCT26,call,62000.0,2026-10-30T08:00:00+00:00,0.12195063347482064,0.194,0.1985,0.1963691,0.19625,76515.74,BTC-30OCT26,0.4658,0.91418,41.8494,13.5,0.0,0.004500000000000004,BTC,75940.04,0.0
2026-09-15T18:58:50.689055+00:00,BTC-25SEP26-115000-P,76137.47,BTC-25SEP26,put,115000.0,2026-09-25T08:00:00+00:00,0.0261258559251971,0.508,0.5145,0.51067455,0.51125,76137.47,BTC-25SEP26,0.8217,-0.99884,0.47495,93.2,0.0,0.00649999999999995,BTC,75940.04,0.0
2026-09-15T18:58:50.689055+00:00,BTC-25JUN27-74000-C,78949.98,BTC-25JUN27,call,74000.0,2027-06-25T08:00:00+00:00,0.7735591208122607,0.17,0.1735,0.17244046,0.17175,78949.98,BTC-25JUN27,0.4108,0.63969,259.73713,20.4,0.3,0.0034999999999999754,BTC,75948.54,4125.27
2026-09-15T18:58:50.689055+00:00,BTC-25JUN27-68000-C,78949.6,BTC-25JUN27,call,68000.0,2027-06-25T08:00:00+00:00,0.7735591208122607,0.214,0.2175,0.21628744,0.21575,78949.6,BTC-25JUN27,0.4191,0.72144,233.05049,10.8,0.0,0.003500000000000003,BTC,75948.54,0.0
2026-09-15T18:58:50.689055+00:00,BTC-25SEP26-75000-C,76137.47,BTC-25SEP26,call,75000.0,2026-09-25T08:00:00+00:00,0.0261258559251971,0.0325,0.034,0.03311394,0.03325,76137.47,BTC-25SEP26,0.3908,0.59982,47.51609,3258.2,104.6,0.0015000000000000013,BTC,75940.04,269264.69
2026-09-15T18:58:50.689055+00:00,BTC-26MAR27-65000-P,77979.96,BTC-26MAR27,put,65000.0,2027-03-26T08:00:00+00:00,0.5244146991832396,0.0455,0.047,0.04632384,0.04625,77979.96,BTC-26MAR27,0.41840000000000005,-0.2268,170.03745,885.7,106.1,0.0015000000000000013,BTC,75948.54,357492.87
2026-09-15T18:58:50.689055+00:00,BTC-30OCT26-57000-C,76515.74,BTC-30OCT26,call,57000.0,2026-10-30T08:00:00+00:00,0.12195063347482064,0.2565,0.261,0.25885243,0.25875,76515.74,BTC-30OCT26,0.5331,0.9524,26.47857,0.1,0.0,0.004500000000000004,BTC,75948.54,0.0
2026-09-15T18:58:50.689055+00:00,BTC-25DEC26-210000-C,77073.43,BTC-25DEC26,call,210000.0,2026-12-25T08:00:00+00:00,0.27527027755421835,0.0003,0.0005,0.0004066,0.0004,77073.43,BTC-25DEC26,0.6764,0.004,4.78437,162.3,0.0,0.00020000000000000004,BTC,75948.54,0.0
2026-09-15T18:58:50.689055+00:00,BTC-25DEC26-92000-C,77073.43,BTC-25DEC26,call,92000.0,2026-12-25T08:00:00+00:00,0.27527027755421835,0.023,0.0235,0.02325133,0.02325,77073.43,BTC-25DEC26,0.386,0.21861,119.23433,413.7,48.0,0.0005000000000000004,BTC,75948.54,94762.64
2026-09-15T18:58:50.689055+00:00,BTC-25SEP26-240000-P,76137.47,BTC-25SEP26,put,240000.0,2026-09-25T08:00:00+00:00,0.0261258559251971,2.144,2.1615,2.1526228,2.15275,76137.47,BTC-25SEP26,1.156,-1.0,0.0,0.0,0.0,0.01750000000000007,BTC,75948.54,0.0
2026-09-15T18:58:50.689055+00:00,BTC-16SEP26-74000-P,76025.65,BTC-16SEP26,put,74000.0,2026-09-16T08:00:00+00:00,0.001485198841008188,0.0006,0.0008,0.00062108,0.0007,76025.65,BTC-16SEP26,0.4867,-0.08028,4.36473,156.7,85.8,0.0002000000000000001,BTC,75952.63,5170.16
2026-09-15T18:58:50.689055+00:00,BTC-26MAR27-90000-C,77979.48,BTC-26MAR27,call,90000.0,2027-03-26T08:00:00+00:00,0.5244146991832396,0.059,0.061,0.06043898,0.06,77979.48,BTC-26MAR27,0.39520000000000005,0.35918,211.00008,484.8,70.0,0.0020000000000000018,BTC,75952.63,359637.0
2026-09-15T18:58:50.689055+00:00,BTC-16SEP26-85000-C,76025.65,BTC-16SEP26,call,85000.0,2026-09-16T08:00:00+00:00,0.001485198841008188,,0.0001,3.671e-05,,76025.65,BTC-16SEP26,1.0473000000000001,0.00286,0.25622,58.3,57.6,,BTC,75952.63,870.9
2026-09-15T18:58:50.689055+00:00,BTC-25SEP26-79000-P,76137.47,BTC-25SEP26,put,79000.0,2026-09-25T08:00:00+00:00,0.0261258559251971,0.0475,0.05,0.04890544,0.04875,76137.47,BTC-25SEP26,0.392,-0.71382,41.83943,716.8,7.7,0.0025000000000000022,BTC,75952.63,20808.47
2026-09-15T18:58:50.689055+00:00,BTC-16SEP26-68000-P,76025.65,BTC-16SEP26,put,68000.0,2026-09-16T08:00:00+00:00,0.001485198841008188,,0.0002,2.772e-05,,76025.65,BTC-16SEP26,1.0304,-0.0025,0.22692,43.9,12.2,,BTC,75951.43,92.69
2026-09-15T18:58:50.689055+00:00,BTC-19SEP26-78500-P,76074.89,BTC-19SEP26,put,78500.0,2026-09-19T08:00:00+00:00,0.009698751202404491,0.036,0.0405,0.03811645,0.03825,76074.89,BTC-19SEP26,0.44530000000000003,-0.76147,23.20059,0.0,0.0,0.004500000000000004,BTC,75951.43,0.0
2026-09-15T18:58:50.689055+00:00,BTC-25SEP26-95000-P,76137.47,BTC-25SEP26,put,95000.0,2026-09-25T08:00:00+00:00,0.0261258559251971,0.2455,0.251,0.24831555,0.24825,76137.47,BTC-25SEP26,0.5972999999999999,-0.98796,3.85346,147.5,0.7,0.005500000000000005,BTC,75951.43,12324.89
2026-09-15T18:58:50.689055+00:00,BTC-25DEC26-86000-C,77073.43,BTC-25DEC26,call,86000.0,2026-12-25T08:00:00+00:00,0.27527027755421835,0.0385,0.039,0.03881994,0.03875,77073.43,BTC-25DEC26,0.38189999999999996,0.32611,145.67224,318.1,41.3,0.0005000000000000004,BTC,75951.43,129839.35
2026-09-15T18:58:50.689055+00:00,BTC-27NOV26-84000-C,76772.82,BTC-27NOV26,call,84000.0,2026-11-27T08:00:00+00:00,0.19861045551451947,0.033,0.034,0.03353522,0.0335,76772.82,BTC-27NOV26,0.3814,0.32656,123.31372,59.7,30.7,0.0010000000000000009,BTC,75951.43,87408.46
2026-09-15T18:58:50.689055+00:00,BTC-25JUN27-90000-P,78949.98,BTC-25JUN27,put,90000.0,2027-06-25T08:00:00+00:00,0.7735591208122607,0.2285,0.233,0.23055086,0.23075,78949.98,BTC-25JUN27,0.40270000000000006,-0.5772,271.70209,50.5,0.0,0.004500000000000004,BTC,75952.06,0.0
2026-09-15T18:58:50.689055+00:00,BTC-30OCT26-68000-P,76515.74,BTC-30OCT26,put,68000.0,2026-10-30T08:00:00+00:00,0.12195063347482064,0.015,0.016,0.01534771,0.0155,76515.74,BTC-30OCT26,0.4077,-0.18587,71.49117,1527.1,17.1,0.0010000000000000009,BTC,75952.06,18833.33
2026-09-15T18:58:50.689055+00:00,BTC-26MAR27-160000-P,77984.58,BTC-26MAR27,put,160000.0,2027-03-26T08:00:00+00:00,0.5244146991832396,1.044,1.0685,1.05611122,1.05625,77984.58,BTC-26MAR27,0.4964,-0.96582,42.77602,0.1,0.0,0.024499999999999966,BTC,75952.06,0.0
2026-09-15T18:58:50.689055+00:00,BTC-25DEC26-74000-C,77078.05,BTC-25DEC26,call,74000.0,2026-12-25T08:00:00+00:00,0.27527027755421835,0.1005,0.102,0.10156553,0.10125,77078.05,BTC-25DEC26,0.3907,0.61677,154.2883,139.0,0.1,0.0014999999999999875,BTC,75951.43,829.96
2026-09-15T18:58:50.689055+00:00,BTC-25SEP26-58000-P,76137.47,BTC-25SEP26,put,58000.0,2026-09-25T08:00:00+00:00,0.0261258559251971,0.0003,0.0006,0.00038618,0.00045,76137.47,BTC-25SEP26,0.7334999999999999,-0.0095,3.13483,1344.2,40.0,0.0003,BTC,75952.06,1445.08
2026-09-15T18:58:50.689055+00:00,BTC-16SEP26-78000-C,76025.65,BTC-16SEP26,call,78000.0,2026-09-16T08:00:00+00:00,0.001485198841008188,0.0005,0.0007,0.00067026,0.0006,76025.65,BTC-16SEP26,0.4732,0.07432,4.11619,301.6,636.0,0.00019999999999999998,BTC,75949.67,148046.88
2026-09-15T18:58:50.689055+00:00,BTC-18SEP26-76000-P,76058.83,BTC-18SEP26,put,76000.0,2026-09-18T08:00:00+00:00,0.006960900415272391,0.014,0.015,0.0145202,0.0145,76058.83,BTC-18SEP26,0.4481,-0.49327,25.29907,417.9,129.0,0.0009999999999999992,BTC,75952.06,141430.88
2026-09-15T18:58:50.689055+00:00,BTC-25DEC26-54000-C,77078.05,BTC-25DEC26,call,54000.0,2026-12-25T08:00:00+00:00,0.27527027755421835,0.306,0.3095,0.30785215,0.30775,77078.05,BTC-25DEC26,0.49450000000000005,0.93285,52.55849,33.1,0.0,0.003500000000000003,BTC,75952.06,0.0
2026-09-15T18:58:50.689055+00:00,BTC-25DEC26-200000-C,77078.05,BTC-25DEC26,call,200000.0,2026-12-25T08:00:00+00:00,0.27527027755421835,0.0004,0.0005,0.00049083,0.00045,77078.05,BTC-25DEC26,0.66,0.00485,5.68615,968.8,0.6,9.999999999999999e-05,BTC,75952.06,22.49
2026-09-15T18:58:50.689055+00:00,BTC-17SEP26-75000-C,76045.73,BTC-17SEP26,call,75000.0,2026-09-17T08:00:00+00:00,0.004223049628140289,0.0195,0.0215,0.02049435,0.0205,76045.73,BTC-17SEP26,0.48369999999999996,0.66535,17.98548,52.3,52.3,0.0019999999999999983,BTC,75949.67,63548.56
2026-09-15T18:58:50.689055+00:00,BTC-27NOV26-71000-P,76772.82,BTC-27NOV26,put,71000.0,2026-11-27T08:00:00+00:00,0.19861045551451947,0.0365,0.0375,0.03686181,0.037,76772.82,BTC-27NOV26,0.39740000000000003,-0.29992,118.87666,38.0,22.6,0.0010000000000000009,BTC,75949.67,62115.72
2026-09-15T18:58:50.689055+00:00,BTC-25SEP26-320000-C,76137.47,BTC-25SEP26,call,320000.0,2026-09-25T08:00:00+00:00,0.0261258559251971,,0.0001,0.0,,76137.47,BTC-25SEP26,1.4015,0.0,0.0,304.6,0.0,,BTC,75949.67,0.0
2026-09-15T18:58:50.689055+00:00,BTC-25JUN27-72000-P,78949.98,BTC-25JUN27,put,72000.0,2027-06-25T08:00:00+00:00,0.7735591208122607,0.097,0.0995,0.09825504,0.09825,78949.98,BTC-25JUN27,0.4132,-0.33247,252.10714,48.1,0.1,0.0025000000000000022,BTC,75950.23,753.51
2026-09-15T18:58:50.689055+00:00,BTC-25DEC26-45000-C,77073.43,BTC-25DEC26,call,45000.0,2026-12-25T08:00:00+00:00,0.27527027755421835,0.418,0.4215,0.41998333,0.41975,77073.43,BTC-25DEC26,0.5871,0.97107,26.68654,54.3,0.0,0.003500000000000003,BTC,75949.67,0.0
2026-09-15T18:58:50.689055+00:00,BTC-16SEP26-71000-P,76025.65,BTC-16SEP26,put,71000.0,2026-09-16T08:00:00+00:00,0.001485198841008188,,0.0003,0.00015194,,76025.65,BTC-16SEP26,0.8104,-0.01472,1.09136,44.0,18.4,,BTC,75950.23,410.59
2026-09-15T18:58:50.689055+00:00,BTC-25JUN27-70000-C,78954.22,BTC-25JUN27,call,70000.0,2027-06-25T08:00:00+00:00,0.7735591208122607,0.199,0.202,0.20087923,0.2005,78954.22,BTC-25JUN27,0.41609999999999997,0.69483,243.17958,196.3,0.6,0.0030000000000000027,BTC,75948.4,9580.96
2026-09-15T18:58:50.689055+00:00,BTC-25DEC26-68000-P,77073.43,BTC-25DEC26,put,68000.0,2026-12-25T08:00:00+00:00,0.27527027755421835,0.034,0.035,0.0345056,0.0345,77073.43,BTC-25DEC26,0.4072,-0.24541,127.17137,558.8,8.8,0.0010000000000000009,BTC,75950.23,24125.48
2026-09-15T18:58:50.689055+00:00,BTC-26MAR27-98000-P,77979.96,BTC-26MAR27,put,98000.0,2027-03-26T08:00:00+00:00,0.5244146991832396,0.294,0.3005,0.2963712,0.29725,77979.96,BTC-26MAR27,0.4003,-0.74102,182.70508,0.2,0.0,0.006500000000000006,BTC,75948.4,0.0
2026-09-15T18:58:50.689055+00:00,BTC-25DEC26-115000-P,77073.43,BTC-25DEC26,put,115000.0,2026-12-25T08:00:00+00:00,0.27527027755421835,0.4935,0.5005,0.49649932,0.497,77073.43,BTC-25DEC26,0.4359,-0.94942,42.0721,5.0,0.0,0.006999999999999951,BTC,75950.23,0.0
2026-09-15T18:58:50.689055+00:00,BTC-16SEP26-75000-P,76025.65,BTC-16SEP26,put,75000.0,2026-09-16T08:00:00+00:00,0.001485198841008188,0.0019,0.0022,0.00192557,0.00205,76025.65,BTC-16SEP26,0.4315,-0.2203,8.67648,212.6,202.9,0.00030000000000000014,BTC,75948.4,51484.0
2026-09-15T18:58:50.689055+00:00,BTC-2OCT26-85000-C,76215.98,BTC-2OCT26,call,85000.0,2026-10-02T08:00:00+00:00,0.04529081143512181,0.0042,0.0046,0.00453666,0.0044,76215.98,BTC-2OCT26,0.40700000000000003,0.1099,30.46164,438.8,24.6,0.0004000000000000002,BTC,75948.4,9704.4
2026-09-15T18:58:50.689055+00:00,BTC-25JUN27-78000-P,78949.98,BTC-25JUN27,put,78000.0,2027-06-25T08:00:00+00:00,0.7735591208122607,0.134,0.137,0.13527593,0.1355,78949.98,BTC-25JUN27,0.4068,-0.41664,270.82304,104.7,0.0,0.0030000000000000027,BTC,75948.72,0.0
2026-09-15T18:58:50.689055+00:00,BTC-30OCT26-48000-P,76515.74,BTC-30OCT26,put,48000.0,2026-10-30T08:00:00+00:00,0.12195063347482064,0.0015,0.0019,0.00166734,0.0017,76515.74,BTC-30OCT26,0.6743000000000001,-0.01818,11.9209,195.5,0.3,0.00039999999999999996,BTC,75948.72,35.25
2026-09-15T18:58:50.689055+00:00,BTC-25SEP26-84000-C,76137.47,BTC-25SEP26,call,84000.0,2026-09-25T08:00:00+00:00,0.0261258559251971,0.0025,0.0029,0.0027864,0.0027,76137.47,BTC-25SEP26,0.4379,0.08578,19.27038,4312.1,340.9,0.00039999999999999975,BTC,75948.72,102727.38
2026-09-15T18:58:50.689055+00:00,BTC-25DEC26-102000-P,77073.43,BTC-25DEC26,put,102000.0,2026-12-25T08:00:00+00:00,0.27527027755421835,0.3305,0.3375,0.33379376,0.334,77073.43,BTC-25DEC26,0.4029,-0.88942,76.28218,7.8,0.0,0.007000000000000006,BTC,75948.72,0.0
2026-09-15T18:58:50.689055+00:00,BTC-25JUN27-120000-C,78954.22,BTC-25JUN27,call,120000.0,2027-06-25T08:00:00+00:00,0.7735591208122607,0.0285,0.03,0.02964381,0.02925,78954.22,BTC-25JUN27,0.4232,0.17332,177.81753,351.2,3.0,0.0014999999999999979,BTC,75955.09,6798.76
2026-09-15T18:58:50.689055+00:00,BTC-25SEP26-165000-C,76137.47,BTC-25SEP26,call,165000.0,2026-09-25T08:00:00+00:00,0.0261258559251971,,0.0001,0.0,,76137.47,BTC-25SEP26,0.8525,0.0,1e-05,266.6,0.0,,BTC,75948.72,0.0
2026-09-15T18:58:50.689055+00:00,BTC-25SEP26-65000-P,76137.47,BTC-25SEP26,put,65000.0,2026-09-25T08:00:00+00:00,0.0261258559251971,0.0011,0.0014,0.00119847,0.00125,76137.47,BTC-25SEP26,0.5464,-0.03414,9.31096,1018.5,4.9,0.0002999999999999999,BTC,75948.72,419.03
2026-09-15T18:58:50.689055+00:00,BTC-17SEP26-79500-C,76045.73,BTC-17SEP26,call,79500.0,2026-09-17T08:00:00+00:00,0.004223049628140289,0.0017,0.002,0.00191632,0.00185,76045.73,BTC-17SEP26,0.5535,0.10686,9.09506,103.1,110.3,0.00030000000000000014,BTC,75948.72,51876.43
2026-09-15T18:58:50.689055+00:00,BTC-19SEP26-83000-C,76070.23,BTC-19SEP26,call,83000.0,2026-09-19T08:00:00+00:00,0.009698751202404491,0.0011,0.0013,0.00119237,0.0012,76070.23,BTC-19SEP26,0.5413,0.05216,7.98711,4.5,5.5,0.00019999999999999987,BTC,75955.09,731.25
2026-09-15T18:58:50.689055+00:00,BTC-25JUN27-106000-P,78954.22,BTC-25JUN27,put,106000.0,2027-06-25T08:00:00+00:00,0.7735591208122607,0.3875,0.401,0.39093355,0.39425,78954.22,BTC-25JUN27,0.4097,-0.73869,225.72967,0.0,0.0,0.013500000000000012,BTC,75952.6,0.0
2026-09-15T18:58:50.689055+00:00,BTC-26MAR27-170000-P,77979.96,BTC-26MAR27,put,170000.0,2027-03-26T08:00:00+00:00,0.5244146991832396,1.171,1.197,1.18354092,1.184,77979.96,BTC-26MAR27,0.5129,-0.97225,35.99263,0.2,0.0,0.026000000000000023,BTC,75955.09,0.0
2026-09-15T18:58:50.689055+00:00,BTC-17SEP26-77000-P,76045.73,BTC-17SEP26,put,77000.0,2026-09-17T08:00:00+00:00,0.004223049628140289,0.019,0.021,0.02001958,0.02,76045.73,BTC-17SEP26,0.4885,-0.65705,18.15667,82.1,64.3,0.0020000000000000018,BTC,75955.09,60884.52
2026-09-15T18:58:50.689055+00:00,BTC-17SEP26-83000-P,76045.73,BTC-17SEP26,put,83000.0,2026-09-17T08:00:00+00:00,0.004223049628140289,0.0895,0.095,0.09204219,0.09225,76045.73,BTC-17SEP26,0.7121999999999999,-0.97043,3.32077,0.0,0.0,0.005500000000000005,BTC,75955.09,0.0
2026-09-15T18:58:50.689055+00:00,BTC-25SEP26-160000-P,76137.47,BTC-25SEP26,put,160000.0,2026-09-25T08:00:00+00:00,0.0261258559251971,1.098,1.107,1.10174854,1.1025,76137.47,BTC-25SEP26,0.8423,-1.0,2e-05,0.6,0.0,0.008999999999999897,BTC,75952.6,0.0
2026-09-15T18:58:50.689055+00:00,BTC-25SEP26-80000-P,76137.47,BTC-25SEP26,put,80000.0,2026-09-25T08:00:00+00:00,0.0261258559251971,0.057,0.0615,0.05921648,0.05925,76137.47,BTC-25SEP26,0.3981,-0.77359,37.01723,1570.5,0.5,0.004499999999999997,BTC,75952.6,1845.48
2026-09-15T18:58:50.689055+00:00,BTC-30OCT26-104000-P,76515.74,BTC-30OCT26,put,104000.0,2026-10-30T08:00:00+00:00,0.12195063347482064,0.3575,0.3645,0.360973,0.361,76515.74,BTC-30OCT26,0.4428,-0.97209,17.11169,0.0,0.0,0.007000000000000006,BTC,75952.6,0.0
2026-09-15T18:58:50.689055+00:00,BTC-30OCT26-91000-P,76515.74,BTC-30OCT26,put,91000.0,2026-10-30T08:00:00+00:00,0.12195063347482064,0.1935,0.199,0.19626115,0.19625,76515.74,BTC-30OCT26,0.3849,-0.8905,50.05171,0.2,0.0,0.005500000000000005,BTC,75955.88,0.0
2026-09-15T18:58:50.689055+00:00,BTC-17SEP26-78500-C,76045.73,BTC-17SEP26,call,78500.0,2026-09-17T08:00:00+00:00,0.004223049628140289,0.003,0.0033,0.00320167,0.00315,76045.73,BTC-17SEP26,0.5202,0.17128,12.55522,70.7,62.7,0.0002999999999999999,BTC,75952.6,35686.62
2026-09-15T18:58:50.689055+00:00,BTC-16SEP26-77000-C,76025.65,BTC-16SEP26,call,77000.0,2026-09-16T08:00:00+00:00,0.001485198841008188,0.002,0.0022,0.00206631,0.0021,76025.65,BTC-16SEP26,0.4251,0.20689,8.36005,390.0,490.4,0.0002000000000000001,BTC,75955.88,284990.34
2026-09-15T18:58:50.689055+00:00,BTC-18SEP26-80500-C,76058.83,BTC-18SEP26,call,80500.0,2026-09-18T08:00:00+00:00,0.006960900415272391,0.0016,0.002,0.0018704,0.0018,76058.83,BTC-18SEP26,0.5109,0.09176,10.44766,70.9,185.9,0.00039999999999999996,BTC,75955.88,41287.04
2026-09-15T18:58:50.689055+00:00,BTC-25SEP26-180000-C,76137.47,BTC-25SEP26,call,180000.0,2026-09-25T08:00:00+00:00,0.0261258559251971,,0.0001,0.0,,76137.47,BTC-25SEP26,0.9181999999999999,0.0,0.0,792.3,0.0,,BTC,75955.88,0.0
2026-09-15T18:58:50.689055+00:00,BTC-26MAR27-90000-P,77979.48,BTC-26MAR27,put,90000.0,2027-03-26T08:00:00+00:00,0.5244146991832396,0.213,0.2175,0.21456641,0.21525,77979.48,BTC-26MAR27,0.39520000000000005,-0.64077,211.01846,25.0,1.0,0.004500000000000004,BTC,75958.36,15891.54
2026-09-15T18:58:50.689055+00:00,BTC-18SEP26-74500-P,76063.45,BTC-18SEP26,put,74500.0,2026-09-18T08:00:00+00:00,0.006960900415272391,0.0065,0.0075,0.00692124,0.007,76063.45,BTC-18SEP26,0.45520000000000005,-0.29334,21.82491,0.0,0.0,0.001,BTC,75955.88,0.0
2026-09-15T18:58:50.689055+00:00,BTC-18SEP26-68000-C,76063.45,BTC-18SEP26,call,68000.0,2026-09-18T08:00:00+00:00,0.006960900415272391,0.104,0.1085,0.10633837,0.10625,76063.45,BTC-18SEP26,0.6507999999999999,0.98094,2.94706,4.1,0.0,0.004500000000000004,BTC,75958.36,0.0
2026-09-15T18:58:50.689055+00:00,BTC-19SEP26-75500-C,76070.23,BTC-19SEP26,call,75500.0,2026-09-19T08:00:00+00:00,0.009698751202404491,0.0205,0.0215,0.02087701,0.021,76070.23,BTC-19SEP26,0.4305,0.57218,29.38246,19.4,19.4,0.0009999999999999974,BTC,75958.36,25053.62
2026-09-15T18:58:50.689055+00:00,BTC-30OCT26-80000-P,76515.74,BTC-30OCT26,put,80000.0,2026-10-30T08:00:00+00:00,0.12195063347482064,0.077,0.0795,0.07852679,0.07825,76515.74,BTC-30OCT26,0.369,-0.61315,102.22968,963.4,7.7,0.0025000000000000022,BTC,75958.36,46877.0
2026-09-15T18:58:50.689055+00:00,BTC-26MAR27-54000-P,77979.96,BTC-26MAR27,put,54000.0,2027-03-26T08:00:00+00:00,0.5244146991832396,0.0185,0.02,0.01903587,0.01925,77979.96,BTC-26MAR27,0.4622,-0.10332,101.46134,91.9,0.0,0.0015000000000000013,BTC,75964.63,0.0
2026-09-15T18:58:50.689055+00:00,BTC-16SEP26-75500-C,76025.65,BTC-16SEP26,call,75500.0,2026-09-16T08:00:00+00:00,0.001485198841008188,0.0095,0.011,0.01044481,0.01025,76025.65,BTC-16SEP26,0.4171,0.65476,10.78625,61.2,77.4,0.0014999999999999996,BTC,75964.63,60523.94
2026-09-15T18:58:50.689055+00:00,BTC-27NOV26-93000-C,76769.19,BTC-27NOV26,call,93000.0,2026-11-27T08:00:00+00:00,0.19861045551451947,0.0125,0.0135,0.01319001,0.013,76769.19,BTC-27NOV26,0.3917,0.1549,81.45276,41.0,0.3,0.0009999999999999992,BTC,75958.36,383.21
2026-09-15T18:58:50.689055+00:00,BTC-19SEP26-77000-P,76070.23,BTC-19SEP26,put,77000.0,2026-09-19T08:00:00+00:00,0.009698751202404491,0.023,0.025,0.02388276,0.024,76070.23,BTC-19SEP26,0.4322,-0.61018,28.72629,7.5,7.5,0.0020000000000000018,BTC,75964.63,12021.24
2026-09-15T18:58:50.689055+00:00,BTC-18SEP26-82000-C,76058.83,BTC-18SEP26,call,82000.0,2026-09-18T08:00:00+00:00,0.006960900415272391,0.0009,0.0012,0.00114403,0.00105,76058.83,BTC-18SEP26,0.5642,0.05587,7.1437,1728.1,104.9,0.0002999999999999999,BTC,75964.63,14953.37
2026-09-15T18:58:50.689055+00:00,BTC-26MAR27-60000-P,77979.96,BTC-26MAR27,put,60000.0,2027-03-26T08:00:00+00:00,0.5244146991832396,0.0305,0.032,0.03112113,0.03125,77979.96,BTC-26MAR27,0.4347,-0.16169,138.29221,814.3,0.0,0.0015000000000000013,BTC,75960.03,0.0
2026-09-15T18:58:50.689055+00:00,BTC-17SEP26-74500-P,76041.11,BTC-17SEP26,put,74500.0,2026-09-17T08:00:00+00:00,0.004223049628140289,0.005,0.0055,0.00500735,0.00525,76041.11,BTC-17SEP26,0.4926,-0.263,16.11385,92.4,93.1,0.0004999999999999996,BTC,75964.63,22290.57
2026-09-15T18:58:50.689055+00:00,BTC-25DEC26-65000-C,77073.43,BTC-25DEC26,call,65000.0,2026-12-25T08:00:00+00:00,0.27527027755421835,0.18,0.1835,0.18201131,0.18175,77073.43,BTC-25DEC26,0.4193,0.81089,109.37948,920.1,0.0,0.003500000000000003,BTC,75964.63,0.0
2026-09-15T18:58:50.689055+00:00,BTC-30OCT26-110000-P,76515.74,BTC-30OCT26,put,110000.0,2026-10-30T08:00:00+00:00,0.12195063347482064,0.435,0.442,0.43866425,0.4385,76515.74,BTC-30OCT26,0.4648,-0.98454,10.38237,0.0,0.0,0.007000000000000006,BTC,75960.03,0.0
2026-09-15T18:58:50.689055+00:00,BTC-25DEC26-190000-C,77073.43,BTC-25DEC26,call,190000.0,2026-12-25T08:00:00+00:00,0.27527027755421835,0.0004,0.0006,0.00058528,0.0005,77073.43,BTC-25DEC26,0.6408,0.00585,6.71905,1026.9,2.1,0.00019999999999999993,BTC,75960.03,80.6
2026-09-15T18:58:50.689055+00:00,BTC-25SEP26-105000-P,76137.47,BTC-25SEP26,put,105000.0,2026-09-25T08:00:00+00:00,0.0261258559251971,0.3765,0.3825,0.37946664,0.3795,76137.47,BTC-25SEP26,0.7576,-0.99492,1.8027,105.1,0.0,0.006000000000000005,BTC,75960.03,0.0
2026-09-15T18:58:50.689055+00:00,BTC-19SEP26-79000-C,76070.23,BTC-19SEP26,call,79000.0,2026-09-19T08:00:00+00:00,0.009698751202404491,0.0046,0.0055,0.00502169,0.00505,76070.23,BTC-19SEP26,0.4526,0.20108,21.03213,91.3,104.5,0.0008999999999999998,BTC,75962.23,54831.89
2026-09-15T18:58:50.689055+00:00,BTC-16SEP26-79000-C,76025.65,BTC-16SEP26,call,79000.0,2026-09-16T08:00:00+00:00,0.001485198841008188,0.0001,0.0003,0.00026805,0.0002,76025.65,BTC-16SEP26,0.5387,0.02995,1.98857,225.9,187.3,0.00019999999999999998,BTC,75962.23,30478.61
2026-09-15T18:58:50.689055+00:00,BTC-25DEC26-230000-P,77073.43,BTC-25DEC26,put,230000.0,2026-12-25T08:00:00+00:00,0.27527027755421835,1.9755,1.9985,1.98425959,1.987,77073.43,BTC-25DEC26,0.7038,-0.99731,3.35201,0.0,0.0,0.02299999999999991,BTC,75960.03,0.0
2026-09-15T18:58:50.689055+00:00,BTC-25SEP26-72000-C,76137.47,BTC-25SEP26,call,72000.0,2026-09-25T08:00:00+00:00,0.0261258559251971,0.06,0.063,0.06158266,0.0615,76137.47,BTC-25SEP26,0.41369999999999996,0.80441,33.97687,3307.3,51.0,0.0030000000000000027,BTC,75962.23,221063.0
2026-09-15T18:58:50.689055+00:00,BTC-25SEP26-130000-P,76137.47,BTC-25SEP26,put,130000.0,2026-09-25T08:00:00+00:00,0.0261258559251971,0.704,0.7115,0.7076718,0.70775,76137.47,BTC-25SEP26,0.8226,-0.99996,0.01918,21.4,0.0,0.007500000000000062,BTC,75962.23,0.0
2026-09-15T18:58:50.689055+00:00,BTC-25SEP26-70000-P,76137.47,BTC-25SEP26,put,70000.0,2026-09-25T08:00:00+00:00,0.0261258559251971,0.0039,0.0043,0.00401226,0.0041,76137.47,BTC-25SEP26,0.4407,-0.11432,23.77496,9339.9,340.0,0.0004000000000000002,BTC,75962.23,110166.04
2026-09-15T18:58:50.689055+00:00,BTC-26MAR27-150000-C,77979.96,BTC-26MAR27,call,150000.0,2027-03-26T08:00:00+00:00,0.5244146991832396,0.0048,0.006,0.00557864,0.0054,77979.96,BTC-26MAR27,0.4807,0.04388,52.43695,1909.3,2.0,0.0012000000000000005,BTC,75964.94,828.96
2026-09-15T18:58:50.689055+00:00,BTC-25DEC26-45000-P,77073.43,BTC-25DEC26,put,45000.0,2026-12-25T08:00:00+00:00,0.27527027755421835,0.0037,0.0041,0.00380607,0.0039,77073.43,BTC-25DEC26,0.5871,-0.02892,26.67885,2846.4,18.7,0.0004000000000000002,BTC,75962.23,5557.59
2026-09-15T18:58:50.689055+00:00,BTC-30OCT26-67000-P,76515.74,BTC-30OCT26,put,67000.0,2026-10-30T08:00:00+00:00,0.12195063347482064,0.013,0.0135,0.01323461,0.01325,76515.74,BTC-30OCT26,0.4152,-0.16288,65.74616,618.4,236.1,0.0005000000000000004,BTC,75964.94,210434.09
2026-09-15T18:58:50.689055+00:00,BTC-2OCT26-72000-P,76211.36,BTC-2OCT26,put,72000.0,2026-10-02T08:00:00+00:00,0.04529081143512181,0.0115,0.0125,0.01199772,0.012,76211.36,BTC-2OCT26,0.39270000000000005,-0.23769,50.13722,112.5,62.8,0.0010000000000000009,BTC,75964.94,64645.5
2026-09-15T18:58:50.689055+00:00,BTC-25JUN27-125000-C,78954.22,BTC-25JUN27,call,125000.0,2027-06-25T08:00:00+00:00,0.7735591208122607,0.024,0.0255,0.02504972,0.02475,78954.22,BTC-25JUN27,0.42729999999999996,0.15,161.85901,116.8,1.2,0.0014999999999999979,BTC,75965.82,2404.26
2026-09-15T18:58:50.689055+00:00,BTC-17SEP26-80500-C,76045.73,BTC-17SEP26,call,80500.0,2026-09-17T08:00:00+00:00,0.004223049628140289,0.001,0.0013,0.00121999,0.00115,76045.73,BTC-17SEP26,0.5927,0.06966,6.60619,80.3,80.6,0.0002999999999999999,BTC,75964.94,16971.22
2026-09-15T18:58:50.689055+00:00,BTC-25JUN27-60000-C,78954.22,BTC-25JUN27,call,60000.0,2027-06-25T08:00:00+00:00,0.7735591208122607,0.284,0.288,0.28615426,0.286,78954.22,BTC-25JUN27,0.4365,0.81728,183.87494,969.9,0.0,0.0040000000000000036,BTC,75965.82,0.0
2026-09-15T18:58:50.689055+00:00,BTC-16SEP26-73000-P,76025.65,BTC-16SEP26,put,73000.0,2026-09-16T08:00:00+00:00,0.001485198841008188,0.0002,0.0005,0.00029537,0.00035,76025.65,BTC-16SEP26,0.5785,-0.03566,2.29659,80.5,103.9,0.00030000000000000003,BTC,75965.82,4247.61
2026-09-15T18:58:50.689055+00:00,BTC-27NOV26-79000-P,76772.82,BTC-27NOV26,put,79000.0,2026-11-27T08:00:00+00:00,0.19861045551451947,0.0835,0.085,0.08441549,0.08425,76772.82,BTC-27NOV26,0.3824,-0.5345,135.9366,150.5,18.0,0.0015000000000000013,BTC,75965.82,101383.23
2026-09-15T18:58:50.689055+00:00,BTC-30OCT26-59000-C,76515.74,BTC-30OCT26,call,59000.0,2026-10-30T08:00:00+00:00,0.12195063347482064,0.2315,0.2355,0.23377631,0.2335,76515.74,BTC-30OCT26,0.5085999999999999,0.93909,32.19303,1.0,0.0,0.003999999999999976,BTC,75965.82,0.0
2026-09-15T18:58:50.689055+00:00,BTC-25JUN27-115000-C,78949.98,BTC-25JUN27,call,115000.0,2027-06-25T08:00:00+00:00,0.7735591208122607,0.0335,0.0355,0.03502846,0.0345,78949.98,BTC-25JUN27,0.4181,0.20021,194.47527,59.9,12.3,0.001999999999999995,BTC,75964.34,34971.4
2026-09-15T18:58:50.689055+00:00,BTC-25SEP26-220000-C,76133.99,BTC-25SEP26,call,220000.0,2026-09-25T08:00:00+00:00,0.0261258559251971,,0.0001,0.0,,76133.99,BTC-25SEP26,1.0735999999999999,0.0,0.0,241.9,0.0,,BTC,75964.34,0.0
2026-09-15T18:58:50.689055+00:00,BTC-26MAR27-106000-C,77979.96,BTC-26MAR27,call,106000.0,2027-03-26T08:00:00+00:00,0.5244146991832396,0.0255,0.027,0.02657991,0.02625,77979.96,BTC-26MAR27,0.40850000000000003,0.18625,151.31831,79.2,0.0,0.0015000000000000013,BTC,75964.34,0.0
2026-09-15T18:58:50.689055+00:00,BTC-30OCT26-48000-C,76515.74,BTC-30OCT26,call,48000.0,2026-10-30T08:00:00+00:00,0.12195063347482064,0.3725,0.376,0.37425974,0.37425,76515.74,BTC-30OCT26,0.6743000000000001,0.98186,11.90132,0.1,0.0,0.003500000000000003,BTC,75964.34,0.0
2026-09-15T18:58:50.689055+00:00,BTC-25SEP26-100000-C,76137.47,BTC-25SEP26,call,100000.0,2026-09-25T08:00:00+00:00,0.0261258559251971,0.0001,0.0004,0.00029533,0.00025,76137.47,BTC-25SEP26,0.6879000000000001,0.00796,2.68319,7163.0,70.2,0.00030000000000000003,BTC,75964.34,1652.74
2026-09-15T18:58:50.689055+00:00,BTC-26MAR27-98000-C,77979.48,BTC-26MAR27,call,98000.0,2027-03-26T08:00:00+00:00,0.5244146991832396,0.038,0.04,0.0396552,0.039,77979.48,BTC-26MAR27,0.4003,0.25918,182.81064,133.3,15.0,0.0020000000000000018,BTC,75962.91,50246.0
2026-09-15T18:58:50.689055+00:00,BTC-16SEP26-79500-C,76030.27,BTC-16SEP26,call,79500.0,2026-09-16T08:00:00+00:00,0.001485198841008188,0.0001,0.0002,0.00020367,0.00015,76030.27,BTC-16SEP26,0.584,0.02202,1.5374,94.8,94.7,0.0001,BTC,75964.34,12950.72
2026-09-15T18:58:50.689055+00:00,BTC-30OCT26-88000-P,76515.74,BTC-30OCT26,put,88000.0,2026-10-30T08:00:00+00:00,0.12195063347482064,0.158,0.1635,0.16068125,0.16075,76515.74,BTC-30OCT26,0.37729999999999997,-0.84168,64.53748,8.1,0.0,0.005500000000000005,BTC,75962.91,0.0
2026-09-15T18:58:50.689055+00:00,BTC-30OCT26-102000-P,76512.26,BTC-30OCT26,put,102000.0,2026-10-30T08:00:00+00:00,0.12195063347482064,0.332,0.3385,0.33515211,0.33525,76512.26,BTC-30OCT26,0.43270000000000003,-0.96647,19.92242,0.0,0.0,0.006500000000000006,BTC,75962.91,0.0
2026-09-15T18:58:50.689055+00:00,BTC-2OCT26-85000-P,76215.98,BTC-2OCT26,put,85000.0,2026-10-02T08:00:00+00:00,0.04529081143512181,0.117,0.1225,0.11984234,0.11975,76215.98,BTC-2OCT26,0.40700000000000003,-0.88967,30.55177,0.0,0.0,0.005499999999999991,BTC,75962.91,0.0
2026-09-15T18:58:50.689055+00:00,BTC-25SEP26-60000-P,76133.99,BTC-25SEP26,put,60000.0,2026-09-25T08:00:00+00:00,0.0261258559251971,0.0004,0.0006,0.0004644,0.0005,76133.99,BTC-25SEP26,0.6683,-0.01222,3.90344,5446.4,114.7,0.00019999999999999993,BTC,75962.91,4609.09
2026-09-15T18:58:50.689055+00:00,BTC-27NOV26-88000-P,76772.82,BTC-27NOV26,put,88000.0,2026-11-27T08:00:00+00:00,0.19861045551451947,0.1655,0.1705,0.16847637,0.168,76772.82,BTC-27NOV26,0.38420000000000004,-0.76289,105.61786,0.0,0.0,0.0050000000000000044,BTC,75962.91,0.0
2026-09-15T18:58:50.689055+00:00,BTC-25DEC26-72000-P,77078.05,BTC-25DEC26,put,72000.0,2026-12-25T08:00:00+00:00,0.27527027755421835,0.0505,0.0515,0.0511085,0.051,77078.05,BTC-25DEC26,0.3948,-0.33397,147.09006,808.3,43.3,0.000999999999999994,BTC,75962.91,164025.5
2026-09-15T18:58:50.689055+00:00,BTC-26MAR27-56000-C,77979.96,BTC-26MAR27,call,56000.0,2027-03-26T08:00:00+00:00,0.5244146991832396,0.3025,0.306,0.30431965,0.30425,77979.96,BTC-26MAR27,0.452,0.87953,113.24262,16.9,0.0,0.003500000000000003,BTC,75965.17,0.0
2026-09-15T18:58:50.689055+00:00,BTC-27NOV26-105000-P,76769.19,BTC-27NOV26,put,105000.0,2026-11-27T08:00:00+00:00,0.19861045551451947,0.3685,0.3755,0.37226365,0.372,76769.19,BTC-27NOV26,0.4228,-0.942,39.67213,0.0,0.0,0.007000000000000006,BTC,75965.17,0.0
2026-09-15T18:58:50.689055+00:00,BTC-16SEP26-84000-P,76025.65,BTC-16SEP26,put,84000.0,2026-09-16T08:00:00+00:00,0.001485198841008188,0.1025,0.108,0.1049166,0.10525,76025.65,BTC-16SEP26,0.9590000000000001,-0.99653,0.30543,0.0,0.0,0.005500000000000005,BTC,75965.17,0.0
2026-09-15T18:58:50.689055+00:00,BTC-25JUN27-55000-C,78954.22,BTC-25JUN27,call,55000.0,2027-06-25T08:00:00+00:00,0.7735591208122607,0.334,0.3375,0.33598332,0.33575,78954.22,BTC-25JUN27,0.4534,0.86523,150.55094,2.9,0.0,0.003500000000000003,BTC,75965.17,0.0
2026-09-15T18:58:50.689055+00:00,BTC-27NOV26-93000-P,76772.82,BTC-27NOV26,put,93000.0,2026-11-27T08:00:00+00:00,0.19861045551451947,0.2215,0.227,0.22471955,0.22425,76772.82,BTC-27NOV26,0.3917,-0.84512,81.44656,2.0,0.0,0.005500000000000005,BTC,75955.04,0.0
2026-09-15T18:58:50.689055+00:00,BTC-27NOV26-108000-P,76772.82,BTC-27NOV26,put,108000.0,2026-11-27T08:00:00+00:00,0.19861045551451947,0.407,0.414,0.41047751,0.4105,76772.82,BTC-27NOV26,0.4334,-0.9531,33.51104,0.0,0.0,0.007000000000000006,BTC,75955.04,0.0
2026-09-15T18:58:50.689055+00:00,BTC-2OCT26-80000-P,76215.98,BTC-2OCT26,put,80000.0,2026-10-02T08:00:00+00:00,0.04529081143512181,0.0625,0.065,0.06368647,0.06375,76215.98,BTC-2OCT26,0.38,-0.71538,55.00142,5.1,0.0,0.0025000000000000022,BTC,75955.04,0.0
2026-09-15T18:58:50.689055+00:00,BTC-25DEC26-56000-C,77073.43,BTC-25DEC26,call,56000.0,2026-12-25T08:00:00+00:00,0.27527027755421835,0.2815,0.2855,0.28367788,0.2835,77073.43,BTC-25DEC26,0.47759999999999997,0.91861,60.87408,41.5,0.0,0.0040000000000000036,BTC,75955.04,0.0
2026-09-15T18:58:50.689055+00:00,BTC-25SEP26-52000-P,76133.99,BTC-25SEP26,put,52000.0,2026-09-25T08:00:00+00:00,0.0261258559251971,0.0001,0.0003,0.00016431,0.0002,76133.99,BTC-25SEP26,0.8995000000000001,-0.00361,1.32874,1209.3,4.6,0.00019999999999999998,BTC,75955.04,42.47
2026-09-15T18:58:50.689055+00:00,BTC-26MAR27-86000-P,77979.96,BTC-26MAR27,put,86000.0,2027-03-26T08:00:00+00:00,0.5244146991832396,0.1765,0.179,0.17766758,0.17775,77979.96,BTC-26MAR27,0.3942,-0.58064,220.53501,3.1,0.0,0.0025000000000000022,BTC,75942.69,0.0
2026-09-15T18:58:50.689055+00:00,BTC-18SEP26-80000-C,76063.45,BTC-18SEP26,call,80000.0,2026-09-18T08:00:00+00:00,0.006960900415272391,0.002,0.0024,0.00229739,0.0022,76063.45,BTC-18SEP26,0.49670000000000003,0.11075,11.98103,899.4,245.8,0.00039999999999999975,BTC,75942.69,104754.95
2026-09-15T18:58:50.689055+00:00,BTC-26MAR27-40000-P,77979.96,BTC-26MAR27,put,40000.0,2027-03-26T08:00:00+00:00,0.5244146991832396,0.0055,0.0065,0.00614173,0.006,77979.96,BTC-26MAR27,0.5633,-0.03298,41.53351,1901.9,14.9,0.001,BTC,75942.69,6242.13
2026-09-15T18:58:50.689055+00:00,BTC-26MAR27-120000-C,77979.96,BTC-26MAR27,call,120000.0,2027-03-26T08:00:00+00:00,0.5244146991832396,0.0135,0.0145,0.01433161,0.014,77979.96,BTC-26MAR27,0.42829999999999996,0.10787,104.63879,778.7,0.2,0.0010000000000000009,BTC,75942.65,286.32
2026-09-15T18:58:50.689055+00:00,BTC-30OCT26-80000-C,76515.74,BTC-30OCT26,call,80000.0,2026-10-30T08:00:00+00:00,0.12195063347482064,0.0325,0.0335,0.03284747,0.033,76515.74,BTC-30OCT26,0.369,0.38624,102.16256,1452.0,337.7,0.0010000000000000009,BTC,75942.65,1031271.44
2026-09-15T18:58:50.689055+00:00,BTC-25JUN27-140000-C,78949.6,BTC-25JUN27,call,140000.0,2027-06-25T08:00:00+00:00,0.7735591208122607,0.0155,0.017,0.0163238,0.01625,78949.6,BTC-25JUN27,0.4446,0.10186,123.44535,387.9,0.0,0.0015000000000000013,BTC,75942.69,0.0
2026-09-15T18:58:50.689055+00:00,BTC-27NOV26-67000-C,76772.82,BTC-27NOV26,call,67000.0,2026-11-27T08:00:00+00:00,0.19861045551451947,0.149,0.152,0.150273,0.1505,76772.82,BTC-27NOV26,0.41369999999999996,0.79537,97.04342,0.0,0.0,0.0030000000000000027,BTC,75942.65,0.0
2026-09-15T18:58:50.689055+00:00,BTC-30OCT26-96000-P,76515.74,BTC-30OCT26,put,96000.0,2026-10-30T08:00:00+00:00,0.12195063347482064,0.2555,0.2615,0.25828668,0.2585,76515.74,BTC-30OCT26,0.4036,-0.939,32.22324,0.1,0.0,0.006000000000000005,BTC,75942.65,0.0
2026-09-15T18:58:50.689055+00:00,BTC-25SEP26-190000-C,76133.99,BTC-25SEP26,call,190000.0,2026-09-25T08:00:00+00:00,0.0261258559251971,,0.0001,0.0,,76133.99,BTC-25SEP26,0.9384999999999999,0.0,0.0,762.1,0.0,,BTC,75942.65,0.0
2026-09-15T18:58:50.689055+00:00,BTC-26MAR27-56000-P,77979.96,BTC-26MAR27,put,56000.0,2027-03-26T08:00:00+00:00,0.5244146991832396,0.022,0.0235,0.0224421,0.02275,77979.96,BTC-26MAR27,0.452,-0.12059,113.29806,123.0,0.0,0.0015000000000000013,BTC,75951.54,0.0
2026-09-15T18:58:50.689055+00:00,BTC-25JUN27-56000-C,78954.22,BTC-25JUN27,call,56000.0,2027-06-25T08:00:00+00:00,0.7735591208122607,0.3235,0.3275,0.32556603,0.3255,78954.22,BTC-25JUN27,0.449,0.8565,157.07457,3.0,0.0,0.0040000000000000036,BTC,75942.65,0.0
2026-09-15T18:58:50.689055+00:00,BTC-25SEP26-64000-C,76137.47,BTC-25SEP26,call,64000.0,2026-09-25T08:00:00+00:00,0.0261258559251971,0.1585,0.1625,0.16029678,0.1605,76137.47,BTC-25SEP26,0.5720000000000001,0.97214,7.86989,642.9,0.0,0.0040000000000000036,BTC,75951.54,0.0
2026-09-15T18:58:50.689055+00:00,BTC-19SEP26-70000-P,76070.23,BTC-19SEP26,put,70000.0,2026-09-19T08:00:00+00:00,0.009698751202404491,0.0011,0.0014,0.00124577,0.00125,76070.23,BTC-19SEP26,0.5357999999999999,-0.05591,8.43837,2.9,2.9,0.0002999999999999999,BTC,75961.82,328.42
2026-09-15T18:58:50.689055+00:00,BTC-25JUN27-94000-C,78949.98,BTC-25JUN27,call,94000.0,2027-06-25T08:00:00+00:00,0.7735591208122607,0.0755,0.0775,0.07709717,0.0765,78949.98,BTC-25JUN27,0.40380000000000005,0.37605,263.42527,25.9,0.0,0.0020000000000000018,BTC,75951.54,0.0
2026-09-15T18:58:50.689055+00:00,BTC-25JUN27-200000-P,78954.22,BTC-25JUN27,put,200000.0,2027-06-25T08:00:00+00:00,0.7735591208122607,1.521,1.5565,1.5387457,1.53875,78954.22,BTC-25JUN27,0.5163,-0.96581,52.60046,2.1,0.0,0.03550000000000009,BTC,75951.54,0.0
2026-09-15T18:58:50.689055+00:00,BTC-27NOV26-78000-C,76772.82,BTC-27NOV26,call,78000.0,2026-11-27T08:00:00+00:00,0.19861045551451947,0.06,0.0615,0.06091193,0.06075,76772.82,BTC-27NOV26,0.3835,0.49508,136.41315,139.9,35.9,0.0015000000000000013,BTC,75961.82,178042.56
2026-09-15T18:58:50.689055+00:00,BTC-25SEP26-220000-P,76133.99,BTC-25SEP26,put,220000.0,2026-09-25T08:00:00+00:00,0.0261258559251971,1.8845,1.8985,1.88990424,1.8915,76133.99,BTC-25SEP26,1.0735999999999999,-1.0,0.0,27.7,0.0,0.014000000000000012,BTC,75961.82,0.0
2026-09-15T18:58:50.689055+00:00,BTC-27NOV26-62000-P,76769.19,BTC-27NOV26,put,62000.0,2026-11-27T08:00:00+00:00,0.19861045551451947,0.0125,0.0135,0.01278317,0.013,76769.19,BTC-27NOV26,0.4451,-0.1207,68.68907,153.7,1.5,0.0009999999999999992,BTC,75961.82,1201.31
2026-09-15T18:58:50.689055+00:00,BTC-25DEC26-50000-C,77073.43,BTC-25DEC26,call,50000.0,2026-12-25T08:00:00+00:00,0.27527027755421835,0.355,0.359,0.35720936,0.357,77073.43,BTC-25DEC26,0.5334,0.95383,39.11562,260.7,0.0,0.0040000000000000036,BTC,75961.82,0.0
2026-09-15T18:58:50.689055+00:00,BTC-19SEP26-78000-P,76070.23,BTC-19SEP26,put,78000.0,2026-09-19T08:00:00+00:00,0.009698751202404491,0.0315,0.034,0.03299258,0.03275,76070.23,BTC-19SEP26,0.4389,-0.7154,25.40782,8.5,8.5,0.0025000000000000022,BTC,75968.59,15396.65
2026-09-15T18:58:50.689055+00:00,BTC-18SEP26-82000-P,76063.45,BTC-18SEP26,put,82000.0,2026-09-18T08:00:00+00:00,0.006960900415272391,0.0765,0.082,0.07923871,0.07925,76063.45,BTC-18SEP26,0.5642,-0.9446,7.09465,33.5,0.0,0.005500000000000005,BTC,75961.82,0.0
2026-09-15T18:58:50.689055+00:00,BTC-17SEP26-70000-P,76041.11,BTC-17SEP26,put,70000.0,2026-09-17T08:00:00+00:00,0.004223049628140289,0.0003,0.0007,0.00045949,0.0005,76041.11,BTC-17SEP26,0.6697,-0.02807,3.17947,13.2,11.0,0.0004,BTC,75968.59,551.22
2026-09-15T18:58:50.689055+00:00,BTC-30OCT26-45000-P,76515.74,BTC-30OCT26,put,45000.0,2026-10-30T08:00:00+00:00,0.12195063347482064,0.0011,0.0013,0.00123183,0.0012,76515.74,BTC-30OCT26,0.7222,-0.01295,8.91471,221.2,0.0,0.00019999999999999987,BTC,75968.59,0.0
2026-09-15T18:58:50.689055+00:00,BTC-30OCT26-69000-C,76515.74,BTC-30OCT26,call,69000.0,2026-10-30T08:00:00+00:00,0.12195063347482064,0.115,0.1175,0.11592504,0.11625,76515.74,BTC-30OCT26,0.4011,0.78903,77.1897,649.6,150.0,0.0024999999999999883,BTC,75968.59,1294891.11
2026-09-15T18:58:50.689055+00:00,BTC-25JUN27-84000-C,78949.98,BTC-25JUN27,call,84000.0,2027-06-25T08:00:00+00:00,0.7735591208122607,0.114,0.1165,0.11558648,0.11525,78949.98,BTC-25JUN27,0.4035,0.50052,276.9643,28.1,0.0,0.0025000000000000022,BTC,75968.59,0.0
2026-09-15T18:58:50.689055+00:00,BTC-25SEP26-40000-P,76137.47,BTC-25SEP26,put,40000.0,2026-09-25T08:00:00+00:00,0.0261258559251971,,0.0018,2.19e-06,,76137.47,BTC-25SEP26,1.0505,-5e-05,0.02733,2819.0,0.2,,BTC,75977.86,1.55
2026-09-15T18:58:50.689055+00:00,BTC-25SEP26-280000-P,76137.47,BTC-25SEP26,put,280000.0,2026-09-25T08:00:00+00:00,0.0261258559251971,2.669,2.687,2.67805994,2.678,76137.47,BTC-25SEP26,1.2987,-1.0,0.0,0.0,0.0,0.017999999999999794,BTC,75977.86,0.0
2026-09-15T18:58:50.689055+00:00,BTC-30OCT26-69000-P,76515.74,BTC-30OCT26,put,69000.0,2026-10-30T08:00:00+00:00,0.12195063347482064,0.0175,0.0185,0.01782346,0.018,76515.74,BTC-30OCT26,0.4011,-0.21071,77.14412,345.6,37.8,0.0009999999999999974,BTC,75977.86,41597.2
2026-09-15T18:58:50.689055+00:00,BTC-27NOV26-82000-P,76769.19,BTC-27NOV26,put,82000.0,2026-11-27T08:00:00+00:00,0.19861045551451947,0.108,0.1105,0.10935208,0.10925,76769.19,BTC-27NOV26,0.38130000000000003,-0.62004,130.24636,57.5,9.8,0.0025000000000000022,BTC,75977.86,78590.88
2026-09-15T18:58:50.689055+00:00,BTC-19SEP26-82000-C,76070.23,BTC-19SEP26,call,82000.0,2026-09-19T08:00:00+00:00,0.009698751202404491,0.0014,0.0017,0.00159028,0.00155,76070.23,BTC-19SEP26,0.513,0.0709,10.15511,23.9,26.0,0.0002999999999999999,BTC,75977.86,7923.34
2026-09-15T18:58:50.689055+00:00,BTC-17SEP26-84000-C,76045.73,BTC-17SEP26,call,84000.0,2026-09-17T08:00:00+00:00,0.004223049628140289,0.0002,0.0005,0.0004012,0.00035,76045.73,BTC-17SEP26,0.7535,0.02151,2.5434,97.0,98.7,0.00030000000000000003,BTC,75977.86,7826.21
2026-09-15T18:58:50.689055+00:00,BTC-17SEP26-83000-C,76045.73,BTC-17SEP26,call,83000.0,2026-09-17T08:00:00+00:00,0.004223049628140289,0.0004,0.0006,0.00054716,0.0005,76045.73,BTC-17SEP26,0.7121999999999999,0.03005,3.36536,52.7,29.0,0.00019999999999999993,BTC,75982.4,2750.81
2026-09-15T18:58:50.689055+00:00,BTC-30OCT26-62000-P,76515.74,BTC-30OCT26,put,62000.0,2026-10-30T08:00:00+00:00,0.12195063347482064,0.0065,0.0075,0.00677058,0.007,76515.74,BTC-30OCT26,0.4658,-0.08532,41.68859,1213.0,2.0,0.001,BTC,75982.4,991.65
2026-09-15T18:58:50.689055+00:00,BTC-18SEP26-81000-C,76058.83,BTC-18SEP26,call,81000.0,2026-09-18T08:00:00+00:00,0.006960900415272391,0.0013,0.0016,0.00154428,0.00145,76058.83,BTC-18SEP26,0.5262,0.07724,9.18415,1465.6,385.4,0.00030000000000000014,BTC,75982.4,120689.52
2026-09-15T18:58:50.689055+00:00,BTC-25JUN27-88000-P,78949.98,BTC-25JUN27,put,88000.0,2027-06-25T08:00:00+00:00,0.7735591208122607,0.211,0.2155,0.21291965,0.21325,78949.98,BTC-25JUN27,0.4028,-0.5518,274.67529,4.7,0.0,0.004500000000000004,BTC,75982.4,0.0
2026-09-15T18:58:50.689055+00:00,BTC-30OCT26-40000-C,76515.74,BTC-30OCT26,call,40000.0,2026-10-30T08:00:00+00:00,0.12195063347482064,0.4765,0.4795,0.47772406,0.478,76515.74,BTC-30OCT26,0.7798,0.99405,4.5081,0.2,0.0,0.0030000000000000027,BTC,75988.32,0.0
2026-09-15T18:58:50.689055+00:00,BTC-30OCT26-86000-P,76515.74,BTC-30OCT26,put,86000.0,2026-10-30T08:00:00+00:00,0.12195063347482064,0.1355,0.1405,0.13799417,0.138,76515.74,BTC-30OCT26,0.3736,-0.79773,75.30789,98.5,0.0,0.0050000000000000044,BTC,75988.32,0.0
2026-09-15T18:58:50.689055+00:00,BTC-26MAR27-82000-P,77979.96,BTC-26MAR27,put,82000.0,2027-03-26T08:00:00+00:00,0.5244146991832396,0.143,0.145,0.14382823,0.144,77979.96,BTC-26MAR27,0.3935,-0.51398,225.1477,6.9,0.0,0.0020000000000000018,BTC,75988.32,0.0
2026-09-15T18:58:50.689055+00:00,BTC-25DEC26-64000-C,77073.43,BTC-25DEC26,call,64000.0,2026-12-25T08:00:00+00:00,0.27527027755421835,0.1905,0.1945,0.19246309,0.1925,77073.43,BTC-25DEC26,0.4239,0.82769,103.2152,404.9,0.0,0.0040000000000000036,BTC,75988.32,0.0
2026-09-15T18:58:50.689055+00:00,BTC-26MAR27-95000-P,77979.48,BTC-26MAR27,put,95000.0,2027-03-26T08:00:00+00:00,0.5244146991832396,0.262,0.2675,0.26460784,0.26475,77979.48,BTC-26MAR27,0.3979,-0.70617,194.49391,0.4,0.0,0.005500000000000005,BTC,75990.44,0.0
2026-09-15T18:58:50.689055+00:00,BTC-25DEC26-95000-C,77073.43,BTC-25DEC26,call,95000.0,2026-12-25T08:00:00+00:00,0.27527027755421835,0.0175,0.0185,0.01810483,0.018,77073.43,BTC-25DEC26,0.3899,0.17849,105.54772,1496.6,48.9,0.0009999999999999974,BTC,75988.32,80653.73
2026-09-15T18:58:50.689055+00:00,BTC-19SEP26-76500-C,76070.23,BTC-19SEP26,call,76500.0,2026-09-19T08:00:00+00:00,0.009698751202404491,0.014,0.0145,0.01430599,0.01425,76070.23,BTC-19SEP26,0.4307,0.45262,29.67296,92.6,95.2,0.0005000000000000004,BTC,75988.32,113676.81
2026-09-15T18:58:50.689055+00:00,BTC-27NOV26-105000-C,76769.19,BTC-27NOV26,call,105000.0,2026-11-27T08:00:00+00:00,0.19861045551451947,0.004,0.0045,0.00440771,0.00425,76769.19,BTC-27NOV26,0.4228,0.0582,39.79537,19.1,0.0,0.0004999999999999996,BTC,75990.44,0.0
2026-09-15T18:58:50.689055+00:00,BTC-25SEP26-95000-C,76137.47,BTC-25SEP26,call,95000.0,2026-09-25T08:00:00+00:00,0.0261258559251971,0.0002,0.0004,0.00040236,0.0003,76137.47,BTC-25SEP26,0.5972999999999999,0.01215,3.88618,5508.3,15.0,0.0002,BTC,75990.44,771.52
2026-09-15T18:58:50.689055+00:00,BTC-27NOV26-94000-C,76769.19,BTC-27NOV26,call,94000.0,2026-11-27T08:00:00+00:00,0.19861045551451947,0.0115,0.012,0.01193075,0.01175,76769.19,BTC-27NOV26,0.3937,0.14264,77.12126,76.1,16.1,0.0005000000000000004,BTC,75990.44,17729.57
2026-09-15T18:58:50.689055+00:00,BTC-16SEP26-81000-P,76025.65,BTC-16SEP26,put,81000.0,2026-09-16T08:00:00+00:00,0.001485198841008188,0.063,0.0685,0.06555598,0.06575,76025.65,BTC-16SEP26,0.7439,-0.98638,1.02042,0.0,0.0,0.005500000000000005,BTC,75990.44,0.0
2026-09-15T18:58:50.689055+00:00,BTC-25SEP26-35000-C,76137.47,BTC-25SEP26,call,35000.0,2026-09-25T08:00:00+00:00,0.0261258559251971,0.539,0.541,0.54024262,0.54,76137.47,BTC-25SEP26,1.0855,1.0,0.00185,29.3,0.0,0.0020000000000000018,BTC,75990.3,0.0
2026-09-15T18:58:50.689055+00:00,BTC-25DEC26-240000-P,77073.43,BTC-25DEC26,put,240000.0,2026-12-25T08:00:00+00:00,0.27527027755421835,2.103,2.129,2.11397088,2.116,77073.43,BTC-25DEC26,0.7209,-0.99759,3.03446,0.0,0.0,0.0259999999999998,BTC,75990.3,0.0
2026-09-15T18:58:50.689055+00:00,BTC-18SEP26-88000-P,76063.45,BTC-18SEP26,put,88000.0,2026-09-18T08:00:00+00:00,0.006960900415272391,0.155,0.1605,0.15725285,0.15775,76063.45,BTC-18SEP26,0.7686,-0.98807,1.97213,0.0,0.0,0.005500000000000005,BTC,75990.3,0.0
2026-09-15T18:58:50.689055+00:00,BTC-25JUN27-105000-C,78949.98,BTC-25JUN27,call,105000.0,2027-06-25T08:00:00+00:00,0.7735591208122607,0.049,0.0505,0.05016749,0.04975,78949.98,BTC-25JUN27,0.4094,0.26999,229.61233,160.5,7.3,0.0015000000000000013,BTC,75990.3,29391.41
2026-09-15T18:58:50.689055+00:00,BTC-25DEC26-86000-P,77073.43,BTC-25DEC26,put,86000.0,2026-12-25T08:00:00+00:00,0.27527027755421835,0.153,0.157,0.15457006,0.155,77073.43,BTC-25DEC26,0.38189999999999996,-0.67296,145.91493,66.3,0.0,0.0040000000000000036,BTC,75990.3,0.0
2026-09-15T18:58:50.689055+00:00,BTC-16SEP26-74500-P,76025.65,BTC-16SEP26,put,74500.0,2026-09-16T08:00:00+00:00,0.001485198841008188,0.001,0.0013,0.00105785,0.00115,76025.65,BTC-16SEP26,0.4542,-0.12548,6.04334,131.3,125.5,0.0002999999999999999,BTC,75990.3,10405.19
2026-09-15T18:58:50.689055+00:00,BTC-18SEP26-80500-P,76058.83,BTC-18SEP26,put,80500.0,2026-09-18T08:00:00+00:00,0.006960900415272391,0.0575,0.063,0.06024384,0.06025,76058.83,BTC-18SEP26,0.5109,-0.90666,10.5854,0.0,0.0,0.005499999999999998,BTC,75988.09,0.0
2026-09-15T18:58:50.689055+00:00,BTC-25SEP26-200000-C,76137.47,BTC-25SEP26,call,200000.0,2026-09-25T08:00:00+00:00,0.0261258559251971,,0.0001,0.0,,76137.47,BTC-25SEP26,0.9823999999999999,0.0,0.0,1018.5,0.2,,BTC,75988.09,1.59
2026-09-15T18:58:50.689055+00:00,BTC-19SEP26-73000-C,76074.89,BTC-19SEP26,call,73000.0,2026-09-19T08:00:00+00:00,0.009698751202404491,0.0425,0.047,0.04462463,0.04475,76074.89,BTC-19SEP26,0.4548,0.82513,19.30112,0.0,0.0,0.004499999999999997,BTC,75988.09,0.0
2026-09-15T18:58:50.689055+00:00,BTC-26MAR27-150000-P,77979.48,BTC-26MAR27,put,150000.0,2027-03-26T08:00:00+00:00,0.5244146991832396,0.9245,0.934,0.9291239,0.92925,77979.48,BTC-26MAR27,0.4807,-0.95607,52.50229,0.6,0.0,0.009500000000000064,BTC,75985.34,0.0
2026-09-15T18:58:50.689055+00:00,BTC-19SEP26-71000-C,76070.23,BTC-19SEP26,call,71000.0,2026-09-19T08:00:00+00:00,0.009698751202404491,0.066,0.0705,0.06846379,0.06825,76070.23,BTC-19SEP26,0.5039,0.92048,11.08606,0.0,0.0,0.00449999999999999,BTC,75988.09,0.0
2026-09-15T18:58:50.689055+00:00,BTC-27NOV26-84000-P,76769.19,BTC-27NOV26,put,84000.0,2026-11-27T08:00:00+00:00,0.19861045551451947,0.126,0.129,0.12779423,0.1275,76769.19,BTC-27NOV26,0.3814,-0.6723,123.55294,5.2,0.0,0.0030000000000000027,BTC,75985.34,0.0
2026-09-15T18:58:50.689055+00:00,BTC-25SEP26-45000-P,76137.47,BTC-25SEP26,put,45000.0,2026-09-25T08:00:00+00:00,0.0261258559251971,,0.0012,2.395e-05,,76137.47,BTC-25SEP26,1.0182,-0.00053,0.23086,2172.5,0.9,,BTC,75985.34,6.82
2026-09-15T18:58:50.689055+00:00,BTC-25DEC26-20000-C,77073.43,BTC-25DEC26,call,20000.0,2026-12-25T08:00:00+00:00,0.27527027755421835,0.7405,0.742,0.74103459,0.74125,77073.43,BTC-25DEC26,1.023,0.99729,3.37455,4.9,0.0,0.0014999999999999458,BTC,75985.34,0.0
2026-09-15T18:58:50.689055+00:00,BTC-26MAR27-110000-C,77979.96,BTC-26MAR27,call,110000.0,2027-03-26T08:00:00+00:00,0.5244146991832396,0.021,0.0225,0.02205445,0.02175,77979.96,BTC-26MAR27,0.4138,0.1587,136.65191,1157.4,5.0,0.0014999999999999979,BTC,75977.53,9076.13
2026-09-15T18:58:50.689055+00:00,BTC-25SEP26-145000-C,76133.99,BTC-25SEP26,call,145000.0,2026-09-25T08:00:00+00:00,0.0261258559251971,,0.0002,2e-08,,76133.99,BTC-25SEP26,0.8234,0.0,0.00055,519.2,0.0,,BTC,75985.34,0.0
2026-09-15T18:58:50.689055+00:00,BTC-26MAR27-125000-C,77979.96,BTC-26MAR27,call,125000.0,2027-03-26T08:00:00+00:00,0.5244146991832396,0.011,0.012,0.01177015,0.0115,77979.96,BTC-26MAR27,0.436,0.09032,91.93451,303.1,0.0,0.0010000000000000009,BTC,75977.53,0.0
2026-09-15T18:58:50.689055+00:00,BTC-25DEC26-150000-P,77078.05,BTC-25DEC26,put,150000.0,2026-12-25T08:00:00+00:00,0.27527027755421835,0.943,0.952,0.94717622,0.9475,77078.05,BTC-25DEC26,0.532,-0.98775,12.85754,4.4,0.0,0.009000000000000008,BTC,75977.53,0.0
2026-09-15T18:58:50.689055+00:00,BTC-25JUN27-120000-P,78949.98,BTC-25JUN27,put,120000.0,2027-06-25T08:00:00+00:00,0.7735591208122607,0.546,0.554,0.5497077,0.55,78949.98,BTC-25JUN27,0.4232,-0.82651,177.99571,0.9,0.0,0.008000000000000007,BTC,75977.53,0.0
2026-09-15T18:58:50.689055+00:00,BTC-30OCT26-87000-P,76512.26,BTC-30OCT26,put,87000.0,2026-10-30T08:00:00+00:00,0.12195063347482064,0.1465,0.152,0.14925234,0.14925,76512.26,BTC-30OCT26,0.3754,-0.82048,69.98854,29.1,0.0,0.005500000000000005,BTC,75977.53,0.0
2026-09-15T18:58:50.689055+00:00,BTC-30OCT26-63000-P,76515.74,BTC-30OCT26,put,63000.0,2026-10-30T08:00:00+00:00,0.12195063347482064,0.0075,0.008,0.00762151,0.00775,76515.74,BTC-30OCT26,0.4534,-0.09642,45.64604,682.0,105.4,0.0005000000000000004,BTC,75974.03,53156.48
2026-09-15T18:58:50.689055+00:00,BTC-25SEP26-160000-C,76137.47,BTC-25SEP26,call,160000.0,2026-09-25T08:00:00+00:00,0.0261258559251971,,0.0001,0.0,,76137.47,BTC-25SEP26,0.8423,0.0,2e-05,1498.4,0.0,,BTC,75974.03,0.0
2026-09-15T18:58:50.689055+00:00,BTC-25JUN27-64000-P,78949.98,BTC-25JUN27,put,64000.0,2027-06-25T08:00:00+00:00,0.7735591208122607,0.0595,0.0615,0.06036909,0.0605,78949.98,BTC-25JUN27,0.4268,-0.22791,209.75512,62.5,0.0,0.0020000000000000018,BTC,75977.53,0.0
2026-09-15T18:58:50.689055+00:00,BTC-25JUN27-95000-C,78954.22,BTC-25JUN27,call,95000.0,2027-06-25T08:00:00+00:00,0.7735591208122607,0.0725,0.0745,0.07401352,0.0735,78954.22,BTC-25JUN27,0.4039,0.36519,261.01187,59.9,0.0,0.0020000000000000018,BTC,75974.03,0.0
2026-09-15T18:58:50.689055+00:00,BTC-25JUN27-65000-C,78954.22,BTC-25JUN27,call,65000.0,2027-06-25T08:00:00+00:00,0.7735591208122607,0.239,0.2425,0.241013,0.24075,78954.22,BTC-25JUN27,0.42460000000000003,0.7599,215.88536,4.1,0.1,0.003500000000000003,BTC,75974.03,1879.12
2026-09-15T18:58:50.689055+00:00,BTC-17SEP26-78000-C,76045.73,BTC-17SEP26,call,78000.0,2026-09-17T08:00:00+00:00,0.004223049628140289,0.004,0.0043,0.00423092,0.00415,76045.73,BTC-17SEP26,0.5075999999999999,0.22027,14.63492,106.6,105.1,0.0002999999999999999,BTC,75974.03,73193.33
2026-09-15T18:58:50.689055+00:00,BTC-25DEC26-98000-C,77078.05,BTC-25DEC26,call,98000.0,2026-12-25T08:00:00+00:00,0.27527027755421835,0.014,0.0145,0.01421685,0.01425,77078.05,BTC-25DEC26,0.39490000000000003,0.14501,92.15009,338.2,22.2,0.0005000000000000004,BTC,75974.03,25888.87
2026-09-15T18:58:50.689055+00:00,BTC-30OCT26-79000-P,76515.74,BTC-30OCT26,put,79000.0,2026-10-30T08:00:00+00:00,0.12195063347482064,0.0695,0.071,0.07021235,0.07025,76515.74,BTC-30OCT26,0.36950000000000005,-0.57477,104.68064,548.9,8.0,0.0014999999999999875,BTC,75965.96,41134.54
2026-09-15T18:58:50.689055+00:00,BTC-30OCT26-98000-C,76515.74,BTC-30OCT26,call,98000.0,2026-10-30T08:00:00+00:00,0.12195063347482064,0.0026,0.003,0.00284883,0.0028,76515.74,BTC-30OCT26,0.41259999999999997,0.04939,27.27817,301.3,0.5,0.0004000000000000002,BTC,75965.96,177.64
2026-09-15T18:58:50.689055+00:00,BTC-25DEC26-108000-P,77078.05,BTC-25DEC26,put,108000.0,2026-12-25T08:00:00+00:00,0.27527027755421835,0.405,0.412,0.40801289,0.4085,77078.05,BTC-25DEC26,0.4165,-0.92476,57.36445,0.1,0.0,0.006999999999999951,BTC,75965.96,0.0
2026-09-15T18:58:50.689055+00:00,BTC-16SEP26-76500-C,76025.65,BTC-16SEP26,call,76500.0,2026-09-16T08:00:00+00:00,0.001485198841008188,0.0036,0.0039,0.00374914,0.00375,76025.65,BTC-16SEP26,0.4139,0.33617,10.6773,124.6,188.9,0.0002999999999999999,BTC,75965.96,128664.88
2026-09-15T18:58:50.689055+00:00,BTC-25JUN27-74000-P,78949.98,BTC-25JUN27,put,74000.0,2027-06-25T08:00:00+00:00,0.7735591208122607,0.108,0.111,0.1098132,0.1095,78949.98,BTC-25JUN27,0.4108,-0.36008,259.73742,14.8,0.6,0.0030000000000000027,BTC,75965.96,4948.77
2026-09-15T18:58:50.689055+00:00,BTC-16SEP26-74000-C,76025.65,BTC-16SEP26,call,74000.0,2026-09-16T08:00:00+00:00,0.001485198841008188,0.0245,0.0295,0.02727869,0.027,76025.65,BTC-16SEP26,0.4867,0.92118,4.30255,0.0,0.0,0.0049999999999999975,BTC,75965.96,0.0
2026-09-15T18:58:50.689055+00:00,BTC-27NOV26-66000-C,76772.82,BTC-27NOV26,call,66000.0,2026-11-27T08:00:00+00:00,0.19861045551451947,0.1595,0.1625,0.16065346,0.161,76772.82,BTC-27NOV26,0.41850000000000004,0.81598,90.99742,0.0,0.0,0.0030000000000000027,BTC,75941.04,0.0
2026-09-15T18:58:50.689055+00:00,BTC-25SEP26-86000-C,76137.47,BTC-25SEP26,call,86000.0,2026-09-25T08:00:00+00:00,0.0261258559251971,0.0015,0.0018,0.00171933,0.00165,76137.47,BTC-25SEP26,0.46259999999999996,0.0544,13.56554,2174.5,78.0,0.0002999999999999999,BTC,75941.04,14681.06
2026-09-15T18:58:50.689055+00:00,BTC-25DEC26-115000-C,77073.43,BTC-25DEC26,call,115000.0,2026-12-25T08:00:00+00:00,0.27527027755421835,0.0041,0.0047,0.00450787,0.0044,77073.43,BTC-25DEC26,0.4359,0.05047,41.99219,2329.9,0.0,0.0005999999999999998,BTC,75941.04,0.0
2026-09-15T18:58:50.689055+00:00,BTC-16SEP26-69000-P,76025.65,BTC-16SEP26,put,69000.0,2026-09-16T08:00:00+00:00,0.001485198841008188,,0.0002,7.142e-05,,76025.65,BTC-16SEP26,1.0022,-0.00612,0.50648,92.1,76.3,,BTC,75941.04,739.46
2026-09-15T18:58:50.689055+00:00,BTC-26MAR27-140000-P,77979.96,BTC-26MAR27,put,140000.0,2027-03-26T08:00:00+00:00,0.5244146991832396,0.7985,0.807,0.80257738,0.80275,77979.96,BTC-26MAR27,0.4628,-0.94326,64.33297,10.9,0.0,0.008500000000000063,BTC,75933.59,0.0
2026-09-15T18:58:50.689055+00:00,BTC-17SEP26-75500-P,76045.73,BTC-17SEP26,put,75500.0,2026-09-17T08:00:00+00:00,0.004223049628140289,0.009,0.0095,0.00920046,0.00925,76045.73,BTC-17SEP26,0.4816,-0.41735,19.26963,43.1,4.1,0.0005000000000000004,BTC,75933.59,3522.27
2026-09-15T18:58:50.689055+00:00,BTC-25DEC26-80000-P,77073.43,BTC-25DEC26,put,80000.0,2026-12-25T08:00:00+00:00,0.27527027755421835,0.1015,0.103,0.10227137,0.10225,77073.43,BTC-25DEC26,0.3847,-0.53552,160.55861,1275.6,17.2,0.0014999999999999875,BTC,75933.59,136197.96
2026-09-15T18:58:50.689055+00:00,BTC-25SEP26-56000-P,76137.47,BTC-25SEP26,put,56000.0,2026-09-25T08:00:00+00:00,0.0261258559251971,0.0002,0.0005,0.00028025,0.00035,76137.47,BTC-25SEP26,0.7854000000000001,-0.0067,2.30645,1697.7,17.1,0.00030000000000000003,BTC,75933.59,414.86
2026-09-15T18:58:50.689055+00:00,BTC-26MAR27-70000-P,77984.58,BTC-26MAR27,put,70000.0,2027-03-26T08:00:00+00:00,0.5244146991832396,0.0665,0.068,0.06725642,0.06725,77984.58,BTC-26MAR27,0.4067,-0.30493,197.64613,718.5,70.2,0.0015000000000000013,BTC,75943.62,336116.69
2026-09-15T18:58:50.689055+00:00,BTC-25JUN27-86000-C,78954.22,BTC-25JUN27,call,86000.0,2027-06-25T08:00:00+00:00,0.7735591208122607,0.105,0.1075,0.10664063,0.10625,78954.22,BTC-25JUN27,0.4033,0.47344,276.22055,38.1,10.2,0.0025000000000000022,BTC,75933.59,79327.76
2026-09-15T18:58:50.689055+00:00,BTC-16SEP26-74500-C,76025.65,BTC-16SEP26,call,74500.0,2026-09-16T08:00:00+00:00,0.001485198841008188,0.019,0.0235,0.02113882,0.02125,76025.65,BTC-16SEP26,0.4542,0.86658,6.3014,0.0,0.0,0.0045000000000000005,BTC,75943.62,0.0
2026-09-15T18:58:50.689055+00:00,BTC-27NOV26-100000-C,76769.19,BTC-27NOV26,call,100000.0,2026-11-27T08:00:00+00:00,0.19861045551451947,0.006,0.007,0.00671707,0.0065,76769.19,BTC-27NOV26,0.4078,0.08529,53.33691,219.8,109.1,0.001,BTC,75943.62,63802.14
2026-09-15T18:58:50.689055+00:00,BTC-26MAR27-64000-C,77979.96,BTC-26MAR27,call,64000.0,2027-03-26T08:00:00+00:00,0.5244146991832396,0.2205,0.2235,0.22212651,0.222,77979.96,BTC-26MAR27,0.42119999999999996,0.78741,163.84412,137.8,0.0,0.0030000000000000027,BTC,75949.97,0.0
2026-09-15T18:58:50.689055+00:00,BTC-25DEC26-82000-P,77078.05,BTC-25DEC26,put,82000.0,2026-12-25T08:00:00+00:00,0.27527027755421835,0.1175,0.119,0.11832482,0.11825,77078.05,BTC-25DEC26,0.3826,-0.58435,157.60182,258.3,4.2,0.0015000000000000013,BTC,75943.62,39076.71
2026-09-15T18:58:50.689055+00:00,BTC-17SEP26-82000-P,76045.73,BTC-17SEP26,put,82000.0,2026-09-17T08:00:00+00:00,0.004223049628140289,0.0765,0.082,0.07907339,0.07925,76045.73,BTC-17SEP26,0.6639,-0.96002,4.25301,0.0,0.0,0.005500000000000005,BTC,75949.97,0.0
2026-09-15T18:58:50.689055+00:00,BTC-25DEC26-90000-P,77078.05,BTC-25DEC26,put,90000.0,2026-12-25T08:00:00+00:00,0.27527027755421835,0.193,0.1975,0.19520612,0.19525,77078.05,BTC-25DEC26,0.384,-0.7495,128.56475,656.0,0.6,0.004500000000000004,BTC,75949.97,8939.76
2026-09-15T18:58:50.689055+00:00,BTC-26MAR27-50000-C,77979.96,BTC-26MAR27,call,50000.0,2027-03-26T08:00:00+00:00,0.5244146991832396,0.3705,0.374,0.3725073,0.37225,77979.96,BTC-26MAR27,0.4854,0.92467,80.16131,21.6,0.0,0.003500000000000003,BTC,75945.04,0.0
2026-09-15T18:58:50.689055+00:00,BTC-16SEP26-82000-P,76025.65,BTC-16SEP26,put,82000.0,2026-09-16T08:00:00+00:00,0.001485198841008188,0.076,0.0815,0.07865986,0.07875,76025.65,BTC-16SEP26,0.82,-0.99194,0.64537,0.0,0.0,0.005500000000000005,BTC,75949.97,0.0
2026-09-15T18:58:50.689055+00:00,BTC-30OCT26-74000-P,76515.74,BTC-30OCT26,put,74000.0,2026-10-30T08:00:00+00:00,0.12195063347482064,0.0365,0.0375,0.03712506,0.037,76515.74,BTC-30OCT26,0.3786,-0.37776,101.48766,329.3,87.6,0.0010000000000000009,BTC,75945.04,240300.39
2026-09-15T18:58:50.689055+00:00,BTC-25JUN27-140000-P,78949.6,BTC-25JUN27,put,140000.0,2027-06-25T08:00:00+00:00,0.7735591208122607,0.785,0.7945,0.78973168,0.78975,78949.6,BTC-25JUN27,0.4446,-0.8981,123.49172,3.4,0.0,0.009499999999999953,BTC,75949.97,0.0
2026-09-15T18:58:50.689055+00:00,BTC-25DEC26-180000-P,77078.05,BTC-25DEC26,put,180000.0,2026-12-25T08:00:00+00:00,0.27527027755421835,1.329,1.345,1.33597399,1.337,77078.05,BTC-25DEC26,0.6179,-0.99308,7.79169,0.1,0.0,0.016000000000000014,BTC,75945.04,0.0
2026-09-15T18:58:50.689055+00:00,BTC-25SEP26-83000-C,76137.47,BTC-25SEP26,call,83000.0,2026-09-25T08:00:00+00:00,0.0261258559251971,0.0033,0.0037,0.0036087,0.0035,76137.47,BTC-25SEP26,0.426,0.10854,22.90396,1664.8,503.0,0.0004000000000000002,BTC,75945.04,241785.94
2026-09-15T18:58:50.689055+00:00,BTC-27NOV26-110000-P,76769.19,BTC-27NOV26,put,110000.0,2026-11-27T08:00:00+00:00,0.19861045551451947,0.4325,0.4395,0.43604186,0.436,76769.19,BTC-27NOV26,0.4396,-0.9593,29.88933,0.0,0.0,0.007000000000000006,BTC,75945.04,0.0
2026-09-15T18:58:50.689055+00:00,BTC-2OCT26-95000-C,76215.98,BTC-2OCT26,call,95000.0,2026-10-02T08:00:00+00:00,0.04529081143512181,0.0006,0.0009,0.00081605,0.00075,76215.98,BTC-2OCT26,0.4984,0.02089,8.14461,47.3,18.3,0.00030000000000000003,BTC,75945.04,1005.64
2026-09-15T18:58:50.689055+00:00,BTC-25JUN27-76000-C,78949.98,BTC-25JUN27,call,76000.0,2027-06-25T08:00:00+00:00,0.7735591208122607,0.158,0.1605,0.15932895,0.15925,78949.98,BTC-25JUN27,0.40840000000000004,0.61156,265.99333,22.9,0.8,0.0025000000000000022,BTC,75945.04,10786.55
2026-09-15T18:58:50.689055+00:00,BTC-25DEC26-35000-P,77073.43,BTC-25DEC26,put,35000.0,2026-12-25T08:00:00+00:00,0.27527027755421835,0.0015,0.002,0.00180529,0.00175,77073.43,BTC-25DEC26,0.7283,-0.01212,12.72719,2437.7,0.0,0.0005,BTC,75941.76,0.0
2026-09-15T18:58:50.689055+00:00,BTC-25SEP26-150000-P,76137.47,BTC-25SEP26,put,150000.0,2026-09-25T08:00:00+00:00,0.0261258559251971,0.9655,0.975,0.97038926,0.97025,76137.47,BTC-25SEP26,0.8397,-1.0,0.00025,40.5,0.0,0.009499999999999953,BTC,75941.76,0.0
2026-09-15T18:58:50.689055+00:00,BTC-2OCT26-82000-P,76215.98,BTC-2OCT26,put,82000.0,2026-10-02T08:00:00+00:00,0.04529081143512181,0.0825,0.087,0.08477456,0.08475,76215.98,BTC-2OCT26,0.3882,-0.8042,44.79968,0.0,0.0,0.00449999999999999,BTC,75941.76,0.0
2026-09-15T18:58:50.689055+00:00,BTC-30OCT26-61000-C,76515.74,BTC-30OCT26,call,61000.0,2026-10-30T08:00:00+00:00,0.12195063347482064,0.2065,0.211,0.20863601,0.20875,76515.74,BTC-30OCT26,0.47729999999999995,0.92431,38.04931,7.7,0.0,0.004500000000000004,BTC,75919.31,0.0
2026-09-15T18:58:50.689055+00:00,BTC-26MAR27-50000-P,77979.96,BTC-26MAR27,put,50000.0,2027-03-26T08:00:00+00:00,0.5244146991832396,0.013,0.0145,0.01368895,0.01375,77979.96,BTC-26MAR27,0.4854,-0.07547,80.24677,2447.6,16.3,0.0015000000000000013,BTC,75919.31,16681.85
2026-09-15T18:58:50.689055+00:00,BTC-30OCT26-92000-P,76515.74,BTC-30OCT26,put,92000.0,2026-10-30T08:00:00+00:00,0.12195063347482064,0.2055,0.211,0.20847639,0.20825,76515.74,BTC-30OCT26,0.3882,-0.90355,45.62224,0.1,0.0,0.005500000000000005,BTC,75919.31,0.0
2026-09-15T18:58:50.689055+00:00,BTC-18SEP26-77000-P,76063.45,BTC-18SEP26,put,77000.0,2026-09-18T08:00:00+00:00,0.006960900415272391,0.021,0.023,0.02203541,0.022,76063.45,BTC-18SEP26,0.4495,-0.63461,23.83393,716.1,31.2,0.0019999999999999983,BTC,75919.31,32479.07
2026-09-15T18:58:50.689055+00:00,BTC-26MAR27-190000-C,77979.96,BTC-26MAR27,call,190000.0,2027-03-26T08:00:00+00:00,0.5244146991832396,0.0021,0.0027,0.00249282,0.0024,77979.96,BTC-26MAR27,0.544,0.01925,26.44949,642.9,2.0,0.0006000000000000003,BTC,75919.31,405.71
2026-09-15T18:58:50.689055+00:00,BTC-25DEC26-110000-C,77073.43,BTC-25DEC26,call,110000.0,2026-12-25T08:00:00+00:00,0.27527027755421835,0.0055,0.0065,0.00607663,0.006,77073.43,BTC-25DEC26,0.4226,0.06689,52.37338,2761.5,2.1,0.001,BTC,75919.31,1211.45
2026-09-15T18:58:50.689055+00:00,BTC-2OCT26-70000-C,76215.98,BTC-2OCT26,call,70000.0,2026-10-02T08:00:00+00:00,0.04529081143512181,0.087,0.091,0.08887344,0.089,76215.98,BTC-2OCT26,0.41090000000000004,0.84147,39.18508,1.0,0.0,0.0040000000000000036,BTC,75921.99,0.0
2026-09-15T18:58:50.689055+00:00,BTC-18SEP26-79500-P,76063.45,BTC-18SEP26,put,79500.0,2026-09-18T08:00:00+00:00,0.006960900415272391,0.0455,0.0505,0.04810117,0.048,76063.45,BTC-18SEP26,0.48469999999999996,-0.86572,13.71236,10.3,1.2,0.0050000000000000044,BTC,75921.99,2289.1
2026-09-15T18:58:50.689055+00:00,BTC-25JUN27-190000-P,78949.6,BTC-25JUN27,put,190000.0,2027-06-25T08:00:00+00:00,0.7735591208122607,1.3935,1.43,1.41280073,1.41175,78949.6,BTC-25JUN27,0.504,-0.96096,58.62074,0.6,0.0,0.03649999999999998,BTC,75921.99,0.0
2026-09-15T18:58:50.689055+00:00,BTC-25SEP26-88000-P,76133.99,BTC-25SEP26,put,88000.0,2026-09-25T08:00:00+00:00,0.0261258559251971,0.1545,0.1595,0.15714116,0.157,76133.99,BTC-25SEP26,0.4939,-0.96349,9.83506,6.3,0.0,0.0050000000000000044,BTC,75921.99,0.0
2026-09-15T18:58:50.689055+00:00,BTC-19SEP26-68000-P,76070.23,BTC-19SEP26,put,68000.0,2026-09-19T08:00:00+00:00,0.009698751202404491,0.0006,0.0009,0.00071649,0.00075,76070.23,BTC-19SEP26,0.6148,-0.03136,5.28249,8.5,8.5,0.00030000000000000003,BTC,75921.99,467.79
2026-09-15T18:58:50.689055+00:00,BTC-25JUN27-102000-P,78954.22,BTC-25JUN27,put,102000.0,2027-06-25T08:00:00+00:00,0.7735591208122607,0.345,0.352,0.34829128,0.3485,78954.22,BTC-25JUN27,0.40740000000000004,-0.70518,239.3168,0.0,0.0,0.007000000000000006,BTC,75921.99,0.0
2026-09-15T18:58:50.689055+00:00,BTC-19SEP26-78500-C,76070.23,BTC-19SEP26,call,78500.0,2026-09-19T08:00:00+00:00,0.009698751202404491,0.006,0.0065,0.00619023,0.00625,76070.23,BTC-19SEP26,0.44530000000000003,0.23599,23.05344,416.8,488.4,0.0004999999999999996,BTC,75924.61,339652.49
2026-09-15T18:58:50.689055+00:00,BTC-26MAR27-76000-P,77979.96,BTC-26MAR27,put,76000.0,2027-03-26T08:00:00+00:00,0.5244146991832396,0.1,0.1015,0.10071449,0.10075,77979.96,BTC-26MAR27,0.3973,-0.40899,219.27536,312.6,31.4,0.0015000000000000013,BTC,75941.96,236516.48
2026-09-15T18:58:50.689055+00:00,BTC-30OCT26-98000-P,76515.74,BTC-30OCT26,put,98000.0,2026-10-30T08:00:00+00:00,0.12195063347482064,0.2805,0.287,0.283806,0.28375,76515.74,BTC-30OCT26,0.41259999999999997,-0.95086,27.16152,0.0,0.0,0.00649999999999995,BTC,75941.96,0.0
2026-09-15T18:58:50.689055+00:00,BTC-25SEP26-76000-C,76133.99,BTC-25SEP26,call,76000.0,2026-09-25T08:00:00+00:00,0.0261258559251971,0.0255,0.0265,0.02585784,0.026,76133.99,BTC-25SEP26,0.3882,0.51741,49.01286,2622.6,200.7,0.0010000000000000009,BTC,75941.96,446199.36
2026-09-15T18:58:50.689055+00:00,BTC-30OCT26-64000-C,76512.26,BTC-30OCT26,call,64000.0,2026-10-30T08:00:00+00:00,0.12195063347482064,0.17,0.1745,0.17216155,0.17225,76512.26,BTC-30OCT26,0.4428,0.8897,50.3068,416.8,0.0,0.004499999999999976,BTC,75941.96,0.0
2026-09-15T18:58:50.689055+00:00,BTC-25SEP26-110000-C,76137.47,BTC-25SEP26,call,110000.0,2026-09-25T08:00:00+00:00,0.0261258559251971,,0.0002,0.0001181,,76137.47,BTC-25SEP26,0.8117,0.00302,1.1312,1496.4,8.0,,BTC,75941.96,61.54
2026-09-15T18:58:50.689055+00:00,BTC-25DEC26-82000-C,77073.43,BTC-25DEC26,call,82000.0,2026-12-25T08:00:00+00:00,0.27527027755421835,0.054,0.055,0.05447005,0.0545,77073.43,BTC-25DEC26,0.3826,0.41561,157.59616,1316.9,48.2,0.0010000000000000009,BTC,75941.96,193978.38
2026-09-15T18:58:50.689055+00:00,BTC-27NOV26-115000-P,76769.19,BTC-27NOV26,put,115000.0,2026-11-27T08:00:00+00:00,0.19861045551451947,0.4965,0.504,0.50028849,0.50025,76769.19,BTC-27NOV26,0.4557,-0.97078,22.76022,0.2,0.0,0.007500000000000007,BTC,75941.96,0.0
2026-09-15T18:58:50.689055+00:00,BTC-18SEP26-72000-C,76063.45,BTC-18SEP26,call,72000.0,2026-09-18T08:00:00+00:00,0.006960900415272391,0.053,0.0575,0.05525142,0.05525,76063.45,BTC-18SEP26,0.5058,0.90434,10.77594,0.3,0.0,0.004500000000000004,BTC,75968.87,0.0
2026-09-15T18:58:50.689055+00:00,BTC-25JUN27-108000-P,78949.6,BTC-25JUN27,put,108000.0,2027-06-25T08:00:00+00:00,0.7735591208122607,0.4075,0.4235,0.41300162,0.4155,78949.6,BTC-25JUN27,0.4119,-0.75354,218.93865,0.2,0.0,0.016000000000000014,BTC,75968.87,0.0
2026-09-15T18:58:50.689055+00:00,BTC-16SEP26-83000-C,76025.65,BTC-16SEP26,call,83000.0,2026-09-16T08:00:00+00:00,0.001485198841008188,,0.0001,5.086e-05,,76025.65,BTC-16SEP26,0.8742,0.00456,0.3897,138.7,208.3,,BTC,75968.87,9274.78
2026-09-15T18:58:50.689055+00:00,BTC-27NOV26-64000-C,76772.82,BTC-27NOV26,call,64000.0,2026-11-27T08:00:00+00:00,0.19861045551451947,0.1805,0.1845,0.18240895,0.1825,76772.82,BTC-27NOV26,0.4307,0.85084,79.4537,0.0,0.0,0.0040000000000000036,BTC,75968.87,0.0
2026-09-15T18:58:50.689055+00:00,BTC-25SEP26-55000-P,76137.47,BTC-25SEP26,put,55000.0,2026-09-25T08:00:00+00:00,0.0261258559251971,0.0001,0.0004,0.00020274,0.00025,76137.47,BTC-25SEP26,0.7963,-0.00486,1.73356,3121.0,68.0,0.00030000000000000003,BTC,75993.51,1552.09
2026-09-15T18:58:50.689055+00:00,BTC-25DEC26-130000-P,77073.43,BTC-25DEC26,put,130000.0,2026-12-25T08:00:00+00:00,0.27527027755421835,0.685,0.693,0.68879207,0.689,77073.43,BTC-25DEC26,0.4781,-0.97508,23.57138,54.0,0.0,0.007999999999999896,BTC,75993.51,0.0
2026-09-15T18:58:50.689055+00:00,BTC-25DEC26-106000-C,77078.05,BTC-25DEC26,call,106000.0,2026-12-25T08:00:00+00:00,0.27527027755421835,0.0075,0.008,0.00780635,0.00775,77078.05,BTC-25DEC26,0.4114,0.08535,63.11817,711.9,16.9,0.0005000000000000004,BTC,75993.51,12213.94
2026-09-15T18:58:50.689055+00:00,BTC-25DEC26-30000-C,77073.43,BTC-25DEC26,call,30000.0,2026-12-25T08:00:00+00:00,0.27527027755421835,0.6105,0.613,0.61196777,0.61175,77073.43,BTC-25DEC26,0.8081,0.99256,8.31879,300.7,0.0,0.0024999999999999467,BTC,75993.51,0.0
2026-09-15T18:58:50.689055+00:00,BTC-2OCT26-72000-C,76211.36,BTC-2OCT26,call,72000.0,2026-10-02T08:00:00+00:00,0.04529081143512181,0.066,0.0685,0.0672682,0.06725,76211.36,BTC-2OCT26,0.39270000000000005,0.76371,49.99405,0.6,0.6,0.0025000000000000022,BTC,75993.51,4111.75
2026-09-15T18:58:50.689055+00:00,BTC-27NOV26-75000-P,76769.19,BTC-27NOV26,put,75000.0,2026-11-27T08:00:00+00:00,0.19861045551451947,0.0565,0.0575,0.05712016,0.057,76769.19,BTC-27NOV26,0.3872,-0.41326,133.24392,327.3,58.9,0.0010000000000000009,BTC,75983.56,202200.85
2026-09-15T18:58:50.689055+00:00,BTC-25DEC26-180000-C,77073.43,BTC-25DEC26,call,180000.0,2026-12-25T08:00:00+00:00,0.27527027755421835,0.0005,0.0007,0.00068304,0.0006,77073.43,BTC-25DEC26,0.6179,0.00694,7.82324,934.3,0.0,0.00019999999999999998,BTC,75993.51,0.0
2026-09-15T18:58:50.689055+00:00,BTC-25SEP26-74000-P,76137.3,BTC-25SEP26,put,74000.0,2026-09-25T08:00:00+00:00,0.0261258559251971,0.0135,0.014,0.01368496,0.01375,76137.3,BTC-25SEP26,0.3973,-0.31998,44.00021,805.4,325.3,0.0005000000000000004,BTC,75983.56,297527.34
2026-09-15T18:58:50.689055+00:00,BTC-25DEC26-106000-P,77078.05,BTC-25DEC26,put,106000.0,2026-12-25T08:00:00+00:00,0.27527027755421835,0.38,0.387,0.38303324,0.3835,77078.05,BTC-25DEC26,0.4114,-0.91475,63.0566,0.2,0.0,0.007000000000000006,BTC,75983.56,0.0
2026-09-15T18:58:50.689055+00:00,BTC-30OCT26-94000-C,76515.74,BTC-30OCT26,call,94000.0,2026-10-30T08:00:00+00:00,0.12195063347482064,0.0043,0.0047,0.00458411,0.0045,76515.74,BTC-30OCT26,0.3956,0.07722,38.66859,451.2,52.0,0.0004000000000000002,BTC,75986.83,20616.46
2026-09-15T18:58:50.689055+00:00,BTC-26MAR27-88000-P,77979.48,BTC-26MAR27,put,88000.0,2027-03-26T08:00:00+00:00,0.5244146991832396,0.194,0.1985,0.19567604,0.19625,77979.48,BTC-26MAR27,0.3943,-0.61099,216.50816,4.7,0.0,0.004500000000000004,BTC,75986.83,0.0
2026-09-15T18:58:50.689055+00:00,BTC-30OCT26-57000-P,76515.74,BTC-30OCT26,put,57000.0,2026-10-30T08:00:00+00:00,0.12195063347482064,0.0038,0.0043,0.00389895,0.00405,76515.74,BTC-30OCT26,0.5331,-0.04741,26.40605,209.4,0.0,0.0005,BTC,75986.83,0.0
2026-09-15T18:58:50.689055+00:00,BTC-17SEP26-68000-P,76045.73,BTC-17SEP26,put,68000.0,2026-09-17T08:00:00+00:00,0.004223049628140289,0.0001,0.0004,0.00017879,0.00025,76045.73,BTC-17SEP26,0.7536,-0.01078,1.40546,42.2,32.6,0.00030000000000000003,BTC,75986.83,726.4
2026-09-15T18:58:50.689055+00:00,BTC-17SEP26-71000-P,76041.11,BTC-17SEP26,put,71000.0,2026-09-17T08:00:00+00:00,0.004223049628140289,0.0006,0.0009,0.00067663,0.00075,76041.11,BTC-17SEP26,0.6146,-0.04214,4.44112,97.0,88.4,0.00030000000000000003,BTC,75986.83,6403.54
2026-09-15T18:58:50.689055+00:00,BTC-25DEC26-62000-P,77073.43,BTC-25DEC26,put,62000.0,2026-12-25T08:00:00+00:00,0.27527027755421835,0.018,0.019,0.01852435,0.0185,77073.43,BTC-25DEC26,0.43479999999999996,-0.14325,91.40842,1540.2,18.6,0.0010000000000000009,BTC,75986.83,25310.18
2026-09-15T18:58:50.689055+00:00,BTC-25SEP26-45000-C,76137.47,BTC-25SEP26,call,45000.0,2026-09-25T08:00:00+00:00,0.0261258559251971,0.4075,0.4105,0.40890717,0.409,76137.47,BTC-25SEP26,1.0182,0.99947,0.23163,224.9,0.0,0.0030000000000000027,BTC,75972.32,0.0
2026-09-15T18:58:50.689055+00:00,BTC-25JUN27-96000-C,78949.6,BTC-25JUN27,call,96000.0,2027-06-25T08:00:00+00:00,0.7735591208122607,0.07,0.0715,0.0711758,0.07075,78949.6,BTC-25JUN27,0.4045,0.35463,258.42444,39.5,0.0,0.0014999999999999875,BTC,75986.83,0.0
2026-09-15T18:58:50.689055+00:00,BTC-26MAR27-200000-C,77979.96,BTC-26MAR27,call,200000.0,2027-03-26T08:00:00+00:00,0.5244146991832396,0.0018,0.0023,0.00208076,0.00205,77979.96,BTC-26MAR27,0.5562,0.0162,22.84446,484.5,0.1,0.0005,BTC,75972.32,17.08
2026-09-15T18:58:50.689055+00:00,BTC-30OCT26-60000-P,76515.74,BTC-30OCT26,put,60000.0,2026-10-30T08:00:00+00:00,0.12195063347482064,0.005,0.006,0.00540727,0.0055,76515.74,BTC-30OCT26,0.49219999999999997,-0.06733,34.80567,1337.7,305.4,0.001,BTC,75972.32,101243.35
2026-09-15T18:58:50.689055+00:00,BTC-30OCT26-52000-P,76515.74,BTC-30OCT26,put,52000.0,2026-10-30T08:00:00+00:00,0.12195063347482064,0.0022,0.0027,0.00239278,0.00245,76515.74,BTC-30OCT26,0.6086,-0.02761,16.9541,122.8,0.6,0.0005,BTC,75940.72,96.89
2026-09-15T18:58:50.689055+00:00,BTC-25DEC26-140000-P,77073.43,BTC-25DEC26,put,140000.0,2026-12-25T08:00:00+00:00,0.27527027755421835,0.8135,0.8225,0.81784761,0.818,77073.43,BTC-25DEC26,0.5057,-0.98308,16.96531,0.3,0.0,0.009000000000000008,BTC,75940.72,0.0
2026-09-15T18:58:50.689055+00:00,BTC-25SEP26-125000-P,76137.47,BTC-25SEP26,put,125000.0,2026-09-25T08:00:00+00:00,0.0261258559251971,0.639,0.646,0.64199495,0.6425,76137.47,BTC-25SEP26,0.8225,-0.99988,0.05842,21.5,0.0,0.007000000000000006,BTC,75940.72,0.0
2026-09-15T18:58:50.689055+00:00,BTC-2OCT26-95000-P,76211.36,BTC-2OCT26,put,95000.0,2026-10-02T08:00:00+00:00,0.04529081143512181,0.2445,0.2505,0.24733416,0.2475,76211.36,BTC-2OCT26,0.4984,-0.97918,8.12107,0.0,0.0,0.006000000000000005,BTC,75940.72,0.0
2026-09-15T18:58:50.689055+00:00,BTC-25JUN27-55000-P,78954.22,BTC-25JUN27,put,55000.0,2027-06-25T08:00:00+00:00,0.7735591208122607,0.032,0.0335,0.03267928,0.03275,78954.22,BTC-25JUN27,0.4534,-0.13496,150.64079,36.0,0.0,0.0015000000000000013,BTC,75940.72,0.0
2026-09-15T18:58:50.689055+00:00,BTC-26MAR27-102000-P,77979.96,BTC-26MAR27,put,102000.0,2027-03-26T08:00:00+00:00,0.5244146991832396,0.338,0.3435,0.34038633,0.34075,77979.96,BTC-26MAR27,0.4042,-0.78106,166.58661,0.1,0.0,0.005500000000000005,BTC,75912.68,0.0
2026-09-15T18:58:50.689055+00:00,BTC-25JUN27-104000-P,78949.98,BTC-25JUN27,put,104000.0,2027-06-25T08:00:00+00:00,0.7735591208122607,0.3665,0.373,0.36955986,0.36975,78949.98,BTC-25JUN27,0.4089,-0.7222,232.70753,0.0,0.0,0.006500000000000006,BTC,75940.72,0.0
2026-09-15T18:58:50.689055+00:00,BTC-26MAR27-96000-C,77979.48,BTC-26MAR27,call,96000.0,2027-03-26T08:00:00+00:00,0.5244146991832396,0.0425,0.0445,0.04400432,0.0435,77979.48,BTC-26MAR27,0.3987,0.28082,190.18331,162.5,9.0,0.001999999999999995,BTC,75912.68,32587.79
2026-09-15T18:58:50.689055+00:00,BTC-30OCT26-60000-C,76515.74,BTC-30OCT26,call,60000.0,2026-10-30T08:00:00+00:00,0.12195063347482064,0.219,0.2235,0.22121151,0.22125,76515.74,BTC-30OCT26,0.49219999999999997,0.93205,35.0235,13.7,7.6,0.004500000000000004,BTC,75912.68,131321.05
2026-09-15T18:58:50.689055+00:00,BTC-25SEP26-98000-P,76137.47,BTC-25SEP26,put,98000.0,2026-09-25T08:00:00+00:00,0.0261258559251971,0.2845,0.291,0.28764845,0.28775,76137.47,BTC-25SEP26,0.6516,-0.99092,3.01161,0.1,0.0,0.006500000000000006,BTC,75912.68,0.0
2026-09-15T18:58:50.689055+00:00,BTC-16SEP26-78500-P,76030.27,BTC-16SEP26,put,78500.0,2026-09-16T08:00:00+00:00,0.001485198841008188,0.0315,0.035,0.03292809,0.03325,76030.27,BTC-16SEP26,0.5006,-0.95888,2.57738,9.6,0.6,0.003500000000000003,BTC,75912.68,231.46
2026-09-15T18:58:50.689055+00:00,BTC-25JUN27-98000-P,78949.98,BTC-25JUN27,put,98000.0,2027-06-25T08:00:00+00:00,0.7735591208122607,0.3045,0.31,0.30713373,0.30725,78949.98,BTC-25JUN27,0.4053,-0.66719,252.07171,0.1,0.0,0.005500000000000005,BTC,75912.68,0.0
2026-09-15T18:58:50.689055+00:00,BTC-25SEP26-40000-C,76137.47,BTC-25SEP26,call,40000.0,2026-09-25T08:00:00+00:00,0.0261258559251971,0.473,0.476,0.47456506,0.4745,76137.47,BTC-25SEP26,1.0505,0.99994,0.02792,34.4,0.0,0.0030000000000000027,BTC,75905.96,0.0
2026-09-15T18:58:50.689055+00:00,BTC-30OCT26-76000-P,76512.26,BTC-30OCT26,put,76000.0,2026-10-30T08:00:00+00:00,0.12195063347482064,0.048,0.049,0.04865538,0.0485,76512.26,BTC-30OCT26,0.3738,-0.45808,105.88193,334.6,8.7,0.0010000000000000009,BTC,75905.96,31256.45
2026-09-15T18:58:50.689055+00:00,BTC-25JUN27-100000-P,78949.98,BTC-25JUN27,put,100000.0,2027-06-25T08:00:00+00:00,0.7735591208122607,0.325,0.3305,0.3274651,0.32775,78949.98,BTC-25JUN27,0.4061,-0.68691,245.7834,1.5,0.0,0.005500000000000005,BTC,75905.96,0.0
2026-09-15T18:58:50.689055+00:00,BTC-25SEP26-155000-C,76133.99,BTC-25SEP26,call,155000.0,2026-09-25T08:00:00+00:00,0.0261258559251971,,0.0001,0.0,,76133.99,BTC-25SEP26,0.8403,0.0,7e-05,378.0,0.0,,BTC,75914.88,0.0
2026-09-15T18:58:50.689055+00:00,BTC-30OCT26-45000-C,76515.74,BTC-30OCT26,call,45000.0,2026-10-30T08:00:00+00:00,0.12195063347482064,0.4115,0.4145,0.41303721,0.413,76515.74,BTC-30OCT26,0.7222,0.98695,8.96541,0.1,0.0,0.0030000000000000027,BTC,75914.88,0.0
2026-09-15T18:58:50.689055+00:00,BTC-30OCT26-66000-C,76515.74,BTC-30OCT26,call,66000.0,2026-10-30T08:00:00+00:00,0.12195063347482064,0.147,0.151,0.14876788,0.149,76515.74,BTC-30OCT26,0.42340000000000005,0.85639,60.44232,89.5,12.5,0.0040000000000000036,BTC,75914.88,138832.65
2026-09-15T18:58:50.689055+00:00,BTC-27NOV26-94000-P,76769.19,BTC-27NOV26,put,94000.0,2026-11-27T08:00:00+00:00,0.19861045551451947,0.233,0.2385,0.23648749,0.23575,76769.19,BTC-27NOV26,0.3937,-0.85886,76.48582,0.0,0.0,0.005499999999999977,BTC,75914.88,0.0
2026-09-15T18:58:50.689055+00:00,BTC-25DEC26-70000-P,77073.43,BTC-25DEC26,put,70000.0,2026-12-25T08:00:00+00:00,0.27527027755421835,0.0415,0.043,0.04213729,0.04225,77073.43,BTC-25DEC26,0.4004,-0.28887,138.02452,1485.0,115.6,0.0014999999999999944,BTC,75914.88,333643.04
2026-09-15T18:58:50.689055+00:00,BTC-30OCT26-58000-C,76515.74,BTC-30OCT26,call,58000.0,2026-10-30T08:00:00+00:00,0.12195063347482064,0.244,0.2485,0.24635332,0.24625,76515.74,BTC-30OCT26,0.521,0.9457,29.39207,0.0,0.0,0.004500000000000004,BTC,75913.92,0.0
2026-09-15T18:58:50.689055+00:00,BTC-25SEP26-68000-P,76137.3,BTC-25SEP26,put,68000.0,2026-09-25T08:00:00+00:00,0.0261258559251971,0.0023,0.0025,0.00227687,0.0024,76137.3,BTC-25SEP26,0.4753,-0.06812,16.16246,2288.4,44.9,0.0002000000000000001,BTC,75913.92,6973.71
2026-09-15T18:58:50.689055+00:00,BTC-30OCT26-90000-C,76515.74,BTC-30OCT26,call,90000.0,2026-10-30T08:00:00+00:00,0.12195063347482064,0.0075,0.008,0.00784953,0.00775,76515.74,BTC-30OCT26,0.3824,0.12303,54.33762,2933.8,90.0,0.0005000000000000004,BTC,75913.92,71668.54
2026-09-15T18:58:50.689055+00:00,BTC-27NOV26-98000-C,76769.19,BTC-27NOV26,call,98000.0,2026-11-27T08:00:00+00:00,0.19861045551451947,0.0075,0.0085,0.00809773,0.008,76769.19,BTC-27NOV26,0.4028,0.10072,60.29854,60.2,10.5,0.0010000000000000009,BTC,75913.92,8079.39
2026-09-15T18:58:50.689055+00:00,BTC-18SEP26-75000-P,76063.45,BTC-18SEP26,put,75000.0,2026-09-18T08:00:00+00:00,0.006960900415272391,0.0085,0.0095,0.00904572,0.009,76063.45,BTC-18SEP26,0.4536,-0.36196,23.75649,1225.6,526.1,0.0009999999999999992,BTC,75913.92,331645.81
2026-09-15T18:58:50.689055+00:00,BTC-25DEC26-125000-C,77073.43,BTC-25DEC26,call,125000.0,2026-12-25T08:00:00+00:00,0.27527027755421835,0.0025,0.0029,0.00287742,0.0027,77073.43,BTC-25DEC26,0.4681,0.03187,28.90026,505.2,105.4,0.00039999999999999975,BTC,75913.92,26004.76
2026-09-15T18:58:50.689055+00:00,BTC-26MAR27-95000-C,77984.58,BTC-26MAR27,call,95000.0,2027-03-26T08:00:00+00:00,0.5244146991832396,0.045,0.047,0.04636339,0.046,77984.58,BTC-26MAR27,0.3979,0.29263,193.93854,569.3,0.1,0.0020000000000000018,BTC,75909.68,370.49
2026-09-15T18:58:50.689055+00:00,BTC-25JUN27-40000-P,78954.22,BTC-25JUN27,put,40000.0,2027-06-25T08:00:00+00:00,0.7735591208122607,0.01,0.0115,0.01050648,0.01075,78954.22,BTC-25JUN27,0.5302,-0.04578,66.67263,1227.1,1.3,0.0014999999999999996,BTC,75909.68,1029.02
2026-09-15T18:58:50.689055+00:00,BTC-30OCT26-56000-C,76515.74,BTC-30OCT26,call,56000.0,2026-10-30T08:00:00+00:00,0.12195063347482064,0.2695,0.2735,0.27157021,0.2715,76515.74,BTC-30OCT26,0.5483,0.95694,24.41607,0.5,0.5,0.0040000000000000036,BTC,75909.68,10340.74
2026-09-15T18:58:50.689055+00:00,BTC-25DEC26-70000-C,77073.43,BTC-25DEC26,call,70000.0,2026-12-25T08:00:00+00:00,0.27527027755421835,0.1325,0.135,0.13396858,0.13375,77073.43,BTC-25DEC26,0.4004,0.71103,138.03861,1923.8,0.4,0.0025000000000000022,BTC,75909.68,4317.72
2026-09-15T18:58:50.689055+00:00,BTC-16SEP26-77500-P,76025.65,BTC-16SEP26,put,77500.0,2026-09-16T08:00:00+00:00,0.001485198841008188,0.019,0.023,0.02052482,0.021,76025.65,BTC-16SEP26,0.44520000000000004,-0.88417,5.70587,87.0,72.5,0.004,BTC,75909.68,65546.86
2026-09-15T18:58:50.689055+00:00,BTC-25DEC26-30000-P,77078.05,BTC-25DEC26,put,30000.0,2026-12-25T08:00:00+00:00,0.27527027755421835,0.0011,0.0015,0.00118293,0.0013,77078.05,BTC-25DEC26,0.8081,-0.00751,8.3724,2127.9,0.0,0.00039999999999999996,BTC,75898.67,0.0
2026-09-15T18:58:50.689055+00:00,BTC-25SEP26-140000-C,76137.47,BTC-25SEP26,call,140000.0,2026-09-25T08:00:00+00:00,0.0261258559251971,,0.0001,8e-08,,76137.47,BTC-25SEP26,0.8226,0.0,0.00175,1208.2,0.0,,BTC,75898.67,0.0
2026-09-15T18:58:50.689055+00:00,BTC-30OCT26-94000-P,76515.74,BTC-30OCT26,put,94000.0,2026-10-30T08:00:00+00:00,0.12195063347482064,0.23,0.2365,0.23315397,0.23325,76515.74,BTC-30OCT26,0.3956,-0.92406,38.13523,0.0,0.0,0.006499999999999978,BTC,75898.67,0.0
2026-09-15T18:58:50.689055+00:00,BTC-18SEP26-95000-P,76058.83,BTC-18SEP26,put,95000.0,2026-09-18T08:00:00+00:00,0.006960900415272391,0.2465,0.2525,0.24910684,0.2495,76058.83,BTC-18SEP26,0.9838,-0.99639,0.68403,0.2,0.0,0.006000000000000005,BTC,75898.67,0.0
2026-09-15T18:58:50.689055+00:00,BTC-25JUN27-95000-P,78949.98,BTC-25JUN27,put,95000.0,2027-06-25T08:00:00+00:00,0.7735591208122607,0.275,0.28,0.27739744,0.2775,78949.98,BTC-25JUN27,0.4039,-0.63594,260.46949,20.2,0.0,0.0050000000000000044,BTC,75898.67,0.0
2026-09-15T18:58:50.689055+00:00,BTC-25DEC26-100000-C,77078.05,BTC-25DEC26,call,100000.0,2026-12-25T08:00:00+00:00,0.27527027755421835,0.012,0.0125,0.01220781,0.01225,77078.05,BTC-25DEC26,0.39909999999999995,0.12582,83.52083,5989.8,107.2,0.0005000000000000004,BTC,75898.67,109079.1
2026-09-15T18:58:50.689055+00:00,BTC-17SEP26-87000-C,76045.73,BTC-17SEP26,call,87000.0,2026-09-17T08:00:00+00:00,0.004223049628140289,,0.0003,0.00022689,,76045.73,BTC-17SEP26,0.8992,0.01069,1.39364,38.2,38.2,,BTC,75871.8,641.11
2026-09-15T18:58:50.689055+00:00,BTC-19SEP26-68000-C,76070.23,BTC-19SEP26,call,68000.0,2026-09-19T08:00:00+00:00,0.009698751202404491,0.1045,0.1085,0.10681862,0.1065,76070.23,BTC-19SEP26,0.6148,0.96775,5.40283,0.0,0.0,0.0040000000000000036,BTC,75871.8,0.0
2026-09-15T18:58:50.689055+00:00,BTC-30OCT26-70000-P,76515.74,BTC-30OCT26,put,70000.0,2026-10-30T08:00:00+00:00,0.12195063347482064,0.0205,0.021,0.02069865,0.02075,76515.74,BTC-30OCT26,0.3953,-0.24155,83.24724,961.6,180.0,0.0005000000000000004,BTC,75871.8,290636.49
2026-09-15T18:58:50.689055+00:00,BTC-25JUN27-82000-P,78949.98,BTC-25JUN27,put,82000.0,2027-06-25T08:00:00+00:00,0.7735591208122607,0.1625,0.1655,0.16405776,0.164,78949.98,BTC-25JUN27,0.4043,-0.47372,275.99509,23.8,0.1,0.0030000000000000027,BTC,75871.8,1254.64
2026-09-15T18:58:50.689055+00:00,BTC-25SEP26-180000-P,76137.47,BTC-25SEP26,put,180000.0,2026-09-25T08:00:00+00:00,0.0261258559251971,1.3585,1.3715,1.3644671,1.365,76137.47,BTC-25SEP26,0.9181999999999999,-1.0,0.0,10.5,0.0,0.0129999999999999,BTC,75871.8,0.0
2026-09-15T18:58:50.689055+00:00,BTC-2OCT26-77000-C,76211.36,BTC-2OCT26,call,77000.0,2026-10-02T08:00:00+00:00,0.04529081143512181,0.0265,0.0275,0.027165,0.027,76211.36,BTC-2OCT26,0.3757,0.4544,64.16925,40.9,25.4,0.0010000000000000009,BTC,75862.77,71692.2
2026-09-15T18:58:50.689055+00:00,BTC-25JUN27-200000-C,78949.6,BTC-25JUN27,call,200000.0,2027-06-25T08:00:00+00:00,0.7735591208122607,0.005,0.0055,0.00530588,0.00525,78949.6,BTC-25JUN27,0.5163,0.03383,52.05101,32.8,2.0,0.0004999999999999996,BTC,75812.14,859.48
2026-09-15T18:58:50.689055+00:00,BTC-19SEP26-79500-P,76070.23,BTC-19SEP26,put,79500.0,2026-09-19T08:00:00+00:00,0.009698751202404491,0.047,0.0515,0.04909872,0.04925,76070.23,BTC-19SEP26,0.4586,-0.84429,17.86032,0.0,0.0,0.004499999999999997,BTC,75812.14,0.0
2026-09-15T18:58:50.689055+00:00,BTC-26MAR27-62000-P,77979.48,BTC-26MAR27,put,62000.0,2027-03-26T08:00:00+00:00,0.5244146991832396,0.036,0.0375,0.03655947,0.03675,77979.48,BTC-26MAR27,0.4275,-0.18753,151.67299,258.3,0.2,0.0015000000000000013,BTC,75812.14,570.81
2026-09-15T18:58:50.689055+00:00,BTC-25SEP26-102000-P,76137.47,BTC-25SEP26,put,102000.0,2026-09-25T08:00:00+00:00,0.0261258559251971,0.337,0.343,0.34006189,0.34,76137.47,BTC-25SEP26,0.6986,-0.99475,1.85279,0.4,0.0,0.006000000000000005,BTC,75822.73,0.0
2026-09-15T18:58:50.689055+00:00,BTC-30OCT26-68000-C,76515.74,BTC-30OCT26,call,68000.0,2026-10-30T08:00:00+00:00,0.12195063347482064,0.1245,0.1285,0.12658184,0.1265,76515.74,BTC-30OCT26,0.4077,0.81082,72.14738,516.3,125.0,0.0040000000000000036,BTC,75822.73,1193740.38
2026-09-15T18:58:50.689055+00:00,BTC-27NOV26-80000-C,76772.82,BTC-27NOV26,call,80000.0,2026-11-27T08:00:00+00:00,0.19861045551451947,0.0495,0.0505,0.05022685,0.05,76772.82,BTC-27NOV26,0.3818,0.43132,134.14297,1067.0,18.8,0.0010000000000000009,BTC,75822.73,88499.9
2026-09-15T18:58:50.689055+00:00,BTC-27NOV26-75000-C,76769.19,BTC-27NOV26,call,75000.0,2026-11-27T08:00:00+00:00,0.19861045551451947,0.0795,0.081,0.0800802,0.08025,76769.19,BTC-27NOV26,0.3872,0.5818,133.31191,267.6,6.3,0.0015000000000000013,BTC,75821.04,36302.35
2026-09-15T18:58:50.689055+00:00,BTC-30OCT26-100000-C,76515.74,BTC-30OCT26,call,100000.0,2026-10-30T08:00:00+00:00,0.12195063347482064,0.002,0.0025,0.00232057,0.00225,76515.74,BTC-30OCT26,0.4226,0.03929,22.63958,1944.5,269.2,0.0005,BTC,75821.27,62838.7
2026-09-15T18:58:50.689055+00:00,BTC-25DEC26-105000-C,77073.43,BTC-25DEC26,call,105000.0,2026-12-25T08:00:00+00:00,0.27527027755421835,0.008,0.0085,0.00838844,0.00825,77073.43,BTC-25DEC26,0.4092,0.08929,65.13596,921.5,10.0,0.0005000000000000004,BTC,75821.04,7687.51
2026-09-15T18:58:50.689055+00:00,BTC-2OCT26-76000-C,76211.36,BTC-2OCT26,call,76000.0,2026-10-02T08:00:00+00:00,0.04529081143512181,0.033,0.034,0.03329336,0.0335,76211.36,BTC-2OCT26,0.376,0.51678,64.49905,31.5,27.2,0.0010000000000000009,BTC,75821.27,84268.89
2026-09-15T18:58:50.689055+00:00,BTC-25JUN27-94000-P,78949.98,BTC-25JUN27,put,94000.0,2027-06-25T08:00:00+00:00,0.7735591208122607,0.2655,0.2705,0.26781388,0.268,78949.98,BTC-25JUN27,0.40380000000000005,-0.62589,262.53732,0.1,0.0,0.0050000000000000044,BTC,75821.27,0.0
2026-09-15T18:58:50.689055+00:00,BTC-27NOV26-92000-C,76772.82,BTC-27NOV26,call,92000.0,2026-11-27T08:00:00+00:00,0.19861045551451947,0.014,0.015,0.01464386,0.0145,76772.82,BTC-27NOV26,0.39020000000000005,0.16637,85.1901,70.2,0.5,0.0009999999999999992,BTC,75821.27,652.11
2026-09-15T18:58:50.689055+00:00,BTC-25DEC26-52000-C,77073.43,BTC-25DEC26,call,52000.0,2026-12-25T08:00:00+00:00,0.27527027755421835,0.3305,0.334,0.33238714,0.33225,77073.43,BTC-25DEC26,0.5131,0.94375,45.68575,0.1,0.0,0.003500000000000003,BTC,75821.27,0.0
2026-09-15T18:58:50.689055+00:00,BTC-25DEC26-58000-P,77073.43,BTC-25DEC26,put,58000.0,2026-12-25T08:00:00+00:00,0.27527027755421835,0.012,0.013,0.01235272,0.0125,77073.43,BTC-25DEC26,0.46130000000000004,-0.09939,70.50157,1834.3,0.1,0.0009999999999999992,BTC,75832.0,101.79
2026-09-15T18:58:50.689055+00:00,BTC-17SEP26-79000-P,76041.11,BTC-17SEP26,put,79000.0,2026-09-17T08:00:00+00:00,0.004223049628140289,0.0395,0.043,0.04134487,0.04125,76041.11,BTC-17SEP26,0.5354,-0.8749,10.15443,7.2,0.0,0.003499999999999996,BTC,75832.0,0.0
2026-09-15T18:58:50.689055+00:00,BTC-18SEP26-90000-P,76058.83,BTC-18SEP26,put,90000.0,2026-09-18T08:00:00+00:00,0.006960900415272391,0.181,0.1865,0.18350174,0.18375,76058.83,BTC-18SEP26,0.8495999999999999,-0.9912,1.5092,0.0,0.0,0.005500000000000005,BTC,75832.0,0.0
2026-09-15T18:58:50.689055+00:00,BTC-25SEP26-145000-P,76133.99,BTC-25SEP26,put,145000.0,2026-09-25T08:00:00+00:00,0.0261258559251971,0.901,0.9095,0.90470963,0.90525,76133.99,BTC-25SEP26,0.8234,-1.0,0.00051,0.2,0.0,0.008499999999999952,BTC,75832.0,0.0
2026-09-15T18:58:50.689055+00:00,BTC-18SEP26-86000-P,76063.45,BTC-18SEP26,put,86000.0,2026-09-18T08:00:00+00:00,0.006960900415272391,0.1285,0.134,0.13107732,0.13125,76063.45,BTC-18SEP26,0.6983,-0.98341,2.61385,0.1,0.0,0.005500000000000005,BTC,75832.0,0.0
2026-09-15T18:58:50.689055+00:00,BTC-30OCT26-100000-P,76515.74,BTC-30OCT26,put,100000.0,2026-10-30T08:00:00+00:00,0.12195063347482064,0.306,0.3125,0.30941973,0.30925,76515.74,BTC-30OCT26,0.4226,-0.96053,22.73029,0.3,0.0,0.006500000000000006,BTC,75846.25,0.0
2026-09-15T18:58:50.689055+00:00,BTC-18SEP26-74500-C,76058.83,BTC-18SEP26,call,74500.0,2026-09-18T08:00:00+00:00,0.006960900415272391,0.0265,0.0285,0.02743278,0.0275,76058.83,BTC-18SEP26,0.45520000000000005,0.6924,22.26109,0.0,0.0,0.0020000000000000018,BTC,75846.25,0.0
2026-09-15T18:58:50.689055+00:00,BTC-16SEP26-86000-C,76025.65,BTC-16SEP26,call,86000.0,2026-09-16T08:00:00+00:00,0.001485198841008188,,0.0001,1.987e-05,,76025.65,BTC-16SEP26,1.0822,0.0014,0.1336,23.2,16.4,,BTC,75846.25,147.73
2026-09-15T18:58:50.689055+00:00,BTC-18SEP26-85000-P,76058.83,BTC-18SEP26,put,85000.0,2026-09-18T08:00:00+00:00,0.006960900415272391,0.116,0.121,0.11800109,0.1185,76058.83,BTC-18SEP26,0.6583,-0.97958,3.12113,1.2,1.0,0.0049999999999999906,BTC,75846.25,8290.46
2026-09-15T18:58:50.689055+00:00,BTC-30OCT26-81000-C,76515.74,BTC-30OCT26,call,81000.0,2026-10-30T08:00:00+00:00,0.12195063347482064,0.028,0.029,0.02864976,0.0285,76515.74,BTC-30OCT26,0.36920000000000003,0.34636,98.39415,618.2,4.9,0.0010000000000000009,BTC,75849.08,12456.24
2026-09-15T18:58:50.689055+00:00,BTC-16SEP26-72000-C,76025.65,BTC-16SEP26,call,72000.0,2026-09-16T08:00:00+00:00,0.001485198841008188,0.0505,0.0555,0.05317165,0.053,76025.65,BTC-16SEP26,0.6970999999999999,0.97458,1.73166,0.2,0.2,0.0049999999999999975,BTC,75846.25,1245.86
2026-09-15T18:58:50.689055+00:00,BTC-19SEP26-73000-P,76070.23,BTC-19SEP26,put,73000.0,2026-09-19T08:00:00+00:00,0.009698751202404491,0.0042,0.0045,0.00425028,0.00435,76070.23,BTC-19SEP26,0.4548,-0.18617,20.03329,5.5,5.5,0.0002999999999999999,BTC,75849.08,1618.94
2026-09-15T18:58:50.689055+00:00,BTC-30OCT26-55000-C,76515.74,BTC-30OCT26,call,55000.0,2026-10-30T08:00:00+00:00,0.12195063347482064,0.282,0.2865,0.28434525,0.28425,76515.74,BTC-30OCT26,0.5624,0.96119,22.42418,0.1,0.0,0.004500000000000004,BTC,75849.08,0.0
2026-09-15T18:58:50.689055+00:00,BTC-25DEC26-94000-P,77073.43,BTC-25DEC26,put,94000.0,2026-12-25T08:00:00+00:00,0.27527027755421835,0.2365,0.2425,0.23917978,0.2395,77073.43,BTC-25DEC26,0.3883,-0.81141,109.02418,5.3,0.0,0.006000000000000005,BTC,75849.08,0.0
2026-09-15T18:58:50.689055+00:00,BTC-25DEC26-220000-C,77078.05,BTC-25DEC26,call,220000.0,2026-12-25T08:00:00+00:00,0.27527027755421835,0.0002,0.0004,0.00037529,0.0003,77078.05,BTC-25DEC26,0.698,0.00348,4.22505,255.6,0.0,0.0002,BTC,75849.08,0.0
2026-09-15T18:58:50.689055+00:00,BTC-26MAR27-80000-C,77979.96,BTC-26MAR27,call,80000.0,2027-03-26T08:00:00+00:00,0.5244146991832396,0.1015,0.1035,0.10266227,0.1025,77979.96,BTC-26MAR27,0.3947,0.51847,224.66232,1100.1,4.4,0.001999999999999988,BTC,75849.08,36506.31
2026-09-15T18:58:50.689055+00:00,BTC-25SEP26-175000-P,76137.47,BTC-25SEP26,put,175000.0,2026-09-25T08:00:00+00:00,0.0261258559251971,1.294,1.305,1.29878746,1.2995,76137.47,BTC-25SEP26,0.89,-1.0,0.0,0.2,0.0,0.010999999999999899,BTC,75857.24,0.0
2026-09-15T18:58:50.689055+00:00,BTC-25SEP26-77000-C,76137.3,BTC-25SEP26,call,77000.0,2026-09-25T08:00:00+00:00,0.0261258559251971,0.0195,0.0205,0.01988077,0.02,76137.3,BTC-25SEP26,0.38789999999999997,0.42753,48.19198,568.5,290.7,0.0010000000000000009,BTC,75857.24,541558.63
2026-09-15T18:58:50.689055+00:00,BTC-27NOV26-60000-C,76772.82,BTC-27NOV26,call,60000.0,2026-11-27T08:00:00+00:00,0.19861045551451947,0.227,0.231,0.22864082,0.229,76772.82,BTC-27NOV26,0.46140000000000003,0.90138,59.32263,0.1,0.0,0.0040000000000000036,BTC,75857.24,0.0
2026-09-15T18:58:50.689055+00:00,BTC-25JUN27-66000-C,78949.98,BTC-25JUN27,call,66000.0,2027-06-25T08:00:00+00:00,0.7735591208122607,0.2305,0.234,0.23259346,0.23225,78949.98,BTC-25JUN27,0.4227,0.74606,222.09907,25.6,0.0,0.003500000000000003,BTC,75857.24,0.0
2026-09-15T18:58:50.689055+00:00,BTC-25DEC26-56000-P,77073.43,BTC-25DEC26,put,56000.0,2026-12-25T08:00:00+00:00,0.27527027755421835,0.01,0.0105,0.01021285,0.01025,77073.43,BTC-25DEC26,0.47759999999999997,-0.08216,61.23393,520.0,5.1,0.0005000000000000004,BTC,75865.21,3895.76
2026-09-15T18:58:50.689055+00:00,BTC-25SEP26-75000-P,76137.3,BTC-25SEP26,put,75000.0,2026-09-25T08:00:00+00:00,0.0261258559251971,0.018,0.019,0.01827299,0.0185,76137.3,BTC-25SEP26,0.3908,-0.40626,47.64858,4787.5,627.5,0.0010000000000000009,BTC,75865.21,837489.69
2026-09-15T18:58:50.689055+00:00,BTC-25JUN27-66000-P,78949.98,BTC-25JUN27,put,66000.0,2027-06-25T08:00:00+00:00,0.7735591208122607,0.0675,0.07,0.06862861,0.06875,78949.98,BTC-25JUN27,0.4227,-0.25385,222.07999,46.6,0.0,0.0025000000000000022,BTC,75865.21,0.0
2026-09-15T18:58:50.689055+00:00,BTC-25DEC26-94000-C,77073.43,BTC-25DEC26,call,94000.0,2026-12-25T08:00:00+00:00,0.27527027755421835,0.019,0.02,0.01963895,0.0195,77073.43,BTC-25DEC26,0.3883,0.18888,109.15095,412.0,42.7,0.0010000000000000009,BTC,75865.21,71251.77
2026-09-15T18:58:50.689055+00:00,BTC-27NOV26-68000-C,76772.82,BTC-27NOV26,call,68000.0,2026-11-27T08:00:00+00:00,0.19861045551451947,0.139,0.1415,0.14017254,0.14025,76772.82,BTC-27NOV26,0.40909999999999996,0.77203,103.19986,0.0,0.0,0.0024999999999999745,BTC,75865.21,0.0
2026-09-15T18:58:50.689055+00:00,BTC-25SEP26-56000-C,76137.47,BTC-25SEP26,call,56000.0,2026-09-25T08:00:00+00:00,0.0261258559251971,0.263,0.2665,0.26466827,0.26475,76137.47,BTC-25SEP26,0.7854000000000001,0.99322,2.32711,13.4,0.0,0.003500000000000003,BTC,75896.51,0.0
2026-09-15T18:58:50.689055+00:00,BTC-25SEP26-62000-C,76133.99,BTC-25SEP26,call,62000.0,2026-09-25T08:00:00+00:00,0.0261258559251971,0.1845,0.188,0.18624887,0.18625,76133.99,BTC-25SEP26,0.6202000000000001,0.98104,5.68511,597.2,0.0,0.003500000000000003,BTC,75896.51,0.0
2026-09-15T18:58:50.689055+00:00,BTC-30OCT26-105000-C,76515.74,BTC-30OCT26,call,105000.0,2026-10-30T08:00:00+00:00,0.12195063347482064,0.0013,0.0016,0.00145606,0.00145,76515.74,BTC-30OCT26,0.44780000000000003,0.02527,15.73554,1146.3,6.3,0.00030000000000000014,BTC,75896.51,864.46
2026-09-15T18:58:50.689055+00:00,BTC-30OCT26-55000-P,76515.74,BTC-30OCT26,put,55000.0,2026-10-30T08:00:00+00:00,0.12195063347482064,0.0031,0.0035,0.00318904,0.0033,76515.74,BTC-30OCT26,0.5624,-0.03844,22.26768,320.0,4.0,0.0004000000000000002,BTC,75914.94,801.85
2026-09-15T18:58:50.689055+00:00,BTC-25JUN27-160000-P,78949.6,BTC-25JUN27,put,160000.0,2027-06-25T08:00:00+00:00,0.7735591208122607,1.021,1.052,1.0370978,1.0365,78949.6,BTC-25JUN27,0.4697,-0.93412,88.86277,0.2,0.0,0.03100000000000014,BTC,75896.51,0.0
2026-09-15T18:58:50.689055+00:00,BTC-25SEP26-70000-C,76137.47,BTC-25SEP26,call,70000.0,2026-09-25T08:00:00+00:00,0.0261258559251971,0.0825,0.086,0.08449727,0.08425,76137.47,BTC-25SEP26,0.4407,0.88406,23.99894,10943.3,54.3,0.0034999999999999892,BTC,75914.94,317377.94
2026-09-15T18:58:50.689055+00:00,BTC-27NOV26-85000-P,76769.19,BTC-27NOV26,put,85000.0,2026-11-27T08:00:00+00:00,0.19861045551451947,0.1355,0.1395,0.13748708,0.1375,76769.19,BTC-27NOV26,0.38159999999999994,-0.69948,118.90293,23.8,0.2,0.0040000000000000036,BTC,75914.94,2015.21
2026-09-15T18:58:50.689055+00:00,BTC-25SEP26-260000-P,76137.47,BTC-25SEP26,put,260000.0,2026-09-25T08:00:00+00:00,0.0261258559251971,2.406,2.4265,2.41534137,2.41625,76137.47,BTC-25SEP26,1.2309,-1.0,0.0,0.0,0.0,0.02049999999999974,BTC,75914.94,0.0
2026-09-15T18:58:50.689055+00:00,BTC-17SEP26-74500-C,76045.73,BTC-17SEP26,call,74500.0,2026-09-17T08:00:00+00:00,0.004223049628140289,0.0245,0.0265,0.02529193,0.0255,76045.73,BTC-17SEP26,0.4926,0.72805,16.37007,0.7,0.7,0.0019999999999999983,BTC,75914.94,1854.89
2026-09-15T18:58:50.689055+00:00,BTC-26MAR27-85000-C,77979.96,BTC-26MAR27,call,85000.0,2027-03-26T08:00:00+00:00,0.5244146991832396,0.0775,0.0795,0.07896761,0.0785,77979.96,BTC-26MAR27,0.3942,0.4351,222.11564,346.7,1.0,0.0020000000000000018,BTC,75914.94,5630.6
2026-09-15T18:58:50.689055+00:00,BTC-25JUN27-102000-C,78954.22,BTC-25JUN27,call,102000.0,2027-06-25T08:00:00+00:00,0.7735591208122607,0.055,0.0565,0.05623697,0.05575,78954.22,BTC-25JUN27,0.40740000000000004,0.2944,239.07503,46.3,1.0,0.0015000000000000013,BTC,75914.94,4873.13
2026-09-15T18:58:50.689055+00:00,BTC-25DEC26-110000-P,77078.05,BTC-25DEC26,put,110000.0,2026-12-25T08:00:00+00:00,0.27527027755421835,0.4305,0.437,0.43319888,0.43375,77078.05,BTC-25DEC26,0.4226,-0.93331,52.23221,55.6,0.0,0.006500000000000006,BTC,75889.18,0.0
2026-09-15T18:58:50.689055+00:00,BTC-26MAR27-52000-P,77979.96,BTC-26MAR27,put,52000.0,2027-03-26T08:00:00+00:00,0.5244146991832396,0.0155,0.017,0.01613628,0.01625,77979.96,BTC-26MAR27,0.4733,-0.08851,90.49779,124.5,7.1,0.0015000000000000013,BTC,75914.94,8451.42
2026-09-15T18:58:50.689055+00:00,BTC-27NOV26-87000-P,76772.82,BTC-27NOV26,put,87000.0,2026-11-27T08:00:00+00:00,0.19861045551451947,0.155,0.1595,0.1578761,0.15725,76772.82,BTC-27NOV26,0.3831,-0.74434,109.86428,3.7,0.0,0.004500000000000004,BTC,75889.18,0.0
2026-09-15T18:58:50.689055+00:00,BTC-19SEP26-74500-C,76074.89,BTC-19SEP26,call,74500.0,2026-09-19T08:00:00+00:00,0.009698751202404491,0.028,0.0305,0.02923387,0.02925,76074.89,BTC-19SEP26,0.43560000000000004,0.6801,26.74544,0.1,0.1,0.0024999999999999988,BTC,75889.18,172.66
2026-09-15T18:58:50.689055+00:00,BTC-30OCT26-89000-C,76515.74,BTC-30OCT26,call,89000.0,2026-10-30T08:00:00+00:00,0.12195063347482064,0.0085,0.0095,0.00904961,0.009,76515.74,BTC-30OCT26,0.37979999999999997,0.13845,58.93768,168.5,5.2,0.0009999999999999992,BTC,75889.18,4593.4
2026-09-15T18:58:50.689055+00:00,BTC-30OCT26-61000-P,76515.74,BTC-30OCT26,put,61000.0,2026-10-30T08:00:00+00:00,0.12195063347482064,0.0055,0.0065,0.00596649,0.006,76515.74,BTC-30OCT26,0.47729999999999995,-0.07609,38.1875,269.4,2.1,0.001,BTC,75889.18,968.87
2026-09-15T18:58:50.689055+00:00,BTC-25JUN27-60000-P,78949.6,BTC-25JUN27,put,60000.0,2027-06-25T08:00:00+00:00,0.7735591208122607,0.0455,0.0475,0.04618621,0.0465,78949.6,BTC-25JUN27,0.4365,-0.18332,184.09529,200.4,0.0,0.0020000000000000018,BTC,75902.53,0.0
2026-09-15T18:58:50.689055+00:00,BTC-25DEC26-125000-P,77073.43,BTC-25DEC26,put,125000.0,2026-12-25T08:00:00+00:00,0.27527027755421835,0.621,0.6285,0.62460725,0.62475,77073.43,BTC-25DEC26,0.4681,-0.96819,28.8441,9.1,0.0,0.007499999999999951,BTC,75902.53,0.0
2026-09-15T18:58:50.689055+00:00,BTC-19SEP26-72000-P,76070.23,BTC-19SEP26,put,72000.0,2026-09-19T08:00:00+00:00,0.009698751202404491,0.0026,0.003,0.00272418,0.0028,76070.23,BTC-19SEP26,0.4771,-0.12245,15.17953,3.5,3.5,0.0004000000000000002,BTC,75902.53,705.76
2026-09-15T18:58:50.689055+00:00,BTC-27NOV26-58000-C,76772.82,BTC-27NOV26,call,58000.0,2026-11-27T08:00:00+00:00,0.19861045551451947,0.251,0.255,0.25272129,0.253,76772.82,BTC-27NOV26,0.4797,0.92079,50.43095,0.0,0.0,0.0040000000000000036,BTC,75911.6,0.0
2026-09-15T18:58:50.689055+00:00,BTC-18SEP26-86000-C,76058.83,BTC-18SEP26,call,86000.0,2026-09-18T08:00:00+00:00,0.006960900415272391,0.0003,0.0005,0.00039266,0.0004,76058.83,BTC-18SEP26,0.6983,0.01736,2.72028,681.3,21.8,0.00020000000000000004,BTC,75911.6,1041.83
2026-09-15T18:58:50.689055+00:00,BTC-26MAR27-110000-P,77979.96,BTC-26MAR27,put,110000.0,2027-03-26T08:00:00+00:00,0.5244146991832396,0.4295,0.436,0.43265378,0.43275,77979.96,BTC-26MAR27,0.4138,-0.84204,136.11818,4.1,0.0,0.006500000000000006,BTC,75902.53,0.0
2026-09-15T18:58:50.689055+00:00,BTC-16SEP26-71000-C,76025.65,BTC-16SEP26,call,71000.0,2026-09-16T08:00:00+00:00,0.001485198841008188,0.064,0.0675,0.06626938,0.06575,76025.65,BTC-16SEP26,0.8104,0.98481,1.11912,9.6,9.6,0.003500000000000003,BTC,75911.6,70224.28
2026-09-15T18:58:50.689055+00:00,BTC-26MAR27-52000-C,77979.96,BTC-26MAR27,call,52000.0,2027-03-26T08:00:00+00:00,0.5244146991832396,0.347,0.351,0.34930829,0.349,77979.96,BTC-26MAR27,0.4733,0.91147,90.5077,5.3,0.0,0.0040000000000000036,BTC,75911.6,0.0
2026-09-15T18:58:50.689055+00:00,BTC-25SEP26-90000-P,76137.47,BTC-25SEP26,put,90000.0,2026-09-25T08:00:00+00:00,0.0261258559251971,0.1805,0.186,0.18303361,0.18325,76137.47,BTC-25SEP26,0.5206000000000001,-0.97549,7.06488,579.7,0.4,0.005500000000000005,BTC,75892.0,4354.66
2026-09-15T18:58:50.689055+00:00,BTC-25JUN27-50000-P,78954.22,BTC-25JUN27,put,50000.0,2027-06-25T08:00:00+00:00,0.7735591208122607,0.022,0.0235,0.02252956,0.02275,78954.22,BTC-25JUN27,0.4731,-0.09655,118.61774,402.4,1.9,0.0015000000000000013,BTC,75892.0,3064.74
2026-09-15T18:58:50.689055+00:00,BTC-25SEP26-320000-P,76137.47,BTC-25SEP26,put,320000.0,2026-09-25T08:00:00+00:00,0.0261258559251971,3.193,3.2165,3.20349707,3.20475,76137.47,BTC-25SEP26,1.4015,-1.0,0.0,25.1,0.0,0.023499999999999854,BTC,75892.0,0.0
2026-09-15T18:58:50.689055+00:00,BTC-2OCT26-74000-C,76211.36,BTC-2OCT26,call,74000.0,2026-10-02T08:00:00+00:00,0.04529081143512181,0.0475,0.0495,0.04853424,0.0485,76211.36,BTC-2OCT26,0.3818,0.64899,60.05671,0.8,0.8,0.0020000000000000018,BTC,75892.0,3947.32
2026-09-15T18:58:50.689055+00:00,BTC-30OCT26-105000-P,76515.74,BTC-30OCT26,put,105000.0,2026-10-30T08:00:00+00:00,0.12195063347482064,0.3705,0.377,0.37391018,0.37375,76515.74,BTC-30OCT26,0.44780000000000003,-0.97476,15.72185,0.6,0.0,0.006500000000000006,BTC,75892.0,0.0
2026-09-15T18:58:50.689055+00:00,BTC-26MAR27-68000-C,77979.96,BTC-26MAR27,call,68000.0,2027-03-26T08:00:00+00:00,0.5244146991832396,0.1845,0.1875,0.18614123,0.186,77979.96,BTC-26MAR27,0.41090000000000004,0.72713,187.49427,196.5,0.0,0.0030000000000000027,BTC,75892.0,0.0
2026-09-15T18:58:50.689055+00:00,BTC-25DEC26-52000-P,77073.43,BTC-25DEC26,put,52000.0,2026-12-25T08:00:00+00:00,0.27527027755421835,0.0065,0.0075,0.00702675,0.007,77073.43,BTC-25DEC26,0.5131,-0.05589,45.49401,452.9,0.3,0.001,BTC,75884.09,166.75
2026-09-15T18:58:50.689055+00:00,BTC-25SEP26-94000-C,76137.47,BTC-25SEP26,call,94000.0,2026-09-25T08:00:00+00:00,0.0261258559251971,0.0003,0.0006,0.00048148,0.00045,76137.47,BTC-25SEP26,0.5866,0.01396,4.37436,908.6,74.4,0.0003,BTC,75884.09,3879.52
2026-09-15T18:58:50.689055+00:00,BTC-30OCT26-83000-P,76515.74,BTC-30OCT26,put,83000.0,2026-10-30T08:00:00+00:00,0.12195063347482064,0.104,0.1085,0.10647374,0.10625,76515.74,BTC-30OCT26,0.37,-0.71884,89.98673,104.6,0.0,0.004500000000000004,BTC,75884.09,0.0
2026-09-15T18:58:50.689055+00:00,BTC-17SEP26-84000-P,76041.11,BTC-17SEP26,put,84000.0,2026-09-17T08:00:00+00:00,0.004223049628140289,0.1025,0.108,0.10504677,0.10525,76041.11,BTC-17SEP26,0.7535,-0.97994,2.39384,0.0,0.0,0.005500000000000005,BTC,75884.09,0.0
2026-09-15T18:58:50.689055+00:00,BTC-16SEP26-80000-P,76025.65,BTC-16SEP26,put,80000.0,2026-09-16T08:00:00+00:00,0.001485198841008188,0.051,0.055,0.0524426,0.053,76025.65,BTC-16SEP26,0.6402,-0.98428,1.1517,14.8,0.0,0.0040000000000000036,BTC,75884.09,0.0
2026-09-15T18:58:50.689055+00:00,BTC-25DEC26-96000-C,77073.43,BTC-25DEC26,call,96000.0,2026-12-25T08:00:00+00:00,0.27527027755421835,0.0165,0.017,0.01668653,0.01675,77073.43,BTC-25DEC26,0.39149999999999996,0.16468,100.09736,1516.6,31.0,0.0005000000000000004,BTC,75872.03,45211.54
2026-09-15T18:58:50.689055+00:00,BTC-18SEP26-74000-P,76063.45,BTC-18SEP26,put,74000.0,2026-09-18T08:00:00+00:00,0.006960900415272391,0.005,0.0055,0.00537586,0.00525,76063.45,BTC-18SEP26,0.46409999999999996,-0.2472,20.01025,1838.4,302.0,0.0004999999999999996,BTC,75872.03,99718.8
2026-09-15T18:58:50.689055+00:00,BTC-27NOV26-69000-P,76772.82,BTC-27NOV26,put,69000.0,2026-11-27T08:00:00+00:00,0.19861045551451947,0.0285,0.03,0.02923357,0.02925,76772.82,BTC-27NOV26,0.4048,-0.25106,108.79698,49.5,22.8,0.0014999999999999979,BTC,75872.03,47278.68
2026-09-15T18:58:50.689055+00:00,BTC-25JUN27-170000-C,78949.6,BTC-25JUN27,call,170000.0,2027-06-25T08:00:00+00:00,0.7735591208122607,0.0075,0.009,0.00841469,0.00825,78949.6,BTC-25JUN27,0.4807,0.05395,75.96135,152.7,0.0,0.0014999999999999996,BTC,75872.03,0.0
2026-09-15T18:58:50.689055+00:00,BTC-25DEC26-68000-C,77073.43,BTC-25DEC26,call,68000.0,2026-12-25T08:00:00+00:00,0.27527027755421835,0.151,0.1535,0.15228457,0.15225,77073.43,BTC-25DEC26,0.4072,0.75305,127.46231,1031.4,0.0,0.0025000000000000022,BTC,75872.03,0.0
2026-09-15T18:58:50.689055+00:00,BTC-27NOV26-102000-C,76769.19,BTC-27NOV26,call,102000.0,2026-11-27T08:00:00+00:00,0.19861045551451947,0.005,0.006,0.00572295,0.0055,76769.19,BTC-27NOV26,0.41490000000000005,0.0725,47.11068,97.8,0.2,0.001,BTC,75857.98,104.41
2026-09-15T18:58:50.689055+00:00,BTC-25JUN27-40000-C,78949.6,BTC-25JUN27,call,40000.0,2027-06-25T08:00:00+00:00,0.7735591208122607,0.5025,0.5045,0.50381851,0.5035,78949.6,BTC-25JUN27,0.5302,0.95406,66.81104,19.2,2.6,0.0020000000000000018,BTC,75857.98,101218.96
2026-09-15T18:58:50.689055+00:00,BTC-27NOV26-100000-P,76772.82,BTC-27NOV26,put,100000.0,2026-11-27T08:00:00+00:00,0.19861045551451947,0.306,0.312,0.30943701,0.309,76772.82,BTC-27NOV26,0.4078,-0.91565,52.83836,0.0,0.0,0.006000000000000005,BTC,75857.98,0.0
2026-09-15T18:58:50.689055+00:00,BTC-2OCT26-74000-P,76211.36,BTC-2OCT26,put,74000.0,2026-10-02T08:00:00+00:00,0.04529081143512181,0.019,0.02,0.01950624,0.0195,76211.36,BTC-2OCT26,0.3818,-0.3531,60.15798,88.3,7.1,0.0010000000000000009,BTC,75857.98,9150.45
2026-09-15T18:58:50.689055+00:00,BTC-25SEP26-94000-P,76133.99,BTC-25SEP26,put,94000.0,2026-09-25T08:00:00+00:00,0.0261258559251971,0.2325,0.2385,0.23525875,0.2355,76133.99,BTC-25SEP26,0.5866,-0.98617,4.33651,1.9,0.0,0.005999999999999978,BTC,75860.11,0.0
2026-09-15T18:58:50.689055+00:00,BTC-26MAR27-100000-C,77979.96,BTC-26MAR27,call,100000.0,2027-03-26T08:00:00+00:00,0.5244146991832396,0.0345,0.0365,0.03580609,0.0355,77979.96,BTC-26MAR27,0.4021,0.23714,174.12822,575.7,101.5,0.001999999999999995,BTC,75857.98,295571.0
2026-09-15T18:58:50.689055+00:00,BTC-26MAR27-68000-P,77979.48,BTC-26MAR27,put,68000.0,2027-03-26T08:00:00+00:00,0.5244146991832396,0.057,0.059,0.05814863,0.058,77979.48,BTC-26MAR27,0.41090000000000004,-0.27336,187.5782,294.8,5.1,0.001999999999999995,BTC,75860.11,20466.15
2026-09-15T18:58:50.689055+00:00,BTC-27NOV26-87000-C,76772.82,BTC-27NOV26,call,87000.0,2026-11-27T08:00:00+00:00,0.19861045551451947,0.024,0.025,0.0245302,0.0245,76772.82,BTC-27NOV26,0.3831,0.25492,109.65534,75.4,25.0,0.0010000000000000009,BTC,75860.11,59851.14
2026-09-15T18:58:50.689055+00:00,BTC-2OCT26-90000-P,76215.98,BTC-2OCT26,put,90000.0,2026-10-02T08:00:00+00:00,0.04529081143512181,0.1795,0.1855,0.18270351,0.1825,76215.98,BTC-2OCT26,0.4524,-0.95578,15.13137,0.1,0.0,0.006000000000000005,BTC,75860.11,0.0
2026-09-15T18:58:50.689055+00:00,BTC-2OCT26-84000-P,76211.36,BTC-2OCT26,put,84000.0,2026-10-02T08:00:00+00:00,0.04529081143512181,0.1055,0.1105,0.10786376,0.108,76211.36,BTC-2OCT26,0.401,-0.86917,34.4005,0.0,0.0,0.0050000000000000044,BTC,75860.11,0.0
2026-09-15T18:58:50.689055+00:00,BTC-25JUN27-52000-P,78949.6,BTC-25JUN27,put,52000.0,2027-06-25T08:00:00+00:00,0.7735591208122607,0.0255,0.027,0.02632593,0.02625,78949.6,BTC-25JUN27,0.46549999999999997,-0.11125,131.41373,54.0,0.0,0.0015000000000000013,BTC,75864.31,0.0
2026-09-15T18:58:50.689055+00:00,BTC-17SEP26-80500-P,76045.73,BTC-17SEP26,put,80500.0,2026-09-17T08:00:00+00:00,0.004223049628140289,0.057,0.0625,0.05983866,0.05975,76045.73,BTC-17SEP26,0.5927,-0.93532,6.22803,0.0,0.0,0.005499999999999998,BTC,75864.31,0.0
2026-09-15T18:58:50.689055+00:00,BTC-25SEP26-78000-P,76137.47,BTC-25SEP26,put,78000.0,2026-09-25T08:00:00+00:00,0.0261258559251971,0.0385,0.0405,0.03957743,0.0395,76137.47,BTC-25SEP26,0.38909999999999995,-0.64866,45.5749,2654.6,99.3,0.0020000000000000018,BTC,75881.93,233330.04
2026-09-15T18:58:50.689055+00:00,BTC-16SEP26-80500-C,76025.65,BTC-16SEP26,call,80500.0,2026-09-16T08:00:00+00:00,0.001485198841008188,,0.0002,0.00017305,,76025.65,BTC-16SEP26,0.7015,0.01472,1.08842,42.0,50.8,,BTC,75864.31,2335.03
2026-09-15T18:58:50.689055+00:00,BTC-27NOV26-77000-P,76772.82,BTC-27NOV26,put,77000.0,2026-11-27T08:00:00+00:00,0.19861045551451947,0.069,0.0705,0.06995286,0.06975,76772.82,BTC-27NOV26,0.38439999999999996,-0.47743,136.04671,53.9,14.4,0.0014999999999999875,BTC,75864.31,78532.76
2026-09-15T18:58:50.689055+00:00,BTC-27NOV26-77000-C,76772.82,BTC-27NOV26,call,77000.0,2026-11-27T08:00:00+00:00,0.19861045551451947,0.066,0.0675,0.06685851,0.06675,76772.82,BTC-27NOV26,0.38439999999999996,0.52259,136.04734,36.0,14.1,0.0015000000000000013,BTC,75881.93,75771.61
2026-09-15T18:58:50.689055+00:00,BTC-25SEP26-87000-C,76137.47,BTC-25SEP26,call,87000.0,2026-09-25T08:00:00+00:00,0.0261258559251971,0.0012,0.0016,0.00143326,0.0014,76137.47,BTC-25SEP26,0.4793,0.04368,11.3703,64.3,27.1,0.0004000000000000002,BTC,75881.93,3709.89
2026-09-15T18:58:50.689055+00:00,BTC-26MAR27-125000-P,77979.96,BTC-26MAR27,put,125000.0,2027-03-26T08:00:00+00:00,0.5244146991832396,0.611,0.6185,0.61472423,0.61475,77979.96,BTC-26MAR27,0.4359,-0.91039,91.28874,0.1,0.0,0.007500000000000062,BTC,75881.93,0.0
2026-09-15T18:58:50.689055+00:00,BTC-26MAR27-115000-C,77979.96,BTC-26MAR27,call,115000.0,2027-03-26T08:00:00+00:00,0.5244146991832396,0.0165,0.018,0.01761995,0.01725,77979.96,BTC-26MAR27,0.42060000000000003,0.12941,118.93069,711.8,0.0,0.0014999999999999979,BTC,75881.93,0.0
2026-09-15T18:58:50.689055+00:00,BTC-26MAR27-86000-C,77979.96,BTC-26MAR27,call,86000.0,2027-03-26T08:00:00+00:00,0.5244146991832396,0.0735,0.0755,0.07483668,0.0745,77979.96,BTC-26MAR27,0.3942,0.41836,220.2707,141.7,0.0,0.0020000000000000018,BTC,75881.93,0.0
2026-09-15T18:58:50.689055+00:00,BTC-17SEP26-71000-C,76041.11,BTC-17SEP26,call,71000.0,2026-09-17T08:00:00+00:00,0.004223049628140289,0.0645,0.0695,0.06698811,0.067,76041.11,BTC-17SEP26,0.6146,0.95486,4.68715,0.0,0.0,0.0050000000000000044,BTC,75885.07,0.0
2026-09-15T18:58:50.689055+00:00,BTC-27NOV26-62000-C,76772.82,BTC-27NOV26,call,62000.0,2026-11-27T08:00:00+00:00,0.19861045551451947,0.2035,0.2075,0.20515635,0.2055,76772.82,BTC-27NOV26,0.44520000000000004,0.87838,68.99277,0.0,0.0,0.0040000000000000036,BTC,75885.07,0.0
2026-09-15T18:58:50.689055+00:00,BTC-27NOV26-80000-P,76772.82,BTC-27NOV26,put,80000.0,2026-11-27T08:00:00+00:00,0.19861045551451947,0.0915,0.093,0.09236885,0.09225,76772.82,BTC-27NOV26,0.3818,-0.56635,134.41303,106.2,19.7,0.0015000000000000013,BTC,75885.07,131243.61
2026-09-15T18:58:50.689055+00:00,BTC-25JUN27-80000-P,78949.98,BTC-25JUN27,put,80000.0,2027-06-25T08:00:00+00:00,0.7735591208122607,0.1475,0.1505,0.14925512,0.149,78949.98,BTC-25JUN27,0.4053,-0.44574,274.08262,47.7,4.2,0.0030000000000000027,BTC,75885.07,47020.55
2026-09-15T18:58:50.689055+00:00,BTC-25DEC26-55000-P,77073.43,BTC-25DEC26,put,55000.0,2026-12-25T08:00:00+00:00,0.27527027755421835,0.009,0.0095,0.00927521,0.00925,77073.43,BTC-25DEC26,0.48590000000000005,-0.0744,56.81986,3261.1,600.1,0.0005000000000000004,BTC,75897.64,453083.77
2026-09-15T18:58:50.689055+00:00,BTC-25SEP26-98000-C,76133.99,BTC-25SEP26,call,98000.0,2026-09-25T08:00:00+00:00,0.0261258559251971,0.0002,0.0004,0.00032747,0.0003,76133.99,BTC-25SEP26,0.6516,0.00897,2.97808,1119.9,18.8,0.0002,BTC,75897.64,554.15
2026-09-15T18:58:50.689055+00:00,BTC-25JUN27-30000-P,78954.22,BTC-25JUN27,put,30000.0,2027-06-25T08:00:00+00:00,0.7735591208122607,0.0044,0.0049,0.00476059,0.00465,78954.22,BTC-25JUN27,0.6148,-0.01992,33.45525,342.4,0.0,0.0004999999999999996,BTC,75897.64,0.0
2026-09-15T18:58:50.689055+00:00,BTC-25SEP26-100000-P,76133.99,BTC-25SEP26,put,100000.0,2026-09-25T08:00:00+00:00,0.0261258559251971,0.311,0.317,0.31388817,0.314,76133.99,BTC-25SEP26,0.6879000000000001,-0.99242,2.56876,336.1,0.2,0.006000000000000005,BTC,75924.94,4157.58
2026-09-15T18:58:50.689055+00:00,BTC-18SEP26-73000-C,76063.45,BTC-18SEP26,call,73000.0,2026-09-18T08:00:00+00:00,0.006960900415272391,0.041,0.0455,0.04336896,0.04325,76063.45,BTC-18SEP26,0.48100000000000004,0.8426,15.25172,9.0,0.0,0.004499999999999997,BTC,75924.94,0.0
2026-09-15T18:58:50.689055+00:00,BTC-27NOV26-72000-C,76772.82,BTC-27NOV26,call,72000.0,2026-11-27T08:00:00+00:00,0.19861045551451947,0.1025,0.104,0.10330153,0.10325,76772.82,BTC-27NOV26,0.39409999999999995,0.67231,123.44756,25.3,25.0,0.0015000000000000013,BTC,75924.94,198891.17
2026-09-15T18:58:50.689055+00:00,BTC-2OCT26-86000-P,76215.98,BTC-2OCT26,put,86000.0,2026-10-02T08:00:00+00:00,0.04529081143512181,0.1295,0.1345,0.13211888,0.132,76215.98,BTC-2OCT26,0.415,-0.9097,26.38009,0.0,0.0,0.0050000000000000044,BTC,75924.94,0.0
2026-09-15T18:58:50.689055+00:00,BTC-30OCT26-102000-C,76515.74,BTC-30OCT26,call,102000.0,2026-10-30T08:00:00+00:00,0.12195063347482064,0.0017,0.0021,0.00191097,0.0019,76515.74,BTC-30OCT26,0.43270000000000003,0.03325,19.77484,213.6,0.2,0.00039999999999999996,BTC,75924.94,36.74
2026-09-15T18:58:50.689055+00:00,BTC-16SEP26-80500-P,76025.65,BTC-16SEP26,put,80500.0,2026-09-16T08:00:00+00:00,0.001485198841008188,0.057,0.062,0.05901173,0.0595,76025.65,BTC-16SEP26,0.7015,-0.98411,1.1631,0.0,0.0,0.0049999999999999975,BTC,75924.94,0.0
2026-09-15T18:58:50.689055+00:00,BTC-18SEP26-76500-P,76063.45,BTC-18SEP26,put,76500.0,2026-09-18T08:00:00+00:00,0.006960900415272391,0.0175,0.019,0.01803783,0.01825,76063.45,BTC-18SEP26,0.4483,-0.56678,24.93126,23.3,21.0,0.0014999999999999979,BTC,75937.14,23676.45
2026-09-15T18:58:50.689055+00:00,BTC-27NOV26-83000-P,76772.82,BTC-27NOV26,put,83000.0,2026-11-27T08:00:00+00:00,0.19861045551451947,0.117,0.1195,0.11837652,0.11825,76772.82,BTC-27NOV26,0.3811,-0.64813,126.88314,46.1,2.2,0.0024999999999999883,BTC,75937.14,16300.24
2026-09-15T18:58:50.689055+00:00,BTC-27NOV26-79000-C,76772.82,BTC-27NOV26,call,79000.0,2026-11-27T08:00:00+00:00,0.19861045551451947,0.0545,0.056,0.05535683,0.05525,76772.82,BTC-27NOV26,0.3824,0.46464,135.86104,141.9,23.4,0.0015000000000000013,BTC,75937.14,122579.62
2026-09-15T18:58:50.689055+00:00,BTC-25SEP26-102000-C,76137.47,BTC-25SEP26,call,102000.0,2026-09-25T08:00:00+00:00,0.0261258559251971,0.0001,0.0003,0.00019719,0.0002,76137.47,BTC-25SEP26,0.6986,0.00545,1.91922,248.0,5.0,0.00019999999999999998,BTC,75937.14,76.06
2026-09-15T18:58:50.689055+00:00,BTC-19SEP26-86000-P,76074.89,BTC-19SEP26,put,86000.0,2026-09-19T08:00:00+00:00,0.009698751202404491,0.1285,0.134,0.13104178,0.13125,76074.89,BTC-19SEP26,0.6173,-0.97795,3.93578,0.0,0.0,0.005500000000000005,BTC,75937.14,0.0
2026-09-15T18:58:50.689055+00:00,BTC-26MAR27-102000-C,77979.96,BTC-26MAR27,call,102000.0,2027-03-26T08:00:00+00:00,0.5244146991832396,0.031,0.033,0.03237758,0.032,77979.96,BTC-26MAR27,0.4042,0.21928,166.80074,127.4,0.0,0.0020000000000000018,BTC,75937.14,0.0
2026-09-15T18:58:50.689055+00:00,BTC-19SEP26-75000-P,76070.23,BTC-19SEP26,put,75000.0,2026-09-19T08:00:00+00:00,0.009698751202404491,0.0105,0.011,0.01075181,0.01075,76070.23,BTC-19SEP26,0.4322,-0.37125,28.28998,0.0,0.0,0.0004999999999999987,BTC,75937.14,0.0
2026-09-15T18:58:50.689055+00:00,BTC-19SEP26-74500-P,76070.23,BTC-19SEP26,put,74500.0,2026-09-19T08:00:00+00:00,0.009698751202404491,0.0085,0.009,0.00857786,0.00875,76070.23,BTC-19SEP26,0.43560000000000004,-0.31508,26.58981,11.4,11.4,0.0004999999999999987,BTC,75934.54,9140.56
2026-09-15T18:58:50.689055+00:00,BTC-25DEC26-78000-P,77078.05,BTC-25DEC26,put,78000.0,2026-12-25T08:00:00+00:00,0.27527027755421835,0.0865,0.088,0.08714588,0.08725,77078.05,BTC-25DEC26,0.38530000000000003,-0.48535,161.09465,1408.9,8.6,0.0015000000000000013,BTC,75934.54,59609.56
2026-09-15T18:58:50.689055+00:00,BTC-25JUN27-76000-P,78954.22,BTC-25JUN27,put,76000.0,2027-06-25T08:00:00+00:00,0.7735591208122607,0.1205,0.1235,0.12203608,0.122,78954.22,BTC-25JUN27,0.40840000000000004,-0.3887,265.98039,75.0,0.0,0.0030000000000000027,BTC,75934.54,0.0
2026-09-15T18:58:50.689055+00:00,BTC-2OCT26-76000-P,76211.36,BTC-2OCT26,put,76000.0,2026-10-02T08:00:00+00:00,0.04529081143512181,0.03,0.031,0.03050785,0.0305,76211.36,BTC-2OCT26,0.376,-0.47552,64.53305,118.9,69.3,0.0010000000000000009,BTC,75934.54,110307.62
2026-09-15T18:58:50.689055+00:00,BTC-25SEP26-80000-C,76137.47,BTC-25SEP26,call,80000.0,2026-09-25T08:00:00+00:00,0.0261258559251971,0.008,0.0085,0.00836137,0.00825,76137.47,BTC-25SEP26,0.3981,0.22555,36.93,7059.0,711.5,0.0005000000000000004,BTC,75937.19,638174.51
2026-09-15T18:58:50.689055+00:00,BTC-2OCT26-78000-P,76215.98,BTC-2OCT26,put,78000.0,2026-10-02T08:00:00+00:00,0.04529081143512181,0.0445,0.046,0.04539725,0.04525,76215.98,BTC-2OCT26,0.3763,-0.60353,62.46783,86.4,70.1,0.0015000000000000013,BTC,75937.19,177065.7
2026-09-15T18:58:50.689055+00:00,BTC-27NOV26-81000-C,76772.82,BTC-27NOV26,call,81000.0,2026-11-27T08:00:00+00:00,0.19861045551451947,0.045,0.046,0.04547574,0.0455,76772.82,BTC-27NOV26,0.38130000000000003,0.40648,132.63108,160.5,0.2,0.0010000000000000009,BTC,75937.19,753.92
2026-09-15T18:58:50.689055+00:00,BTC-25JUN27-78000-C,78949.6,BTC-25JUN27,call,78000.0,2027-06-25T08:00:00+00:00,0.7735591208122607,0.147,0.148,0.1472344,0.1475,78949.6,BTC-25JUN27,0.4068,0.58312,270.80409,104.4,6.8,0.0010000000000000009,BTC,75937.19,75925.25
2026-09-15T18:58:50.689055+00:00,BTC-27NOV26-96000-P,76772.82,BTC-27NOV26,put,96000.0,2026-11-27T08:00:00+00:00,0.19861045551451947,0.257,0.263,0.26038736,0.26,76772.82,BTC-27NOV26,0.3978,-0.88077,68.08527,0.0,0.0,0.006000000000000005,BTC,75940.7,0.0
2026-09-15T18:58:50.689055+00:00,BTC-19SEP26-82000-P,76070.23,BTC-19SEP26,put,82000.0,2026-09-19T08:00:00+00:00,0.009698751202404491,0.077,0.082,0.07952595,0.0795,76070.23,BTC-19SEP26,0.513,-0.93061,9.98215,0.0,0.0,0.0050000000000000044,BTC,75937.19,0.0
2026-09-15T18:58:50.689055+00:00,BTC-25JUN27-62000-C,78949.98,BTC-25JUN27,call,62000.0,2027-06-25T08:00:00+00:00,0.7735591208122607,0.2655,0.269,0.2675486,0.26725,78949.98,BTC-25JUN27,0.4314,0.79502,197.15103,117.4,0.4,0.003500000000000003,BTC,75940.7,8354.63
2026-09-15T18:58:50.689055+00:00,BTC-17SEP26-77500-C,76045.73,BTC-17SEP26,call,77500.0,2026-09-17T08:00:00+00:00,0.004223049628140289,0.005,0.006,0.00564843,0.0055,76045.73,BTC-17SEP26,0.4986,0.274,16.4402,127.2,146.0,0.001,BTC,75940.7,78613.5
2026-09-15T18:58:50.689055+00:00,BTC-25SEP26-92000-P,76137.47,BTC-25SEP26,put,92000.0,2026-09-25T08:00:00+00:00,0.0261258559251971,0.2065,0.212,0.20910928,0.20925,76137.47,BTC-25SEP26,0.5529,-0.98168,5.52673,7.7,0.0,0.005500000000000005,BTC,75940.7,0.0
2026-09-15T18:58:50.689055+00:00,BTC-27NOV26-104000-P,76769.19,BTC-27NOV26,put,104000.0,2026-11-27T08:00:00+00:00,0.19861045551451947,0.356,0.363,0.35962543,0.3595,76769.19,BTC-27NOV26,0.42,-0.93762,41.98501,0.0,0.0,0.007000000000000006,BTC,75941.99,0.0
2026-09-15T18:58:50.689055+00:00,BTC-26MAR27-58000-C,77979.96,BTC-26MAR27,call,58000.0,2027-03-26T08:00:00+00:00,0.5244146991832396,0.2805,0.2845,0.28267899,0.2825,77979.96,BTC-26MAR27,0.4429,0.85995,125.65884,4.3,0.0,0.003999999999999948,BTC,75940.7,0.0
2026-09-15T18:58:50.689055+00:00,BTC-26MAR27-94000-C,77979.48,BTC-26MAR27,call,94000.0,2027-03-26T08:00:00+00:00,0.5244146991832396,0.0475,0.0495,0.04891476,0.0485,77979.48,BTC-26MAR27,0.39740000000000003,0.30548,197.84253,182.0,0.0,0.0020000000000000018,BTC,75940.7,0.0
2026-09-15T18:58:50.689055+00:00,BTC-26MAR27-72000-C,77979.96,BTC-26MAR27,call,72000.0,2027-03-26T08:00:00+00:00,0.5244146991832396,0.1525,0.155,0.15412216,0.15375,77979.96,BTC-26MAR27,0.4032,0.66145,206.47242,95.2,5.0,0.0025000000000000022,BTC,75940.7,61913.09
2026-09-15T18:58:50.689055+00:00,BTC-25JUN27-50000-C,78954.22,BTC-25JUN27,call,50000.0,2027-06-25T08:00:00+00:00,0.7735591208122607,0.3875,0.391,0.3891696,0.38925,78954.22,BTC-25JUN27,0.4731,0.90372,118.4515,17.5,0.0,0.003500000000000003,BTC,75941.99,0.0
2026-09-15T18:58:50.689055+00:00,BTC-25DEC26-55000-C,77073.43,BTC-25DEC26,call,55000.0,2026-12-25T08:00:00+00:00,0.27527027755421835,0.2935,0.2975,0.29571408,0.2955,77073.43,BTC-25DEC26,0.48590000000000005,0.92592,56.66673,44.9,0.0,0.0040000000000000036,BTC,75941.99,0.0
2026-09-15T18:58:50.689055+00:00,BTC-16SEP26-73000-C,76025.65,BTC-16SEP26,call,73000.0,2026-09-16T08:00:00+00:00,0.001485198841008188,0.0375,0.0425,0.04010626,0.04,76025.65,BTC-16SEP26,0.5785,0.96355,2.33606,0.0,0.0,0.0050000000000000044,BTC,75941.99,0.0
2026-09-15T18:58:50.689055+00:00,BTC-25SEP26-52000-C,76133.99,BTC-25SEP26,call,52000.0,2026-09-25T08:00:00+00:00,0.0261258559251971,0.315,0.319,0.31709603,0.317,76133.99,BTC-25SEP26,0.8995000000000001,0.99637,1.33588,150.2,0.0,0.0040000000000000036,BTC,75932.51,0.0
2026-09-15T18:58:50.689055+00:00,BTC-25DEC26-240000-C,77073.43,BTC-25DEC26,call,240000.0,2026-12-25T08:00:00+00:00,0.27527027755421835,0.0001,0.0049,0.00024961,0.0025,77073.43,BTC-25DEC26,0.7209,0.00238,3.0012,785.3,0.1,0.0048,BTC,75932.51,3.02
2026-09-15T18:58:50.689055+00:00,BTC-2OCT26-81000-C,76211.36,BTC-2OCT26,call,81000.0,2026-10-02T08:00:00+00:00,0.04529081143512181,0.0105,0.0115,0.01114047,0.011,76211.36,BTC-2OCT26,0.384,0.23634,49.9582,180.1,138.0,0.0009999999999999992,BTC,75932.51,129383.28
2026-09-15T18:58:50.689055+00:00,BTC-16SEP26-81000-C,76030.27,BTC-16SEP26,call,81000.0,2026-09-16T08:00:00+00:00,0.001485198841008188,,0.0002,0.00014066,,76030.27,BTC-16SEP26,0.7439,0.01282,0.96714,226.5,192.1,,BTC,75932.51,12869.2
2026-09-15T18:58:50.689055+00:00,BTC-26MAR27-66000-P,77979.48,BTC-26MAR27,put,66000.0,2027-03-26T08:00:00+00:00,0.5244146991832396,0.049,0.051,0.05003352,0.05,77979.48,BTC-26MAR27,0.4157,-0.24153,176.04993,120.9,0.9,0.001999999999999995,BTC,75932.51,2900.97
2026-09-15T18:58:50.689055+00:00,BTC-25DEC26-75000-C,77078.05,BTC-25DEC26,call,75000.0,2026-12-25T08:00:00+00:00,0.27527027755421835,0.094,0.095,0.09442276,0.0945,77078.05,BTC-25DEC26,0.38909999999999995,0.59057,156.98678,1872.1,14.7,0.0010000000000000009,BTC,75913.94,107479.72
2026-09-15T18:58:50.689055+00:00,BTC-18SEP26-78000-C,76063.45,BTC-18SEP26,call,78000.0,2026-09-18T08:00:00+00:00,0.006960900415272391,0.0055,0.0065,0.00598309,0.006,76063.45,BTC-18SEP26,0.46009999999999995,0.25046,20.15843,491.6,283.6,0.001,BTC,75913.94,226419.11
2026-09-15T18:58:50.689055+00:00,BTC-16SEP26-76000-C,76025.65,BTC-16SEP26,call,76000.0,2026-09-16T08:00:00+00:00,0.001485198841008188,0.006,0.007,0.00647557,0.0065,76025.65,BTC-16SEP26,0.4096,0.47835,11.6439,77.3,87.1,0.001,BTC,75913.94,61550.0
2026-09-15T18:58:50.689055+00:00,BTC-25SEP26-77000-P,76133.99,BTC-25SEP26,put,77000.0,2026-09-25T08:00:00+00:00,0.0261258559251971,0.0305,0.032,0.03131027,0.03125,76133.99,BTC-25SEP26,0.38789999999999997,-0.56764,48.33377,1150.6,75.3,0.0015000000000000013,BTC,75913.94,144906.02
2026-09-15T18:58:50.689055+00:00,BTC-2OCT26-65000-P,76215.98,BTC-2OCT26,put,65000.0,2026-10-02T08:00:00+00:00,0.04529081143512181,0.0025,0.0029,0.00259741,0.0027,76215.98,BTC-2OCT26,0.4874,-0.05814,18.83023,116.2,19.2,0.00039999999999999975,BTC,75913.94,4073.61
2026-09-15T18:58:50.689055+00:00,BTC-26MAR27-35000-P,77979.96,BTC-26MAR27,put,35000.0,2027-03-26T08:00:00+00:00,0.5244146991832396,0.0038,0.0045,0.00391739,0.00415,77979.96,BTC-26MAR27,0.6073,-0.02097,28.43876,623.3,0.3,0.0006999999999999997,BTC,75913.94,85.45
2026-09-15T18:58:50.689055+00:00,BTC-17SEP26-77500-P,76045.73,BTC-17SEP26,put,77500.0,2026-09-17T08:00:00+00:00,0.004223049628140289,0.0235,0.026,0.02481548,0.02475,76045.73,BTC-17SEP26,0.4986,-0.72929,16.33681,9.9,10.7,0.0024999999999999988,BTC,75921.46,12301.28
2026-09-15T18:58:50.689055+00:00,BTC-25JUN27-30000-C,78954.22,BTC-25JUN27,call,30000.0,2027-06-25T08:00:00+00:00,0.7735591208122607,0.6235,0.6255,0.62474461,0.6245,78954.22,BTC-25JUN27,0.6148,0.98012,33.42278,86.2,0.0,0.0019999999999998908,BTC,75921.46,0.0
2026-09-15T18:58:50.689055+00:00,BTC-17SEP26-69000-C,76045.73,BTC-17SEP26,call,69000.0,2026-09-17T08:00:00+00:00,0.004223049628140289,0.0905,0.095,0.09294148,0.09275,76045.73,BTC-17SEP26,0.7273000000000001,0.98014,2.3746,0.0,0.0,0.004500000000000004,BTC,75921.46,0.0
2026-09-15T18:58:50.689055+00:00,BTC-30OCT26-73000-C,76515.74,BTC-30OCT26,call,73000.0,2026-10-30T08:00:00+00:00,0.12195063347482064,0.077,0.079,0.07803567,0.078,76515.74,BTC-30OCT26,0.3818,0.65875,97.93993,609.0,0.0,0.0020000000000000018,BTC,75921.46,0.0
2026-09-15T18:58:50.689055+00:00,BTC-30OCT26-81000-P,76515.74,BTC-30OCT26,put,81000.0,2026-10-30T08:00:00+00:00,0.12195063347482064,0.086,0.0885,0.08740008,0.08725,76515.74,BTC-30OCT26,0.36920000000000003,-0.65092,98.77231,171.7,0.1,0.0025000000000000022,BTC,75921.46,663.2
2026-09-15T18:58:50.689055+00:00,BTC-25SEP26-50000-P,76137.47,BTC-25SEP26,put,50000.0,2026-09-25T08:00:00+00:00,0.0261258559251971,0.0001,0.0002,0.00015576,0.00015,76137.47,BTC-25SEP26,0.9784,-0.00315,1.17482,3819.0,33.8,0.0001,BTC,75929.31,285.18
2026-09-15T18:58:50.689055+00:00,BTC-2OCT26-75000-C,76211.36,BTC-2OCT26,call,75000.0,2026-10-02T08:00:00+00:00,0.04529081143512181,0.04,0.041,0.04047216,0.0405,76211.36,BTC-2OCT26,0.3786,0.58851,63.04615,0.1,0.0,0.0010000000000000009,BTC,75929.31,0.0
2026-09-15T18:58:50.689055+00:00,BTC-19SEP26-80000-C,76070.23,BTC-19SEP26,call,80000.0,2026-09-19T08:00:00+00:00,0.009698751202404491,0.0031,0.0035,0.00327776,0.0033,76070.23,BTC-19SEP26,0.4673,0.13685,16.40118,84.9,111.5,0.0004000000000000002,BTC,75929.31,41268.67
2026-09-15T18:58:50.689055+00:00,BTC-26MAR27-64000-P,77979.96,BTC-26MAR27,put,64000.0,2027-03-26T08:00:00+00:00,0.5244146991832396,0.042,0.0435,0.04283936,0.04275,77979.96,BTC-26MAR27,0.42119999999999996,-0.21275,163.8856,128.4,0.0,0.0014999999999999944,BTC,75929.31,0.0
2026-09-15T18:58:50.689055+00:00,BTC-26MAR27-115000-P,77979.96,BTC-26MAR27,put,115000.0,2027-03-26T08:00:00+00:00,0.5244146991832396,0.489,0.496,0.49233738,0.4925,77979.96,BTC-26MAR27,0.42060000000000003,-0.87019,119.26034,2.2,0.0,0.007000000000000006,BTC,75929.31,0.0
2026-09-15T18:58:50.689055+00:00,BTC-26MAR27-35000-C,77979.96,BTC-26MAR27,call,35000.0,2027-03-26T08:00:00+00:00,0.5244146991832396,0.554,0.556,0.55509086,0.555,77979.96,BTC-26MAR27,0.6073,0.97904,28.43213,21.8,0.0,0.0020000000000000018,BTC,75929.31,0.0
2026-09-15T18:58:50.689055+00:00,BTC-25JUN27-54000-P,78949.6,BTC-25JUN27,put,54000.0,2027-06-25T08:00:00+00:00,0.7735591208122607,0.0295,0.0315,0.03032038,0.0305,78949.6,BTC-25JUN27,0.4567,-0.12644,143.97669,50.1,0.0,0.0020000000000000018,BTC,75929.46,0.0
2026-09-15T18:58:50.689055+00:00,BTC-16SEP26-76000-P,76025.65,BTC-16SEP26,put,76000.0,2026-09-16T08:00:00+00:00,0.001485198841008188,0.006,0.0065,0.00612451,0.00625,76025.65,BTC-16SEP26,0.4096,-0.51643,11.65359,481.3,504.3,0.0004999999999999996,BTC,75929.46,251127.76
2026-09-15T18:58:50.689055+00:00,BTC-17SEP26-80000-P,76045.73,BTC-17SEP26,put,80000.0,2026-09-17T08:00:00+00:00,0.004223049628140289,0.051,0.056,0.05355071,0.0535,76045.73,BTC-17SEP26,0.5716,-0.9163,7.59164,0.0,0.0,0.0050000000000000044,BTC,75929.46,0.0
2026-09-15T18:58:50.689055+00:00,BTC-30OCT26-77000-C,76515.74,BTC-30OCT26,call,77000.0,2026-10-30T08:00:00+00:00,0.12195063347482064,0.048,0.049,0.0487364,0.0485,76515.74,BTC-30OCT26,0.3712,0.50253,106.49573,172.7,20.4,0.0010000000000000009,BTC,75929.46,83904.07
2026-09-15T18:58:50.689055+00:00,BTC-25SEP26-140000-P,76137.47,BTC-25SEP26,put,140000.0,2026-09-25T08:00:00+00:00,0.0261258559251971,0.8345,0.8435,0.83903005,0.839,76137.47,BTC-25SEP26,0.8226,-1.0,0.00178,1.4,0.0,0.009000000000000008,BTC,75931.21,0.0
2026-09-15T18:58:50.689055+00:00,BTC-27NOV26-106000-P,76772.82,BTC-27NOV26,put,106000.0,2026-11-27T08:00:00+00:00,0.19861045551451947,0.3815,0.388,0.38495477,0.38475,76772.82,BTC-27NOV26,0.42590000000000006,-0.94652,37.19485,0.0,0.0,0.006500000000000006,BTC,75931.21,0.0
2026-09-15T18:58:50.689055+00:00,BTC-30OCT26-104000-C,76515.74,BTC-30OCT26,call,104000.0,2026-10-30T08:00:00+00:00,0.12195063347482064,0.0014,0.0018,0.00158988,0.0016,76515.74,BTC-30OCT26,0.4428,0.02777,17.03603,105.6,3.5,0.00039999999999999996,BTC,75929.46,504.6
2026-09-15T18:58:50.689055+00:00,BTC-27NOV26-91000-P,76769.19,BTC-27NOV26,put,91000.0,2026-11-27T08:00:00+00:00,0.19861045551451947,0.1985,0.204,0.20168435,0.20125,76769.19,BTC-27NOV26,0.3885,-0.81645,90.8072,0.0,0.0,0.005499999999999977,BTC,75931.21,0.0
2026-09-15T18:58:50.689055+00:00,BTC-16SEP26-69000-C,76025.65,BTC-16SEP26,call,69000.0,2026-09-16T08:00:00+00:00,0.001485198841008188,0.09,0.0945,0.09249541,0.09225,76025.65,BTC-16SEP26,1.0022,0.99386,0.50709,0.0,0.0,0.004500000000000004,BTC,75931.21,0.0
2026-09-15T18:58:50.689055+00:00,BTC-26MAR27-108000-P,77979.96,BTC-26MAR27,put,108000.0,2027-03-26T08:00:00+00:00,0.5244146991832396,0.406,0.4125,0.40909463,0.40925,77979.96,BTC-26MAR27,0.41090000000000004,-0.82884,143.43376,0.1,0.0,0.00649999999999995,BTC,75931.21,0.0
2026-09-15T18:58:50.689055+00:00,BTC-2OCT26-73000-C,76215.98,BTC-2OCT26,call,73000.0,2026-10-02T08:00:00+00:00,0.04529081143512181,0.0565,0.0585,0.05747357,0.0575,76215.98,BTC-2OCT26,0.3862,0.71061,55.4357,0.0,0.0,0.0020000000000000018,BTC,75954.77,0.0
2026-09-15T18:58:50.689055+00:00,BTC-26MAR27-180000-C,77979.96,BTC-26MAR27,call,180000.0,2027-03-26T08:00:00+00:00,0.5244146991832396,0.0027,0.0031,0.00319319,0.0029,77979.96,BTC-26MAR27,0.5351,0.02424,32.14213,503.3,0.0,0.00039999999999999975,BTC,75931.21,0.0
2026-09-15T18:58:50.689055+00:00,BTC-26MAR27-84000-P,77979.96,BTC-26MAR27,put,84000.0,2027-03-26T08:00:00+00:00,0.5244146991832396,0.159,0.1615,0.16034472,0.16025,77979.96,BTC-26MAR27,0.39380000000000004,-0.54842,223.48516,55.2,0.0,0.0025000000000000022,BTC,75931.21,0.0
2026-09-15T18:58:50.689055+00:00,BTC-17SEP26-81000-P,76045.73,BTC-17SEP26,put,81000.0,2026-09-17T08:00:00+00:00,0.004223049628140289,0.0635,0.069,0.06619991,0.06625,76045.73,BTC-17SEP26,0.6151,-0.94438,5.53889,0.0,0.0,0.005500000000000005,BTC,75954.77,0.0
2026-09-15T18:58:50.689055+00:00,BTC-17SEP26-76000-P,76041.11,BTC-17SEP26,put,76000.0,2026-09-17T08:00:00+00:00,0.004223049628140289,0.012,0.0125,0.01220126,0.01225,76041.11,BTC-17SEP26,0.4813,-0.49661,19.69529,43.8,78.0,0.0005000000000000004,BTC,75954.77,62126.01
2026-09-15T18:58:50.689055+00:00,BTC-30OCT26-72000-P,76515.74,BTC-30OCT26,put,72000.0,2026-10-30T08:00:00+00:00,0.12195063347482064,0.0275,0.0285,0.02783663,0.028,76515.74,BTC-30OCT26,0.3856,-0.30424,93.43577,725.3,121.6,0.0010000000000000009,BTC,75954.77,253482.2
2026-09-15T18:58:50.689055+00:00,BTC-30OCT26-50000-P,76515.74,BTC-30OCT26,put,50000.0,2026-10-30T08:00:00+00:00,0.12195063347482064,0.0018,0.0022,0.00198705,0.002,76515.74,BTC-30OCT26,0.6406000000000001,-0.02225,14.1531,433.7,1.4,0.0004000000000000002,BTC,75977.92,179.61
2026-09-15T18:58:50.689055+00:00,BTC-19SEP26-76000-P,76070.23,BTC-19SEP26,put,76000.0,2026-09-19T08:00:00+00:00,0.009698751202404491,0.016,0.017,0.01643633,0.0165,76070.23,BTC-19SEP26,0.4303,-0.48761,29.86144,79.9,79.9,0.0010000000000000009,BTC,75977.92,111700.39
2026-09-15T18:58:50.689055+00:00,BTC-25SEP26-120000-C,76137.47,BTC-25SEP26,call,120000.0,2026-09-25T08:00:00+00:00,0.0261258559251971,,0.0001,1.325e-05,,76137.47,BTC-25SEP26,0.8225,0.00039,0.17566,1355.5,1.9,,BTC,75999.9,15.1
2026-09-15T18:58:50.689055+00:00,BTC-30OCT26-78000-C,76515.74,BTC-30OCT26,call,78000.0,2026-10-30T08:00:00+00:00,0.12195063347482064,0.0425,0.0435,0.04291394,0.043,76515.74,BTC-30OCT26,0.37020000000000003,0.46467,106.14973,566.3,85.3,0.000999999999999994,BTC,75977.92,311695.41
2026-09-15T18:58:50.689055+00:00,BTC-25SEP26-170000-P,76137.47,BTC-25SEP26,put,170000.0,2026-09-25T08:00:00+00:00,0.0261258559251971,1.229,1.2395,1.23310782,1.23425,76137.47,BTC-25SEP26,0.8693000000000001,-1.0,1e-05,0.0,0.0,0.010499999999999954,BTC,75999.9,0.0
2026-09-15T18:58:50.689055+00:00,BTC-18SEP26-69000-C,76063.45,BTC-18SEP26,call,69000.0,2026-09-18T08:00:00+00:00,0.006960900415272391,0.091,0.095,0.09334612,0.093,76063.45,BTC-18SEP26,0.6112,0.97316,3.93491,0.3,0.0,0.0040000000000000036,BTC,75999.9,0.0
2026-09-15T18:58:50.689055+00:00,BTC-26MAR27-88000-C,77979.48,BTC-26MAR27,call,88000.0,2027-03-26T08:00:00+00:00,0.5244146991832396,0.0655,0.068,0.06719588,0.06675,77979.48,BTC-26MAR27,0.3943,0.38936,216.62916,78.0,5.0,0.0025000000000000022,BTC,75999.9,29950.43
2026-09-15T18:58:50.689055+00:00,BTC-30OCT26-83000-C,76515.74,BTC-30OCT26,call,83000.0,2026-10-30T08:00:00+00:00,0.12195063347482064,0.021,0.022,0.02160482,0.0215,76515.74,BTC-30OCT26,0.37,0.28522,90.74985,257.6,63.9,0.0009999999999999974,BTC,75999.9,117405.97
2026-09-15T18:58:50.689055+00:00,BTC-26MAR27-74000-P,77979.96,BTC-26MAR27,put,74000.0,2027-03-26T08:00:00+00:00,0.5244146991832396,0.088,0.0895,0.08860496,0.08875,77979.96,BTC-26MAR27,0.40020000000000006,-0.37238,213.72149,196.1,0.9,0.0015000000000000013,BTC,75999.9,5271.45
2026-09-15T18:58:50.689055+00:00,BTC-26MAR27-170000-C,77979.96,BTC-26MAR27,call,170000.0,2027-03-26T08:00:00+00:00,0.5244146991832396,0.003,0.0037,0.00352634,0.00335,77979.96,BTC-26MAR27,0.5129,0.02774,36.00871,865.7,3.0,0.0007000000000000001,BTC,76002.63,862.68
2026-09-15T18:58:50.689055+00:00,BTC-27NOV26-85000-C,76772.82,BTC-27NOV26,call,85000.0,2026-11-27T08:00:00+00:00,0.19861045551451947,0.0295,0.0305,0.03019867,0.03,76772.82,BTC-27NOV26,0.38159999999999994,0.30343,119.58799,624.0,68.1,0.0010000000000000009,BTC,76002.63,173235.52
2026-09-15T18:58:50.689055+00:00,BTC-26MAR27-74000-C,77979.96,BTC-26MAR27,call,74000.0,2027-03-26T08:00:00+00:00,0.5244146991832396,0.138,0.14,0.13965682,0.139,77979.96,BTC-26MAR27,0.40020000000000006,0.62766,213.72056,66.8,0.0,0.0020000000000000018,BTC,76002.63,0.0
2026-09-15T18:58:50.689055+00:00,BTC-25DEC26-64000-P,77073.43,BTC-25DEC26,put,64000.0,2026-12-25T08:00:00+00:00,0.27527027755421835,0.0225,0.0235,0.02278876,0.023,77073.43,BTC-25DEC26,0.4239,-0.17223,103.19191,372.4,2.5,0.0010000000000000009,BTC,75995.83,3952.97
2026-09-15T18:58:50.689055+00:00,BTC-25SEP26-81000-C,76137.47,BTC-25SEP26,call,81000.0,2026-09-25T08:00:00+00:00,0.0261258559251971,0.006,0.0065,0.00621438,0.00625,76137.47,BTC-25SEP26,0.40509999999999996,0.17942,32.22601,3032.6,279.6,0.0004999999999999996,BTC,75995.83,196056.83
2026-09-15T18:58:50.689055+00:00,BTC-26MAR27-54000-C,77984.58,BTC-26MAR27,call,54000.0,2027-03-26T08:00:00+00:00,0.5244146991832396,0.3245,0.3285,0.32656066,0.3265,77984.58,BTC-26MAR27,0.4622,0.89699,101.29969,0.1,0.0,0.0040000000000000036,BTC,75995.83,0.0
2026-09-15T18:58:50.689055+00:00,BTC-16SEP26-68000-C,76025.65,BTC-16SEP26,call,68000.0,2026-09-16T08:00:00+00:00,0.001485198841008188,0.1035,0.108,0.10560498,0.10575,76025.65,BTC-16SEP26,1.0304,0.99765,0.2146,0.0,0.0,0.004500000000000004,BTC,75995.83,0.0
2026-09-15T18:58:50.689055+00:00,BTC-25JUN27-96000-P,78949.98,BTC-25JUN27,put,96000.0,2027-06-25T08:00:00+00:00,0.7735591208122607,0.2845,0.29,0.28722692,0.28725,78949.98,BTC-25JUN27,0.4045,-0.64546,258.40489,0.0,0.0,0.005500000000000005,BTC,75995.83,0.0
2026-09-15T18:58:50.689055+00:00,BTC-27NOV26-91000-C,76772.82,BTC-27NOV26,call,91000.0,2026-11-27T08:00:00+00:00,0.19861045551451947,0.0155,0.0165,0.01622367,0.016,76772.82,BTC-27NOV26,0.3885,0.1848,91.26736,94.1,22.4,0.0010000000000000009,BTC,75992.62,32845.53
2026-09-15T18:58:50.689055+00:00,BTC-18SEP26-83000-P,76058.83,BTC-18SEP26,put,83000.0,2026-09-18T08:00:00+00:00,0.006960900415272391,0.09,0.0945,0.09212581,0.09225,76058.83,BTC-18SEP26,0.6032,-0.95756,5.73614,2.0,0.0,0.004500000000000004,BTC,75992.62,0.0
2026-09-15T18:58:50.689055+00:00,BTC-19SEP26-85000-P,76070.23,BTC-19SEP26,put,85000.0,2026-09-19T08:00:00+00:00,0.009698751202404491,0.1155,0.121,0.11804059,0.11825,76070.23,BTC-19SEP26,0.5908,-0.97035,5.04732,0.0,0.0,0.005499999999999991,BTC,75992.62,0.0
2026-09-15T18:58:50.689055+00:00,BTC-25SEP26-115000-C,76133.99,BTC-25SEP26,call,115000.0,2026-09-25T08:00:00+00:00,0.0261258559251971,,0.0001,4.278e-05,,76133.99,BTC-25SEP26,0.8217,0.00118,0.4835,2144.5,1.4,,BTC,75992.62,11.12
2026-09-15T18:58:50.689055+00:00,BTC-25JUN27-84000-P,78949.98,BTC-25JUN27,put,84000.0,2027-06-25T08:00:00+00:00,0.7735591208122607,0.178,0.182,0.17963121,0.18,78949.98,BTC-25JUN27,0.4035,-0.49928,277.02864,6.6,0.0,0.0040000000000000036,BTC,75992.62,0.0
2026-09-15T18:58:50.689055+00:00,BTC-26MAR27-120000-P,77979.48,BTC-26MAR27,put,120000.0,2027-03-26T08:00:00+00:00,0.5244146991832396,0.5495,0.557,0.55316735,0.55325,77979.48,BTC-26MAR27,0.42829999999999996,-0.89191,104.87405,9.8,0.0,0.007500000000000062,BTC,75992.62,0.0
2026-09-15T18:58:50.689055+00:00,BTC-18SEP26-84000-C,76063.45,BTC-18SEP26,call,84000.0,2026-09-18T08:00:00+00:00,0.006960900415272391,0.0004,0.0007,0.00063174,0.00055,76063.45,BTC-18SEP26,0.6304,0.03041,4.36514,541.5,73.2,0.0003,BTC,75991.06,5431.49
2026-09-15T18:58:50.689055+00:00,BTC-30OCT26-78000-P,76515.74,BTC-30OCT26,put,78000.0,2026-10-30T08:00:00+00:00,0.12195063347482064,0.062,0.063,0.06241331,0.0625,76515.74,BTC-30OCT26,0.37020000000000003,-0.53479,106.18128,669.3,42.7,0.0010000000000000009,BTC,75992.62,186652.52
2026-09-15T18:58:50.689055+00:00,BTC-18SEP26-79000-C,76058.83,BTC-18SEP26,call,79000.0,2026-09-18T08:00:00+00:00,0.006960900415272391,0.0034,0.0038,0.00363355,0.0036,76058.83,BTC-18SEP26,0.47409999999999997,0.17173,16.1583,2609.6,16382.7,0.0004000000000000002,BTC,75991.06,5763540.72
2026-09-15T18:58:50.689055+00:00,BTC-26MAR27-104000-P,77979.96,BTC-26MAR27,put,104000.0,2027-03-26T08:00:00+00:00,0.5244146991832396,0.36,0.366,0.36295926,0.363,77979.96,BTC-26MAR27,0.40630000000000005,-0.7976,159.25509,0.1,0.0,0.006000000000000005,BTC,75991.06,0.0
2026-09-15T18:58:50.689055+00:00,BTC-18SEP26-77000-C,76058.83,BTC-18SEP26,call,77000.0,2026-09-18T08:00:00+00:00,0.006960900415272391,0.0095,0.01,0.00967821,0.00975,76058.83,BTC-18SEP26,0.4495,0.3755,24.06638,407.8,328.0,0.0005000000000000004,BTC,75991.06,348704.8
2026-09-15T18:58:50.689055+00:00,BTC-26MAR27-94000-P,77979.96,BTC-26MAR27,put,94000.0,2027-03-26T08:00:00+00:00,0.5244146991832396,0.2525,0.2565,0.25433588,0.2545,77979.96,BTC-26MAR27,0.39740000000000003,-0.69376,198.19236,9.7,0.0,0.0040000000000000036,BTC,75991.06,0.0
2026-09-15T18:58:50.689055+00:00,BTC-25DEC26-100000-P,77073.43,BTC-25DEC26,put,100000.0,2026-12-25T08:00:00+00:00,0.27527027755421835,0.3065,0.3135,0.30959168,0.31,77073.43,BTC-25DEC26,0.39909999999999995,-0.87304,84.14279,303.2,0.0,0.007000000000000006,BTC,75985.2,0.0
2026-09-15T18:58:50.689055+00:00,BTC-25DEC26-75000-P,77073.43,BTC-25DEC26,put,75000.0,2026-12-25T08:00:00+00:00,0.27527027755421835,0.067,0.068,0.06746066,0.0675,77073.43,BTC-25DEC26,0.38909999999999995,-0.40763,156.96702,1319.3,131.4,0.0010000000000000009,BTC,75985.2,651799.27
2026-09-15T18:58:50.689055+00:00,BTC-16SEP26-75000-C,76025.65,BTC-16SEP26,call,75000.0,2026-09-16T08:00:00+00:00,0.001485198841008188,0.014,0.0165,0.01542991,0.01525,76025.65,BTC-16SEP26,0.4315,0.7897,8.43921,35.0,35.9,0.0025000000000000005,BTC,75985.2,25581.0
2026-09-15T18:58:50.689055+00:00,BTC-27NOV26-76000-P,76772.82,BTC-27NOV26,put,76000.0,2026-11-27T08:00:00+00:00,0.19861045551451947,0.0625,0.064,0.0633394,0.06325,76772.82,BTC-27NOV26,0.3858,-0.44342,135.10718,55.5,7.4,0.0015000000000000013,BTC,75958.27,36019.94
2026-09-15T18:58:50.689055+00:00,BTC-27NOV26-120000-P,76769.19,BTC-27NOV26,put,120000.0,2026-11-27T08:00:00+00:00,0.19861045551451947,0.561,0.569,0.56486091,0.565,76769.19,BTC-27NOV26,0.47240000000000004,-0.97825,17.78232,0.5,0.0,0.007999999999999896,BTC,75958.27,0.0
2026-09-15T18:58:50.689055+00:00,BTC-19SEP26-84000-P,76070.23,BTC-19SEP26,put,84000.0,2026-09-19T08:00:00+00:00,0.009698751202404491,0.1025,0.108,0.10512349,0.10525,76070.23,BTC-19SEP26,0.5676,-0.96075,6.35301,0.0,0.0,0.005500000000000005,BTC,75958.27,0.0
2026-09-15T18:58:50.689055+00:00,BTC-25SEP26-130000-C,76137.47,BTC-25SEP26,call,130000.0,2026-09-25T08:00:00+00:00,0.0261258559251971,,0.0001,1.12e-06,,76137.47,BTC-25SEP26,0.8226,4e-05,0.01914,1509.2,0.0,,BTC,75958.27,0.0
2026-09-15T18:58:50.689055+00:00,BTC-17SEP26-76000-C,76045.73,BTC-17SEP26,call,76000.0,2026-09-17T08:00:00+00:00,0.004223049628140289,0.0125,0.013,0.01276003,0.01275,76045.73,BTC-17SEP26,0.4813,0.50259,19.69436,21.6,22.4,0.0004999999999999987,BTC,75948.12,20061.54
2026-09-15T18:58:50.689055+00:00,BTC-17SEP26-72000-C,76041.11,BTC-17SEP26,call,72000.0,2026-09-17T08:00:00+00:00,0.004223049628140289,0.052,0.0565,0.05424722,0.05425,76041.11,BTC-17SEP26,0.5660000000000001,0.9305,6.59231,0.0,0.0,0.004500000000000004,BTC,75948.12,0.0
2026-09-15T18:58:50.689055+00:00,BTC-26MAR27-76000-C,77979.96,BTC-26MAR27,call,76000.0,2027-03-26T08:00:00+00:00,0.5244146991832396,0.125,0.127,0.12611974,0.126,77979.96,BTC-26MAR27,0.3973,0.59139,219.28865,529.7,0.9,0.0020000000000000018,BTC,75958.27,10136.91
2026-09-15T18:58:50.689055+00:00,BTC-25JUN27-92000-C,78954.22,BTC-25JUN27,call,92000.0,2027-06-25T08:00:00+00:00,0.7735591208122607,0.082,0.084,0.08352401,0.083,78954.22,BTC-25JUN27,0.4032,0.39855,267.84365,16.5,0.0,0.0020000000000000018,BTC,75948.12,0.0
2026-09-15T18:58:50.689055+00:00,BTC-19SEP26-83000-P,76074.89,BTC-19SEP26,put,83000.0,2026-09-19T08:00:00+00:00,0.009698751202404491,0.09,0.095,0.0922736,0.0925,76074.89,BTC-19SEP26,0.5413,-0.94763,8.01162,0.0,0.0,0.0050000000000000044,BTC,75948.12,0.0
2026-09-15T18:58:50.689055+00:00,BTC-18SEP26-68000-P,76063.45,BTC-18SEP26,put,68000.0,2026-09-18T08:00:00+00:00,0.006960900415272391,0.0003,0.0005,0.00036811,0.0004,76063.45,BTC-18SEP26,0.6507999999999999,-0.01934,2.98403,242.4,24.5,0.00020000000000000004,BTC,75945.82,1045.61
2026-09-15T18:58:50.689055+00:00,BTC-30OCT26-65000-P,76515.74,BTC-30OCT26,put,65000.0,2026-10-30T08:00:00+00:00,0.12195063347482064,0.0095,0.0105,0.00995898,0.01,76515.74,BTC-30OCT26,0.43270000000000003,-0.12537,55.08041,547.4,8.2,0.0010000000000000009,BTC,75948.12,5892.61
2026-09-15T18:58:50.689055+00:00,BTC-30OCT26-59000-P,76515.74,BTC-30OCT26,put,59000.0,2026-10-30T08:00:00+00:00,0.12195063347482064,0.0047,0.0055,0.00496481,0.0051,76515.74,BTC-30OCT26,0.5085999999999999,-0.06124,32.32059,105.0,2.5,0.0007999999999999995,BTC,75948.12,897.59
2026-09-15T18:58:50.689055+00:00,BTC-25SEP26-92000-C,76133.99,BTC-25SEP26,call,92000.0,2026-09-25T08:00:00+00:00,0.0261258559251971,0.0004,0.0007,0.00060387,0.00055,76133.99,BTC-25SEP26,0.5529,0.01833,5.52806,1268.4,76.0,0.0003,BTC,75948.12,5983.15
2026-09-15T18:58:50.689055+00:00,BTC-25SEP26-125000-C,76133.99,BTC-25SEP26,call,125000.0,2026-09-25T08:00:00+00:00,0.0261258559251971,,0.0001,3.9e-06,,76133.99,BTC-25SEP26,0.8225,0.00012,0.05847,2385.7,0.0,,BTC,75945.82,0.0
2026-09-15T18:58:50.689055+00:00,BTC-25SEP26-83000-P,76133.99,BTC-25SEP26,put,83000.0,2026-09-25T08:00:00+00:00,0.0261258559251971,0.091,0.0965,0.09388157,0.09375,76133.99,BTC-25SEP26,0.426,-0.89156,22.88813,20.0,0.0,0.005500000000000005,BTC,75945.82,0.0
2026-09-15T18:58:50.689055+00:00,BTC-30OCT26-82000-C,76515.74,BTC-30OCT26,call,82000.0,2026-10-30T08:00:00+00:00,0.12195063347482064,0.0245,0.025,0.02486297,0.02475,76515.74,BTC-30OCT26,0.369,0.31517,94.87034,1221.1,84.6,0.0005000000000000004,BTC,75945.82,165803.69
2026-09-15T18:58:50.689055+00:00,BTC-25DEC26-120000-P,77073.43,BTC-25DEC26,put,120000.0,2026-12-25T08:00:00+00:00,0.27527027755421835,0.557,0.5645,0.56033307,0.56075,77073.43,BTC-25DEC26,0.45020000000000004,-0.96109,34.03803,35.7,0.0,0.007499999999999951,BTC,75915.8,0.0
2026-09-15T18:58:50.689055+00:00,BTC-30OCT26-110000-C,76515.74,BTC-30OCT26,call,110000.0,2026-10-30T08:00:00+00:00,0.12195063347482064,0.0007,0.0011,0.00085518,0.0009,76515.74,BTC-30OCT26,0.4648,0.01542,10.35141,1028.7,11.6,0.0004000000000000001,BTC,75915.8,1072.75
2026-09-15T18:58:50.689055+00:00,BTC-25JUN27-70000-P,78949.6,BTC-25JUN27,put,70000.0,2027-06-25T08:00:00+00:00,0.7735591208122607,0.086,0.089,0.08758317,0.0875,78949.6,BTC-25JUN27,0.41609999999999997,-0.30573,243.22999,55.6,0.1,0.0030000000000000027,BTC,75915.8,575.89
2026-09-15T18:58:50.689055+00:00,BTC-25DEC26-220000-P,77073.43,BTC-25DEC26,put,220000.0,2026-12-25T08:00:00+00:00,0.27527027755421835,1.8455,1.8675,1.85461979,1.8565,77073.43,BTC-25DEC26,0.698,-0.99652,4.22525,0.0,0.0,0.02200000000000002,BTC,75915.8,0.0
2026-09-15T18:58:50.689055+00:00,BTC-26MAR27-65000-C,77979.96,BTC-26MAR27,call,65000.0,2027-03-26T08:00:00+00:00,0.5244146991832396,0.211,0.214,0.21278885,0.2125,77979.96,BTC-26MAR27,0.41840000000000005,0.77293,170.09977,366.9,0.0,0.0030000000000000027,BTC,75915.8,0.0
2026-09-15T18:58:50.689055+00:00,BTC-26MAR27-130000-C,77979.96,BTC-26MAR27,call,130000.0,2027-03-26T08:00:00+00:00,0.5244146991832396,0.009,0.01,0.00983211,0.0095,77979.96,BTC-26MAR27,0.44420000000000004,0.07585,80.56066,1160.0,6.0,0.0010000000000000009,BTC,75915.8,4750.52
2026-09-15T18:58:50.689055+00:00,BTC-25JUN27-180000-C,78954.22,BTC-25JUN27,call,180000.0,2027-06-25T08:00:00+00:00,0.7735591208122607,0.0065,0.0075,0.00698972,0.007,78954.22,BTC-25JUN27,0.4916,0.04523,66.01632,46.6,0.0,0.001,BTC,75908.99,0.0
2026-09-15T18:58:50.689055+00:00,BTC-25SEP26-175000-C,76137.47,BTC-25SEP26,call,175000.0,2026-09-25T08:00:00+00:00,0.0261258559251971,,0.0001,0.0,,76137.47,BTC-25SEP26,0.89,0.0,0.0,1904.8,0.0,,BTC,75915.8,0.0
2026-09-15T18:58:50.689055+00:00,BTC-30OCT26-77000-P,76515.74,BTC-30OCT26,put,77000.0,2026-10-30T08:00:00+00:00,0.12195063347482064,0.0545,0.056,0.05516214,0.05525,76515.74,BTC-30OCT26,0.3712,-0.49817,106.47254,227.1,56.3,0.0015000000000000013,BTC,75915.8,190675.86
2026-09-15T18:58:50.689055+00:00,BTC-27NOV26-60000-P,76772.82,BTC-27NOV26,put,60000.0,2026-11-27T08:00:00+00:00,0.19861045551451947,0.0095,0.011,0.01021365,0.01025,76772.82,BTC-27NOV26,0.46140000000000003,-0.09799,59.09573,202.4,101.6,0.0014999999999999996,BTC,75908.99,72837.24
2026-09-15T18:58:50.689055+00:00,BTC-17SEP26-82000-C,76045.73,BTC-17SEP26,call,82000.0,2026-09-17T08:00:00+00:00,0.004223049628140289,0.0006,0.0008,0.0007289,0.0007,76045.73,BTC-17SEP26,0.6639,0.03883,4.15113,182.7,76.2,0.0002000000000000001,BTC,75908.99,16504.91
2026-09-15T18:58:50.689055+00:00,BTC-18SEP26-70000-P,76063.45,BTC-18SEP26,put,70000.0,2026-09-18T08:00:00+00:00,0.006960900415272391,0.0006,0.0008,0.00073673,0.0007,76063.45,BTC-18SEP26,0.5686,-0.04007,5.46922,412.3,16.7,0.0002000000000000001,BTC,75908.99,1361.12
2026-09-15T18:58:50.689055+00:00,BTC-26MAR27-84000-C,77979.96,BTC-26MAR27,call,84000.0,2027-03-26T08:00:00+00:00,0.5244146991832396,0.0815,0.084,0.08316105,0.08275,77979.96,BTC-26MAR27,0.39380000000000004,0.45116,223.38958,264.2,0.0,0.0025000000000000022,BTC,75908.99,0.0
2026-09-15T18:58:50.689055+00:00,BTC-25JUN27-160000-C,78949.6,BTC-25JUN27,call,160000.0,2027-06-25T08:00:00+00:00,0.7735591208122607,0.0095,0.011,0.01034594,0.01025,78949.6,BTC-25JUN27,0.4697,0.06574,88.72247,553.1,0.0,0.0014999999999999996,BTC,75908.99,0.0
2026-09-15T18:58:50.689055+00:00,BTC-19SEP26-77000-C,76070.23,BTC-19SEP26,call,77000.0,2026-09-19T08:00:00+00:00,0.009698751202404491,0.0115,0.012,0.01167487,0.01175,76070.23,BTC-19SEP26,0.4322,0.38227,28.53597,100.4,103.5,0.0005000000000000004,BTC,75901.83,119599.74
2026-09-15T18:58:50.689055+00:00,BTC-25JUN27-170000-P,78949.6,BTC-25JUN27,put,170000.0,2027-06-25T08:00:00+00:00,0.7735591208122607,1.145,1.1785,1.16183854,1.16175,78949.6,BTC-25JUN27,0.4807,-0.94602,76.01837,14.7,0.0,0.033500000000000085,BTC,75899.64,0.0
2026-09-15T18:58:50.689055+00:00,BTC-25SEP26-86000-P,76133.99,BTC-25SEP26,put,86000.0,2026-09-25T08:00:00+00:00,0.0261258559251971,0.1285,0.134,0.13140917,0.13125,76133.99,BTC-25SEP26,0.46259999999999996,-0.94697,13.28176,11.7,0.0,0.005500000000000005,BTC,75901.83,0.0
2026-09-15T18:58:50.689055+00:00,BTC-19SEP26-76500-P,76070.23,BTC-19SEP26,put,76500.0,2026-09-19T08:00:00+00:00,0.009698751202404491,0.0195,0.0205,0.0199411,0.02,76070.23,BTC-19SEP26,0.4307,-0.55849,29.52409,26.8,26.8,0.0010000000000000009,BTC,75899.64,35747.59
2026-09-15T18:58:50.689055+00:00,BTC-25SEP26-68000-C,76133.99,BTC-25SEP26,call,68000.0,2026-09-25T08:00:00+00:00,0.0261258559251971,0.107,0.1115,0.10903959,0.10925,76133.99,BTC-25SEP26,0.4753,0.9316,16.2099,886.6,16.1,0.004500000000000004,BTC,75899.64,129002.05
2026-09-15T18:58:50.689055+00:00,BTC-16SEP26-83000-P,76025.65,BTC-16SEP26,put,83000.0,2026-09-16T08:00:00+00:00,0.001485198841008188,0.0895,0.0945,0.09177272,0.092,76025.65,BTC-16SEP26,0.8742,-0.99582,0.36029,0.0,0.0,0.0050000000000000044,BTC,75896.86,0.0
2026-09-15T18:58:50.689055+00:00,BTC-27NOV26-74000-P,76772.82,BTC-27NOV26,put,74000.0,2026-11-27T08:00:00+00:00,0.19861045551451947,0.051,0.052,0.05132939,0.0515,76772.82,BTC-27NOV26,0.389,-0.38613,130.72588,38.4,1.1,0.0010000000000000009,BTC,75896.86,4474.91
2026-09-15T18:58:50.689055+00:00,BTC-25SEP26-280000-C,76133.99,BTC-25SEP26,call,280000.0,2026-09-25T08:00:00+00:00,0.0261258559251971,,0.0001,0.0,,76133.99,BTC-25SEP26,1.2987,0.0,0.0,76.1,0.0,,BTC,75899.64,0.0
2026-09-15T18:58:50.689055+00:00,BTC-25DEC26-230000-C,77073.43,BTC-25DEC26,call,230000.0,2026-12-25T08:00:00+00:00,0.27527027755421835,0.0002,0.0005,0.0002767,0.00035,77073.43,BTC-25DEC26,0.7038,0.00261,3.25432,190.5,0.0,0.00030000000000000003,BTC,75896.86,0.0
2026-09-15T18:58:50.689055+00:00,BTC-19SEP26-74000-C,76074.89,BTC-19SEP26,call,74000.0,2026-09-19T08:00:00+00:00,0.009698751202404491,0.033,0.0355,0.03401615,0.03425,76074.89,BTC-19SEP26,0.44,0.73315,24.58988,0.0,0.0,0.0024999999999999953,BTC,75896.86,0.0
2026-09-15T18:58:50.689055+00:00,BTC-19SEP26-85000-C,76070.23,BTC-19SEP26,call,85000.0,2026-09-19T08:00:00+00:00,0.009698751202404491,0.0005,0.0008,0.00066825,0.00065,76070.23,BTC-19SEP26,0.5908,0.02818,4.83274,3.2,3.2,0.00030000000000000003,BTC,75896.86,381.73
2026-09-15T18:58:50.689055+00:00,BTC-27NOV26-95000-P,76772.82,BTC-27NOV26,put,95000.0,2026-11-27T08:00:00+00:00,0.19861045551451947,0.245,0.2505,0.24837834,0.24775,76772.82,BTC-27NOV26,0.3957,-0.87083,71.96476,0.0,0.0,0.005500000000000005,BTC,75896.95,0.0
2026-09-15T18:58:50.689055+00:00,BTC-18SEP26-79000-P,76058.83,BTC-18SEP26,put,79000.0,2026-09-18T08:00:00+00:00,0.006960900415272391,0.0405,0.0445,0.04228574,0.0425,76058.83,BTC-18SEP26,0.47409999999999997,-0.83631,15.647,273.2,5.7,0.003999999999999997,BTC,75896.95,15495.25
2026-09-15T18:58:50.689055+00:00,BTC-18SEP26-95000-C,76063.45,BTC-18SEP26,call,95000.0,2026-09-18T08:00:00+00:00,0.006960900415272391,,0.0001,9.471e-05,,76063.45,BTC-18SEP26,0.9838,0.0036,0.68345,199.7,16.2,,BTC,75891.08,152.88
2026-09-15T18:58:50.689055+00:00,BTC-25JUN27-98000-C,78954.22,BTC-25JUN27,call,98000.0,2027-06-25T08:00:00+00:00,0.7735591208122607,0.0645,0.066,0.06574822,0.06525,78954.22,BTC-25JUN27,0.4053,0.33238,251.865,84.1,2.0,0.0015000000000000013,BTC,75896.95,9408.5
2026-09-15T18:58:50.689055+00:00,BTC-25DEC26-50000-P,77073.43,BTC-25DEC26,put,50000.0,2026-12-25T08:00:00+00:00,0.27527027755421835,0.0055,0.006,0.00590129,0.00575,77073.43,BTC-25DEC26,0.5334,-0.04652,39.31518,2169.5,2.0,0.0005000000000000004,BTC,75891.08,781.19
2026-09-15T18:58:50.689055+00:00,BTC-25DEC26-54000-P,77078.05,BTC-25DEC26,put,54000.0,2026-12-25T08:00:00+00:00,0.27527027755421835,0.008,0.009,0.00843944,0.0085,77078.05,BTC-25DEC26,0.49450000000000005,-0.06751,52.72918,1864.5,0.2,0.0009999999999999992,BTC,75891.08,136.3
2026-09-15T18:58:50.689055+00:00,BTC-25DEC26-92000-P,77073.43,BTC-25DEC26,put,92000.0,2026-12-25T08:00:00+00:00,0.27527027755421835,0.2145,0.22,0.21684449,0.21725,77073.43,BTC-25DEC26,0.386,-0.78263,118.74763,6.6,0.0,0.005500000000000005,BTC,75891.08,0.0
2026-09-15T18:58:50.689055+00:00,BTC-26MAR27-78000-P,77979.48,BTC-26MAR27,put,78000.0,2027-03-26T08:00:00+00:00,0.5244146991832396,0.113,0.115,0.11407116,0.114,77979.48,BTC-26MAR27,0.3956,-0.44549,222.91754,312.3,36.0,0.0020000000000000018,BTC,75891.08,302375.07
2026-09-15T18:58:50.689055+00:00,BTC-25SEP26-54000-C,76137.47,BTC-25SEP26,call,54000.0,2026-09-25T08:00:00+00:00,0.0261258559251971,0.289,0.2925,0.29092078,0.29075,76137.47,BTC-25SEP26,0.8354,0.99527,1.6915,7.4,0.0,0.003500000000000003,BTC,75891.08,0.0
2026-09-15T18:58:50.689055+00:00,BTC-27NOV26-90000-C,76772.82,BTC-27NOV26,call,90000.0,2026-11-27T08:00:00+00:00,0.19861045551451947,0.0175,0.0185,0.01792847,0.018,76772.82,BTC-27NOV26,0.3865,0.19846,95.21089,132.1,13.9,0.0009999999999999974,BTC,75883.16,21223.49
2026-09-15T18:58:50.689055+00:00,BTC-25DEC26-108000-C,77073.43,BTC-25DEC26,call,108000.0,2026-12-25T08:00:00+00:00,0.27527027755421835,0.0065,0.007,0.00683832,0.00675,77073.43,BTC-25DEC26,0.4165,0.07434,56.77639,166.9,17.5,0.0005000000000000004,BTC,75883.16,10346.8
2026-09-15T18:58:50.689055+00:00,BTC-25DEC26-60000-P,77073.43,BTC-25DEC26,put,60000.0,2026-12-25T08:00:00+00:00,0.27527027755421835,0.015,0.016,0.01511551,0.0155,77073.43,BTC-25DEC26,0.4475,-0.11991,80.73104,6256.0,9.6,0.0010000000000000009,BTC,75883.16,9920.78
2026-09-15T18:58:50.689055+00:00,BTC-25JUN27-58000-C,78954.22,BTC-25JUN27,call,58000.0,2027-06-25T08:00:00+00:00,0.7735591208122607,0.3035,0.307,0.30556538,0.30525,78954.22,BTC-25JUN27,0.4426,0.83699,170.78707,13.8,0.0,0.003500000000000003,BTC,75883.16,0.0
2026-09-15T18:58:50.689055+00:00,BTC-25DEC26-250000-P,77073.43,BTC-25DEC26,put,250000.0,2026-12-25T08:00:00+00:00,0.27527027755421835,2.234,2.2605,2.24367825,2.24725,77073.43,BTC-25DEC26,0.735,-0.99791,2.66033,10.0,0.0,0.026499999999999968,BTC,75861.88,0.0
2026-09-15T18:58:50.689055+00:00,BTC-25SEP26-85000-C,76137.47,BTC-25SEP26,call,85000.0,2026-09-25T08:00:00+00:00,0.0261258559251971,0.0019,0.0023,0.0021788,0.0021,76137.47,BTC-25SEP26,0.4499,0.0661,15.78365,9907.4,632.7,0.00039999999999999996,BTC,75883.16,177014.27
2026-09-15T18:58:50.689055+00:00,BTC-26MAR27-190000-P,77979.96,BTC-26MAR27,put,190000.0,2027-03-26T08:00:00+00:00,0.5244146991832396,1.425,1.454,1.4389797,1.4395,77979.96,BTC-26MAR27,0.544,-0.98087,26.29521,0.9,0.0,0.028999999999999915,BTC,75883.16,0.0
2026-09-15T18:58:50.689055+00:00,BTC-25DEC26-160000-C,77073.43,BTC-25DEC26,call,160000.0,2026-12-25T08:00:00+00:00,0.27527027755421835,0.0007,0.0011,0.00093142,0.0009,77073.43,BTC-25DEC26,0.5636,0.00973,10.50675,1291.8,0.0,0.0004000000000000001,BTC,75861.88,0.0
2026-09-15T18:58:50.689055+00:00,BTC-27NOV26-82000-C,76772.82,BTC-27NOV26,call,82000.0,2026-11-27T08:00:00+00:00,0.19861045551451947,0.0405,0.0415,0.04115117,0.041,76772.82,BTC-27NOV26,0.38130000000000003,0.37636,129.6566,68.2,3.2,0.0010000000000000009,BTC,75850.71,12225.94
2026-09-15T18:58:50.689055+00:00,BTC-25DEC26-88000-P,77073.43,BTC-25DEC26,put,88000.0,2026-12-25T08:00:00+00:00,0.27527027755421835,0.172,0.1775,0.17437914,0.17475,77073.43,BTC-25DEC26,0.3825,-0.71607,136.78152,7.5,0.0,0.005500000000000005,BTC,75850.71,0.0
2026-09-15T18:58:50.689055+00:00,BTC-25SEP26-96000-P,76133.99,BTC-25SEP26,put,96000.0,2026-09-25T08:00:00+00:00,0.0261258559251971,0.2585,0.2645,0.2613963,0.2615,76133.99,BTC-25SEP26,0.6098,-0.99023,3.20908,1.0,0.0,0.006000000000000005,BTC,75861.88,0.0
2026-09-15T18:58:50.689055+00:00,BTC-25DEC26-96000-P,77078.05,BTC-25DEC26,put,96000.0,2026-12-25T08:00:00+00:00,0.27527027755421835,0.2595,0.265,0.26217504,0.26225,77078.05,BTC-25DEC26,0.39149999999999996,-0.83555,99.98849,23.9,0.0,0.005500000000000005,BTC,75850.71,0.0
2026-09-15T18:58:50.689055+00:00,BTC-2OCT26-82000-C,76215.98,BTC-2OCT26,call,82000.0,2026-10-02T08:00:00+00:00,0.04529081143512181,0.0085,0.009,0.00883261,0.00875,76215.98,BTC-2OCT26,0.3882,0.19195,44.21053,574.4,21.4,0.0004999999999999987,BTC,75850.71,14857.72
2026-09-15T18:58:50.689055+00:00,BTC-17SEP26-68000-C,76045.73,BTC-17SEP26,call,68000.0,2026-09-17T08:00:00+00:00,0.004223049628140289,0.104,0.1085,0.10594189,0.10625,76045.73,BTC-17SEP26,0.7536,0.98828,1.5093,0.0,0.0,0.004500000000000004,BTC,75850.71,0.0
2026-09-15T18:58:50.689055+00:00,BTC-17SEP26-86000-P,76045.73,BTC-17SEP26,put,86000.0,2026-09-17T08:00:00+00:00,0.004223049628140289,0.1285,0.134,0.13120665,0.13125,76045.73,BTC-17SEP26,0.8475,-0.98767,1.57655,0.0,0.0,0.005500000000000005,BTC,75855.6,0.0
2026-09-15T18:58:50.689055+00:00,BTC-25DEC26-90000-C,77073.43,BTC-25DEC26,call,90000.0,2026-12-25T08:00:00+00:00,0.27527027755421835,0.027,0.028,0.02756065,0.0275,77073.43,BTC-25DEC26,0.384,0.24843,127.84009,3822.0,695.2,0.0010000000000000009,BTC,75855.6,1584745.32
2026-09-15T18:58:50.689055+00:00,BTC-26MAR27-66000-C,77979.96,BTC-26MAR27,call,66000.0,2027-03-26T08:00:00+00:00,0.5244146991832396,0.202,0.205,0.20367447,0.2035,77979.96,BTC-26MAR27,0.4157,0.75734,176.30319,23.8,0.0,0.002999999999999975,BTC,75850.71,0.0
2026-09-15T18:58:50.689055+00:00,BTC-25JUN27-62000-P,78949.6,BTC-25JUN27,put,62000.0,2027-06-25T08:00:00+00:00,0.7735591208122607,0.052,0.054,0.05291495,0.053,78949.6,BTC-25JUN27,0.4314,-0.20585,197.41467,115.3,0.0,0.0020000000000000018,BTC,75855.6,0.0
2026-09-15T18:58:50.689055+00:00,BTC-27NOV26-89000-C,76772.82,BTC-27NOV26,call,89000.0,2026-11-27T08:00:00+00:00,0.19861045551451947,0.0195,0.02,0.01991686,0.01975,76772.82,BTC-27NOV26,0.38539999999999996,0.21536,99.87661,187.6,44.1,0.0005000000000000004,BTC,75855.6,78956.1
2026-09-15T18:58:50.689055+00:00,BTC-26MAR27-200000-P,77979.96,BTC-26MAR27,put,200000.0,2027-03-26T08:00:00+00:00,0.5244146991832396,1.552,1.5825,1.56680379,1.56725,77979.96,BTC-26MAR27,0.5562,-0.98395,22.62964,1.0,0.0,0.03049999999999997,BTC,75855.6,0.0
2026-09-15T18:58:50.689055+00:00,BTC-26MAR27-45000-C,77979.96,BTC-26MAR27,call,45000.0,2027-03-26T08:00:00+00:00,0.5244146991832396,0.4305,0.4335,0.43200103,0.432,77979.96,BTC-26MAR27,0.5199,0.9497,58.41941,3.3,0.0,0.0030000000000000027,BTC,75855.6,0.0
2026-09-15T18:58:50.689055+00:00,BTC-25SEP26-30000-P,76133.99,BTC-25SEP26,put,30000.0,2026-09-25T08:00:00+00:00,0.0261258559251971,,0.0001,4e-08,,76133.99,BTC-25SEP26,1.2395,0.0,0.00066,2959.5,0.0,,BTC,75855.6,0.0
2026-09-15T18:58:50.689055+00:00,BTC-16SEP26-75500-P,76025.65,BTC-16SEP26,put,75500.0,2026-09-16T08:00:00+00:00,0.001485198841008188,0.0034,0.0038,0.00351711,0.0036,76025.65,BTC-16SEP26,0.4171,-0.38108,11.12903,397.4,459.0,0.0004000000000000002,BTC,75846.95,110458.77
2026-09-15T18:58:50.689055+00:00,BTC-30OCT26-95000-C,76515.74,BTC-30OCT26,call,95000.0,2026-10-30T08:00:00+00:00,0.12195063347482064,0.0038,0.0042,0.00403871,0.004,76515.74,BTC-30OCT26,0.3994,0.0668,34.5309,1800.9,27.4,0.00039999999999999975,BTC,75846.95,11877.78
2026-09-15T18:58:50.689055+00:00,BTC-18SEP26-73000-P,76063.45,BTC-18SEP26,put,73000.0,2026-09-18T08:00:00+00:00,0.006960900415272391,0.003,0.0034,0.00313618,0.0032,76063.45,BTC-18SEP26,0.48100000000000004,-0.16132,15.48844,175.7,136.2,0.00039999999999999975,BTC,75838.15,34438.89
2026-09-15T18:58:50.689055+00:00,BTC-26MAR27-160000-C,77979.96,BTC-26MAR27,call,160000.0,2027-03-26T08:00:00+00:00,0.5244146991832396,0.0037,0.0045,0.0043328,0.0041,77979.96,BTC-26MAR27,0.4964,0.03369,42.20885,1034.7,0.1,0.0007999999999999995,BTC,75846.95,30.81
2026-09-15T18:58:50.689055+00:00,BTC-25SEP26-260000-C,76137.47,BTC-25SEP26,call,260000.0,2026-09-25T08:00:00+00:00,0.0261258559251971,,0.0001,0.0,,76137.47,BTC-25SEP26,1.2309,0.0,0.0,293.3,0.0,,BTC,75846.95,0.0
2026-09-15T18:58:50.689055+00:00,BTC-30OCT26-50000-C,76515.74,BTC-30OCT26,call,50000.0,2026-10-30T08:00:00+00:00,0.12195063347482064,0.3465,0.35,0.34843747,0.34825,76515.74,BTC-30OCT26,0.6406000000000001,0.9773,14.36911,0.1,0.0,0.003500000000000003,BTC,75838.15,0.0
2026-09-15T18:58:50.689055+00:00,BTC-2OCT26-80000-C,76211.36,BTC-2OCT26,call,80000.0,2026-10-02T08:00:00+00:00,0.04529081143512181,0.0135,0.014,0.01398701,0.01375,76211.36,BTC-2OCT26,0.38,0.2779,54.28262,74.4,61.1,0.0005000000000000004,BTC,75838.15,74988.36
2026-09-15T18:58:50.689055+00:00,BTC-17SEP26-73000-P,76045.73,BTC-17SEP26,put,73000.0,2026-09-17T08:00:00+00:00,0.004223049628140289,0.0018,0.0022,0.00192993,0.002,76045.73,BTC-17SEP26,0.5283,-0.12745,10.28579,52.7,29.4,0.0004000000000000002,BTC,75840.15,4299.86
2026-09-15T18:58:50.689055+00:00,BTC-25DEC26-66000-P,77073.43,BTC-25DEC26,put,66000.0,2026-12-25T08:00:00+00:00,0.27527027755421835,0.0275,0.0285,0.02810961,0.028,77073.43,BTC-25DEC26,0.415,-0.20889,115.94517,421.4,0.1,0.0010000000000000009,BTC,75840.15,199.88
2026-09-15T18:58:50.689055+00:00,BTC-25SEP26-82000-C,76137.3,BTC-25SEP26,call,82000.0,2026-09-25T08:00:00+00:00,0.0261258559251971,0.0044,0.0048,0.00473993,0.0046,76137.3,BTC-25SEP26,0.4156,0.13376,26.4924,6740.3,357.7,0.0003999999999999993,BTC,75838.15,206584.29
2026-09-15T18:58:50.689055+00:00,BTC-30OCT26-96000-C,76515.74,BTC-30OCT26,call,96000.0,2026-10-30T08:00:00+00:00,0.12195063347482064,0.0033,0.0037,0.00357847,0.0035,76515.74,BTC-30OCT26,0.4036,0.05963,31.60613,221.1,4.1,0.0004000000000000002,BTC,75840.15,2022.95
2026-09-15T18:58:50.689055+00:00,BTC-26MAR27-92000-P,77979.96,BTC-26MAR27,put,92000.0,2027-03-26T08:00:00+00:00,0.5244146991832396,0.2325,0.237,0.23410956,0.23475,77979.96,BTC-26MAR27,0.3961,-0.67048,204.00782,1.4,0.0,0.004499999999999976,BTC,75840.15,0.0
2026-09-15T18:58:50.689055+00:00,BTC-25DEC26-190000-P,77073.43,BTC-25DEC26,put,190000.0,2026-12-25T08:00:00+00:00,0.27527027755421835,1.4555,1.475,1.46561462,1.46525,77073.43,BTC-25DEC26,0.6408,-0.99434,6.51062,0.0,0.0,0.019500000000000073,BTC,75827.26,0.0
2026-09-15T18:58:50.689055+00:00,BTC-2OCT26-90000-C,76211.36,BTC-2OCT26,call,90000.0,2026-10-02T08:00:00+00:00,0.04529081143512181,0.0015,0.0018,0.00179161,0.00165,76211.36,BTC-2OCT26,0.4524,0.04366,14.96939,13.5,13.7,0.0002999999999999999,BTC,75827.26,2238.21
2026-09-15T18:58:50.689055+00:00,BTC-18SEP26-80000-P,76063.45,BTC-18SEP26,put,80000.0,2026-09-18T08:00:00+00:00,0.006960900415272391,0.0515,0.0565,0.05409708,0.054,76063.45,BTC-18SEP26,0.49670000000000003,-0.89555,11.46892,156.7,6.5,0.0050000000000000044,BTC,75827.26,25059.09
2026-09-15T18:58:50.689055+00:00,BTC-27NOV26-64000-P,76772.82,BTC-27NOV26,put,64000.0,2026-11-27T08:00:00+00:00,0.19861045551451947,0.0155,0.0165,0.01607672,0.016,76772.82,BTC-27NOV26,0.4307,-0.15138,80.09531,33.5,5.0,0.0010000000000000009,BTC,75827.26,5794.11
2026-09-15T18:58:50.689055+00:00,BTC-25DEC26-35000-C,77073.43,BTC-25DEC26,call,35000.0,2026-12-25T08:00:00+00:00,0.27527027755421835,0.546,0.5485,0.54772093,0.54725,77073.43,BTC-25DEC26,0.7283,0.98774,12.83933,87.8,0.0,0.0024999999999999467,BTC,75827.26,0.0
2026-09-15T18:58:50.689055+00:00,BTC-25DEC26-160000-P,77073.43,BTC-25DEC26,put,160000.0,2026-12-25T08:00:00+00:00,0.27527027755421835,1.0695,1.084,1.0767456,1.07675,77073.43,BTC-25DEC26,0.5636,-0.99032,10.45717,0.1,0.0,0.01450000000000018,BTC,75827.26,0.0
2026-09-15T18:58:50.689055+00:00,BTC-27NOV26-89000-P,76769.19,BTC-27NOV26,put,89000.0,2026-11-27T08:00:00+00:00,0.19861045551451947,0.1765,0.1815,0.17931999,0.179,76769.19,BTC-27NOV26,0.38539999999999996,-0.7852,99.69343,0.0,0.0,0.0050000000000000044,BTC,75814.01,0.0
2026-09-15T18:58:50.689055+00:00,BTC-25DEC26-120000-C,77073.43,BTC-25DEC26,call,120000.0,2026-12-25T08:00:00+00:00,0.27527027755421835,0.0031,0.0037,0.00347244,0.0034,77073.43,BTC-25DEC26,0.45020000000000004,0.0384,33.62801,5805.2,8.2,0.0006000000000000003,BTC,75814.01,2533.03
2026-09-15T18:58:50.689055+00:00,BTC-26MAR27-72000-P,77979.48,BTC-26MAR27,put,72000.0,2027-03-26T08:00:00+00:00,0.5244146991832396,0.0765,0.0785,0.0774231,0.0775,77979.48,BTC-26MAR27,0.4032,-0.34069,206.61816,162.2,1.2,0.0020000000000000018,BTC,75814.01,7195.68
2026-09-15T18:58:50.689055+00:00,BTC-19SEP26-81000-C,76070.23,BTC-19SEP26,call,81000.0,2026-09-19T08:00:00+00:00,0.009698751202404491,0.002,0.0024,0.00223289,0.0022,76070.23,BTC-19SEP26,0.4882,0.09059,12.19353,69.6,69.6,0.00039999999999999975,BTC,75814.01,22224.2
2026-09-15T18:58:50.689055+00:00,BTC-25DEC26-150000-C,77073.43,BTC-25DEC26,call,150000.0,2026-12-25T08:00:00+00:00,0.27527027755421835,0.0008,0.0013,0.00110042,0.00105,77073.43,BTC-25DEC26,0.532,0.01195,12.55289,1703.5,5.6,0.0004999999999999999,BTC,75814.01,432.35
2026-09-15T18:58:50.689055+00:00,BTC-18SEP26-83000-C,76058.83,BTC-18SEP26,call,83000.0,2026-09-18T08:00:00+00:00,0.006960900415272391,0.0007,0.0009,0.00088363,0.0008,76058.83,BTC-18SEP26,0.6032,0.0376,5.18414,1102.8,331.6,0.00019999999999999998,BTC,75786.99,52181.27
2026-09-15T18:58:50.689055+00:00,BTC-30OCT26-58000-P,76515.74,BTC-30OCT26,put,58000.0,2026-10-30T08:00:00+00:00,0.12195063347482064,0.0043,0.0047,0.00440813,0.0045,76515.74,BTC-30OCT26,0.521,-0.0552,29.73244,335.3,6.5,0.0004000000000000002,BTC,75814.01,1930.31
2026-09-15T18:58:50.689055+00:00,BTC-25JUN27-190000-C,78954.22,BTC-25JUN27,call,190000.0,2027-06-25T08:00:00+00:00,0.7735591208122607,0.0055,0.0065,0.0060329,0.006,78954.22,BTC-25JUN27,0.504,0.03853,57.88461,49.0,0.0,0.001,BTC,75786.99,0.0
2026-09-15T18:58:50.689055+00:00,BTC-26MAR27-58000-P,77979.96,BTC-26MAR27,put,58000.0,2027-03-26T08:00:00+00:00,0.5244146991832396,0.026,0.0275,0.02644867,0.02675,77979.96,BTC-26MAR27,0.4429,-0.14151,126.28256,136.1,0.2,0.0015000000000000013,BTC,75786.99,396.43
2026-09-15T18:58:50.689055+00:00,BTC-27NOV26-96000-C,76772.82,BTC-27NOV26,call,96000.0,2026-11-27T08:00:00+00:00,0.19861045551451947,0.009,0.01,0.00977622,0.0095,76772.82,BTC-27NOV26,0.3978,0.11683,66.97448,136.5,84.3,0.0010000000000000009,BTC,75786.99,71307.69
2026-09-15T18:58:50.689055+00:00,BTC-25JUN27-100000-C,78954.22,BTC-25JUN27,call,100000.0,2027-06-25T08:00:00+00:00,0.7735591208122607,0.0595,0.061,0.06074519,0.06025,78954.22,BTC-25JUN27,0.4061,0.31123,244.72645,210.4,0.6,0.0015000000000000013,BTC,75772.73,2882.84
2026-09-15T18:58:50.689055+00:00,BTC-27NOV26-72000-P,76772.82,BTC-27NOV26,put,72000.0,2026-11-27T08:00:00+00:00,0.19861045551451947,0.0405,0.042,0.04125988,0.04125,76772.82,BTC-27NOV26,0.39409999999999995,-0.33158,123.79879,66.1,25.4,0.0015000000000000013,BTC,75786.99,83341.83
2026-09-15T18:58:50.689055+00:00,BTC-25SEP26-88000-C,76137.47,BTC-25SEP26,call,88000.0,2026-09-25T08:00:00+00:00,0.0261258559251971,0.0009,0.0013,0.00117947,0.0011,76137.47,BTC-25SEP26,0.4939,0.03458,9.38715,1582.4,24.1,0.00039999999999999996,BTC,75786.99,3150.11
2026-09-15T18:58:50.689055+00:00,BTC-25DEC26-66000-C,77073.43,BTC-25DEC26,call,66000.0,2026-12-25T08:00:00+00:00,0.27527027755421835,0.1705,0.173,0.17183626,0.17175,77073.43,BTC-25DEC26,0.415,0.7899,116.23166,279.7,0.0,0.0024999999999999745,BTC,75772.73,0.0
2026-09-15T18:58:50.689055+00:00,BTC-25DEC26-102000-C,77073.43,BTC-25DEC26,call,102000.0,2026-12-25T08:00:00+00:00,0.27527027755421835,0.01,0.011,0.01046221,0.0105,77073.43,BTC-25DEC26,0.4029,0.10847,75.05322,394.4,11.4,0.0009999999999999992,BTC,75772.73,9405.06
2026-09-15T18:58:50.689055+00:00,BTC-26MAR27-104000-C,77979.96,BTC-26MAR27,call,104000.0,2027-03-26T08:00:00+00:00,0.5244146991832396,0.028,0.0295,0.02930328,0.02875,77979.96,BTC-26MAR27,0.40630000000000005,0.19957,157.45529,115.2,0.0,0.0014999999999999979,BTC,75772.73,0.0
2026-09-15T18:58:50.689055+00:00,BTC-27NOV26-66000-P,76769.19,BTC-27NOV26,put,66000.0,2026-11-27T08:00:00+00:00,0.19861045551451947,0.02,0.021,0.02039092,0.0205,76769.19,BTC-27NOV26,0.41850000000000004,-0.18783,91.91693,159.9,53.6,0.0010000000000000009,BTC,75772.73,77769.82
2026-09-15T18:58:50.689055+00:00,BTC-30OCT26-84000-C,76515.74,BTC-30OCT26,call,84000.0,2026-10-30T08:00:00+00:00,0.12195063347482064,0.018,0.019,0.01865712,0.0185,76515.74,BTC-30OCT26,0.37060000000000004,0.24712,84.12828,979.9,382.5,0.0010000000000000009,BTC,75772.73,592751.97
2026-09-15T18:58:50.689055+00:00,BTC-25DEC26-170000-C,77078.05,BTC-25DEC26,call,170000.0,2026-12-25T08:00:00+00:00,0.27527027755421835,0.0006,0.0009,0.00077118,0.00075,77078.05,BTC-25DEC26,0.5901,0.00779,8.63083,2393.8,0.0,0.00030000000000000003,BTC,75778.72,0.0
2026-09-15T18:58:50.689055+00:00,BTC-25SEP26-65000-C,76137.47,BTC-25SEP26,call,65000.0,2026-09-25T08:00:00+00:00,0.0261258559251971,0.1455,0.1495,0.14736313,0.1475,76137.47,BTC-25SEP26,0.5464,0.96388,9.72872,1248.8,7.4,0.0040000000000000036,BTC,75778.72,86503.61
2026-09-15T18:58:50.689055+00:00,BTC-30OCT26-85000-P,76515.74,BTC-30OCT26,put,85000.0,2026-10-30T08:00:00+00:00,0.12195063347482064,0.1245,0.1295,0.12719915,0.127,76515.74,BTC-30OCT26,0.3721,-0.77941,79.00038,106.2,0.2,0.0050000000000000044,BTC,75778.72,1989.67
2026-09-15T18:58:50.689055+00:00,BTC-26MAR27-130000-P,77979.96,BTC-26MAR27,put,130000.0,2027-03-26T08:00:00+00:00,0.5244146991832396,0.673,0.681,0.67690427,0.677,77979.96,BTC-26MAR27,0.44420000000000004,-0.925,79.72146,0.4,0.0,0.008000000000000007,BTC,75778.72,0.0
2026-09-15T18:58:50.689055+00:00,BTC-27NOV26-58000-P,76772.82,BTC-27NOV26,put,58000.0,2026-11-27T08:00:00+00:00,0.19861045551451947,0.008,0.009,0.00824001,0.0085,76772.82,BTC-27NOV26,0.4797,-0.08052,50.96806,26.0,1.3,0.0009999999999999992,BTC,75778.72,667.92
2026-09-15T18:58:50.689055+00:00,BTC-26MAR27-80000-P,77979.96,BTC-26MAR27,put,80000.0,2027-03-26T08:00:00+00:00,0.5244146991832396,0.1275,0.1295,0.12855148,0.1285,77979.96,BTC-26MAR27,0.3947,-0.48253,224.53276,214.5,0.0,0.0020000000000000018,BTC,75800.95,0.0
2026-09-15T18:58:50.689055+00:00,BTC-2OCT26-84000-C,76211.36,BTC-2OCT26,call,84000.0,2026-10-02T08:00:00+00:00,0.04529081143512181,0.005,0.006,0.00567932,0.0055,76211.36,BTC-2OCT26,0.401,0.1287,33.98269,777.1,148.4,0.001,BTC,75800.95,85736.18
2026-09-15T18:58:50.689055+00:00,BTC-27NOV26-86000-P,76769.19,BTC-27NOV26,put,86000.0,2026-11-27T08:00:00+00:00,0.19861045551451947,0.145,0.1495,0.14750146,0.14725,76769.19,BTC-27NOV26,0.382,-0.72583,113.66542,30.2,0.0,0.004500000000000004,BTC,75800.95,0.0
2026-09-15T18:58:50.689055+00:00,BTC-30OCT26-52000-C,76515.74,BTC-30OCT26,call,52000.0,2026-10-30T08:00:00+00:00,0.12195063347482064,0.3205,0.3245,0.32270122,0.3225,76515.74,BTC-30OCT26,0.6086,0.9718,17.22432,0.1,0.0,0.0040000000000000036,BTC,75800.95,0.0
2026-09-15T18:58:50.689055+00:00,BTC-25SEP26-300000-C,76133.99,BTC-25SEP26,call,300000.0,2026-09-25T08:00:00+00:00,0.0261258559251971,,0.0001,0.0,,76133.99,BTC-25SEP26,1.3629,0.0,0.0,196.3,0.0,,BTC,75800.95,0.0
2026-09-15T18:58:50.689055+00:00,BTC-26MAR27-40000-C,77979.96,BTC-26MAR27,call,40000.0,2027-03-26T08:00:00+00:00,0.5244146991832396,0.492,0.494,0.49319713,0.493,77979.96,BTC-26MAR27,0.5633,0.96686,41.63002,82.1,0.0,0.0020000000000000018,BTC,75816.09,0.0
2026-09-15T18:58:50.689055+00:00,BTC-25SEP26-135000-C,76137.47,BTC-25SEP26,call,135000.0,2026-09-25T08:00:00+00:00,0.0261258559251971,,0.0001,3.1e-07,,76137.47,BTC-25SEP26,0.8226,1e-05,0.00559,493.0,0.0,,BTC,75816.09,0.0
2026-09-15T18:58:50.689055+00:00,BTC-25JUN27-64000-C,78949.98,BTC-25JUN27,call,64000.0,2027-06-25T08:00:00+00:00,0.7735591208122607,0.2475,0.251,0.24966835,0.24925,78949.98,BTC-25JUN27,0.4268,0.77029,210.20616,33.5,0.0,0.003500000000000003,BTC,75816.09,0.0
2026-09-15T18:58:50.689055+00:00,BTC-25SEP26-72000-P,76133.99,BTC-25SEP26,put,72000.0,2026-09-25T08:00:00+00:00,0.0261258559251971,0.007,0.008,0.0073695,0.0075,76133.99,BTC-25SEP26,0.41369999999999996,-0.20393,34.76893,2902.7,187.8,0.001,BTC,75816.09,92575.46
2026-09-15T18:58:50.689055+00:00,BTC-26MAR27-85000-P,77979.96,BTC-26MAR27,put,85000.0,2027-03-26T08:00:00+00:00,0.5244146991832396,0.1675,0.17,0.1689749,0.16875,77979.96,BTC-26MAR27,0.3942,-0.56693,221.61088,3.9,0.0,0.0025000000000000022,BTC,75812.37,0.0
2026-09-15T18:58:50.689055+00:00,BTC-25JUN27-180000-P,78949.6,BTC-25JUN27,put,180000.0,2027-06-25T08:00:00+00:00,0.7735591208122607,1.2695,1.3045,1.28708556,1.287,78949.6,BTC-25JUN27,0.4916,-0.95507,65.57385,0.0,0.0,0.03499999999999992,BTC,75812.37,0.0
2026-09-15T18:58:50.689055+00:00,BTC-17SEP26-79500-P,76045.73,BTC-17SEP26,put,79500.0,2026-09-17T08:00:00+00:00,0.004223049628140289,0.0455,0.05,0.04738446,0.04775,76045.73,BTC-17SEP26,0.5535,-0.90324,8.43851,11.6,16.0,0.004500000000000004,BTC,75816.09,36392.76
2026-09-15T18:58:50.689055+00:00,BTC-19SEP26-79500-C,76070.23,BTC-19SEP26,call,79500.0,2026-09-19T08:00:00+00:00,0.009698751202404491,0.0039,0.0042,0.00402694,0.00405,76070.23,BTC-19SEP26,0.4586,0.15564,17.85165,7.9,8.3,0.0002999999999999999,BTC,75812.37,4611.85
2026-09-15T18:58:50.689055+00:00,BTC-25SEP26-62000-P,76137.47,BTC-25SEP26,put,62000.0,2026-09-25T08:00:00+00:00,0.0261258559251971,0.0007,0.0009,0.00067643,0.0008,76137.47,BTC-25SEP26,0.6202000000000001,-0.01931,5.76874,1411.6,4.5,0.00019999999999999998,BTC,75812.37,281.45
2026-09-15T18:58:50.689055+00:00,BTC-19SEP26-75500-P,76070.23,BTC-19SEP26,put,75500.0,2026-09-19T08:00:00+00:00,0.009698751202404491,0.013,0.014,0.01336656,0.0135,76070.23,BTC-19SEP26,0.4305,-0.44711,29.5427,102.9,111.7,0.0010000000000000009,BTC,75810.05,133324.67
2026-09-15T18:58:50.689055+00:00,BTC-26MAR27-55000-C,77979.96,BTC-26MAR27,call,55000.0,2027-03-26T08:00:00+00:00,0.5244146991832396,0.313,0.3175,0.31537127,0.31525,77979.96,BTC-26MAR27,0.457,0.88734,107.77338,29.6,0.0,0.004500000000000004,BTC,75810.05,0.0
2026-09-15T18:58:50.689055+00:00,BTC-25JUN27-65000-P,78949.98,BTC-25JUN27,put,65000.0,2027-06-25T08:00:00+00:00,0.7735591208122607,0.0635,0.0655,0.06438094,0.0645,78949.98,BTC-25JUN27,0.42460000000000003,-0.24194,216.29762,25.1,0.4,0.0020000000000000018,BTC,75810.05,1953.7
2026-09-15T18:58:50.689055+00:00,BTC-30OCT26-75000-P,76515.74,BTC-30OCT26,put,75000.0,2026-10-30T08:00:00+00:00,0.12195063347482064,0.042,0.043,0.0425596,0.0425,76515.74,BTC-30OCT26,0.376,-0.42234,104.30236,737.7,11.5,0.000999999999999994,BTC,75810.05,37186.32
2026-09-15T18:58:50.689055+00:00,BTC-26MAR27-62000-C,77979.96,BTC-26MAR27,call,62000.0,2027-03-26T08:00:00+00:00,0.5244146991832396,0.2375,0.2435,0.24149455,0.2405,77979.96,BTC-26MAR27,0.4275,0.81245,151.67663,52.2,0.0,0.006000000000000005,BTC,75810.05,0.0
2026-09-15T18:58:50.689055+00:00,BTC-16SEP26-78000-P,76025.65,BTC-16SEP26,put,78000.0,2026-09-16T08:00:00+00:00,0.001485198841008188,0.025,0.0285,0.02662575,0.02675,76025.65,BTC-16SEP26,0.4732,-0.94074,3.44115,19.3,22.9,0.0034999999999999996,BTC,75806.98,8994.99
2026-09-15T18:58:50.689055+00:00,BTC-25JUN27-150000-P,78954.22,BTC-25JUN27,put,150000.0,2027-06-25T08:00:00+00:00,0.7735591208122607,0.908,0.918,0.91336704,0.913,78954.22,BTC-25JUN27,0.4607,-0.91767,105.23422,1.1,0.0,0.010000000000000009,BTC,75806.98,0.0
2026-09-15T18:58:50.689055+00:00,BTC-17SEP26-86000-C,76045.73,BTC-17SEP26,call,86000.0,2026-09-17T08:00:00+00:00,0.004223049628140289,,0.0004,0.00025999,,76045.73,BTC-17SEP26,0.8475,0.01199,1.53733,43.8,13.0,,BTC,75806.98,190.13
2026-09-15T18:58:50.689055+00:00,BTC-25SEP26-120000-P,76137.47,BTC-25SEP26,put,120000.0,2026-09-25T08:00:00+00:00,0.0261258559251971,0.573,0.5795,0.57632465,0.57625,76137.47,BTC-25SEP26,0.8225,-0.99963,0.16363,174.5,0.0,0.006500000000000061,BTC,75806.98,0.0
2026-09-15T18:58:50.689055+00:00,BTC-25SEP26-87000-P,76133.99,BTC-25SEP26,put,87000.0,2026-09-25T08:00:00+00:00,0.0261258559251971,0.1415,0.147,0.14425903,0.14425,76133.99,BTC-25SEP26,0.4793,-0.95762,11.08451,1.6,0.0,0.005500000000000005,BTC,75806.98,0.0
2026-09-15T18:58:50.689055+00:00,BTC-30OCT26-92000-C,76515.74,BTC-30OCT26,call,92000.0,2026-10-30T08:00:00+00:00,0.12195063347482064,0.0055,0.006,0.00594516,0.00575,76515.74,BTC-30OCT26,0.3882,0.0943,44.79794,1112.4,17.7,0.0005000000000000004,BTC,75806.98,10737.82
2026-09-15T18:58:50.689055+00:00,BTC-25JUN27-52000-C,78949.98,BTC-25JUN27,call,52000.0,2027-06-25T08:00:00+00:00,0.7735591208122607,0.366,0.369,0.36763158,0.3675,78949.98,BTC-25JUN27,0.46549999999999997,0.88842,131.59486,1.1,0.0,0.0030000000000000027,BTC,75812.79,0.0
2026-09-15T18:58:50.689055+00:00,BTC-25JUN27-125000-P,78949.98,BTC-25JUN27,put,125000.0,2027-06-25T08:00:00+00:00,0.7735591208122607,0.6045,0.6145,0.60844961,0.6095,78949.98,BTC-25JUN27,0.42729999999999996,-0.85171,160.2864,0.0,0.0,0.010000000000000009,BTC,75812.79,0.0
2026-09-15T18:58:50.689055+00:00,BTC-18SEP26-74000-C,76058.83,BTC-18SEP26,call,74000.0,2026-09-18T08:00:00+00:00,0.006960900415272391,0.031,0.0335,0.03246115,0.03225,76058.83,BTC-18SEP26,0.46409999999999996,0.74555,20.29736,25.4,0.0,0.0025000000000000022,BTC,75815.94,0.0
2026-09-15T18:58:50.689055+00:00,BTC-19SEP26-71000-P,76070.23,BTC-19SEP26,put,71000.0,2026-09-19T08:00:00+00:00,0.009698751202404491,0.0016,0.002,0.00179833,0.0018,76070.23,BTC-19SEP26,0.5039,-0.08659,11.7891,16.9,16.9,0.00039999999999999996,BTC,75815.94,2673.27
2026-09-15T18:58:50.689055+00:00,BTC-17SEP26-79000-C,76045.73,BTC-17SEP26,call,79000.0,2026-09-17T08:00:00+00:00,0.004223049628140289,0.0022,0.0025,0.002452,0.00235,76045.73,BTC-17SEP26,0.5354,0.12357,10.06017,313.6,352.5,0.0002999999999999999,BTC,75812.79,113371.37
2026-09-15T18:58:50.689055+00:00,BTC-25SEP26-50000-C,76137.47,BTC-25SEP26,call,50000.0,2026-09-25T08:00:00+00:00,0.0261258559251971,0.3415,0.345,0.34341647,0.34325,76137.47,BTC-25SEP26,0.9784,0.99676,1.20293,30.1,0.0,0.0034999999999999476,BTC,75812.79,0.0
2026-09-15T18:58:50.689055+00:00,BTC-19SEP26-80000-P,76070.23,BTC-19SEP26,put,80000.0,2026-09-19T08:00:00+00:00,0.009698751202404491,0.0525,0.0575,0.05492231,0.055,76070.23,BTC-19SEP26,0.4673,-0.87041,15.77146,0.0,0.0,0.0050000000000000044,BTC,75815.94,0.0
2026-09-15T18:58:50.689055+00:00,BTC-25SEP26-96000-C,76133.99,BTC-25SEP26,call,96000.0,2026-09-25T08:00:00+00:00,0.0261258559251971,0.0003,0.0005,0.00034718,0.0004,76133.99,BTC-25SEP26,0.6098,0.00958,3.15199,2066.0,2.1,0.00020000000000000004,BTC,75815.94,65.29
2026-09-15T18:58:50.689055+00:00,BTC-26MAR27-112000-C,77979.96,BTC-26MAR27,call,112000.0,2027-03-26T08:00:00+00:00,0.5244146991832396,0.019,0.0205,0.02014709,0.01975,77979.96,BTC-26MAR27,0.41659999999999997,0.14483,128.3251,77.3,0.0,0.0015000000000000013,BTC,75815.94,0.0
2026-09-15T18:58:50.689055+00:00,BTC-30OCT26-84000-P,76512.26,BTC-30OCT26,put,84000.0,2026-10-30T08:00:00+00:00,0.12195063347482064,0.114,0.119,0.11662041,0.1165,76512.26,BTC-30OCT26,0.37060000000000004,-0.75173,84.37565,14.6,0.0,0.0049999999999999906,BTC,75806.26,0.0
2026-09-15T18:58:50.689055+00:00,BTC-26MAR27-82000-C,77979.96,BTC-26MAR27,call,82000.0,2027-03-26T08:00:00+00:00,0.5244146991832396,0.091,0.0925,0.09229144,0.09175,77979.96,BTC-26MAR27,0.3935,0.48267,224.54895,1273.8,75.4,0.0015000000000000013,BTC,75806.26,560397.52
2026-09-15T18:58:50.689055+00:00,BTC-30OCT26-67000-C,76515.74,BTC-30OCT26,call,67000.0,2026-10-30T08:00:00+00:00,0.12195063347482064,0.1355,0.14,0.13749369,0.13775,76515.74,BTC-30OCT26,0.4152,0.83342,66.5641,108.4,0.5,0.004500000000000004,BTC,75806.26,5574.13
2026-09-15T18:58:50.689055+00:00,BTC-30OCT26-89000-P,76515.74,BTC-30OCT26,put,89000.0,2026-10-30T08:00:00+00:00,0.12195063347482064,0.1695,0.175,0.17236786,0.17225,76515.74,BTC-30OCT26,0.37979999999999997,-0.86364,58.26182,5.0,0.0,0.005499999999999977,BTC,75806.26,0.0
2026-09-15T18:58:50.689055+00:00,BTC-25SEP26-55000-C,76133.99,BTC-25SEP26,call,55000.0,2026-09-25T08:00:00+00:00,0.0261258559251971,0.276,0.2795,0.27772668,0.27775,76133.99,BTC-25SEP26,0.7963,0.99487,1.81644,143.7,0.0,0.003500000000000003,BTC,75806.26,0.0
2026-09-15T18:58:50.689055+00:00,BTC-17SEP26-74000-P,76045.73,BTC-17SEP26,put,74000.0,2026-09-17T08:00:00+00:00,0.004223049628140289,0.0036,0.0038,0.00365243,0.0037,76045.73,BTC-17SEP26,0.5027,-0.22201,14.66235,37.5,63.1,0.0002000000000000001,BTC,75806.26,14497.92
2026-09-15T18:58:50.689055+00:00,BTC-25JUN27-88000-C,78949.98,BTC-25JUN27,call,88000.0,2027-06-25T08:00:00+00:00,0.7735591208122607,0.0965,0.099,0.09820613,0.09775,78949.98,BTC-25JUN27,0.4028,0.44566,273.84085,27.6,7.1,0.0025000000000000022,BTC,75825.33,55620.58
2026-09-15T18:58:50.689055+00:00,BTC-25DEC26-74000-P,77078.05,BTC-25DEC26,put,74000.0,2026-12-25T08:00:00+00:00,0.27527027755421835,0.061,0.0625,0.06162959,0.06175,77078.05,BTC-25DEC26,0.3907,-0.38645,154.4002,179.7,28.8,0.0015000000000000013,BTC,75844.29,141516.76
2026-09-15T18:58:50.689055+00:00,BTC-25JUN27-45000-C,78954.22,BTC-25JUN27,call,45000.0,2027-06-25T08:00:00+00:00,0.7735591208122607,0.444,0.4465,0.44554267,0.44525,78954.22,BTC-25JUN27,0.49979999999999997,0.93209,90.85718,0.5,0.0,0.0025000000000000022,BTC,75825.33,0.0
2026-09-15T18:58:50.689055+00:00,BTC-25SEP26-74000-C,76137.47,BTC-25SEP26,call,74000.0,2026-09-25T08:00:00+00:00,0.0261258559251971,0.0405,0.0425,0.04165559,0.0415,76137.47,BTC-25SEP26,0.3973,0.66795,44.56985,1437.0,89.5,0.0020000000000000018,BTC,75825.33,302419.61
2026-09-15T18:58:50.689055+00:00,BTC-27NOV26-88000-C,76772.82,BTC-27NOV26,call,88000.0,2026-11-27T08:00:00+00:00,0.19861045551451947,0.0215,0.0225,0.02210154,0.022,76772.82,BTC-27NOV26,0.38420000000000004,0.23377,104.60406,84.4,2.3,0.0010000000000000009,BTC,75825.33,4783.3
2026-09-15T18:58:50.689055+00:00,BTC-25JUN27-54000-C,78954.22,BTC-25JUN27,call,54000.0,2027-06-25T08:00:00+00:00,0.7735591208122607,0.3445,0.348,0.34629163,0.34625,78954.22,BTC-25JUN27,0.4567,0.87283,144.34997,0.9,0.0,0.003500000000000003,BTC,75844.29,0.0
2026-09-15T18:58:50.689055+00:00,BTC-17SEP26-87000-P,76045.73,BTC-17SEP26,put,87000.0,2026-09-17T08:00:00+00:00,0.004223049628140289,0.1415,0.147,0.14432409,0.14425,76045.73,BTC-17SEP26,0.8992,-0.98966,1.35285,0.0,0.0,0.005500000000000005,BTC,75844.29,0.0
2026-09-15T18:58:50.689055+00:00,BTC-25DEC26-84000-C,77073.43,BTC-25DEC26,call,84000.0,2026-12-25T08:00:00+00:00,0.27527027755421835,0.0455,0.0465,0.04603411,0.046,77073.43,BTC-25DEC26,0.38189999999999996,0.36692,151.98368,1444.0,111.4,0.0010000000000000009,BTC,75855.04,431317.98
2026-09-15T18:58:50.689055+00:00,BTC-30OCT26-65000-C,76515.74,BTC-30OCT26,call,65000.0,2026-10-30T08:00:00+00:00,0.12195063347482064,0.1585,0.1625,0.16034452,0.1605,76515.74,BTC-30OCT26,0.43270000000000003,0.87284,55.54932,430.4,2.7,0.0040000000000000036,BTC,75844.29,34856.31
2026-09-15T18:58:50.689055+00:00,BTC-25SEP26-76000-P,76137.47,BTC-25SEP26,put,76000.0,2026-09-25T08:00:00+00:00,0.0261258559251971,0.0235,0.0245,0.02414437,0.024,76137.47,BTC-25SEP26,0.3882,-0.49111,48.97806,1095.0,358.6,0.0010000000000000009,BTC,75844.29,505319.1
2026-09-15T18:58:50.689055+00:00,BTC-2OCT26-73000-P,76211.36,BTC-2OCT26,put,73000.0,2026-10-02T08:00:00+00:00,0.04529081143512181,0.015,0.016,0.01532434,0.0155,76211.36,BTC-2OCT26,0.3862,-0.29493,55.852,49.9,25.5,0.0010000000000000009,BTC,75855.04,27392.59
2026-09-15T18:58:50.689055+00:00,BTC-25SEP26-54000-P,76137.47,BTC-25SEP26,put,54000.0,2026-09-25T08:00:00+00:00,0.0261258559251971,0.0001,0.0004,0.00019933,0.00025,76137.47,BTC-25SEP26,0.8354,-0.00478,1.70629,808.1,30.0,0.00030000000000000003,BTC,75855.04,461.66
2026-09-15T18:58:50.689055+00:00,BTC-25DEC26-76000-C,77073.43,BTC-25DEC26,call,76000.0,2026-12-25T08:00:00+00:00,0.27527027755421835,0.0875,0.0885,0.087609,0.088,77073.43,BTC-25DEC26,0.3875,0.56354,158.97843,429.3,6.8,0.0010000000000000009,BTC,75853.61,49111.05
2026-09-15T18:58:50.689055+00:00,BTC-27NOV26-73000-P,76772.82,BTC-27NOV26,put,73000.0,2026-11-27T08:00:00+00:00,0.19861045551451947,0.0455,0.0465,0.04612517,0.046,76772.82,BTC-27NOV26,0.39159999999999995,-0.35798,127.52181,23.1,8.7,0.0010000000000000009,BTC,75855.04,27470.13
2026-09-15T18:58:50.689055+00:00,BTC-19SEP26-86000-C,76070.23,BTC-19SEP26,call,86000.0,2026-09-19T08:00:00+00:00,0.009698751202404491,0.0004,0.0007,0.00052388,0.00055,76070.23,BTC-19SEP26,0.6173,0.02121,3.80466,11.3,11.3,0.0003,BTC,75853.61,652.67
2026-09-15T18:58:50.689055+00:00,BTC-16SEP26-77500-C,76025.65,BTC-16SEP26,call,77500.0,2026-09-16T08:00:00+00:00,0.001485198841008188,0.001,0.0013,0.00114597,0.00115,76025.65,BTC-16SEP26,0.44520000000000004,0.10765,5.404,346.3,426.2,0.0002999999999999999,BTC,75853.61,162206.01
2026-09-15T18:58:50.689055+00:00,BTC-25JUN27-86000-P,78949.6,BTC-25JUN27,put,86000.0,2027-06-25T08:00:00+00:00,0.7735591208122607,0.1945,0.1985,0.19601975,0.1965,78949.6,BTC-25JUN27,0.4033,-0.52792,275.84246,1.4,0.0,0.0040000000000000036,BTC,75853.61,0.0
2026-09-15T18:58:50.689055+00:00,BTC-25JUN27-92000-P,78949.98,BTC-25JUN27,put,92000.0,2027-06-25T08:00:00+00:00,0.7735591208122607,0.2465,0.2515,0.24890633,0.249,78949.98,BTC-25JUN27,0.4032,-0.60273,267.30812,0.2,0.0,0.0050000000000000044,BTC,75855.69,0.0
2026-09-15T18:58:50.689055+00:00,BTC-25DEC26-104000-C,77073.43,BTC-25DEC26,call,104000.0,2026-12-25T08:00:00+00:00,0.27527027755421835,0.0085,0.0095,0.00903476,0.009,77073.43,BTC-25DEC26,0.4072,0.09593,68.71514,99.5,7.7,0.0009999999999999992,BTC,75855.69,5964.65
2026-09-15T18:58:50.689055+00:00,BTC-17SEP26-76500-P,76045.73,BTC-17SEP26,put,76500.0,2026-09-17T08:00:00+00:00,0.004223049628140289,0.0155,0.0165,0.01583066,0.016,76045.73,BTC-17SEP26,0.4842,-0.59586,19.09483,37.4,1.0,0.0010000000000000009,BTC,75853.61,779.78
2026-09-15T18:58:50.689055+00:00,BTC-25SEP26-66000-C,76137.47,BTC-25SEP26,call,66000.0,2026-09-25T08:00:00+00:00,0.0261258559251971,0.133,0.137,0.1344608,0.135,76137.47,BTC-25SEP26,0.5196000000000001,0.95683,11.25827,968.4,0.0,0.0040000000000000036,BTC,75855.69,0.0
2026-09-15T18:58:50.689055+00:00,BTC-27NOV26-70000-P,76769.19,BTC-27NOV26,put,70000.0,2026-11-27T08:00:00+00:00,0.19861045551451947,0.0325,0.0335,0.03286243,0.033,76769.19,BTC-27NOV26,0.40090000000000003,-0.27611,114.18627,148.4,38.3,0.0010000000000000009,BTC,75855.69,78699.21
2026-09-15T18:58:50.689055+00:00,BTC-17SEP26-81000-C,76045.73,BTC-17SEP26,call,81000.0,2026-09-17T08:00:00+00:00,0.004223049628140289,0.0008,0.0011,0.00100596,0.00095,76045.73,BTC-17SEP26,0.6151,0.05262,5.29436,201.8,174.5,0.00030000000000000003,BTC,75855.69,38381.76
2026-09-15T18:58:50.689055+00:00,BTC-27NOV26-76000-C,76772.82,BTC-27NOV26,call,76000.0,2026-11-27T08:00:00+00:00,0.19861045551451947,0.0725,0.074,0.07327225,0.07325,76772.82,BTC-27NOV26,0.3858,0.5527,135.06099,19.1,8.3,0.0015000000000000013,BTC,75855.69,45811.89
2026-09-15T18:58:50.689055+00:00,BTC-25SEP26-155000-P,76137.47,BTC-25SEP26,put,155000.0,2026-09-25T08:00:00+00:00,0.0261258559251971,1.0325,1.0415,1.0360689,1.037,76137.47,BTC-25SEP26,0.8403,-1.0,7e-05,0.1,0.0,0.009000000000000119,BTC,75855.69,0.0
2026-09-15T18:58:50.689055+00:00,BTC-25SEP26-105000-C,76137.47,BTC-25SEP26,call,105000.0,2026-09-25T08:00:00+00:00,0.0261258559251971,0.0001,0.0003,0.00019417,0.0002,76137.47,BTC-25SEP26,0.7576,0.00489,1.74276,1584.5,0.1,0.00019999999999999998,BTC,75868.58,0.77
2026-09-15T18:58:50.689055+00:00,BTC-25DEC26-88000-C,77073.43,BTC-25DEC26,call,88000.0,2026-12-25T08:00:00+00:00,0.27527027755421835,0.0325,0.033,0.03268134,0.03275,77073.43,BTC-25DEC26,0.3825,0.28428,136.89397,3708.6,162.0,0.0005000000000000004,BTC,75868.17,492247.65
2026-09-15T18:58:50.689055+00:00,BTC-18SEP26-90000-C,76058.83,BTC-18SEP26,call,90000.0,2026-09-18T08:00:00+00:00,0.006960900415272391,,0.0003,0.00022709,,76058.83,BTC-18SEP26,0.8495999999999999,0.00897,1.53454,783.5,14.8,,BTC,75868.58,217.94
2026-09-15T18:58:50.689055+00:00,BTC-27NOV26-70000-C,76772.82,BTC-27NOV26,call,70000.0,2026-11-27T08:00:00+00:00,0.19861045551451947,0.12,0.1225,0.12101191,0.12125,76772.82,BTC-27NOV26,0.40090000000000003,0.72422,114.13916,6.0,0.7,0.0025000000000000022,BTC,75868.58,7210.57
2026-09-15T18:58:50.689055+00:00,BTC-30OCT26-72000-C,76515.74,BTC-30OCT26,call,72000.0,2026-10-30T08:00:00+00:00,0.12195063347482064,0.0855,0.088,0.08675457,0.08675,76515.74,BTC-30OCT26,0.3856,0.6928,93.72702,467.7,0.1,0.0024999999999999883,BTC,75868.17,686.84
2026-09-15T18:58:50.689055+00:00,BTC-16SEP26-76500-P,76025.65,BTC-16SEP26,put,76500.0,2026-09-16T08:00:00+00:00,0.001485198841008188,0.009,0.0105,0.00997472,0.00975,76025.65,BTC-16SEP26,0.4139,-0.69206,10.26955,370.9,417.7,0.0015000000000000013,BTC,75868.17,232957.78
2026-09-15T18:58:50.689055+00:00,BTC-25JUN27-56000-P,78949.6,BTC-25JUN27,put,56000.0,2027-06-25T08:00:00+00:00,0.7735591208122607,0.034,0.036,0.03492918,0.035,78949.6,BTC-25JUN27,0.449,-0.14411,157.35726,84.8,0.5,0.001999999999999995,BTC,75868.17,1191.48
2026-09-15T18:58:50.689055+00:00,BTC-26MAR27-105000-P,77979.96,BTC-26MAR27,put,105000.0,2027-03-26T08:00:00+00:00,0.5244146991832396,0.3715,0.3775,0.37440855,0.3745,77979.96,BTC-26MAR27,0.4075,-0.80732,154.33679,0.5,0.0,0.006000000000000005,BTC,75868.17,0.0
2026-09-15T18:58:50.689055+00:00,BTC-18SEP26-78500-P,76058.83,BTC-18SEP26,put,78500.0,2026-09-18T08:00:00+00:00,0.006960900415272391,0.0345,0.039,0.0367282,0.03675,76058.83,BTC-18SEP26,0.466,-0.80031,17.71275,9.1,3.2,0.004499999999999997,BTC,75868.17,5309.85
2026-09-15T18:58:50.689055+00:00,BTC-18SEP26-65000-P,76058.83,BTC-18SEP26,put,65000.0,2026-09-18T08:00:00+00:00,0.006960900415272391,,0.0003,0.00023925,,76058.83,BTC-18SEP26,0.8223,-0.01083,1.80906,191.0,12.5,,BTC,75868.17,287.49
2026-09-15T18:58:50.689055+00:00,BTC-30OCT26-63000-C,76512.26,BTC-30OCT26,call,63000.0,2026-10-30T08:00:00+00:00,0.12195063347482064,0.182,0.1865,0.18414905,0.18425,76512.26,BTC-30OCT26,0.4534,0.90202,46.11713,153.2,0.0,0.004500000000000004,BTC,75862.6,0.0
2026-09-15T18:58:50.689055+00:00,BTC-30OCT26-90000-P,76515.74,BTC-30OCT26,put,90000.0,2026-10-30T08:00:00+00:00,0.12195063347482064,0.1815,0.187,0.18414401,0.18425,76515.74,BTC-30OCT26,0.3824,-0.87819,53.91693,6.4,0.1,0.005500000000000005,BTC,75862.6,1171.31
2026-09-15T18:58:50.689055+00:00,BTC-25JUN27-105000-P,78949.98,BTC-25JUN27,put,105000.0,2027-06-25T08:00:00+00:00,0.7735591208122607,0.377,0.3835,0.3802234,0.38025,78949.98,BTC-25JUN27,0.4094,-0.73192,228.39111,0.1,0.0,0.006500000000000006,BTC,75862.6,0.0
2026-09-15T18:58:50.689055+00:00,BTC-19SEP26-69000-C,76070.23,BTC-19SEP26,call,69000.0,2026-09-19T08:00:00+00:00,0.009698751202404491,0.0915,0.096,0.09388888,0.09375,76070.23,BTC-19SEP26,0.5748,0.95679,6.85829,0.0,0.0,0.004500000000000004,BTC,75853.58,0.0
2026-09-15T18:58:50.689055+00:00,BTC-30OCT26-73000-P,76515.74,BTC-30OCT26,put,73000.0,2026-10-30T08:00:00+00:00,0.12195063347482064,0.032,0.0325,0.03218496,0.03225,76515.74,BTC-30OCT26,0.3818,-0.34333,98.08825,257.7,69.8,0.0005000000000000004,BTC,75862.6,159670.31
2026-09-15T18:58:50.689055+00:00,BTC-25SEP26-82000-P,76137.47,BTC-25SEP26,put,82000.0,2026-09-25T08:00:00+00:00,0.0261258559251971,0.079,0.084,0.08187425,0.0815,76137.47,BTC-25SEP26,0.4156,-0.86513,26.651,459.4,0.0,0.0050000000000000044,BTC,75862.6,0.0
2026-09-15T18:58:50.689055+00:00,BTC-26MAR27-112000-P,77979.96,BTC-26MAR27,put,112000.0,2027-03-26T08:00:00+00:00,0.5244146991832396,0.4535,0.4595,0.45639353,0.4565,77979.96,BTC-26MAR27,0.41659999999999997,-0.85477,128.63019,0.1,0.0,0.006000000000000005,BTC,75853.58,0.0
2026-09-15T18:58:50.689055+00:00,BTC-25DEC26-58000-C,77073.43,BTC-25DEC26,call,58000.0,2026-12-25T08:00:00+00:00,0.27527027755421835,0.258,0.2615,0.25987008,0.25975,77073.43,BTC-25DEC26,0.46130000000000004,0.90081,70.41562,40.3,0.0,0.003500000000000003,BTC,75850.48,0.0
2026-09-15T18:58:50.689055+00:00,BTC-18SEP26-75500-P,76063.45,BTC-18SEP26,put,75500.0,2026-09-18T08:00:00+00:00,0.006960900415272391,0.011,0.012,0.01152965,0.0115,76063.45,BTC-18SEP26,0.4499,-0.4372,24.94566,10.1,13.7,0.0010000000000000009,BTC,75853.58,12951.7
2026-09-15T18:58:50.689055+00:00,BTC-30OCT26-56000-P,76515.74,BTC-30OCT26,put,56000.0,2026-10-30T08:00:00+00:00,0.12195063347482064,0.0034,0.0039,0.00354573,0.00365,76515.74,BTC-30OCT26,0.5483,-0.04343,24.56234,464.1,3.3,0.0005,BTC,75853.58,835.65
2026-09-15T18:58:50.689055+00:00,BTC-17SEP26-72000-P,76045.73,BTC-17SEP26,put,72000.0,2026-09-17T08:00:00+00:00,0.004223049628140289,0.001,0.0013,0.00108629,0.00115,76045.73,BTC-17SEP26,0.5660000000000001,-0.07425,6.9245,81.3,78.0,0.0002999999999999999,BTC,75853.58,7593.08
2026-09-15T18:58:50.689055+00:00,BTC-30OCT26-79000-C,76515.74,BTC-30OCT26,call,79000.0,2026-10-30T08:00:00+00:00,0.12195063347482064,0.037,0.038,0.03763851,0.0375,76515.74,BTC-30OCT26,0.36950000000000005,0.42049,104.27033,320.3,20.8,0.0010000000000000009,BTC,75850.48,79158.01
2026-09-15T18:58:50.689055+00:00,BTC-2OCT26-78000-C,76211.36,BTC-2OCT26,call,78000.0,2026-10-02T08:00:00+00:00,0.04529081143512181,0.0215,0.022,0.02194027,0.02175,76211.36,BTC-2OCT26,0.3763,0.39088,62.1501,230.7,80.0,0.0005000000000000004,BTC,75850.48,173697.53
2026-09-15T18:58:50.689055+00:00,BTC-18SEP26-88000-C,76058.83,BTC-18SEP26,call,88000.0,2026-09-18T08:00:00+00:00,0.006960900415272391,0.0001,0.0003,0.00027319,0.0002,76058.83,BTC-18SEP26,0.7686,0.01058,1.77304,625.0,15.2,0.00019999999999999998,BTC,75850.48,399.99
2026-09-15T18:58:50.689055+00:00,BTC-25SEP26-66000-P,76137.47,BTC-25SEP26,put,66000.0,2026-09-25T08:00:00+00:00,0.0261258559251971,0.0014,0.0017,0.00143208,0.00155,76137.47,BTC-25SEP26,0.5196000000000001,-0.04324,11.27132,1731.5,41.6,0.0002999999999999999,BTC,75850.48,3825.42
2026-09-15T18:58:50.689055+00:00,BTC-27NOV26-69000-C,76772.82,BTC-27NOV26,call,69000.0,2026-11-27T08:00:00+00:00,0.19861045551451947,0.129,0.132,0.13041107,0.1305,76772.82,BTC-27NOV26,0.4048,0.74859,108.85174,0.0,0.0,0.0030000000000000027,BTC,75850.48,0.0
2026-09-15T18:58:50.689055+00:00,BTC-25JUN27-90000-C,78949.6,BTC-25JUN27,call,90000.0,2027-06-25T08:00:00+00:00,0.7735591208122607,0.089,0.0915,0.09050294,0.09025,78949.6,BTC-25JUN27,0.40270000000000006,0.42118,271.11272,766.2,4.0,0.0025000000000000022,BTC,75853.4,27250.91
2026-09-15T18:58:50.689055+00:00,BTC-25SEP26-79000-C,76137.3,BTC-25SEP26,call,79000.0,2026-09-25T08:00:00+00:00,0.0261258559251971,0.011,0.0115,0.01119161,0.01125,76137.3,BTC-25SEP26,0.392,0.27898,41.26946,2257.3,227.7,0.0005000000000000004,BTC,75853.4,296137.88
2026-09-15T18:58:50.689055+00:00,BTC-25DEC26-85000-C,77078.05,BTC-25DEC26,call,85000.0,2026-12-25T08:00:00+00:00,0.27527027755421835,0.042,0.043,0.04229292,0.0425,77078.05,BTC-25DEC26,0.3818,0.34485,148.68974,3159.1,393.4,0.000999999999999994,BTC,75853.4,1317772.09
2026-09-15T18:58:50.689055+00:00,BTC-2OCT26-79000-C,76211.36,BTC-2OCT26,call,79000.0,2026-10-02T08:00:00+00:00,0.04529081143512181,0.017,0.0175,0.01757774,0.01725,76211.36,BTC-2OCT26,0.3778,0.33231,58.79058,242.1,177.9,0.0005000000000000004,BTC,75851.5,366839.41
2026-09-15T18:58:50.689055+00:00,BTC-18SEP26-79500-C,76063.45,BTC-18SEP26,call,79500.0,2026-09-18T08:00:00+00:00,0.006960900415272391,0.0026,0.003,0.00287523,0.0028,76063.45,BTC-18SEP26,0.48469999999999996,0.12985,13.38356,97.1,90.5,0.0004000000000000002,BTC,75853.4,60706.91
2026-09-15T18:58:50.689055+00:00,BTC-25DEC26-98000-P,77073.43,BTC-25DEC26,put,98000.0,2026-12-25T08:00:00+00:00,0.27527027755421835,0.2825,0.2895,0.28565304,0.286,77073.43,BTC-25DEC26,0.39490000000000003,-0.85682,91.21469,1.2,0.0,0.007000000000000006,BTC,75853.4,0.0
2026-09-15T18:58:50.689055+00:00,BTC-26MAR27-78000-C,77979.48,BTC-26MAR27,call,78000.0,2027-03-26T08:00:00+00:00,0.5244146991832396,0.1125,0.1145,0.11382738,0.1135,77979.48,BTC-26MAR27,0.3956,0.55379,222.8573,613.3,12.2,0.0020000000000000018,BTC,75851.5,107558.29
2026-09-15T18:58:50.689055+00:00,BTC-17SEP26-85000-P,76041.11,BTC-17SEP26,put,85000.0,2026-09-17T08:00:00+00:00,0.004223049628140289,0.1155,0.121,0.11811385,0.11825,76041.11,BTC-17SEP26,0.8003,-0.98554,1.80893,0.0,0.0,0.005499999999999991,BTC,75851.5,0.0
2026-09-15T18:58:50.689055+00:00,BTC-25SEP26-200000-P,76137.47,BTC-25SEP26,put,200000.0,2026-09-25T08:00:00+00:00,0.0261258559251971,1.622,1.6345,1.62718567,1.62825,76137.47,BTC-25SEP26,0.9823999999999999,-1.0,0.0,3.2,0.0,0.012499999999999956,BTC,75851.5,0.0
2026-09-15T18:58:50.689055+00:00,BTC-25DEC26-78000-C,77073.43,BTC-25DEC26,call,78000.0,2026-12-25T08:00:00+00:00,0.27527027755421835,0.075,0.076,0.07518646,0.0755,77073.43,BTC-25DEC26,0.38530000000000003,0.51243,160.94402,1082.4,63.4,0.0010000000000000009,BTC,75851.5,377027.77
2026-09-15T18:58:50.689055+00:00,BTC-25SEP26-85000-P,76137.47,BTC-25SEP26,put,85000.0,2026-09-25T08:00:00+00:00,0.0261258559251971,0.116,0.1215,0.11872699,0.11875,76137.47,BTC-25SEP26,0.4499,-0.93466,15.63562,454.6,1.0,0.005499999999999991,BTC,75851.5,8708.14
2026-09-15T18:58:50.689055+00:00,BTC-18SEP26-77500-P,76063.45,BTC-18SEP26,put,77500.0,2026-09-18T08:00:00+00:00,0.006960900415272391,0.0255,0.0275,0.02655924,0.0265,76063.45,BTC-18SEP26,0.45409999999999995,-0.703,21.91338,55.5,54.1,0.0020000000000000018,BTC,75851.5,88985.78
2026-09-15T18:58:50.689055+00:00,BTC-27NOV26-115000-C,76769.19,BTC-27NOV26,call,115000.0,2026-11-27T08:00:00+00:00,0.19861045551451947,0.0019,0.0024,0.00216056,0.00215,76769.19,BTC-27NOV26,0.4557,0.0287,22.39919,32.7,0.1,0.0004999999999999998,BTC,75841.01,27.68
2026-09-15T18:58:50.689055+00:00,BTC-27NOV26-68000-P,76772.82,BTC-27NOV26,put,68000.0,2026-11-27T08:00:00+00:00,0.19861045551451947,0.0255,0.0265,0.02594455,0.026,76772.82,BTC-27NOV26,0.40909999999999996,-0.22835,103.26973,96.4,17.3,0.0010000000000000009,BTC,75841.01,30896.45
2026-09-15T18:58:50.689055+00:00,BTC-2OCT26-81000-P,76215.98,BTC-2OCT26,put,81000.0,2026-10-02T08:00:00+00:00,0.04529081143512181,0.0715,0.076,0.07396118,0.07375,76215.98,BTC-2OCT26,0.384,-0.7683,49.35159,6.0,0.6,0.004500000000000004,BTC,75835.09,2197.69
2026-09-15T18:58:50.689055+00:00,BTC-17SEP26-75500-C,76045.73,BTC-17SEP26,call,75500.0,2026-09-17T08:00:00+00:00,0.004223049628140289,0.016,0.017,0.0163345,0.0165,76045.73,BTC-17SEP26,0.4816,0.56799,19.37554,13.9,13.9,0.0010000000000000009,BTC,75841.01,13412.05
2026-09-15T18:58:50.689055+00:00,BTC-19SEP26-70000-C,76074.89,BTC-19SEP26,call,70000.0,2026-09-19T08:00:00+00:00,0.009698751202404491,0.0785,0.083,0.08105679,0.08075,76074.89,BTC-19SEP26,0.5357999999999999,0.94055,8.83911,0.0,0.0,0.004500000000000004,BTC,75835.09,0.0
2026-09-15T18:58:50.689055+00:00,BTC-25DEC26-95000-P,77073.43,BTC-25DEC26,put,95000.0,2026-12-25T08:00:00+00:00,0.27527027755421835,0.248,0.254,0.2506195,0.251,77073.43,BTC-25DEC26,0.3899,-0.8243,104.286,112.6,0.2,0.006000000000000005,BTC,75835.09,3575.09
2026-09-15T18:58:50.689055+00:00,BTC-27NOV26-81000-P,76772.82,BTC-27NOV26,put,81000.0,2026-11-27T08:00:00+00:00,0.19861045551451947,0.1,0.101,0.10064704,0.1005,76772.82,BTC-27NOV26,0.38130000000000003,-0.59655,132.2091,38.7,4.4,0.0010000000000000009,BTC,75835.09,30873.9
2026-09-15T18:58:50.689055+00:00,BTC-16SEP26-78500-C,76025.65,BTC-16SEP26,call,78500.0,2026-09-16T08:00:00+00:00,0.001485198841008188,0.0002,0.0004,0.00039597,0.0003,76025.65,BTC-16SEP26,0.5006,0.03665,2.34196,96.4,105.7,0.0002,BTC,75841.76,19566.78
2026-09-15T18:58:50.689055+00:00,BTC-19SEP26-75000-C,76070.23,BTC-19SEP26,call,75000.0,2026-09-19T08:00:00+00:00,0.009698751202404491,0.0235,0.026,0.02483504,0.02475,76070.23,BTC-19SEP26,0.4322,0.61757,28.51356,10.4,10.4,0.0024999999999999988,BTC,75841.76,16295.94
2026-09-15T18:58:50.689055+00:00,ETH-30OCT26-1000-C,2410.21,ETH-30OCT26,call,1000.0,2026-10-30T08:00:00+00:00,0.12195063347482064,0.5835,0.5875,0.585345,0.5855,2410.21,ETH-30OCT26,1.0009000000000001,0.99642,0.09033,0.0,0.0,0.0040000000000000036,ETH,2397.63,0.0
2026-09-15T18:58:50.689055+00:00,ETH-25JUN27-3100-P,2473.38,ETH-25JUN27,put,3100.0,2027-06-25T08:00:00+00:00,0.7735591208122607,0.355,0.3805,0.367893,0.36775,2473.38,ETH-25JUN27,0.5602,-0.58381,8.48944,100.0,0.0,0.025500000000000023,ETH,2397.99,0.0
2026-09-15T18:58:50.689055+00:00,ETH-25SEP26-9000-P,2401.52,ETH-25SEP26,put,9000.0,2026-09-25T08:00:00+00:00,0.0261258559251971,2.732,2.761,2.747002,2.7465,2401.52,ETH-25SEP26,1.3622999999999998,-1.0,0.0,0.0,0.0,0.028999999999999915,ETH,2397.99,0.0
2026-09-15T18:58:50.689055+00:00,ETH-17SEP26-2680-P,2399.18,ETH-17SEP26,put,2680.0,2026-09-17T08:00:00+00:00,0.004223049628140289,0.113,0.1215,0.117791,0.11725,2399.18,ETH-17SEP26,0.9562999999999999,-0.96007,0.13412,0.0,0.0,0.008499999999999994,ETH,2397.63,0.0
2026-09-15T18:58:50.689055+00:00,ETH-18SEP26-2580-P,2399.39,ETH-18SEP26,put,2580.0,2026-09-18T08:00:00+00:00,0.006960900415272391,0.0745,0.082,0.078507,0.07825,2399.39,ETH-18SEP26,0.7199,-0.88073,0.39868,33.0,33.0,0.007500000000000007,ETH,2397.63,1881.49
2026-09-15T18:58:50.689055+00:00,ETH-27NOV26-2700-C,2417.35,ETH-27NOV26,call,2700.0,2026-11-27T08:00:00+00:00,0.19861045551451947,0.053,0.055,0.054346,0.054,2417.35,ETH-27NOV26,0.5465,0.36918,4.06406,420.0,0.0,0.0020000000000000018,ETH,2397.99,0.0
2026-09-15T18:58:50.689055+00:00,ETH-18SEP26-2200-P,2399.39,ETH-18SEP26,put,2200.0,2026-09-18T08:00:00+00:00,0.006960900415272391,0.0026,0.003,0.002859,0.0028,2399.39,ETH-18SEP26,0.7977,-0.09028,0.32585,8300.0,1201.0,0.0004000000000000002,ETH,2397.99,6864.01
2026-09-15T18:58:50.689055+00:00,ETH-25SEP26-2300-P,2401.52,ETH-25SEP26,put,2300.0,2026-09-25T08:00:00+00:00,0.0261258559251971,0.0185,0.0195,0.019155,0.019,2401.52,ETH-25SEP26,0.5787,-0.30554,1.36106,6040.0,819.0,0.0010000000000000009,ETH,2397.66,32956.53
2026-09-15T18:58:50.689055+00:00,ETH-25JUN27-2100-P,2474.81,ETH-25JUN27,put,2100.0,2027-06-25T08:00:00+00:00,0.7735591208122607,0.1135,0.1175,0.115681,0.1155,2474.81,ETH-25JUN27,0.5658,-0.28172,7.34742,599.0,0.0,0.00399999999999999,ETH,2397.66,0.0
2026-09-15T18:58:50.689055+00:00,ETH-25DEC26-1000-C,2424.57,ETH-25DEC26,call,1000.0,2026-12-25T08:00:00+00:00,0.27527027755421835,0.587,0.5935,0.589701,0.59025,2424.57,ETH-25DEC26,0.8408,0.987,0.42571,75.0,0.0,0.006500000000000061,ETH,2397.66,0.0
2026-09-15T18:58:50.689055+00:00,ETH-25DEC26-2800-P,2424.57,ETH-25DEC26,put,2800.0,2026-12-25T08:00:00+00:00,0.27527027755421835,0.207,0.221,0.215715,0.214,2424.57,ETH-25DEC26,0.5467,-0.64073,4.75449,2905.0,238.0,0.014000000000000012,ETH,2397.66,107788.16
2026-09-15T18:58:50.689055+00:00,ETH-25SEP26-2450-P,2402.95,ETH-25SEP26,put,2450.0,2026-09-25T08:00:00+00:00,0.0261258559251971,0.0465,0.048,0.047432,0.04725,2402.95,ETH-25SEP26,0.5598,-0.5697,1.52522,1036.0,258.0,0.0015000000000000013,ETH,2397.66,25025.06
2026-09-15T18:58:50.689055+00:00,ETH-27NOV26-3100-C,2415.92,ETH-27NOV26,call,3100.0,2026-11-27T08:00:00+00:00,0.19861045551451947,0.0235,0.025,0.024675,0.02425,2415.92,ETH-27NOV26,0.5692,0.19578,2.97571,83.0,25.0,0.0015000000000000013,ETH,2396.94,1979.98
2026-09-15T18:58:50.689055+00:00,ETH-30OCT26-1800-P,2408.78,ETH-30OCT26,put,1800.0,2026-10-30T08:00:00+00:00,0.12195063347482064,0.0085,0.0095,0.008976,0.009,2408.78,ETH-30OCT26,0.6456000000000001,-0.08028,1.25381,1284.0,2.0,0.0009999999999999992,ETH,2396.94,44.15
2026-09-15T18:58:50.689055+00:00,ETH-25DEC26-4400-P,2423.14,ETH-25DEC26,put,4400.0,2026-12-25T08:00:00+00:00,0.27527027755421835,0.81,0.832,0.822325,0.821,2423.14,ETH-25DEC26,0.6397999999999999,-0.94616,1.39098,20.0,0.0,0.02199999999999991,ETH,2396.94,0.0
2026-09-15T18:58:50.689055+00:00,ETH-17SEP26-2480-C,2399.18,ETH-17SEP26,call,2480.0,2026-09-17T08:00:00+00:00,0.004223049628140289,0.006,0.0065,0.006229,0.00625,2399.18,ETH-17SEP26,0.6944,0.23625,0.4802,46.0,144.0,0.0004999999999999996,ETH,2396.94,7327.54
2026-09-15T18:58:50.689055+00:00,ETH-19SEP26-2480-C,2401.22,ETH-19SEP26,call,2480.0,2026-09-19T08:00:00+00:00,0.009698751202404491,0.011,0.0115,0.01129,0.01125,2401.22,ETH-19SEP26,0.6111,0.3011,0.82286,30.0,30.0,0.0005000000000000004,ETH,2396.94,1138.27
2026-09-15T18:58:50.689055+00:00,ETH-16SEP26-2420-P,2400.41,ETH-16SEP26,put,2420.0,2026-09-16T08:00:00+00:00,0.001485198841008188,0.0125,0.0155,0.013575,0.014,2400.41,ETH-16SEP26,0.5584,-0.66599,0.33562,996.0,879.0,0.002999999999999999,ETH,2395.94,10389.49
2026-09-15T18:58:50.689055+00:00,ETH-25SEP26-3400-C,2401.52,ETH-25SEP26,call,3400.0,2026-09-25T08:00:00+00:00,0.0261258559251971,0.0005,0.0007,0.000628,0.0006,2401.52,ETH-25SEP26,0.9292,0.01239,0.12458,9696.0,13.0,0.00019999999999999998,ETH,2395.94,18.7
2026-09-15T18:58:50.689055+00:00,ETH-25SEP26-4400-P,2402.95,ETH-25SEP26,put,4400.0,2026-09-25T08:00:00+00:00,0.0261258559251971,0.825,0.838,0.831941,0.8315,2402.95,ETH-25SEP26,1.2118,-0.99862,0.01753,281.0,0.0,0.013000000000000012,ETH,2395.94,0.0
2026-09-15T18:58:50.689055+00:00,ETH-19SEP26-2260-P,2399.79,ETH-19SEP26,put,2260.0,2026-09-19T08:00:00+00:00,0.009698751202404491,0.0055,0.0065,0.006124,0.006,2399.79,ETH-19SEP26,0.6633,-0.1718,0.60195,60.0,95.0,0.001,ETH,2395.94,1334.15
2026-09-15T18:58:50.689055+00:00,ETH-18SEP26-2560-P,2399.39,ETH-18SEP26,put,2560.0,2026-09-18T08:00:00+00:00,0.006960900415272391,0.0665,0.074,0.070804,0.07025,2399.39,ETH-18SEP26,0.7,-0.86276,0.43922,1.0,2.0,0.007499999999999993,ETH,2395.94,193.92
2026-09-15T18:58:50.689055+00:00,ETH-17SEP26-2250-P,2399.18,ETH-17SEP26,put,2250.0,2026-09-17T08:00:00+00:00,0.004223049628140289,0.0025,0.0028,0.002659,0.00265,2399.18,ETH-17SEP26,0.805,-0.10742,0.28789,251.0,331.0,0.0002999999999999999,ETH,2395.94,2140.62
2026-09-15T18:58:50.689055+00:00,ETH-25DEC26-7000-P,2424.57,ETH-25DEC26,put,7000.0,2026-12-25T08:00:00+00:00,0.27527027755421835,1.8685,1.9035,1.889364,1.886,2424.57,ETH-25DEC26,0.7778,-0.99173,0.28677,0.0,0.0,0.03499999999999992,ETH,2395.61,0.0
2026-09-15T18:58:50.689055+00:00,ETH-25JUN27-4000-C,2473.38,ETH-25JUN27,call,4000.0,2027-06-25T08:00:00+00:00,0.7735591208122607,0.0555,0.0585,0.057522,0.057,2473.38,ETH-25JUN27,0.5742,0.24183,6.78814,4598.0,20.0,0.0030000000000000027,ETH,2395.61,3068.52
2026-09-15T18:58:50.689055+00:00,ETH-18SEP26-2900-P,2399.39,ETH-18SEP26,put,2900.0,2026-09-18T08:00:00+00:00,0.006960900415272391,0.2045,0.212,0.20891,0.20825,2399.39,ETH-18SEP26,1.0488,-0.98342,0.08253,10.0,0.0,0.007500000000000007,ETH,2395.94,0.0
2026-09-15T18:58:50.689055+00:00,ETH-19SEP26-2600-P,2399.79,ETH-19SEP26,put,2600.0,2026-09-19T08:00:00+00:00,0.009698751202404491,0.0835,0.0905,0.087355,0.087,2399.79,ETH-19SEP26,0.6862999999999999,-0.87747,0.47944,0.0,0.0,0.006999999999999992,ETH,2395.61,0.0
2026-09-15T18:58:50.689055+00:00,ETH-26MAR27-1800-C,2448.16,ETH-26MAR27,call,1800.0,2027-03-26T08:00:00+00:00,0.5244146991832396,0.3065,0.3215,0.312728,0.314,2448.16,ETH-26MAR27,0.5802,0.82599,4.54844,3427.0,0.0,0.015000000000000013,ETH,2395.61,0.0
2026-09-15T18:58:50.689055+00:00,ETH-19SEP26-2240-C,2401.22,ETH-19SEP26,call,2240.0,2026-09-19T08:00:00+00:00,0.009698751202404491,0.069,0.0745,0.071986,0.07175,2401.22,ETH-19SEP26,0.6884999999999999,0.85079,0.54873,0.0,0.0,0.005499999999999991,ETH,2395.88,0.0
2026-09-15T18:58:50.689055+00:00,ETH-19SEP26-2150-C,2399.79,ETH-19SEP26,call,2150.0,2026-09-19T08:00:00+00:00,0.009698751202404491,0.104,0.1105,0.107024,0.10725,2399.79,ETH-19SEP26,0.804,0.92195,0.34457,0.0,0.0,0.006500000000000006,ETH,2395.88,0.0
2026-09-15T18:58:50.689055+00:00,ETH-16SEP26-2380-C,2398.98,ETH-16SEP26,call,2380.0,2026-09-16T08:00:00+00:00,0.001485198841008188,0.012,0.014,0.013226,0.013,2398.98,ETH-16SEP26,0.5618,0.63276,0.34734,48.0,61.0,0.002,ETH,2395.88,2254.59
2026-09-15T18:58:50.689055+00:00,ETH-18SEP26-2460-C,2399.39,ETH-18SEP26,call,2460.0,2026-09-18T08:00:00+00:00,0.006960900415272391,0.0105,0.0115,0.011106,0.011,2399.39,ETH-18SEP26,0.6331,0.32282,0.71791,346.0,348.0,0.0009999999999999992,ETH,2395.88,13735.18
2026-09-15T18:58:50.689055+00:00,ETH-25JUN27-1900-C,2474.81,ETH-25JUN27,call,1900.0,2027-06-25T08:00:00+00:00,0.7735591208122607,0.307,0.3265,0.315154,0.31675,2474.81,ETH-25JUN27,0.5743,0.78073,6.43136,115.0,0.0,0.019500000000000017,ETH,2397.73,0.0
2026-09-15T18:58:50.689055+00:00,ETH-17SEP26-2680-C,2399.19,ETH-17SEP26,call,2680.0,2026-09-17T08:00:00+00:00,0.004223049628140289,0.0009,0.0011,0.000988,0.001,2399.19,ETH-17SEP26,0.9562999999999999,0.03902,0.13152,857.0,206.0,0.0002000000000000001,ETH,2395.88,1045.33
2026-09-15T18:58:50.689055+00:00,ETH-19SEP26-2380-P,2401.22,ETH-19SEP26,put,2380.0,2026-09-19T08:00:00+00:00,0.009698751202404491,0.019,0.02,0.019477,0.0195,2401.22,ETH-19SEP26,0.599,-0.43217,0.92926,61.0,61.0,0.0010000000000000009,ETH,2397.73,3105.61
2026-09-15T18:58:50.689055+00:00,ETH-26MAR27-2000-P,2448.16,ETH-26MAR27,put,2000.0,2027-03-26T08:00:00+00:00,0.5244146991832396,0.072,0.075,0.073608,0.0735,2448.16,ETH-26MAR27,0.5668,-0.2431,5.54864,1919.0,0.0,0.0030000000000000027,ETH,2397.73,0.0
2026-09-15T18:58:50.689055+00:00,ETH-25JUN27-3900-C,2474.81,ETH-25JUN27,call,3900.0,2027-06-25T08:00:00+00:00,0.7735591208122607,0.0595,0.0625,0.061526,0.061,2474.81,ETH-25JUN27,0.5713,0.25636,7.0075,210.0,0.0,0.0030000000000000027,ETH,2397.73,0.0
2026-09-15T18:58:50.689055+00:00,ETH-19SEP26-2500-C,2401.22,ETH-19SEP26,call,2500.0,2026-09-19T08:00:00+00:00,0.009698751202404491,0.009,0.01,0.009344,0.0095,2401.22,ETH-19SEP26,0.6195,0.26138,0.76876,371.0,516.0,0.0010000000000000009,ETH,2397.73,16915.55
2026-09-15T18:58:50.689055+00:00,ETH-25SEP26-2100-P,2402.95,ETH-25SEP26,put,2100.0,2026-09-25T08:00:00+00:00,0.0261258559251971,0.005,0.006,0.005573,0.0055,2402.95,ETH-25SEP26,0.6823,-0.10154,0.6891,37188.0,4281.0,0.001,ETH,2397.8,60105.09
2026-09-15T18:58:50.689055+00:00,ETH-27NOV26-2150-C,2415.92,ETH-27NOV26,call,2150.0,2026-11-27T08:00:00+00:00,0.19861045551451947,0.157,0.16,0.1586,0.1585,2415.92,ETH-27NOV26,0.5571,0.72369,3.60225,0.0,0.0,0.0030000000000000027,ETH,2397.8,0.0
2026-09-15T18:58:50.689055+00:00,ETH-27NOV26-3400-C,2415.92,ETH-27NOV26,call,3400.0,2026-11-27T08:00:00+00:00,0.19861045551451947,0.0135,0.015,0.014434,0.01425,2415.92,ETH-27NOV26,0.5929,0.12294,2.19164,515.0,12.0,0.0014999999999999996,ETH,2397.8,706.11
2026-09-15T18:58:50.689055+00:00,ETH-17SEP26-2550-P,2399.18,ETH-17SEP26,put,2550.0,2026-09-17T08:00:00+00:00,0.004223049628140289,0.061,0.0685,0.065487,0.06475,2399.18,ETH-17SEP26,0.774,-0.88217,0.3078,0.0,0.0,0.007500000000000007,ETH,2397.8,0.0
2026-09-15T18:58:50.689055+00:00,ETH-17SEP26-2500-P,2399.19,ETH-17SEP26,put,2500.0,2026-09-17T08:00:00+00:00,0.004223049628140289,0.043,0.05,0.046846,0.0465,2399.19,ETH-17SEP26,0.7204,-0.80364,0.43154,957.0,372.0,0.007000000000000006,ETH,2397.8,17192.32
2026-09-15T18:58:50.689055+00:00,ETH-18SEP26-2760-C,2399.39,ETH-18SEP26,call,2760.0,2026-09-18T08:00:00+00:00,0.006960900415272391,0.0009,0.0011,0.000991,0.001,2399.39,ETH-18SEP26,0.9015000000000001,0.03412,0.15147,6658.0,1493.0,0.0002000000000000001,ETH,2397.8,17829.42
2026-09-15T18:58:50.689055+00:00,ETH-27NOV26-3000-C,2415.92,ETH-27NOV26,call,3000.0,2026-11-27T08:00:00+00:00,0.19861045551451947,0.029,0.0305,0.029871,0.02975,2415.92,ETH-27NOV26,0.5623,0.23018,3.272,354.0,11.0,0.0014999999999999979,ETH,2399.39,986.39
2026-09-15T18:58:50.689055+00:00,ETH-25SEP26-16000-P,2401.52,ETH-25SEP26,put,16000.0,2026-09-25T08:00:00+00:00,0.0261258559251971,5.633,5.6845,5.661338,5.65875,2401.52,ETH-25SEP26,1.8954,-1.0,0.0,30.0,0.0,0.05149999999999988,ETH,2399.39,0.0
2026-09-15T18:58:50.689055+00:00,ETH-25SEP26-2050-P,2401.52,ETH-25SEP26,put,2050.0,2026-09-25T08:00:00+00:00,0.0261258559251971,0.0041,0.0044,0.00438,0.00425,2401.52,ETH-25SEP26,0.7239,-0.07814,0.56742,3727.0,2675.0,0.0002999999999999999,ETH,2399.39,29349.64
2026-09-15T18:58:50.689055+00:00,ETH-19SEP26-2100-C,2401.22,ETH-19SEP26,call,2100.0,2026-09-19T08:00:00+00:00,0.009698751202404491,0.124,0.1305,0.127126,0.12725,2401.22,ETH-19SEP26,0.8726999999999999,0.94568,0.26053,18.0,36.0,0.006500000000000006,ETH,2399.39,11751.76
2026-09-15T18:58:50.689055+00:00,ETH-25JUN27-6000-C,2474.81,ETH-25JUN27,call,6000.0,2027-06-25T08:00:00+00:00,0.7735591208122607,0.0155,0.018,0.017252,0.01675,2474.81,ETH-25JUN27,0.6136,0.08522,3.39433,2444.0,5.0,0.0024999999999999988,ETH,2398.85,262.36
2026-09-15T18:58:50.689055+00:00,ETH-17SEP26-2620-P,2399.18,ETH-17SEP26,put,2620.0,2026-09-17T08:00:00+00:00,0.004223049628140289,0.0885,0.097,0.09336,0.09275,2399.18,ETH-17SEP26,0.8742,-0.93454,0.19884,0.0,0.0,0.008500000000000008,ETH,2399.39,0.0
2026-09-15T18:58:50.689055+00:00,ETH-26MAR27-4500-P,2448.16,ETH-26MAR27,put,4500.0,2027-03-26T08:00:00+00:00,0.5244146991832396,0.8445,0.8705,0.85962,0.8575,2448.16,ETH-26MAR27,0.5974,-0.88311,3.48186,0.0,0.0,0.026000000000000023,ETH,2398.85,0.0
2026-09-15T18:58:50.689055+00:00,ETH-25SEP26-1600-C,2401.52,ETH-25SEP26,call,1600.0,2026-09-25T08:00:00+00:00,0.0261258559251971,0.332,0.3375,0.334557,0.33475,2401.52,ETH-25SEP26,1.1328,0.98963,0.10692,3418.0,0.0,0.005500000000000005,ETH,2398.85,0.0
2026-09-15T18:58:50.689055+00:00,ETH-27NOV26-4200-P,2415.92,ETH-27NOV26,put,4200.0,2026-11-27T08:00:00+00:00,0.19861045551451947,0.7355,0.75,0.742802,0.74275,2415.92,ETH-27NOV26,0.6659,-0.95658,0.99246,0.0,0.0,0.014499999999999957,ETH,2398.85,0.0
2026-09-15T18:58:50.689055+00:00,ETH-16SEP26-2350-C,2400.41,ETH-16SEP26,call,2350.0,2026-09-16T08:00:00+00:00,0.001485198841008188,0.021,0.0245,0.023122,0.02275,2400.41,ETH-16SEP26,0.6241,0.81242,0.24859,18.0,0.0,0.0034999999999999996,ETH,2398.85,0.0
2026-09-15T18:58:50.689055+00:00,ETH-27NOV26-1600-P,2415.92,ETH-27NOV26,put,1600.0,2026-11-27T08:00:00+00:00,0.19861045551451947,0.0085,0.01,0.009181,0.00925,2415.92,ETH-27NOV26,0.6690999999999999,-0.06276,1.32932,270.0,18.0,0.0014999999999999996,ETH,2398.66,354.15
2026-09-15T18:58:50.689055+00:00,ETH-27NOV26-2300-P,2415.92,ETH-27NOV26,put,2300.0,2026-11-27T08:00:00+00:00,0.19861045551451947,0.071,0.073,0.072305,0.072,2415.92,ETH-27NOV26,0.5457,-0.37258,4.07689,357.0,1.0,0.0020000000000000018,ETH,2398.66,141.75
2026-09-15T18:58:50.689055+00:00,ETH-26MAR27-3000-P,2448.16,ETH-26MAR27,put,3000.0,2027-03-26T08:00:00+00:00,0.5244146991832396,0.3095,0.3235,0.312356,0.3165,2448.16,ETH-26MAR27,0.5557,-0.61962,6.75268,370.0,0.0,0.014000000000000012,ETH,2398.66,0.0
2026-09-15T18:58:50.689055+00:00,ETH-25DEC26-5200-P,2423.14,ETH-25DEC26,put,5200.0,2026-12-25T08:00:00+00:00,0.27527027755421835,1.1345,1.159,1.149023,1.14675,2423.14,ETH-25DEC26,0.6922,-0.97255,0.80396,0.0,0.0,0.024499999999999966,ETH,2398.54,0.0
2026-09-15T18:58:50.689055+00:00,ETH-25JUN27-3900-P,2473.38,ETH-25JUN27,put,3900.0,2027-06-25T08:00:00+00:00,0.7735591208122607,0.6235,0.6515,0.638068,0.6375,2473.38,ETH-25JUN27,0.5713,-0.74349,7.01118,0.0,0.0,0.027999999999999914,ETH,2398.54,0.0
2026-09-15T18:58:50.689055+00:00,ETH-25DEC26-4800-C,2424.57,ETH-25DEC26,call,4800.0,2026-12-25T08:00:00+00:00,0.27527027755421835,0.0041,0.005,0.004724,0.00455,2424.57,ETH-25DEC26,0.6677,0.03797,1.05066,2792.0,151.0,0.0008999999999999998,ETH,2398.54,1804.78
2026-09-15T18:58:50.689055+00:00,ETH-16SEP26-2520-C,2400.41,ETH-16SEP26,call,2520.0,2026-09-16T08:00:00+00:00,0.001485198841008188,0.0005,0.0007,0.000561,0.0006,2400.41,ETH-16SEP26,0.7554000000000001,0.04745,0.09132,5324.0,6458.0,0.00019999999999999998,ETH,2398.66,37101.83
2026-09-15T18:58:50.689055+00:00,ETH-19SEP26-2340-C,2401.22,ETH-19SEP26,call,2340.0,2026-09-19T08:00:00+00:00,0.009698751202404491,0.0365,0.0395,0.038198,0.038,2401.22,ETH-19SEP26,0.608,0.67533,0.85047,0.0,0.0,0.0030000000000000027,ETH,2398.54,0.0
2026-09-15T18:58:50.689055+00:00,ETH-25JUN27-4400-C,2473.38,ETH-25JUN27,call,4400.0,2027-06-25T08:00:00+00:00,0.7735591208122607,0.0415,0.0445,0.043459,0.043,2473.38,ETH-25JUN27,0.5811,0.19197,5.9438,173.0,0.0,0.0029999999999999957,ETH,2398.63,0.0
2026-09-15T18:58:50.689055+00:00,ETH-25JUN27-2000-P,2474.81,ETH-25JUN27,put,2000.0,2027-06-25T08:00:00+00:00,0.7735591208122607,0.0965,0.1005,0.098602,0.0985,2474.81,ETH-25JUN27,0.5696,-0.24985,6.91469,1815.0,10.0,0.0040000000000000036,ETH,2398.63,2292.55
2026-09-15T18:58:50.689055+00:00,ETH-25SEP26-2050-C,2401.52,ETH-25SEP26,call,2050.0,2026-09-25T08:00:00+00:00,0.0261258559251971,0.148,0.154,0.150896,0.151,2401.52,ETH-25SEP26,0.7239,0.92124,0.57059,19.0,0.0,0.006000000000000005,ETH,2398.63,0.0
2026-09-15T18:58:50.689055+00:00,ETH-17SEP26-2580-C,2399.18,ETH-17SEP26,call,2580.0,2026-09-17T08:00:00+00:00,0.004223049628140289,0.002,0.0023,0.00214,0.00215,2399.18,ETH-17SEP26,0.8134,0.0892,0.25147,1687.0,1108.0,0.0002999999999999999,ETH,2398.63,26223.31
2026-09-15T18:58:50.689055+00:00,ETH-25DEC26-2700-P,2424.57,ETH-25DEC26,put,2700.0,2026-12-25T08:00:00+00:00,0.27527027755421835,0.1835,0.1895,0.185464,0.1865,2424.57,ETH-25DEC26,0.5440999999999999,-0.59296,4.93658,1264.0,193.0,0.006000000000000005,ETH,2398.82,77348.81
2026-09-15T18:58:50.689055+00:00,ETH-25SEP26-7500-C,2401.52,ETH-25SEP26,call,7500.0,2026-09-25T08:00:00+00:00,0.0261258559251971,,0.0001,0.0,,2401.52,ETH-25SEP26,1.2161,0.0,0.0,2159.0,0.0,,ETH,2398.82,0.0
2026-09-15T18:58:50.689055+00:00,ETH-25SEP26-6800-P,2402.95,ETH-25SEP26,put,6800.0,2026-09-25T08:00:00+00:00,0.0261258559251971,1.821,1.841,1.831068,1.831,2402.95,ETH-25SEP26,1.2118,-1.0,0.0,0.0,0.0,0.020000000000000018,ETH,2398.82,0.0
2026-09-15T18:58:50.689055+00:00,ETH-27NOV26-2650-P,2417.35,ETH-27NOV26,put,2650.0,2026-11-27T08:00:00+00:00,0.19861045551451947,0.1535,0.1605,0.156841,0.157,2417.35,ETH-27NOV26,0.5446,-0.60196,4.15681,356.0,5.0,0.007000000000000006,ETH,2398.82,1839.65
2026-09-15T18:58:50.689055+00:00,ETH-16SEP26-2750-C,2400.41,ETH-16SEP26,call,2750.0,2026-09-16T08:00:00+00:00,0.001485198841008188,,0.0002,8.1e-05,,2400.41,ETH-16SEP26,1.3613,0.00498,0.01331,969.0,1175.0,,ETH,2398.63,2003.19
2026-09-15T18:58:50.689055+00:00,ETH-25DEC26-7000-C,2424.57,ETH-25DEC26,call,7000.0,2026-12-25T08:00:00+00:00,0.27527027755421835,0.0006,0.0015,0.001003,0.00105,2424.57,ETH-25DEC26,0.7778,0.00833,0.28878,3005.0,3.0,0.0009000000000000001,ETH,2398.77,7.67
2026-09-15T18:58:50.689055+00:00,ETH-2OCT26-2450-C,2403.0,ETH-2OCT26,call,2450.0,2026-10-02T08:00:00+00:00,0.04529081143512181,0.0365,0.0375,0.037387,0.037,2403.0,ETH-2OCT26,0.542,0.45681,2.02925,74.0,4.0,0.0010000000000000009,ETH,2398.82,589.77
2026-09-15T18:58:50.689055+00:00,ETH-25SEP26-2250-P,2402.95,ETH-25SEP26,put,2250.0,2026-09-25T08:00:00+00:00,0.0261258559251971,0.013,0.014,0.0138,0.0135,2402.95,ETH-25SEP26,0.5949,-0.23334,1.18877,4817.0,2691.0,0.0010000000000000009,ETH,2398.77,89352.84
2026-09-15T18:58:50.689055+00:00,ETH-2OCT26-2600-C,2402.97,ETH-2OCT26,call,2600.0,2026-10-02T08:00:00+00:00,0.04529081143512181,0.018,0.019,0.018488,0.0185,2402.97,ETH-2OCT26,0.5535,0.27131,1.69588,1195.0,183.0,0.0010000000000000009,ETH,2398.82,10131.83
2026-09-15T18:58:50.689055+00:00,ETH-25DEC26-1800-P,2424.57,ETH-25DEC26,put,1800.0,2026-12-25T08:00:00+00:00,0.27527027755421835,0.024,0.0255,0.024865,0.02475,2424.57,ETH-25DEC26,0.5996,-0.13508,2.76294,5547.0,343.0,0.0014999999999999979,ETH,2398.77,18249.39
2026-09-15T18:58:50.689055+00:00,ETH-18SEP26-3000-C,2399.39,ETH-18SEP26,call,3000.0,2026-09-18T08:00:00+00:00,0.006960900415272391,0.0003,0.0004,0.000348,0.00035,2399.39,ETH-18SEP26,1.1439,0.01098,0.05787,3248.0,1412.0,0.00010000000000000005,ETH,2398.77,4468.63
2026-09-15T18:58:50.689055+00:00,ETH-27NOV26-3600-C,2415.92,ETH-27NOV26,call,3600.0,2026-11-27T08:00:00+00:00,0.19861045551451947,0.0095,0.011,0.010446,0.01025,2415.92,ETH-27NOV26,0.6101,0.09176,1.7747,2054.0,57.0,0.0014999999999999996,ETH,2398.7,2389.43
2026-09-15T18:58:50.689055+00:00,ETH-25JUN27-1400-P,2474.81,ETH-25JUN27,put,1400.0,2027-06-25T08:00:00+00:00,0.7735591208122607,0.0295,0.0325,0.031226,0.031,2474.81,ETH-25JUN27,0.6235,-0.09477,3.67194,1801.0,0.0,0.0030000000000000027,ETH,2398.7,0.0
2026-09-15T18:58:50.689055+00:00,ETH-16SEP26-2480-P,2400.41,ETH-16SEP26,put,2480.0,2026-09-16T08:00:00+00:00,0.001485198841008188,0.031,0.038,0.03478,0.0345,2400.41,ETH-16SEP26,0.6617000000000001,-0.90083,0.16103,1467.0,1221.0,0.006999999999999999,ETH,2398.77,18582.82
2026-09-15T18:58:50.689055+00:00,ETH-25JUN27-1600-C,2473.38,ETH-25JUN27,call,1600.0,2027-06-25T08:00:00+00:00,0.7735591208122607,0.3925,0.4085,0.400694,0.4005,2473.38,ETH-25JUN27,0.5984,0.86234,4.78911,369.0,10.0,0.01599999999999996,ETH,2398.7,9832.04
2026-09-15T18:58:50.689055+00:00,ETH-27NOV26-2950-C,2417.35,ETH-27NOV26,call,2950.0,2026-11-27T08:00:00+00:00,0.19861045551451947,0.032,0.0335,0.032887,0.03275,2417.35,ETH-27NOV26,0.5589,0.24943,3.41913,538.0,0.0,0.0015000000000000013,ETH,2398.7,0.0
2026-09-15T18:58:50.689055+00:00,ETH-16SEP26-2480-C,2398.98,ETH-16SEP26,call,2480.0,2026-09-16T08:00:00+00:00,0.001485198841008188,0.001,0.0014,0.001184,0.0012,2398.98,ETH-16SEP26,0.6617000000000001,0.09874,0.16051,814.0,866.0,0.00039999999999999996,ETH,2398.7,8669.93
2026-09-15T18:58:50.689055+00:00,ETH-27NOV26-2750-C,2415.92,ETH-27NOV26,call,2750.0,2026-11-27T08:00:00+00:00,0.19861045551451947,0.0475,0.0495,0.049095,0.0485,2415.92,ETH-27NOV26,0.5483,0.34194,3.9555,822.0,1.0,0.0020000000000000018,ETH,2398.36,145.36
2026-09-15T18:58:50.689055+00:00,ETH-25DEC26-5000-C,2423.14,ETH-25DEC26,call,5000.0,2026-12-25T08:00:00+00:00,0.27527027755421835,0.0034,0.0043,0.003945,0.00385,2423.14,ETH-25DEC26,0.6793,0.03189,0.91024,4245.0,0.0,0.0009000000000000002,ETH,2398.36,0.0
2026-09-15T18:58:50.689055+00:00,ETH-26MAR27-2900-P,2446.73,ETH-26MAR27,put,2900.0,2027-03-26T08:00:00+00:00,0.5244146991832396,0.2785,0.291,0.281361,0.28475,2446.73,ETH-26MAR27,0.5542,-0.58804,6.89881,242.0,0.0,0.012499999999999956,ETH,2398.36,0.0
2026-09-15T18:58:50.689055+00:00,ETH-25JUN27-4500-C,2474.81,ETH-25JUN27,call,4500.0,2027-06-25T08:00:00+00:00,0.7735591208122607,0.0385,0.042,0.040648,0.04025,2474.81,ETH-25JUN27,0.5831000000000001,0.18127,5.73473,1429.0,0.0,0.003500000000000003,ETH,2398.19,0.0
2026-09-15T18:58:50.689055+00:00,ETH-25SEP26-4500-C,2401.52,ETH-25SEP26,call,4500.0,2026-09-25T08:00:00+00:00,0.0261258559251971,,0.0003,4.9e-05,,2401.52,ETH-25SEP26,1.2118,0.00099,0.01292,8189.0,5.0,,ETH,2398.36,1.19
2026-09-15T18:58:50.689055+00:00,ETH-16SEP26-2560-C,2398.98,ETH-16SEP26,call,2560.0,2026-09-16T08:00:00+00:00,0.001485198841008188,0.0002,0.0004,0.000272,0.0003,2398.98,ETH-16SEP26,0.8362,0.02223,0.04886,4799.0,4530.0,0.0002,ETH,2398.36,72733.16
2026-09-15T18:58:50.689055+00:00,ETH-25SEP26-2750-P,2401.52,ETH-25SEP26,put,2750.0,2026-09-25T08:00:00+00:00,0.0261258559251971,0.146,0.1535,0.149994,0.14975,2401.52,ETH-25SEP26,0.6442,-0.89511,0.70543,4.0,0.0,0.007500000000000007,ETH,2398.19,0.0
2026-09-15T18:58:50.689055+00:00,ETH-27NOV26-2900-C,2415.92,ETH-27NOV26,call,2900.0,2026-11-27T08:00:00+00:00,0.19861045551451947,0.035,0.037,0.036332,0.036,2415.92,ETH-27NOV26,0.556,0.26979,3.55942,681.0,0.0,0.001999999999999995,ETH,2398.19,0.0
2026-09-15T18:58:50.689055+00:00,ETH-26MAR27-4400-P,2448.16,ETH-26MAR27,put,4400.0,2027-03-26T08:00:00+00:00,0.5244146991832396,0.8055,0.832,0.820355,0.81875,2448.16,ETH-26MAR27,0.5931000000000001,-0.8753,3.64193,2.0,0.0,0.026499999999999968,ETH,2398.19,0.0
2026-09-15T18:58:50.689055+00:00,ETH-17SEP26-2340-P,2399.18,ETH-17SEP26,put,2340.0,2026-09-17T08:00:00+00:00,0.004223049628140289,0.007,0.008,0.007686,0.0075,2399.18,ETH-17SEP26,0.6786,-0.27963,0.52424,102.0,11.0,0.001,ETH,2398.19,105.65
2026-09-15T18:58:50.689055+00:00,ETH-30OCT26-1600-P,2408.78,ETH-30OCT26,put,1600.0,2026-10-30T08:00:00+00:00,0.12195063347482064,0.0043,0.0048,0.004588,0.00455,2408.78,ETH-30OCT26,0.7249,-0.04072,0.73558,2103.0,6.0,0.0004999999999999996,ETH,2398.22,51.97
2026-09-15T18:58:50.689055+00:00,ETH-18SEP26-2620-C,2399.39,ETH-18SEP26,call,2620.0,2026-09-18T08:00:00+00:00,0.006960900415272391,0.0023,0.0027,0.002522,0.0025,2399.39,ETH-18SEP26,0.7605,0.08695,0.31676,2006.0,626.0,0.0004000000000000002,ETH,2398.19,16586.52
2026-09-15T18:58:50.689055+00:00,ETH-17SEP26-2750-C,2399.19,ETH-17SEP26,call,2750.0,2026-09-17T08:00:00+00:00,0.004223049628140289,0.0006,0.0008,0.000664,0.0007,2399.19,ETH-17SEP26,1.0608,0.02563,0.09301,277.0,184.0,0.0002000000000000001,ETH,2398.19,2307.36
2026-09-15T18:58:50.689055+00:00,ETH-25JUN27-4200-C,2474.81,ETH-25JUN27,call,4200.0,2027-06-25T08:00:00+00:00,0.7735591208122607,0.048,0.051,0.049721,0.0495,2474.81,ETH-25JUN27,0.5770000000000001,0.21486,6.35498,582.0,0.0,0.0029999999999999957,ETH,2398.19,0.0
2026-09-15T18:58:50.689055+00:00,ETH-16SEP26-2340-C,2400.41,ETH-16SEP26,call,2340.0,2026-09-16T08:00:00+00:00,0.001485198841008188,0.0235,0.0305,0.026825,0.027,2400.41,ETH-16SEP26,0.6526000000000001,0.84068,0.22392,0.0,0.0,0.006999999999999999,ETH,2398.22,0.0
2026-09-15T18:58:50.689055+00:00,ETH-25SEP26-7000-C,2401.52,ETH-25SEP26,call,7000.0,2026-09-25T08:00:00+00:00,0.0261258559251971,,0.0001,0.0,,2401.52,ETH-25SEP26,1.2118,0.0,0.0,2135.0,0.0,,ETH,2398.56,0.0
2026-09-15T18:58:50.689055+00:00,ETH-17SEP26-2760-C,2399.18,ETH-17SEP26,call,2760.0,2026-09-17T08:00:00+00:00,0.004223049628140289,0.0005,0.0008,0.000652,0.00065,2399.18,ETH-17SEP26,1.0808,0.02456,0.08973,21.0,22.0,0.00030000000000000003,ETH,2398.22,91.62
2026-09-15T18:58:50.689055+00:00,ETH-27NOV26-2500-P,2415.92,ETH-27NOV26,put,2500.0,2026-11-27T08:00:00+00:00,0.19861045551451947,0.1145,0.1175,0.115973,0.116,2415.92,ETH-27NOV26,0.5415,-0.50835,4.29593,527.0,179.0,0.002999999999999989,ETH,2398.56,44134.81
2026-09-15T18:58:50.689055+00:00,ETH-17SEP26-2420-C,2399.18,ETH-17SEP26,call,2420.0,2026-09-17T08:00:00+00:00,0.004223049628140289,0.0125,0.0135,0.013202,0.013,2399.18,ETH-17SEP26,0.657,0.42761,0.61148,87.0,132.0,0.0009999999999999992,ETH,2398.56,6068.8
2026-09-15T18:58:50.689055+00:00,ETH-25SEP26-11000-P,2401.52,ETH-25SEP26,put,11000.0,2026-09-25T08:00:00+00:00,0.0261258559251971,3.5615,3.5965,3.57967,3.579,2401.52,ETH-25SEP26,1.5529,-1.0,0.0,0.0,0.0,0.0349999999999997,ETH,2398.56,0.0
2026-09-15T18:58:50.689055+00:00,ETH-18SEP26-2650-C,2399.39,ETH-18SEP26,call,2650.0,2026-09-18T08:00:00+00:00,0.006960900415272391,0.0019,0.0022,0.002017,0.00205,2399.39,ETH-18SEP26,0.7907,0.06997,0.26867,3818.0,426.0,0.00030000000000000014,ETH,2398.56,5752.73
2026-09-15T18:58:50.689055+00:00,ETH-25SEP26-3300-P,2402.95,ETH-25SEP26,put,3300.0,2026-09-25T08:00:00+00:00,0.0261258559251971,0.3695,0.3785,0.374688,0.374,2402.95,ETH-25SEP26,0.8874,-0.98393,0.15602,3.0,0.0,0.009000000000000008,ETH,2398.55,0.0
2026-09-15T18:58:50.689055+00:00,ETH-26MAR27-1000-C,2448.16,ETH-26MAR27,call,1000.0,2027-03-26T08:00:00+00:00,0.5244146991832396,0.594,0.6035,0.598333,0.59875,2448.16,ETH-26MAR27,0.7486,0.97263,1.11733,269.0,0.0,0.009500000000000064,ETH,2398.55,0.0
2026-09-15T18:58:50.689055+00:00,ETH-25JUN27-3300-C,2474.81,ETH-25JUN27,call,3300.0,2027-06-25T08:00:00+00:00,0.7735591208122607,0.0955,0.0985,0.097455,0.097,2474.81,ETH-25JUN27,0.562,0.3684,8.20393,2273.0,0.0,0.0030000000000000027,ETH,2398.55,0.0
2026-09-15T18:58:50.689055+00:00,ETH-27NOV26-4000-C,2415.92,ETH-27NOV26,call,4000.0,2026-11-27T08:00:00+00:00,0.19861045551451947,0.005,0.0065,0.005921,0.00575,2415.92,ETH-27NOV26,0.6455,0.05382,1.17764,974.0,0.0,0.0014999999999999996,ETH,2399.0,0.0
2026-09-15T18:58:50.689055+00:00,ETH-17SEP26-2660-C,2399.18,ETH-17SEP26,call,2660.0,2026-09-17T08:00:00+00:00,0.004223049628140289,0.0011,0.0013,0.001166,0.0012,2399.18,ETH-17SEP26,0.9325,0.04669,0.15215,314.0,290.0,0.00019999999999999987,ETH,2398.55,2088.45
2026-09-15T18:58:50.689055+00:00,ETH-17SEP26-2200-P,2399.6,ETH-17SEP26,put,2200.0,2026-09-17T08:00:00+00:00,0.004223049628140289,0.0016,0.0019,0.001752,0.00175,2399.6,ETH-17SEP26,0.9068999999999999,-0.06686,0.20197,355.0,411.0,0.0002999999999999999,ETH,2398.55,1481.85
2026-09-15T18:58:50.689055+00:00,ETH-25JUN27-1500-C,2474.81,ETH-25JUN27,call,1500.0,2027-06-25T08:00:00+00:00,0.7735591208122607,0.4245,0.442,0.432184,0.43325,2474.81,ETH-25JUN27,0.6096,0.88502,4.22301,50.0,0.0,0.017500000000000016,ETH,2398.55,0.0
2026-09-15T18:58:50.689055+00:00,ETH-18SEP26-2440-P,2399.39,ETH-18SEP26,put,2440.0,2026-09-18T08:00:00+00:00,0.006960900415272391,0.029,0.032,0.030446,0.0305,2399.39,ETH-18SEP26,0.6271,-0.6156,0.76487,45.0,44.0,0.002999999999999999,ETH,2399.0,2563.86
2026-09-15T18:58:50.689055+00:00,ETH-25SEP26-8000-C,2401.52,ETH-25SEP26,call,8000.0,2026-09-25T08:00:00+00:00,0.0261258559251971,,0.0001,0.0,,2401.52,ETH-25SEP26,1.2493,0.0,0.0,1654.0,0.0,,ETH,2399.77,0.0
2026-09-15T18:58:50.689055+00:00,ETH-18SEP26-2520-C,2400.82,ETH-18SEP26,call,2520.0,2026-09-18T08:00:00+00:00,0.006960900415272391,0.0055,0.0065,0.005954,0.006,2400.82,ETH-18SEP26,0.6666,0.19585,0.5534,803.0,707.0,0.001,ETH,2399.0,14095.19
2026-09-15T18:58:50.689055+00:00,ETH-25DEC26-6500-P,2424.57,ETH-25DEC26,put,6500.0,2026-12-25T08:00:00+00:00,0.27527027755421835,1.6645,1.6975,1.683436,1.681,2424.57,ETH-25DEC26,0.7593000000000001,-0.98861,0.37981,0.0,0.0,0.03299999999999992,ETH,2399.77,0.0
2026-09-15T18:58:50.689055+00:00,ETH-17SEP26-2460-C,2399.18,ETH-17SEP26,call,2460.0,2026-09-17T08:00:00+00:00,0.004223049628140289,0.0075,0.0085,0.008008,0.008,2399.18,ETH-17SEP26,0.6793,0.29521,0.53815,391.0,255.0,0.0010000000000000009,ETH,2399.77,9949.13
2026-09-15T18:58:50.689055+00:00,ETH-17SEP26-2520-C,2399.18,ETH-17SEP26,call,2520.0,2026-09-17T08:00:00+00:00,0.004223049628140289,0.0037,0.0042,0.003936,0.00395,2399.18,ETH-17SEP26,0.7379000000000001,0.15979,0.37904,446.0,445.0,0.0004999999999999996,ETH,2399.77,12081.09
2026-09-15T18:58:50.689055+00:00,ETH-25SEP26-4200-P,2402.95,ETH-25SEP26,put,4200.0,2026-09-25T08:00:00+00:00,0.0261258559251971,0.7425,0.7545,0.748766,0.7485,2402.95,ETH-25SEP26,1.2117,-0.99691,0.0365,551.0,0.0,0.0119999999999999,ETH,2400.36,0.0
2026-09-15T18:58:50.689055+00:00,ETH-18SEP26-2580-C,2399.39,ETH-18SEP26,call,2580.0,2026-09-18T08:00:00+00:00,0.006960900415272391,0.0033,0.0037,0.003458,0.0035,2399.39,ETH-18SEP26,0.7199,0.12018,0.40101,246.0,279.0,0.0004000000000000002,ETH,2399.77,13598.86
2026-09-15T18:58:50.689055+00:00,ETH-26MAR27-3600-C,2448.16,ETH-26MAR27,call,3600.0,2027-03-26T08:00:00+00:00,0.5244146991832396,0.0445,0.047,0.046376,0.04575,2448.16,ETH-26MAR27,0.5692,0.23294,5.42333,2306.0,2.0,0.0025000000000000022,ETH,2400.36,258.19
2026-09-15T18:58:50.689055+00:00,ETH-16SEP26-2900-C,2400.41,ETH-16SEP26,call,2900.0,2026-09-16T08:00:00+00:00,0.001485198841008188,,0.0001,7.5e-05,,2400.41,ETH-16SEP26,1.808,0.00365,0.01008,2060.0,1316.0,,ETH,2400.36,396.68
2026-09-15T18:58:50.689055+00:00,ETH-26MAR27-3400-P,2448.16,ETH-26MAR27,put,3400.0,2027-03-26T08:00:00+00:00,0.5244146991832396,0.433,0.456,0.445998,0.4445,2448.16,ETH-26MAR27,0.5639,-0.72547,5.91418,6.0,0.0,0.02300000000000002,ETH,2401.02,0.0
2026-09-15T18:58:50.689055+00:00,ETH-16SEP26-2700-P,2400.41,ETH-16SEP26,put,2700.0,2026-09-16T08:00:00+00:00,0.001485198841008188,0.1215,0.129,0.125396,0.12525,2400.41,ETH-16SEP26,1.2408,-0.99276,0.01854,0.0,0.0,0.007500000000000007,ETH,2400.36,0.0
2026-09-15T18:58:50.689055+00:00,ETH-16SEP26-2720-P,2400.41,ETH-16SEP26,put,2720.0,2026-09-16T08:00:00+00:00,0.001485198841008188,0.1295,0.137,0.133707,0.13325,2400.41,ETH-16SEP26,1.2711,-0.99431,0.01498,0.0,0.0,0.007500000000000007,ETH,2400.36,0.0
2026-09-15T18:58:50.689055+00:00,ETH-30OCT26-1400-C,2410.21,ETH-30OCT26,call,1400.0,2026-10-30T08:00:00+00:00,0.12195063347482064,0.4185,0.424,0.421232,0.42125,2410.21,ETH-30OCT26,0.8153,0.9799,0.40957,50.0,0.0,0.005500000000000005,ETH,2401.81,0.0
2026-09-15T18:58:50.689055+00:00,ETH-25DEC26-2600-C,2424.57,ETH-25DEC26,call,2600.0,2026-12-25T08:00:00+00:00,0.27527027755421835,0.083,0.0855,0.084506,0.08425,2424.57,ETH-25DEC26,0.5428000000000001,0.45989,5.05388,9962.0,124.0,0.0025000000000000022,ETH,2401.81,30633.55
2026-09-15T18:58:50.689055+00:00,ETH-25JUN27-2400-C,2474.81,ETH-25JUN27,call,2400.0,2027-06-25T08:00:00+00:00,0.7735591208122607,0.204,0.209,0.206757,0.2065,2474.81,ETH-25JUN27,0.5594,0.62132,8.28369,919.0,0.0,0.0050000000000000044,ETH,2401.02,0.0
2026-09-15T18:58:50.689055+00:00,ETH-25JUN27-5000-C,2474.81,ETH-25JUN27,call,5000.0,2027-06-25T08:00:00+00:00,0.7735591208122607,0.028,0.0305,0.029885,0.02925,2474.81,ETH-25JUN27,0.5939,0.13912,4.82668,5025.0,2666.0,0.0024999999999999988,ETH,2401.02,212510.98
2026-09-15T18:58:50.689055+00:00,ETH-25JUN27-2500-P,2474.81,ETH-25JUN27,put,2500.0,2027-06-25T08:00:00+00:00,0.7735591208122607,0.198,0.2025,0.200381,0.20025,2474.81,ETH-25JUN27,0.5579999999999999,-0.41087,8.47082,1615.0,3.0,0.004500000000000004,ETH,2401.02,1384.12
2026-09-15T18:58:50.689055+00:00,ETH-18SEP26-2100-C,2399.39,ETH-18SEP26,call,2100.0,2026-09-18T08:00:00+00:00,0.006960900415272391,0.1235,0.13,0.12645,0.12675,2399.39,ETH-18SEP26,0.9608,0.95694,0.18328,0.0,0.0,0.006500000000000006,ETH,2401.81,0.0
2026-09-15T18:58:50.689055+00:00,ETH-30OCT26-1850-P,2408.78,ETH-30OCT26,put,1850.0,2026-10-30T08:00:00+00:00,0.12195063347482064,0.01,0.011,0.010612,0.0105,2408.78,ETH-30OCT26,0.6272,-0.09304,1.40282,1356.0,22.0,0.0009999999999999992,ETH,2402.88,353.53
2026-09-15T18:58:50.689055+00:00,ETH-16SEP26-2650-P,2398.98,ETH-16SEP26,put,2650.0,2026-09-16T08:00:00+00:00,0.001485198841008188,0.1005,0.108,0.104579,0.10425,2398.98,ETH-16SEP26,1.0898999999999999,-0.99057,0.0234,0.0,0.0,0.007499999999999993,ETH,2401.81,0.0
2026-09-15T18:58:50.689055+00:00,ETH-18SEP26-2400-C,2399.39,ETH-18SEP26,call,2400.0,2026-09-18T08:00:00+00:00,0.006960900415272391,0.02,0.021,0.020449,0.0205,2399.39,ETH-18SEP26,0.6152000000000001,0.51754,0.79874,255.0,104.0,0.0010000000000000009,ETH,2401.81,6056.65
2026-09-15T18:58:50.689055+00:00,ETH-25SEP26-2650-P,2402.95,ETH-25SEP26,put,2650.0,2026-09-25T08:00:00+00:00,0.0261258559251971,0.108,0.1145,0.111714,0.11125,2402.95,ETH-25SEP26,0.6003000000000001,-0.83078,0.98085,123.0,45.0,0.006500000000000006,ETH,2402.88,12394.92
2026-09-15T18:58:50.689055+00:00,ETH-2OCT26-2700-P,2403.38,ETH-2OCT26,put,2700.0,2026-10-02T08:00:00+00:00,0.04529081143512181,0.131,0.1385,0.134989,0.13475,2403.38,ETH-2OCT26,0.5705,-0.81322,1.37525,27.0,0.0,0.007500000000000007,ETH,2402.88,0.0
2026-09-15T18:58:50.689055+00:00,ETH-19SEP26-2100-P,2401.22,ETH-19SEP26,put,2100.0,2026-09-19T08:00:00+00:00,0.009698751202404491,0.0019,0.0021,0.002079,0.002,2401.22,ETH-19SEP26,0.8726999999999999,-0.05362,0.25799,68.0,68.0,0.00019999999999999987,ETH,2401.77,322.09
2026-09-15T18:58:50.689055+00:00,ETH-25DEC26-4200-C,2424.57,ETH-25DEC26,call,4200.0,2026-12-25T08:00:00+00:00,0.27527027755421835,0.0075,0.009,0.008315,0.00825,2424.57,ETH-25DEC26,0.6256,0.06579,1.62961,5602.0,67.0,0.0014999999999999996,ETH,2401.77,2088.81
2026-09-15T18:58:50.689055+00:00,ETH-18SEP26-2460-P,2399.39,ETH-18SEP26,put,2460.0,2026-09-18T08:00:00+00:00,0.006960900415272391,0.0335,0.038,0.036153,0.03575,2399.39,ETH-18SEP26,0.6331,-0.66513,0.72994,145.0,145.0,0.004499999999999997,ETH,2401.77,5051.4
2026-09-15T18:58:50.689055+00:00,ETH-16SEP26-2320-C,2400.41,ETH-16SEP26,call,2320.0,2026-09-16T08:00:00+00:00,0.001485198841008188,0.0315,0.038,0.034531,0.03475,2400.41,ETH-16SEP26,0.7145,0.89892,0.16345,0.0,0.0,0.006499999999999999,ETH,2401.77,0.0
2026-09-15T18:58:50.689055+00:00,ETH-26MAR27-8000-P,2448.16,ETH-26MAR27,put,8000.0,2027-03-26T08:00:00+00:00,0.5244146991832396,2.2445,2.297,2.272109,2.27075,2448.16,ETH-26MAR27,0.7056999999999999,-0.98032,0.84719,0.0,0.0,0.05250000000000021,ETH,2401.05,0.0
2026-09-15T18:58:50.689055+00:00,ETH-17SEP26-2560-C,2399.18,ETH-17SEP26,call,2560.0,2026-09-17T08:00:00+00:00,0.004223049628140289,0.0024,0.0028,0.002582,0.0026,2399.18,ETH-17SEP26,0.7864,0.11041,0.29419,447.0,458.0,0.0004000000000000002,ETH,2401.77,6804.05
2026-09-15T18:58:50.689055+00:00,ETH-17SEP26-2620-C,2399.18,ETH-17SEP26,call,2620.0,2026-09-17T08:00:00+00:00,0.004223049628140289,0.0014,0.0017,0.001562,0.00155,2399.18,ETH-17SEP26,0.8742,0.06543,0.19878,1351.0,216.0,0.0002999999999999999,ETH,2401.05,2736.78
2026-09-15T18:58:50.689055+00:00,ETH-19SEP26-2380-C,2401.22,ETH-19SEP26,call,2380.0,2026-09-19T08:00:00+00:00,0.009698751202404491,0.027,0.0285,0.027776,0.02775,2401.22,ETH-19SEP26,0.599,0.5729,0.92786,0.0,0.0,0.0015000000000000013,ETH,2401.05,0.0
2026-09-15T18:58:50.689055+00:00,ETH-19SEP26-2650-C,2401.22,ETH-19SEP26,call,2650.0,2026-09-19T08:00:00+00:00,0.009698751202404491,0.0028,0.0032,0.002972,0.003,2401.22,ETH-19SEP26,0.7348,0.09266,0.39255,0.0,0.0,0.0004000000000000002,ETH,2401.28,0.0
2026-09-15T18:58:50.689055+00:00,ETH-25JUN27-6500-P,2474.81,ETH-25JUN27,put,6500.0,2027-06-25T08:00:00+00:00,0.7735591208122607,1.619,1.662,1.641226,1.6405,2474.81,ETH-25JUN27,0.624,-0.93115,2.88698,0.0,0.0,0.04299999999999993,ETH,2401.05,0.0
2026-09-15T18:58:50.689055+00:00,ETH-18SEP26-2480-P,2399.39,ETH-18SEP26,put,2480.0,2026-09-18T08:00:00+00:00,0.006960900415272391,0.0395,0.045,0.042336,0.04225,2399.39,ETH-18SEP26,0.6408,-0.71885,0.67569,187.0,40.0,0.005499999999999998,ETH,2401.28,2377.56
2026-09-15T18:58:50.689055+00:00,ETH-17SEP26-2700-C,2399.6,ETH-17SEP26,call,2700.0,2026-09-17T08:00:00+00:00,0.004223049628140289,0.0008,0.001,0.000871,0.0009,2399.6,ETH-17SEP26,0.9856,0.03596,0.12325,5331.0,734.0,0.00019999999999999998,ETH,2401.28,10195.73
2026-09-15T18:58:50.689055+00:00,ETH-30OCT26-2550-C,2408.78,ETH-30OCT26,call,2550.0,2026-10-30T08:00:00+00:00,0.12195063347482064,0.0505,0.0515,0.050915,0.051,2408.78,ETH-30OCT26,0.5351,0.41798,3.28856,1895.0,49.0,0.000999999999999994,ETH,2401.28,7873.57
2026-09-15T18:58:50.689055+00:00,ETH-25SEP26-8500-C,2402.95,ETH-25SEP26,call,8500.0,2026-09-25T08:00:00+00:00,0.0261258559251971,,0.0001,0.0,,2402.95,ETH-25SEP26,1.3075,0.0,0.0,1699.0,0.0,,ETH,2401.68,0.0
2026-09-15T18:58:50.689055+00:00,ETH-2OCT26-2650-C,2403.0,ETH-2OCT26,call,2650.0,2026-10-02T08:00:00+00:00,0.04529081143512181,0.014,0.015,0.014637,0.0145,2403.0,ETH-2OCT26,0.5619,0.22581,1.53865,670.0,515.0,0.0009999999999999992,ETH,2401.28,23907.59
2026-09-15T18:58:50.689055+00:00,ETH-27NOV26-2600-C,2415.92,ETH-27NOV26,call,2600.0,2026-11-27T08:00:00+00:00,0.19861045551451947,0.065,0.0675,0.066549,0.06625,2415.92,ETH-27NOV26,0.5431,0.42941,4.23388,928.0,15.0,0.0025000000000000022,ETH,2401.68,2766.12
2026-09-15T18:58:50.689055+00:00,ETH-26MAR27-5000-P,2448.16,ETH-26MAR27,put,5000.0,2027-03-26T08:00:00+00:00,0.5244146991832396,1.04,1.07,1.057457,1.055,2448.16,ETH-26MAR27,0.6145,-0.91641,2.72623,0.0,0.0,0.030000000000000027,ETH,2401.68,0.0
2026-09-15T18:58:50.689055+00:00,ETH-25SEP26-4500-P,2401.52,ETH-25SEP26,put,4500.0,2026-09-25T08:00:00+00:00,0.0261258559251971,0.8665,0.8795,0.87355,0.873,2401.52,ETH-25SEP26,1.2118,-0.99898,0.01327,6.0,0.0,0.0129999999999999,ETH,2402.02,0.0
2026-09-15T18:58:50.689055+00:00,ETH-30OCT26-3200-C,2408.78,ETH-30OCT26,call,3200.0,2026-10-30T08:00:00+00:00,0.12195063347482064,0.009,0.01,0.009521,0.0095,2408.78,ETH-30OCT26,0.5964,0.10479,1.52945,7484.0,201.0,0.0010000000000000009,ETH,2401.68,6971.38
2026-09-15T18:58:50.689055+00:00,ETH-18SEP26-2000-C,2399.39,ETH-18SEP26,call,2000.0,2026-09-18T08:00:00+00:00,0.006960900415272391,0.165,0.171,0.167577,0.168,2399.39,ETH-18SEP26,1.1462999999999999,0.97498,0.11716,18.0,0.0,0.006000000000000005,ETH,2401.68,0.0
2026-09-15T18:58:50.689055+00:00,ETH-26MAR27-800-C,2446.73,ETH-26MAR27,call,800.0,2027-03-26T08:00:00+00:00,0.5244146991832396,0.673,0.6815,0.67681,0.67725,2446.73,ETH-26MAR27,0.8166,0.98565,0.64664,0.0,0.0,0.008499999999999952,ETH,2402.02,0.0
2026-09-15T18:58:50.689055+00:00,ETH-26MAR27-4400-C,2448.16,ETH-26MAR27,call,4400.0,2027-03-26T08:00:00+00:00,0.5244146991832396,0.021,0.023,0.022419,0.022,2448.16,ETH-26MAR27,0.5931000000000001,0.12529,3.6586,1063.0,0.0,0.0019999999999999983,ETH,2402.02,0.0
2026-09-15T18:58:50.689055+00:00,ETH-19SEP26-2440-P,2401.22,ETH-19SEP26,put,2440.0,2026-09-19T08:00:00+00:00,0.009698751202404491,0.032,0.0335,0.032999,0.03275,2401.22,ETH-19SEP26,0.6002000000000001,-0.59116,0.91936,200.0,288.0,0.0015000000000000013,ETH,2402.35,23102.48
2026-09-15T18:58:50.689055+00:00,ETH-25DEC26-3000-P,2423.14,ETH-25DEC26,put,3000.0,2026-12-25T08:00:00+00:00,0.27527027755421835,0.2725,0.287,0.281193,0.27975,2423.14,ETH-25DEC26,0.5538000000000001,-0.72103,4.27823,785.0,2.0,0.014499999999999957,ETH,2402.35,1273.5
2026-09-15T18:58:50.689055+00:00,ETH-19SEP26-2200-C,2401.22,ETH-19SEP26,call,2200.0,2026-09-19T08:00:00+00:00,0.009698751202404491,0.0845,0.0905,0.087204,0.0875,2401.22,ETH-19SEP26,0.7326,0.89637,0.42626,0.0,0.0,0.0059999999999999915,ETH,2402.35,0.0
2026-09-15T18:58:50.689055+00:00,ETH-25SEP26-2500-P,2402.95,ETH-25SEP26,put,2500.0,2026-09-25T08:00:00+00:00,0.0261258559251971,0.059,0.0625,0.061138,0.06075,2402.95,ETH-25SEP26,0.5638000000000001,-0.64984,1.44007,4755.0,776.0,0.003500000000000003,ETH,2402.35,80862.26
2026-09-15T18:58:50.689055+00:00,ETH-25SEP26-13000-C,2401.52,ETH-25SEP26,call,13000.0,2026-09-25T08:00:00+00:00,0.0261258559251971,,0.0001,0.0,,2401.52,ETH-25SEP26,1.7075,0.0,0.0,3307.0,0.0,,ETH,2402.35,0.0
2026-09-15T18:58:50.689055+00:00,ETH-25SEP26-7200-P,2401.52,ETH-25SEP26,put,7200.0,2026-09-25T08:00:00+00:00,0.0261258559251971,1.9855,2.0085,1.997602,1.997,2401.52,ETH-25SEP26,1.2119,-1.0,0.0,0.0,0.0,0.02300000000000013,ETH,2403.18,0.0
2026-09-15T18:58:50.689055+00:00,ETH-25JUN27-1900-P,2474.81,ETH-25JUN27,put,1900.0,2027-06-25T08:00:00+00:00,0.7735591208122607,0.081,0.085,0.083212,0.083,2474.81,ETH-25JUN27,0.5743,-0.21861,6.42749,3373.0,0.0,0.0040000000000000036,ETH,2402.35,0.0
2026-09-15T18:58:50.689055+00:00,ETH-17SEP26-2300-C,2399.18,ETH-17SEP26,call,2300.0,2026-09-17T08:00:00+00:00,0.004223049628140289,0.044,0.0475,0.046151,0.04575,2399.18,ETH-17SEP26,0.7238,0.83034,0.39453,0.0,0.0,0.003500000000000003,ETH,2403.18,0.0
2026-09-15T18:58:50.689055+00:00,ETH-27NOV26-3400-P,2415.92,ETH-27NOV26,put,3400.0,2026-11-27T08:00:00+00:00,0.19861045551451947,0.416,0.4275,0.421445,0.42175,2415.92,ETH-27NOV26,0.5929,-0.87589,2.2097,0.0,0.0,0.01150000000000001,ETH,2403.72,0.0
2026-09-15T18:58:50.689055+00:00,ETH-19SEP26-2800-P,2401.22,ETH-19SEP26,put,2800.0,2026-09-19T08:00:00+00:00,0.009698751202404491,0.164,0.172,0.167972,0.168,2401.22,ETH-19SEP26,0.8751000000000001,-0.95782,0.21303,0.0,0.0,0.00799999999999998,ETH,2403.72,0.0
2026-09-15T18:58:50.689055+00:00,ETH-19SEP26-2560-P,2399.79,ETH-19SEP26,put,2560.0,2026-09-19T08:00:00+00:00,0.009698751202404491,0.0685,0.0755,0.072108,0.072,2399.79,ETH-19SEP26,0.6528,-0.82928,0.60069,0.0,0.0,0.006999999999999992,ETH,2403.72,0.0
2026-09-15T18:58:50.689055+00:00,ETH-25DEC26-4500-C,2423.14,ETH-25DEC26,call,4500.0,2026-12-25T08:00:00+00:00,0.27527027755421835,0.0055,0.0065,0.006102,0.006,2423.14,ETH-25DEC26,0.6456999999999999,0.04914,1.2956,3090.0,76.0,0.001,ETH,2403.72,1229.68
2026-09-15T18:58:50.689055+00:00,ETH-30OCT26-1000-P,2410.21,ETH-30OCT26,put,1000.0,2026-10-30T08:00:00+00:00,0.12195063347482064,0.0002,0.0008,0.000426,0.0005,2410.21,ETH-30OCT26,1.0009000000000001,-0.00353,0.08929,1920.0,5.0,0.0006000000000000001,ETH,2403.72,4.95
2026-09-15T18:58:50.689055+00:00,ETH-25JUN27-1400-C,2474.81,ETH-25JUN27,call,1400.0,2027-06-25T08:00:00+00:00,0.7735591208122607,0.458,0.473,0.465288,0.4655,2474.81,ETH-25JUN27,0.6235,0.90572,3.66394,50.0,0.0,0.014999999999999958,ETH,2403.72,0.0
2026-09-15T18:58:50.689055+00:00,ETH-26MAR27-2300-C,2448.16,ETH-26MAR27,call,2300.0,2027-03-26T08:00:00+00:00,0.5244146991832396,0.179,0.1975,0.186282,0.18825,2448.16,ETH-26MAR27,0.5545,0.64018,6.64087,7620.0,0.0,0.018500000000000016,ETH,2403.51,0.0
2026-09-15T18:58:50.689055+00:00,ETH-18SEP26-2360-C,2399.39,ETH-18SEP26,call,2360.0,2026-09-18T08:00:00+00:00,0.006960900415272391,0.0285,0.031,0.03002,0.02975,2399.39,ETH-18SEP26,0.6259,0.64688,0.74515,0.0,0.0,0.0024999999999999988,ETH,2403.72,0.0
2026-09-15T18:58:50.689055+00:00,ETH-19SEP26-2250-P,2401.22,ETH-19SEP26,put,2250.0,2026-09-19T08:00:00+00:00,0.009698751202404491,0.005,0.006,0.005655,0.0055,2401.22,ETH-19SEP26,0.6748999999999999,-0.15119,0.55493,87.0,151.0,0.001,ETH,2403.51,2224.63
2026-09-15T18:58:50.689055+00:00,ETH-25SEP26-6400-C,2401.52,ETH-25SEP26,call,6400.0,2026-09-25T08:00:00+00:00,0.0261258559251971,,0.0002,0.0,,2401.52,ETH-25SEP26,1.2118,0.0,1e-05,2860.0,0.0,,ETH,2403.51,0.0
2026-09-15T18:58:50.689055+00:00,ETH-25DEC26-3500-P,2424.57,ETH-25DEC26,put,3500.0,2026-12-25T08:00:00+00:00,0.27527027755421835,0.4575,0.471,0.464218,0.46425,2424.57,ETH-25DEC26,0.5798,-0.85317,2.92881,64.0,0.0,0.013499999999999956,ETH,2404.07,0.0
2026-09-15T18:58:50.689055+00:00,ETH-26MAR27-6000-C,2448.16,ETH-26MAR27,call,6000.0,2027-03-26T08:00:00+00:00,0.5244146991832396,0.0065,0.0085,0.007525,0.0075,2448.16,ETH-26MAR27,0.6448999999999999,0.04624,1.72049,5406.0,180.0,0.002000000000000001,ETH,2404.07,4187.3
2026-09-15T18:58:50.689055+00:00,ETH-2OCT26-2900-P,2402.97,ETH-2OCT26,put,2900.0,2026-10-02T08:00:00+00:00,0.04529081143512181,0.207,0.216,0.211826,0.2115,2402.97,ETH-2OCT26,0.6251,-0.90888,0.83982,0.0,0.0,0.009000000000000008,ETH,2403.51,0.0
2026-09-15T18:58:50.689055+00:00,ETH-26MAR27-3500-P,2448.16,ETH-26MAR27,put,3500.0,2027-03-26T08:00:00+00:00,0.5244146991832396,0.4685,0.493,0.481469,0.48075,2448.16,ETH-26MAR27,0.5668,-0.74609,5.68944,24.0,0.0,0.024499999999999966,ETH,2404.07,0.0
2026-09-15T18:58:50.689055+00:00,ETH-30OCT26-3400-P,2410.21,ETH-30OCT26,put,3400.0,2026-10-30T08:00:00+00:00,0.12195063347482064,0.4125,0.423,0.417653,0.41775,2410.21,ETH-30OCT26,0.6262,-0.92768,1.16073,0.0,0.0,0.01050000000000001,ETH,2404.07,0.0
2026-09-15T18:58:50.689055+00:00,ETH-25SEP26-3500-P,2401.52,ETH-25SEP26,put,3500.0,2026-09-25T08:00:00+00:00,0.0261258559251971,0.453,0.462,0.457695,0.4575,2401.52,ETH-25SEP26,0.9732999999999999,-0.98931,0.10987,1102.0,19.0,0.009000000000000008,ETH,2404.04,20432.16
2026-09-15T18:58:50.689055+00:00,ETH-25DEC26-5200-C,2423.14,ETH-25DEC26,call,5200.0,2026-12-25T08:00:00+00:00,0.27527027755421835,0.0028,0.0037,0.003384,0.00325,2423.14,ETH-25DEC26,0.6922,0.02764,0.80979,9566.0,105.0,0.0009000000000000002,ETH,2404.04,882.48
2026-09-15T18:58:50.689055+00:00,ETH-27NOV26-4400-C,2415.92,ETH-27NOV26,call,4400.0,2026-11-27T08:00:00+00:00,0.19861045551451947,0.0031,0.0041,0.003686,0.0036,2415.92,ETH-27NOV26,0.6807,0.03455,0.82507,1159.0,0.0,0.0010000000000000005,ETH,2404.04,0.0
2026-09-15T18:58:50.689055+00:00,ETH-25SEP26-6500-C,2401.52,ETH-25SEP26,call,6500.0,2026-09-25T08:00:00+00:00,0.0261258559251971,,0.0003,0.0,,2401.52,ETH-25SEP26,1.2118,0.0,1e-05,1922.0,0.0,,ETH,2404.04,0.0
2026-09-15T18:58:50.689055+00:00,ETH-19SEP26-2500-P,2401.22,ETH-19SEP26,put,2500.0,2026-09-19T08:00:00+00:00,0.009698751202404491,0.0495,0.053,0.051123,0.05125,2401.22,ETH-19SEP26,0.6195,-0.72982,0.78315,0.0,0.0,0.003499999999999996,ETH,2403.75,0.0
2026-09-15T18:58:50.689055+00:00,ETH-30OCT26-2250-C,2410.21,ETH-30OCT26,call,2250.0,2026-10-30T08:00:00+00:00,0.12195063347482064,0.1095,0.112,0.110949,0.11075,2410.21,ETH-30OCT26,0.5444,0.67858,3.02048,787.0,0.0,0.0025000000000000022,ETH,2404.04,0.0
2026-09-15T18:58:50.689055+00:00,ETH-16SEP26-2660-C,2400.41,ETH-16SEP26,call,2660.0,2026-09-16T08:00:00+00:00,0.001485198841008188,,0.0003,0.000132,,2400.41,ETH-16SEP26,1.1261,0.00975,0.02409,1502.0,1417.0,,ETH,2404.04,6688.95
2026-09-15T18:58:50.689055+00:00,ETH-30OCT26-1900-P,2408.78,ETH-30OCT26,put,1900.0,2026-10-30T08:00:00+00:00,0.12195063347482064,0.012,0.013,0.012667,0.0125,2408.78,ETH-30OCT26,0.6114,-0.10987,1.58398,1378.0,3.0,0.0009999999999999992,ETH,2404.04,63.66
2026-09-15T18:58:50.689055+00:00,ETH-30OCT26-2900-P,2410.21,ETH-30OCT26,put,2900.0,2026-10-30T08:00:00+00:00,0.12195063347482064,0.2185,0.2275,0.223323,0.223,2410.21,ETH-30OCT26,0.5592,-0.80073,2.35478,0.0,0.0,0.009000000000000008,ETH,2403.75,0.0
2026-09-15T18:58:50.689055+00:00,ETH-25SEP26-2750-C,2402.95,ETH-25SEP26,call,2750.0,2026-09-25T08:00:00+00:00,0.0261258559251971,0.0047,0.0055,0.005077,0.0051,2402.95,ETH-25SEP26,0.6442,0.10723,0.71787,6801.0,3374.0,0.0007999999999999995,ETH,2403.05,97491.71
2026-09-15T18:58:50.689055+00:00,ETH-25SEP26-2450-C,2401.52,ETH-25SEP26,call,2450.0,2026-09-25T08:00:00+00:00,0.0261258559251971,0.0265,0.0275,0.027323,0.027,2401.52,ETH-25SEP26,0.5599000000000001,0.43636,1.53146,2373.0,1934.0,0.0010000000000000009,ETH,2403.05,130042.8
2026-09-15T18:58:50.689055+00:00,ETH-25SEP26-8000-P,2401.52,ETH-25SEP26,put,8000.0,2026-09-25T08:00:00+00:00,0.0261258559251971,2.3175,2.342,2.330669,2.32975,2401.52,ETH-25SEP26,1.2493,-1.0,0.0,0.0,0.0,0.02450000000000019,ETH,2403.05,0.0
2026-09-15T18:58:50.689055+00:00,ETH-18SEP26-2540-P,2399.39,ETH-18SEP26,put,2540.0,2026-09-18T08:00:00+00:00,0.006960900415272391,0.0595,0.0665,0.063356,0.063,2399.39,ETH-18SEP26,0.6855,-0.82693,0.5132,129.0,105.0,0.007000000000000006,ETH,2403.05,4922.82
2026-09-15T18:58:50.689055+00:00,ETH-25SEP26-6800-C,2402.95,ETH-25SEP26,call,6800.0,2026-09-25T08:00:00+00:00,0.0261258559251971,,0.0001,0.0,,2402.95,ETH-25SEP26,1.2118,0.0,0.0,1995.0,0.0,,ETH,2402.52,0.0
2026-09-15T18:58:50.689055+00:00,ETH-25DEC26-4600-P,2424.57,ETH-25DEC26,put,4600.0,2026-12-25T08:00:00+00:00,0.27527027755421835,0.8935,0.9135,0.903667,0.9035,2424.57,ETH-25DEC26,0.6534,-0.9549,1.20929,0.0,0.0,0.020000000000000018,ETH,2403.05,0.0
2026-09-15T18:58:50.689055+00:00,ETH-26MAR27-900-C,2448.16,ETH-26MAR27,call,900.0,2027-03-26T08:00:00+00:00,0.5244146991832396,0.6335,0.642,0.637437,0.63775,2448.16,ETH-26MAR27,0.7824,0.97982,0.86567,68.0,0.0,0.008500000000000063,ETH,2402.52,0.0
2026-09-15T18:58:50.689055+00:00,ETH-25SEP26-3600-C,2401.52,ETH-25SEP26,call,3600.0,2026-09-25T08:00:00+00:00,0.0261258559251971,0.0003,0.0006,0.000422,0.00045,2401.52,ETH-25SEP26,1.0086,0.0085,0.08988,4034.0,2.0,0.0003,ETH,2402.52,2.57
2026-09-15T18:58:50.689055+00:00,ETH-25SEP26-4600-P,2402.95,ETH-25SEP26,put,4600.0,2026-09-25T08:00:00+00:00,0.0261258559251971,0.9085,0.9215,0.915167,0.915,2402.95,ETH-25SEP26,1.2118,-0.9993,0.00938,38.0,0.0,0.013000000000000012,ETH,2402.52,0.0
2026-09-15T18:58:50.689055+00:00,ETH-18SEP26-2100-P,2399.39,ETH-18SEP26,put,2100.0,2026-09-18T08:00:00+00:00,0.006960900415272391,0.0013,0.0016,0.00149,0.00145,2399.39,ETH-18SEP26,0.9608,-0.04242,0.18115,1720.0,191.0,0.00030000000000000014,ETH,2402.52,402.67
2026-09-15T18:58:50.689055+00:00,ETH-27NOV26-1800-C,2415.92,ETH-27NOV26,call,1800.0,2026-11-27T08:00:00+00:00,0.19861045551451947,0.268,0.276,0.272156,0.272,2415.92,ETH-27NOV26,0.6158,0.88763,2.05898,0.0,0.0,0.008000000000000007,ETH,2401.66,0.0
2026-09-15T18:58:50.689055+00:00,ETH-26MAR27-900-P,2446.73,ETH-26MAR27,put,900.0,2027-03-26T08:00:00+00:00,0.5244146991832396,0.0045,0.006,0.005197,0.00525,2446.73,ETH-26MAR27,0.7824,-0.02021,0.86651,918.0,90.0,0.0015000000000000005,ETH,2401.66,1045.01
2026-09-15T18:58:50.689055+00:00,ETH-17SEP26-2300-P,2399.18,ETH-17SEP26,put,2300.0,2026-09-17T08:00:00+00:00,0.004223049628140289,0.0043,0.0047,0.0046,0.0045,2399.18,ETH-17SEP26,0.7238,-0.1737,0.40012,410.0,459.0,0.0004000000000000002,ETH,2401.66,2948.92
2026-09-15T18:58:50.689055+00:00,ETH-25JUN27-2600-P,2474.81,ETH-25JUN27,put,2600.0,2027-06-25T08:00:00+00:00,0.7735591208122607,0.2225,0.2275,0.225236,0.225,2474.81,ETH-25JUN27,0.5576,-0.44236,8.59695,86.0,0.0,0.0050000000000000044,ETH,2401.66,0.0
2026-09-15T18:58:50.689055+00:00,ETH-18SEP26-2500-P,2399.39,ETH-18SEP26,put,2500.0,2026-09-18T08:00:00+00:00,0.006960900415272391,0.0455,0.0515,0.048988,0.0485,2399.39,ETH-18SEP26,0.6524,-0.76316,0.61821,3599.0,427.0,0.005999999999999998,ETH,2401.66,38828.47
2026-09-15T18:58:50.689055+00:00,ETH-25SEP26-15000-P,2401.52,ETH-25SEP26,put,15000.0,2026-09-25T08:00:00+00:00,0.0261258559251971,5.219,5.266,5.245004,5.2425,2401.52,ETH-25SEP26,1.8378999999999999,-1.0,0.0,0.0,0.0,0.04699999999999971,ETH,2401.21,0.0
2026-09-15T18:58:50.689055+00:00,ETH-30OCT26-3100-P,2410.21,ETH-30OCT26,put,3100.0,2026-10-30T08:00:00+00:00,0.12195063347482064,0.2935,0.303,0.298695,0.29825,2410.21,ETH-30OCT26,0.5831000000000001,-0.87156,1.76633,0.0,0.0,0.009500000000000008,ETH,2401.21,0.0
2026-09-15T18:58:50.689055+00:00,ETH-25SEP26-12000-P,2401.52,ETH-25SEP26,put,12000.0,2026-09-25T08:00:00+00:00,0.0261258559251971,3.9755,4.0145,3.996003,3.995,2401.52,ETH-25SEP26,1.6338,-1.0,0.0,0.0,0.0,0.039000000000000146,ETH,2401.04,0.0
2026-09-15T18:58:50.689055+00:00,ETH-16SEP26-2380-P,2400.41,ETH-16SEP26,put,2380.0,2026-09-16T08:00:00+00:00,0.001485198841008188,0.0048,0.0055,0.005145,0.00515,2400.41,ETH-16SEP26,0.5618,-0.34243,0.33911,2965.0,3648.0,0.0007000000000000001,ETH,2401.21,31765.74
2026-09-15T18:58:50.689055+00:00,ETH-17SEP26-2480-P,2399.19,ETH-17SEP26,put,2480.0,2026-09-17T08:00:00+00:00,0.004223049628140289,0.038,0.0415,0.039717,0.03975,2399.19,ETH-17SEP26,0.6944,-0.75946,0.48528,119.0,26.0,0.003500000000000003,ETH,2401.04,1434.58
2026-09-15T18:58:50.689055+00:00,ETH-30OCT26-2300-P,2410.21,ETH-30OCT26,put,2300.0,2026-10-30T08:00:00+00:00,0.12195063347482064,0.052,0.0535,0.053011,0.05275,2410.21,ETH-30OCT26,0.5402,-0.36618,3.16788,15380.0,238.0,0.0015000000000000013,ETH,2401.04,24173.0
2026-09-15T18:58:50.689055+00:00,ETH-30OCT26-3600-P,2410.21,ETH-30OCT26,put,3600.0,2026-10-30T08:00:00+00:00,0.12195063347482064,0.492,0.5045,0.498516,0.49825,2410.21,ETH-30OCT26,0.649,-0.95131,0.85015,18.0,0.0,0.012499999999999956,ETH,2401.04,0.0
2026-09-15T18:58:50.689055+00:00,ETH-17SEP26-2640-P,2399.19,ETH-17SEP26,put,2640.0,2026-09-17T08:00:00+00:00,0.004223049628140289,0.097,0.1055,0.101515,0.10125,2399.19,ETH-17SEP26,0.9033,-0.94497,0.17351,5.0,0.0,0.008499999999999994,ETH,2401.04,0.0
2026-09-15T18:58:50.689055+00:00,ETH-17SEP26-2100-P,2399.6,ETH-17SEP26,put,2100.0,2026-09-17T08:00:00+00:00,0.004223049628140289,0.0009,0.0011,0.000993,0.001,2399.6,ETH-17SEP26,1.1415,-0.03303,0.11486,277.0,225.0,0.0002000000000000001,ETH,2401.04,345.82
2026-09-15T18:58:50.689055+00:00,ETH-27NOV26-2100-P,2415.92,ETH-27NOV26,put,2100.0,2026-11-27T08:00:00+00:00,0.19861045551451947,0.041,0.0425,0.041911,0.04175,2415.92,ETH-27NOV26,0.5626,-0.24618,3.39654,796.0,280.0,0.0015000000000000013,ETH,2401.01,27111.49
2026-09-15T18:58:50.689055+00:00,ETH-25DEC26-3000-C,2423.14,ETH-25DEC26,call,3000.0,2026-12-25T08:00:00+00:00,0.27527027755421835,0.042,0.044,0.043324,0.043,2423.14,ETH-25DEC26,0.5538000000000001,0.27819,4.26975,10408.0,379.0,0.001999999999999995,ETH,2401.01,52458.33
2026-09-15T18:58:50.689055+00:00,ETH-25DEC26-4200-P,2424.57,ETH-25DEC26,put,4200.0,2026-12-25T08:00:00+00:00,0.27527027755421835,0.7315,0.749,0.74134,0.74025,2424.57,ETH-25DEC26,0.6256,-0.93449,1.62324,62.0,0.0,0.01749999999999996,ETH,2401.01,0.0
2026-09-15T18:58:50.689055+00:00,ETH-26MAR27-2100-C,2446.73,ETH-26MAR27,call,2100.0,2027-03-26T08:00:00+00:00,0.5244146991832396,0.229,0.2325,0.230967,0.23075,2446.73,ETH-26MAR27,0.5615,0.71913,5.9782,897.0,0.0,0.003500000000000003,ETH,2401.25,0.0
2026-09-15T18:58:50.689055+00:00,ETH-19SEP26-2660-P,2399.79,ETH-19SEP26,put,2660.0,2026-09-19T08:00:00+00:00,0.009698751202404491,0.107,0.1145,0.111075,0.11075,2399.79,ETH-19SEP26,0.7434999999999999,-0.91393,0.37142,0.0,0.0,0.007500000000000007,ETH,2401.01,0.0
2026-09-15T18:58:50.689055+00:00,ETH-26MAR27-1300-C,2448.16,ETH-26MAR27,call,1300.0,2027-03-26T08:00:00+00:00,0.5244146991832396,0.479,0.4905,0.484219,0.48475,2448.16,ETH-26MAR27,0.6672,0.9396,2.12355,18.0,0.0,0.01150000000000001,ETH,2401.25,0.0
2026-09-15T18:58:50.689055+00:00,ETH-25DEC26-2200-P,2423.14,ETH-25DEC26,put,2200.0,2026-12-25T08:00:00+00:00,0.27527027755421835,0.0685,0.0705,0.06978,0.0695,2423.14,ETH-25DEC26,0.552,-0.31547,4.52334,9508.0,52.0,0.001999999999999988,ETH,2401.25,6721.34
2026-09-15T18:58:50.689055+00:00,ETH-2OCT26-2350-C,2402.97,ETH-2OCT26,call,2350.0,2026-10-02T08:00:00+00:00,0.04529081143512181,0.0565,0.059,0.057793,0.05775,2402.97,ETH-2OCT26,0.5462,0.60052,1.97671,44.0,44.0,0.0024999999999999953,ETH,2401.25,6126.64
2026-09-15T18:58:50.689055+00:00,ETH-27NOV26-2900-P,2417.35,ETH-27NOV26,put,2900.0,2026-11-27T08:00:00+00:00,0.19861045551451947,0.232,0.2415,0.236494,0.23675,2417.35,ETH-27NOV26,0.556,-0.72926,3.56832,0.0,0.0,0.00949999999999998,ETH,2401.32,0.0
2026-09-15T18:58:50.689055+00:00,ETH-25SEP26-1500-C,2401.52,ETH-25SEP26,call,1500.0,2026-09-25T08:00:00+00:00,0.0261258559251971,0.3735,0.3785,0.37599,0.376,2401.52,ETH-25SEP26,1.2368000000000001,0.99299,0.07577,969.0,0.0,0.0050000000000000044,ETH,2401.32,0.0
2026-09-15T18:58:50.689055+00:00,ETH-30OCT26-2200-P,2410.21,ETH-30OCT26,put,2200.0,2026-10-30T08:00:00+00:00,0.12195063347482064,0.037,0.038,0.037766,0.0375,2410.21,ETH-30OCT26,0.5497,-0.28398,2.85352,1178.0,334.0,0.0010000000000000009,ETH,2401.25,26125.01
2026-09-15T18:58:50.689055+00:00,ETH-27NOV26-2200-C,2415.92,ETH-27NOV26,call,2200.0,2026-11-27T08:00:00+00:00,0.19861045551451947,0.1435,0.1465,0.14507,0.145,2415.92,ETH-27NOV26,0.5524,0.69357,3.78289,0.0,0.0,0.0030000000000000027,ETH,2401.32,0.0
2026-09-15T18:58:50.689055+00:00,ETH-2OCT26-2500-C,2403.0,ETH-2OCT26,call,2500.0,2026-10-02T08:00:00+00:00,0.04529081143512181,0.029,0.03,0.029623,0.0295,2403.0,ETH-2OCT26,0.5432,0.38952,1.9631,131.0,21.0,0.0009999999999999974,ETH,2401.32,1738.37
2026-09-15T18:58:50.689055+00:00,ETH-17SEP26-2280-P,2399.19,ETH-17SEP26,put,2280.0,2026-09-17T08:00:00+00:00,0.004223049628140289,0.0033,0.0037,0.003554,0.0035,2399.19,ETH-17SEP26,0.7474,-0.13867,0.34481,643.0,826.0,0.0004000000000000002,ETH,2401.32,4853.71
2026-09-15T18:58:50.689055+00:00,ETH-25SEP26-2650-C,2402.95,ETH-25SEP26,call,2650.0,2026-09-25T08:00:00+00:00,0.0261258559251971,0.008,0.0085,0.008255,0.00825,2402.95,ETH-25SEP26,0.6003000000000001,0.16718,0.9726,1647.0,700.0,0.0005000000000000004,ETH,2400.97,23595.1
2026-09-15T18:58:50.689055+00:00,ETH-25DEC26-2100-C,2423.14,ETH-25DEC26,call,2100.0,2026-12-25T08:00:00+00:00,0.27527027755421835,0.1865,0.1895,0.188278,0.188,2423.14,ETH-25DEC26,0.5595,0.73772,4.1462,1475.0,0.0,0.0030000000000000027,ETH,2401.32,0.0
2026-09-15T18:58:50.689055+00:00,ETH-17SEP26-2500-C,2399.18,ETH-17SEP26,call,2500.0,2026-09-17T08:00:00+00:00,0.004223049628140289,0.0047,0.0055,0.005022,0.0051,2399.18,ETH-17SEP26,0.7204,0.19728,0.43287,107.0,82.0,0.0007999999999999995,ETH,2400.97,1854.85
2026-09-15T18:58:50.689055+00:00,ETH-30OCT26-2500-P,2408.78,ETH-30OCT26,put,2500.0,2026-10-30T08:00:00+00:00,0.12195063347482064,0.0945,0.0975,0.096052,0.096,2408.78,ETH-30OCT26,0.5341,-0.54138,3.3403,584.0,108.0,0.0030000000000000027,ETH,2400.97,23463.64
2026-09-15T18:58:50.689055+00:00,ETH-17SEP26-2440-P,2399.18,ETH-17SEP26,put,2440.0,2026-09-17T08:00:00+00:00,0.004223049628140289,0.0255,0.0285,0.02713,0.027,2399.18,ETH-17SEP26,0.6684,-0.63991,0.58329,234.0,198.0,0.0030000000000000027,ETH,2400.97,7343.74
2026-09-15T18:58:50.689055+00:00,ETH-18SEP26-2540-C,2399.39,ETH-18SEP26,call,2540.0,2026-09-18T08:00:00+00:00,0.006960900415272391,0.0047,0.0055,0.004974,0.0051,2399.39,ETH-18SEP26,0.6855,0.16717,0.50131,185.0,257.0,0.0007999999999999995,ETH,2401.22,5332.34
2026-09-15T18:58:50.689055+00:00,ETH-17SEP26-2700-P,2399.18,ETH-17SEP26,put,2700.0,2026-09-17T08:00:00+00:00,0.004223049628140289,0.1215,0.13,0.126008,0.12575,2399.18,ETH-17SEP26,0.9856,-0.96477,0.12113,0.0,0.0,0.008500000000000008,ETH,2401.22,0.0
2026-09-15T18:58:50.689055+00:00,ETH-27NOV26-1800-P,2415.92,ETH-27NOV26,put,1800.0,2026-11-27T08:00:00+00:00,0.19861045551451947,0.016,0.018,0.017044,0.017,2415.92,ETH-27NOV26,0.6158,-0.11289,2.06424,1185.0,1001.0,0.0019999999999999983,ETH,2401.22,39258.07
2026-09-15T18:58:50.689055+00:00,ETH-18SEP26-2550-P,2399.39,ETH-18SEP26,put,2550.0,2026-09-18T08:00:00+00:00,0.006960900415272391,0.063,0.07,0.066989,0.0665,2399.39,ETH-18SEP26,0.6893,-0.84786,0.47129,1271.0,273.0,0.007000000000000006,ETH,2401.22,28997.53
2026-09-15T18:58:50.689055+00:00,ETH-17SEP26-2100-C,2399.19,ETH-17SEP26,call,2100.0,2026-09-17T08:00:00+00:00,0.004223049628140289,0.123,0.1295,0.125855,0.12625,2399.19,ETH-17SEP26,1.1415,0.96699,0.11481,0.0,0.0,0.006500000000000006,ETH,2401.22,0.0
2026-09-15T18:58:50.689055+00:00,ETH-16SEP26-2300-C,2400.41,ETH-16SEP26,call,2300.0,2026-09-16T08:00:00+00:00,0.001485198841008188,0.0395,0.046,0.042509,0.04275,2400.41,ETH-16SEP26,0.7857,0.92331,0.13287,0.0,0.0,0.006499999999999999,ETH,2401.22,0.0
2026-09-15T18:58:50.689055+00:00,ETH-26MAR27-4800-C,2448.16,ETH-26MAR27,call,4800.0,2027-03-26T08:00:00+00:00,0.5244146991832396,0.0155,0.0175,0.016476,0.0165,2448.16,ETH-26MAR27,0.607,0.09478,2.99216,3247.0,16.0,0.0020000000000000018,ETH,2401.22,689.88
2026-09-15T18:58:50.689055+00:00,ETH-18SEP26-2250-P,2400.82,ETH-18SEP26,put,2250.0,2026-09-18T08:00:00+00:00,0.006960900415272391,0.004,0.0044,0.004263,0.0042,2400.82,ETH-18SEP26,0.7234,-0.1343,0.43325,7690.0,6318.0,0.0004000000000000002,ETH,2401.22,58286.64
2026-09-15T18:58:50.689055+00:00,ETH-25SEP26-3100-C,2401.52,ETH-25SEP26,call,3100.0,2026-09-25T08:00:00+00:00,0.0261258559251971,0.0013,0.0015,0.001387,0.0014,2401.52,ETH-25SEP26,0.8044,0.02912,0.2579,17053.0,505.0,0.0002000000000000001,ETH,2401.34,2899.95
2026-09-15T18:58:50.689055+00:00,ETH-30OCT26-2850-C,2408.78,ETH-30OCT26,call,2850.0,2026-10-30T08:00:00+00:00,0.12195063347482064,0.0215,0.023,0.022319,0.02225,2408.78,ETH-30OCT26,0.5539000000000001,0.22042,2.49554,1364.0,462.0,0.0015000000000000013,ETH,2401.22,32055.92
2026-09-15T18:58:50.689055+00:00,ETH-17SEP26-2750-P,2399.18,ETH-17SEP26,put,2750.0,2026-09-17T08:00:00+00:00,0.004223049628140289,0.1425,0.15,0.146637,0.14625,2399.18,ETH-17SEP26,1.0608,-0.97375,0.09492,0.0,0.0,0.007500000000000007,ETH,2401.34,0.0
2026-09-15T18:58:50.689055+00:00,ETH-25SEP26-1600-P,2401.52,ETH-25SEP26,put,1600.0,2026-09-25T08:00:00+00:00,0.0261258559251971,0.0006,0.0008,0.000691,0.0007,2401.52,ETH-25SEP26,1.1328,-0.01043,0.10746,11664.0,21.0,0.0002000000000000001,ETH,2401.3,22.46
2026-09-15T18:58:50.689055+00:00,ETH-25DEC26-3300-C,2424.57,ETH-25DEC26,call,3300.0,2026-12-25T08:00:00+00:00,0.27527027755421835,0.026,0.028,0.026913,0.027,2424.57,ETH-25DEC26,0.5684,0.18811,3.43188,3216.0,200.0,0.0020000000000000018,ETH,2401.34,17193.04
2026-09-15T18:58:50.689055+00:00,ETH-16SEP26-2400-P,2398.98,ETH-16SEP26,put,2400.0,2026-09-16T08:00:00+00:00,0.001485198841008188,0.0075,0.009,0.008606,0.00825,2398.98,ETH-16SEP26,0.5523,-0.49256,0.36813,3917.0,3607.0,0.0014999999999999996,ETH,2401.34,49304.33
2026-09-15T18:58:50.689055+00:00,ETH-19SEP26-2700-P,2399.79,ETH-19SEP26,put,2700.0,2026-09-19T08:00:00+00:00,0.009698751202404491,0.1225,0.1305,0.127147,0.1265,2399.79,ETH-19SEP26,0.7795000000000001,-0.93232,0.30934,0.0,0.0,0.008000000000000007,ETH,2401.34,0.0
2026-09-15T18:58:50.689055+00:00,ETH-30OCT26-2150-P,2408.78,ETH-30OCT26,put,2150.0,2026-10-30T08:00:00+00:00,0.12195063347482064,0.031,0.032,0.031654,0.0315,2408.78,ETH-30OCT26,0.5567,-0.24686,2.65739,1611.0,487.0,0.0010000000000000009,ETH,2401.3,34982.35
2026-09-15T18:58:50.689055+00:00,ETH-27NOV26-2500-C,2415.92,ETH-27NOV26,call,2500.0,2026-11-27T08:00:00+00:00,0.19861045551451947,0.08,0.082,0.081406,0.081,2415.92,ETH-27NOV26,0.5415,0.49253,4.29844,850.0,319.0,0.0020000000000000018,ETH,2401.19,73658.87
2026-09-15T18:58:50.689055+00:00,ETH-16SEP26-2360-C,2400.41,ETH-16SEP26,call,2360.0,2026-09-16T08:00:00+00:00,0.001485198841008188,0.0175,0.021,0.019605,0.01925,2400.41,ETH-16SEP26,0.6009,0.77056,0.27986,0.0,0.0,0.0034999999999999996,ETH,2401.3,0.0
2026-09-15T18:58:50.689055+00:00,ETH-25DEC26-1200-C,2424.57,ETH-25DEC26,call,1200.0,2026-12-25T08:00:00+00:00,0.27527027755421835,0.5065,0.5135,0.509374,0.51,2424.57,ETH-25DEC26,0.7659,0.97447,0.75696,341.0,0.0,0.007000000000000006,ETH,2401.3,0.0
2026-09-15T18:58:50.689055+00:00,ETH-27NOV26-2450-P,2415.92,ETH-27NOV26,put,2450.0,2026-11-27T08:00:00+00:00,0.19861045551451947,0.1025,0.1045,0.10373,0.1035,2415.92,ETH-27NOV26,0.5409,-0.47424,4.28996,336.0,102.0,0.0020000000000000018,ETH,2400.46,24150.44
2026-09-15T18:58:50.689055+00:00,ETH-25DEC26-3500-C,2424.57,ETH-25DEC26,call,3500.0,2026-12-25T08:00:00+00:00,0.27527027755421835,0.019,0.0205,0.020017,0.01975,2424.57,ETH-25DEC26,0.5798,0.14568,2.90927,30709.0,4.0,0.0015000000000000013,ETH,2401.19,229.53
2026-09-15T18:58:50.689055+00:00,ETH-16SEP26-2620-C,2400.41,ETH-16SEP26,call,2620.0,2026-09-16T08:00:00+00:00,0.001485198841008188,0.0001,0.0003,0.000156,0.0002,2400.41,ETH-16SEP26,1.0026000000000002,0.01178,0.02836,1080.0,1408.0,0.00019999999999999998,ETH,2401.19,10840.86
2026-09-15T18:58:50.689055+00:00,ETH-26MAR27-7000-P,2448.16,ETH-26MAR27,put,7000.0,2027-03-26T08:00:00+00:00,0.5244146991832396,1.838,1.8845,1.86515,1.86125,2448.16,ETH-26MAR27,0.6801,-0.97049,1.18975,0.0,0.0,0.046499999999999986,ETH,2400.46,0.0
2026-09-15T18:58:50.689055+00:00,ETH-17SEP26-2550-C,2399.18,ETH-17SEP26,call,2550.0,2026-09-17T08:00:00+00:00,0.004223049628140289,0.0027,0.0031,0.002859,0.0029,2399.18,ETH-17SEP26,0.774,0.11797,0.30813,0.0,0.0,0.00039999999999999975,ETH,2400.46,0.0
2026-09-15T18:58:50.689055+00:00,ETH-26MAR27-2500-P,2448.16,ETH-26MAR27,put,2500.0,2027-03-26T08:00:00+00:00,0.5244146991832396,0.169,0.173,0.171122,0.171,2448.16,ETH-26MAR27,0.5517,-0.44188,6.99685,593.0,0.0,0.003999999999999976,ETH,2400.46,0.0
2026-09-15T18:58:50.689055+00:00,ETH-25DEC26-1200-P,2424.57,ETH-25DEC26,put,1200.0,2026-12-25T08:00:00+00:00,0.27527027755421835,0.004,0.0049,0.004527,0.00445,2424.57,ETH-25DEC26,0.7659,-0.02559,0.75805,6764.0,1.0,0.0008999999999999998,ETH,2400.46,10.73
2026-09-15T18:58:50.689055+00:00,ETH-25SEP26-4400-C,2401.52,ETH-25SEP26,call,4400.0,2026-09-25T08:00:00+00:00,0.0261258559251971,,0.0002,7.3e-05,,2401.52,ETH-25SEP26,1.2118,0.00147,0.01855,3344.0,5.0,,ETH,2400.3,1.2
2026-09-15T18:58:50.689055+00:00,ETH-30OCT26-4000-C,2410.21,ETH-30OCT26,call,4000.0,2026-10-30T08:00:00+00:00,0.12195063347482064,0.002,0.0026,0.002271,0.0023,2410.21,ETH-30OCT26,0.7043,0.02628,0.51291,1277.0,0.0,0.0005999999999999998,ETH,2400.46,0.0
2026-09-15T18:58:50.689055+00:00,ETH-25JUN27-5500-C,2474.81,ETH-25JUN27,call,5500.0,2027-06-25T08:00:00+00:00,0.7735591208122607,0.021,0.0235,0.022343,0.02225,2474.81,ETH-25JUN27,0.6033,0.10742,4.02285,643.0,0.0,0.0024999999999999988,ETH,2400.3,0.0
2026-09-15T18:58:50.689055+00:00,ETH-25JUN27-4600-C,2474.81,ETH-25JUN27,call,4600.0,2027-06-25T08:00:00+00:00,0.7735591208122607,0.036,0.039,0.038092,0.0375,2474.81,ETH-25JUN27,0.585,0.17145,5.53705,202.0,147.0,0.0030000000000000027,ETH,2400.3,15079.95
2026-09-15T18:58:50.689055+00:00,ETH-18SEP26-2550-C,2399.39,ETH-18SEP26,call,2550.0,2026-09-18T08:00:00+00:00,0.006960900415272391,0.0043,0.0046,0.004441,0.00445,2399.39,ETH-18SEP26,0.6893,0.15033,0.46739,6594.0,624.0,0.0002999999999999999,ETH,2400.3,19109.27
2026-09-15T18:58:50.689055+00:00,ETH-30OCT26-2400-C,2408.78,ETH-30OCT26,call,2400.0,2026-10-30T08:00:00+00:00,0.12195063347482064,0.0745,0.077,0.076004,0.07575,2408.78,ETH-30OCT26,0.5334,0.54508,3.33572,2561.0,63.0,0.0025000000000000022,ETH,2400.3,11917.38
2026-09-15T18:58:50.689055+00:00,ETH-16SEP26-2360-P,2400.41,ETH-16SEP26,put,2360.0,2026-09-16T08:00:00+00:00,0.001485198841008188,0.0029,0.0033,0.003188,0.0031,2400.41,ETH-16SEP26,0.6009,-0.23566,0.28392,2698.0,4261.0,0.0004000000000000002,ETH,2400.3,32545.79
2026-09-15T18:58:50.689055+00:00,ETH-16SEP26-2800-P,2398.98,ETH-16SEP26,put,2800.0,2026-09-16T08:00:00+00:00,0.001485198841008188,0.163,0.1705,0.167044,0.16675,2398.98,ETH-16SEP26,1.5191,-0.99572,0.01159,0.0,0.0,0.007500000000000007,ETH,2398.39,0.0
2026-09-15T18:58:50.689055+00:00,ETH-26MAR27-1300-P,2448.16,ETH-26MAR27,put,1300.0,2027-03-26T08:00:00+00:00,0.5244146991832396,0.0145,0.016,0.015427,0.01525,2448.16,ETH-26MAR27,0.6672,-0.06067,2.12864,1580.0,0.0,0.0014999999999999996,ETH,2398.82,0.0
2026-09-15T18:58:50.689055+00:00,ETH-27NOV26-2350-C,2415.92,ETH-27NOV26,call,2350.0,2026-11-27T08:00:00+00:00,0.19861045551451947,0.107,0.1135,0.109457,0.11025,2415.92,ETH-27NOV26,0.5434,0.59193,4.17925,52.0,0.0,0.006500000000000006,ETH,2398.39,0.0
2026-09-15T18:58:50.689055+00:00,ETH-2OCT26-2550-P,2402.97,ETH-2OCT26,put,2550.0,2026-10-02T08:00:00+00:00,0.04529081143512181,0.081,0.0875,0.084404,0.08425,2402.97,ETH-2OCT26,0.5473,-0.67703,1.83497,960.0,24.0,0.006499999999999992,ETH,2398.39,3737.87
2026-09-15T18:58:50.689055+00:00,ETH-25JUN27-4500-P,2473.38,ETH-25JUN27,put,4500.0,2027-06-25T08:00:00+00:00,0.7735591208122607,0.8425,0.8745,0.859757,0.8585,2473.38,ETH-25JUN27,0.5831000000000001,-0.81909,5.72422,1.0,0.0,0.03200000000000003,ETH,2398.82,0.0
2026-09-15T18:58:50.689055+00:00,ETH-30OCT26-2100-C,2408.78,ETH-30OCT26,call,2100.0,2026-10-30T08:00:00+00:00,0.12195063347482064,0.151,0.1595,0.154733,0.15525,2408.78,ETH-30OCT26,0.5646,0.78545,2.45392,1550.0,0.0,0.008500000000000008,ETH,2398.82,0.0
2026-09-15T18:58:50.689055+00:00,ETH-25DEC26-2700-C,2424.57,ETH-25DEC26,call,2700.0,2026-12-25T08:00:00+00:00,0.27527027755421835,0.07,0.0725,0.071328,0.07125,2424.57,ETH-25DEC26,0.5440999999999999,0.40588,4.92934,7212.0,19.0,0.0024999999999999883,ETH,2398.82,3221.41
2026-09-15T18:58:50.689055+00:00,ETH-30OCT26-2000-P,2410.21,ETH-30OCT26,put,2000.0,2026-10-30T08:00:00+00:00,0.12195063347482064,0.0175,0.0185,0.018281,0.018,2410.21,ETH-30OCT26,0.5851,-0.15641,2.016,3090.0,835.0,0.0009999999999999974,ETH,2398.82,34085.55
2026-09-15T18:58:50.689055+00:00,ETH-16SEP26-2200-P,2400.41,ETH-16SEP26,put,2200.0,2026-09-16T08:00:00+00:00,0.001485198841008188,0.0003,0.0004,0.000379,0.00035,2400.41,ETH-16SEP26,1.1406,-0.02399,0.05205,1436.0,1467.0,0.00010000000000000005,ETH,2398.82,688.25
2026-09-15T18:58:50.689055+00:00,ETH-25JUN27-1800-C,2473.38,ETH-25JUN27,call,1800.0,2027-06-25T08:00:00+00:00,0.7735591208122607,0.3335,0.3525,0.342015,0.343,2473.38,ETH-25JUN27,0.5808,0.80959,5.90996,1756.0,0.0,0.01899999999999996,ETH,2397.35,0.0
2026-09-15T18:58:50.689055+00:00,ETH-30OCT26-3000-C,2410.21,ETH-30OCT26,call,3000.0,2026-10-30T08:00:00+00:00,0.12195063347482064,0.0145,0.0155,0.015186,0.015,2410.21,ETH-30OCT26,0.5704,0.15643,2.01498,4359.0,145.0,0.0009999999999999992,ETH,2397.35,9263.2
2026-09-15T18:58:50.689055+00:00,ETH-25SEP26-2000-C,2402.95,ETH-25SEP26,call,2000.0,2026-09-25T08:00:00+00:00,0.0261258559251971,0.168,0.174,0.170731,0.171,2402.95,ETH-25SEP26,0.7623000000000001,0.93831,0.47214,29079.0,35.0,0.005999999999999978,ETH,2397.13,13818.34
2026-09-15T18:58:50.689055+00:00,ETH-25SEP26-2250-C,2401.52,ETH-25SEP26,call,2250.0,2026-09-25T08:00:00+00:00,0.0261258559251971,0.0755,0.0785,0.077013,0.077,2401.52,ETH-25SEP26,0.5949,0.76284,1.19788,360.0,0.0,0.0030000000000000027,ETH,2397.13,0.0
2026-09-15T18:58:50.689055+00:00,ETH-19SEP26-2220-P,2401.22,ETH-19SEP26,put,2220.0,2026-09-19T08:00:00+00:00,0.009698751202404491,0.0041,0.0045,0.004388,0.0043,2401.22,ETH-19SEP26,0.7059000000000001,-0.12699,0.49133,95.0,147.0,0.0003999999999999993,ETH,2397.35,1632.52
2026-09-15T18:58:50.689055+00:00,ETH-25DEC26-4500-P,2424.57,ETH-25DEC26,put,4500.0,2026-12-25T08:00:00+00:00,0.27527027755421835,0.8545,0.8715,0.862905,0.863,2424.57,ETH-25DEC26,0.6456999999999999,-0.95172,1.27406,2.0,0.0,0.017000000000000015,ETH,2397.13,0.0
2026-09-15T18:58:50.689055+00:00,ETH-19SEP26-2420-C,2401.22,ETH-19SEP26,call,2420.0,2026-09-19T08:00:00+00:00,0.009698751202404491,0.0195,0.02,0.019706,0.01975,2401.22,ETH-19SEP26,0.5987,0.44693,0.93335,133.0,164.0,0.0005000000000000004,ETH,2397.13,9342.14
2026-09-15T18:58:50.689055+00:00,ETH-30OCT26-2600-P,2408.78,ETH-30OCT26,put,2600.0,2026-10-30T08:00:00+00:00,0.12195063347482064,0.121,0.126,0.123538,0.1235,2408.78,ETH-30OCT26,0.5366,-0.62583,3.18489,1513.0,137.0,0.0050000000000000044,ETH,2397.13,32531.64
2026-09-15T18:58:50.689055+00:00,ETH-25DEC26-2900-P,2424.57,ETH-25DEC26,put,2900.0,2026-12-25T08:00:00+00:00,0.27527027755421835,0.2395,0.2525,0.24767,0.246,2424.57,ETH-25DEC26,0.5498,-0.68538,4.51026,932.0,0.0,0.013000000000000012,ETH,2397.13,0.0
2026-09-15T18:58:50.689055+00:00,ETH-25JUN27-2000-C,2474.81,ETH-25JUN27,call,2000.0,2027-06-25T08:00:00+00:00,0.7735591208122607,0.281,0.302,0.290045,0.2915,2474.81,ETH-25JUN27,0.5696,0.74928,6.91792,1757.0,0.0,0.020999999999999963,ETH,2397.09,0.0
2026-09-15T18:58:50.689055+00:00,ETH-25DEC26-4800-P,2424.57,ETH-25DEC26,put,4800.0,2026-12-25T08:00:00+00:00,0.27527027755421835,0.9765,0.995,0.985315,0.98575,2424.57,ETH-25DEC26,0.6677,-0.96252,1.03815,77.0,0.0,0.01849999999999996,ETH,2397.09,0.0
2026-09-15T18:58:50.689055+00:00,ETH-18SEP26-2380-P,2399.39,ETH-18SEP26,put,2380.0,2026-09-18T08:00:00+00:00,0.006960900415272391,0.016,0.017,0.016564,0.0165,2399.39,ETH-18SEP26,0.6168,-0.43587,0.78723,183.0,184.0,0.0010000000000000009,ETH,2397.09,4973.06
2026-09-15T18:58:50.689055+00:00,ETH-30OCT26-4000-P,2410.21,ETH-30OCT26,put,4000.0,2026-10-30T08:00:00+00:00,0.12195063347482064,0.6555,0.6695,0.662593,0.6625,2410.21,ETH-30OCT26,0.7043,-0.97404,0.50695,0.0,0.0,0.014000000000000012,ETH,2397.09,0.0
2026-09-15T18:58:50.689055+00:00,ETH-25SEP26-2150-P,2402.95,ETH-25SEP26,put,2150.0,2026-09-25T08:00:00+00:00,0.0261258559251971,0.007,0.0075,0.007463,0.00725,2402.95,ETH-25SEP26,0.6502,-0.1361,0.84679,19040.0,2768.0,0.0004999999999999996,ETH,2397.28,51550.8
2026-09-15T18:58:50.689055+00:00,ETH-25JUN27-3000-C,2474.81,ETH-25JUN27,call,3000.0,2027-06-25T08:00:00+00:00,0.7735591208122607,0.122,0.126,0.124649,0.124,2474.81,ETH-25JUN27,0.5595,0.44112,8.57827,1390.0,1.0,0.0040000000000000036,ETH,2397.28,283.47
2026-09-15T18:58:50.689055+00:00,ETH-25DEC26-5000-P,2424.57,ETH-25DEC26,put,5000.0,2026-12-25T08:00:00+00:00,0.27527027755421835,1.058,1.0765,1.06706,1.06725,2424.57,ETH-25DEC26,0.6793,-0.96842,0.90211,0.0,0.0,0.01849999999999996,ETH,2397.28,0.0
2026-09-15T18:58:50.689055+00:00,ETH-30OCT26-2600-C,2408.78,ETH-30OCT26,call,2600.0,2026-10-30T08:00:00+00:00,0.12195063347482064,0.0435,0.045,0.044328,0.04425,2408.78,ETH-30OCT26,0.5366,0.37453,3.18628,6557.0,126.0,0.0015000000000000013,ETH,2397.28,17044.32
2026-09-15T18:58:50.689055+00:00,ETH-26MAR27-3800-P,2448.16,ETH-26MAR27,put,3800.0,2027-03-26T08:00:00+00:00,0.5244146991832396,0.5775,0.6005,0.590946,0.589,2448.16,ETH-26MAR27,0.5746,-0.80291,4.91358,1.0,0.0,0.02300000000000002,ETH,2397.28,0.0
2026-09-15T18:58:50.689055+00:00,ETH-25DEC26-2300-P,2424.57,ETH-25DEC26,put,2300.0,2026-12-25T08:00:00+00:00,0.27527027755421835,0.086,0.0885,0.087539,0.08725,2424.57,ETH-25DEC26,0.5468,-0.37378,4.81278,6592.0,46.0,0.0025000000000000022,ETH,2397.28,7956.63
2026-09-15T18:58:50.689055+00:00,ETH-25SEP26-6000-P,2401.52,ETH-25SEP26,put,6000.0,2026-09-25T08:00:00+00:00,0.0261258559251971,1.488,1.5065,1.498002,1.49725,2401.52,ETH-25SEP26,1.2118,-1.0,5e-05,0.0,0.0,0.01849999999999996,ETH,2398.33,0.0
2026-09-15T18:58:50.689055+00:00,ETH-25DEC26-2100-P,2424.57,ETH-25DEC26,put,2100.0,2026-12-25T08:00:00+00:00,0.27527027755421835,0.0535,0.056,0.054786,0.05475,2424.57,ETH-25DEC26,0.5595,-0.26348,4.15135,2682.0,47.0,0.0025000000000000022,ETH,2398.33,5221.78
2026-09-15T18:58:50.689055+00:00,ETH-17SEP26-2900-C,2399.19,ETH-17SEP26,call,2900.0,2026-09-17T08:00:00+00:00,0.004223049628140289,0.0002,0.0004,0.00028,0.0003,2399.19,ETH-17SEP26,1.2409000000000001,0.00977,0.04066,195.0,184.0,0.0002,ETH,2398.33,1194.78
2026-09-15T18:58:50.689055+00:00,ETH-16SEP26-2680-C,2400.41,ETH-16SEP26,call,2680.0,2026-09-16T08:00:00+00:00,0.001485198841008188,,0.0003,0.000132,,2400.41,ETH-16SEP26,1.1970999999999998,0.00757,0.01926,281.0,265.0,,ETH,2398.33,1606.97
2026-09-15T18:58:50.689055+00:00,ETH-19SEP26-2260-C,2401.22,ETH-19SEP26,call,2260.0,2026-09-19T08:00:00+00:00,0.009698751202404491,0.062,0.066,0.064384,0.064,2401.22,ETH-19SEP26,0.6633,0.82816,0.60184,0.0,0.0,0.0040000000000000036,ETH,2398.33,0.0
2026-09-15T18:58:50.689055+00:00,ETH-26MAR27-2200-C,2448.16,ETH-26MAR27,call,2200.0,2027-03-26T08:00:00+00:00,0.5244146991832396,0.2055,0.209,0.207616,0.20725,2448.16,ETH-26MAR27,0.5574,0.67887,6.34615,4111.0,0.0,0.003500000000000003,ETH,2398.89,0.0
2026-09-15T18:58:50.689055+00:00,ETH-25DEC26-3100-C,2424.57,ETH-25DEC26,call,3100.0,2026-12-25T08:00:00+00:00,0.27527027755421835,0.0355,0.0375,0.03687,0.0365,2424.57,ETH-25DEC26,0.5584,0.24337,3.9827,2804.0,145.0,0.0020000000000000018,ETH,2398.89,17945.96
2026-09-15T18:58:50.689055+00:00,ETH-30OCT26-2050-C,2410.21,ETH-30OCT26,call,2050.0,2026-10-30T08:00:00+00:00,0.12195063347482064,0.1675,0.174,0.171092,0.17075,2410.21,ETH-30OCT26,0.5744,0.81679,2.23183,479.0,0.0,0.006499999999999978,ETH,2398.89,0.0
2026-09-15T18:58:50.689055+00:00,ETH-26MAR27-1600-C,2448.16,ETH-26MAR27,call,1600.0,2027-03-26T08:00:00+00:00,0.5244146991832396,0.371,0.3855,0.377499,0.37825,2448.16,ETH-26MAR27,0.6084,0.88176,3.50792,876.0,0.0,0.014500000000000013,ETH,2398.89,0.0
2026-09-15T18:58:50.689055+00:00,ETH-25DEC26-3200-C,2424.57,ETH-25DEC26,call,3200.0,2026-12-25T08:00:00+00:00,0.27527027755421835,0.0305,0.032,0.031427,0.03125,2424.57,ETH-25DEC26,0.5632,0.21341,3.69915,68445.0,98.0,0.0015000000000000013,ETH,2398.89,11152.27
2026-09-15T18:58:50.689055+00:00,ETH-16SEP26-2340-P,2400.41,ETH-16SEP26,put,2340.0,2026-09-16T08:00:00+00:00,0.001485198841008188,0.0018,0.0021,0.0021,0.00195,2400.41,ETH-16SEP26,0.6526000000000001,-0.15911,0.22355,507.0,686.0,0.0002999999999999999,ETH,2398.81,2271.31
2026-09-15T18:58:50.689055+00:00,ETH-18SEP26-2570-C,2400.82,ETH-18SEP26,call,2570.0,2026-09-18T08:00:00+00:00,0.006960900415272391,0.0035,0.004,0.003753,0.00375,2400.82,ETH-18SEP26,0.7097,0.12706,0.41662,2136.0,329.0,0.0005,ETH,2398.81,15546.28
2026-09-15T18:58:50.689055+00:00,ETH-25DEC26-4400-C,2423.14,ETH-25DEC26,call,4400.0,2026-12-25T08:00:00+00:00,0.27527027755421835,0.006,0.0075,0.006784,0.00675,2423.14,ETH-25DEC26,0.6397999999999999,0.0537,1.38783,3749.0,0.0,0.0014999999999999996,ETH,2398.81,0.0
2026-09-15T18:58:50.689055+00:00,ETH-17SEP26-2600-C,2399.18,ETH-17SEP26,call,2600.0,2026-09-17T08:00:00+00:00,0.004223049628140289,0.0017,0.002,0.001834,0.00185,2399.18,ETH-17SEP26,0.8453,0.07483,0.22021,40799.0,38050.0,0.00030000000000000014,ETH,2399.4,1041699.28
2026-09-15T18:58:50.689055+00:00,ETH-26MAR27-4000-C,2448.16,ETH-26MAR27,call,4000.0,2027-03-26T08:00:00+00:00,0.5244146991832396,0.03,0.033,0.031732,0.0315,2448.16,ETH-26MAR27,0.5807,0.16876,4.4631,2821.0,229.0,0.0030000000000000027,ETH,2398.81,21037.55
2026-09-15T18:58:50.689055+00:00,ETH-25SEP26-7400-P,2401.52,ETH-25SEP26,put,7400.0,2026-09-25T08:00:00+00:00,0.0261258559251971,2.069,2.0905,2.080869,2.07975,2401.52,ETH-25SEP26,1.2138,-1.0,0.0,0.0,0.0,0.021500000000000075,ETH,2399.4,0.0
2026-09-15T18:58:50.689055+00:00,ETH-16SEP26-2460-C,2400.41,ETH-16SEP26,call,2460.0,2026-09-16T08:00:00+00:00,0.001485198841008188,0.0017,0.0021,0.001864,0.0019,2400.41,ETH-16SEP26,0.6224000000000001,0.14908,0.21419,7782.0,8242.0,0.00039999999999999996,ETH,2399.4,114193.89
2026-09-15T18:58:50.689055+00:00,ETH-19SEP26-2800-C,2399.79,ETH-19SEP26,call,2800.0,2026-09-19T08:00:00+00:00,0.009698751202404491,0.0013,0.0015,0.001369,0.0014,2399.79,ETH-19SEP26,0.8751000000000001,0.04016,0.20427,1.0,1.0,0.0002000000000000001,ETH,2399.4,5.2
2026-09-15T18:58:50.689055+00:00,ETH-30OCT26-2100-P,2410.21,ETH-30OCT26,put,2100.0,2026-10-30T08:00:00+00:00,0.12195063347482064,0.0255,0.0265,0.026402,0.026,2410.21,ETH-30OCT26,0.5646,-0.21329,2.44719,4595.0,7689.0,0.0010000000000000009,ETH,2399.4,470784.97
2026-09-15T18:58:50.689055+00:00,ETH-27NOV26-3200-C,2415.92,ETH-27NOV26,call,3200.0,2026-11-27T08:00:00+00:00,0.19861045551451947,0.0195,0.021,0.020493,0.02025,2415.92,ETH-27NOV26,0.5767,0.16758,2.70152,208.0,3.0,0.0015000000000000013,ETH,2400.14,174.51
2026-09-15T18:58:50.689055+00:00,ETH-16SEP26-2750-P,2400.41,ETH-16SEP26,put,2750.0,2026-09-16T08:00:00+00:00,0.001485198841008188,0.1425,0.149,0.146206,0.14575,2400.41,ETH-16SEP26,1.3613,-0.99499,0.01336,0.0,0.0,0.006500000000000006,ETH,2400.14,0.0
2026-09-15T18:58:50.689055+00:00,ETH-25SEP26-2800-P,2401.52,ETH-25SEP26,put,2800.0,2026-09-25T08:00:00+00:00,0.0261258559251971,0.165,0.1735,0.169636,0.16925,2401.52,ETH-25SEP26,0.6606000000000001,-0.91686,0.59443,1340.0,0.0,0.00849999999999998,ETH,2400.44,0.0
2026-09-15T18:58:50.689055+00:00,ETH-16SEP26-2580-P,2400.41,ETH-16SEP26,put,2580.0,2026-09-16T08:00:00+00:00,0.001485198841008188,0.0715,0.0785,0.075518,0.075,2400.41,ETH-16SEP26,0.9057,-0.98262,0.03965,85.0,180.0,0.007000000000000006,ETH,2400.14,13832.62
2026-09-15T18:58:50.689055+00:00,ETH-25SEP26-6200-C,2402.95,ETH-25SEP26,call,6200.0,2026-09-25T08:00:00+00:00,0.0261258559251971,,0.0001,0.0,,2402.95,ETH-25SEP26,1.2118,0.0,2e-05,2798.0,0.0,,ETH,2400.44,0.0
2026-09-15T18:58:50.689055+00:00,ETH-17SEP26-2460-P,2399.18,ETH-17SEP26,put,2460.0,2026-09-17T08:00:00+00:00,0.004223049628140289,0.0315,0.035,0.033132,0.03325,2399.18,ETH-17SEP26,0.6793,-0.70349,0.53921,1139.0,889.0,0.003500000000000003,ETH,2400.44,42653.59
2026-09-15T18:58:50.689055+00:00,ETH-19SEP26-2460-P,2401.22,ETH-19SEP26,put,2460.0,2026-09-19T08:00:00+00:00,0.009698751202404491,0.0365,0.0405,0.038747,0.0385,2401.22,ETH-19SEP26,0.607,-0.64725,0.87828,1.0,1.0,0.0040000000000000036,ETH,2400.44,45.83
2026-09-15T18:58:50.689055+00:00,ETH-19SEP26-2680-P,2401.22,ETH-19SEP26,put,2680.0,2026-09-19T08:00:00+00:00,0.009698751202404491,0.1145,0.1225,0.119082,0.1185,2401.22,ETH-19SEP26,0.7611,-0.92375,0.33894,0.0,0.0,0.007999999999999993,ETH,2400.44,0.0
2026-09-15T18:58:50.689055+00:00,ETH-17SEP26-2350-C,2399.18,ETH-17SEP26,call,2350.0,2026-09-17T08:00:00+00:00,0.004223049628140289,0.0265,0.0315,0.029481,0.029,2399.18,ETH-17SEP26,0.6696,0.6973,0.54437,18.0,18.0,0.005000000000000001,ETH,2400.75,1657.91
2026-09-15T18:58:50.689055+00:00,ETH-27NOV26-3600-P,2415.92,ETH-27NOV26,put,3600.0,2026-11-27T08:00:00+00:00,0.19861045551451947,0.494,0.506,0.500222,0.5,2415.92,ETH-27NOV26,0.6101,-0.90812,1.7771,0.0,0.0,0.01200000000000001,ETH,2400.75,0.0
2026-09-15T18:58:50.689055+00:00,ETH-26MAR27-4600-C,2448.16,ETH-26MAR27,call,4600.0,2027-03-26T08:00:00+00:00,0.5244146991832396,0.018,0.02,0.019188,0.019,2448.16,ETH-26MAR27,0.6003000000000001,0.10876,3.30812,1404.0,12.0,0.0020000000000000018,ETH,2400.75,599.13
2026-09-15T18:58:50.689055+00:00,ETH-18SEP26-2480-C,2399.39,ETH-18SEP26,call,2480.0,2026-09-18T08:00:00+00:00,0.006960900415272391,0.0085,0.0095,0.008955,0.009,2399.39,ETH-18SEP26,0.6408,0.28038,0.67466,260.0,252.0,0.0009999999999999992,ETH,2400.75,6717.69
2026-09-15T18:58:50.689055+00:00,ETH-25SEP26-1700-P,2402.95,ETH-25SEP26,put,1700.0,2026-09-25T08:00:00+00:00,0.0261258559251971,0.001,0.0012,0.001101,0.0011,2402.95,ETH-25SEP26,1.0507,-0.01657,0.16025,6445.0,1000.0,0.00019999999999999987,ETH,2400.84,2406.6
2026-09-15T18:58:50.689055+00:00,ETH-27NOV26-4400-P,2415.92,ETH-27NOV26,put,4400.0,2026-11-27T08:00:00+00:00,0.19861045551451947,0.817,0.832,0.824524,0.8245,2415.92,ETH-27NOV26,0.6807,-0.96577,0.81783,0.0,0.0,0.015000000000000013,ETH,2400.84,0.0
2026-09-15T18:58:50.689055+00:00,ETH-30OCT26-3600-C,2410.21,ETH-30OCT26,call,3600.0,2026-10-30T08:00:00+00:00,0.12195063347482064,0.0039,0.0045,0.004225,0.0042,2410.21,ETH-30OCT26,0.649,0.0488,0.85182,5049.0,0.0,0.0005999999999999998,ETH,2400.84,0.0
2026-09-15T18:58:50.689055+00:00,ETH-18SEP26-2700-C,2399.39,ETH-18SEP26,call,2700.0,2026-09-18T08:00:00+00:00,0.006960900415272391,0.0013,0.0016,0.001473,0.00145,2399.39,ETH-18SEP26,0.846,0.0509,0.20954,17971.0,3759.0,0.00030000000000000014,ETH,2400.84,69857.59
2026-09-15T18:58:50.689055+00:00,ETH-19SEP26-2300-C,2401.22,ETH-19SEP26,call,2300.0,2026-09-19T08:00:00+00:00,0.009698751202404491,0.048,0.0535,0.050662,0.05075,2401.22,ETH-19SEP26,0.6324000000000001,0.76721,0.72297,0.0,0.0,0.005499999999999998,ETH,2400.84,0.0
2026-09-15T18:58:50.689055+00:00,ETH-26MAR27-2000-C,2448.16,ETH-26MAR27,call,2000.0,2027-03-26T08:00:00+00:00,0.5244146991832396,0.248,0.2645,0.25635,0.25625,2448.16,ETH-26MAR27,0.5668,0.75751,5.5452,1845.0,0.0,0.016500000000000015,ETH,2400.84,0.0
2026-09-15T18:58:50.689055+00:00,ETH-25SEP26-5600-P,2401.52,ETH-25SEP26,put,5600.0,2026-09-25T08:00:00+00:00,0.0261258559251971,1.3225,1.339,1.331469,1.33075,2401.52,ETH-25SEP26,1.2118,-0.99999,0.00024,0.0,0.0,0.01649999999999996,ETH,2402.18,0.0
2026-09-15T18:58:50.689055+00:00,ETH-19SEP26-2460-C,2399.79,ETH-19SEP26,call,2460.0,2026-09-19T08:00:00+00:00,0.009698751202404491,0.013,0.014,0.013691,0.0135,2399.79,ETH-19SEP26,0.607,0.35515,0.88072,0.0,0.0,0.0010000000000000009,ETH,2401.07,0.0
2026-09-15T18:58:50.689055+00:00,ETH-25SEP26-5500-C,2402.95,ETH-25SEP26,call,5500.0,2026-09-25T08:00:00+00:00,0.0261258559251971,,0.0001,1e-06,,2402.95,ETH-25SEP26,1.2118,2e-05,0.00035,2169.0,0.0,,ETH,2402.18,0.0
2026-09-15T18:58:50.689055+00:00,ETH-25JUN27-5000-P,2474.81,ETH-25JUN27,put,5000.0,2027-06-25T08:00:00+00:00,0.7735591208122607,1.0315,1.066,1.051092,1.04875,2474.81,ETH-25JUN27,0.5939,-0.86074,4.83279,0.0,0.0,0.034499999999999975,ETH,2402.18,0.0
2026-09-15T18:58:50.689055+00:00,ETH-30OCT26-3100-C,2408.78,ETH-30OCT26,call,3100.0,2026-10-30T08:00:00+00:00,0.12195063347482064,0.0115,0.0125,0.011945,0.012,2408.78,ETH-30OCT26,0.5831000000000001,0.12938,1.77664,1925.0,565.0,0.0010000000000000009,ETH,2402.18,24689.65
2026-09-15T18:58:50.689055+00:00,ETH-27NOV26-3300-P,2415.92,ETH-27NOV26,put,3300.0,2026-11-27T08:00:00+00:00,0.19861045551451947,0.3775,0.389,0.382768,0.38325,2415.92,ETH-27NOV26,0.5846,-0.85611,2.44449,0.0,0.0,0.01150000000000001,ETH,2402.18,0.0
2026-09-15T18:58:50.689055+00:00,ETH-18SEP26-2250-C,2399.39,ETH-18SEP26,call,2250.0,2026-09-18T08:00:00+00:00,0.006960900415272391,0.064,0.07,0.06672,0.067,2399.39,ETH-18SEP26,0.7234,0.87032,0.42327,52.0,0.0,0.006000000000000005,ETH,2402.18,0.0
2026-09-15T18:58:50.689055+00:00,ETH-27NOV26-2250-P,2415.92,ETH-27NOV26,put,2250.0,2026-11-27T08:00:00+00:00,0.19861045551451947,0.0625,0.0645,0.063472,0.0635,2415.92,ETH-27NOV26,0.5485,-0.33749,3.94084,827.0,2.0,0.0020000000000000018,ETH,2402.18,261.47
2026-09-15T18:58:50.689055+00:00,ETH-16SEP26-2650-C,2400.41,ETH-16SEP26,call,2650.0,2026-09-16T08:00:00+00:00,0.001485198841008188,,0.0002,0.000131,,2400.41,ETH-16SEP26,1.0898999999999999,0.00936,0.02325,933.0,423.0,,ETH,2402.92,1377.88
2026-09-15T18:58:50.689055+00:00,ETH-25JUN27-3500-C,2473.38,ETH-25JUN27,call,3500.0,2027-06-25T08:00:00+00:00,0.7735591208122607,0.081,0.0845,0.083149,0.08275,2473.38,ETH-25JUN27,0.5645,0.32733,7.86884,2811.0,0.0,0.003500000000000003,ETH,2402.92,0.0
2026-09-15T18:58:50.689055+00:00,ETH-19SEP26-2560-C,2399.79,ETH-19SEP26,call,2560.0,2026-09-19T08:00:00+00:00,0.009698751202404491,0.005,0.006,0.005499,0.0055,2399.79,ETH-19SEP26,0.6528,0.1702,0.59932,163.0,163.0,0.001,ETH,2402.18,3722.88
2026-09-15T18:58:50.689055+00:00,ETH-25JUN27-3600-P,2474.81,ETH-25JUN27,put,3600.0,2027-06-25T08:00:00+00:00,0.7735591208122607,0.519,0.5445,0.532297,0.53175,2474.81,ETH-25JUN27,0.5663,-0.69184,7.67056,0.0,0.0,0.025499999999999967,ETH,2402.92,0.0
2026-09-15T18:58:50.689055+00:00,ETH-25SEP26-1700-C,2401.52,ETH-25SEP26,call,1700.0,2026-09-25T08:00:00+00:00,0.0261258559251971,0.2905,0.296,0.293334,0.29325,2401.52,ETH-25SEP26,1.0507,0.98368,0.15831,2189.0,0.0,0.005500000000000005,ETH,2402.13,0.0
2026-09-15T18:58:50.689055+00:00,ETH-26MAR27-1400-P,2448.16,ETH-26MAR27,put,1400.0,2027-03-26T08:00:00+00:00,0.5244146991832396,0.0185,0.0205,0.019639,0.0195,2448.16,ETH-26MAR27,0.6448,-0.07595,2.53772,1946.0,191.0,0.0020000000000000018,ETH,2402.92,7805.19
2026-09-15T18:58:50.689055+00:00,ETH-25SEP26-7500-P,2401.52,ETH-25SEP26,put,7500.0,2026-09-25T08:00:00+00:00,0.0261258559251971,2.1105,2.133,2.122502,2.12175,2401.52,ETH-25SEP26,1.2161,-1.0,0.0,0.0,0.0,0.022499999999999964,ETH,2401.94,0.0
2026-09-15T18:58:50.689055+00:00,ETH-25SEP26-2360-P,2402.95,ETH-25SEP26,put,2360.0,2026-09-25T08:00:00+00:00,0.0261258559251971,0.027,0.0285,0.028046,0.02775,2402.95,ETH-25SEP26,0.5638000000000001,-0.40015,1.50213,1036.0,704.0,0.0015000000000000013,ETH,2401.94,43599.87
2026-09-15T18:58:50.689055+00:00,ETH-26MAR27-1800-P,2448.16,ETH-26MAR27,put,1800.0,2027-03-26T08:00:00+00:00,0.5244146991832396,0.0475,0.0485,0.048248,0.048,2448.16,ETH-26MAR27,0.5802,-0.17254,4.53439,3716.0,459.0,0.0010000000000000009,ETH,2402.13,52683.34
2026-09-15T18:58:50.689055+00:00,ETH-25SEP26-2200-C,2402.95,ETH-25SEP26,call,2200.0,2026-09-25T08:00:00+00:00,0.0261258559251971,0.091,0.0965,0.093956,0.09375,2402.95,ETH-25SEP26,0.6188,0.82764,0.99259,7849.0,6.0,0.005500000000000005,ETH,2401.94,2441.23
2026-09-15T18:58:50.689055+00:00,ETH-26MAR27-3500-C,2448.16,ETH-26MAR27,call,3500.0,2027-03-26T08:00:00+00:00,0.5244146991832396,0.05,0.0525,0.051292,0.05125,2448.16,ETH-26MAR27,0.5668,0.25356,5.68266,4186.0,0.0,0.0024999999999999953,ETH,2402.13,0.0
2026-09-15T18:58:50.689055+00:00,ETH-30OCT26-3800-P,2408.78,ETH-30OCT26,put,3800.0,2026-10-30T08:00:00+00:00,0.12195063347482064,0.5735,0.587,0.580371,0.58025,2408.78,ETH-30OCT26,0.6778,-0.96436,0.66088,0.0,0.0,0.013499999999999956,ETH,2401.94,0.0
2026-09-15T18:58:50.689055+00:00,ETH-27NOV26-2100-C,2415.92,ETH-27NOV26,call,2100.0,2026-11-27T08:00:00+00:00,0.19861045551451947,0.168,0.1775,0.172875,0.17275,2415.92,ETH-27NOV26,0.5626,0.75502,3.39064,1.0,0.0,0.00949999999999998,ETH,2401.94,0.0
2026-09-15T18:58:50.689055+00:00,ETH-19SEP26-2400-C,2401.22,ETH-19SEP26,call,2400.0,2026-09-19T08:00:00+00:00,0.009698751202404491,0.0225,0.024,0.023296,0.02325,2401.22,ETH-19SEP26,0.5943999999999999,0.5207,0.94285,0.0,0.0,0.0015000000000000013,ETH,2401.94,0.0
2026-09-15T18:58:50.689055+00:00,ETH-25SEP26-5500-P,2402.95,ETH-25SEP26,put,5500.0,2026-09-25T08:00:00+00:00,0.0261258559251971,1.281,1.2975,1.289836,1.28925,2402.95,ETH-25SEP26,1.2118,-0.99998,0.00035,1.0,0.0,0.01650000000000018,ETH,2401.99,0.0
2026-09-15T18:58:50.689055+00:00,ETH-30OCT26-2200-C,2408.78,ETH-30OCT26,call,2200.0,2026-10-30T08:00:00+00:00,0.12195063347482064,0.123,0.126,0.124588,0.1245,2408.78,ETH-30OCT26,0.5497,0.71775,2.84741,1296.0,5.0,0.0030000000000000027,ETH,2401.99,2237.37
2026-09-15T18:58:50.689055+00:00,ETH-25JUN27-1500-P,2474.81,ETH-25JUN27,put,1500.0,2027-06-25T08:00:00+00:00,0.7735591208122607,0.037,0.04,0.038619,0.0385,2474.81,ETH-25JUN27,0.6096,-0.11444,4.21539,505.0,0.0,0.0030000000000000027,ETH,2401.99,0.0
2026-09-15T18:58:50.689055+00:00,ETH-26MAR27-3600-P,2448.16,ETH-26MAR27,put,3600.0,2027-03-26T08:00:00+00:00,0.5244146991832396,0.5045,0.5285,0.517415,0.5165,2448.16,ETH-26MAR27,0.5692,-0.76647,5.4355,1.0,0.0,0.02400000000000002,ETH,2401.99,0.0
2026-09-15T18:58:50.689055+00:00,ETH-17SEP26-2800-C,2399.19,ETH-17SEP26,call,2800.0,2026-09-17T08:00:00+00:00,0.004223049628140289,0.0004,0.0007,0.000514,0.00055,2399.19,ETH-17SEP26,1.1314,0.02038,0.07679,196.0,234.0,0.0003,ETH,2402.95,2023.45
2026-09-15T18:58:50.689055+00:00,ETH-25SEP26-2900-C,2402.95,ETH-25SEP26,call,2900.0,2026-09-25T08:00:00+00:00,0.0261258559251971,0.0025,0.0028,0.00264,0.00265,2402.95,ETH-25SEP26,0.7098,0.05745,0.44763,17932.0,488.0,0.0002999999999999999,ETH,2402.95,5866.0
2026-09-15T18:58:50.689055+00:00,ETH-26MAR27-1900-C,2446.73,ETH-26MAR27,call,1900.0,2027-03-26T08:00:00+00:00,0.5244146991832396,0.2765,0.292,0.283838,0.28425,2446.73,ETH-26MAR27,0.574,0.79382,5.06022,2420.0,0.0,0.015499999999999958,ETH,2402.95,0.0
2026-09-15T18:58:50.689055+00:00,ETH-18SEP26-2650-P,2400.82,ETH-18SEP26,put,2650.0,2026-09-18T08:00:00+00:00,0.006960900415272391,0.102,0.11,0.106234,0.106,2400.82,ETH-18SEP26,0.7907,-0.92669,0.27893,200.0,0.0,0.008000000000000007,ETH,2402.95,0.0
2026-09-15T18:58:50.689055+00:00,ETH-16SEP26-2440-P,2400.41,ETH-16SEP26,put,2440.0,2026-09-16T08:00:00+00:00,0.001485198841008188,0.0165,0.023,0.019918,0.01975,2400.41,ETH-16SEP26,0.5845,-0.7382,0.30097,1483.0,1379.0,0.006499999999999999,ETH,2404.12,22052.69
2026-09-15T18:58:50.689055+00:00,ETH-25SEP26-5400-P,2402.95,ETH-25SEP26,put,5400.0,2026-09-25T08:00:00+00:00,0.0261258559251971,1.241,1.255,1.248203,1.248,2402.95,ETH-25SEP26,1.2118,-0.99997,0.00052,4.0,0.0,0.01399999999999979,ETH,2404.12,0.0
2026-09-15T18:58:50.689055+00:00,ETH-25SEP26-1900-P,2401.52,ETH-25SEP26,put,1900.0,2026-09-25T08:00:00+00:00,0.0261258559251971,0.0021,0.0025,0.00231,0.0023,2401.52,ETH-25SEP26,0.8581,-0.03787,0.32056,19473.0,1298.0,0.0004000000000000002,ETH,2404.12,7558.1
2026-09-15T18:58:50.689055+00:00,ETH-25SEP26-3400-P,2401.52,ETH-25SEP26,put,3400.0,2026-09-25T08:00:00+00:00,0.0261258559251971,0.411,0.421,0.416163,0.416,2401.52,ETH-25SEP26,0.9292,-0.98723,0.12825,861.0,9.0,0.010000000000000009,ETH,2405.02,8785.83
2026-09-15T18:58:50.689055+00:00,ETH-26MAR27-1900-P,2448.16,ETH-26MAR27,put,1900.0,2027-03-26T08:00:00+00:00,0.5244146991832396,0.0585,0.061,0.060219,0.05975,2448.16,ETH-26MAR27,0.574,-0.2055,5.05536,3212.0,0.0,0.0024999999999999953,ETH,2404.12,0.0
2026-09-15T18:58:50.689055+00:00,ETH-2OCT26-2800-P,2402.97,ETH-2OCT26,put,2800.0,2026-10-02T08:00:00+00:00,0.04529081143512181,0.168,0.176,0.172616,0.172,2402.97,ETH-2OCT26,0.596,-0.86957,1.08714,0.0,0.0,0.00799999999999998,ETH,2404.12,0.0
2026-09-15T18:58:50.689055+00:00,ETH-27NOV26-2250-C,2415.92,ETH-27NOV26,call,2250.0,2026-11-27T08:00:00+00:00,0.19861045551451947,0.131,0.134,0.132362,0.1325,2415.92,ETH-27NOV26,0.5485,0.66395,3.93809,126.0,1.0,0.0030000000000000027,ETH,2404.12,311.32
2026-09-15T18:58:50.689055+00:00,ETH-25JUN27-6500-C,2474.81,ETH-25JUN27,call,6500.0,2027-06-25T08:00:00+00:00,0.7735591208122607,0.012,0.0145,0.013657,0.01325,2474.81,ETH-25JUN27,0.624,0.06915,2.9012,43.0,0.0,0.0025000000000000005,ETH,2404.12,0.0
2026-09-15T18:58:50.689055+00:00,ETH-30OCT26-2700-C,2408.78,ETH-30OCT26,call,2700.0,2026-10-30T08:00:00+00:00,0.12195063347482064,0.033,0.034,0.033575,0.0335,2408.78,ETH-30OCT26,0.5416,0.31044,2.9785,1378.0,82.0,0.0010000000000000009,ETH,2405.02,9455.47
2026-09-15T18:58:50.689055+00:00,ETH-25SEP26-7400-C,2402.95,ETH-25SEP26,call,7400.0,2026-09-25T08:00:00+00:00,0.0261258559251971,,0.0001,0.0,,2402.95,ETH-25SEP26,1.2138,0.0,0.0,1322.0,0.0,,ETH,2406.42,0.0
2026-09-15T18:58:50.689055+00:00,ETH-25SEP26-5200-P,2401.52,ETH-25SEP26,put,5200.0,2026-09-25T08:00:00+00:00,0.0261258559251971,1.1575,1.1715,1.164937,1.1645,2401.52,ETH-25SEP26,1.2118,-0.99993,0.00111,50.0,49.0,0.014000000000000012,ETH,2406.42,138997.61
2026-09-15T18:58:50.689055+00:00,ETH-2OCT26-3000-P,2403.0,ETH-2OCT26,put,3000.0,2026-10-02T08:00:00+00:00,0.04529081143512181,0.247,0.2565,0.251994,0.25175,2403.0,ETH-2OCT26,0.6561,-0.93272,0.66844,0.0,0.0,0.009500000000000008,ETH,2406.42,0.0
2026-09-15T18:58:50.689055+00:00,ETH-25SEP26-14000-P,2401.52,ETH-25SEP26,put,14000.0,2026-09-25T08:00:00+00:00,0.0261258559251971,4.8045,4.8485,4.82867,4.8265,2401.52,ETH-25SEP26,1.7753,-1.0,0.0,0.0,0.0,0.043999999999999595,ETH,2406.86,0.0
2026-09-15T18:58:50.689055+00:00,ETH-18SEP26-2700-P,2399.39,ETH-18SEP26,put,2700.0,2026-09-18T08:00:00+00:00,0.006960900415272391,0.1225,0.13,0.126525,0.12625,2399.39,ETH-18SEP26,0.846,-0.94588,0.22045,94.0,0.0,0.007500000000000007,ETH,2406.42,0.0
2026-09-15T18:58:50.689055+00:00,ETH-25DEC26-2600-P,2423.14,ETH-25DEC26,put,2600.0,2026-12-25T08:00:00+00:00,0.27527027755421835,0.156,0.159,0.157326,0.1575,2423.14,ETH-25DEC26,0.5428000000000001,-0.53706,5.06899,1333.0,118.0,0.0030000000000000027,ETH,2406.42,37350.9
2026-09-15T18:58:50.689055+00:00,ETH-25SEP26-6400-P,2401.52,ETH-25SEP26,put,6400.0,2026-09-25T08:00:00+00:00,0.0261258559251971,1.654,1.6735,1.664535,1.66375,2401.52,ETH-25SEP26,1.2118,-1.0,1e-05,0.0,0.0,0.019500000000000073,ETH,2406.86,0.0
2026-09-15T18:58:50.689055+00:00,ETH-17SEP26-2280-C,2399.18,ETH-17SEP26,call,2280.0,2026-09-17T08:00:00+00:00,0.004223049628140289,0.0505,0.057,0.053439,0.05375,2399.18,ETH-17SEP26,0.7474,0.87587,0.32037,0.0,0.0,0.006499999999999999,ETH,2406.86,0.0
2026-09-15T18:58:50.689055+00:00,ETH-18SEP26-2760-P,2399.39,ETH-18SEP26,put,2760.0,2026-09-18T08:00:00+00:00,0.006960900415272391,0.147,0.154,0.151043,0.1505,2399.39,ETH-18SEP26,0.9015000000000001,-0.96331,0.1613,0.0,0.0,0.007000000000000006,ETH,2406.86,0.0
2026-09-15T18:58:50.689055+00:00,ETH-17SEP26-2800-P,2399.18,ETH-17SEP26,put,2800.0,2026-09-17T08:00:00+00:00,0.004223049628140289,0.1625,0.171,0.167322,0.16675,2399.18,ETH-17SEP26,1.1314,-0.97841,0.08079,0.0,0.0,0.008500000000000008,ETH,2406.86,0.0
2026-09-15T18:58:50.689055+00:00,ETH-25SEP26-6600-P,2401.52,ETH-25SEP26,put,6600.0,2026-09-25T08:00:00+00:00,0.0261258559251971,1.7375,1.7575,1.747802,1.7475,2401.52,ETH-25SEP26,1.2118,-1.0,1e-05,0.0,0.0,0.020000000000000018,ETH,2406.67,0.0
2026-09-15T18:58:50.689055+00:00,ETH-25SEP26-2800-C,2401.52,ETH-25SEP26,call,2800.0,2026-09-25T08:00:00+00:00,0.0261258559251971,0.0037,0.0041,0.003902,0.0039,2401.52,ETH-25SEP26,0.6606000000000001,0.08785,0.62145,19591.0,410.0,0.0004000000000000002,ETH,2406.67,7333.76
2026-09-15T18:58:50.689055+00:00,ETH-18SEP26-2560-C,2399.39,ETH-18SEP26,call,2560.0,2026-09-18T08:00:00+00:00,0.006960900415272391,0.0039,0.0043,0.004089,0.0041,2399.39,ETH-18SEP26,0.7,0.15317,0.47487,757.0,644.0,0.0004000000000000002,ETH,2406.67,11096.45
2026-09-15T18:58:50.689055+00:00,ETH-16SEP26-2400-C,2400.41,ETH-16SEP26,call,2400.0,2026-09-16T08:00:00+00:00,0.001485198841008188,0.0075,0.009,0.008352,0.00825,2400.41,ETH-16SEP26,0.5523,0.56443,0.36448,766.0,766.0,0.0014999999999999996,ETH,2406.67,20648.22
2026-09-15T18:58:50.689055+00:00,ETH-25DEC26-2900-C,2424.57,ETH-25DEC26,call,2900.0,2026-12-25T08:00:00+00:00,0.27527027755421835,0.05,0.052,0.051064,0.051,2424.57,ETH-25DEC26,0.5498,0.32046,4.56694,4053.0,534.0,0.001999999999999995,ETH,2406.67,76444.26
2026-09-15T18:58:50.689055+00:00,ETH-17SEP26-2200-C,2399.18,ETH-17SEP26,call,2200.0,2026-09-17T08:00:00+00:00,0.004223049628140289,0.0815,0.089,0.084972,0.08525,2399.18,ETH-17SEP26,0.9068999999999999,0.94124,0.18326,0.0,0.0,0.007499999999999993,ETH,2406.78,0.0
2026-09-15T18:58:50.689055+00:00,ETH-27NOV26-4000-P,2415.92,ETH-27NOV26,put,4000.0,2026-11-27T08:00:00+00:00,0.19861045551451947,0.654,0.6685,0.661228,0.66125,2415.92,ETH-27NOV26,0.6455,-0.94496,1.20312,0.0,0.0,0.014499999999999957,ETH,2406.78,0.0
2026-09-15T18:58:50.689055+00:00,ETH-18SEP26-2450-P,2399.39,ETH-18SEP26,put,2450.0,2026-09-18T08:00:00+00:00,0.006960900415272391,0.032,0.036,0.033226,0.034,2399.39,ETH-18SEP26,0.6296,-0.61941,0.76519,3113.0,202.0,0.003999999999999997,ETH,2406.78,11574.11
2026-09-15T18:58:50.689055+00:00,ETH-26MAR27-2700-P,2448.16,ETH-26MAR27,put,2700.0,2027-03-26T08:00:00+00:00,0.5244146991832396,0.221,0.233,0.223138,0.227,2448.16,ETH-26MAR27,0.5517,-0.51502,7.09154,210.0,21.0,0.01200000000000001,ETH,2406.78,9205.3
2026-09-15T18:58:50.689055+00:00,ETH-19SEP26-2620-P,2399.79,ETH-19SEP26,put,2620.0,2026-09-19T08:00:00+00:00,0.009698751202404491,0.091,0.0985,0.095205,0.09475,2399.79,ETH-19SEP26,0.7062999999999999,-0.88033,0.47355,0.0,0.0,0.007500000000000007,ETH,2406.78,0.0
2026-09-15T18:58:50.689055+00:00,ETH-17SEP26-2400-C,2399.18,ETH-17SEP26,call,2400.0,2026-09-17T08:00:00+00:00,0.004223049628140289,0.016,0.0175,0.016806,0.01675,2399.18,ETH-17SEP26,0.6507999999999999,0.54128,0.62067,74.0,82.0,0.0015000000000000013,ETH,2407.11,4346.85
2026-09-15T18:58:50.689055+00:00,ETH-25SEP26-3500-C,2401.52,ETH-25SEP26,call,3500.0,2026-09-25T08:00:00+00:00,0.0261258559251971,0.0004,0.0007,0.000527,0.00055,2401.52,ETH-25SEP26,0.9732999999999999,0.01103,0.11311,24413.0,58.0,0.0003,ETH,2407.11,56.89
2026-09-15T18:58:50.689055+00:00,ETH-25SEP26-1800-C,2401.52,ETH-25SEP26,call,1800.0,2026-09-25T08:00:00+00:00,0.0261258559251971,0.2495,0.255,0.252178,0.25225,2401.52,ETH-25SEP26,0.9529000000000001,0.97593,0.22065,6233.0,0.0,0.005500000000000005,ETH,2407.11,0.0
2026-09-15T18:58:50.689055+00:00,ETH-26MAR27-3400-C,2448.16,ETH-26MAR27,call,3400.0,2027-03-26T08:00:00+00:00,0.5244146991832396,0.055,0.0575,0.056683,0.05625,2448.16,ETH-26MAR27,0.5639,0.27693,5.95689,2028.0,0.0,0.0025000000000000022,ETH,2407.11,0.0
2026-09-15T18:58:50.689055+00:00,ETH-25JUN27-900-P,2474.81,ETH-25JUN27,put,900.0,2027-06-25T08:00:00+00:00,0.7735591208122607,0.008,0.01,0.009051,0.009,2474.81,ETH-25JUN27,0.7273000000000001,-0.02834,1.41768,885.0,11.0,0.002,ETH,2407.11,228.5
2026-09-15T18:58:50.689055+00:00,ETH-19SEP26-2580-P,2401.22,ETH-19SEP26,put,2580.0,2026-09-19T08:00:00+00:00,0.009698751202404491,0.0755,0.083,0.079884,0.07925,2401.22,ETH-19SEP26,0.6723,-0.84162,0.57361,0.0,0.0,0.007500000000000007,ETH,2407.97,0.0
2026-09-15T18:58:50.689055+00:00,ETH-25JUN27-1300-C,2473.38,ETH-25JUN27,call,1300.0,2027-06-25T08:00:00+00:00,0.7735591208122607,0.4935,0.5065,0.499528,0.5,2473.38,ETH-25JUN27,0.6397999999999999,0.92375,3.13114,108.0,0.0,0.012999999999999956,ETH,2407.97,0.0
2026-09-15T18:58:50.689055+00:00,ETH-25SEP26-1850-P,2402.95,ETH-25SEP26,put,1850.0,2026-09-25T08:00:00+00:00,0.0261258559251971,0.0017,0.002,0.001857,0.00185,2402.95,ETH-25SEP26,0.9009999999999999,-0.02905,0.25825,5683.0,68.0,0.00030000000000000014,ETH,2407.97,226.75
2026-09-15T18:58:50.689055+00:00,ETH-25DEC26-1500-C,2424.57,ETH-25DEC26,call,1500.0,2026-12-25T08:00:00+00:00,0.27527027755421835,0.388,0.3975,0.391847,0.39275,2424.57,ETH-25DEC26,0.6689,0.93985,1.52424,749.0,0.0,0.009500000000000008,ETH,2407.97,0.0
2026-09-15T18:58:50.689055+00:00,ETH-30OCT26-3400-C,2410.21,ETH-30OCT26,call,3400.0,2026-10-30T08:00:00+00:00,0.12195063347482064,0.006,0.0065,0.006378,0.00625,2410.21,ETH-30OCT26,0.6262,0.07373,1.18082,3454.0,140.0,0.0004999999999999996,ETH,2408.47,2526.36
2026-09-15T18:58:50.689055+00:00,ETH-27NOV26-2750-P,2417.35,ETH-27NOV26,put,2750.0,2026-11-27T08:00:00+00:00,0.19861045551451947,0.183,0.191,0.187174,0.187,2417.35,ETH-27NOV26,0.5483,-0.652,3.99772,82.0,48.0,0.008000000000000007,ETH,2408.47,17986.09
2026-09-15T18:58:50.689055+00:00,ETH-25SEP26-5000-P,2402.95,ETH-25SEP26,put,5000.0,2026-09-25T08:00:00+00:00,0.0261258559251971,1.0735,1.0885,1.081674,1.081,2402.95,ETH-25SEP26,1.2118,-0.99984,0.0024,2.0,0.0,0.015000000000000124,ETH,2408.47,0.0
2026-09-15T18:58:50.689055+00:00,ETH-18SEP26-2800-P,2399.39,ETH-18SEP26,put,2800.0,2026-09-18T08:00:00+00:00,0.006960900415272391,0.163,0.1705,0.167576,0.16675,2399.39,ETH-18SEP26,0.953,-0.96884,0.1411,24.0,0.0,0.007500000000000007,ETH,2408.47,0.0
2026-09-15T18:58:50.689055+00:00,ETH-19SEP26-2250-C,2401.22,ETH-19SEP26,call,2250.0,2026-09-19T08:00:00+00:00,0.009698751202404491,0.066,0.0695,0.068206,0.06775,2401.22,ETH-19SEP26,0.6748999999999999,0.8594,0.52988,0.0,0.0,0.003500000000000003,ETH,2408.47,0.0
2026-09-15T18:58:50.689055+00:00,ETH-25DEC26-11000-P,2423.14,ETH-25DEC26,put,11000.0,2026-12-25T08:00:00+00:00,0.27527027755421835,3.5105,3.5465,3.539094,3.5285,2423.14,ETH-25DEC26,0.9209999999999999,-0.99808,0.07817,724.0,0.0,0.03600000000000003,ETH,2408.71,0.0
2026-09-15T18:58:50.689055+00:00,ETH-25DEC26-2800-C,2424.57,ETH-25DEC26,call,2800.0,2026-12-25T08:00:00+00:00,0.27527027755421835,0.059,0.0615,0.060322,0.06025,2424.57,ETH-25DEC26,0.5467,0.365,4.80181,7169.0,539.0,0.0025000000000000022,ETH,2408.71,90801.16
2026-09-15T18:58:50.689055+00:00,ETH-27NOV26-4200-C,2415.92,ETH-27NOV26,call,4200.0,2026-11-27T08:00:00+00:00,0.19861045551451947,0.004,0.0055,0.004729,0.00475,2415.92,ETH-27NOV26,0.6659,0.04444,1.01528,305.0,14.0,0.0014999999999999996,ETH,2408.71,206.52
2026-09-15T18:58:50.689055+00:00,ETH-30OCT26-1800-C,2408.78,ETH-30OCT26,call,1800.0,2026-10-30T08:00:00+00:00,0.12195063347482064,0.2585,0.266,0.26183,0.26225,2408.78,ETH-30OCT26,0.6456000000000001,0.92305,1.21988,108.0,0.0,0.007500000000000007,ETH,2408.71,0.0
2026-09-15T18:58:50.689055+00:00,ETH-25JUN27-1800-P,2474.81,ETH-25JUN27,put,1800.0,2027-06-25T08:00:00+00:00,0.7735591208122607,0.0675,0.071,0.06965,0.06925,2474.81,ETH-25JUN27,0.5808,-0.18775,5.88844,775.0,0.0,0.0034999999999999892,ETH,2408.51,0.0
2026-09-15T18:58:50.689055+00:00,ETH-17SEP26-2400-P,2399.18,ETH-17SEP26,put,2400.0,2026-09-17T08:00:00+00:00,0.004223049628140289,0.0165,0.0175,0.016926,0.017,2399.18,ETH-17SEP26,0.6507999999999999,-0.45265,0.62001,541.0,734.0,0.0010000000000000009,ETH,2408.51,15840.16
2026-09-15T18:58:50.689055+00:00,ETH-25DEC26-3400-P,2424.57,ETH-25DEC26,put,3400.0,2026-12-25T08:00:00+00:00,0.27527027755421835,0.4195,0.433,0.426091,0.42625,2424.57,ETH-25DEC26,0.5739,-0.83154,3.21369,89.0,0.0,0.013500000000000012,ETH,2408.51,0.0
2026-09-15T18:58:50.689055+00:00,ETH-25DEC26-8000-P,2424.57,ETH-25DEC26,put,8000.0,2026-12-25T08:00:00+00:00,0.27527027755421835,2.2855,2.318,2.301611,2.30175,2424.57,ETH-25DEC26,0.8190999999999999,-0.9948,0.19122,73.0,0.0,0.032500000000000195,ETH,2408.51,0.0
2026-09-15T18:58:50.689055+00:00,ETH-19SEP26-2440-C,2399.79,ETH-19SEP26,call,2440.0,2026-09-19T08:00:00+00:00,0.009698751202404491,0.016,0.017,0.016387,0.0165,2399.79,ETH-19SEP26,0.6002000000000001,0.43013,0.93248,0.0,0.0,0.0010000000000000009,ETH,2408.51,0.0
2026-09-15T18:58:50.689055+00:00,ETH-30OCT26-2500-C,2408.78,ETH-30OCT26,call,2500.0,2026-10-30T08:00:00+00:00,0.12195063347482064,0.0575,0.059,0.05835,0.05825,2408.78,ETH-30OCT26,0.5341,0.46664,3.35912,2941.0,124.0,0.0014999999999999944,ETH,2407.97,19409.88
2026-09-15T18:58:50.689055+00:00,ETH-2OCT26-2450-P,2403.0,ETH-2OCT26,put,2450.0,2026-10-02T08:00:00+00:00,0.04529081143512181,0.0555,0.0575,0.056805,0.0565,2403.0,ETH-2OCT26,0.542,-0.52939,2.04387,280.0,191.0,0.0020000000000000018,ETH,2407.97,25648.91
2026-09-15T18:58:50.689055+00:00,ETH-27NOV26-2400-C,2415.92,ETH-27NOV26,call,2400.0,2026-11-27T08:00:00+00:00,0.19861045551451947,0.098,0.1,0.099151,0.099,2415.92,ETH-27NOV26,0.5413,0.56577,4.25622,440.0,125.0,0.0020000000000000018,ETH,2407.97,32463.84
2026-09-15T18:58:50.689055+00:00,ETH-25DEC26-1000-P,2424.57,ETH-25DEC26,put,1000.0,2026-12-25T08:00:00+00:00,0.27527027755421835,0.0019,0.0029,0.002324,0.0024,2424.57,ETH-25DEC26,0.8408,-0.01271,0.41917,18446.0,1.0,0.0009999999999999998,ETH,2407.97,5.5
2026-09-15T18:58:50.689055+00:00,ETH-19SEP26-2700-C,2399.79,ETH-19SEP26,call,2700.0,2026-09-19T08:00:00+00:00,0.009698751202404491,0.002,0.0024,0.002208,0.0022,2399.79,ETH-19SEP26,0.7795000000000001,0.07449,0.33422,144.0,148.0,0.00039999999999999975,ETH,2408.09,1222.49
2026-09-15T18:58:50.689055+00:00,ETH-27NOV26-2200-P,2415.92,ETH-27NOV26,put,2200.0,2026-11-27T08:00:00+00:00,0.19861045551451947,0.0545,0.0565,0.055489,0.0555,2415.92,ETH-27NOV26,0.5524,-0.30117,3.76754,33.0,2.0,0.0020000000000000018,ETH,2408.09,245.81
2026-09-15T18:58:50.689055+00:00,ETH-26MAR27-3300-P,2448.16,ETH-26MAR27,put,3300.0,2027-03-26T08:00:00+00:00,0.5244146991832396,0.399,0.4215,0.41129,0.41025,2448.16,ETH-26MAR27,0.5615,-0.6991,6.19717,101.0,0.0,0.022499999999999964,ETH,2408.09,0.0
2026-09-15T18:58:50.689055+00:00,ETH-25SEP26-14000-C,2401.52,ETH-25SEP26,call,14000.0,2026-09-25T08:00:00+00:00,0.0261258559251971,,0.0001,0.0,,2401.52,ETH-25SEP26,1.7753,0.0,0.0,2121.0,0.0,,ETH,2408.09,0.0
2026-09-15T18:58:50.689055+00:00,ETH-25JUN27-3700-P,2473.38,ETH-25JUN27,put,3700.0,2027-06-25T08:00:00+00:00,0.7735591208122607,0.553,0.58,0.567118,0.5665,2473.38,ETH-25JUN27,0.568,-0.70809,7.5042,0.0,0.0,0.026999999999999913,ETH,2408.06,0.0
2026-09-15T18:58:50.689055+00:00,ETH-25SEP26-2440-C,2401.52,ETH-25SEP26,call,2440.0,2026-09-25T08:00:00+00:00,0.0261258559251971,0.028,0.029,0.028937,0.0285,2401.52,ETH-25SEP26,0.5588000000000001,0.46643,1.55004,5210.0,147.0,0.0010000000000000009,ETH,2408.09,10247.12
2026-09-15T18:58:50.689055+00:00,ETH-19SEP26-2340-P,2399.79,ETH-19SEP26,put,2340.0,2026-09-19T08:00:00+00:00,0.009698751202404491,0.0125,0.0135,0.013145,0.013,2399.79,ETH-19SEP26,0.608,-0.29935,0.8244,350.0,350.0,0.0009999999999999992,ETH,2408.09,10845.26
2026-09-15T18:58:50.689055+00:00,ETH-16SEP26-2660-P,2400.41,ETH-16SEP26,put,2660.0,2026-09-16T08:00:00+00:00,0.001485198841008188,0.105,0.1115,0.108747,0.10825,2400.41,ETH-16SEP26,1.1261,-0.98937,0.02604,0.0,0.0,0.006500000000000006,ETH,2408.06,0.0
2026-09-15T18:58:50.689055+00:00,ETH-25DEC26-1400-C,2424.57,ETH-25DEC26,call,1400.0,2026-12-25T08:00:00+00:00,0.27527027755421835,0.427,0.4355,0.430462,0.43125,2424.57,ETH-25DEC26,0.6987000000000001,0.95453,1.22074,939.0,0.0,0.008500000000000008,ETH,2408.06,0.0
2026-09-15T18:58:50.689055+00:00,ETH-26MAR27-2600-P,2448.16,ETH-26MAR27,put,2600.0,2027-03-26T08:00:00+00:00,0.5244146991832396,0.194,0.1985,0.196361,0.19625,2448.16,ETH-26MAR27,0.5516,-0.47678,7.08896,626.0,19.0,0.004500000000000004,ETH,2408.06,8960.42
2026-09-15T18:58:50.689055+00:00,ETH-17SEP26-2650-C,2399.19,ETH-17SEP26,call,2650.0,2026-09-17T08:00:00+00:00,0.004223049628140289,0.0011,0.0014,0.001255,0.00125,2399.19,ETH-17SEP26,0.9189,0.05725,0.17966,186.0,186.0,0.0002999999999999999,ETH,2407.94,1397.93
2026-09-15T18:58:50.689055+00:00,ETH-25SEP26-1850-C,2401.52,ETH-25SEP26,call,1850.0,2026-09-25T08:00:00+00:00,0.0261258559251971,0.2285,0.2345,0.23164,0.2315,2401.52,ETH-25SEP26,0.9009999999999999,0.97096,0.25821,2241.0,0.0,0.005999999999999978,ETH,2407.94,0.0
2026-09-15T18:58:50.689055+00:00,ETH-25SEP26-4600-C,2402.95,ETH-25SEP26,call,4600.0,2026-09-25T08:00:00+00:00,0.0261258559251971,,0.0002,3.2e-05,,2402.95,ETH-25SEP26,1.2118,0.00075,0.01008,4392.0,5.0,,ETH,2407.94,1.2
2026-09-15T18:58:50.689055+00:00,ETH-26MAR27-2800-C,2448.16,ETH-26MAR27,call,2800.0,2027-03-26T08:00:00+00:00,0.5244146991832396,0.1055,0.1085,0.107504,0.107,2448.16,ETH-26MAR27,0.5529999999999999,0.44984,7.04452,5095.0,60.0,0.0030000000000000027,ETH,2407.94,16318.03
2026-09-15T18:58:50.689055+00:00,ETH-25SEP26-10000-C,2401.52,ETH-25SEP26,call,10000.0,2026-09-25T08:00:00+00:00,0.0261258559251971,,0.0001,0.0,,2401.52,ETH-25SEP26,1.4622,0.0,0.0,1965.0,0.0,,ETH,2407.94,0.0
2026-09-15T18:58:50.689055+00:00,ETH-25JUN27-2300-C,2474.81,ETH-25JUN27,call,2300.0,2027-06-25T08:00:00+00:00,0.7735591208122607,0.2225,0.2275,0.225142,0.225,2474.81,ETH-25JUN27,0.5608,0.65646,8.03998,234.0,0.0,0.0050000000000000044,ETH,2408.03,0.0
2026-09-15T18:58:50.689055+00:00,ETH-25JUN27-2700-C,2474.81,ETH-25JUN27,call,2700.0,2027-06-25T08:00:00+00:00,0.7735591208122607,0.1575,0.162,0.15993,0.15975,2474.81,ETH-25JUN27,0.5572,0.52996,8.69482,445.0,0.0,0.004500000000000004,ETH,2408.03,0.0
2026-09-15T18:58:50.689055+00:00,ETH-2OCT26-2250-C,2403.0,ETH-2OCT26,call,2250.0,2026-10-02T08:00:00+00:00,0.04529081143512181,0.082,0.0875,0.085177,0.08475,2403.0,ETH-2OCT26,0.5659000000000001,0.74019,1.66582,0.0,0.0,0.005499999999999991,ETH,2408.03,0.0
2026-09-15T18:58:50.689055+00:00,ETH-19SEP26-2150-P,2399.79,ETH-19SEP26,put,2150.0,2026-09-19T08:00:00+00:00,0.009698751202404491,0.0025,0.0029,0.002809,0.0027,2399.79,ETH-19SEP26,0.804,-0.06805,0.31181,0.0,0.0,0.00039999999999999975,ETH,2408.03,0.0
2026-09-15T18:58:50.689055+00:00,ETH-25SEP26-3800-P,2401.52,ETH-25SEP26,put,3800.0,2026-09-25T08:00:00+00:00,0.0261258559251971,0.577,0.587,0.582375,0.582,2401.52,ETH-25SEP26,1.0854000000000001,-0.99379,0.06835,943.0,0.0,0.010000000000000009,ETH,2408.03,0.0
2026-09-15T18:58:50.689055+00:00,ETH-25SEP26-16000-C,2401.52,ETH-25SEP26,call,16000.0,2026-09-25T08:00:00+00:00,0.0261258559251971,,0.0001,0.0,,2401.52,ETH-25SEP26,1.8954,0.0,0.0,9830.0,0.0,,ETH,2408.03,0.0
2026-09-15T18:58:50.689055+00:00,ETH-25DEC26-3300-P,2423.14,ETH-25DEC26,put,3300.0,2026-12-25T08:00:00+00:00,0.27527027755421835,0.379,0.3955,0.388595,0.38725,2423.14,ETH-25DEC26,0.5684,-0.80861,3.48141,13.0,0.0,0.016500000000000015,ETH,2408.14,0.0
2026-09-15T18:58:50.689055+00:00,ETH-17SEP26-2360-P,2399.19,ETH-17SEP26,put,2360.0,2026-09-17T08:00:00+00:00,0.004223049628140289,0.0095,0.0105,0.009968,0.01,2399.19,ETH-17SEP26,0.6605,-0.30533,0.54843,152.0,151.0,0.0010000000000000009,ETH,2408.14,2253.66
2026-09-15T18:58:50.689055+00:00,ETH-25DEC26-3400-C,2424.57,ETH-25DEC26,call,3400.0,2026-12-25T08:00:00+00:00,0.27527027755421835,0.022,0.0235,0.023172,0.02275,2424.57,ETH-25DEC26,0.5739,0.16838,3.21231,14577.0,500.0,0.0015000000000000013,ETH,2408.14,27512.27
2026-09-15T18:58:50.689055+00:00,ETH-16SEP26-2520-P,2400.41,ETH-16SEP26,put,2520.0,2026-09-16T08:00:00+00:00,0.001485198841008188,0.047,0.0545,0.050828,0.05075,2400.41,ETH-16SEP26,0.7554000000000001,-0.94031,0.10991,4910.0,4827.0,0.0075,ETH,2408.14,117319.14
2026-09-15T18:58:50.689055+00:00,ETH-27NOV26-2800-P,2417.35,ETH-27NOV26,put,2800.0,2026-11-27T08:00:00+00:00,0.19861045551451947,0.1955,0.2075,0.203167,0.2015,2417.35,ETH-27NOV26,0.5507,-0.6776,3.88028,61.0,0.0,0.011999999999999983,ETH,2408.14,0.0
2026-09-15T18:58:50.689055+00:00,ETH-18SEP26-2450-C,2399.39,ETH-18SEP26,call,2450.0,2026-09-18T08:00:00+00:00,0.006960900415272391,0.012,0.0125,0.012346,0.01225,2399.39,ETH-18SEP26,0.6296,0.38581,0.76886,1313.0,11.0,0.0005000000000000004,ETH,2408.14,351.45
2026-09-15T18:58:50.689055+00:00,ETH-25SEP26-3200-C,2401.52,ETH-25SEP26,call,3200.0,2026-09-25T08:00:00+00:00,0.0261258559251971,0.0009,0.0011,0.001002,0.001,2401.52,ETH-25SEP26,0.843,0.02216,0.20593,12319.0,392.0,0.0002000000000000001,ETH,2408.14,1015.36
2026-09-15T18:58:50.689055+00:00,ETH-25SEP26-6200-P,2402.95,ETH-25SEP26,put,6200.0,2026-09-25T08:00:00+00:00,0.0261258559251971,1.572,1.5895,1.581268,1.58075,2402.95,ETH-25SEP26,1.2118,-1.0,3e-05,0.0,0.0,0.01749999999999985,ETH,2408.14,0.0
2026-09-15T18:58:50.689055+00:00,ETH-17SEP26-2380-P,2399.18,ETH-17SEP26,put,2380.0,2026-09-17T08:00:00+00:00,0.004223049628140289,0.0125,0.0135,0.013047,0.013,2399.18,ETH-17SEP26,0.6524,-0.37567,0.59379,381.0,462.0,0.0009999999999999992,ETH,2407.66,10720.87
2026-09-15T18:58:50.689055+00:00,ETH-25DEC26-2000-C,2424.57,ETH-25DEC26,call,2000.0,2026-12-25T08:00:00+00:00,0.27527027755421835,0.2115,0.2235,0.217188,0.2175,2424.57,ETH-25DEC26,0.57,0.78962,3.68428,10830.0,0.0,0.01200000000000001,ETH,2407.66,0.0
2026-09-15T18:58:50.689055+00:00,ETH-25SEP26-1000-P,2401.52,ETH-25SEP26,put,1000.0,2026-09-25T08:00:00+00:00,0.0261258559251971,,0.0001,8e-06,,2401.52,ETH-25SEP26,1.536,-0.00012,0.00186,10806.0,0.0,,ETH,2407.66,0.0
2026-09-15T18:58:50.689055+00:00,ETH-25SEP26-1000-C,2402.95,ETH-25SEP26,call,1000.0,2026-09-25T08:00:00+00:00,0.0261258559251971,0.582,0.5855,0.583675,0.58375,2402.95,ETH-25SEP26,1.536,0.99988,0.00186,5784.0,0.0,0.0035000000000000586,ETH,2407.66,0.0
2026-09-15T18:58:50.689055+00:00,ETH-27NOV26-2000-C,2415.92,ETH-27NOV26,call,2000.0,2026-11-27T08:00:00+00:00,0.19861045551451947,0.1995,0.2085,0.203497,0.204,2415.92,ETH-27NOV26,0.5755,0.81113,2.92485,9.0,0.0,0.00899999999999998,ETH,2407.66,0.0
2026-09-15T18:58:50.689055+00:00,ETH-16SEP26-2640-C,2400.41,ETH-16SEP26,call,2640.0,2026-09-16T08:00:00+00:00,0.001485198841008188,0.0001,0.0002,0.000141,0.00015,2400.41,ETH-16SEP26,1.0634000000000001,0.01235,0.02965,1675.0,1768.0,0.0001,ETH,2406.69,13282.49
2026-09-15T18:58:50.689055+00:00,ETH-17SEP26-2640-C,2399.18,ETH-17SEP26,call,2640.0,2026-09-17T08:00:00+00:00,0.004223049628140289,0.0012,0.0015,0.001343,0.00135,2399.18,ETH-17SEP26,0.9033,0.06069,0.18801,584.0,456.0,0.00030000000000000014,ETH,2406.69,6064.87
2026-09-15T18:58:50.689055+00:00,ETH-25JUN27-5500-P,2474.81,ETH-25JUN27,put,5500.0,2027-06-25T08:00:00+00:00,0.7735591208122607,1.2245,1.263,1.24567,1.24375,2474.81,ETH-25JUN27,0.6033,-0.89137,4.0707,0.0,0.0,0.03849999999999998,ETH,2406.69,0.0
2026-09-15T18:58:50.689055+00:00,ETH-2OCT26-3200-P,2403.0,ETH-2OCT26,put,3200.0,2026-10-02T08:00:00+00:00,0.04529081143512181,0.328,0.338,0.333645,0.333,2403.0,ETH-2OCT26,0.7223,-0.96164,0.42763,0.0,0.0,0.010000000000000009,ETH,2406.31,0.0
2026-09-15T18:58:50.689055+00:00,ETH-30OCT26-1850-C,2408.78,ETH-30OCT26,call,1850.0,2026-10-30T08:00:00+00:00,0.12195063347482064,0.2395,0.246,0.242712,0.24275,2408.78,ETH-30OCT26,0.6272,0.90871,1.38607,1008.0,0.0,0.006500000000000006,ETH,2406.31,0.0
2026-09-15T18:58:50.689055+00:00,ETH-27NOV26-2000-P,2415.92,ETH-27NOV26,put,2000.0,2026-11-27T08:00:00+00:00,0.19861045551451947,0.0305,0.032,0.031151,0.03125,2415.92,ETH-27NOV26,0.5755,-0.18965,2.93007,2308.0,2081.0,0.0015000000000000013,ETH,2406.31,147288.3
2026-09-15T18:58:50.689055+00:00,ETH-25JUN27-3800-P,2474.81,ETH-25JUN27,put,3800.0,2027-06-25T08:00:00+00:00,0.7735591208122607,0.5885,0.6145,0.602319,0.6015,2474.81,ETH-25JUN27,0.5695,-0.7256,7.28006,2.0,0.0,0.026000000000000023,ETH,2406.31,0.0
2026-09-15T18:58:50.689055+00:00,ETH-27NOV26-2950-P,2415.92,ETH-27NOV26,put,2950.0,2026-11-27T08:00:00+00:00,0.19861045551451947,0.2485,0.259,0.25369,0.25375,2415.92,ETH-27NOV26,0.5589,-0.74605,3.46414,0.0,0.0,0.01050000000000001,ETH,2406.31,0.0
2026-09-15T18:58:50.689055+00:00,ETH-25DEC26-1800-C,2424.57,ETH-25DEC26,call,1800.0,2026-12-25T08:00:00+00:00,0.27527027755421835,0.278,0.2885,0.282144,0.28325,2424.57,ETH-25DEC26,0.5996,0.86725,2.73929,2434.0,0.0,0.010499999999999954,ETH,2406.31,0.0
2026-09-15T18:58:50.689055+00:00,ETH-25DEC26-800-P,2424.57,ETH-25DEC26,put,800.0,2026-12-25T08:00:00+00:00,0.27527027755421835,0.0006,0.0014,0.001065,0.001,2424.57,ETH-25DEC26,0.9269,-0.00569,0.20697,7390.0,0.0,0.0008,ETH,2406.17,0.0
2026-09-15T18:58:50.689055+00:00,ETH-19SEP26-2660-C,2401.22,ETH-19SEP26,call,2660.0,2026-09-19T08:00:00+00:00,0.009698751202404491,0.0026,0.003,0.002788,0.0028,2401.22,ETH-19SEP26,0.7434999999999999,0.09277,0.39388,106.0,106.0,0.0004000000000000002,ETH,2406.17,1005.84
2026-09-15T18:58:50.689055+00:00,ETH-25SEP26-2420-C,2401.52,ETH-25SEP26,call,2420.0,2026-09-25T08:00:00+00:00,0.0261258559251971,0.0315,0.033,0.032419,0.03225,2401.52,ETH-25SEP26,0.5571,0.49968,1.55438,1033.0,599.0,0.0015000000000000013,ETH,2406.31,49667.89
2026-09-15T18:58:50.689055+00:00,ETH-16SEP26-2700-C,2400.41,ETH-16SEP26,call,2700.0,2026-09-16T08:00:00+00:00,0.001485198841008188,,0.0003,0.00011,,2400.41,ETH-16SEP26,1.2408,0.00833,0.02101,4509.0,6203.0,,ETH,2406.17,15313.06
2026-09-15T18:58:50.689055+00:00,ETH-26MAR27-4800-P,2448.16,ETH-26MAR27,put,4800.0,2027-03-26T08:00:00+00:00,0.5244146991832396,0.962,0.99,0.977861,0.976,2448.16,ETH-26MAR27,0.607,-0.90408,3.02755,0.0,0.0,0.028000000000000025,ETH,2406.17,0.0
2026-09-15T18:58:50.689055+00:00,ETH-30OCT26-2250-P,2408.78,ETH-30OCT26,put,2250.0,2026-10-30T08:00:00+00:00,0.12195063347482064,0.044,0.045,0.044881,0.0445,2408.78,ETH-30OCT26,0.5444,-0.31856,3.01322,1755.0,691.0,0.0010000000000000009,ETH,2405.63,60945.86
2026-09-15T18:58:50.689055+00:00,ETH-25SEP26-5200-C,2401.52,ETH-25SEP26,call,5200.0,2026-09-25T08:00:00+00:00,0.0261258559251971,,0.0003,3e-06,,2401.52,ETH-25SEP26,1.2118,7e-05,0.00113,2982.0,600.0,,ETH,2405.63,152.52
2026-09-15T18:58:50.689055+00:00,ETH-18SEP26-3000-P,2399.39,ETH-18SEP26,put,3000.0,2026-09-18T08:00:00+00:00,0.006960900415272391,0.2455,0.254,0.250406,0.24975,2399.39,ETH-18SEP26,1.1439,-0.98837,0.06103,0.0,0.0,0.008500000000000008,ETH,2405.63,0.0
2026-09-15T18:58:50.689055+00:00,ETH-2OCT26-2400-C,2403.0,ETH-2OCT26,call,2400.0,2026-10-02T08:00:00+00:00,0.04529081143512181,0.0455,0.0475,0.046598,0.0465,2403.0,ETH-2OCT26,0.5412,0.53842,2.03777,0.0,0.0,0.0020000000000000018,ETH,2405.27,0.0
2026-09-15T18:58:50.689055+00:00,ETH-30OCT26-2900-C,2408.78,ETH-30OCT26,call,2900.0,2026-10-30T08:00:00+00:00,0.12195063347482064,0.019,0.02,0.019588,0.0195,2408.78,ETH-30OCT26,0.5592,0.20131,2.37235,3413.0,101.0,0.0010000000000000009,ETH,2405.27,5455.22
2026-09-15T18:58:50.689055+00:00,ETH-2OCT26-2900-C,2403.38,ETH-2OCT26,call,2900.0,2026-10-02T08:00:00+00:00,0.04529081143512181,0.005,0.0055,0.005217,0.00525,2403.38,ETH-2OCT26,0.6251,0.0923,0.84918,336.0,233.0,0.0004999999999999996,ETH,2405.27,5853.64
2026-09-15T18:58:50.689055+00:00,ETH-27NOV26-3800-C,2415.92,ETH-27NOV26,call,3800.0,2026-11-27T08:00:00+00:00,0.19861045551451947,0.007,0.0085,0.007788,0.00775,2415.92,ETH-27NOV26,0.6281,0.07124,1.47053,480.0,2.0,0.0015000000000000005,ETH,2405.27,39.11
2026-09-15T18:58:50.689055+00:00,ETH-25JUN27-4400-P,2474.81,ETH-25JUN27,put,4400.0,2027-06-25T08:00:00+00:00,0.7735591208122607,0.806,0.837,0.822121,0.8215,2474.81,ETH-25JUN27,0.5811,-0.80656,5.98989,1.0,0.0,0.030999999999999917,ETH,2405.27,0.0
2026-09-15T18:58:50.689055+00:00,ETH-19SEP26-2400-P,2399.79,ETH-19SEP26,put,2400.0,2026-09-19T08:00:00+00:00,0.009698751202404491,0.0225,0.024,0.023321,0.02325,2399.79,ETH-19SEP26,0.5943999999999999,-0.46681,0.94248,155.0,155.0,0.0015000000000000013,ETH,2405.27,7292.95
2026-09-15T18:58:50.689055+00:00,ETH-16SEP26-2540-P,2400.41,ETH-16SEP26,put,2540.0,2026-09-16T08:00:00+00:00,0.001485198841008188,0.0555,0.0625,0.058994,0.059,2400.41,ETH-16SEP26,0.7979,-0.96107,0.07796,284.0,1229.0,0.006999999999999999,ETH,2405.67,29791.65
2026-09-15T18:58:50.689055+00:00,ETH-25JUN27-3000-P,2474.81,ETH-25JUN27,put,3000.0,2027-06-25T08:00:00+00:00,0.7735591208122607,0.3245,0.35,0.337517,0.33725,2474.81,ETH-25JUN27,0.5595,-0.55537,8.62715,231.0,1.0,0.025499999999999967,ETH,2405.67,811.8
2026-09-15T18:58:50.689055+00:00,ETH-26MAR27-800-P,2448.16,ETH-26MAR27,put,800.0,2027-03-26T08:00:00+00:00,0.5244146991832396,0.003,0.0042,0.003708,0.0036,2448.16,ETH-26MAR27,0.8166,-0.01417,0.64131,2988.0,444.0,0.0011999999999999997,ETH,2405.67,3700.68
2026-09-15T18:58:50.689055+00:00,ETH-30OCT26-2300-C,2408.78,ETH-30OCT26,call,2300.0,2026-10-30T08:00:00+00:00,0.12195063347482064,0.0965,0.0995,0.098326,0.098,2408.78,ETH-30OCT26,0.5402,0.63918,3.16027,1198.0,0.0,0.0030000000000000027,ETH,2405.67,0.0
2026-09-15T18:58:50.689055+00:00,ETH-25DEC26-1500-P,2424.57,ETH-25DEC26,put,1500.0,2026-12-25T08:00:00+00:00,0.27527027755421835,0.01,0.0115,0.010782,0.01075,2424.57,ETH-25DEC26,0.6689,-0.06036,1.52742,16442.0,21.0,0.0014999999999999996,ETH,2406.18,429.8
2026-09-15T18:58:50.689055+00:00,ETH-19SEP26-2650-P,2399.79,ETH-19SEP26,put,2650.0,2026-09-19T08:00:00+00:00,0.009698751202404491,0.103,0.1105,0.107093,0.10675,2399.79,ETH-19SEP26,0.7348,-0.90184,0.41052,0.0,0.0,0.007500000000000007,ETH,2406.18,0.0
2026-09-15T18:58:50.689055+00:00,ETH-25DEC26-2000-P,2423.14,ETH-25DEC26,put,2000.0,2026-12-25T08:00:00+00:00,0.27527027755421835,0.0415,0.0435,0.042526,0.0425,2423.14,ETH-25DEC26,0.57,-0.21093,3.68781,8848.0,281.0,0.001999999999999995,ETH,2406.18,21962.95
2026-09-15T18:58:50.689055+00:00,ETH-26MAR27-4200-C,2448.16,ETH-26MAR27,call,4200.0,2027-03-26T08:00:00+00:00,0.5244146991832396,0.025,0.028,0.026587,0.0265,2448.16,ETH-26MAR27,0.5869,0.14673,4.08651,2904.0,0.0,0.002999999999999999,ETH,2406.18,0.0
2026-09-15T18:58:50.689055+00:00,ETH-25DEC26-800-C,2424.57,ETH-25DEC26,call,800.0,2026-12-25T08:00:00+00:00,0.27527027755421835,0.669,0.674,0.670966,0.6715,2424.57,ETH-25DEC26,0.9269,0.99431,0.20693,171.0,0.0,0.0050000000000000044,ETH,2406.18,0.0
2026-09-15T18:58:50.689055+00:00,ETH-26MAR27-4500-C,2446.73,ETH-26MAR27,call,4500.0,2027-03-26T08:00:00+00:00,0.5244146991832396,0.0195,0.0215,0.020821,0.0205,2446.73,ETH-26MAR27,0.5974,0.11801,3.51576,4109.0,2028.0,0.0019999999999999983,ETH,2406.18,117970.04
2026-09-15T18:58:50.689055+00:00,ETH-25DEC26-5500-C,2423.14,ETH-25DEC26,call,5500.0,2026-12-25T08:00:00+00:00,0.27527027755421835,0.0022,0.0031,0.00271,0.00265,2423.14,ETH-25DEC26,0.71,0.02238,0.67971,2243.0,101.0,0.0008999999999999998,ETH,2405.64,674.09
2026-09-15T18:58:50.689055+00:00,ETH-30OCT26-2750-P,2408.78,ETH-30OCT26,put,2750.0,2026-10-30T08:00:00+00:00,0.12195063347482064,0.164,0.1745,0.170726,0.16925,2408.78,ETH-30OCT26,0.5452,-0.71959,2.84451,40.0,40.0,0.010499999999999982,ETH,2405.64,11240.56
2026-09-15T18:58:50.689055+00:00,ETH-25DEC26-4000-C,2424.57,ETH-25DEC26,call,4000.0,2026-12-25T08:00:00+00:00,0.27527027755421835,0.0095,0.011,0.010547,0.01025,2424.57,ETH-25DEC26,0.6136,0.08264,1.94447,15126.0,270.0,0.0014999999999999996,ETH,2405.64,9919.65
2026-09-15T18:58:50.689055+00:00,ETH-25SEP26-1200-C,2402.95,ETH-25SEP26,call,1200.0,2026-09-25T08:00:00+00:00,0.0261258559251971,0.4985,0.5025,0.500534,0.5005,2402.95,ETH-25SEP26,1.5349000000000002,0.99832,0.02103,138.0,0.0,0.003999999999999948,ETH,2405.64,0.0
2026-09-15T18:58:50.689055+00:00,ETH-16SEP26-2580-C,2400.41,ETH-16SEP26,call,2580.0,2026-09-16T08:00:00+00:00,0.001485198841008188,0.0002,0.0003,0.000245,0.00025,2400.41,ETH-16SEP26,0.9057,0.02053,0.04577,2014.0,1876.0,9.999999999999996e-05,ETH,2405.11,28716.88
2026-09-15T18:58:50.689055+00:00,ETH-25SEP26-3000-C,2402.95,ETH-25SEP26,call,3000.0,2026-09-25T08:00:00+00:00,0.0261258559251971,0.0017,0.002,0.00187,0.00185,2402.95,ETH-25SEP26,0.7575,0.04118,0.34365,42693.0,1615.0,0.00030000000000000014,ETH,2405.11,22819.49
2026-09-15T18:58:50.689055+00:00,ETH-25SEP26-4000-P,2401.52,ETH-25SEP26,put,4000.0,2026-09-25T08:00:00+00:00,0.0261258559251971,0.66,0.671,0.665542,0.6655,2401.52,ETH-25SEP26,1.1437,-0.99594,0.04671,147.0,29.0,0.01100000000000001,ETH,2405.11,45645.61
2026-09-15T18:58:50.689055+00:00,ETH-25SEP26-2150-C,2402.95,ETH-25SEP26,call,2150.0,2026-09-25T08:00:00+00:00,0.0261258559251971,0.109,0.115,0.112222,0.112,2402.95,ETH-25SEP26,0.6501,0.87309,0.8104,176.0,10.0,0.006000000000000005,ETH,2405.11,2939.13
2026-09-15T18:58:50.689055+00:00,ETH-25SEP26-6500-P,2402.95,ETH-25SEP26,put,6500.0,2026-09-25T08:00:00+00:00,0.0261258559251971,1.6975,1.7155,1.706168,1.7065,2402.95,ETH-25SEP26,1.2118,-1.0,1e-05,0.0,0.0,0.018000000000000016,ETH,2405.11,0.0
2026-09-15T18:58:50.689055+00:00,ETH-2OCT26-2600-P,2402.97,ETH-2OCT26,put,2600.0,2026-10-02T08:00:00+00:00,0.04529081143512181,0.0965,0.104,0.100275,0.10025,2402.97,ETH-2OCT26,0.5535,-0.72071,1.72512,295.0,14.0,0.007499999999999993,ETH,2404.87,1611.92
2026-09-15T18:58:50.689055+00:00,ETH-25JUN27-4600-P,2474.81,ETH-25JUN27,put,4600.0,2027-06-25T08:00:00+00:00,0.7735591208122607,0.8815,0.913,0.897602,0.89725,2474.81,ETH-25JUN27,0.585,-0.82717,5.5824,0.0,0.0,0.031500000000000083,ETH,2404.87,0.0
2026-09-15T18:58:50.689055+00:00,ETH-17SEP26-2520-P,2399.18,ETH-17SEP26,put,2520.0,2026-09-17T08:00:00+00:00,0.004223049628140289,0.0495,0.0575,0.054063,0.0535,2399.18,ETH-17SEP26,0.7379000000000001,-0.82755,0.39909,34.0,33.0,0.008,ETH,2404.87,1089.02
2026-09-15T18:58:50.689055+00:00,ETH-19SEP26-2240-P,2401.22,ETH-19SEP26,put,2240.0,2026-09-19T08:00:00+00:00,0.009698751202404491,0.0049,0.0055,0.005293,0.0052,2401.22,ETH-19SEP26,0.6884999999999999,-0.13506,0.5148,167.0,253.0,0.0005999999999999998,ETH,2404.87,3218.17
2026-09-15T18:58:50.689055+00:00,ETH-25SEP26-5800-P,2402.95,ETH-25SEP26,put,5800.0,2026-09-25T08:00:00+00:00,0.0261258559251971,1.407,1.4225,1.414735,1.41475,2402.95,ETH-25SEP26,1.2118,-0.99999,0.00012,0.0,0.0,0.01550000000000007,ETH,2404.87,0.0
2026-09-15T18:58:50.689055+00:00,ETH-25JUN27-1200-C,2474.81,ETH-25JUN27,call,1200.0,2027-06-25T08:00:00+00:00,0.7735591208122607,0.5285,0.5415,0.534829,0.535,2474.81,ETH-25JUN27,0.6587000000000001,0.93881,2.64329,55.0,0.0,0.013000000000000012,ETH,2407.32,0.0
2026-09-15T18:58:50.689055+00:00,ETH-25SEP26-2440-P,2402.95,ETH-25SEP26,put,2440.0,2026-09-25T08:00:00+00:00,0.0261258559251971,0.044,0.0455,0.044878,0.04475,2402.95,ETH-25SEP26,0.5587,-0.53467,1.54924,1585.0,136.0,0.0015000000000000013,ETH,2407.32,12018.7
2026-09-15T18:58:50.689055+00:00,ETH-30OCT26-1200-C,2410.21,ETH-30OCT26,call,1200.0,2026-10-30T08:00:00+00:00,0.12195063347482064,0.5005,0.5055,0.502919,0.503,2410.21,ETH-30OCT26,0.8991,0.99145,0.19636,0.0,0.0,0.0050000000000000044,ETH,2407.32,0.0
2026-09-15T18:58:50.689055+00:00,ETH-30OCT26-1700-C,2408.78,ETH-30OCT26,call,1700.0,2026-10-30T08:00:00+00:00,0.12195063347482064,0.2975,0.304,0.300717,0.30075,2408.78,ETH-30OCT26,0.6823999999999999,0.94468,0.94313,74.0,0.0,0.006500000000000006,ETH,2407.32,0.0
2026-09-15T18:58:50.689055+00:00,ETH-25DEC26-1300-P,2423.14,ETH-25DEC26,put,1300.0,2026-12-25T08:00:00+00:00,0.27527027755421835,0.0055,0.007,0.00604,0.00625,2423.14,ETH-25DEC26,0.7297,-0.03389,0.96053,2660.0,401.0,0.0015000000000000005,ETH,2406.48,4243.68
2026-09-15T18:58:50.689055+00:00,ETH-25SEP26-2600-C,2401.52,ETH-25SEP26,call,2600.0,2026-09-25T08:00:00+00:00,0.0261258559251971,0.0105,0.0115,0.010952,0.011,2401.52,ETH-25SEP26,0.5829,0.22431,1.16704,24540.0,1100.0,0.0009999999999999992,ETH,2407.32,55970.41
2026-09-15T18:58:50.689055+00:00,ETH-16SEP26-2500-P,2400.41,ETH-16SEP26,put,2500.0,2026-09-16T08:00:00+00:00,0.001485198841008188,0.0385,0.0465,0.042686,0.0425,2400.41,ETH-16SEP26,0.6987000000000001,-0.91949,0.13821,985.0,727.0,0.008,ETH,2406.48,14697.59
2026-09-15T18:58:50.689055+00:00,ETH-2OCT26-2350-P,2403.0,ETH-2OCT26,put,2350.0,2026-10-02T08:00:00+00:00,0.04529081143512181,0.035,0.036,0.035603,0.0355,2403.0,ETH-2OCT26,0.5462,-0.38852,1.96791,362.0,350.0,0.000999999999999994,ETH,2406.48,28270.62
2026-09-15T18:58:50.689055+00:00,ETH-26MAR27-1200-P,2448.16,ETH-26MAR27,put,1200.0,2027-03-26T08:00:00+00:00,0.5244146991832396,0.011,0.013,0.011985,0.012,2448.16,ETH-26MAR27,0.6918000000000001,-0.04647,1.73042,1665.0,0.0,0.002,ETH,2406.48,0.0
2026-09-15T18:58:50.689055+00:00,ETH-19SEP26-2520-P,2401.22,ETH-19SEP26,put,2520.0,2026-09-19T08:00:00+00:00,0.009698751202404491,0.0545,0.0605,0.057741,0.0575,2401.22,ETH-19SEP26,0.6286999999999999,-0.75819,0.74043,0.0,0.0,0.005999999999999998,ETH,2406.54,0.0
2026-09-15T18:58:50.689055+00:00,ETH-25SEP26-7000-P,2401.52,ETH-25SEP26,put,7000.0,2026-09-25T08:00:00+00:00,0.0261258559251971,1.903,1.9235,1.914335,1.91325,2401.52,ETH-25SEP26,1.2118,-1.0,0.0,0.0,0.0,0.020499999999999963,ETH,2406.54,0.0
2026-09-15T18:58:50.689055+00:00,ETH-25SEP26-1900-C,2401.52,ETH-25SEP26,call,1900.0,2026-09-25T08:00:00+00:00,0.0261258559251971,0.2085,0.2145,0.211276,0.2115,2401.52,ETH-25SEP26,0.8581,0.96312,0.31428,10538.0,0.0,0.006000000000000005,ETH,2406.54,0.0
2026-09-15T18:58:50.689055+00:00,ETH-25DEC26-2300-C,2424.57,ETH-25DEC26,call,2300.0,2026-12-25T08:00:00+00:00,0.27527027755421835,0.135,0.141,0.138506,0.138,2424.57,ETH-25DEC26,0.5468,0.63241,4.80932,7407.0,12.0,0.005999999999999978,ETH,2406.54,4316.18
2026-09-15T18:58:50.689055+00:00,ETH-30OCT26-3000-P,2410.21,ETH-30OCT26,put,3000.0,2026-10-30T08:00:00+00:00,0.12195063347482064,0.2555,0.265,0.260428,0.26025,2410.21,ETH-30OCT26,0.5704,-0.83758,2.07516,75.0,0.0,0.009500000000000008,ETH,2406.54,0.0
2026-09-15T18:58:50.689055+00:00,ETH-30OCT26-2650-C,2408.78,ETH-30OCT26,call,2650.0,2026-10-30T08:00:00+00:00,0.12195063347482064,0.038,0.039,0.038597,0.0385,2408.78,ETH-30OCT26,0.5389,0.34671,3.11675,906.0,13.0,0.0010000000000000009,ETH,2406.03,1548.18
2026-09-15T18:58:50.689055+00:00,ETH-30OCT26-4200-C,2410.21,ETH-30OCT26,call,4200.0,2026-10-30T08:00:00+00:00,0.12195063347482064,0.0014,0.0021,0.001749,0.00175,2410.21,ETH-30OCT26,0.731,0.0206,0.41927,478.0,0.0,0.0006999999999999999,ETH,2406.03,0.0
2026-09-15T18:58:50.689055+00:00,ETH-18SEP26-2900-C,2399.39,ETH-18SEP26,call,2900.0,2026-09-18T08:00:00+00:00,0.006960900415272391,0.0005,0.0006,0.000521,0.00055,2399.39,ETH-18SEP26,1.0488,0.01812,0.0894,3948.0,1811.0,9.999999999999994e-05,ETH,2406.44,11564.7
2026-09-15T18:58:50.689055+00:00,ETH-26MAR27-3700-C,2448.16,ETH-26MAR27,call,3700.0,2027-03-26T08:00:00+00:00,0.5244146991832396,0.0405,0.043,0.042014,0.04175,2448.16,ETH-26MAR27,0.5718,0.21671,5.22094,1532.0,0.0,0.0024999999999999953,ETH,2406.03,0.0
2026-09-15T18:58:50.689055+00:00,ETH-26MAR27-5000-C,2448.16,ETH-26MAR27,call,5000.0,2027-03-26T08:00:00+00:00,0.5244146991832396,0.0135,0.015,0.014348,0.01425,2448.16,ETH-26MAR27,0.6145,0.08442,2.75411,2479.0,34.0,0.0014999999999999996,ETH,2406.44,1361.89
2026-09-15T18:58:50.689055+00:00,ETH-26MAR27-1200-C,2448.16,ETH-26MAR27,call,1200.0,2027-03-26T08:00:00+00:00,0.5244146991832396,0.517,0.528,0.521639,0.5225,2448.16,ETH-26MAR27,0.6918000000000001,0.95353,1.73038,68.0,0.0,0.01100000000000001,ETH,2406.44,0.0
2026-09-15T18:58:50.689055+00:00,ETH-25SEP26-2700-P,2402.95,ETH-25SEP26,put,2700.0,2026-09-25T08:00:00+00:00,0.0261258559251971,0.126,0.1335,0.130566,0.12975,2402.95,ETH-25SEP26,0.6182,-0.86282,0.85528,529.0,20.0,0.007500000000000007,ETH,2406.44,5002.79
2026-09-15T18:58:50.689055+00:00,ETH-17SEP26-2650-P,2399.18,ETH-17SEP26,put,2650.0,2026-09-17T08:00:00+00:00,0.004223049628140289,0.1015,0.109,0.105557,0.10525,2399.18,ETH-17SEP26,0.9189,-0.94355,0.17763,0.0,0.0,0.007499999999999993,ETH,2407.32,0.0
2026-09-15T18:58:50.689055+00:00,ETH-17SEP26-2420-P,2399.18,ETH-17SEP26,put,2420.0,2026-09-17T08:00:00+00:00,0.004223049628140289,0.021,0.0225,0.021658,0.02175,2399.18,ETH-17SEP26,0.657,-0.53391,0.62182,194.0,383.0,0.0014999999999999979,ETH,2407.32,14689.15
2026-09-15T18:58:50.689055+00:00,ETH-26MAR27-2500-C,2448.16,ETH-26MAR27,call,2500.0,2027-03-26T08:00:00+00:00,0.5244146991832396,0.1475,0.151,0.149521,0.14925,2448.16,ETH-26MAR27,0.5517,0.56198,7.01386,9851.0,0.0,0.003500000000000003,ETH,2407.32,0.0
2026-09-15T18:58:50.689055+00:00,ETH-25SEP26-2300-C,2402.95,ETH-25SEP26,call,2300.0,2026-09-25T08:00:00+00:00,0.0261258559251971,0.06,0.063,0.061484,0.0615,2402.95,ETH-25SEP26,0.5787,0.70956,1.33489,13952.0,188.0,0.0030000000000000027,ETH,2407.32,34940.1
2026-09-15T18:58:50.689055+00:00,ETH-19SEP26-2200-P,2401.22,ETH-19SEP26,put,2200.0,2026-09-19T08:00:00+00:00,0.009698751202404491,0.0035,0.0039,0.003821,0.0037,2401.22,ETH-19SEP26,0.7326,-0.09587,0.40376,236.0,248.0,0.00039999999999999975,ETH,2407.32,2620.06
2026-09-15T18:58:50.689055+00:00,ETH-25SEP26-1400-P,2401.52,ETH-25SEP26,put,1400.0,2026-09-25T08:00:00+00:00,0.0261258559251971,0.0002,0.0004,0.00031,0.0003,2401.52,ETH-25SEP26,1.3263999999999998,-0.00413,0.0475,11560.0,1503.0,0.0002,ETH,2407.32,729.24
2026-09-15T18:58:50.689055+00:00,ETH-26MAR27-1500-P,2448.16,ETH-26MAR27,put,1500.0,2027-03-26T08:00:00+00:00,0.5244146991832396,0.0235,0.026,0.024857,0.02475,2448.16,ETH-26MAR27,0.6253,-0.09406,2.98583,4301.0,223.0,0.0024999999999999988,ETH,2407.32,13103.16
2026-09-15T18:58:50.689055+00:00,ETH-27NOV26-2850-C,2415.92,ETH-27NOV26,call,2850.0,2026-11-27T08:00:00+00:00,0.19861045551451947,0.039,0.041,0.040121,0.04,2415.92,ETH-27NOV26,0.5531,0.29833,3.75199,1156.0,998.0,0.0020000000000000018,ETH,2407.99,114853.41
2026-09-15T18:58:50.689055+00:00,ETH-25SEP26-2550-P,2402.95,ETH-25SEP26,put,2550.0,2026-09-25T08:00:00+00:00,0.0261258559251971,0.074,0.079,0.076638,0.0765,2402.95,ETH-25SEP26,0.5718,-0.71216,1.33014,375.0,167.0,0.0050000000000000044,ETH,2407.99,22904.03
2026-09-15T18:58:50.689055+00:00,ETH-25JUN27-2700-P,2474.81,ETH-25JUN27,put,2700.0,2027-06-25T08:00:00+00:00,0.7735591208122607,0.2485,0.254,0.251382,0.25125,2474.81,ETH-25JUN27,0.5572,-0.46997,8.69541,21.0,0.0,0.005500000000000005,ETH,2407.99,0.0
2026-09-15T18:58:50.689055+00:00,ETH-25JUN27-2900-C,2474.81,ETH-25JUN27,call,2900.0,2027-06-25T08:00:00+00:00,0.7735591208122607,0.133,0.137,0.135234,0.135,2474.81,ETH-25JUN27,0.5582,0.47218,8.69769,362.0,0.0,0.0040000000000000036,ETH,2407.67,0.0
2026-09-15T18:58:50.689055+00:00,ETH-25JUN27-1700-P,2474.81,ETH-25JUN27,put,1700.0,2027-06-25T08:00:00+00:00,0.7735591208122607,0.056,0.059,0.057744,0.0575,2474.81,ETH-25JUN27,0.5887,-0.1608,5.33495,3157.0,0.0,0.0029999999999999957,ETH,2407.67,0.0
2026-09-15T18:58:50.689055+00:00,ETH-16SEP26-2680-P,2398.98,ETH-16SEP26,put,2680.0,2026-09-16T08:00:00+00:00,0.001485198841008188,0.113,0.1205,0.117082,0.11675,2398.98,ETH-16SEP26,1.1970999999999998,-0.99009,0.02449,0.0,0.0,0.007499999999999993,ETH,2407.67,0.0
2026-09-15T18:58:50.689055+00:00,ETH-30OCT26-1200-P,2408.78,ETH-30OCT26,put,1200.0,2026-10-30T08:00:00+00:00,0.12195063347482064,0.0009,0.0012,0.001016,0.00105,2408.78,ETH-30OCT26,0.8991,-0.00853,0.19591,2880.0,100.0,0.0002999999999999999,ETH,2407.67,192.89
2026-09-15T18:58:50.689055+00:00,ETH-18SEP26-2400-P,2399.39,ETH-18SEP26,put,2400.0,2026-09-18T08:00:00+00:00,0.006960900415272391,0.02,0.021,0.020495,0.0205,2399.39,ETH-18SEP26,0.6152000000000001,-0.45978,0.79755,3908.0,1097.0,0.0010000000000000009,ETH,2407.36,30957.86
2026-09-15T18:58:50.689055+00:00,ETH-26MAR27-1500-C,2448.16,ETH-26MAR27,call,1500.0,2027-03-26T08:00:00+00:00,0.5244146991832396,0.406,0.419,0.411924,0.4125,2448.16,ETH-26MAR27,0.6253,0.906,2.98493,241.0,0.0,0.012999999999999956,ETH,2407.67,0.0
2026-09-15T18:58:50.689055+00:00,ETH-30OCT26-2450-P,2408.78,ETH-30OCT26,put,2450.0,2026-10-30T08:00:00+00:00,0.12195063347482064,0.0825,0.0845,0.083624,0.0835,2408.78,ETH-30OCT26,0.5333,-0.49048,3.36959,426.0,194.0,0.0020000000000000018,ETH,2407.36,34550.39
2026-09-15T18:58:50.689055+00:00,ETH-25SEP26-3800-C,2402.95,ETH-25SEP26,call,3800.0,2026-09-25T08:00:00+00:00,0.0261258559251971,0.0002,0.0005,0.000308,0.00035,2402.95,ETH-25SEP26,1.0854000000000001,0.00623,0.06855,5797.0,2.0,0.00030000000000000003,ETH,2407.36,1.55
2026-09-15T18:58:50.689055+00:00,ETH-27NOV26-2600-P,2415.92,ETH-27NOV26,put,2600.0,2026-11-27T08:00:00+00:00,0.19861045551451947,0.1405,0.145,0.142499,0.14275,2415.92,ETH-27NOV26,0.5431,-0.56558,4.25633,167.0,33.0,0.004499999999999976,ETH,2407.36,9535.88
2026-09-15T18:58:50.689055+00:00,ETH-27NOV26-3000-P,2415.92,ETH-27NOV26,put,3000.0,2026-11-27T08:00:00+00:00,0.19861045551451947,0.266,0.276,0.271351,0.271,2415.92,ETH-27NOV26,0.5623,-0.76482,3.32546,10.0,0.0,0.010000000000000009,ETH,2407.36,0.0
2026-09-15T18:58:50.689055+00:00,ETH-16SEP26-2900-P,2400.41,ETH-16SEP26,put,2900.0,2026-09-16T08:00:00+00:00,0.001485198841008188,0.2045,0.2125,0.208715,0.2085,2400.41,ETH-16SEP26,1.808,-0.99582,0.0114,0.0,0.0,0.008000000000000007,ETH,2407.05,0.0
2026-09-15T18:58:50.689055+00:00,ETH-2OCT26-2100-C,2403.38,ETH-2OCT26,call,2100.0,2026-10-02T08:00:00+00:00,0.04529081143512181,0.133,0.139,0.136003,0.136,2403.38,ETH-2OCT26,0.6184000000000001,0.86929,1.09075,15.0,15.0,0.006000000000000005,ETH,2407.05,5007.32
2026-09-15T18:58:50.689055+00:00,ETH-17SEP26-2660-P,2399.18,ETH-17SEP26,put,2660.0,2026-09-17T08:00:00+00:00,0.004223049628140289,0.1055,0.113,0.109633,0.10925,2399.18,ETH-17SEP26,0.9325,-0.94833,0.16559,18.0,0.0,0.007500000000000007,ETH,2407.05,0.0
2026-09-15T18:58:50.689055+00:00,ETH-25SEP26-3300-C,2402.95,ETH-25SEP26,call,3300.0,2026-09-25T08:00:00+00:00,0.0261258559251971,0.0007,0.0009,0.000785,0.0008,2402.95,ETH-25SEP26,0.8874,0.01702,0.16453,20377.0,209.0,0.00019999999999999998,ETH,2407.05,345.84
2026-09-15T18:58:50.689055+00:00,ETH-30OCT26-1950-P,2408.78,ETH-30OCT26,put,1950.0,2026-10-30T08:00:00+00:00,0.12195063347482064,0.0145,0.0155,0.015214,0.015,2408.78,ETH-30OCT26,0.5976,-0.12753,1.76369,1530.0,244.0,0.0009999999999999992,ETH,2407.05,8400.79
2026-09-15T18:58:50.689055+00:00,ETH-18SEP26-2600-C,2399.39,ETH-18SEP26,call,2600.0,2026-09-18T08:00:00+00:00,0.006960900415272391,0.0028,0.0032,0.002958,0.003,2399.39,ETH-18SEP26,0.7411,0.11276,0.38455,4690.0,1432.0,0.0004000000000000002,ETH,2406.51,61614.73
2026-09-15T18:58:50.689055+00:00,ETH-17SEP26-2320-P,2399.18,ETH-17SEP26,put,2320.0,2026-09-17T08:00:00+00:00,0.004223049628140289,0.0055,0.0065,0.00596,0.006,2399.18,ETH-17SEP26,0.7012,-0.19837,0.43566,353.0,557.0,0.001,ETH,2406.51,4313.26
2026-09-15T18:58:50.689055+00:00,ETH-16SEP26-2200-C,2400.41,ETH-16SEP26,call,2200.0,2026-09-16T08:00:00+00:00,0.001485198841008188,0.0805,0.087,0.08348,0.08375,2400.41,ETH-16SEP26,1.1406,0.98002,0.04476,18.0,18.0,0.006499999999999992,ETH,2406.51,3609.63
2026-09-15T18:58:50.689055+00:00,ETH-26MAR27-3300-C,2448.16,ETH-26MAR27,call,3300.0,2027-03-26T08:00:00+00:00,0.5244146991832396,0.0615,0.0635,0.062838,0.0625,2448.16,ETH-26MAR27,0.5615,0.30046,6.19002,2246.0,0.0,0.0020000000000000018,ETH,2406.51,0.0
2026-09-15T18:58:50.689055+00:00,ETH-18SEP26-2500-C,2399.39,ETH-18SEP26,call,2500.0,2026-09-18T08:00:00+00:00,0.006960900415272391,0.007,0.0075,0.007273,0.00725,2399.39,ETH-18SEP26,0.6524,0.25157,0.64023,3649.0,1924.0,0.0004999999999999996,ETH,2405.79,75427.61
2026-09-15T18:58:50.689055+00:00,ETH-25JUN27-4200-P,2474.81,ETH-25JUN27,put,4200.0,2027-06-25T08:00:00+00:00,0.7735591208122607,0.732,0.7605,0.747535,0.74625,2474.81,ETH-25JUN27,0.5770000000000001,-0.78321,6.41151,3.0,0.0,0.02849999999999997,ETH,2405.79,0.0
2026-09-15T18:58:50.689055+00:00,ETH-2OCT26-2000-C,2402.97,ETH-2OCT26,call,2000.0,2026-10-02T08:00:00+00:00,0.04529081143512181,0.1705,0.177,0.173894,0.17375,2402.97,ETH-2OCT26,0.6693000000000001,0.91692,0.78523,0.0,0.0,0.006499999999999978,ETH,2405.79,0.0
2026-09-15T18:58:50.689055+00:00,ETH-19SEP26-2300-P,2401.22,ETH-19SEP26,put,2300.0,2026-09-19T08:00:00+00:00,0.009698751202404491,0.0085,0.009,0.008943,0.00875,2401.22,ETH-19SEP26,0.6324000000000001,-0.21925,0.70076,407.0,425.0,0.0004999999999999987,ETH,2405.79,8408.53
2026-09-15T18:58:50.689055+00:00,ETH-25SEP26-2200-P,2402.95,ETH-25SEP26,put,2200.0,2026-09-25T08:00:00+00:00,0.0261258559251971,0.0095,0.0105,0.010035,0.01,2402.95,ETH-25SEP26,0.6188,-0.16713,0.97513,12471.0,5773.0,0.0010000000000000009,ETH,2405.79,127749.06
2026-09-15T18:58:50.689055+00:00,ETH-25DEC26-1300-C,2424.57,ETH-25DEC26,call,1300.0,2026-12-25T08:00:00+00:00,0.27527027755421835,0.4665,0.474,0.469631,0.47025,2424.57,ETH-25DEC26,0.7297,0.96606,0.96152,50.0,0.0,0.007499999999999951,ETH,2405.79,0.0
2026-09-15T18:58:50.689055+00:00,ETH-27NOV26-2550-C,2415.92,ETH-27NOV26,call,2550.0,2026-11-27T08:00:00+00:00,0.19861045551451947,0.072,0.0745,0.073642,0.07325,2415.92,ETH-27NOV26,0.5422,0.46454,4.29402,340.0,199.0,0.0025000000000000022,ETH,2405.35,44137.68
2026-09-15T18:58:50.689055+00:00,ETH-25SEP26-3200-P,2401.52,ETH-25SEP26,put,3200.0,2026-09-25T08:00:00+00:00,0.0261258559251971,0.3285,0.337,0.333269,0.33275,2401.52,ETH-25SEP26,0.843,-0.97829,0.20216,1323.0,0.0,0.008500000000000008,ETH,2405.35,0.0
2026-09-15T18:58:50.689055+00:00,ETH-26MAR27-3000-C,2448.16,ETH-26MAR27,call,3000.0,2027-03-26T08:00:00+00:00,0.5244146991832396,0.0845,0.0875,0.086435,0.086,2448.16,ETH-26MAR27,0.5557,0.38313,6.78741,6707.0,1.0,0.002999999999999989,ETH,2405.35,220.17
2026-09-15T18:58:50.689055+00:00,ETH-25SEP26-1200-P,2401.52,ETH-25SEP26,put,1200.0,2026-09-25T08:00:00+00:00,0.0261258559251971,,0.0004,0.000134,,2401.52,ETH-25SEP26,1.5349000000000002,-0.00168,0.02103,12434.0,0.0,,ETH,2405.35,0.0
2026-09-15T18:58:50.689055+00:00,ETH-18SEP26-2200-C,2400.82,ETH-18SEP26,call,2200.0,2026-09-18T08:00:00+00:00,0.006960900415272391,0.083,0.0895,0.08615,0.08625,2400.82,ETH-18SEP26,0.7977,0.91772,0.30478,53.0,0.0,0.006499999999999992,ETH,2404.7,0.0
2026-09-15T18:58:50.689055+00:00,ETH-30OCT26-1700-P,2408.78,ETH-30OCT26,put,1700.0,2026-10-30T08:00:00+00:00,0.12195063347482064,0.006,0.0065,0.006354,0.00625,2408.78,ETH-30OCT26,0.6823999999999999,-0.05531,0.94296,1738.0,1.0,0.0004999999999999996,ETH,2404.7,8.82
2026-09-15T18:58:50.689055+00:00,ETH-25DEC26-1900-P,2424.57,ETH-25DEC26,put,1900.0,2026-12-25T08:00:00+00:00,0.27527027755421835,0.0315,0.0335,0.032632,0.0325,2424.57,ETH-25DEC26,0.5832,-0.16911,3.21696,5616.0,279.0,0.0020000000000000018,ETH,2404.7,17033.38
2026-09-15T18:58:50.689055+00:00,ETH-16SEP26-2300-P,2398.98,ETH-16SEP26,put,2300.0,2026-09-16T08:00:00+00:00,0.001485198841008188,0.0009,0.0011,0.001086,0.001,2398.98,ETH-16SEP26,0.7857,-0.06723,0.12033,2520.0,974.0,0.0002000000000000001,ETH,2404.7,2541.25
2026-09-15T18:58:50.689055+00:00,ETH-25SEP26-7200-C,2402.95,ETH-25SEP26,call,7200.0,2026-09-25T08:00:00+00:00,0.0261258559251971,,0.0001,0.0,,2402.95,ETH-25SEP26,1.2119,0.0,0.0,1772.0,0.0,,ETH,2404.7,0.0
2026-09-15T18:58:50.689055+00:00,ETH-25JUN27-3200-C,2474.81,ETH-25JUN27,call,3200.0,2027-06-25T08:00:00+00:00,0.7735591208122607,0.1035,0.107,0.105676,0.10525,2474.81,ETH-25JUN27,0.561,0.39375,8.39575,1380.0,0.0,0.003500000000000003,ETH,2404.26,0.0
2026-09-15T18:58:50.689055+00:00,ETH-27NOV26-3800-P,2415.92,ETH-27NOV26,put,3800.0,2026-11-27T08:00:00+00:00,0.19861045551451947,0.574,0.5865,0.58033,0.58025,2415.92,ETH-27NOV26,0.6281,-0.92888,1.4683,0.0,0.0,0.012500000000000067,ETH,2404.26,0.0
2026-09-15T18:58:50.689055+00:00,ETH-17SEP26-2900-P,2399.18,ETH-17SEP26,put,2900.0,2026-09-17T08:00:00+00:00,0.004223049628140289,0.204,0.2125,0.20876,0.20825,2399.18,ETH-17SEP26,1.2409000000000001,-0.98928,0.04425,0.0,0.0,0.008500000000000008,ETH,2404.26,0.0
2026-09-15T18:58:50.689055+00:00,ETH-19SEP26-2520-C,2399.79,ETH-19SEP26,call,2520.0,2026-09-19T08:00:00+00:00,0.009698751202404491,0.007,0.008,0.007798,0.0075,2399.79,ETH-19SEP26,0.6286999999999999,0.23662,0.73099,490.0,490.0,0.001,ETH,2404.26,11803.52
2026-09-15T18:58:50.689055+00:00,ETH-25SEP26-6600-C,2401.52,ETH-25SEP26,call,6600.0,2026-09-25T08:00:00+00:00,0.0261258559251971,,0.0001,0.0,,2401.52,ETH-25SEP26,1.2118,0.0,1e-05,1986.0,0.0,,ETH,2404.26,0.0
2026-09-15T18:58:50.689055+00:00,ETH-30OCT26-1600-C,2410.21,ETH-30OCT26,call,1600.0,2026-10-30T08:00:00+00:00,0.12195063347482064,0.3375,0.3435,0.340459,0.3405,2410.21,ETH-30OCT26,0.7249,0.96057,0.71873,68.0,0.0,0.006000000000000005,ETH,2404.56,0.0
2026-09-15T18:58:50.689055+00:00,ETH-17SEP26-2380-C,2399.18,ETH-17SEP26,call,2380.0,2026-09-17T08:00:00+00:00,0.004223049628140289,0.0205,0.022,0.02126,0.02125,2399.18,ETH-17SEP26,0.6524,0.61208,0.59861,258.0,241.0,0.0014999999999999979,ETH,2404.56,12510.02
2026-09-15T18:58:50.689055+00:00,ETH-25SEP26-2350-P,2402.95,ETH-25SEP26,put,2350.0,2026-09-25T08:00:00+00:00,0.0261258559251971,0.0255,0.0265,0.026361,0.026,2402.95,ETH-25SEP26,0.5657,-0.37559,1.47728,1331.0,321.0,0.0010000000000000009,ETH,2404.56,18293.68
2026-09-15T18:58:50.689055+00:00,ETH-26MAR27-3100-C,2448.16,ETH-26MAR27,call,3100.0,2027-03-26T08:00:00+00:00,0.5244146991832396,0.076,0.079,0.077578,0.0775,2448.16,ETH-26MAR27,0.5573,0.353,6.60465,2011.0,10.0,0.0030000000000000027,ETH,2404.56,2598.11
2026-09-15T18:58:50.689055+00:00,ETH-19SEP26-2280-C,2401.22,ETH-19SEP26,call,2280.0,2026-09-19T08:00:00+00:00,0.009698751202404491,0.055,0.059,0.057306,0.057,2401.22,ETH-19SEP26,0.6466,0.81316,0.63654,0.0,0.0,0.003999999999999997,ETH,2404.56,0.0
2026-09-15T18:58:50.689055+00:00,ETH-2OCT26-2800-C,2402.97,ETH-2OCT26,call,2800.0,2026-10-02T08:00:00+00:00,0.04529081143512181,0.007,0.008,0.007614,0.0075,2402.97,ETH-2OCT26,0.596,0.13072,1.08947,767.0,168.0,0.001,ETH,2404.53,5801.16
2026-09-15T18:58:50.689055+00:00,ETH-18SEP26-2340-C,2399.39,ETH-18SEP26,call,2340.0,2026-09-18T08:00:00+00:00,0.006960900415272391,0.034,0.037,0.035773,0.0355,2399.39,ETH-18SEP26,0.6383,0.71188,0.68493,0.0,0.0,0.0029999999999999957,ETH,2404.53,0.0
2026-09-15T18:58:50.689055+00:00,ETH-2OCT26-2000-P,2403.38,ETH-2OCT26,put,2000.0,2026-10-02T08:00:00+00:00,0.04529081143512181,0.0055,0.0065,0.006038,0.006,2403.38,ETH-2OCT26,0.6693000000000001,-0.08366,0.78889,126.0,117.0,0.001,ETH,2404.53,1712.97
2026-09-15T18:58:50.689055+00:00,ETH-16SEP26-2320-P,2400.41,ETH-16SEP26,put,2320.0,2026-09-16T08:00:00+00:00,0.001485198841008188,0.0013,0.0015,0.001443,0.0014,2400.41,ETH-16SEP26,0.7145,-0.09213,0.15276,864.0,1411.0,0.0002000000000000001,ETH,2404.53,3639.62
2026-09-15T18:58:50.689055+00:00,ETH-25SEP26-2400-P,2402.95,ETH-25SEP26,put,2400.0,2026-09-25T08:00:00+00:00,0.0261258559251971,0.035,0.036,0.035564,0.0355,2402.95,ETH-25SEP26,0.5567,-0.46613,1.54782,8368.0,1348.0,0.000999999999999994,ETH,2404.53,101325.71
2026-09-15T18:58:50.689055+00:00,ETH-25SEP26-2900-P,2401.52,ETH-25SEP26,put,2900.0,2026-09-25T08:00:00+00:00,0.0261258559251971,0.2055,0.214,0.210016,0.20975,2401.52,ETH-25SEP26,0.7098,-0.9415,0.45476,799.0,0.0,0.008500000000000008,ETH,2404.53,0.0
2026-09-15T18:58:50.689055+00:00,ETH-25JUN27-6000-P,2474.81,ETH-25JUN27,put,6000.0,2027-06-25T08:00:00+00:00,0.7735591208122607,1.4215,1.462,1.4427,1.44175,2474.81,ETH-25JUN27,0.6136,-0.91423,3.41963,1.0,0.0,0.04049999999999998,ETH,2404.42,0.0
2026-09-15T18:58:50.689055+00:00,ETH-25SEP26-15000-C,2401.52,ETH-25SEP26,call,15000.0,2026-09-25T08:00:00+00:00,0.0261258559251971,,0.0001,0.0,,2401.52,ETH-25SEP26,1.8378999999999999,0.0,0.0,2390.0,0.0,,ETH,2404.42,0.0
2026-09-15T18:58:50.689055+00:00,ETH-25SEP26-5600-C,2401.52,ETH-25SEP26,call,5600.0,2026-09-25T08:00:00+00:00,0.0261258559251971,,0.0001,0.0,,2401.52,ETH-25SEP26,1.2118,1e-05,0.00025,8185.0,0.0,,ETH,2404.42,0.0
2026-09-15T18:58:50.689055+00:00,ETH-25JUN27-3100-C,2474.81,ETH-25JUN27,call,3100.0,2027-06-25T08:00:00+00:00,0.7735591208122607,0.1125,0.116,0.114745,0.11425,2474.81,ETH-25JUN27,0.5602,0.41848,8.52556,230.0,1.0,0.003500000000000003,ETH,2404.51,362.04
2026-09-15T18:58:50.689055+00:00,ETH-26MAR27-2700-C,2448.16,ETH-26MAR27,call,2700.0,2027-03-26T08:00:00+00:00,0.5244146991832396,0.118,0.121,0.119858,0.1195,2448.16,ETH-26MAR27,0.5517,0.48431,7.08634,2628.0,623.0,0.0030000000000000027,ETH,2404.51,191281.63
2026-09-15T18:58:50.689055+00:00,ETH-25SEP26-3000-P,2401.52,ETH-25SEP26,put,3000.0,2026-09-25T08:00:00+00:00,0.0261258559251971,0.2465,0.255,0.250878,0.25075,2401.52,ETH-25SEP26,0.7576,-0.95905,0.34202,7497.0,2.0,0.008500000000000008,ETH,2404.51,1114.04
2026-09-15T18:58:50.689055+00:00,ETH-19SEP26-2480-P,2401.22,ETH-19SEP26,put,2480.0,2026-09-19T08:00:00+00:00,0.009698751202404491,0.042,0.0475,0.044567,0.04475,2401.22,ETH-19SEP26,0.6111,-0.68075,0.84673,0.0,0.0,0.005499999999999998,ETH,2404.51,0.0
2026-09-15T18:58:50.689055+00:00,ETH-25DEC26-3600-P,2423.14,ETH-25DEC26,put,3600.0,2026-12-25T08:00:00+00:00,0.27527027755421835,0.496,0.5095,0.502881,0.50275,2423.14,ETH-25DEC26,0.5861999999999999,-0.86969,2.70261,94.0,0.0,0.013499999999999956,ETH,2404.51,0.0
2026-09-15T18:58:50.689055+00:00,ETH-19SEP26-2360-P,2401.22,ETH-19SEP26,put,2360.0,2026-09-19T08:00:00+00:00,0.009698751202404491,0.0155,0.0165,0.016087,0.016,2401.22,ETH-19SEP26,0.6017,-0.358,0.88493,44.0,44.0,0.0010000000000000009,ETH,2404.51,1089.21
2026-09-15T18:58:50.689055+00:00,ETH-19SEP26-2220-C,2399.79,ETH-19SEP26,call,2220.0,2026-09-19T08:00:00+00:00,0.009698751202404491,0.0765,0.0825,0.079438,0.0795,2399.79,ETH-19SEP26,0.7059000000000001,0.88576,0.4579,0.0,0.0,0.006000000000000005,ETH,2404.61,0.0
2026-09-15T18:58:50.689055+00:00,ETH-26MAR27-8000-C,2448.16,ETH-26MAR27,call,8000.0,2027-03-26T08:00:00+00:00,0.5244146991832396,0.0025,0.004,0.003134,0.00325,2448.16,ETH-26MAR27,0.7056999999999999,0.01989,0.85669,0.0,0.0,0.0015,ETH,2404.61,0.0
2026-09-15T18:58:50.689055+00:00,ETH-19SEP26-2640-P,2401.22,ETH-19SEP26,put,2640.0,2026-09-19T08:00:00+00:00,0.009698751202404491,0.099,0.1065,0.103124,0.10275,2401.22,ETH-19SEP26,0.7259,-0.89728,0.42417,5.0,5.0,0.007499999999999993,ETH,2404.61,879.05
2026-09-15T18:58:50.689055+00:00,ETH-25SEP26-5000-C,2402.95,ETH-25SEP26,call,5000.0,2026-09-25T08:00:00+00:00,0.0261258559251971,,0.0002,6e-06,,2402.95,ETH-25SEP26,1.2118,0.00016,0.00235,4595.0,5.0,,ETH,2404.61,1.27
2026-09-15T18:58:50.689055+00:00,ETH-25JUN27-2200-C,2473.38,ETH-25JUN27,call,2200.0,2027-06-25T08:00:00+00:00,0.7735591208122607,0.234,0.2485,0.245123,0.24125,2473.38,ETH-25JUN27,0.5629,0.68808,7.72184,1086.0,0.0,0.014499999999999985,ETH,2405.11,0.0
2026-09-15T18:58:50.689055+00:00,ETH-18SEP26-2000-P,2399.39,ETH-18SEP26,put,2000.0,2026-09-18T08:00:00+00:00,0.006960900415272391,0.0008,0.0011,0.000949,0.00095,2399.39,ETH-18SEP26,1.1462999999999999,-0.02347,0.11126,1722.0,217.0,0.00030000000000000003,ETH,2405.11,182.43
2026-09-15T18:58:50.689055+00:00,ETH-25DEC26-3600-C,2424.57,ETH-25DEC26,call,3600.0,2026-12-25T08:00:00+00:00,0.27527027755421835,0.0165,0.0185,0.017439,0.0175,2424.57,ETH-25DEC26,0.5861999999999999,0.13052,2.70636,2738.0,299.0,0.0019999999999999983,ETH,2405.11,13252.36
2026-09-15T18:58:50.689055+00:00,ETH-25JUN27-900-C,2474.81,ETH-25JUN27,call,900.0,2027-06-25T08:00:00+00:00,0.7735591208122607,0.6405,0.651,0.645233,0.64575,2474.81,ETH-25JUN27,0.7273000000000001,0.9716,1.41932,1.0,0.0,0.010500000000000065,ETH,2405.11,0.0
2026-09-15T18:58:50.689055+00:00,ETH-25DEC26-9000-C,2424.57,ETH-25DEC26,call,9000.0,2026-12-25T08:00:00+00:00,0.27527027755421835,0.0002,0.0008,0.000415,0.0005,2424.57,ETH-25DEC26,0.8537,0.00344,0.13212,2074.0,0.0,0.0006000000000000001,ETH,2405.99,0.0
2026-09-15T18:58:50.689055+00:00,ETH-30OCT26-2350-C,2408.78,ETH-30OCT26,call,2350.0,2026-10-30T08:00:00+00:00,0.12195063347482064,0.084,0.0885,0.086665,0.08625,2408.78,ETH-30OCT26,0.5365,0.59672,3.26943,286.0,40.0,0.00449999999999999,ETH,2405.99,8050.29
2026-09-15T18:58:50.689055+00:00,ETH-25SEP26-2700-C,2401.52,ETH-25SEP26,call,2700.0,2026-09-25T08:00:00+00:00,0.0261258559251971,0.006,0.0065,0.006308,0.00625,2401.52,ETH-25SEP26,0.6182,0.13717,0.85528,11755.0,1435.0,0.0004999999999999996,ETH,2405.99,36569.77
2026-09-15T18:58:50.689055+00:00,ETH-25SEP26-11000-C,2402.95,ETH-25SEP26,call,11000.0,2026-09-25T08:00:00+00:00,0.0261258559251971,,0.0001,0.0,,2402.95,ETH-25SEP26,1.5529,0.0,0.0,3423.0,0.0,,ETH,2405.99,0.0
2026-09-15T18:58:50.689055+00:00,ETH-30OCT26-2750-C,2408.78,ETH-30OCT26,call,2750.0,2026-10-30T08:00:00+00:00,0.12195063347482064,0.0285,0.03,0.029254,0.02925,2408.78,ETH-30OCT26,0.5452,0.28052,2.84525,1443.0,184.0,0.0014999999999999979,ETH,2405.99,15417.14
2026-09-15T18:58:50.689055+00:00,ETH-17SEP26-2340-C,2399.18,ETH-17SEP26,call,2340.0,2026-09-17T08:00:00+00:00,0.004223049628140289,0.0295,0.035,0.032568,0.03225,2399.18,ETH-17SEP26,0.6786,0.75156,0.49524,0.0,0.0,0.005500000000000005,ETH,2406.15,0.0
2026-09-15T18:58:50.689055+00:00,ETH-25JUN27-3700-C,2473.38,ETH-25JUN27,call,3700.0,2027-06-25T08:00:00+00:00,0.7735591208122607,0.0695,0.0725,0.071425,0.071,2473.38,ETH-25JUN27,0.568,0.29146,7.49404,10.0,0.0,0.002999999999999989,ETH,2406.15,0.0
2026-09-15T18:58:50.689055+00:00,ETH-25SEP26-10000-P,2401.52,ETH-25SEP26,put,10000.0,2026-09-25T08:00:00+00:00,0.0261258559251971,3.146,3.1785,3.163336,3.16225,2401.52,ETH-25SEP26,1.4622,-1.0,0.0,759.0,0.0,0.032500000000000195,ETH,2406.15,0.0
2026-09-15T18:58:50.689055+00:00,ETH-25DEC26-2200-C,2424.57,ETH-25DEC26,call,2200.0,2026-12-25T08:00:00+00:00,0.27527027755421835,0.1585,0.168,0.162009,0.16325,2424.57,ETH-25DEC26,0.552,0.68829,4.51373,51403.0,0.0,0.009500000000000008,ETH,2406.15,0.0
2026-09-15T18:58:50.689055+00:00,ETH-26MAR27-2100-P,2448.16,ETH-26MAR27,put,2100.0,2027-03-26T08:00:00+00:00,0.5244146991832396,0.087,0.0905,0.089089,0.08875,2448.16,ETH-26MAR27,0.5615,-0.27822,5.96961,1113.0,0.0,0.003500000000000003,ETH,2406.15,0.0
2026-09-15T18:58:50.689055+00:00,ETH-18SEP26-2800-C,2399.39,ETH-18SEP26,call,2800.0,2026-09-18T08:00:00+00:00,0.006960900415272391,0.0008,0.001,0.000856,0.0009,2399.39,ETH-18SEP26,0.953,0.03047,0.13845,23002.0,3028.0,0.00019999999999999998,ETH,2405.92,22915.09
2026-09-15T18:58:50.689055+00:00,ETH-27NOV26-2850-P,2415.92,ETH-27NOV26,put,2850.0,2026-11-27T08:00:00+00:00,0.19861045551451947,0.2115,0.224,0.219528,0.21775,2415.92,ETH-27NOV26,0.5531,-0.70274,3.74301,52.0,0.0,0.012500000000000011,ETH,2405.92,0.0
2026-09-15T18:58:50.689055+00:00,ETH-25SEP26-2380-C,2402.95,ETH-25SEP26,call,2380.0,2026-09-25T08:00:00+00:00,0.0261258559251971,0.0395,0.041,0.040669,0.04025,2402.95,ETH-25SEP26,0.561,0.57349,1.52798,318.0,292.0,0.0015000000000000013,ETH,2405.92,30398.49
2026-09-15T18:58:50.689055+00:00,ETH-26MAR27-7000-C,2448.16,ETH-26MAR27,call,7000.0,2027-03-26T08:00:00+00:00,0.5244146991832396,0.0039,0.0055,0.004796,0.0047,2448.16,ETH-26MAR27,0.6801,0.02991,1.20741,0.0,0.0,0.0015999999999999999,ETH,2405.92,0.0
2026-09-15T18:58:50.689055+00:00,ETH-16SEP26-2350-P,2398.98,ETH-16SEP26,put,2350.0,2026-09-16T08:00:00+00:00,0.001485198841008188,0.0023,0.0026,0.002538,0.00245,2398.98,ETH-16SEP26,0.6241,-0.1563,0.22164,1071.0,1350.0,0.0002999999999999999,ETH,2405.66,7246.23
2026-09-15T18:58:50.689055+00:00,ETH-25JUN27-2500-C,2473.38,ETH-25JUN27,call,2500.0,2027-06-25T08:00:00+00:00,0.7735591208122607,0.1875,0.1915,0.189679,0.1895,2473.38,ETH-25JUN27,0.5579999999999999,0.59126,8.48334,3232.0,30.0,0.0040000000000000036,ETH,2405.66,14806.26
2026-09-15T18:58:50.689055+00:00,ETH-25DEC26-4000-P,2424.57,ETH-25DEC26,put,4000.0,2026-12-25T08:00:00+00:00,0.27527027755421835,0.653,0.669,0.661051,0.661,2424.57,ETH-25DEC26,0.6136,-0.91748,1.94204,226.0,0.0,0.016000000000000014,ETH,2405.66,0.0
2026-09-15T18:58:50.689055+00:00,ETH-25JUN27-800-P,2474.81,ETH-25JUN27,put,800.0,2027-06-25T08:00:00+00:00,0.7735591208122607,0.0055,0.007,0.006297,0.00625,2474.81,ETH-25JUN27,0.7473000000000001,-0.02022,1.06701,688.0,10.0,0.0015000000000000005,ETH,2405.66,148.61
2026-09-15T18:58:50.689055+00:00,ETH-26MAR27-6000-P,2448.16,ETH-26MAR27,put,6000.0,2027-03-26T08:00:00+00:00,0.5244146991832396,1.4395,1.4755,1.459256,1.4575,2448.16,ETH-26MAR27,0.6448999999999999,-0.95338,1.73437,1.0,0.0,0.03600000000000003,ETH,2405.66,0.0
2026-09-15T18:58:50.689055+00:00,ETH-18SEP26-2600-P,2400.82,ETH-18SEP26,put,2600.0,2026-09-18T08:00:00+00:00,0.006960900415272391,0.0825,0.0895,0.086341,0.086,2400.82,ETH-18SEP26,0.7411,-0.88922,0.3795,1366.0,605.0,0.006999999999999992,ETH,2405.61,49048.99
2026-09-15T18:58:50.689055+00:00,ETH-25SEP26-3100-P,2401.52,ETH-25SEP26,put,3100.0,2026-09-25T08:00:00+00:00,0.0261258559251971,0.287,0.2965,0.292021,0.29175,2401.52,ETH-25SEP26,0.8044,-0.96975,0.2669,3.0,4.0,0.009500000000000008,ETH,2405.61,2614.0
2026-09-15T18:58:50.689055+00:00,ETH-25DEC26-1600-C,2424.57,ETH-25DEC26,call,1600.0,2026-12-25T08:00:00+00:00,0.27527027755421835,0.35,0.3595,0.354115,0.35475,2424.57,ETH-25DEC26,0.643,0.92059,1.88656,620.0,0.0,0.009500000000000008,ETH,2405.61,0.0
2026-09-15T18:58:50.689055+00:00,ETH-17SEP26-2560-P,2399.18,ETH-17SEP26,put,2560.0,2026-09-17T08:00:00+00:00,0.004223049628140289,0.0655,0.073,0.069377,0.06925,2399.18,ETH-17SEP26,0.7864,-0.88353,0.30621,18.0,41.0,0.007499999999999993,ETH,2405.12,4047.91
2026-09-15T18:58:50.689055+00:00,ETH-19SEP26-2640-C,2401.22,ETH-19SEP26,call,2640.0,2026-09-19T08:00:00+00:00,0.009698751202404491,0.003,0.0034,0.003168,0.0032,2401.22,ETH-19SEP26,0.7259,0.10331,0.42606,133.0,133.0,0.00039999999999999975,ETH,2405.12,1484.32
2026-09-15T18:58:50.689055+00:00,ETH-26MAR27-3100-P,2448.16,ETH-26MAR27,put,3100.0,2027-03-26T08:00:00+00:00,0.5244146991832396,0.336,0.354,0.344319,0.345,2448.16,ETH-26MAR27,0.5573,-0.64674,6.60825,99.0,0.0,0.01799999999999996,ETH,2405.12,0.0
2026-09-15T18:58:50.689055+00:00,ETH-30OCT26-4400-C,2408.78,ETH-30OCT26,call,4400.0,2026-10-30T08:00:00+00:00,0.12195063347482064,0.0011,0.0017,0.001338,0.0014,2408.78,ETH-30OCT26,0.7535,0.01598,0.33759,674.0,0.0,0.0005999999999999998,ETH,2405.12,0.0
2026-09-15T18:58:50.689055+00:00,ETH-25JUN27-3400-P,2473.38,ETH-25JUN27,put,3400.0,2027-06-25T08:00:00+00:00,0.7735591208122607,0.4515,0.478,0.464418,0.46475,2473.38,ETH-25JUN27,0.5633,-0.65076,8.08237,20.0,0.0,0.026499999999999968,ETH,2405.12,0.0
2026-09-15T18:58:50.689055+00:00,ETH-16SEP26-2500-C,2400.41,ETH-16SEP26,call,2500.0,2026-09-16T08:00:00+00:00,0.001485198841008188,0.0007,0.0009,0.000754,0.0008,2400.41,ETH-16SEP26,0.6987000000000001,0.07733,0.13401,790.0,1088.0,0.00019999999999999998,ETH,2405.33,17372.39
2026-09-15T18:58:50.689055+00:00,ETH-25SEP26-13000-P,2401.52,ETH-25SEP26,put,13000.0,2026-09-25T08:00:00+00:00,0.0261258559251971,4.39,4.4305,4.412337,4.41025,2401.52,ETH-25SEP26,1.7075,-1.0,0.0,0.0,0.0,0.04050000000000065,ETH,2405.12,0.0
2026-09-15T18:58:50.689055+00:00,ETH-2OCT26-2200-P,2402.97,ETH-2OCT26,put,2200.0,2026-10-02T08:00:00+00:00,0.04529081143512181,0.016,0.0165,0.016371,0.01625,2402.97,ETH-2OCT26,0.5796,-0.20988,1.47871,893.0,848.0,0.0005000000000000004,ETH,2405.33,25386.67
2026-09-15T18:58:50.689055+00:00,ETH-25DEC26-3800-P,2424.57,ETH-25DEC26,put,3800.0,2026-12-25T08:00:00+00:00,0.27527027755421835,0.57,0.589,0.581384,0.5795,2424.57,ETH-25DEC26,0.5995,-0.89689,2.28972,27.0,0.0,0.019000000000000017,ETH,2405.33,0.0
2026-09-15T18:58:50.689055+00:00,ETH-25JUN27-1200-P,2473.38,ETH-25JUN27,put,1200.0,2027-06-25T08:00:00+00:00,0.7735591208122607,0.0185,0.021,0.019918,0.01975,2473.38,ETH-25JUN27,0.6587000000000001,-0.06135,2.6467,572.0,1.0,0.0025000000000000022,ETH,2405.33,40.2
2026-09-15T18:58:50.689055+00:00,ETH-19SEP26-2620-C,2401.22,ETH-19SEP26,call,2620.0,2026-09-19T08:00:00+00:00,0.009698751202404491,0.0034,0.0038,0.00358,0.0036,2401.22,ETH-19SEP26,0.7062999999999999,0.11795,0.46867,169.0,211.0,0.0004000000000000002,ETH,2405.85,2784.9
2026-09-15T18:58:50.689055+00:00,ETH-25SEP26-1300-P,2402.95,ETH-25SEP26,put,1300.0,2026-09-25T08:00:00+00:00,0.0261258559251971,0.0001,0.0002,0.000146,0.00015,2402.95,ETH-25SEP26,1.3802,-0.00201,0.02486,4978.0,5.0,0.0001,ETH,2405.33,1.24
2026-09-15T18:58:50.689055+00:00,ETH-27NOV26-2150-P,2415.92,ETH-27NOV26,put,2150.0,2026-11-27T08:00:00+00:00,0.19861045551451947,0.047,0.049,0.048328,0.048,2415.92,ETH-27NOV26,0.5571,-0.27171,3.5845,64.0,52.0,0.0020000000000000018,ETH,2405.85,4422.34
2026-09-15T18:58:50.689055+00:00,ETH-19SEP26-2320-C,2401.22,ETH-19SEP26,call,2320.0,2026-09-19T08:00:00+00:00,0.009698751202404491,0.0415,0.0465,0.044237,0.044,2401.22,ETH-19SEP26,0.6196,0.74164,0.76673,0.0,0.0,0.0049999999999999975,ETH,2405.85,0.0
2026-09-15T18:58:50.689055+00:00,ETH-25SEP26-1400-C,2401.52,ETH-25SEP26,call,1400.0,2026-09-25T08:00:00+00:00,0.0261258559251971,0.415,0.42,0.417443,0.4175,2401.52,ETH-25SEP26,1.3263999999999998,0.99581,0.04812,1553.0,0.0,0.0050000000000000044,ETH,2405.85,0.0
2026-09-15T18:58:50.689055+00:00,ETH-27NOV26-3300-C,2415.92,ETH-27NOV26,call,3300.0,2026-11-27T08:00:00+00:00,0.19861045551451947,0.0165,0.018,0.017139,0.01725,2415.92,ETH-27NOV26,0.5846,0.14589,2.47333,94.0,59.0,0.0014999999999999979,ETH,2405.85,2913.54
2026-09-15T18:58:50.689055+00:00,ETH-26MAR27-5500-C,2446.73,ETH-26MAR27,call,5500.0,2027-03-26T08:00:00+00:00,0.5244146991832396,0.009,0.011,0.010188,0.01,2446.73,ETH-26MAR27,0.6297,0.06174,2.16677,2975.0,0.0,0.002,ETH,2405.37,0.0
2026-09-15T18:58:50.689055+00:00,ETH-25SEP26-3600-P,2401.52,ETH-25SEP26,put,3600.0,2026-09-25T08:00:00+00:00,0.0261258559251971,0.494,0.504,0.499223,0.499,2401.52,ETH-25SEP26,1.0086,-0.99122,0.09269,779.0,0.0,0.010000000000000009,ETH,2405.37,0.0
2026-09-15T18:58:50.689055+00:00,ETH-2OCT26-3200-C,2402.97,ETH-2OCT26,call,3200.0,2026-10-02T08:00:00+00:00,0.04529081143512181,0.0019,0.0024,0.00216,0.00215,2402.97,ETH-2OCT26,0.7223,0.03813,0.42537,655.0,260.0,0.0004999999999999998,ETH,2405.37,2884.99
2026-09-15T18:58:50.689055+00:00,ETH-25SEP26-1300-C,2402.95,ETH-25SEP26,call,1300.0,2026-09-25T08:00:00+00:00,0.0261258559251971,0.457,0.4615,0.458913,0.45925,2402.95,ETH-25SEP26,1.3802,0.99799,0.02485,68.0,0.0,0.004500000000000004,ETH,2405.37,0.0
2026-09-15T18:58:50.689055+00:00,ETH-25DEC26-1600-P,2423.14,ETH-25DEC26,put,1600.0,2026-12-25T08:00:00+00:00,0.27527027755421835,0.0135,0.015,0.014311,0.01425,2423.14,ETH-25DEC26,0.643,-0.07945,1.88701,8343.0,0.0,0.0014999999999999996,ETH,2405.47,0.0
2026-09-15T18:58:50.689055+00:00,ETH-30OCT26-2050-P,2410.21,ETH-30OCT26,put,2050.0,2026-10-30T08:00:00+00:00,0.12195063347482064,0.0215,0.0225,0.022008,0.022,2410.21,ETH-30OCT26,0.5744,-0.17795,2.19957,1311.0,1225.0,0.0010000000000000009,ETH,2405.47,62865.61
2026-09-15T18:58:50.689055+00:00,ETH-25DEC26-11000-C,2424.57,ETH-25DEC26,call,11000.0,2026-12-25T08:00:00+00:00,0.27527027755421835,0.0001,0.0003,0.000241,0.0002,2424.57,ETH-25DEC26,0.9209999999999999,0.0019,0.0774,2175.0,0.0,0.00019999999999999998,ETH,2405.47,0.0
2026-09-15T18:58:50.689055+00:00,ETH-19SEP26-2320-P,2401.22,ETH-19SEP26,put,2320.0,2026-09-19T08:00:00+00:00,0.009698751202404491,0.01,0.011,0.010851,0.0105,2401.22,ETH-19SEP26,0.6196,-0.25913,0.7678,387.0,392.0,0.0009999999999999992,ETH,2405.47,9843.89
2026-09-15T18:58:50.689055+00:00,ETH-25JUN27-1000-C,2474.81,ETH-25JUN27,call,1000.0,2027-06-25T08:00:00+00:00,0.7735591208122607,0.6025,0.6135,0.607557,0.608,2474.81,ETH-25JUN27,0.6992,0.96287,1.77115,114.0,0.0,0.01100000000000001,ETH,2405.49,0.0
2026-09-15T18:58:50.689055+00:00,ETH-25JUN27-2300-P,2474.81,ETH-25JUN27,put,2300.0,2027-06-25T08:00:00+00:00,0.7735591208122607,0.1525,0.1565,0.154897,0.1545,2474.81,ETH-25JUN27,0.5608,-0.3442,8.03867,905.0,149.0,0.0040000000000000036,ETH,2405.49,53971.57
2026-09-15T18:58:50.689055+00:00,ETH-17SEP26-2760-P,2399.18,ETH-17SEP26,put,2760.0,2026-09-17T08:00:00+00:00,0.004223049628140289,0.146,0.1545,0.150791,0.15025,2399.18,ETH-17SEP26,1.0808,-0.97306,0.09726,0.0,0.0,0.008500000000000008,ETH,2405.49,0.0
2026-09-15T18:58:50.689055+00:00,ETH-19SEP26-2420-P,2401.22,ETH-19SEP26,put,2420.0,2026-09-19T08:00:00+00:00,0.009698751202404491,0.027,0.0285,0.028078,0.02775,2401.22,ETH-19SEP26,0.5987,-0.52173,0.94458,45.0,45.0,0.0015000000000000013,ETH,2405.49,3090.31
2026-09-15T18:58:50.689055+00:00,ETH-25SEP26-2380-P,2401.52,ETH-25SEP26,put,2380.0,2026-09-25T08:00:00+00:00,0.0261258559251971,0.031,0.032,0.031628,0.0315,2401.52,ETH-25SEP26,0.561,-0.42714,1.52821,1303.0,733.0,0.0010000000000000009,ETH,2405.49,47209.71
2026-09-15T18:58:50.689055+00:00,ETH-19SEP26-2540-P,2401.22,ETH-19SEP26,put,2540.0,2026-09-19T08:00:00+00:00,0.009698751202404491,0.0615,0.068,0.064743,0.06475,2401.22,ETH-19SEP26,0.6378,-0.79453,0.67466,0.0,0.0,0.006500000000000006,ETH,2405.56,0.0
2026-09-15T18:58:50.689055+00:00,ETH-30OCT26-2400-P,2410.21,ETH-30OCT26,put,2400.0,2026-10-30T08:00:00+00:00,0.12195063347482064,0.071,0.073,0.072198,0.072,2410.21,ETH-30OCT26,0.5334,-0.44774,3.33964,4547.0,259.0,0.0020000000000000018,ETH,2405.56,41089.66
2026-09-15T18:58:50.689055+00:00,ETH-27NOV26-3200-P,2415.92,ETH-27NOV26,put,3200.0,2026-11-27T08:00:00+00:00,0.19861045551451947,0.339,0.35,0.344739,0.3445,2415.92,ETH-27NOV26,0.5767,-0.82952,2.73989,0.0,0.0,0.010999999999999954,ETH,2405.56,0.0
2026-09-15T18:58:50.689055+00:00,ETH-18SEP26-2350-C,2399.39,ETH-18SEP26,call,2350.0,2026-09-18T08:00:00+00:00,0.006960900415272391,0.031,0.034,0.032803,0.0325,2399.39,ETH-18SEP26,0.6309,0.68907,0.70935,448.0,213.0,0.0030000000000000027,ETH,2405.84,17247.33
2026-09-15T18:58:50.689055+00:00,ETH-19SEP26-2580-C,2401.22,ETH-19SEP26,call,2580.0,2026-09-19T08:00:00+00:00,0.009698751202404491,0.0045,0.0049,0.004767,0.0047,2401.22,ETH-19SEP26,0.6723,0.15485,0.56476,95.0,205.0,0.0004000000000000002,ETH,2405.84,3492.51
2026-09-15T18:58:50.689055+00:00,ETH-25JUN27-3200-P,2474.81,ETH-25JUN27,put,3200.0,2027-06-25T08:00:00+00:00,0.7735591208122607,0.387,0.4105,0.399248,0.39875,2474.81,ETH-25JUN27,0.561,-0.60565,8.4057,38.0,19.0,0.023499999999999965,ETH,2405.84,17301.7
2026-09-15T18:58:50.689055+00:00,ETH-27NOV26-4600-C,2415.92,ETH-27NOV26,call,4600.0,2026-11-27T08:00:00+00:00,0.19861045551451947,0.0024,0.0034,0.002967,0.0029,2415.92,ETH-27NOV26,0.6969,0.02825,0.69963,865.0,0.0,0.001,ETH,2405.84,0.0
2026-09-15T18:58:50.689055+00:00,ETH-25SEP26-9000-C,2401.52,ETH-25SEP26,call,9000.0,2026-09-25T08:00:00+00:00,0.0261258559251971,,0.0001,0.0,,2401.52,ETH-25SEP26,1.3622999999999998,0.0,0.0,2096.0,0.0,,ETH,2405.84,0.0
2026-09-15T18:58:50.689055+00:00,ETH-25JUN27-2100-C,2474.81,ETH-25JUN27,call,2100.0,2027-06-25T08:00:00+00:00,0.7735591208122607,0.2645,0.2695,0.266775,0.267,2474.81,ETH-25JUN27,0.5658,0.72071,7.34288,160.0,0.0,0.0050000000000000044,ETH,2405.84,0.0
2026-09-15T18:58:50.689055+00:00,ETH-30OCT26-1950-C,2408.78,ETH-30OCT26,call,1950.0,2026-10-30T08:00:00+00:00,0.12195063347482064,0.2025,0.2105,0.205807,0.2065,2408.78,ETH-30OCT26,0.5976,0.87204,1.76701,744.0,0.0,0.00799999999999998,ETH,2407.06,0.0
2026-09-15T18:58:50.689055+00:00,ETH-30OCT26-2650-P,2408.78,ETH-30OCT26,put,2650.0,2026-10-30T08:00:00+00:00,0.12195063347482064,0.135,0.142,0.138561,0.1385,2408.78,ETH-30OCT26,0.5389,-0.65302,3.1181,532.0,0.0,0.0069999999999999785,ETH,2407.06,0.0
2026-09-15T18:58:50.689055+00:00,ETH-26MAR27-3200-C,2448.16,ETH-26MAR27,call,3200.0,2027-03-26T08:00:00+00:00,0.5244146991832396,0.068,0.071,0.069803,0.0695,2448.16,ETH-26MAR27,0.5594,0.3264,6.4165,5058.0,1.0,0.002999999999999989,ETH,2407.06,173.72
2026-09-15T18:58:50.689055+00:00,ETH-30OCT26-4200-P,2410.21,ETH-30OCT26,put,4200.0,2026-10-30T08:00:00+00:00,0.12195063347482064,0.7375,0.7525,0.745088,0.745,2410.21,ETH-30OCT26,0.731,-0.97924,0.4224,0.0,0.0,0.014999999999999902,ETH,2407.62,0.0
2026-09-15T18:58:50.689055+00:00,ETH-25DEC26-3800-C,2424.57,ETH-25DEC26,call,3800.0,2026-12-25T08:00:00+00:00,0.27527027755421835,0.0125,0.014,0.013416,0.01325,2424.57,ETH-25DEC26,0.5995,0.10366,2.30087,4667.0,1111.0,0.0014999999999999996,ETH,2407.62,37590.99
2026-09-15T18:58:50.689055+00:00,ETH-25SEP26-4800-C,2402.95,ETH-25SEP26,call,4800.0,2026-09-25T08:00:00+00:00,0.0261258559251971,,0.0002,1.4e-05,,2402.95,ETH-25SEP26,1.2118,0.00035,0.00497,2689.0,5.0,,ETH,2407.62,1.27
2026-09-15T18:58:50.689055+00:00,ETH-26MAR27-2400-C,2448.16,ETH-26MAR27,call,2400.0,2027-03-26T08:00:00+00:00,0.5244146991832396,0.165,0.17,0.166983,0.1675,2448.16,ETH-26MAR27,0.5527000000000001,0.6022,6.86716,2362.0,0.0,0.0050000000000000044,ETH,2407.62,0.0
2026-09-15T18:58:50.689055+00:00,ETH-26MAR27-4000-P,2448.16,ETH-26MAR27,put,4000.0,2027-03-26T08:00:00+00:00,0.5244146991832396,0.651,0.6765,0.66622,0.66375,2448.16,ETH-26MAR27,0.5807,-0.82858,4.52866,0.0,0.0,0.025499999999999967,ETH,2407.62,0.0
2026-09-15T18:58:50.689055+00:00,ETH-27NOV26-2550-P,2415.92,ETH-27NOV26,put,2550.0,2026-11-27T08:00:00+00:00,0.19861045551451947,0.1275,0.1305,0.1289,0.129,2415.92,ETH-27NOV26,0.5422,-0.5337,4.30027,114.0,0.0,0.0030000000000000027,ETH,2407.62,0.0
2026-09-15T18:58:50.689055+00:00,ETH-25SEP26-4000-C,2401.52,ETH-25SEP26,call,4000.0,2026-09-25T08:00:00+00:00,0.0261258559251971,0.0001,0.0004,0.000208,0.00025,2401.52,ETH-25SEP26,1.1437,0.00413,0.04751,20099.0,5.0,0.00030000000000000003,ETH,2407.62,2.52
2026-09-15T18:58:50.689055+00:00,ETH-25SEP26-2100-C,2402.95,ETH-25SEP26,call,2100.0,2026-09-25T08:00:00+00:00,0.0261258559251971,0.128,0.134,0.131149,0.131,2402.95,ETH-25SEP26,0.6822,0.90507,0.65871,5620.0,35.0,0.006000000000000005,ETH,2407.76,13423.0
2026-09-15T18:58:50.689055+00:00,ETH-25DEC26-2500-P,2424.57,ETH-25DEC26,put,2500.0,2026-12-25T08:00:00+00:00,0.27527027755421835,0.13,0.1325,0.131421,0.13125,2424.57,ETH-25DEC26,0.5418999999999999,-0.48107,5.08993,1863.0,52.0,0.0025000000000000022,ETH,2407.76,15311.14
2026-09-15T18:58:50.689055+00:00,ETH-18SEP26-2420-P,2400.82,ETH-18SEP26,put,2420.0,2026-09-18T08:00:00+00:00,0.006960900415272391,0.0245,0.0255,0.025153,0.025,2400.82,ETH-18SEP26,0.6193,-0.52279,0.80046,225.0,276.0,0.0009999999999999974,ETH,2407.51,9996.97
2026-09-15T18:58:50.689055+00:00,ETH-2OCT26-2300-P,2403.0,ETH-2OCT26,put,2300.0,2026-10-02T08:00:00+00:00,0.04529081143512181,0.027,0.028,0.027735,0.0275,2403.0,ETH-2OCT26,0.5549000000000001,-0.31988,1.83689,1158.0,406.0,0.0010000000000000009,ETH,2407.51,16760.31
2026-09-15T18:58:50.689055+00:00,ETH-2OCT26-2700-C,2403.0,ETH-2OCT26,call,2700.0,2026-10-02T08:00:00+00:00,0.04529081143512181,0.011,0.012,0.011587,0.0115,2403.0,ETH-2OCT26,0.5705,0.19334,1.40919,1225.0,344.0,0.0010000000000000009,ETH,2407.51,14800.56
2026-09-15T18:58:50.689055+00:00,ETH-26MAR27-4600-P,2448.16,ETH-26MAR27,put,4600.0,2027-03-26T08:00:00+00:00,0.5244146991832396,0.8835,0.911,0.898849,0.89725,2448.16,ETH-26MAR27,0.6003000000000001,-0.8898,3.35131,0.0,0.0,0.02750000000000008,ETH,2407.51,0.0
2026-09-15T18:58:50.689055+00:00,ETH-26MAR27-3700-P,2448.16,ETH-26MAR27,put,3700.0,2027-03-26T08:00:00+00:00,0.5244146991832396,0.54,0.563,0.553923,0.5515,2448.16,ETH-26MAR27,0.5718,-0.78278,5.23203,0.0,0.0,0.02299999999999991,ETH,2407.51,0.0
2026-09-15T18:58:50.689055+00:00,ETH-17SEP26-2580-P,2399.18,ETH-17SEP26,put,2580.0,2026-09-17T08:00:00+00:00,0.004223049628140289,0.073,0.081,0.07727,0.077,2399.18,ETH-17SEP26,0.8134,-0.90168,0.27118,0.0,0.0,0.008000000000000007,ETH,2407.17,0.0
2026-09-15T18:58:50.689055+00:00,ETH-18SEP26-2570-P,2399.39,ETH-18SEP26,put,2570.0,2026-09-18T08:00:00+00:00,0.006960900415272391,0.0705,0.0775,0.074635,0.074,2399.39,ETH-18SEP26,0.7097,-0.85751,0.45263,290.0,0.0,0.007000000000000006,ETH,2407.17,0.0
2026-09-15T18:58:50.689055+00:00,ETH-26MAR27-2200-P,2448.16,ETH-26MAR27,put,2200.0,2027-03-26T08:00:00+00:00,0.5244146991832396,0.1045,0.108,0.106604,0.10625,2448.16,ETH-26MAR27,0.5574,-0.31726,6.34157,1734.0,223.0,0.003500000000000003,ETH,2407.17,55732.91
2026-09-15T18:58:50.689055+00:00,ETH-25DEC26-1700-C,2424.57,ETH-25DEC26,call,1700.0,2026-12-25T08:00:00+00:00,0.27527027755421835,0.3135,0.3235,0.3174,0.3185,2424.57,ETH-25DEC26,0.6194,0.89721,2.28641,365.0,0.0,0.010000000000000009,ETH,2407.17,0.0
2026-09-15T18:58:50.689055+00:00,ETH-30OCT26-2850-P,2408.78,ETH-30OCT26,put,2850.0,2026-10-30T08:00:00+00:00,0.12195063347482064,0.201,0.2095,0.205299,0.20525,2408.78,ETH-30OCT26,0.5539000000000001,-0.77336,2.54497,0.0,0.0,0.00849999999999998,ETH,2407.17,0.0
2026-09-15T18:58:50.689055+00:00,ETH-17SEP26-2250-C,2399.18,ETH-17SEP26,call,2250.0,2026-09-17T08:00:00+00:00,0.004223049628140289,0.062,0.069,0.065046,0.0655,2399.18,ETH-17SEP26,0.805,0.90911,0.25592,18.0,18.0,0.007000000000000006,ETH,2407.25,3177.92
2026-09-15T18:58:50.689055+00:00,ETH-25SEP26-6000-C,2402.95,ETH-25SEP26,call,6000.0,2026-09-25T08:00:00+00:00,0.0261258559251971,,0.0001,0.0,,2402.95,ETH-25SEP26,1.2118,0.0,6e-05,3711.0,0.0,,ETH,2407.17,0.0
2026-09-15T18:58:50.689055+00:00,ETH-17SEP26-2360-C,2399.19,ETH-17SEP26,call,2360.0,2026-09-17T08:00:00+00:00,0.004223049628140289,0.024,0.0285,0.026492,0.02625,2399.19,ETH-17SEP26,0.6605,0.69687,0.5465,1.0,1.0,0.0045000000000000005,ETH,2407.25,51.06
2026-09-15T18:58:50.689055+00:00,ETH-30OCT26-4400-P,2410.21,ETH-30OCT26,put,4400.0,2026-10-30T08:00:00+00:00,0.12195063347482064,0.82,0.835,0.827693,0.8275,2410.21,ETH-30OCT26,0.7535,-0.98387,0.34057,0.0,0.0,0.015000000000000013,ETH,2407.25,0.0
2026-09-15T18:58:50.689055+00:00,ETH-25DEC26-3200-P,2423.14,ETH-25DEC26,put,3200.0,2026-12-25T08:00:00+00:00,0.27527027755421835,0.3425,0.3585,0.35185,0.3505,2423.14,ETH-25DEC26,0.5632,-0.7824,3.75727,261.0,0.0,0.01599999999999996,ETH,2407.25,0.0
2026-09-15T18:58:50.689055+00:00,ETH-25SEP26-5400-C,2401.52,ETH-25SEP26,call,5400.0,2026-09-25T08:00:00+00:00,0.0261258559251971,,0.0001,1e-06,,2401.52,ETH-25SEP26,1.2118,3e-05,0.00055,1738.0,0.0,,ETH,2407.25,0.0
2026-09-15T18:58:50.689055+00:00,ETH-25DEC26-10000-C,2424.57,ETH-25DEC26,call,10000.0,2026-12-25T08:00:00+00:00,0.27527027755421835,0.0002,0.0006,0.000349,0.0004,2424.57,ETH-25DEC26,0.8981999999999999,0.0028,0.10992,1743.0,0.0,0.00039999999999999996,ETH,2407.5,0.0
2026-09-15T18:58:50.689055+00:00,ETH-25JUN27-2800-C,2474.81,ETH-25JUN27,call,2800.0,2027-06-25T08:00:00+00:00,0.7735591208122607,0.145,0.149,0.147032,0.147,2474.81,ETH-25JUN27,0.5576,0.50049,8.71906,1251.0,14.0,0.0040000000000000036,ETH,2407.5,5167.14
2026-09-15T18:58:50.689055+00:00,ETH-25SEP26-4800-P,2401.52,ETH-25SEP26,put,4800.0,2026-09-25T08:00:00+00:00,0.0261258559251971,0.9915,1.005,0.998415,0.99825,2401.52,ETH-25SEP26,1.2118,-0.99965,0.00497,110.0,0.0,0.013499999999999845,ETH,2407.5,0.0
2026-09-15T18:58:50.689055+00:00,ETH-18SEP26-2350-P,2399.39,ETH-18SEP26,put,2350.0,2026-09-18T08:00:00+00:00,0.006960900415272391,0.0115,0.0125,0.012015,0.012,2399.39,ETH-18SEP26,0.6309,-0.3067,0.70556,4600.0,1908.0,0.0010000000000000009,ETH,2407.0,29536.74
2026-09-15T18:58:50.689055+00:00,ETH-25DEC26-5500-P,2424.57,ETH-25DEC26,put,5500.0,2026-12-25T08:00:00+00:00,0.27527027755421835,1.2615,1.2845,1.272136,1.273,2424.57,ETH-25DEC26,0.71,-0.97757,0.68111,0.0,0.0,0.02299999999999991,ETH,2407.0,0.0
2026-09-15T18:58:50.689055+00:00,ETH-30OCT26-2350-P,2410.21,ETH-30OCT26,put,2350.0,2026-10-30T08:00:00+00:00,0.12195063347482064,0.0615,0.0625,0.062105,0.062,2410.21,ETH-30OCT26,0.5365,-0.40215,3.26886,722.0,42.0,0.0010000000000000009,ETH,2407.0,6396.14
2026-09-15T18:58:50.689055+00:00,ETH-2OCT26-2650-P,2403.38,ETH-2OCT26,put,2650.0,2026-10-02T08:00:00+00:00,0.04529081143512181,0.1135,0.1205,0.117237,0.117,2403.38,ETH-2OCT26,0.5619,-0.76614,1.5745,120.0,0.0,0.006999999999999992,ETH,2407.0,0.0
2026-09-15T18:58:50.689055+00:00,ETH-25SEP26-4200-C,2402.95,ETH-25SEP26,call,4200.0,2026-09-25T08:00:00+00:00,0.0261258559251971,0.0001,0.0003,0.000164,0.0002,2402.95,ETH-25SEP26,1.2117,0.00328,0.03869,2993.0,10.0,0.00019999999999999998,ETH,2407.0,5.21
2026-09-15T18:58:50.689055+00:00,ETH-30OCT26-2700-P,2408.78,ETH-30OCT26,put,2700.0,2026-10-30T08:00:00+00:00,0.12195063347482064,0.1475,0.158,0.154293,0.15275,2408.78,ETH-30OCT26,0.5416,-0.68685,2.99395,167.0,40.0,0.01050000000000001,ETH,2407.08,9945.72
2026-09-15T18:58:50.689055+00:00,ETH-25JUN27-2800-P,2474.81,ETH-25JUN27,put,2800.0,2027-06-25T08:00:00+00:00,0.7735591208122607,0.2755,0.2835,0.279034,0.2795,2474.81,ETH-25JUN27,0.5576,-0.49969,8.71717,816.0,0.0,0.007999999999999952,ETH,2407.08,0.0
2026-09-15T18:58:50.689055+00:00,ETH-27NOV26-2650-C,2415.92,ETH-27NOV26,call,2650.0,2026-11-27T08:00:00+00:00,0.19861045551451947,0.0585,0.061,0.06015,0.05975,2415.92,ETH-27NOV26,0.5446,0.4041,4.18932,343.0,2.0,0.0024999999999999953,ETH,2407.08,341.77
2026-09-15T18:58:50.689055+00:00,ETH-25JUN27-2600-C,2474.81,ETH-25JUN27,call,2600.0,2027-06-25T08:00:00+00:00,0.7735591208122607,0.172,0.176,0.174209,0.174,2474.81,ETH-25JUN27,0.5576,0.56034,8.61726,345.0,2.0,0.0040000000000000036,ETH,2407.08,975.95
2026-09-15T18:58:50.689055+00:00,ETH-2OCT26-2400-P,2403.0,ETH-2OCT26,put,2400.0,2026-10-02T08:00:00+00:00,0.04529081143512181,0.0445,0.046,0.045213,0.04525,2403.0,ETH-2OCT26,0.5412,-0.4584,2.038,803.0,623.0,0.0015000000000000013,ETH,2407.06,57559.1
2026-09-15T18:58:50.689055+00:00,ETH-2OCT26-2100-P,2403.38,ETH-2OCT26,put,2100.0,2026-10-02T08:00:00+00:00,0.04529081143512181,0.0095,0.01,0.009754,0.00975,2403.38,ETH-2OCT26,0.6184000000000001,-0.13071,1.09068,236.0,233.0,0.0005000000000000004,ETH,2407.06,5625.25
2026-09-15T18:58:50.689055+00:00,ETH-25JUN27-1300-P,2474.81,ETH-25JUN27,put,1300.0,2027-06-25T08:00:00+00:00,0.7735591208122607,0.0235,0.026,0.025042,0.02475,2474.81,ETH-25JUN27,0.6397999999999999,-0.07616,3.12957,1685.0,2.0,0.0024999999999999988,ETH,2407.06,111.16
2026-09-15T18:58:50.689055+00:00,ETH-26MAR27-5500-P,2448.16,ETH-26MAR27,put,5500.0,2027-03-26T08:00:00+00:00,0.5244146991832396,1.2385,1.2725,1.257609,1.2555,2448.16,ETH-26MAR27,0.6297,-0.93812,2.17166,0.0,0.0,0.03400000000000003,ETH,2407.06,0.0
2026-09-15T18:58:50.689055+00:00,ETH-26MAR27-1400-C,2448.16,ETH-26MAR27,call,1400.0,2027-03-26T08:00:00+00:00,0.5244146991832396,0.442,0.4545,0.447569,0.44825,2448.16,ETH-26MAR27,0.6448,0.92473,2.52613,31.0,0.0,0.012500000000000011,ETH,2407.06,0.0
2026-09-15T18:58:50.689055+00:00,ETH-18SEP26-2520-P,2399.39,ETH-18SEP26,put,2520.0,2026-09-18T08:00:00+00:00,0.006960900415272391,0.052,0.059,0.056002,0.0555,2399.39,ETH-18SEP26,0.6666,-0.78408,0.58858,136.0,0.0,0.006999999999999999,ETH,2406.82,0.0
2026-09-15T18:58:50.689055+00:00,ETH-25JUN27-2400-P,2473.38,ETH-25JUN27,put,2400.0,2027-06-25T08:00:00+00:00,0.7735591208122607,0.1745,0.179,0.176936,0.17675,2473.38,ETH-25JUN27,0.5594,-0.37618,8.29378,38.0,0.0,0.004500000000000004,ETH,2406.82,0.0
2026-09-15T18:58:50.689055+00:00,ETH-25SEP26-1950-C,2401.52,ETH-25SEP26,call,1950.0,2026-09-25T08:00:00+00:00,0.0261258559251971,0.188,0.194,0.190969,0.191,2401.52,ETH-25SEP26,0.8116,0.95416,0.37504,3685.0,0.0,0.006000000000000005,ETH,2407.06,0.0
2026-09-15T18:58:50.689055+00:00,ETH-27NOV26-1600-C,2415.92,ETH-27NOV26,call,1600.0,2026-11-27T08:00:00+00:00,0.19861045551451947,0.3435,0.35,0.347058,0.34675,2415.92,ETH-27NOV26,0.6690999999999999,0.93885,1.30753,0.0,0.0,0.00649999999999995,ETH,2406.82,0.0
2026-09-15T18:58:50.689055+00:00,ETH-26MAR27-1600-P,2448.16,ETH-26MAR27,put,1600.0,2027-03-26T08:00:00+00:00,0.5244146991832396,0.03,0.0325,0.031294,0.03125,2448.16,ETH-26MAR27,0.6084,-0.11636,3.48297,3087.0,888.0,0.0025000000000000022,ETH,2406.82,65932.26
2026-09-15T18:58:50.689055+00:00,ETH-25JUN27-3800-C,2474.81,ETH-25JUN27,call,3800.0,2027-06-25T08:00:00+00:00,0.7735591208122607,0.0645,0.0675,0.066203,0.066,2474.81,ETH-25JUN27,0.5695,0.27458,7.28463,436.0,0.0,0.0030000000000000027,ETH,2406.82,0.0
2026-09-15T18:58:50.689055+00:00,ETH-27NOV26-2800-C,2417.35,ETH-27NOV26,call,2800.0,2026-11-27T08:00:00+00:00,0.19861045551451947,0.043,0.045,0.044375,0.044,2417.35,ETH-27NOV26,0.5507,0.32194,3.8769,257.0,94.0,0.0020000000000000018,ETH,2406.82,11905.93
2026-09-15T18:58:50.689055+00:00,ETH-30OCT26-1500-C,2410.21,ETH-30OCT26,call,1500.0,2026-10-30T08:00:00+00:00,0.12195063347482064,0.3775,0.3835,0.380663,0.3805,2410.21,ETH-30OCT26,0.7687999999999999,0.97222,0.53926,50.0,0.0,0.006000000000000005,ETH,2406.72,0.0
2026-09-15T18:58:50.689055+00:00,ETH-17SEP26-2600-P,2399.18,ETH-17SEP26,put,2600.0,2026-09-17T08:00:00+00:00,0.004223049628140289,0.081,0.0885,0.085298,0.08475,2399.18,ETH-17SEP26,0.8453,-0.91696,0.23918,20.0,20.0,0.007499999999999993,ETH,2406.72,2273.14
2026-09-15T18:58:50.689055+00:00,ETH-25DEC26-2500-C,2424.57,ETH-25DEC26,call,2500.0,2026-12-25T08:00:00+00:00,0.27527027755421835,0.0985,0.101,0.099764,0.09975,2424.57,ETH-25DEC26,0.5418999999999999,0.51832,5.08808,29508.0,1231.0,0.0025000000000000022,ETH,2406.72,335929.82
2026-09-15T18:58:50.689055+00:00,ETH-30OCT26-2800-C,2408.78,ETH-30OCT26,call,2800.0,2026-10-30T08:00:00+00:00,0.12195063347482064,0.025,0.026,0.025512,0.0255,2408.78,ETH-30OCT26,0.5490999999999999,0.25224,2.69746,4044.0,105.0,0.0009999999999999974,ETH,2406.72,8047.26
2026-09-15T18:58:50.689055+00:00,ETH-26MAR27-2400-P,2448.16,ETH-26MAR27,put,2400.0,2027-03-26T08:00:00+00:00,0.5244146991832396,0.1455,0.1495,0.147676,0.1475,2448.16,ETH-26MAR27,0.5527000000000001,-0.39818,6.8662,523.0,1.0,0.0040000000000000036,ETH,2406.72,356.59
2026-09-15T18:58:50.689055+00:00,ETH-16SEP26-2720-C,2400.41,ETH-16SEP26,call,2720.0,2026-09-16T08:00:00+00:00,0.001485198841008188,,0.0002,8.5e-05,,2400.41,ETH-16SEP26,1.2711,0.00693,0.01787,813.0,652.0,,ETH,2407.46,2883.77
2026-09-15T18:58:50.689055+00:00,ETH-19SEP26-2280-P,2401.22,ETH-19SEP26,put,2280.0,2026-09-19T08:00:00+00:00,0.009698751202404491,0.007,0.0075,0.007375,0.00725,2401.22,ETH-19SEP26,0.6466,-0.18103,0.62498,279.0,306.0,0.0004999999999999996,ETH,2407.46,6711.67
2026-09-15T18:58:50.689055+00:00,ETH-27NOV26-2350-P,2415.92,ETH-27NOV26,put,2350.0,2026-11-27T08:00:00+00:00,0.19861045551451947,0.0805,0.083,0.08195,0.08175,2415.92,ETH-27NOV26,0.5434,-0.4001,4.17917,173.0,19.0,0.0025000000000000022,ETH,2407.46,3885.74
2026-09-15T18:58:50.689055+00:00,ETH-25DEC26-6000-P,2424.57,ETH-25DEC26,put,6000.0,2026-12-25T08:00:00+00:00,0.27527027755421835,1.466,1.4895,1.477662,1.47775,2424.57,ETH-25DEC26,0.7367,-0.98409,0.50871,100.0,0.0,0.023500000000000076,ETH,2407.46,0.0
2026-09-15T18:58:50.689055+00:00,ETH-26MAR27-1700-C,2448.16,ETH-26MAR27,call,1700.0,2027-03-26T08:00:00+00:00,0.5244146991832396,0.3375,0.3525,0.344624,0.345,2448.16,ETH-26MAR27,0.5949,0.85781,4.00358,1250.0,2.0,0.014999999999999958,ETH,2407.46,1806.23
2026-09-15T18:58:50.689055+00:00,ETH-25JUN27-1000-P,2474.81,ETH-25JUN27,put,1000.0,2027-06-25T08:00:00+00:00,0.7735591208122607,0.011,0.0125,0.011798,0.01175,2474.81,ETH-25JUN27,0.6992,-0.03699,1.76754,4800.0,2.0,0.0015000000000000013,ETH,2408.25,56.56
2026-09-15T18:58:50.689055+00:00,ETH-18SEP26-2380-C,2399.39,ETH-18SEP26,call,2380.0,2026-09-18T08:00:00+00:00,0.006960900415272391,0.024,0.0255,0.024852,0.02475,2399.39,ETH-18SEP26,0.6168,0.60824,0.77233,44.0,44.0,0.0014999999999999979,ETH,2408.25,3017.22
2026-09-15T18:58:50.689055+00:00,ETH-27NOV26-2400-P,2415.92,ETH-27NOV26,put,2400.0,2026-11-27T08:00:00+00:00,0.19861045551451947,0.091,0.0935,0.092335,0.09225,2415.92,ETH-27NOV26,0.5413,-0.43361,4.25671,1561.0,260.0,0.0025000000000000022,ETH,2408.25,50169.08
2026-09-15T18:58:50.689055+00:00,ETH-25SEP26-2000-P,2402.95,ETH-25SEP26,put,2000.0,2026-09-25T08:00:00+00:00,0.0261258559251971,0.0032,0.0034,0.003406,0.0033,2402.95,ETH-25SEP26,0.7622,-0.05648,0.44294,21046.0,4078.0,0.00019999999999999966,ETH,2408.25,33140.9
2026-09-15T18:58:50.689055+00:00,ETH-30OCT26-2550-P,2410.21,ETH-30OCT26,put,2550.0,2026-10-30T08:00:00+00:00,0.12195063347482064,0.1075,0.111,0.109371,0.10925,2410.21,ETH-30OCT26,0.5351,-0.57415,3.31398,910.0,209.0,0.003500000000000003,ETH,2408.11,45449.88
2026-09-15T18:58:50.689055+00:00,ETH-18SEP26-2440-C,2400.82,ETH-18SEP26,call,2440.0,2026-09-18T08:00:00+00:00,0.006960900415272391,0.013,0.014,0.013732,0.0135,2400.82,ETH-18SEP26,0.6271,0.41687,0.78451,54.0,84.0,0.0010000000000000009,ETH,2408.11,4693.08
2026-09-15T18:58:50.689055+00:00,ETH-25DEC26-1400-P,2424.57,ETH-25DEC26,put,1400.0,2026-12-25T08:00:00+00:00,0.27527027755421835,0.0075,0.009,0.008134,0.00825,2424.57,ETH-25DEC26,0.6987000000000001,-0.0454,1.21962,13705.0,0.0,0.0014999999999999996,ETH,2408.11,0.0
2026-09-15T18:58:50.689055+00:00,ETH-16SEP26-2800-C,2400.41,ETH-16SEP26,call,2800.0,2026-09-16T08:00:00+00:00,0.001485198841008188,,0.0001,8.1e-05,,2400.41,ETH-16SEP26,1.5191,0.00554,0.01466,2981.0,3020.0,,ETH,2408.11,2027.22
2026-09-15T18:58:50.689055+00:00,ETH-30OCT26-2000-C,2410.21,ETH-30OCT26,call,2000.0,2026-10-30T08:00:00+00:00,0.12195063347482064,0.1845,0.1915,0.188119,0.188,2410.21,ETH-30OCT26,0.5851,0.84999,1.97094,758.0,6.0,0.007000000000000006,ETH,2407.95,3071.44
2026-09-15T18:58:50.689055+00:00,ETH-27NOV26-2700-P,2415.92,ETH-27NOV26,put,2700.0,2026-11-27T08:00:00+00:00,0.19861045551451947,0.1685,0.1755,0.171699,0.172,2415.92,ETH-27NOV26,0.5465,-0.6241,4.10575,384.0,27.0,0.0069999999999999785,ETH,2407.95,9107.19
2026-09-15T18:58:50.689055+00:00,ETH-25SEP26-1800-P,2401.52,ETH-25SEP26,put,1800.0,2026-09-25T08:00:00+00:00,0.0261258559251971,0.0014,0.0017,0.001579,0.00155,2401.52,ETH-25SEP26,0.9529000000000001,-0.02399,0.22016,11926.0,84.0,0.0002999999999999999,ETH,2407.95,139.38
2026-09-15T18:58:50.689055+00:00,ETH-25DEC26-9000-P,2424.57,ETH-25DEC26,put,9000.0,2026-12-25T08:00:00+00:00,0.27527027755421835,2.6915,2.733,2.714022,2.71225,2424.57,ETH-25DEC26,0.8537,-0.99654,0.13279,0.0,0.0,0.04150000000000009,ETH,2407.95,0.0
2026-09-15T18:58:50.689055+00:00,ETH-25JUN27-3600-C,2474.81,ETH-25JUN27,call,3600.0,2027-06-25T08:00:00+00:00,0.7735591208122607,0.075,0.0785,0.076991,0.07675,2474.81,ETH-25JUN27,0.5663,0.31013,7.71406,207.0,2.0,0.003500000000000003,ETH,2407.95,444.62
2026-09-15T18:58:50.689055+00:00,ETH-25JUN27-4800-C,2474.81,ETH-25JUN27,call,4800.0,2027-06-25T08:00:00+00:00,0.7735591208122607,0.0315,0.0345,0.033576,0.033,2474.81,ETH-25JUN27,0.5891,0.15601,5.23561,143.0,0.0,0.0030000000000000027,ETH,2409.94,0.0
2026-09-15T18:58:50.689055+00:00,ETH-25JUN27-4000-P,2474.81,ETH-25JUN27,put,4000.0,2027-06-25T08:00:00+00:00,0.7735591208122607,0.6595,0.686,0.674487,0.67275,2474.81,ETH-25JUN27,0.5742,-0.75469,6.88232,2.0,0.0,0.02650000000000008,ETH,2409.94,0.0
2026-09-15T18:58:50.689055+00:00,ETH-25DEC26-4600-C,2424.57,ETH-25DEC26,call,4600.0,2026-12-25T08:00:00+00:00,0.27527027755421835,0.005,0.006,0.005601,0.0055,2424.57,ETH-25DEC26,0.6534,0.046,1.23342,11174.0,11.0,0.001,ETH,2409.94,190.17
2026-09-15T18:58:50.689055+00:00,ETH-25DEC26-10000-P,2424.57,ETH-25DEC26,put,10000.0,2026-12-25T08:00:00+00:00,0.27527027755421835,3.0935,3.148,3.126579,3.12075,2424.57,ETH-25DEC26,0.8981999999999999,-0.99718,0.1107,0.0,0.0,0.05449999999999999,ETH,2409.94,0.0
2026-09-15T18:58:50.689055+00:00,ETH-17SEP26-2320-C,2399.18,ETH-17SEP26,call,2320.0,2026-09-17T08:00:00+00:00,0.004223049628140289,0.036,0.0415,0.039176,0.03875,2399.18,ETH-17SEP26,0.7012,0.81284,0.42109,18.0,18.0,0.005500000000000005,ETH,2409.94,2801.71
2026-09-15T18:58:50.689055+00:00,ETH-26MAR27-3200-P,2448.16,ETH-26MAR27,put,3200.0,2027-03-26T08:00:00+00:00,0.5244146991832396,0.3655,0.387,0.377393,0.37625,2448.16,ETH-26MAR27,0.5594,-0.67255,6.43241,20.0,0.0,0.02150000000000002,ETH,2409.94,0.0
2026-09-15T18:58:50.689055+00:00,ETH-26MAR27-2600-C,2448.16,ETH-26MAR27,call,2600.0,2027-03-26T08:00:00+00:00,0.5244146991832396,0.132,0.136,0.133944,0.134,2448.16,ETH-26MAR27,0.5516,0.52501,7.09973,3223.0,0.0,0.0040000000000000036,ETH,2411.92,0.0
2026-09-15T18:58:50.689055+00:00,ETH-25SEP26-2500-C,2402.95,ETH-25SEP26,call,2500.0,2026-09-25T08:00:00+00:00,0.0261258559251971,0.0195,0.0205,0.020194,0.02,2402.95,ETH-25SEP26,0.5638000000000001,0.37019,1.47509,23373.0,2897.0,0.0010000000000000009,ETH,2411.92,180276.11
2026-09-15T18:58:50.689055+00:00,ETH-25JUN27-3300-P,2474.81,ETH-25JUN27,put,3300.0,2027-06-25T08:00:00+00:00,0.7735591208122607,0.4175,0.444,0.431451,0.43075,2474.81,ETH-25JUN27,0.562,-0.62694,8.28885,59.0,0.0,0.026500000000000024,ETH,2411.92,0.0
2026-09-15T18:58:50.689055+00:00,ETH-18SEP26-2300-P,2400.82,ETH-18SEP26,put,2300.0,2026-09-18T08:00:00+00:00,0.006960900415272391,0.0065,0.0075,0.007008,0.007,2400.82,ETH-18SEP26,0.6685,-0.18268,0.53317,5201.0,1246.0,0.001,ETH,2412.06,19131.23
2026-09-15T18:58:50.689055+00:00,ETH-25JUN27-1700-C,2473.38,ETH-25JUN27,call,1700.0,2027-06-25T08:00:00+00:00,0.7735591208122607,0.362,0.381,0.370534,0.3715,2473.38,ETH-25JUN27,0.5887,0.84004,5.32625,676.0,0.0,0.019000000000000017,ETH,2412.06,0.0
2026-09-15T18:58:50.689055+00:00,ETH-25SEP26-2360-C,2401.52,ETH-25SEP26,call,2360.0,2026-09-25T08:00:00+00:00,0.0261258559251971,0.0445,0.046,0.045431,0.04525,2401.52,ETH-25SEP26,0.5638000000000001,0.6169,1.48972,311.0,66.0,0.0015000000000000013,ETH,2411.92,6359.09
2026-09-15T18:58:50.689055+00:00,ETH-25SEP26-2600-P,2401.52,ETH-25SEP26,put,2600.0,2026-09-25T08:00:00+00:00,0.0261258559251971,0.0895,0.0965,0.09342,0.093,2401.52,ETH-25SEP26,0.5829,-0.76945,1.18763,9466.0,81.0,0.007000000000000006,ETH,2412.06,16612.84
2026-09-15T18:58:50.689055+00:00,ETH-27NOV26-2450-C,2415.92,ETH-27NOV26,call,2450.0,2026-11-27T08:00:00+00:00,0.19861045551451947,0.0885,0.091,0.089854,0.08975,2415.92,ETH-27NOV26,0.5409,0.53499,4.30647,249.0,125.0,0.0025000000000000022,ETH,2412.06,33321.76
2026-09-15T18:58:50.689055+00:00,ETH-19SEP26-2540-C,2401.22,ETH-19SEP26,call,2540.0,2026-09-19T08:00:00+00:00,0.009698751202404491,0.006,0.007,0.006467,0.0065,2401.22,ETH-19SEP26,0.6378,0.21719,0.69875,526.0,710.0,0.001,ETH,2412.06,12979.2
2026-09-15T18:58:50.689055+00:00,ETH-30OCT26-3800-C,2408.78,ETH-30OCT26,call,3800.0,2026-10-30T08:00:00+00:00,0.12195063347482064,0.0027,0.0033,0.003064,0.003,2408.78,ETH-30OCT26,0.6778,0.03715,0.68689,1523.0,10.0,0.0005999999999999998,ETH,2412.35,105.39
2026-09-15T18:58:50.689055+00:00,ETH-16SEP26-2620-P,2400.41,ETH-16SEP26,put,2620.0,2026-09-16T08:00:00+00:00,0.001485198841008188,0.088,0.0955,0.0921,0.09175,2400.41,ETH-16SEP26,1.0026000000000002,-0.98502,0.03506,44.0,44.0,0.007500000000000007,ETH,2412.35,2179.35
2026-09-15T18:58:50.689055+00:00,ETH-25SEP26-2420-P,2402.95,ETH-25SEP26,put,2420.0,2026-09-25T08:00:00+00:00,0.0261258559251971,0.039,0.0405,0.04003,0.03975,2402.95,ETH-25SEP26,0.5571,-0.48847,1.55783,5745.0,120.0,0.0015000000000000013,ETH,2412.35,9150.86
2026-09-15T18:58:50.689055+00:00,ETH-25DEC26-8000-C,2423.14,ETH-25DEC26,call,8000.0,2026-12-25T08:00:00+00:00,0.27527027755421835,0.0003,0.001,0.000627,0.00065,2423.14,ETH-25DEC26,0.8190999999999999,0.00523,0.19249,2948.0,7.0,0.0007000000000000001,ETH,2412.35,15.13
2026-09-15T18:58:50.689055+00:00,ETH-25JUN27-1600-P,2474.81,ETH-25JUN27,put,1600.0,2027-06-25T08:00:00+00:00,0.7735591208122607,0.046,0.049,0.047481,0.0475,2474.81,ETH-25JUN27,0.5984,-0.13512,4.75763,1982.0,0.0,0.0030000000000000027,ETH,2412.67,0.0
2026-09-15T18:58:50.689055+00:00,ETH-2OCT26-2200-C,2402.97,ETH-2OCT26,call,2200.0,2026-10-02T08:00:00+00:00,0.04529081143512181,0.098,0.104,0.101013,0.101,2402.97,ETH-2OCT26,0.5796,0.79686,1.45459,0.0,0.0,0.0059999999999999915,ETH,2412.67,0.0
2026-09-15T18:58:50.689055+00:00,ETH-16SEP26-2560-P,2400.41,ETH-16SEP26,put,2560.0,2026-09-16T08:00:00+00:00,0.001485198841008188,0.063,0.071,0.06721,0.067,2400.41,ETH-16SEP26,0.8362,-0.96901,0.0648,969.0,980.0,0.007999999999999993,ETH,2412.67,32269.72
2026-09-15T18:58:50.689055+00:00,ETH-19SEP26-2600-C,2401.22,ETH-19SEP26,call,2600.0,2026-09-19T08:00:00+00:00,0.009698751202404491,0.0038,0.0042,0.00408,0.004,2401.22,ETH-19SEP26,0.6862999999999999,0.14199,0.53436,245.0,245.0,0.00039999999999999975,ETH,2412.67,3795.66
2026-09-15T18:58:50.689055+00:00,ETH-2OCT26-2500-P,2402.97,ETH-2OCT26,put,2500.0,2026-10-02T08:00:00+00:00,0.04529081143512181,0.0685,0.0715,0.069847,0.07,2402.97,ETH-2OCT26,0.5432,-0.59191,1.99854,446.0,58.0,0.002999999999999989,ETH,2412.67,8455.76
2026-09-15T18:58:50.689055+00:00,ETH-18SEP26-2300-C,2399.39,ETH-18SEP26,call,2300.0,2026-09-18T08:00:00+00:00,0.006960900415272391,0.0465,0.05,0.048631,0.04825,2399.39,ETH-18SEP26,0.6685,0.81775,0.53247,80.0,0.0,0.003500000000000003,ETH,2413.07,0.0
2026-09-15T18:58:50.689055+00:00,ETH-25SEP26-2550-C,2401.52,ETH-25SEP26,call,2550.0,2026-09-25T08:00:00+00:00,0.0261258559251971,0.014,0.015,0.014867,0.0145,2401.52,ETH-25SEP26,0.5719,0.29439,1.34673,2053.0,971.0,0.0009999999999999992,ETH,2412.67,45385.55
2026-09-15T18:58:50.689055+00:00,ETH-30OCT26-1900-C,2408.78,ETH-30OCT26,call,1900.0,2026-10-30T08:00:00+00:00,0.12195063347482064,0.2205,0.2285,0.224014,0.2245,2408.78,ETH-30OCT26,0.6114,0.89419,1.54828,275.0,0.0,0.008000000000000007,ETH,2413.07,0.0
2026-09-15T18:58:50.689055+00:00,ETH-2OCT26-2250-P,2402.97,ETH-2OCT26,put,2250.0,2026-10-02T08:00:00+00:00,0.04529081143512181,0.0205,0.022,0.021378,0.02125,2402.97,ETH-2OCT26,0.5659000000000001,-0.25432,1.6508,0.0,0.0,0.0014999999999999979,ETH,2413.07,0.0
2026-09-15T18:58:50.689055+00:00,ETH-25DEC26-3100-P,2423.14,ETH-25DEC26,put,3100.0,2026-12-25T08:00:00+00:00,0.27527027755421835,0.3065,0.3225,0.316001,0.3145,2423.14,ETH-25DEC26,0.5584,-0.74981,4.06824,0.0,0.0,0.016000000000000014,ETH,2413.07,0.0
2026-09-15T18:58:50.689055+00:00,ETH-25DEC26-6500-C,2423.14,ETH-25DEC26,call,6500.0,2026-12-25T08:00:00+00:00,0.27527027755421835,0.0009,0.0018,0.001387,0.00135,2423.14,ETH-25DEC26,0.7593000000000001,0.01173,0.39199,1903.0,0.0,0.0009,ETH,2413.07,0.0
2026-09-15T18:58:50.689055+00:00,ETH-26MAR27-3800-C,2448.16,ETH-26MAR27,call,3800.0,2027-03-26T08:00:00+00:00,0.5244146991832396,0.037,0.039,0.038183,0.038,2448.16,ETH-26MAR27,0.5746,0.20189,5.02213,1402.0,25.0,0.0020000000000000018,ETH,2413.25,3210.22
2026-09-15T18:58:50.689055+00:00,ETH-25SEP26-1500-P,2401.52,ETH-25SEP26,put,1500.0,2026-09-25T08:00:00+00:00,0.0261258559251971,0.0004,0.0006,0.000491,0.0005,2401.52,ETH-25SEP26,1.2368000000000001,-0.00632,0.06957,16585.0,67.0,0.00019999999999999993,ETH,2413.25,29.09
2026-09-15T18:58:50.689055+00:00,ETH-16SEP26-2420-C,2400.41,ETH-16SEP26,call,2420.0,2026-09-16T08:00:00+00:00,0.001485198841008188,0.0047,0.0055,0.004986,0.0051,2400.41,ETH-16SEP26,0.5584,0.46272,0.36829,357.0,342.0,0.0007999999999999995,ETH,2413.25,7125.27
2026-09-15T18:58:50.689055+00:00,ETH-19SEP26-2680-C,2401.22,ETH-19SEP26,call,2680.0,2026-09-19T08:00:00+00:00,0.009698751202404491,0.0023,0.0027,0.002464,0.0025,2401.22,ETH-19SEP26,0.7611,0.08651,0.37498,65.0,65.0,0.0004000000000000002,ETH,2413.25,631.39
2026-09-15T18:58:50.689055+00:00,ETH-25DEC26-2400-P,2423.14,ETH-25DEC26,put,2400.0,2026-12-25T08:00:00+00:00,0.27527027755421835,0.1065,0.109,0.107946,0.10775,2423.14,ETH-25DEC26,0.5428999999999999,-0.42127,5.00651,4916.0,52.0,0.0025000000000000022,ETH,2413.25,11221.89
2026-09-15T18:58:50.689055+00:00,ETH-25SEP26-1950-P,2402.95,ETH-25SEP26,put,1950.0,2026-09-25T08:00:00+00:00,0.0261258559251971,0.0026,0.003,0.002819,0.0028,2402.95,ETH-25SEP26,0.8116,-0.04425,0.36538,4189.0,502.0,0.0004000000000000002,ETH,2413.25,3622.89
2026-09-15T18:58:50.689055+00:00,ETH-30OCT26-3200-P,2410.21,ETH-30OCT26,put,3200.0,2026-10-30T08:00:00+00:00,0.12195063347482064,0.3325,0.3425,0.337779,0.3375,2410.21,ETH-30OCT26,0.5964,-0.89069,1.58532,5.0,0.0,0.010000000000000009,ETH,2413.23,0.0
2026-09-15T18:58:50.689055+00:00,ETH-30OCT26-1400-P,2410.21,ETH-30OCT26,put,1400.0,2026-10-30T08:00:00+00:00,0.12195063347482064,0.0019,0.0027,0.002345,0.0023,2410.21,ETH-30OCT26,0.8153,-0.01916,0.3954,3418.0,1.0,0.0008000000000000001,ETH,2413.23,2.8
2026-09-15T18:58:50.689055+00:00,ETH-26MAR27-2300-P,2448.16,ETH-26MAR27,put,2300.0,2027-03-26T08:00:00+00:00,0.5244146991832396,0.124,0.1275,0.126134,0.12575,2448.16,ETH-26MAR27,0.5545,-0.35547,6.64372,1689.0,0.0,0.003500000000000003,ETH,2413.23,0.0
2026-09-15T18:58:50.689055+00:00,ETH-26MAR27-1700-P,2448.16,ETH-26MAR27,put,1700.0,2027-03-26T08:00:00+00:00,0.5244146991832396,0.0375,0.0405,0.039289,0.039,2448.16,ETH-26MAR27,0.5949,-0.14111,3.99148,1270.0,666.0,0.0030000000000000027,ETH,2413.23,61346.62
2026-09-15T18:58:50.689055+00:00,ETH-27NOV26-3100-P,2415.92,ETH-27NOV26,put,3100.0,2026-11-27T08:00:00+00:00,0.19861045551451947,0.302,0.3125,0.307538,0.30725,2415.92,ETH-27NOV26,0.5692,-0.79723,3.05963,0.0,0.0,0.01050000000000001,ETH,2413.29,0.0
2026-09-15T18:58:50.689055+00:00,ETH-18SEP26-2420-C,2400.82,ETH-18SEP26,call,2420.0,2026-09-18T08:00:00+00:00,0.006960900415272391,0.0165,0.0175,0.016774,0.017,2400.82,ETH-18SEP26,0.6193,0.49359,0.80326,40.0,40.0,0.0010000000000000009,ETH,2413.23,1925.98
2026-09-15T18:58:50.689055+00:00,ETH-17SEP26-2440-C,2399.18,ETH-17SEP26,call,2440.0,2026-09-17T08:00:00+00:00,0.004223049628140289,0.01,0.011,0.010341,0.0105,2399.18,ETH-17SEP26,0.6684,0.41101,0.60974,202.0,242.0,0.0009999999999999992,ETH,2413.23,10551.96
2026-09-15T18:58:50.689055+00:00,ETH-25SEP26-12000-C,2401.52,ETH-25SEP26,call,12000.0,2026-09-25T08:00:00+00:00,0.0261258559251971,,0.0001,0.0,,2401.52,ETH-25SEP26,1.6338,0.0,0.0,1953.0,0.0,,ETH,2413.29,0.0
2026-09-15T18:58:50.689055+00:00,ETH-25JUN27-2900-P,2473.38,ETH-25JUN27,put,2900.0,2027-06-25T08:00:00+00:00,0.7735591208122607,0.304,0.3195,0.307534,0.31175,2473.38,ETH-25JUN27,0.5582,-0.52614,8.71831,284.0,0.0,0.015500000000000014,ETH,2413.2,0.0
2026-09-15T18:58:50.689055+00:00,ETH-30OCT26-2150-C,2408.78,ETH-30OCT26,call,2150.0,2026-10-30T08:00:00+00:00,0.12195063347482064,0.1355,0.144,0.139231,0.13975,2408.78,ETH-30OCT26,0.5567,0.76304,2.61433,1035.0,5.0,0.00849999999999998,ETH,2413.2,2451.01
2026-09-15T18:58:50.689055+00:00,ETH-25JUN27-4800-P,2474.81,ETH-25JUN27,put,4800.0,2027-06-25T08:00:00+00:00,0.7735591208122607,0.957,0.9895,0.973935,0.97325,2474.81,ETH-25JUN27,0.5891,-0.84355,5.25055,0.0,0.0,0.032500000000000084,ETH,2413.2,0.0
2026-09-15T18:58:50.689055+00:00,ETH-25SEP26-2350-C,2401.52,ETH-25SEP26,call,2350.0,2026-09-25T08:00:00+00:00,0.0261258559251971,0.0465,0.049,0.047916,0.04775,2401.52,ETH-25SEP26,0.5658,0.63846,1.46384,18.0,0.0,0.0025000000000000022,ETH,2413.2,0.0
2026-09-15T18:58:50.689055+00:00,ETH-26MAR27-4200-P,2448.16,ETH-26MAR27,put,4200.0,2027-03-26T08:00:00+00:00,0.5244146991832396,0.728,0.755,0.742799,0.7415,2448.16,ETH-26MAR27,0.5869,-0.85193,4.1227,1.0,0.0,0.027000000000000024,ETH,2413.2,0.0
2026-09-15T18:58:50.689055+00:00,ETH-25SEP26-5800-C,2401.52,ETH-25SEP26,call,5800.0,2026-09-25T08:00:00+00:00,0.0261258559251971,,0.0001,0.0,,2401.52,ETH-25SEP26,1.2118,1e-05,0.00013,5889.0,0.0,,ETH,2413.2,0.0
2026-09-15T18:58:50.689055+00:00,ETH-25DEC26-1900-C,2424.57,ETH-25DEC26,call,1900.0,2026-12-25T08:00:00+00:00,0.27527027755421835,0.2445,0.2555,0.248648,0.25,2424.57,ETH-25DEC26,0.5832,0.83363,3.19393,3839.0,0.0,0.01100000000000001,ETH,2413.33,0.0
2026-09-15T18:58:50.689055+00:00,ETH-30OCT26-2450-C,2410.21,ETH-30OCT26,call,2450.0,2026-10-30T08:00:00+00:00,0.12195063347482064,0.066,0.0675,0.066676,0.06675,2410.21,ETH-30OCT26,0.5333,0.51448,3.3762,792.0,66.0,0.0015000000000000013,ETH,2413.33,10948.26
2026-09-15T18:58:50.689055+00:00,ETH-16SEP26-2460-P,2400.41,ETH-16SEP26,put,2460.0,2026-09-16T08:00:00+00:00,0.001485198841008188,0.023,0.03,0.027125,0.0265,2400.41,ETH-16SEP26,0.6224000000000001,-0.78699,0.26943,1546.0,811.0,0.006999999999999999,ETH,2413.33,11406.73
2026-09-15T18:58:50.689055+00:00,ETH-16SEP26-2640-P,2400.41,ETH-16SEP26,put,2640.0,2026-09-16T08:00:00+00:00,0.001485198841008188,0.0965,0.104,0.100421,0.10025,2400.41,ETH-16SEP26,1.0634000000000001,-0.98679,0.03147,50.0,50.0,0.007499999999999993,ETH,2413.4,3089.84
2026-09-15T18:58:50.689055+00:00,ETH-17SEP26-2350-P,2399.18,ETH-17SEP26,put,2350.0,2026-09-17T08:00:00+00:00,0.004223049628140289,0.008,0.009,0.008766,0.0085,2399.18,ETH-17SEP26,0.6696,-0.25707,0.50547,228.0,241.0,0.0009999999999999992,ETH,2413.33,3455.26
2026-09-15T18:58:50.689055+00:00,ETH-16SEP26-2600-P,2400.41,ETH-16SEP26,put,2600.0,2026-09-16T08:00:00+00:00,0.001485198841008188,0.0795,0.0875,0.083795,0.0835,2400.41,ETH-16SEP26,0.9488,-0.98164,0.04174,0.0,100.0,0.007999999999999993,ETH,2413.4,4044.47
2026-09-15T18:58:50.689055+00:00,ETH-26MAR27-1000-P,2448.16,ETH-26MAR27,put,1000.0,2027-03-26T08:00:00+00:00,0.5244146991832396,0.006,0.0075,0.006955,0.00675,2448.16,ETH-26MAR27,0.7486,-0.02658,1.09733,7308.0,0.0,0.0014999999999999996,ETH,2413.4,0.0
2026-09-15T18:58:50.689055+00:00,ETH-25JUN27-3500-P,2474.81,ETH-25JUN27,put,3500.0,2027-06-25T08:00:00+00:00,0.7735591208122607,0.485,0.5115,0.497994,0.49825,2474.81,ETH-25JUN27,0.5645,-0.66937,7.93716,678.0,0.0,0.026499999999999968,ETH,2413.4,0.0
2026-09-15T18:58:50.689055+00:00,ETH-18SEP26-2340-P,2399.39,ETH-18SEP26,put,2340.0,2026-09-18T08:00:00+00:00,0.006960900415272391,0.01,0.0115,0.010818,0.01075,2399.39,ETH-18SEP26,0.6383,-0.26717,0.66227,0.0,0.0,0.0014999999999999996,ETH,2413.4,0.0
2026-09-15T18:58:50.689055+00:00,ETH-30OCT26-1750-C,2408.78,ETH-30OCT26,call,1750.0,2026-10-30T08:00:00+00:00,0.12195063347482064,0.2775,0.2845,0.281149,0.281,2408.78,ETH-30OCT26,0.6634,0.93633,1.05655,102.0,0.0,0.006999999999999951,ETH,2413.39,0.0
2026-09-15T18:58:50.689055+00:00,ETH-25SEP26-2850-C,2402.95,ETH-25SEP26,call,2850.0,2026-09-25T08:00:00+00:00,0.0261258559251971,0.003,0.0033,0.00317,0.00315,2402.95,ETH-25SEP26,0.6846,0.07386,0.54663,3327.0,511.0,0.0002999999999999999,ETH,2413.4,5600.65
2026-09-15T18:58:50.689055+00:00,ETH-2OCT26-2550-C,2403.0,ETH-2OCT26,call,2550.0,2026-10-02T08:00:00+00:00,0.04529081143512181,0.023,0.024,0.023407,0.0235,2403.0,ETH-2OCT26,0.5473,0.34439,1.89527,320.0,85.0,0.0010000000000000009,ETH,2413.4,5204.61
2026-09-15T18:58:50.689055+00:00,ETH-30OCT26-1750-P,2410.21,ETH-30OCT26,put,1750.0,2026-10-30T08:00:00+00:00,0.12195063347482064,0.007,0.008,0.00754,0.0075,2410.21,ETH-30OCT26,0.6634,-0.06367,1.05655,790.0,1.0,0.001,ETH,2413.39,10.58
2026-09-15T18:58:50.689055+00:00,ETH-2OCT26-2300-C,2403.0,ETH-2OCT26,call,2300.0,2026-10-02T08:00:00+00:00,0.04529081143512181,0.0675,0.073,0.070729,0.07025,2403.0,ETH-2OCT26,0.5549000000000001,0.68593,1.82622,0.0,0.0,0.005499999999999991,ETH,2413.39,0.0
2026-09-15T18:58:50.689055+00:00,ETH-18SEP26-2360-P,2399.39,ETH-18SEP26,put,2360.0,2026-09-18T08:00:00+00:00,0.006960900415272391,0.013,0.014,0.013398,0.0135,2399.39,ETH-18SEP26,0.6259,-0.32003,0.7201,0.0,0.0,0.0010000000000000009,ETH,2413.39,0.0
2026-09-15T18:58:50.689055+00:00,ETH-25JUN27-3400-C,2474.81,ETH-25JUN27,call,3400.0,2027-06-25T08:00:00+00:00,0.7735591208122607,0.088,0.0915,0.089997,0.08975,2474.81,ETH-25JUN27,0.5633,0.35141,8.12435,481.0,0.0,0.003500000000000003,ETH,2413.77,0.0
2026-09-15T18:58:50.689055+00:00,ETH-26MAR27-2800-P,2446.73,ETH-26MAR27,put,2800.0,2027-03-26T08:00:00+00:00,0.5244146991832396,0.249,0.261,0.251645,0.255,2446.73,ETH-26MAR27,0.5529999999999999,-0.54803,7.06456,45.0,0.0,0.01200000000000001,ETH,2413.77,0.0
2026-09-15T18:58:50.689055+00:00,ETH-25DEC26-2400-C,2424.57,ETH-25DEC26,call,2400.0,2026-12-25T08:00:00+00:00,0.27527027755421835,0.116,0.119,0.117651,0.1175,2424.57,ETH-25DEC26,0.5428999999999999,0.57871,5.0065,12418.0,71.0,0.002999999999999989,ETH,2413.77,21175.75
2026-09-15T18:58:50.689055+00:00,ETH-2OCT26-3000-C,2403.0,ETH-2OCT26,call,3000.0,2026-10-02T08:00:00+00:00,0.04529081143512181,0.0035,0.0039,0.003726,0.0037,2403.0,ETH-2OCT26,0.6561,0.06884,0.68237,380.0,42.0,0.00039999999999999975,ETH,2413.77,906.55
2026-09-15T18:58:50.689055+00:00,ETH-25DEC26-1700-P,2424.57,ETH-25DEC26,put,1700.0,2026-12-25T08:00:00+00:00,0.27527027755421835,0.018,0.0195,0.018879,0.01875,2424.57,ETH-25DEC26,0.6194,-0.10153,2.27128,13084.0,0.0,0.0015000000000000013,ETH,2413.85,0.0
2026-09-15T18:58:50.689055+00:00,ETH-25SEP26-8500-P,2401.52,ETH-25SEP26,put,8500.0,2026-09-25T08:00:00+00:00,0.0261258559251971,2.5245,2.5515,2.538836,2.538,2401.52,ETH-25SEP26,1.3075,-1.0,0.0,0.0,0.0,0.02699999999999969,ETH,2413.85,0.0
2026-09-15T18:58:50.689055+00:00,ETH-18SEP26-3200-P,2399.39,ETH-18SEP26,put,3200.0,2026-09-18T08:00:00+00:00,0.006960900415272391,0.3285,0.3375,0.333535,0.333,2399.39,ETH-18SEP26,1.2869,-0.99492,0.02952,0.0,0.0,0.009000000000000008,ETH,2413.77,0.0
2026-09-15T18:58:50.689055+00:00,ETH-19SEP26-2360-C,2401.22,ETH-19SEP26,call,2360.0,2026-09-19T08:00:00+00:00,0.009698751202404491,0.03,0.035,0.032743,0.0325,2401.22,ETH-19SEP26,0.6017,0.66388,0.86755,0.0,0.0,0.0050000000000000044,ETH,2413.85,0.0
2026-09-15T18:58:50.689055+00:00,ETH-30OCT26-1500-P,2410.21,ETH-30OCT26,put,1500.0,2026-10-30T08:00:00+00:00,0.12195063347482064,0.0028,0.0036,0.003284,0.0032,2410.21,ETH-30OCT26,0.7687999999999999,-0.02726,0.53212,2572.0,0.0,0.0007999999999999999,ETH,2413.85,0.0
2026-09-15T18:58:50.689055+00:00,ETH-16SEP26-2540-C,2400.41,ETH-16SEP26,call,2540.0,2026-09-16T08:00:00+00:00,0.001485198841008188,0.0003,0.0005,0.000392,0.0004,2400.41,ETH-16SEP26,0.7979,0.04381,0.08601,2760.0,3572.0,0.00020000000000000004,ETH,2413.69,35013.64
2026-09-15T18:58:50.689055+00:00,ETH-17SEP26-2540-C,2399.18,ETH-17SEP26,call,2540.0,2026-09-17T08:00:00+00:00,0.004223049628140289,0.003,0.0033,0.003146,0.00315,2399.18,ETH-17SEP26,0.7598,0.15234,0.3693,343.0,309.0,0.0002999999999999999,ETH,2413.85,4025.67
2026-09-15T18:58:50.689055+00:00,ETH-16SEP26-2600-C,2400.41,ETH-16SEP26,call,2600.0,2026-09-16T08:00:00+00:00,0.001485198841008188,0.0001,0.0004,0.000186,0.00025,2400.41,ETH-16SEP26,0.9488,0.01811,0.04126,14581.0,14762.0,0.00030000000000000003,ETH,2413.69,136230.18
2026-09-15T18:58:50.689055+00:00,ETH-27NOV26-2300-C,2415.92,ETH-27NOV26,call,2300.0,2026-11-27T08:00:00+00:00,0.19861045551451947,0.1175,0.125,0.120503,0.12125,2415.92,ETH-27NOV26,0.5457,0.6369,4.0671,51.0,0.0,0.007500000000000007,ETH,2413.69,0.0
2026-09-15T18:58:50.689055+00:00,ETH-25SEP26-2850-P,2401.52,ETH-25SEP26,put,2850.0,2026-09-25T08:00:00+00:00,0.0261258559251971,0.1845,0.194,0.189731,0.18925,2401.52,ETH-25SEP26,0.6846,-0.92624,0.54609,0.0,0.0,0.009500000000000008,ETH,2413.69,0.0
2026-09-15T18:58:50.689055+00:00,ETH-25SEP26-2400-C,2401.52,ETH-25SEP26,call,2400.0,2026-09-25T08:00:00+00:00,0.0261258559251971,0.0355,0.037,0.036283,0.03625,2401.52,ETH-25SEP26,0.5567,0.54941,1.54685,15406.0,1598.0,0.0015000000000000013,ETH,2413.69,144926.2
2026-09-15T18:58:50.689055+00:00,ETH-26MAR27-2900-C,2446.73,ETH-26MAR27,call,2900.0,2027-03-26T08:00:00+00:00,0.5244146991832396,0.0945,0.098,0.096357,0.09625,2446.73,ETH-26MAR27,0.5542,0.41794,6.9647,2301.0,10.0,0.003500000000000003,ETH,2413.82,3184.13
2026-09-15T18:58:50.689055+00:00,ETH-25DEC26-6000-C,2423.14,ETH-25DEC26,call,6000.0,2026-12-25T08:00:00+00:00,0.27527027755421835,0.0014,0.0023,0.001924,0.00185,2423.14,ETH-25DEC26,0.7367,0.01612,0.51552,10912.0,0.0,0.0009,ETH,2413.82,0.0
2026-09-15T18:58:50.689055+00:00,ETH-30OCT26-2800-P,2410.21,ETH-30OCT26,put,2800.0,2026-10-30T08:00:00+00:00,0.12195063347482064,0.181,0.1925,0.187738,0.18675,2410.21,ETH-30OCT26,0.5490999999999999,-0.74421,2.72373,20.0,0.0,0.01150000000000001,ETH,2413.82,0.0
2026-09-15T18:58:50.689055+00:00,ETH-25JUN27-2200-P,2474.81,ETH-25JUN27,put,2200.0,2027-06-25T08:00:00+00:00,0.7735591208122607,0.132,0.1365,0.134454,0.13425,2474.81,ETH-25JUN27,0.5629,-0.30958,7.7219,428.0,23.0,0.004500000000000004,ETH,2413.82,7235.17
2026-09-15T18:58:50.689055+00:00,ETH-18SEP26-2620-P,2399.39,ETH-18SEP26,put,2620.0,2026-09-18T08:00:00+00:00,0.006960900415272391,0.0905,0.0975,0.094238,0.094,2399.39,ETH-18SEP26,0.7605,-0.89887,0.35632,0.0,0.0,0.007000000000000006,ETH,2413.82,0.0
2026-09-15T18:58:50.689055+00:00,ETH-18SEP26-3200-C,2399.39,ETH-18SEP26,call,3200.0,2026-09-18T08:00:00+00:00,0.006960900415272391,,0.0002,0.00014,,2399.39,ETH-18SEP26,1.2869,0.00509,0.02957,3769.0,458.0,,ETH,2413.82,1231.8
2026-09-15T18:58:50.689055+00:00,ETH-17SEP26-2540-P,2399.18,ETH-17SEP26,put,2540.0,2026-09-17T08:00:00+00:00,0.004223049628140289,0.058,0.065,0.061607,0.0615,2399.18,ETH-17SEP26,0.7598,-0.84821,0.36838,45.0,38.0,0.006999999999999999,ETH,2413.82,3893.4
2026-09-15T18:58:50.689055+00:00,ETH-16SEP26-2440-C,2400.41,ETH-16SEP26,call,2440.0,2026-09-16T08:00:00+00:00,0.001485198841008188,0.0028,0.0033,0.002955,0.00305,2400.41,ETH-16SEP26,0.5845,0.31725,0.33034,134.0,149.0,0.0005,ETH,2413.29,4739.7
2026-09-15T18:58:50.689055+00:00,ETH-25JUN27-800-C,2474.81,ETH-25JUN27,call,800.0,2027-06-25T08:00:00+00:00,0.7735591208122607,0.6785,0.6885,0.682904,0.6835,2474.81,ETH-25JUN27,0.7473000000000001,0.97993,1.06297,118.0,0.0,0.010000000000000009,ETH,2412.65,0.0
2026-09-15T18:58:50.689055+00:00,ETH-27NOV26-4600-P,2417.35,ETH-27NOV26,put,4600.0,2026-11-27T08:00:00+00:00,0.19861045551451947,0.8985,0.915,0.90657,0.90675,2417.35,ETH-27NOV26,0.6969,-0.97134,0.70973,0.0,0.0,0.01650000000000007,ETH,2412.65,0.0
