timestamp,instrument_name,underlying,underlying_name,option_type,strike,expiry_datetime,time_to_maturity,bid_price,ask_price,mark_price,mid_price,futures_price,futures_instrument_name,implied_volatility,delta,vega,open_interest,volume,bid_ask_spread,currency,index_price,volume_usd
2026-09-22T14:00:33.091763+00:00,BTC-24SEP26-90000-C,86280.99,BTC-24SEP26,call,90000.0,2026-09-24T08:00:00+00:00,0.004790190262789312,0.0015,0.0016,0.00156231,0.00155,86280.99,BTC-24SEP26,0.473,0.10056,10.52317,157.3,129.7,0.00010000000000000005,BTC,86231.56,21369.71
2026-09-22T14:00:33.091763+00:00,BTC-2OCT26-92000-P,86376.47,BTC-2OCT26,put,92000.0,2026-10-02T08:00:00+00:00,0.02669299655984612,0.069,0.073,0.07092774,0.071,86376.47,BTC-2OCT26,0.3968,-0.82705,36.11293,0.0,0.0,0.00399999999999999,BTC,86231.56,0.0
2026-09-22T14:00:33.091763+00:00,BTC-26SEP26-91000-C,86312.88,BTC-26SEP26,call,91000.0,2026-09-26T08:00:00+00:00,0.010265891837053514,0.0024,0.0026,0.00248296,0.0025,86312.88,BTC-26SEP26,0.4316,0.11691,17.17726,9.0,9.0,0.0002000000000000001,BTC,86231.56,2002.75
2026-09-22T14:00:33.091763+00:00,BTC-27NOV26-96000-C,87068.55,BTC-27NOV26,call,96000.0,2026-11-27T08:00:00+00:00,0.1800126406392438,0.0285,0.0295,0.02900828,0.029,87068.55,BTC-27NOV26,0.3849,0.30257,128.95919,187.2,1.9,0.0009999999999999974,BTC,86231.56,4839.21
2026-09-22T14:00:33.091763+00:00,BTC-24SEP26-78000-P,86280.99,BTC-24SEP26,put,78000.0,2026-09-24T08:00:00+00:00,0.004790190262789312,,0.0002,0.00011132,,86280.99,BTC-24SEP26,0.609,-0.00798,1.3061,1.5,0.2,,BTC,86226.89,6.03
2026-09-22T14:00:33.091763+00:00,BTC-26MAR27-104000-C,88472.13,BTC-26MAR27,call,104000.0,2027-03-26T08:00:00+00:00,0.5058168843079639,0.053,0.054,0.05368214,0.0535,88472.13,BTC-26MAR27,0.3968,0.33273,228.65115,132.6,26.0,0.0010000000000000009,BTC,86226.89,113449.05
2026-09-22T14:00:33.091763+00:00,BTC-26SEP26-89000-P,86312.88,BTC-26SEP26,put,89000.0,2026-09-26T08:00:00+00:00,0.010265891837053514,0.0345,0.0385,0.0364787,0.0365,86312.88,BTC-26SEP26,0.4018,-0.76965,26.5798,0.0,0.0,0.003999999999999997,BTC,86226.89,0.0
2026-09-22T14:00:33.091763+00:00,BTC-30OCT26-84000-C,86712.37,BTC-30OCT26,call,84000.0,2026-10-30T08:00:00+00:00,0.10335281859954495,0.0635,0.065,0.06422987,0.06425,86712.37,BTC-30OCT26,0.37170000000000003,0.62695,105.54461,1411.6,116.5,0.0015000000000000013,BTC,86226.89,601627.47
2026-09-22T14:00:33.091763+00:00,BTC-25DEC26-170000-C,87448.45,BTC-25DEC26,call,170000.0,2026-12-25T08:00:00+00:00,0.2566724626789426,0.001,0.0012,0.00112592,0.0011,87448.45,BTC-25DEC26,0.5517,0.01259,14.42721,2394.8,0.0,0.00019999999999999987,BTC,86225.68,0.0
2026-09-22T14:00:33.091763+00:00,BTC-25SEP26-65000-C,86292.39,BTC-25SEP26,call,65000.0,2026-09-25T08:00:00+00:00,0.007528041049921413,0.2455,0.248,0.2467991,0.24675,86292.39,BTC-25SEP26,1.0883,0.99884,0.28996,1248.5,0.2,0.0025000000000000022,BTC,86226.89,4314.39
2026-09-22T14:00:33.091763+00:00,BTC-26MAR27-130000-P,88472.13,BTC-26MAR27,put,130000.0,2027-03-26T08:00:00+00:00,0.5058168843079639,0.4835,0.49,0.48641867,0.48675,88472.13,BTC-26MAR27,0.42219999999999996,-0.87112,132.32798,0.4,0.0,0.006500000000000006,BTC,86225.68,0.0
2026-09-22T14:00:33.091763+00:00,BTC-2OCT26-84000-C,86378.81,BTC-2OCT26,call,84000.0,2026-10-02T08:00:00+00:00,0.02669299655984612,0.039,0.041,0.04024635,0.04,86378.81,BTC-2OCT26,0.37310000000000004,0.68605,50.06646,1319.6,61.2,0.0020000000000000018,BTC,86225.68,200291.19
2026-09-22T14:00:33.091763+00:00,BTC-27NOV26-86000-P,87068.55,BTC-27NOV26,put,86000.0,2026-11-27T08:00:00+00:00,0.1800126406392438,0.058,0.059,0.05863794,0.0585,87068.55,BTC-27NOV26,0.3843,-0.43808,145.61167,66.1,35.7,0.000999999999999994,BTC,86225.68,192709.57
2026-09-22T14:00:33.091763+00:00,BTC-30OCT26-52000-C,86712.37,BTC-30OCT26,call,52000.0,2026-10-30T08:00:00+00:00,0.10335281859954495,0.3995,0.4025,0.40091246,0.401,86712.37,BTC-30OCT26,0.6812999999999999,0.9927,5.63636,0.1,0.0,0.0030000000000000027,BTC,86225.68,0.0
2026-09-22T14:00:33.091763+00:00,BTC-25SEP26-300000-C,86295.11,BTC-25SEP26,call,300000.0,2026-09-25T08:00:00+00:00,0.007528041049921413,,0.0001,0.0,,86295.11,BTC-25SEP26,1.3629,0.0,0.0,196.3,0.0,,BTC,86225.68,0.0
2026-09-22T14:00:33.091763+00:00,BTC-26MAR27-40000-C,88472.13,BTC-26MAR27,call,40000.0,2027-03-26T08:00:00+00:00,0.5058168843079639,0.5495,0.552,0.55096333,0.55075,88472.13,BTC-26MAR27,0.5872999999999999,0.9825,27.19978,82.1,0.0,0.0025000000000000577,BTC,86227.05,0.0
2026-09-22T14:00:33.091763+00:00,BTC-25JUN27-64000-C,89540.92,BTC-25JUN27,call,64000.0,2027-06-25T08:00:00+00:00,0.7549613059369851,0.3155,0.318,0.3174493,0.31675,89540.92,BTC-25JUN27,0.4336,0.85971,173.43392,33.5,0.0,0.0025000000000000022,BTC,86227.05,0.0
2026-09-22T14:00:33.091763+00:00,BTC-26SEP26-93000-P,86315.22,BTC-26SEP26,put,93000.0,2026-09-26T08:00:00+00:00,0.010265891837053514,0.0765,0.081,0.07871194,0.07875,86315.22,BTC-26SEP26,0.4746,-0.93721,10.795,0.0,0.0,0.004500000000000004,BTC,86227.05,0.0
2026-09-22T14:00:33.091763+00:00,BTC-25SEP26-72000-P,86295.11,BTC-25SEP26,put,72000.0,2026-09-25T08:00:00+00:00,0.007528041049921413,0.0001,0.0002,0.00017025,0.00015,86295.11,BTC-25SEP26,0.8593999999999999,-0.00692,1.44401,2744.5,153.8,0.0001,BTC,86227.05,5237.05
2026-09-22T14:00:33.091763+00:00,BTC-26MAR27-85000-P,88472.13,BTC-26MAR27,put,85000.0,2027-03-26T08:00:00+00:00,0.5058168843079639,0.0905,0.092,0.09123852,0.09125,88472.13,BTC-26MAR27,0.39590000000000003,-0.38887,241.25365,13.8,3.6,0.0015000000000000013,BTC,86227.19,28669.8
2026-09-22T14:00:33.091763+00:00,BTC-25SEP26-62000-P,86292.39,BTC-25SEP26,put,62000.0,2026-09-25T08:00:00+00:00,0.007528041049921413,,0.0001,1.26e-05,,86292.39,BTC-25SEP26,1.1676,-0.00047,0.1245,1508.9,70.5,,BTC,86227.05,603.83
2026-09-22T14:00:33.091763+00:00,BTC-26MAR27-55000-C,88472.13,BTC-26MAR27,call,55000.0,2027-03-26T08:00:00+00:00,0.5058168843079639,0.3865,0.39,0.38827413,0.38825,88472.13,BTC-26MAR27,0.47950000000000004,0.94103,73.95753,29.5,0.0,0.003500000000000003,BTC,86227.19,0.0
2026-09-22T14:00:33.091763+00:00,BTC-25JUN27-65000-P,89543.26,BTC-25JUN27,put,65000.0,2027-06-25T08:00:00+00:00,0.7549613059369851,0.0335,0.0355,0.03444613,0.0345,89543.26,BTC-25JUN27,0.43119999999999997,-0.14881,180.46912,40.0,0.8,0.001999999999999995,BTC,86227.19,2448.81
2026-09-22T14:00:33.091763+00:00,BTC-26MAR27-62000-C,88472.13,BTC-26MAR27,call,62000.0,2027-03-26T08:00:00+00:00,0.5058168843079639,0.315,0.318,0.31660506,0.3165,88472.13,BTC-26MAR27,0.446,0.89948,110.86289,52.3,0.0,0.0030000000000000027,BTC,86227.19,0.0
2026-09-22T14:00:33.091763+00:00,BTC-26SEP26-89000-C,86312.88,BTC-26SEP26,call,89000.0,2026-09-26T08:00:00+00:00,0.010265891837053514,0.005,0.006,0.00540441,0.0055,86312.88,BTC-26SEP26,0.4018,0.23043,26.58505,0.0,0.0,0.001,BTC,86227.19,0.0
2026-09-22T14:00:33.091763+00:00,BTC-25JUN27-150000-P,89543.26,BTC-25JUN27,put,150000.0,2027-06-25T08:00:00+00:00,0.7549613059369851,0.6915,0.7,0.6947745,0.69575,89543.26,BTC-25JUN27,0.43799999999999994,-0.87808,157.40299,1.1,0.0,0.008499999999999952,BTC,86222.37,0.0
2026-09-22T14:00:33.091763+00:00,BTC-25SEP26-120000-P,86292.39,BTC-25SEP26,put,120000.0,2026-09-25T08:00:00+00:00,0.007528041049921413,0.389,0.393,0.39058853,0.391,86292.39,BTC-25SEP26,1.0796,-0.99974,0.07127,173.7,0.7,0.0040000000000000036,BTC,86227.19,23873.71
2026-09-22T14:00:33.091763+00:00,BTC-24SEP26-79000-C,86280.99,BTC-24SEP26,call,79000.0,2026-09-24T08:00:00+00:00,0.004790190262789312,0.052,0.1165,0.08456779,0.08425,86280.99,BTC-24SEP26,0.5681,0.98791,1.87696,0.0,0.0,0.0645,BTC,86222.37,0.0
2026-09-22T14:00:33.091763+00:00,BTC-25JUN27-125000-P,89540.92,BTC-25JUN27,put,125000.0,2027-06-25T08:00:00+00:00,0.7549613059369851,0.4335,0.44,0.43604747,0.43675,89540.92,BTC-25JUN27,0.41359999999999997,-0.77302,234.51614,0.0,0.0,0.006500000000000006,BTC,86222.37,0.0
2026-09-22T14:00:33.091763+00:00,BTC-30OCT26-84000-P,86712.37,BTC-30OCT26,put,84000.0,2026-10-30T08:00:00+00:00,0.10335281859954495,0.0325,0.0335,0.03290358,0.033,86712.37,BTC-30OCT26,0.37170000000000003,-0.37323,105.55508,377.8,436.3,0.0010000000000000009,BTC,86222.37,1294265.43
2026-09-22T14:00:33.091763+00:00,BTC-26MAR27-82000-C,88472.13,BTC-26MAR27,call,82000.0,2027-03-26T08:00:00+00:00,0.5058168843079639,0.148,0.15,0.14894941,0.149,88472.13,BTC-26MAR27,0.3981,0.65872,230.90578,1279.5,137.6,0.0020000000000000018,BTC,86222.37,1693730.65
2026-09-22T14:00:33.091763+00:00,BTC-30OCT26-67000-C,86712.37,BTC-30OCT26,call,67000.0,2026-10-30T08:00:00+00:00,0.10335281859954495,0.2285,0.2315,0.22984918,0.23,86712.37,BTC-30OCT26,0.4732,0.96154,23.26827,108.4,0.3,0.0030000000000000027,BTC,86222.37,5964.46
2026-09-22T14:00:33.091763+00:00,BTC-23SEP26-90000-P,86263.35,BTC-23SEP26,put,90000.0,2026-09-23T08:00:00+00:00,0.002052339475657211,0.0415,0.046,0.04372241,0.04375,86263.35,BTC-23SEP26,0.5449,-0.95699,3.57079,0.0,0.0,0.004499999999999997,BTC,86224.27,0.0
2026-09-22T14:00:33.091763+00:00,BTC-25SEP26-55000-C,86295.11,BTC-25SEP26,call,55000.0,2026-09-25T08:00:00+00:00,0.007528041049921413,0.3615,0.3635,0.36264975,0.3625,86295.11,BTC-25SEP26,1.1676,1.0,0.00124,105.8,0.0,0.0020000000000000018,BTC,86222.37,0.0
2026-09-22T14:00:33.091763+00:00,BTC-9OCT26-87000-P,86449.64,BTC-9OCT26,put,87000.0,2026-10-09T08:00:00+00:00,0.04585795206977083,0.0345,0.0355,0.0349391,0.035,86449.64,BTC-9OCT26,0.36979999999999996,-0.51721,73.7954,100.1,108.1,0.000999999999999994,BTC,86224.27,322782.78
2026-09-22T14:00:33.091763+00:00,BTC-25JUN27-88000-C,89543.26,BTC-25JUN27,call,88000.0,2027-06-25T08:00:00+00:00,0.7549613059369851,0.145,0.1465,0.14587295,0.14575,89543.26,BTC-25JUN27,0.4007,0.58839,302.77134,28.2,1.0,0.0015000000000000013,BTC,86225.91,12744.21
2026-09-22T14:00:33.091763+00:00,BTC-25DEC26-74000-P,87448.45,BTC-25DEC26,put,74000.0,2026-12-25T08:00:00+00:00,0.2566724626789426,0.022,0.023,0.02261178,0.0225,87448.45,BTC-25DEC26,0.409,-0.18194,117.0432,168.5,4.9,0.0010000000000000009,BTC,86224.27,9986.0
2026-09-22T14:00:33.091763+00:00,BTC-25JUN27-45000-C,89543.26,BTC-25JUN27,call,45000.0,2027-06-25T08:00:00+00:00,0.7549613059369851,0.5035,0.5065,0.50541445,0.505,89543.26,BTC-25JUN27,0.5089,0.96214,64.11846,0.5,0.0,0.0030000000000000027,BTC,86225.91,0.0
2026-09-22T14:00:33.091763+00:00,BTC-26SEP26-82000-P,86312.88,BTC-26SEP26,put,82000.0,2026-09-26T08:00:00+00:00,0.010265891837053514,0.0017,0.0021,0.00183361,0.0019,86312.88,BTC-26SEP26,0.3943,-0.09734,15.04944,3.7,3.7,0.00039999999999999996,BTC,86225.91,635.84
2026-09-22T14:00:33.091763+00:00,BTC-25SEP26-74000-C,86292.39,BTC-25SEP26,call,74000.0,2026-09-25T08:00:00+00:00,0.007528041049921413,0.1415,0.144,0.14270616,0.14275,86292.39,BTC-25SEP26,0.7723,0.98988,2.01703,1375.1,13.2,0.0025000000000000022,BTC,86224.27,166810.01
2026-09-22T14:00:33.091763+00:00,BTC-27NOV26-88000-C,87068.55,BTC-27NOV26,call,88000.0,2026-11-27T08:00:00+00:00,0.1800126406392438,0.0595,0.06,0.05991999,0.05975,87068.55,BTC-27NOV26,0.38299999999999995,0.50576,147.37677,1095.0,774.9,0.0005000000000000004,BTC,86225.91,4344634.38
2026-09-22T14:00:33.091763+00:00,BTC-25JUN27-54000-C,89543.26,BTC-25JUN27,call,54000.0,2027-06-25T08:00:00+00:00,0.7549613059369851,0.411,0.4135,0.41273182,0.41225,89543.26,BTC-25JUN27,0.46630000000000005,0.92647,108.49918,1.0,0.0,0.0025000000000000022,BTC,86227.55,0.0
2026-09-22T14:00:33.091763+00:00,BTC-25DEC26-84000-C,87446.11,BTC-25DEC26,call,84000.0,2026-12-25T08:00:00+00:00,0.2566724626789426,0.0975,0.099,0.09831181,0.09825,87446.11,BTC-25DEC26,0.38909999999999995,0.61842,168.916,1446.2,10.7,0.0015000000000000013,BTC,86225.91,88606.82
2026-09-22T14:00:33.091763+00:00,BTC-23SEP26-81000-P,86261.01,BTC-23SEP26,put,81000.0,2026-09-23T08:00:00+00:00,0.002052339475657211,,0.0002,8.679e-05,,86261.01,BTC-23SEP26,0.5954999999999999,-0.00973,1.01672,52.2,51.4,,BTC,86225.91,1374.75
2026-09-22T14:00:33.091763+00:00,BTC-2OCT26-73000-P,86376.47,BTC-2OCT26,put,73000.0,2026-10-02T08:00:00+00:00,0.02669299655984612,0.0005,0.0007,0.00056268,0.0006,86376.47,BTC-2OCT26,0.5028,-0.01847,6.38711,1117.4,703.5,0.00019999999999999998,BTC,86227.55,44398.76
2026-09-22T14:00:33.091763+00:00,BTC-25SEP26-54000-P,86292.39,BTC-25SEP26,put,54000.0,2026-09-25T08:00:00+00:00,0.007528041049921413,,0.0001,3e-08,,86292.39,BTC-25SEP26,1.1676,0.0,0.00054,896.5,0.0,,BTC,86227.55,0.0
2026-09-22T14:00:33.091763+00:00,BTC-27NOV26-73000-P,87068.55,BTC-27NOV26,put,73000.0,2026-11-27T08:00:00+00:00,0.1800126406392438,0.013,0.014,0.01337665,0.0135,87068.55,BTC-27NOV26,0.41490000000000005,-0.13839,81.59075,45.7,3.2,0.0010000000000000009,BTC,86227.55,3673.66
2026-09-22T14:00:33.091763+00:00,BTC-25DEC26-104000-C,87446.11,BTC-25DEC26,call,104000.0,2026-12-25T08:00:00+00:00,0.2566724626789426,0.0225,0.0235,0.02327948,0.023,87446.11,BTC-25DEC26,0.3951,0.22162,131.74856,117.2,17.7,0.0010000000000000009,BTC,86227.55,37608.14
2026-09-22T14:00:33.091763+00:00,BTC-25SEP26-155000-P,86292.39,BTC-25SEP26,put,155000.0,2026-09-25T08:00:00+00:00,0.007528041049921413,0.7925,0.8005,0.79616911,0.7965,86292.39,BTC-25SEP26,1.0796,-1.0,0.0,0.1,0.0,0.008000000000000007,BTC,86227.55,0.0
2026-09-22T14:00:33.091763+00:00,BTC-25SEP26-105000-C,86292.39,BTC-25SEP26,call,105000.0,2026-09-25T08:00:00+00:00,0.007528041049921413,,0.0002,8.45e-05,,86292.39,BTC-25SEP26,0.8367,0.0038,0.8479,1570.4,37.4,,BTC,86227.55,532.28
2026-09-22T14:00:33.091763+00:00,BTC-27NOV26-70000-C,87068.55,BTC-27NOV26,call,70000.0,2026-11-27T08:00:00+00:00,0.1800126406392438,0.204,0.207,0.20533999,0.2055,87068.55,BTC-27NOV26,0.4307,0.90044,64.6332,4.9,0.5,0.0030000000000000027,BTC,86229.71,8565.76
2026-09-22T14:00:33.091763+00:00,BTC-26SEP26-88500-C,86312.88,BTC-26SEP26,call,88500.0,2026-09-26T08:00:00+00:00,0.010265891837053514,0.006,0.007,0.00649141,0.0065,86312.88,BTC-26SEP26,0.3923,0.26967,28.90158,0.5,0.5,0.001,BTC,86229.71,236.37
2026-09-22T14:00:33.091763+00:00,BTC-9OCT26-81000-P,86451.98,BTC-9OCT26,put,81000.0,2026-10-09T08:00:00+00:00,0.04585795206977083,0.009,0.01,0.00946893,0.0095,86451.98,BTC-9OCT26,0.3803,-0.20092,51.98176,15.1,4.9,0.0010000000000000009,BTC,86229.71,4320.55
2026-09-22T14:00:33.091763+00:00,BTC-30OCT26-106000-P,86714.71,BTC-30OCT26,put,106000.0,2026-10-30T08:00:00+00:00,0.10335281859954495,0.224,0.229,0.22650281,0.2265,86714.71,BTC-30OCT26,0.4122,-0.92656,38.83834,0.0,0.0,0.0050000000000000044,BTC,86229.71,0.0
2026-09-22T14:00:33.091763+00:00,BTC-30OCT26-90000-P,86712.37,BTC-30OCT26,put,90000.0,2026-10-30T08:00:00+00:00,0.10335281859954495,0.0685,0.0705,0.06946359,0.0695,86712.37,BTC-30OCT26,0.3689,-0.60111,107.63357,6.1,8.7,0.001999999999999988,BTC,86227.0,49960.6
2026-09-22T14:00:33.091763+00:00,BTC-25JUN27-105000-P,89540.92,BTC-25JUN27,put,105000.0,2027-06-25T08:00:00+00:00,0.7549613059369851,0.2505,0.2545,0.25190748,0.2525,89540.92,BTC-25JUN27,0.4014,-0.61126,298.281,0.1,0.0,0.0040000000000000036,BTC,86227.0,0.0
2026-09-22T14:00:33.091763+00:00,BTC-25SEP26-82000-P,86292.39,BTC-25SEP26,put,82000.0,2026-09-25T08:00:00+00:00,0.007528041049921413,0.0012,0.0014,0.00123206,0.0013,86292.39,BTC-25SEP26,0.4144,-0.0763,10.73847,1321.0,985.3,0.0002000000000000001,BTC,86229.71,241708.73
2026-09-22T14:00:33.091763+00:00,BTC-26MAR27-112000-P,88472.13,BTC-26MAR27,put,112000.0,2027-03-26T08:00:00+00:00,0.5058168843079639,0.3005,0.3055,0.30280627,0.303,88472.13,BTC-26MAR27,0.40259999999999996,-0.752,199.12898,0.1,0.0,0.0050000000000000044,BTC,86227.0,0.0
2026-09-22T14:00:33.091763+00:00,BTC-25DEC26-58000-C,87446.11,BTC-25DEC26,call,58000.0,2026-12-25T08:00:00+00:00,0.2566724626789426,0.3395,0.3425,0.34138144,0.341,87446.11,BTC-25DEC26,0.5015,0.95921,38.7922,40.3,0.0,0.0030000000000000027,BTC,86227.0,0.0
2026-09-22T14:00:33.091763+00:00,BTC-30OCT26-79000-C,86714.71,BTC-30OCT26,call,79000.0,2026-10-30T08:00:00+00:00,0.10335281859954495,0.103,0.105,0.10428243,0.104,86714.71,BTC-30OCT26,0.3836,0.79248,79.79311,288.4,3.8,0.0020000000000000018,BTC,86227.0,33798.75
2026-09-22T14:00:33.091763+00:00,BTC-27NOV26-112000-C,87068.55,BTC-27NOV26,call,112000.0,2026-11-27T08:00:00+00:00,0.1800126406392438,0.0065,0.0075,0.00687898,0.007,87068.55,BTC-27NOV26,0.4155,0.09004,60.01991,0.0,0.0,0.001,BTC,86227.0,0.0
2026-09-22T14:00:33.091763+00:00,BTC-9OCT26-85000-C,86451.98,BTC-9OCT26,call,85000.0,2026-10-09T08:00:00+00:00,0.04585795206977083,0.04,0.041,0.04057243,0.0405,86451.98,BTC-9OCT26,0.371,0.59883,71.58858,317.5,16.2,0.0010000000000000009,BTC,86227.26,52857.15
2026-09-22T14:00:33.091763+00:00,BTC-25SEP26-66000-P,86292.39,BTC-25SEP26,put,66000.0,2026-09-25T08:00:00+00:00,0.007528041049921413,,0.0001,3.157e-05,,86292.39,BTC-25SEP26,1.0346,-0.00123,0.30524,1749.5,56.4,,BTC,86227.0,482.47
2026-09-22T14:00:33.091763+00:00,BTC-25JUN27-90000-C,89540.92,BTC-25JUN27,call,90000.0,2027-06-25T08:00:00+00:00,0.7549613059369851,0.135,0.1365,0.13589384,0.13575,89540.92,BTC-25JUN27,0.40020000000000006,0.56305,306.54811,765.1,1.2,0.0015000000000000013,BTC,86227.26,14012.28
2026-09-22T14:00:33.091763+00:00,BTC-25SEP26-79000-C,86292.39,BTC-25SEP26,call,79000.0,2026-09-25T08:00:00+00:00,0.007528041049921413,0.0835,0.0865,0.08497641,0.085,86292.39,BTC-25SEP26,0.5264,0.97437,4.46802,2819.0,8.5,0.002999999999999989,BTC,86227.26,60343.28
2026-09-22T14:00:33.091763+00:00,BTC-2OCT26-79000-C,86378.81,BTC-2OCT26,call,79000.0,2026-10-02T08:00:00+00:00,0.02669299655984612,0.086,0.09,0.08801295,0.088,86378.81,BTC-2OCT26,0.4039,0.9166,21.65232,367.2,0.0,0.0040000000000000036,BTC,86227.26,0.0
2026-09-22T14:00:33.091763+00:00,BTC-24SEP26-84500-P,86278.65,BTC-24SEP26,put,84500.0,2026-09-24T08:00:00+00:00,0.004790190262789312,0.0026,0.003,0.00276753,0.0028,86278.65,BTC-24SEP26,0.35969999999999996,-0.20053,16.74504,4.8,5.0,0.0004000000000000002,BTC,86226.99,1536.76
2026-09-22T14:00:33.091763+00:00,BTC-26MAR27-78000-C,88472.13,BTC-26MAR27,call,78000.0,2027-03-26T08:00:00+00:00,0.5058168843079639,0.175,0.1775,0.17648421,0.17625,88472.13,BTC-26MAR27,0.40259999999999996,0.71982,211.90643,647.6,0.2,0.0025000000000000022,BTC,86226.99,3017.62
2026-09-22T14:00:33.091763+00:00,BTC-2OCT26-100000-C,86378.81,BTC-2OCT26,call,100000.0,2026-10-02T08:00:00+00:00,0.02669299655984612,0.0009,0.001,0.00107489,0.00095,86378.81,BTC-2OCT26,0.48460000000000003,0.03498,10.90076,0.7,0.7,0.00010000000000000005,BTC,86226.99,47.8
2026-09-22T14:00:33.091763+00:00,BTC-25SEP26-85000-P,86292.39,BTC-25SEP26,put,85000.0,2026-09-25T08:00:00+00:00,0.007528041049921413,0.0065,0.0075,0.00689721,0.007,86292.39,BTC-25SEP26,0.37979999999999997,-0.32031,26.78655,1392.2,1397.8,0.001,BTC,86226.99,1327187.19
2026-09-22T14:00:33.091763+00:00,BTC-27NOV26-68000-P,87070.89,BTC-27NOV26,put,68000.0,2026-11-27T08:00:00+00:00,0.1800126406392438,0.007,0.008,0.00730203,0.0075,87070.89,BTC-27NOV26,0.44299999999999995,-0.07964,54.73748,140.8,0.0,0.001,BTC,86226.99,0.0
2026-09-22T14:00:33.091763+00:00,BTC-2OCT26-81000-P,86378.81,BTC-2OCT26,put,81000.0,2026-10-02T08:00:00+00:00,0.02669299655984612,0.0047,0.0055,0.00495535,0.0051,86378.81,BTC-2OCT26,0.3874,-0.14832,32.66269,191.8,34.1,0.0007999999999999995,BTC,86226.99,17310.95
2026-09-22T14:00:33.091763+00:00,BTC-9OCT26-82000-C,86449.64,BTC-9OCT26,call,82000.0,2026-10-09T08:00:00+00:00,0.04585795206977083,0.0625,0.0645,0.0636277,0.0635,86449.64,BTC-9OCT26,0.3766,0.75591,58.09013,294.7,2.7,0.0020000000000000018,BTC,86227.34,14706.67
2026-09-22T14:00:33.091763+00:00,BTC-24SEP26-91000-P,86280.99,BTC-24SEP26,put,91000.0,2026-09-24T08:00:00+00:00,0.004790190262789312,0.02,0.095,0.05569587,0.0575,86280.99,BTC-24SEP26,0.5075,-0.93389,7.67147,0.0,0.0,0.075,BTC,86227.34,0.0
2026-09-22T14:00:33.091763+00:00,BTC-25DEC26-95000-P,87446.11,BTC-25DEC26,put,95000.0,2026-12-25T08:00:00+00:00,0.2566724626789426,0.1305,0.133,0.13173197,0.13175,87446.11,BTC-25DEC26,0.3868,-0.62769,167.63372,134.4,21.0,0.0025000000000000022,BTC,86227.34,232118.28
2026-09-22T14:00:33.091763+00:00,BTC-27NOV26-81000-P,87068.55,BTC-27NOV26,put,81000.0,2026-11-27T08:00:00+00:00,0.1800126406392438,0.0345,0.0355,0.03490023,0.035,87068.55,BTC-27NOV26,0.391,-0.30253,128.94693,46.1,8.5,0.000999999999999994,BTC,86227.34,26283.54
2026-09-22T14:00:33.091763+00:00,BTC-9OCT26-78000-C,86449.64,BTC-9OCT26,call,78000.0,2026-10-09T08:00:00+00:00,0.04585795206977083,0.1005,0.104,0.10230107,0.10225,86449.64,BTC-9OCT26,0.39840000000000003,0.8936,33.99255,28.3,3.7,0.0034999999999999892,BTC,86227.34,32550.09
2026-09-22T14:00:33.091763+00:00,BTC-25SEP26-125000-P,86292.39,BTC-25SEP26,put,125000.0,2026-09-25T08:00:00+00:00,0.007528041049921413,0.4465,0.451,0.44852446,0.44875,86292.39,BTC-25SEP26,1.0796,-0.99995,0.01426,20.4,0.0,0.004500000000000004,BTC,86227.34,0.0
2026-09-22T14:00:33.091763+00:00,BTC-25JUN27-55000-P,89543.26,BTC-25JUN27,put,55000.0,2027-06-25T08:00:00+00:00,0.7549613059369851,0.0165,0.018,0.01711921,0.01725,89543.26,BTC-25JUN27,0.4635,-0.07917,114.76894,36.1,1.2,0.0014999999999999979,BTC,86227.34,1849.08
2026-09-22T14:00:33.091763+00:00,BTC-26MAR27-96000-C,88472.13,BTC-26MAR27,call,96000.0,2027-03-26T08:00:00+00:00,0.5058168843079639,0.0775,0.079,0.07837509,0.07825,88472.13,BTC-26MAR27,0.3934,0.43939,248.15779,164.1,20.1,0.0015000000000000013,BTC,86227.47,138589.95
2026-09-22T14:00:33.091763+00:00,BTC-30OCT26-60000-C,86712.37,BTC-30OCT26,call,60000.0,2026-10-30T08:00:00+00:00,0.10335281859954495,0.308,0.3105,0.30927752,0.30925,86712.37,BTC-30OCT26,0.5640999999999999,0.98296,11.77529,13.7,4.0,0.0025000000000000022,BTC,86227.47,106008.96
2026-09-22T14:00:33.091763+00:00,BTC-23SEP26-85500-C,86261.01,BTC-23SEP26,call,85500.0,2026-09-23T08:00:00+00:00,0.002052339475657211,0.0105,0.0135,0.01168722,0.012,86261.01,BTC-23SEP26,0.3481,0.71075,13.35933,101.8,157.4,0.002999999999999999,BTC,86227.47,196488.06
2026-09-22T14:00:33.091763+00:00,BTC-30OCT26-76000-P,86714.71,BTC-30OCT26,put,76000.0,2026-10-30T08:00:00+00:00,0.10335281859954495,0.009,0.01,0.00932343,0.0095,86714.71,BTC-30OCT26,0.3969,-0.13674,61.0677,478.9,51.9,0.0010000000000000009,BTC,86227.47,44381.82
2026-09-22T14:00:33.091763+00:00,BTC-30OCT26-45000-C,86712.37,BTC-30OCT26,call,45000.0,2026-10-30T08:00:00+00:00,0.10335281859954495,0.48,0.482,0.48142689,0.481,86712.37,BTC-30OCT26,0.8098000000000001,0.99595,3.33918,0.9,0.0,0.0020000000000000018,BTC,86219.54,0.0
2026-09-22T14:00:33.091763+00:00,BTC-30OCT26-66000-C,86712.37,BTC-30OCT26,call,66000.0,2026-10-30T08:00:00+00:00,0.10335281859954495,0.2395,0.2425,0.24110924,0.241,86712.37,BTC-30OCT26,0.4852,0.96602,21.02488,81.1,0.0,0.0030000000000000027,BTC,86219.54,0.0
2026-09-22T14:00:33.091763+00:00,BTC-25DEC26-70000-P,87446.11,BTC-25DEC26,put,70000.0,2026-12-25T08:00:00+00:00,0.2566724626789426,0.015,0.0155,0.01486819,0.01525,87446.11,BTC-25DEC26,0.42369999999999997,-0.12669,92.05875,1482.7,178.9,0.0005000000000000004,BTC,86219.54,245193.1
2026-09-22T14:00:33.091763+00:00,BTC-30OCT26-58000-C,86712.37,BTC-30OCT26,call,58000.0,2026-10-30T08:00:00+00:00,0.10335281859954495,0.3305,0.3335,0.33217859,0.332,86712.37,BTC-30OCT26,0.5961,0.98581,10.06652,0.0,0.0,0.0030000000000000027,BTC,86219.54,0.0
2026-09-22T14:00:33.091763+00:00,BTC-30OCT26-90000-C,86712.37,BTC-30OCT26,call,90000.0,2026-10-30T08:00:00+00:00,0.10335281859954495,0.031,0.032,0.03160108,0.0315,86712.37,BTC-30OCT26,0.3689,0.3986,107.60347,15730.2,8795.7,0.0010000000000000009,BTC,86219.54,22929740.54
2026-09-22T14:00:33.091763+00:00,BTC-27NOV26-98000-C,87068.55,BTC-27NOV26,call,98000.0,2026-11-27T08:00:00+00:00,0.1800126406392438,0.0235,0.0245,0.02399852,0.024,87068.55,BTC-27NOV26,0.3868,0.26108,120.08689,673.5,333.4,0.0010000000000000009,BTC,86219.54,658639.86
2026-09-22T14:00:33.091763+00:00,BTC-25DEC26-125000-C,87446.11,BTC-25DEC26,call,125000.0,2026-12-25T08:00:00+00:00,0.2566724626789426,0.0055,0.0065,0.00599787,0.006,87446.11,BTC-25DEC26,0.4379,0.06666,57.27206,502.6,0.2,0.001,BTC,86205.51,98.39
2026-09-22T14:00:33.091763+00:00,BTC-25JUN27-40000-P,89543.26,BTC-25JUN27,put,40000.0,2027-06-25T08:00:00+00:00,0.7549613059369851,0.005,0.006,0.00549351,0.0055,89543.26,BTC-25JUN27,0.542,-0.02585,46.76462,1226.7,1.0,0.001,BTC,86219.54,471.52
2026-09-22T14:00:33.091763+00:00,BTC-25SEP26-140000-C,86292.39,BTC-25SEP26,call,140000.0,2026-09-25T08:00:00+00:00,0.007528041049921413,,0.0001,0.0,,86292.39,BTC-25SEP26,1.0796,0.0,6e-05,1208.1,0.0,,BTC,86205.51,0.0
2026-09-22T14:00:33.091763+00:00,BTC-30OCT26-94000-P,86712.37,BTC-30OCT26,put,94000.0,2026-10-30T08:00:00+00:00,0.10335281859954495,0.1005,0.1045,0.10264934,0.1025,86712.37,BTC-30OCT26,0.3729,-0.73137,91.92546,0.1,0.0,0.00399999999999999,BTC,86205.51,0.0
2026-09-22T14:00:33.091763+00:00,BTC-9OCT26-81000-C,86449.64,BTC-9OCT26,call,81000.0,2026-10-09T08:00:00+00:00,0.04585795206977083,0.071,0.0735,0.07258159,0.07225,86449.64,BTC-9OCT26,0.3803,0.79756,52.19325,99.4,0.0,0.0025000000000000022,BTC,86193.06,0.0
2026-09-22T14:00:33.091763+00:00,BTC-25DEC26-100000-C,87446.11,BTC-25DEC26,call,100000.0,2026-12-25T08:00:00+00:00,0.2566724626789426,0.031,0.032,0.03135492,0.0315,87446.11,BTC-25DEC26,0.3908,0.28047,149.2156,5858.6,171.1,0.0010000000000000009,BTC,86193.06,470345.7
2026-09-22T14:00:33.091763+00:00,BTC-26SEP26-94000-C,86312.88,BTC-26SEP26,call,94000.0,2026-09-26T08:00:00+00:00,0.010265891837053514,0.0009,0.0011,0.00100382,0.001,86312.88,BTC-26SEP26,0.49939999999999996,0.04723,8.61458,0.0,0.0,0.0002000000000000001,BTC,86193.06,0.0
2026-09-22T14:00:33.091763+00:00,BTC-26SEP26-85500-C,86312.88,BTC-26SEP26,call,85500.0,2026-09-26T08:00:00+00:00,0.010265891837053514,0.0195,0.021,0.02027504,0.02025,86312.88,BTC-26SEP26,0.3743,0.5995,33.78699,0.0,0.0,0.0015000000000000013,BTC,86193.06,0.0
2026-09-22T14:00:33.091763+00:00,BTC-23SEP26-83500-P,86261.01,BTC-23SEP26,put,83500.0,2026-09-23T08:00:00+00:00,0.002052339475657211,0.0003,0.0004,0.00027895,0.00035,86261.01,BTC-23SEP26,0.40630000000000005,-0.04092,3.4285,149.5,103.2,0.00010000000000000005,BTC,86193.06,8946.87
2026-09-22T14:00:33.091763+00:00,BTC-23SEP26-84000-C,86261.01,BTC-23SEP26,call,84000.0,2026-09-23T08:00:00+00:00,0.002052339475657211,0.025,0.0285,0.02666267,0.02675,86261.01,BTC-23SEP26,0.3737,0.93804,4.77115,19.8,5.0,0.0034999999999999996,BTC,86193.06,10610.43
2026-09-22T14:00:33.091763+00:00,BTC-26MAR27-62000-P,88472.13,BTC-26MAR27,put,62000.0,2027-03-26T08:00:00+00:00,0.5058168843079639,0.017,0.018,0.01734359,0.0175,88472.13,BTC-26MAR27,0.446,-0.10081,111.03818,233.3,1.0,0.0009999999999999974,BTC,86184.47,1468.55
2026-09-22T14:00:33.091763+00:00,BTC-26SEP26-84500-C,86315.22,BTC-26SEP26,call,84500.0,2026-09-26T08:00:00+00:00,0.010265891837053514,0.0265,0.0285,0.02772425,0.0275,86315.22,BTC-26SEP26,0.37189999999999995,0.71305,29.77406,0.0,0.0,0.0020000000000000018,BTC,86184.47,0.0
2026-09-22T14:00:33.091763+00:00,BTC-25SEP26-102000-P,86292.39,BTC-25SEP26,put,102000.0,2026-09-25T08:00:00+00:00,0.007528041049921413,0.1805,0.184,0.18215963,0.18225,86292.39,BTC-25SEP26,0.7814,-0.99272,1.50983,6.1,0.0,0.003500000000000003,BTC,86184.47,0.0
2026-09-22T14:00:33.091763+00:00,BTC-27NOV26-80000-C,87070.89,BTC-27NOV26,call,80000.0,2026-11-27T08:00:00+00:00,0.1800126406392438,0.1115,0.1135,0.11237816,0.1125,87070.89,BTC-27NOV26,0.39280000000000004,0.72164,123.967,1146.4,1.0,0.0020000000000000018,BTC,86184.47,9733.2
2026-09-22T14:00:33.091763+00:00,BTC-2OCT26-76000-C,86378.81,BTC-2OCT26,call,76000.0,2026-10-02T08:00:00+00:00,0.02669299655984612,0.119,0.123,0.12128729,0.121,86378.81,BTC-2OCT26,0.4475,0.96229,11.58787,40.7,0.3,0.0040000000000000036,BTC,86184.47,3057.23
2026-09-22T14:00:33.091763+00:00,BTC-25JUN27-135000-P,89540.92,BTC-25JUN27,put,135000.0,2027-06-25T08:00:00+00:00,0.7549613059369851,0.5315,0.547,0.53722128,0.53925,89540.92,BTC-25JUN27,0.4229,-0.82506,200.4419,0.0,0.0,0.01550000000000007,BTC,86184.47,0.0
2026-09-22T14:00:33.091763+00:00,BTC-25JUN27-94000-P,89540.92,BTC-25JUN27,put,94000.0,2027-06-25T08:00:00+00:00,0.7549613059369851,0.1665,0.1695,0.16738196,0.168,89540.92,BTC-25JUN27,0.3992,-0.48744,310.12397,0.1,0.0,0.0030000000000000027,BTC,86184.47,0.0
2026-09-22T14:00:33.091763+00:00,BTC-27NOV26-92000-C,87068.55,BTC-27NOV26,call,92000.0,2026-11-27T08:00:00+00:00,0.1800126406392438,0.0415,0.0425,0.04207016,0.042,87068.55,BTC-27NOV26,0.3829,0.39645,142.31825,273.7,200.6,0.0010000000000000009,BTC,86177.74,713470.07
2026-09-22T14:00:33.091763+00:00,BTC-25DEC26-58000-P,87446.11,BTC-25DEC26,put,58000.0,2026-12-25T08:00:00+00:00,0.2566724626789426,0.0045,0.0047,0.00460779,0.0046,87446.11,BTC-25DEC26,0.5015,-0.041,38.92957,1838.5,0.0,0.00020000000000000052,BTC,86177.74,0.0
2026-09-22T14:00:33.091763+00:00,BTC-23SEP26-87000-C,86260.37,BTC-23SEP26,call,87000.0,2026-09-23T08:00:00+00:00,0.002052339475657211,0.0036,0.004,0.00387157,0.0038,86260.37,BTC-23SEP26,0.40549999999999997,0.30821,13.74201,123.6,78.9,0.0004000000000000002,BTC,86177.74,28444.31
2026-09-22T14:00:33.091763+00:00,BTC-26SEP26-81000-P,86312.88,BTC-26SEP26,put,81000.0,2026-09-26T08:00:00+00:00,0.010265891837053514,0.0011,0.0014,0.0011625,0.00125,86312.88,BTC-26SEP26,0.415,-0.06534,11.12752,0.0,0.0,0.0002999999999999999,BTC,86177.74,0.0
2026-09-22T14:00:33.091763+00:00,BTC-30OCT26-100000-P,86712.37,BTC-30OCT26,put,100000.0,2026-10-30T08:00:00+00:00,0.10335281859954495,0.159,0.164,0.16160516,0.1615,86712.37,BTC-30OCT26,0.38789999999999997,-0.86155,61.54775,1.3,0.9,0.0050000000000000044,BTC,86173.35,12069.61
2026-09-22T14:00:33.091763+00:00,BTC-25DEC26-220000-C,87448.45,BTC-25DEC26,call,220000.0,2026-12-25T08:00:00+00:00,0.2566724626789426,0.0003,0.0006,0.00042479,0.00045,87448.45,BTC-25DEC26,0.655,0.00446,5.7772,256.1,0.0,0.0003,BTC,86173.35,0.0
2026-09-22T14:00:33.091763+00:00,BTC-26MAR27-80000-C,88472.13,BTC-26MAR27,call,80000.0,2027-03-26T08:00:00+00:00,0.5058168843079639,0.161,0.1635,0.16230853,0.16225,88472.13,BTC-26MAR27,0.40020000000000006,0.689,222.18973,1098.9,7.3,0.0025000000000000022,BTC,86173.35,100288.52
2026-09-22T14:00:33.091763+00:00,BTC-25SEP26-175000-P,86292.39,BTC-25SEP26,put,175000.0,2026-09-25T08:00:00+00:00,0.007528041049921413,1.024,1.0315,1.02793286,1.02775,86292.39,BTC-25SEP26,1.0796,-1.0,0.0,0.2,0.0,0.007500000000000062,BTC,86173.35,0.0
2026-09-22T14:00:33.091763+00:00,BTC-25SEP26-77000-C,86292.39,BTC-25SEP26,call,77000.0,2026-09-25T08:00:00+00:00,0.007528041049921413,0.1065,0.1095,0.10798096,0.108,86292.39,BTC-25SEP26,0.6075,0.985,2.83346,580.2,17.0,0.0030000000000000027,BTC,86173.35,156216.39
2026-09-22T14:00:33.091763+00:00,BTC-25DEC26-56000-P,87446.11,BTC-25DEC26,put,56000.0,2026-12-25T08:00:00+00:00,0.2566724626789426,0.0037,0.004,0.00387117,0.00385,87446.11,BTC-25DEC26,0.5189,-0.03418,33.55289,520.5,0.7,0.0002999999999999999,BTC,86166.55,262.33
2026-09-22T14:00:33.091763+00:00,BTC-25SEP26-75000-P,86292.39,BTC-25SEP26,put,75000.0,2026-09-25T08:00:00+00:00,0.007528041049921413,0.0002,0.0003,0.000266,0.00025,86292.39,BTC-25SEP26,0.7259,-0.01238,2.40131,4132.1,533.6,9.999999999999996e-05,BTC,86173.35,22609.71
2026-09-22T14:00:33.091763+00:00,BTC-23SEP26-81500-C,86261.01,BTC-23SEP26,call,81500.0,2026-09-23T08:00:00+00:00,0.002052339475657211,0.023,0.0865,0.05533413,0.05475,86261.01,BTC-23SEP26,0.5594,0.98646,1.35369,4.1,0.0,0.0635,BTC,86166.55,0.0
2026-09-22T14:00:33.091763+00:00,BTC-26SEP26-76000-P,86312.88,BTC-26SEP26,put,76000.0,2026-09-26T08:00:00+00:00,0.010265891837053514,0.0002,0.0004,0.00026475,0.0003,86312.88,BTC-26SEP26,0.5708,-0.01351,3.02426,0.1,0.1,0.0002,BTC,86166.55,2.57
2026-09-22T14:00:33.091763+00:00,BTC-25DEC26-140000-C,87448.45,BTC-25DEC26,call,140000.0,2026-12-25T08:00:00+00:00,0.2566724626789426,0.0027,0.0031,0.00292373,0.0029,87448.45,BTC-25DEC26,0.4756,0.03321,32.77129,1431.9,0.0,0.00039999999999999975,BTC,86166.55,0.0
2026-09-22T14:00:33.091763+00:00,BTC-30OCT26-71000-C,86712.37,BTC-30OCT26,call,71000.0,2026-10-30T08:00:00+00:00,0.10335281859954495,0.184,0.187,0.18550378,0.1855,86712.37,BTC-30OCT26,0.4329,0.93295,36.18161,966.1,0.0,0.0030000000000000027,BTC,86159.34,0.0
2026-09-22T14:00:33.091763+00:00,BTC-26SEP26-95000-P,86312.88,BTC-26SEP26,put,95000.0,2026-09-26T08:00:00+00:00,0.010265891837053514,0.099,0.1035,0.10136445,0.10125,86312.88,BTC-26SEP26,0.5241,-0.96391,6.924,0.0,0.0,0.00449999999999999,BTC,86159.34,0.0
2026-09-22T14:00:33.091763+00:00,BTC-25SEP26-90000-C,86292.39,BTC-25SEP26,call,90000.0,2026-09-25T08:00:00+00:00,0.007528041049921413,0.0022,0.0026,0.00243801,0.0024,86292.39,BTC-25SEP26,0.4276,0.12644,15.52453,8037.3,2938.3,0.00039999999999999975,BTC,86159.34,856429.55
2026-09-22T14:00:33.091763+00:00,BTC-30OCT26-106000-C,86712.37,BTC-30OCT26,call,106000.0,2026-10-30T08:00:00+00:00,0.10335281859954495,0.004,0.0042,0.00414357,0.0041,86712.37,BTC-30OCT26,0.4122,0.07266,38.49104,10.0,10.2,0.00019999999999999966,BTC,86159.34,3909.77
2026-09-22T14:00:33.091763+00:00,BTC-25SEP26-73000-C,86292.39,BTC-25SEP26,call,73000.0,2026-09-25T08:00:00+00:00,0.007528041049921413,0.153,0.1555,0.15429962,0.15425,86292.39,BTC-25SEP26,0.8323999999999999,0.99027,1.94732,48.2,6.0,0.0025000000000000022,BTC,86159.34,81597.06
2026-09-22T14:00:33.091763+00:00,BTC-25DEC26-76000-P,87446.11,BTC-25DEC26,put,76000.0,2026-12-25T08:00:00+00:00,0.2566724626789426,0.0275,0.0285,0.02769299,0.028,87446.11,BTC-25DEC26,0.4028,-0.21646,129.87013,474.2,48.4,0.0010000000000000009,BTC,86159.34,117755.85
2026-09-22T14:00:33.091763+00:00,BTC-25DEC26-250000-C,87446.11,BTC-25DEC26,call,250000.0,2026-12-25T08:00:00+00:00,0.2566724626789426,0.0001,0.0003,0.00022712,0.0002,87446.11,BTC-25DEC26,0.6919,0.00237,3.28,1281.8,0.0,0.00019999999999999998,BTC,86162.52,0.0
2026-09-22T14:00:33.091763+00:00,BTC-25JUN27-85000-C,89540.92,BTC-25JUN27,call,85000.0,2027-06-25T08:00:00+00:00,0.7549613059369851,0.1605,0.163,0.16226572,0.16175,89540.92,BTC-25JUN27,0.40270000000000006,0.62587,294.6165,163.1,0.5,0.0025000000000000022,BTC,86159.34,6947.78
2026-09-22T14:00:33.091763+00:00,BTC-25JUN27-45000-P,89543.26,BTC-25JUN27,put,45000.0,2027-06-25T08:00:00+00:00,0.7549613059369851,0.0075,0.0085,0.0079443,0.008,89543.26,BTC-25JUN27,0.5089,-0.03799,64.25239,160.5,3.4,0.0010000000000000009,BTC,86159.34,2496.13
2026-09-22T14:00:33.091763+00:00,BTC-2OCT26-89000-P,86378.81,BTC-2OCT26,put,89000.0,2026-10-02T08:00:00+00:00,0.02669299655984612,0.042,0.044,0.04306357,0.043,86378.81,BTC-2OCT26,0.3784,-0.68047,50.40182,2.0,2.0,0.001999999999999995,BTC,86162.52,7499.07
2026-09-22T14:00:33.091763+00:00,BTC-25JUN27-106000-C,89543.26,BTC-25JUN27,call,106000.0,2027-06-25T08:00:00+00:00,0.7549613059369851,0.076,0.0775,0.07655661,0.07675,89543.26,BTC-25JUN27,0.4017,0.37778,295.52649,18.7,0.0,0.0015000000000000013,BTC,86162.52,0.0
2026-09-22T14:00:33.091763+00:00,BTC-9OCT26-92000-P,86449.64,BTC-9OCT26,put,92000.0,2026-10-09T08:00:00+00:00,0.04585795206977083,0.073,0.0765,0.0749554,0.07475,86449.64,BTC-9OCT26,0.3807,-0.76836,56.4032,0.0,0.0,0.003500000000000003,BTC,86164.81,0.0
2026-09-22T14:00:33.091763+00:00,BTC-26MAR27-70000-C,88472.13,BTC-26MAR27,call,70000.0,2027-03-26T08:00:00+00:00,0.5058168843079639,0.2395,0.243,0.24120089,0.24125,88472.13,BTC-26MAR27,0.41840000000000005,0.82443,162.43648,771.0,28.5,0.003500000000000003,BTC,86164.81,591386.14
2026-09-22T14:00:33.091763+00:00,BTC-24SEP26-82500-C,86278.65,BTC-24SEP26,call,82500.0,2026-09-24T08:00:00+00:00,0.004790190262789312,0.043,0.046,0.0444047,0.0445,86278.65,BTC-24SEP26,0.3947,0.94692,6.45398,11.5,0.8,0.0030000000000000027,BTC,86164.81,2458.57
2026-09-22T14:00:33.091763+00:00,BTC-23SEP26-85500-P,86261.01,BTC-23SEP26,put,85500.0,2026-09-23T08:00:00+00:00,0.002052339475657211,0.0026,0.0031,0.00280945,0.00285,86261.01,BTC-23SEP26,0.3481,-0.30617,13.69994,76.9,102.5,0.0005,BTC,86164.81,57835.78
2026-09-22T14:00:33.091763+00:00,BTC-27NOV26-92000-P,87068.55,BTC-27NOV26,put,92000.0,2026-11-27T08:00:00+00:00,0.1800126406392438,0.0975,0.1,0.09866205,0.09875,87068.55,BTC-27NOV26,0.3829,-0.60393,142.2591,2.1,2.0,0.0025000000000000022,BTC,86164.81,17149.4
2026-09-22T14:00:33.091763+00:00,BTC-30OCT26-40000-P,86712.37,BTC-30OCT26,put,40000.0,2026-10-30T08:00:00+00:00,0.10335281859954495,0.0001,0.0002,0.00014116,0.00015,86712.37,BTC-30OCT26,0.8590000000000001,-0.00167,1.49604,117.8,0.1,0.0001,BTC,86164.81,0.85
2026-09-22T14:00:33.091763+00:00,BTC-23SEP26-88000-C,86261.01,BTC-23SEP26,call,88000.0,2026-09-23T08:00:00+00:00,0.002052339475657211,0.0016,0.0019,0.00184438,0.00175,86261.01,BTC-23SEP26,0.45439999999999997,0.15688,9.37825,254.4,636.3,0.0002999999999999999,BTC,86164.81,176816.46
2026-09-22T14:00:33.091763+00:00,BTC-2OCT26-77000-P,86378.81,BTC-2OCT26,put,77000.0,2026-10-02T08:00:00+00:00,0.02669299655984612,0.0013,0.0016,0.00143812,0.00145,86378.81,BTC-2OCT26,0.4314,-0.04928,14.37947,233.6,2.4,0.00030000000000000014,BTC,86168.99,472.46
2026-09-22T14:00:33.091763+00:00,BTC-23SEP26-86000-P,86261.01,BTC-23SEP26,put,86000.0,2026-09-23T08:00:00+00:00,0.002052339475657211,0.0049,0.0055,0.00512454,0.0052,86261.01,BTC-23SEP26,0.36229999999999996,-0.4461,15.43514,80.6,90.8,0.0005999999999999998,BTC,86168.99,52222.98
2026-09-22T14:00:33.091763+00:00,BTC-25JUN27-108000-C,89540.92,BTC-25JUN27,call,108000.0,2027-06-25T08:00:00+00:00,0.7549613059369851,0.0705,0.072,0.07133649,0.07125,89540.92,BTC-25JUN27,0.40259999999999996,0.35824,290.40983,23.8,0.3,0.0015000000000000013,BTC,86164.81,1841.01
2026-09-22T14:00:33.091763+00:00,BTC-25JUN27-115000-P,89540.92,BTC-25JUN27,put,115000.0,2027-06-25T08:00:00+00:00,0.7549613059369851,0.338,0.344,0.3401599,0.341,89540.92,BTC-25JUN27,0.4064,-0.70338,268.97971,0.0,0.0,0.00599999999999995,BTC,86168.99,0.0
2026-09-22T14:00:33.091763+00:00,BTC-26MAR27-45000-P,88472.13,BTC-26MAR27,put,45000.0,2027-03-26T08:00:00+00:00,0.5058168843079639,0.0043,0.0048,0.00453436,0.00455,88472.13,BTC-26MAR27,0.5463,-0.02671,38.84786,260.0,2.8,0.0004999999999999996,BTC,86169.06,1136.68
2026-09-22T14:00:33.091763+00:00,BTC-30OCT26-95000-P,86712.37,BTC-30OCT26,put,95000.0,2026-10-30T08:00:00+00:00,0.10335281859954495,0.1095,0.114,0.11184752,0.11175,86712.37,BTC-30OCT26,0.37479999999999997,-0.75946,86.71711,0.2,0.0,0.004500000000000004,BTC,86169.06,0.0
2026-09-22T14:00:33.091763+00:00,BTC-27NOV26-108000-C,87070.89,BTC-27NOV26,call,108000.0,2026-11-27T08:00:00+00:00,0.1800126406392438,0.009,0.01,0.00960031,0.0095,87070.89,BTC-27NOV26,0.405,0.12047,74.05914,97.7,10.5,0.0010000000000000009,BTC,86169.06,9051.7
2026-09-22T14:00:33.091763+00:00,BTC-27NOV26-83000-C,87068.55,BTC-27NOV26,call,83000.0,2026-11-27T08:00:00+00:00,0.1800126406392438,0.0895,0.091,0.09014153,0.09025,87068.55,BTC-27NOV26,0.38789999999999997,0.64342,137.66983,88.4,0.1,0.0015000000000000013,BTC,86169.06,770.21
2026-09-22T14:00:33.091763+00:00,BTC-27NOV26-98000-P,87068.55,BTC-27NOV26,put,98000.0,2026-11-27T08:00:00+00:00,0.1800126406392438,0.147,0.1515,0.14949431,0.14925,87068.55,BTC-27NOV26,0.3868,-0.7401,119.73536,0.0,0.0,0.004500000000000004,BTC,86169.06,0.0
2026-09-22T14:00:33.091763+00:00,BTC-27NOV26-78000-P,87070.89,BTC-27NOV26,put,78000.0,2026-11-27T08:00:00+00:00,0.1800126406392438,0.024,0.025,0.02466256,0.0245,87070.89,BTC-27NOV26,0.3975,-0.23235,112.74736,187.8,2.0,0.0010000000000000009,BTC,86169.06,4582.53
2026-09-22T14:00:33.091763+00:00,BTC-25DEC26-65000-P,87448.45,BTC-25DEC26,put,65000.0,2026-12-25T08:00:00+00:00,0.2566724626789426,0.0085,0.0095,0.00889289,0.009,87448.45,BTC-25DEC26,0.45,-0.07917,65.30872,811.4,6.3,0.0009999999999999992,BTC,86169.06,4946.97
2026-09-22T14:00:33.091763+00:00,BTC-27NOV26-104000-C,87070.89,BTC-27NOV26,call,104000.0,2026-11-27T08:00:00+00:00,0.1800126406392438,0.0135,0.014,0.01371325,0.01375,87070.89,BTC-27NOV26,0.39630000000000004,0.16406,91.31074,15.6,0.5,0.0005000000000000004,BTC,86169.95,559.71
2026-09-22T14:00:33.091763+00:00,BTC-9OCT26-68000-P,86449.64,BTC-9OCT26,put,68000.0,2026-10-09T08:00:00+00:00,0.04585795206977083,0.0005,0.0006,0.00052583,0.00055,86449.64,BTC-9OCT26,0.5172,-0.01342,6.36546,378.0,352.1,9.999999999999994e-05,BTC,86169.95,19394.04
2026-09-22T14:00:33.091763+00:00,BTC-24SEP26-86000-P,86278.65,BTC-24SEP26,put,86000.0,2026-09-24T08:00:00+00:00,0.004790190262789312,0.008,0.009,0.00870212,0.0085,86278.65,BTC-24SEP26,0.37200000000000005,-0.45921,23.68203,1.5,1.3,0.0009999999999999992,BTC,86169.95,1545.52
2026-09-22T14:00:33.091763+00:00,BTC-25JUN27-130000-C,89543.26,BTC-25JUN27,call,130000.0,2027-06-25T08:00:00+00:00,0.7549613059369851,0.0335,0.035,0.03440166,0.03425,89543.26,BTC-25JUN27,0.4183,0.19873,216.8709,766.2,17.3,0.0015000000000000013,BTC,86169.95,50504.94
2026-09-22T14:00:33.091763+00:00,BTC-26SEP26-96000-C,86312.88,BTC-26SEP26,call,96000.0,2026-09-26T08:00:00+00:00,0.010265891837053514,0.0004,0.0007,0.00058364,0.00055,86312.88,BTC-26SEP26,0.5418999999999999,0.02701,5.4489,0.0,0.0,0.0003,BTC,86169.95,0.0
2026-09-22T14:00:33.091763+00:00,BTC-27NOV26-90000-P,87070.89,BTC-27NOV26,put,90000.0,2026-11-27T08:00:00+00:00,0.1800126406392438,0.0835,0.0845,0.08400981,0.084,87070.89,BTC-27NOV26,0.3829,-0.55091,146.09431,1.4,3.7,0.0010000000000000009,BTC,86169.95,27253.23
2026-09-22T14:00:33.091763+00:00,BTC-26SEP26-93000-C,86315.22,BTC-26SEP26,call,93000.0,2026-09-26T08:00:00+00:00,0.010265891837053514,0.0012,0.0014,0.00130526,0.0013,86315.22,BTC-26SEP26,0.4746,0.0611,10.56081,0.2,0.2,0.0002000000000000001,BTC,86171.4,18.91
2026-09-22T14:00:33.091763+00:00,BTC-25DEC26-40000-C,87446.11,BTC-25DEC26,call,40000.0,2026-12-25T08:00:00+00:00,0.2566724626789426,0.5425,0.5445,0.54393049,0.5435,87446.11,BTC-25DEC26,0.7149,0.99029,11.50344,253.0,2.1,0.0020000000000000018,BTC,86171.4,97788.33
2026-09-22T14:00:33.091763+00:00,BTC-27NOV26-86000-C,87068.55,BTC-27NOV26,call,86000.0,2026-11-27T08:00:00+00:00,0.1800126406392438,0.0705,0.0715,0.07093541,0.071,87068.55,BTC-27NOV26,0.3843,0.5604,145.60653,209.9,47.6,0.0010000000000000009,BTC,86171.4,288107.24
2026-09-22T14:00:33.091763+00:00,BTC-25DEC26-135000-P,87446.11,BTC-25DEC26,put,135000.0,2026-12-25T08:00:00+00:00,0.2566724626789426,0.5445,0.551,0.54736758,0.54775,87446.11,BTC-25DEC26,0.4632,-0.95876,39.11235,0.7,0.0,0.006500000000000061,BTC,86171.4,0.0
2026-09-22T14:00:33.091763+00:00,BTC-26SEP26-88000-C,86312.88,BTC-26SEP26,call,88000.0,2026-09-26T08:00:00+00:00,0.010265891837053514,0.0075,0.0085,0.00797911,0.008,86312.88,BTC-26SEP26,0.3883,0.3105,30.85651,0.2,0.2,0.0010000000000000009,BTC,86171.4,116.0
2026-09-22T14:00:33.091763+00:00,BTC-26MAR27-105000-C,88472.13,BTC-26MAR27,call,105000.0,2027-03-26T08:00:00+00:00,0.5058168843079639,0.0505,0.052,0.05118364,0.05125,88472.13,BTC-26MAR27,0.3973,0.3199,224.84424,262.9,3.3,0.0014999999999999944,BTC,86161.68,14187.6
2026-09-22T14:00:33.091763+00:00,BTC-26MAR27-100000-P,88474.47,BTC-26MAR27,put,100000.0,2027-03-26T08:00:00+00:00,0.5058168843079639,0.1935,0.197,0.19508676,0.19525,88474.47,BTC-26MAR27,0.3947,-0.61745,239.93939,12.7,0.0,0.003500000000000003,BTC,86161.68,0.0
2026-09-22T14:00:33.091763+00:00,BTC-25JUN27-130000-P,89543.26,BTC-25JUN27,put,130000.0,2027-06-25T08:00:00+00:00,0.7549613059369851,0.483,0.4905,0.48615455,0.48675,89543.26,BTC-25JUN27,0.4183,-0.80126,216.87712,3.9,0.0,0.007500000000000007,BTC,86171.4,0.0
2026-09-22T14:00:33.091763+00:00,BTC-24SEP26-88500-C,86278.65,BTC-24SEP26,call,88500.0,2026-09-24T08:00:00+00:00,0.004790190262789312,0.003,0.0034,0.0032334,0.0032,86278.65,BTC-24SEP26,0.4264,0.1901,16.19881,9.5,9.5,0.00039999999999999975,BTC,86161.68,2945.07
2026-09-22T14:00:33.091763+00:00,BTC-25DEC26-20000-P,87448.45,BTC-25DEC26,put,20000.0,2026-12-25T08:00:00+00:00,0.2566724626789426,0.0002,0.0003,0.00024367,0.00025,87448.45,BTC-25DEC26,1.0676999999999999,-0.00137,1.98996,899.5,2.5,9.999999999999996e-05,BTC,86161.68,47.27
2026-09-22T14:00:33.091763+00:00,BTC-30OCT26-74000-C,86712.37,BTC-30OCT26,call,74000.0,2026-10-30T08:00:00+00:00,0.10335281859954495,0.152,0.155,0.15343297,0.1535,86712.37,BTC-30OCT26,0.40990000000000004,0.89627,50.2102,722.4,6.4,0.0030000000000000027,BTC,86161.68,87550.68
2026-09-22T14:00:33.091763+00:00,BTC-24SEP26-95000-P,86278.65,BTC-24SEP26,put,95000.0,2026-09-24T08:00:00+00:00,0.004790190262789312,0.064,0.1425,0.10133963,0.10325,86278.65,BTC-24SEP26,0.6607,-0.98244,2.58599,0.0,0.0,0.07849999999999999,BTC,86155.97,0.0
2026-09-22T14:00:33.091763+00:00,BTC-9OCT26-100000-C,86449.64,BTC-9OCT26,call,100000.0,2026-10-09T08:00:00+00:00,0.04585795206977083,0.0023,0.0026,0.00248159,0.00245,86449.64,BTC-9OCT26,0.4326,0.06222,22.67123,54.5,5.0,0.0002999999999999999,BTC,86155.97,1186.34
2026-09-22T14:00:33.091763+00:00,BTC-27NOV26-99000-P,87070.89,BTC-27NOV26,put,99000.0,2026-11-27T08:00:00+00:00,0.1800126406392438,0.1565,0.161,0.15886284,0.15875,87070.89,BTC-27NOV26,0.3884,-0.75885,115.06474,0.0,0.0,0.004500000000000004,BTC,86155.97,0.0
2026-09-22T14:00:33.091763+00:00,BTC-25JUN27-80000-C,89540.92,BTC-25JUN27,call,80000.0,2027-06-25T08:00:00+00:00,0.7549613059369851,0.191,0.193,0.19272038,0.192,89540.92,BTC-25JUN27,0.40659999999999996,0.68894,274.71848,170.0,8.3,0.0020000000000000018,BTC,86161.68,136858.34
2026-09-22T14:00:33.091763+00:00,BTC-24SEP26-73000-C,86278.65,BTC-24SEP26,call,73000.0,2026-09-24T08:00:00+00:00,0.004790190262789312,0.124,0.183,0.15396386,0.1535,86278.65,BTC-24SEP26,0.8076000000000001,0.99864,0.26637,0.0,0.0,0.059,BTC,86155.97,0.0
2026-09-22T14:00:33.091763+00:00,BTC-26MAR27-140000-C,88472.13,BTC-26MAR27,call,140000.0,2027-03-26T08:00:00+00:00,0.5058168843079639,0.0115,0.0125,0.01205586,0.012,88472.13,BTC-26MAR27,0.4375,0.09301,104.62149,914.7,0.1,0.0010000000000000009,BTC,86153.35,98.8
2026-09-22T14:00:33.091763+00:00,BTC-27NOV26-73000-C,87070.89,BTC-27NOV26,call,73000.0,2026-11-27T08:00:00+00:00,0.1800126406392438,0.1735,0.177,0.17500225,0.17525,87070.89,BTC-27NOV26,0.41490000000000005,0.86049,81.96579,0.3,0.0,0.003500000000000003,BTC,86153.35,0.0
2026-09-22T14:00:33.091763+00:00,BTC-25DEC26-62000-C,87446.11,BTC-25DEC26,call,62000.0,2026-12-25T08:00:00+00:00,0.2566724626789426,0.296,0.2995,0.29773225,0.29775,87446.11,BTC-25DEC26,0.47100000000000003,0.94007,52.68957,247.1,0.0,0.003500000000000003,BTC,86153.35,0.0
2026-09-22T14:00:33.091763+00:00,BTC-25JUN27-135000-C,89540.92,BTC-25JUN27,call,135000.0,2027-06-25T08:00:00+00:00,0.7549613059369851,0.029,0.0305,0.02963015,0.02975,89540.92,BTC-25JUN27,0.4229,0.17472,200.2117,0.3,0.3,0.0014999999999999979,BTC,86155.97,747.81
2026-09-22T14:00:33.091763+00:00,BTC-25JUN27-82000-C,89540.92,BTC-25JUN27,call,82000.0,2027-06-25T08:00:00+00:00,0.7549613059369851,0.178,0.1805,0.18009916,0.17925,89540.92,BTC-25JUN27,0.405,0.66384,283.62434,76.4,0.3,0.0025000000000000022,BTC,86153.35,4668.33
2026-09-22T14:00:33.091763+00:00,BTC-30OCT26-71000-P,86712.37,BTC-30OCT26,put,71000.0,2026-10-30T08:00:00+00:00,0.10335281859954495,0.0041,0.0045,0.00425224,0.0043,86712.37,BTC-30OCT26,0.4329,-0.06712,36.20762,685.4,9.2,0.0003999999999999993,BTC,86153.35,3576.03
2026-09-22T14:00:33.091763+00:00,BTC-24SEP26-87000-C,86278.65,BTC-24SEP26,call,87000.0,2026-09-24T08:00:00+00:00,0.004790190262789312,0.0065,0.0075,0.00712018,0.007,86278.65,BTC-24SEP26,0.3883,0.36531,22.42852,42.2,4.1,0.001,BTC,86140.08,3072.77
2026-09-22T14:00:33.091763+00:00,BTC-25JUN27-110000-C,89543.26,BTC-25JUN27,call,110000.0,2027-06-25T08:00:00+00:00,0.7549613059369851,0.0655,0.0675,0.06647501,0.0665,89543.26,BTC-25JUN27,0.4035,0.33932,284.64612,293.8,36.9,0.0020000000000000018,BTC,86153.35,213746.27
2026-09-22T14:00:33.091763+00:00,BTC-9OCT26-92000-C,86449.64,BTC-9OCT26,call,92000.0,2026-10-09T08:00:00+00:00,0.04585795206977083,0.0105,0.011,0.01079559,0.01075,86449.64,BTC-9OCT26,0.3807,0.23048,56.22811,73.9,73.4,0.0004999999999999987,BTC,86140.08,65045.51
2026-09-22T14:00:33.091763+00:00,BTC-25SEP26-30000-C,86292.39,BTC-25SEP26,call,30000.0,2026-09-25T08:00:00+00:00,0.007528041049921413,0.6515,0.653,0.65235437,0.65225,86292.39,BTC-25SEP26,1.2395,1.0,0.0,135.5,0.0,0.0015000000000000568,BTC,86140.08,0.0
2026-09-22T14:00:33.091763+00:00,BTC-25JUN27-85000-P,89540.92,BTC-25JUN27,put,85000.0,2027-06-25T08:00:00+00:00,0.7549613059369851,0.1105,0.113,0.11148876,0.11175,89540.92,BTC-25JUN27,0.40270000000000006,-0.3744,294.61049,15.7,0.6,0.0025000000000000022,BTC,86140.08,5862.23
2026-09-22T14:00:33.091763+00:00,BTC-2OCT26-86000-C,86376.47,BTC-2OCT26,call,86000.0,2026-10-02T08:00:00+00:00,0.02669299655984612,0.026,0.027,0.0263761,0.0265,86376.47,BTC-2OCT26,0.37079999999999996,0.53264,56.05966,849.4,349.7,0.0010000000000000009,BTC,86140.08,806712.45
2026-09-22T14:00:33.091763+00:00,BTC-26MAR27-108000-C,88472.13,BTC-26MAR27,call,108000.0,2027-03-26T08:00:00+00:00,0.5058168843079639,0.044,0.045,0.0445146,0.0445,88472.13,BTC-26MAR27,0.3996,0.28633,213.88258,94.6,33.0,0.0010000000000000009,BTC,86130.65,128356.36
2026-09-22T14:00:33.091763+00:00,BTC-27NOV26-74000-C,87068.55,BTC-27NOV26,call,74000.0,2026-11-27T08:00:00+00:00,0.1800126406392438,0.164,0.1665,0.16531586,0.16525,87068.55,BTC-27NOV26,0.41100000000000003,0.8442,88.23726,0.4,0.0,0.0025000000000000022,BTC,86130.65,0.0
2026-09-22T14:00:33.091763+00:00,BTC-25JUN27-104000-C,89540.92,BTC-25JUN27,call,104000.0,2027-06-25T08:00:00+00:00,0.7549613059369851,0.0815,0.083,0.08224327,0.08225,89540.92,BTC-25JUN27,0.4011,0.39798,299.91461,185.6,28.1,0.0015000000000000013,BTC,86140.08,203505.08
2026-09-22T14:00:33.091763+00:00,BTC-25SEP26-170000-C,86295.11,BTC-25SEP26,call,170000.0,2026-09-25T08:00:00+00:00,0.007528041049921413,,0.0001,0.0,,86295.11,BTC-25SEP26,1.0796,0.0,0.0,444.9,0.0,,BTC,86130.65,0.0
2026-09-22T14:00:33.091763+00:00,BTC-25DEC26-60000-C,87446.11,BTC-25DEC26,call,60000.0,2026-12-25T08:00:00+00:00,0.2566724626789426,0.318,0.321,0.31934097,0.3195,87446.11,BTC-25DEC26,0.48369999999999996,0.9509,44.98987,787.4,0.2,0.0030000000000000027,BTC,86130.65,5330.62
2026-09-22T14:00:33.091763+00:00,BTC-25SEP26-190000-P,86295.11,BTC-25SEP26,put,190000.0,2026-09-25T08:00:00+00:00,0.007528041049921413,1.197,1.206,1.20175568,1.2015,86295.11,BTC-25SEP26,1.0796,-1.0,0.0,0.0,0.0,0.008999999999999897,BTC,86130.65,0.0
2026-09-22T14:00:33.091763+00:00,BTC-2OCT26-83000-P,86376.47,BTC-2OCT26,put,83000.0,2026-10-02T08:00:00+00:00,0.02669299655984612,0.009,0.01,0.0093204,0.0095,86376.47,BTC-2OCT26,0.3751,-0.25494,45.26388,342.9,318.8,0.0010000000000000009,BTC,86134.07,322661.37
2026-09-22T14:00:33.091763+00:00,BTC-24SEP26-72000-P,86280.99,BTC-24SEP26,put,72000.0,2026-09-24T08:00:00+00:00,0.004790190262789312,,0.0001,1.744e-05,,86280.99,BTC-24SEP26,0.8573000000000001,-0.00113,0.22431,10.3,3.8,,BTC,86134.07,60.95
2026-09-22T14:00:33.091763+00:00,BTC-26SEP26-80000-P,86312.88,BTC-26SEP26,put,80000.0,2026-09-26T08:00:00+00:00,0.010265891837053514,0.0007,0.001,0.00078705,0.00085,86312.88,BTC-26SEP26,0.4411,-0.04547,8.34973,2.0,2.0,0.00030000000000000003,BTC,86134.07,155.15
2026-09-22T14:00:33.091763+00:00,BTC-26MAR27-55000-P,88472.13,BTC-26MAR27,put,55000.0,2027-03-26T08:00:00+00:00,0.5058168843079639,0.0095,0.0105,0.00989703,0.01,88472.13,BTC-26MAR27,0.47950000000000004,-0.05936,74.25928,1266.4,1.5,0.0010000000000000009,BTC,86134.07,1341.69
2026-09-22T14:00:33.091763+00:00,BTC-25JUN27-150000-C,89540.92,BTC-25JUN27,call,150000.0,2027-06-25T08:00:00+00:00,0.7549613059369851,0.019,0.0205,0.01967501,0.01975,89540.92,BTC-25JUN27,0.43799999999999994,0.12137,156.73423,219.7,0.1,0.0015000000000000013,BTC,86134.07,162.87
2026-09-22T14:00:33.091763+00:00,BTC-24SEP26-82000-C,86280.99,BTC-24SEP26,call,82000.0,2026-09-24T08:00:00+00:00,0.004790190262789312,0.0165,0.0825,0.05006517,0.0495,86280.99,BTC-24SEP26,0.41509999999999997,0.95871,5.27435,0.3,0.0,0.066,BTC,86135.06,0.0
2026-09-22T14:00:33.091763+00:00,BTC-25SEP26-58000-C,86292.39,BTC-25SEP26,call,58000.0,2026-09-25T08:00:00+00:00,0.007528041049921413,0.327,0.329,0.32789,0.328,86292.39,BTC-25SEP26,1.1676,0.99996,0.01183,460.5,0.2,0.0020000000000000018,BTC,86134.07,5591.45
2026-09-22T14:00:33.091763+00:00,BTC-30OCT26-54000-C,86712.37,BTC-30OCT26,call,54000.0,2026-10-30T08:00:00+00:00,0.10335281859954495,0.3765,0.3795,0.37800909,0.378,86712.37,BTC-30OCT26,0.6568999999999999,0.99041,7.15505,0.1,0.0,0.0030000000000000027,BTC,86135.06,0.0
2026-09-22T14:00:33.091763+00:00,BTC-23SEP26-79000-P,86261.01,BTC-23SEP26,put,79000.0,2026-09-23T08:00:00+00:00,0.002052339475657211,,0.0001,1.076e-05,,86261.01,BTC-23SEP26,0.6473,-0.0015,0.19081,43.8,10.3,,BTC,86135.06,102.57
2026-09-22T14:00:33.091763+00:00,BTC-26SEP26-96000-P,86312.88,BTC-26SEP26,put,96000.0,2026-09-26T08:00:00+00:00,0.010265891837053514,0.1105,0.115,0.11274538,0.11275,86312.88,BTC-26SEP26,0.5418999999999999,-0.97348,5.3653,0.0,0.0,0.004500000000000004,BTC,86135.06,0.0
2026-09-22T14:00:33.091763+00:00,BTC-24SEP26-83000-C,86278.65,BTC-24SEP26,call,83000.0,2026-09-24T08:00:00+00:00,0.004790190262789312,0.0375,0.0405,0.03884883,0.039,86278.65,BTC-24SEP26,0.38020000000000004,0.92472,8.46828,12.6,0.0,0.0030000000000000027,BTC,86144.03,0.0
2026-09-22T14:00:33.091763+00:00,BTC-26SEP26-79000-C,86315.22,BTC-26SEP26,call,79000.0,2026-09-26T08:00:00+00:00,0.010265891837053514,0.0835,0.0875,0.08534803,0.0855,86315.22,BTC-26SEP26,0.4708,0.96807,6.25927,0.0,0.0,0.00399999999999999,BTC,86144.03,0.0
2026-09-22T14:00:33.091763+00:00,BTC-30OCT26-91000-C,86712.37,BTC-30OCT26,call,91000.0,2026-10-30T08:00:00+00:00,0.10335281859954495,0.027,0.028,0.02776069,0.0275,86712.37,BTC-30OCT26,0.36920000000000003,0.36047,104.24907,1155.7,904.4,0.0010000000000000009,BTC,86144.03,2387914.13
2026-09-22T14:00:33.091763+00:00,BTC-30OCT26-82000-P,86712.37,BTC-30OCT26,put,82000.0,2026-10-30T08:00:00+00:00,0.10335281859954495,0.024,0.025,0.0245596,0.0245,86712.37,BTC-30OCT26,0.3754,-0.30385,97.39869,70.4,19.1,0.0010000000000000009,BTC,86144.03,43542.75
2026-09-22T14:00:33.091763+00:00,BTC-26MAR27-106000-P,88472.13,BTC-26MAR27,put,106000.0,2027-03-26T08:00:00+00:00,0.5058168843079639,0.2445,0.249,0.24692314,0.24675,88472.13,BTC-26MAR27,0.3982,-0.69168,221.26988,0.1,0.0,0.004500000000000004,BTC,86144.03,0.0
2026-09-22T14:00:33.091763+00:00,BTC-9OCT26-95000-P,86449.64,BTC-9OCT26,put,95000.0,2026-10-09T08:00:00+00:00,0.04585795206977083,0.1025,0.107,0.10467568,0.10475,86449.64,BTC-9OCT26,0.3937,-0.86179,40.81553,0.6,0.0,0.004500000000000004,BTC,86153.3,0.0
2026-09-22T14:00:33.091763+00:00,BTC-2OCT26-75000-P,86378.81,BTC-2OCT26,put,75000.0,2026-10-02T08:00:00+00:00,0.02669299655984612,0.0008,0.001,0.00085748,0.0009,86378.81,BTC-2OCT26,0.4639,-0.02984,9.55005,421.9,13.2,0.00019999999999999998,BTC,86144.03,1457.73
2026-09-22T14:00:33.091763+00:00,BTC-25SEP26-300000-P,86292.39,BTC-25SEP26,put,300000.0,2026-09-25T08:00:00+00:00,0.007528041049921413,2.466,2.4845,2.47645634,2.47525,86292.39,BTC-25SEP26,1.3629,-1.0,0.0,0.0,0.0,0.01849999999999996,BTC,86144.03,0.0
2026-09-22T14:00:33.091763+00:00,BTC-23SEP26-82500-P,86261.01,BTC-23SEP26,put,82500.0,2026-09-23T08:00:00+00:00,0.002052339475657211,0.0001,0.0003,0.00017276,0.0002,86261.01,BTC-23SEP26,0.48710000000000003,-0.02383,2.19184,57.3,78.6,0.00019999999999999998,BTC,86153.3,4558.94
2026-09-22T14:00:33.091763+00:00,BTC-25DEC26-210000-P,87448.45,BTC-25DEC26,put,210000.0,2026-12-25T08:00:00+00:00,0.2566724626789426,1.393,1.4105,1.40184885,1.40175,87448.45,BTC-25DEC26,0.6383,-0.9946,6.85672,0.0,0.0,0.01750000000000007,BTC,86153.3,0.0
2026-09-22T14:00:33.091763+00:00,BTC-30OCT26-54000-P,86712.37,BTC-30OCT26,put,54000.0,2026-10-30T08:00:00+00:00,0.10335281859954495,0.0006,0.0009,0.00071919,0.00075,86712.37,BTC-30OCT26,0.6568999999999999,-0.00956,7.13782,189.7,2.2,0.00030000000000000003,BTC,86153.3,152.61
2026-09-22T14:00:33.091763+00:00,BTC-25SEP26-35000-P,86295.11,BTC-25SEP26,put,35000.0,2026-09-25T08:00:00+00:00,0.007528041049921413,,0.0001,0.0,,86295.11,BTC-25SEP26,1.1678,0.0,0.0,1209.4,0.0,,BTC,86153.3,0.0
2026-09-22T14:00:33.091763+00:00,BTC-23SEP26-74000-C,86261.01,BTC-23SEP26,call,74000.0,2026-09-23T08:00:00+00:00,0.002052339475657211,0.1115,0.1715,0.14219424,0.1415,86261.01,BTC-23SEP26,0.8835999999999999,0.99993,0.01039,0.8,0.0,0.06000000000000001,BTC,86163.56,0.0
2026-09-22T14:00:33.091763+00:00,BTC-23SEP26-73000-P,86261.01,BTC-23SEP26,put,73000.0,2026-09-23T08:00:00+00:00,0.002052339475657211,,0.0001,3.4e-07,,86261.01,BTC-23SEP26,0.9314,-4e-05,0.00631,7.2,0.0,,BTC,86163.56,0.0
2026-09-22T14:00:33.091763+00:00,BTC-25SEP26-64000-P,86292.39,BTC-25SEP26,put,64000.0,2026-09-25T08:00:00+00:00,0.007528041049921413,,0.0001,3.132e-05,,86292.39,BTC-25SEP26,1.1434,-0.00114,0.28387,1587.1,149.3,,BTC,86163.56,1475.63
2026-09-22T14:00:33.091763+00:00,BTC-25SEP26-135000-P,86295.11,BTC-25SEP26,put,135000.0,2026-09-25T08:00:00+00:00,0.007528041049921413,0.5615,0.5675,0.56440537,0.5645,86295.11,BTC-25SEP26,1.0796,-1.0,0.00039,11.5,0.0,0.006000000000000005,BTC,86163.56,0.0
2026-09-22T14:00:33.091763+00:00,BTC-9OCT26-70000-P,86451.98,BTC-9OCT26,put,70000.0,2026-10-09T08:00:00+00:00,0.04585795206977083,0.0007,0.0009,0.00079515,0.0008,86451.98,BTC-9OCT26,0.4918,-0.02036,9.09463,92.8,8.3,0.00019999999999999998,BTC,86163.56,736.04
2026-09-22T14:00:33.091763+00:00,BTC-25DEC26-80000-C,87446.11,BTC-25DEC26,call,80000.0,2026-12-25T08:00:00+00:00,0.2566724626789426,0.125,0.127,0.12633284,0.126,87446.11,BTC-25DEC26,0.395,0.70536,152.67909,8883.0,163.1,0.0020000000000000018,BTC,86163.56,1706374.82
2026-09-22T14:00:33.091763+00:00,BTC-25SEP26-81000-P,86292.39,BTC-25SEP26,put,81000.0,2026-09-25T08:00:00+00:00,0.007528041049921413,0.0007,0.001,0.00077907,0.00085,86292.39,BTC-25SEP26,0.4435,-0.05083,7.81792,1144.1,501.7,0.00030000000000000003,BTC,86163.56,59797.86
2026-09-22T14:00:33.091763+00:00,BTC-25DEC26-105000-P,87446.11,BTC-25DEC26,put,105000.0,2026-12-25T08:00:00+00:00,0.2566724626789426,0.22,0.2245,0.22233905,0.22225,87446.11,BTC-25DEC26,0.3967,-0.79225,126.79233,109.5,0.0,0.004500000000000004,BTC,86162.69,0.0
2026-09-22T14:00:33.091763+00:00,BTC-25SEP26-73000-P,86292.39,BTC-25SEP26,put,73000.0,2026-09-25T08:00:00+00:00,0.007528041049921413,0.0002,0.0003,0.00023226,0.00025,86292.39,BTC-25SEP26,0.8323999999999999,-0.00972,1.94482,1638.6,20.6,9.999999999999996e-05,BTC,86162.69,592.99
2026-09-22T14:00:33.091763+00:00,BTC-25DEC26-200000-P,87448.45,BTC-25DEC26,put,200000.0,2026-12-25T08:00:00+00:00,0.2566724626789426,1.2795,1.2955,1.28758685,1.2875,87448.45,BTC-25DEC26,0.6178,-0.99356,8.01212,0.0,0.0,0.016000000000000014,BTC,86162.69,0.0
2026-09-22T14:00:33.091763+00:00,BTC-27NOV26-106000-C,87068.55,BTC-27NOV26,call,106000.0,2026-11-27T08:00:00+00:00,0.1800126406392438,0.011,0.012,0.01147541,0.0115,87068.55,BTC-27NOV26,0.4007,0.14067,82.43925,27.9,1.1,0.0010000000000000009,BTC,86162.69,1228.59
2026-09-22T14:00:33.091763+00:00,BTC-27NOV26-102000-P,87070.89,BTC-27NOV26,put,102000.0,2026-11-27T08:00:00+00:00,0.1800126406392438,0.1855,0.19,0.18795024,0.18775,87070.89,BTC-27NOV26,0.39289999999999997,-0.80827,100.74072,0.0,0.0,0.004500000000000004,BTC,86167.17,0.0
2026-09-22T14:00:33.091763+00:00,BTC-27NOV26-67000-P,87070.89,BTC-27NOV26,put,67000.0,2026-11-27T08:00:00+00:00,0.1800126406392438,0.006,0.007,0.00640635,0.0065,87070.89,BTC-27NOV26,0.4482,-0.07116,50.20067,57.1,0.0,0.001,BTC,86167.17,0.0
2026-09-22T14:00:33.091763+00:00,BTC-30OCT26-64000-P,86712.37,BTC-30OCT26,put,64000.0,2026-10-30T08:00:00+00:00,0.10335281859954495,0.0016,0.002,0.00176512,0.0018,86712.37,BTC-30OCT26,0.5104,-0.027,17.36805,581.5,115.6,0.00039999999999999996,BTC,86167.17,22126.82
2026-09-22T14:00:33.091763+00:00,BTC-30OCT26-75000-C,86712.37,BTC-30OCT26,call,75000.0,2026-10-30T08:00:00+00:00,0.10335281859954495,0.1415,0.145,0.14303851,0.14325,86712.37,BTC-30OCT26,0.40259999999999996,0.88067,55.51344,1176.8,1.3,0.003500000000000003,BTC,86167.17,16286.07
2026-09-22T14:00:33.091763+00:00,BTC-26MAR27-60000-C,88472.13,BTC-26MAR27,call,60000.0,2027-03-26T08:00:00+00:00,0.5058168843079639,0.335,0.338,0.33671499,0.3365,88472.13,BTC-26MAR27,0.45520000000000005,0.91279,99.75382,647.9,0.0,0.0030000000000000027,BTC,86167.18,0.0
2026-09-22T14:00:33.091763+00:00,BTC-25DEC26-170000-P,87446.11,BTC-25DEC26,put,170000.0,2026-12-25T08:00:00+00:00,0.2566724626789426,0.9415,0.9495,0.94506522,0.9455,87446.11,BTC-25DEC26,0.5517,-0.98747,14.35294,0.1,0.0,0.008000000000000007,BTC,86167.18,0.0
2026-09-22T14:00:33.091763+00:00,BTC-2OCT26-70000-P,86378.81,BTC-2OCT26,put,70000.0,2026-10-02T08:00:00+00:00,0.02669299655984612,0.0003,0.0004,0.0003282,0.00035,86378.81,BTC-2OCT26,0.5657,-0.01046,3.91043,994.5,14.3,0.00010000000000000005,BTC,86167.18,698.67
2026-09-22T14:00:33.091763+00:00,BTC-30OCT26-85000-C,86712.37,BTC-30OCT26,call,85000.0,2026-10-30T08:00:00+00:00,0.10335281859954495,0.057,0.058,0.05763767,0.0575,86712.37,BTC-30OCT26,0.3709,0.58677,108.50949,2662.3,231.1,0.0010000000000000009,BTC,86167.18,1067214.65
2026-09-22T14:00:33.091763+00:00,BTC-30OCT26-66000-P,86712.37,BTC-30OCT26,put,66000.0,2026-10-30T08:00:00+00:00,0.10335281859954495,0.002,0.0024,0.00219936,0.0022,86712.37,BTC-30OCT26,0.4852,-0.03428,21.16231,488.4,26.7,0.00039999999999999975,BTC,86167.18,5268.66
2026-09-22T14:00:33.091763+00:00,BTC-25DEC26-72000-C,87446.11,BTC-25DEC26,call,72000.0,2026-12-25T08:00:00+00:00,0.2566724626789426,0.193,0.1965,0.19497956,0.19475,87446.11,BTC-25DEC26,0.4153,0.84716,104.53099,1214.2,0.4,0.003500000000000003,BTC,86167.18,6924.74
2026-09-22T14:00:33.091763+00:00,BTC-25SEP26-78000-C,86292.39,BTC-25SEP26,call,78000.0,2026-09-25T08:00:00+00:00,0.007528041049921413,0.095,0.098,0.0964743,0.0965,86292.39,BTC-25SEP26,0.5693,0.97977,3.6586,4698.0,64.6,0.0030000000000000027,BTC,86167.18,538895.53
2026-09-22T14:00:33.091763+00:00,BTC-25DEC26-40000-P,87446.11,BTC-25DEC26,put,40000.0,2026-12-25T08:00:00+00:00,0.2566724626789426,0.0012,0.0014,0.00132798,0.0013,87446.11,BTC-25DEC26,0.7149,-0.00971,11.50299,4640.5,4.4,0.0002000000000000001,BTC,86170.91,486.51
2026-09-22T14:00:33.091763+00:00,BTC-9OCT26-90000-C,86449.64,BTC-9OCT26,call,90000.0,2026-10-09T08:00:00+00:00,0.04585795206977083,0.0155,0.0165,0.01607643,0.016,86449.64,BTC-9OCT26,0.37329999999999997,0.31778,65.97525,760.4,212.8,0.0010000000000000009,BTC,86170.91,313781.56
2026-09-22T14:00:33.091763+00:00,BTC-9OCT26-86000-C,86451.98,BTC-9OCT26,call,86000.0,2026-10-09T08:00:00+00:00,0.04585795206977083,0.0335,0.0345,0.0342027,0.034,86451.98,BTC-9OCT26,0.3696,0.53745,73.48734,300.4,20.5,0.0010000000000000009,BTC,86170.91,62881.46
2026-09-22T14:00:33.091763+00:00,BTC-25DEC26-135000-C,87446.11,BTC-25DEC26,call,135000.0,2026-12-25T08:00:00+00:00,0.2566724626789426,0.0034,0.0038,0.00365107,0.0036,87446.11,BTC-25DEC26,0.4632,0.04124,39.11196,1421.0,13.4,0.0004000000000000002,BTC,86170.91,4108.05
2026-09-22T14:00:33.091763+00:00,BTC-23SEP26-88500-P,86261.01,BTC-23SEP26,put,88500.0,2026-09-23T08:00:00+00:00,0.002052339475657211,0.0004,0.064,0.02717507,0.0322,86261.01,BTC-23SEP26,0.4782,-0.88758,7.45799,0.0,0.0,0.0636,BTC,86170.91,0.0
2026-09-22T14:00:33.091763+00:00,BTC-9OCT26-89000-C,86449.64,BTC-9OCT26,call,89000.0,2026-10-09T08:00:00+00:00,0.04585795206977083,0.019,0.02,0.01958505,0.0195,86449.64,BTC-9OCT26,0.3713,0.36825,69.75296,16.0,16.0,0.0010000000000000009,BTC,86173.48,31450.09
2026-09-22T14:00:33.091763+00:00,BTC-23SEP26-87000-P,86261.01,BTC-23SEP26,put,87000.0,2026-09-23T08:00:00+00:00,0.002052339475657211,0.011,0.0135,0.01238285,0.01225,86261.01,BTC-23SEP26,0.40549999999999997,-0.6923,13.73177,7.8,8.7,0.0025000000000000005,BTC,86173.48,9011.07
2026-09-22T14:00:33.091763+00:00,BTC-25DEC26-104000-P,87446.11,BTC-25DEC26,put,104000.0,2026-12-25T08:00:00+00:00,0.2566724626789426,0.21,0.215,0.21251978,0.2125,87446.11,BTC-25DEC26,0.3951,-0.77935,131.33347,0.3,0.0,0.0050000000000000044,BTC,86173.48,0.0
2026-09-22T14:00:33.091763+00:00,BTC-30OCT26-76000-C,86712.37,BTC-30OCT26,call,76000.0,2026-10-30T08:00:00+00:00,0.10335281859954495,0.1315,0.1345,0.13291662,0.133,86712.37,BTC-30OCT26,0.3969,0.86219,61.35544,558.6,6.2,0.0030000000000000027,BTC,86173.48,67525.75
2026-09-22T14:00:33.091763+00:00,BTC-24SEP26-88000-C,86278.65,BTC-24SEP26,call,88000.0,2026-09-24T08:00:00+00:00,0.004790190262789312,0.0039,0.0044,0.00419346,0.00415,86278.65,BTC-24SEP26,0.4125,0.23898,18.50819,259.8,266.9,0.0005000000000000004,BTC,86173.48,78342.49
2026-09-22T14:00:33.091763+00:00,BTC-24SEP26-87500-C,86280.99,BTC-24SEP26,call,87500.0,2026-09-24T08:00:00+00:00,0.004790190262789312,0.005,0.006,0.00546895,0.0055,86280.99,BTC-24SEP26,0.40009999999999996,0.29968,20.73897,3.8,6.4,0.001,BTC,86170.31,4752.38
2026-09-22T14:00:33.091763+00:00,BTC-23SEP26-72000-C,86261.01,BTC-23SEP26,call,72000.0,2026-09-23T08:00:00+00:00,0.002052339475657211,0.1355,0.194,0.16537779,0.16475,86261.01,BTC-23SEP26,0.9634999999999999,0.99998,0.00294,0.0,0.0,0.058499999999999996,BTC,86173.48,0.0
2026-09-22T14:00:33.091763+00:00,BTC-26SEP26-78000-C,86312.88,BTC-26SEP26,call,78000.0,2026-09-26T08:00:00+00:00,0.010265891837053514,0.095,0.0985,0.09677762,0.09675,86312.88,BTC-26SEP26,0.4999,0.97758,4.66125,0.0,0.0,0.003500000000000003,BTC,86170.31,0.0
2026-09-22T14:00:33.091763+00:00,BTC-25JUN27-68000-P,89540.92,BTC-25JUN27,put,68000.0,2027-06-25T08:00:00+00:00,0.7549613059369851,0.0415,0.043,0.041978,0.04225,89540.92,BTC-25JUN27,0.4242,-0.17658,201.60039,20.0,0.0,0.0014999999999999944,BTC,86173.48,0.0
2026-09-22T14:00:33.091763+00:00,BTC-9OCT26-100000-P,86449.64,BTC-9OCT26,put,100000.0,2026-10-09T08:00:00+00:00,0.04585795206977083,0.1565,0.162,0.15913262,0.15925,86449.64,BTC-9OCT26,0.4326,-0.93755,22.74118,3.8,0.0,0.005500000000000005,BTC,86170.31,0.0
2026-09-22T14:00:33.091763+00:00,BTC-25DEC26-85000-P,87446.11,BTC-25DEC26,put,85000.0,2026-12-25T08:00:00+00:00,0.2566724626789426,0.0635,0.0645,0.06405378,0.064,87446.11,BTC-25DEC26,0.3881,-0.40589,171.70925,538.7,87.6,0.0010000000000000009,BTC,86170.31,507644.66
2026-09-22T14:00:33.091763+00:00,BTC-27NOV26-95000-C,87070.89,BTC-27NOV26,call,95000.0,2026-11-27T08:00:00+00:00,0.1800126406392438,0.0315,0.0325,0.03194777,0.032,87070.89,BTC-27NOV26,0.3847,0.3237,132.67298,422.2,37.4,0.0010000000000000009,BTC,86170.31,103064.9
2026-09-22T14:00:33.091763+00:00,BTC-25DEC26-84000-P,87446.11,BTC-25DEC26,put,84000.0,2026-12-25T08:00:00+00:00,0.2566724626789426,0.058,0.0595,0.05886019,0.05875,87446.11,BTC-25DEC26,0.38909999999999995,-0.38294,168.97783,128.4,5.5,0.0014999999999999944,BTC,86165.44,29900.41
2026-09-22T14:00:33.091763+00:00,BTC-30OCT26-70000-C,86712.37,BTC-30OCT26,call,70000.0,2026-10-30T08:00:00+00:00,0.10335281859954495,0.195,0.198,0.19647674,0.1965,86712.37,BTC-30OCT26,0.4424,0.94172,32.43756,1061.8,2.7,0.0030000000000000027,BTC,86165.44,46363.63
2026-09-22T14:00:33.091763+00:00,BTC-30OCT26-86000-C,86712.37,BTC-30OCT26,call,86000.0,2026-10-30T08:00:00+00:00,0.10335281859954495,0.0505,0.052,0.05144083,0.05125,86712.37,BTC-30OCT26,0.3697,0.54818,110.33557,1148.1,713.2,0.0014999999999999944,BTC,86165.44,3111900.18
2026-09-22T14:00:33.091763+00:00,BTC-25SEP26-84000-P,86292.39,BTC-25SEP26,put,84000.0,2026-09-25T08:00:00+00:00,0.007528041049921413,0.0037,0.0041,0.00385516,0.0039,86292.39,BTC-25SEP26,0.3825,-0.21177,21.67093,1297.9,656.1,0.0004000000000000002,BTC,86170.31,409306.94
2026-09-22T14:00:33.091763+00:00,BTC-27NOV26-120000-C,87068.55,BTC-27NOV26,call,120000.0,2026-11-27T08:00:00+00:00,0.1800126406392438,0.0036,0.004,0.00381179,0.0038,87068.55,BTC-27NOV26,0.4397,0.05151,38.9945,105.2,3.0,0.0004000000000000002,BTC,86165.44,914.21
2026-09-22T14:00:33.091763+00:00,BTC-26MAR27-180000-P,88472.13,BTC-26MAR27,put,180000.0,2027-03-26T08:00:00+00:00,0.5058168843079639,1.0285,1.054,1.03874141,1.04125,88472.13,BTC-26MAR27,0.5008,-0.96547,48.05635,0.1,0.0,0.025500000000000078,BTC,86169.52,0.0
2026-09-22T14:00:33.091763+00:00,BTC-23SEP26-74000-P,86261.01,BTC-23SEP26,put,74000.0,2026-09-23T08:00:00+00:00,0.002052339475657211,,0.0001,5.6e-07,,86261.01,BTC-23SEP26,0.8835999999999999,-6e-05,0.0103,1.3,0.0,,BTC,86169.52,0.0
2026-09-22T14:00:33.091763+00:00,BTC-25JUN27-72000-C,89543.26,BTC-25JUN27,call,72000.0,2027-06-25T08:00:00+00:00,0.7549613059369851,0.248,0.2505,0.25009814,0.24925,89543.26,BTC-25JUN27,0.4169,0.78247,228.75265,87.7,1.1,0.0025000000000000022,BTC,86165.44,24203.19
2026-09-22T14:00:33.091763+00:00,BTC-26SEP26-82500-C,86315.22,BTC-26SEP26,call,82500.0,2026-09-26T08:00:00+00:00,0.010265891837053514,0.045,0.0485,0.04658628,0.04675,86315.22,BTC-26SEP26,0.38630000000000003,0.87467,18.02417,0.0,0.0,0.003500000000000003,BTC,86169.52,0.0
2026-09-22T14:00:33.091763+00:00,BTC-24SEP26-81500-C,86280.99,BTC-24SEP26,call,81500.0,2026-09-24T08:00:00+00:00,0.004790190262789312,0.0225,0.0885,0.05578025,0.0555,86280.99,BTC-24SEP26,0.4396,0.96812,4.26982,3.6,0.0,0.066,BTC,86169.52,0.0
2026-09-22T14:00:33.091763+00:00,BTC-25JUN27-110000-P,89540.92,BTC-25JUN27,put,110000.0,2027-06-25T08:00:00+00:00,0.7549613059369851,0.2935,0.298,0.29488131,0.29575,89540.92,BTC-25JUN27,0.4035,-0.66047,284.77163,5.3,0.3,0.004500000000000004,BTC,86169.52,7648.48
2026-09-22T14:00:33.091763+00:00,BTC-2OCT26-79000-P,86376.47,BTC-2OCT26,put,79000.0,2026-10-02T08:00:00+00:00,0.02669299655984612,0.0024,0.0028,0.00256327,0.0026,86376.47,BTC-2OCT26,0.4039,-0.08493,21.93489,294.2,202.2,0.0004000000000000002,BTC,86176.14,63801.06
2026-09-22T14:00:33.091763+00:00,BTC-25SEP26-150000-C,86295.11,BTC-25SEP26,call,150000.0,2026-09-25T08:00:00+00:00,0.007528041049921413,,0.0001,0.0,,86295.11,BTC-25SEP26,1.0796,0.0,0.0,780.5,0.0,,BTC,86169.52,0.0
2026-09-22T14:00:33.091763+00:00,BTC-26SEP26-83500-C,86312.88,BTC-26SEP26,call,83500.0,2026-09-26T08:00:00+00:00,0.010265891837053514,0.035,0.0385,0.03663997,0.03675,86312.88,BTC-26SEP26,0.3768,0.80645,23.98973,0.0,0.0,0.003499999999999996,BTC,86176.14,0.0
2026-09-22T14:00:33.091763+00:00,BTC-25SEP26-165000-P,86292.39,BTC-25SEP26,put,165000.0,2026-09-25T08:00:00+00:00,0.007528041049921413,0.9085,0.917,0.91203946,0.91275,86292.39,BTC-25SEP26,1.0796,-1.0,0.0,0.0,0.0,0.008500000000000063,BTC,86176.14,0.0
2026-09-22T14:00:33.091763+00:00,BTC-24SEP26-74000-P,86280.99,BTC-24SEP26,put,74000.0,2026-09-24T08:00:00+00:00,0.004790190262789312,,0.0001,3.058e-05,,86280.99,BTC-24SEP26,0.7746999999999999,-0.00204,0.38529,13.5,0.3,,BTC,86176.14,5.16
2026-09-22T14:00:33.091763+00:00,BTC-24SEP26-81000-P,86278.65,BTC-24SEP26,put,81000.0,2026-09-24T08:00:00+00:00,0.004790190262789312,0.0002,0.0004,0.00026547,0.0003,86278.65,BTC-24SEP26,0.4578,-0.02377,3.34388,6.3,0.8,0.0002,BTC,86178.44,38.77
2026-09-22T14:00:33.091763+00:00,BTC-24SEP26-80500-P,86278.65,BTC-24SEP26,put,80500.0,2026-09-24T08:00:00+00:00,0.004790190262789312,0.0002,0.0004,0.00025782,0.0003,86278.65,BTC-24SEP26,0.49329999999999996,-0.02163,3.08812,0.2,0.0,0.0002,BTC,86178.44,0.0
2026-09-22T14:00:33.091763+00:00,BTC-25SEP26-60000-C,86292.39,BTC-25SEP26,call,60000.0,2026-09-25T08:00:00+00:00,0.007528041049921413,0.3035,0.3055,0.30471223,0.3045,86292.39,BTC-25SEP26,1.1676,0.99986,0.04131,833.6,1.0,0.0020000000000000018,BTC,86176.14,25873.54
2026-09-22T14:00:33.091763+00:00,BTC-25SEP26-110000-P,86292.4,BTC-25SEP26,put,110000.0,2026-09-25T08:00:00+00:00,0.007528041049921413,0.273,0.277,0.27473632,0.275,86292.4,BTC-25SEP26,0.9499,-0.99821,0.42927,182.3,2.9,0.0040000000000000036,BTC,86178.44,69497.92
2026-09-22T14:00:33.091763+00:00,BTC-2OCT26-88000-C,86378.81,BTC-2OCT26,call,88000.0,2026-10-02T08:00:00+00:00,0.02669299655984612,0.016,0.017,0.01636914,0.0165,86378.81,BTC-2OCT26,0.374,0.38721,54.00984,950.5,796.8,0.0010000000000000009,BTC,86178.44,1218686.23
2026-09-22T14:00:33.091763+00:00,BTC-27NOV26-110000-C,87070.89,BTC-27NOV26,call,110000.0,2026-11-27T08:00:00+00:00,0.1800126406392438,0.0075,0.0085,0.00808055,0.008,87070.89,BTC-27NOV26,0.40979999999999994,0.1035,66.44688,249.5,181.5,0.0010000000000000009,BTC,86178.44,117980.21
2026-09-22T14:00:33.091763+00:00,BTC-25DEC26-130000-C,87446.11,BTC-25DEC26,call,130000.0,2026-12-25T08:00:00+00:00,0.2566724626789426,0.0044,0.0048,0.00456585,0.0046,87446.11,BTC-25DEC26,0.4493,0.05149,46.75579,1563.5,7.4,0.0003999999999999993,BTC,86182.63,2630.8
2026-09-22T14:00:33.091763+00:00,BTC-25SEP26-240000-C,86292.39,BTC-25SEP26,call,240000.0,2026-09-25T08:00:00+00:00,0.007528041049921413,,0.0001,0.0,,86292.39,BTC-25SEP26,1.1554,0.0,0.0,211.9,0.0,,BTC,86178.44,0.0
2026-09-22T14:00:33.091763+00:00,BTC-26MAR27-92000-C,88472.13,BTC-26MAR27,call,92000.0,2027-03-26T08:00:00+00:00,0.5058168843079639,0.094,0.095,0.09460541,0.0945,88472.13,BTC-26MAR27,0.3931,0.49892,250.91836,256.7,43.6,0.0010000000000000009,BTC,86182.63,367358.95
2026-09-22T14:00:33.091763+00:00,BTC-2OCT26-65000-C,86376.47,BTC-2OCT26,call,65000.0,2026-10-02T08:00:00+00:00,0.02669299655984612,0.2455,0.2495,0.24769254,0.2475,86376.47,BTC-2OCT26,0.6846,0.9952,1.96832,0.8,0.0,0.0040000000000000036,BTC,86182.63,0.0
2026-09-22T14:00:33.091763+00:00,BTC-23SEP26-92000-P,86263.35,BTC-23SEP26,put,92000.0,2026-09-23T08:00:00+00:00,0.002052339475657211,0.031,0.106,0.06661596,0.0685,86263.35,BTC-23SEP26,0.6491,-0.98614,1.38158,0.0,0.0,0.075,BTC,86182.63,0.0
2026-09-22T14:00:33.091763+00:00,BTC-30OCT26-87000-C,86712.37,BTC-30OCT26,call,87000.0,2026-10-30T08:00:00+00:00,0.10335281859954495,0.045,0.046,0.04573185,0.0455,86712.37,BTC-30OCT26,0.36869999999999997,0.51011,111.13482,854.7,376.1,0.0010000000000000009,BTC,86182.63,1375997.1
2026-09-22T14:00:33.091763+00:00,BTC-25JUN27-58000-P,89543.26,BTC-25JUN27,put,58000.0,2027-06-25T08:00:00+00:00,0.7549613059369851,0.0205,0.022,0.02115551,0.02125,89543.26,BTC-25JUN27,0.4518,-0.09672,133.19752,100.3,0.4,0.0014999999999999979,BTC,86182.63,790.55
2026-09-22T14:00:33.091763+00:00,BTC-27NOV26-71000-C,87070.89,BTC-27NOV26,call,71000.0,2026-11-27T08:00:00+00:00,0.1800126406392438,0.1935,0.197,0.19499142,0.19525,87070.89,BTC-27NOV26,0.424,0.88864,70.04934,0.1,0.0,0.003500000000000003,BTC,86182.63,0.0
2026-09-22T14:00:33.091763+00:00,BTC-23SEP26-84500-C,86261.01,BTC-23SEP26,call,84500.0,2026-09-23T08:00:00+00:00,0.002052339475657211,0.0195,0.023,0.02114709,0.02125,86261.01,BTC-23SEP26,0.3448,0.90199,6.7554,59.1,8.3,0.0034999999999999996,BTC,86198.62,19950.67
2026-09-22T14:00:33.091763+00:00,BTC-26MAR27-96000-P,88472.13,BTC-26MAR27,put,96000.0,2027-03-26T08:00:00+00:00,0.5058168843079639,0.163,0.1645,0.16338959,0.16375,88472.13,BTC-26MAR27,0.3934,-0.56114,248.013,4.4,2.8,0.0015000000000000013,BTC,86198.62,40370.9
2026-09-22T14:00:33.091763+00:00,BTC-30OCT26-88000-C,86712.37,BTC-30OCT26,call,88000.0,2026-10-30T08:00:00+00:00,0.10335281859954495,0.04,0.0405,0.04052222,0.04025,86712.37,BTC-30OCT26,0.3682,0.47264,110.9439,1172.0,307.5,0.0005000000000000004,BTC,86208.51,1147418.14
2026-09-22T14:00:33.091763+00:00,BTC-23SEP26-82000-P,86263.35,BTC-23SEP26,put,82000.0,2026-09-23T08:00:00+00:00,0.002052339475657211,0.0001,0.0003,0.00016556,0.0002,86263.35,BTC-23SEP26,0.5395,-0.01962,1.86069,83.2,93.5,0.00019999999999999998,BTC,86208.51,2595.12
2026-09-22T14:00:33.091763+00:00,BTC-30OCT26-62000-C,86712.37,BTC-30OCT26,call,62000.0,2026-10-30T08:00:00+00:00,0.10335281859954495,0.285,0.288,0.28645508,0.2865,86712.37,BTC-30OCT26,0.5357,0.97886,14.14823,13.5,0.0,0.0030000000000000027,BTC,86208.51,0.0
2026-09-22T14:00:33.091763+00:00,BTC-25SEP26-115000-P,86292.39,BTC-25SEP26,put,115000.0,2026-09-25T08:00:00+00:00,0.007528041049921413,0.3305,0.335,0.33266392,0.33275,86292.39,BTC-25SEP26,1.0463,-0.9991,0.22827,92.6,1.2,0.004500000000000004,BTC,86208.51,34774.57
2026-09-22T14:00:33.091763+00:00,BTC-25JUN27-74000-C,89540.92,BTC-25JUN27,call,74000.0,2027-06-25T08:00:00+00:00,0.7549613059369851,0.2325,0.235,0.2347921,0.23375,89540.92,BTC-25JUN27,0.4138,0.76075,241.43763,24.0,0.1,0.0024999999999999745,BTC,86208.51,2058.97
2026-09-22T14:00:33.091763+00:00,BTC-25JUN27-68000-C,89540.92,BTC-25JUN27,call,68000.0,2027-06-25T08:00:00+00:00,0.7549613059369851,0.2805,0.283,0.28259957,0.28175,89540.92,BTC-25JUN27,0.4242,0.82371,201.47265,14.6,0.1,0.0024999999999999467,BTC,86208.51,2401.3
2026-09-22T14:00:33.091763+00:00,BTC-9OCT26-88000-C,86451.98,BTC-9OCT26,call,88000.0,2026-10-09T08:00:00+00:00,0.04585795206977083,0.023,0.024,0.02378474,0.0235,86451.98,BTC-9OCT26,0.3703,0.42489,72.53738,267.9,963.7,0.0010000000000000009,BTC,86208.51,2469830.56
2026-09-22T14:00:33.091763+00:00,BTC-25SEP26-75000-C,86292.39,BTC-25SEP26,call,75000.0,2026-09-25T08:00:00+00:00,0.007528041049921413,0.1295,0.1325,0.13115192,0.131,86292.39,BTC-25SEP26,0.7259,0.98791,2.35379,2918.0,48.3,0.0030000000000000027,BTC,86208.51,565361.11
2026-09-22T14:00:33.091763+00:00,BTC-24SEP26-77500-C,86280.99,BTC-24SEP26,call,77500.0,2026-09-24T08:00:00+00:00,0.004790190262789312,0.07,0.1335,0.10188794,0.10175,86280.99,BTC-24SEP26,0.634,0.99298,1.16576,0.0,0.0,0.0635,BTC,86215.11,0.0
2026-09-22T14:00:33.091763+00:00,BTC-26MAR27-65000-P,88472.13,BTC-26MAR27,put,65000.0,2027-03-26T08:00:00+00:00,0.5058168843079639,0.0215,0.0225,0.02191066,0.022,88472.13,BTC-26MAR27,0.4338,-0.1247,129.29986,878.1,65.4,0.0010000000000000009,BTC,86208.51,124529.88
2026-09-22T14:00:33.091763+00:00,BTC-30OCT26-57000-C,86712.37,BTC-30OCT26,call,57000.0,2026-10-30T08:00:00+00:00,0.10335281859954495,0.342,0.344,0.34361863,0.343,86712.37,BTC-30OCT26,0.6103999999999999,0.98724,9.18,0.1,0.0,0.0019999999999999463,BTC,86215.11,0.0
2026-09-22T14:00:33.091763+00:00,BTC-25DEC26-210000-C,87446.11,BTC-25DEC26,call,210000.0,2026-12-25T08:00:00+00:00,0.2566724626789426,0.0004,0.0007,0.00051206,0.00055,87446.11,BTC-25DEC26,0.6383,0.00545,6.91605,162.8,0.0,0.0003,BTC,86215.11,0.0
2026-09-22T14:00:33.091763+00:00,BTC-25DEC26-92000-C,87446.11,BTC-25DEC26,call,92000.0,2026-12-25T08:00:00+00:00,0.2566724626789426,0.0555,0.057,0.0564676,0.05625,87446.11,BTC-25DEC26,0.38539999999999996,0.43492,174.39073,667.3,241.0,0.0015000000000000013,BTC,86217.68,1209503.11
2026-09-22T14:00:33.091763+00:00,BTC-25SEP26-240000-P,86292.39,BTC-25SEP26,put,240000.0,2026-09-25T08:00:00+00:00,0.007528041049921413,1.7755,1.787,1.78116507,1.78125,86292.39,BTC-25SEP26,1.1554,-1.0,0.0,0.3,0.3,0.011499999999999844,BTC,86215.11,45755.57
2026-09-22T14:00:33.091763+00:00,BTC-25JUN27-112000-P,89540.92,BTC-25JUN27,put,112000.0,2027-06-25T08:00:00+00:00,0.7549613059369851,0.31,0.3165,0.31272458,0.31325,89540.92,BTC-25JUN27,0.4046,-0.67778,279.03257,0.0,0.0,0.006500000000000006,BTC,86215.11,0.0
2026-09-22T14:00:33.091763+00:00,BTC-26MAR27-90000-C,88472.13,BTC-26MAR27,call,90000.0,2027-03-26T08:00:00+00:00,0.5058168843079639,0.103,0.104,0.10384232,0.1035,88472.13,BTC-26MAR27,0.3933,0.53084,250.26529,516.4,172.2,0.0010000000000000009,BTC,86215.11,1553540.03
2026-09-22T14:00:33.091763+00:00,BTC-25SEP26-79000-P,86292.39,BTC-25SEP26,put,79000.0,2026-09-25T08:00:00+00:00,0.007528041049921413,0.0004,0.0006,0.00044324,0.0005,86292.39,BTC-25SEP26,0.5264,-0.02582,4.49551,2946.1,2184.6,0.00019999999999999993,BTC,86217.68,215934.5
2026-09-22T14:00:33.091763+00:00,BTC-25SEP26-95000-P,86292.39,BTC-25SEP26,put,95000.0,2026-09-25T08:00:00+00:00,0.007528041049921413,0.0995,0.103,0.10136379,0.10125,86292.39,BTC-25SEP26,0.5649000000000001,-0.97413,4.50252,147.9,2.5,0.0034999999999999892,BTC,86217.68,21146.72
2026-09-22T14:00:33.091763+00:00,BTC-25DEC26-86000-C,87446.11,BTC-25DEC26,call,86000.0,2026-12-25T08:00:00+00:00,0.2566724626789426,0.085,0.0865,0.08605913,0.08575,87446.11,BTC-25DEC26,0.387,0.57174,173.85813,507.3,105.4,0.0014999999999999875,BTC,86206.43,767938.84
2026-09-22T14:00:33.091763+00:00,BTC-27NOV26-84000-C,87068.55,BTC-27NOV26,call,84000.0,2026-11-27T08:00:00+00:00,0.1800126406392438,0.0825,0.084,0.08341106,0.08325,87068.55,BTC-27NOV26,0.38659999999999994,0.6172,140.95621,73.2,15.9,0.0015000000000000013,BTC,86206.43,111437.22
2026-09-22T14:00:33.091763+00:00,BTC-25JUN27-90000-P,89540.92,BTC-25JUN27,put,90000.0,2027-06-25T08:00:00+00:00,0.7549613059369851,0.14,0.143,0.14095354,0.1415,89540.92,BTC-25JUN27,0.40020000000000006,-0.43708,306.52809,62.1,11.5,0.002999999999999975,BTC,86217.68,139669.87
2026-09-22T14:00:33.091763+00:00,BTC-30OCT26-68000-P,86712.37,BTC-30OCT26,put,68000.0,2026-10-30T08:00:00+00:00,0.10335281859954495,0.0027,0.003,0.00282694,0.00285,86712.37,BTC-30OCT26,0.46299999999999997,-0.04418,26.03146,1567.2,3.7,0.0002999999999999999,BTC,86206.43,1005.24
2026-09-22T14:00:33.091763+00:00,BTC-9OCT26-74000-C,86449.64,BTC-9OCT26,call,74000.0,2026-10-09T08:00:00+00:00,0.04585795206977083,0.144,0.1475,0.14584618,0.14575,86449.64,BTC-9OCT26,0.4386,0.9552,17.4843,1.1,0.0,0.003500000000000003,BTC,86206.43,0.0
2026-09-22T14:00:33.091763+00:00,BTC-26MAR27-160000-P,88474.47,BTC-26MAR27,put,160000.0,2027-03-26T08:00:00+00:00,0.5058168843079639,0.8115,0.8195,0.81492667,0.8155,88474.47,BTC-26MAR27,0.4668,-0.94715,67.81977,0.1,0.0,0.008000000000000007,BTC,86206.43,0.0
2026-09-22T14:00:33.091763+00:00,BTC-25DEC26-74000-C,87448.45,BTC-25DEC26,call,74000.0,2026-12-25T08:00:00+00:00,0.2566724626789426,0.1745,0.1785,0.17642644,0.1765,87448.45,BTC-25DEC26,0.409,0.81779,117.13068,138.0,6.0,0.0040000000000000036,BTC,86193.72,90670.64
2026-09-22T14:00:33.091763+00:00,BTC-25SEP26-58000-P,86292.39,BTC-25SEP26,put,58000.0,2026-09-25T08:00:00+00:00,0.007528041049921413,,0.0001,8.4e-07,,86292.39,BTC-25SEP26,1.1676,-4e-05,0.01151,1421.0,0.0,,BTC,86193.72,0.0
2026-09-22T14:00:33.091763+00:00,BTC-24SEP26-83000-P,86278.65,BTC-24SEP26,put,83000.0,2026-09-24T08:00:00+00:00,0.004790190262789312,0.0007,0.0009,0.00080352,0.0008,86278.65,BTC-24SEP26,0.38020000000000004,-0.07122,8.12268,33.3,33.9,0.00019999999999999998,BTC,86206.43,7146.58
2026-09-22T14:00:33.091763+00:00,BTC-24SEP26-81500-P,86280.99,BTC-24SEP26,put,81500.0,2026-09-24T08:00:00+00:00,0.004790190262789312,0.0003,0.0005,0.00035022,0.0004,86280.99,BTC-24SEP26,0.4396,-0.03044,4.11184,35.4,36.9,0.00020000000000000004,BTC,86206.43,3565.16
2026-09-22T14:00:33.091763+00:00,BTC-25DEC26-54000-C,87448.45,BTC-25DEC26,call,54000.0,2026-12-25T08:00:00+00:00,0.2566724626789426,0.384,0.387,0.38578946,0.3855,87448.45,BTC-25DEC26,0.5376,0.97154,28.85371,32.2,0.0,0.0030000000000000027,BTC,86193.72,0.0
2026-09-22T14:00:33.091763+00:00,BTC-23SEP26-83500-C,86263.35,BTC-23SEP26,call,83500.0,2026-09-23T08:00:00+00:00,0.002052339475657211,0.031,0.034,0.03234885,0.0325,86263.35,BTC-23SEP26,0.40630000000000005,0.95921,3.41984,15.9,0.4,0.0030000000000000027,BTC,86189.31,1049.9
2026-09-22T14:00:33.091763+00:00,BTC-25DEC26-200000-C,87448.45,BTC-25DEC26,call,200000.0,2026-12-25T08:00:00+00:00,0.2566724626789426,0.0005,0.0008,0.00059943,0.00065,87448.45,BTC-25DEC26,0.6178,0.00647,8.05032,968.9,0.1,0.00030000000000000003,BTC,86189.31,1.73
2026-09-22T14:00:33.091763+00:00,BTC-23SEP26-91000-C,86261.01,BTC-23SEP26,call,91000.0,2026-09-23T08:00:00+00:00,0.002052339475657211,0.0002,0.0003,0.00025903,0.00025,86261.01,BTC-23SEP26,0.5992999999999999,0.0239,2.19788,40.7,50.0,9.999999999999996e-05,BTC,86189.31,3344.08
2026-09-22T14:00:33.091763+00:00,BTC-9OCT26-72000-P,86449.64,BTC-9OCT26,put,72000.0,2026-10-09T08:00:00+00:00,0.04585795206977083,0.0011,0.0013,0.00116558,0.0012,86449.64,BTC-9OCT26,0.4639,-0.02978,12.51751,61.0,1.0,0.00019999999999999987,BTC,86193.72,144.71
2026-09-22T14:00:33.091763+00:00,BTC-24SEP26-71000-P,86280.99,BTC-24SEP26,put,71000.0,2026-09-24T08:00:00+00:00,0.004790190262789312,,0.0001,1.44e-05,,86280.99,BTC-24SEP26,0.904,-0.00085,0.17337,64.8,32.1,,BTC,86193.72,275.65
2026-09-22T14:00:33.091763+00:00,BTC-27NOV26-71000-P,87070.89,BTC-27NOV26,put,71000.0,2026-11-27T08:00:00+00:00,0.1800126406392438,0.01,0.011,0.01039665,0.0105,87070.89,BTC-27NOV26,0.424,-0.11118,69.97896,27.5,1.0,0.0009999999999999992,BTC,86189.31,925.28
2026-09-22T14:00:33.091763+00:00,BTC-25SEP26-320000-C,86292.39,BTC-25SEP26,call,320000.0,2026-09-25T08:00:00+00:00,0.007528041049921413,,0.0001,0.0,,86292.39,BTC-25SEP26,1.4009,0.0,0.0,304.6,0.0,,BTC,86189.31,0.0
2026-09-22T14:00:33.091763+00:00,BTC-25JUN27-72000-P,89540.92,BTC-25JUN27,put,72000.0,2027-06-25T08:00:00+00:00,0.7549613059369851,0.053,0.055,0.05414589,0.054,89540.92,BTC-25JUN27,0.4169,-0.21733,228.6882,50.1,0.1,0.0020000000000000018,BTC,86189.31,476.01
2026-09-22T14:00:33.091763+00:00,BTC-23SEP26-92000-C,86261.01,BTC-23SEP26,call,92000.0,2026-09-23T08:00:00+00:00,0.002052339475657211,0.0001,0.0002,0.00015406,0.00015,86261.01,BTC-23SEP26,0.6491,0.01394,1.389,77.1,84.0,0.0001,BTC,86182.9,1344.51
2026-09-22T14:00:33.091763+00:00,BTC-25DEC26-45000-C,87446.11,BTC-25DEC26,call,45000.0,2026-12-25T08:00:00+00:00,0.2566724626789426,0.4855,0.488,0.48712385,0.48675,87446.11,BTC-25DEC26,0.6389,0.98651,15.30617,94.5,0.0,0.0025000000000000022,BTC,86182.9,0.0
2026-09-22T14:00:33.091763+00:00,BTC-25JUN27-70000-C,89543.26,BTC-25JUN27,call,70000.0,2027-06-25T08:00:00+00:00,0.7549613059369851,0.264,0.2665,0.26610599,0.26525,89543.26,BTC-25JUN27,0.4205,0.80358,215.37582,204.0,5.8,0.0025000000000000022,BTC,86182.9,130522.21
2026-09-22T14:00:33.091763+00:00,BTC-25DEC26-68000-P,87446.11,BTC-25DEC26,put,68000.0,2026-12-25T08:00:00+00:00,0.2566724626789426,0.012,0.0125,0.01204932,0.01225,87446.11,BTC-25DEC26,0.4329,-0.10522,80.64272,681.7,106.2,0.0005000000000000004,BTC,86176.81,119296.93
2026-09-22T14:00:33.091763+00:00,BTC-26MAR27-98000-P,88472.13,BTC-26MAR27,put,98000.0,2027-03-26T08:00:00+00:00,0.5058168843079639,0.1785,0.18,0.17894127,0.17925,88472.13,BTC-26MAR27,0.39399999999999996,-0.58994,244.51291,0.2,0.0,0.0015000000000000013,BTC,86182.9,0.0
2026-09-22T14:00:33.091763+00:00,BTC-25DEC26-115000-P,87446.11,BTC-25DEC26,put,115000.0,2026-12-25T08:00:00+00:00,0.2566724626789426,0.323,0.3285,0.32576402,0.32575,87446.11,BTC-25DEC26,0.41350000000000003,-0.88622,85.30195,5.0,0.0,0.005500000000000005,BTC,86176.81,0.0
2026-09-22T14:00:33.091763+00:00,BTC-2OCT26-85000-C,86378.81,BTC-2OCT26,call,85000.0,2026-10-02T08:00:00+00:00,0.02669299655984612,0.032,0.0335,0.03284529,0.03275,86378.81,BTC-2OCT26,0.3712,0.61142,54.06753,909.2,99.0,0.0015000000000000013,BTC,86176.81,283033.71
2026-09-22T14:00:33.091763+00:00,BTC-25JUN27-78000-P,89543.26,BTC-25JUN27,put,78000.0,2027-06-25T08:00:00+00:00,0.7549613059369851,0.0765,0.078,0.0771355,0.07725,89543.26,BTC-25JUN27,0.40869999999999995,-0.28635,264.63632,106.3,0.6,0.0015000000000000013,BTC,86176.81,4054.38
2026-09-22T14:00:33.091763+00:00,BTC-30OCT26-48000-P,86712.37,BTC-30OCT26,put,48000.0,2026-10-30T08:00:00+00:00,0.10335281859954495,0.0004,0.0005,0.00043905,0.00045,86712.37,BTC-30OCT26,0.7552,-0.00534,4.27233,195.9,0.1,9.999999999999999e-05,BTC,86177.04,2.58
2026-09-22T14:00:33.091763+00:00,BTC-25SEP26-84000-C,86295.11,BTC-25SEP26,call,84000.0,2026-09-25T08:00:00+00:00,0.007528041049921413,0.0295,0.0315,0.03044855,0.0305,86295.11,BTC-25SEP26,0.3825,0.78953,21.59603,3723.1,81.7,0.0020000000000000018,BTC,86176.81,211178.32
2026-09-22T14:00:33.091763+00:00,BTC-25DEC26-102000-P,87446.11,BTC-25DEC26,put,102000.0,2026-12-25T08:00:00+00:00,0.2566724626789426,0.191,0.1955,0.19331392,0.19325,87446.11,BTC-25DEC26,0.3924,-0.75129,140.33191,7.8,0.0,0.004500000000000004,BTC,86177.04,0.0
2026-09-22T14:00:33.091763+00:00,BTC-25JUN27-120000-C,89543.26,BTC-25JUN27,call,120000.0,2027-06-25T08:00:00+00:00,0.7549613059369851,0.0465,0.048,0.04722024,0.04725,89543.26,BTC-25JUN27,0.4097,0.25912,251.80992,358.9,0.7,0.0015000000000000013,BTC,86177.04,2966.9
2026-09-22T14:00:33.091763+00:00,BTC-24SEP26-77000-P,86278.65,BTC-24SEP26,put,77000.0,2026-09-24T08:00:00+00:00,0.004790190262789312,,0.0002,8.52e-05,,86278.65,BTC-24SEP26,0.6567000000000001,-0.00607,1.02568,33.0,3.7,,BTC,86177.04,92.23
2026-09-22T14:00:33.091763+00:00,BTC-9OCT26-90000-P,86449.64,BTC-9OCT26,put,90000.0,2026-10-09T08:00:00+00:00,0.04585795206977083,0.0565,0.058,0.05706236,0.05725,86449.64,BTC-9OCT26,0.37329999999999997,-0.68182,66.01454,0.0,0.0,0.0015000000000000013,BTC,86177.04,0.0
2026-09-22T14:00:33.091763+00:00,BTC-25SEP26-165000-C,86292.39,BTC-25SEP26,call,165000.0,2026-09-25T08:00:00+00:00,0.007528041049921413,,0.0001,0.0,,86292.39,BTC-25SEP26,1.0796,0.0,0.0,266.6,0.0,,BTC,86177.04,0.0
2026-09-22T14:00:33.091763+00:00,BTC-23SEP26-78000-P,86261.01,BTC-23SEP26,put,78000.0,2026-09-23T08:00:00+00:00,0.002052339475657211,,0.0001,5.77e-06,,86261.01,BTC-23SEP26,0.6966,-0.00073,0.09868,22.8,17.0,,BTC,86177.83,153.8
2026-09-22T14:00:33.091763+00:00,BTC-25SEP26-65000-P,86292.39,BTC-25SEP26,put,65000.0,2026-09-25T08:00:00+00:00,0.007528041049921413,,0.0001,3.131e-05,,86292.39,BTC-25SEP26,1.0883,-0.00119,0.29474,1151.2,66.4,,BTC,86177.83,996.73
2026-09-22T14:00:33.091763+00:00,BTC-25JUN27-106000-P,89543.26,BTC-25JUN27,put,106000.0,2027-06-25T08:00:00+00:00,0.7549613059369851,0.259,0.263,0.26029358,0.261,89543.26,BTC-25JUN27,0.4017,-0.62204,295.6191,0.0,0.0,0.0040000000000000036,BTC,86177.83,0.0
2026-09-22T14:00:33.091763+00:00,BTC-26MAR27-170000-P,88472.13,BTC-26MAR27,put,170000.0,2027-03-26T08:00:00+00:00,0.5058168843079639,0.9225,0.9315,0.92673522,0.927,88472.13,BTC-26MAR27,0.4854,-0.95726,57.18826,0.2,0.0,0.009000000000000008,BTC,86177.83,0.0
2026-09-22T14:00:33.091763+00:00,BTC-9OCT26-94000-P,86449.64,BTC-9OCT26,put,94000.0,2026-10-09T08:00:00+00:00,0.04585795206977083,0.0925,0.0965,0.09442908,0.0945,86449.64,BTC-9OCT26,0.3889,-0.83474,45.98015,0.0,0.0,0.0040000000000000036,BTC,86177.83,0.0
2026-09-22T14:00:33.091763+00:00,BTC-25SEP26-160000-P,86292.4,BTC-25SEP26,put,160000.0,2026-09-25T08:00:00+00:00,0.007528041049921413,0.8505,0.8585,0.85409887,0.8545,86292.4,BTC-25SEP26,1.0796,-1.0,0.0,0.6,0.0,0.008000000000000007,BTC,86177.83,0.0
2026-09-22T14:00:33.091763+00:00,BTC-25SEP26-80000-P,86292.39,BTC-25SEP26,put,80000.0,2026-09-25T08:00:00+00:00,0.007528041049921413,0.0005,0.0007,0.00056162,0.0006,86292.39,BTC-25SEP26,0.48229999999999995,-0.03515,5.80132,2523.5,904.1,0.00019999999999999998,BTC,86177.52,109935.2
2026-09-22T14:00:33.091763+00:00,BTC-30OCT26-104000-P,86712.37,BTC-30OCT26,put,104000.0,2026-10-30T08:00:00+00:00,0.10335281859954495,0.202,0.207,0.20457183,0.2045,86712.37,BTC-30OCT26,0.405,-0.9093,45.50928,0.0,0.0,0.004999999999999977,BTC,86177.52,0.0
2026-09-22T14:00:33.091763+00:00,BTC-30OCT26-91000-P,86712.37,BTC-30OCT26,put,91000.0,2026-10-30T08:00:00+00:00,0.10335281859954495,0.0765,0.078,0.07714252,0.07725,86712.37,BTC-30OCT26,0.36920000000000003,-0.63818,104.42667,3.5,3.3,0.0015000000000000013,BTC,86177.52,19742.28
2026-09-22T14:00:33.091763+00:00,BTC-23SEP26-80000-P,86263.35,BTC-23SEP26,put,80000.0,2026-09-23T08:00:00+00:00,0.002052339475657211,,0.0002,3.619e-05,,86263.35,BTC-23SEP26,0.6315999999999999,-0.00439,0.50237,96.5,19.0,,BTC,86177.52,422.27
2026-09-22T14:00:33.091763+00:00,BTC-24SEP26-77500-P,86278.65,BTC-24SEP26,put,77500.0,2026-09-24T08:00:00+00:00,0.004790190262789312,,0.0002,9.864e-05,,86278.65,BTC-24SEP26,0.634,-0.00717,1.18827,2.6,1.2,,BTC,86177.52,25.75
2026-09-22T14:00:33.091763+00:00,BTC-24SEP26-93000-P,86278.65,BTC-24SEP26,put,93000.0,2026-09-24T08:00:00+00:00,0.004790190262789312,0.042,0.119,0.07837783,0.0805,86278.65,BTC-24SEP26,0.5845,-0.9682,4.26109,0.0,0.0,0.07699999999999999,BTC,86177.52,0.0
2026-09-22T14:00:33.091763+00:00,BTC-25SEP26-180000-C,86292.39,BTC-25SEP26,call,180000.0,2026-09-25T08:00:00+00:00,0.007528041049921413,,0.0001,0.0,,86292.39,BTC-25SEP26,1.0796,0.0,0.0,792.3,0.0,,BTC,86182.05,0.0
2026-09-22T14:00:33.091763+00:00,BTC-26MAR27-90000-P,88474.47,BTC-26MAR27,put,90000.0,2027-03-26T08:00:00+00:00,0.5058168843079639,0.1205,0.122,0.12104342,0.12125,88474.47,BTC-26MAR27,0.3933,-0.4698,250.18255,33.8,12.3,0.0015000000000000013,BTC,86177.52,131879.82
2026-09-22T14:00:33.091763+00:00,BTC-30OCT26-80000-P,86712.37,BTC-30OCT26,put,80000.0,2026-10-30T08:00:00+00:00,0.10335281859954495,0.0175,0.0185,0.01801331,0.018,86712.37,BTC-30OCT26,0.3809,-0.2378,86.19203,1480.3,218.6,0.0009999999999999974,BTC,86182.05,356608.71
2026-09-22T14:00:33.091763+00:00,BTC-26MAR27-54000-P,88472.13,BTC-26MAR27,put,54000.0,2027-03-26T08:00:00+00:00,0.5058168843079639,0.009,0.01,0.00938768,0.0095,88472.13,BTC-26MAR27,0.4882,-0.05563,70.59889,92.4,0.0,0.0010000000000000009,BTC,86182.05,0.0
2026-09-22T14:00:33.091763+00:00,BTC-27NOV26-93000-C,87068.55,BTC-27NOV26,call,93000.0,2026-11-27T08:00:00+00:00,0.1800126406392438,0.038,0.039,0.03842693,0.0385,87068.55,BTC-27NOV26,0.3835,0.3716,139.63062,51.8,0.4,0.0010000000000000009,BTC,86188.73,1269.84
2026-09-22T14:00:33.091763+00:00,BTC-26SEP26-84000-P,86312.88,BTC-26SEP26,put,84000.0,2026-09-26T08:00:00+00:00,0.010265891837053514,0.005,0.006,0.00520371,0.0055,86312.88,BTC-26SEP26,0.37450000000000006,-0.23695,26.98431,0.5,0.5,0.001,BTC,86188.73,236.34
2026-09-22T14:00:33.091763+00:00,BTC-26MAR27-60000-P,88472.13,BTC-26MAR27,put,60000.0,2027-03-26T08:00:00+00:00,0.5058168843079639,0.0145,0.0155,0.01484906,0.015,88472.13,BTC-26MAR27,0.45520000000000005,-0.08715,99.71304,808.2,1.7,0.0009999999999999992,BTC,86182.05,2225.37
2026-09-22T14:00:33.091763+00:00,BTC-23SEP26-85000-C,86261.01,BTC-23SEP26,call,85000.0,2026-09-23T08:00:00+00:00,0.002052339475657211,0.0145,0.018,0.01604213,0.01625,86261.01,BTC-23SEP26,0.3386,0.82257,10.15156,28.5,1.2,0.003499999999999998,BTC,86188.73,1233.89
2026-09-22T14:00:33.091763+00:00,BTC-23SEP26-76000-P,86261.01,BTC-23SEP26,put,76000.0,2026-09-23T08:00:00+00:00,0.002052339475657211,,0.0001,2.33e-06,,86261.01,BTC-23SEP26,0.8072,-0.00027,0.03857,27.1,25.5,,BTC,86188.73,222.54
2026-09-22T14:00:33.091763+00:00,BTC-25DEC26-65000-C,87446.11,BTC-25DEC26,call,65000.0,2026-12-25T08:00:00+00:00,0.2566724626789426,0.2635,0.2675,0.26562198,0.2655,87446.11,BTC-25DEC26,0.45,0.921,65.22084,918.5,2.0,0.0040000000000000036,BTC,86190.94,45077.11
2026-09-22T14:00:33.091763+00:00,BTC-26SEP26-87500-C,86312.88,BTC-26SEP26,call,87500.0,2026-09-26T08:00:00+00:00,0.010265891837053514,0.0095,0.01,0.00965679,0.00975,86312.88,BTC-26SEP26,0.3823,0.3632,32.80176,0.0,0.0,0.0005000000000000004,BTC,86188.73,0.0
2026-09-22T14:00:33.091763+00:00,BTC-30OCT26-110000-P,86712.37,BTC-30OCT26,put,110000.0,2026-10-30T08:00:00+00:00,0.10335281859954495,0.269,0.274,0.27124181,0.2715,86712.37,BTC-30OCT26,0.4315,-0.95046,28.53034,0.0,0.0,0.0050000000000000044,BTC,86190.94,0.0
2026-09-22T14:00:33.091763+00:00,BTC-25DEC26-190000-C,87446.11,BTC-25DEC26,call,190000.0,2026-12-25T08:00:00+00:00,0.2566724626789426,0.0006,0.001,0.00072517,0.0008,87446.11,BTC-25DEC26,0.5972,0.00794,9.64177,1027.1,0.0,0.0004000000000000001,BTC,86190.94,0.0
2026-09-22T14:00:33.091763+00:00,BTC-25SEP26-105000-P,86295.11,BTC-25SEP26,put,105000.0,2026-09-25T08:00:00+00:00,0.007528041049921413,0.215,0.219,0.21684422,0.217,86295.11,BTC-25SEP26,0.8367,-0.99627,0.83275,105.2,15.5,0.0040000000000000036,BTC,86190.94,296892.12
2026-09-22T14:00:33.091763+00:00,BTC-23SEP26-86500-P,86263.35,BTC-23SEP26,put,86500.0,2026-09-23T08:00:00+00:00,0.002052339475657211,0.008,0.009,0.00848401,0.0085,86263.35,BTC-23SEP26,0.3892,-0.57317,15.31229,7.6,7.6,0.0009999999999999992,BTC,86190.94,6740.74
2026-09-22T14:00:33.091763+00:00,BTC-25DEC26-230000-P,87446.11,BTC-25DEC26,put,230000.0,2026-12-25T08:00:00+00:00,0.2566724626789426,1.62,1.6385,1.63039523,1.62925,87446.11,BTC-25DEC26,0.6713,-0.99629,4.89861,0.0,0.0,0.01849999999999996,BTC,86184.61,0.0
2026-09-22T14:00:33.091763+00:00,BTC-25SEP26-72000-C,86292.39,BTC-25SEP26,call,72000.0,2026-09-25T08:00:00+00:00,0.007528041049921413,0.1645,0.167,0.16582073,0.16575,86292.39,BTC-25SEP26,0.8593999999999999,0.99297,1.46385,3282.3,4.2,0.0025000000000000022,BTC,86190.94,58274.06
2026-09-22T14:00:33.091763+00:00,BTC-25SEP26-130000-P,86292.4,BTC-25SEP26,put,130000.0,2026-09-25T08:00:00+00:00,0.007528041049921413,0.503,0.51,0.50645548,0.5065,86292.4,BTC-25SEP26,1.0796,-0.99999,0.00248,21.4,0.0,0.007000000000000006,BTC,86184.61,0.0
2026-09-22T14:00:33.091763+00:00,BTC-25SEP26-70000-P,86295.11,BTC-25SEP26,put,70000.0,2026-09-25T08:00:00+00:00,0.007528041049921413,0.0001,0.0002,0.00013585,0.00015,86295.11,BTC-25SEP26,0.9529000000000001,-0.00519,1.1194,8125.3,2167.8,0.0001,BTC,86184.61,69658.41
2026-09-22T14:00:33.091763+00:00,BTC-26MAR27-150000-C,88472.13,BTC-26MAR27,call,150000.0,2027-03-26T08:00:00+00:00,0.5058168843079639,0.0085,0.009,0.00869064,0.00875,88472.13,BTC-26MAR27,0.4515,0.06903,83.55186,1912.4,0.3,0.0004999999999999987,BTC,86190.94,227.86
2026-09-22T14:00:33.091763+00:00,BTC-25DEC26-45000-P,87446.11,BTC-25DEC26,put,45000.0,2026-12-25T08:00:00+00:00,0.2566724626789426,0.0015,0.0018,0.00169602,0.00165,87446.11,BTC-25DEC26,0.6389,-0.01349,15.30906,2844.5,0.1,0.0002999999999999999,BTC,86179.15,16.33
2026-09-22T14:00:33.091763+00:00,BTC-2OCT26-89000-C,86378.81,BTC-2OCT26,call,89000.0,2026-10-02T08:00:00+00:00,0.02669299655984612,0.0125,0.013,0.01274738,0.01275,86378.81,BTC-2OCT26,0.3784,0.32084,50.4976,25.9,43.9,0.0004999999999999987,BTC,86179.15,56761.43
2026-09-22T14:00:33.091763+00:00,BTC-30OCT26-67000-P,86712.37,BTC-30OCT26,put,67000.0,2026-10-30T08:00:00+00:00,0.10335281859954495,0.0023,0.0027,0.00247097,0.0025,86712.37,BTC-30OCT26,0.4732,-0.03872,23.38459,626.9,2.3,0.0004000000000000002,BTC,86179.15,528.82
2026-09-22T14:00:33.091763+00:00,BTC-2OCT26-72000-P,86378.81,BTC-2OCT26,put,72000.0,2026-10-02T08:00:00+00:00,0.02669299655984612,0.0004,0.0006,0.00046739,0.0005,86378.81,BTC-2OCT26,0.5236,-0.01536,5.45139,241.7,85.5,0.00019999999999999993,BTC,86179.15,5151.58
2026-09-22T14:00:33.091763+00:00,BTC-25JUN27-125000-C,89543.26,BTC-25JUN27,call,125000.0,2027-06-25T08:00:00+00:00,0.7549613059369851,0.0395,0.0405,0.04013123,0.04,89543.26,BTC-25JUN27,0.41359999999999997,0.22666,234.22683,637.3,520.2,0.0010000000000000009,BTC,86179.15,1807928.89
2026-09-22T14:00:33.091763+00:00,BTC-25JUN27-60000-C,89543.26,BTC-25JUN27,call,60000.0,2027-06-25T08:00:00+00:00,0.7549613059369851,0.3525,0.355,0.35440178,0.35375,89543.26,BTC-25JUN27,0.44549999999999995,0.88984,146.39637,969.9,0.0,0.0025000000000000022,BTC,86179.15,0.0
2026-09-22T14:00:33.091763+00:00,BTC-27NOV26-79000-P,87070.89,BTC-27NOV26,put,79000.0,2026-11-27T08:00:00+00:00,0.1800126406392438,0.0275,0.028,0.02771747,0.02775,87070.89,BTC-27NOV26,0.3947,-0.25474,118.50979,167.8,1.6,0.0005000000000000004,BTC,86180.63,3726.96
2026-09-22T14:00:33.091763+00:00,BTC-26SEP26-83500-P,86315.22,BTC-26SEP26,put,83500.0,2026-09-26T08:00:00+00:00,0.010265891837053514,0.0039,0.0044,0.00398898,0.00415,86315.22,BTC-26SEP26,0.3768,-0.1934,23.97709,10.3,10.3,0.0005000000000000004,BTC,86179.15,5045.62
2026-09-22T14:00:33.091763+00:00,BTC-24SEP26-85500-P,86278.65,BTC-24SEP26,put,85500.0,2026-09-24T08:00:00+00:00,0.004790190262789312,0.0055,0.0065,0.00614395,0.006,86278.65,BTC-24SEP26,0.365,-0.36702,22.46994,3.4,3.4,0.001,BTC,86179.15,2256.1
2026-09-22T14:00:33.091763+00:00,BTC-30OCT26-59000-C,86712.37,BTC-30OCT26,call,59000.0,2026-10-30T08:00:00+00:00,0.10335281859954495,0.319,0.322,0.32073911,0.3205,86712.37,BTC-30OCT26,0.5811999999999999,0.98422,11.02004,1.0,0.0,0.0030000000000000027,BTC,86179.15,0.0
2026-09-22T14:00:33.091763+00:00,BTC-25JUN27-115000-C,89543.26,BTC-25JUN27,call,115000.0,2027-06-25T08:00:00+00:00,0.7549613059369851,0.055,0.0565,0.05591695,0.05575,89543.26,BTC-25JUN27,0.4064,0.29674,269.05772,64.9,1.0,0.0015000000000000013,BTC,86180.63,4988.85
2026-09-22T14:00:33.091763+00:00,BTC-25SEP26-220000-C,86295.11,BTC-25SEP26,call,220000.0,2026-09-25T08:00:00+00:00,0.007528041049921413,,0.0001,0.0,,86295.11,BTC-25SEP26,1.0849,0.0,0.0,241.9,0.0,,BTC,86180.63,0.0
2026-09-22T14:00:33.091763+00:00,BTC-26MAR27-106000-C,88472.13,BTC-26MAR27,call,106000.0,2027-03-26T08:00:00+00:00,0.5058168843079639,0.048,0.0495,0.04888629,0.04875,88472.13,BTC-26MAR27,0.3982,0.30882,221.51681,80.3,3.0,0.0015000000000000013,BTC,86180.63,12268.83
2026-09-22T14:00:33.091763+00:00,BTC-30OCT26-48000-C,86712.37,BTC-30OCT26,call,48000.0,2026-10-30T08:00:00+00:00,0.10335281859954495,0.4455,0.448,0.44691896,0.44675,86712.37,BTC-30OCT26,0.7552,0.99466,4.27054,8.5,0.0,0.0025000000000000022,BTC,86180.63,0.0
2026-09-22T14:00:33.091763+00:00,BTC-9OCT26-89000-P,86451.98,BTC-9OCT26,put,89000.0,2026-10-09T08:00:00+00:00,0.04585795206977083,0.048,0.05,0.0490182,0.049,86451.98,BTC-9OCT26,0.3714,-0.63111,69.80048,1.0,1.0,0.0020000000000000018,BTC,86180.63,4591.14
2026-09-22T14:00:33.091763+00:00,BTC-25SEP26-100000-C,86292.39,BTC-25SEP26,call,100000.0,2026-09-25T08:00:00+00:00,0.007528041049921413,0.0001,0.0002,0.00015142,0.00015,86292.39,BTC-25SEP26,0.6931999999999999,0.00747,1.54446,6964.4,338.2,0.0001,BTC,86183.42,12734.24
2026-09-22T14:00:33.091763+00:00,BTC-26MAR27-98000-C,88472.13,BTC-26MAR27,call,98000.0,2027-03-26T08:00:00+00:00,0.5058168843079639,0.0705,0.072,0.07132229,0.07125,88472.13,BTC-26MAR27,0.39399999999999996,0.41001,244.49867,218.9,5.0,0.0015000000000000013,BTC,86180.63,32642.81
2026-09-22T14:00:33.091763+00:00,BTC-30OCT26-88000-P,86712.37,BTC-30OCT26,put,88000.0,2026-10-30T08:00:00+00:00,0.10335281859954495,0.055,0.056,0.05534251,0.0555,86712.37,BTC-30OCT26,0.3682,-0.52837,110.88912,2301.7,2305.6,0.0010000000000000009,BTC,86183.42,11824870.49
2026-09-22T14:00:33.091763+00:00,BTC-25JUN27-116000-P,89540.92,BTC-25JUN27,put,116000.0,2027-06-25T08:00:00+00:00,0.7549613059369851,0.347,0.3545,0.34940055,0.35075,89540.92,BTC-25JUN27,0.4069,-0.71129,265.66451,0.0,0.0,0.007500000000000007,BTC,86183.42,0.0
2026-09-22T14:00:33.091763+00:00,BTC-30OCT26-102000-P,86714.71,BTC-30OCT26,put,102000.0,2026-10-30T08:00:00+00:00,0.10335281859954495,0.1805,0.185,0.18281254,0.18275,86714.71,BTC-30OCT26,0.3953,-0.88872,52.83333,0.0,0.0,0.004500000000000004,BTC,86183.42,0.0
2026-09-22T14:00:33.091763+00:00,BTC-2OCT26-85000-P,86378.81,BTC-2OCT26,put,85000.0,2026-10-02T08:00:00+00:00,0.02669299655984612,0.0165,0.0175,0.01685513,0.017,86378.81,BTC-2OCT26,0.3712,-0.38846,54.06174,140.7,148.6,0.0010000000000000009,BTC,86184.41,231508.94
2026-09-22T14:00:33.091763+00:00,BTC-26SEP26-77000-P,86312.88,BTC-26SEP26,put,77000.0,2026-09-26T08:00:00+00:00,0.010265891837053514,0.0003,0.0005,0.00034934,0.0004,86312.88,BTC-26SEP26,0.5407,-0.0181,3.88834,0.0,0.0,0.00020000000000000004,BTC,86183.42,0.0
2026-09-22T14:00:33.091763+00:00,BTC-25SEP26-60000-P,86295.11,BTC-25SEP26,put,60000.0,2026-09-25T08:00:00+00:00,0.007528041049921413,,0.0001,3.5e-06,,86295.11,BTC-25SEP26,1.1676,-0.00014,0.04111,5586.3,8.2,,BTC,86184.41,70.38
2026-09-22T14:00:33.091763+00:00,BTC-27NOV26-88000-P,87068.55,BTC-27NOV26,put,88000.0,2026-11-27T08:00:00+00:00,0.1800126406392438,0.07,0.071,0.07059234,0.0705,87068.55,BTC-27NOV26,0.38299999999999995,-0.49544,147.31059,32.3,25.1,0.000999999999999987,BTC,86184.41,156258.36
2026-09-22T14:00:33.091763+00:00,BTC-25DEC26-72000-P,87448.45,BTC-25DEC26,put,72000.0,2026-12-25T08:00:00+00:00,0.2566724626789426,0.018,0.0185,0.01829503,0.01825,87448.45,BTC-25DEC26,0.4153,-0.15264,104.45907,917.2,13.9,0.0005000000000000004,BTC,86184.41,22987.42
2026-09-22T14:00:33.091763+00:00,BTC-26MAR27-56000-C,88472.13,BTC-26MAR27,call,56000.0,2027-03-26T08:00:00+00:00,0.5058168843079639,0.376,0.3795,0.37794954,0.37775,88472.13,BTC-26MAR27,0.4758,0.93547,79.29762,14.4,4.0,0.003500000000000003,BTC,86184.41,132093.59
2026-09-22T14:00:33.091763+00:00,BTC-24SEP26-71000-C,86280.99,BTC-24SEP26,call,71000.0,2026-09-24T08:00:00+00:00,0.004790190262789312,0.148,0.2055,0.1771375,0.17675,86280.99,BTC-24SEP26,0.904,0.99914,0.17526,0.0,0.0,0.057499999999999996,BTC,86184.41,0.0
2026-09-22T14:00:33.091763+00:00,BTC-27NOV26-105000-P,87068.55,BTC-27NOV26,put,105000.0,2026-11-27T08:00:00+00:00,0.1800126406392438,0.216,0.2205,0.21846374,0.21825,87068.55,BTC-27NOV26,0.3986,-0.84764,86.99861,0.0,0.0,0.004500000000000004,BTC,86183.55,0.0
2026-09-22T14:00:33.091763+00:00,BTC-9OCT26-75000-C,86449.64,BTC-9OCT26,call,75000.0,2026-10-09T08:00:00+00:00,0.04585795206977083,0.133,0.1365,0.13472167,0.13475,86449.64,BTC-9OCT26,0.42729999999999996,0.94405,20.86559,0.2,0.0,0.003500000000000003,BTC,86183.55,0.0
2026-09-22T14:00:33.091763+00:00,BTC-26SEP26-85000-C,86312.88,BTC-26SEP26,call,85000.0,2026-09-26T08:00:00+00:00,0.010265891837053514,0.0225,0.0245,0.02381406,0.0235,86312.88,BTC-26SEP26,0.37270000000000003,0.6571,32.13026,0.0,0.0,0.0020000000000000018,BTC,86183.55,0.0
2026-09-22T14:00:33.091763+00:00,BTC-25JUN27-55000-C,89543.26,BTC-25JUN27,call,55000.0,2027-06-25T08:00:00+00:00,0.7549613059369851,0.401,0.4035,0.40291607,0.40225,89543.26,BTC-25JUN27,0.4635,0.92064,114.92717,3.7,0.0,0.0025000000000000022,BTC,86183.55,0.0
2026-09-22T14:00:33.091763+00:00,BTC-27NOV26-93000-P,87068.55,BTC-27NOV26,put,93000.0,2026-11-27T08:00:00+00:00,0.1800126406392438,0.1055,0.1075,0.10652385,0.1065,87068.55,BTC-27NOV26,0.3835,-0.62848,139.61594,0.0,2.0,0.0020000000000000018,BTC,86186.6,18522.78
2026-09-22T14:00:33.091763+00:00,BTC-27NOV26-108000-P,87068.55,BTC-27NOV26,put,108000.0,2026-11-27T08:00:00+00:00,0.1800126406392438,0.2475,0.2525,0.24993503,0.25,87068.55,BTC-27NOV26,0.405,-0.87929,74.17954,0.0,0.0,0.0050000000000000044,BTC,86186.6,0.0
2026-09-22T14:00:33.091763+00:00,BTC-2OCT26-80000-P,86376.47,BTC-2OCT26,put,80000.0,2026-10-02T08:00:00+00:00,0.02669299655984612,0.0034,0.0038,0.00352091,0.0036,86376.47,BTC-2OCT26,0.3935,-0.11253,26.95989,284.2,127.9,0.0004000000000000002,BTC,86186.6,49858.08
2026-09-22T14:00:33.091763+00:00,BTC-25DEC26-56000-C,87446.11,BTC-25DEC26,call,56000.0,2026-12-25T08:00:00+00:00,0.2566724626789426,0.3615,0.3645,0.36351469,0.363,87446.11,BTC-25DEC26,0.5189,0.96589,33.50063,42.2,0.0,0.0030000000000000027,BTC,86186.6,0.0
2026-09-22T14:00:33.091763+00:00,BTC-25SEP26-52000-P,86295.11,BTC-25SEP26,put,52000.0,2026-09-25T08:00:00+00:00,0.007528041049921413,,0.0001,0.0,,86295.11,BTC-25SEP26,1.1676,0.0,9e-05,1209.3,0.0,,BTC,86186.6,0.0
2026-09-22T14:00:33.091763+00:00,BTC-26MAR27-86000-P,88472.13,BTC-26MAR27,put,86000.0,2027-03-26T08:00:00+00:00,0.5058168843079639,0.0965,0.0975,0.09682054,0.097,88472.13,BTC-26MAR27,0.3953,-0.40563,243.87202,26.8,29.0,0.0010000000000000009,BTC,86186.6,250235.22
2026-09-22T14:00:33.091763+00:00,BTC-26MAR27-40000-P,88472.13,BTC-26MAR27,put,40000.0,2027-03-26T08:00:00+00:00,0.5058168843079639,0.0029,0.0034,0.00305271,0.00315,88472.13,BTC-26MAR27,0.5872999999999999,-0.01757,27.27199,1914.4,0.4,0.0005,BTC,86186.6,118.03
2026-09-22T14:00:33.091763+00:00,BTC-26MAR27-120000-C,88472.13,BTC-26MAR27,call,120000.0,2027-03-26T08:00:00+00:00,0.5058168843079639,0.0255,0.0265,0.02578932,0.026,88472.13,BTC-26MAR27,0.41,0.1837,167.15919,834.7,17.3,0.0010000000000000009,BTC,86186.6,39657.56
2026-09-22T14:00:33.091763+00:00,BTC-30OCT26-80000-C,86712.37,BTC-30OCT26,call,80000.0,2026-10-30T08:00:00+00:00,0.10335281859954495,0.0945,0.096,0.09547983,0.09525,86712.37,BTC-30OCT26,0.3809,0.76234,86.16868,1385.1,3.4,0.0015000000000000013,BTC,86186.6,27712.22
2026-09-22T14:00:33.091763+00:00,BTC-25JUN27-140000-C,89540.92,BTC-25JUN27,call,140000.0,2027-06-25T08:00:00+00:00,0.7549613059369851,0.025,0.0265,0.02566724,0.02575,89540.92,BTC-25JUN27,0.4277,0.15439,184.84964,388.3,20.3,0.0014999999999999979,BTC,86186.6,45987.22
2026-09-22T14:00:33.091763+00:00,BTC-27NOV26-67000-C,87068.55,BTC-27NOV26,call,67000.0,2026-11-27T08:00:00+00:00,0.1800126406392438,0.2355,0.2385,0.23693944,0.237,87068.55,BTC-27NOV26,0.4482,0.92897,50.13734,0.5,0.0,0.0030000000000000027,BTC,86178.48,0.0
2026-09-22T14:00:33.091763+00:00,BTC-30OCT26-96000-P,86712.37,BTC-30OCT26,put,96000.0,2026-10-30T08:00:00+00:00,0.10335281859954495,0.119,0.1235,0.12133292,0.12125,86712.37,BTC-30OCT26,0.37689999999999996,-0.78369,81.7133,0.1,0.0,0.004500000000000004,BTC,86186.6,0.0
2026-09-22T14:00:33.091763+00:00,BTC-25SEP26-190000-C,86295.11,BTC-25SEP26,call,190000.0,2026-09-25T08:00:00+00:00,0.007528041049921413,,0.0001,0.0,,86295.11,BTC-25SEP26,1.0796,0.0,0.0,762.1,0.0,,BTC,86167.99,0.0
2026-09-22T14:00:33.091763+00:00,BTC-26MAR27-56000-P,88472.13,BTC-26MAR27,put,56000.0,2027-03-26T08:00:00+00:00,0.5058168843079639,0.0105,0.0115,0.01087467,0.011,88472.13,BTC-26MAR27,0.4758,-0.0646,79.35568,132.0,0.0,0.0009999999999999992,BTC,86167.99,0.0
2026-09-22T14:00:33.091763+00:00,BTC-25JUN27-56000-C,89543.26,BTC-25JUN27,call,56000.0,2027-06-25T08:00:00+00:00,0.7549613059369851,0.391,0.394,0.39290369,0.3925,89543.26,BTC-25JUN27,0.4587,0.91538,120.58991,3.0,0.0,0.0030000000000000027,BTC,86167.99,0.0
2026-09-22T14:00:33.091763+00:00,BTC-25SEP26-64000-C,86292.39,BTC-25SEP26,call,64000.0,2026-09-25T08:00:00+00:00,0.007528041049921413,0.257,0.2595,0.2583873,0.25825,86292.39,BTC-25SEP26,1.1434,0.99886,0.28299,642.5,1.0,0.0025000000000000022,BTC,86167.99,22566.27
2026-09-22T14:00:33.091763+00:00,BTC-25JUN27-94000-C,89540.92,BTC-25JUN27,call,94000.0,2027-06-25T08:00:00+00:00,0.7549613059369851,0.117,0.1185,0.11765295,0.11775,89540.92,BTC-25JUN27,0.3992,0.51234,310.06549,27.0,0.0,0.0014999999999999875,BTC,86167.99,0.0
2026-09-22T14:00:33.091763+00:00,BTC-23SEP26-75000-P,86261.01,BTC-23SEP26,put,75000.0,2026-09-23T08:00:00+00:00,0.002052339475657211,,0.0001,1.27e-06,,86261.01,BTC-23SEP26,0.8515999999999999,-0.00015,0.02197,4.1,0.0,,BTC,86169.32,0.0
2026-09-22T14:00:33.091763+00:00,BTC-25JUN27-200000-P,89543.26,BTC-25JUN27,put,200000.0,2027-06-25T08:00:00+00:00,0.7549613059369851,1.2225,1.258,1.24061543,1.24025,89543.26,BTC-25JUN27,0.4899,-0.95309,76.2108,2.1,0.0,0.03550000000000009,BTC,86169.32,0.0
2026-09-22T14:00:33.091763+00:00,BTC-27NOV26-78000-C,87070.89,BTC-27NOV26,call,78000.0,2026-11-27T08:00:00+00:00,0.1800126406392438,0.128,0.13,0.12886527,0.129,87070.89,BTC-27NOV26,0.3975,0.76762,112.75511,255.5,0.4,0.0020000000000000018,BTC,86173.09,4491.83
2026-09-22T14:00:33.091763+00:00,BTC-24SEP26-73000-P,86278.65,BTC-24SEP26,put,73000.0,2026-09-24T08:00:00+00:00,0.004790190262789312,,0.0001,2.039e-05,,86278.65,BTC-24SEP26,0.8076000000000001,-0.00134,0.26334,3.2,0.1,,BTC,86169.32,1.72
2026-09-22T14:00:33.091763+00:00,BTC-24SEP26-72000-C,86280.99,BTC-24SEP26,call,72000.0,2026-09-24T08:00:00+00:00,0.004790190262789312,0.136,0.1945,0.16555071,0.16525,86280.99,BTC-24SEP26,0.8573000000000001,0.9989,0.21836,0.0,0.0,0.058499999999999996,BTC,86169.32,0.0
2026-09-22T14:00:33.091763+00:00,BTC-25SEP26-220000-P,86295.11,BTC-25SEP26,put,220000.0,2026-09-25T08:00:00+00:00,0.007528041049921413,1.544,1.5545,1.54940131,1.54925,86295.11,BTC-25SEP26,1.0849,-1.0,0.0,27.7,0.0,0.010499999999999954,BTC,86173.09,0.0
2026-09-22T14:00:33.091763+00:00,BTC-27NOV26-62000-P,87070.89,BTC-27NOV26,put,62000.0,2026-11-27T08:00:00+00:00,0.1800126406392438,0.0036,0.004,0.00373777,0.0038,87070.89,BTC-27NOV26,0.48950000000000005,-0.04148,32.7704,326.0,2.9,0.0004000000000000002,BTC,86173.09,958.68
2026-09-22T14:00:33.091763+00:00,BTC-25DEC26-50000-C,87446.11,BTC-25DEC26,call,50000.0,2026-12-25T08:00:00+00:00,0.2566724626789426,0.429,0.4315,0.43065305,0.43025,87446.11,BTC-25DEC26,0.579,0.97978,21.64036,260.7,4.1,0.0025000000000000022,BTC,86173.09,148180.01
2026-09-22T14:00:33.091763+00:00,BTC-24SEP26-80000-P,86280.99,BTC-24SEP26,put,80000.0,2026-09-24T08:00:00+00:00,0.004790190262789312,0.0001,0.0003,0.00017339,0.0002,86280.99,BTC-24SEP26,0.5011,-0.01502,2.26177,68.3,65.3,0.00019999999999999998,BTC,86173.09,4379.3
2026-09-22T14:00:33.091763+00:00,BTC-30OCT26-45000-P,86712.37,BTC-30OCT26,put,45000.0,2026-10-30T08:00:00+00:00,0.10335281859954495,0.0003,0.0004,0.00035197,0.00035,86712.37,BTC-30OCT26,0.8098000000000001,-0.0041,3.37352,284.9,0.1,0.00010000000000000005,BTC,86173.09,3.45
2026-09-22T14:00:33.091763+00:00,BTC-30OCT26-69000-C,86712.37,BTC-30OCT26,call,69000.0,2026-10-30T08:00:00+00:00,0.10335281859954495,0.206,0.209,0.20753048,0.2075,86712.37,BTC-30OCT26,0.4522,0.94926,29.07536,649.6,0.0,0.0030000000000000027,BTC,86173.09,0.0
2026-09-22T14:00:33.091763+00:00,BTC-24SEP26-84500-C,86278.65,BTC-24SEP26,call,84500.0,2026-09-24T08:00:00+00:00,0.004790190262789312,0.022,0.0255,0.02343333,0.02375,86278.65,BTC-24SEP26,0.35969999999999996,0.79209,17.09476,8.2,0.0,0.0034999999999999996,BTC,86173.09,0.0
2026-09-22T14:00:33.091763+00:00,BTC-25JUN27-84000-C,89540.92,BTC-25JUN27,call,84000.0,2027-06-25T08:00:00+00:00,0.7549613059369851,0.166,0.1685,0.16808127,0.16725,89540.92,BTC-25JUN27,0.4035,0.6388,291.26948,29.4,0.1,0.0025000000000000022,BTC,86176.06,1458.97
2026-09-22T14:00:33.091763+00:00,BTC-25SEP26-40000-P,86292.39,BTC-25SEP26,put,40000.0,2026-09-25T08:00:00+00:00,0.007528041049921413,,0.0001,0.0,,86292.39,BTC-25SEP26,1.1677,0.0,0.0,2819.0,0.0,,BTC,86176.06,0.0
2026-09-22T14:00:33.091763+00:00,BTC-25SEP26-280000-P,86292.39,BTC-25SEP26,put,280000.0,2026-09-25T08:00:00+00:00,0.007528041049921413,2.2355,2.2505,2.24469258,2.243,86292.39,BTC-25SEP26,1.2987,-1.0,0.0,0.0,0.0,0.015000000000000124,BTC,86176.06,0.0
2026-09-22T14:00:33.091763+00:00,BTC-30OCT26-69000-P,86712.37,BTC-30OCT26,put,69000.0,2026-10-30T08:00:00+00:00,0.10335281859954495,0.0031,0.0035,0.00321561,0.0033,86712.37,BTC-30OCT26,0.4522,-0.05071,29.06448,890.4,424.2,0.0004000000000000002,BTC,86176.06,136917.78
2026-09-22T14:00:33.091763+00:00,BTC-27NOV26-82000-P,87068.55,BTC-27NOV26,put,82000.0,2026-11-27T08:00:00+00:00,0.1800126406392438,0.0385,0.0395,0.03893243,0.039,87068.55,BTC-27NOV26,0.38909999999999995,-0.3296,133.6558,85.7,35.9,0.0010000000000000009,BTC,86176.67,127149.72
2026-09-22T14:00:33.091763+00:00,BTC-30OCT26-62000-P,86712.37,BTC-30OCT26,put,62000.0,2026-10-30T08:00:00+00:00,0.10335281859954495,0.0013,0.0016,0.00141852,0.00145,86712.37,BTC-30OCT26,0.5357,-0.02127,14.21072,1277.0,20.0,0.00030000000000000014,BTC,86176.06,2581.55
2026-09-22T14:00:33.091763+00:00,BTC-25JUN27-88000-P,89543.26,BTC-25JUN27,put,88000.0,2027-06-25T08:00:00+00:00,0.7549613059369851,0.128,0.1305,0.12859799,0.12925,89543.26,BTC-25JUN27,0.4007,-0.41226,302.70849,9.9,5.4,0.0025000000000000022,BTC,86176.67,61288.22
2026-09-22T14:00:33.091763+00:00,BTC-23SEP26-83000-P,86261.01,BTC-23SEP26,put,83000.0,2026-09-23T08:00:00+00:00,0.002052339475657211,0.0002,0.0004,0.00022193,0.0003,86261.01,BTC-23SEP26,0.44880000000000003,-0.031,2.72885,102.2,105.7,0.0002,BTC,86176.67,10185.2
2026-09-22T14:00:33.091763+00:00,BTC-30OCT26-40000-C,86712.37,BTC-30OCT26,call,40000.0,2026-10-30T08:00:00+00:00,0.10335281859954495,0.538,0.54,0.53887442,0.539,86712.37,BTC-30OCT26,0.8590000000000001,0.99834,1.49395,0.3,0.0,0.0020000000000000018,BTC,86176.67,0.0
2026-09-22T14:00:33.091763+00:00,BTC-30OCT26-86000-P,86712.37,BTC-30OCT26,put,86000.0,2026-10-30T08:00:00+00:00,0.10335281859954495,0.0425,0.0435,0.04319703,0.043,86712.37,BTC-30OCT26,0.3697,-0.45136,110.3342,104.4,24.6,0.000999999999999994,BTC,86176.67,95075.45
2026-09-22T14:00:33.091763+00:00,BTC-26SEP26-88000-P,86312.88,BTC-26SEP26,put,88000.0,2026-09-26T08:00:00+00:00,0.010265891837053514,0.0265,0.0285,0.02746071,0.0275,86312.88,BTC-26SEP26,0.3883,-0.68876,30.8872,0.0,0.0,0.0020000000000000018,BTC,86176.67,0.0
2026-09-22T14:00:33.091763+00:00,BTC-26MAR27-82000-P,88472.13,BTC-26MAR27,put,82000.0,2027-03-26T08:00:00+00:00,0.5058168843079639,0.075,0.0765,0.07573263,0.07575,88472.13,BTC-26MAR27,0.3981,-0.34207,230.96656,36.4,9.8,0.0015000000000000013,BTC,86176.67,65374.5
2026-09-22T14:00:33.091763+00:00,BTC-25DEC26-64000-C,87446.11,BTC-25DEC26,call,64000.0,2026-12-25T08:00:00+00:00,0.2566724626789426,0.2745,0.278,0.276228,0.27625,87446.11,BTC-25DEC26,0.45649999999999996,0.92817,60.64803,404.9,0.0,0.003500000000000003,BTC,86178.4,0.0
2026-09-22T14:00:33.091763+00:00,BTC-26MAR27-95000-P,88474.47,BTC-26MAR27,put,95000.0,2027-03-26T08:00:00+00:00,0.5058168843079639,0.1555,0.157,0.1559008,0.15625,88474.47,BTC-26MAR27,0.3933,-0.54678,249.17225,3.3,2.8,0.0015000000000000013,BTC,86178.4,38772.35
2026-09-22T14:00:33.091763+00:00,BTC-25DEC26-95000-C,87446.11,BTC-25DEC26,call,95000.0,2026-12-25T08:00:00+00:00,0.2566724626789426,0.0445,0.046,0.04540231,0.04525,87446.11,BTC-25DEC26,0.3868,0.37113,167.36196,1522.7,65.0,0.0015000000000000013,BTC,86178.4,250296.12
2026-09-22T14:00:33.091763+00:00,BTC-23SEP26-91000-P,86261.01,BTC-23SEP26,put,91000.0,2026-09-23T08:00:00+00:00,0.002052339475657211,0.02,0.094,0.05512895,0.057,86261.01,BTC-23SEP26,0.5992999999999999,-0.97639,2.17437,1.6,1.0,0.074,BTC,86184.3,3999.09
2026-09-22T14:00:33.091763+00:00,BTC-27NOV26-105000-C,87070.89,BTC-27NOV26,call,105000.0,2026-11-27T08:00:00+00:00,0.1800126406392438,0.012,0.013,0.01255205,0.0125,87070.89,BTC-27NOV26,0.3986,0.15227,86.96021,20.7,2.5,0.0009999999999999992,BTC,86184.3,2630.47
2026-09-22T14:00:33.091763+00:00,BTC-25SEP26-95000-C,86292.39,BTC-25SEP26,call,95000.0,2026-09-25T08:00:00+00:00,0.007528041049921413,0.0004,0.0006,0.00048595,0.0005,86292.39,BTC-25SEP26,0.5649000000000001,0.02527,4.41302,5049.8,220.5,0.00019999999999999993,BTC,86184.3,21087.99
2026-09-22T14:00:33.091763+00:00,BTC-27NOV26-94000-C,87068.55,BTC-27NOV26,call,94000.0,2026-11-27T08:00:00+00:00,0.1800126406392438,0.0345,0.0355,0.03499747,0.035,87068.55,BTC-27NOV26,0.3837,0.34703,136.35311,82.7,0.2,0.000999999999999994,BTC,86184.3,636.13
2026-09-22T14:00:33.091763+00:00,BTC-26MAR27-75000-C,88474.47,BTC-26MAR27,call,75000.0,2027-03-26T08:00:00+00:00,0.5058168843079639,0.198,0.2,0.19934376,0.199,88474.47,BTC-26MAR27,0.40759999999999996,0.76181,194.71786,0.0,0.0,0.0020000000000000018,BTC,86184.3,0.0
2026-09-22T14:00:33.091763+00:00,BTC-25SEP26-35000-C,86292.39,BTC-25SEP26,call,35000.0,2026-09-25T08:00:00+00:00,0.007528041049921413,0.5935,0.595,0.59441587,0.59425,86292.39,BTC-25SEP26,1.1678,1.0,0.0,29.3,0.0,0.0014999999999999458,BTC,86184.3,0.0
2026-09-22T14:00:33.091763+00:00,BTC-25DEC26-240000-P,87446.11,BTC-25DEC26,put,240000.0,2026-12-25T08:00:00+00:00,0.2566724626789426,1.734,1.7555,1.74470868,1.74475,87446.11,BTC-25DEC26,0.69,-0.99668,4.44146,0.0,0.0,0.021500000000000075,BTC,86184.3,0.0
2026-09-22T14:00:33.091763+00:00,BTC-26SEP26-91000-P,86315.22,BTC-26SEP26,put,91000.0,2026-09-26T08:00:00+00:00,0.010265891837053514,0.0545,0.059,0.05671961,0.05675,86315.22,BTC-26SEP26,0.4316,-0.88587,16.87374,0.0,0.0,0.004499999999999997,BTC,86184.3,0.0
2026-09-22T14:00:33.091763+00:00,BTC-25JUN27-105000-C,89540.92,BTC-25JUN27,call,105000.0,2027-06-25T08:00:00+00:00,0.7549613059369851,0.0785,0.08,0.07933784,0.07925,89540.92,BTC-25JUN27,0.4014,0.38826,298.03953,163.5,9.4,0.0015000000000000013,BTC,86189.68,64610.93
2026-09-22T14:00:33.091763+00:00,BTC-25DEC26-86000-P,87446.11,BTC-25DEC26,put,86000.0,2026-12-25T08:00:00+00:00,0.2566724626789426,0.069,0.07,0.06946372,0.0695,87446.11,BTC-25DEC26,0.387,-0.42869,173.85448,71.7,11.1,0.0010000000000000009,BTC,86189.68,68182.88
2026-09-22T14:00:33.091763+00:00,BTC-24SEP26-83500-C,86278.65,BTC-24SEP26,call,83500.0,2026-09-24T08:00:00+00:00,0.004790190262789312,0.0031,0.066,0.03343304,0.03455,86278.65,BTC-24SEP26,0.36869999999999997,0.89782,10.63937,2.6,0.0,0.0629,BTC,86189.68,0.0
2026-09-22T14:00:33.091763+00:00,BTC-24SEP26-94000-P,86278.65,BTC-24SEP26,put,94000.0,2026-09-24T08:00:00+00:00,0.004790190262789312,0.053,0.131,0.08985188,0.092,86278.65,BTC-24SEP26,0.626,-0.9758,3.39343,0.0,0.0,0.07800000000000001,BTC,86189.68,0.0
2026-09-22T14:00:33.091763+00:00,BTC-25SEP26-200000-C,86292.39,BTC-25SEP26,call,200000.0,2026-09-25T08:00:00+00:00,0.007528041049921413,,0.0001,0.0,,86292.39,BTC-25SEP26,1.0798,0.0,0.0,1018.5,0.0,,BTC,86188.48,0.0
2026-09-22T14:00:33.091763+00:00,BTC-24SEP26-85000-C,86278.65,BTC-24SEP26,call,85000.0,2026-09-24T08:00:00+00:00,0.004790190262789312,0.018,0.0205,0.01908447,0.01925,86278.65,BTC-24SEP26,0.36219999999999997,0.71945,20.10813,16.0,9.2,0.0025000000000000022,BTC,86189.68,13036.03
2026-09-22T14:00:33.091763+00:00,BTC-24SEP26-81000-C,86280.99,BTC-24SEP26,call,81000.0,2026-09-24T08:00:00+00:00,0.004790190262789312,0.06,0.063,0.06149041,0.0615,86280.99,BTC-24SEP26,0.4578,0.9765,3.31125,12.4,0.0,0.0030000000000000027,BTC,86188.48,0.0
2026-09-22T14:00:33.091763+00:00,BTC-26MAR27-150000-P,88474.47,BTC-26MAR27,put,150000.0,2027-03-26T08:00:00+00:00,0.5058168843079639,0.7005,0.7085,0.70402581,0.7045,88474.47,BTC-26MAR27,0.4515,-0.93094,83.57782,0.6,0.0,0.008000000000000007,BTC,86188.48,0.0
2026-09-22T14:00:33.091763+00:00,BTC-27NOV26-84000-P,87068.55,BTC-27NOV26,put,84000.0,2026-11-27T08:00:00+00:00,0.1800126406392438,0.0475,0.0485,0.04812803,0.048,87068.55,BTC-27NOV26,0.38659999999999994,-0.38337,140.98357,14.1,7.8,0.0010000000000000009,BTC,86183.9,33718.55
2026-09-22T14:00:33.091763+00:00,BTC-25SEP26-45000-P,86292.39,BTC-25SEP26,put,45000.0,2026-09-25T08:00:00+00:00,0.007528041049921413,,0.0001,0.0,,86292.39,BTC-25SEP26,1.1676,0.0,0.0,2172.5,0.0,,BTC,86183.9,0.0
2026-09-22T14:00:33.091763+00:00,BTC-25DEC26-20000-C,87446.11,BTC-25DEC26,call,20000.0,2026-12-25T08:00:00+00:00,0.2566724626789426,0.7705,0.7725,0.77154493,0.7715,87446.11,BTC-25DEC26,1.0676999999999999,0.99863,1.9887,4.9,0.0,0.0020000000000000018,BTC,86188.48,0.0
2026-09-22T14:00:33.091763+00:00,BTC-26MAR27-110000-C,88472.13,BTC-26MAR27,call,110000.0,2027-03-26T08:00:00+00:00,0.5058168843079639,0.04,0.041,0.04054761,0.0405,88472.13,BTC-26MAR27,0.401,0.2666,206.65063,1160.3,534.5,0.0010000000000000009,BTC,86188.48,1811210.53
2026-09-22T14:00:33.091763+00:00,BTC-25SEP26-145000-C,86295.11,BTC-25SEP26,call,145000.0,2026-09-25T08:00:00+00:00,0.007528041049921413,,0.0001,0.0,,86295.11,BTC-25SEP26,1.0796,0.0,1e-05,519.2,0.0,,BTC,86183.9,0.0
2026-09-22T14:00:33.091763+00:00,BTC-26MAR27-125000-C,88472.13,BTC-26MAR27,call,125000.0,2027-03-26T08:00:00+00:00,0.5058168843079639,0.0205,0.0215,0.02093911,0.021,88472.13,BTC-26MAR27,0.41600000000000004,0.15343,148.86619,440.8,1.5,0.0009999999999999974,BTC,86183.9,2688.68
2026-09-22T14:00:33.091763+00:00,BTC-25DEC26-150000-P,87448.45,BTC-25DEC26,put,150000.0,2026-12-25T08:00:00+00:00,0.2566724626789426,0.714,0.721,0.71730175,0.7175,87448.45,BTC-25DEC26,0.5034000000000001,-0.97672,24.37972,4.4,0.0,0.007000000000000006,BTC,86183.9,0.0
2026-09-22T14:00:33.091763+00:00,BTC-25JUN27-120000-P,89543.26,BTC-25JUN27,put,120000.0,2027-06-25T08:00:00+00:00,0.7549613059369851,0.384,0.3915,0.38729983,0.38775,89543.26,BTC-25JUN27,0.4097,-0.74075,251.90314,0.9,0.0,0.007500000000000007,BTC,86183.9,0.0
2026-09-22T14:00:33.091763+00:00,BTC-25JUN27-114000-P,89540.92,BTC-25JUN27,put,114000.0,2027-06-25T08:00:00+00:00,0.7549613059369851,0.328,0.335,0.33095238,0.3315,89540.92,BTC-25JUN27,0.4058,-0.69503,272.40988,0.0,0.0,0.007000000000000006,BTC,86184.22,0.0
2026-09-22T14:00:33.091763+00:00,BTC-30OCT26-87000-P,86714.71,BTC-30OCT26,put,87000.0,2026-10-30T08:00:00+00:00,0.10335281859954495,0.0485,0.0495,0.04900287,0.049,86714.71,BTC-30OCT26,0.36869999999999997,-0.48967,111.13932,396.3,377.9,0.0010000000000000009,BTC,86183.9,1724098.63
2026-09-22T14:00:33.091763+00:00,BTC-30OCT26-63000-P,86712.37,BTC-30OCT26,put,63000.0,2026-10-30T08:00:00+00:00,0.10335281859954495,0.0015,0.0018,0.00160462,0.00165,86712.37,BTC-30OCT26,0.5243,-0.02415,15.82021,662.0,12.6,0.0002999999999999999,BTC,86184.22,1755.39
2026-09-22T14:00:33.091763+00:00,BTC-25SEP26-160000-C,86292.39,BTC-25SEP26,call,160000.0,2026-09-25T08:00:00+00:00,0.007528041049921413,,0.0001,0.0,,86292.39,BTC-25SEP26,1.0796,0.0,0.0,1498.4,0.0,,BTC,86184.22,0.0
2026-09-22T14:00:33.091763+00:00,BTC-9OCT26-77000-C,86449.64,BTC-9OCT26,call,77000.0,2026-10-09T08:00:00+00:00,0.04585795206977083,0.1115,0.1145,0.11289075,0.113,86449.64,BTC-9OCT26,0.4067,0.91373,29.11826,57.9,0.1,0.0030000000000000027,BTC,86184.22,896.82
2026-09-22T14:00:33.091763+00:00,BTC-25JUN27-64000-P,89540.92,BTC-25JUN27,put,64000.0,2027-06-25T08:00:00+00:00,0.7549613059369851,0.0315,0.033,0.03215841,0.03225,89540.92,BTC-25JUN27,0.4336,-0.14057,173.58674,63.5,0.3,0.0015000000000000013,BTC,86184.22,869.92
2026-09-22T14:00:33.091763+00:00,BTC-25JUN27-95000-C,89543.26,BTC-25JUN27,call,95000.0,2027-06-25T08:00:00+00:00,0.7549613059369851,0.113,0.1145,0.11354822,0.11375,89543.26,BTC-25JUN27,0.3993,0.50041,310.26993,55.7,5.0,0.0015000000000000013,BTC,86188.83,47284.05
2026-09-22T14:00:33.091763+00:00,BTC-25JUN27-65000-C,89543.26,BTC-25JUN27,call,65000.0,2027-06-25T08:00:00+00:00,0.7549613059369851,0.3065,0.309,0.30856968,0.30775,89543.26,BTC-25JUN27,0.43119999999999997,0.85085,180.64475,4.1,0.0,0.0025000000000000022,BTC,86188.83,0.0
2026-09-22T14:00:33.091763+00:00,BTC-9OCT26-65000-P,86451.98,BTC-9OCT26,put,65000.0,2026-10-09T08:00:00+00:00,0.04585795206977083,0.0003,0.0005,0.00037895,0.0004,86451.98,BTC-9OCT26,0.5761999999999999,-0.00899,4.49582,209.6,175.1,0.00020000000000000004,BTC,86188.83,7712.55
2026-09-22T14:00:33.091763+00:00,BTC-25DEC26-98000-C,87446.11,BTC-25DEC26,call,98000.0,2026-12-25T08:00:00+00:00,0.2566724626789426,0.036,0.037,0.03639206,0.0365,87446.11,BTC-25DEC26,0.389,0.31453,157.22539,333.7,17.5,0.0010000000000000009,BTC,86188.83,55276.65
2026-09-22T14:00:33.091763+00:00,BTC-30OCT26-79000-P,86712.37,BTC-30OCT26,put,79000.0,2026-10-30T08:00:00+00:00,0.10335281859954495,0.015,0.016,0.01528424,0.0155,86712.37,BTC-30OCT26,0.3836,-0.2086,80.00086,599.7,23.3,0.0010000000000000009,BTC,86188.83,31965.08
2026-09-22T14:00:33.091763+00:00,BTC-24SEP26-80000-C,86278.65,BTC-24SEP26,call,80000.0,2026-09-24T08:00:00+00:00,0.004790190262789312,0.0715,0.0745,0.07298814,0.073,86278.65,BTC-24SEP26,0.5011,0.98525,2.22763,9.2,0.0,0.0030000000000000027,BTC,86188.83,0.0
2026-09-22T14:00:33.091763+00:00,BTC-2OCT26-83000-C,86376.47,BTC-2OCT26,call,83000.0,2026-10-02T08:00:00+00:00,0.02669299655984612,0.0475,0.0495,0.04845612,0.0485,86376.47,BTC-2OCT26,0.3751,0.74859,44.96124,660.4,200.0,0.0020000000000000018,BTC,86187.61,726606.72
2026-09-22T14:00:33.091763+00:00,BTC-30OCT26-98000-C,86712.37,BTC-30OCT26,call,98000.0,2026-10-30T08:00:00+00:00,0.10335281859954495,0.0105,0.011,0.01088727,0.01075,86712.37,BTC-30OCT26,0.3811,0.17303,71.32104,361.1,42.8,0.0004999999999999987,BTC,86188.83,39900.05
2026-09-22T14:00:33.091763+00:00,BTC-25DEC26-108000-P,87448.45,BTC-25DEC26,put,108000.0,2026-12-25T08:00:00+00:00,0.2566724626789426,0.25,0.255,0.25232065,0.2525,87448.45,BTC-25DEC26,0.4004,-0.82693,113.35708,0.1,0.0,0.0050000000000000044,BTC,86187.61,0.0
2026-09-22T14:00:33.091763+00:00,BTC-25JUN27-74000-P,89540.92,BTC-25JUN27,put,74000.0,2027-06-25T08:00:00+00:00,0.7549613059369851,0.0605,0.062,0.06117452,0.06125,89540.92,BTC-25JUN27,0.4138,-0.23947,241.49438,19.0,3.3,0.0015000000000000013,BTC,86187.61,18168.11
2026-09-22T14:00:33.091763+00:00,BTC-27NOV26-66000-C,87068.55,BTC-27NOV26,call,66000.0,2026-11-27T08:00:00+00:00,0.1800126406392438,0.2465,0.2495,0.24779915,0.248,87068.55,BTC-27NOV26,0.4572,0.93582,46.36534,0.0,0.0,0.0030000000000000027,BTC,86188.96,0.0
2026-09-22T14:00:33.091763+00:00,BTC-25SEP26-86000-C,86292.4,BTC-25SEP26,call,86000.0,2026-09-25T08:00:00+00:00,0.007528041049921413,0.0145,0.0155,0.01491068,0.015,86292.4,BTC-25SEP26,0.37979999999999997,0.53924,29.7089,1955.8,1558.6,0.0009999999999999992,BTC,86188.96,2193418.82
2026-09-22T14:00:33.091763+00:00,BTC-25DEC26-115000-C,87446.11,BTC-25DEC26,call,115000.0,2026-12-25T08:00:00+00:00,0.2566724626789426,0.0105,0.011,0.01074625,0.01075,87446.11,BTC-25DEC26,0.41350000000000003,0.11382,85.33031,2356.8,92.6,0.0004999999999999987,BTC,86187.61,91938.64
2026-09-22T14:00:33.091763+00:00,BTC-26MAR27-140000-P,88472.13,BTC-26MAR27,put,140000.0,2027-03-26T08:00:00+00:00,0.5058168843079639,0.591,0.598,0.59436868,0.5945,88472.13,BTC-26MAR27,0.4375,-0.90679,104.82486,10.9,0.0,0.007000000000000006,BTC,86188.96,0.0
2026-09-22T14:00:33.091763+00:00,BTC-25DEC26-80000-P,87446.11,BTC-25DEC26,put,80000.0,2026-12-25T08:00:00+00:00,0.2566724626789426,0.0405,0.0415,0.04113807,0.041,87446.11,BTC-25DEC26,0.395,-0.29417,152.60794,1659.8,31.0,0.0010000000000000009,BTC,86188.96,113007.94
2026-09-22T14:00:33.091763+00:00,BTC-25JUN27-116000-C,89540.92,BTC-25JUN27,call,116000.0,2027-06-25T08:00:00+00:00,0.7549613059369851,0.053,0.055,0.05399028,0.054,89540.92,BTC-25JUN27,0.4069,0.28875,265.6979,0.0,0.0,0.0020000000000000018,BTC,86188.96,0.0
2026-09-22T14:00:33.091763+00:00,BTC-25SEP26-56000-P,86292.39,BTC-25SEP26,put,56000.0,2026-09-25T08:00:00+00:00,0.007528041049921413,,0.0001,1.7e-07,,86292.39,BTC-25SEP26,1.1676,-1e-05,0.00274,1780.8,0.0,,BTC,86195.4,0.0
2026-09-22T14:00:33.091763+00:00,BTC-9OCT26-86000-P,86449.64,BTC-9OCT26,put,86000.0,2026-10-09T08:00:00+00:00,0.04585795206977083,0.0285,0.0295,0.02892259,0.029,86449.64,BTC-9OCT26,0.3696,-0.46119,73.48171,155.6,182.8,0.0009999999999999974,BTC,86188.96,474284.56
2026-09-22T14:00:33.091763+00:00,BTC-26MAR27-70000-P,88474.47,BTC-26MAR27,put,70000.0,2027-03-26T08:00:00+00:00,0.5058168843079639,0.032,0.033,0.0323573,0.0325,88474.47,BTC-26MAR27,0.41840000000000005,-0.17537,162.3562,703.0,30.7,0.0010000000000000009,BTC,86188.96,89211.14
2026-09-22T14:00:33.091763+00:00,BTC-9OCT26-95000-C,86449.64,BTC-9OCT26,call,95000.0,2026-10-09T08:00:00+00:00,0.04585795206977083,0.0055,0.0065,0.0058572,0.006,86449.64,BTC-9OCT26,0.3937,0.1395,41.09235,294.5,20.0,0.001,BTC,86188.96,8632.84
2026-09-22T14:00:33.091763+00:00,BTC-25JUN27-86000-C,89543.26,BTC-25JUN27,call,86000.0,2027-06-25T08:00:00+00:00,0.7549613059369851,0.155,0.1575,0.15662392,0.15625,89543.26,BTC-25JUN27,0.4019,0.61346,297.65333,41.8,2.2,0.0025000000000000022,BTC,86195.4,29660.41
2026-09-22T14:00:33.091763+00:00,BTC-27NOV26-100000-C,87070.89,BTC-27NOV26,call,100000.0,2026-11-27T08:00:00+00:00,0.1800126406392438,0.0195,0.0205,0.01991106,0.02,87070.89,BTC-27NOV26,0.3897,0.22422,110.54607,235.7,22.6,0.0010000000000000009,BTC,86205.31,40589.54
2026-09-22T14:00:33.091763+00:00,BTC-26MAR27-64000-C,88472.13,BTC-26MAR27,call,64000.0,2027-03-26T08:00:00+00:00,0.5058168843079639,0.295,0.2985,0.29697973,0.29675,88472.13,BTC-26MAR27,0.43799999999999994,0.88349,123.23194,137.9,82.0,0.003500000000000003,BTC,86195.4,2045795.9
2026-09-22T14:00:33.091763+00:00,BTC-25DEC26-82000-P,87446.11,BTC-25DEC26,put,82000.0,2026-12-25T08:00:00+00:00,0.2566724626789426,0.049,0.05,0.04941762,0.0495,87446.11,BTC-25DEC26,0.3917,-0.33718,161.76568,783.9,2.6,0.0010000000000000009,BTC,86195.4,11552.14
2026-09-22T14:00:33.091763+00:00,BTC-26SEP26-78000-P,86315.22,BTC-26SEP26,put,78000.0,2026-09-26T08:00:00+00:00,0.010265891837053514,0.0003,0.0006,0.00040903,0.00045,86315.22,BTC-26SEP26,0.4999,-0.0222,4.62369,2.0,2.0,0.0003,BTC,86195.4,68.94
2026-09-22T14:00:33.091763+00:00,BTC-25DEC26-90000-P,87446.11,BTC-25DEC26,put,90000.0,2026-12-25T08:00:00+00:00,0.2566724626789426,0.0935,0.095,0.09433081,0.09425,87446.11,BTC-25DEC26,0.38520000000000004,-0.52088,176.47383,624.4,40.6,0.0015000000000000013,BTC,86205.31,326465.22
2026-09-22T14:00:33.091763+00:00,BTC-9OCT26-79000-P,86449.64,BTC-9OCT26,put,79000.0,2026-10-09T08:00:00+00:00,0.04585795206977083,0.0055,0.006,0.00574904,0.00575,86449.64,BTC-9OCT26,0.391,-0.13274,39.72647,101.5,53.1,0.0005000000000000004,BTC,86205.31,29545.75
2026-09-22T14:00:33.091763+00:00,BTC-26MAR27-50000-C,88472.13,BTC-26MAR27,call,50000.0,2027-03-26T08:00:00+00:00,0.5058168843079639,0.4395,0.443,0.44179864,0.44125,88472.13,BTC-26MAR27,0.5138,0.95925,55.03646,21.6,0.0,0.003500000000000003,BTC,86205.31,0.0
2026-09-22T14:00:33.091763+00:00,BTC-30OCT26-74000-P,86712.37,BTC-30OCT26,put,74000.0,2026-10-30T08:00:00+00:00,0.10335281859954495,0.0065,0.0075,0.00677644,0.007,86712.37,BTC-30OCT26,0.40990000000000004,-0.10307,50.00579,425.6,51.7,0.001,BTC,86205.31,33482.94
2026-09-22T14:00:33.091763+00:00,BTC-25JUN27-140000-P,89540.92,BTC-25JUN27,put,140000.0,2027-06-25T08:00:00+00:00,0.7549613059369851,0.5855,0.5955,0.58909343,0.5905,89540.92,BTC-25JUN27,0.4277,-0.84541,185.05723,3.4,0.0,0.010000000000000009,BTC,86211.3,0.0
2026-09-22T14:00:33.091763+00:00,BTC-25DEC26-180000-P,87448.45,BTC-25DEC26,put,180000.0,2026-12-25T08:00:00+00:00,0.2566724626789426,1.0525,1.065,1.05919961,1.05875,87448.45,BTC-25DEC26,0.5765,-0.99003,11.77185,0.1,0.0,0.012499999999999956,BTC,86211.3,0.0
2026-09-22T14:00:33.091763+00:00,BTC-25SEP26-83000-C,86292.39,BTC-25SEP26,call,83000.0,2026-09-25T08:00:00+00:00,0.007528041049921413,0.039,0.0415,0.04032185,0.04025,86292.39,BTC-25SEP26,0.3945,0.87294,15.58514,1579.7,54.7,0.0025000000000000022,BTC,86211.3,175015.41
2026-09-22T14:00:33.091763+00:00,BTC-26SEP26-79000-P,86312.88,BTC-26SEP26,put,79000.0,2026-09-26T08:00:00+00:00,0.010265891837053514,0.0005,0.0007,0.00056559,0.0006,86312.88,BTC-26SEP26,0.4708,-0.03077,6.07546,4.0,4.0,0.00019999999999999998,BTC,86211.3,206.88
2026-09-22T14:00:33.091763+00:00,BTC-9OCT26-74000-P,86449.64,BTC-9OCT26,put,74000.0,2026-10-09T08:00:00+00:00,0.04585795206977083,0.0016,0.002,0.00176795,0.0018,86449.64,BTC-9OCT26,0.4386,-0.04472,17.46009,43.3,8.1,0.00039999999999999996,BTC,86211.3,1272.53
2026-09-22T14:00:33.091763+00:00,BTC-9OCT26-73000-C,86451.98,BTC-9OCT26,call,73000.0,2026-10-09T08:00:00+00:00,0.04585795206977083,0.1555,0.159,0.15707437,0.15725,86451.98,BTC-9OCT26,0.4509,0.96366,14.7513,0.2,0.0,0.003500000000000003,BTC,86211.3,0.0
2026-09-22T14:00:33.091763+00:00,BTC-27NOV26-110000-P,87070.89,BTC-27NOV26,put,110000.0,2026-11-27T08:00:00+00:00,0.1800126406392438,0.269,0.274,0.27138443,0.2715,87070.89,BTC-27NOV26,0.40979999999999994,-0.89611,66.65486,0.0,0.0,0.0050000000000000044,BTC,86211.3,0.0
2026-09-22T14:00:33.091763+00:00,BTC-2OCT26-95000-C,86378.81,BTC-2OCT26,call,95000.0,2026-10-02T08:00:00+00:00,0.02669299655984612,0.0026,0.003,0.00284124,0.0028,86378.81,BTC-2OCT26,0.4244,0.08954,22.82757,507.1,184.7,0.0004000000000000002,BTC,86209.1,53414.18
2026-09-22T14:00:33.091763+00:00,BTC-25JUN27-76000-C,89543.26,BTC-25JUN27,call,76000.0,2027-06-25T08:00:00+00:00,0.7549613059369851,0.218,0.2205,0.22006232,0.21925,89543.26,BTC-25JUN27,0.41100000000000003,0.73779,253.4471,73.9,0.1,0.0025000000000000022,BTC,86209.1,1878.09
2026-09-22T14:00:33.091763+00:00,BTC-25DEC26-35000-P,87446.11,BTC-25DEC26,put,35000.0,2026-12-25T08:00:00+00:00,0.2566724626789426,0.0006,0.0009,0.00080602,0.00075,87446.11,BTC-25DEC26,0.7737,-0.00567,7.16743,2442.2,0.1,0.00030000000000000003,BTC,86209.1,7.71
2026-09-22T14:00:33.091763+00:00,BTC-25SEP26-150000-P,86292.39,BTC-25SEP26,put,150000.0,2026-09-25T08:00:00+00:00,0.007528041049921413,0.735,0.7425,0.73821769,0.73875,86292.39,BTC-25SEP26,1.0796,-1.0,0.0,40.5,0.0,0.007500000000000062,BTC,86209.42,0.0
2026-09-22T14:00:33.091763+00:00,BTC-2OCT26-82000-P,86376.47,BTC-2OCT26,put,82000.0,2026-10-02T08:00:00+00:00,0.02669299655984612,0.0065,0.0075,0.00675933,0.007,86376.47,BTC-2OCT26,0.379,-0.19407,38.7906,92.2,61.3,0.001,BTC,86209.1,46922.23
2026-09-22T14:00:33.091763+00:00,BTC-30OCT26-61000-C,86712.37,BTC-30OCT26,call,61000.0,2026-10-30T08:00:00+00:00,0.10335281859954495,0.2965,0.299,0.29786236,0.29775,86712.37,BTC-30OCT26,0.55,0.98097,12.93666,7.7,0.0,0.0025000000000000022,BTC,86209.42,0.0
2026-09-22T14:00:33.091763+00:00,BTC-26MAR27-50000-P,88472.13,BTC-26MAR27,put,50000.0,2027-03-26T08:00:00+00:00,0.5058168843079639,0.0065,0.0075,0.00691036,0.007,88472.13,BTC-26MAR27,0.5138,-0.04074,55.02958,2351.7,100.4,0.001,BTC,86209.42,54396.4
2026-09-22T14:00:33.091763+00:00,BTC-30OCT26-92000-P,86712.37,BTC-30OCT26,put,92000.0,2026-10-30T08:00:00+00:00,0.10335281859954495,0.084,0.0865,0.08528795,0.08525,86712.37,BTC-30OCT26,0.3703,-0.67039,100.90042,0.1,0.0,0.0024999999999999883,BTC,86209.42,0.0
2026-09-22T14:00:33.091763+00:00,BTC-9OCT26-85000-P,86449.64,BTC-9OCT26,put,85000.0,2026-10-09T08:00:00+00:00,0.04585795206977083,0.023,0.024,0.02372581,0.0235,86449.64,BTC-9OCT26,0.371,-0.40222,71.62008,111.5,110.6,0.0010000000000000009,BTC,86209.42,214690.63
2026-09-22T14:00:33.091763+00:00,BTC-26MAR27-190000-C,88472.13,BTC-26MAR27,call,190000.0,2027-03-26T08:00:00+00:00,0.5058168843079639,0.0034,0.0039,0.00365607,0.00365,88472.13,BTC-26MAR27,0.517,0.02899,41.61297,682.3,29.1,0.0005,BTC,86208.83,9010.72
2026-09-22T14:00:33.091763+00:00,BTC-25DEC26-110000-C,87446.11,BTC-25DEC26,call,110000.0,2026-12-25T08:00:00+00:00,0.2566724626789426,0.0145,0.015,0.01508819,0.01475,87446.11,BTC-25DEC26,0.40409999999999996,0.15379,105.01106,2942.1,53.3,0.0004999999999999987,BTC,86208.83,67227.66
2026-09-22T14:00:33.091763+00:00,BTC-2OCT26-70000-C,86378.81,BTC-2OCT26,call,70000.0,2026-10-02T08:00:00+00:00,0.02669299655984612,0.1885,0.1915,0.18996715,0.19,86378.81,BTC-2OCT26,0.5657,0.98966,3.87074,2.6,0.0,0.0030000000000000027,BTC,86208.83,0.0
2026-09-22T14:00:33.091763+00:00,BTC-24SEP26-78500-C,86278.65,BTC-24SEP26,call,78500.0,2026-09-24T08:00:00+00:00,0.004790190262789312,0.058,0.122,0.0903617,0.09,86278.65,BTC-24SEP26,0.6031,0.98841,1.80857,0.0,0.0,0.064,BTC,86208.83,0.0
2026-09-22T14:00:33.091763+00:00,BTC-26SEP26-90000-C,86315.22,BTC-26SEP26,call,90000.0,2026-09-26T08:00:00+00:00,0.010265891837053514,0.0035,0.0038,0.00361481,0.00365,86315.22,BTC-26SEP26,0.41450000000000004,0.16265,21.50232,0.6,0.6,0.0002999999999999999,BTC,86208.83,172.33
2026-09-22T14:00:33.091763+00:00,BTC-25JUN27-190000-P,89540.92,BTC-25JUN27,put,190000.0,2027-06-25T08:00:00+00:00,0.7549613059369851,1.117,1.1505,1.13035021,1.13375,89540.92,BTC-25JUN27,0.48090000000000005,-0.94431,87.39537,0.6,0.0,0.033500000000000085,BTC,86207.16,0.0
2026-09-22T14:00:33.091763+00:00,BTC-23SEP26-78000-C,86261.01,BTC-23SEP26,call,78000.0,2026-09-23T08:00:00+00:00,0.002052339475657211,0.0635,0.127,0.09583154,0.09525,86261.01,BTC-23SEP26,0.6966,0.9993,0.09504,0.0,0.0,0.0635,BTC,86207.16,0.0
2026-09-22T14:00:33.091763+00:00,BTC-25SEP26-88000-P,86295.11,BTC-25SEP26,put,88000.0,2026-09-25T08:00:00+00:00,0.007528041049921413,0.025,0.027,0.02593224,0.026,86295.11,BTC-25SEP26,0.3967,-0.71383,25.46093,7.1,1.0,0.0019999999999999983,BTC,86207.16,2703.19
2026-09-22T14:00:33.091763+00:00,BTC-9OCT26-82000-P,86449.64,BTC-9OCT26,put,82000.0,2026-10-09T08:00:00+00:00,0.04585795206977083,0.0115,0.0125,0.01208155,0.012,86449.64,BTC-9OCT26,0.3766,-0.24515,58.21102,95.9,73.2,0.0010000000000000009,BTC,86207.16,84286.27
2026-09-22T14:00:33.091763+00:00,BTC-25JUN27-102000-P,89543.26,BTC-25JUN27,put,102000.0,2027-06-25T08:00:00+00:00,0.7549613059369851,0.2265,0.23,0.2274057,0.22825,89543.26,BTC-25JUN27,0.40049999999999997,-0.57983,304.11795,0.0,0.0,0.003500000000000003,BTC,86203.65,0.0
2026-09-22T14:00:33.091763+00:00,BTC-24SEP26-94000-C,86278.65,BTC-24SEP26,call,94000.0,2026-09-24T08:00:00+00:00,0.004790190262789312,0.0003,0.0005,0.00040922,0.0004,86278.65,BTC-24SEP26,0.626,0.02434,3.41149,43.2,47.2,0.00020000000000000004,BTC,86203.65,1706.54
2026-09-22T14:00:33.091763+00:00,BTC-26MAR27-76000-P,88472.13,BTC-26MAR27,put,76000.0,2027-03-26T08:00:00+00:00,0.5058168843079639,0.05,0.051,0.05042797,0.0505,88472.13,BTC-26MAR27,0.40549999999999997,-0.25172,200.63662,546.1,44.9,0.000999999999999994,BTC,86203.65,200604.66
2026-09-22T14:00:33.091763+00:00,BTC-30OCT26-98000-P,86712.37,BTC-30OCT26,put,98000.0,2026-10-30T08:00:00+00:00,0.10335281859954495,0.1385,0.1435,0.14099078,0.141,86712.37,BTC-30OCT26,0.3811,-0.8266,71.43126,25.0,25.0,0.004999999999999977,BTC,86203.65,306776.02
2026-09-22T14:00:33.091763+00:00,BTC-25SEP26-76000-C,86295.11,BTC-25SEP26,call,76000.0,2026-09-25T08:00:00+00:00,0.007528041049921413,0.118,0.121,0.11956679,0.1195,86295.11,BTC-25SEP26,0.6667000000000001,0.98657,2.57685,2397.3,50.3,0.0030000000000000027,BTC,86197.1,515163.99
2026-09-22T14:00:33.091763+00:00,BTC-30OCT26-64000-C,86714.71,BTC-30OCT26,call,64000.0,2026-10-30T08:00:00+00:00,0.10335281859954495,0.2625,0.265,0.26373834,0.26375,86714.71,BTC-30OCT26,0.5104,0.97316,17.28821,416.6,0.0,0.0025000000000000022,BTC,86203.65,0.0
2026-09-22T14:00:33.091763+00:00,BTC-23SEP26-77000-P,86261.01,BTC-23SEP26,put,77000.0,2026-09-23T08:00:00+00:00,0.002052339475657211,,0.0001,2.63e-06,,86261.01,BTC-23SEP26,0.7352,-0.00032,0.04597,8.3,0.0,,BTC,86203.65,0.0
2026-09-22T14:00:33.091763+00:00,BTC-24SEP26-82500-P,86280.99,BTC-24SEP26,put,82500.0,2026-09-24T08:00:00+00:00,0.004790190262789312,0.0005,0.0007,0.00056449,0.0006,86280.99,BTC-24SEP26,0.3947,-0.05103,6.25661,44.9,49.5,0.00019999999999999998,BTC,86203.65,6418.99
2026-09-22T14:00:33.091763+00:00,BTC-9OCT26-94000-C,86449.64,BTC-9OCT26,call,94000.0,2026-10-09T08:00:00+00:00,0.04585795206977083,0.0065,0.0075,0.00717058,0.007,86449.64,BTC-9OCT26,0.3889,0.1659,46.10556,11.9,11.9,0.001,BTC,86197.1,8796.12
2026-09-22T14:00:33.091763+00:00,BTC-25SEP26-110000-C,86292.39,BTC-25SEP26,call,110000.0,2026-09-25T08:00:00+00:00,0.007528041049921413,,0.0001,4.333e-05,,86292.39,BTC-25SEP26,0.9499,0.00181,0.4323,1468.6,0.9,,BTC,86197.1,7.78
2026-09-22T14:00:33.091763+00:00,BTC-25DEC26-82000-C,87448.45,BTC-25DEC26,call,82000.0,2026-12-25T08:00:00+00:00,0.2566724626789426,0.1105,0.1125,0.11174045,0.1115,87448.45,BTC-25DEC26,0.3917,0.66286,161.7622,1314.3,14.1,0.0020000000000000018,BTC,86197.1,139717.65
2026-09-22T14:00:33.091763+00:00,BTC-24SEP26-84000-P,86278.65,BTC-24SEP26,put,84000.0,2026-09-24T08:00:00+00:00,0.004790190262789312,0.0017,0.0019,0.00180328,0.0018,86278.65,BTC-24SEP26,0.36210000000000003,-0.14557,13.63881,55.5,18.5,0.0002000000000000001,BTC,86192.99,5178.08
2026-09-22T14:00:33.091763+00:00,BTC-27NOV26-115000-P,87070.89,BTC-27NOV26,put,115000.0,2026-11-27T08:00:00+00:00,0.1800126406392438,0.324,0.329,0.32621468,0.3265,87070.89,BTC-27NOV26,0.42479999999999996,-0.92725,51.07486,0.2,0.0,0.0050000000000000044,BTC,86192.99,0.0
2026-09-22T14:00:33.091763+00:00,BTC-25JUN27-108000-P,89540.92,BTC-25JUN27,put,108000.0,2027-06-25T08:00:00+00:00,0.7549613059369851,0.276,0.2805,0.27740812,0.27825,89540.92,BTC-25JUN27,0.40259999999999996,-0.64142,290.59236,0.2,0.2,0.004500000000000004,BTC,86192.99,4876.78
2026-09-22T14:00:33.091763+00:00,BTC-27NOV26-64000-C,87068.55,BTC-27NOV26,call,64000.0,2026-11-27T08:00:00+00:00,0.1800126406392438,0.268,0.271,0.26959338,0.2695,87068.55,BTC-27NOV26,0.47240000000000004,0.94866,38.89781,0.0,0.0,0.0030000000000000027,BTC,86192.99,0.0
2026-09-22T14:00:33.091763+00:00,BTC-26SEP26-87500-P,86312.88,BTC-26SEP26,put,87500.0,2026-09-26T08:00:00+00:00,0.010265891837053514,0.0225,0.0245,0.02335805,0.0235,86312.88,BTC-26SEP26,0.3823,-0.63633,32.81758,0.0,0.0,0.0020000000000000018,BTC,86192.99,0.0
2026-09-22T14:00:33.091763+00:00,BTC-25SEP26-55000-P,86292.39,BTC-25SEP26,put,55000.0,2026-09-25T08:00:00+00:00,0.007528041049921413,,0.0001,7e-08,,86292.39,BTC-25SEP26,1.1676,0.0,0.00125,3013.3,0.0,,BTC,86198.45,0.0
2026-09-22T14:00:33.091763+00:00,BTC-25DEC26-130000-P,87446.11,BTC-25DEC26,put,130000.0,2026-12-25T08:00:00+00:00,0.2566724626789426,0.4885,0.4945,0.49110767,0.4915,87446.11,BTC-25DEC26,0.4493,-0.94843,46.82236,57.0,3.0,0.006000000000000005,BTC,86198.45,128027.5
2026-09-22T14:00:33.091763+00:00,BTC-25DEC26-106000-C,87448.45,BTC-25DEC26,call,106000.0,2026-12-25T08:00:00+00:00,0.2566724626789426,0.0195,0.0205,0.02012286,0.02,87448.45,BTC-25DEC26,0.39799999999999996,0.19591,122.45554,623.8,15.2,0.0010000000000000009,BTC,86198.45,23421.6
2026-09-22T14:00:33.091763+00:00,BTC-25DEC26-30000-C,87446.11,BTC-25DEC26,call,30000.0,2026-12-25T08:00:00+00:00,0.2566724626789426,0.6565,0.658,0.65749535,0.65725,87446.11,BTC-25DEC26,0.8540000000000001,0.99638,4.80282,300.7,0.0,0.0015000000000000568,BTC,86198.45,0.0
2026-09-22T14:00:33.091763+00:00,BTC-2OCT26-72000-C,86376.47,BTC-2OCT26,call,72000.0,2026-10-02T08:00:00+00:00,0.02669299655984612,0.165,0.1685,0.16695317,0.16675,86376.47,BTC-2OCT26,0.5236,0.9847,5.4349,2.1,0.0,0.003500000000000003,BTC,86198.45,0.0
2026-09-22T14:00:33.091763+00:00,BTC-24SEP26-92000-C,86280.99,BTC-24SEP26,call,92000.0,2026-09-24T08:00:00+00:00,0.004790190262789312,0.0006,0.0008,0.00071319,0.0007,86280.99,BTC-24SEP26,0.5451,0.04474,5.63099,2.7,1.7,0.0002000000000000001,BTC,86198.45,101.36
2026-09-22T14:00:33.091763+00:00,BTC-27NOV26-75000-P,87070.89,BTC-27NOV26,put,75000.0,2026-11-27T08:00:00+00:00,0.1800126406392438,0.0165,0.0175,0.01716049,0.017,87070.89,BTC-27NOV26,0.4071,-0.17192,94.127,1719.3,1046.9,0.0010000000000000009,BTC,86198.45,1538250.79
2026-09-22T14:00:33.091763+00:00,BTC-25DEC26-180000-C,87446.11,BTC-25DEC26,call,180000.0,2026-12-25T08:00:00+00:00,0.2566724626789426,0.0007,0.0011,0.00091093,0.0009,87446.11,BTC-25DEC26,0.5765,0.00996,11.76095,934.3,0.0,0.0004000000000000001,BTC,86204.24,0.0
2026-09-22T14:00:33.091763+00:00,BTC-25SEP26-74000-P,86295.11,BTC-25SEP26,put,74000.0,2026-09-25T08:00:00+00:00,0.007528041049921413,0.0002,0.0003,0.00023206,0.00025,86295.11,BTC-25SEP26,0.7723,-0.01027,2.04078,2119.1,81.8,9.999999999999996e-05,BTC,86204.24,3064.8
2026-09-22T14:00:33.091763+00:00,BTC-25DEC26-106000-P,87448.45,BTC-25DEC26,put,106000.0,2026-12-25T08:00:00+00:00,0.2566724626789426,0.2295,0.2345,0.23222619,0.232,87448.45,BTC-25DEC26,0.39799999999999996,-0.80391,122.54037,0.2,0.0,0.004999999999999977,BTC,86204.24,0.0
2026-09-22T14:00:33.091763+00:00,BTC-30OCT26-94000-C,86712.37,BTC-30OCT26,call,94000.0,2026-10-30T08:00:00+00:00,0.10335281859954495,0.0185,0.019,0.0186725,0.01875,86712.37,BTC-30OCT26,0.3729,0.2687,91.93829,963.1,72.0,0.0005000000000000004,BTC,86204.24,109170.48
2026-09-22T14:00:33.091763+00:00,BTC-26MAR27-88000-P,88474.47,BTC-26MAR27,put,88000.0,2027-03-26T08:00:00+00:00,0.5058168843079639,0.108,0.1095,0.10858207,0.10875,88474.47,BTC-26MAR27,0.3944,-0.43746,247.88142,36.8,29.7,0.0015000000000000013,BTC,86204.71,282599.57
2026-09-22T14:00:33.091763+00:00,BTC-30OCT26-57000-P,86712.37,BTC-30OCT26,put,57000.0,2026-10-30T08:00:00+00:00,0.10335281859954495,0.0008,0.0011,0.00092373,0.00095,86712.37,BTC-30OCT26,0.6103999999999999,-0.01279,9.19752,206.2,0.0,0.00030000000000000003,BTC,86204.71,0.0
2026-09-22T14:00:33.091763+00:00,BTC-9OCT26-73000-P,86451.98,BTC-9OCT26,put,73000.0,2026-10-09T08:00:00+00:00,0.04585795206977083,0.0013,0.0016,0.00142963,0.00145,86451.98,BTC-9OCT26,0.4509,-0.03635,14.75457,108.2,0.3,0.00030000000000000014,BTC,86204.71,50.71
2026-09-22T14:00:33.091763+00:00,BTC-24SEP26-79500-C,86278.65,BTC-24SEP26,call,79500.0,2026-09-24T08:00:00+00:00,0.004790190262789312,0.046,0.1105,0.0787729,0.07825,86278.65,BTC-24SEP26,0.5325,0.98687,2.01586,0.0,0.0,0.0645,BTC,86204.71,0.0
2026-09-22T14:00:33.091763+00:00,BTC-25DEC26-62000-P,87446.11,BTC-25DEC26,put,62000.0,2026-12-25T08:00:00+00:00,0.2566724626789426,0.0065,0.007,0.00669835,0.00675,87446.11,BTC-25DEC26,0.47100000000000003,-0.05963,52.5136,1549.0,1.5,0.0005000000000000004,BTC,86204.71,913.57
2026-09-22T14:00:33.091763+00:00,BTC-25SEP26-45000-C,86292.39,BTC-25SEP26,call,45000.0,2026-09-25T08:00:00+00:00,0.007528041049921413,0.4775,0.4795,0.47853155,0.4785,86292.39,BTC-25SEP26,1.1676,1.0,0.0,164.9,0.0,0.0020000000000000018,BTC,86199.55,0.0
2026-09-22T14:00:33.091763+00:00,BTC-25JUN27-96000-C,89540.92,BTC-25JUN27,call,96000.0,2027-06-25T08:00:00+00:00,0.7549613059369851,0.1085,0.1105,0.10955269,0.1095,89540.92,BTC-25JUN27,0.3994,0.48857,310.19295,152.7,129.6,0.0020000000000000018,BTC,86199.55,1223122.82
2026-09-22T14:00:33.091763+00:00,BTC-26MAR27-200000-C,88472.13,BTC-26MAR27,call,200000.0,2027-03-26T08:00:00+00:00,0.5058168843079639,0.0028,0.003,0.00305165,0.0029,88472.13,BTC-26MAR27,0.5304,0.0242,35.77113,498.7,3.1,0.0002000000000000001,BTC,86199.55,778.01
2026-09-22T14:00:33.091763+00:00,BTC-23SEP26-87500-P,86261.01,BTC-23SEP26,put,87500.0,2026-09-23T08:00:00+00:00,0.002052339475657211,0.0155,0.019,0.01696411,0.01725,86261.01,BTC-23SEP26,0.42950000000000005,-0.77334,11.75907,0.0,0.0,0.0034999999999999996,BTC,86199.55,0.0
2026-09-22T14:00:33.091763+00:00,BTC-30OCT26-60000-P,86712.37,BTC-30OCT26,put,60000.0,2026-10-30T08:00:00+00:00,0.10335281859954495,0.0011,0.0013,0.00117763,0.0012,86712.37,BTC-30OCT26,0.5640999999999999,-0.01707,11.79164,1309.9,71.8,0.00019999999999999987,BTC,86199.55,8332.34
2026-09-22T14:00:33.091763+00:00,BTC-30OCT26-52000-P,86712.37,BTC-30OCT26,put,52000.0,2026-10-30T08:00:00+00:00,0.10335281859954495,0.0005,0.0006,0.00055922,0.00055,86712.37,BTC-30OCT26,0.6812999999999999,-0.00733,5.6574,125.8,0.3,9.999999999999994e-05,BTC,86199.55,16.41
2026-09-22T14:00:33.091763+00:00,BTC-25DEC26-140000-P,87446.11,BTC-25DEC26,put,140000.0,2026-12-25T08:00:00+00:00,0.2566724626789426,0.601,0.6075,0.60381492,0.60425,87446.11,BTC-25DEC26,0.4756,-0.96674,32.81925,0.3,0.1,0.006500000000000061,BTC,86190.21,5183.13
2026-09-22T14:00:33.091763+00:00,BTC-2OCT26-95000-P,86376.47,BTC-2OCT26,put,95000.0,2026-10-02T08:00:00+00:00,0.02669299655984612,0.1005,0.105,0.10261694,0.10275,86376.47,BTC-2OCT26,0.4244,-0.91102,22.7152,0.2,0.0,0.00449999999999999,BTC,86190.21,0.0
2026-09-22T14:00:33.091763+00:00,BTC-26MAR27-102000-P,88472.13,BTC-26MAR27,put,102000.0,2027-03-26T08:00:00+00:00,0.5058168843079639,0.2095,0.2135,0.21184932,0.2115,88472.13,BTC-26MAR27,0.3958,-0.64325,234.57127,0.1,0.0,0.0040000000000000036,BTC,86190.21,0.0
2026-09-22T14:00:33.091763+00:00,BTC-24SEP26-79500-P,86280.99,BTC-24SEP26,put,79500.0,2026-09-24T08:00:00+00:00,0.004790190262789312,0.0001,0.0003,0.00016324,0.0002,86280.99,BTC-24SEP26,0.5325,-0.0132,2.02412,44.2,43.3,0.00019999999999999998,BTC,86190.21,1116.34
2026-09-22T14:00:33.091763+00:00,BTC-25JUN27-104000-P,89540.92,BTC-25JUN27,put,104000.0,2027-06-25T08:00:00+00:00,0.7549613059369851,0.2425,0.2465,0.24364558,0.2445,89540.92,BTC-25JUN27,0.4011,-0.60142,300.19547,0.0,0.0,0.0040000000000000036,BTC,86188.09,0.0
2026-09-22T14:00:33.091763+00:00,BTC-25SEP26-98000-P,86292.39,BTC-25SEP26,put,98000.0,2026-09-25T08:00:00+00:00,0.007528041049921413,0.1335,0.1385,0.13590724,0.136,86292.39,BTC-25SEP26,0.6546,-0.98688,2.52544,0.1,0.0,0.0050000000000000044,BTC,86188.09,0.0
2026-09-22T14:00:33.091763+00:00,BTC-25JUN27-98000-P,89540.92,BTC-25JUN27,put,98000.0,2027-06-25T08:00:00+00:00,0.7549613059369851,0.1955,0.1985,0.19638101,0.197,89540.92,BTC-25JUN27,0.3996,-0.53513,309.07353,0.1,0.0,0.0030000000000000027,BTC,86188.09,0.0
2026-09-22T14:00:33.091763+00:00,BTC-25SEP26-40000-C,86292.39,BTC-25SEP26,call,40000.0,2026-09-25T08:00:00+00:00,0.007528041049921413,0.536,0.537,0.53647249,0.5365,86292.39,BTC-25SEP26,1.1677,1.0,0.0,34.4,0.0,0.0010000000000000009,BTC,86188.09,0.0
2026-09-22T14:00:33.091763+00:00,BTC-25JUN27-100000-P,89543.26,BTC-25JUN27,put,100000.0,2027-06-25T08:00:00+00:00,0.7549613059369851,0.2105,0.214,0.21164152,0.21225,89543.26,BTC-25JUN27,0.4,-0.558,306.99299,2.1,0.8,0.003500000000000003,BTC,86188.09,14751.38
2026-09-22T14:00:33.091763+00:00,BTC-25SEP26-155000-C,86295.11,BTC-25SEP26,call,155000.0,2026-09-25T08:00:00+00:00,0.007528041049921413,,0.0001,0.0,,86295.11,BTC-25SEP26,1.0796,0.0,0.0,378.0,0.0,,BTC,86184.97,0.0
2026-09-22T14:00:33.091763+00:00,BTC-23SEP26-83000-C,86261.01,BTC-23SEP26,call,83000.0,2026-09-23T08:00:00+00:00,0.002052339475657211,0.0365,0.0395,0.03808782,0.038,86261.01,BTC-23SEP26,0.44880000000000003,0.96978,2.6728,9.5,1.0,0.0030000000000000027,BTC,86188.09,3003.55
2026-09-22T14:00:33.091763+00:00,BTC-27NOV26-94000-P,87070.89,BTC-27NOV26,put,94000.0,2026-11-27T08:00:00+00:00,0.1800126406392438,0.1135,0.116,0.11455713,0.11475,87070.89,BTC-27NOV26,0.3837,-0.65291,136.36285,3.0,3.0,0.0025000000000000022,BTC,86188.09,29735.83
2026-09-22T14:00:33.091763+00:00,BTC-26SEP26-86000-P,86312.88,BTC-26SEP26,put,86000.0,2026-09-26T08:00:00+00:00,0.010265891837053514,0.013,0.014,0.01336437,0.0135,86312.88,BTC-26SEP26,0.3746,-0.46206,34.71262,6.2,6.2,0.0010000000000000009,BTC,86184.97,8785.42
2026-09-22T14:00:33.091763+00:00,BTC-25SEP26-68000-P,86292.39,BTC-25SEP26,put,68000.0,2026-09-25T08:00:00+00:00,0.007528041049921413,,0.0001,4.317e-05,,86292.39,BTC-25SEP26,0.9543,-0.00182,0.43629,2566.4,200.5,,BTC,86177.49,2414.76
2026-09-22T14:00:33.091763+00:00,BTC-23SEP26-86000-C,86261.01,BTC-23SEP26,call,86000.0,2026-09-23T08:00:00+00:00,0.002052339475657211,0.0075,0.0085,0.00818596,0.008,86261.01,BTC-23SEP26,0.36229999999999996,0.5597,15.39927,197.2,336.7,0.0010000000000000009,BTC,86184.97,217470.03
2026-09-22T14:00:33.091763+00:00,BTC-26MAR27-95000-C,88474.47,BTC-26MAR27,call,95000.0,2027-03-26T08:00:00+00:00,0.5058168843079639,0.0815,0.0825,0.08218853,0.082,88474.47,BTC-26MAR27,0.3933,0.45327,249.1874,436.1,24.6,0.0010000000000000009,BTC,86184.97,174693.1
2026-09-22T14:00:33.091763+00:00,BTC-30OCT26-56000-C,86712.37,BTC-30OCT26,call,56000.0,2026-10-30T08:00:00+00:00,0.10335281859954495,0.3535,0.3565,0.35510769,0.355,86712.37,BTC-30OCT26,0.629,0.98809,8.64563,0.5,0.0,0.0030000000000000027,BTC,86177.49,0.0
2026-09-22T14:00:33.091763+00:00,BTC-25DEC26-70000-C,87446.11,BTC-25DEC26,call,70000.0,2026-12-25T08:00:00+00:00,0.2566724626789426,0.2125,0.216,0.21442259,0.21425,87446.11,BTC-25DEC26,0.42369999999999997,0.87279,92.27445,1896.4,1.7,0.003500000000000003,BTC,86177.49,31509.64
2026-09-22T14:00:33.091763+00:00,BTC-2OCT26-100000-P,86376.47,BTC-2OCT26,put,100000.0,2026-10-02T08:00:00+00:00,0.02669299655984612,0.1565,0.1615,0.15873352,0.159,86376.47,BTC-2OCT26,0.48460000000000003,-0.96575,10.70772,0.0,0.0,0.0050000000000000044,BTC,86177.49,0.0
2026-09-22T14:00:33.091763+00:00,BTC-26SEP26-95000-C,86312.88,BTC-26SEP26,call,95000.0,2026-09-26T08:00:00+00:00,0.010265891837053514,0.0007,0.0009,0.00078647,0.0008,86312.88,BTC-26SEP26,0.5241,0.03644,6.98088,0.0,0.0,0.00019999999999999998,BTC,86177.49,0.0
2026-09-22T14:00:33.091763+00:00,BTC-25DEC26-30000-P,87448.45,BTC-25DEC26,put,30000.0,2026-12-25T08:00:00+00:00,0.2566724626789426,0.0005,0.0007,0.00054346,0.0006,87448.45,BTC-25DEC26,0.8540000000000001,-0.00363,4.80829,2148.5,1.1,0.00019999999999999998,BTC,86177.49,56.69
2026-09-22T14:00:33.091763+00:00,BTC-9OCT26-80000-P,86449.64,BTC-9OCT26,put,80000.0,2026-10-09T08:00:00+00:00,0.04585795206977083,0.007,0.0075,0.00736996,0.00725,86449.64,BTC-9OCT26,0.3848,-0.16538,46.00221,31.2,2.2,0.0004999999999999996,BTC,86178.75,1587.03
2026-09-22T14:00:33.091763+00:00,BTC-25JUN27-95000-P,89543.26,BTC-25JUN27,put,95000.0,2027-06-25T08:00:00+00:00,0.7549613059369851,0.174,0.1765,0.17444456,0.17525,89543.26,BTC-25JUN27,0.3993,-0.4997,310.2388,30.2,10.0,0.0025000000000000022,BTC,86178.75,153453.89
2026-09-22T14:00:33.091763+00:00,BTC-30OCT26-70000-P,86714.71,BTC-30OCT26,put,70000.0,2026-10-30T08:00:00+00:00,0.10335281859954495,0.0036,0.0039,0.00369353,0.00375,86714.71,BTC-30OCT26,0.4424,-0.0582,32.40784,1574.1,578.4,0.0002999999999999999,BTC,86178.75,221153.86
2026-09-22T14:00:33.091763+00:00,BTC-25JUN27-82000-P,89543.26,BTC-25JUN27,put,82000.0,2027-06-25T08:00:00+00:00,0.7549613059369851,0.095,0.097,0.09582021,0.096,89543.26,BTC-25JUN27,0.405,-0.33591,283.60924,25.7,1.0,0.0020000000000000018,BTC,86178.75,8309.5
2026-09-22T14:00:33.091763+00:00,BTC-25SEP26-180000-P,86292.39,BTC-25SEP26,put,180000.0,2026-09-25T08:00:00+00:00,0.007528041049921413,1.082,1.09,1.0858738,1.086,86292.39,BTC-25SEP26,1.0796,-1.0,0.0,10.5,0.0,0.008000000000000007,BTC,86175.62,0.0
2026-09-22T14:00:33.091763+00:00,BTC-2OCT26-77000-C,86378.81,BTC-2OCT26,call,77000.0,2026-10-02T08:00:00+00:00,0.02669299655984612,0.108,0.1115,0.11004097,0.10975,86378.81,BTC-2OCT26,0.4314,0.95086,14.34641,186.7,0.2,0.003500000000000003,BTC,86178.75,1850.27
2026-09-22T14:00:33.091763+00:00,BTC-26SEP26-90000-P,86312.88,BTC-26SEP26,put,90000.0,2026-09-26T08:00:00+00:00,0.010265891837053514,0.0445,0.0485,0.04629705,0.0465,86312.88,BTC-26SEP26,0.41450000000000004,-0.8397,21.2913,0.0,0.0,0.0040000000000000036,BTC,86175.62,0.0
2026-09-22T14:00:33.091763+00:00,BTC-23SEP26-82500-C,86261.01,BTC-23SEP26,call,82500.0,2026-09-23T08:00:00+00:00,0.002052339475657211,0.0425,0.0455,0.04383464,0.044,86261.01,BTC-23SEP26,0.48710000000000003,0.97709,2.11965,5.9,0.0,0.0029999999999999957,BTC,86175.62,0.0
2026-09-22T14:00:33.091763+00:00,BTC-25JUN27-200000-C,89540.92,BTC-25JUN27,call,200000.0,2027-06-25T08:00:00+00:00,0.7549613059369851,0.0065,0.008,0.00714945,0.00725,89540.92,BTC-25JUN27,0.4899,0.04694,76.25423,59.3,3.9,0.0015000000000000005,BTC,86175.62,2212.36
2026-09-22T14:00:33.091763+00:00,BTC-24SEP26-87500-P,86280.99,BTC-24SEP26,put,87500.0,2026-09-24T08:00:00+00:00,0.004790190262789312,0.0185,0.021,0.01957781,0.01975,86280.99,BTC-24SEP26,0.40009999999999996,-0.69914,20.77359,0.0,0.0,0.0025000000000000022,BTC,86175.62,0.0
2026-09-22T14:00:33.091763+00:00,BTC-30OCT26-68000-C,86712.37,BTC-30OCT26,call,68000.0,2026-10-30T08:00:00+00:00,0.10335281859954495,0.217,0.2205,0.21867349,0.21875,86712.37,BTC-30OCT26,0.46299999999999997,0.95555,26.14931,514.8,0.0,0.003500000000000003,BTC,86175.62,0.0
2026-09-22T14:00:33.091763+00:00,BTC-27NOV26-75000-C,87070.89,BTC-27NOV26,call,75000.0,2026-11-27T08:00:00+00:00,0.1800126406392438,0.1545,0.157,0.15581693,0.15575,87070.89,BTC-27NOV26,0.4071,0.82781,94.20361,269.2,0.0,0.0025000000000000022,BTC,86175.62,0.0
2026-09-22T14:00:33.091763+00:00,BTC-30OCT26-100000-C,86712.37,BTC-30OCT26,call,100000.0,2026-10-30T08:00:00+00:00,0.10335281859954495,0.008,0.009,0.00843831,0.0085,86712.37,BTC-30OCT26,0.38789999999999997,0.13852,61.56619,12815.7,6019.7,0.0009999999999999992,BTC,86171.42,4305014.46
2026-09-22T14:00:33.091763+00:00,BTC-25DEC26-105000-C,87446.11,BTC-25DEC26,call,105000.0,2026-12-25T08:00:00+00:00,0.2566724626789426,0.021,0.022,0.0216644,0.0215,87446.11,BTC-25DEC26,0.3967,0.20785,126.83948,936.1,9.6,0.0009999999999999974,BTC,86171.42,18625.98
2026-09-22T14:00:33.091763+00:00,BTC-9OCT26-72000-C,86451.98,BTC-9OCT26,call,72000.0,2026-10-09T08:00:00+00:00,0.04585795206977083,0.1665,0.17,0.16837683,0.16825,86451.98,BTC-9OCT26,0.4639,0.97005,12.5718,0.0,0.0,0.003500000000000003,BTC,86171.42,0.0
2026-09-22T14:00:33.091763+00:00,BTC-26SEP26-87000-C,86312.88,BTC-26SEP26,call,87000.0,2026-09-26T08:00:00+00:00,0.010265891837053514,0.0115,0.0125,0.0117792,0.012,86312.88,BTC-26SEP26,0.3795,0.41711,34.10957,1.0,1.0,0.0010000000000000009,BTC,86171.42,947.13
2026-09-22T14:00:33.091763+00:00,BTC-23SEP26-79500-C,86261.01,BTC-23SEP26,call,79500.0,2026-09-23T08:00:00+00:00,0.002052339475657211,0.0455,0.11,0.07845652,0.07775,86261.01,BTC-23SEP26,0.6356,0.9976,0.2924,1.0,0.0,0.0645,BTC,86171.42,0.0
2026-09-22T14:00:33.091763+00:00,BTC-25DEC26-52000-C,87446.11,BTC-25DEC26,call,52000.0,2026-12-25T08:00:00+00:00,0.2566724626789426,0.4065,0.409,0.40817931,0.40775,87446.11,BTC-25DEC26,0.5577000000000001,0.97601,24.99782,0.1,0.0,0.0025000000000000022,BTC,86168.9,0.0
2026-09-22T14:00:33.091763+00:00,BTC-24SEP26-84000-C,86280.99,BTC-24SEP26,call,84000.0,2026-09-24T08:00:00+00:00,0.004790190262789312,0.0013,0.061,0.02825877,0.03115,86280.99,BTC-24SEP26,0.36210000000000003,0.85167,13.80746,3.2,1.0,0.059699999999999996,BTC,86168.9,1879.26
2026-09-22T14:00:33.091763+00:00,BTC-25SEP26-145000-P,86295.11,BTC-25SEP26,put,145000.0,2026-09-25T08:00:00+00:00,0.007528041049921413,0.677,0.684,0.68028723,0.6805,86295.11,BTC-25SEP26,1.0796,-1.0,1e-05,4.4,3.8,0.007000000000000006,BTC,86167.5,219506.77
2026-09-22T14:00:33.091763+00:00,BTC-30OCT26-81000-C,86712.37,BTC-30OCT26,call,81000.0,2026-10-30T08:00:00+00:00,0.10335281859954495,0.086,0.088,0.08699396,0.087,86712.37,BTC-30OCT26,0.3778,0.73061,92.01688,698.9,0.3,0.0020000000000000018,BTC,86168.9,2415.72
2026-09-22T14:00:33.091763+00:00,BTC-30OCT26-55000-C,86712.37,BTC-30OCT26,call,55000.0,2026-10-30T08:00:00+00:00,0.10335281859954495,0.365,0.368,0.36653626,0.3665,86712.37,BTC-30OCT26,0.6409,0.98958,7.6997,0.1,0.0,0.0030000000000000027,BTC,86168.9,0.0
2026-09-22T14:00:33.091763+00:00,BTC-25DEC26-94000-P,87446.11,BTC-25DEC26,put,94000.0,2026-12-25T08:00:00+00:00,0.2566724626789426,0.1225,0.125,0.1237467,0.12375,87446.11,BTC-25DEC26,0.3862,-0.60875,170.03625,5.3,0.0,0.0025000000000000022,BTC,86168.9,0.0
2026-09-22T14:00:33.091763+00:00,BTC-27NOV26-60000-C,87070.89,BTC-27NOV26,call,60000.0,2026-11-27T08:00:00+00:00,0.1800126406392438,0.3125,0.3155,0.31396747,0.314,87070.89,BTC-27NOV26,0.5078,0.96641,27.57862,0.2,0.0,0.0030000000000000027,BTC,86167.5,0.0
2026-09-22T14:00:33.091763+00:00,BTC-25JUN27-66000-C,89540.92,BTC-25JUN27,call,66000.0,2027-06-25T08:00:00+00:00,0.7549613059369851,0.2975,0.3005,0.29982748,0.299,89540.92,BTC-25JUN27,0.429,0.84189,187.72612,25.6,0.5,0.0030000000000000027,BTC,86167.5,12841.24
2026-09-22T14:00:33.091763+00:00,BTC-25JUN27-66000-P,89540.92,BTC-25JUN27,put,66000.0,2027-06-25T08:00:00+00:00,0.7549613059369851,0.036,0.0375,0.03687125,0.03675,89540.92,BTC-25JUN27,0.429,-0.15811,187.72612,66.6,0.0,0.0015000000000000013,BTC,86167.5,0.0
2026-09-22T14:00:33.091763+00:00,BTC-25DEC26-94000-C,87446.11,BTC-25DEC26,call,94000.0,2026-12-25T08:00:00+00:00,0.2566724626789426,0.048,0.0495,0.04885154,0.04875,87446.11,BTC-25DEC26,0.3862,0.39122,170.02972,502.0,110.2,0.0015000000000000013,BTC,86167.5,437212.75
2026-09-22T14:00:33.091763+00:00,BTC-27NOV26-68000-C,87068.55,BTC-27NOV26,call,68000.0,2026-11-27T08:00:00+00:00,0.1800126406392438,0.225,0.228,0.22633082,0.2265,87068.55,BTC-27NOV26,0.44299999999999995,0.91964,55.07175,0.0,0.0,0.0030000000000000027,BTC,86167.5,0.0
2026-09-22T14:00:33.091763+00:00,BTC-24SEP26-89000-P,86280.99,BTC-24SEP26,put,89000.0,2026-09-24T08:00:00+00:00,0.004790190262789312,0.0075,0.072,0.03400293,0.03975,86280.99,BTC-24SEP26,0.441,-0.84903,13.97061,0.0,0.0,0.0645,BTC,86167.7,0.0
2026-09-22T14:00:33.091763+00:00,BTC-25SEP26-56000-C,86292.39,BTC-25SEP26,call,56000.0,2026-09-25T08:00:00+00:00,0.007528041049921413,0.35,0.352,0.35106166,0.351,86292.39,BTC-25SEP26,1.1676,0.99999,0.00277,13.4,0.0,0.0020000000000000018,BTC,86167.7,0.0
2026-09-22T14:00:33.091763+00:00,BTC-25SEP26-62000-C,86292.39,BTC-25SEP26,call,62000.0,2026-09-25T08:00:00+00:00,0.007528041049921413,0.2805,0.2825,0.28154928,0.2815,86292.39,BTC-25SEP26,1.1676,0.99952,0.12702,597.2,0.0,0.0019999999999999463,BTC,86167.41,0.0
2026-09-22T14:00:33.091763+00:00,BTC-26SEP26-88500-P,86312.88,BTC-26SEP26,put,88500.0,2026-09-26T08:00:00+00:00,0.010265891837053514,0.031,0.033,0.03176551,0.032,86312.88,BTC-26SEP26,0.3923,-0.73596,28.57077,0.0,0.0,0.0020000000000000018,BTC,86167.7,0.0
2026-09-22T14:00:33.091763+00:00,BTC-30OCT26-105000-C,86712.37,BTC-30OCT26,call,105000.0,2026-10-30T08:00:00+00:00,0.10335281859954495,0.0044,0.0047,0.00462246,0.00455,86712.37,BTC-30OCT26,0.4075,0.08047,41.60226,1141.6,0.4,0.0002999999999999999,BTC,86167.7,165.65
2026-09-22T14:00:33.091763+00:00,BTC-30OCT26-55000-P,86712.37,BTC-30OCT26,put,55000.0,2026-10-30T08:00:00+00:00,0.10335281859954495,0.0007,0.0008,0.00077803,0.00075,86712.37,BTC-30OCT26,0.6409,-0.01043,7.70176,325.0,2.0,0.00010000000000000005,BTC,86167.41,152.98
2026-09-22T14:00:33.091763+00:00,BTC-25JUN27-160000-P,89540.92,BTC-25JUN27,put,160000.0,2027-06-25T08:00:00+00:00,0.7549613059369851,0.7985,0.8085,0.80233217,0.8035,89540.92,BTC-25JUN27,0.44920000000000004,-0.90213,134.33071,0.2,0.0,0.010000000000000009,BTC,86167.41,0.0
2026-09-22T14:00:33.091763+00:00,BTC-25SEP26-70000-C,86292.39,BTC-25SEP26,call,70000.0,2026-09-25T08:00:00+00:00,0.007528041049921413,0.1875,0.19,0.18896271,0.18875,86292.39,BTC-25SEP26,0.9529000000000001,0.99475,1.13034,9006.1,1811.1,0.0025000000000000022,BTC,86167.41,29493623.37
2026-09-22T14:00:33.091763+00:00,BTC-30OCT26-93000-C,86712.37,BTC-30OCT26,call,93000.0,2026-10-30T08:00:00+00:00,0.10335281859954495,0.021,0.022,0.02134907,0.0215,86712.37,BTC-30OCT26,0.3716,0.2967,96.3819,44.6,44.0,0.0009999999999999974,BTC,86167.41,76377.7
2026-09-22T14:00:33.091763+00:00,BTC-27NOV26-85000-P,87068.55,BTC-27NOV26,put,85000.0,2026-11-27T08:00:00+00:00,0.1800126406392438,0.0525,0.0535,0.05321075,0.053,87068.55,BTC-27NOV26,0.38539999999999996,-0.41177,143.66719,50.7,24.7,0.0010000000000000009,BTC,86167.41,117623.5
2026-09-22T14:00:33.091763+00:00,BTC-25SEP26-260000-P,86292.39,BTC-25SEP26,put,260000.0,2026-09-25T08:00:00+00:00,0.007528041049921413,2.0045,2.0195,2.01292883,2.012,86292.39,BTC-25SEP26,1.2309,-1.0,0.0,2.6,0.0,0.01499999999999968,BTC,86165.93,0.0
2026-09-22T14:00:33.091763+00:00,BTC-9OCT26-87000-C,86449.64,BTC-9OCT26,call,87000.0,2026-10-09T08:00:00+00:00,0.04585795206977083,0.028,0.029,0.02863494,0.0285,86449.64,BTC-9OCT26,0.36979999999999996,0.47921,73.70941,49.0,48.9,0.0010000000000000009,BTC,86165.93,128195.91
2026-09-22T14:00:33.091763+00:00,BTC-26SEP26-80000-C,86312.88,BTC-26SEP26,call,80000.0,2026-09-26T08:00:00+00:00,0.010265891837053514,0.072,0.0755,0.07398559,0.07375,86312.88,BTC-26SEP26,0.4411,0.95525,8.24643,0.0,0.0,0.003500000000000003,BTC,86165.93,0.0
2026-09-22T14:00:33.091763+00:00,BTC-24SEP26-76000-P,86278.65,BTC-24SEP26,put,76000.0,2026-09-24T08:00:00+00:00,0.004790190262789312,,0.0002,5.135e-05,,86278.65,BTC-24SEP26,0.6853,-0.0037,0.65986,43.1,42.4,,BTC,86165.93,833.28
2026-09-22T14:00:33.091763+00:00,BTC-24SEP26-93000-C,86278.65,BTC-24SEP26,call,93000.0,2026-09-24T08:00:00+00:00,0.004790190262789312,0.0004,0.0006,0.00052499,0.0005,86278.65,BTC-24SEP26,0.5845,0.03155,4.23181,14.2,21.3,0.00019999999999999993,BTC,86165.93,1540.37
2026-09-22T14:00:33.091763+00:00,BTC-26MAR27-85000-C,88472.13,BTC-26MAR27,call,85000.0,2027-03-26T08:00:00+00:00,0.5058168843079639,0.1295,0.1315,0.1305486,0.1305,88472.13,BTC-26MAR27,0.39590000000000003,0.61003,241.25263,363.6,86.9,0.0020000000000000018,BTC,86165.93,929908.59
2026-09-22T14:00:33.091763+00:00,BTC-25JUN27-102000-C,89543.26,BTC-25JUN27,call,102000.0,2027-06-25T08:00:00+00:00,0.7549613059369851,0.0875,0.089,0.08833804,0.08825,89543.26,BTC-25JUN27,0.40049999999999997,0.41962,303.88046,53.9,1.0,0.0015000000000000013,BTC,86164.69,7119.54
2026-09-22T14:00:33.091763+00:00,BTC-25DEC26-110000-P,87448.45,BTC-25DEC26,put,110000.0,2026-12-25T08:00:00+00:00,0.2566724626789426,0.2705,0.2755,0.27293127,0.273,87448.45,BTC-25DEC26,0.40409999999999996,-0.84679,104.6968,82.4,0.0,0.0050000000000000044,BTC,86164.69,0.0
2026-09-22T14:00:33.091763+00:00,BTC-2OCT26-88000-P,86378.81,BTC-2OCT26,put,88000.0,2026-10-02T08:00:00+00:00,0.02669299655984612,0.0345,0.036,0.03510873,0.03525,86378.81,BTC-2OCT26,0.374,-0.61399,53.94942,401.0,401.0,0.0014999999999999944,BTC,86164.69,1292026.61
2026-09-22T14:00:33.091763+00:00,BTC-26MAR27-52000-P,88472.13,BTC-26MAR27,put,52000.0,2027-03-26T08:00:00+00:00,0.5058168843079639,0.0075,0.0085,0.00789202,0.008,88472.13,BTC-26MAR27,0.4984,-0.04718,61.90466,125.8,0.1,0.0010000000000000009,BTC,86164.69,64.52
2026-09-22T14:00:33.091763+00:00,BTC-24SEP26-78000-C,86280.99,BTC-24SEP26,call,78000.0,2026-09-24T08:00:00+00:00,0.004790190262789312,0.064,0.1275,0.09610571,0.09575,86280.99,BTC-24SEP26,0.609,0.9916,1.36514,0.0,0.0,0.0635,BTC,86164.69,0.0
2026-09-22T14:00:33.091763+00:00,BTC-27NOV26-87000-P,87068.55,BTC-27NOV26,put,87000.0,2026-11-27T08:00:00+00:00,0.1800126406392438,0.064,0.065,0.06440768,0.0645,87068.55,BTC-27NOV26,0.3834,-0.46805,146.80713,4.5,2.5,0.0010000000000000009,BTC,86164.69,13443.37
2026-09-22T14:00:33.091763+00:00,BTC-30OCT26-89000-C,86712.37,BTC-30OCT26,call,89000.0,2026-10-30T08:00:00+00:00,0.10335281859954495,0.0355,0.0365,0.03585395,0.036,86712.37,BTC-30OCT26,0.3686,0.433,109.56796,708.2,106.6,0.0010000000000000009,BTC,86161.67,315453.44
2026-09-22T14:00:33.091763+00:00,BTC-24SEP26-86500-C,86280.99,BTC-24SEP26,call,86500.0,2026-09-24T08:00:00+00:00,0.004790190262789312,0.0085,0.0095,0.00926815,0.009,86280.99,BTC-24SEP26,0.3789,0.45164,23.62565,53.1,53.1,0.0009999999999999992,BTC,86161.67,45718.21
2026-09-22T14:00:33.091763+00:00,BTC-30OCT26-61000-P,86712.37,BTC-30OCT26,put,61000.0,2026-10-30T08:00:00+00:00,0.10335281859954495,0.0012,0.0014,0.00129414,0.0013,86712.37,BTC-30OCT26,0.55,-0.01918,13.01504,273.9,5.5,0.0002000000000000001,BTC,86161.67,692.82
2026-09-22T14:00:33.091763+00:00,BTC-26SEP26-92000-P,86312.88,BTC-26SEP26,put,92000.0,2026-09-26T08:00:00+00:00,0.010265891837053514,0.0655,0.07,0.06759383,0.06775,86312.88,BTC-26SEP26,0.4523,-0.91798,13.2376,0.0,0.0,0.004500000000000004,BTC,86161.67,0.0
2026-09-22T14:00:33.091763+00:00,BTC-25JUN27-60000-P,89540.92,BTC-25JUN27,put,60000.0,2027-06-25T08:00:00+00:00,0.7549613059369851,0.0235,0.0255,0.02444157,0.0245,89540.92,BTC-25JUN27,0.44549999999999995,-0.11037,146.54307,242.9,50.3,0.0019999999999999983,BTC,86158.31,110217.24
2026-09-22T14:00:33.091763+00:00,BTC-25DEC26-125000-P,87446.11,BTC-25DEC26,put,125000.0,2026-12-25T08:00:00+00:00,0.2566724626789426,0.4325,0.4385,0.435365,0.4355,87446.11,BTC-25DEC26,0.4379,-0.93362,57.05951,9.1,0.0,0.006000000000000005,BTC,86158.31,0.0
2026-09-22T14:00:33.091763+00:00,BTC-27NOV26-58000-C,87068.55,BTC-27NOV26,call,58000.0,2026-11-27T08:00:00+00:00,0.1800126406392438,0.335,0.338,0.33634459,0.3365,87068.55,BTC-27NOV26,0.5263,0.97286,23.10865,0.1,0.0,0.0030000000000000027,BTC,86158.31,0.0
2026-09-22T14:00:33.091763+00:00,BTC-25JUN27-112000-C,89540.92,BTC-25JUN27,call,112000.0,2027-06-25T08:00:00+00:00,0.7549613059369851,0.061,0.063,0.06198041,0.062,89540.92,BTC-25JUN27,0.4046,0.32154,278.60353,0.0,0.0,0.0020000000000000018,BTC,86158.31,0.0
2026-09-22T14:00:33.091763+00:00,BTC-26SEP26-77000-C,86315.22,BTC-26SEP26,call,77000.0,2026-09-26T08:00:00+00:00,0.010265891837053514,0.1065,0.11,0.10830294,0.10825,86315.22,BTC-26SEP26,0.5407,0.98161,3.93931,0.0,0.0,0.003500000000000003,BTC,86158.31,0.0
2026-09-22T14:00:33.091763+00:00,BTC-26MAR27-110000-P,88472.13,BTC-26MAR27,put,110000.0,2027-03-26T08:00:00+00:00,0.5058168843079639,0.2815,0.2865,0.28379449,0.284,88472.13,BTC-26MAR27,0.401,-0.73379,206.42328,4.1,0.0,0.0050000000000000044,BTC,86161.08,0.0
2026-09-22T14:00:33.091763+00:00,BTC-26MAR27-52000-C,88472.13,BTC-26MAR27,call,52000.0,2027-03-26T08:00:00+00:00,0.5058168843079639,0.418,0.4215,0.42017583,0.41975,88472.13,BTC-26MAR27,0.4984,0.95281,61.91598,6.1,0.0,0.003500000000000003,BTC,86161.08,0.0
2026-09-22T14:00:33.091763+00:00,BTC-25SEP26-90000-P,86292.39,BTC-25SEP26,put,90000.0,2026-09-25T08:00:00+00:00,0.007528041049921413,0.044,0.047,0.04537421,0.0455,86292.39,BTC-25SEP26,0.4276,-0.87322,15.55189,557.9,2.6,0.0030000000000000027,BTC,86161.08,10971.26
2026-09-22T14:00:33.091763+00:00,BTC-23SEP26-93000-P,86261.01,BTC-23SEP26,put,93000.0,2026-09-23T08:00:00+00:00,0.002052339475657211,0.042,0.1185,0.07821778,0.08025,86261.01,BTC-23SEP26,0.7479,-0.98728,1.28181,0.0,0.0,0.07649999999999998,BTC,86161.08,0.0
2026-09-22T14:00:33.091763+00:00,BTC-25JUN27-50000-P,89543.26,BTC-25JUN27,put,50000.0,2027-06-25T08:00:00+00:00,0.7549613059369851,0.011,0.0125,0.0116668,0.01175,89543.26,BTC-25JUN27,0.48340000000000005,-0.05543,87.02502,360.3,53.0,0.0015000000000000013,BTC,86165.31,57835.53
2026-09-22T14:00:33.091763+00:00,BTC-25SEP26-320000-P,86292.39,BTC-25SEP26,put,320000.0,2026-09-25T08:00:00+00:00,0.007528041049921413,2.697,2.7145,2.70822009,2.70575,86292.39,BTC-25SEP26,1.4009,-1.0,0.0,25.1,0.0,0.01750000000000007,BTC,86165.31,0.0
2026-09-22T14:00:33.091763+00:00,BTC-2OCT26-74000-C,86376.47,BTC-2OCT26,call,74000.0,2026-10-02T08:00:00+00:00,0.02669299655984612,0.1425,0.1455,0.14401494,0.144,86376.47,BTC-2OCT26,0.48210000000000003,0.9767,7.76987,1.6,0.0,0.0030000000000000027,BTC,86161.08,0.0
2026-09-22T14:00:33.091763+00:00,BTC-30OCT26-105000-P,86712.37,BTC-30OCT26,put,105000.0,2026-10-30T08:00:00+00:00,0.10335281859954495,0.213,0.218,0.21544765,0.2155,86712.37,BTC-30OCT26,0.4075,-0.91957,41.58705,0.7,0.1,0.0050000000000000044,BTC,86165.31,1876.0
2026-09-22T14:00:33.091763+00:00,BTC-26MAR27-68000-C,88472.13,BTC-26MAR27,call,68000.0,2027-03-26T08:00:00+00:00,0.5058168843079639,0.2575,0.2605,0.25921023,0.259,88472.13,BTC-26MAR27,0.4242,0.846,149.19458,196.5,0.0,0.0030000000000000027,BTC,86165.31,0.0
2026-09-22T14:00:33.091763+00:00,BTC-25DEC26-52000-P,87446.11,BTC-25DEC26,put,52000.0,2026-12-25T08:00:00+00:00,0.2566724626789426,0.0026,0.0029,0.00279604,0.00275,87446.11,BTC-25DEC26,0.5577000000000001,-0.02399,24.99977,439.1,51.1,0.0002999999999999999,BTC,86165.31,12202.97
2026-09-22T14:00:33.091763+00:00,BTC-2OCT26-92000-C,86376.47,BTC-2OCT26,call,92000.0,2026-10-02T08:00:00+00:00,0.02669299655984612,0.0055,0.006,0.00587709,0.00575,86376.47,BTC-2OCT26,0.3968,0.16982,35.66319,118.2,220.4,0.0005000000000000004,BTC,86165.31,122784.76
2026-09-22T14:00:33.091763+00:00,BTC-25SEP26-94000-C,86292.4,BTC-25SEP26,call,94000.0,2026-09-25T08:00:00+00:00,0.007528041049921413,0.0005,0.0007,0.00063782,0.0006,86292.4,BTC-25SEP26,0.5373,0.03334,5.55412,977.4,396.2,0.00019999999999999998,BTC,86166.98,31201.86
2026-09-22T14:00:33.091763+00:00,BTC-30OCT26-83000-P,86712.37,BTC-30OCT26,put,83000.0,2026-10-30T08:00:00+00:00,0.10335281859954495,0.028,0.029,0.02849219,0.0285,86712.37,BTC-30OCT26,0.37329999999999997,-0.33832,101.8879,284.0,183.2,0.0010000000000000009,BTC,86166.98,513348.43
2026-09-22T14:00:33.091763+00:00,BTC-23SEP26-89000-P,86261.01,BTC-23SEP26,put,89000.0,2026-09-23T08:00:00+00:00,0.002052339475657211,0.0041,0.0705,0.03260088,0.0373,86261.01,BTC-23SEP26,0.5036,-0.91897,5.8563,0.6,0.0,0.06639999999999999,BTC,86166.98,0.0
2026-09-22T14:00:33.091763+00:00,BTC-25DEC26-96000-C,87446.11,BTC-25DEC26,call,96000.0,2026-12-25T08:00:00+00:00,0.2566724626789426,0.0415,0.0425,0.04217899,0.042,87446.11,BTC-25DEC26,0.3874,0.35128,164.21679,1549.9,43.2,0.0010000000000000009,BTC,86166.98,155988.65
2026-09-22T14:00:33.091763+00:00,BTC-27NOV26-69000-P,87070.89,BTC-27NOV26,put,69000.0,2026-11-27T08:00:00+00:00,0.1800126406392438,0.008,0.0085,0.00825935,0.00825,87070.89,BTC-27NOV26,0.4371,-0.09004,59.97093,80.3,0.8,0.0005000000000000004,BTC,86166.98,649.26
2026-09-22T14:00:33.091763+00:00,BTC-25JUN27-170000-C,89540.92,BTC-25JUN27,call,170000.0,2027-06-25T08:00:00+00:00,0.7549613059369851,0.012,0.013,0.01254542,0.0125,89540.92,BTC-25JUN27,0.46020000000000005,0.08,115.59367,152.8,0.4,0.0009999999999999992,BTC,86167.26,411.49
2026-09-22T14:00:33.091763+00:00,BTC-25DEC26-68000-C,87446.11,BTC-25DEC26,call,68000.0,2026-12-25T08:00:00+00:00,0.2566724626789426,0.2325,0.236,0.2344736,0.23425,87446.11,BTC-25DEC26,0.4329,0.89473,80.65942,1031.4,0.0,0.0034999999999999754,BTC,86167.26,0.0
2026-09-22T14:00:33.091763+00:00,BTC-27NOV26-102000-C,87070.89,BTC-27NOV26,call,102000.0,2026-11-27T08:00:00+00:00,0.1800126406392438,0.016,0.017,0.016523,0.0165,87070.89,BTC-27NOV26,0.39289999999999997,0.19187,100.78626,358.3,21.5,0.0010000000000000009,BTC,86167.26,30826.57
2026-09-22T14:00:33.091763+00:00,BTC-25JUN27-40000-C,89540.92,BTC-25JUN27,call,40000.0,2027-06-25T08:00:00+00:00,0.7549613059369851,0.5575,0.56,0.55880032,0.55875,89540.92,BTC-25JUN27,0.542,0.97405,46.88645,19.2,0.0,0.0025000000000000577,BTC,86167.26,0.0
2026-09-22T14:00:33.091763+00:00,BTC-26SEP26-82500-P,86312.88,BTC-26SEP26,put,82500.0,2026-09-26T08:00:00+00:00,0.010265891837053514,0.0022,0.0027,0.00235028,0.00245,86312.88,BTC-26SEP26,0.38630000000000003,-0.12544,18.03214,8.4,8.4,0.0005,BTC,86167.26,1959.96
2026-09-22T14:00:33.091763+00:00,BTC-27NOV26-100000-P,87068.55,BTC-27NOV26,put,100000.0,2026-11-27T08:00:00+00:00,0.1800126406392438,0.166,0.1705,0.16836913,0.16825,87068.55,BTC-27NOV26,0.3897,-0.77637,110.34045,25.5,25.0,0.004500000000000004,BTC,86167.26,366146.7
2026-09-22T14:00:33.091763+00:00,BTC-2OCT26-74000-P,86376.47,BTC-2OCT26,put,74000.0,2026-10-02T08:00:00+00:00,0.02669299655984612,0.0006,0.0008,0.00068233,0.0007,86376.47,BTC-2OCT26,0.48210000000000003,-0.02325,7.75357,1242.9,37.3,0.0002000000000000001,BTC,86167.26,2277.3
2026-09-22T14:00:33.091763+00:00,BTC-25SEP26-94000-P,86295.11,BTC-25SEP26,put,94000.0,2026-09-25T08:00:00+00:00,0.007528041049921413,0.0875,0.0925,0.08992726,0.09,86295.11,BTC-25SEP26,0.5373,-0.96665,5.55486,1.9,0.0,0.0050000000000000044,BTC,86167.8,0.0
2026-09-22T14:00:33.091763+00:00,BTC-26MAR27-100000-C,88472.13,BTC-26MAR27,call,100000.0,2027-03-26T08:00:00+00:00,0.5058168843079639,0.064,0.0655,0.06486332,0.06475,88472.13,BTC-26MAR27,0.3947,0.38244,239.88672,1274.1,797.9,0.0015000000000000013,BTC,86167.8,4643975.58
2026-09-22T14:00:33.091763+00:00,BTC-9OCT26-83000-P,86449.64,BTC-9OCT26,put,83000.0,2026-10-09T08:00:00+00:00,0.04585795206977083,0.015,0.016,0.0153053,0.0155,86449.64,BTC-9OCT26,0.3741,-0.29565,63.9001,277.4,298.6,0.0010000000000000009,BTC,86167.8,475729.21
2026-09-22T14:00:33.091763+00:00,BTC-26MAR27-68000-P,88472.13,BTC-26MAR27,put,68000.0,2027-03-26T08:00:00+00:00,0.5058168843079639,0.0275,0.0285,0.02776217,0.028,88472.13,BTC-26MAR27,0.4242,-0.15398,149.18351,295.3,0.4,0.0010000000000000009,BTC,86167.8,1015.9
2026-09-22T14:00:33.091763+00:00,BTC-23SEP26-72000-P,86261.01,BTC-23SEP26,put,72000.0,2026-09-23T08:00:00+00:00,0.002052339475657211,,0.0001,1.5e-07,,86261.01,BTC-23SEP26,0.9634999999999999,-2e-05,0.0029,16.0,0.0,,BTC,86167.8,0.0
2026-09-22T14:00:33.091763+00:00,BTC-24SEP26-83500-P,86280.99,BTC-24SEP26,put,83500.0,2026-09-24T08:00:00+00:00,0.004790190262789312,0.0011,0.0013,0.00118264,0.0012,86280.99,BTC-24SEP26,0.36869999999999997,-0.10403,10.77393,57.4,67.1,0.00019999999999999987,BTC,86164.34,20976.96
2026-09-22T14:00:33.091763+00:00,BTC-27NOV26-87000-C,87070.89,BTC-27NOV26,call,87000.0,2026-11-27T08:00:00+00:00,0.1800126406392438,0.0645,0.0655,0.06523426,0.065,87070.89,BTC-27NOV26,0.3834,0.53194,146.80636,109.2,34.0,0.0010000000000000009,BTC,86164.34,185779.24
2026-09-22T14:00:33.091763+00:00,BTC-24SEP26-88500-P,86278.65,BTC-24SEP26,put,88500.0,2026-09-24T08:00:00+00:00,0.004790190262789312,0.0018,0.066,0.0289312,0.0339,86278.65,BTC-24SEP26,0.4264,-0.81042,16.16459,0.4,0.4,0.06420000000000001,BTC,86164.34,850.98
2026-09-22T14:00:33.091763+00:00,BTC-27NOV26-97000-P,87068.55,BTC-27NOV26,put,97000.0,2026-11-27T08:00:00+00:00,0.1800126406392438,0.138,0.142,0.1404704,0.14,87068.55,BTC-27NOV26,0.3862,-0.72008,124.25478,0.0,0.0,0.003999999999999976,BTC,86164.34,0.0
2026-09-22T14:00:33.091763+00:00,BTC-2OCT26-90000-P,86378.81,BTC-2OCT26,put,90000.0,2026-10-02T08:00:00+00:00,0.02669299655984612,0.05,0.0535,0.05176717,0.05175,86378.81,BTC-2OCT26,0.38380000000000003,-0.73888,45.84384,0.1,0.0,0.003499999999999996,BTC,86164.34,0.0
2026-09-22T14:00:33.091763+00:00,BTC-2OCT26-84000-P,86376.47,BTC-2OCT26,put,84000.0,2026-10-02T08:00:00+00:00,0.02669299655984612,0.0125,0.0135,0.01267961,0.013,86376.47,BTC-2OCT26,0.37310000000000004,-0.31845,50.32832,418.1,602.9,0.0009999999999999992,BTC,86164.34,839647.72
2026-09-22T14:00:33.091763+00:00,BTC-25JUN27-52000-P,89540.92,BTC-25JUN27,put,52000.0,2027-06-25T08:00:00+00:00,0.7549613059369851,0.013,0.0145,0.01365263,0.01375,89540.92,BTC-25JUN27,0.4752,-0.06429,97.75035,54.8,0.4,0.0015000000000000013,BTC,86163.02,500.41
2026-09-22T14:00:33.091763+00:00,BTC-27NOV26-97000-C,87068.55,BTC-27NOV26,call,97000.0,2026-11-27T08:00:00+00:00,0.1800126406392438,0.026,0.027,0.02643382,0.0265,87068.55,BTC-27NOV26,0.3862,0.27989,124.24612,1.2,1.8,0.0010000000000000009,BTC,86163.02,4383.85
2026-09-22T14:00:33.091763+00:00,BTC-23SEP26-79000-C,86261.01,BTC-23SEP26,call,79000.0,2026-09-23T08:00:00+00:00,0.002052339475657211,0.0515,0.1155,0.08424456,0.0835,86261.01,BTC-23SEP26,0.6473,0.99857,0.18202,0.8,0.0,0.064,BTC,86163.02,0.0
2026-09-22T14:00:33.091763+00:00,BTC-25SEP26-78000-P,86292.39,BTC-25SEP26,put,78000.0,2026-09-25T08:00:00+00:00,0.007528041049921413,0.0003,0.0004,0.00035294,0.00035,86292.39,BTC-25SEP26,0.5693,-0.02038,3.6801,2431.9,86.9,0.00010000000000000005,BTC,86161.09,6334.13
2026-09-22T14:00:33.091763+00:00,BTC-24SEP26-88000-P,86278.65,BTC-24SEP26,put,88000.0,2026-09-24T08:00:00+00:00,0.004790190262789312,0.023,0.026,0.02409601,0.0245,86278.65,BTC-24SEP26,0.4125,-0.76204,18.45572,3.5,3.5,0.002999999999999999,BTC,86161.09,5650.84
2026-09-22T14:00:33.091763+00:00,BTC-9OCT26-78000-P,86449.64,BTC-9OCT26,put,78000.0,2026-10-09T08:00:00+00:00,0.04585795206977083,0.0043,0.0047,0.00448887,0.0045,86449.64,BTC-9OCT26,0.39840000000000003,-0.10814,34.36195,32.1,7.0,0.0004000000000000002,BTC,86161.09,3042.12
2026-09-22T14:00:33.091763+00:00,BTC-27NOV26-77000-P,87068.55,BTC-27NOV26,put,77000.0,2026-11-27T08:00:00+00:00,0.1800126406392438,0.0215,0.0225,0.02181553,0.022,87068.55,BTC-27NOV26,0.3998,-0.21095,106.67395,112.4,0.0,0.0010000000000000009,BTC,86161.09,0.0
2026-09-22T14:00:33.091763+00:00,BTC-27NOV26-77000-C,87070.89,BTC-27NOV26,call,77000.0,2026-11-27T08:00:00+00:00,0.1800126406392438,0.1365,0.1385,0.13750281,0.1375,87070.89,BTC-27NOV26,0.3998,0.78905,106.67408,73.4,0.0,0.0020000000000000018,BTC,86161.09,0.0
2026-09-22T14:00:33.091763+00:00,BTC-25SEP26-87000-C,86292.4,BTC-25SEP26,call,87000.0,2026-09-25T08:00:00+00:00,0.007528041049921413,0.0095,0.0105,0.00973517,0.01,86292.4,BTC-25SEP26,0.3861,0.39816,28.86089,301.7,227.6,0.0010000000000000009,BTC,86155.55,151730.11
2026-09-22T14:00:33.091763+00:00,BTC-25SEP26-89000-C,86292.4,BTC-25SEP26,call,89000.0,2026-09-25T08:00:00+00:00,0.007528041049921413,0.0036,0.0041,0.00386821,0.00385,86292.4,BTC-25SEP26,0.4106,0.19056,20.33438,45.3,46.0,0.0005000000000000004,BTC,86155.55,19032.26
2026-09-22T14:00:33.091763+00:00,BTC-26MAR27-125000-P,88472.13,BTC-26MAR27,put,125000.0,2027-03-26T08:00:00+00:00,0.5058168843079639,0.431,0.4375,0.43371841,0.43425,88472.13,BTC-26MAR27,0.41600000000000004,-0.8468,148.66225,0.1,0.0,0.006500000000000006,BTC,86155.55,0.0
2026-09-22T14:00:33.091763+00:00,BTC-26MAR27-115000-C,88472.13,BTC-26MAR27,call,115000.0,2027-03-26T08:00:00+00:00,0.5058168843079639,0.0315,0.033,0.03223012,0.03225,88472.13,BTC-26MAR27,0.4052,0.2208,186.54908,696.3,78.8,0.0015000000000000013,BTC,86155.55,202562.9
2026-09-22T14:00:33.091763+00:00,BTC-26MAR27-86000-C,88472.13,BTC-26MAR27,call,86000.0,2027-03-26T08:00:00+00:00,0.5058168843079639,0.124,0.125,0.12482838,0.1245,88472.13,BTC-26MAR27,0.3953,0.59381,243.85653,356.6,149.9,0.0010000000000000009,BTC,86155.55,1583241.22
2026-09-22T14:00:33.091763+00:00,BTC-27NOV26-62000-C,87068.55,BTC-27NOV26,call,62000.0,2026-11-27T08:00:00+00:00,0.1800126406392438,0.29,0.293,0.29167456,0.2915,87068.55,BTC-27NOV26,0.48950000000000005,0.95842,32.82549,0.0,0.0,0.0030000000000000027,BTC,86155.55,0.0
2026-09-22T14:00:33.091763+00:00,BTC-27NOV26-80000-P,87068.55,BTC-27NOV26,put,80000.0,2026-11-27T08:00:00+00:00,0.1800126406392438,0.0305,0.0315,0.03114462,0.031,87068.55,BTC-27NOV26,0.39280000000000004,-0.27938,124.12606,118.9,8.6,0.0010000000000000009,BTC,86155.55,23776.04
2026-09-22T14:00:33.091763+00:00,BTC-25JUN27-80000-P,89540.92,BTC-25JUN27,put,80000.0,2027-06-25T08:00:00+00:00,0.7549613059369851,0.085,0.087,0.08610678,0.086,89540.92,BTC-25JUN27,0.40659999999999996,-0.31121,274.73571,55.3,0.2,0.001999999999999988,BTC,86151.73,1535.44
2026-09-22T14:00:33.091763+00:00,BTC-25DEC26-55000-P,87446.11,BTC-25DEC26,put,55000.0,2026-12-25T08:00:00+00:00,0.2566724626789426,0.0034,0.0037,0.00357266,0.00355,87446.11,BTC-25DEC26,0.5285,-0.03136,31.25171,3264.5,2.8,0.00030000000000000035,BTC,86151.73,905.97
2026-09-22T14:00:33.091763+00:00,BTC-25SEP26-98000-C,86295.11,BTC-25SEP26,call,98000.0,2026-09-25T08:00:00+00:00,0.007528041049921413,0.0002,0.0003,0.00026484,0.00025,86295.11,BTC-25SEP26,0.6546,0.0129,2.48741,1017.4,337.2,9.999999999999996e-05,BTC,86151.73,7591.03
2026-09-22T14:00:33.091763+00:00,BTC-2OCT26-87000-C,86376.47,BTC-2OCT26,call,87000.0,2026-10-02T08:00:00+00:00,0.02669299655984612,0.0205,0.0215,0.02092527,0.021,86376.47,BTC-2OCT26,0.3722,0.45777,55.93581,185.6,488.9,0.0009999999999999974,BTC,86151.73,914846.37
2026-09-22T14:00:33.091763+00:00,BTC-25JUN27-30000-P,89543.26,BTC-25JUN27,put,30000.0,2027-06-25T08:00:00+00:00,0.7549613059369851,0.0026,0.0029,0.00249275,0.00275,89543.26,BTC-25JUN27,0.6246,-0.01122,22.90042,333.3,30.8,0.0002999999999999999,BTC,86153.85,6459.04
2026-09-22T14:00:33.091763+00:00,BTC-26SEP26-85500-P,86315.22,BTC-26SEP26,put,85500.0,2026-09-26T08:00:00+00:00,0.010265891837053514,0.0105,0.0115,0.01079409,0.011,86315.22,BTC-26SEP26,0.3743,-0.40552,33.87247,0.0,0.0,0.0009999999999999992,BTC,86153.85,0.0
2026-09-22T14:00:33.091763+00:00,BTC-25SEP26-100000-P,86292.4,BTC-25SEP26,put,100000.0,2026-09-25T08:00:00+00:00,0.007528041049921413,0.1575,0.161,0.15896324,0.15925,86292.4,BTC-25SEP26,0.6931999999999999,-0.99266,1.51933,331.2,5.0,0.003500000000000003,BTC,86153.85,70601.26
2026-09-22T14:00:33.091763+00:00,BTC-27NOV26-72000-C,87068.55,BTC-27NOV26,call,72000.0,2026-11-27T08:00:00+00:00,0.1800126406392438,0.1835,0.1865,0.18496293,0.185,87068.55,BTC-27NOV26,0.42,0.87468,76.12309,25.4,0.1,0.0030000000000000027,BTC,86153.85,1618.26
2026-09-22T14:00:33.091763+00:00,BTC-2OCT26-86000-P,86378.81,BTC-2OCT26,put,86000.0,2026-10-02T08:00:00+00:00,0.02669299655984612,0.0215,0.0225,0.02197682,0.022,86378.81,BTC-2OCT26,0.37079999999999996,-0.46636,56.05257,68.6,62.6,0.0010000000000000009,BTC,86153.85,130832.43
2026-09-22T14:00:33.091763+00:00,BTC-30OCT26-102000-C,86712.37,BTC-30OCT26,call,102000.0,2026-10-30T08:00:00+00:00,0.10335281859954495,0.006,0.007,0.00658235,0.0065,86712.37,BTC-30OCT26,0.3953,0.11077,52.64091,226.5,1.7,0.001,BTC,86153.85,934.84
2026-09-22T14:00:33.091763+00:00,BTC-24SEP26-89000-C,86278.65,BTC-24SEP26,call,89000.0,2026-09-24T08:00:00+00:00,0.004790190262789312,0.0023,0.0027,0.00251005,0.0025,86278.65,BTC-24SEP26,0.441,0.14972,13.88846,72.1,37.1,0.0004000000000000002,BTC,86153.85,11446.04
2026-09-22T14:00:33.091763+00:00,BTC-23SEP26-78500-C,86261.01,BTC-23SEP26,call,78500.0,2026-09-23T08:00:00+00:00,0.002052339475657211,0.0575,0.121,0.09003703,0.08925,86261.01,BTC-23SEP26,0.6677,0.99903,0.12785,0.0,0.0,0.0635,BTC,86153.85,0.0
2026-09-22T14:00:33.091763+00:00,BTC-27NOV26-83000-P,87068.55,BTC-27NOV26,put,83000.0,2026-11-27T08:00:00+00:00,0.1800126406392438,0.0425,0.044,0.043373,0.04325,87068.55,BTC-27NOV26,0.38789999999999997,-0.35685,137.68574,177.0,134.5,0.0014999999999999944,BTC,86159.31,534492.74
2026-09-22T14:00:33.091763+00:00,BTC-27NOV26-79000-C,87068.55,BTC-27NOV26,call,79000.0,2026-11-27T08:00:00+00:00,0.1800126406392438,0.1195,0.1215,0.1204356,0.1205,87068.55,BTC-27NOV26,0.3947,0.74472,118.6085,158.3,0.0,0.0020000000000000018,BTC,86159.31,0.0
2026-09-22T14:00:33.091763+00:00,BTC-25SEP26-102000-C,86292.39,BTC-25SEP26,call,102000.0,2026-09-25T08:00:00+00:00,0.007528041049921413,,0.0002,0.00016447,,86292.39,BTC-25SEP26,0.7814,0.00722,1.49774,457.0,13.4,,BTC,86166.94,193.42
2026-09-22T14:00:33.091763+00:00,BTC-26MAR27-102000-C,88472.13,BTC-26MAR27,call,102000.0,2027-03-26T08:00:00+00:00,0.5058168843079639,0.058,0.0595,0.05902141,0.05875,88472.13,BTC-26MAR27,0.3958,0.35627,234.37598,127.6,0.0,0.0014999999999999944,BTC,86159.31,0.0
2026-09-22T14:00:33.091763+00:00,BTC-25DEC26-78000-P,87446.11,BTC-25DEC26,put,78000.0,2026-12-25T08:00:00+00:00,0.2566724626789426,0.0335,0.0345,0.03396399,0.034,87446.11,BTC-25DEC26,0.39899999999999997,-0.25407,141.89296,1438.6,6.1,0.0010000000000000009,BTC,86159.31,18381.31
2026-09-22T14:00:33.091763+00:00,BTC-25JUN27-76000-P,89543.26,BTC-25JUN27,put,76000.0,2027-06-25T08:00:00+00:00,0.7549613059369851,0.068,0.07,0.0687794,0.069,89543.26,BTC-25JUN27,0.41100000000000003,-0.26276,253.56649,73.0,2.6,0.0020000000000000018,BTC,86166.94,15609.27
2026-09-22T14:00:33.091763+00:00,BTC-26SEP26-84500-P,86312.88,BTC-26SEP26,put,84500.0,2026-09-26T08:00:00+00:00,0.010265891837053514,0.0065,0.0075,0.00665829,0.007,86312.88,BTC-26SEP26,0.37189999999999995,-0.289,29.86261,2.1,2.1,0.001,BTC,86166.94,1267.05
2026-09-22T14:00:33.091763+00:00,BTC-2OCT26-76000-P,86378.81,BTC-2OCT26,put,76000.0,2026-10-02T08:00:00+00:00,0.02669299655984612,0.001,0.0013,0.00110785,0.00115,86378.81,BTC-2OCT26,0.4475,-0.03819,11.70153,353.7,15.3,0.0002999999999999999,BTC,86166.94,1938.44
2026-09-22T14:00:33.091763+00:00,BTC-23SEP26-90000-C,86261.01,BTC-23SEP26,call,90000.0,2026-09-23T08:00:00+00:00,0.002052339475657211,0.0004,0.0005,0.00044446,0.00045,86261.01,BTC-23SEP26,0.5449,0.04112,3.43806,73.3,71.4,9.999999999999999e-05,BTC,86166.94,3943.69
2026-09-22T14:00:33.091763+00:00,BTC-25SEP26-80000-C,86292.39,BTC-25SEP26,call,80000.0,2026-09-25T08:00:00+00:00,0.007528041049921413,0.072,0.075,0.07350674,0.0735,86292.39,BTC-25SEP26,0.48229999999999995,0.96463,5.82978,6305.9,60.1,0.0030000000000000027,BTC,86166.51,370415.36
2026-09-22T14:00:33.091763+00:00,BTC-2OCT26-78000-P,86378.81,BTC-2OCT26,put,78000.0,2026-10-02T08:00:00+00:00,0.02669299655984612,0.0018,0.0021,0.00190201,0.00195,86378.81,BTC-2OCT26,0.4167,-0.06441,17.75564,717.4,338.0,0.0002999999999999999,BTC,86166.51,95443.72
2026-09-22T14:00:33.091763+00:00,BTC-23SEP26-85000-P,86263.35,BTC-23SEP26,put,85000.0,2026-09-23T08:00:00+00:00,0.002052339475657211,0.0012,0.0016,0.0013602,0.0014,86263.35,BTC-23SEP26,0.3386,-0.18156,10.29218,260.8,475.7,0.0004000000000000002,BTC,86166.51,175427.26
2026-09-22T14:00:33.091763+00:00,BTC-27NOV26-81000-C,87068.55,BTC-27NOV26,call,81000.0,2026-11-27T08:00:00+00:00,0.1800126406392438,0.1035,0.1055,0.10463924,0.1045,87068.55,BTC-27NOV26,0.391,0.696,129.1309,162.9,0.1,0.0020000000000000018,BTC,86166.51,956.51
2026-09-22T14:00:33.091763+00:00,BTC-25JUN27-78000-C,89540.92,BTC-25JUN27,call,78000.0,2027-06-25T08:00:00+00:00,0.7549613059369851,0.204,0.2065,0.20608376,0.20525,89540.92,BTC-25JUN27,0.40869999999999995,0.71351,264.65867,104.4,0.2,0.0025000000000000022,BTC,86172.81,3499.89
2026-09-22T14:00:33.091763+00:00,BTC-27NOV26-96000-P,87068.55,BTC-27NOV26,put,96000.0,2026-11-27T08:00:00+00:00,0.1800126406392438,0.1305,0.133,0.13155201,0.13175,87068.55,BTC-27NOV26,0.3849,-0.69899,128.56015,0.0,0.0,0.0025000000000000022,BTC,86166.51,0.0
2026-09-22T14:00:33.091763+00:00,BTC-25JUN27-62000-C,89543.26,BTC-25JUN27,call,62000.0,2027-06-25T08:00:00+00:00,0.7549613059369851,0.3335,0.3365,0.33573057,0.335,89543.26,BTC-25JUN27,0.4395,0.8751,159.97384,118.0,30.0,0.0030000000000000027,BTC,86172.81,861885.06
2026-09-22T14:00:33.091763+00:00,BTC-25SEP26-92000-P,86292.4,BTC-25SEP26,put,92000.0,2026-09-25T08:00:00+00:00,0.007528041049921413,0.0655,0.069,0.06720011,0.06725,86292.4,BTC-25SEP26,0.4739,-0.93993,8.91955,7.6,0.0,0.003500000000000003,BTC,86172.81,0.0
2026-09-22T14:00:33.091763+00:00,BTC-27NOV26-104000-P,87070.89,BTC-27NOV26,put,104000.0,2026-11-27T08:00:00+00:00,0.1800126406392438,0.2055,0.2105,0.20810964,0.208,87070.89,BTC-27NOV26,0.39630000000000004,-0.836,91.2929,0.0,0.0,0.0050000000000000044,BTC,86172.81,0.0
2026-09-22T14:00:33.091763+00:00,BTC-26MAR27-58000-C,88472.13,BTC-26MAR27,call,58000.0,2027-03-26T08:00:00+00:00,0.5058168843079639,0.3555,0.3585,0.35729798,0.357,88472.13,BTC-26MAR27,0.46630000000000005,0.92441,89.55525,4.3,0.0,0.0030000000000000027,BTC,86172.81,0.0
2026-09-22T14:00:33.091763+00:00,BTC-24SEP26-75000-P,86278.65,BTC-24SEP26,put,75000.0,2026-09-24T08:00:00+00:00,0.004790190262789312,,0.0001,3.824e-05,,86278.65,BTC-24SEP26,0.728,-0.00264,0.48713,10.5,0.2,,BTC,86172.81,3.43
2026-09-22T14:00:33.091763+00:00,BTC-26MAR27-94000-C,88472.13,BTC-26MAR27,call,94000.0,2027-03-26T08:00:00+00:00,0.5058168843079639,0.0855,0.0865,0.08618303,0.086,88472.13,BTC-26MAR27,0.3933,0.46816,250.0888,188.6,7.1,0.000999999999999987,BTC,86176.63,52268.1
2026-09-22T14:00:33.091763+00:00,BTC-26MAR27-72000-C,88472.13,BTC-26MAR27,call,72000.0,2027-03-26T08:00:00+00:00,0.5058168843079639,0.222,0.2255,0.22389419,0.22375,88472.13,BTC-26MAR27,0.41350000000000003,0.80082,175.62883,95.3,0.0,0.003500000000000003,BTC,86176.63,0.0
2026-09-22T14:00:33.091763+00:00,BTC-24SEP26-77000-C,86278.65,BTC-24SEP26,call,77000.0,2026-09-24T08:00:00+00:00,0.004790190262789312,0.076,0.1385,0.1076694,0.10725,86278.65,BTC-24SEP26,0.6567000000000001,0.99394,1.02362,0.0,0.0,0.06250000000000001,BTC,86176.63,0.0
2026-09-22T14:00:33.091763+00:00,BTC-25JUN27-50000-C,89543.26,BTC-25JUN27,call,50000.0,2027-06-25T08:00:00+00:00,0.7549613059369851,0.4515,0.454,0.4533003,0.45275,89543.26,BTC-25JUN27,0.48340000000000005,0.94461,86.98816,17.7,0.5,0.0025000000000000022,BTC,86176.63,19502.16
2026-09-22T14:00:33.091763+00:00,BTC-26SEP26-76000-C,86312.88,BTC-26SEP26,call,76000.0,2026-09-26T08:00:00+00:00,0.010265891837053514,0.118,0.1215,0.11980337,0.11975,86312.88,BTC-26SEP26,0.5708,0.9865,3.0223,0.0,0.0,0.003500000000000003,BTC,86176.63,0.0
2026-09-22T14:00:33.091763+00:00,BTC-25DEC26-55000-C,87446.11,BTC-25DEC26,call,55000.0,2026-12-25T08:00:00+00:00,0.2566724626789426,0.373,0.3755,0.37465112,0.37425,87446.11,BTC-25DEC26,0.5285,0.96871,31.19575,124.9,0.0,0.0025000000000000022,BTC,86176.63,0.0
2026-09-22T14:00:33.091763+00:00,BTC-27NOV26-99000-C,87070.89,BTC-27NOV26,call,99000.0,2026-11-27T08:00:00+00:00,0.1800126406392438,0.0215,0.0225,0.02188934,0.022,87070.89,BTC-27NOV26,0.3884,0.24143,115.1577,0.5,0.5,0.0010000000000000009,BTC,86176.63,973.72
2026-09-22T14:00:33.091763+00:00,BTC-24SEP26-79000-P,86280.99,BTC-24SEP26,put,79000.0,2026-09-24T08:00:00+00:00,0.004790190262789312,0.0001,0.0003,0.00016322,0.0002,86280.99,BTC-24SEP26,0.5681,-0.01265,1.95047,26.4,0.3,0.00019999999999999998,BTC,86164.61,15.45
2026-09-22T14:00:33.091763+00:00,BTC-23SEP26-87500-C,86261.01,BTC-23SEP26,call,87500.0,2026-09-23T08:00:00+00:00,0.002052339475657211,0.0024,0.0027,0.00265939,0.00255,86261.01,BTC-23SEP26,0.42950000000000005,0.22018,11.55618,85.3,87.2,0.00030000000000000035,BTC,86164.61,25659.02
2026-09-22T14:00:33.091763+00:00,BTC-23SEP26-77500-P,86261.01,BTC-23SEP26,put,77500.0,2026-09-23T08:00:00+00:00,0.002052339475657211,,0.0001,2.83e-06,,86261.01,BTC-23SEP26,0.6997,-0.00038,0.05364,18.3,6.5,,BTC,86164.61,113.98
2026-09-22T14:00:33.091763+00:00,BTC-26SEP26-83000-P,86315.22,BTC-26SEP26,put,83000.0,2026-09-26T08:00:00+00:00,0.010265891837053514,0.0029,0.0034,0.00305002,0.00315,86315.22,BTC-26SEP26,0.3804,-0.15586,20.90002,24.6,24.6,0.0005,BTC,86164.61,8149.74
2026-09-22T14:00:33.091763+00:00,BTC-25SEP26-52000-C,86295.11,BTC-25SEP26,call,52000.0,2026-09-25T08:00:00+00:00,0.007528041049921413,0.3965,0.3985,0.39741424,0.3975,86295.11,BTC-25SEP26,1.1676,1.0,9e-05,150.2,0.0,0.0020000000000000018,BTC,86162.21,0.0
2026-09-22T14:00:33.091763+00:00,BTC-25DEC26-240000-C,87446.11,BTC-25DEC26,call,240000.0,2026-12-25T08:00:00+00:00,0.2566724626789426,0.0002,0.0005,0.00032378,0.00035,87446.11,BTC-25DEC26,0.69,0.00332,4.43439,785.7,0.0,0.00030000000000000003,BTC,86162.21,0.0
2026-09-22T14:00:33.091763+00:00,BTC-2OCT26-81000-C,86378.81,BTC-2OCT26,call,81000.0,2026-10-02T08:00:00+00:00,0.02669299655984612,0.0655,0.069,0.06725186,0.06725,86378.81,BTC-2OCT26,0.3874,0.84858,33.08752,313.8,26.3,0.003500000000000003,BTC,86162.21,150266.63
2026-09-22T14:00:33.091763+00:00,BTC-24SEP26-87000-P,86278.65,BTC-24SEP26,put,87000.0,2026-09-24T08:00:00+00:00,0.004790190262789312,0.0145,0.0165,0.01543413,0.0155,86278.65,BTC-24SEP26,0.3883,-0.63024,22.51605,5.3,10.5,0.002,BTC,86162.21,16488.47
2026-09-22T14:00:33.091763+00:00,BTC-26MAR27-66000-P,88472.13,BTC-26MAR27,put,66000.0,2027-03-26T08:00:00+00:00,0.5058168843079639,0.023,0.0245,0.02375306,0.02375,88472.13,BTC-26MAR27,0.43060000000000004,-0.13437,136.08007,123.1,52.9,0.0015000000000000013,BTC,86162.21,109756.1
2026-09-22T14:00:33.091763+00:00,BTC-26SEP26-94000-P,86315.22,BTC-26SEP26,put,94000.0,2026-09-26T08:00:00+00:00,0.010265891837053514,0.088,0.092,0.08999553,0.09,86315.22,BTC-26SEP26,0.49939999999999996,-0.95366,8.48042,0.0,0.0,0.0040000000000000036,BTC,86161.43,0.0
2026-09-22T14:00:33.091763+00:00,BTC-25DEC26-75000-C,87448.45,BTC-25DEC26,call,75000.0,2026-12-25T08:00:00+00:00,0.2566724626789426,0.1655,0.1695,0.16746275,0.1675,87448.45,BTC-25DEC26,0.4061,0.80081,123.64731,1897.9,1.1,0.0040000000000000036,BTC,86161.43,16155.81
2026-09-22T14:00:33.091763+00:00,BTC-25JUN27-114000-C,89540.92,BTC-25JUN27,call,114000.0,2027-06-25T08:00:00+00:00,0.7549613059369851,0.057,0.0585,0.05787342,0.05775,89540.92,BTC-25JUN27,0.4058,0.30471,272.23091,4.0,4.0,0.0015000000000000013,BTC,86161.43,19632.17
2026-09-22T14:00:33.091763+00:00,BTC-23SEP26-80000-C,86263.35,BTC-23SEP26,call,80000.0,2026-09-23T08:00:00+00:00,0.002052339475657211,0.071,0.0745,0.07267801,0.07275,86263.35,BTC-23SEP26,0.6315999999999999,0.99555,0.50844,0.0,0.0,0.003500000000000003,BTC,86161.43,0.0
2026-09-22T14:00:33.091763+00:00,BTC-25SEP26-77000-P,86295.11,BTC-25SEP26,put,77000.0,2026-09-25T08:00:00+00:00,0.007528041049921413,0.0002,0.0004,0.00027142,0.0003,86295.11,BTC-25SEP26,0.6075,-0.0151,2.84833,1245.7,34.1,0.0002,BTC,86161.23,2008.51
2026-09-22T14:00:33.091763+00:00,BTC-23SEP26-88000-P,86263.35,BTC-23SEP26,put,88000.0,2026-09-23T08:00:00+00:00,0.002052339475657211,0.02,0.024,0.02194328,0.022,86263.35,BTC-23SEP26,0.45439999999999997,-0.84306,9.37217,0.0,0.0,0.004,BTC,86161.43,0.0
2026-09-22T14:00:33.091763+00:00,BTC-2OCT26-65000-P,86378.81,BTC-2OCT26,put,65000.0,2026-10-02T08:00:00+00:00,0.02669299655984612,0.0001,0.0003,0.00017065,0.0002,86378.81,BTC-2OCT26,0.6846,-0.00485,1.98592,698.9,70.7,0.00019999999999999998,BTC,86161.23,1569.62
2026-09-22T14:00:33.091763+00:00,BTC-26MAR27-35000-P,88472.13,BTC-26MAR27,put,35000.0,2027-03-26T08:00:00+00:00,0.5058168843079639,0.0019,0.0024,0.00202273,0.00215,88472.13,BTC-26MAR27,0.6336999999999999,-0.01136,18.72525,606.3,30.7,0.0004999999999999998,BTC,86161.23,6629.63
2026-09-22T14:00:33.091763+00:00,BTC-23SEP26-84000-P,86261.01,BTC-23SEP26,put,84000.0,2026-09-23T08:00:00+00:00,0.002052339475657211,0.0004,0.0006,0.0004149,0.0005,86261.01,BTC-23SEP26,0.3737,-0.0636,4.86292,116.0,123.3,0.00019999999999999993,BTC,86161.23,18007.25
2026-09-22T14:00:33.091763+00:00,BTC-23SEP26-76000-C,86261.01,BTC-23SEP26,call,76000.0,2026-09-23T08:00:00+00:00,0.002052339475657211,0.0875,0.1495,0.11901206,0.1185,86261.01,BTC-23SEP26,0.8072,0.99973,0.03949,0.0,0.0,0.062,BTC,86161.23,0.0
2026-09-22T14:00:33.091763+00:00,BTC-25JUN27-30000-C,89543.26,BTC-25JUN27,call,30000.0,2027-06-25T08:00:00+00:00,0.7549613059369851,0.666,0.6685,0.66747285,0.66725,89543.26,BTC-25JUN27,0.6246,0.98879,22.89436,86.2,1.5,0.0024999999999999467,BTC,86162.3,85787.19
2026-09-22T14:00:33.091763+00:00,BTC-30OCT26-73000-C,86712.37,BTC-30OCT26,call,73000.0,2026-10-30T08:00:00+00:00,0.10335281859954495,0.1625,0.1655,0.16397342,0.164,86712.37,BTC-30OCT26,0.41700000000000004,0.91028,45.13534,609.5,5.0,0.0030000000000000027,BTC,86162.3,72841.71
2026-09-22T14:00:33.091763+00:00,BTC-24SEP26-74000-C,86278.65,BTC-24SEP26,call,74000.0,2026-09-24T08:00:00+00:00,0.004790190262789312,0.112,0.172,0.14238423,0.142,86278.65,BTC-24SEP26,0.7746999999999999,0.99796,0.38512,0.0,0.0,0.059999999999999984,BTC,86162.3,0.0
2026-09-22T14:00:33.091763+00:00,BTC-30OCT26-81000-P,86712.37,BTC-30OCT26,put,81000.0,2026-10-30T08:00:00+00:00,0.10335281859954495,0.0205,0.0215,0.02105911,0.021,86712.37,BTC-30OCT26,0.3778,-0.26958,92.0406,223.1,11.6,0.0009999999999999974,BTC,86162.3,23353.21
2026-09-22T14:00:33.091763+00:00,BTC-25SEP26-50000-P,86292.39,BTC-25SEP26,put,50000.0,2026-09-25T08:00:00+00:00,0.007528041049921413,,0.0001,0.0,,86292.39,BTC-25SEP26,1.1676,0.0,1e-05,3819.0,0.1,,BTC,86162.3,0.86
2026-09-22T14:00:33.091763+00:00,BTC-2OCT26-75000-C,86378.81,BTC-2OCT26,call,75000.0,2026-10-02T08:00:00+00:00,0.02669299655984612,0.1305,0.1345,0.1326135,0.1325,86378.81,BTC-2OCT26,0.4639,0.97038,9.4935,4.5,0.0,0.0040000000000000036,BTC,86162.3,0.0
2026-09-22T14:00:33.091763+00:00,BTC-26MAR27-64000-P,88472.13,BTC-26MAR27,put,64000.0,2027-03-26T08:00:00+00:00,0.5058168843079639,0.02,0.021,0.02032273,0.0205,88472.13,BTC-26MAR27,0.43799999999999994,-0.11676,123.37507,129.3,0.9,0.0010000000000000009,BTC,86163.4,1551.93
2026-09-22T14:00:33.091763+00:00,BTC-26MAR27-115000-P,88472.13,BTC-26MAR27,put,115000.0,2027-03-26T08:00:00+00:00,0.5058168843079639,0.3295,0.335,0.33198707,0.33225,88472.13,BTC-26MAR27,0.4052,-0.77909,186.62013,2.2,0.0,0.005500000000000005,BTC,86163.4,0.0
2026-09-22T14:00:33.091763+00:00,BTC-26MAR27-35000-C,88474.47,BTC-26MAR27,call,35000.0,2027-03-26T08:00:00+00:00,0.5058168843079639,0.605,0.6075,0.60644452,0.60625,88474.47,BTC-26MAR27,0.6336999999999999,0.98864,18.72515,21.8,2.1,0.0025000000000000577,BTC,86163.4,109165.01
2026-09-22T14:00:33.091763+00:00,BTC-25JUN27-54000-P,89540.92,BTC-25JUN27,put,54000.0,2027-06-25T08:00:00+00:00,0.7549613059369851,0.015,0.0165,0.01576763,0.01575,89540.92,BTC-25JUN27,0.46630000000000005,-0.07374,108.64755,50.2,0.0,0.0015000000000000013,BTC,86163.4,0.0
2026-09-22T14:00:33.091763+00:00,BTC-30OCT26-115000-P,86712.37,BTC-30OCT26,put,115000.0,2026-10-30T08:00:00+00:00,0.10335281859954495,0.3255,0.331,0.327975,0.32825,86712.37,BTC-30OCT26,0.4597,-0.96738,20.31603,0.0,0.0,0.005500000000000005,BTC,86163.4,0.0
2026-09-22T14:00:33.091763+00:00,BTC-23SEP26-80500-C,86261.01,BTC-23SEP26,call,80500.0,2026-09-23T08:00:00+00:00,0.002052339475657211,0.034,0.099,0.06691321,0.0665,86261.01,BTC-23SEP26,0.627,0.99215,0.84134,3.5,3.7,0.065,BTC,86163.4,17608.33
2026-09-22T14:00:33.091763+00:00,BTC-30OCT26-77000-C,86712.37,BTC-30OCT26,call,77000.0,2026-10-30T08:00:00+00:00,0.10335281859954495,0.1215,0.125,0.1230469,0.12325,86712.37,BTC-30OCT26,0.3917,0.84115,67.46361,226.7,47.3,0.003500000000000003,BTC,86162.96,493306.15
2026-09-22T14:00:33.091763+00:00,BTC-25SEP26-140000-P,86292.39,BTC-25SEP26,put,140000.0,2026-09-25T08:00:00+00:00,0.007528041049921413,0.6195,0.6265,0.62234629,0.623,86292.39,BTC-25SEP26,1.0796,-1.0,6e-05,1.4,0.0,0.006999999999999895,BTC,86163.4,0.0
2026-09-22T14:00:33.091763+00:00,BTC-27NOV26-106000-P,87068.55,BTC-27NOV26,put,106000.0,2026-11-27T08:00:00+00:00,0.1800126406392438,0.2265,0.231,0.22884097,0.22875,87068.55,BTC-27NOV26,0.4007,-0.85917,82.50076,0.0,0.0,0.004500000000000004,BTC,86162.96,0.0
2026-09-22T14:00:33.091763+00:00,BTC-30OCT26-104000-C,86712.37,BTC-30OCT26,call,104000.0,2026-10-30T08:00:00+00:00,0.10335281859954495,0.005,0.0055,0.00527831,0.00525,86712.37,BTC-30OCT26,0.405,0.09047,45.41529,121.9,1.2,0.0004999999999999996,BTC,86162.96,489.28
2026-09-22T14:00:33.091763+00:00,BTC-27NOV26-91000-P,87070.89,BTC-27NOV26,put,91000.0,2026-11-27T08:00:00+00:00,0.1800126406392438,0.0905,0.092,0.09121542,0.09125,87070.89,BTC-27NOV26,0.3831,-0.57792,144.46063,0.0,0.0,0.0015000000000000013,BTC,86162.96,0.0
2026-09-22T14:00:33.091763+00:00,BTC-26MAR27-108000-P,88472.13,BTC-26MAR27,put,108000.0,2027-03-26T08:00:00+00:00,0.5058168843079639,0.263,0.268,0.26515702,0.2655,88472.13,BTC-26MAR27,0.3996,-0.71334,214.06259,0.1,0.0,0.0050000000000000044,BTC,86162.55,0.0
2026-09-22T14:00:33.091763+00:00,BTC-2OCT26-73000-C,86378.81,BTC-2OCT26,call,73000.0,2026-10-02T08:00:00+00:00,0.02669299655984612,0.1535,0.157,0.15547188,0.15525,86378.81,BTC-2OCT26,0.5028,0.981,6.53706,0.8,0.0,0.003500000000000003,BTC,86162.55,0.0
2026-09-22T14:00:33.091763+00:00,BTC-26MAR27-180000-C,88472.13,BTC-26MAR27,call,180000.0,2027-03-26T08:00:00+00:00,0.5058168843079639,0.004,0.0046,0.00433921,0.0043,88472.13,BTC-26MAR27,0.5008,0.03453,48.05103,659.3,0.0,0.0005999999999999998,BTC,86162.55,0.0
2026-09-22T14:00:33.091763+00:00,BTC-26MAR27-84000-P,88472.13,BTC-26MAR27,put,84000.0,2027-03-26T08:00:00+00:00,0.5058168843079639,0.0855,0.0865,0.08588388,0.086,88472.13,BTC-26MAR27,0.39659999999999995,-0.37401,238.23182,375.6,300.0,0.000999999999999987,BTC,86162.55,2239536.49
2026-09-22T14:00:33.091763+00:00,BTC-23SEP26-77500-C,86261.01,BTC-23SEP26,call,77500.0,2026-09-23T08:00:00+00:00,0.002052339475657211,0.0695,0.1325,0.10162459,0.101,86261.01,BTC-23SEP26,0.6997,0.99962,0.05376,0.7,0.0,0.063,BTC,86162.55,0.0
2026-09-22T14:00:33.091763+00:00,BTC-30OCT26-72000-P,86712.37,BTC-30OCT26,put,72000.0,2026-10-30T08:00:00+00:00,0.10335281859954495,0.0048,0.0055,0.00506562,0.00515,86712.37,BTC-30OCT26,0.42710000000000004,-0.07855,40.84565,1299.2,7.8,0.0007000000000000001,BTC,86162.55,3780.87
2026-09-22T14:00:33.091763+00:00,BTC-24SEP26-85000-P,86278.65,BTC-24SEP26,put,85000.0,2026-09-24T08:00:00+00:00,0.004790190262789312,0.004,0.0045,0.00421879,0.00425,86278.65,BTC-24SEP26,0.36219999999999997,-0.28474,20.24172,66.1,29.6,0.0004999999999999996,BTC,86163.63,17666.57
2026-09-22T14:00:33.091763+00:00,BTC-30OCT26-50000-P,86712.37,BTC-30OCT26,put,50000.0,2026-10-30T08:00:00+00:00,0.10335281859954495,0.0005,0.0006,0.00053899,0.00055,86712.37,BTC-30OCT26,0.7253000000000001,-0.00671,5.2279,436.7,9.1,9.999999999999994e-05,BTC,86163.63,471.12
2026-09-22T14:00:33.091763+00:00,BTC-25SEP26-120000-C,86292.39,BTC-25SEP26,call,120000.0,2026-09-25T08:00:00+00:00,0.007528041049921413,,0.0001,5.99e-06,,86292.39,BTC-25SEP26,1.0796,0.00025,0.06907,1351.5,0.0,,BTC,86162.55,0.0
2026-09-22T14:00:33.091763+00:00,BTC-30OCT26-78000-C,86712.37,BTC-30OCT26,call,78000.0,2026-10-30T08:00:00+00:00,0.10335281859954495,0.112,0.115,0.11350912,0.1135,86712.37,BTC-30OCT26,0.3875,0.81729,73.78874,501.3,6.6,0.0030000000000000027,BTC,86163.63,60817.28
2026-09-22T14:00:33.091763+00:00,BTC-25SEP26-170000-P,86292.39,BTC-25SEP26,put,170000.0,2026-09-25T08:00:00+00:00,0.007528041049921413,0.966,0.975,0.96999192,0.9705,86292.39,BTC-25SEP26,1.0796,-1.0,0.0,0.0,0.0,0.009000000000000008,BTC,86163.63,0.0
2026-09-22T14:00:33.091763+00:00,BTC-23SEP26-89000-C,86261.01,BTC-23SEP26,call,89000.0,2026-09-23T08:00:00+00:00,0.002052339475657211,0.0008,0.001,0.00091239,0.0009,86261.01,BTC-23SEP26,0.5036,0.08086,5.84658,171.9,426.9,0.00019999999999999998,BTC,86163.63,56723.29
2026-09-22T14:00:33.091763+00:00,BTC-26MAR27-88000-C,88474.47,BTC-26MAR27,call,88000.0,2027-03-26T08:00:00+00:00,0.5058168843079639,0.113,0.1145,0.11398544,0.11375,88474.47,BTC-26MAR27,0.3944,0.56186,247.82846,97.1,29.6,0.0015000000000000013,BTC,86164.08,284625.98
2026-09-22T14:00:33.091763+00:00,BTC-30OCT26-83000-C,86712.37,BTC-30OCT26,call,83000.0,2026-10-30T08:00:00+00:00,0.10335281859954495,0.0705,0.072,0.07135168,0.07125,86712.37,BTC-30OCT26,0.37329999999999997,0.6616,101.895,498.4,20.3,0.0015000000000000013,BTC,86164.08,118440.71
2026-09-22T14:00:33.091763+00:00,BTC-24SEP26-80500-C,86278.65,BTC-24SEP26,call,80500.0,2026-09-24T08:00:00+00:00,0.004790190262789312,0.0655,0.0685,0.06727767,0.067,86278.65,BTC-24SEP26,0.49329999999999996,0.97806,3.12352,10.9,0.0,0.0030000000000000027,BTC,86164.08,0.0
2026-09-22T14:00:33.091763+00:00,BTC-26MAR27-74000-P,88472.13,BTC-26MAR27,put,74000.0,2027-03-26T08:00:00+00:00,0.5058168843079639,0.043,0.0445,0.04364925,0.04375,88472.13,BTC-26MAR27,0.4092,-0.22493,188.55074,195.1,0.7,0.0015000000000000013,BTC,86164.08,2745.48
2026-09-22T14:00:33.091763+00:00,BTC-26MAR27-170000-C,88472.13,BTC-26MAR27,call,170000.0,2027-03-26T08:00:00+00:00,0.5058168843079639,0.005,0.0055,0.00535537,0.00525,88472.13,BTC-26MAR27,0.4854,0.04281,57.2502,984.9,10.5,0.0004999999999999996,BTC,86164.08,4844.08
2026-09-22T14:00:33.091763+00:00,BTC-27NOV26-85000-C,87068.55,BTC-27NOV26,call,85000.0,2026-11-27T08:00:00+00:00,0.1800126406392438,0.076,0.0775,0.07699313,0.07675,87068.55,BTC-27NOV26,0.38539999999999996,0.58821,143.66699,791.2,136.8,0.0015000000000000013,BTC,86164.08,859842.51
2026-09-22T14:00:33.091763+00:00,BTC-26MAR27-74000-C,88472.13,BTC-26MAR27,call,74000.0,2027-03-26T08:00:00+00:00,0.5058168843079639,0.206,0.208,0.2072839,0.207,88472.13,BTC-26MAR27,0.4092,0.7751,188.54161,66.8,0.0,0.0020000000000000018,BTC,86166.71,0.0
2026-09-22T14:00:33.091763+00:00,BTC-25DEC26-64000-P,87446.11,BTC-25DEC26,put,64000.0,2026-12-25T08:00:00+00:00,0.2566724626789426,0.0075,0.0085,0.00806397,0.008,87446.11,BTC-25DEC26,0.45649999999999996,-0.07183,60.6375,390.4,4.0,0.0010000000000000009,BTC,86166.71,3062.34
2026-09-22T14:00:33.091763+00:00,BTC-25SEP26-81000-C,86292.39,BTC-25SEP26,call,81000.0,2026-09-25T08:00:00+00:00,0.007528041049921413,0.061,0.064,0.06213586,0.0625,86292.39,BTC-25SEP26,0.4435,0.94923,7.8094,3498.9,38.8,0.0030000000000000027,BTC,86166.71,215050.11
2026-09-22T14:00:33.091763+00:00,BTC-26MAR27-54000-C,88474.47,BTC-26MAR27,call,54000.0,2027-03-26T08:00:00+00:00,0.5058168843079639,0.397,0.4005,0.39906702,0.39875,88474.47,BTC-26MAR27,0.4882,0.94427,70.68333,0.1,0.0,0.003500000000000003,BTC,86166.71,0.0
2026-09-22T14:00:33.091763+00:00,BTC-9OCT26-84000-C,86449.64,BTC-9OCT26,call,84000.0,2026-10-09T08:00:00+00:00,0.04585795206977083,0.0465,0.048,0.04755556,0.04725,86449.64,BTC-9OCT26,0.37189999999999995,0.65133,68.43203,291.5,0.5,0.0015000000000000013,BTC,86166.71,1909.04
2026-09-22T14:00:33.091763+00:00,BTC-25JUN27-96000-P,89543.26,BTC-25JUN27,put,96000.0,2027-06-25T08:00:00+00:00,0.7549613059369851,0.181,0.1835,0.18161636,0.18225,89543.26,BTC-25JUN27,0.3994,-0.51185,310.06806,0.1,0.0,0.0025000000000000022,BTC,86166.16,0.0
2026-09-22T14:00:33.091763+00:00,BTC-27NOV26-91000-C,87068.55,BTC-27NOV26,call,91000.0,2026-11-27T08:00:00+00:00,0.1800126406392438,0.0455,0.0465,0.0461074,0.046,87068.55,BTC-27NOV26,0.3831,0.42218,144.47503,113.6,21.0,0.0010000000000000009,BTC,86166.16,84717.56
2026-09-22T14:00:33.091763+00:00,BTC-25SEP26-115000-C,86295.11,BTC-25SEP26,call,115000.0,2026-09-25T08:00:00+00:00,0.007528041049921413,,0.0001,2.232e-05,,86295.11,BTC-25SEP26,1.0463,0.00088,0.22375,2153.8,0.1,,BTC,86166.16,0.85
2026-09-22T14:00:33.091763+00:00,BTC-25JUN27-84000-P,89543.26,BTC-25JUN27,put,84000.0,2027-06-25T08:00:00+00:00,0.7549613059369851,0.105,0.1075,0.10613698,0.10625,89543.26,BTC-25JUN27,0.4035,-0.36132,291.26954,19.3,4.1,0.0025000000000000022,BTC,86166.16,39022.98
2026-09-22T14:00:33.091763+00:00,BTC-26MAR27-120000-P,88474.47,BTC-26MAR27,put,120000.0,2027-03-26T08:00:00+00:00,0.5058168843079639,0.3795,0.3855,0.38205745,0.3825,88474.47,BTC-26MAR27,0.41,-0.81649,167.00434,9.9,0.0,0.006000000000000005,BTC,86166.16,0.0
2026-09-22T14:00:33.091763+00:00,BTC-24SEP26-95000-C,86278.65,BTC-24SEP26,call,95000.0,2026-09-24T08:00:00+00:00,0.004790190262789312,0.0002,0.0004,0.00030715,0.0003,86278.65,BTC-24SEP26,0.6607,0.01765,2.59692,15.2,19.2,0.0002,BTC,86165.6,445.7
2026-09-22T14:00:33.091763+00:00,BTC-9OCT26-65000-C,86449.64,BTC-9OCT26,call,65000.0,2026-10-09T08:00:00+00:00,0.04585795206977083,0.247,0.25,0.24855578,0.2485,86449.64,BTC-9OCT26,0.5761999999999999,0.99095,4.51827,0.7,0.0,0.0030000000000000027,BTC,86165.6,0.0
2026-09-22T14:00:33.091763+00:00,BTC-9OCT26-79000-C,86449.64,BTC-9OCT26,call,79000.0,2026-10-09T08:00:00+00:00,0.04585795206977083,0.0905,0.0935,0.09199472,0.092,86449.64,BTC-9OCT26,0.391,0.8661,39.94266,14.4,0.0,0.0030000000000000027,BTC,86165.6,0.0
2026-09-22T14:00:33.091763+00:00,BTC-30OCT26-78000-P,86712.37,BTC-30OCT26,put,78000.0,2026-10-30T08:00:00+00:00,0.10335281859954495,0.0125,0.0135,0.01297927,0.013,86712.37,BTC-30OCT26,0.3875,-0.18264,73.77365,861.1,51.6,0.0009999999999999992,BTC,86165.6,60188.88
2026-09-22T14:00:33.091763+00:00,BTC-9OCT26-84000-P,86449.64,BTC-9OCT26,put,84000.0,2026-10-09T08:00:00+00:00,0.04585795206977083,0.0185,0.0195,0.01914242,0.019,86449.64,BTC-9OCT26,0.37189999999999995,-0.34872,68.4353,74.6,61.4,0.0010000000000000009,BTC,86165.6,111458.95
2026-09-22T14:00:33.091763+00:00,BTC-23SEP26-79500-P,86263.35,BTC-23SEP26,put,79500.0,2026-09-23T08:00:00+00:00,0.002052339475657211,,0.0002,1.871e-05,,86263.35,BTC-23SEP26,0.6356,-0.00241,0.29284,108.7,73.4,,BTC,86165.6,1154.64
2026-09-22T14:00:33.091763+00:00,BTC-9OCT26-70000-C,86451.98,BTC-9OCT26,call,70000.0,2026-10-09T08:00:00+00:00,0.04585795206977083,0.1895,0.193,0.19113943,0.19125,86451.98,BTC-9OCT26,0.4918,0.97976,9.04735,0.0,0.0,0.003500000000000003,BTC,86168.42,0.0
2026-09-22T14:00:33.091763+00:00,BTC-24SEP26-75000-C,86280.99,BTC-24SEP26,call,75000.0,2026-09-24T08:00:00+00:00,0.004790190262789312,0.1,0.161,0.13080207,0.1305,86280.99,BTC-24SEP26,0.728,0.99734,0.48935,0.0,0.0,0.061,BTC,86168.42,0.0
2026-09-22T14:00:33.091763+00:00,BTC-9OCT26-80000-C,86449.64,BTC-9OCT26,call,80000.0,2026-10-09T08:00:00+00:00,0.04585795206977083,0.0805,0.0835,0.08204914,0.082,86449.64,BTC-9OCT26,0.3848,0.83431,46.05174,93.6,2.1,0.0030000000000000027,BTC,86168.42,14881.17
2026-09-22T14:00:33.091763+00:00,BTC-26MAR27-104000-P,88472.13,BTC-26MAR27,put,104000.0,2027-03-26T08:00:00+00:00,0.5058168843079639,0.2275,0.231,0.22911596,0.22925,88472.13,BTC-26MAR27,0.3968,-0.66819,228.22534,0.1,0.0,0.003500000000000003,BTC,86168.42,0.0
2026-09-22T14:00:33.091763+00:00,BTC-26SEP26-92000-C,86312.88,BTC-26SEP26,call,92000.0,2026-09-26T08:00:00+00:00,0.010265891837053514,0.0016,0.0018,0.00177215,0.0017,86312.88,BTC-26SEP26,0.4523,0.08236,13.27958,0.2,0.2,0.00019999999999999987,BTC,86168.42,25.79
2026-09-22T14:00:33.091763+00:00,BTC-26MAR27-94000-P,88472.13,BTC-26MAR27,put,94000.0,2027-03-26T08:00:00+00:00,0.5058168843079639,0.148,0.1495,0.14859512,0.14875,88472.13,BTC-26MAR27,0.3933,-0.53196,250.05985,12.5,2.8,0.0015000000000000013,BTC,86168.42,36977.33
2026-09-22T14:00:33.091763+00:00,BTC-25DEC26-100000-P,87446.11,BTC-25DEC26,put,100000.0,2026-12-25T08:00:00+00:00,0.2566724626789426,0.173,0.177,0.17485639,0.175,87446.11,BTC-25DEC26,0.3908,-0.71994,149.08349,303.1,0.0,0.0040000000000000036,BTC,86179.31,0.0
2026-09-22T14:00:33.091763+00:00,BTC-25DEC26-75000-P,87446.11,BTC-25DEC26,put,75000.0,2026-12-25T08:00:00+00:00,0.2566724626789426,0.0245,0.0255,0.02508303,0.025,87446.11,BTC-25DEC26,0.4061,-0.1989,123.56323,1698.2,87.9,0.0009999999999999974,BTC,86179.31,191707.41
2026-09-22T14:00:33.091763+00:00,BTC-27NOV26-76000-P,87068.55,BTC-27NOV26,put,76000.0,2026-11-27T08:00:00+00:00,0.1800126406392438,0.019,0.02,0.01934827,0.0195,87068.55,BTC-27NOV26,0.4031,-0.19057,100.38678,59.7,2.2,0.0010000000000000009,BTC,86179.31,3877.86
2026-09-22T14:00:33.091763+00:00,BTC-23SEP26-81000-C,86261.01,BTC-23SEP26,call,81000.0,2026-09-23T08:00:00+00:00,0.002052339475657211,0.028,0.0935,0.06113664,0.06075,86261.01,BTC-23SEP26,0.5954999999999999,0.98982,1.05643,2.3,0.0,0.0655,BTC,86179.31,0.0
2026-09-22T14:00:33.091763+00:00,BTC-24SEP26-86000-C,86278.65,BTC-24SEP26,call,86000.0,2026-09-24T08:00:00+00:00,0.004790190262789312,0.0115,0.0125,0.01198037,0.012,86278.65,BTC-24SEP26,0.37200000000000005,0.54429,23.65571,113.1,62.2,0.0010000000000000009,BTC,86185.69,66375.57
2026-09-22T14:00:33.091763+00:00,BTC-27NOV26-120000-P,87070.89,BTC-27NOV26,put,120000.0,2026-11-27T08:00:00+00:00,0.1800126406392438,0.3795,0.385,0.3819629,0.38225,87070.89,BTC-27NOV26,0.4397,-0.94846,39.00756,0.6,0.0,0.005500000000000005,BTC,86179.31,0.0
2026-09-22T14:00:33.091763+00:00,BTC-25SEP26-130000-C,86292.39,BTC-25SEP26,call,130000.0,2026-09-25T08:00:00+00:00,0.007528041049921413,,0.0001,1.5e-07,,86292.39,BTC-25SEP26,1.0796,1e-05,0.00247,1509.0,0.0,,BTC,86179.31,0.0
2026-09-22T14:00:33.091763+00:00,BTC-26MAR27-76000-C,88472.13,BTC-26MAR27,call,76000.0,2027-03-26T08:00:00+00:00,0.5058168843079639,0.19,0.1925,0.1914568,0.19125,88472.13,BTC-26MAR27,0.40549999999999997,0.74806,200.68643,546.2,4.1,0.0025000000000000022,BTC,86185.69,67345.78
2026-09-22T14:00:33.091763+00:00,BTC-26SEP26-82000-C,86315.22,BTC-26SEP26,call,82000.0,2026-09-26T08:00:00+00:00,0.010265891837053514,0.05,0.054,0.05186212,0.052,86315.22,BTC-26SEP26,0.3943,0.8999,15.34887,0.0,0.0,0.003999999999999997,BTC,86185.69,0.0
2026-09-22T14:00:33.091763+00:00,BTC-26SEP26-81000-C,86312.88,BTC-26SEP26,call,81000.0,2026-09-26T08:00:00+00:00,0.010265891837053514,0.061,0.0645,0.06277603,0.06275,86312.88,BTC-26SEP26,0.415,0.93485,11.10163,0.0,0.0,0.003500000000000003,BTC,86185.69,0.0
2026-09-22T14:00:33.091763+00:00,BTC-25JUN27-92000-C,89543.26,BTC-25JUN27,call,92000.0,2027-06-25T08:00:00+00:00,0.7549613059369851,0.1255,0.127,0.1264615,0.12625,89543.26,BTC-25JUN27,0.3995,0.5373,308.91733,16.5,0.0,0.0015000000000000013,BTC,86185.88,0.0
2026-09-22T14:00:33.091763+00:00,BTC-30OCT26-65000-P,86712.37,BTC-30OCT26,put,65000.0,2026-10-30T08:00:00+00:00,0.10335281859954495,0.0018,0.0022,0.00196258,0.002,86712.37,BTC-30OCT26,0.4974,-0.03025,19.09158,630.3,62.9,0.0004000000000000002,BTC,86185.88,13122.76
2026-09-22T14:00:33.091763+00:00,BTC-24SEP26-82000-P,86278.65,BTC-24SEP26,put,82000.0,2026-09-24T08:00:00+00:00,0.004790190262789312,0.0003,0.0005,0.00043004,0.0004,86278.65,BTC-24SEP26,0.41509999999999997,-0.03958,5.09726,34.4,36.0,0.00020000000000000004,BTC,86185.88,4152.78
2026-09-22T14:00:33.091763+00:00,BTC-30OCT26-59000-P,86712.37,BTC-30OCT26,put,59000.0,2026-10-30T08:00:00+00:00,0.10335281859954495,0.001,0.0013,0.00110755,0.00115,86712.37,BTC-30OCT26,0.5811999999999999,-0.01568,10.96351,102.1,1.0,0.0002999999999999999,BTC,86185.88,86.37
2026-09-22T14:00:33.091763+00:00,BTC-25SEP26-92000-C,86295.11,BTC-25SEP26,call,92000.0,2026-09-25T08:00:00+00:00,0.007528041049921413,0.001,0.0012,0.00109288,0.0011,86295.11,BTC-25SEP26,0.4739,0.06061,8.98426,1238.9,284.6,0.00019999999999999987,BTC,86185.88,36574.24
2026-09-22T14:00:33.091763+00:00,BTC-25SEP26-125000-C,86295.11,BTC-25SEP26,call,125000.0,2026-09-25T08:00:00+00:00,0.007528041049921413,,0.0001,9.8e-07,,86295.11,BTC-25SEP26,1.0796,4e-05,0.01393,2384.7,0.0,,BTC,86185.88,0.0
2026-09-22T14:00:33.091763+00:00,BTC-25SEP26-83000-P,86295.11,BTC-25SEP26,put,83000.0,2026-09-25T08:00:00+00:00,0.007528041049921413,0.0021,0.0023,0.00214143,0.0022,86295.11,BTC-25SEP26,0.3945,-0.12874,15.72147,976.5,450.1,0.0002000000000000001,BTC,86185.88,188813.49
2026-09-22T14:00:33.091763+00:00,BTC-24SEP26-92000-P,86278.65,BTC-24SEP26,put,92000.0,2026-09-24T08:00:00+00:00,0.004790190262789312,0.031,0.107,0.06697622,0.069,86278.65,BTC-24SEP26,0.5451,-0.95543,5.61169,0.0,0.0,0.076,BTC,86185.86,0.0
2026-09-22T14:00:33.091763+00:00,BTC-30OCT26-82000-C,86712.37,BTC-30OCT26,call,82000.0,2026-10-30T08:00:00+00:00,0.10335281859954495,0.078,0.0795,0.07895219,0.07875,86712.37,BTC-30OCT26,0.3754,0.69775,97.21683,1385.9,202.1,0.0015000000000000013,BTC,86185.86,1410404.21
2026-09-22T14:00:33.091763+00:00,BTC-25DEC26-120000-P,87446.11,BTC-25DEC26,put,120000.0,2026-12-25T08:00:00+00:00,0.2566724626789426,0.3775,0.383,0.38014805,0.38025,87446.11,BTC-25DEC26,0.4257,-0.91327,69.96195,35.8,0.3,0.005500000000000005,BTC,86185.86,9794.06
2026-09-22T14:00:33.091763+00:00,BTC-30OCT26-110000-C,86712.37,BTC-30OCT26,call,110000.0,2026-10-30T08:00:00+00:00,0.10335281859954495,0.0026,0.0029,0.00275828,0.00275,86712.37,BTC-30OCT26,0.4315,0.0495,28.50931,1179.4,214.5,0.0002999999999999999,BTC,86185.86,49558.27
2026-09-22T14:00:33.091763+00:00,BTC-9OCT26-83000-C,86449.64,BTC-9OCT26,call,83000.0,2026-10-09T08:00:00+00:00,0.04585795206977083,0.054,0.056,0.05528494,0.055,86449.64,BTC-9OCT26,0.3741,0.7053,63.8191,92.7,0.1,0.0020000000000000018,BTC,86184.76,413.89
2026-09-22T14:00:33.091763+00:00,BTC-25JUN27-70000-P,89540.92,BTC-25JUN27,put,70000.0,2027-06-25T08:00:00+00:00,0.7549613059369851,0.047,0.0485,0.04781908,0.04775,89540.92,BTC-25JUN27,0.4205,-0.19639,215.35711,59.5,10.0,0.0015000000000000013,BTC,86184.76,41390.17
2026-09-22T14:00:33.091763+00:00,BTC-25DEC26-220000-P,87446.11,BTC-25DEC26,put,220000.0,2026-12-25T08:00:00+00:00,0.2566724626789426,1.5065,1.5255,1.51611095,1.516,87446.11,BTC-25DEC26,0.655,-0.99552,5.80288,0.0,0.0,0.019000000000000128,BTC,86184.76,0.0
2026-09-22T14:00:33.091763+00:00,BTC-9OCT26-88000-P,86451.98,BTC-9OCT26,put,88000.0,2026-10-09T08:00:00+00:00,0.04585795206977083,0.041,0.042,0.04163764,0.0415,86451.98,BTC-9OCT26,0.3703,-0.57654,72.4619,1.0,0.0,0.0010000000000000009,BTC,86184.76,0.0
2026-09-22T14:00:33.091763+00:00,BTC-26MAR27-65000-C,88472.13,BTC-26MAR27,call,65000.0,2027-03-26T08:00:00+00:00,0.5058168843079639,0.2855,0.289,0.28726543,0.28725,88472.13,BTC-26MAR27,0.4338,0.87509,129.40727,229.7,137.0,0.003500000000000003,BTC,86184.76,3288485.33
2026-09-22T14:00:33.091763+00:00,BTC-26MAR27-130000-C,88472.13,BTC-26MAR27,call,130000.0,2027-03-26T08:00:00+00:00,0.5058168843079639,0.0165,0.0175,0.01712819,0.017,88472.13,BTC-26MAR27,0.42219999999999996,0.12846,131.94981,1184.3,1.9,0.0010000000000000009,BTC,86182.16,2678.46
2026-09-22T14:00:33.091763+00:00,BTC-25JUN27-180000-C,89543.26,BTC-25JUN27,call,180000.0,2027-06-25T08:00:00+00:00,0.7549613059369851,0.0095,0.0105,0.01007844,0.01,89543.26,BTC-25JUN27,0.4689,0.06533,99.00157,67.8,40.4,0.0010000000000000009,BTC,86182.16,38532.66
2026-09-22T14:00:33.091763+00:00,BTC-25SEP26-175000-C,86292.39,BTC-25SEP26,call,175000.0,2026-09-25T08:00:00+00:00,0.007528041049921413,,0.0001,0.0,,86292.39,BTC-25SEP26,1.0796,0.0,0.0,1904.8,0.0,,BTC,86182.16,0.0
2026-09-22T14:00:33.091763+00:00,BTC-23SEP26-77000-C,86263.35,BTC-23SEP26,call,77000.0,2026-09-23T08:00:00+00:00,0.002052339475657211,0.1055,0.1095,0.10742038,0.1075,86263.35,BTC-23SEP26,0.7352,0.99967,0.04679,0.0,0.0,0.0040000000000000036,BTC,86182.16,0.0
2026-09-22T14:00:33.091763+00:00,BTC-23SEP26-88500-C,86263.35,BTC-23SEP26,call,88500.0,2026-09-23T08:00:00+00:00,0.002052339475657211,0.0011,0.0013,0.00128509,0.0012,86263.35,BTC-23SEP26,0.4782,0.11433,7.54251,185.4,229.0,0.00019999999999999987,BTC,86182.16,29035.27
2026-09-22T14:00:33.091763+00:00,BTC-23SEP26-81500-P,86261.01,BTC-23SEP26,put,81500.0,2026-09-23T08:00:00+00:00,0.002052339475657211,0.0001,0.0002,0.00010691,0.00015,86261.01,BTC-23SEP26,0.5594,-0.01373,1.36912,42.3,39.1,0.0001,BTC,86182.16,4397.38
2026-09-22T14:00:33.091763+00:00,BTC-25SEP26-89000-P,86295.11,BTC-25SEP26,put,89000.0,2026-09-25T08:00:00+00:00,0.007528041049921413,0.034,0.0365,0.03521579,0.03525,86295.11,BTC-25SEP26,0.4106,-0.8071,20.49307,0.0,0.0,0.0024999999999999953,BTC,86182.16,0.0
2026-09-22T14:00:33.091763+00:00,BTC-24SEP26-91000-C,86280.99,BTC-24SEP26,call,91000.0,2026-09-24T08:00:00+00:00,0.004790190262789312,0.0009,0.0011,0.00102265,0.001,86280.99,BTC-24SEP26,0.5075,0.06447,7.51714,2.9,2.5,0.0002000000000000001,BTC,86181.72,287.34
2026-09-22T14:00:33.091763+00:00,BTC-30OCT26-77000-P,86712.37,BTC-30OCT26,put,77000.0,2026-10-30T08:00:00+00:00,0.10335281859954495,0.0105,0.0115,0.01098537,0.011,86712.37,BTC-30OCT26,0.3917,-0.15838,67.34829,389.8,187.6,0.0009999999999999992,BTC,86181.72,188754.71
2026-09-22T14:00:33.091763+00:00,BTC-27NOV26-60000-P,87068.55,BTC-27NOV26,put,60000.0,2026-11-27T08:00:00+00:00,0.1800126406392438,0.0029,0.0033,0.00304231,0.0031,87068.55,BTC-27NOV26,0.5078,-0.03352,27.53964,211.0,1.4,0.0004000000000000002,BTC,86181.72,381.05
2026-09-22T14:00:33.091763+00:00,BTC-9OCT26-76000-P,86449.64,BTC-9OCT26,put,76000.0,2026-10-09T08:00:00+00:00,0.04585795206977083,0.0026,0.003,0.00278603,0.0028,86449.64,BTC-9OCT26,0.4169,-0.06961,24.73784,128.2,0.3,0.0004000000000000002,BTC,86180.21,73.07
2026-09-22T14:00:33.091763+00:00,BTC-26MAR27-84000-C,88472.13,BTC-26MAR27,call,84000.0,2027-03-26T08:00:00+00:00,0.5058168843079639,0.1355,0.137,0.13649444,0.13625,88472.13,BTC-26MAR27,0.39659999999999995,0.62626,238.22505,283.9,0.5,0.0015000000000000013,BTC,86180.21,5751.64
2026-09-22T14:00:33.091763+00:00,BTC-26SEP26-86500-P,86312.88,BTC-26SEP26,put,86500.0,2026-09-26T08:00:00+00:00,0.010265891837053514,0.016,0.017,0.01636311,0.0165,86312.88,BTC-26SEP26,0.37770000000000004,-0.52281,34.80889,0.0,0.0,0.0010000000000000009,BTC,86180.21,0.0
2026-09-22T14:00:33.091763+00:00,BTC-25JUN27-160000-C,89540.92,BTC-25JUN27,call,160000.0,2027-06-25T08:00:00+00:00,0.7549613059369851,0.015,0.016,0.01555938,0.0155,89540.92,BTC-25JUN27,0.44920000000000004,0.09795,134.42543,698.3,130.5,0.0010000000000000009,BTC,86180.21,168249.0
2026-09-22T14:00:33.091763+00:00,BTC-25JUN27-170000-P,89540.92,BTC-25JUN27,put,170000.0,2027-06-25T08:00:00+00:00,0.7549613059369851,0.907,0.917,0.9109915,0.912,89540.92,BTC-25JUN27,0.46020000000000005,-0.91994,115.68321,14.7,0.0,0.010000000000000009,BTC,86180.21,0.0
2026-09-22T14:00:33.091763+00:00,BTC-25SEP26-86000-P,86292.39,BTC-25SEP26,put,86000.0,2026-09-25T08:00:00+00:00,0.007528041049921413,0.011,0.012,0.01148883,0.0115,86292.39,BTC-25SEP26,0.37979999999999997,-0.46165,29.70948,752.9,821.1,0.0010000000000000009,BTC,86180.21,1016604.23
2026-09-22T14:00:33.091763+00:00,BTC-25SEP26-68000-C,86292.39,BTC-25SEP26,call,68000.0,2026-09-25T08:00:00+00:00,0.007528041049921413,0.211,0.213,0.21205115,0.212,86292.39,BTC-25SEP26,0.9543,0.99818,0.43497,872.6,1.0,0.0020000000000000018,BTC,86180.21,17892.52
2026-09-22T14:00:33.091763+00:00,BTC-27NOV26-74000-P,87068.55,BTC-27NOV26,put,74000.0,2026-11-27T08:00:00+00:00,0.1800126406392438,0.0145,0.0155,0.01517484,0.015,87068.55,BTC-27NOV26,0.41100000000000003,-0.15502,87.98783,58.7,3.4,0.0009999999999999992,BTC,86173.58,4473.03
2026-09-22T14:00:33.091763+00:00,BTC-25SEP26-280000-C,86295.11,BTC-25SEP26,call,280000.0,2026-09-25T08:00:00+00:00,0.007528041049921413,,0.0001,0.0,,86295.11,BTC-25SEP26,1.2987,0.0,0.0,76.1,0.0,,BTC,86180.21,0.0
2026-09-22T14:00:33.091763+00:00,BTC-25DEC26-230000-C,87446.11,BTC-25DEC26,call,230000.0,2026-12-25T08:00:00+00:00,0.2566724626789426,0.0002,0.0005,0.0003597,0.00035,87446.11,BTC-25DEC26,0.6713,0.00366,4.84315,190.6,0.0,0.00030000000000000003,BTC,86173.58,0.0
2026-09-22T14:00:33.091763+00:00,BTC-27NOV26-95000-P,87068.55,BTC-27NOV26,put,95000.0,2026-11-27T08:00:00+00:00,0.1800126406392438,0.1215,0.124,0.12298294,0.12275,87068.55,BTC-27NOV26,0.3847,-0.6764,132.65459,0.1,0.0,0.0025000000000000022,BTC,86173.58,0.0
2026-09-22T14:00:33.091763+00:00,BTC-25JUN27-98000-C,89543.26,BTC-25JUN27,call,98000.0,2027-06-25T08:00:00+00:00,0.7549613059369851,0.101,0.1025,0.10198268,0.10175,89543.26,BTC-25JUN27,0.3996,0.46468,309.011,119.0,43.5,0.0014999999999999875,BTC,86173.2,383119.96
2026-09-22T14:00:33.091763+00:00,BTC-23SEP26-86500-C,86261.01,BTC-23SEP26,call,86500.0,2026-09-23T08:00:00+00:00,0.002052339475657211,0.005,0.006,0.00576548,0.0055,86261.01,BTC-23SEP26,0.3892,0.42248,15.26994,77.0,80.9,0.001,BTC,86173.58,46217.42
2026-09-22T14:00:33.091763+00:00,BTC-25DEC26-50000-P,87446.11,BTC-25DEC26,put,50000.0,2026-12-25T08:00:00+00:00,0.2566724626789426,0.0022,0.0025,0.00239991,0.00235,87446.11,BTC-25DEC26,0.579,-0.0202,21.61887,2218.4,2.9,0.0002999999999999999,BTC,86173.2,604.98
2026-09-22T14:00:33.091763+00:00,BTC-25DEC26-54000-P,87448.45,BTC-25DEC26,put,54000.0,2026-12-25T08:00:00+00:00,0.2566724626789426,0.0031,0.0034,0.00327607,0.00325,87448.45,BTC-25DEC26,0.5376,-0.02855,28.91119,1868.1,0.1,0.0002999999999999999,BTC,86173.2,30.93
2026-09-22T14:00:33.091763+00:00,BTC-25DEC26-92000-P,87446.11,BTC-25DEC26,put,92000.0,2026-12-25T08:00:00+00:00,0.2566724626789426,0.108,0.109,0.10849381,0.1085,87446.11,BTC-25DEC26,0.38539999999999996,-0.56618,174.21652,11.0,8.5,0.0010000000000000009,BTC,86173.2,80217.02
2026-09-22T14:00:33.091763+00:00,BTC-26MAR27-78000-P,88472.13,BTC-26MAR27,put,78000.0,2027-03-26T08:00:00+00:00,0.5058168843079639,0.0575,0.059,0.05806001,0.05825,88472.13,BTC-26MAR27,0.40259999999999996,-0.281,212.05323,331.5,2.2,0.0014999999999999944,BTC,86173.2,11581.65
2026-09-22T14:00:33.091763+00:00,BTC-25SEP26-54000-C,86295.11,BTC-25SEP26,call,54000.0,2026-09-25T08:00:00+00:00,0.007528041049921413,0.373,0.375,0.37423789,0.374,86295.11,BTC-25SEP26,1.1676,1.0,0.00055,7.2,0.0,0.0020000000000000018,BTC,86173.2,0.0
2026-09-22T14:00:33.091763+00:00,BTC-27NOV26-90000-C,87068.55,BTC-27NOV26,call,90000.0,2026-11-27T08:00:00+00:00,0.1800126406392438,0.0495,0.051,0.05038588,0.05025,87068.55,BTC-27NOV26,0.3829,0.44918,146.10278,752.5,5.3,0.0014999999999999944,BTC,86174.94,24000.21
2026-09-22T14:00:33.091763+00:00,BTC-25DEC26-108000-C,87446.11,BTC-25DEC26,call,108000.0,2026-12-25T08:00:00+00:00,0.2566724626789426,0.017,0.018,0.01734744,0.0175,87446.11,BTC-25DEC26,0.4004,0.17298,113.30689,210.7,0.8,0.0009999999999999974,BTC,86174.94,1091.78
2026-09-22T14:00:33.091763+00:00,BTC-25DEC26-60000-P,87446.11,BTC-25DEC26,put,60000.0,2026-12-25T08:00:00+00:00,0.2566724626789426,0.005,0.006,0.00543719,0.0055,87446.11,BTC-25DEC26,0.48369999999999996,-0.04888,44.85152,6254.8,34.2,0.001,BTC,86174.94,18242.66
2026-09-22T14:00:33.091763+00:00,BTC-25JUN27-58000-C,89543.26,BTC-25JUN27,call,58000.0,2027-06-25T08:00:00+00:00,0.7549613059369851,0.3715,0.374,0.37345037,0.37275,89543.26,BTC-25JUN27,0.4518,0.90323,133.2286,13.8,0.0,0.0025000000000000022,BTC,86175.51,0.0
2026-09-22T14:00:33.091763+00:00,BTC-25DEC26-250000-P,87446.11,BTC-25DEC26,put,250000.0,2026-12-25T08:00:00+00:00,0.2566724626789426,1.8475,1.871,1.85905154,1.85925,87446.11,BTC-25DEC26,0.6919,-0.99763,3.27222,10.0,0.0,0.023500000000000076,BTC,86174.94,0.0
2026-09-22T14:00:33.091763+00:00,BTC-24SEP26-78500-P,86280.99,BTC-24SEP26,put,78500.0,2026-09-24T08:00:00+00:00,0.004790190262789312,0.0001,0.0003,0.00016222,0.0002,86280.99,BTC-24SEP26,0.6031,-0.01193,1.85342,2.7,2.1,0.00019999999999999998,BTC,86175.51,105.6
2026-09-22T14:00:33.091763+00:00,BTC-25SEP26-85000-C,86295.11,BTC-25SEP26,call,85000.0,2026-09-25T08:00:00+00:00,0.007528041049921413,0.021,0.0225,0.021903,0.02175,86295.11,BTC-25SEP26,0.37979999999999997,0.67313,26.98854,6962.2,4629.7,0.0014999999999999979,BTC,86174.94,8103485.52
2026-09-22T14:00:33.091763+00:00,BTC-26MAR27-190000-P,88472.13,BTC-26MAR27,put,190000.0,2027-03-26T08:00:00+00:00,0.5058168843079639,1.14,1.167,1.15108061,1.1535,88472.13,BTC-26MAR27,0.517,-0.97108,41.5026,0.9,0.0,0.027000000000000135,BTC,86175.51,0.0
2026-09-22T14:00:33.091763+00:00,BTC-25DEC26-160000-C,87446.11,BTC-25DEC26,call,160000.0,2026-12-25T08:00:00+00:00,0.2566724626789426,0.0013,0.0017,0.00150437,0.0015,87446.11,BTC-25DEC26,0.5287,0.01684,18.52295,1291.8,2.0,0.00039999999999999996,BTC,86175.51,239.82
2026-09-22T14:00:33.091763+00:00,BTC-27NOV26-82000-C,87070.89,BTC-27NOV26,call,82000.0,2026-11-27T08:00:00+00:00,0.1800126406392438,0.0965,0.098,0.09718606,0.09725,87070.89,BTC-27NOV26,0.38909999999999995,0.6704,133.65245,164.9,4.0,0.0015000000000000013,BTC,86175.51,33900.48
2026-09-22T14:00:33.091763+00:00,BTC-25DEC26-88000-P,87446.11,BTC-25DEC26,put,88000.0,2026-12-25T08:00:00+00:00,0.2566724626789426,0.0805,0.082,0.08122288,0.08125,87446.11,BTC-25DEC26,0.38539999999999996,-0.47579,176.31695,24.1,2.8,0.0015000000000000013,BTC,86168.19,20860.36
2026-09-22T14:00:33.091763+00:00,BTC-26SEP26-83000-C,86312.88,BTC-26SEP26,call,83000.0,2026-09-26T08:00:00+00:00,0.010265891837053514,0.0395,0.0435,0.04149351,0.0415,86312.88,BTC-26SEP26,0.3804,0.84354,20.95158,0.0,0.0,0.003999999999999997,BTC,86168.19,0.0
2026-09-22T14:00:33.091763+00:00,BTC-25SEP26-96000-P,86292.4,BTC-25SEP26,put,96000.0,2026-09-25T08:00:00+00:00,0.007528041049921413,0.1105,0.1155,0.11286927,0.113,86292.4,BTC-25SEP26,0.5997,-0.97956,3.68994,1.0,0.0,0.0050000000000000044,BTC,86168.19,0.0
2026-09-22T14:00:33.091763+00:00,BTC-25DEC26-96000-P,87448.45,BTC-25DEC26,put,96000.0,2026-12-25T08:00:00+00:00,0.2566724626789426,0.1385,0.1415,0.13994312,0.14,87448.45,BTC-25DEC26,0.3874,-0.64851,164.26996,41.1,17.0,0.002999999999999975,BTC,86168.19,203217.55
2026-09-22T14:00:33.091763+00:00,BTC-2OCT26-82000-C,86378.81,BTC-2OCT26,call,82000.0,2026-10-02T08:00:00+00:00,0.02669299655984612,0.0565,0.0595,0.05747316,0.058,86378.81,BTC-2OCT26,0.379,0.804,39.00741,1627.0,425.6,0.0029999999999999957,BTC,86168.19,2099220.09
2026-09-22T14:00:33.091763+00:00,BTC-25DEC26-90000-C,87446.11,BTC-25DEC26,call,90000.0,2026-12-25T08:00:00+00:00,0.2566724626789426,0.0645,0.0655,0.06515399,0.065,87446.11,BTC-25DEC26,0.38520000000000004,0.47807,176.35843,3789.8,50.6,0.0010000000000000009,BTC,86160.53,279944.85
2026-09-22T14:00:33.091763+00:00,BTC-26MAR27-66000-C,88472.13,BTC-26MAR27,call,66000.0,2027-03-26T08:00:00+00:00,0.5058168843079639,0.276,0.2795,0.27780559,0.27775,88472.13,BTC-26MAR27,0.43060000000000004,0.86561,136.09227,23.9,0.0,0.003500000000000003,BTC,86160.53,0.0
2026-09-22T14:00:33.091763+00:00,BTC-25JUN27-62000-P,89540.92,BTC-25JUN27,put,62000.0,2027-06-25T08:00:00+00:00,0.7549613059369851,0.0275,0.029,0.02810502,0.02825,89540.92,BTC-25JUN27,0.4395,-0.12494,159.99854,115.3,0.0,0.0015000000000000013,BTC,86160.53,0.0
2026-09-22T14:00:33.091763+00:00,BTC-27NOV26-89000-C,87070.89,BTC-27NOV26,call,89000.0,2026-11-27T08:00:00+00:00,0.1800126406392438,0.0545,0.0555,0.05499209,0.055,87070.89,BTC-27NOV26,0.38280000000000003,0.47608,147.01251,623.9,84.1,0.0010000000000000009,BTC,86160.53,385505.46
2026-09-22T14:00:33.091763+00:00,BTC-26MAR27-200000-P,88472.13,BTC-26MAR27,put,200000.0,2027-03-26T08:00:00+00:00,0.5058168843079639,1.2515,1.274,1.26349854,1.26275,88472.13,BTC-26MAR27,0.5304,-0.97586,35.68211,1.0,0.0,0.022499999999999964,BTC,86160.53,0.0
2026-09-22T14:00:33.091763+00:00,BTC-26MAR27-45000-C,88472.13,BTC-26MAR27,call,45000.0,2027-03-26T08:00:00+00:00,0.5058168843079639,0.4945,0.497,0.49593381,0.49575,88472.13,BTC-26MAR27,0.5463,0.97326,38.86676,4.8,1.5,0.0025000000000000022,BTC,86151.35,63659.7
2026-09-22T14:00:33.091763+00:00,BTC-9OCT26-75000-P,86451.98,BTC-9OCT26,put,75000.0,2026-10-09T08:00:00+00:00,0.04585795206977083,0.0021,0.0024,0.00220995,0.00225,86451.98,BTC-9OCT26,0.42729999999999996,-0.05649,21.016,430.0,1.4,0.0002999999999999999,BTC,86151.35,327.18
2026-09-22T14:00:33.091763+00:00,BTC-25SEP26-30000-P,86295.11,BTC-25SEP26,put,30000.0,2026-09-25T08:00:00+00:00,0.007528041049921413,,0.0001,0.0,,86295.11,BTC-25SEP26,1.2395,0.0,0.0,2959.5,0.0,,BTC,86160.53,0.0
2026-09-22T14:00:33.091763+00:00,BTC-30OCT26-95000-C,86712.37,BTC-30OCT26,call,95000.0,2026-10-30T08:00:00+00:00,0.10335281859954495,0.016,0.0165,0.01633901,0.01625,86712.37,BTC-30OCT26,0.37479999999999997,0.23988,86.56939,23319.6,12260.5,0.0005000000000000004,BTC,86151.35,15937856.56
2026-09-22T14:00:33.091763+00:00,BTC-24SEP26-86500-P,86278.65,BTC-24SEP26,put,86500.0,2026-09-24T08:00:00+00:00,0.004790190262789312,0.0115,0.0125,0.0117872,0.012,86278.65,BTC-24SEP26,0.3789,-0.5506,23.60084,1.7,1.7,0.0010000000000000009,BTC,86151.35,1624.62
2026-09-22T14:00:33.091763+00:00,BTC-26MAR27-160000-C,88472.13,BTC-26MAR27,call,160000.0,2027-03-26T08:00:00+00:00,0.5058168843079639,0.0065,0.007,0.00656917,0.00675,88472.13,BTC-26MAR27,0.4668,0.05278,67.69397,1042.8,0.0,0.0005000000000000004,BTC,86147.66,0.0
2026-09-22T14:00:33.091763+00:00,BTC-25SEP26-260000-C,86292.39,BTC-25SEP26,call,260000.0,2026-09-25T08:00:00+00:00,0.007528041049921413,,0.0001,0.0,,86292.39,BTC-25SEP26,1.2309,0.0,0.0,293.3,0.0,,BTC,86151.35,0.0
2026-09-22T14:00:33.091763+00:00,BTC-30OCT26-50000-C,86712.37,BTC-30OCT26,call,50000.0,2026-10-30T08:00:00+00:00,0.10335281859954495,0.4225,0.425,0.42395557,0.42375,86712.37,BTC-30OCT26,0.7253000000000001,0.99328,5.23802,1.1,0.0,0.0025000000000000022,BTC,86147.66,0.0
2026-09-22T14:00:33.091763+00:00,BTC-2OCT26-80000-C,86376.47,BTC-2OCT26,call,80000.0,2026-10-02T08:00:00+00:00,0.02669299655984612,0.0755,0.079,0.07739063,0.07725,86376.47,BTC-2OCT26,0.3934,0.88616,27.16987,864.0,8.0,0.003500000000000003,BTC,86147.66,51987.96
2026-09-22T14:00:33.091763+00:00,BTC-25DEC26-66000-P,87446.11,BTC-25DEC26,put,66000.0,2026-12-25T08:00:00+00:00,0.2566724626789426,0.01,0.0105,0.00986722,0.01025,87446.11,BTC-25DEC26,0.44439999999999996,-0.08752,70.40218,417.3,12.2,0.0005000000000000004,BTC,86147.66,10630.68
2026-09-22T14:00:33.091763+00:00,BTC-25SEP26-82000-C,86295.11,BTC-25SEP26,call,82000.0,2026-09-25T08:00:00+00:00,0.007528041049921413,0.0495,0.052,0.05100066,0.05075,86295.11,BTC-25SEP26,0.4144,0.91974,11.1461,4407.4,2063.2,0.0024999999999999953,BTC,86147.66,9109949.91
2026-09-22T14:00:33.091763+00:00,BTC-30OCT26-96000-C,86712.37,BTC-30OCT26,call,96000.0,2026-10-30T08:00:00+00:00,0.10335281859954495,0.014,0.0145,0.01429275,0.01425,86712.37,BTC-30OCT26,0.37689999999999996,0.21503,81.39347,344.8,97.8,0.0005000000000000004,BTC,86147.94,112061.43
2026-09-22T14:00:33.091763+00:00,BTC-23SEP26-93000-C,86263.35,BTC-23SEP26,call,93000.0,2026-09-23T08:00:00+00:00,0.002052339475657211,,0.0002,0.0001639,,86263.35,BTC-23SEP26,0.7479,0.0125,1.26198,56.0,57.1,,BTC,86147.94,813.73
2026-09-22T14:00:33.091763+00:00,BTC-26MAR27-92000-P,88472.13,BTC-26MAR27,put,92000.0,2027-03-26T08:00:00+00:00,0.5058168843079639,0.134,0.1355,0.13441297,0.13475,88472.13,BTC-26MAR27,0.3931,-0.50176,250.79823,2.5,1.1,0.0015000000000000013,BTC,86147.94,13167.47
2026-09-22T14:00:33.091763+00:00,BTC-23SEP26-80500-P,86261.01,BTC-23SEP26,put,80500.0,2026-09-23T08:00:00+00:00,0.002052339475657211,,0.0002,6.738e-05,,86261.01,BTC-23SEP26,0.627,-0.00801,0.85549,30.6,35.1,,BTC,86147.94,738.03
2026-09-22T14:00:33.091763+00:00,BTC-24SEP26-76000-C,86278.65,BTC-24SEP26,call,76000.0,2026-09-24T08:00:00+00:00,0.004790190262789312,0.088,0.15,0.11922536,0.119,86278.65,BTC-24SEP26,0.6853,0.99625,0.66678,0.0,0.0,0.062,BTC,86147.94,0.0
2026-09-22T14:00:33.091763+00:00,BTC-25DEC26-190000-P,87446.11,BTC-25DEC26,put,190000.0,2026-12-25T08:00:00+00:00,0.2566724626789426,1.166,1.181,1.17336321,1.1735,87446.11,BTC-25DEC26,0.5972,-0.99201,9.68819,0.0,0.0,0.015000000000000124,BTC,86145.45,0.0
2026-09-22T14:00:33.091763+00:00,BTC-2OCT26-90000-C,86376.47,BTC-2OCT26,call,90000.0,2026-10-02T08:00:00+00:00,0.02669299655984612,0.0095,0.0105,0.0098744,0.01,86376.47,BTC-2OCT26,0.38380000000000003,0.25978,45.71154,626.4,583.2,0.0010000000000000009,BTC,86145.45,493538.4
2026-09-22T14:00:33.091763+00:00,BTC-27NOV26-64000-P,87068.55,BTC-27NOV26,put,64000.0,2026-11-27T08:00:00+00:00,0.1800126406392438,0.0045,0.0049,0.00462782,0.0047,87068.55,BTC-27NOV26,0.47240000000000004,-0.05162,39.04968,38.5,1.0,0.0004000000000000002,BTC,86145.45,429.52
2026-09-22T14:00:33.091763+00:00,BTC-25DEC26-35000-C,87446.11,BTC-25DEC26,call,35000.0,2026-12-25T08:00:00+00:00,0.2566724626789426,0.5995,0.6015,0.60058322,0.6005,87446.11,BTC-25DEC26,0.7737,0.99432,7.17349,87.8,0.0,0.0020000000000000018,BTC,86145.45,0.0
2026-09-22T14:00:33.091763+00:00,BTC-25DEC26-160000-P,87446.11,BTC-25DEC26,put,160000.0,2026-12-25T08:00:00+00:00,0.2566724626789426,0.828,0.8355,0.83109431,0.83175,87446.11,BTC-25DEC26,0.5287,-0.98321,18.46391,0.1,0.0,0.007500000000000062,BTC,86145.45,0.0
2026-09-22T14:00:33.091763+00:00,BTC-27NOV26-89000-P,87068.55,BTC-27NOV26,put,89000.0,2026-11-27T08:00:00+00:00,0.1800126406392438,0.0765,0.078,0.07713714,0.07725,87068.55,BTC-27NOV26,0.38280000000000003,-0.52431,146.98041,10.3,10.0,0.0015000000000000013,BTC,86145.45,67712.09
2026-09-22T14:00:33.091763+00:00,BTC-25DEC26-120000-C,87446.11,BTC-25DEC26,call,120000.0,2026-12-25T08:00:00+00:00,0.2566724626789426,0.0075,0.008,0.0079556,0.00775,87446.11,BTC-25DEC26,0.4257,0.0864,69.72574,5780.7,0.6,0.0005000000000000004,BTC,86145.28,364.35
2026-09-22T14:00:33.091763+00:00,BTC-26MAR27-72000-P,88474.47,BTC-26MAR27,put,72000.0,2027-03-26T08:00:00+00:00,0.5058168843079639,0.037,0.0385,0.03765506,0.03775,88474.47,BTC-26MAR27,0.41350000000000003,-0.19953,175.74735,162.8,0.0,0.0015000000000000013,BTC,86145.28,0.0
2026-09-22T14:00:33.091763+00:00,BTC-25DEC26-150000-C,87446.11,BTC-25DEC26,call,150000.0,2026-12-25T08:00:00+00:00,0.2566724626789426,0.0018,0.0023,0.00206119,0.00205,87446.11,BTC-25DEC26,0.5034000000000001,0.02317,24.2718,1710.1,0.2,0.0005,BTC,86145.28,37.81
2026-09-22T14:00:33.091763+00:00,BTC-26SEP26-86500-C,86315.22,BTC-26SEP26,call,86500.0,2026-09-26T08:00:00+00:00,0.010265891837053514,0.014,0.0145,0.01425904,0.01425,86315.22,BTC-26SEP26,0.37770000000000004,0.47264,34.76862,0.0,0.0,0.0005000000000000004,BTC,86145.28,0.0
2026-09-22T14:00:33.091763+00:00,BTC-30OCT26-58000-P,86712.37,BTC-30OCT26,put,58000.0,2026-10-30T08:00:00+00:00,0.10335281859954495,0.0009,0.0011,0.00101536,0.001,86712.37,BTC-30OCT26,0.5961,-0.01439,10.17622,334.2,1.1,0.0002000000000000001,BTC,86145.28,95.52
2026-09-22T14:00:33.091763+00:00,BTC-25JUN27-190000-C,89543.26,BTC-25JUN27,call,190000.0,2027-06-25T08:00:00+00:00,0.7549613059369851,0.008,0.009,0.00855752,0.0085,89543.26,BTC-25JUN27,0.48090000000000005,0.05548,87.06998,67.4,5.0,0.0009999999999999992,BTC,86146.0,3907.15
2026-09-22T14:00:33.091763+00:00,BTC-26MAR27-58000-P,88472.13,BTC-26MAR27,put,58000.0,2027-03-26T08:00:00+00:00,0.5058168843079639,0.0125,0.0135,0.01282758,0.013,88472.13,BTC-26MAR27,0.46630000000000005,-0.07575,89.66706,142.0,0.1,0.0009999999999999992,BTC,86146.0,103.02
2026-09-22T14:00:33.091763+00:00,BTC-26SEP26-87000-P,86312.88,BTC-26SEP26,put,87000.0,2026-09-26T08:00:00+00:00,0.010265891837053514,0.019,0.0205,0.01969694,0.01975,86312.88,BTC-26SEP26,0.3795,-0.58593,34.03918,0.0,0.0,0.0015000000000000013,BTC,86146.0,0.0
2026-09-22T14:00:33.091763+00:00,BTC-23SEP26-78500-P,86263.35,BTC-23SEP26,put,78500.0,2026-09-23T08:00:00+00:00,0.002052339475657211,,0.0001,7.25e-06,,86263.35,BTC-23SEP26,0.6677,-0.00098,0.12938,88.2,51.8,,BTC,86146.0,465.2
2026-09-22T14:00:33.091763+00:00,BTC-25JUN27-100000-C,89543.26,BTC-25JUN27,call,100000.0,2027-06-25T08:00:00+00:00,0.7549613059369851,0.094,0.0955,0.09490853,0.09475,89543.26,BTC-25JUN27,0.4,0.44143,306.77534,218.6,1.7,0.0015000000000000013,BTC,86146.25,13724.09
2026-09-22T14:00:33.091763+00:00,BTC-27NOV26-72000-P,87068.55,BTC-27NOV26,put,72000.0,2026-11-27T08:00:00+00:00,0.1800126406392438,0.0115,0.0125,0.01185275,0.012,87068.55,BTC-27NOV26,0.42,-0.12542,76.15697,74.7,7.5,0.0010000000000000009,BTC,86146.0,7562.97
2026-09-22T14:00:33.091763+00:00,BTC-25SEP26-88000-C,86292.4,BTC-25SEP26,call,88000.0,2026-09-25T08:00:00+00:00,0.007528041049921413,0.006,0.0065,0.00617358,0.00625,86292.4,BTC-25SEP26,0.3967,0.27934,25.146,1555.5,1049.2,0.0004999999999999996,BTC,86146.0,617613.12
2026-09-22T14:00:33.091763+00:00,BTC-25DEC26-66000-C,87446.11,BTC-25DEC26,call,66000.0,2026-12-25T08:00:00+00:00,0.2566724626789426,0.253,0.2565,0.25516137,0.25475,87446.11,BTC-25DEC26,0.44439999999999996,0.91247,70.40911,279.7,0.1,0.003500000000000003,BTC,86146.25,2100.54
2026-09-22T14:00:33.091763+00:00,BTC-25DEC26-102000-C,87446.11,BTC-25DEC26,call,102000.0,2026-12-25T08:00:00+00:00,0.2566724626789426,0.0265,0.0275,0.02695034,0.027,87446.11,BTC-25DEC26,0.3924,0.24823,140.13549,508.7,89.0,0.0010000000000000009,BTC,86146.25,188940.98
2026-09-22T14:00:33.091763+00:00,BTC-24SEP26-85500-C,86278.65,BTC-24SEP26,call,85500.0,2026-09-24T08:00:00+00:00,0.004790190262789312,0.014,0.016,0.01521694,0.015,86278.65,BTC-24SEP26,0.365,0.62691,22.57637,0.0,0.0,0.002,BTC,86146.25,0.0
2026-09-22T14:00:33.091763+00:00,BTC-27NOV26-66000-P,87070.89,BTC-27NOV26,put,66000.0,2026-11-27T08:00:00+00:00,0.1800126406392438,0.0055,0.006,0.00580152,0.00575,87070.89,BTC-27NOV26,0.4572,-0.0646,46.57742,161.0,0.5,0.0005000000000000004,BTC,86146.25,294.55
2026-09-22T14:00:33.091763+00:00,BTC-27NOV26-112000-P,87070.89,BTC-27NOV26,put,112000.0,2026-11-27T08:00:00+00:00,0.1800126406392438,0.2905,0.2955,0.29315421,0.293,87070.89,BTC-27NOV26,0.4155,-0.91103,59.42492,0.0,0.0,0.0050000000000000044,BTC,86143.0,0.0
2026-09-22T14:00:33.091763+00:00,BTC-30OCT26-85000-P,86712.37,BTC-30OCT26,put,85000.0,2026-10-30T08:00:00+00:00,0.10335281859954495,0.0375,0.0385,0.03786182,0.038,86712.37,BTC-30OCT26,0.3709,-0.41421,108.53342,166.6,91.5,0.0010000000000000009,BTC,86143.0,308316.29
2026-09-22T14:00:33.091763+00:00,BTC-27NOV26-58000-P,87068.55,BTC-27NOV26,put,58000.0,2026-11-27T08:00:00+00:00,0.1800126406392438,0.0023,0.0027,0.00246865,0.0025,87068.55,BTC-27NOV26,0.5263,-0.02722,23.15977,46.4,1.0,0.0004000000000000002,BTC,86143.0,215.51
2026-09-22T14:00:33.091763+00:00,BTC-26MAR27-80000-P,88472.13,BTC-26MAR27,put,80000.0,2027-03-26T08:00:00+00:00,0.5058168843079639,0.066,0.067,0.06648728,0.0665,88472.13,BTC-26MAR27,0.40020000000000006,-0.31157,222.25937,226.6,2.0,0.0010000000000000009,BTC,86143.0,11798.47
2026-09-22T14:00:33.091763+00:00,BTC-25SEP26-135000-C,86292.39,BTC-25SEP26,call,135000.0,2026-09-25T08:00:00+00:00,0.007528041049921413,,0.0001,2e-08,,86292.39,BTC-25SEP26,1.0796,0.0,0.00039,493.0,0.0,,BTC,86143.0,0.0
2026-09-22T14:00:33.091763+00:00,BTC-25JUN27-180000-P,89540.92,BTC-25JUN27,put,180000.0,2027-06-25T08:00:00+00:00,0.7549613059369851,1.0075,1.0355,1.02019783,1.0215,89540.92,BTC-25JUN27,0.4689,-0.93479,98.82705,0.0,0.0,0.028000000000000025,BTC,86154.26,0.0
2026-09-22T14:00:33.091763+00:00,BTC-23SEP26-73000-C,86261.01,BTC-23SEP26,call,73000.0,2026-09-23T08:00:00+00:00,0.002052339475657211,0.1235,0.1825,0.153786,0.153,86261.01,BTC-23SEP26,0.9314,0.99996,0.00626,0.0,0.0,0.059,BTC,86154.26,0.0
2026-09-22T14:00:33.091763+00:00,BTC-30OCT26-75000-P,86712.37,BTC-30OCT26,put,75000.0,2026-10-30T08:00:00+00:00,0.10335281859954495,0.0075,0.0085,0.00791364,0.008,86712.37,BTC-30OCT26,0.40259999999999996,-0.11953,55.56732,815.6,235.3,0.0010000000000000009,BTC,86154.26,168376.23
2026-09-22T14:00:33.091763+00:00,BTC-25SEP26-87000-P,86295.11,BTC-25SEP26,put,87000.0,2026-09-25T08:00:00+00:00,0.007528041049921413,0.0175,0.0185,0.01790456,0.018,86295.11,BTC-25SEP26,0.3861,-0.60169,28.86384,527.4,525.8,0.0009999999999999974,BTC,86154.26,723658.38
2026-09-22T14:00:33.091763+00:00,BTC-30OCT26-92000-C,86712.37,BTC-30OCT26,call,92000.0,2026-10-30T08:00:00+00:00,0.10335281859954495,0.024,0.025,0.02437445,0.0245,86712.37,BTC-30OCT26,0.3703,0.3275,100.5701,1590.0,46.0,0.0010000000000000009,BTC,86154.26,89037.92
2026-09-22T14:00:33.091763+00:00,BTC-25JUN27-52000-C,89540.92,BTC-25JUN27,call,52000.0,2027-06-25T08:00:00+00:00,0.7549613059369851,0.431,0.4335,0.43295148,0.43225,89540.92,BTC-25JUN27,0.4752,0.93572,97.73669,1.1,0.0,0.0025000000000000022,BTC,86167.43,0.0
2026-09-22T14:00:33.091763+00:00,BTC-25SEP26-50000-C,86292.39,BTC-25SEP26,call,50000.0,2026-09-25T08:00:00+00:00,0.007528041049921413,0.4195,0.4215,0.42059061,0.4205,86292.39,BTC-25SEP26,1.1676,1.0,1e-05,30.1,0.0,0.0020000000000000018,BTC,86154.26,0.0
2026-09-22T14:00:33.091763+00:00,BTC-25SEP26-96000-C,86295.11,BTC-25SEP26,call,96000.0,2026-09-25T08:00:00+00:00,0.007528041049921413,0.0003,0.0005,0.00040986,0.0004,86295.11,BTC-25SEP26,0.5997,0.0203,3.66797,2146.2,75.6,0.00020000000000000004,BTC,86167.43,3973.93
2026-09-22T14:00:33.091763+00:00,BTC-26MAR27-112000-C,88472.13,BTC-26MAR27,call,112000.0,2027-03-26T08:00:00+00:00,0.5058168843079639,0.0365,0.0375,0.03695602,0.037,88472.13,BTC-26MAR27,0.40259999999999996,0.24711,198.58181,97.0,32.4,0.0010000000000000009,BTC,86167.43,108925.75
2026-09-22T14:00:33.091763+00:00,BTC-30OCT26-89000-P,86712.37,BTC-30OCT26,put,89000.0,2026-10-30T08:00:00+00:00,0.10335281859954495,0.0615,0.063,0.0622063,0.06225,86712.37,BTC-30OCT26,0.3686,-0.56676,109.58576,3.4,8.3,0.0015000000000000013,BTC,86167.43,46065.28
2026-09-22T14:00:33.091763+00:00,BTC-9OCT26-68000-C,86449.64,BTC-9OCT26,call,68000.0,2026-10-09T08:00:00+00:00,0.04585795206977083,0.2125,0.2155,0.21400312,0.214,86449.64,BTC-9OCT26,0.5172,0.98654,6.38378,0.9,0.0,0.0030000000000000027,BTC,86172.6,0.0
2026-09-22T14:00:33.091763+00:00,BTC-26SEP26-85000-P,86312.88,BTC-26SEP26,put,85000.0,2026-09-26T08:00:00+00:00,0.010265891837053514,0.0085,0.009,0.00854061,0.00875,86312.88,BTC-26SEP26,0.37270000000000003,-0.34457,32.18096,6.0,6.0,0.0004999999999999987,BTC,86172.6,5323.4
2026-09-22T14:00:33.091763+00:00,BTC-23SEP26-75000-C,86261.01,BTC-23SEP26,call,75000.0,2026-09-23T08:00:00+00:00,0.002052339475657211,0.0995,0.1605,0.13060298,0.13,86261.01,BTC-23SEP26,0.8515999999999999,0.99986,0.02178,0.0,0.0,0.061,BTC,86172.6,0.0
2026-09-22T14:00:33.091763+00:00,BTC-30OCT26-65000-C,86712.37,BTC-30OCT26,call,65000.0,2026-10-30T08:00:00+00:00,0.10335281859954495,0.251,0.254,0.25240413,0.2525,86712.37,BTC-30OCT26,0.4974,0.96968,19.12732,430.4,0.0,0.0030000000000000027,BTC,86172.6,0.0
2026-09-22T14:00:33.091763+00:00,BTC-9OCT26-76000-C,86449.64,BTC-9OCT26,call,76000.0,2026-10-09T08:00:00+00:00,0.04585795206977083,0.122,0.1255,0.12373125,0.12375,86449.64,BTC-9OCT26,0.4169,0.93032,24.75695,50.1,0.0,0.003500000000000003,BTC,86178.19,0.0
2026-09-22T14:00:33.091763+00:00,BTC-25SEP26-76000-P,86295.11,BTC-25SEP26,put,76000.0,2026-09-25T08:00:00+00:00,0.007528041049921413,0.0002,0.0004,0.00026907,0.0003,86295.11,BTC-25SEP26,0.6667000000000001,-0.01369,2.61931,1390.7,152.2,0.0002,BTC,86172.6,5482.55
2026-09-22T14:00:33.091763+00:00,BTC-23SEP26-84500-P,86261.01,BTC-23SEP26,put,84500.0,2026-09-23T08:00:00+00:00,0.002052339475657211,0.0006,0.0008,0.00067177,0.0007,86261.01,BTC-23SEP26,0.3448,-0.10047,6.87063,609.2,670.7,0.0002000000000000001,BTC,86178.19,178320.47
2026-09-22T14:00:33.091763+00:00,BTC-26SEP26-84000-C,86315.22,BTC-26SEP26,call,84000.0,2026-09-26T08:00:00+00:00,0.010265891837053514,0.031,0.033,0.03205343,0.032,86315.22,BTC-26SEP26,0.37450000000000006,0.76107,27.09989,0.0,0.0,0.0020000000000000018,BTC,86178.19,0.0
2026-09-22T14:00:33.091763+00:00,BTC-25DEC26-76000-C,87446.11,BTC-25DEC26,call,76000.0,2026-12-25T08:00:00+00:00,0.2566724626789426,0.1575,0.1595,0.15863777,0.1585,87446.11,BTC-25DEC26,0.4028,0.78384,129.79317,480.9,0.9,0.0020000000000000018,BTC,86178.19,12315.61
2026-09-22T14:00:33.091763+00:00,BTC-24SEP26-90000-P,86278.65,BTC-24SEP26,put,90000.0,2026-09-24T08:00:00+00:00,0.004790190262789312,0.0105,0.0835,0.04464571,0.047,86278.65,BTC-24SEP26,0.473,-0.90319,10.22381,0.0,0.0,0.07300000000000001,BTC,86178.19,0.0
2026-09-22T14:00:33.091763+00:00,BTC-25JUN27-86000-P,89540.92,BTC-25JUN27,put,86000.0,2027-06-25T08:00:00+00:00,0.7549613059369851,0.1165,0.1185,0.11701429,0.1175,89540.92,BTC-25JUN27,0.4019,-0.3867,297.6474,2.7,1.4,0.001999999999999988,BTC,86178.13,14392.89
2026-09-22T14:00:33.091763+00:00,BTC-26SEP26-86000-C,86312.88,BTC-26SEP26,call,86000.0,2026-09-26T08:00:00+00:00,0.010265891837053514,0.0165,0.0175,0.01701829,0.017,86312.88,BTC-26SEP26,0.3746,0.53697,34.71422,0.0,0.0,0.0010000000000000009,BTC,86178.13,0.0
2026-09-22T14:00:33.091763+00:00,BTC-2OCT26-87000-P,86376.47,BTC-2OCT26,put,87000.0,2026-10-02T08:00:00+00:00,0.02669299655984612,0.0275,0.0285,0.02811673,0.028,86376.47,BTC-2OCT26,0.3722,-0.54021,55.98256,8.6,8.7,0.0010000000000000009,BTC,86178.13,21927.29
2026-09-22T14:00:33.091763+00:00,BTC-25JUN27-92000-P,89540.92,BTC-25JUN27,put,92000.0,2027-06-25T08:00:00+00:00,0.7549613059369851,0.153,0.156,0.15385585,0.1545,89540.92,BTC-25JUN27,0.3995,-0.46281,308.89594,0.3,0.1,0.0030000000000000027,BTC,86178.13,1359.98
2026-09-22T14:00:33.091763+00:00,BTC-25SEP26-66000-C,86292.4,BTC-25SEP26,call,66000.0,2026-09-25T08:00:00+00:00,0.007528041049921413,0.234,0.2365,0.23521577,0.23525,86292.4,BTC-25SEP26,1.0346,0.99875,0.30986,968.1,0.0,0.0024999999999999745,BTC,86178.13,0.0
2026-09-22T14:00:33.091763+00:00,BTC-27NOV26-70000-P,87070.89,BTC-27NOV26,put,70000.0,2026-11-27T08:00:00+00:00,0.1800126406392438,0.009,0.01,0.00928034,0.0095,87070.89,BTC-27NOV26,0.4307,-0.10033,64.95937,222.0,43.4,0.0010000000000000009,BTC,86178.13,37580.9
2026-09-22T14:00:33.091763+00:00,BTC-27NOV26-76000-C,87070.89,BTC-27NOV26,call,76000.0,2026-11-27T08:00:00+00:00,0.1800126406392438,0.1455,0.1475,0.14651379,0.1465,87070.89,BTC-27NOV26,0.4031,0.80954,100.35755,27.2,12.0,0.0020000000000000018,BTC,86184.25,144097.21
2026-09-22T14:00:33.091763+00:00,BTC-25DEC26-88000-C,87446.11,BTC-25DEC26,call,88000.0,2026-12-25T08:00:00+00:00,0.2566724626789426,0.074,0.0755,0.07494841,0.07475,87446.11,BTC-25DEC26,0.38539999999999996,0.52459,176.33931,3801.2,41.4,0.0015000000000000013,BTC,86184.25,268012.94
2026-09-22T14:00:33.091763+00:00,BTC-30OCT26-72000-C,86712.37,BTC-30OCT26,call,72000.0,2026-10-30T08:00:00+00:00,0.10335281859954495,0.173,0.1765,0.17478549,0.17475,86712.37,BTC-30OCT26,0.42710000000000004,0.92171,40.75342,991.6,0.1,0.003500000000000003,BTC,86184.25,1540.76
2026-09-22T14:00:33.091763+00:00,BTC-25JUN27-56000-P,89540.92,BTC-25JUN27,put,56000.0,2027-06-25T08:00:00+00:00,0.7549613059369851,0.0175,0.019,0.01827417,0.01825,89540.92,BTC-25JUN27,0.4587,-0.08448,120.47409,85.3,0.0,0.0014999999999999979,BTC,86187.43,0.0
2026-09-22T14:00:33.091763+00:00,BTC-26MAR27-105000-P,88472.13,BTC-26MAR27,put,105000.0,2027-03-26T08:00:00+00:00,0.5058168843079639,0.2355,0.24,0.23791931,0.23775,88472.13,BTC-26MAR27,0.3973,-0.67978,224.98481,0.5,0.0,0.004500000000000004,BTC,86187.43,0.0
2026-09-22T14:00:33.091763+00:00,BTC-30OCT26-63000-C,86714.71,BTC-30OCT26,call,63000.0,2026-10-30T08:00:00+00:00,0.10335281859954495,0.2735,0.2765,0.27510951,0.275,86714.71,BTC-30OCT26,0.5243,0.97584,15.8282,153.2,0.0,0.0030000000000000027,BTC,86187.43,0.0
2026-09-22T14:00:33.091763+00:00,BTC-30OCT26-73000-P,86712.37,BTC-30OCT26,put,73000.0,2026-10-30T08:00:00+00:00,0.10335281859954495,0.0055,0.0065,0.00578522,0.006,86712.37,BTC-30OCT26,0.41700000000000004,-0.08933,45.00099,355.4,13.4,0.001,BTC,86187.43,6678.97
2026-09-22T14:00:33.091763+00:00,BTC-23SEP26-82000-C,86261.01,BTC-23SEP26,call,82000.0,2026-09-23T08:00:00+00:00,0.002052339475657211,0.048,0.051,0.04959678,0.0495,86261.01,BTC-23SEP26,0.5395,0.9801,1.88106,97.1,0.4,0.0029999999999999957,BTC,86187.43,1668.43
2026-09-22T14:00:33.091763+00:00,BTC-30OCT26-93000-P,86712.37,BTC-30OCT26,put,93000.0,2026-10-30T08:00:00+00:00,0.10335281859954495,0.0915,0.096,0.09382962,0.09375,86712.37,BTC-30OCT26,0.3716,-0.70267,96.49781,0.0,0.0,0.004500000000000004,BTC,86187.43,0.0
2026-09-22T14:00:33.091763+00:00,BTC-30OCT26-56000-P,86712.37,BTC-30OCT26,put,56000.0,2026-10-30T08:00:00+00:00,0.10335281859954495,0.0008,0.001,0.00088113,0.0009,86712.37,BTC-30OCT26,0.629,-0.0119,8.64096,468.2,0.5,0.00019999999999999998,BTC,86187.43,38.63
2026-09-22T14:00:33.091763+00:00,BTC-2OCT26-78000-C,86378.81,BTC-2OCT26,call,78000.0,2026-10-02T08:00:00+00:00,0.02669299655984612,0.097,0.1005,0.09892828,0.09875,86378.81,BTC-2OCT26,0.4167,0.93603,17.66487,322.5,0.5,0.003500000000000003,BTC,86185.7,4362.22
2026-09-22T14:00:33.091763+00:00,BTC-30OCT26-115000-C,86712.37,BTC-30OCT26,call,115000.0,2026-10-30T08:00:00+00:00,0.10335281859954495,0.0017,0.0019,0.00183312,0.0018,86712.37,BTC-30OCT26,0.4597,0.03275,20.38899,42.3,42.3,0.0002000000000000001,BTC,86185.7,5798.59
2026-09-22T14:00:33.091763+00:00,BTC-27NOV26-69000-C,87070.89,BTC-27NOV26,call,69000.0,2026-11-27T08:00:00+00:00,0.1800126406392438,0.214,0.2175,0.21582327,0.21575,87070.89,BTC-27NOV26,0.4371,0.91013,59.90281,0.0,0.0,0.003500000000000003,BTC,86185.7,0.0
2026-09-22T14:00:33.091763+00:00,BTC-25DEC26-85000-C,87448.45,BTC-25DEC26,call,85000.0,2026-12-25T08:00:00+00:00,0.2566724626789426,0.091,0.0925,0.09206946,0.09175,87448.45,BTC-25DEC26,0.3881,0.5945,171.70045,3022.5,25.0,0.0015000000000000013,BTC,86185.7,195654.64
2026-09-22T14:00:33.091763+00:00,BTC-25DEC26-98000-P,87446.11,BTC-25DEC26,put,98000.0,2026-12-25T08:00:00+00:00,0.2566724626789426,0.1555,0.1585,0.15702465,0.157,87446.11,BTC-25DEC26,0.389,-0.68557,157.19938,1.6,0.4,0.0030000000000000027,BTC,86185.7,5490.78
2026-09-22T14:00:33.091763+00:00,BTC-25SEP26-200000-P,86292.39,BTC-25SEP26,put,200000.0,2026-09-25T08:00:00+00:00,0.007528041049921413,1.313,1.322,1.31763756,1.3175,86292.39,BTC-25SEP26,1.0798,-1.0,0.0,3.2,0.0,0.009000000000000119,BTC,86185.7,0.0
2026-09-22T14:00:33.091763+00:00,BTC-25DEC26-78000-C,87446.11,BTC-25DEC26,call,78000.0,2026-12-25T08:00:00+00:00,0.2566724626789426,0.141,0.1425,0.14202979,0.14175,87446.11,BTC-25DEC26,0.39899999999999997,0.74649,141.77414,1090.3,51.2,0.0015000000000000013,BTC,86187.56,595545.62
2026-09-22T14:00:33.091763+00:00,BTC-27NOV26-115000-C,87070.89,BTC-27NOV26,call,115000.0,2026-11-27T08:00:00+00:00,0.1800126406392438,0.005,0.006,0.0054879,0.0055,87070.89,BTC-27NOV26,0.42479999999999996,0.07274,51.06574,32.8,8.2,0.001,BTC,86187.56,3375.67
2026-09-22T14:00:33.091763+00:00,BTC-9OCT26-77000-P,86451.98,BTC-9OCT26,put,77000.0,2026-10-09T08:00:00+00:00,0.04585795206977083,0.0034,0.0037,0.00351205,0.00355,86451.98,BTC-9OCT26,0.4067,-0.08633,29.13159,58.5,30.6,0.00030000000000000035,BTC,86187.56,10582.28
2026-09-22T14:00:33.091763+00:00,BTC-26MAR27-75000-P,88472.13,BTC-26MAR27,put,75000.0,2027-03-26T08:00:00+00:00,0.5058168843079639,0.0465,0.0475,0.04701256,0.047,88472.13,BTC-26MAR27,0.40759999999999996,-0.23818,194.71082,6.5,9.0,0.0010000000000000009,BTC,86187.56,36490.92
2026-09-22T14:00:33.091763+00:00,ETH-2OCT26-2750-C,2758.76,ETH-2OCT26,call,2750.0,2026-10-02T08:00:00+00:00,0.02669299655984612,0.033,0.034,0.033309,0.0335,2758.76,ETH-2OCT26,0.4875,0.53207,1.79288,438.0,304.0,0.0010000000000000009,ETH,2755.01,24810.49
2026-09-22T14:00:33.091763+00:00,ETH-26SEP26-3000-C,2757.32,ETH-26SEP26,call,3000.0,2026-09-26T08:00:00+00:00,0.010265891837053514,0.0023,0.0026,0.002444,0.00245,2757.32,ETH-26SEP26,0.6042000000000001,0.08904,0.45012,1.0,1.0,0.0002999999999999999,ETH,2755.01,4.1
2026-09-22T14:00:33.091763+00:00,ETH-26SEP26-2540-P,2757.32,ETH-26SEP26,put,2540.0,2026-09-26T08:00:00+00:00,0.010265891837053514,0.0015,0.0019,0.001744,0.0017,2757.32,ETH-26SEP26,0.555,-0.06834,0.36828,1.0,1.0,0.00039999999999999996,ETH,2755.01,4.93
2026-09-22T14:00:33.091763+00:00,ETH-25JUN27-1000-P,2847.33,ETH-25JUN27,put,1000.0,2027-06-25T08:00:00+00:00,0.7549613059369851,0.007,0.008,0.007469,0.0075,2847.33,ETH-25JUN27,0.7295,-0.02457,1.42572,4799.0,0.0,0.001,ETH,2755.03,0.0
2026-09-22T14:00:33.091763+00:00,ETH-24SEP26-2300-C,2756.23,ETH-24SEP26,call,2300.0,2026-09-24T08:00:00+00:00,0.004790190262789312,0.1635,0.167,0.16563,0.16525,2756.23,ETH-24SEP26,1.0618,0.9938,0.03337,0.0,0.0,0.003500000000000003,ETH,2755.03,0.0
2026-09-22T14:00:33.091763+00:00,ETH-25SEP26-2000-P,2757.05,ETH-25SEP26,put,2000.0,2026-09-25T08:00:00+00:00,0.007528041049921413,,0.0002,7.1e-05,,2757.05,ETH-25SEP26,1.3146,-0.00204,0.01544,21168.0,593.0,,ETH,2755.03,162.49
2026-09-22T14:00:33.091763+00:00,ETH-30OCT26-2550-P,2767.8,ETH-30OCT26,put,2550.0,2026-10-30T08:00:00+00:00,0.10335281859954495,0.0305,0.0315,0.03095,0.031,2767.8,ETH-30OCT26,0.5085000000000001,-0.27982,2.99547,2323.0,0.0,0.0010000000000000009,ETH,2755.03,0.0
2026-09-22T14:00:33.091763+00:00,ETH-25DEC26-1400-P,2788.66,ETH-25DEC26,put,1400.0,2026-12-25T08:00:00+00:00,0.2566724626789426,0.0031,0.0033,0.003113,0.0032,2788.66,ETH-25DEC26,0.7284999999999999,-0.02012,0.68774,13710.0,2.0,0.0002000000000000001,ETH,2755.04,18.13
2026-09-22T14:00:33.091763+00:00,ETH-27NOV26-2700-P,2778.17,ETH-27NOV26,put,2700.0,2026-11-27T08:00:00+00:00,0.1800126406392438,0.073,0.0745,0.073884,0.07375,2778.17,ETH-27NOV26,0.5235,-0.40522,4.57086,817.0,354.0,0.0015000000000000013,ETH,2755.03,76253.1
2026-09-22T14:00:33.091763+00:00,ETH-25SEP26-1800-P,2757.05,ETH-25SEP26,put,1800.0,2026-09-25T08:00:00+00:00,0.007528041049921413,,0.0001,3e-06,,2757.05,ETH-25SEP26,1.3441999999999998,-0.0001,0.00096,11936.0,0.0,,ETH,2755.04,0.0
2026-09-22T14:00:33.091763+00:00,ETH-25JUN27-3600-C,2847.33,ETH-25JUN27,call,3600.0,2027-06-25T08:00:00+00:00,0.7549613059369851,0.1075,0.11,0.108533,0.10875,2847.33,ETH-25JUN27,0.5566,0.40408,9.58707,3341.0,0.0,0.0025000000000000022,ETH,2755.04,0.0
2026-09-22T14:00:33.091763+00:00,ETH-25JUN27-4800-C,2847.33,ETH-25JUN27,call,4800.0,2027-06-25T08:00:00+00:00,0.7549613059369851,0.049,0.05,0.049246,0.0495,2847.33,ETH-25JUN27,0.5776,0.21501,7.23189,143.0,5.0,0.0010000000000000009,ETH,2755.04,702.93
2026-09-22T14:00:33.091763+00:00,ETH-23SEP26-2550-P,2755.51,ETH-23SEP26,put,2550.0,2026-09-23T08:00:00+00:00,0.002052339475657211,,0.0002,0.000145,,2755.51,ETH-23SEP26,0.7626999999999999,-0.01178,0.03833,53.0,111.0,,ETH,2755.04,173.2
2026-09-22T14:00:33.091763+00:00,ETH-26SEP26-2640-P,2757.32,ETH-26SEP26,put,2640.0,2026-09-26T08:00:00+00:00,0.010265891837053514,0.005,0.006,0.005588,0.0055,2757.32,ETH-26SEP26,0.5067,-0.19127,0.76126,0.0,0.0,0.001,ETH,2755.04,0.0
2026-09-22T14:00:33.091763+00:00,ETH-25DEC26-10000-P,2788.66,ETH-25DEC26,put,10000.0,2026-12-25T08:00:00+00:00,0.2566724626789426,2.5655,2.6115,2.58644,2.5885,2788.66,ETH-25DEC26,0.8351999999999999,-0.99749,0.11027,0.0,0.0,0.04599999999999982,ETH,2755.03,0.0
2026-09-22T14:00:33.091763+00:00,ETH-26MAR27-2600-C,2816.84,ETH-26MAR27,call,2600.0,2027-03-26T08:00:00+00:00,0.5058168843079639,0.188,0.1905,0.189295,0.18925,2816.84,ETH-26MAR27,0.5449,0.65562,7.37887,3327.0,3.0,0.0025000000000000022,ETH,2755.04,1530.73
2026-09-22T14:00:33.091763+00:00,ETH-23SEP26-2920-P,2755.42,ETH-23SEP26,put,2920.0,2026-09-23T08:00:00+00:00,0.002052339475657211,0.0575,0.063,0.060433,0.06025,2755.42,ETH-23SEP26,0.7341,-0.95809,0.11158,0.0,0.0,0.005499999999999998,ETH,2755.03,0.0
2026-09-22T14:00:33.091763+00:00,ETH-25SEP26-2500-C,2756.96,ETH-25SEP26,call,2500.0,2026-09-25T08:00:00+00:00,0.007528041049921413,0.092,0.0955,0.093919,0.09375,2756.96,ETH-25SEP26,0.6305,0.96535,0.18331,22011.0,265.0,0.003500000000000003,ETH,2754.89,74389.79
2026-09-22T14:00:33.091763+00:00,ETH-25JUN27-1700-C,2847.33,ETH-25JUN27,call,1700.0,2027-06-25T08:00:00+00:00,0.7549613059369851,0.433,0.438,0.43578,0.4355,2847.33,ETH-25JUN27,0.5956,0.89531,4.49071,676.0,0.0,0.0050000000000000044,ETH,2754.89,0.0
2026-09-22T14:00:33.091763+00:00,ETH-25SEP26-2600-P,2757.05,ETH-25SEP26,put,2600.0,2026-09-25T08:00:00+00:00,0.007528041049921413,0.002,0.0023,0.002248,0.00215,2757.05,ETH-25SEP26,0.5365,-0.09972,0.4189,12218.0,2777.0,0.0002999999999999999,ETH,2754.89,35181.89
2026-09-22T14:00:33.091763+00:00,ETH-24SEP26-2820-C,2756.23,ETH-24SEP26,call,2820.0,2026-09-24T08:00:00+00:00,0.004790190262789312,0.0055,0.0065,0.006277,0.006,2756.23,ETH-24SEP26,0.5418,0.27724,0.63885,68.0,21.0,0.001,ETH,2754.89,741.31
2026-09-22T14:00:33.091763+00:00,ETH-26SEP26-2400-C,2757.32,ETH-26SEP26,call,2400.0,2026-09-26T08:00:00+00:00,0.010265891837053514,0.1285,0.1315,0.129986,0.13,2757.32,ETH-26SEP26,0.6831,0.97933,0.13909,0.0,0.0,0.0030000000000000027,ETH,2754.89,0.0
2026-09-22T14:00:33.091763+00:00,ETH-9OCT26-2450-C,2761.15,ETH-9OCT26,call,2450.0,2026-10-09T08:00:00+00:00,0.04585795206977083,0.1185,0.1215,0.120378,0.12,2761.15,ETH-9OCT26,0.5238,0.86896,1.25806,122.0,2.0,0.0030000000000000027,ETH,2754.68,635.12
2026-09-22T14:00:33.091763+00:00,ETH-2OCT26-2250-P,2758.76,ETH-2OCT26,put,2250.0,2026-10-02T08:00:00+00:00,0.02669299655984612,0.0009,0.0012,0.00102,0.00105,2758.76,ETH-2OCT26,0.6511,-0.02447,0.25878,1358.0,2.0,0.0002999999999999999,ETH,2754.89,6.65
2026-09-22T14:00:33.091763+00:00,ETH-25DEC26-6500-C,2788.75,ETH-25DEC26,call,6500.0,2026-12-25T08:00:00+00:00,0.2566724626789426,0.0014,0.0018,0.001597,0.0016,2788.75,ETH-25DEC26,0.7043,0.01418,0.51002,1903.0,0.0,0.00039999999999999996,ETH,2754.68,0.0
2026-09-22T14:00:33.091763+00:00,ETH-25SEP26-1500-P,2757.05,ETH-25SEP26,put,1500.0,2026-09-25T08:00:00+00:00,0.007528041049921413,,0.0001,0.0,,2757.05,ETH-25SEP26,1.3441999999999998,0.0,0.0,16514.0,0.0,,ETH,2754.68,0.0
2026-09-22T14:00:33.091763+00:00,ETH-25DEC26-2400-P,2788.66,ETH-25DEC26,put,2400.0,2026-12-25T08:00:00+00:00,0.2566724626789426,0.046,0.047,0.046329,0.0465,2788.66,ETH-25DEC26,0.5401,-0.24667,4.45884,6304.0,46.0,0.0010000000000000009,ETH,2754.68,5893.21
2026-09-22T14:00:33.091763+00:00,ETH-25SEP26-1950-P,2756.96,ETH-25SEP26,put,1950.0,2026-09-25T08:00:00+00:00,0.007528041049921413,,0.0002,3.6e-05,,2756.96,ETH-25SEP26,1.3273,-0.00109,0.00872,4553.0,0.0,,ETH,2754.68,0.0
2026-09-22T14:00:33.091763+00:00,ETH-30OCT26-3200-P,2767.8,ETH-30OCT26,put,3200.0,2026-10-30T08:00:00+00:00,0.10335281859954495,0.171,0.181,0.175619,0.176,2767.8,ETH-30OCT26,0.5232,-0.78181,2.62297,37.0,4.0,0.009999999999999981,ETH,2754.85,1943.01
2026-09-22T14:00:33.091763+00:00,ETH-30OCT26-1400-P,2767.8,ETH-30OCT26,put,1400.0,2026-10-30T08:00:00+00:00,0.10335281859954495,0.0004,0.0006,0.000518,0.0005,2767.8,ETH-30OCT26,0.8776999999999999,-0.00529,0.1354,3558.0,0.0,0.00019999999999999993,ETH,2754.85,0.0
2026-09-22T14:00:33.091763+00:00,ETH-27NOV26-3100-P,2778.27,ETH-27NOV26,put,3100.0,2026-11-27T08:00:00+00:00,0.1800126406392438,0.161,0.1655,0.163544,0.16325,2778.27,ETH-27NOV26,0.5288,-0.64661,4.38263,0.0,0.0,0.004500000000000004,ETH,2754.85,0.0
2026-09-22T14:00:33.091763+00:00,ETH-25SEP26-12000-C,2757.05,ETH-25SEP26,call,12000.0,2026-09-25T08:00:00+00:00,0.007528041049921413,,0.0001,0.0,,2757.05,ETH-25SEP26,1.6338,0.0,0.0,1953.0,0.0,,ETH,2754.85,0.0
2026-09-22T14:00:33.091763+00:00,ETH-25JUN27-2900-P,2847.42,ETH-25JUN27,put,2900.0,2027-06-25T08:00:00+00:00,0.7549613059369851,0.1995,0.2015,0.200351,0.2005,2847.42,ETH-25JUN27,0.5508,-0.42036,9.67527,287.0,3.0,0.0020000000000000018,ETH,2754.85,1659.42
2026-09-22T14:00:33.091763+00:00,ETH-30OCT26-2150-C,2767.89,ETH-30OCT26,call,2150.0,2026-10-30T08:00:00+00:00,0.10335281859954495,0.2275,0.231,0.22941,0.22925,2767.89,ETH-30OCT26,0.5710000000000001,0.92883,1.21033,1032.0,2.0,0.003500000000000003,ETH,2754.85,1245.5
2026-09-22T14:00:33.091763+00:00,ETH-25JUN27-4800-P,2847.33,ETH-25JUN27,put,4800.0,2027-06-25T08:00:00+00:00,0.7549613059369851,0.723,0.749,0.735125,0.736,2847.33,ETH-25JUN27,0.5776,-0.78499,7.23189,0.0,0.0,0.026000000000000023,ETH,2755.01,0.0
2026-09-22T14:00:33.091763+00:00,ETH-25SEP26-2350-C,2757.05,ETH-25SEP26,call,2350.0,2026-09-25T08:00:00+00:00,0.007528041049921413,0.146,0.1495,0.147903,0.14775,2757.05,ETH-25SEP26,0.8412000000000001,0.98697,0.08025,18.0,0.0,0.003500000000000003,ETH,2755.01,0.0
2026-09-22T14:00:33.091763+00:00,ETH-26MAR27-4200-P,2816.84,ETH-26MAR27,put,4200.0,2027-03-26T08:00:00+00:00,0.5058168843079639,0.5235,0.543,0.532863,0.53325,2816.84,ETH-26MAR27,0.5686,-0.78385,5.87345,1.0,0.0,0.019500000000000073,ETH,2754.85,0.0
2026-09-22T14:00:33.091763+00:00,ETH-9OCT26-2650-P,2761.06,ETH-9OCT26,put,2650.0,2026-10-09T08:00:00+00:00,0.04585795206977083,0.024,0.025,0.02428,0.0245,2761.06,ETH-9OCT26,0.49340000000000006,-0.32951,2.14058,139.0,13.0,0.0010000000000000009,ETH,2754.85,893.05
2026-09-22T14:00:33.091763+00:00,ETH-25SEP26-5800-C,2757.05,ETH-25SEP26,call,5800.0,2026-09-25T08:00:00+00:00,0.007528041049921413,,0.0001,0.0,,2757.05,ETH-25SEP26,1.2584,0.0,0.0,5889.0,0.0,,ETH,2755.01,0.0
2026-09-22T14:00:33.091763+00:00,ETH-24SEP26-2850-C,2756.23,ETH-24SEP26,call,2850.0,2026-09-24T08:00:00+00:00,0.004790190262789312,0.0042,0.0045,0.004402,0.00435,2756.23,ETH-24SEP26,0.5694,0.20381,0.53998,574.0,574.0,0.0002999999999999999,ETH,2755.01,6255.44
2026-09-22T14:00:33.091763+00:00,ETH-23SEP26-2600-P,2755.42,ETH-23SEP26,put,2600.0,2026-09-23T08:00:00+00:00,0.002052339475657211,0.0001,0.0002,0.000153,0.00015,2755.42,ETH-23SEP26,0.5982,-0.01536,0.04819,522.0,176.0,0.0001,ETH,2755.0,230.56
2026-09-22T14:00:33.091763+00:00,ETH-26MAR27-1000-P,2816.84,ETH-26MAR27,put,1000.0,2027-03-26T08:00:00+00:00,0.5058168843079639,0.0037,0.0042,0.003894,0.00395,2816.84,ETH-26MAR27,0.7806000000000001,-0.01608,0.80568,7291.0,8.0,0.0004999999999999996,ETH,2755.01,98.13
2026-09-22T14:00:33.091763+00:00,ETH-25JUN27-3500-P,2847.33,ETH-25JUN27,put,3500.0,2027-06-25T08:00:00+00:00,0.7549613059369851,0.3425,0.35,0.345896,0.34625,2847.33,ETH-25JUN27,0.5553,-0.57384,9.70418,678.0,0.0,0.007499999999999951,ETH,2755.0,0.0
2026-09-22T14:00:33.091763+00:00,ETH-26SEP26-2560-P,2757.32,ETH-26SEP26,put,2560.0,2026-09-26T08:00:00+00:00,0.010265891837053514,0.0019,0.0023,0.002166,0.0021,2757.32,ETH-26SEP26,0.5418,-0.08371,0.42978,0.0,0.0,0.00039999999999999996,ETH,2755.0,0.0
2026-09-22T14:00:33.091763+00:00,ETH-30OCT26-1750-C,2767.89,ETH-30OCT26,call,1750.0,2026-10-30T08:00:00+00:00,0.10335281859954495,0.3675,0.3705,0.369183,0.369,2767.89,ETH-30OCT26,0.7091,0.98319,0.37168,102.0,0.0,0.0030000000000000027,ETH,2755.0,0.0
2026-09-22T14:00:33.091763+00:00,ETH-25SEP26-2850-C,2757.05,ETH-25SEP26,call,2850.0,2026-09-25T08:00:00+00:00,0.007528041049921413,0.0065,0.007,0.006937,0.00675,2757.05,ETH-25SEP26,0.5488000000000001,0.25069,0.76121,5740.0,872.0,0.0005000000000000004,ETH,2754.83,25117.18
2026-09-22T14:00:33.091763+00:00,ETH-2OCT26-2300-C,2758.76,ETH-2OCT26,call,2300.0,2026-10-02T08:00:00+00:00,0.02669299655984612,0.166,0.169,0.167537,0.1675,2758.76,ETH-2OCT26,0.6162,0.96836,0.3206,18.0,0.0,0.0030000000000000027,ETH,2755.0,0.0
2026-09-22T14:00:33.091763+00:00,ETH-25JUN27-3400-C,2847.33,ETH-25JUN27,call,3400.0,2027-06-25T08:00:00+00:00,0.7549613059369851,0.124,0.1265,0.125415,0.12525,2847.33,ETH-25JUN27,0.5542,0.4493,9.79338,646.0,118.0,0.0025000000000000022,ETH,2754.83,40137.77
2026-09-22T14:00:33.091763+00:00,ETH-26MAR27-2800-P,2816.6,ETH-26MAR27,put,2800.0,2027-03-26T08:00:00+00:00,0.5058168843079639,0.1495,0.151,0.149897,0.15025,2816.6,ETH-26MAR27,0.5432,-0.41731,7.82265,355.0,294.0,0.0015000000000000013,ETH,2755.0,125683.28
2026-09-22T14:00:33.091763+00:00,ETH-25DEC26-2400-C,2788.66,ETH-25DEC26,call,2400.0,2026-12-25T08:00:00+00:00,0.2566724626789426,0.1845,0.1865,0.185651,0.1855,2788.66,ETH-25DEC26,0.5401,0.75339,4.45847,12964.0,197.0,0.0020000000000000018,ETH,2754.83,102947.38
2026-09-22T14:00:33.091763+00:00,ETH-2OCT26-3000-C,2758.76,ETH-2OCT26,call,3000.0,2026-10-02T08:00:00+00:00,0.02669299655984612,0.0075,0.008,0.007815,0.00775,2758.76,ETH-2OCT26,0.5261,0.17559,1.16457,9782.0,1121.0,0.0005000000000000004,ETH,2754.83,38880.81
2026-09-22T14:00:33.091763+00:00,ETH-25SEP26-8500-P,2757.05,ETH-25SEP26,put,8500.0,2026-09-25T08:00:00+00:00,0.007528041049921413,2.0735,2.0925,2.083285,2.083,2757.05,ETH-25SEP26,1.3075,-1.0,0.0,0.0,0.0,0.018999999999999684,ETH,2754.42,0.0
2026-09-22T14:00:33.091763+00:00,ETH-23SEP26-2560-C,2755.42,ETH-23SEP26,call,2560.0,2026-09-23T08:00:00+00:00,0.002052339475657211,0.068,0.074,0.070945,0.071,2755.42,ETH-23SEP26,0.7356999999999999,0.98684,0.04217,1.0,0.0,0.0059999999999999915,ETH,2754.42,0.0
2026-09-22T14:00:33.091763+00:00,ETH-23SEP26-2300-P,2755.42,ETH-23SEP26,put,2300.0,2026-09-23T08:00:00+00:00,0.002052339475657211,,0.0001,2e-06,,2755.42,ETH-23SEP26,1.1261,-0.00018,0.00086,718.0,501.0,,ETH,2754.42,136.7
2026-09-22T14:00:33.091763+00:00,ETH-27NOV26-2300-C,2778.27,ETH-27NOV26,call,2300.0,2026-11-27T08:00:00+00:00,0.1800126406392438,0.195,0.198,0.196588,0.1965,2778.27,ETH-27NOV26,0.5458,0.82413,3.04898,51.0,0.0,0.0030000000000000027,ETH,2754.42,0.0
2026-09-22T14:00:33.091763+00:00,ETH-25SEP26-2400-C,2757.05,ETH-25SEP26,call,2400.0,2026-09-25T08:00:00+00:00,0.007528041049921413,0.128,0.1315,0.129861,0.12975,2757.05,ETH-25SEP26,0.7709,0.98243,0.10371,14938.0,16.0,0.003500000000000003,ETH,2754.42,5450.69
2026-09-22T14:00:33.091763+00:00,ETH-26SEP26-2960-C,2757.22,ETH-26SEP26,call,2960.0,2026-09-26T08:00:00+00:00,0.010265891837053514,0.0033,0.0036,0.00345,0.00345,2757.22,ETH-26SEP26,0.585,0.12093,0.56181,0.0,0.0,0.0002999999999999999,ETH,2754.42,0.0
2026-09-22T14:00:33.091763+00:00,ETH-26MAR27-2900-C,2816.82,ETH-26MAR27,call,2900.0,2027-03-26T08:00:00+00:00,0.5058168843079639,0.1405,0.142,0.141163,0.14125,2816.82,ETH-26MAR27,0.5433,0.54676,7.93831,2912.0,280.0,0.0014999999999999736,ETH,2754.42,106801.82
2026-09-22T14:00:33.091763+00:00,ETH-25JUN27-2200-P,2847.33,ETH-25JUN27,put,2200.0,2027-06-25T08:00:00+00:00,0.7549613059369851,0.0785,0.0805,0.079546,0.0795,2847.33,ETH-25JUN27,0.56,-0.21981,7.32276,398.0,9.0,0.0020000000000000018,ETH,2754.27,2034.59
2026-09-22T14:00:33.091763+00:00,ETH-25DEC26-8000-P,2788.66,ETH-25DEC26,put,8000.0,2026-12-25T08:00:00+00:00,0.2566724626789426,1.8545,1.888,1.869602,1.87125,2788.66,ETH-25DEC26,0.7686,-0.99398,0.24082,73.0,0.0,0.03349999999999986,ETH,2754.27,0.0
2026-09-22T14:00:33.091763+00:00,ETH-30OCT26-2500-C,2767.89,ETH-30OCT26,call,2500.0,2026-10-30T08:00:00+00:00,0.10335281859954495,0.121,0.123,0.122261,0.122,2767.89,ETH-30OCT26,0.5115999999999999,0.75798,2.77922,6096.0,59.0,0.0020000000000000018,ETH,2754.27,21391.98
2026-09-22T14:00:33.091763+00:00,ETH-2OCT26-2450-P,2758.85,ETH-2OCT26,put,2450.0,2026-10-02T08:00:00+00:00,0.02669299655984612,0.0033,0.0036,0.003438,0.00345,2758.85,ETH-2OCT26,0.5399,-0.08272,0.68717,1034.0,155.0,0.0002999999999999999,ETH,2754.27,1568.41
2026-09-22T14:00:33.091763+00:00,ETH-27NOV26-3500-P,2778.27,ETH-27NOV26,put,3500.0,2026-11-27T08:00:00+00:00,0.1800126406392438,0.277,0.288,0.281967,0.2825,2778.27,ETH-27NOV26,0.5485,-0.80963,3.20297,0.0,0.0,0.010999999999999954,ETH,2754.27,0.0
2026-09-22T14:00:33.091763+00:00,ETH-27NOV26-2400-C,2778.27,ETH-27NOV26,call,2400.0,2026-11-27T08:00:00+00:00,0.1800126406392438,0.1675,0.1705,0.169203,0.169,2778.27,ETH-27NOV26,0.5365,0.77513,3.53459,440.0,0.0,0.0030000000000000027,ETH,2754.27,0.0
2026-09-22T14:00:33.091763+00:00,ETH-26MAR27-3300-P,2816.84,ETH-26MAR27,put,3300.0,2027-03-26T08:00:00+00:00,0.5058168843079639,0.266,0.268,0.267036,0.267,2816.84,ETH-26MAR27,0.5475,-0.58405,7.81481,149.0,83.0,0.0020000000000000018,ETH,2754.27,61719.77
2026-09-22T14:00:33.091763+00:00,ETH-24SEP26-2800-P,2756.23,ETH-24SEP26,put,2800.0,2026-09-24T08:00:00+00:00,0.004790190262789312,0.0225,0.025,0.023975,0.02375,2756.23,ETH-24SEP26,0.5264,-0.66281,0.69635,0.0,0.0,0.0025000000000000022,ETH,2754.32,0.0
2026-09-22T14:00:33.091763+00:00,ETH-26SEP26-2820-C,2757.22,ETH-26SEP26,call,2820.0,2026-09-26T08:00:00+00:00,0.010265891837053514,0.0115,0.012,0.011685,0.01175,2757.22,ETH-26SEP26,0.5178,0.34201,1.02572,1.0,1.0,0.0005000000000000004,ETH,2754.32,27.41
2026-09-22T14:00:33.091763+00:00,ETH-25DEC26-1400-C,2788.66,ETH-25DEC26,call,1400.0,2026-12-25T08:00:00+00:00,0.2566724626789426,0.5,0.503,0.501051,0.5015,2788.66,ETH-25DEC26,0.7284999999999999,0.97985,0.68859,1387.0,0.0,0.0030000000000000027,ETH,2754.32,0.0
2026-09-22T14:00:33.091763+00:00,ETH-26MAR27-2600-P,2816.82,ETH-26MAR27,put,2600.0,2027-03-26T08:00:00+00:00,0.5058168843079639,0.112,0.1135,0.112434,0.11275,2816.82,ETH-26MAR27,0.5449,-0.34464,7.37894,660.0,427.0,0.0015000000000000013,ETH,2754.32,132857.76
2026-09-22T14:00:33.091763+00:00,ETH-25SEP26-4600-C,2756.96,ETH-25SEP26,call,4600.0,2026-09-25T08:00:00+00:00,0.007528041049921413,,0.0001,0.0,,2756.96,ETH-25SEP26,1.2584,0.0,2e-05,4392.0,0.0,,ETH,2754.41,0.0
2026-09-22T14:00:33.091763+00:00,ETH-26SEP26-2700-C,2757.22,ETH-26SEP26,call,2700.0,2026-09-26T08:00:00+00:00,0.010265891837053514,0.031,0.033,0.03187,0.032,2757.22,ETH-26SEP26,0.49700000000000005,0.66923,1.01249,0.0,0.0,0.0020000000000000018,ETH,2754.32,0.0
2026-09-22T14:00:33.091763+00:00,ETH-26MAR27-2800-C,2816.82,ETH-26MAR27,call,2800.0,2027-03-26T08:00:00+00:00,0.5058168843079639,0.155,0.1565,0.155743,0.15575,2816.82,ETH-26MAR27,0.5432,0.58244,7.82174,7844.0,5346.0,0.0015000000000000013,ETH,2754.32,2147583.68
2026-09-22T14:00:33.091763+00:00,ETH-23SEP26-2520-C,2755.51,ETH-23SEP26,call,2520.0,2026-09-23T08:00:00+00:00,0.002052339475657211,0.0825,0.0885,0.08543,0.0855,2755.51,ETH-23SEP26,0.8438,0.99068,0.03123,68.0,0.0,0.0059999999999999915,ETH,2754.41,0.0
2026-09-22T14:00:33.091763+00:00,ETH-26SEP26-2920-P,2757.32,ETH-26SEP26,put,2920.0,2026-09-26T08:00:00+00:00,0.010265891837053514,0.0605,0.067,0.064098,0.06375,2757.32,ETH-26SEP26,0.5670000000000001,-0.83481,0.69388,0.0,0.0,0.006500000000000006,ETH,2754.41,0.0
2026-09-22T14:00:33.091763+00:00,ETH-25SEP26-3800-P,2757.05,ETH-25SEP26,put,3800.0,2026-09-25T08:00:00+00:00,0.007528041049921413,0.3745,0.383,0.378426,0.37875,2757.05,ETH-25SEP26,1.1316,-0.99936,0.00533,943.0,0.0,0.008500000000000008,ETH,2754.35,0.0
2026-09-22T14:00:33.091763+00:00,ETH-25SEP26-3200-C,2757.05,ETH-25SEP26,call,3200.0,2026-09-25T08:00:00+00:00,0.007528041049921413,0.0003,0.0005,0.000392,0.0004,2757.05,ETH-25SEP26,0.7913,0.01622,0.09686,12748.0,841.0,0.00020000000000000004,ETH,2754.35,924.13
2026-09-22T14:00:33.091763+00:00,ETH-24SEP26-2920-P,2756.23,ETH-24SEP26,put,2920.0,2026-09-24T08:00:00+00:00,0.004790190262789312,0.0585,0.0645,0.061436,0.0615,2756.23,ETH-24SEP26,0.6318,-0.90378,0.32529,0.0,0.0,0.005999999999999998,ETH,2754.35,0.0
2026-09-22T14:00:33.091763+00:00,ETH-25SEP26-1000-P,2757.05,ETH-25SEP26,put,1000.0,2026-09-25T08:00:00+00:00,0.007528041049921413,,0.0001,0.0,,2757.05,ETH-25SEP26,1.5621,0.0,0.0,10806.0,0.0,,ETH,2754.35,0.0
2026-09-22T14:00:33.091763+00:00,ETH-23SEP26-2880-P,2755.51,ETH-23SEP26,put,2880.0,2026-09-23T08:00:00+00:00,0.002052339475657211,0.0435,0.049,0.046398,0.04625,2755.51,ETH-23SEP26,0.6776000000000001,-0.92425,0.17779,0.0,0.0,0.005500000000000005,ETH,2754.35,0.0
2026-09-22T14:00:33.091763+00:00,ETH-25SEP26-1000-C,2756.96,ETH-25SEP26,call,1000.0,2026-09-25T08:00:00+00:00,0.007528041049921413,0.636,0.638,0.637261,0.637,2756.96,ETH-25SEP26,1.5621,1.0,0.0,5784.0,0.0,0.0020000000000000018,ETH,2754.23,0.0
2026-09-22T14:00:33.091763+00:00,ETH-27NOV26-2000-C,2778.27,ETH-27NOV26,call,2000.0,2026-11-27T08:00:00+00:00,0.1800126406392438,0.288,0.291,0.289603,0.2895,2778.27,ETH-27NOV26,0.5936,0.92362,1.69221,9.0,0.0,0.0030000000000000027,ETH,2754.35,0.0
2026-09-22T14:00:33.091763+00:00,ETH-26SEP26-2520-C,2757.32,ETH-26SEP26,call,2520.0,2026-09-26T08:00:00+00:00,0.010265891837053514,0.0855,0.089,0.087343,0.08725,2757.32,ETH-26SEP26,0.5704,0.94324,0.31855,0.0,0.0,0.0034999999999999892,ETH,2754.35,0.0
2026-09-22T14:00:33.091763+00:00,ETH-24SEP26-3000-P,2756.32,ETH-24SEP26,put,3000.0,2026-09-24T08:00:00+00:00,0.004790190262789312,0.0855,0.0925,0.089382,0.089,2756.32,ETH-24SEP26,0.7094,-0.95605,0.17732,0.0,0.0,0.006999999999999992,ETH,2754.23,0.0
2026-09-22T14:00:33.091763+00:00,ETH-24SEP26-2480-C,2756.23,ETH-24SEP26,call,2480.0,2026-09-24T08:00:00+00:00,0.004790190262789312,0.0985,0.102,0.10044,0.10025,2756.23,ETH-24SEP26,0.7134,0.98457,0.07399,0.0,0.0,0.0034999999999999892,ETH,2754.23,0.0
2026-09-22T14:00:33.091763+00:00,ETH-2OCT26-3200-P,2758.76,ETH-2OCT26,put,3200.0,2026-10-02T08:00:00+00:00,0.02669299655984612,0.1585,0.1655,0.162532,0.162,2758.76,ETH-2OCT26,0.5778,-0.93657,0.56071,0.0,0.0,0.007000000000000006,ETH,2754.23,0.0
2026-09-22T14:00:33.091763+00:00,ETH-24SEP26-2820-P,2756.23,ETH-24SEP26,put,2820.0,2026-09-24T08:00:00+00:00,0.004790190262789312,0.028,0.032,0.029473,0.03,2756.23,ETH-24SEP26,0.5418,-0.72506,0.63608,0.0,0.0,0.004,ETH,2754.23,0.0
2026-09-22T14:00:33.091763+00:00,ETH-25DEC26-1800-C,2788.66,ETH-25DEC26,call,1800.0,2026-12-25T08:00:00+00:00,0.2566724626789426,0.3625,0.366,0.363777,0.36425,2788.66,ETH-25DEC26,0.6195,0.93949,1.69436,2434.0,0.0,0.003500000000000003,ETH,2754.15,0.0
2026-09-22T14:00:33.091763+00:00,ETH-26SEP26-2760-C,2757.32,ETH-26SEP26,call,2760.0,2026-09-26T08:00:00+00:00,0.010265891837053514,0.019,0.0205,0.019713,0.01975,2757.32,ETH-26SEP26,0.5014,0.50037,1.11426,0.0,0.0,0.0015000000000000013,ETH,2754.23,0.0
2026-09-22T14:00:33.091763+00:00,ETH-25SEP26-2420-C,2757.05,ETH-25SEP26,call,2420.0,2026-09-25T08:00:00+00:00,0.007528041049921413,0.1205,0.124,0.122628,0.12225,2757.05,ETH-25SEP26,0.7365999999999999,0.9807,0.11232,1324.0,0.0,0.003500000000000003,ETH,2754.15,0.0
2026-09-22T14:00:33.091763+00:00,ETH-23SEP26-2480-P,2755.42,ETH-23SEP26,put,2480.0,2026-09-23T08:00:00+00:00,0.002052339475657211,,0.0001,9.8e-05,,2755.42,ETH-23SEP26,0.9515,-0.00693,0.02407,241.0,109.0,,ETH,2754.15,71.34
2026-09-22T14:00:33.091763+00:00,ETH-26MAR27-4800-P,2816.84,ETH-26MAR27,put,4800.0,2027-03-26T08:00:00+00:00,0.5058168843079639,0.7185,0.7435,0.729955,0.731,2816.84,ETH-26MAR27,0.5866,-0.8575,4.51286,40.0,0.0,0.025000000000000022,ETH,2754.15,0.0
2026-09-22T14:00:33.091763+00:00,ETH-30OCT26-2250-P,2767.89,ETH-30OCT26,put,2250.0,2026-10-30T08:00:00+00:00,0.10335281859954495,0.009,0.0095,0.009299,0.00925,2767.89,ETH-30OCT26,0.547,-0.10312,1.59698,1653.0,0.0,0.0005000000000000004,ETH,2754.14,0.0
2026-09-22T14:00:33.091763+00:00,ETH-25SEP26-5200-C,2757.05,ETH-25SEP26,call,5200.0,2026-09-25T08:00:00+00:00,0.007528041049921413,,0.0001,0.0,,2757.05,ETH-25SEP26,1.2584,0.0,0.0,2982.0,0.0,,ETH,2754.14,0.0
2026-09-22T14:00:33.091763+00:00,ETH-30OCT26-2900-C,2767.8,ETH-30OCT26,call,2900.0,2026-10-30T08:00:00+00:00,0.10335281859954495,0.0445,0.0455,0.045114,0.045,2767.8,ETH-30OCT26,0.5054,0.41782,3.47438,4937.0,319.0,0.0010000000000000009,ETH,2754.14,38247.73
2026-09-22T14:00:33.091763+00:00,ETH-2OCT26-2900-C,2758.76,ETH-2OCT26,call,2900.0,2026-10-02T08:00:00+00:00,0.02669299655984612,0.0135,0.0145,0.014241,0.014,2758.76,ETH-2OCT26,0.5069,0.28617,1.53314,2445.0,278.0,0.0010000000000000009,ETH,2754.14,10853.86
2026-09-22T14:00:33.091763+00:00,ETH-27NOV26-3800-C,2778.27,ETH-27NOV26,call,3800.0,2026-11-27T08:00:00+00:00,0.1800126406392438,0.0125,0.013,0.012818,0.01275,2778.27,ETH-27NOV26,0.5685,0.11926,2.34784,1591.0,2.0,0.0004999999999999987,ETH,2754.14,68.14
2026-09-22T14:00:33.091763+00:00,ETH-9OCT26-2800-C,2761.15,ETH-9OCT26,call,2800.0,2026-10-09T08:00:00+00:00,0.04585795206977083,0.035,0.0365,0.035779,0.03575,2761.15,ETH-9OCT26,0.4939,0.46726,2.35083,1027.0,207.0,0.0014999999999999944,ETH,2754.14,21715.33
2026-09-22T14:00:33.091763+00:00,ETH-25JUN27-4400-P,2847.33,ETH-25JUN27,put,4400.0,2027-06-25T08:00:00+00:00,0.7549613059369851,0.598,0.6205,0.608481,0.60925,2847.33,ETH-25JUN27,0.5699000000000001,-0.73625,8.08346,1.0,0.0,0.022500000000000075,ETH,2753.73,0.0
2026-09-22T14:00:33.091763+00:00,ETH-25DEC26-1500-P,2788.66,ETH-25DEC26,put,1500.0,2026-12-25T08:00:00+00:00,0.2566724626789426,0.004,0.0043,0.004076,0.00415,2788.66,ETH-25DEC26,0.6967,-0.0267,0.87237,16444.0,0.0,0.0002999999999999999,ETH,2753.73,0.0
2026-09-22T14:00:33.091763+00:00,ETH-26MAR27-4200-C,2816.82,ETH-26MAR27,call,4200.0,2027-03-26T08:00:00+00:00,0.5058168843079639,0.041,0.0425,0.041591,0.04175,2816.82,ETH-26MAR27,0.5686,0.21595,5.86875,2902.0,17.0,0.0015000000000000013,ETH,2754.14,1894.45
2026-09-22T14:00:33.091763+00:00,ETH-30OCT26-1000-C,2767.8,ETH-30OCT26,call,1000.0,2026-10-30T08:00:00+00:00,0.10335281859954495,0.638,0.64,0.638877,0.639,2767.8,ETH-30OCT26,1.15,0.99835,0.04738,0.0,0.0,0.0020000000000000018,ETH,2753.73,0.0
2026-09-22T14:00:33.091763+00:00,ETH-25JUN27-3100-P,2847.42,ETH-25JUN27,put,3100.0,2027-06-25T08:00:00+00:00,0.7549613059369851,0.2445,0.247,0.245392,0.24575,2847.42,ETH-25JUN27,0.5518,-0.47538,9.85043,110.0,0.0,0.0025000000000000022,ETH,2753.73,0.0
2026-09-22T14:00:33.091763+00:00,ETH-25SEP26-9000-P,2757.05,ETH-25SEP26,put,9000.0,2026-09-25T08:00:00+00:00,0.007528041049921413,2.254,2.274,2.264655,2.264,2757.05,ETH-25SEP26,1.3622999999999998,-1.0,0.0,0.0,0.0,0.020000000000000018,ETH,2753.35,0.0
2026-09-22T14:00:33.091763+00:00,ETH-9OCT26-2100-P,2761.06,ETH-9OCT26,put,2100.0,2026-10-09T08:00:00+00:00,0.04585795206977083,0.0011,0.0014,0.00124,0.00125,2761.06,ETH-9OCT26,0.66,-0.02256,0.31695,211.0,120.0,0.0002999999999999999,ETH,2753.73,461.27
2026-09-22T14:00:33.091763+00:00,ETH-24SEP26-2450-C,2756.23,ETH-24SEP26,call,2450.0,2026-09-24T08:00:00+00:00,0.004790190262789312,0.1095,0.1135,0.111237,0.1115,2756.23,ETH-24SEP26,0.7436,0.98939,0.0535,0.0,0.0,0.0040000000000000036,ETH,2753.35,0.0
2026-09-22T14:00:33.091763+00:00,ETH-9OCT26-2200-P,2761.15,ETH-9OCT26,put,2200.0,2026-10-09T08:00:00+00:00,0.04585795206977083,0.0018,0.0022,0.001991,0.002,2761.15,ETH-9OCT26,0.613,-0.03655,0.4733,1197.0,37.0,0.0004000000000000002,ETH,2753.73,222.02
2026-09-22T14:00:33.091763+00:00,ETH-27NOV26-2700-C,2778.17,ETH-27NOV26,call,2700.0,2026-11-27T08:00:00+00:00,0.1800126406392438,0.1015,0.103,0.101976,0.10225,2778.17,ETH-27NOV26,0.5235,0.59368,4.57108,1795.0,248.0,0.0014999999999999875,ETH,2753.35,69101.71
2026-09-22T14:00:33.091763+00:00,ETH-26SEP26-2960-P,2757.22,ETH-26SEP26,put,2960.0,2026-09-26T08:00:00+00:00,0.010265891837053514,0.0735,0.0795,0.077139,0.0765,2757.22,ETH-26SEP26,0.585,-0.88044,0.55707,0.0,0.0,0.006000000000000005,ETH,2753.35,0.0
2026-09-22T14:00:33.091763+00:00,ETH-25SEP26-2300-P,2757.05,ETH-25SEP26,put,2300.0,2026-09-25T08:00:00+00:00,0.007528041049921413,0.0002,0.0004,0.000297,0.0003,2757.05,ETH-25SEP26,0.9222,-0.01078,0.06802,7820.0,107.0,0.0002,ETH,2753.25,119.57
2026-09-22T14:00:33.091763+00:00,ETH-23SEP26-2460-P,2755.42,ETH-23SEP26,put,2460.0,2026-09-23T08:00:00+00:00,0.002052339475657211,,0.0001,9.4e-05,,2755.42,ETH-23SEP26,1.0114,-0.00643,0.02253,263.0,53.0,,ETH,2753.25,20.5
2026-09-22T14:00:33.091763+00:00,ETH-25JUN27-2100-P,2847.33,ETH-25JUN27,put,2100.0,2027-06-25T08:00:00+00:00,0.7549613059369851,0.067,0.0685,0.067638,0.06775,2847.33,ETH-25JUN27,0.5645,-0.19362,6.79003,872.0,14.0,0.0015000000000000013,ETH,2753.25,2660.86
2026-09-22T14:00:33.091763+00:00,ETH-25DEC26-1000-C,2788.66,ETH-25DEC26,call,1000.0,2026-12-25T08:00:00+00:00,0.2566724626789426,0.6415,0.6435,0.642517,0.6425,2788.66,ETH-25DEC26,0.8995000000000001,0.99336,0.26266,75.0,0.0,0.0020000000000000018,ETH,2753.25,0.0
2026-09-22T14:00:33.091763+00:00,ETH-25DEC26-2800-P,2788.66,ETH-25DEC26,put,2800.0,2026-12-25T08:00:00+00:00,0.2566724626789426,0.1085,0.11,0.109173,0.10925,2788.66,ETH-25DEC26,0.5302,-0.4534,5.59638,3073.0,231.0,0.0015000000000000013,ETH,2753.25,72052.71
2026-09-22T14:00:33.091763+00:00,ETH-25SEP26-2450-P,2757.05,ETH-25SEP26,put,2450.0,2026-09-25T08:00:00+00:00,0.007528041049921413,0.0004,0.0007,0.000549,0.00055,2757.05,ETH-25SEP26,0.6964,-0.02419,0.13592,1211.0,1.0,0.0003,ETH,2753.24,2.73
2026-09-22T14:00:33.091763+00:00,ETH-27NOV26-3100-C,2778.17,ETH-27NOV26,call,3100.0,2026-11-27T08:00:00+00:00,0.1800126406392438,0.047,0.048,0.047576,0.0475,2778.17,ETH-27NOV26,0.5288,0.35239,4.37556,928.0,563.0,0.0010000000000000009,ETH,2753.25,75741.95
2026-09-22T14:00:33.091763+00:00,ETH-30OCT26-1800-P,2767.89,ETH-30OCT26,put,1800.0,2026-10-30T08:00:00+00:00,0.10335281859954495,0.0016,0.0019,0.001758,0.00175,2767.89,ETH-30OCT26,0.6887000000000001,-0.02014,0.43328,3964.0,24.0,0.0002999999999999999,ETH,2753.24,120.78
2026-09-22T14:00:33.091763+00:00,ETH-25DEC26-4400-P,2788.75,ETH-25DEC26,put,4400.0,2026-12-25T08:00:00+00:00,0.2566724626789426,0.5835,0.594,0.588458,0.58875,2788.75,ETH-25DEC26,0.5931000000000001,-0.91448,2.20801,20.0,0.0,0.010499999999999954,ETH,2753.24,0.0
2026-09-22T14:00:33.091763+00:00,ETH-25SEP26-3400-C,2757.05,ETH-25SEP26,call,3400.0,2026-09-25T08:00:00+00:00,0.007528041049921413,,0.0002,0.000141,,2757.05,ETH-25SEP26,0.9372,0.00546,0.03738,10299.0,477.0,,ETH,2753.24,483.24
2026-09-22T14:00:33.091763+00:00,ETH-25SEP26-4400-P,2756.96,ETH-25SEP26,put,4400.0,2026-09-25T08:00:00+00:00,0.007528041049921413,0.5915,0.601,0.596054,0.59625,2756.96,ETH-25SEP26,1.2584,-0.99999,0.00012,280.0,42.0,0.009499999999999953,ETH,2753.24,66825.04
2026-09-22T14:00:33.091763+00:00,ETH-25DEC26-7000-P,2788.66,ETH-25DEC26,put,7000.0,2026-12-25T08:00:00+00:00,0.2566724626789426,1.499,1.527,1.511498,1.513,2788.66,ETH-25DEC26,0.7289,-0.9895,0.39266,0.0,0.0,0.027999999999999803,ETH,2753.26,0.0
2026-09-22T14:00:33.091763+00:00,ETH-25JUN27-4000-C,2847.33,ETH-25JUN27,call,4000.0,2027-06-25T08:00:00+00:00,0.7549613059369851,0.081,0.083,0.082142,0.082,2847.33,ETH-25JUN27,0.5628,0.3258,8.91111,4648.0,81.0,0.0020000000000000018,ETH,2753.26,18135.96
2026-09-22T14:00:33.091763+00:00,ETH-26MAR27-1800-C,2816.84,ETH-26MAR27,call,1800.0,2027-03-26T08:00:00+00:00,0.5058168843079639,0.3845,0.388,0.385859,0.38625,2816.84,ETH-26MAR27,0.5958,0.8974,3.58107,3327.0,0.0,0.003500000000000003,ETH,2753.24,0.0
2026-09-22T14:00:33.091763+00:00,ETH-24SEP26-2500-P,2756.23,ETH-24SEP26,put,2500.0,2026-09-24T08:00:00+00:00,0.004790190262789312,0.0002,0.0004,0.0003,0.0003,2756.23,ETH-24SEP26,0.6758,-0.01797,0.08425,230.0,86.0,0.0002,ETH,2753.26,128.46
2026-09-22T14:00:33.091763+00:00,ETH-26SEP26-2950-C,2757.32,ETH-26SEP26,call,2950.0,2026-09-26T08:00:00+00:00,0.010265891837053514,0.0036,0.0039,0.003764,0.00375,2757.32,ETH-26SEP26,0.5803,0.12916,0.58798,0.0,0.0,0.0002999999999999999,ETH,2753.26,0.0
2026-09-22T14:00:33.091763+00:00,ETH-24SEP26-2400-C,2756.23,ETH-24SEP26,call,2400.0,2026-09-24T08:00:00+00:00,0.004790190262789312,0.1275,0.131,0.129351,0.12925,2756.23,ETH-24SEP26,0.8398,0.99184,0.04252,0.0,0.0,0.003500000000000003,ETH,2753.26,0.0
2026-09-22T14:00:33.091763+00:00,ETH-24SEP26-2600-C,2756.23,ETH-24SEP26,call,2600.0,2026-09-24T08:00:00+00:00,0.004790190262789312,0.0555,0.06,0.057595,0.05775,2756.23,ETH-24SEP26,0.5451,0.93945,0.22865,100.0,0.0,0.004499999999999997,ETH,2753.26,0.0
2026-09-22T14:00:33.091763+00:00,ETH-25JUN27-1900-C,2847.33,ETH-25JUN27,call,1900.0,2027-06-25T08:00:00+00:00,0.7549613059369851,0.3775,0.3825,0.380436,0.38,2847.33,ETH-25JUN27,0.5769,0.85459,5.64814,373.0,0.0,0.0050000000000000044,ETH,2753.21,0.0
2026-09-22T14:00:33.091763+00:00,ETH-24SEP26-2460-C,2756.23,ETH-24SEP26,call,2460.0,2026-09-24T08:00:00+00:00,0.004790190262789312,0.1055,0.11,0.10761,0.10775,2756.23,ETH-24SEP26,0.7216,0.98899,0.05523,0.0,0.0,0.004500000000000004,ETH,2753.21,0.0
2026-09-22T14:00:33.091763+00:00,ETH-26MAR27-2000-P,2816.82,ETH-26MAR27,put,2000.0,2027-03-26T08:00:00+00:00,0.5058168843079639,0.0375,0.039,0.038206,0.03825,2816.82,ETH-26MAR27,0.5743,-0.14895,4.64783,2201.0,5.0,0.0015000000000000013,ETH,2753.26,539.07
2026-09-22T14:00:33.091763+00:00,ETH-25JUN27-3900-C,2847.33,ETH-25JUN27,call,3900.0,2027-06-25T08:00:00+00:00,0.7549613059369851,0.087,0.089,0.087944,0.088,2847.33,ETH-25JUN27,0.5611,0.34368,9.09975,293.0,83.0,0.0020000000000000018,ETH,2753.21,21596.06
2026-09-22T14:00:33.091763+00:00,ETH-25SEP26-2100-P,2756.96,ETH-25SEP26,put,2100.0,2026-09-25T08:00:00+00:00,0.007528041049921413,,0.0002,0.000141,,2756.96,ETH-25SEP26,1.2137,-0.00427,0.03,35675.0,2290.0,,ETH,2752.79,1158.94
2026-09-22T14:00:33.091763+00:00,ETH-24SEP26-2680-C,2756.32,ETH-24SEP26,call,2680.0,2026-09-24T08:00:00+00:00,0.004790190262789312,0.0295,0.0335,0.031446,0.0315,2756.32,ETH-24SEP26,0.4901,0.79568,0.54042,189.0,60.0,0.0040000000000000036,ETH,2753.21,4130.12
2026-09-22T14:00:33.091763+00:00,ETH-27NOV26-2150-C,2778.27,ETH-27NOV26,call,2150.0,2026-11-27T08:00:00+00:00,0.1800126406392438,0.24,0.243,0.241521,0.2415,2778.27,ETH-27NOV26,0.5672,0.88152,2.33609,1.0,0.0,0.0030000000000000027,ETH,2752.79,0.0
2026-09-22T14:00:33.091763+00:00,ETH-9OCT26-3000-C,2761.15,ETH-9OCT26,call,3000.0,2026-10-09T08:00:00+00:00,0.04585795206977083,0.0145,0.0155,0.014967,0.015,2761.15,ETH-9OCT26,0.5145000000000001,0.24083,1.84088,890.0,89.0,0.0009999999999999992,ETH,2753.21,4363.9
2026-09-22T14:00:33.091763+00:00,ETH-27NOV26-3400-C,2778.27,ETH-27NOV26,call,3400.0,2026-11-27T08:00:00+00:00,0.1800126406392438,0.026,0.027,0.026544,0.0265,2778.27,ETH-27NOV26,0.5426,0.22206,3.5072,1059.0,8.0,0.0010000000000000009,ETH,2752.79,631.67
2026-09-22T14:00:33.091763+00:00,ETH-23SEP26-2350-P,2755.51,ETH-23SEP26,put,2350.0,2026-09-23T08:00:00+00:00,0.002052339475657211,,0.0001,1.2e-05,,2755.51,ETH-23SEP26,1.1251,-0.00085,0.0036,718.0,666.0,,ETH,2752.79,180.87
2026-09-22T14:00:33.091763+00:00,ETH-27NOV26-3000-C,2778.17,ETH-27NOV26,call,3000.0,2026-11-27T08:00:00+00:00,0.1800126406392438,0.0575,0.0585,0.057796,0.058,2778.17,ETH-27NOV26,0.5255,0.40659,4.57093,2877.0,522.0,0.0010000000000000009,ETH,2752.79,89960.14
2026-09-22T14:00:33.091763+00:00,ETH-25SEP26-16000-P,2757.05,ETH-25SEP26,put,16000.0,2026-09-25T08:00:00+00:00,0.007528041049921413,4.7835,4.824,4.803831,4.80375,2757.05,ETH-25SEP26,1.8954,-1.0,0.0,30.0,0.0,0.04049999999999976,ETH,2752.71,0.0
2026-09-22T14:00:33.091763+00:00,ETH-25SEP26-2050-P,2757.05,ETH-25SEP26,put,2050.0,2026-09-25T08:00:00+00:00,0.007528041049921413,0.0001,0.0002,0.000141,0.00015,2757.05,ETH-25SEP26,1.3108000000000002,-0.00396,0.02808,5914.0,2006.0,0.0001,ETH,2752.71,567.69
2026-09-22T14:00:33.091763+00:00,ETH-23SEP26-2850-P,2755.51,ETH-23SEP26,put,2850.0,2026-09-23T08:00:00+00:00,0.002052339475657211,0.033,0.039,0.036144,0.036,2755.51,ETH-23SEP26,0.6307,-0.88423,0.24294,0.0,0.0,0.005999999999999998,ETH,2752.71,0.0
2026-09-22T14:00:33.091763+00:00,ETH-25JUN27-6000-C,2847.33,ETH-25JUN27,call,6000.0,2027-06-25T08:00:00+00:00,0.7549613059369851,0.0255,0.027,0.026153,0.02625,2847.33,ETH-25JUN27,0.6043,0.12346,5.04669,2421.0,1.0,0.0015000000000000013,ETH,2752.71,73.53
2026-09-22T14:00:33.091763+00:00,ETH-24SEP26-2560-C,2756.23,ETH-24SEP26,call,2560.0,2026-09-24T08:00:00+00:00,0.004790190262789312,0.069,0.075,0.071707,0.072,2756.23,ETH-24SEP26,0.5929,0.96411,0.15028,18.0,0.0,0.0059999999999999915,ETH,2752.71,0.0
2026-09-22T14:00:33.091763+00:00,ETH-9OCT26-2600-C,2761.15,ETH-9OCT26,call,2600.0,2026-10-09T08:00:00+00:00,0.04585795206977083,0.0755,0.0775,0.076745,0.0765,2761.15,ETH-9OCT26,0.4971,0.72918,1.95697,109.0,0.0,0.0020000000000000018,ETH,2752.71,0.0
2026-09-22T14:00:33.091763+00:00,ETH-26MAR27-4500-P,2816.84,ETH-26MAR27,put,4500.0,2027-03-26T08:00:00+00:00,0.5058168843079639,0.62,0.643,0.630266,0.6315,2816.84,ETH-26MAR27,0.5778,-0.82541,5.15384,0.0,0.0,0.02300000000000002,ETH,2752.71,0.0
2026-09-22T14:00:33.091763+00:00,ETH-25SEP26-1600-C,2757.05,ETH-25SEP26,call,1600.0,2026-09-25T08:00:00+00:00,0.007528041049921413,0.418,0.421,0.419617,0.4195,2757.05,ETH-25SEP26,1.3441999999999998,1.0,1e-05,3418.0,0.0,0.0030000000000000027,ETH,2752.46,0.0
2026-09-22T14:00:33.091763+00:00,ETH-27NOV26-4200-P,2778.27,ETH-27NOV26,put,4200.0,2026-11-27T08:00:00+00:00,0.1800126406392438,0.5125,0.526,0.518728,0.51925,2778.27,ETH-27NOV26,0.598,-0.93377,1.51567,0.0,0.0,0.013500000000000068,ETH,2752.46,0.0
2026-09-22T14:00:33.091763+00:00,ETH-27NOV26-1600-P,2778.27,ETH-27NOV26,put,1600.0,2026-11-27T08:00:00+00:00,0.1800126406392438,0.0026,0.003,0.002787,0.0028,2778.27,ETH-27NOV26,0.7011,-0.02272,0.63538,315.0,0.0,0.0004000000000000002,ETH,2752.46,0.0
2026-09-22T14:00:33.091763+00:00,ETH-27NOV26-2300-P,2778.27,ETH-27NOV26,put,2300.0,2026-11-27T08:00:00+00:00,0.1800126406392438,0.024,0.025,0.024585,0.0245,2778.27,ETH-27NOV26,0.5458,-0.17675,3.05622,421.0,64.0,0.0010000000000000009,ETH,2752.46,4723.75
2026-09-22T14:00:33.091763+00:00,ETH-26MAR27-3000-P,2816.84,ETH-26MAR27,put,3000.0,2027-03-26T08:00:00+00:00,0.5058168843079639,0.1925,0.194,0.193122,0.19325,2816.84,ETH-26MAR27,0.544,-0.4887,7.98426,414.0,44.0,0.0015000000000000013,ETH,2752.46,24172.84
2026-09-22T14:00:33.091763+00:00,ETH-25DEC26-5200-P,2788.66,ETH-25DEC26,put,5200.0,2026-12-25T08:00:00+00:00,0.2566724626789426,0.8605,0.8805,0.869324,0.8705,2788.66,ETH-25DEC26,0.6385000000000001,-0.96134,1.18345,0.0,0.0,0.019999999999999907,ETH,2752.35,0.0
2026-09-22T14:00:33.091763+00:00,ETH-25JUN27-3900-P,2847.42,ETH-25JUN27,put,3900.0,2027-06-25T08:00:00+00:00,0.7549613059369851,0.448,0.4685,0.45772,0.45825,2847.42,ETH-25JUN27,0.5611,-0.65653,9.09516,50.0,0.0,0.020500000000000018,ETH,2752.35,0.0
2026-09-22T14:00:33.091763+00:00,ETH-25DEC26-4800-C,2788.66,ETH-25DEC26,call,4800.0,2026-12-25T08:00:00+00:00,0.2566724626789426,0.0065,0.007,0.006682,0.00675,2788.66,ETH-25DEC26,0.6151,0.05603,1.59378,3294.0,51.0,0.0005000000000000004,ETH,2752.35,1125.16
2026-09-22T14:00:33.091763+00:00,ETH-27NOV26-4800-C,2778.27,ETH-27NOV26,call,4800.0,2026-11-27T08:00:00+00:00,0.1800126406392438,0.0027,0.0034,0.003033,0.00305,2778.27,ETH-27NOV26,0.6445000000000001,0.03104,0.82459,10.0,10.0,0.0006999999999999997,ETH,2752.35,73.57
2026-09-22T14:00:33.091763+00:00,ETH-25JUN27-4400-C,2847.42,ETH-25JUN27,call,4400.0,2027-06-25T08:00:00+00:00,0.7549613059369851,0.0625,0.064,0.063093,0.06325,2847.42,ETH-25JUN27,0.5699000000000001,0.26341,8.07403,173.0,0.0,0.0015000000000000013,ETH,2752.14,0.0
2026-09-22T14:00:33.091763+00:00,ETH-24SEP26-2660-P,2756.23,ETH-24SEP26,put,2660.0,2026-09-24T08:00:00+00:00,0.004790190262789312,0.0024,0.0027,0.002618,0.00255,2756.23,ETH-24SEP26,0.495,-0.15266,0.44939,1027.0,902.0,0.00030000000000000035,ETH,2752.14,10055.95
2026-09-22T14:00:33.091763+00:00,ETH-25JUN27-2000-P,2847.33,ETH-25JUN27,put,2000.0,2027-06-25T08:00:00+00:00,0.7549613059369851,0.056,0.058,0.057053,0.057,2847.33,ETH-25JUN27,0.57,-0.16886,6.22959,1445.0,3.0,0.0020000000000000018,ETH,2752.14,492.56
2026-09-22T14:00:33.091763+00:00,ETH-25SEP26-2050-C,2757.05,ETH-25SEP26,call,2050.0,2026-09-25T08:00:00+00:00,0.007528041049921413,0.255,0.258,0.256526,0.2565,2757.05,ETH-25SEP26,1.3108000000000002,0.99602,0.02817,19.0,0.0,0.0030000000000000027,ETH,2752.35,0.0
2026-09-22T14:00:33.091763+00:00,ETH-25DEC26-2700-P,2788.66,ETH-25DEC26,put,2700.0,2026-12-25T08:00:00+00:00,0.2566724626789426,0.0895,0.091,0.090166,0.09025,2788.66,ETH-25DEC26,0.5307,-0.40095,5.45803,3126.0,1800.0,0.0015000000000000013,ETH,2752.14,469667.93
2026-09-22T14:00:33.091763+00:00,ETH-25SEP26-7500-C,2757.05,ETH-25SEP26,call,7500.0,2026-09-25T08:00:00+00:00,0.007528041049921413,,0.0001,0.0,,2757.05,ETH-25SEP26,1.2584,0.0,0.0,2159.0,0.0,,ETH,2752.14,0.0
2026-09-22T14:00:33.091763+00:00,ETH-25SEP26-6800-P,2756.96,ETH-25SEP26,put,6800.0,2026-09-25T08:00:00+00:00,0.007528041049921413,1.4585,1.474,1.466628,1.46625,2756.96,ETH-25SEP26,1.2584,-1.0,0.0,0.0,0.0,0.01550000000000007,ETH,2752.14,0.0
2026-09-22T14:00:33.091763+00:00,ETH-27NOV26-2650-P,2778.27,ETH-27NOV26,put,2650.0,2026-11-27T08:00:00+00:00,0.1800126406392438,0.0645,0.066,0.065345,0.06525,2778.27,ETH-27NOV26,0.5235,-0.37481,4.46588,729.0,0.0,0.0015000000000000013,ETH,2752.14,0.0
2026-09-22T14:00:33.091763+00:00,ETH-26SEP26-2940-P,2757.32,ETH-26SEP26,put,2940.0,2026-09-26T08:00:00+00:00,0.010265891837053514,0.067,0.0735,0.070547,0.07025,2757.32,ETH-26SEP26,0.5757,-0.8616,0.61638,0.0,0.0,0.006499999999999992,ETH,2752.14,0.0
2026-09-22T14:00:33.091763+00:00,ETH-24SEP26-2850-P,2756.23,ETH-24SEP26,put,2850.0,2026-09-24T08:00:00+00:00,0.004790190262789312,0.037,0.0405,0.038483,0.03875,2756.23,ETH-24SEP26,0.5694,-0.80429,0.52637,0.0,0.0,0.003500000000000003,ETH,2752.01,0.0
2026-09-22T14:00:33.091763+00:00,ETH-25DEC26-7000-C,2788.66,ETH-25DEC26,call,7000.0,2026-12-25T08:00:00+00:00,0.2566724626789426,0.001,0.0014,0.001188,0.0012,2788.66,ETH-25DEC26,0.7289,0.01046,0.39136,3956.0,0.0,0.00039999999999999996,ETH,2752.01,0.0
2026-09-22T14:00:33.091763+00:00,ETH-2OCT26-2450-C,2758.85,ETH-2OCT26,call,2450.0,2026-10-02T08:00:00+00:00,0.02669299655984612,0.1135,0.117,0.115306,0.11525,2758.85,ETH-2OCT26,0.5399,0.91584,0.69559,1505.0,0.0,0.003500000000000003,ETH,2752.01,0.0
2026-09-22T14:00:33.091763+00:00,ETH-25SEP26-2250-P,2756.96,ETH-25SEP26,put,2250.0,2026-09-25T08:00:00+00:00,0.007528041049921413,0.0001,0.0004,0.000226,0.00025,2756.96,ETH-25SEP26,0.9854999999999999,-0.00802,0.05247,6718.0,8.0,0.00030000000000000003,ETH,2752.01,6.58
2026-09-22T14:00:33.091763+00:00,ETH-2OCT26-2600-C,2758.76,ETH-2OCT26,call,2600.0,2026-10-02T08:00:00+00:00,0.02669299655984612,0.067,0.069,0.06824,0.068,2758.76,ETH-2OCT26,0.4976,0.77518,1.34996,2449.0,207.0,0.0020000000000000018,ETH,2751.93,37098.63
2026-09-22T14:00:33.091763+00:00,ETH-25DEC26-1800-P,2788.66,ETH-25DEC26,put,1800.0,2026-12-25T08:00:00+00:00,0.2566724626789426,0.009,0.01,0.009285,0.0095,2788.66,ETH-25DEC26,0.6195,-0.06084,1.70007,6222.0,120.0,0.0010000000000000009,ETH,2751.93,3129.31
2026-09-22T14:00:33.091763+00:00,ETH-27NOV26-3600-C,2778.27,ETH-27NOV26,call,3600.0,2026-11-27T08:00:00+00:00,0.1800126406392438,0.0175,0.0185,0.018216,0.018,2778.27,ETH-27NOV26,0.5543,0.16141,2.88227,3848.0,137.0,0.0009999999999999974,ETH,2751.93,7572.2
2026-09-22T14:00:33.091763+00:00,ETH-26SEP26-2900-C,2757.32,ETH-26SEP26,call,2900.0,2026-09-26T08:00:00+00:00,0.010265891837053514,0.0055,0.006,0.005792,0.00575,2757.32,ETH-26SEP26,0.5550999999999999,0.18707,0.75008,0.0,0.0,0.0005000000000000004,ETH,2751.93,0.0
2026-09-22T14:00:33.091763+00:00,ETH-25JUN27-1400-P,2847.33,ETH-25JUN27,put,1400.0,2027-06-25T08:00:00+00:00,0.7549613059369851,0.018,0.0185,0.018097,0.01825,2847.33,ETH-25JUN27,0.6391,-0.06011,2.94908,1801.0,750.0,0.0005000000000000004,ETH,2751.93,39122.29
2026-09-22T14:00:33.091763+00:00,ETH-23SEP26-2600-C,2755.51,ETH-23SEP26,call,2600.0,2026-09-23T08:00:00+00:00,0.002052339475657211,0.0535,0.06,0.056424,0.05675,2755.51,ETH-23SEP26,0.5982,0.9829,0.05276,118.0,18.0,0.006499999999999999,ETH,2751.93,2617.2
2026-09-22T14:00:33.091763+00:00,ETH-23SEP26-2450-C,2755.51,ETH-23SEP26,call,2450.0,2026-09-23T08:00:00+00:00,0.002052339475657211,0.109,0.1125,0.11081,0.11075,2755.51,ETH-23SEP26,1.042,0.99364,0.0223,0.0,0.0,0.003500000000000003,ETH,2751.47,0.0
2026-09-22T14:00:33.091763+00:00,ETH-25JUN27-1600-C,2847.33,ETH-25JUN27,call,1600.0,2027-06-25T08:00:00+00:00,0.7549613059369851,0.463,0.467,0.465129,0.465,2847.33,ETH-25JUN27,0.6081,0.91192,3.95077,357.0,2.0,0.0040000000000000036,ETH,2751.47,2586.41
2026-09-22T14:00:33.091763+00:00,ETH-27NOV26-2950-C,2778.17,ETH-27NOV26,call,2950.0,2026-11-27T08:00:00+00:00,0.1800126406392438,0.063,0.0645,0.063672,0.06375,2778.17,ETH-27NOV26,0.5243,0.43483,4.6352,525.0,13.0,0.0015000000000000013,ETH,2751.47,2216.18
2026-09-22T14:00:33.091763+00:00,ETH-27NOV26-2750-C,2778.17,ETH-27NOV26,call,2750.0,2026-11-27T08:00:00+00:00,0.1800126406392438,0.0925,0.094,0.092971,0.09325,2778.17,ETH-27NOV26,0.5224,0.56008,4.64466,2491.0,132.0,0.0015000000000000013,ETH,2751.47,33206.55
2026-09-22T14:00:33.091763+00:00,ETH-25DEC26-5000-C,2788.75,ETH-25DEC26,call,5000.0,2026-12-25T08:00:00+00:00,0.2566724626789426,0.005,0.006,0.005516,0.0055,2788.75,ETH-25DEC26,0.628,0.04653,1.37427,4249.0,57.0,0.001,ETH,2751.0,1096.08
2026-09-22T14:00:33.091763+00:00,ETH-26MAR27-3900-C,2816.82,ETH-26MAR27,call,3900.0,2027-03-26T08:00:00+00:00,0.5058168843079639,0.0535,0.055,0.054181,0.05425,2816.82,ETH-26MAR27,0.5605,0.26771,6.58942,1.0,1.0,0.0015000000000000013,ETH,2751.47,146.77
2026-09-22T14:00:33.091763+00:00,ETH-26MAR27-2900-P,2816.84,ETH-26MAR27,put,2900.0,2027-03-26T08:00:00+00:00,0.5058168843079639,0.17,0.172,0.170827,0.171,2816.84,ETH-26MAR27,0.5433,-0.45436,7.93223,262.0,10.0,0.001999999999999974,ETH,2751.47,4986.8
2026-09-22T14:00:33.091763+00:00,ETH-9OCT26-3400-C,2761.15,ETH-9OCT26,call,3400.0,2026-10-09T08:00:00+00:00,0.04585795206977083,0.0027,0.003,0.00284,0.00285,2761.15,ETH-9OCT26,0.5871999999999999,0.05456,0.65293,3061.0,59.0,0.0002999999999999999,ETH,2751.47,521.97
2026-09-22T14:00:33.091763+00:00,ETH-25JUN27-4500-C,2847.33,ETH-25JUN27,call,4500.0,2027-06-25T08:00:00+00:00,0.7549613059369851,0.0585,0.06,0.059236,0.05925,2847.33,ETH-25JUN27,0.5718,0.24978,7.84968,1429.0,0.0,0.0014999999999999944,ETH,2751.0,0.0
2026-09-22T14:00:33.091763+00:00,ETH-25SEP26-4500-C,2757.05,ETH-25SEP26,call,4500.0,2026-09-25T08:00:00+00:00,0.007528041049921413,,0.0001,0.0,,2757.05,ETH-25SEP26,1.2584,0.0,5e-05,8189.0,0.0,,ETH,2751.0,0.0
2026-09-22T14:00:33.091763+00:00,ETH-25SEP26-2750-P,2757.05,ETH-25SEP26,put,2750.0,2026-09-25T08:00:00+00:00,0.007528041049921413,0.016,0.017,0.016381,0.0165,2757.05,ETH-25SEP26,0.5086999999999999,-0.48155,0.95179,722.0,621.0,0.0010000000000000009,ETH,2751.0,37391.53
2026-09-22T14:00:33.091763+00:00,ETH-27NOV26-2900-C,2778.27,ETH-27NOV26,call,2900.0,2026-11-27T08:00:00+00:00,0.1800126406392438,0.0695,0.071,0.07009,0.07025,2778.27,ETH-27NOV26,0.5235,0.46454,4.67814,796.0,0.0,0.0014999999999999875,ETH,2750.73,0.0
2026-09-22T14:00:33.091763+00:00,ETH-26MAR27-4400-P,2816.84,ETH-26MAR27,put,4400.0,2027-03-26T08:00:00+00:00,0.5058168843079639,0.587,0.608,0.597435,0.5975,2816.84,ETH-26MAR27,0.5744,-0.81345,5.36916,2.0,0.0,0.02100000000000002,ETH,2751.0,0.0
2026-09-22T14:00:33.091763+00:00,ETH-30OCT26-1600-P,2767.89,ETH-30OCT26,put,1600.0,2026-10-30T08:00:00+00:00,0.10335281859954495,0.0008,0.0011,0.000949,0.00095,2767.89,ETH-30OCT26,0.7779,-0.01044,0.24598,2688.0,0.0,0.00030000000000000003,ETH,2750.73,0.0
2026-09-22T14:00:33.091763+00:00,ETH-25JUN27-4200-C,2847.33,ETH-25JUN27,call,4200.0,2027-06-25T08:00:00+00:00,0.7549613059369851,0.071,0.073,0.07186,0.072,2847.33,ETH-25JUN27,0.5663,0.29228,8.48951,576.0,0.0,0.0020000000000000018,ETH,2750.69,0.0
2026-09-22T14:00:33.091763+00:00,ETH-27NOV26-4800-P,2778.27,ETH-27NOV26,put,4800.0,2026-11-27T08:00:00+00:00,0.1800126406392438,0.722,0.7395,0.731025,0.73075,2778.27,ETH-27NOV26,0.6445000000000001,-0.9691,0.82109,0.0,0.0,0.01750000000000007,ETH,2750.73,0.0
2026-09-22T14:00:33.091763+00:00,ETH-24SEP26-2400-P,2756.32,ETH-24SEP26,put,2400.0,2026-09-24T08:00:00+00:00,0.004790190262789312,0.0001,0.0002,0.000156,0.00015,2756.32,ETH-24SEP26,0.8398,-0.00853,0.04417,120.0,14.0,0.0001,ETH,2750.69,14.72
2026-09-22T14:00:33.091763+00:00,ETH-25SEP26-7000-C,2757.05,ETH-25SEP26,call,7000.0,2026-09-25T08:00:00+00:00,0.007528041049921413,,0.0001,0.0,,2757.05,ETH-25SEP26,1.2584,0.0,0.0,2135.0,0.0,,ETH,2750.73,0.0
2026-09-22T14:00:33.091763+00:00,ETH-27NOV26-2500-P,2778.27,ETH-27NOV26,put,2500.0,2026-11-27T08:00:00+00:00,0.1800126406392438,0.0435,0.0445,0.044116,0.044,2778.27,ETH-27NOV26,0.5295000000000001,-0.28264,3.98105,2756.0,40.0,0.0010000000000000009,ETH,2750.69,5123.85
2026-09-22T14:00:33.091763+00:00,ETH-25SEP26-11000-P,2757.05,ETH-25SEP26,put,11000.0,2026-09-25T08:00:00+00:00,0.007528041049921413,2.9765,3.0035,2.990133,2.99,2757.05,ETH-25SEP26,1.5529,-1.0,0.0,0.0,0.0,0.02699999999999969,ETH,2750.69,0.0
2026-09-22T14:00:33.091763+00:00,ETH-25SEP26-3300-P,2756.96,ETH-25SEP26,put,3300.0,2026-09-25T08:00:00+00:00,0.007528041049921413,0.1935,0.201,0.197245,0.19725,2756.96,ETH-25SEP26,0.8549,-0.99208,0.05187,13.0,0.0,0.007500000000000007,ETH,2750.69,0.0
2026-09-22T14:00:33.091763+00:00,ETH-26MAR27-1000-C,2816.84,ETH-26MAR27,call,1000.0,2027-03-26T08:00:00+00:00,0.5058168843079639,0.6475,0.65,0.648825,0.64875,2816.84,ETH-26MAR27,0.7806000000000001,0.9838,0.80955,269.0,0.0,0.0025000000000000577,ETH,2750.69,0.0
2026-09-22T14:00:33.091763+00:00,ETH-25JUN27-3300-C,2847.33,ETH-25JUN27,call,3300.0,2027-06-25T08:00:00+00:00,0.7549613059369851,0.134,0.136,0.134943,0.135,2847.33,ETH-25JUN27,0.5531,0.47229,9.835,2277.0,10.0,0.0020000000000000018,ETH,2750.87,3602.78
2026-09-22T14:00:33.091763+00:00,ETH-26SEP26-2580-P,2757.32,ETH-26SEP26,put,2580.0,2026-09-26T08:00:00+00:00,0.010265891837053514,0.0025,0.0029,0.002721,0.0027,2757.32,ETH-26SEP26,0.5304,-0.10861,0.51973,0.0,0.0,0.00039999999999999975,ETH,2750.87,0.0
2026-09-22T14:00:33.091763+00:00,ETH-27NOV26-4000-C,2778.27,ETH-27NOV26,call,4000.0,2026-11-27T08:00:00+00:00,0.1800126406392438,0.0085,0.0095,0.009088,0.009,2778.27,ETH-27NOV26,0.5815,0.08696,1.86344,1809.0,129.0,0.0009999999999999992,ETH,2750.87,3998.17
2026-09-22T14:00:33.091763+00:00,ETH-25JUN27-1500-C,2847.33,ETH-25JUN27,call,1500.0,2027-06-25T08:00:00+00:00,0.7549613059369851,0.493,0.497,0.495325,0.495,2847.33,ETH-25JUN27,0.6222,0.92685,3.43193,50.0,0.0,0.0040000000000000036,ETH,2750.85,0.0
2026-09-22T14:00:33.091763+00:00,ETH-25SEP26-8000-C,2757.05,ETH-25SEP26,call,8000.0,2026-09-25T08:00:00+00:00,0.007528041049921413,,0.0001,0.0,,2757.05,ETH-25SEP26,1.2608,0.0,0.0,1654.0,0.0,,ETH,2750.87,0.0
2026-09-22T14:00:33.091763+00:00,ETH-25DEC26-6500-P,2788.66,ETH-25DEC26,put,6500.0,2026-12-25T08:00:00+00:00,0.2566724626789426,1.321,1.347,1.332599,1.334,2788.66,ETH-25DEC26,0.7043,-0.98597,0.50461,0.0,0.0,0.026000000000000023,ETH,2750.85,0.0
2026-09-22T14:00:33.091763+00:00,ETH-24SEP26-3100-P,2756.23,ETH-24SEP26,put,3100.0,2026-09-24T08:00:00+00:00,0.004790190262789312,0.1215,0.1285,0.125148,0.125,2756.23,ETH-24SEP26,0.8009999999999999,-0.98305,0.08006,0.0,0.0,0.007000000000000006,ETH,2750.85,0.0
2026-09-22T14:00:33.091763+00:00,ETH-25SEP26-4200-P,2756.96,ETH-25SEP26,put,4200.0,2026-09-25T08:00:00+00:00,0.007528041049921413,0.5185,0.5285,0.523506,0.5235,2756.96,ETH-25SEP26,1.1857,-0.99997,0.00026,551.0,0.0,0.010000000000000009,ETH,2750.87,0.0
2026-09-22T14:00:33.091763+00:00,ETH-24SEP26-2550-C,2756.23,ETH-24SEP26,call,2550.0,2026-09-24T08:00:00+00:00,0.004790190262789312,0.0725,0.0785,0.075275,0.0755,2756.23,ETH-24SEP26,0.6064,0.96703,0.14007,0.0,0.0,0.006000000000000005,ETH,2750.85,0.0
2026-09-22T14:00:33.091763+00:00,ETH-26MAR27-3600-C,2816.82,ETH-26MAR27,call,3600.0,2027-03-26T08:00:00+00:00,0.5058168843079639,0.071,0.0725,0.071496,0.07175,2816.82,ETH-26MAR27,0.5533,0.33354,7.27728,2188.0,16.0,0.0015000000000000013,ETH,2750.85,3211.01
2026-09-22T14:00:33.091763+00:00,ETH-26MAR27-3400-P,2816.84,ETH-26MAR27,put,3400.0,2027-03-26T08:00:00+00:00,0.5058168843079639,0.2905,0.2975,0.293728,0.294,2816.84,ETH-26MAR27,0.5492,-0.61411,7.65392,13.0,10.0,0.007000000000000006,ETH,2750.85,7950.29
2026-09-22T14:00:33.091763+00:00,ETH-26SEP26-2800-C,2757.22,ETH-26SEP26,call,2800.0,2026-09-26T08:00:00+00:00,0.010265891837053514,0.0135,0.0145,0.013996,0.014,2757.22,ETH-26SEP26,0.5121,0.38211,1.06389,0.0,0.0,0.0010000000000000009,ETH,2750.86,0.0
2026-09-22T14:00:33.091763+00:00,ETH-23SEP26-2550-C,2755.51,ETH-23SEP26,call,2550.0,2026-09-23T08:00:00+00:00,0.002052339475657211,0.0715,0.078,0.074565,0.07475,2755.51,ETH-23SEP26,0.7626999999999999,0.98673,0.04243,4.0,4.0,0.006500000000000006,ETH,2750.86,833.05
2026-09-22T14:00:33.091763+00:00,ETH-30OCT26-1400-C,2767.8,ETH-30OCT26,call,1400.0,2026-10-30T08:00:00+00:00,0.10335281859954495,0.4935,0.496,0.494672,0.49475,2767.8,ETH-30OCT26,0.8776999999999999,0.99463,0.13697,50.0,0.0,0.0025000000000000022,ETH,2750.86,0.0
2026-09-22T14:00:33.091763+00:00,ETH-9OCT26-2750-P,2761.15,ETH-9OCT26,put,2750.0,2026-10-09T08:00:00+00:00,0.04585795206977083,0.0395,0.0405,0.039945,0.04,2761.15,ETH-9OCT26,0.4914,-0.46955,2.34902,196.0,167.0,0.0010000000000000009,ETH,2750.86,17733.63
2026-09-22T14:00:33.091763+00:00,ETH-25DEC26-2600-C,2788.66,ETH-25DEC26,call,2600.0,2026-12-25T08:00:00+00:00,0.2566724626789426,0.14,0.142,0.140895,0.141,2788.66,ETH-25DEC26,0.5322,0.65145,5.21932,9763.0,20.0,0.001999999999999974,ETH,2750.94,7730.97
2026-09-22T14:00:33.091763+00:00,ETH-23SEP26-2720-C,2755.42,ETH-23SEP26,call,2720.0,2026-09-23T08:00:00+00:00,0.002052339475657211,0.014,0.0185,0.016108,0.01625,2755.42,ETH-23SEP26,0.45899999999999996,0.71335,0.42379,177.0,4.0,0.004499999999999999,ETH,2750.94,184.95
2026-09-22T14:00:33.091763+00:00,ETH-25JUN27-2400-C,2847.33,ETH-25JUN27,call,2400.0,2027-06-25T08:00:00+00:00,0.7549613059369851,0.263,0.2665,0.264563,0.26475,2847.33,ETH-25JUN27,0.5540999999999999,0.72331,8.27086,959.0,54.0,0.003500000000000003,ETH,2750.94,38015.76
2026-09-22T14:00:33.091763+00:00,ETH-25JUN27-5000-C,2847.33,ETH-25JUN27,call,5000.0,2027-06-25T08:00:00+00:00,0.7549613059369851,0.0435,0.044,0.043758,0.04375,2847.33,ETH-25JUN27,0.5815,0.19375,6.78706,5544.0,1.0,0.0005000000000000004,ETH,2750.94,117.34
2026-09-22T14:00:33.091763+00:00,ETH-25JUN27-2500-P,2847.33,ETH-25JUN27,put,2500.0,2027-06-25T08:00:00+00:00,0.7549613059369851,0.1225,0.1245,0.123637,0.1235,2847.33,ETH-25JUN27,0.5527000000000001,-0.30569,8.66548,2893.0,85.0,0.0020000000000000018,ETH,2751.06,28307.51
2026-09-22T14:00:33.091763+00:00,ETH-30OCT26-1850-P,2767.89,ETH-30OCT26,put,1850.0,2026-10-30T08:00:00+00:00,0.10335281859954495,0.0019,0.0023,0.002072,0.0021,2767.89,ETH-30OCT26,0.6686,-0.02416,0.50482,1285.0,10.0,0.00039999999999999996,ETH,2751.06,55.16
2026-09-22T14:00:33.091763+00:00,ETH-25SEP26-2650-P,2757.05,ETH-25SEP26,put,2650.0,2026-09-25T08:00:00+00:00,0.007528041049921413,0.0042,0.0045,0.004466,0.00435,2757.05,ETH-25SEP26,0.5123,-0.18936,0.64676,2743.0,2481.0,0.0002999999999999999,ETH,2750.94,53319.62
2026-09-22T14:00:33.091763+00:00,ETH-26SEP26-2860-C,2757.22,ETH-26SEP26,call,2860.0,2026-09-26T08:00:00+00:00,0.010265891837053514,0.008,0.0085,0.008216,0.00825,2757.22,ETH-26SEP26,0.5357,0.25029,0.88705,0.0,0.0,0.0005000000000000004,ETH,2751.06,0.0
2026-09-22T14:00:33.091763+00:00,ETH-2OCT26-2700-P,2758.75,ETH-2OCT26,put,2700.0,2026-10-02T08:00:00+00:00,0.02669299655984612,0.0215,0.0225,0.021884,0.022,2758.75,ETH-2OCT26,0.48700000000000004,-0.38495,1.72078,285.0,48.0,0.0010000000000000009,ETH,2751.06,3044.45
2026-09-22T14:00:33.091763+00:00,ETH-30OCT26-3050-C,2767.8,ETH-30OCT26,call,3050.0,2026-10-30T08:00:00+00:00,0.10335281859954495,0.029,0.03,0.029629,0.0295,2767.8,ETH-30OCT26,0.5125,0.30317,3.10503,103.0,149.0,0.0009999999999999974,ETH,2751.06,12273.77
2026-09-22T14:00:33.091763+00:00,ETH-24SEP26-2550-P,2756.32,ETH-24SEP26,put,2550.0,2026-09-24T08:00:00+00:00,0.004790190262789312,0.0004,0.0006,0.000505,0.0005,2756.32,ETH-24SEP26,0.6064,-0.03282,0.13956,1.0,1.0,0.00019999999999999993,ETH,2751.06,2.19
2026-09-22T14:00:33.091763+00:00,ETH-24SEP26-2440-C,2756.23,ETH-24SEP26,call,2440.0,2026-09-24T08:00:00+00:00,0.004790190262789312,0.113,0.1165,0.114845,0.11475,2756.23,ETH-24SEP26,0.7548999999999999,0.99019,0.0499,0.0,0.0,0.003500000000000003,ETH,2751.13,0.0
2026-09-22T14:00:33.091763+00:00,ETH-9OCT26-2600-P,2761.15,ETH-9OCT26,put,2600.0,2026-10-09T08:00:00+00:00,0.04585795206977083,0.018,0.019,0.01846,0.0185,2761.15,ETH-9OCT26,0.4971,-0.27301,1.96342,136.0,44.0,0.0010000000000000009,ETH,2751.06,2405.69
2026-09-22T14:00:33.091763+00:00,ETH-25DEC26-4200-C,2788.66,ETH-25DEC26,call,4200.0,2026-12-25T08:00:00+00:00,0.2566724626789426,0.013,0.014,0.013561,0.0135,2788.66,ETH-25DEC26,0.5826,0.10674,2.59697,6310.0,341.0,0.0010000000000000009,ETH,2751.13,14049.74
2026-09-22T14:00:33.091763+00:00,ETH-26MAR27-8000-P,2816.84,ETH-26MAR27,put,8000.0,2027-03-26T08:00:00+00:00,0.5058168843079639,1.823,1.8705,1.844858,1.84675,2816.84,ETH-26MAR27,0.6784,-0.97284,1.25372,0.0,0.0,0.0475000000000001,ETH,2751.13,0.0
2026-09-22T14:00:33.091763+00:00,ETH-25JUN27-6500-P,2847.33,ETH-25JUN27,put,6500.0,2027-06-25T08:00:00+00:00,0.7549613059369851,1.286,1.3225,1.303692,1.30425,2847.33,ETH-25JUN27,0.6143,-0.89995,4.33903,0.0,0.0,0.03649999999999998,ETH,2751.13,0.0
2026-09-22T14:00:33.091763+00:00,ETH-30OCT26-2550-C,2767.89,ETH-30OCT26,call,2550.0,2026-10-30T08:00:00+00:00,0.10335281859954495,0.1085,0.1105,0.109587,0.1095,2767.89,ETH-30OCT26,0.5085000000000001,0.71719,3.00652,2785.0,30.0,0.0020000000000000018,ETH,2751.18,9428.71
2026-09-22T14:00:33.091763+00:00,ETH-25SEP26-8500-C,2756.96,ETH-25SEP26,call,8500.0,2026-09-25T08:00:00+00:00,0.007528041049921413,,0.0001,0.0,,2756.96,ETH-25SEP26,1.3075,0.0,0.0,1699.0,0.0,,ETH,2751.13,0.0
2026-09-22T14:00:33.091763+00:00,ETH-2OCT26-2650-C,2758.76,ETH-2OCT26,call,2650.0,2026-10-02T08:00:00+00:00,0.02669299655984612,0.0535,0.056,0.054856,0.05475,2758.76,ETH-2OCT26,0.4902,0.70022,1.56482,902.0,67.0,0.0025000000000000022,ETH,2751.18,11970.12
2026-09-22T14:00:33.091763+00:00,ETH-27NOV26-2600-C,2778.27,ETH-27NOV26,call,2600.0,2026-11-27T08:00:00+00:00,0.1800126406392438,0.121,0.123,0.121601,0.122,2778.27,ETH-27NOV26,0.5249,0.65644,4.33154,1190.0,0.0,0.0020000000000000018,ETH,2751.18,0.0
2026-09-22T14:00:33.091763+00:00,ETH-26MAR27-5000-P,2816.84,ETH-26MAR27,put,5000.0,2027-03-26T08:00:00+00:00,0.5058168843079639,0.786,0.8115,0.797455,0.79875,2816.84,ETH-26MAR27,0.5929,-0.87545,4.10913,21.0,0.0,0.025499999999999967,ETH,2751.18,0.0
2026-09-22T14:00:33.091763+00:00,ETH-23SEP26-2560-P,2755.51,ETH-23SEP26,put,2560.0,2026-09-23T08:00:00+00:00,0.002052339475657211,,0.0002,0.000155,,2755.51,ETH-23SEP26,0.7356999999999999,-0.01448,0.04573,931.0,654.0,,ETH,2751.18,539.5
2026-09-22T14:00:33.091763+00:00,ETH-25SEP26-4500-P,2757.05,ETH-25SEP26,put,4500.0,2026-09-25T08:00:00+00:00,0.007528041049921413,0.6275,0.637,0.632327,0.63225,2757.05,ETH-25SEP26,1.2584,-1.0,5e-05,6.0,0.0,0.009500000000000064,ETH,2751.18,0.0
2026-09-22T14:00:33.091763+00:00,ETH-26SEP26-2600-P,2757.22,ETH-26SEP26,put,2600.0,2026-09-26T08:00:00+00:00,0.010265891837053514,0.0032,0.0036,0.003437,0.0034,2757.22,ETH-26SEP26,0.5203,-0.13275,0.59877,0.0,0.0,0.00039999999999999975,ETH,2751.18,0.0
2026-09-22T14:00:33.091763+00:00,ETH-30OCT26-3200-C,2767.89,ETH-30OCT26,call,3200.0,2026-10-30T08:00:00+00:00,0.10335281859954495,0.019,0.0195,0.0194,0.01925,2767.89,ETH-30OCT26,0.5232,0.21578,2.60268,11969.0,551.0,0.0005000000000000004,ETH,2751.17,30400.79
2026-09-22T14:00:33.091763+00:00,ETH-23SEP26-2540-P,2755.42,ETH-23SEP26,put,2540.0,2026-09-23T08:00:00+00:00,0.002052339475657211,,0.0002,0.000137,,2755.42,ETH-23SEP26,0.7902,-0.01205,0.03902,1018.0,82.0,,ETH,2751.17,67.53
2026-09-22T14:00:33.091763+00:00,ETH-23SEP26-2460-C,2755.51,ETH-23SEP26,call,2460.0,2026-09-23T08:00:00+00:00,0.002052339475657211,0.105,0.1095,0.107182,0.10725,2755.51,ETH-23SEP26,1.0114,0.99328,0.02341,3.0,0.0,0.004500000000000004,ETH,2751.17,0.0
2026-09-22T14:00:33.091763+00:00,ETH-26SEP26-2540-C,2757.22,ETH-26SEP26,call,2540.0,2026-09-26T08:00:00+00:00,0.010265891837053514,0.0785,0.082,0.080403,0.08025,2757.22,ETH-26SEP26,0.555,0.92824,0.3818,0.0,0.0,0.003500000000000003,ETH,2751.17,0.0
2026-09-22T14:00:33.091763+00:00,ETH-23SEP26-2640-P,2755.42,ETH-23SEP26,put,2640.0,2026-09-23T08:00:00+00:00,0.002052339475657211,0.0002,0.0004,0.000314,0.0003,2755.42,ETH-23SEP26,0.5185,-0.03677,0.10018,1127.0,1290.0,0.0002,ETH,2751.12,4076.82
2026-09-22T14:00:33.091763+00:00,ETH-26MAR27-800-C,2816.6,ETH-26MAR27,call,800.0,2027-03-26T08:00:00+00:00,0.5058168843079639,0.717,0.7195,0.718185,0.71825,2816.6,ETH-26MAR27,0.8572,0.99102,0.48527,0.0,0.0,0.0025000000000000577,ETH,2751.17,0.0
2026-09-22T14:00:33.091763+00:00,ETH-26MAR27-4400-C,2816.82,ETH-26MAR27,call,4400.0,2027-03-26T08:00:00+00:00,0.5058168843079639,0.0345,0.036,0.035148,0.03525,2816.82,ETH-26MAR27,0.5744,0.18659,5.37023,940.0,267.0,0.0014999999999999944,ETH,2751.17,27273.81
2026-09-22T14:00:33.091763+00:00,ETH-26SEP26-2900-P,2757.22,ETH-26SEP26,put,2900.0,2026-09-26T08:00:00+00:00,0.010265891837053514,0.056,0.0595,0.057717,0.05775,2757.22,ETH-26SEP26,0.5550999999999999,-0.81453,0.74585,0.0,0.0,0.003499999999999996,ETH,2751.12,0.0
2026-09-22T14:00:33.091763+00:00,ETH-25DEC26-3000-P,2788.75,ETH-25DEC26,put,3000.0,2026-12-25T08:00:00+00:00,0.2566724626789426,0.1525,0.154,0.153366,0.15325,2788.75,ETH-25DEC26,0.5325,-0.55598,5.57502,803.0,135.0,0.0015000000000000013,ETH,2751.17,58398.83
2026-09-22T14:00:33.091763+00:00,ETH-23SEP26-3000-P,2755.51,ETH-23SEP26,put,3000.0,2026-09-23T08:00:00+00:00,0.002052339475657211,0.0855,0.0925,0.089062,0.089,2755.51,ETH-23SEP26,0.8205,-0.9898,0.03375,0.0,0.0,0.006999999999999992,ETH,2751.04,0.0
2026-09-22T14:00:33.091763+00:00,ETH-25JUN27-4100-C,2847.33,ETH-25JUN27,call,4100.0,2027-06-25T08:00:00+00:00,0.7549613059369851,0.076,0.078,0.076798,0.077,2847.33,ETH-25JUN27,0.5645,0.30835,8.69889,0.0,0.0,0.0020000000000000018,ETH,2751.12,0.0
2026-09-22T14:00:33.091763+00:00,ETH-25SEP26-2500-P,2757.05,ETH-25SEP26,put,2500.0,2026-09-25T08:00:00+00:00,0.007528041049921413,0.0006,0.0009,0.000767,0.00075,2757.05,ETH-25SEP26,0.6305,-0.036,0.18888,5726.0,3133.0,0.00030000000000000003,ETH,2751.12,11022.76
2026-09-22T14:00:33.091763+00:00,ETH-25SEP26-13000-C,2757.05,ETH-25SEP26,call,13000.0,2026-09-25T08:00:00+00:00,0.007528041049921413,,0.0001,0.0,,2757.05,ETH-25SEP26,1.7075,0.0,0.0,3307.0,0.0,,ETH,2751.12,0.0
2026-09-22T14:00:33.091763+00:00,ETH-25SEP26-7200-P,2757.05,ETH-25SEP26,put,7200.0,2026-09-25T08:00:00+00:00,0.007528041049921413,1.605,1.619,1.611724,1.612,2757.05,ETH-25SEP26,1.2584,-1.0,0.0,0.0,0.0,0.014000000000000012,ETH,2751.12,0.0
2026-09-22T14:00:33.091763+00:00,ETH-25JUN27-1900-P,2847.33,ETH-25JUN27,put,1900.0,2027-06-25T08:00:00+00:00,0.7549613059369851,0.047,0.0485,0.047763,0.04775,2847.33,ETH-25JUN27,0.5769,-0.14576,5.65291,3374.0,1.0,0.0015000000000000013,ETH,2751.12,131.44
2026-09-22T14:00:33.091763+00:00,ETH-23SEP26-2760-P,2755.51,ETH-23SEP26,put,2760.0,2026-09-23T08:00:00+00:00,0.002052339475657211,0.009,0.01,0.009856,0.0095,2755.51,ETH-23SEP26,0.4938,-0.55029,0.49271,109.0,109.0,0.0010000000000000009,ETH,2751.04,3937.15
2026-09-22T14:00:33.091763+00:00,ETH-26SEP26-2520-P,2757.32,ETH-26SEP26,put,2520.0,2026-09-26T08:00:00+00:00,0.010265891837053514,0.0013,0.0016,0.001429,0.00145,2757.32,ETH-26SEP26,0.5704,-0.05924,0.32902,0.0,0.0,0.00030000000000000014,ETH,2751.04,0.0
2026-09-22T14:00:33.091763+00:00,ETH-27NOV26-3400-P,2778.27,ETH-27NOV26,put,3400.0,2026-11-27T08:00:00+00:00,0.1800126406392438,0.2455,0.2565,0.250538,0.251,2778.27,ETH-27NOV26,0.5426,-0.77875,3.49766,0.0,0.0,0.01100000000000001,ETH,2751.39,0.0
2026-09-22T14:00:33.091763+00:00,ETH-25DEC26-4500-C,2788.75,ETH-25DEC26,call,4500.0,2026-12-25T08:00:00+00:00,0.2566724626789426,0.009,0.01,0.009483,0.0095,2788.75,ETH-25DEC26,0.6002000000000001,0.07702,2.03867,3349.0,253.0,0.0010000000000000009,ETH,2751.04,6192.68
2026-09-22T14:00:33.091763+00:00,ETH-30OCT26-1000-P,2767.8,ETH-30OCT26,put,1000.0,2026-10-30T08:00:00+00:00,0.10335281859954495,0.0001,0.0002,0.000195,0.00015,2767.8,ETH-30OCT26,1.15,-0.00165,0.04738,2270.0,397.0,0.0001,ETH,2751.39,141.28
2026-09-22T14:00:33.091763+00:00,ETH-25JUN27-1400-C,2847.33,ETH-25JUN27,call,1400.0,2027-06-25T08:00:00+00:00,0.7549613059369851,0.524,0.528,0.526383,0.526,2847.33,ETH-25JUN27,0.6391,0.93985,2.95017,50.0,0.0,0.0040000000000000036,ETH,2751.39,0.0
2026-09-22T14:00:33.091763+00:00,ETH-26MAR27-2300-C,2816.84,ETH-26MAR27,call,2300.0,2027-03-26T08:00:00+00:00,0.5058168843079639,0.25,0.2535,0.251526,0.25175,2816.84,ETH-26MAR27,0.5537,0.76058,6.21349,5162.0,6800.0,0.003500000000000003,ETH,2751.39,4573848.39
2026-09-22T14:00:33.091763+00:00,ETH-26SEP26-2680-P,2757.22,ETH-26SEP26,put,2680.0,2026-09-26T08:00:00+00:00,0.010265891837053514,0.0085,0.0095,0.009005,0.009,2757.22,ETH-26SEP26,0.4997,-0.28638,0.94957,1.0,1.0,0.0009999999999999992,ETH,2751.84,27.41
2026-09-22T14:00:33.091763+00:00,ETH-25SEP26-6400-C,2757.05,ETH-25SEP26,call,6400.0,2026-09-25T08:00:00+00:00,0.007528041049921413,,0.0001,0.0,,2757.05,ETH-25SEP26,1.2584,0.0,0.0,2860.0,0.0,,ETH,2751.39,0.0
2026-09-22T14:00:33.091763+00:00,ETH-25DEC26-3500-P,2788.66,ETH-25DEC26,put,3500.0,2026-12-25T08:00:00+00:00,0.2566724626789426,0.2855,0.2975,0.291059,0.2915,2788.66,ETH-25DEC26,0.5474,-0.75331,4.45366,64.0,0.0,0.01200000000000001,ETH,2751.39,0.0
2026-09-22T14:00:33.091763+00:00,ETH-26MAR27-6000-C,2816.84,ETH-26MAR27,call,6000.0,2027-03-26T08:00:00+00:00,0.5058168843079639,0.011,0.012,0.011498,0.0115,2816.84,ETH-26MAR27,0.6236999999999999,0.06878,2.65159,6137.0,40.0,0.0010000000000000009,ETH,2751.84,1402.27
2026-09-22T14:00:33.091763+00:00,ETH-23SEP26-2300-C,2755.51,ETH-23SEP26,call,2300.0,2026-09-23T08:00:00+00:00,0.002052339475657211,0.1635,0.1665,0.165166,0.165,2755.51,ETH-23SEP26,1.1261,0.99981,0.00091,0.0,0.0,0.0030000000000000027,ETH,2752.08,0.0
2026-09-22T14:00:33.091763+00:00,ETH-2OCT26-2900-P,2758.76,ETH-2OCT26,put,2900.0,2026-10-02T08:00:00+00:00,0.02669299655984612,0.0645,0.0665,0.065499,0.0655,2758.76,ETH-2OCT26,0.5069,-0.71734,1.52281,10.0,10.0,0.0020000000000000018,ETH,2751.84,1911.92
2026-09-22T14:00:33.091763+00:00,ETH-23SEP26-2880-C,2755.42,ETH-23SEP26,call,2880.0,2026-09-23T08:00:00+00:00,0.002052339475657211,0.0008,0.0012,0.001038,0.001,2755.42,ETH-23SEP26,0.6776000000000001,0.07184,0.17059,127.0,115.0,0.00039999999999999986,ETH,2752.08,1251.39
2026-09-22T14:00:33.091763+00:00,ETH-26MAR27-3500-P,2816.84,ETH-26MAR27,put,3500.0,2027-03-26T08:00:00+00:00,0.5058168843079639,0.3185,0.3285,0.32132,0.3235,2816.84,ETH-26MAR27,0.5512,-0.64072,7.48424,24.0,0.0,0.010000000000000009,ETH,2752.08,0.0
2026-09-22T14:00:33.091763+00:00,ETH-30OCT26-3400-P,2767.8,ETH-30OCT26,put,3400.0,2026-10-30T08:00:00+00:00,0.10335281859954495,0.2355,0.245,0.239705,0.24025,2767.8,ETH-30OCT26,0.5416,-0.86435,1.93689,0.0,0.0,0.009500000000000008,ETH,2752.05,0.0
2026-09-22T14:00:33.091763+00:00,ETH-25SEP26-3500-P,2757.05,ETH-25SEP26,put,3500.0,2026-09-25T08:00:00+00:00,0.007528041049921413,0.266,0.2735,0.269657,0.26975,2757.05,ETH-25SEP26,0.9771,-0.99732,0.01973,1102.0,0.0,0.007500000000000007,ETH,2752.08,0.0
2026-09-22T14:00:33.091763+00:00,ETH-25DEC26-5200-C,2788.75,ETH-25DEC26,call,5200.0,2026-12-25T08:00:00+00:00,0.2566724626789426,0.0043,0.0047,0.004522,0.0045,2788.75,ETH-25DEC26,0.6385000000000001,0.0386,1.18183,9571.0,0.0,0.0004000000000000002,ETH,2752.08,0.0
2026-09-22T14:00:33.091763+00:00,ETH-27NOV26-4400-C,2778.27,ETH-27NOV26,call,4400.0,2026-11-27T08:00:00+00:00,0.1800126406392438,0.0048,0.0055,0.005157,0.00515,2778.27,ETH-27NOV26,0.6158,0.05129,1.23969,1164.0,0.0,0.0007000000000000001,ETH,2752.05,0.0
2026-09-22T14:00:33.091763+00:00,ETH-25SEP26-6500-C,2757.05,ETH-25SEP26,call,6500.0,2026-09-25T08:00:00+00:00,0.007528041049921413,,0.0001,0.0,,2757.05,ETH-25SEP26,1.2584,0.0,0.0,1922.0,0.0,,ETH,2752.08,0.0
2026-09-22T14:00:33.091763+00:00,ETH-9OCT26-2300-C,2761.15,ETH-9OCT26,call,2300.0,2026-10-09T08:00:00+00:00,0.04585795206977083,0.1685,0.1715,0.170243,0.17,2761.15,ETH-9OCT26,0.5703,0.93922,0.71093,0.0,0.0,0.0030000000000000027,ETH,2752.05,0.0
2026-09-22T14:00:33.091763+00:00,ETH-2OCT26-2750-P,2758.75,ETH-2OCT26,put,2750.0,2026-10-02T08:00:00+00:00,0.02669299655984612,0.0295,0.0305,0.030144,0.03,2758.75,ETH-2OCT26,0.4875,-0.47341,1.79267,302.0,319.0,0.0010000000000000009,ETH,2752.05,29128.17
2026-09-22T14:00:33.091763+00:00,ETH-9OCT26-2850-P,2761.06,ETH-9OCT26,put,2850.0,2026-10-09T08:00:00+00:00,0.04585795206977083,0.0605,0.0615,0.061171,0.061,2761.06,ETH-9OCT26,0.49700000000000005,-0.60046,2.28183,44.0,72.0,0.0010000000000000009,ETH,2752.05,12409.48
2026-09-22T14:00:33.091763+00:00,ETH-23SEP26-2700-P,2755.42,ETH-23SEP26,put,2700.0,2026-09-23T08:00:00+00:00,0.002052339475657211,0.0016,0.0019,0.001819,0.00175,2755.42,ETH-23SEP26,0.4598,-0.17306,0.31877,2672.0,3082.0,0.0002999999999999999,ETH,2752.05,31791.53
2026-09-22T14:00:33.091763+00:00,ETH-30OCT26-2250-C,2767.8,ETH-30OCT26,call,2250.0,2026-10-30T08:00:00+00:00,0.10335281859954495,0.1945,0.198,0.196332,0.19625,2767.8,ETH-30OCT26,0.547,0.89609,1.60465,625.0,4.0,0.003500000000000003,ETH,2752.05,2126.35
2026-09-22T14:00:33.091763+00:00,ETH-30OCT26-1900-P,2767.89,ETH-30OCT26,put,1900.0,2026-10-30T08:00:00+00:00,0.10335281859954495,0.0022,0.0026,0.002413,0.0024,2767.89,ETH-30OCT26,0.6475,-0.02833,0.57697,1357.0,11.0,0.00039999999999999975,ETH,2752.05,68.49
2026-09-22T14:00:33.091763+00:00,ETH-23SEP26-2900-C,2755.51,ETH-23SEP26,call,2900.0,2026-09-23T08:00:00+00:00,0.002052339475657211,0.0006,0.0009,0.000754,0.00075,2755.51,ETH-23SEP26,0.7062,0.05251,0.13355,455.0,353.0,0.00030000000000000003,ETH,2752.06,2397.19
2026-09-22T14:00:33.091763+00:00,ETH-30OCT26-2900-P,2767.8,ETH-30OCT26,put,2900.0,2026-10-30T08:00:00+00:00,0.10335281859954495,0.0925,0.0935,0.092939,0.093,2767.8,ETH-30OCT26,0.5054,-0.58401,3.46832,0.0,0.0,0.0010000000000000009,ETH,2752.06,0.0
2026-09-22T14:00:33.091763+00:00,ETH-9OCT26-2100-C,2761.15,ETH-9OCT26,call,2100.0,2026-10-09T08:00:00+00:00,0.04585795206977083,0.239,0.242,0.240624,0.2405,2761.15,ETH-9OCT26,0.66,0.97721,0.3194,0.0,0.0,0.0030000000000000027,ETH,2752.05,0.0
2026-09-22T14:00:33.091763+00:00,ETH-25SEP26-2750-C,2756.96,ETH-25SEP26,call,2750.0,2026-09-25T08:00:00+00:00,0.007528041049921413,0.018,0.0195,0.018848,0.01875,2756.96,ETH-25SEP26,0.5086999999999999,0.52226,0.95173,7277.0,1345.0,0.0015000000000000013,ETH,2752.05,91771.27
2026-09-22T14:00:33.091763+00:00,ETH-25SEP26-2450-C,2757.05,ETH-25SEP26,call,2450.0,2026-09-25T08:00:00+00:00,0.007528041049921413,0.11,0.1135,0.111837,0.11175,2757.05,ETH-25SEP26,0.6964,0.97586,0.13561,4221.0,0.0,0.003500000000000003,ETH,2752.05,0.0
2026-09-22T14:00:33.091763+00:00,ETH-25SEP26-8000-P,2757.05,ETH-25SEP26,put,8000.0,2026-09-25T08:00:00+00:00,0.007528041049921413,1.893,1.911,1.901915,1.902,2757.05,ETH-25SEP26,1.2608,-1.0,0.0,0.0,0.0,0.018000000000000016,ETH,2752.05,0.0
2026-09-22T14:00:33.091763+00:00,ETH-25SEP26-6800-C,2756.96,ETH-25SEP26,call,6800.0,2026-09-25T08:00:00+00:00,0.007528041049921413,,0.0001,0.0,,2756.96,ETH-25SEP26,1.2584,0.0,0.0,1995.0,0.0,,ETH,2752.06,0.0
2026-09-22T14:00:33.091763+00:00,ETH-25DEC26-4600-P,2788.66,ETH-25DEC26,put,4600.0,2026-12-25T08:00:00+00:00,0.2566724626789426,0.6525,0.6665,0.658099,0.6595,2788.66,ETH-25DEC26,0.606,-0.93047,1.88575,0.0,0.0,0.014000000000000012,ETH,2752.06,0.0
2026-09-22T14:00:33.091763+00:00,ETH-26MAR27-900-C,2816.84,ETH-26MAR27,call,900.0,2027-03-26T08:00:00+00:00,0.5058168843079639,0.6825,0.6845,0.683361,0.6835,2816.84,ETH-26MAR27,0.8144,0.988,0.62534,68.0,0.0,0.0020000000000000018,ETH,2752.06,0.0
2026-09-22T14:00:33.091763+00:00,ETH-24SEP26-2200-P,2756.32,ETH-24SEP26,put,2200.0,2026-09-24T08:00:00+00:00,0.004790190262789312,,0.0001,3e-05,,2756.32,ETH-24SEP26,1.0992,-0.0014,0.00874,252.0,11.0,,ETH,2752.47,3.03
2026-09-22T14:00:33.091763+00:00,ETH-26SEP26-2660-P,2757.32,ETH-26SEP26,put,2660.0,2026-09-26T08:00:00+00:00,0.010265891837053514,0.0065,0.0075,0.007113,0.007,2757.32,ETH-26SEP26,0.5024000000000001,-0.23782,0.86338,11.0,11.0,0.001,ETH,2752.47,296.04
2026-09-22T14:00:33.091763+00:00,ETH-25SEP26-3600-C,2757.05,ETH-25SEP26,call,3600.0,2026-09-25T08:00:00+00:00,0.007528041049921413,,0.0001,3.5e-05,,2757.05,ETH-25SEP26,1.0154,0.00137,0.01071,5651.0,1015.0,,ETH,2752.47,285.61
2026-09-22T14:00:33.091763+00:00,ETH-25SEP26-4600-P,2756.96,ETH-25SEP26,put,4600.0,2026-09-25T08:00:00+00:00,0.007528041049921413,0.6635,0.6735,0.668601,0.6685,2756.96,ETH-25SEP26,1.2584,-1.0,2e-05,38.0,0.0,0.010000000000000009,ETH,2752.47,0.0
2026-09-22T14:00:33.091763+00:00,ETH-27NOV26-1800-C,2778.27,ETH-27NOV26,call,1800.0,2026-11-27T08:00:00+00:00,0.1800126406392438,0.3555,0.3585,0.357276,0.357,2778.27,ETH-27NOV26,0.6451,0.95723,1.07183,0.0,0.0,0.0030000000000000027,ETH,2752.8,0.0
2026-09-22T14:00:33.091763+00:00,ETH-26MAR27-900-P,2816.6,ETH-26MAR27,put,900.0,2027-03-26T08:00:00+00:00,0.5058168843079639,0.0027,0.0032,0.002923,0.00295,2816.6,ETH-26MAR27,0.8144,-0.012,0.62534,918.0,0.0,0.0005,ETH,2752.47,0.0
2026-09-22T14:00:33.091763+00:00,ETH-27NOV26-3150-P,2778.17,ETH-27NOV26,put,3150.0,2026-11-27T08:00:00+00:00,0.1800126406392438,0.1745,0.179,0.176997,0.17675,2778.17,ETH-27NOV26,0.5304,-0.67319,4.25021,18.0,18.0,0.004500000000000004,ETH,2752.8,8261.82
2026-09-22T14:00:33.091763+00:00,ETH-25JUN27-2600-P,2847.33,ETH-25JUN27,put,2600.0,2027-06-25T08:00:00+00:00,0.7549613059369851,0.14,0.142,0.140903,0.141,2847.33,ETH-25JUN27,0.5513,-0.33455,9.00347,400.0,228.0,0.001999999999999974,ETH,2752.47,89002.95
2026-09-22T14:00:33.091763+00:00,ETH-26SEP26-3000-P,2757.32,ETH-26SEP26,put,3000.0,2026-09-26T08:00:00+00:00,0.010265891837053514,0.087,0.0935,0.090642,0.09025,2757.32,ETH-26SEP26,0.6042000000000001,-0.91344,0.4403,0.0,0.0,0.006500000000000006,ETH,2752.8,0.0
2026-09-22T14:00:33.091763+00:00,ETH-25SEP26-15000-P,2757.05,ETH-25SEP26,put,15000.0,2026-09-25T08:00:00+00:00,0.007528041049921413,4.422,4.4575,4.441091,4.43975,2757.05,ETH-25SEP26,1.8378999999999999,-1.0,0.0,0.0,0.0,0.035499999999999865,ETH,2752.8,0.0
2026-09-22T14:00:33.091763+00:00,ETH-30OCT26-3100-P,2767.8,ETH-30OCT26,put,3100.0,2026-10-30T08:00:00+00:00,0.10335281859954495,0.144,0.148,0.145747,0.146,2767.8,ETH-30OCT26,0.5151,-0.72772,2.95318,0.0,0.0,0.0040000000000000036,ETH,2752.8,0.0
2026-09-22T14:00:33.091763+00:00,ETH-23SEP26-2580-C,2755.51,ETH-23SEP26,call,2580.0,2026-09-23T08:00:00+00:00,0.002052339475657211,0.061,0.067,0.063665,0.064,2755.51,ETH-23SEP26,0.6547,0.98628,0.04368,23.0,0.0,0.006000000000000005,ETH,2752.8,0.0
2026-09-22T14:00:33.091763+00:00,ETH-25SEP26-12000-P,2757.05,ETH-25SEP26,put,12000.0,2026-09-25T08:00:00+00:00,0.007528041049921413,3.3385,3.367,3.352873,3.35275,2757.05,ETH-25SEP26,1.6338,-1.0,0.0,0.0,0.0,0.028500000000000192,ETH,2752.8,0.0
2026-09-22T14:00:33.091763+00:00,ETH-26SEP26-2300-P,2757.22,ETH-26SEP26,put,2300.0,2026-09-26T08:00:00+00:00,0.010265891837053514,0.0003,0.0005,0.000388,0.0004,2757.22,ETH-26SEP26,0.8189,-0.01323,0.09488,30.0,30.0,0.00020000000000000004,ETH,2753.15,32.96
2026-09-22T14:00:33.091763+00:00,ETH-24SEP26-2900-P,2756.23,ETH-24SEP26,put,2900.0,2026-09-24T08:00:00+00:00,0.004790190262789312,0.0515,0.0575,0.054681,0.0545,2756.23,ETH-24SEP26,0.6142,-0.88309,0.37427,0.0,0.0,0.006000000000000005,ETH,2753.15,0.0
2026-09-22T14:00:33.091763+00:00,ETH-24SEP26-2780-C,2756.23,ETH-24SEP26,call,2780.0,2026-09-24T08:00:00+00:00,0.004790190262789312,0.0095,0.0105,0.010244,0.01,2756.23,ETH-24SEP26,0.5109,0.40543,0.73893,315.0,505.0,0.0010000000000000009,ETH,2753.52,21364.81
2026-09-22T14:00:33.091763+00:00,ETH-30OCT26-2300-P,2767.8,ETH-30OCT26,put,2300.0,2026-10-30T08:00:00+00:00,0.10335281859954495,0.011,0.012,0.011465,0.0115,2767.8,ETH-30OCT26,0.5381,-0.12446,1.82565,15371.0,542.0,0.0010000000000000009,ETH,2753.15,17033.14
2026-09-22T14:00:33.091763+00:00,ETH-23SEP26-2420-P,2755.51,ETH-23SEP26,put,2420.0,2026-09-23T08:00:00+00:00,0.002052339475657211,,0.0001,7.2e-05,,2755.51,ETH-23SEP26,1.1075,-0.00462,0.0168,518.0,6.0,,ETH,2753.15,1.66
2026-09-22T14:00:33.091763+00:00,ETH-24SEP26-2840-P,2756.32,ETH-24SEP26,put,2840.0,2026-09-24T08:00:00+00:00,0.004790190262789312,0.034,0.0375,0.035466,0.03575,2756.32,ETH-24SEP26,0.5632,-0.778,0.56721,30.0,30.0,0.003499999999999996,ETH,2753.52,3378.45
2026-09-22T14:00:33.091763+00:00,ETH-30OCT26-3600-P,2767.8,ETH-30OCT26,put,3600.0,2026-10-30T08:00:00+00:00,0.10335281859954495,0.303,0.3125,0.307431,0.30775,2767.8,ETH-30OCT26,0.5622,-0.91409,1.39554,18.0,0.0,0.009500000000000008,ETH,2753.52,0.0
2026-09-22T14:00:33.091763+00:00,ETH-27NOV26-2100-P,2778.27,ETH-27NOV26,put,2100.0,2026-11-27T08:00:00+00:00,0.1800126406392438,0.0125,0.0135,0.013141,0.013,2778.27,ETH-27NOV26,0.574,-0.10242,2.10444,2309.0,0.0,0.0009999999999999992,ETH,2753.52,0.0
2026-09-22T14:00:33.091763+00:00,ETH-25DEC26-3000-C,2788.66,ETH-25DEC26,call,3000.0,2026-12-25T08:00:00+00:00,0.2566724626789426,0.0765,0.078,0.077518,0.07725,2788.66,ETH-25DEC26,0.5325,0.44529,5.58237,12975.0,1674.0,0.0015000000000000013,ETH,2753.52,385966.47
2026-09-22T14:00:33.091763+00:00,ETH-25DEC26-4200-P,2788.66,ETH-25DEC26,put,4200.0,2026-12-25T08:00:00+00:00,0.2566724626789426,0.5145,0.527,0.519747,0.52075,2788.66,ETH-25DEC26,0.5826,-0.89271,2.60899,62.0,0.0,0.012500000000000067,ETH,2753.52,0.0
2026-09-22T14:00:33.091763+00:00,ETH-24SEP26-2860-P,2756.23,ETH-24SEP26,put,2860.0,2026-09-24T08:00:00+00:00,0.004790190262789312,0.04,0.0435,0.041623,0.04175,2756.23,ETH-24SEP26,0.5785,-0.8202,0.49979,18.0,18.0,0.003499999999999996,ETH,2753.48,2415.65
2026-09-22T14:00:33.091763+00:00,ETH-26MAR27-2100-C,2816.6,ETH-26MAR27,call,2100.0,2027-03-26T08:00:00+00:00,0.5058168843079639,0.299,0.303,0.301061,0.301,2816.6,ETH-26MAR27,0.5657,0.8237,5.18746,875.0,0.0,0.0040000000000000036,ETH,2753.48,0.0
2026-09-22T14:00:33.091763+00:00,ETH-26MAR27-1300-C,2816.82,ETH-26MAR27,call,1300.0,2027-03-26T08:00:00+00:00,0.5058168843079639,0.5455,0.548,0.546736,0.54675,2816.82,ETH-26MAR27,0.6945,0.9649,1.55139,18.0,0.0,0.0025000000000000577,ETH,2753.48,0.0
2026-09-22T14:00:33.091763+00:00,ETH-25DEC26-2200-P,2788.66,ETH-25DEC26,put,2200.0,2026-12-25T08:00:00+00:00,0.2566724626789426,0.027,0.0285,0.027784,0.02775,2788.66,ETH-25DEC26,0.5559000000000001,-0.16337,3.48401,9637.0,20.0,0.0015000000000000013,ETH,2753.48,1664.02
2026-09-22T14:00:33.091763+00:00,ETH-2OCT26-2350-C,2758.76,ETH-2OCT26,call,2350.0,2026-10-02T08:00:00+00:00,0.02669299655984612,0.148,0.152,0.149868,0.15,2758.76,ETH-2OCT26,0.5879,0.95647,0.41577,112.0,0.0,0.0040000000000000036,ETH,2753.27,0.0
2026-09-22T14:00:33.091763+00:00,ETH-24SEP26-2600-P,2756.23,ETH-24SEP26,put,2600.0,2026-09-24T08:00:00+00:00,0.004790190262789312,0.0008,0.0011,0.000967,0.00095,2756.23,ETH-24SEP26,0.5451,-0.06041,0.22823,312.0,227.0,0.00030000000000000003,ETH,2753.27,1207.25
2026-09-22T14:00:33.091763+00:00,ETH-27NOV26-2900-P,2778.27,ETH-27NOV26,put,2900.0,2026-11-27T08:00:00+00:00,0.1800126406392438,0.113,0.1145,0.114085,0.11375,2778.27,ETH-27NOV26,0.5235,-0.53372,4.68443,175.0,10.0,0.0015000000000000013,ETH,2753.27,3148.21
2026-09-22T14:00:33.091763+00:00,ETH-25SEP26-1500-C,2757.05,ETH-25SEP26,call,1500.0,2026-09-25T08:00:00+00:00,0.007528041049921413,0.4545,0.457,0.455891,0.45575,2757.05,ETH-25SEP26,1.3441999999999998,1.0,0.0,969.0,0.0,0.0025000000000000022,ETH,2753.27,0.0
2026-09-22T14:00:33.091763+00:00,ETH-30OCT26-2200-P,2767.8,ETH-30OCT26,put,2200.0,2026-10-30T08:00:00+00:00,0.10335281859954495,0.0075,0.008,0.007711,0.00775,2767.8,ETH-30OCT26,0.5604,-0.08674,1.40543,993.0,701.0,0.0005000000000000004,ETH,2753.27,14645.46
2026-09-22T14:00:33.091763+00:00,ETH-27NOV26-2200-C,2778.27,ETH-27NOV26,call,2200.0,2026-11-27T08:00:00+00:00,0.1800126406392438,0.2245,0.2275,0.226063,0.226,2778.27,ETH-27NOV26,0.5587,0.86436,2.56684,1.0,0.0,0.0030000000000000027,ETH,2753.2,0.0
2026-09-22T14:00:33.091763+00:00,ETH-2OCT26-2500-C,2758.76,ETH-2OCT26,call,2500.0,2026-10-02T08:00:00+00:00,0.02669299655984612,0.097,0.1,0.098831,0.0985,2758.76,ETH-2OCT26,0.5246999999999999,0.88185,0.89147,1062.0,0.0,0.0030000000000000027,ETH,2753.2,0.0
2026-09-22T14:00:33.091763+00:00,ETH-25SEP26-2650-C,2757.05,ETH-25SEP26,call,2650.0,2026-09-25T08:00:00+00:00,0.007528041049921413,0.042,0.044,0.043206,0.043,2757.05,ETH-25SEP26,0.5123,0.81617,0.63556,3406.0,756.0,0.001999999999999995,ETH,2753.2,100439.8
2026-09-22T14:00:33.091763+00:00,ETH-25DEC26-2100-C,2788.75,ETH-25DEC26,call,2100.0,2026-12-25T08:00:00+00:00,0.2566724626789426,0.2665,0.2695,0.268135,0.268,2788.75,ETH-25DEC26,0.5676,0.87026,2.98378,1464.0,23.0,0.0030000000000000027,ETH,2753.2,17481.91
2026-09-22T14:00:33.091763+00:00,ETH-30OCT26-2500-P,2767.89,ETH-30OCT26,put,2500.0,2026-10-30T08:00:00+00:00,0.10335281859954495,0.025,0.026,0.025557,0.0255,2767.89,ETH-30OCT26,0.5115999999999999,-0.24284,2.78313,1851.0,229.0,0.0009999999999999974,ETH,2753.2,15542.11
2026-09-22T14:00:33.091763+00:00,ETH-26SEP26-2920-C,2757.22,ETH-26SEP26,call,2920.0,2026-09-26T08:00:00+00:00,0.010265891837053514,0.0047,0.005,0.004918,0.00485,2757.22,ETH-26SEP26,0.5670000000000001,0.16373,0.68966,0.0,0.0,0.0002999999999999999,ETH,2753.43,0.0
2026-09-22T14:00:33.091763+00:00,ETH-27NOV26-1800-P,2778.27,ETH-27NOV26,put,1800.0,2026-11-27T08:00:00+00:00,0.1800126406392438,0.0049,0.0055,0.005273,0.0052,2778.27,ETH-27NOV26,0.6451,-0.04268,1.07021,1350.0,11.0,0.0005999999999999998,ETH,2753.43,170.14
2026-09-22T14:00:33.091763+00:00,ETH-26SEP26-2840-P,2757.32,ETH-26SEP26,put,2840.0,2026-09-26T08:00:00+00:00,0.010265891837053514,0.039,0.041,0.039958,0.04,2757.32,ETH-26SEP26,0.5268,-0.70504,0.96328,0.0,0.0,0.0020000000000000018,ETH,2753.43,0.0
2026-09-22T14:00:33.091763+00:00,ETH-26MAR27-4800-C,2816.82,ETH-26MAR27,call,4800.0,2027-03-26T08:00:00+00:00,0.5058168843079639,0.025,0.0265,0.025637,0.02575,2816.82,ETH-26MAR27,0.5866,0.14237,4.50899,3604.0,18.0,0.0014999999999999979,ETH,2753.43,1425.43
2026-09-22T14:00:33.091763+00:00,ETH-27NOV26-3150-C,2778.17,ETH-27NOV26,call,3150.0,2026-11-27T08:00:00+00:00,0.1800126406392438,0.0425,0.0435,0.043104,0.043,2778.17,ETH-27NOV26,0.5304,0.32723,4.25351,0.0,0.0,0.000999999999999994,ETH,2753.48,0.0
2026-09-22T14:00:33.091763+00:00,ETH-25SEP26-3100-C,2757.05,ETH-25SEP26,call,3100.0,2026-09-25T08:00:00+00:00,0.007528041049921413,0.0006,0.0009,0.00077,0.00075,2757.05,ETH-25SEP26,0.7193,0.03161,0.16985,18452.0,2231.0,0.00030000000000000003,ETH,2753.43,7583.04
2026-09-22T14:00:33.091763+00:00,ETH-30OCT26-2850-C,2767.89,ETH-30OCT26,call,2850.0,2026-10-30T08:00:00+00:00,0.10335281859954495,0.051,0.0525,0.051778,0.05175,2767.89,ETH-30OCT26,0.5043,0.4592,3.53056,2473.0,126.0,0.0015000000000000013,ETH,2753.43,17772.06
2026-09-22T14:00:33.091763+00:00,ETH-24SEP26-2480-P,2756.23,ETH-24SEP26,put,2480.0,2026-09-24T08:00:00+00:00,0.004790190262789312,0.0002,0.0004,0.000272,0.0003,2756.23,ETH-24SEP26,0.7134,-0.01562,0.07473,199.0,135.0,0.0002,ETH,2753.48,199.53
2026-09-22T14:00:33.091763+00:00,ETH-24SEP26-2840-C,2756.23,ETH-24SEP26,call,2840.0,2026-09-24T08:00:00+00:00,0.004790190262789312,0.0047,0.0055,0.005013,0.0051,2756.23,ETH-24SEP26,0.5632,0.22295,0.56868,176.0,36.0,0.0007999999999999995,ETH,2753.48,556.2
2026-09-22T14:00:33.091763+00:00,ETH-26SEP26-2660-C,2757.22,ETH-26SEP26,call,2660.0,2026-09-26T08:00:00+00:00,0.010265891837053514,0.041,0.0435,0.042304,0.04225,2757.22,ETH-26SEP26,0.5024000000000001,0.76444,0.85919,0.0,0.0,0.0024999999999999953,ETH,2753.48,0.0
2026-09-22T14:00:33.091763+00:00,ETH-25SEP26-1600-P,2757.05,ETH-25SEP26,put,1600.0,2026-09-25T08:00:00+00:00,0.007528041049921413,,0.0001,0.0,,2757.05,ETH-25SEP26,1.3441999999999998,0.0,1e-05,11745.0,0.0,,ETH,2753.48,0.0
2026-09-22T14:00:33.091763+00:00,ETH-25DEC26-3300-C,2788.66,ETH-25DEC26,call,3300.0,2026-12-25T08:00:00+00:00,0.2566724626789426,0.048,0.0495,0.048712,0.04875,2788.66,ETH-25DEC26,0.5399,0.31553,5.02164,3700.0,1432.0,0.0015000000000000013,ETH,2753.48,186768.34
2026-09-22T14:00:33.091763+00:00,ETH-26SEP26-2580-C,2757.32,ETH-26SEP26,call,2580.0,2026-09-26T08:00:00+00:00,0.010265891837053514,0.065,0.0685,0.06687,0.06675,2757.32,ETH-26SEP26,0.5304,0.89511,0.50736,0.0,0.0,0.003500000000000003,ETH,2753.62,0.0
2026-09-22T14:00:33.091763+00:00,ETH-30OCT26-2150-P,2767.89,ETH-30OCT26,put,2150.0,2026-10-30T08:00:00+00:00,0.10335281859954495,0.006,0.0065,0.006245,0.00625,2767.89,ETH-30OCT26,0.5710000000000001,-0.07146,1.21361,3446.0,1059.0,0.0004999999999999996,ETH,2753.62,19546.52
2026-09-22T14:00:33.091763+00:00,ETH-27NOV26-2500-C,2778.27,ETH-27NOV26,call,2500.0,2026-11-27T08:00:00+00:00,0.1800126406392438,0.143,0.145,0.14412,0.144,2778.27,ETH-27NOV26,0.5295000000000001,0.71893,3.97455,2212.0,110.0,0.0020000000000000018,ETH,2753.62,45072.03
2026-09-22T14:00:33.091763+00:00,ETH-25DEC26-1200-C,2788.66,ETH-25DEC26,call,1200.0,2026-12-25T08:00:00+00:00,0.2566724626789426,0.5705,0.5725,0.571502,0.5715,2788.66,ETH-25DEC26,0.8034,0.9885,0.42536,341.0,0.0,0.0020000000000000018,ETH,2753.62,0.0
2026-09-22T14:00:33.091763+00:00,ETH-27NOV26-2450-P,2778.27,ETH-27NOV26,put,2450.0,2026-11-27T08:00:00+00:00,0.1800126406392438,0.0375,0.039,0.038379,0.03825,2778.27,ETH-27NOV26,0.5329,-0.25233,3.76384,959.0,0.0,0.0015000000000000013,ETH,2753.73,0.0
2026-09-22T14:00:33.091763+00:00,ETH-24SEP26-2700-C,2756.23,ETH-24SEP26,call,2700.0,2026-09-24T08:00:00+00:00,0.004790190262789312,0.024,0.028,0.025891,0.026,2756.23,ETH-24SEP26,0.4875,0.73122,0.62873,212.0,21.0,0.004,ETH,2753.73,1614.1
2026-09-22T14:00:33.091763+00:00,ETH-25DEC26-3500-C,2788.66,ETH-25DEC26,call,3500.0,2026-12-25T08:00:00+00:00,0.2566724626789426,0.035,0.0365,0.035904,0.03575,2788.66,ETH-25DEC26,0.5474,0.24764,4.46645,32895.0,1380.0,0.0014999999999999944,ETH,2753.62,147319.34
2026-09-22T14:00:33.091763+00:00,ETH-26MAR27-7000-P,2816.84,ETH-26MAR27,put,7000.0,2027-03-26T08:00:00+00:00,0.5058168843079639,1.474,1.5135,1.492148,1.49375,2816.84,ETH-26MAR27,0.6513,-0.9585,1.7785,0.0,0.0,0.03950000000000009,ETH,2753.73,0.0
2026-09-22T14:00:33.091763+00:00,ETH-26MAR27-2500-P,2816.82,ETH-26MAR27,put,2500.0,2027-03-26T08:00:00+00:00,0.5058168843079639,0.0955,0.097,0.096074,0.09625,2816.82,ETH-26MAR27,0.5468999999999999,-0.30853,7.05214,2206.0,247.0,0.0015000000000000013,ETH,2753.73,66666.89
2026-09-22T14:00:33.091763+00:00,ETH-25DEC26-1200-P,2788.66,ETH-25DEC26,put,1200.0,2026-12-25T08:00:00+00:00,0.2566724626789426,0.0016,0.0022,0.001841,0.0019,2788.66,ETH-25DEC26,0.8034,-0.0115,0.42528,6787.0,7.0,0.0006000000000000001,ETH,2753.73,36.42
2026-09-22T14:00:33.091763+00:00,ETH-25SEP26-4400-C,2757.05,ETH-25SEP26,call,4400.0,2026-09-25T08:00:00+00:00,0.007528041049921413,,0.0001,0.0,,2757.05,ETH-25SEP26,1.2584,1e-05,0.00012,3345.0,0.0,,ETH,2753.73,0.0
2026-09-22T14:00:33.091763+00:00,ETH-30OCT26-4000-C,2767.8,ETH-30OCT26,call,4000.0,2026-10-30T08:00:00+00:00,0.10335281859954495,0.0026,0.0029,0.002726,0.00275,2767.8,ETH-30OCT26,0.609,0.03719,0.72252,1232.0,11.0,0.0002999999999999999,ETH,2753.73,78.71
2026-09-22T14:00:33.091763+00:00,ETH-25JUN27-5500-C,2847.33,ETH-25JUN27,call,5500.0,2027-06-25T08:00:00+00:00,0.7549613059369851,0.033,0.034,0.033386,0.0335,2847.33,ETH-25JUN27,0.5927,0.15364,5.86059,612.0,0.0,0.0010000000000000009,ETH,2753.73,0.0
2026-09-22T14:00:33.091763+00:00,ETH-25JUN27-4600-C,2847.33,ETH-25JUN27,call,4600.0,2027-06-25T08:00:00+00:00,0.7549613059369851,0.055,0.0565,0.055656,0.05575,2847.33,ETH-25JUN27,0.5738,0.23784,7.65256,202.0,0.0,0.0015000000000000013,ETH,2753.73,0.0
2026-09-22T14:00:33.091763+00:00,ETH-25JUN27-5200-C,2847.33,ETH-25JUN27,call,5200.0,2027-06-25T08:00:00+00:00,0.7549613059369851,0.0385,0.0395,0.039083,0.039,2847.33,ETH-25JUN27,0.5857,0.17634,6.40778,0.0,0.0,0.0010000000000000009,ETH,2753.73,0.0
2026-09-22T14:00:33.091763+00:00,ETH-30OCT26-2400-C,2767.89,ETH-30OCT26,call,2400.0,2026-10-30T08:00:00+00:00,0.10335281859954495,0.1485,0.152,0.149995,0.15025,2767.89,ETH-30OCT26,0.5217,0.82412,2.30071,3896.0,25.0,0.003500000000000003,ETH,2753.73,11038.57
2026-09-22T14:00:33.091763+00:00,ETH-26MAR27-1300-P,2816.84,ETH-26MAR27,put,1300.0,2027-03-26T08:00:00+00:00,0.5058168843079639,0.008,0.009,0.008289,0.0085,2816.84,ETH-26MAR27,0.6945,-0.03509,1.55117,1864.0,301.0,0.0009999999999999992,ETH,2753.69,7268.46
2026-09-22T14:00:33.091763+00:00,ETH-27NOV26-2350-C,2778.27,ETH-27NOV26,call,2350.0,2026-11-27T08:00:00+00:00,0.1800126406392438,0.181,0.184,0.182598,0.1825,2778.27,ETH-27NOV26,0.5406,0.80024,3.29733,52.0,0.0,0.0030000000000000027,ETH,2753.69,0.0
2026-09-22T14:00:33.091763+00:00,ETH-2OCT26-2550-P,2758.76,ETH-2OCT26,put,2550.0,2026-10-02T08:00:00+00:00,0.02669299655984612,0.007,0.0075,0.007317,0.00725,2758.76,ETH-2OCT26,0.5073,-0.16213,1.10594,1381.0,210.0,0.0004999999999999996,ETH,2753.69,5028.91
2026-09-22T14:00:33.091763+00:00,ETH-25JUN27-4500-P,2847.42,ETH-25JUN27,put,4500.0,2027-06-25T08:00:00+00:00,0.7549613059369851,0.629,0.652,0.639747,0.6405,2847.42,ETH-25JUN27,0.5718,-0.74957,7.86846,1.0,0.0,0.02300000000000002,ETH,2753.69,0.0
2026-09-22T14:00:33.091763+00:00,ETH-30OCT26-2100-C,2767.89,ETH-30OCT26,call,2100.0,2026-10-30T08:00:00+00:00,0.10335281859954495,0.2445,0.248,0.24643,0.24625,2767.89,ETH-30OCT26,0.5861999999999999,0.94028,1.05601,1513.0,0.0,0.003500000000000003,ETH,2753.69,0.0
2026-09-22T14:00:33.091763+00:00,ETH-24SEP26-2720-C,2756.32,ETH-24SEP26,call,2720.0,2026-09-24T08:00:00+00:00,0.004790190262789312,0.02,0.022,0.020942,0.021,2756.32,ETH-24SEP26,0.48840000000000006,0.65413,0.70282,44.0,30.0,0.0019999999999999983,ETH,2753.82,1474.31
2026-09-22T14:00:33.091763+00:00,ETH-25JUN27-5200-P,2847.33,ETH-25JUN27,put,5200.0,2027-06-25T08:00:00+00:00,0.7549613059369851,0.852,0.8805,0.865452,0.86625,2847.33,ETH-25JUN27,0.5857,-0.82367,6.40759,0.0,0.0,0.02849999999999997,ETH,2753.69,0.0
2026-09-22T14:00:33.091763+00:00,ETH-25DEC26-2700-C,2788.66,ETH-25DEC26,call,2700.0,2026-12-25T08:00:00+00:00,0.2566724626789426,0.121,0.123,0.121904,0.122,2788.66,ETH-25DEC26,0.5307,0.59997,5.45822,6477.0,5031.0,0.0020000000000000018,ETH,2753.82,1640723.35
2026-09-22T14:00:33.091763+00:00,ETH-30OCT26-2000-P,2767.8,ETH-30OCT26,put,2000.0,2026-10-30T08:00:00+00:00,0.10335281859954495,0.0033,0.0037,0.003498,0.0035,2767.8,ETH-30OCT26,0.6142,-0.04075,0.77839,4405.0,114.0,0.0004000000000000002,ETH,2753.82,1200.48
2026-09-22T14:00:33.091763+00:00,ETH-25JUN27-1800-C,2847.42,ETH-25JUN27,call,1800.0,2027-06-25T08:00:00+00:00,0.7549613059369851,0.405,0.4095,0.407539,0.40725,2847.42,ETH-25JUN27,0.5854,0.87594,5.0655,1755.0,0.0,0.0044999999999999485,ETH,2753.82,0.0
2026-09-22T14:00:33.091763+00:00,ETH-24SEP26-2620-C,2756.23,ETH-24SEP26,call,2620.0,2026-09-24T08:00:00+00:00,0.004790190262789312,0.0485,0.052,0.050669,0.05025,2756.23,ETH-24SEP26,0.5232,0.92066,0.28158,0.0,0.0,0.003499999999999996,ETH,2753.84,0.0
2026-09-22T14:00:33.091763+00:00,ETH-30OCT26-3000-C,2767.8,ETH-30OCT26,call,3000.0,2026-10-30T08:00:00+00:00,0.10335281859954495,0.0335,0.0345,0.034116,0.034,2767.8,ETH-30OCT26,0.5096,0.34025,3.2611,5607.0,439.0,0.0010000000000000009,ETH,2753.82,41277.15
2026-09-22T14:00:33.091763+00:00,ETH-30OCT26-3050-P,2767.89,ETH-30OCT26,put,3050.0,2026-10-30T08:00:00+00:00,0.10335281859954495,0.13,0.1335,0.131651,0.13175,2767.89,ETH-30OCT26,0.5125,-0.69467,3.11798,0.0,0.0,0.003500000000000003,ETH,2753.82,0.0
2026-09-22T14:00:33.091763+00:00,ETH-25SEP26-2000-C,2756.96,ETH-25SEP26,call,2000.0,2026-09-25T08:00:00+00:00,0.007528041049921413,0.273,0.2765,0.274592,0.27475,2756.96,ETH-25SEP26,1.3146,0.99794,0.01558,29042.0,10.0,0.003500000000000003,ETH,2753.84,7692.67
2026-09-22T14:00:33.091763+00:00,ETH-25SEP26-2250-C,2757.05,ETH-25SEP26,call,2250.0,2026-09-25T08:00:00+00:00,0.007528041049921413,0.182,0.1855,0.184062,0.18375,2757.05,ETH-25SEP26,0.9854999999999999,0.99234,0.05043,392.0,0.0,0.003500000000000003,ETH,2753.84,0.0
2026-09-22T14:00:33.091763+00:00,ETH-25DEC26-4500-P,2788.66,ETH-25DEC26,put,4500.0,2026-12-25T08:00:00+00:00,0.2566724626789426,0.618,0.6305,0.623253,0.62425,2788.66,ETH-25DEC26,0.6002000000000001,-0.92249,2.05059,2.0,0.0,0.012499999999999956,ETH,2753.84,0.0
2026-09-22T14:00:33.091763+00:00,ETH-30OCT26-2600-P,2767.8,ETH-30OCT26,put,2600.0,2026-10-30T08:00:00+00:00,0.10335281859954495,0.0365,0.0375,0.037065,0.037,2767.8,ETH-30OCT26,0.5051,-0.32128,3.18723,2122.0,779.0,0.0010000000000000009,ETH,2753.84,82703.5
2026-09-22T14:00:33.091763+00:00,ETH-25DEC26-2900-P,2788.66,ETH-25DEC26,put,2900.0,2026-12-25T08:00:00+00:00,0.2566724626789426,0.1295,0.131,0.130297,0.13025,2788.66,ETH-25DEC26,0.5309,-0.50491,5.6357,918.0,10.0,0.0015000000000000013,ETH,2753.84,3442.06
2026-09-22T14:00:33.091763+00:00,ETH-25JUN27-2000-C,2847.42,ETH-25JUN27,call,2000.0,2027-06-25T08:00:00+00:00,0.7549613059369851,0.352,0.3565,0.354604,0.35425,2847.42,ETH-25JUN27,0.57,0.83146,6.22592,1756.0,0.0,0.004500000000000004,ETH,2753.77,0.0
2026-09-22T14:00:33.091763+00:00,ETH-25DEC26-4800-P,2788.66,ETH-25DEC26,put,4800.0,2026-12-25T08:00:00+00:00,0.2566724626789426,0.7225,0.737,0.728037,0.72975,2788.66,ETH-25DEC26,0.6151,-0.94375,1.59959,77.0,0.0,0.014499999999999957,ETH,2753.77,0.0
2026-09-22T14:00:33.091763+00:00,ETH-30OCT26-2950-C,2767.8,ETH-30OCT26,call,2950.0,2026-10-30T08:00:00+00:00,0.10335281859954495,0.0385,0.04,0.0393,0.03925,2767.8,ETH-30OCT26,0.5075999999999999,0.37781,3.38174,1082.0,427.0,0.0015000000000000013,ETH,2753.77,45254.79
2026-09-22T14:00:33.091763+00:00,ETH-30OCT26-4000-P,2767.8,ETH-30OCT26,put,4000.0,2026-10-30T08:00:00+00:00,0.10335281859954495,0.4415,0.454,0.448001,0.44775,2767.8,ETH-30OCT26,0.609,-0.9628,0.72263,0.0,0.0,0.012500000000000011,ETH,2753.77,0.0
2026-09-22T14:00:33.091763+00:00,ETH-24SEP26-2900-C,2756.23,ETH-24SEP26,call,2900.0,2026-09-24T08:00:00+00:00,0.004790190262789312,0.0022,0.0026,0.002458,0.0024,2756.23,ETH-24SEP26,0.6142,0.11774,0.37613,285.0,24.0,0.00039999999999999975,ETH,2753.63,379.05
2026-09-22T14:00:33.091763+00:00,ETH-25SEP26-2150-P,2756.96,ETH-25SEP26,put,2150.0,2026-09-25T08:00:00+00:00,0.007528041049921413,,0.0002,0.000141,,2756.96,ETH-25SEP26,1.1183,-0.00454,0.03169,18621.0,10.0,,ETH,2753.63,5.48
2026-09-22T14:00:33.091763+00:00,ETH-25JUN27-3000-C,2847.33,ETH-25JUN27,call,3000.0,2027-06-25T08:00:00+00:00,0.7549613059369851,0.1675,0.17,0.168678,0.16875,2847.33,ETH-25JUN27,0.5511,0.55156,9.78631,1456.0,128.0,0.0025000000000000022,ETH,2753.63,58725.74
2026-09-22T14:00:33.091763+00:00,ETH-25DEC26-5000-P,2788.66,ETH-25DEC26,put,5000.0,2026-12-25T08:00:00+00:00,0.2566724626789426,0.7905,0.809,0.798595,0.79975,2788.66,ETH-25DEC26,0.628,-0.95323,1.38127,0.0,0.0,0.018500000000000072,ETH,2753.63,0.0
2026-09-22T14:00:33.091763+00:00,ETH-30OCT26-2600-C,2767.89,ETH-30OCT26,call,2600.0,2026-10-30T08:00:00+00:00,0.10335281859954495,0.0965,0.0985,0.097637,0.0975,2767.89,ETH-30OCT26,0.5051,0.67866,3.18738,6622.0,52.0,0.0020000000000000018,ETH,2753.63,14286.42
2026-09-22T14:00:33.091763+00:00,ETH-26MAR27-3800-P,2816.82,ETH-26MAR27,put,3800.0,2027-03-26T08:00:00+00:00,0.5058168843079639,0.401,0.416,0.408492,0.4085,2816.82,ETH-26MAR27,0.5579999999999999,-0.71119,6.84331,1.0,0.0,0.014999999999999958,ETH,2753.63,0.0
2026-09-22T14:00:33.091763+00:00,ETH-25DEC26-2300-P,2788.66,ETH-25DEC26,put,2300.0,2026-12-25T08:00:00+00:00,0.2566724626789426,0.0355,0.0365,0.036058,0.036,2788.66,ETH-25DEC26,0.5467,-0.20264,3.98611,6596.0,27.0,0.0010000000000000009,ETH,2753.63,2860.34
2026-09-22T14:00:33.091763+00:00,ETH-25SEP26-6000-P,2757.05,ETH-25SEP26,put,6000.0,2026-09-25T08:00:00+00:00,0.007528041049921413,1.1695,1.1835,1.176436,1.1765,2757.05,ETH-25SEP26,1.2584,-1.0,0.0,0.0,0.0,0.014000000000000012,ETH,2753.48,0.0
2026-09-22T14:00:33.091763+00:00,ETH-25DEC26-2100-P,2788.66,ETH-25DEC26,put,2100.0,2026-12-25T08:00:00+00:00,0.2566724626789426,0.0205,0.022,0.021228,0.02125,2788.66,ETH-25DEC26,0.5676,-0.12967,2.98292,2892.0,2.0,0.0014999999999999979,ETH,2753.48,115.7
2026-09-22T14:00:33.091763+00:00,ETH-27NOV26-3050-C,2778.27,ETH-27NOV26,call,3050.0,2026-11-27T08:00:00+00:00,0.1800126406392438,0.052,0.053,0.052449,0.0525,2778.27,ETH-27NOV26,0.5272,0.37927,4.48469,63.0,1.0,0.0010000000000000009,ETH,2753.53,165.1
2026-09-22T14:00:33.091763+00:00,ETH-26SEP26-2940-C,2757.32,ETH-26SEP26,call,2940.0,2026-09-26T08:00:00+00:00,0.010265891837053514,0.0039,0.0042,0.004112,0.00405,2757.32,ETH-26SEP26,0.5757,0.14003,0.62153,0.0,0.0,0.0002999999999999999,ETH,2753.53,0.0
2026-09-22T14:00:33.091763+00:00,ETH-26MAR27-2200-C,2816.84,ETH-26MAR27,call,2200.0,2027-03-26T08:00:00+00:00,0.5058168843079639,0.2735,0.2775,0.2755,0.2755,2816.84,ETH-26MAR27,0.5589,0.79361,5.71369,4113.0,0.0,0.0040000000000000036,ETH,2753.48,0.0
2026-09-22T14:00:33.091763+00:00,ETH-24SEP26-2380-P,2756.32,ETH-24SEP26,put,2380.0,2026-09-24T08:00:00+00:00,0.004790190262789312,,0.0002,0.000144,,2756.32,ETH-24SEP26,0.8756999999999999,-0.00724,0.03827,76.0,1.0,,ETH,2753.53,0.55
2026-09-22T14:00:33.091763+00:00,ETH-25DEC26-3100-C,2788.66,ETH-25DEC26,call,3100.0,2026-12-25T08:00:00+00:00,0.2566724626789426,0.0655,0.067,0.066387,0.06625,2788.66,ETH-25DEC26,0.5343,0.3985,5.45206,2871.0,10.0,0.0015000000000000013,ETH,2753.53,1914.75
2026-09-22T14:00:33.091763+00:00,ETH-30OCT26-2050-C,2767.8,ETH-30OCT26,call,2050.0,2026-10-30T08:00:00+00:00,0.10335281859954495,0.262,0.265,0.263504,0.2635,2767.8,ETH-30OCT26,0.5981000000000001,0.951,0.90289,479.0,12.0,0.0030000000000000027,ETH,2753.53,8952.75
2026-09-22T14:00:33.091763+00:00,ETH-26MAR27-1600-C,2816.84,ETH-26MAR27,call,1600.0,2027-03-26T08:00:00+00:00,0.5058168843079639,0.4465,0.45,0.448148,0.44825,2816.84,ETH-26MAR27,0.6285000000000001,0.93155,2.64344,872.0,0.0,0.003500000000000003,ETH,2753.53,0.0
2026-09-22T14:00:33.091763+00:00,ETH-25DEC26-3200-C,2788.66,ETH-25DEC26,call,3200.0,2026-12-25T08:00:00+00:00,0.2566724626789426,0.056,0.0575,0.056851,0.05675,2788.66,ETH-25DEC26,0.5368999999999999,0.35516,5.25982,68201.0,272.0,0.0015000000000000013,ETH,2753.53,40251.88
2026-09-22T14:00:33.091763+00:00,ETH-25DEC26-4400-C,2788.75,ETH-25DEC26,call,4400.0,2026-12-25T08:00:00+00:00,0.2566724626789426,0.01,0.011,0.010549,0.0105,2788.75,ETH-25DEC26,0.5931000000000001,0.08557,2.20919,4033.0,321.0,0.0009999999999999992,ETH,2753.53,10608.28
2026-09-22T14:00:33.091763+00:00,ETH-26MAR27-4000-C,2816.82,ETH-26MAR27,call,4000.0,2027-03-26T08:00:00+00:00,0.5058168843079639,0.049,0.0505,0.049568,0.04975,2816.82,ETH-26MAR27,0.5633,0.24952,6.35823,4402.0,1830.0,0.0015000000000000013,ETH,2753.4,229837.45
2026-09-22T14:00:33.091763+00:00,ETH-25SEP26-7400-P,2757.05,ETH-25SEP26,put,7400.0,2026-09-25T08:00:00+00:00,0.007528041049921413,1.676,1.6925,1.684272,1.68425,2757.05,ETH-25SEP26,1.2584,-1.0,0.0,0.0,0.0,0.01649999999999996,ETH,2753.4,0.0
2026-09-22T14:00:33.091763+00:00,ETH-26SEP26-2500-P,2757.22,ETH-26SEP26,put,2500.0,2026-09-26T08:00:00+00:00,0.010265891837053514,0.001,0.0013,0.001171,0.00115,2757.22,ETH-26SEP26,0.5856,-0.04722,0.27506,100.0,100.0,0.0002999999999999999,ETH,2753.4,302.84
2026-09-22T14:00:33.091763+00:00,ETH-30OCT26-2100-P,2767.8,ETH-30OCT26,put,2100.0,2026-10-30T08:00:00+00:00,0.10335281859954495,0.0049,0.0055,0.005199,0.0052,2767.8,ETH-30OCT26,0.5861999999999999,-0.05981,1.05705,4844.0,17.0,0.0005999999999999998,ETH,2753.4,242.88
2026-09-22T14:00:33.091763+00:00,ETH-26SEP26-2800-P,2757.22,ETH-26SEP26,put,2800.0,2026-09-26T08:00:00+00:00,0.010265891837053514,0.0285,0.0305,0.029563,0.0295,2757.22,ETH-26SEP26,0.5121,-0.61072,1.07064,44.0,44.0,0.0019999999999999983,ETH,2753.45,3458.41
2026-09-22T14:00:33.091763+00:00,ETH-9OCT26-2300-P,2761.06,ETH-9OCT26,put,2300.0,2026-10-09T08:00:00+00:00,0.04585795206977083,0.0031,0.0035,0.003298,0.0033,2761.06,ETH-9OCT26,0.5703,-0.06027,0.70662,520.0,28.0,0.0004000000000000002,ETH,2753.45,292.8
2026-09-22T14:00:33.091763+00:00,ETH-24SEP26-2960-C,2756.32,ETH-24SEP26,call,2960.0,2026-09-24T08:00:00+00:00,0.004790190262789312,0.0011,0.0014,0.001289,0.00125,2756.32,ETH-24SEP26,0.6704000000000001,0.06344,0.23708,36.0,36.0,0.0002999999999999999,ETH,2753.45,127.35
2026-09-22T14:00:33.091763+00:00,ETH-27NOV26-3200-C,2778.27,ETH-27NOV26,call,3200.0,2026-11-27T08:00:00+00:00,0.1800126406392438,0.0385,0.0395,0.039072,0.039,2778.27,ETH-27NOV26,0.5325,0.30337,4.11816,546.0,371.0,0.0010000000000000009,ETH,2753.45,41114.36
2026-09-22T14:00:33.091763+00:00,ETH-23SEP26-2920-C,2755.51,ETH-23SEP26,call,2920.0,2026-09-23T08:00:00+00:00,0.002052339475657211,0.0004,0.0006,0.000553,0.0005,2755.51,ETH-23SEP26,0.7341,0.03908,0.10531,238.0,294.0,0.00019999999999999993,ETH,2753.45,586.36
2026-09-22T14:00:33.091763+00:00,ETH-25SEP26-2800-P,2757.05,ETH-25SEP26,put,2800.0,2026-09-25T08:00:00+00:00,0.007528041049921413,0.0265,0.028,0.027117,0.02725,2757.05,ETH-25SEP26,0.5223,-0.62953,0.90288,1491.0,251.0,0.0015000000000000013,ETH,2753.45,18715.22
2026-09-22T14:00:33.091763+00:00,ETH-23SEP26-2400-C,2755.51,ETH-23SEP26,call,2400.0,2026-09-23T08:00:00+00:00,0.002052339475657211,0.127,0.1305,0.128915,0.12875,2755.51,ETH-23SEP26,1.1251,0.99682,0.01199,0.0,0.0,0.003500000000000003,ETH,2753.45,0.0
2026-09-22T14:00:33.091763+00:00,ETH-25SEP26-6200-C,2756.96,ETH-25SEP26,call,6200.0,2026-09-25T08:00:00+00:00,0.007528041049921413,,0.0001,0.0,,2756.96,ETH-25SEP26,1.2584,0.0,0.0,2798.0,0.0,,ETH,2753.45,0.0
2026-09-22T14:00:33.091763+00:00,ETH-23SEP26-2540-C,2755.51,ETH-23SEP26,call,2540.0,2026-09-23T08:00:00+00:00,0.002052339475657211,0.0755,0.0815,0.078187,0.0785,2755.51,ETH-23SEP26,0.7902,0.98871,0.03688,0.0,0.0,0.006000000000000005,ETH,2753.45,0.0
2026-09-22T14:00:33.091763+00:00,ETH-24SEP26-2300-P,2756.23,ETH-24SEP26,put,2300.0,2026-09-24T08:00:00+00:00,0.004790190262789312,,0.0002,0.000151,,2756.23,ETH-24SEP26,1.0618,-0.00632,0.03394,347.0,225.0,,ETH,2753.52,87.49
2026-09-22T14:00:33.091763+00:00,ETH-9OCT26-2350-P,2761.15,ETH-9OCT26,put,2350.0,2026-10-09T08:00:00+00:00,0.04585795206977083,0.0042,0.0045,0.004373,0.00435,2761.15,ETH-9OCT26,0.5533,-0.0785,0.86631,1013.0,106.0,0.0002999999999999999,ETH,2753.52,1301.44
2026-09-22T14:00:33.091763+00:00,ETH-27NOV26-3600-P,2778.27,ETH-27NOV26,put,3600.0,2026-11-27T08:00:00+00:00,0.1800126406392438,0.309,0.321,0.31421,0.315,2778.27,ETH-27NOV26,0.5543,-0.83798,2.89106,1.0,0.0,0.01200000000000001,ETH,2753.56,0.0
2026-09-22T14:00:33.091763+00:00,ETH-26MAR27-4600-C,2816.84,ETH-26MAR27,call,4600.0,2027-03-26T08:00:00+00:00,0.5058168843079639,0.0295,0.0305,0.029968,0.03,2816.84,ETH-26MAR27,0.5808,0.16317,4.93621,1914.0,3.0,0.0010000000000000009,ETH,2753.56,251.0
2026-09-22T14:00:33.091763+00:00,ETH-25SEP26-1700-P,2756.96,ETH-25SEP26,put,1700.0,2026-09-25T08:00:00+00:00,0.007528041049921413,,0.0001,0.0,,2756.96,ETH-25SEP26,1.3441999999999998,-1e-05,0.00014,6447.0,0.0,,ETH,2753.56,0.0
2026-09-22T14:00:33.091763+00:00,ETH-27NOV26-4400-P,2778.27,ETH-27NOV26,put,4400.0,2026-11-27T08:00:00+00:00,0.1800126406392438,0.582,0.597,0.58915,0.5895,2778.27,ETH-27NOV26,0.6158,-0.9485,1.24445,0.0,0.0,0.015000000000000013,ETH,2753.56,0.0
2026-09-22T14:00:33.091763+00:00,ETH-30OCT26-3600-C,2767.8,ETH-30OCT26,call,3600.0,2026-10-30T08:00:00+00:00,0.10335281859954495,0.0065,0.007,0.006683,0.00675,2767.8,ETH-30OCT26,0.5622,0.08589,1.39524,7116.0,76.0,0.0005000000000000004,ETH,2753.56,1403.58
2026-09-22T14:00:33.091763+00:00,ETH-26MAR27-2000-C,2816.84,ETH-26MAR27,call,2000.0,2027-03-26T08:00:00+00:00,0.5058168843079639,0.326,0.33,0.328085,0.328,2816.84,ETH-26MAR27,0.5743,0.85112,4.64695,1855.0,1.0,0.0040000000000000036,ETH,2753.56,894.31
2026-09-22T14:00:33.091763+00:00,ETH-25SEP26-5600-P,2757.05,ETH-25SEP26,put,5600.0,2026-09-25T08:00:00+00:00,0.007528041049921413,1.025,1.037,1.031341,1.031,2757.05,ETH-25SEP26,1.2584,-1.0,0.0,0.0,0.0,0.01200000000000001,ETH,2753.56,0.0
2026-09-22T14:00:33.091763+00:00,ETH-26SEP26-2860-P,2757.32,ETH-26SEP26,put,2860.0,2026-09-26T08:00:00+00:00,0.010265891837053514,0.044,0.0475,0.045632,0.04575,2757.32,ETH-26SEP26,0.5357,-0.74405,0.89832,0.0,0.0,0.003500000000000003,ETH,2753.52,0.0
2026-09-22T14:00:33.091763+00:00,ETH-24SEP26-2350-P,2756.23,ETH-24SEP26,put,2350.0,2026-09-24T08:00:00+00:00,0.004790190262789312,,0.0002,0.000152,,2756.23,ETH-24SEP26,0.9493,-0.00707,0.03748,1.0,1.0,,ETH,2753.52,0.55
2026-09-22T14:00:33.091763+00:00,ETH-25SEP26-5500-C,2756.96,ETH-25SEP26,call,5500.0,2026-09-25T08:00:00+00:00,0.007528041049921413,,0.0001,0.0,,2756.96,ETH-25SEP26,1.2584,0.0,0.0,2170.0,0.0,,ETH,2753.52,0.0
2026-09-22T14:00:33.091763+00:00,ETH-25JUN27-5000-P,2847.33,ETH-25JUN27,put,5000.0,2027-06-25T08:00:00+00:00,0.7549613059369851,0.7875,0.816,0.799882,0.80175,2847.33,ETH-25JUN27,0.5815,-0.80572,6.80472,0.0,0.0,0.02849999999999997,ETH,2753.52,0.0
2026-09-22T14:00:33.091763+00:00,ETH-30OCT26-3100-C,2767.89,ETH-30OCT26,call,3100.0,2026-10-30T08:00:00+00:00,0.10335281859954495,0.025,0.026,0.025659,0.0255,2767.89,ETH-30OCT26,0.5151,0.27281,2.95684,3053.0,649.0,0.0009999999999999974,ETH,2753.52,45232.72
2026-09-22T14:00:33.091763+00:00,ETH-27NOV26-3300-P,2778.27,ETH-27NOV26,put,3300.0,2026-11-27T08:00:00+00:00,0.1800126406392438,0.2155,0.226,0.22014,0.22075,2778.27,ETH-27NOV26,0.5371,-0.73998,3.82286,0.0,0.0,0.01050000000000001,ETH,2753.54,0.0
2026-09-22T14:00:33.091763+00:00,ETH-27NOV26-2250-P,2778.27,ETH-27NOV26,put,2250.0,2026-11-27T08:00:00+00:00,0.1800126406392438,0.0205,0.0215,0.021082,0.021,2778.27,ETH-27NOV26,0.5517,-0.15495,2.80763,706.0,1.0,0.0009999999999999974,ETH,2753.54,59.47
2026-09-22T14:00:33.091763+00:00,ETH-25JUN27-3500-C,2847.42,ETH-25JUN27,call,3500.0,2027-06-25T08:00:00+00:00,0.7549613059369851,0.1155,0.118,0.116609,0.11675,2847.42,ETH-25JUN27,0.5553,0.42575,9.69706,2872.0,0.0,0.0024999999999999883,ETH,2753.54,0.0
2026-09-22T14:00:33.091763+00:00,ETH-25JUN27-3600-P,2847.33,ETH-25JUN27,put,3600.0,2027-06-25T08:00:00+00:00,0.7549613059369851,0.3685,0.377,0.372942,0.37275,2847.33,ETH-25JUN27,0.5566,-0.59632,9.57943,0.0,0.0,0.008500000000000008,ETH,2753.54,0.0
2026-09-22T14:00:33.091763+00:00,ETH-25SEP26-1700-C,2757.05,ETH-25SEP26,call,1700.0,2026-09-25T08:00:00+00:00,0.007528041049921413,0.382,0.3845,0.383343,0.38325,2757.05,ETH-25SEP26,1.3441999999999998,0.99999,0.00014,2189.0,0.0,0.0025000000000000022,ETH,2753.54,0.0
2026-09-22T14:00:33.091763+00:00,ETH-26MAR27-1400-P,2816.84,ETH-26MAR27,put,1400.0,2027-03-26T08:00:00+00:00,0.5058168843079639,0.01,0.011,0.010459,0.0105,2816.84,ETH-26MAR27,0.6707,-0.04431,1.87501,2046.0,11.0,0.0009999999999999992,ETH,2753.54,355.07
2026-09-22T14:00:33.091763+00:00,ETH-25SEP26-7500-P,2757.05,ETH-25SEP26,put,7500.0,2026-09-25T08:00:00+00:00,0.007528041049921413,1.7135,1.729,1.720546,1.72125,2757.05,ETH-25SEP26,1.2584,-1.0,0.0,0.0,0.0,0.01550000000000007,ETH,2753.54,0.0
2026-09-22T14:00:33.091763+00:00,ETH-25SEP26-2360-P,2756.96,ETH-25SEP26,put,2360.0,2026-09-25T08:00:00+00:00,0.007528041049921413,0.0002,0.0005,0.000353,0.00035,2756.96,ETH-25SEP26,0.8255,-0.01344,0.08233,970.0,0.0,0.00030000000000000003,ETH,2753.57,0.0
2026-09-22T14:00:33.091763+00:00,ETH-24SEP26-2580-C,2756.23,ETH-24SEP26,call,2580.0,2026-09-24T08:00:00+00:00,0.004790190262789312,0.0615,0.068,0.064619,0.06475,2756.23,ETH-24SEP26,0.5686,0.95443,0.18247,18.0,0.0,0.006500000000000006,ETH,2753.57,0.0
2026-09-22T14:00:33.091763+00:00,ETH-26MAR27-1800-P,2816.84,ETH-26MAR27,put,1800.0,2027-03-26T08:00:00+00:00,0.5058168843079639,0.0245,0.0255,0.024982,0.025,2816.84,ETH-26MAR27,0.5958,-0.10253,3.57988,3657.0,235.0,0.0009999999999999974,ETH,2753.57,16901.39
2026-09-22T14:00:33.091763+00:00,ETH-25SEP26-2200-C,2757.05,ETH-25SEP26,call,2200.0,2026-09-25T08:00:00+00:00,0.007528041049921413,0.2005,0.2035,0.202164,0.202,2757.05,ETH-25SEP26,1.0602,0.99386,0.0415,7707.0,20.0,0.002999999999999975,ETH,2753.57,11271.37
2026-09-22T14:00:33.091763+00:00,ETH-26MAR27-3500-C,2816.82,ETH-26MAR27,call,3500.0,2027-03-26T08:00:00+00:00,0.5058168843079639,0.078,0.0795,0.078606,0.07875,2816.82,ETH-26MAR27,0.5512,0.35982,7.49235,4616.0,233.0,0.0015000000000000013,ETH,2753.57,48766.79
2026-09-22T14:00:33.091763+00:00,ETH-30OCT26-3800-P,2767.89,ETH-30OCT26,put,3800.0,2026-10-30T08:00:00+00:00,0.10335281859954495,0.371,0.383,0.377211,0.377,2767.89,ETH-30OCT26,0.5859000000000001,-0.94412,1.00218,0.0,0.0,0.01200000000000001,ETH,2753.57,0.0
2026-09-22T14:00:33.091763+00:00,ETH-27NOV26-2100-C,2778.27,ETH-27NOV26,call,2100.0,2026-11-27T08:00:00+00:00,0.1800126406392438,0.2555,0.2585,0.257144,0.257,2778.27,ETH-27NOV26,0.574,0.89771,2.10277,1.0,0.0,0.0030000000000000027,ETH,2753.71,0.0
2026-09-22T14:00:33.091763+00:00,ETH-25SEP26-5500-P,2756.96,ETH-25SEP26,put,5500.0,2026-09-25T08:00:00+00:00,0.007528041049921413,0.9885,1.001,0.995067,0.99475,2756.96,ETH-25SEP26,1.2584,-1.0,0.0,55.0,54.0,0.012499999999999845,ETH,2753.71,145236.78
2026-09-22T14:00:33.091763+00:00,ETH-30OCT26-2200-C,2767.89,ETH-30OCT26,call,2200.0,2026-10-30T08:00:00+00:00,0.10335281859954495,0.211,0.2145,0.21281,0.21275,2767.89,ETH-30OCT26,0.5604,0.91336,1.4044,1287.0,1.0,0.003500000000000003,ETH,2753.71,578.14
2026-09-22T14:00:33.091763+00:00,ETH-25JUN27-1500-P,2847.33,ETH-25JUN27,put,1500.0,2027-06-25T08:00:00+00:00,0.7549613059369851,0.0215,0.023,0.022163,0.02225,2847.33,ETH-25JUN27,0.6222,-0.07288,3.42588,645.0,75.0,0.0015000000000000013,ETH,2753.71,4743.98
2026-09-22T14:00:33.091763+00:00,ETH-9OCT26-3200-C,2761.15,ETH-9OCT26,call,3200.0,2026-10-09T08:00:00+00:00,0.04585795206977083,0.006,0.0065,0.006297,0.00625,2761.15,ETH-9OCT26,0.5482,0.11478,1.14586,427.0,15.0,0.0004999999999999996,ETH,2753.71,263.42
2026-09-22T14:00:33.091763+00:00,ETH-26MAR27-3600-P,2816.84,ETH-26MAR27,put,3600.0,2027-03-26T08:00:00+00:00,0.5058168843079639,0.343,0.356,0.349633,0.3495,2816.84,ETH-26MAR27,0.5533,-0.66552,7.2928,1.0,0.0,0.012999999999999956,ETH,2753.59,0.0
2026-09-22T14:00:33.091763+00:00,ETH-25SEP26-2900-C,2757.05,ETH-25SEP26,call,2900.0,2026-09-25T08:00:00+00:00,0.007528041049921413,0.0039,0.0044,0.004217,0.00415,2757.05,ETH-25SEP26,0.5786,0.16063,0.58311,15904.0,3146.0,0.0005000000000000004,ETH,2753.59,41999.73
2026-09-22T14:00:33.091763+00:00,ETH-26MAR27-1900-C,2816.6,ETH-26MAR27,call,1900.0,2027-03-26T08:00:00+00:00,0.5058168843079639,0.3545,0.3585,0.35647,0.3565,2816.6,ETH-26MAR27,0.5848,0.87561,4.10944,4029.0,2700.0,0.0040000000000000036,ETH,2753.59,2583229.55
2026-09-22T14:00:33.091763+00:00,ETH-25SEP26-5400-P,2756.96,ETH-25SEP26,put,5400.0,2026-09-25T08:00:00+00:00,0.007528041049921413,0.9525,0.9645,0.958793,0.9585,2756.96,ETH-25SEP26,1.2584,-1.0,0.0,4.0,0.0,0.01200000000000001,ETH,2753.59,0.0
2026-09-22T14:00:33.091763+00:00,ETH-25SEP26-1900-P,2757.05,ETH-25SEP26,put,1900.0,2026-09-25T08:00:00+00:00,0.007528041049921413,,0.0002,1.8e-05,,2757.05,ETH-25SEP26,1.3441999999999998,-0.00058,0.00489,19372.0,0.0,,ETH,2753.59,0.0
2026-09-22T14:00:33.091763+00:00,ETH-25SEP26-3400-P,2757.05,ETH-25SEP26,put,3400.0,2026-09-25T08:00:00+00:00,0.007528041049921413,0.2295,0.237,0.233455,0.23325,2757.05,ETH-25SEP26,0.9372,-0.99451,0.03758,859.0,0.0,0.007499999999999979,ETH,2753.59,0.0
2026-09-22T14:00:33.091763+00:00,ETH-26MAR27-1900-P,2816.82,ETH-26MAR27,put,1900.0,2027-03-26T08:00:00+00:00,0.5058168843079639,0.0305,0.0315,0.031087,0.031,2816.82,ETH-26MAR27,0.5848,-0.12444,4.11015,3411.0,1.0,0.0010000000000000009,ETH,2753.44,86.25
2026-09-22T14:00:33.091763+00:00,ETH-2OCT26-2800-P,2758.75,ETH-2OCT26,put,2800.0,2026-10-02T08:00:00+00:00,0.02669299655984612,0.0395,0.0405,0.040306,0.04,2758.75,ETH-2OCT26,0.49200000000000005,-0.55993,1.77723,148.0,236.0,0.0010000000000000009,ETH,2753.44,29703.32
2026-09-22T14:00:33.091763+00:00,ETH-23SEP26-2680-P,2755.51,ETH-23SEP26,put,2680.0,2026-09-23T08:00:00+00:00,0.002052339475657211,0.0008,0.001,0.000954,0.0009,2755.51,ETH-23SEP26,0.4692,-0.09525,0.21091,3533.0,3874.0,0.00019999999999999998,ETH,2753.44,25087.33
2026-09-22T14:00:33.091763+00:00,ETH-27NOV26-2250-C,2778.27,ETH-27NOV26,call,2250.0,2026-11-27T08:00:00+00:00,0.1800126406392438,0.2095,0.2125,0.211085,0.211,2778.27,ETH-27NOV26,0.5517,0.84501,2.808,126.0,0.0,0.0030000000000000027,ETH,2752.99,0.0
2026-09-22T14:00:33.091763+00:00,ETH-25JUN27-6500-C,2847.33,ETH-25JUN27,call,6500.0,2027-06-25T08:00:00+00:00,0.7549613059369851,0.0205,0.0215,0.020731,0.021,2847.33,ETH-25JUN27,0.6143,0.10033,4.35154,288.0,3.0,0.0009999999999999974,ETH,2753.44,170.64
2026-09-22T14:00:33.091763+00:00,ETH-30OCT26-2700-C,2767.8,ETH-30OCT26,call,2700.0,2026-10-30T08:00:00+00:00,0.10335281859954495,0.076,0.077,0.076662,0.0765,2767.8,ETH-30OCT26,0.5032,0.59137,3.45561,3816.0,333.0,0.0010000000000000009,ETH,2753.44,69331.8
2026-09-22T14:00:33.091763+00:00,ETH-25SEP26-7400-C,2756.96,ETH-25SEP26,call,7400.0,2026-09-25T08:00:00+00:00,0.007528041049921413,,0.0001,0.0,,2756.96,ETH-25SEP26,1.2584,0.0,0.0,1322.0,0.0,,ETH,2752.99,0.0
2026-09-22T14:00:33.091763+00:00,ETH-25SEP26-5200-P,2757.05,ETH-25SEP26,put,5200.0,2026-09-25T08:00:00+00:00,0.007528041049921413,0.8805,0.8915,0.886245,0.886,2757.05,ETH-25SEP26,1.2584,-1.0,0.0,50.0,0.0,0.01100000000000001,ETH,2752.99,0.0
2026-09-22T14:00:33.091763+00:00,ETH-2OCT26-3000-P,2758.76,ETH-2OCT26,put,3000.0,2026-10-02T08:00:00+00:00,0.02669299655984612,0.0935,0.0975,0.095323,0.0955,2758.76,ETH-2OCT26,0.5261,-0.82671,1.154,6.0,6.0,0.0040000000000000036,ETH,2752.86,1601.44
2026-09-22T14:00:33.091763+00:00,ETH-9OCT26-2000-C,2761.15,ETH-9OCT26,call,2000.0,2026-10-09T08:00:00+00:00,0.04585795206977083,0.2745,0.278,0.27643,0.27625,2761.15,ETH-9OCT26,0.7145999999999999,0.98531,0.2198,0.0,0.0,0.003500000000000003,ETH,2752.99,0.0
2026-09-22T14:00:33.091763+00:00,ETH-25SEP26-14000-P,2757.05,ETH-25SEP26,put,14000.0,2026-09-25T08:00:00+00:00,0.007528041049921413,4.061,4.0955,4.078352,4.07825,2757.05,ETH-25SEP26,1.7753,-1.0,0.0,0.0,0.0,0.03450000000000042,ETH,2752.99,0.0
2026-09-22T14:00:33.091763+00:00,ETH-25DEC26-2600-P,2788.66,ETH-25DEC26,put,2600.0,2026-12-25T08:00:00+00:00,0.2566724626789426,0.0725,0.074,0.073296,0.07325,2788.66,ETH-25DEC26,0.5322,-0.34751,5.21752,1432.0,43.0,0.0015000000000000013,ETH,2752.99,8944.77
2026-09-22T14:00:33.091763+00:00,ETH-25SEP26-6400-P,2757.05,ETH-25SEP26,put,6400.0,2026-09-25T08:00:00+00:00,0.007528041049921413,1.3145,1.3285,1.321532,1.3215,2757.05,ETH-25SEP26,1.2584,-1.0,0.0,0.0,0.0,0.014000000000000012,ETH,2752.86,0.0
2026-09-22T14:00:33.091763+00:00,ETH-2OCT26-3100-P,2758.76,ETH-2OCT26,put,3100.0,2026-10-02T08:00:00+00:00,0.02669299655984612,0.1245,0.1315,0.128157,0.128,2758.76,ETH-2OCT26,0.5515,-0.8957,0.81517,0.0,0.0,0.007000000000000006,ETH,2752.86,0.0
2026-09-22T14:00:33.091763+00:00,ETH-24SEP26-2940-P,2756.32,ETH-24SEP26,put,2940.0,2026-09-24T08:00:00+00:00,0.004790190262789312,0.065,0.071,0.068324,0.068,2756.32,ETH-24SEP26,0.6516,-0.9231,0.27488,0.0,0.0,0.0059999999999999915,ETH,2753.0,0.0
2026-09-22T14:00:33.091763+00:00,ETH-24SEP26-2420-P,2756.32,ETH-24SEP26,put,2420.0,2026-09-24T08:00:00+00:00,0.004790190262789312,0.0001,0.0003,0.000157,0.0002,2756.32,ETH-24SEP26,0.7954000000000001,-0.00868,0.04485,432.0,83.0,0.00019999999999999998,ETH,2753.0,50.51
2026-09-22T14:00:33.091763+00:00,ETH-25SEP26-6600-P,2757.05,ETH-25SEP26,put,6600.0,2026-09-25T08:00:00+00:00,0.007528041049921413,1.387,1.401,1.39408,1.394,2757.05,ETH-25SEP26,1.2584,-1.0,0.0,0.0,0.0,0.014000000000000012,ETH,2752.86,0.0
2026-09-22T14:00:33.091763+00:00,ETH-25SEP26-2800-C,2756.96,ETH-25SEP26,call,2800.0,2026-09-25T08:00:00+00:00,0.007528041049921413,0.011,0.012,0.011447,0.0115,2756.96,ETH-25SEP26,0.5223,0.369,0.90155,19350.0,1766.0,0.0010000000000000009,ETH,2753.0,67279.24
2026-09-22T14:00:33.091763+00:00,ETH-25DEC26-2900-C,2788.66,ETH-25DEC26,call,2900.0,2026-12-25T08:00:00+00:00,0.2566724626789426,0.0895,0.091,0.090311,0.09025,2788.66,ETH-25DEC26,0.5309,0.49462,5.63382,4185.0,19.0,0.0015000000000000013,ETH,2753.0,4729.72
2026-09-22T14:00:33.091763+00:00,ETH-23SEP26-2750-C,2755.51,ETH-23SEP26,call,2750.0,2026-09-23T08:00:00+00:00,0.002052339475657211,0.009,0.01,0.009634,0.0095,2755.51,ETH-23SEP26,0.4817,0.52663,0.49565,682.0,419.0,0.0010000000000000009,ETH,2753.0,12426.25
2026-09-22T14:00:33.091763+00:00,ETH-27NOV26-4000-P,2778.27,ETH-27NOV26,put,4000.0,2026-11-27T08:00:00+00:00,0.1800126406392438,0.442,0.4565,0.449081,0.44925,2778.27,ETH-27NOV26,0.5815,-0.91251,1.8736,0.0,0.0,0.014500000000000013,ETH,2753.02,0.0
2026-09-22T14:00:33.091763+00:00,ETH-26MAR27-2700-P,2816.82,ETH-26MAR27,put,2700.0,2027-03-26T08:00:00+00:00,0.5058168843079639,0.13,0.1315,0.130381,0.13075,2816.82,ETH-26MAR27,0.5437,-0.38168,7.63513,896.0,327.0,0.0015000000000000013,ETH,2753.0,117935.97
2026-09-22T14:00:33.091763+00:00,ETH-23SEP26-2740-C,2755.42,ETH-23SEP26,call,2740.0,2026-09-23T08:00:00+00:00,0.002052339475657211,0.0105,0.0125,0.011484,0.0115,2755.42,ETH-23SEP26,0.4708,0.59565,0.48244,547.0,31.0,0.002,ETH,2753.0,863.99
2026-09-22T14:00:33.091763+00:00,ETH-23SEP26-2950-C,2755.51,ETH-23SEP26,call,2950.0,2026-09-23T08:00:00+00:00,0.002052339475657211,0.0002,0.0004,0.000327,0.0003,2755.51,ETH-23SEP26,0.7656999999999999,0.02377,0.06977,1088.0,1088.0,0.0002,ETH,2753.0,1077.39
2026-09-22T14:00:33.091763+00:00,ETH-23SEP26-2620-C,2755.51,ETH-23SEP26,call,2620.0,2026-09-23T08:00:00+00:00,0.002052339475657211,0.0465,0.0525,0.049242,0.0495,2755.51,ETH-23SEP26,0.5639,0.97756,0.06647,46.0,0.0,0.005999999999999998,ETH,2753.02,0.0
2026-09-22T14:00:33.091763+00:00,ETH-26SEP26-2680-C,2757.22,ETH-26SEP26,call,2680.0,2026-09-26T08:00:00+00:00,0.010265891837053514,0.0355,0.038,0.036938,0.03675,2757.22,ETH-26SEP26,0.4997,0.71683,0.94482,0.0,0.0,0.0025000000000000022,ETH,2753.02,0.0
2026-09-22T14:00:33.091763+00:00,ETH-25SEP26-3500-C,2757.05,ETH-25SEP26,call,3500.0,2026-09-25T08:00:00+00:00,0.007528041049921413,,0.0002,6.9e-05,,2757.05,ETH-25SEP26,0.9771,0.00271,0.01993,24288.0,19.0,,ETH,2753.02,15.78
2026-09-22T14:00:33.091763+00:00,ETH-23SEP26-2500-P,2755.51,ETH-23SEP26,put,2500.0,2026-09-23T08:00:00+00:00,0.002052339475657211,,0.0002,0.000106,,2755.51,ETH-23SEP26,0.895,-0.00805,0.02746,686.0,150.0,,ETH,2753.02,40.9
2026-09-22T14:00:33.091763+00:00,ETH-25SEP26-1800-C,2757.05,ETH-25SEP26,call,1800.0,2026-09-25T08:00:00+00:00,0.007528041049921413,0.3455,0.3485,0.347072,0.347,2757.05,ETH-25SEP26,1.3441999999999998,0.9999,0.00098,6232.0,0.0,0.0030000000000000027,ETH,2753.02,0.0
2026-09-22T14:00:33.091763+00:00,ETH-24SEP26-2420-C,2756.23,ETH-24SEP26,call,2420.0,2026-09-24T08:00:00+00:00,0.004790190262789312,0.12,0.1235,0.122095,0.12175,2756.23,ETH-24SEP26,0.7954000000000001,0.99132,0.04486,0.0,0.0,0.003500000000000003,ETH,2752.85,0.0
2026-09-22T14:00:33.091763+00:00,ETH-24SEP26-2520-C,2756.23,ETH-24SEP26,call,2520.0,2026-09-24T08:00:00+00:00,0.004790190262789312,0.084,0.0875,0.086028,0.08575,2756.23,ETH-24SEP26,0.6498,0.97721,0.10302,0.0,0.0,0.0034999999999999892,ETH,2752.85,0.0
2026-09-22T14:00:33.091763+00:00,ETH-26MAR27-3400-C,2816.82,ETH-26MAR27,call,3400.0,2027-03-26T08:00:00+00:00,0.5058168843079639,0.086,0.0875,0.086521,0.08675,2816.82,ETH-26MAR27,0.5492,0.38662,7.66384,3255.0,807.0,0.0015000000000000013,ETH,2752.85,185658.9
2026-09-22T14:00:33.091763+00:00,ETH-24SEP26-3100-C,2756.23,ETH-24SEP26,call,3100.0,2026-09-24T08:00:00+00:00,0.004790190262789312,0.0003,0.0004,0.000358,0.00035,2756.23,ETH-24SEP26,0.8009999999999999,0.01754,0.08248,259.0,267.0,0.00010000000000000005,ETH,2752.89,768.04
2026-09-22T14:00:33.091763+00:00,ETH-9OCT26-2550-P,2761.15,ETH-9OCT26,put,2550.0,2026-10-09T08:00:00+00:00,0.04585795206977083,0.0135,0.0145,0.013919,0.014,2761.15,ETH-9OCT26,0.5039,-0.21645,1.73356,242.0,23.0,0.0010000000000000009,ETH,2752.85,882.15
2026-09-22T14:00:33.091763+00:00,ETH-25JUN27-900-P,2847.33,ETH-25JUN27,put,900.0,2027-06-25T08:00:00+00:00,0.7549613059369851,0.0055,0.0065,0.005969,0.006,2847.33,ETH-25JUN27,0.7626999999999999,-0.01934,1.16357,897.0,0.0,0.001,ETH,2752.85,0.0
2026-09-22T14:00:33.091763+00:00,ETH-24SEP26-2920-C,2756.32,ETH-24SEP26,call,2920.0,2026-09-24T08:00:00+00:00,0.004790190262789312,0.0017,0.0021,0.001957,0.0019,2756.32,ETH-24SEP26,0.6318,0.09402,0.31956,3.0,3.0,0.00039999999999999996,ETH,2752.89,44.77
2026-09-22T14:00:33.091763+00:00,ETH-23SEP26-2820-P,2755.51,ETH-23SEP26,put,2820.0,2026-09-23T08:00:00+00:00,0.002052339475657211,0.0245,0.028,0.026405,0.02625,2755.51,ETH-23SEP26,0.5876,-0.81225,0.33543,60.0,0.0,0.0034999999999999996,ETH,2752.89,0.0
2026-09-22T14:00:33.091763+00:00,ETH-30OCT26-3300-C,2767.8,ETH-30OCT26,call,3300.0,2026-10-30T08:00:00+00:00,0.10335281859954495,0.014,0.015,0.014634,0.0145,2767.8,ETH-30OCT26,0.5311,0.1714,2.26261,254.0,254.0,0.0009999999999999992,ETH,2752.89,10873.71
2026-09-22T14:00:33.091763+00:00,ETH-2OCT26-3100-C,2758.85,ETH-2OCT26,call,3100.0,2026-10-02T08:00:00+00:00,0.02669299655984612,0.0041,0.0045,0.004398,0.0043,2758.85,ETH-2OCT26,0.5515,0.10431,0.81525,4.0,3.0,0.0003999999999999993,ETH,2752.82,38.49
2026-09-22T14:00:33.091763+00:00,ETH-25JUN27-1300-C,2847.42,ETH-25JUN27,call,1300.0,2027-06-25T08:00:00+00:00,0.7549613059369851,0.5555,0.5595,0.558099,0.5575,2847.42,ETH-25JUN27,0.6581,0.95107,2.50687,108.0,0.0,0.0040000000000000036,ETH,2752.89,0.0
2026-09-22T14:00:33.091763+00:00,ETH-25SEP26-1850-P,2756.96,ETH-25SEP26,put,1850.0,2026-09-25T08:00:00+00:00,0.007528041049921413,,0.0001,8e-06,,2756.96,ETH-25SEP26,1.3441999999999998,-0.00026,0.00229,5695.0,0.0,,ETH,2752.82,0.0
2026-09-22T14:00:33.091763+00:00,ETH-25DEC26-1500-C,2788.66,ETH-25DEC26,call,1500.0,2026-12-25T08:00:00+00:00,0.2566724626789426,0.465,0.468,0.466153,0.4665,2788.66,ETH-25DEC26,0.6967,0.97323,0.87395,749.0,0.0,0.0030000000000000027,ETH,2752.82,0.0
2026-09-22T14:00:33.091763+00:00,ETH-30OCT26-3400-C,2767.8,ETH-30OCT26,call,3400.0,2026-10-30T08:00:00+00:00,0.10335281859954495,0.011,0.0115,0.011222,0.01125,2767.8,ETH-30OCT26,0.5416,0.13596,1.94052,5338.0,643.0,0.0005000000000000004,ETH,2752.82,24521.89
2026-09-22T14:00:33.091763+00:00,ETH-27NOV26-2750-P,2778.17,ETH-27NOV26,put,2750.0,2026-11-27T08:00:00+00:00,0.1800126406392438,0.082,0.0835,0.082878,0.08275,2778.17,ETH-27NOV26,0.5224,-0.43902,4.64537,211.0,70.0,0.0015000000000000013,ETH,2752.56,16902.81
2026-09-22T14:00:33.091763+00:00,ETH-26SEP26-2840-C,2757.32,ETH-26SEP26,call,2840.0,2026-09-26T08:00:00+00:00,0.010265891837053514,0.0095,0.01,0.009797,0.00975,2757.32,ETH-26SEP26,0.5268,0.29401,0.96161,0.0,0.0,0.0005000000000000004,ETH,2752.56,0.0
2026-09-22T14:00:33.091763+00:00,ETH-9OCT26-2500-P,2761.15,ETH-9OCT26,put,2500.0,2026-10-09T08:00:00+00:00,0.04585795206977083,0.01,0.011,0.010412,0.0105,2761.15,ETH-9OCT26,0.5127,-0.17052,1.49837,1350.0,546.0,0.0009999999999999992,ETH,2752.56,16232.24
2026-09-22T14:00:33.091763+00:00,ETH-25SEP26-5000-P,2756.96,ETH-25SEP26,put,5000.0,2026-09-25T08:00:00+00:00,0.007528041049921413,0.808,0.819,0.813697,0.8135,2756.96,ETH-25SEP26,1.2584,-1.0,0.0,2.0,0.0,0.010999999999999899,ETH,2752.56,0.0
2026-09-22T14:00:33.091763+00:00,ETH-23SEP26-2720-P,2755.51,ETH-23SEP26,put,2720.0,2026-09-23T08:00:00+00:00,0.002052339475657211,0.0031,0.0034,0.003393,0.00325,2755.51,ETH-23SEP26,0.45899999999999996,-0.27552,0.41582,389.0,291.0,0.0002999999999999999,ETH,2752.56,5593.06
2026-09-22T14:00:33.091763+00:00,ETH-25DEC26-11000-P,2788.75,ETH-25DEC26,put,11000.0,2026-12-25T08:00:00+00:00,0.2566724626789426,2.9215,2.9545,2.944953,2.938,2788.75,ETH-25DEC26,0.8564,-0.99839,0.07333,748.0,0.0,0.03299999999999992,ETH,2752.56,0.0
2026-09-22T14:00:33.091763+00:00,ETH-25DEC26-2800-C,2788.66,ETH-25DEC26,call,2800.0,2026-12-25T08:00:00+00:00,0.2566724626789426,0.1045,0.106,0.105049,0.10525,2788.66,ETH-25DEC26,0.5302,0.54622,5.59555,9023.0,569.0,0.0015000000000000013,ETH,2752.56,160797.4
2026-09-22T14:00:33.091763+00:00,ETH-26SEP26-2720-C,2757.22,ETH-26SEP26,call,2720.0,2026-09-26T08:00:00+00:00,0.010265891837053514,0.0265,0.0285,0.027463,0.0275,2757.22,ETH-26SEP26,0.4987,0.60926,1.07144,26.0,26.0,0.0020000000000000018,ETH,2752.53,1708.84
2026-09-22T14:00:33.091763+00:00,ETH-27NOV26-4200-C,2778.27,ETH-27NOV26,call,4200.0,2026-11-27T08:00:00+00:00,0.1800126406392438,0.0065,0.007,0.006735,0.00675,2778.27,ETH-27NOV26,0.598,0.06614,1.51405,806.0,0.0,0.0005000000000000004,ETH,2752.53,0.0
2026-09-22T14:00:33.091763+00:00,ETH-26SEP26-2620-P,2757.22,ETH-26SEP26,put,2620.0,2026-09-26T08:00:00+00:00,0.010265891837053514,0.0041,0.0046,0.004368,0.00435,2757.22,ETH-26SEP26,0.5127,-0.16042,0.68026,3.0,3.0,0.0004999999999999996,ETH,2752.53,49.29
2026-09-22T14:00:33.091763+00:00,ETH-30OCT26-1800-C,2767.89,ETH-30OCT26,call,1800.0,2026-10-30T08:00:00+00:00,0.10335281859954495,0.35,0.3535,0.351385,0.35175,2767.89,ETH-30OCT26,0.6887000000000001,0.97982,0.43393,110.0,0.0,0.003500000000000003,ETH,2752.53,0.0
2026-09-22T14:00:33.091763+00:00,ETH-25JUN27-1800-P,2847.33,ETH-25JUN27,put,1800.0,2027-06-25T08:00:00+00:00,0.7549613059369851,0.039,0.0405,0.039744,0.03975,2847.33,ETH-25JUN27,0.5854,-0.12423,5.06823,1777.0,755.0,0.0015000000000000013,ETH,2752.53,85779.45
2026-09-22T14:00:33.091763+00:00,ETH-25DEC26-3400-P,2788.66,ETH-25DEC26,put,3400.0,2026-12-25T08:00:00+00:00,0.2566724626789426,0.2575,0.2655,0.261143,0.2615,2788.66,ETH-25DEC26,0.5438000000000001,-0.72057,4.74861,89.0,0.0,0.008000000000000007,ETH,2752.53,0.0
2026-09-22T14:00:33.091763+00:00,ETH-24SEP26-2800-C,2756.23,ETH-24SEP26,call,2800.0,2026-09-24T08:00:00+00:00,0.004790190262789312,0.0075,0.0085,0.008036,0.008,2756.23,ETH-24SEP26,0.5264,0.33036,0.69017,142.0,62.0,0.0010000000000000009,ETH,2752.53,1452.26
2026-09-22T14:00:33.091763+00:00,ETH-23SEP26-2440-P,2755.51,ETH-23SEP26,put,2440.0,2026-09-23T08:00:00+00:00,0.002052339475657211,,0.0001,9.1e-05,,2755.51,ETH-23SEP26,1.0724,-0.00599,0.02113,236.0,12.0,,ETH,2752.53,3.31
2026-09-22T14:00:33.091763+00:00,ETH-25DEC26-1000-P,2788.66,ETH-25DEC26,put,1000.0,2026-12-25T08:00:00+00:00,0.2566724626789426,0.001,0.0014,0.001133,0.0012,2788.66,ETH-25DEC26,0.8995000000000001,-0.00666,0.26346,18426.0,0.0,0.00039999999999999996,ETH,2752.14,0.0
2026-09-22T14:00:33.091763+00:00,ETH-27NOV26-2200-P,2778.17,ETH-27NOV26,put,2200.0,2026-11-27T08:00:00+00:00,0.1800126406392438,0.0175,0.0185,0.018046,0.018,2778.17,ETH-27NOV26,0.5587,-0.13589,2.56935,1196.0,125.0,0.0009999999999999974,ETH,2752.14,6818.41
2026-09-22T14:00:33.091763+00:00,ETH-25SEP26-14000-C,2757.05,ETH-25SEP26,call,14000.0,2026-09-25T08:00:00+00:00,0.007528041049921413,,0.0001,0.0,,2757.05,ETH-25SEP26,1.7753,0.0,0.0,2121.0,0.0,,ETH,2752.14,0.0
2026-09-22T14:00:33.091763+00:00,ETH-24SEP26-2520-P,2756.32,ETH-24SEP26,put,2520.0,2026-09-24T08:00:00+00:00,0.004790190262789312,0.0003,0.0005,0.000373,0.0004,2756.32,ETH-24SEP26,0.6498,-0.02296,0.10363,354.0,54.0,0.00020000000000000004,ETH,2752.14,106.49
2026-09-22T14:00:33.091763+00:00,ETH-25JUN27-3700-P,2847.42,ETH-25JUN27,put,3700.0,2027-06-25T08:00:00+00:00,0.7549613059369851,0.396,0.411,0.400612,0.4035,2847.42,ETH-25JUN27,0.5579999999999999,-0.61769,9.43228,0.0,0.0,0.014999999999999958,ETH,2752.14,0.0
2026-09-22T14:00:33.091763+00:00,ETH-24SEP26-2980-P,2756.32,ETH-24SEP26,put,2980.0,2026-09-24T08:00:00+00:00,0.004790190262789312,0.0785,0.0855,0.082305,0.082,2756.32,ETH-24SEP26,0.6894,-0.94865,0.20067,0.0,0.0,0.007000000000000006,ETH,2752.14,0.0
2026-09-22T14:00:33.091763+00:00,ETH-25SEP26-2440-C,2757.05,ETH-25SEP26,call,2440.0,2026-09-25T08:00:00+00:00,0.007528041049921413,0.1135,0.117,0.115402,0.11525,2757.05,ETH-25SEP26,0.7031000000000001,0.97891,0.12101,5682.0,0.0,0.003500000000000003,ETH,2751.94,0.0
2026-09-22T14:00:33.091763+00:00,ETH-26SEP26-2300-C,2757.32,ETH-26SEP26,call,2300.0,2026-09-26T08:00:00+00:00,0.010265891837053514,0.1645,0.1675,0.166102,0.166,2757.32,ETH-26SEP26,0.8189,0.98663,0.09573,0.0,0.0,0.0030000000000000027,ETH,2751.94,0.0
2026-09-22T14:00:33.091763+00:00,ETH-25SEP26-1850-C,2757.05,ETH-25SEP26,call,1850.0,2026-09-25T08:00:00+00:00,0.007528041049921413,0.3275,0.33,0.32894,0.32875,2757.05,ETH-25SEP26,1.3441999999999998,0.99974,0.00231,2241.0,0.0,0.0025000000000000022,ETH,2751.94,0.0
2026-09-22T14:00:33.091763+00:00,ETH-25SEP26-10000-C,2757.05,ETH-25SEP26,call,10000.0,2026-09-25T08:00:00+00:00,0.007528041049921413,,0.0001,0.0,,2757.05,ETH-25SEP26,1.4622,0.0,0.0,1965.0,0.0,,ETH,2751.94,0.0
2026-09-22T14:00:33.091763+00:00,ETH-25JUN27-2300-C,2847.33,ETH-25JUN27,call,2300.0,2027-06-25T08:00:00+00:00,0.7549613059369851,0.282,0.287,0.285022,0.2845,2847.33,ETH-25JUN27,0.5566,0.75198,7.82217,253.0,18.0,0.0050000000000000044,ETH,2751.7,13676.91
2026-09-22T14:00:33.091763+00:00,ETH-9OCT26-2650-C,2761.15,ETH-9OCT26,call,2650.0,2026-10-09T08:00:00+00:00,0.04585795206977083,0.063,0.0655,0.064455,0.06425,2761.15,ETH-9OCT26,0.49340000000000006,0.66665,2.14802,285.0,0.0,0.0025000000000000022,ETH,2751.7,0.0
2026-09-22T14:00:33.091763+00:00,ETH-25JUN27-2700-C,2847.33,ETH-25JUN27,call,2700.0,2027-06-25T08:00:00+00:00,0.7549613059369851,0.2095,0.213,0.211228,0.21125,2847.33,ETH-25JUN27,0.5507,0.63605,9.28255,578.0,34.0,0.003500000000000003,ETH,2751.7,19345.63
2026-09-22T14:00:33.091763+00:00,ETH-2OCT26-2250-C,2758.76,ETH-2OCT26,call,2250.0,2026-10-02T08:00:00+00:00,0.02669299655984612,0.1835,0.1875,0.185389,0.1855,2758.76,ETH-2OCT26,0.6511,0.97494,0.26374,18.0,0.0,0.0040000000000000036,ETH,2752.02,0.0
2026-09-22T14:00:33.091763+00:00,ETH-24SEP26-2760-P,2756.23,ETH-24SEP26,put,2760.0,2026-09-24T08:00:00+00:00,0.004790190262789312,0.014,0.015,0.014558,0.0145,2756.23,ETH-24SEP26,0.5007,-0.5225,0.75851,213.0,369.0,0.0009999999999999992,ETH,2751.7,17251.89
2026-09-22T14:00:33.091763+00:00,ETH-25SEP26-16000-C,2757.05,ETH-25SEP26,call,16000.0,2026-09-25T08:00:00+00:00,0.007528041049921413,,0.0001,0.0,,2757.05,ETH-25SEP26,1.8954,0.0,0.0,9830.0,0.0,,ETH,2752.02,0.0
2026-09-22T14:00:33.091763+00:00,ETH-9OCT26-2450-P,2761.15,ETH-9OCT26,put,2450.0,2026-10-09T08:00:00+00:00,0.04585795206977083,0.0075,0.008,0.007764,0.00775,2761.15,ETH-9OCT26,0.5238,-0.13333,1.27161,508.0,315.0,0.0005000000000000004,ETH,2752.02,6746.7
2026-09-22T14:00:33.091763+00:00,ETH-25DEC26-3300-P,2788.75,ETH-25DEC26,put,3300.0,2026-12-25T08:00:00+00:00,0.2566724626789426,0.229,0.2355,0.232144,0.23225,2788.75,ETH-25DEC26,0.5399,-0.68535,5.01223,13.0,0.0,0.006499999999999978,ETH,2752.02,0.0
2026-09-22T14:00:33.091763+00:00,ETH-25DEC26-3400-C,2788.66,ETH-25DEC26,call,3400.0,2026-12-25T08:00:00+00:00,0.2566724626789426,0.041,0.0425,0.041849,0.04175,2788.66,ETH-25DEC26,0.5438000000000001,0.27919,4.74573,15039.0,529.0,0.0015000000000000013,ETH,2752.02,69861.92
2026-09-22T14:00:33.091763+00:00,ETH-27NOV26-2800-P,2778.17,ETH-27NOV26,put,2800.0,2026-11-27T08:00:00+00:00,0.1800126406392438,0.092,0.093,0.092601,0.0925,2778.17,ETH-27NOV26,0.5222,-0.47179,4.68723,120.0,41.0,0.0010000000000000009,ETH,2752.05,10198.68
2026-09-22T14:00:33.091763+00:00,ETH-25SEP26-6200-P,2756.96,ETH-25SEP26,put,6200.0,2026-09-25T08:00:00+00:00,0.007528041049921413,1.2415,1.2555,1.248984,1.2485,2756.96,ETH-25SEP26,1.2584,-1.0,0.0,0.0,0.0,0.014000000000000012,ETH,2752.02,0.0
2026-09-22T14:00:33.091763+00:00,ETH-25DEC26-2000-C,2788.75,ETH-25DEC26,call,2000.0,2026-12-25T08:00:00+00:00,0.2566724626789426,0.2975,0.3,0.298893,0.29875,2788.75,ETH-25DEC26,0.5819,0.89804,2.51263,10256.0,4512.0,0.0025000000000000022,ETH,2752.02,3635121.5
2026-09-22T14:00:33.091763+00:00,ETH-9OCT26-2200-C,2761.15,ETH-9OCT26,call,2200.0,2026-10-09T08:00:00+00:00,0.04585795206977083,0.2035,0.2065,0.205155,0.205,2761.15,ETH-9OCT26,0.613,0.96308,0.47691,0.0,0.0,0.0030000000000000027,ETH,2752.05,0.0
2026-09-22T14:00:33.091763+00:00,ETH-24SEP26-2950-C,2756.23,ETH-24SEP26,call,2950.0,2026-09-24T08:00:00+00:00,0.004790190262789312,0.0012,0.0016,0.001421,0.0014,2756.23,ETH-24SEP26,0.6601,0.06823,0.25073,61.0,62.0,0.0004000000000000002,ETH,2752.02,258.8
2026-09-22T14:00:33.091763+00:00,ETH-25JUN27-5500-P,2847.33,ETH-25JUN27,put,5500.0,2027-06-25T08:00:00+00:00,0.7549613059369851,0.9505,0.981,0.965122,0.96575,2847.33,ETH-25JUN27,0.5927,-0.84663,5.85012,0.0,0.0,0.03049999999999997,ETH,2752.05,0.0
2026-09-22T14:00:33.091763+00:00,ETH-23SEP26-2800-P,2755.42,ETH-23SEP26,put,2800.0,2026-09-23T08:00:00+00:00,0.002052339475657211,0.0185,0.0225,0.020319,0.0205,2755.42,ETH-23SEP26,0.5567,-0.74783,0.39738,37.0,98.0,0.004,ETH,2752.05,6636.99
2026-09-22T14:00:33.091763+00:00,ETH-30OCT26-1850-C,2767.89,ETH-30OCT26,call,1850.0,2026-10-30T08:00:00+00:00,0.10335281859954495,0.332,0.335,0.333632,0.3335,2767.89,ETH-30OCT26,0.6686,0.97595,0.50311,1008.0,0.0,0.0030000000000000027,ETH,2752.05,0.0
2026-09-22T14:00:33.091763+00:00,ETH-27NOV26-2000-P,2778.27,ETH-27NOV26,put,2000.0,2026-11-27T08:00:00+00:00,0.1800126406392438,0.009,0.01,0.0096,0.0095,2778.27,ETH-27NOV26,0.5936,-0.07681,1.6979,2249.0,102.0,0.0010000000000000009,ETH,2751.64,2841.58
2026-09-22T14:00:33.091763+00:00,ETH-23SEP26-2940-C,2755.51,ETH-23SEP26,call,2940.0,2026-09-23T08:00:00+00:00,0.002052339475657211,0.0002,0.0004,0.000362,0.0003,2755.51,ETH-23SEP26,0.7459,0.02491,0.07252,257.0,312.0,0.0002,ETH,2751.64,1286.41
2026-09-22T14:00:33.091763+00:00,ETH-25JUN27-3800-P,2847.33,ETH-25JUN27,put,3800.0,2027-06-25T08:00:00+00:00,0.7549613059369851,0.4245,0.4355,0.428914,0.43,2847.33,ETH-25JUN27,0.5595,-0.63784,9.2669,2.0,0.0,0.01100000000000001,ETH,2751.64,0.0
2026-09-22T14:00:33.091763+00:00,ETH-27NOV26-2950-P,2778.27,ETH-27NOV26,put,2950.0,2026-11-27T08:00:00+00:00,0.1800126406392438,0.1245,0.126,0.125633,0.12525,2778.27,ETH-27NOV26,0.5243,-0.56505,4.63572,695.0,134.0,0.0015000000000000013,ETH,2751.64,48693.66
2026-09-22T14:00:33.091763+00:00,ETH-25DEC26-800-P,2788.66,ETH-25DEC26,put,800.0,2026-12-25T08:00:00+00:00,0.2566724626789426,0.0004,0.0007,0.000545,0.00055,2788.66,ETH-25DEC26,0.9904000000000001,-0.0031,0.13315,7407.0,0.0,0.0003,ETH,2751.0,0.0
2026-09-22T14:00:33.091763+00:00,ETH-23SEP26-2640-C,2755.42,ETH-23SEP26,call,2640.0,2026-09-23T08:00:00+00:00,0.002052339475657211,0.039,0.0455,0.042067,0.04225,2755.42,ETH-23SEP26,0.5185,0.96376,0.09893,533.0,57.0,0.006499999999999999,ETH,2751.0,9673.08
2026-09-22T14:00:33.091763+00:00,ETH-9OCT26-2000-P,2761.15,ETH-9OCT26,put,2000.0,2026-10-09T08:00:00+00:00,0.04585795206977083,0.0007,0.001,0.000826,0.00085,2761.15,ETH-9OCT26,0.7145999999999999,-0.01482,0.22133,1977.0,51.0,0.00030000000000000003,ETH,2751.0,157.83
2026-09-22T14:00:33.091763+00:00,ETH-2OCT26-2400-C,2758.85,ETH-2OCT26,call,2400.0,2026-10-02T08:00:00+00:00,0.02669299655984612,0.1305,0.134,0.132415,0.13225,2758.85,ETH-2OCT26,0.5622,0.93898,0.54339,295.0,5.0,0.003500000000000003,ETH,2751.11,1919.14
2026-09-22T14:00:33.091763+00:00,ETH-24SEP26-2940-C,2756.23,ETH-24SEP26,call,2940.0,2026-09-24T08:00:00+00:00,0.004790190262789312,0.0014,0.0017,0.001588,0.00155,2756.23,ETH-24SEP26,0.6516,0.07465,0.26853,47.0,47.0,0.0002999999999999999,ETH,2751.0,214.88
2026-09-22T14:00:33.091763+00:00,ETH-25JUN27-3000-P,2847.33,ETH-25JUN27,put,3000.0,2027-06-25T08:00:00+00:00,0.7549613059369851,0.2215,0.2235,0.222352,0.2225,2847.33,ETH-25JUN27,0.5511,-0.44921,9.77964,293.0,29.0,0.0020000000000000018,ETH,2751.11,17737.92
2026-09-22T14:00:33.091763+00:00,ETH-26MAR27-800-P,2816.84,ETH-26MAR27,put,800.0,2027-03-26T08:00:00+00:00,0.5058168843079639,0.002,0.0026,0.002239,0.0023,2816.84,ETH-26MAR27,0.8572,-0.00898,0.48523,2958.0,0.0,0.0005999999999999998,ETH,2751.11,0.0
2026-09-22T14:00:33.091763+00:00,ETH-30OCT26-2300-C,2767.89,ETH-30OCT26,call,2300.0,2026-10-30T08:00:00+00:00,0.10335281859954495,0.1785,0.1825,0.180432,0.1805,2767.89,ETH-30OCT26,0.5381,0.87457,1.83405,1183.0,8.0,0.0040000000000000036,ETH,2751.11,3931.57
2026-09-22T14:00:33.091763+00:00,ETH-25DEC26-2000-P,2788.75,ETH-25DEC26,put,2000.0,2026-12-25T08:00:00+00:00,0.2566724626789426,0.0155,0.0165,0.016125,0.016,2788.75,ETH-25DEC26,0.5819,-0.10211,2.5148,9473.0,200.0,0.0010000000000000009,ETH,2751.11,9631.48
2026-09-22T14:00:33.091763+00:00,ETH-25DEC26-800-C,2788.66,ETH-25DEC26,call,800.0,2026-12-25T08:00:00+00:00,0.2566724626789426,0.7125,0.7145,0.713652,0.7135,2788.66,ETH-25DEC26,0.9904000000000001,0.9969,0.13312,171.0,0.0,0.0020000000000000018,ETH,2751.11,0.0
2026-09-22T14:00:33.091763+00:00,ETH-26MAR27-4500-C,2816.6,ETH-26MAR27,call,4500.0,2027-03-26T08:00:00+00:00,0.5058168843079639,0.032,0.033,0.032459,0.0325,2816.6,ETH-26MAR27,0.5778,0.17425,5.14434,4178.0,0.0,0.0010000000000000009,ETH,2751.52,0.0
2026-09-22T14:00:33.091763+00:00,ETH-25DEC26-5500-C,2788.75,ETH-25DEC26,call,5500.0,2026-12-25T08:00:00+00:00,0.2566724626789426,0.0032,0.0037,0.003497,0.00345,2788.75,ETH-25DEC26,0.6562,0.03001,0.9606,2167.0,0.0,0.0005,ETH,2751.52,0.0
2026-09-22T14:00:33.091763+00:00,ETH-30OCT26-2750-P,2767.8,ETH-30OCT26,put,2750.0,2026-10-30T08:00:00+00:00,0.10335281859954495,0.0605,0.0615,0.061077,0.061,2767.8,ETH-30OCT26,0.5027,-0.45421,3.52422,112.0,62.0,0.0010000000000000009,ETH,2752.33,10566.57
2026-09-22T14:00:33.091763+00:00,ETH-25DEC26-4000-C,2788.75,ETH-25DEC26,call,4000.0,2026-12-25T08:00:00+00:00,0.2566724626789426,0.017,0.018,0.017559,0.0175,2788.75,ETH-25DEC26,0.5713,0.13479,3.06257,16289.0,614.0,0.0009999999999999974,ETH,2752.33,31755.15
2026-09-22T14:00:33.091763+00:00,ETH-25SEP26-1200-C,2756.96,ETH-25SEP26,call,1200.0,2026-09-25T08:00:00+00:00,0.007528041049921413,0.5635,0.566,0.564713,0.56475,2756.96,ETH-25SEP26,1.5230000000000001,1.0,0.0,138.0,0.0,0.0024999999999999467,ETH,2752.33,0.0
2026-09-22T14:00:33.091763+00:00,ETH-27NOV26-3500-C,2778.27,ETH-27NOV26,call,3500.0,2026-11-27T08:00:00+00:00,0.1800126406392438,0.0215,0.0225,0.021973,0.022,2778.27,ETH-27NOV26,0.5485,0.18952,3.19195,95.0,95.0,0.0010000000000000009,ETH,2752.33,5443.7
2026-09-22T14:00:33.091763+00:00,ETH-25SEP26-3000-C,2757.05,ETH-25SEP26,call,3000.0,2026-09-25T08:00:00+00:00,0.007528041049921413,0.0016,0.0017,0.001651,0.00165,2757.05,ETH-25SEP26,0.6434000000000001,0.06731,0.31127,33891.0,2288.0,9.999999999999983e-05,ETH,2752.36,16740.21
2026-09-22T14:00:33.091763+00:00,ETH-25SEP26-4000-P,2757.05,ETH-25SEP26,put,4000.0,2026-09-25T08:00:00+00:00,0.007528041049921413,0.447,0.4555,0.450961,0.45125,2757.05,ETH-25SEP26,1.1574,-0.99988,0.00115,147.0,0.0,0.008500000000000008,ETH,2752.36,0.0
2026-09-22T14:00:33.091763+00:00,ETH-25SEP26-2150-C,2757.05,ETH-25SEP26,call,2150.0,2026-09-25T08:00:00+00:00,0.007528041049921413,0.2185,0.2215,0.220252,0.22,2757.05,ETH-25SEP26,1.1183,0.9954,0.03209,166.0,10.0,0.0030000000000000027,ETH,2752.36,6179.66
2026-09-22T14:00:33.091763+00:00,ETH-25SEP26-6500-P,2756.96,ETH-25SEP26,put,6500.0,2026-09-25T08:00:00+00:00,0.007528041049921413,1.35,1.365,1.357806,1.3575,2756.96,ETH-25SEP26,1.2584,-1.0,0.0,0.0,0.0,0.014999999999999902,ETH,2752.45,0.0
2026-09-22T14:00:33.091763+00:00,ETH-2OCT26-2600-P,2758.76,ETH-2OCT26,put,2600.0,2026-10-02T08:00:00+00:00,0.02669299655984612,0.0105,0.011,0.010747,0.01075,2758.76,ETH-2OCT26,0.4976,-0.22408,1.34764,938.0,419.0,0.0004999999999999987,ETH,2752.36,14517.28
2026-09-22T14:00:33.091763+00:00,ETH-23SEP26-2740-P,2755.42,ETH-23SEP26,put,2740.0,2026-09-23T08:00:00+00:00,0.002052339475657211,0.0055,0.0065,0.006029,0.006,2755.42,ETH-23SEP26,0.4708,-0.40803,0.48343,179.0,182.0,0.001,ETH,2752.45,4742.02
2026-09-22T14:00:33.091763+00:00,ETH-25JUN27-4600-P,2847.33,ETH-25JUN27,put,4600.0,2027-06-25T08:00:00+00:00,0.7549613059369851,0.6595,0.6845,0.67129,0.672,2847.33,ETH-25JUN27,0.5738,-0.76244,7.64406,0.0,0.0,0.025000000000000022,ETH,2752.45,0.0
2026-09-22T14:00:33.091763+00:00,ETH-25SEP26-5800-P,2756.96,ETH-25SEP26,put,5800.0,2026-09-25T08:00:00+00:00,0.007528041049921413,1.0975,1.11,1.103889,1.10375,2756.96,ETH-25SEP26,1.2584,-1.0,0.0,0.0,0.0,0.012500000000000178,ETH,2752.45,0.0
2026-09-22T14:00:33.091763+00:00,ETH-25JUN27-1200-C,2847.33,ETH-25JUN27,call,1200.0,2027-06-25T08:00:00+00:00,0.7549613059369851,0.588,0.592,0.590425,0.59,2847.33,ETH-25JUN27,0.6801999999999999,0.96042,2.1127,55.0,0.0,0.0040000000000000036,ETH,2752.45,0.0
2026-09-22T14:00:33.091763+00:00,ETH-25SEP26-2440-P,2756.96,ETH-25SEP26,put,2440.0,2026-09-25T08:00:00+00:00,0.007528041049921413,0.0003,0.0006,0.000486,0.00045,2756.96,ETH-25SEP26,0.7031000000000001,-0.02093,0.12023,2215.0,12.0,0.0003,ETH,2752.39,28.53
2026-09-22T14:00:33.091763+00:00,ETH-30OCT26-1200-C,2767.8,ETH-30OCT26,call,1200.0,2026-10-30T08:00:00+00:00,0.10335281859954495,0.5655,0.568,0.56671,0.56675,2767.8,ETH-30OCT26,0.9945,0.99721,0.07631,0.0,0.0,0.0024999999999999467,ETH,2752.39,0.0
2026-09-22T14:00:33.091763+00:00,ETH-30OCT26-1700-C,2767.89,ETH-30OCT26,call,1700.0,2026-10-30T08:00:00+00:00,0.10335281859954495,0.3855,0.389,0.387024,0.38725,2767.89,ETH-30OCT26,0.7302,0.98573,0.32262,74.0,0.0,0.003500000000000003,ETH,2752.39,0.0
2026-09-22T14:00:33.091763+00:00,ETH-25DEC26-1300-P,2788.75,ETH-25DEC26,put,1300.0,2026-12-25T08:00:00+00:00,0.2566724626789426,0.0022,0.0026,0.002338,0.0024,2788.75,ETH-25DEC26,0.7613,-0.01507,0.53698,3610.0,0.0,0.00039999999999999975,ETH,2752.39,0.0
2026-09-22T14:00:33.091763+00:00,ETH-24SEP26-2440-P,2756.32,ETH-24SEP26,put,2440.0,2026-09-24T08:00:00+00:00,0.004790190262789312,0.0001,0.0002,0.000164,0.00015,2756.32,ETH-24SEP26,0.7548999999999999,-0.00957,0.04886,279.0,4.0,0.0001,ETH,2752.39,4.91
2026-09-22T14:00:33.091763+00:00,ETH-25SEP26-2600-C,2757.05,ETH-25SEP26,call,2600.0,2026-09-25T08:00:00+00:00,0.007528041049921413,0.0575,0.0605,0.059126,0.059,2757.05,ETH-25SEP26,0.5365,0.89734,0.42744,23730.0,99.0,0.0029999999999999957,ETH,2752.39,16063.58
2026-09-22T14:00:33.091763+00:00,ETH-9OCT26-3100-C,2761.15,ETH-9OCT26,call,3100.0,2026-10-09T08:00:00+00:00,0.04585795206977083,0.009,0.01,0.009618,0.0095,2761.15,ETH-9OCT26,0.5297999999999999,0.16553,1.46979,423.0,401.0,0.0010000000000000009,ETH,2752.35,11804.79
2026-09-22T14:00:33.091763+00:00,ETH-9OCT26-2700-C,2761.15,ETH-9OCT26,call,2700.0,2026-10-09T08:00:00+00:00,0.04585795206977083,0.0525,0.0545,0.053474,0.0535,2761.15,ETH-9OCT26,0.4914,0.60111,2.28108,746.0,122.0,0.0020000000000000018,ETH,2752.35,17746.88
2026-09-22T14:00:33.091763+00:00,ETH-2OCT26-2350-P,2758.85,ETH-2OCT26,put,2350.0,2026-10-02T08:00:00+00:00,0.02669299655984612,0.0016,0.0019,0.001749,0.00175,2758.85,ETH-2OCT26,0.5879,-0.04386,0.41815,947.0,4.0,0.0002999999999999999,ETH,2752.35,25.99
2026-09-22T14:00:33.091763+00:00,ETH-26MAR27-1200-P,2816.84,ETH-26MAR27,put,1200.0,2027-03-26T08:00:00+00:00,0.5058168843079639,0.006,0.007,0.006471,0.0065,2816.84,ETH-26MAR27,0.7195999999999999,-0.02739,1.26274,1772.0,0.0,0.001,ETH,2752.2,0.0
2026-09-22T14:00:33.091763+00:00,ETH-25SEP26-7000-P,2757.05,ETH-25SEP26,put,7000.0,2026-09-25T08:00:00+00:00,0.007528041049921413,1.5315,1.5465,1.539176,1.539,2757.05,ETH-25SEP26,1.2584,-1.0,0.0,0.0,0.0,0.014999999999999902,ETH,2752.2,0.0
2026-09-22T14:00:33.091763+00:00,ETH-25SEP26-1900-C,2757.05,ETH-25SEP26,call,1900.0,2026-09-25T08:00:00+00:00,0.007528041049921413,0.309,0.312,0.310814,0.3105,2757.05,ETH-25SEP26,1.3441999999999998,0.99941,0.00496,10358.0,1.0,0.0030000000000000027,ETH,2752.2,846.55
2026-09-22T14:00:33.091763+00:00,ETH-25DEC26-2300-C,2788.66,ETH-25DEC26,call,2300.0,2026-12-25T08:00:00+00:00,0.2566724626789426,0.21,0.212,0.211241,0.211,2788.66,ETH-25DEC26,0.5467,0.79682,3.99037,6840.0,2242.0,0.0020000000000000018,ETH,2752.2,1265154.47
2026-09-22T14:00:33.091763+00:00,ETH-30OCT26-3000-P,2767.8,ETH-30OCT26,put,3000.0,2026-10-30T08:00:00+00:00,0.10335281859954495,0.117,0.1195,0.118072,0.11825,2767.8,ETH-30OCT26,0.5096,-0.6611,3.25414,97.0,4.0,0.0024999999999999883,ETH,2752.2,1278.86
2026-09-22T14:00:33.091763+00:00,ETH-30OCT26-2650-C,2767.89,ETH-30OCT26,call,2650.0,2026-10-30T08:00:00+00:00,0.10335281859954495,0.0855,0.0875,0.086671,0.0865,2767.89,ETH-30OCT26,0.5036,0.63442,3.34413,2968.0,22.0,0.001999999999999988,ETH,2752.2,5393.96
2026-09-22T14:00:33.091763+00:00,ETH-23SEP26-2440-C,2755.51,ETH-23SEP26,call,2440.0,2026-09-23T08:00:00+00:00,0.002052339475657211,0.1125,0.116,0.114438,0.11425,2755.51,ETH-23SEP26,1.0724,0.99396,0.02128,4.0,0.0,0.003500000000000003,ETH,2752.19,0.0
2026-09-22T14:00:33.091763+00:00,ETH-30OCT26-4200-C,2767.8,ETH-30OCT26,call,4200.0,2026-10-30T08:00:00+00:00,0.10335281859954495,0.0018,0.002,0.001912,0.0019,2767.8,ETH-30OCT26,0.6358,0.02605,0.53799,1399.0,11.0,0.0002000000000000001,ETH,2752.19,55.42
2026-09-22T14:00:33.091763+00:00,ETH-26MAR27-3700-C,2816.82,ETH-26MAR27,call,3700.0,2027-03-26T08:00:00+00:00,0.5058168843079639,0.0645,0.066,0.065097,0.06525,2816.82,ETH-26MAR27,0.5556,0.31037,7.06654,1508.0,21.0,0.0015000000000000013,ETH,2752.19,3703.63
2026-09-22T14:00:33.091763+00:00,ETH-26MAR27-5000-C,2816.82,ETH-26MAR27,call,5000.0,2027-03-26T08:00:00+00:00,0.5058168843079639,0.0215,0.023,0.022123,0.02225,2816.82,ETH-26MAR27,0.5929,0.12478,4.11611,7670.0,502.0,0.0015000000000000013,ETH,2752.19,28727.25
2026-09-22T14:00:33.091763+00:00,ETH-24SEP26-2500-C,2756.23,ETH-24SEP26,call,2500.0,2026-09-24T08:00:00+00:00,0.004790190262789312,0.091,0.095,0.093211,0.093,2756.23,ETH-24SEP26,0.6758,0.98183,0.085,0.0,0.0,0.0040000000000000036,ETH,2752.19,0.0
2026-09-22T14:00:33.091763+00:00,ETH-24SEP26-2580-P,2756.23,ETH-24SEP26,put,2580.0,2026-09-24T08:00:00+00:00,0.004790190262789312,0.0006,0.0008,0.000735,0.0007,2756.23,ETH-24SEP26,0.5686,-0.04686,0.18652,879.0,237.0,0.0002000000000000001,ETH,2752.19,857.49
2026-09-22T14:00:33.091763+00:00,ETH-26MAR27-1200-C,2816.84,ETH-26MAR27,call,1200.0,2027-03-26T08:00:00+00:00,0.5058168843079639,0.579,0.582,0.580389,0.5805,2816.84,ETH-26MAR27,0.7195999999999999,0.97261,1.26283,68.0,0.0,0.0030000000000000027,ETH,2752.13,0.0
2026-09-22T14:00:33.091763+00:00,ETH-25SEP26-2700-P,2757.05,ETH-25SEP26,put,2700.0,2026-09-25T08:00:00+00:00,0.007528041049921413,0.0085,0.009,0.008883,0.00875,2757.05,ETH-25SEP26,0.504,-0.3163,0.85022,1603.0,664.0,0.0004999999999999987,ETH,2752.13,21687.94
2026-09-22T14:00:33.091763+00:00,ETH-23SEP26-2780-P,2755.51,ETH-23SEP26,put,2780.0,2026-09-23T08:00:00+00:00,0.002052339475657211,0.0135,0.0155,0.014706,0.0145,2755.51,ETH-23SEP26,0.5234000000000001,-0.65725,0.45753,48.0,129.0,0.002,ETH,2752.13,6583.35
2026-09-22T14:00:33.091763+00:00,ETH-26SEP26-2880-C,2757.22,ETH-26SEP26,call,2880.0,2026-09-26T08:00:00+00:00,0.010265891837053514,0.0065,0.007,0.006879,0.00675,2757.22,ETH-26SEP26,0.5447,0.21738,0.82055,0.0,0.0,0.0005000000000000004,ETH,2751.97,0.0
2026-09-22T14:00:33.091763+00:00,ETH-9OCT26-2700-P,2761.15,ETH-9OCT26,put,2700.0,2026-10-09T08:00:00+00:00,0.04585795206977083,0.031,0.032,0.031409,0.0315,2761.15,ETH-9OCT26,0.4914,-0.39947,2.2816,43.0,108.0,0.0010000000000000009,ETH,2751.97,8506.06
2026-09-22T14:00:33.091763+00:00,ETH-26MAR27-2500-C,2816.84,ETH-26MAR27,call,2500.0,2027-03-26T08:00:00+00:00,0.5058168843079639,0.2075,0.21,0.208438,0.20875,2816.84,ETH-26MAR27,0.5468999999999999,0.69089,7.05344,10684.0,8859.0,0.0025000000000000022,ETH,2751.97,4834893.77
2026-09-22T14:00:33.091763+00:00,ETH-25SEP26-2300-C,2757.05,ETH-25SEP26,call,2300.0,2026-09-25T08:00:00+00:00,0.007528041049921413,0.164,0.1675,0.165996,0.16575,2757.05,ETH-25SEP26,0.9222,0.98931,0.06748,13751.0,1.0,0.003500000000000003,ETH,2751.97,463.71
2026-09-22T14:00:33.091763+00:00,ETH-25SEP26-1400-P,2757.05,ETH-25SEP26,put,1400.0,2026-09-25T08:00:00+00:00,0.007528041049921413,,0.0001,0.0,,2757.05,ETH-25SEP26,1.3486000000000002,0.0,0.0,11552.0,1.0,,ETH,2751.97,0.27
2026-09-22T14:00:33.091763+00:00,ETH-26MAR27-1500-P,2816.82,ETH-26MAR27,put,1500.0,2027-03-26T08:00:00+00:00,0.5058168843079639,0.0125,0.0135,0.012959,0.013,2816.82,ETH-26MAR27,0.6472,-0.05519,2.23303,4340.0,62.0,0.0009999999999999992,ETH,2751.97,2406.19
2026-09-22T14:00:33.091763+00:00,ETH-27NOV26-2850-C,2778.27,ETH-27NOV26,call,2850.0,2026-11-27T08:00:00+00:00,0.1800126406392438,0.0765,0.078,0.077054,0.07725,2778.27,ETH-27NOV26,0.5226,0.49644,4.69878,1757.0,1.0,0.0015000000000000013,ETH,2751.97,212.53
2026-09-22T14:00:33.091763+00:00,ETH-9OCT26-2550-C,2761.15,ETH-9OCT26,call,2550.0,2026-10-09T08:00:00+00:00,0.04585795206977083,0.089,0.0915,0.090314,0.09025,2761.15,ETH-9OCT26,0.5039,0.7825,1.73777,102.0,0.0,0.0025000000000000022,ETH,2751.64,0.0
2026-09-22T14:00:33.091763+00:00,ETH-23SEP26-2620-P,2755.51,ETH-23SEP26,put,2620.0,2026-09-23T08:00:00+00:00,0.002052339475657211,0.0001,0.0003,0.00023,0.0002,2755.51,ETH-23SEP26,0.5639,-0.02325,0.06845,856.0,803.0,0.00019999999999999998,ETH,2751.64,1941.48
2026-09-22T14:00:33.091763+00:00,ETH-25SEP26-2550-P,2757.05,ETH-25SEP26,put,2550.0,2026-09-25T08:00:00+00:00,0.007528041049921413,0.001,0.0013,0.001228,0.00115,2757.05,ETH-25SEP26,0.5761999999999999,-0.05792,0.27683,1958.0,438.0,0.0002999999999999999,ETH,2751.64,2312.19
2026-09-22T14:00:33.091763+00:00,ETH-25JUN27-2700-P,2847.33,ETH-25JUN27,put,2700.0,2027-06-25T08:00:00+00:00,0.7549613059369851,0.1585,0.161,0.159535,0.15975,2847.33,ETH-25JUN27,0.5507,-0.36395,9.28253,27.0,4.0,0.0025000000000000022,ETH,2751.64,1786.34
2026-09-22T14:00:33.091763+00:00,ETH-25JUN27-2900-C,2847.33,ETH-25JUN27,call,2900.0,2027-06-25T08:00:00+00:00,0.7549613059369851,0.1805,0.183,0.181799,0.18175,2847.33,ETH-25JUN27,0.5508,0.57874,9.66896,488.0,172.0,0.0025000000000000022,ETH,2751.64,82531.21
2026-09-22T14:00:33.091763+00:00,ETH-23SEP26-2680-C,2755.42,ETH-23SEP26,call,2680.0,2026-09-23T08:00:00+00:00,0.002052339475657211,0.0255,0.031,0.028188,0.02825,2755.42,ETH-23SEP26,0.4692,0.89955,0.21915,293.0,31.0,0.005500000000000001,ETH,2751.64,2229.17
2026-09-22T14:00:33.091763+00:00,ETH-25JUN27-1700-P,2847.33,ETH-25JUN27,put,1700.0,2027-06-25T08:00:00+00:00,0.7549613059369851,0.032,0.0335,0.032862,0.03275,2847.33,ETH-25JUN27,0.5956,-0.10513,4.4986,3962.0,752.0,0.0015000000000000013,ETH,2751.51,70979.56
2026-09-22T14:00:33.091763+00:00,ETH-23SEP26-2420-C,2755.42,ETH-23SEP26,call,2420.0,2026-09-23T08:00:00+00:00,0.002052339475657211,0.1195,0.123,0.121678,0.12125,2755.42,ETH-23SEP26,1.1075,0.99522,0.0173,0.0,0.0,0.003500000000000003,ETH,2751.51,0.0
2026-09-22T14:00:33.091763+00:00,ETH-30OCT26-1200-P,2767.89,ETH-30OCT26,put,1200.0,2026-10-30T08:00:00+00:00,0.10335281859954495,0.0002,0.0004,0.000293,0.0003,2767.89,ETH-30OCT26,0.9945,-0.0028,0.07647,2885.0,0.0,0.0002,ETH,2751.51,0.0
2026-09-22T14:00:33.091763+00:00,ETH-26MAR27-1500-C,2816.82,ETH-26MAR27,call,1500.0,2027-03-26T08:00:00+00:00,0.5058168843079639,0.479,0.482,0.480402,0.4805,2816.82,ETH-26MAR27,0.6472,0.94477,2.23397,241.0,0.0,0.0030000000000000027,ETH,2751.51,0.0
2026-09-22T14:00:33.091763+00:00,ETH-24SEP26-2880-C,2756.23,ETH-24SEP26,call,2880.0,2026-09-24T08:00:00+00:00,0.004790190262789312,0.0029,0.0032,0.003106,0.00305,2756.23,ETH-24SEP26,0.597,0.14147,0.42685,52.0,25.0,0.00030000000000000035,ETH,2751.51,239.69
2026-09-22T14:00:33.091763+00:00,ETH-26SEP26-2760-P,2757.32,ETH-26SEP26,put,2760.0,2026-09-26T08:00:00+00:00,0.010265891837053514,0.02,0.0215,0.020856,0.02075,2757.32,ETH-26SEP26,0.5014,-0.50731,1.11289,90.0,90.0,0.0014999999999999979,ETH,2751.59,5622.03
2026-09-22T14:00:33.091763+00:00,ETH-9OCT26-2400-P,2761.15,ETH-9OCT26,put,2400.0,2026-10-09T08:00:00+00:00,0.04585795206977083,0.0055,0.006,0.005777,0.00575,2761.15,ETH-9OCT26,0.5366,-0.10279,1.05757,419.0,39.0,0.0005000000000000004,ETH,2751.59,748.13
2026-09-22T14:00:33.091763+00:00,ETH-30OCT26-2450-P,2767.89,ETH-30OCT26,put,2450.0,2026-10-30T08:00:00+00:00,0.10335281859954495,0.0205,0.0215,0.021023,0.021,2767.89,ETH-30OCT26,0.5164,-0.20882,2.55369,673.0,3.0,0.0009999999999999974,ETH,2751.51,179.58
2026-09-22T14:00:33.091763+00:00,ETH-25SEP26-3800-C,2756.96,ETH-25SEP26,call,3800.0,2026-09-25T08:00:00+00:00,0.007528041049921413,,0.0001,1.7e-05,,2756.96,ETH-25SEP26,1.1316,0.00061,0.00514,7208.0,0.0,,ETH,2751.59,0.0
2026-09-22T14:00:33.091763+00:00,ETH-27NOV26-2600-P,2778.17,ETH-27NOV26,put,2600.0,2026-11-27T08:00:00+00:00,0.1800126406392438,0.057,0.058,0.057561,0.0575,2778.17,ETH-27NOV26,0.5249,-0.34327,4.33088,300.0,5.0,0.0010000000000000009,ETH,2751.59,794.04
2026-09-22T14:00:33.091763+00:00,ETH-27NOV26-3000-P,2778.27,ETH-27NOV26,put,3000.0,2026-11-27T08:00:00+00:00,0.1800126406392438,0.1365,0.138,0.137759,0.13725,2778.27,ETH-27NOV26,0.5255,-0.59419,4.56662,487.0,216.0,0.0015000000000000013,ETH,2751.59,83272.75
2026-09-22T14:00:33.091763+00:00,ETH-9OCT26-3000-P,2761.15,ETH-9OCT26,put,3000.0,2026-10-09T08:00:00+00:00,0.04585795206977083,0.099,0.1035,0.101561,0.10125,2761.15,ETH-9OCT26,0.5145000000000001,-0.76096,1.83227,10.0,0.0,0.00449999999999999,ETH,2751.65,0.0
2026-09-22T14:00:33.091763+00:00,ETH-2OCT26-2100-C,2758.85,ETH-2OCT26,call,2100.0,2026-10-02T08:00:00+00:00,0.02669299655984612,0.2375,0.2415,0.239271,0.2395,2758.85,ETH-2OCT26,0.7585999999999999,0.98788,0.14184,15.0,0.0,0.0040000000000000036,ETH,2751.65,0.0
2026-09-22T14:00:33.091763+00:00,ETH-25SEP26-3300-C,2756.96,ETH-25SEP26,call,3300.0,2026-09-25T08:00:00+00:00,0.007528041049921413,0.0001,0.0003,0.000205,0.0002,2756.96,ETH-25SEP26,0.8549,0.00792,0.0519,20727.0,213.0,0.00019999999999999998,ETH,2751.65,204.28
2026-09-22T14:00:33.091763+00:00,ETH-30OCT26-1950-P,2767.89,ETH-30OCT26,put,1950.0,2026-10-30T08:00:00+00:00,0.10335281859954495,0.0029,0.0031,0.002981,0.003,2767.89,ETH-30OCT26,0.6336999999999999,-0.03477,0.68318,1494.0,85.0,0.0002000000000000001,ETH,2751.63,729.44
2026-09-22T14:00:33.091763+00:00,ETH-26MAR27-3300-C,2816.82,ETH-26MAR27,call,3300.0,2027-03-26T08:00:00+00:00,0.5058168843079639,0.0945,0.0965,0.095338,0.0955,2816.82,ETH-26MAR27,0.5476,0.41501,7.80324,2070.0,233.0,0.0020000000000000018,ETH,2751.63,61218.84
2026-09-22T14:00:33.091763+00:00,ETH-25JUN27-4200-P,2847.33,ETH-25JUN27,put,4200.0,2027-06-25T08:00:00+00:00,0.7549613059369851,0.537,0.5585,0.547004,0.54775,2847.33,ETH-25JUN27,0.5663,-0.70746,8.49613,3.0,0.0,0.021499999999999964,ETH,2751.63,0.0
2026-09-22T14:00:33.091763+00:00,ETH-2OCT26-2000-C,2758.76,ETH-2OCT26,call,2000.0,2026-10-02T08:00:00+00:00,0.02669299655984612,0.2735,0.2775,0.275381,0.2755,2758.76,ETH-2OCT26,0.8426,0.99172,0.10172,0.0,0.0,0.0040000000000000036,ETH,2751.63,0.0
2026-09-22T14:00:33.091763+00:00,ETH-25SEP26-2200-P,2757.05,ETH-25SEP26,put,2200.0,2026-09-25T08:00:00+00:00,0.007528041049921413,0.0001,0.0003,0.00019,0.0002,2757.05,ETH-25SEP26,1.0602,-0.00626,0.04215,14503.0,36.0,0.00019999999999999998,ETH,2751.63,28.26
2026-09-22T14:00:33.091763+00:00,ETH-25DEC26-1300-C,2788.66,ETH-25DEC26,call,1300.0,2026-12-25T08:00:00+00:00,0.2566724626789426,0.535,0.5375,0.536137,0.53625,2788.66,ETH-25DEC26,0.7613,0.9849,0.5377,50.0,0.0,0.0024999999999999467,ETH,2751.63,0.0
2026-09-22T14:00:33.091763+00:00,ETH-27NOV26-2550-C,2778.27,ETH-27NOV26,call,2550.0,2026-11-27T08:00:00+00:00,0.1800126406392438,0.1315,0.1335,0.13252,0.1325,2778.27,ETH-27NOV26,0.5268999999999999,0.68787,4.16731,1152.0,18.0,0.0020000000000000018,ETH,2751.63,6280.1
2026-09-22T14:00:33.091763+00:00,ETH-25SEP26-3200-P,2757.05,ETH-25SEP26,put,3200.0,2026-09-25T08:00:00+00:00,0.007528041049921413,0.1575,0.1645,0.161158,0.161,2757.05,ETH-25SEP26,0.7913,-0.98417,0.09475,1323.0,4.0,0.007000000000000006,ETH,2751.59,1783.94
2026-09-22T14:00:33.091763+00:00,ETH-26MAR27-3000-C,2816.82,ETH-26MAR27,call,3000.0,2027-03-26T08:00:00+00:00,0.5058168843079639,0.1275,0.129,0.12795,0.12825,2816.82,ETH-26MAR27,0.544,0.51099,7.98195,8698.0,4095.0,0.0015000000000000013,ETH,2751.59,1421830.54
2026-09-22T14:00:33.091763+00:00,ETH-25SEP26-1200-P,2757.05,ETH-25SEP26,put,1200.0,2026-09-25T08:00:00+00:00,0.007528041049921413,,0.0001,0.0,,2757.05,ETH-25SEP26,1.5230000000000001,0.0,0.0,12422.0,0.0,,ETH,2751.59,0.0
2026-09-22T14:00:33.091763+00:00,ETH-30OCT26-1700-P,2767.89,ETH-30OCT26,put,1700.0,2026-10-30T08:00:00+00:00,0.10335281859954495,0.0011,0.0014,0.001266,0.00125,2767.89,ETH-30OCT26,0.7302,-0.01431,0.32336,1739.0,0.0,0.0002999999999999999,ETH,2751.59,0.0
2026-09-22T14:00:33.091763+00:00,ETH-26SEP26-2740-P,2757.22,ETH-26SEP26,put,2740.0,2026-09-26T08:00:00+00:00,0.010265891837053514,0.0165,0.0175,0.017211,0.017,2757.22,ETH-26SEP26,0.5002,-0.45146,1.10465,76.0,76.0,0.0010000000000000009,ETH,2751.17,3887.53
2026-09-22T14:00:33.091763+00:00,ETH-25DEC26-1900-P,2788.66,ETH-25DEC26,put,1900.0,2026-12-25T08:00:00+00:00,0.2566724626789426,0.0115,0.013,0.012218,0.01225,2788.66,ETH-25DEC26,0.599,-0.07913,2.08105,5655.0,10.0,0.0014999999999999996,ETH,2751.17,355.24
2026-09-22T14:00:33.091763+00:00,ETH-25JUN27-4100-P,2847.33,ETH-25JUN27,put,4100.0,2027-06-25T08:00:00+00:00,0.7549613059369851,0.507,0.528,0.51682,0.5175,2847.33,ETH-25JUN27,0.5645,-0.69163,8.69935,0.0,0.0,0.02100000000000002,ETH,2751.17,0.0
2026-09-22T14:00:33.091763+00:00,ETH-25SEP26-7200-C,2756.96,ETH-25SEP26,call,7200.0,2026-09-25T08:00:00+00:00,0.007528041049921413,,0.0001,0.0,,2756.96,ETH-25SEP26,1.2584,0.0,0.0,1772.0,0.0,,ETH,2751.17,0.0
2026-09-22T14:00:33.091763+00:00,ETH-25JUN27-3200-C,2847.33,ETH-25JUN27,call,3200.0,2027-06-25T08:00:00+00:00,0.7549613059369851,0.144,0.1465,0.145308,0.14525,2847.33,ETH-25JUN27,0.5523,0.49764,9.85985,1380.0,0.0,0.0025000000000000022,ETH,2751.17,0.0
2026-09-22T14:00:33.091763+00:00,ETH-23SEP26-2400-P,2755.42,ETH-23SEP26,put,2400.0,2026-09-23T08:00:00+00:00,0.002052339475657211,,0.0001,4.9e-05,,2755.42,ETH-23SEP26,1.1251,-0.00334,0.01255,124.0,0.0,,ETH,2751.17,0.0
2026-09-22T14:00:33.091763+00:00,ETH-27NOV26-3800-P,2778.27,ETH-27NOV26,put,3800.0,2026-11-27T08:00:00+00:00,0.1800126406392438,0.374,0.388,0.380812,0.381,2778.27,ETH-27NOV26,0.5685,-0.88163,2.33325,0.0,0.0,0.014000000000000012,ETH,2751.17,0.0
2026-09-22T14:00:33.091763+00:00,ETH-26SEP26-2500-C,2757.32,ETH-26SEP26,call,2500.0,2026-09-26T08:00:00+00:00,0.010265891837053514,0.0925,0.096,0.094339,0.09425,2757.32,ETH-26SEP26,0.5856,0.95133,0.2816,18.0,18.0,0.003500000000000003,ETH,2750.73,4683.3
2026-09-22T14:00:33.091763+00:00,ETH-25SEP26-6600-C,2757.05,ETH-25SEP26,call,6600.0,2026-09-25T08:00:00+00:00,0.007528041049921413,,0.0001,0.0,,2757.05,ETH-25SEP26,1.2584,0.0,0.0,1986.0,0.0,,ETH,2750.73,0.0
2026-09-22T14:00:33.091763+00:00,ETH-23SEP26-2780-C,2755.42,ETH-23SEP26,call,2780.0,2026-09-23T08:00:00+00:00,0.002052339475657211,0.005,0.006,0.005643,0.0055,2755.42,ETH-23SEP26,0.5234000000000001,0.33415,0.45282,778.0,655.0,0.001,ETH,2750.73,20989.64
2026-09-22T14:00:33.091763+00:00,ETH-2OCT26-2850-P,2758.76,ETH-2OCT26,put,2850.0,2026-10-02T08:00:00+00:00,0.02669299655984612,0.051,0.0535,0.052215,0.05225,2758.76,ETH-2OCT26,0.4987,-0.64705,1.67231,40.0,40.0,0.0025000000000000022,ETH,2750.73,5792.16
2026-09-22T14:00:33.091763+00:00,ETH-9OCT26-2750-C,2761.15,ETH-9OCT26,call,2750.0,2026-10-09T08:00:00+00:00,0.04585795206977083,0.0435,0.0445,0.043901,0.044,2761.15,ETH-9OCT26,0.4914,0.53026,2.34889,281.0,56.0,0.0010000000000000009,ETH,2750.8,6592.67
2026-09-22T14:00:33.091763+00:00,ETH-30OCT26-1600-C,2767.8,ETH-30OCT26,call,1600.0,2026-10-30T08:00:00+00:00,0.10335281859954495,0.4215,0.4245,0.422839,0.423,2767.8,ETH-30OCT26,0.7779,0.98957,0.24581,68.0,0.0,0.0030000000000000027,ETH,2750.8,0.0
2026-09-22T14:00:33.091763+00:00,ETH-23SEP26-2450-P,2755.51,ETH-23SEP26,put,2450.0,2026-09-23T08:00:00+00:00,0.002052339475657211,,0.0001,9.3e-05,,2755.51,ETH-23SEP26,1.042,-0.00648,0.02263,11.0,11.0,,ETH,2750.8,3.03
2026-09-22T14:00:33.091763+00:00,ETH-25SEP26-2350-P,2757.05,ETH-25SEP26,put,2350.0,2026-09-25T08:00:00+00:00,0.007528041049921413,0.0002,0.0005,0.000341,0.00035,2757.05,ETH-25SEP26,0.8412000000000001,-0.01336,0.08182,3189.0,31.0,0.00030000000000000003,ETH,2750.8,55.17
2026-09-22T14:00:33.091763+00:00,ETH-26MAR27-3100-C,2816.82,ETH-26MAR27,call,3100.0,2027-03-26T08:00:00+00:00,0.5058168843079639,0.1155,0.117,0.115968,0.11625,2816.82,ETH-26MAR27,0.5449,0.47726,7.97,2408.0,663.0,0.0015000000000000013,ETH,2750.92,199270.68
2026-09-22T14:00:33.091763+00:00,ETH-2OCT26-2800-C,2758.75,ETH-2OCT26,call,2800.0,2026-10-02T08:00:00+00:00,0.02669299655984612,0.025,0.026,0.025394,0.0255,2758.75,ETH-2OCT26,0.49200000000000005,0.43521,1.77197,1541.0,546.0,0.0009999999999999974,ETH,2750.8,35916.02
2026-09-22T14:00:33.091763+00:00,ETH-2OCT26-2000-P,2758.85,ETH-2OCT26,put,2000.0,2026-10-02T08:00:00+00:00,0.02669299655984612,0.0003,0.0005,0.000386,0.0004,2758.85,ETH-2OCT26,0.8426,-0.00833,0.10228,442.0,84.0,0.00020000000000000004,ETH,2750.8,119.57
2026-09-22T14:00:33.091763+00:00,ETH-25SEP26-2400-P,2756.96,ETH-25SEP26,put,2400.0,2026-09-25T08:00:00+00:00,0.007528041049921413,0.0003,0.0005,0.000436,0.0004,2756.96,ETH-25SEP26,0.7709,-0.01769,0.10414,8402.0,252.0,0.00020000000000000004,ETH,2750.92,586.88
2026-09-22T14:00:33.091763+00:00,ETH-24SEP26-2380-C,2756.32,ETH-24SEP26,call,2380.0,2026-09-24T08:00:00+00:00,0.004790190262789312,0.1345,0.138,0.136595,0.13625,2756.32,ETH-24SEP26,0.8756999999999999,0.99243,0.03976,0.0,0.0,0.003500000000000003,ETH,2750.92,0.0
2026-09-22T14:00:33.091763+00:00,ETH-25SEP26-2900-P,2757.05,ETH-25SEP26,put,2900.0,2026-09-25T08:00:00+00:00,0.007528041049921413,0.0535,0.0595,0.056162,0.0565,2757.05,ETH-25SEP26,0.5786,-0.84441,0.57037,799.0,0.0,0.005999999999999998,ETH,2750.92,0.0
2026-09-22T14:00:33.091763+00:00,ETH-25JUN27-6000-P,2847.33,ETH-25JUN27,put,6000.0,2027-06-25T08:00:00+00:00,0.7549613059369851,1.117,1.1535,1.133501,1.13525,2847.33,ETH-25JUN27,0.6043,-0.87671,5.03899,1.0,0.0,0.03649999999999998,ETH,2751.15,0.0
2026-09-22T14:00:33.091763+00:00,ETH-25SEP26-15000-C,2757.05,ETH-25SEP26,call,15000.0,2026-09-25T08:00:00+00:00,0.007528041049921413,,0.0001,0.0,,2757.05,ETH-25SEP26,1.8378999999999999,0.0,0.0,2390.0,0.0,,ETH,2751.15,0.0
2026-09-22T14:00:33.091763+00:00,ETH-25SEP26-5600-C,2757.05,ETH-25SEP26,call,5600.0,2026-09-25T08:00:00+00:00,0.007528041049921413,,0.0001,0.0,,2757.05,ETH-25SEP26,1.2584,0.0,0.0,8185.0,0.0,,ETH,2751.15,0.0
2026-09-22T14:00:33.091763+00:00,ETH-25JUN27-3100-C,2847.33,ETH-25JUN27,call,3100.0,2027-06-25T08:00:00+00:00,0.7549613059369851,0.1555,0.158,0.156595,0.15675,2847.33,ETH-25JUN27,0.5518,0.52383,9.84231,310.0,0.0,0.0025000000000000022,ETH,2751.15,0.0
2026-09-22T14:00:33.091763+00:00,ETH-24SEP26-2540-P,2756.23,ETH-24SEP26,put,2540.0,2026-09-24T08:00:00+00:00,0.004790190262789312,0.0003,0.0005,0.000419,0.0004,2756.23,ETH-24SEP26,0.6123,-0.02738,0.12005,734.0,319.0,0.00020000000000000004,ETH,2751.15,835.93
2026-09-22T14:00:33.091763+00:00,ETH-26MAR27-2700-C,2816.84,ETH-26MAR27,call,2700.0,2027-03-26T08:00:00+00:00,0.5058168843079639,0.171,0.173,0.17174,0.172,2816.84,ETH-26MAR27,0.5437,0.61765,7.63394,3288.0,36.0,0.001999999999999974,ETH,2751.15,16496.12
2026-09-22T14:00:33.091763+00:00,ETH-25SEP26-3000-P,2757.05,ETH-25SEP26,put,3000.0,2026-09-25T08:00:00+00:00,0.007528041049921413,0.087,0.093,0.089869,0.09,2757.05,ETH-25SEP26,0.6434000000000001,-0.9336,0.30784,7482.0,19.0,0.006000000000000005,ETH,2751.15,4764.93
2026-09-22T14:00:33.091763+00:00,ETH-25DEC26-3600-P,2788.75,ETH-25DEC26,put,3600.0,2026-12-25T08:00:00+00:00,0.2566724626789426,0.3175,0.3285,0.32199,0.323,2788.75,ETH-25DEC26,0.552,-0.78179,4.15904,244.0,0.0,0.01100000000000001,ETH,2751.15,0.0
2026-09-22T14:00:33.091763+00:00,ETH-26MAR27-8000-C,2816.84,ETH-26MAR27,call,8000.0,2027-03-26T08:00:00+00:00,0.5058168843079639,0.004,0.0047,0.004312,0.00435,2816.84,ETH-26MAR27,0.6784,0.0272,1.25521,171.0,5.0,0.0007000000000000001,ETH,2751.46,55.98
2026-09-22T14:00:33.091763+00:00,ETH-25SEP26-5000-C,2756.96,ETH-25SEP26,call,5000.0,2026-09-25T08:00:00+00:00,0.007528041049921413,,0.0001,0.0,,2756.96,ETH-25SEP26,1.2584,0.0,0.0,4595.0,0.0,,ETH,2751.46,0.0
2026-09-22T14:00:33.091763+00:00,ETH-25JUN27-2200-C,2847.42,ETH-25JUN27,call,2200.0,2027-06-25T08:00:00+00:00,0.7549613059369851,0.304,0.309,0.306852,0.3065,2847.42,ETH-25JUN27,0.56,0.77951,7.32738,1091.0,10.0,0.0050000000000000044,ETH,2751.46,8187.66
2026-09-22T14:00:33.091763+00:00,ETH-25DEC26-3600-C,2788.66,ETH-25DEC26,call,3600.0,2026-12-25T08:00:00+00:00,0.2566724626789426,0.0305,0.0315,0.030973,0.031,2788.66,ETH-25DEC26,0.552,0.21845,4.16266,2746.0,45.0,0.0010000000000000009,ETH,2751.55,3693.25
2026-09-22T14:00:33.091763+00:00,ETH-25JUN27-900-C,2847.33,ETH-25JUN27,call,900.0,2027-06-25T08:00:00+00:00,0.7549613059369851,0.6885,0.691,0.689867,0.68975,2847.33,ETH-25JUN27,0.7626999999999999,0.98063,1.16469,1.0,0.0,0.0024999999999999467,ETH,2751.55,0.0
2026-09-22T14:00:33.091763+00:00,ETH-25DEC26-9000-C,2788.66,ETH-25DEC26,call,9000.0,2026-12-25T08:00:00+00:00,0.2566724626789426,0.0002,0.0006,0.000361,0.0004,2788.66,ETH-25DEC26,0.7923,0.00326,0.13924,2088.0,0.0,0.00039999999999999996,ETH,2751.55,0.0
2026-09-22T14:00:33.091763+00:00,ETH-23SEP26-2760-C,2755.51,ETH-23SEP26,call,2760.0,2026-09-23T08:00:00+00:00,0.002052339475657211,0.0075,0.0085,0.008052,0.008,2755.51,ETH-23SEP26,0.4938,0.45247,0.49276,809.0,708.0,0.0010000000000000009,ETH,2751.55,25283.15
2026-09-22T14:00:33.091763+00:00,ETH-30OCT26-2350-C,2767.89,ETH-30OCT26,call,2350.0,2026-10-30T08:00:00+00:00,0.10335281859954495,0.163,0.167,0.164942,0.165,2767.89,ETH-30OCT26,0.5294,0.85064,2.06683,664.0,0.0,0.0040000000000000036,ETH,2751.55,0.0
2026-09-22T14:00:33.091763+00:00,ETH-25SEP26-2700-C,2757.05,ETH-25SEP26,call,2700.0,2026-09-25T08:00:00+00:00,0.007528041049921413,0.0285,0.0305,0.029486,0.0295,2757.05,ETH-25SEP26,0.504,0.6818,0.85207,8361.0,1067.0,0.0019999999999999983,ETH,2751.38,79108.08
2026-09-22T14:00:33.091763+00:00,ETH-25SEP26-11000-C,2756.96,ETH-25SEP26,call,11000.0,2026-09-25T08:00:00+00:00,0.007528041049921413,,0.0001,0.0,,2756.96,ETH-25SEP26,1.5529,0.0,0.0,3423.0,0.0,,ETH,2751.38,0.0
2026-09-22T14:00:33.091763+00:00,ETH-24SEP26-2660-C,2756.23,ETH-24SEP26,call,2660.0,2026-09-24T08:00:00+00:00,0.004790190262789312,0.0355,0.039,0.037475,0.03725,2756.23,ETH-24SEP26,0.495,0.84579,0.45212,698.0,17.0,0.003500000000000003,ETH,2751.38,1343.53
2026-09-22T14:00:33.091763+00:00,ETH-30OCT26-2750-C,2767.8,ETH-30OCT26,call,2750.0,2026-10-30T08:00:00+00:00,0.10335281859954495,0.067,0.068,0.06745,0.0675,2767.8,ETH-30OCT26,0.5027,0.54493,3.52382,1415.0,94.0,0.0010000000000000009,ETH,2751.38,18027.32
2026-09-22T14:00:33.091763+00:00,ETH-24SEP26-2950-P,2756.23,ETH-24SEP26,put,2950.0,2026-09-24T08:00:00+00:00,0.004790190262789312,0.0685,0.0745,0.071785,0.0715,2756.23,ETH-24SEP26,0.6601,-0.93242,0.24878,0.0,0.0,0.0059999999999999915,ETH,2751.38,0.0
2026-09-22T14:00:33.091763+00:00,ETH-25JUN27-3700-C,2847.42,ETH-25JUN27,call,3700.0,2027-06-25T08:00:00+00:00,0.7549613059369851,0.1,0.102,0.10108,0.101,2847.42,ETH-25JUN27,0.5579999999999999,0.382,9.42621,339.0,145.0,0.001999999999999988,ETH,2751.25,41532.81
2026-09-22T14:00:33.091763+00:00,ETH-25SEP26-10000-P,2757.05,ETH-25SEP26,put,10000.0,2026-09-25T08:00:00+00:00,0.007528041049921413,2.6155,2.638,2.627394,2.62675,2757.05,ETH-25SEP26,1.4622,-1.0,0.0,759.0,0.0,0.022499999999999964,ETH,2751.25,0.0
2026-09-22T14:00:33.091763+00:00,ETH-25DEC26-2200-C,2788.66,ETH-25DEC26,call,2200.0,2026-12-25T08:00:00+00:00,0.2566724626789426,0.237,0.24,0.238829,0.2385,2788.66,ETH-25DEC26,0.5559000000000001,0.83589,3.49128,51266.0,15.0,0.0030000000000000027,ETH,2751.25,9843.1
2026-09-22T14:00:33.091763+00:00,ETH-23SEP26-2820-C,2755.42,ETH-23SEP26,call,2820.0,2026-09-23T08:00:00+00:00,0.002052339475657211,0.0026,0.003,0.002823,0.0028,2755.42,ETH-23SEP26,0.5876,0.18162,0.32823,808.0,821.0,0.0004000000000000002,ETH,2751.25,9557.77
2026-09-22T14:00:33.091763+00:00,ETH-26MAR27-2100-P,2816.84,ETH-26MAR27,put,2100.0,2027-03-26T08:00:00+00:00,0.5058168843079639,0.046,0.0475,0.046705,0.04675,2816.84,ETH-26MAR27,0.5657,-0.1769,5.19377,1188.0,30.0,0.0015000000000000013,ETH,2750.99,4003.65
2026-09-22T14:00:33.091763+00:00,ETH-27NOV26-2850-P,2778.27,ETH-27NOV26,put,2850.0,2026-11-27T08:00:00+00:00,0.1800126406392438,0.102,0.1035,0.10305,0.10275,2778.27,ETH-27NOV26,0.5226,-0.50403,4.69748,89.0,17.0,0.0015000000000000013,ETH,2751.25,4625.72
2026-09-22T14:00:33.091763+00:00,ETH-25SEP26-2380-C,2757.05,ETH-25SEP26,call,2380.0,2026-09-25T08:00:00+00:00,0.007528041049921413,0.135,0.1385,0.137074,0.13675,2757.05,ETH-25SEP26,0.799,0.98409,0.09512,443.0,0.0,0.003500000000000003,ETH,2750.99,0.0
2026-09-22T14:00:33.091763+00:00,ETH-26SEP26-2720-P,2757.32,ETH-26SEP26,put,2720.0,2026-09-26T08:00:00+00:00,0.010265891837053514,0.0135,0.0145,0.014047,0.014,2757.32,ETH-26SEP26,0.4987,-0.39439,1.0736,0.0,0.0,0.0010000000000000009,ETH,2751.25,0.0
2026-09-22T14:00:33.091763+00:00,ETH-24SEP26-2640-P,2756.23,ETH-24SEP26,put,2640.0,2026-09-24T08:00:00+00:00,0.004790190262789312,0.0016,0.0019,0.00181,0.00175,2756.23,ETH-24SEP26,0.5059,-0.11315,0.36524,430.0,157.0,0.0002999999999999999,ETH,2750.99,1863.26
2026-09-22T14:00:33.091763+00:00,ETH-26MAR27-7000-C,2816.84,ETH-26MAR27,call,7000.0,2027-03-26T08:00:00+00:00,0.5058168843079639,0.006,0.0075,0.00667,0.00675,2816.84,ETH-26MAR27,0.6513,0.04133,1.77084,6271.0,500.0,0.0014999999999999996,ETH,2750.99,8620.35
2026-09-22T14:00:33.091763+00:00,ETH-25JUN27-2500-C,2847.42,ETH-25JUN27,call,2500.0,2027-06-25T08:00:00+00:00,0.7549613059369851,0.244,0.2475,0.245575,0.24575,2847.42,ETH-25JUN27,0.5527000000000001,0.69437,8.66542,3243.0,2.0,0.003500000000000003,ETH,2750.99,1394.92
2026-09-22T14:00:33.091763+00:00,ETH-25DEC26-4000-P,2788.66,ETH-25DEC26,put,4000.0,2026-12-25T08:00:00+00:00,0.2566724626789426,0.4475,0.459,0.452022,0.45325,2788.66,ETH-25DEC26,0.5713,-0.86573,3.05235,530.0,1.0,0.01150000000000001,ETH,2750.62,1235.57
2026-09-22T14:00:33.091763+00:00,ETH-24SEP26-2880-P,2756.23,ETH-24SEP26,put,2880.0,2026-09-24T08:00:00+00:00,0.004790190262789312,0.045,0.051,0.048072,0.048,2756.23,ETH-24SEP26,0.597,-0.86036,0.42288,18.0,18.0,0.005999999999999998,ETH,2750.62,2624.96
2026-09-22T14:00:33.091763+00:00,ETH-25JUN27-800-P,2847.33,ETH-25JUN27,put,800.0,2027-06-25T08:00:00+00:00,0.7549613059369851,0.0043,0.0048,0.004436,0.00455,2847.33,ETH-25JUN27,0.7915000000000001,-0.01437,0.90187,688.0,0.0,0.0004999999999999996,ETH,2750.62,0.0
2026-09-22T14:00:33.091763+00:00,ETH-26MAR27-6000-P,2816.84,ETH-26MAR27,put,6000.0,2027-03-26T08:00:00+00:00,0.5058168843079639,1.1275,1.1565,1.141907,1.142,2816.84,ETH-26MAR27,0.6236999999999999,-0.93134,2.64687,1.0,0.0,0.029000000000000137,ETH,2750.62,0.0
2026-09-22T14:00:33.091763+00:00,ETH-9OCT26-2850-C,2761.15,ETH-9OCT26,call,2850.0,2026-10-09T08:00:00+00:00,0.04585795206977083,0.0285,0.0295,0.028906,0.029,2761.15,ETH-9OCT26,0.49700000000000005,0.39756,2.27749,75.0,75.0,0.0009999999999999974,ETH,2750.22,7291.61
2026-09-22T14:00:33.091763+00:00,ETH-25SEP26-3100-P,2757.05,ETH-25SEP26,put,3100.0,2026-09-25T08:00:00+00:00,0.007528041049921413,0.1215,0.1285,0.125262,0.125,2757.05,ETH-25SEP26,0.7193,-0.9696,0.16424,3.0,0.0,0.007000000000000006,ETH,2750.22,0.0
2026-09-22T14:00:33.091763+00:00,ETH-25DEC26-1600-C,2788.66,ETH-25DEC26,call,1600.0,2026-12-25T08:00:00+00:00,0.2566724626789426,0.43,0.4335,0.43165,0.43175,2788.66,ETH-25DEC26,0.6701,0.96411,1.11283,620.0,0.0,0.003500000000000003,ETH,2750.22,0.0
2026-09-22T14:00:33.091763+00:00,ETH-2OCT26-2850-C,2758.76,ETH-2OCT26,call,2850.0,2026-10-02T08:00:00+00:00,0.02669299655984612,0.0185,0.0195,0.019082,0.019,2758.76,ETH-2OCT26,0.4987,0.35277,1.67189,59.0,60.0,0.0010000000000000009,ETH,2750.62,3077.39
2026-09-22T14:00:33.091763+00:00,ETH-26MAR27-3100-P,2816.84,ETH-26MAR27,put,3100.0,2027-03-26T08:00:00+00:00,0.5058168843079639,0.216,0.2175,0.216648,0.21675,2816.84,ETH-26MAR27,0.5449,-0.52301,7.96763,126.0,44.0,0.0015000000000000013,ETH,2750.22,27047.96
2026-09-22T14:00:33.091763+00:00,ETH-30OCT26-4400-C,2767.89,ETH-30OCT26,call,4400.0,2026-10-30T08:00:00+00:00,0.10335281859954495,0.0012,0.0014,0.001267,0.0013,2767.89,ETH-30OCT26,0.6535,0.01749,0.38391,676.0,0.0,0.0002000000000000001,ETH,2750.22,0.0
2026-09-22T14:00:33.091763+00:00,ETH-9OCT26-3200-P,2761.15,ETH-9OCT26,put,3200.0,2026-10-09T08:00:00+00:00,0.04585795206977083,0.161,0.169,0.165331,0.165,2761.15,ETH-9OCT26,0.5482,-0.88735,1.12917,0.0,0.0,0.008000000000000007,ETH,2749.9,0.0
2026-09-22T14:00:33.091763+00:00,ETH-25JUN27-3400-P,2847.42,ETH-25JUN27,put,3400.0,2027-06-25T08:00:00+00:00,0.7549613059369851,0.317,0.322,0.319579,0.3195,2847.42,ETH-25JUN27,0.5542,-0.55207,9.77244,30.0,0.0,0.0050000000000000044,ETH,2749.9,0.0
2026-09-22T14:00:33.091763+00:00,ETH-26SEP26-3100-P,2757.32,ETH-26SEP26,put,3100.0,2026-09-26T08:00:00+00:00,0.010265891837053514,0.1215,0.129,0.125557,0.12525,2757.32,ETH-26SEP26,0.6546,-0.96076,0.23659,0.0,0.0,0.007500000000000007,ETH,2750.22,0.0
2026-09-22T14:00:33.091763+00:00,ETH-9OCT26-2400-C,2761.06,ETH-9OCT26,call,2400.0,2026-10-09T08:00:00+00:00,0.04585795206977083,0.1345,0.138,0.136502,0.13625,2761.06,ETH-9OCT26,0.5366,0.89627,1.06395,5.0,0.0,0.003500000000000003,ETH,2749.9,0.0
2026-09-22T14:00:33.091763+00:00,ETH-25SEP26-13000-P,2757.05,ETH-25SEP26,put,13000.0,2026-09-25T08:00:00+00:00,0.007528041049921413,3.7,3.73,3.715612,3.715,2757.05,ETH-25SEP26,1.7075,-1.0,0.0,0.0,0.0,0.029999999999999805,ETH,2749.9,0.0
2026-09-22T14:00:33.091763+00:00,ETH-26SEP26-2950-P,2757.32,ETH-26SEP26,put,2950.0,2026-09-26T08:00:00+00:00,0.010265891837053514,0.0705,0.0765,0.073826,0.0735,2757.32,ETH-26SEP26,0.5803,-0.87491,0.57426,0.0,0.0,0.006000000000000005,ETH,2749.9,0.0
2026-09-22T14:00:33.091763+00:00,ETH-23SEP26-2800-C,2755.51,ETH-23SEP26,call,2800.0,2026-09-23T08:00:00+00:00,0.002052339475657211,0.0038,0.0042,0.003996,0.004,2755.51,ETH-23SEP26,0.5567,0.24215,0.38836,7729.0,8423.0,0.00039999999999999975,ETH,2749.9,214394.67
2026-09-22T14:00:33.091763+00:00,ETH-2OCT26-2200-P,2758.76,ETH-2OCT26,put,2200.0,2026-10-02T08:00:00+00:00,0.02669299655984612,0.0007,0.001,0.000822,0.00085,2758.76,ETH-2OCT26,0.6879000000000001,-0.02002,0.21809,2163.0,9.0,0.00030000000000000003,ETH,2749.9,27.1
2026-09-22T14:00:33.091763+00:00,ETH-25DEC26-3800-P,2788.66,ETH-25DEC26,put,3800.0,2026-12-25T08:00:00+00:00,0.2566724626789426,0.38,0.394,0.38587,0.387,2788.66,ETH-25DEC26,0.5609000000000001,-0.82964,3.57469,113.0,87.0,0.014000000000000012,ETH,2749.96,92056.99
2026-09-22T14:00:33.091763+00:00,ETH-25JUN27-1200-P,2847.42,ETH-25JUN27,put,1200.0,2027-06-25T08:00:00+00:00,0.7549613059369851,0.0115,0.0125,0.011894,0.012,2847.42,ETH-25JUN27,0.6801999999999999,-0.03972,2.11664,595.0,20.0,0.0010000000000000009,ETH,2749.96,627.48
2026-09-22T14:00:33.091763+00:00,ETH-25SEP26-1300-P,2756.96,ETH-25SEP26,put,1300.0,2026-09-25T08:00:00+00:00,0.007528041049921413,,0.0001,0.0,,2756.96,ETH-25SEP26,1.3775,0.0,0.0,4983.0,0.0,,ETH,2749.96,0.0
2026-09-22T14:00:33.091763+00:00,ETH-27NOV26-2150-P,2778.27,ETH-27NOV26,put,2150.0,2026-11-27T08:00:00+00:00,0.1800126406392438,0.015,0.016,0.015518,0.0155,2778.27,ETH-27NOV26,0.5672,-0.11941,2.34621,373.0,0.0,0.0010000000000000009,ETH,2749.96,0.0
2026-09-22T14:00:33.091763+00:00,ETH-25SEP26-1400-C,2757.05,ETH-25SEP26,call,1400.0,2026-09-25T08:00:00+00:00,0.007528041049921413,0.491,0.493,0.492165,0.492,2757.05,ETH-25SEP26,1.3486000000000002,1.0,0.0,403.0,0.0,0.0020000000000000018,ETH,2750.28,0.0
2026-09-22T14:00:33.091763+00:00,ETH-27NOV26-3300-C,2778.27,ETH-27NOV26,call,3300.0,2026-11-27T08:00:00+00:00,0.1800126406392438,0.0315,0.0325,0.032145,0.032,2778.27,ETH-27NOV26,0.5371,0.25813,3.80337,776.0,96.0,0.0010000000000000009,ETH,2749.96,8671.55
2026-09-22T14:00:33.091763+00:00,ETH-26SEP26-2400-P,2757.32,ETH-26SEP26,put,2400.0,2026-09-26T08:00:00+00:00,0.010265891837053514,0.0004,0.0007,0.000545,0.00055,2757.32,ETH-26SEP26,0.6831,-0.02199,0.14625,100.0,100.0,0.0003,ETH,2749.96,110.15
2026-09-22T14:00:33.091763+00:00,ETH-24SEP26-2680-P,2756.23,ETH-24SEP26,put,2680.0,2026-09-24T08:00:00+00:00,0.004790190262789312,0.0036,0.0039,0.003845,0.00375,2756.23,ETH-24SEP26,0.4901,-0.2133,0.55347,381.0,320.0,0.0002999999999999999,ETH,2750.28,5677.91
2026-09-22T14:00:33.091763+00:00,ETH-26MAR27-5500-C,2816.6,ETH-26MAR27,call,5500.0,2027-03-26T08:00:00+00:00,0.5058168843079639,0.015,0.0165,0.015645,0.01575,2816.6,ETH-26MAR27,0.6082,0.09112,3.27843,3001.0,19.0,0.0015000000000000013,ETH,2750.28,889.17
2026-09-22T14:00:33.091763+00:00,ETH-26SEP26-2620-C,2757.32,ETH-26SEP26,call,2620.0,2026-09-26T08:00:00+00:00,0.010265891837053514,0.0525,0.0555,0.054022,0.054,2757.32,ETH-26SEP26,0.5127,0.83552,0.69076,0.0,0.0,0.0030000000000000027,ETH,2750.28,0.0
2026-09-22T14:00:33.091763+00:00,ETH-25SEP26-3600-P,2757.05,ETH-25SEP26,put,3600.0,2026-09-25T08:00:00+00:00,0.007528041049921413,0.3015,0.31,0.305897,0.30575,2757.05,ETH-25SEP26,1.0154,-0.99867,0.01043,776.0,0.0,0.008500000000000008,ETH,2750.77,0.0
2026-09-22T14:00:33.091763+00:00,ETH-2OCT26-3200-C,2758.76,ETH-2OCT26,call,3200.0,2026-10-02T08:00:00+00:00,0.02669299655984612,0.0023,0.0027,0.002524,0.0025,2758.76,ETH-2OCT26,0.5778,0.0617,0.54805,1991.0,11.0,0.0004000000000000002,ETH,2750.77,95.02
2026-09-22T14:00:33.091763+00:00,ETH-23SEP26-2500-C,2755.51,ETH-23SEP26,call,2500.0,2026-09-23T08:00:00+00:00,0.002052339475657211,0.09,0.096,0.092675,0.093,2755.51,ETH-23SEP26,0.895,0.9914,0.02904,18.0,0.0,0.006000000000000005,ETH,2750.77,0.0
2026-09-22T14:00:33.091763+00:00,ETH-25SEP26-1300-C,2756.96,ETH-25SEP26,call,1300.0,2026-09-25T08:00:00+00:00,0.007528041049921413,0.527,0.5295,0.528439,0.52825,2756.96,ETH-25SEP26,1.3775,1.0,0.0,68.0,0.0,0.0024999999999999467,ETH,2750.77,0.0
2026-09-22T14:00:33.091763+00:00,ETH-25DEC26-1600-P,2788.75,ETH-25DEC26,put,1600.0,2026-12-25T08:00:00+00:00,0.2566724626789426,0.005,0.006,0.005435,0.0055,2788.75,ETH-25DEC26,0.6701,-0.03588,1.11269,8529.0,35.0,0.001,ETH,2750.77,550.31
2026-09-22T14:00:33.091763+00:00,ETH-30OCT26-2050-P,2767.8,ETH-30OCT26,put,2050.0,2026-10-30T08:00:00+00:00,0.10335281859954495,0.004,0.0044,0.004207,0.0042,2767.8,ETH-30OCT26,0.5981000000000001,-0.04955,0.91003,1312.0,0.0,0.0004000000000000002,ETH,2750.63,0.0
2026-09-22T14:00:33.091763+00:00,ETH-26SEP26-2780-P,2757.22,ETH-26SEP26,put,2780.0,2026-09-26T08:00:00+00:00,0.010265891837053514,0.024,0.0255,0.024924,0.02475,2757.22,ETH-26SEP26,0.5051,-0.56548,1.0976,394.0,394.0,0.0014999999999999979,ETH,2750.77,29770.48
2026-09-22T14:00:33.091763+00:00,ETH-23SEP26-2700-C,2755.42,ETH-23SEP26,call,2700.0,2026-09-23T08:00:00+00:00,0.002052339475657211,0.02,0.024,0.021793,0.022,2755.42,ETH-23SEP26,0.4598,0.82151,0.32459,625.0,3.0,0.004,ETH,2750.63,309.91
2026-09-22T14:00:33.091763+00:00,ETH-25DEC26-11000-C,2788.66,ETH-25DEC26,call,11000.0,2026-12-25T08:00:00+00:00,0.2566724626789426,0.0001,0.0003,0.00018,0.0002,2788.66,ETH-25DEC26,0.8564,0.0016,0.07288,2175.0,0.0,0.00019999999999999998,ETH,2750.63,0.0
2026-09-22T14:00:33.091763+00:00,ETH-25JUN27-1000-C,2847.33,ETH-25JUN27,call,1000.0,2027-06-25T08:00:00+00:00,0.7549613059369851,0.6545,0.6575,0.656244,0.656,2847.33,ETH-25JUN27,0.7295,0.97528,1.43045,83.0,18.0,0.0030000000000000027,ETH,2750.63,32139.9
2026-09-22T14:00:33.091763+00:00,ETH-25JUN27-2300-P,2847.33,ETH-25JUN27,put,2300.0,2027-06-25T08:00:00+00:00,0.7549613059369851,0.092,0.094,0.092839,0.093,2847.33,ETH-25JUN27,0.5566,-0.24831,7.82356,1033.0,100.0,0.0020000000000000018,ETH,2750.42,26417.95
2026-09-22T14:00:33.091763+00:00,ETH-25SEP26-2380-P,2757.05,ETH-25SEP26,put,2380.0,2026-09-25T08:00:00+00:00,0.007528041049921413,0.0002,0.0005,0.000394,0.00035,2757.05,ETH-25SEP26,0.799,-0.01598,0.09546,1500.0,40.0,0.00030000000000000003,ETH,2750.42,89.88
2026-09-22T14:00:33.091763+00:00,ETH-24SEP26-2200-C,2756.23,ETH-24SEP26,call,2200.0,2026-09-24T08:00:00+00:00,0.004790190262789312,0.2,0.203,0.201792,0.2015,2756.23,ETH-24SEP26,1.0992,0.99857,0.00891,0.0,0.0,0.0030000000000000027,ETH,2750.42,0.0
2026-09-22T14:00:33.091763+00:00,ETH-30OCT26-2400-P,2767.8,ETH-30OCT26,put,2400.0,2026-10-30T08:00:00+00:00,0.10335281859954495,0.0165,0.0175,0.01716,0.017,2767.8,ETH-30OCT26,0.5217,-0.17776,2.3134,6264.0,68.0,0.0010000000000000009,ETH,2750.42,3248.67
2026-09-22T14:00:33.091763+00:00,ETH-26SEP26-2880-P,2757.22,ETH-26SEP26,put,2880.0,2026-09-26T08:00:00+00:00,0.010265891837053514,0.049,0.0535,0.05148,0.05125,2757.22,ETH-26SEP26,0.5447,-0.78574,0.81316,0.0,0.0,0.004499999999999997,ETH,2750.42,0.0
2026-09-22T14:00:33.091763+00:00,ETH-27NOV26-3200-P,2778.27,ETH-27NOV26,put,3200.0,2026-11-27T08:00:00+00:00,0.1800126406392438,0.189,0.193,0.191067,0.191,2778.27,ETH-27NOV26,0.5325,-0.69822,4.10422,1.0,0.0,0.0040000000000000036,ETH,2750.42,0.0
2026-09-22T14:00:33.091763+00:00,ETH-26SEP26-2640-C,2757.32,ETH-26SEP26,call,2640.0,2026-09-26T08:00:00+00:00,0.010265891837053514,0.0465,0.0495,0.047973,0.048,2757.32,ETH-26SEP26,0.5067,0.79958,0.78168,0.0,0.0,0.0030000000000000027,ETH,2750.42,0.0
2026-09-22T14:00:33.091763+00:00,ETH-9OCT26-2800-P,2761.06,ETH-9OCT26,put,2800.0,2026-10-09T08:00:00+00:00,0.04585795206977083,0.049,0.0505,0.049934,0.04975,2761.06,ETH-9OCT26,0.4939,-0.53826,2.3444,224.0,235.0,0.0015000000000000013,ETH,2750.19,35531.85
2026-09-22T14:00:33.091763+00:00,ETH-26SEP26-2820-P,2757.22,ETH-26SEP26,put,2820.0,2026-09-26T08:00:00+00:00,0.010265891837053514,0.0335,0.0355,0.034506,0.0345,2757.22,ETH-26SEP26,0.5178,-0.66793,1.01239,0.0,0.0,0.001999999999999995,ETH,2750.42,0.0
2026-09-22T14:00:33.091763+00:00,ETH-26SEP26-2560-C,2757.22,ETH-26SEP26,call,2560.0,2026-09-26T08:00:00+00:00,0.010265891837053514,0.072,0.075,0.07357,0.0735,2757.22,ETH-26SEP26,0.5418,0.91124,0.44816,0.0,0.0,0.0030000000000000027,ETH,2750.19,0.0
2026-09-22T14:00:33.091763+00:00,ETH-25JUN27-3200-P,2847.33,ETH-25JUN27,put,3200.0,2027-06-25T08:00:00+00:00,0.7549613059369851,0.268,0.2715,0.269227,0.26975,2847.33,ETH-25JUN27,0.5523,-0.50266,9.85626,48.0,0.0,0.003500000000000003,ETH,2750.19,0.0
2026-09-22T14:00:33.091763+00:00,ETH-23SEP26-2480-C,2755.42,ETH-23SEP26,call,2480.0,2026-09-23T08:00:00+00:00,0.002052339475657211,0.098,0.1015,0.099926,0.09975,2755.42,ETH-23SEP26,0.9515,0.9926,0.02546,0.0,0.0,0.003500000000000003,ETH,2750.19,0.0
2026-09-22T14:00:33.091763+00:00,ETH-27NOV26-4600-C,2778.27,ETH-27NOV26,call,4600.0,2026-11-27T08:00:00+00:00,0.1800126406392438,0.0036,0.0042,0.003905,0.0039,2778.27,ETH-27NOV26,0.6297999999999999,0.03929,0.99976,1368.0,500.0,0.0005999999999999998,ETH,2750.19,6728.35
2026-09-22T14:00:33.091763+00:00,ETH-25SEP26-9000-C,2757.05,ETH-25SEP26,call,9000.0,2026-09-25T08:00:00+00:00,0.007528041049921413,,0.0001,0.0,,2757.05,ETH-25SEP26,1.3622999999999998,0.0,0.0,2096.0,0.0,,ETH,2750.21,0.0
2026-09-22T14:00:33.091763+00:00,ETH-25JUN27-2100-C,2847.33,ETH-25JUN27,call,2100.0,2027-06-25T08:00:00+00:00,0.7549613059369851,0.3275,0.332,0.330066,0.32975,2847.33,ETH-25JUN27,0.5645,0.80576,6.79575,142.0,0.0,0.004500000000000004,ETH,2750.21,0.0
2026-09-22T14:00:33.091763+00:00,ETH-30OCT26-1950-C,2767.89,ETH-30OCT26,call,1950.0,2026-10-30T08:00:00+00:00,0.10335281859954495,0.2965,0.3,0.298409,0.29825,2767.89,ETH-30OCT26,0.6336999999999999,0.96504,0.686,744.0,0.0,0.003500000000000003,ETH,2750.21,0.0
2026-09-22T14:00:33.091763+00:00,ETH-26SEP26-3100-C,2757.22,ETH-26SEP26,call,3100.0,2026-09-26T08:00:00+00:00,0.010265891837053514,0.001,0.0011,0.001085,0.00105,2757.22,ETH-26SEP26,0.6546,0.03904,0.23557,0.0,0.0,0.00010000000000000005,ETH,2750.21,0.0
2026-09-22T14:00:33.091763+00:00,ETH-30OCT26-2650-P,2767.8,ETH-30OCT26,put,2650.0,2026-10-30T08:00:00+00:00,0.10335281859954495,0.0435,0.0445,0.044165,0.044,2767.8,ETH-30OCT26,0.5036,-0.3673,3.34685,1388.0,447.0,0.0010000000000000009,ETH,2750.21,58112.11
2026-09-22T14:00:33.091763+00:00,ETH-26MAR27-3200-C,2816.82,ETH-26MAR27,call,3200.0,2027-03-26T08:00:00+00:00,0.5058168843079639,0.1045,0.106,0.105136,0.10525,2816.82,ETH-26MAR27,0.5461,0.44495,7.9048,2020.0,326.0,0.0015000000000000013,ETH,2750.21,91191.0
2026-09-22T14:00:33.091763+00:00,ETH-26SEP26-2780-C,2757.22,ETH-26SEP26,call,2780.0,2026-09-26T08:00:00+00:00,0.010265891837053514,0.016,0.017,0.016611,0.0165,2757.22,ETH-26SEP26,0.5051,0.43285,1.09659,0.0,0.0,0.0010000000000000009,ETH,2750.21,0.0
2026-09-22T14:00:33.091763+00:00,ETH-30OCT26-4200-P,2767.8,ETH-30OCT26,put,4200.0,2026-10-30T08:00:00+00:00,0.10335281859954495,0.5135,0.5255,0.51945,0.5195,2767.8,ETH-30OCT26,0.6358,-0.97416,0.53387,0.0,0.0,0.01200000000000001,ETH,2750.21,0.0
2026-09-22T14:00:33.091763+00:00,ETH-26SEP26-2740-C,2757.22,ETH-26SEP26,call,2740.0,2026-09-26T08:00:00+00:00,0.010265891837053514,0.0225,0.024,0.023406,0.02325,2757.22,ETH-26SEP26,0.5002,0.54567,1.10509,0.0,0.0,0.0015000000000000013,ETH,2750.21,0.0
2026-09-22T14:00:33.091763+00:00,ETH-25DEC26-3800-C,2788.66,ETH-25DEC26,call,3800.0,2026-12-25T08:00:00+00:00,0.2566724626789426,0.0225,0.0235,0.02313,0.023,2788.66,ETH-25DEC26,0.5609000000000001,0.17045,3.57636,5024.0,11.0,0.0010000000000000009,ETH,2750.21,690.46
2026-09-22T14:00:33.091763+00:00,ETH-25SEP26-4800-C,2756.96,ETH-25SEP26,call,4800.0,2026-09-25T08:00:00+00:00,0.007528041049921413,,0.0001,0.0,,2756.96,ETH-25SEP26,1.2584,0.0,0.0,2689.0,0.0,,ETH,2750.17,0.0
2026-09-22T14:00:33.091763+00:00,ETH-26MAR27-2400-C,2816.84,ETH-26MAR27,call,2400.0,2027-03-26T08:00:00+00:00,0.5058168843079639,0.228,0.2305,0.229169,0.22925,2816.84,ETH-26MAR27,0.5498,0.72591,6.66422,2362.0,14.0,0.0025000000000000022,ETH,2750.17,8560.97
2026-09-22T14:00:33.091763+00:00,ETH-26MAR27-4000-P,2816.84,ETH-26MAR27,put,4000.0,2027-03-26T08:00:00+00:00,0.5058168843079639,0.46,0.4805,0.469823,0.47025,2816.84,ETH-26MAR27,0.5633,-0.75141,6.33802,0.0,0.0,0.020499999999999963,ETH,2750.17,0.0
2026-09-22T14:00:33.091763+00:00,ETH-27NOV26-2550-P,2778.17,ETH-27NOV26,put,2550.0,2026-11-27T08:00:00+00:00,0.1800126406392438,0.05,0.051,0.050484,0.0505,2778.17,ETH-27NOV26,0.5268999999999999,-0.313,4.16999,278.0,0.0,0.000999999999999994,ETH,2750.17,0.0
2026-09-22T14:00:33.091763+00:00,ETH-9OCT26-2900-C,2761.06,ETH-9OCT26,call,2900.0,2026-10-09T08:00:00+00:00,0.04585795206977083,0.0225,0.024,0.023269,0.02325,2761.06,ETH-9OCT26,0.5019,0.33733,2.1565,742.0,113.0,0.0015000000000000013,ETH,2750.04,6833.81
2026-09-22T14:00:33.091763+00:00,ETH-25SEP26-4000-C,2757.05,ETH-25SEP26,call,4000.0,2026-09-25T08:00:00+00:00,0.007528041049921413,,0.0001,3e-06,,2757.05,ETH-25SEP26,1.1574,0.00012,0.00111,20099.0,0.0,,ETH,2750.04,0.0
2026-09-22T14:00:33.091763+00:00,ETH-25SEP26-2100-C,2757.05,ETH-25SEP26,call,2100.0,2026-09-25T08:00:00+00:00,0.007528041049921413,0.2365,0.24,0.238389,0.23825,2757.05,ETH-25SEP26,1.2137,0.99567,0.03037,5587.0,7.0,0.003500000000000003,ETH,2750.04,4581.01
2026-09-22T14:00:33.091763+00:00,ETH-24SEP26-3000-C,2756.32,ETH-24SEP26,call,3000.0,2026-09-24T08:00:00+00:00,0.004790190262789312,0.0007,0.001,0.000876,0.00085,2756.32,ETH-24SEP26,0.7094,0.04098,0.16723,39.0,32.0,0.00030000000000000003,ETH,2750.04,210.28
2026-09-22T14:00:33.091763+00:00,ETH-25DEC26-2500-P,2788.66,ETH-25DEC26,put,2500.0,2026-12-25T08:00:00+00:00,0.2566724626789426,0.058,0.0595,0.05868,0.05875,2788.66,ETH-25DEC26,0.5352,-0.29736,4.88554,3021.0,544.0,0.0014999999999999944,ETH,2750.04,92363.7
2026-09-22T14:00:33.091763+00:00,ETH-23SEP26-2840-C,2755.51,ETH-23SEP26,call,2840.0,2026-09-23T08:00:00+00:00,0.002052339475657211,0.0018,0.0021,0.001985,0.00195,2755.51,ETH-23SEP26,0.6161,0.1286,0.26105,273.0,111.0,0.0002999999999999999,ETH,2750.04,958.33
2026-09-22T14:00:33.091763+00:00,ETH-2OCT26-2300-P,2758.76,ETH-2OCT26,put,2300.0,2026-10-02T08:00:00+00:00,0.02669299655984612,0.0011,0.0015,0.001293,0.0013,2758.76,ETH-2OCT26,0.6162,-0.033,0.33129,2468.0,5.0,0.00039999999999999996,ETH,2750.04,24.44
2026-09-22T14:00:33.091763+00:00,ETH-2OCT26-2700-C,2758.75,ETH-2OCT26,call,2700.0,2026-10-02T08:00:00+00:00,0.02669299655984612,0.042,0.044,0.043219,0.043,2758.75,ETH-2OCT26,0.48700000000000004,0.61341,1.7222,2372.0,17.0,0.001999999999999995,ETH,2750.04,2140.24
2026-09-22T14:00:33.091763+00:00,ETH-26MAR27-4600-P,2816.84,ETH-26MAR27,put,4600.0,2027-03-26T08:00:00+00:00,0.5058168843079639,0.6525,0.6765,0.663282,0.6645,2816.84,ETH-26MAR27,0.5808,-0.83752,4.91674,0.0,0.0,0.02400000000000002,ETH,2750.26,0.0
2026-09-22T14:00:33.091763+00:00,ETH-26MAR27-3700-P,2816.82,ETH-26MAR27,put,3700.0,2027-03-26T08:00:00+00:00,0.5058168843079639,0.371,0.3865,0.378738,0.37875,2816.82,ETH-26MAR27,0.5556,-0.69025,7.05543,0.0,0.0,0.015500000000000014,ETH,2750.26,0.0
2026-09-22T14:00:33.091763+00:00,ETH-26MAR27-2200-P,2816.82,ETH-26MAR27,put,2200.0,2027-03-26T08:00:00+00:00,0.5058168843079639,0.056,0.0575,0.056628,0.05675,2816.82,ETH-26MAR27,0.5589,-0.20724,5.72091,2263.0,269.0,0.0015000000000000013,ETH,2750.26,42824.12
2026-09-22T14:00:33.091763+00:00,ETH-25DEC26-1700-C,2788.66,ETH-25DEC26,call,1700.0,2026-12-25T08:00:00+00:00,0.2566724626789426,0.396,0.3995,0.397334,0.39775,2788.66,ETH-25DEC26,0.6409999999999999,0.95362,1.37033,365.0,0.0,0.003500000000000003,ETH,2750.26,0.0
2026-09-22T14:00:33.091763+00:00,ETH-9OCT26-2350-C,2761.15,ETH-9OCT26,call,2350.0,2026-10-09T08:00:00+00:00,0.04585795206977083,0.1515,0.1545,0.153207,0.153,2761.15,ETH-9OCT26,0.5533,0.92002,0.87754,0.0,0.0,0.0030000000000000027,ETH,2750.53,0.0
2026-09-22T14:00:33.091763+00:00,ETH-30OCT26-2850-P,2767.8,ETH-30OCT26,put,2850.0,2026-10-30T08:00:00+00:00,0.10335281859954495,0.081,0.082,0.081536,0.0815,2767.8,ETH-30OCT26,0.5043,-0.54344,3.52421,39.0,63.0,0.0010000000000000009,ETH,2750.53,14246.16
2026-09-22T14:00:33.091763+00:00,ETH-25SEP26-6000-C,2756.96,ETH-25SEP26,call,6000.0,2026-09-25T08:00:00+00:00,0.007528041049921413,,0.0001,0.0,,2756.96,ETH-25SEP26,1.2584,0.0,0.0,3711.0,0.0,,ETH,2750.53,0.0
2026-09-22T14:00:33.091763+00:00,ETH-23SEP26-2660-P,2755.51,ETH-23SEP26,put,2660.0,2026-09-23T08:00:00+00:00,0.002052339475657211,0.0004,0.0006,0.000524,0.0005,2755.51,ETH-23SEP26,0.4892,-0.06008,0.14828,815.0,1562.0,0.00019999999999999993,ETH,2750.53,7071.0
2026-09-22T14:00:33.091763+00:00,ETH-30OCT26-4400-P,2767.8,ETH-30OCT26,put,4400.0,2026-10-30T08:00:00+00:00,0.10335281859954495,0.585,0.598,0.591069,0.5915,2767.8,ETH-30OCT26,0.6535,-0.98251,0.38386,0.0,0.0,0.013000000000000012,ETH,2750.53,0.0
2026-09-22T14:00:33.091763+00:00,ETH-25DEC26-3200-P,2788.75,ETH-25DEC26,put,3200.0,2026-12-25T08:00:00+00:00,0.2566724626789426,0.2015,0.2065,0.204421,0.204,2788.75,ETH-25DEC26,0.5368999999999999,-0.64648,5.24493,294.0,0.0,0.004999999999999977,ETH,2750.53,0.0
2026-09-22T14:00:33.091763+00:00,ETH-25SEP26-5400-C,2757.05,ETH-25SEP26,call,5400.0,2026-09-25T08:00:00+00:00,0.007528041049921413,,0.0001,0.0,,2757.05,ETH-25SEP26,1.2584,0.0,0.0,1738.0,0.0,,ETH,2750.12,0.0
2026-09-22T14:00:33.091763+00:00,ETH-25DEC26-10000-C,2788.66,ETH-25DEC26,call,10000.0,2026-12-25T08:00:00+00:00,0.2566724626789426,0.0002,0.0004,0.000283,0.0003,2788.66,ETH-25DEC26,0.8351999999999999,0.00249,0.10897,1758.0,0.0,0.0002,ETH,2750.12,0.0
2026-09-22T14:00:33.091763+00:00,ETH-25JUN27-2800-C,2847.33,ETH-25JUN27,call,2800.0,2027-06-25T08:00:00+00:00,0.7549613059369851,0.1945,0.1975,0.195972,0.196,2847.33,ETH-25JUN27,0.5507,0.60672,9.50149,1229.0,46.0,0.0030000000000000027,ETH,2750.12,23734.98
2026-09-22T14:00:33.091763+00:00,ETH-25SEP26-4800-P,2757.05,ETH-25SEP26,put,4800.0,2026-09-25T08:00:00+00:00,0.007528041049921413,0.736,0.746,0.741149,0.741,2757.05,ETH-25SEP26,1.2584,-1.0,0.0,110.0,0.0,0.010000000000000009,ETH,2750.12,0.0
2026-09-22T14:00:33.091763+00:00,ETH-25DEC26-5500-P,2788.66,ETH-25DEC26,put,5500.0,2026-12-25T08:00:00+00:00,0.2566724626789426,0.9665,0.9875,0.975883,0.977,2788.66,ETH-25DEC26,0.6562,-0.97007,0.95821,0.0,0.0,0.02100000000000002,ETH,2750.12,0.0
2026-09-22T14:00:33.091763+00:00,ETH-30OCT26-2350-P,2767.8,ETH-30OCT26,put,2350.0,2026-10-30T08:00:00+00:00,0.10335281859954495,0.0135,0.0145,0.014041,0.014,2767.8,ETH-30OCT26,0.5294,-0.15008,2.07233,1180.0,4.0,0.0010000000000000009,ETH,2750.04,164.8
2026-09-22T14:00:33.091763+00:00,ETH-23SEP26-2950-P,2755.51,ETH-23SEP26,put,2950.0,2026-09-23T08:00:00+00:00,0.002052339475657211,0.0675,0.0745,0.071096,0.071,2755.51,ETH-23SEP26,0.7656999999999999,-0.9779,0.06551,0.0,0.0,0.006999999999999992,ETH,2750.04,0.0
2026-09-22T14:00:33.091763+00:00,ETH-23SEP26-2750-P,2755.51,ETH-23SEP26,put,2750.0,2026-09-23T08:00:00+00:00,0.002052339475657211,0.007,0.008,0.007808,0.0075,2755.51,ETH-23SEP26,0.4817,-0.49206,0.49593,208.0,234.0,0.001,ETH,2750.04,7392.47
2026-09-22T14:00:33.091763+00:00,ETH-2OCT26-2650-P,2758.75,ETH-2OCT26,put,2650.0,2026-10-02T08:00:00+00:00,0.02669299655984612,0.015,0.016,0.01546,0.0155,2758.75,ETH-2OCT26,0.4902,-0.30137,1.56787,421.0,274.0,0.0010000000000000009,ETH,2750.04,11010.55
2026-09-22T14:00:33.091763+00:00,ETH-23SEP26-2350-C,2755.42,ETH-23SEP26,call,2350.0,2026-09-23T08:00:00+00:00,0.002052339475657211,0.145,0.1485,0.147026,0.14675,2755.42,ETH-23SEP26,1.1251,0.99909,0.00382,0.0,0.0,0.003500000000000003,ETH,2750.04,0.0
2026-09-22T14:00:33.091763+00:00,ETH-25SEP26-4200-C,2756.96,ETH-25SEP26,call,4200.0,2026-09-25T08:00:00+00:00,0.007528041049921413,,0.0001,1e-06,,2756.96,ETH-25SEP26,1.1857,2e-05,0.00025,2745.0,0.0,,ETH,2750.04,0.0
2026-09-22T14:00:33.091763+00:00,ETH-9OCT26-3100-P,2761.15,ETH-9OCT26,put,3100.0,2026-10-09T08:00:00+00:00,0.04585795206977083,0.129,0.1365,0.132432,0.13275,2761.15,ETH-9OCT26,0.5297999999999999,-0.83633,1.45775,0.0,0.0,0.007500000000000007,ETH,2749.96,0.0
2026-09-22T14:00:33.091763+00:00,ETH-30OCT26-2700-P,2767.89,ETH-30OCT26,put,2700.0,2026-10-30T08:00:00+00:00,0.10335281859954495,0.0515,0.053,0.052223,0.05225,2767.89,ETH-30OCT26,0.5032,-0.41173,3.45738,922.0,549.0,0.0015000000000000013,ETH,2749.96,79650.96
2026-09-22T14:00:33.091763+00:00,ETH-25JUN27-2800-P,2847.33,ETH-25JUN27,put,2800.0,2027-06-25T08:00:00+00:00,0.7549613059369851,0.1785,0.1805,0.179402,0.1795,2847.33,ETH-25JUN27,0.5507,-0.39333,9.50126,838.0,23.0,0.0020000000000000018,ETH,2749.96,11706.39
2026-09-22T14:00:33.091763+00:00,ETH-27NOV26-2650-C,2778.27,ETH-27NOV26,call,2650.0,2026-11-27T08:00:00+00:00,0.1800126406392438,0.1105,0.1125,0.11135,0.1115,2778.27,ETH-27NOV26,0.5235,0.62386,4.46732,2241.0,58.0,0.0020000000000000018,ETH,2749.96,17928.31
2026-09-22T14:00:33.091763+00:00,ETH-24SEP26-2620-P,2756.23,ETH-24SEP26,put,2620.0,2026-09-24T08:00:00+00:00,0.004790190262789312,0.0011,0.0014,0.001298,0.00125,2756.23,ETH-24SEP26,0.5232,-0.08527,0.29679,604.0,83.0,0.0002999999999999999,ETH,2749.96,307.08
2026-09-22T14:00:33.091763+00:00,ETH-25JUN27-2600-C,2847.33,ETH-25JUN27,call,2600.0,2027-06-25T08:00:00+00:00,0.7549613059369851,0.2265,0.2295,0.227719,0.228,2847.33,ETH-25JUN27,0.5513,0.6648,9.0026,404.0,0.0,0.0030000000000000027,ETH,2750.05,0.0
2026-09-22T14:00:33.091763+00:00,ETH-2OCT26-2400-P,2758.76,ETH-2OCT26,put,2400.0,2026-10-02T08:00:00+00:00,0.02669299655984612,0.0023,0.0026,0.002422,0.00245,2758.76,ETH-2OCT26,0.5622,-0.06148,0.54638,2110.0,7.0,0.0002999999999999999,ETH,2749.96,59.13
2026-09-22T14:00:33.091763+00:00,ETH-2OCT26-2100-P,2758.85,ETH-2OCT26,put,2100.0,2026-10-02T08:00:00+00:00,0.02669299655984612,0.0004,0.0007,0.000527,0.00055,2758.85,ETH-2OCT26,0.7585999999999999,-0.01226,0.14316,1358.0,28.0,0.0003,ETH,2749.96,62.59
2026-09-22T14:00:33.091763+00:00,ETH-25JUN27-1300-P,2847.33,ETH-25JUN27,put,1300.0,2027-06-25T08:00:00+00:00,0.7549613059369851,0.014,0.0155,0.014691,0.01475,2847.33,ETH-25JUN27,0.6581,-0.0491,2.51153,1685.0,750.0,0.0014999999999999996,ETH,2750.05,31712.3
2026-09-22T14:00:33.091763+00:00,ETH-26MAR27-5500-P,2816.84,ETH-26MAR27,put,5500.0,2027-03-26T08:00:00+00:00,0.5058168843079639,0.955,0.985,0.968521,0.97,2816.84,ETH-26MAR27,0.6082,-0.90889,3.27784,0.0,0.0,0.030000000000000027,ETH,2749.74,0.0
2026-09-22T14:00:33.091763+00:00,ETH-26MAR27-1400-C,2816.82,ETH-26MAR27,call,1400.0,2027-03-26T08:00:00+00:00,0.5058168843079639,0.512,0.515,0.513401,0.5135,2816.82,ETH-26MAR27,0.6707,0.95542,1.88158,31.0,0.0,0.0030000000000000027,ETH,2749.74,0.0
2026-09-22T14:00:33.091763+00:00,ETH-25JUN27-2400-P,2847.33,ETH-25JUN27,put,2400.0,2027-06-25T08:00:00+00:00,0.7549613059369851,0.1065,0.1085,0.107502,0.1075,2847.33,ETH-25JUN27,0.5540999999999999,-0.27697,8.2716,284.0,141.0,0.0020000000000000018,ETH,2749.74,42906.6
2026-09-22T14:00:33.091763+00:00,ETH-23SEP26-2520-P,2755.51,ETH-23SEP26,put,2520.0,2026-09-23T08:00:00+00:00,0.002052339475657211,,0.0002,0.000121,,2755.51,ETH-23SEP26,0.8438,-0.01034,0.03413,431.0,209.0,,ETH,2749.74,96.78
2026-09-22T14:00:33.091763+00:00,ETH-25SEP26-1950-C,2757.05,ETH-25SEP26,call,1950.0,2026-09-25T08:00:00+00:00,0.007528041049921413,0.291,0.294,0.292694,0.2925,2757.05,ETH-25SEP26,1.3273,0.99886,0.00909,3608.0,0.0,0.0030000000000000027,ETH,2749.74,0.0
2026-09-22T14:00:33.091763+00:00,ETH-24SEP26-2760-C,2756.23,ETH-24SEP26,call,2760.0,2026-09-24T08:00:00+00:00,0.004790190262789312,0.0125,0.0135,0.013132,0.013,2756.23,ETH-24SEP26,0.5007,0.46933,0.75678,495.0,286.0,0.0009999999999999992,ETH,2749.74,10539.06
2026-09-22T14:00:33.091763+00:00,ETH-27NOV26-1600-C,2778.27,ETH-27NOV26,call,1600.0,2026-11-27T08:00:00+00:00,0.1800126406392438,0.4255,0.4285,0.426789,0.427,2778.27,ETH-27NOV26,0.7011,0.97712,0.63857,18.0,0.0,0.0030000000000000027,ETH,2749.74,0.0
2026-09-22T14:00:33.091763+00:00,ETH-26MAR27-1600-P,2816.84,ETH-26MAR27,put,1600.0,2027-03-26T08:00:00+00:00,0.5058168843079639,0.0155,0.017,0.016257,0.01625,2816.84,ETH-26MAR27,0.6285000000000001,-0.06889,2.65241,3258.0,50.0,0.0015000000000000013,ETH,2749.42,2409.87
2026-09-22T14:00:33.091763+00:00,ETH-25JUN27-3800-C,2847.33,ETH-25JUN27,call,3800.0,2027-06-25T08:00:00+00:00,0.7549613059369851,0.0935,0.0955,0.09426,0.0945,2847.33,ETH-25JUN27,0.5595,0.36157,9.25446,494.0,58.0,0.0020000000000000018,ETH,2749.42,16052.55
2026-09-22T14:00:33.091763+00:00,ETH-24SEP26-2640-C,2756.32,ETH-24SEP26,call,2640.0,2026-09-24T08:00:00+00:00,0.004790190262789312,0.042,0.0455,0.043924,0.04375,2756.32,ETH-24SEP26,0.5059,0.8843,0.37089,648.0,0.0,0.003499999999999996,ETH,2749.42,0.0
2026-09-22T14:00:33.091763+00:00,ETH-9OCT26-2500-C,2761.15,ETH-9OCT26,call,2500.0,2026-10-09T08:00:00+00:00,0.04585795206977083,0.103,0.1065,0.104917,0.10475,2761.15,ETH-9OCT26,0.5127,0.82688,1.51115,465.0,2.0,0.003500000000000003,ETH,2749.42,590.25
2026-09-22T14:00:33.091763+00:00,ETH-27NOV26-2800-C,2778.17,ETH-27NOV26,call,2800.0,2026-11-27T08:00:00+00:00,0.1800126406392438,0.084,0.0855,0.084696,0.08475,2778.17,ETH-27NOV26,0.5222,0.52651,4.68415,2638.0,383.0,0.0015000000000000013,ETH,2749.42,93334.08
2026-09-22T14:00:33.091763+00:00,ETH-30OCT26-1500-C,2767.8,ETH-30OCT26,call,1500.0,2026-10-30T08:00:00+00:00,0.10335281859954495,0.457,0.46,0.458726,0.4585,2767.8,ETH-30OCT26,0.8268000000000001,0.99246,0.18485,50.0,0.0,0.0030000000000000027,ETH,2749.42,0.0
2026-09-22T14:00:33.091763+00:00,ETH-25DEC26-2500-C,2788.66,ETH-25DEC26,call,2500.0,2026-12-25T08:00:00+00:00,0.2566724626789426,0.161,0.163,0.162141,0.162,2788.66,ETH-25DEC26,0.5352,0.70221,4.8871,29020.0,658.0,0.0020000000000000018,ETH,2749.15,298231.42
2026-09-22T14:00:33.091763+00:00,ETH-30OCT26-2800-C,2767.89,ETH-30OCT26,call,2800.0,2026-10-30T08:00:00+00:00,0.10335281859954495,0.0585,0.0595,0.059152,0.059,2767.89,ETH-30OCT26,0.5029,0.49881,3.54376,5716.0,988.0,0.000999999999999994,ETH,2749.15,159914.23
2026-09-22T14:00:33.091763+00:00,ETH-26MAR27-3900-P,2816.84,ETH-26MAR27,put,3900.0,2027-03-26T08:00:00+00:00,0.5058168843079639,0.4295,0.448,0.438929,0.43875,2816.84,ETH-26MAR27,0.5605,-0.7329,6.57634,0.0,0.0,0.018500000000000016,ETH,2749.15,0.0
2026-09-22T14:00:33.091763+00:00,ETH-26MAR27-2400-P,2816.84,ETH-26MAR27,put,2400.0,2027-03-26T08:00:00+00:00,0.5058168843079639,0.081,0.082,0.081333,0.0815,2816.84,ETH-26MAR27,0.5498,-0.27449,6.66588,701.0,276.0,0.0010000000000000009,ETH,2748.89,63814.17
2026-09-22T14:00:33.091763+00:00,ETH-23SEP26-2580-P,2755.51,ETH-23SEP26,put,2580.0,2026-09-23T08:00:00+00:00,0.002052339475657211,,0.0002,0.000134,,2755.51,ETH-23SEP26,0.6547,-0.01504,0.04717,1193.0,683.0,,ETH,2749.15,743.08
2026-09-22T14:00:33.091763+00:00,ETH-30OCT26-3300-P,2767.8,ETH-30OCT26,put,3300.0,2026-10-30T08:00:00+00:00,0.10335281859954495,0.203,0.2125,0.206986,0.20775,2767.8,ETH-30OCT26,0.5311,-0.83077,2.24092,0.0,0.0,0.00949999999999998,ETH,2748.89,0.0
2026-09-22T14:00:33.091763+00:00,ETH-23SEP26-2860-C,2755.42,ETH-23SEP26,call,2860.0,2026-09-23T08:00:00+00:00,0.002052339475657211,0.0012,0.0016,0.001424,0.0014,2755.42,ETH-23SEP26,0.6466,0.09145,0.20422,313.0,318.0,0.0004000000000000002,ETH,2748.89,2977.26
2026-09-22T14:00:33.091763+00:00,ETH-27NOV26-2350-P,2778.27,ETH-27NOV26,put,2350.0,2026-11-27T08:00:00+00:00,0.1800126406392438,0.028,0.029,0.028594,0.0285,2778.27,ETH-27NOV26,0.5406,-0.20186,3.3124,624.0,0.0,0.0010000000000000009,ETH,2748.89,0.0
2026-09-22T14:00:33.091763+00:00,ETH-23SEP26-2940-P,2755.42,ETH-23SEP26,put,2940.0,2026-09-23T08:00:00+00:00,0.002052339475657211,0.064,0.0705,0.067501,0.06725,2755.42,ETH-23SEP26,0.7459,-0.97691,0.06795,0.0,0.0,0.006499999999999992,ETH,2748.89,0.0
2026-09-22T14:00:33.091763+00:00,ETH-25DEC26-6000-P,2788.66,ETH-25DEC26,put,6000.0,2026-12-25T08:00:00+00:00,0.2566724626789426,1.1435,1.167,1.153997,1.15525,2788.66,ETH-25DEC26,0.6808,-0.98003,0.68195,100.0,0.0,0.023500000000000076,ETH,2748.89,0.0
2026-09-22T14:00:33.091763+00:00,ETH-26MAR27-1700-C,2816.84,ETH-26MAR27,call,1700.0,2027-03-26T08:00:00+00:00,0.5058168843079639,0.415,0.4185,0.416629,0.41675,2816.84,ETH-26MAR27,0.6115999999999999,0.91514,3.10753,1250.0,1.0,0.003500000000000003,ETH,2748.78,1118.5
2026-09-22T14:00:33.091763+00:00,ETH-26SEP26-2700-P,2757.22,ETH-26SEP26,put,2700.0,2026-09-26T08:00:00+00:00,0.010265891837053514,0.0105,0.0115,0.01122,0.011,2757.22,ETH-26SEP26,0.49700000000000005,-0.3457,1.02758,51.0,51.0,0.0009999999999999992,ETH,2748.89,1687.94
2026-09-22T14:00:33.091763+00:00,ETH-23SEP26-3000-C,2755.51,ETH-23SEP26,call,3000.0,2026-09-23T08:00:00+00:00,0.002052339475657211,0.0001,0.0002,0.000145,0.00015,2755.51,ETH-23SEP26,0.8205,0.0097,0.03227,1505.0,1221.0,0.0001,ETH,2748.78,1729.44
2026-09-22T14:00:33.091763+00:00,ETH-27NOV26-2400-P,2778.17,ETH-27NOV26,put,2400.0,2026-11-27T08:00:00+00:00,0.1800126406392438,0.0325,0.0335,0.033176,0.033,2778.17,ETH-27NOV26,0.5365,-0.22764,3.55165,1750.0,155.0,0.0010000000000000009,ETH,2748.78,15057.4
2026-09-22T14:00:33.091763+00:00,ETH-30OCT26-2000-C,2767.8,ETH-30OCT26,call,2000.0,2026-10-30T08:00:00+00:00,0.10335281859954495,0.279,0.2825,0.28086,0.28075,2767.8,ETH-30OCT26,0.6142,0.95843,0.78952,753.0,41.0,0.0034999999999999476,ETH,2748.78,31389.65
2026-09-22T14:00:33.091763+00:00,ETH-9OCT26-3400-P,2761.15,ETH-9OCT26,put,3400.0,2026-10-09T08:00:00+00:00,0.04585795206977083,0.23,0.238,0.234314,0.234,2761.15,ETH-9OCT26,0.5871999999999999,-0.94629,0.64419,0.0,0.0,0.00799999999999998,ETH,2748.86,0.0
2026-09-22T14:00:33.091763+00:00,ETH-24SEP26-2740-P,2756.23,ETH-24SEP26,put,2740.0,2026-09-24T08:00:00+00:00,0.004790190262789312,0.0105,0.011,0.010874,0.01075,2756.23,ETH-24SEP26,0.4938,-0.45054,0.75292,3256.0,1096.0,0.0004999999999999987,ETH,2748.78,41472.98
2026-09-22T14:00:33.091763+00:00,ETH-25DEC26-9000-P,2788.66,ETH-25DEC26,put,9000.0,2026-12-25T08:00:00+00:00,0.2566724626789426,2.2095,2.25,2.227902,2.22975,2788.66,ETH-25DEC26,0.7923,-0.99676,0.13819,0.0,0.0,0.0405000000000002,ETH,2748.86,0.0
2026-09-22T14:00:33.091763+00:00,ETH-24SEP26-2560-P,2756.32,ETH-24SEP26,put,2560.0,2026-09-24T08:00:00+00:00,0.004790190262789312,0.0005,0.0007,0.000566,0.0006,2756.32,ETH-24SEP26,0.5929,-0.03857,0.1591,225.0,164.0,0.00019999999999999998,ETH,2748.86,567.24
2026-09-22T14:00:33.091763+00:00,ETH-23SEP26-2860-P,2755.42,ETH-23SEP26,put,2860.0,2026-09-23T08:00:00+00:00,0.002052339475657211,0.0365,0.042,0.039525,0.03925,2755.42,ETH-23SEP26,0.6466,-0.90859,0.20415,0.0,0.0,0.005500000000000005,ETH,2748.86,0.0
2026-09-22T14:00:33.091763+00:00,ETH-25JUN27-4000-P,2847.33,ETH-25JUN27,put,4000.0,2027-06-25T08:00:00+00:00,0.7549613059369851,0.477,0.498,0.487041,0.4875,2847.33,ETH-25JUN27,0.5628,-0.67534,8.88418,2.0,0.0,0.02100000000000002,ETH,2748.86,0.0
2026-09-22T14:00:33.091763+00:00,ETH-25DEC26-4600-C,2788.66,ETH-25DEC26,call,4600.0,2026-12-25T08:00:00+00:00,0.2566724626789426,0.008,0.009,0.008467,0.0085,2788.66,ETH-25DEC26,0.606,0.06908,1.87436,11145.0,50.0,0.0009999999999999992,ETH,2748.97,1314.85
2026-09-22T14:00:33.091763+00:00,ETH-26MAR27-3200-P,2816.84,ETH-26MAR27,put,3200.0,2027-03-26T08:00:00+00:00,0.5058168843079639,0.2405,0.242,0.241325,0.24125,2816.84,ETH-26MAR27,0.5461,-0.55551,7.89996,45.0,35.0,0.0015000000000000013,ETH,2748.97,23723.93
2026-09-22T14:00:33.091763+00:00,ETH-25JUN27-3300-P,2847.33,ETH-25JUN27,put,3300.0,2027-06-25T08:00:00+00:00,0.7549613059369851,0.2915,0.2955,0.293984,0.2935,2847.33,ETH-25JUN27,0.5531,-0.52824,9.82752,69.0,0.0,0.0040000000000000036,ETH,2748.97,0.0
2026-09-22T14:00:33.091763+00:00,ETH-25SEP26-2360-C,2757.05,ETH-25SEP26,call,2360.0,2026-09-25T08:00:00+00:00,0.007528041049921413,0.1425,0.1455,0.144288,0.144,2757.05,ETH-25SEP26,0.8255,0.98617,0.08424,293.0,0.0,0.0030000000000000027,ETH,2748.97,0.0
2026-09-22T14:00:33.091763+00:00,ETH-27NOV26-2450-C,2778.27,ETH-27NOV26,call,2450.0,2026-11-27T08:00:00+00:00,0.1800126406392438,0.1555,0.1575,0.156383,0.1565,2778.27,ETH-27NOV26,0.5329,0.74517,3.77667,493.0,0.0,0.0020000000000000018,ETH,2748.97,0.0
2026-09-22T14:00:33.091763+00:00,ETH-24SEP26-2980-C,2756.23,ETH-24SEP26,call,2980.0,2026-09-24T08:00:00+00:00,0.004790190262789312,0.0009,0.0012,0.001055,0.00105,2756.23,ETH-24SEP26,0.6894,0.04853,0.19156,24.0,24.0,0.0002999999999999999,ETH,2748.97,70.79
2026-09-22T14:00:33.091763+00:00,ETH-24SEP26-2780-P,2756.23,ETH-24SEP26,put,2780.0,2026-09-24T08:00:00+00:00,0.004790190262789312,0.018,0.0195,0.018927,0.01875,2756.23,ETH-24SEP26,0.5109,-0.61307,0.72813,100.0,102.0,0.0015000000000000013,ETH,2748.97,5846.64
2026-09-22T14:00:33.091763+00:00,ETH-24SEP26-2860-C,2756.23,ETH-24SEP26,call,2860.0,2026-09-24T08:00:00+00:00,0.004790190262789312,0.0037,0.004,0.003914,0.00385,2756.23,ETH-24SEP26,0.5785,0.16941,0.48029,79.0,74.0,0.0002999999999999999,ETH,2749.16,977.14
2026-09-22T14:00:33.091763+00:00,ETH-30OCT26-3800-C,2767.89,ETH-30OCT26,call,3800.0,2026-10-30T08:00:00+00:00,0.10335281859954495,0.004,0.0044,0.0042,0.0042,2767.89,ETH-30OCT26,0.5859000000000001,0.05489,0.98639,4714.0,479.0,0.0004000000000000002,ETH,2749.16,5940.79
2026-09-22T14:00:33.091763+00:00,ETH-24SEP26-2740-C,2756.23,ETH-24SEP26,call,2740.0,2026-09-24T08:00:00+00:00,0.004790190262789312,0.016,0.017,0.016705,0.0165,2756.23,ETH-24SEP26,0.4938,0.55106,0.75264,130.0,147.0,0.0010000000000000009,ETH,2749.16,9361.9
2026-09-22T14:00:33.091763+00:00,ETH-25SEP26-2420-P,2757.05,ETH-25SEP26,put,2420.0,2026-09-25T08:00:00+00:00,0.007528041049921413,0.0003,0.0006,0.000458,0.00045,2757.05,ETH-25SEP26,0.7365999999999999,-0.01951,0.11313,6060.0,50.0,0.0003,ETH,2749.12,101.22
2026-09-22T14:00:33.091763+00:00,ETH-25DEC26-8000-C,2788.75,ETH-25DEC26,call,8000.0,2026-12-25T08:00:00+00:00,0.2566724626789426,0.0005,0.0009,0.000676,0.0007,2788.75,ETH-25DEC26,0.7686,0.00594,0.23772,2948.0,0.0,0.00039999999999999996,ETH,2749.12,0.0
2026-09-22T14:00:33.091763+00:00,ETH-25JUN27-1600-P,2847.33,ETH-25JUN27,put,1600.0,2027-06-25T08:00:00+00:00,0.7549613059369851,0.0265,0.028,0.027089,0.02725,2847.33,ETH-25JUN27,0.6081,-0.08839,3.95706,1978.0,0.0,0.0015000000000000013,ETH,2749.12,0.0
2026-09-22T14:00:33.091763+00:00,ETH-2OCT26-2200-C,2758.76,ETH-2OCT26,call,2200.0,2026-10-02T08:00:00+00:00,0.02669299655984612,0.2015,0.2055,0.203316,0.2035,2758.76,ETH-2OCT26,0.6879000000000001,0.97986,0.21907,18.0,0.0,0.003999999999999976,ETH,2749.12,0.0
2026-09-22T14:00:33.091763+00:00,ETH-2OCT26-2500-P,2758.85,ETH-2OCT26,put,2500.0,2026-10-02T08:00:00+00:00,0.02669299655984612,0.0048,0.0055,0.005088,0.00515,2758.85,ETH-2OCT26,0.5246999999999999,-0.12158,0.90818,914.0,218.0,0.0007000000000000001,ETH,2749.12,3798.39
2026-09-22T14:00:33.091763+00:00,ETH-25SEP26-2550-C,2757.05,ETH-25SEP26,call,2550.0,2026-09-25T08:00:00+00:00,0.007528041049921413,0.074,0.0785,0.076243,0.07625,2757.05,ETH-25SEP26,0.5761999999999999,0.93983,0.28488,2836.0,171.0,0.004500000000000004,ETH,2749.12,34034.72
2026-09-22T14:00:33.091763+00:00,ETH-30OCT26-1900-C,2767.89,ETH-30OCT26,call,1900.0,2026-10-30T08:00:00+00:00,0.10335281859954495,0.3145,0.3175,0.315908,0.316,2767.89,ETH-30OCT26,0.6475,0.97133,0.58196,275.0,0.0,0.0030000000000000027,ETH,2749.12,0.0
2026-09-22T14:00:33.091763+00:00,ETH-27NOV26-3050-P,2778.27,ETH-27NOV26,put,3050.0,2026-11-27T08:00:00+00:00,0.1800126406392438,0.148,0.152,0.150444,0.15,2778.27,ETH-27NOV26,0.5272,-0.62347,4.46745,49.0,31.0,0.0040000000000000036,ETH,2749.12,12393.74
2026-09-22T14:00:33.091763+00:00,ETH-9OCT26-2900-P,2761.06,ETH-9OCT26,put,2900.0,2026-10-09T08:00:00+00:00,0.04585795206977083,0.0725,0.075,0.073644,0.07375,2761.06,ETH-9OCT26,0.5019,-0.66404,2.15221,18.0,18.0,0.0025000000000000022,ETH,2748.96,3818.98
2026-09-22T14:00:33.091763+00:00,ETH-24SEP26-2720-P,2756.23,ETH-24SEP26,put,2720.0,2026-09-24T08:00:00+00:00,0.004790190262789312,0.0075,0.008,0.007855,0.00775,2756.23,ETH-24SEP26,0.48840000000000006,-0.3652,0.71507,1351.0,253.0,0.0005000000000000004,ETH,2748.96,7759.43
2026-09-22T14:00:33.091763+00:00,ETH-25DEC26-3100-P,2788.75,ETH-25DEC26,put,3100.0,2026-12-25T08:00:00+00:00,0.2566724626789426,0.177,0.1795,0.178096,0.17825,2788.75,ETH-25DEC26,0.5343,-0.60382,5.43468,35.0,62.0,0.0025000000000000022,ETH,2748.96,30031.65
2026-09-22T14:00:33.091763+00:00,ETH-24SEP26-2960-P,2756.23,ETH-24SEP26,put,2960.0,2026-09-24T08:00:00+00:00,0.004790190262789312,0.072,0.078,0.075282,0.075,2756.23,ETH-24SEP26,0.6704000000000001,-0.94085,0.22406,0.0,0.0,0.006000000000000005,ETH,2748.96,0.0
2026-09-22T14:00:33.091763+00:00,ETH-24SEP26-2700-P,2756.23,ETH-24SEP26,put,2700.0,2026-09-24T08:00:00+00:00,0.004790190262789312,0.005,0.006,0.005547,0.0055,2756.23,ETH-24SEP26,0.4875,-0.2863,0.64715,956.0,648.0,0.001,ETH,2748.96,15098.41
2026-09-22T14:00:33.091763+00:00,ETH-26MAR27-3800-C,2816.82,ETH-26MAR27,call,3800.0,2027-03-26T08:00:00+00:00,0.5058168843079639,0.0585,0.06,0.059348,0.05925,2816.82,ETH-26MAR27,0.5579999999999999,0.28746,6.81718,1482.0,25.0,0.0014999999999999944,ETH,2749.27,4100.42
2026-09-22T14:00:33.091763+00:00,ETH-26MAR27-2300-P,2816.82,ETH-26MAR27,put,2300.0,2027-03-26T08:00:00+00:00,0.5058168843079639,0.0675,0.069,0.068157,0.06825,2816.82,ETH-26MAR27,0.5537,-0.24003,6.21739,2267.0,688.0,0.0015000000000000013,ETH,2749.27,131743.54
2026-09-22T14:00:33.091763+00:00,ETH-26MAR27-1700-P,2816.84,ETH-26MAR27,put,1700.0,2027-03-26T08:00:00+00:00,0.5058168843079639,0.0195,0.021,0.020245,0.02025,2816.84,ETH-26MAR27,0.6115999999999999,-0.0848,3.10629,1616.0,103.0,0.0015000000000000013,ETH,2749.27,6050.38
2026-09-22T14:00:33.091763+00:00,ETH-26SEP26-2600-C,2757.22,ETH-26SEP26,call,2600.0,2026-09-26T08:00:00+00:00,0.010265891837053514,0.0585,0.062,0.060331,0.06025,2757.22,ETH-26SEP26,0.5203,0.86459,0.60643,0.0,0.0,0.003499999999999996,ETH,2749.27,0.0
2026-09-22T14:00:33.091763+00:00,ETH-23SEP26-2660-C,2755.51,ETH-23SEP26,call,2660.0,2026-09-23T08:00:00+00:00,0.002052339475657211,0.032,0.0385,0.035017,0.03525,2755.51,ETH-23SEP26,0.4892,0.93733,0.15317,524.0,0.0,0.006499999999999999,ETH,2749.27,0.0
2026-09-22T14:00:33.091763+00:00,ETH-24SEP26-2460-P,2756.23,ETH-24SEP26,put,2460.0,2026-09-24T08:00:00+00:00,0.004790190262789312,0.0001,0.0003,0.000185,0.0002,2756.23,ETH-24SEP26,0.7216,-0.01173,0.05826,169.0,65.0,0.00019999999999999998,ETH,2749.27,69.98
2026-09-22T14:00:33.091763+00:00,ETH-23SEP26-2900-P,2755.42,ETH-23SEP26,put,2900.0,2026-09-23T08:00:00+00:00,0.002052339475657211,0.0505,0.056,0.053375,0.05325,2755.42,ETH-23SEP26,0.7062,-0.95062,0.12692,1.0,1.0,0.005499999999999998,ETH,2749.09,144.78
2026-09-22T14:00:33.091763+00:00,ETH-24SEP26-2540-C,2756.23,ETH-24SEP26,call,2540.0,2026-09-24T08:00:00+00:00,0.004790190262789312,0.076,0.082,0.078817,0.079,2756.23,ETH-24SEP26,0.6123,0.97152,0.12396,0.0,0.0,0.006000000000000005,ETH,2749.09,0.0
2026-09-22T14:00:33.091763+00:00,ETH-25DEC26-1900-C,2788.66,ETH-25DEC26,call,1900.0,2026-12-25T08:00:00+00:00,0.2566724626789426,0.3295,0.332,0.330848,0.33075,2788.66,ETH-25DEC26,0.599,0.92048,2.08718,2690.0,1604.0,0.0025000000000000022,ETH,2749.09,1439078.41
2026-09-22T14:00:33.091763+00:00,ETH-30OCT26-2450-C,2767.8,ETH-30OCT26,call,2450.0,2026-10-30T08:00:00+00:00,0.10335281859954495,0.1345,0.137,0.135792,0.13575,2767.8,ETH-30OCT26,0.5164,0.78956,2.56296,1451.0,9.0,0.0025000000000000022,ETH,2749.09,3607.88
2026-09-22T14:00:33.091763+00:00,ETH-24SEP26-2350-C,2756.23,ETH-24SEP26,call,2350.0,2026-09-24T08:00:00+00:00,0.004790190262789312,0.1455,0.149,0.147489,0.14725,2756.23,ETH-24SEP26,0.9493,0.99243,0.03972,0.0,0.0,0.003500000000000003,ETH,2749.09,0.0
2026-09-22T14:00:33.091763+00:00,ETH-2OCT26-2550-C,2758.85,ETH-2OCT26,call,2550.0,2026-10-02T08:00:00+00:00,0.02669299655984612,0.081,0.0845,0.082935,0.08275,2758.85,ETH-2OCT26,0.5073,0.833,1.12546,1546.0,1.0,0.003500000000000003,ETH,2749.09,271.45
2026-09-22T14:00:33.091763+00:00,ETH-30OCT26-1750-P,2767.8,ETH-30OCT26,put,1750.0,2026-10-30T08:00:00+00:00,0.10335281859954495,0.0013,0.0017,0.001491,0.0015,2767.8,ETH-30OCT26,0.7091,-0.0172,0.37818,790.0,0.0,0.00039999999999999996,ETH,2748.94,0.0
2026-09-22T14:00:33.091763+00:00,ETH-25DEC26-1700-P,2788.75,ETH-25DEC26,put,1700.0,2026-12-25T08:00:00+00:00,0.2566724626789426,0.0065,0.0075,0.006981,0.007,2788.75,ETH-25DEC26,0.6409999999999999,-0.04651,1.37269,13078.0,0.0,0.001,ETH,2748.94,0.0
2026-09-22T14:00:33.091763+00:00,ETH-30OCT26-1500-P,2767.8,ETH-30OCT26,put,1500.0,2026-10-30T08:00:00+00:00,0.10335281859954495,0.0006,0.0008,0.000704,0.0007,2767.8,ETH-30OCT26,0.8268000000000001,-0.00755,0.18507,2570.0,0.0,0.0002000000000000001,ETH,2748.94,0.0
2026-09-22T14:00:33.091763+00:00,ETH-23SEP26-2840-P,2755.51,ETH-23SEP26,put,2840.0,2026-09-23T08:00:00+00:00,0.002052339475657211,0.031,0.035,0.032826,0.033,2755.51,ETH-23SEP26,0.6161,-0.87383,0.25752,36.0,36.0,0.0040000000000000036,ETH,2748.94,3373.69
2026-09-22T14:00:33.091763+00:00,ETH-23SEP26-2850-C,2755.42,ETH-23SEP26,call,2850.0,2026-09-23T08:00:00+00:00,0.002052339475657211,0.0015,0.0018,0.001673,0.00165,2755.42,ETH-23SEP26,0.6307,0.10722,0.22944,548.0,888.0,0.0002999999999999999,ETH,2749.0,5316.13
2026-09-22T14:00:33.091763+00:00,ETH-24SEP26-2450-P,2756.23,ETH-24SEP26,put,2450.0,2026-09-24T08:00:00+00:00,0.004790190262789312,0.0001,0.0003,0.000184,0.0002,2756.23,ETH-24SEP26,0.7436,-0.01139,0.05679,1.0,1.0,0.00019999999999999998,ETH,2748.94,1.1
2026-09-22T14:00:33.091763+00:00,ETH-25SEP26-2850-P,2757.05,ETH-25SEP26,put,2850.0,2026-09-25T08:00:00+00:00,0.007528041049921413,0.0395,0.042,0.040745,0.04075,2757.05,ETH-25SEP26,0.5488000000000001,-0.76443,0.73421,38.0,18.0,0.0025000000000000022,ETH,2749.0,1828.29
2026-09-22T14:00:33.091763+00:00,ETH-30OCT26-2950-P,2767.89,ETH-30OCT26,put,2950.0,2026-10-30T08:00:00+00:00,0.10335281859954495,0.104,0.1065,0.10519,0.10525,2767.89,ETH-30OCT26,0.5075999999999999,-0.62639,3.3638,0.0,1.0,0.0025000000000000022,ETH,2749.0,290.59
2026-09-22T14:00:33.091763+00:00,ETH-25DEC26-6000-C,2788.75,ETH-25DEC26,call,6000.0,2026-12-25T08:00:00+00:00,0.2566724626789426,0.0021,0.0025,0.002303,0.0023,2788.75,ETH-25DEC26,0.6808,0.01997,0.68206,10881.0,0.0,0.0004000000000000002,ETH,2749.0,0.0
2026-09-22T14:00:33.091763+00:00,ETH-30OCT26-2800-P,2767.8,ETH-30OCT26,put,2800.0,2026-10-30T08:00:00+00:00,0.10335281859954495,0.0705,0.0715,0.070844,0.071,2767.8,ETH-30OCT26,0.5029,-0.50157,3.54319,151.0,124.0,0.0010000000000000009,ETH,2749.0,24190.49
2026-09-22T14:00:33.091763+00:00,ETH-25JUN27-800-C,2847.33,ETH-25JUN27,call,800.0,2027-06-25T08:00:00+00:00,0.7549613059369851,0.722,0.7245,0.723457,0.72325,2847.33,ETH-25JUN27,0.7915000000000001,0.9856,0.903,118.0,0.0,0.0025000000000000577,ETH,2748.91,0.0
2026-09-22T14:00:33.091763+00:00,ETH-27NOV26-4600-P,2778.18,ETH-27NOV26,put,4600.0,2026-11-27T08:00:00+00:00,0.1800126406392438,0.6525,0.668,0.659898,0.66025,2778.18,ETH-27NOV26,0.6297999999999999,-0.96088,0.99557,0.0,0.0,0.01550000000000007,ETH,2748.91,0.0
