timestamp,instrument_name,underlying,underlying_name,option_type,strike,expiry_datetime,time_to_maturity,bid_price,ask_price,mark_price,mid_price,futures_price,futures_instrument_name,implied_volatility,delta,vega,open_interest,volume,bid_ask_spread,currency,index_price,volume_usd
2026-09-25T19:14:40.907418+00:00,BTC-28SEP26-88000-P,84061.55,BTC-28SEP26,put,88000.0,2026-09-28T08:00:00+00:00,0.006930789812343145,0.045,0.049,0.04708154,0.047,84061.55,BTC-28SEP26,0.2824,-0.97354,4.29025,0.0,0.0,0.0040000000000000036,BTC,84032.3,0.0
2026-09-25T19:14:40.907418+00:00,BTC-30OCT26-65000-P,84409.3,BTC-30OCT26,put,65000.0,2026-10-30T08:00:00+00:00,0.09454201500057038,0.0017,0.0019,0.00172524,0.0018,84409.3,BTC-30OCT26,0.4677,-0.02949,17.41722,655.1,10.2,0.0002000000000000001,BTC,84032.3,1763.09
2026-09-25T19:14:40.907418+00:00,BTC-25DEC26-120000-P,85068.8,BTC-25DEC26,put,120000.0,2026-12-25T08:00:00+00:00,0.24786165907996807,0.413,0.419,0.41580804,0.416,85068.8,BTC-25DEC26,0.4203,-0.93811,51.70559,35.8,1.0,0.006000000000000005,BTC,84032.3,34900.78
2026-09-25T19:14:40.907418+00:00,BTC-30OCT26-110000-C,84409.3,BTC-30OCT26,call,110000.0,2026-10-30T08:00:00+00:00,0.09454201500057038,0.001,0.0013,0.00116089,0.00115,84409.3,BTC-30OCT26,0.4239,0.02466,15.00019,1194.2,29.6,0.0002999999999999999,BTC,84032.3,2705.4
2026-09-25T19:14:40.907418+00:00,BTC-28SEP26-87500-C,84061.62,BTC-28SEP26,call,87500.0,2026-09-28T08:00:00+00:00,0.006930789812343145,0.0002,0.0004,0.00031491,0.0003,84061.62,BTC-28SEP26,0.266,0.03599,5.53392,79.5,107.8,0.0002,BTC,84032.3,10442.04
2026-09-25T19:14:40.907418+00:00,BTC-25DEC26-220000-P,85068.8,BTC-25DEC26,put,220000.0,2026-12-25T08:00:00+00:00,0.24786165907996807,1.577,1.596,1.58635153,1.5865,85068.8,BTC-25DEC26,0.6415000000000001,-0.99756,3.22189,0.0,0.0,0.019000000000000128,BTC,84032.3,0.0
2026-09-25T19:14:40.907418+00:00,BTC-9OCT26-88000-P,84184.78,BTC-9OCT26,put,88000.0,2026-10-09T08:00:00+00:00,0.03704714847079626,0.052,0.056,0.05398262,0.054,84184.78,BTC-9OCT26,0.3193,-0.75504,50.94993,4.6,0.0,0.0040000000000000036,BTC,84032.3,0.0
2026-09-25T19:14:40.907418+00:00,BTC-26MAR27-65000-C,86100.6,BTC-26MAR27,call,65000.0,2027-03-26T08:00:00+00:00,0.4970060807089893,0.266,0.2695,0.26794153,0.26775,86100.6,BTC-26MAR27,0.4163,0.86528,131.64799,229.7,0.0,0.003500000000000003,BTC,84032.3,0.0
2026-09-25T19:14:40.907418+00:00,BTC-29SEP26-87500-P,84079.41,BTC-29SEP26,put,87500.0,2026-09-29T08:00:00+00:00,0.009668640599475246,0.0395,0.0435,0.04147242,0.0415,84079.41,BTC-29SEP26,0.2699,-0.93176,10.88862,0.0,0.0,0.003999999999999997,BTC,84032.3,0.0
2026-09-25T19:14:40.907418+00:00,BTC-30OCT26-77000-P,84409.3,BTC-30OCT26,put,77000.0,2026-10-30T08:00:00+00:00,0.09454201500057038,0.0115,0.0125,0.01184261,0.012,84409.3,BTC-30OCT26,0.3575,-0.18663,69.67935,405.6,23.9,0.0010000000000000009,BTC,84032.3,24161.49
2026-09-25T19:14:40.907418+00:00,BTC-27NOV26-60000-P,84750.95,BTC-27NOV26,put,60000.0,2026-11-27T08:00:00+00:00,0.17120183704026923,0.0029,0.0033,0.00306438,0.0031,84750.95,BTC-27NOV26,0.4893,-0.03542,27.37078,229.2,1.2,0.0004000000000000002,BTC,84032.3,342.64
2026-09-25T19:14:40.907418+00:00,BTC-24SEP27-114000-C,88332.52,BTC-24SEP27,call,114000.0,2027-09-24T08:00:00+00:00,0.9952949239670317,0.069,0.071,0.0702255,0.07,88332.52,BTC-24SEP27,0.3979,0.32859,318.69889,0.0,0.0,0.001999999999999988,BTC,84032.3,0.0
2026-09-25T19:14:40.907418+00:00,BTC-24SEP27-78000-C,88332.68,BTC-24SEP27,call,78000.0,2027-09-24T08:00:00+00:00,0.9952949239670317,0.213,0.2155,0.21390851,0.21425,88332.68,BTC-24SEP27,0.3983,0.69556,308.52989,11.6,10.6,0.0025000000000000022,BTC,84032.3,193795.59
2026-09-25T19:14:40.907418+00:00,BTC-9OCT26-76000-P,84184.76,BTC-9OCT26,put,76000.0,2026-10-09T08:00:00+00:00,0.03704714847079626,0.0022,0.0026,0.00236092,0.0024,84184.76,BTC-9OCT26,0.3726,-0.07196,22.22908,884.7,0.4,0.00039999999999999975,BTC,84032.3,91.65
2026-09-25T19:14:40.907418+00:00,BTC-16OCT26-90000-P,84250.68,BTC-16OCT26,put,90000.0,2026-10-16T08:00:00+00:00,0.05621210398072097,0.0755,0.079,0.07738253,0.07725,84250.68,BTC-16OCT26,0.3321,-0.78779,57.94149,0.0,0.0,0.003500000000000003,BTC,84032.3,0.0
2026-09-25T19:14:40.907418+00:00,BTC-26SEP26-86500-P,84024.91,BTC-26SEP26,put,86500.0,2026-09-26T08:00:00+00:00,0.0014550882380789413,0.028,0.031,0.02961347,0.0295,84024.91,BTC-26SEP26,0.3951,-0.97251,2.02848,77.7,0.0,0.002999999999999999,BTC,84032.3,0.0
2026-09-25T19:14:40.907418+00:00,BTC-25JUN27-170000-P,87234.76,BTC-25JUN27,put,170000.0,2027-06-25T08:00:00+00:00,0.7461505023380105,0.955,0.966,0.95903477,0.9605,87234.76,BTC-25JUN27,0.4578,-0.93175,99.25516,14.7,0.0,0.01100000000000001,BTC,84032.3,0.0
2026-09-25T19:14:40.907418+00:00,BTC-28SEP26-83000-P,84061.62,BTC-28SEP26,put,83000.0,2026-09-28T08:00:00+00:00,0.006930789812343145,0.0013,0.0016,0.00143666,0.00145,84061.62,BTC-28SEP26,0.1709,-0.18416,18.63268,171.8,164.9,0.00030000000000000014,BTC,84032.3,50109.58
2026-09-25T19:14:40.907418+00:00,BTC-16OCT26-70000-P,84250.68,BTC-16OCT26,put,70000.0,2026-10-16T08:00:00+00:00,0.05621210398072097,0.0013,0.0016,0.0014658,0.00145,84250.68,BTC-16OCT26,0.4413,-0.03418,15.14353,2.6,2.2,0.00030000000000000014,BTC,84032.3,261.37
2026-09-25T19:14:40.907418+00:00,BTC-25DEC26-92000-P,85068.8,BTC-25DEC26,put,92000.0,2026-12-25T08:00:00+00:00,0.24786165907996807,0.1235,0.126,0.12447667,0.12475,85068.8,BTC-25DEC26,0.373,-0.62886,160.12102,16.6,0.0,0.0025000000000000022,BTC,84032.3,0.0
2026-09-25T19:14:40.907418+00:00,BTC-27NOV26-90000-C,84750.95,BTC-27NOV26,call,90000.0,2026-11-27T08:00:00+00:00,0.17120183704026923,0.0355,0.0365,0.03611612,0.036,84750.95,BTC-27NOV26,0.3661,0.37414,132.92067,774.1,8.1,0.0010000000000000009,BTC,84032.3,25092.56
2026-09-25T19:14:40.907418+00:00,BTC-25DEC26-108000-C,85068.8,BTC-25DEC26,call,108000.0,2026-12-25T08:00:00+00:00,0.24786165907996807,0.011,0.012,0.01158626,0.0115,85068.8,BTC-25DEC26,0.39049999999999996,0.12923,89.25651,195.0,37.0,0.0010000000000000009,BTC,84032.3,38584.03
2026-09-25T19:14:40.907418+00:00,BTC-25JUN27-58000-C,87234.83,BTC-25JUN27,call,58000.0,2027-06-25T08:00:00+00:00,0.7461505023380105,0.354,0.3585,0.35703013,0.35625,87234.83,BTC-25JUN27,0.4384,0.89739,134.79069,13.8,0.0,0.004500000000000004,BTC,84032.3,0.0
2026-09-25T19:14:40.907418+00:00,BTC-29SEP26-79000-P,84079.41,BTC-29SEP26,put,79000.0,2026-09-29T08:00:00+00:00,0.009668640599475246,0.0003,0.0005,0.00036694,0.0004,84079.41,BTC-29SEP26,0.33590000000000003,-0.02857,5.40296,7.0,7.0,0.00020000000000000004,BTC,84032.3,194.35
2026-09-25T19:14:40.907418+00:00,BTC-28SEP26-81000-P,84061.62,BTC-28SEP26,put,81000.0,2026-09-28T08:00:00+00:00,0.006930789812343145,0.0002,0.0004,0.00026079,0.0003,84061.62,BTC-28SEP26,0.24309999999999998,-0.03271,5.11577,25.5,27.3,0.0002,BTC,84032.3,2408.72
2026-09-25T19:14:40.907418+00:00,BTC-26SEP26-83000-C,84024.91,BTC-26SEP26,call,83000.0,2026-09-26T08:00:00+00:00,0.0014550882380789413,0.0105,0.014,0.01234566,0.01225,84024.91,BTC-26SEP26,0.1935,0.95203,3.19855,8.8,2.8,0.0034999999999999996,BTC,84032.3,1975.68
2026-09-25T19:14:40.907418+00:00,BTC-25DEC26-96000-P,85068.82,BTC-25DEC26,put,96000.0,2026-12-25T08:00:00+00:00,0.24786165907996807,0.1575,0.1615,0.15946144,0.1595,85068.82,BTC-25DEC26,0.3754,-0.7099,145.04324,50.7,0.4,0.0040000000000000036,BTC,84032.3,5168.04
2026-09-25T19:14:40.907418+00:00,BTC-25DEC26-90000-C,85068.8,BTC-25DEC26,call,90000.0,2026-12-25T08:00:00+00:00,0.24786165907996807,0.05,0.051,0.05054758,0.0505,85068.8,BTC-25DEC26,0.3726,0.41645,165.29509,3798.7,32.0,0.000999999999999994,BTC,84032.3,141114.11
2026-09-25T19:14:40.907418+00:00,BTC-28SEP26-82000-C,84061.62,BTC-28SEP26,call,82000.0,2026-09-28T08:00:00+00:00,0.006930789812343145,0.023,0.027,0.02503694,0.025,84061.62,BTC-28SEP26,0.2014,0.93165,9.22803,0.0,0.0,0.004,BTC,84032.3,0.0
2026-09-25T19:14:40.907418+00:00,BTC-29SEP26-89000-C,84079.41,BTC-29SEP26,call,89000.0,2026-09-29T08:00:00+00:00,0.009668640599475246,0.0003,0.0005,0.00041322,0.0004,84079.41,BTC-29SEP26,0.3147,0.03419,6.26818,75.9,75.9,0.00020000000000000004,BTC,84032.3,2995.32
2026-09-25T19:14:40.907418+00:00,BTC-27NOV26-89000-C,84750.95,BTC-27NOV26,call,89000.0,2026-11-27T08:00:00+00:00,0.17120183704026923,0.0395,0.0405,0.04000185,0.04,84750.95,BTC-27NOV26,0.36590000000000006,0.40232,135.72696,443.1,75.0,0.0010000000000000009,BTC,84032.38,247202.5
2026-09-25T19:14:40.907418+00:00,BTC-9OCT26-75000-P,84184.78,BTC-9OCT26,put,75000.0,2026-10-09T08:00:00+00:00,0.03704714847079626,0.0017,0.002,0.00183878,0.00185,84184.78,BTC-9OCT26,0.3872,-0.05628,18.36156,1232.5,307.2,0.00030000000000000014,BTC,84032.38,59138.72
2026-09-25T19:14:40.907418+00:00,BTC-30OCT26-95000-C,84409.3,BTC-30OCT26,call,95000.0,2026-10-30T08:00:00+00:00,0.09454201500057038,0.0075,0.0085,0.00787567,0.008,84409.3,BTC-30OCT26,0.3502,0.14836,60.09118,23299.7,63.3,0.0010000000000000009,BTC,84032.38,43110.68
2026-09-25T19:14:40.907418+00:00,BTC-26MAR27-160000-C,86100.6,BTC-26MAR27,call,160000.0,2027-03-26T08:00:00+00:00,0.4970060807089893,0.0048,0.0055,0.00516702,0.00515,86100.6,BTC-26MAR27,0.4672,0.04309,55.57937,1034.3,0.0,0.0007000000000000001,BTC,84032.38,0.0
2026-09-25T19:14:40.907418+00:00,BTC-30OCT26-50000-C,84409.3,BTC-30OCT26,call,50000.0,2026-10-30T08:00:00+00:00,0.09454201500057038,0.4065,0.4095,0.40803668,0.408,84409.3,BTC-30OCT26,0.696,0.99466,3.97848,1.1,0.0,0.0030000000000000027,BTC,84032.38,0.0
2026-09-25T19:14:40.907418+00:00,BTC-2OCT26-80000-C,84114.31,BTC-2OCT26,call,80000.0,2026-10-02T08:00:00+00:00,0.017882192960871547,0.0495,0.053,0.05140396,0.05125,84114.31,BTC-2OCT26,0.32030000000000003,0.88329,22.07027,869.0,0.0,0.003499999999999996,BTC,84032.38,0.0
2026-09-25T19:14:40.907418+00:00,BTC-30OCT26-96000-C,84409.3,BTC-30OCT26,call,96000.0,2026-10-30T08:00:00+00:00,0.09454201500057038,0.0065,0.007,0.00664275,0.00675,84409.3,BTC-30OCT26,0.35229999999999995,0.12852,54.48699,384.5,51.8,0.0005000000000000004,BTC,84032.38,33201.98
2026-09-25T19:14:40.907418+00:00,BTC-29SEP26-84000-C,84079.41,BTC-29SEP26,call,84000.0,2026-09-29T08:00:00+00:00,0.009668640599475246,0.009,0.0095,0.00943892,0.00925,84079.41,BTC-29SEP26,0.2284,0.52105,32.94637,2.6,2.6,0.0005000000000000004,BTC,84032.38,1600.19
2026-09-25T19:14:40.907418+00:00,BTC-16OCT26-84000-P,84250.75,BTC-16OCT26,put,84000.0,2026-10-16T08:00:00+00:00,0.05621210398072097,0.029,0.03,0.02957142,0.0295,84250.75,BTC-16OCT26,0.3286,-0.46926,79.47865,50.6,50.6,0.0009999999999999974,BTC,84032.38,129690.41
2026-09-25T19:14:40.907418+00:00,BTC-25DEC26-190000-P,85068.8,BTC-25DEC26,put,190000.0,2026-12-25T08:00:00+00:00,0.24786165907996807,1.2265,1.2415,1.23391833,1.234,85068.8,BTC-25DEC26,0.5932999999999999,-0.99494,6.18703,0.0,0.0,0.015000000000000124,BTC,84032.38,0.0
2026-09-25T19:14:40.907418+00:00,BTC-2OCT26-90000-C,84114.31,BTC-2OCT26,call,90000.0,2026-10-02T08:00:00+00:00,0.017882192960871547,0.0009,0.0012,0.00105276,0.00105,84114.31,BTC-2OCT26,0.3184,0.05854,13.14721,861.9,230.2,0.0002999999999999999,BTC,84032.38,30267.86
2026-09-25T19:14:40.907418+00:00,BTC-25DEC26-160000-P,85068.8,BTC-25DEC26,put,160000.0,2026-12-25T08:00:00+00:00,0.24786165907996807,0.8785,0.886,0.88181628,0.88225,85068.8,BTC-25DEC26,0.5294,-0.98822,13.01727,0.1,0.0,0.007500000000000062,BTC,84032.38,0.0
2026-09-25T19:14:40.907418+00:00,BTC-25DEC26-120000-C,85068.8,BTC-25DEC26,call,120000.0,2026-12-25T08:00:00+00:00,0.24786165907996807,0.0048,0.0055,0.00518694,0.00515,85068.8,BTC-25DEC26,0.4203,0.06188,51.70058,5781.8,0.2,0.0007000000000000001,BTC,84032.38,84.28
2026-09-25T19:14:40.907418+00:00,BTC-26MAR27-72000-P,86100.62,BTC-26MAR27,put,72000.0,2027-03-26T08:00:00+00:00,0.4970060807089893,0.04,0.041,0.04028601,0.0405,86100.62,BTC-26MAR27,0.3969,-0.21803,178.8587,186.9,24.0,0.0010000000000000009,BTC,84032.38,80861.85
2026-09-25T19:14:40.907418+00:00,BTC-24SEP27-65000-C,88332.68,BTC-24SEP27,call,65000.0,2027-09-24T08:00:00+00:00,0.9952949239670317,0.3095,0.3125,0.31085959,0.311,88332.68,BTC-24SEP27,0.4147,0.82843,224.39103,0.5,0.0,0.0030000000000000027,BTC,84032.38,0.0
2026-09-25T19:14:40.907418+00:00,BTC-29SEP26-93000-C,84079.41,BTC-29SEP26,call,93000.0,2026-09-29T08:00:00+00:00,0.009668640599475246,0.0001,0.0002,0.00015958,0.00015,84079.41,BTC-29SEP26,0.4425,0.01085,2.3664,0.1,0.1,0.0001,BTC,84032.38,0.85
2026-09-25T19:14:40.907418+00:00,BTC-2OCT26-92000-P,84114.31,BTC-2OCT26,put,92000.0,2026-10-02T08:00:00+00:00,0.017882192960871547,0.092,0.0965,0.09424726,0.09425,84114.31,BTC-2OCT26,0.34740000000000004,-0.97166,7.30319,0.0,0.0,0.004500000000000004,BTC,84032.38,0.0
2026-09-25T19:14:40.907418+00:00,BTC-26SEP26-91000-C,84024.91,BTC-26SEP26,call,91000.0,2026-09-26T08:00:00+00:00,0.0014550882380789413,,0.0001,3.21e-06,,84024.91,BTC-26SEP26,0.6335999999999999,0.00051,0.05755,72.6,33.5,,BTC,84032.38,282.69
2026-09-25T19:14:40.907418+00:00,BTC-29SEP26-86000-C,84079.43,BTC-29SEP26,call,86000.0,2026-09-29T08:00:00+00:00,0.009668640599475246,0.0019,0.0023,0.00212935,0.0021,84079.43,BTC-29SEP26,0.23879999999999998,0.17099,21.00524,255.5,287.5,0.00039999999999999996,BTC,84032.38,104696.75
2026-09-25T19:14:40.907418+00:00,BTC-16OCT26-88000-C,84250.75,BTC-16OCT26,call,88000.0,2026-10-16T08:00:00+00:00,0.05621210398072097,0.014,0.0145,0.01429212,0.01425,84250.75,BTC-16OCT26,0.32780000000000004,0.30113,69.59316,27.7,24.1,0.0005000000000000004,BTC,84032.38,34392.14
2026-09-25T19:14:40.907418+00:00,BTC-28SEP26-91000-P,84061.62,BTC-28SEP26,put,91000.0,2026-09-28T08:00:00+00:00,0.006930789812343145,0.0805,0.0845,0.08269576,0.0825,84061.62,BTC-28SEP26,0.4255,-0.98684,2.36862,0.0,0.0,0.0040000000000000036,BTC,84032.69,0.0
2026-09-25T19:14:40.907418+00:00,BTC-27NOV26-96000-C,84750.95,BTC-27NOV26,call,96000.0,2026-11-27T08:00:00+00:00,0.17120183704026923,0.0185,0.0195,0.01916689,0.019,84750.95,BTC-27NOV26,0.37060000000000004,0.23092,106.75279,214.7,101.0,0.0010000000000000009,BTC,84032.69,177808.26
2026-09-25T19:14:40.907418+00:00,BTC-26MAR27-104000-C,86100.6,BTC-26MAR27,call,104000.0,2027-03-26T08:00:00+00:00,0.4970060807089893,0.0425,0.0435,0.04319677,0.043,86100.6,BTC-26MAR27,0.38689999999999997,0.2892,207.57793,136.9,4.3,0.000999999999999994,BTC,84032.69,15307.9
2026-09-25T19:14:40.907418+00:00,BTC-26SEP26-89000-P,84024.91,BTC-26SEP26,put,89000.0,2026-09-26T08:00:00+00:00,0.0014550882380789413,0.057,0.061,0.05922651,0.059,84024.91,BTC-26SEP26,0.5446,-0.9971,0.28453,0.0,0.0,0.003999999999999997,BTC,84032.69,0.0
2026-09-25T19:14:40.907418+00:00,BTC-30OCT26-84000-C,84409.3,BTC-30OCT26,call,84000.0,2026-10-30T08:00:00+00:00,0.09454201500057038,0.0435,0.045,0.04433519,0.04425,84409.3,BTC-30OCT26,0.3422,0.53933,103.07181,1293.1,382.4,0.0015000000000000013,BTC,84032.69,1576406.66
2026-09-25T19:14:40.907418+00:00,BTC-29SEP26-81000-C,84079.41,BTC-29SEP26,call,81000.0,2026-09-29T08:00:00+00:00,0.009668640599475246,0.0355,0.0395,0.03745273,0.0375,84079.41,BTC-29SEP26,0.2615,0.92828,11.3126,0.0,0.0,0.0040000000000000036,BTC,84032.69,0.0
2026-09-25T19:14:40.907418+00:00,BTC-25DEC26-170000-C,85068.82,BTC-25DEC26,call,170000.0,2026-12-25T08:00:00+00:00,0.24786165907996807,0.0006,0.0009,0.00074594,0.00075,85068.82,BTC-25DEC26,0.5534,0.00879,10.08351,2019.4,0.0,0.00030000000000000003,BTC,84033.22,0.0
2026-09-25T19:14:40.907418+00:00,BTC-26MAR27-130000-P,86100.6,BTC-26MAR27,put,130000.0,2027-03-26T08:00:00+00:00,0.4970060807089893,0.5195,0.5265,0.5229255,0.523,86100.6,BTC-26MAR27,0.41659999999999997,-0.89535,110.14173,0.5,0.2,0.007000000000000006,BTC,84033.22,8697.34
2026-09-25T19:14:40.907418+00:00,BTC-28SEP26-86000-C,84061.62,BTC-28SEP26,call,86000.0,2026-09-28T08:00:00+00:00,0.006930789812343145,0.0005,0.0007,0.00067763,0.0006,84061.62,BTC-28SEP26,0.20120000000000002,0.08799,11.17787,473.7,222.8,0.00019999999999999998,BTC,84033.22,51625.89
2026-09-25T19:14:40.907418+00:00,BTC-2OCT26-84000-C,84114.31,BTC-2OCT26,call,84000.0,2026-10-02T08:00:00+00:00,0.017882192960871547,0.016,0.017,0.01641311,0.0165,84114.31,BTC-2OCT26,0.2949,0.5216,44.82229,879.2,267.8,0.0010000000000000009,BTC,84033.22,342200.86
2026-09-25T19:14:40.907418+00:00,BTC-27NOV26-86000-P,84750.97,BTC-27NOV26,put,86000.0,2026-11-27T08:00:00+00:00,0.17120183704026923,0.068,0.069,0.06844471,0.0685,84750.97,BTC-27NOV26,0.36579999999999996,-0.50835,139.91395,95.2,8.1,0.0010000000000000009,BTC,84033.18,46536.19
2026-09-25T19:14:40.907418+00:00,BTC-30OCT26-52000-C,84409.3,BTC-30OCT26,call,52000.0,2026-10-30T08:00:00+00:00,0.09454201500057038,0.383,0.386,0.38444338,0.3845,84409.3,BTC-30OCT26,0.6668000000000001,0.99314,4.96871,0.1,0.0,0.0030000000000000027,BTC,84033.22,0.0
2026-09-25T19:14:40.907418+00:00,BTC-26MAR27-40000-C,86100.6,BTC-26MAR27,call,40000.0,2027-03-26T08:00:00+00:00,0.4970060807089893,0.537,0.5395,0.53859365,0.53825,86100.6,BTC-26MAR27,0.5776,0.98149,27.52492,82.1,0.0,0.0024999999999999467,BTC,84033.18,0.0
2026-09-25T19:14:40.907418+00:00,BTC-24SEP27-125000-P,88332.52,BTC-24SEP27,put,125000.0,2027-09-24T08:00:00+00:00,0.9952949239670317,0.463,0.474,0.46626236,0.4685,88332.52,BTC-24SEP27,0.4043,-0.745,283.073,0.0,0.0,0.010999999999999954,BTC,84033.18,0.0
2026-09-25T19:14:40.907418+00:00,BTC-24SEP27-180000-P,88332.52,BTC-24SEP27,put,180000.0,2027-09-24T08:00:00+00:00,0.9952949239670317,1.0395,1.0765,1.05278634,1.058,88332.52,BTC-24SEP27,0.4493,-0.91363,138.8256,0.0,0.0,0.03699999999999992,BTC,84033.18,0.0
2026-09-25T19:14:40.907418+00:00,BTC-25JUN27-64000-C,87234.76,BTC-25JUN27,call,64000.0,2027-06-25T08:00:00+00:00,0.7461505023380105,0.298,0.301,0.29991114,0.2995,87234.76,BTC-25JUN27,0.41960000000000003,0.84979,175.91979,33.5,0.0,0.0030000000000000027,BTC,84033.18,0.0
2026-09-25T19:14:40.907418+00:00,BTC-28SEP26-80500-C,84061.62,BTC-28SEP26,call,80500.0,2026-09-28T08:00:00+00:00,0.006930789812343145,0.0405,0.0445,0.04262624,0.0425,84061.62,BTC-28SEP26,0.2748,0.97152,4.56158,0.0,0.0,0.003999999999999997,BTC,84033.18,0.0
2026-09-25T19:14:40.907418+00:00,BTC-26SEP26-93000-P,84024.93,BTC-26SEP26,put,93000.0,2026-09-26T08:00:00+00:00,0.0014550882380789413,0.1045,0.109,0.1068134,0.10675,84024.93,BTC-26SEP26,0.6363,-0.99998,0.00216,0.0,0.0,0.004500000000000004,BTC,84033.23,0.0
2026-09-25T19:14:40.907418+00:00,BTC-26MAR27-85000-P,86100.6,BTC-26MAR27,put,85000.0,2027-03-26T08:00:00+00:00,0.4970060807089893,0.1,0.101,0.10045915,0.1005,86100.6,BTC-26MAR27,0.38299999999999995,-0.42752,238.23201,14.5,0.0,0.0010000000000000009,BTC,84033.23,0.0
2026-09-25T19:14:40.907418+00:00,BTC-28SEP26-76000-P,84061.62,BTC-28SEP26,put,76000.0,2026-09-28T08:00:00+00:00,0.006930789812343145,0.0001,0.0002,0.00010034,0.00015,84061.62,BTC-28SEP26,0.4996,-0.00728,1.41136,1.0,0.0,0.0001,BTC,84033.23,0.0
2026-09-25T19:14:40.907418+00:00,BTC-26MAR27-55000-C,86100.6,BTC-26MAR27,call,55000.0,2027-03-26T08:00:00+00:00,0.4970060807089893,0.3695,0.373,0.37138523,0.37125,86100.6,BTC-26MAR27,0.4642,0.93735,74.81961,29.5,0.0,0.003500000000000003,BTC,84033.23,0.0
2026-09-25T19:14:40.907418+00:00,BTC-25JUN27-65000-P,87234.83,BTC-25JUN27,put,65000.0,2027-06-25T08:00:00+00:00,0.7461505023380105,0.0355,0.0365,0.03584506,0.036,87234.83,BTC-25JUN27,0.4164,-0.15926,182.84746,45.3,0.0,0.0010000000000000009,BTC,84033.23,0.0
2026-09-25T19:14:40.907418+00:00,BTC-26MAR27-62000-C,86100.6,BTC-26MAR27,call,62000.0,2027-03-26T08:00:00+00:00,0.4970060807089893,0.296,0.2995,0.29780929,0.29775,86100.6,BTC-26MAR27,0.4282,0.8922,112.52747,52.3,0.0,0.003500000000000003,BTC,84033.23,0.0
2026-09-25T19:14:40.907418+00:00,BTC-26SEP26-89000-C,84024.91,BTC-26SEP26,call,89000.0,2026-09-26T08:00:00+00:00,0.0014550882380789413,,0.0001,1.807e-05,,84024.91,BTC-26SEP26,0.5446,0.00291,0.28495,189.1,189.9,,BTC,84033.37,2227.7
2026-09-25T19:14:40.907418+00:00,BTC-25JUN27-150000-P,87234.83,BTC-25JUN27,put,150000.0,2027-06-25T08:00:00+00:00,0.7461505023380105,0.732,0.742,0.7357998,0.737,87234.83,BTC-25JUN27,0.4353,-0.89488,137.17841,1.1,0.0,0.010000000000000009,BTC,84033.37,0.0
2026-09-25T19:14:40.907418+00:00,BTC-27SEP26-85000-C,84043.53,BTC-27SEP26,call,85000.0,2026-09-27T08:00:00+00:00,0.004192939025211043,0.0004,0.0006,0.00058626,0.0005,84043.53,BTC-27SEP26,0.14980000000000002,0.12243,11.04391,32.7,17.1,0.00019999999999999993,BTC,84033.37,6274.63
2026-09-25T19:14:40.907418+00:00,BTC-25JUN27-125000-P,87234.76,BTC-25JUN27,put,125000.0,2027-06-25T08:00:00+00:00,0.7461505023380105,0.4635,0.471,0.46628255,0.46725,87234.76,BTC-25JUN27,0.4075,-0.80107,210.35059,0.0,0.0,0.007499999999999951,BTC,84033.37,0.0
2026-09-25T19:14:40.907418+00:00,BTC-30OCT26-84000-P,84409.3,BTC-30OCT26,put,84000.0,2026-10-30T08:00:00+00:00,0.09454201500057038,0.039,0.04,0.0394849,0.0395,84409.3,BTC-30OCT26,0.3422,-0.46063,103.07188,605.9,136.8,0.0010000000000000009,BTC,84033.37,474143.03
2026-09-25T19:14:40.907418+00:00,BTC-26MAR27-82000-C,86100.6,BTC-26MAR27,call,82000.0,2027-03-26T08:00:00+00:00,0.4970060807089893,0.1295,0.1315,0.13076749,0.1305,86100.6,BTC-26MAR27,0.38439999999999996,0.62383,230.47528,1226.4,37.5,0.0020000000000000018,BTC,84033.37,406582.88
2026-09-25T19:14:40.907418+00:00,BTC-30OCT26-67000-C,84409.3,BTC-30OCT26,call,67000.0,2026-10-30T08:00:00+00:00,0.09454201500057038,0.207,0.21,0.20848143,0.2085,84409.3,BTC-30OCT26,0.4426,0.9612,21.82577,108.4,0.0,0.0030000000000000027,BTC,84033.37,0.0
2026-09-25T19:14:40.907418+00:00,BTC-9OCT26-87000-P,84184.76,BTC-9OCT26,put,87000.0,2026-10-09T08:00:00+00:00,0.03704714847079626,0.044,0.046,0.04504672,0.045,84184.76,BTC-9OCT26,0.3179,-0.69376,56.8801,102.5,0.0,0.0020000000000000018,BTC,84033.77,0.0
2026-09-25T19:14:40.907418+00:00,BTC-25JUN27-88000-C,87234.83,BTC-25JUN27,call,88000.0,2027-06-25T08:00:00+00:00,0.7461505023380105,0.1285,0.1305,0.12970853,0.1295,87234.83,BTC-25JUN27,0.389,0.55649,297.70048,33.4,0.6,0.0020000000000000018,BTC,84033.77,6666.45
2026-09-25T19:14:40.907418+00:00,BTC-25DEC26-74000-P,85068.82,BTC-25DEC26,put,74000.0,2026-12-25T08:00:00+00:00,0.24786165907996807,0.0245,0.0255,0.02511983,0.025,85068.82,BTC-25DEC26,0.39049999999999996,-0.20782,121.35179,181.8,6.0,0.0009999999999999974,BTC,84033.77,13394.83
2026-09-25T19:14:40.907418+00:00,BTC-25JUN27-45000-C,87234.83,BTC-25JUN27,call,45000.0,2027-06-25T08:00:00+00:00,0.7461505023380105,0.4905,0.4935,0.49234764,0.492,87234.83,BTC-25JUN27,0.4985,0.96012,64.80154,10.5,5.0,0.0030000000000000027,BTC,84033.77,204803.22
2026-09-25T19:14:40.907418+00:00,BTC-26SEP26-82000-P,84024.91,BTC-26SEP26,put,82000.0,2026-09-26T08:00:00+00:00,0.0014550882380789413,0.0001,0.0002,0.00012244,0.00015,84024.91,BTC-26SEP26,0.32909999999999995,-0.02569,1.91649,121.5,73.0,0.0001,BTC,84033.77,4736.24
2026-09-25T19:14:40.907418+00:00,BTC-27NOV26-88000-C,84750.95,BTC-27NOV26,call,88000.0,2026-11-27T08:00:00+00:00,0.17120183704026923,0.0435,0.0445,0.04424804,0.044,84750.95,BTC-27NOV26,0.366,0.43149,137.87714,1110.0,18.3,0.0010000000000000009,BTC,84033.66,66120.51
2026-09-25T19:14:40.907418+00:00,BTC-25JUN27-54000-C,87234.83,BTC-25JUN27,call,54000.0,2027-06-25T08:00:00+00:00,0.7461505023380105,0.3945,0.3985,0.39715313,0.3965,87234.83,BTC-25JUN27,0.45280000000000004,0.92239,109.51931,1.0,0.0,0.0040000000000000036,BTC,84033.66,0.0
2026-09-25T19:14:40.907418+00:00,BTC-25DEC26-84000-C,85068.8,BTC-25DEC26,call,84000.0,2026-12-25T08:00:00+00:00,0.24786165907996807,0.0795,0.0805,0.08017064,0.08,85068.8,BTC-25DEC26,0.3739,0.56395,166.84146,1255.3,12.9,0.0010000000000000009,BTC,84033.66,89801.55
2026-09-25T19:14:40.907418+00:00,BTC-2OCT26-73000-P,84114.31,BTC-2OCT26,put,73000.0,2026-10-02T08:00:00+00:00,0.017882192960871547,0.0003,0.0004,0.00035361,0.00035,84114.31,BTC-2OCT26,0.49439999999999995,-0.01477,4.20528,1127.9,3.0,0.00010000000000000005,BTC,84033.77,115.09
2026-09-25T19:14:40.907418+00:00,BTC-27NOV26-73000-P,84750.95,BTC-27NOV26,put,73000.0,2026-11-27T08:00:00+00:00,0.17120183704026923,0.014,0.015,0.01435642,0.0145,84750.95,BTC-27NOV26,0.3901,-0.15741,84.44423,60.4,11.1,0.0009999999999999992,BTC,84033.66,14019.48
2026-09-25T19:14:40.907418+00:00,BTC-27SEP26-84500-C,84043.53,BTC-27SEP26,call,84500.0,2026-09-27T08:00:00+00:00,0.004192939025211043,0.0012,0.0014,0.00135789,0.0013,84043.53,BTC-27SEP26,0.1315,0.26386,17.79091,268.2,295.4,0.0002000000000000001,BTC,84033.66,109159.97
2026-09-25T19:14:40.907418+00:00,BTC-25DEC26-104000-C,85068.8,BTC-25DEC26,call,104000.0,2026-12-25T08:00:00+00:00,0.24786165907996807,0.0155,0.0165,0.01611355,0.016,85068.8,BTC-25DEC26,0.38539999999999996,0.17082,107.53947,165.6,30.9,0.0010000000000000009,BTC,84033.66,42285.1
2026-09-25T19:14:40.907418+00:00,BTC-24SEP27-60000-C,88332.68,BTC-24SEP27,call,60000.0,2027-09-24T08:00:00+00:00,0.9952949239670317,0.351,0.357,0.35461686,0.354,88332.68,BTC-24SEP27,0.4249,0.8695,186.98806,0.0,0.0,0.006000000000000005,BTC,84033.66,0.0
2026-09-25T19:14:40.907418+00:00,BTC-27SEP26-79000-C,84043.58,BTC-27SEP26,call,79000.0,2026-09-27T08:00:00+00:00,0.004192939025211043,0.0575,0.062,0.06007417,0.05975,84043.58,BTC-27SEP26,0.39390000000000003,0.99263,1.11002,0.0,0.0,0.004499999999999997,BTC,84033.48,0.0
2026-09-25T19:14:40.907418+00:00,BTC-27NOV26-70000-C,84750.95,BTC-27NOV26,call,70000.0,2026-11-27T08:00:00+00:00,0.17120183704026923,0.182,0.1855,0.18370418,0.18375,84750.95,BTC-27NOV26,0.40549999999999997,0.88939,66.22541,3.3,0.2,0.003500000000000003,BTC,84033.48,3090.06
2026-09-25T19:14:40.907418+00:00,BTC-16OCT26-88000-P,84250.68,BTC-16OCT26,put,88000.0,2026-10-16T08:00:00+00:00,0.05621210398072097,0.0575,0.06,0.05879203,0.05875,84250.68,BTC-16OCT26,0.32780000000000004,-0.69876,69.60648,0.0,0.0,0.0024999999999999953,BTC,84033.66,0.0
2026-09-25T19:14:40.907418+00:00,BTC-26SEP26-88500-C,84024.91,BTC-26SEP26,call,88500.0,2026-09-26T08:00:00+00:00,0.0014550882380789413,,0.0001,3.131e-05,,84024.91,BTC-26SEP26,0.5256000000000001,0.00498,0.46147,86.1,109.3,,BTC,84033.48,2268.85
2026-09-25T19:14:40.907418+00:00,BTC-29SEP26-81000-P,84079.43,BTC-29SEP26,put,81000.0,2026-09-29T08:00:00+00:00,0.009668640599475246,0.0008,0.0009,0.00082691,0.00085,84079.43,BTC-29SEP26,0.2615,-0.07163,11.30255,42.7,42.7,9.999999999999994e-05,BTC,84033.48,4183.96
2026-09-25T19:14:40.907418+00:00,BTC-27SEP26-90000-C,84043.53,BTC-27SEP26,call,90000.0,2026-09-27T08:00:00+00:00,0.004192939025211043,,0.0002,3.772e-05,,84043.53,BTC-27SEP26,0.4042,0.00463,0.73449,89.0,79.8,,BTC,84033.18,843.47
2026-09-25T19:14:40.907418+00:00,BTC-9OCT26-81000-P,84184.78,BTC-9OCT26,put,81000.0,2026-10-09T08:00:00+00:00,0.03704714847079626,0.0095,0.0105,0.01018982,0.01,84184.78,BTC-9OCT26,0.3268,-0.2595,52.52508,85.7,10.7,0.0010000000000000009,BTC,84033.18,9359.47
2026-09-25T19:14:40.907418+00:00,BTC-29SEP26-79000-C,84079.41,BTC-29SEP26,call,79000.0,2026-09-29T08:00:00+00:00,0.009668640599475246,0.059,0.0625,0.06077978,0.06075,84079.41,BTC-29SEP26,0.33590000000000003,0.97143,5.40392,0.0,0.0,0.003500000000000003,BTC,84033.48,0.0
2026-09-25T19:14:40.907418+00:00,BTC-30OCT26-106000-P,84409.32,BTC-30OCT26,put,106000.0,2026-10-30T08:00:00+00:00,0.09454201500057038,0.255,0.26,0.25750304,0.2575,84409.32,BTC-30OCT26,0.3997,-0.96337,20.82474,0.0,0.0,0.0050000000000000044,BTC,84033.18,0.0
2026-09-25T19:14:40.907418+00:00,BTC-30OCT26-90000-P,84409.3,BTC-30OCT26,put,90000.0,2026-10-30T08:00:00+00:00,0.09454201500057038,0.0825,0.086,0.08417658,0.08425,84409.3,BTC-30OCT26,0.34130000000000005,-0.71172,88.62273,17.9,9.3,0.0034999999999999892,BTC,84033.18,63490.73
2026-09-25T19:14:40.907418+00:00,BTC-16OCT26-75000-P,84250.68,BTC-16OCT26,put,75000.0,2026-10-16T08:00:00+00:00,0.05621210398072097,0.0035,0.0039,0.00368767,0.0037,84250.68,BTC-16OCT26,0.3732,-0.08716,31.68419,17.5,17.6,0.00039999999999999975,BTC,84033.18,6974.57
2026-09-25T19:14:40.907418+00:00,BTC-25JUN27-105000-P,87234.76,BTC-25JUN27,put,105000.0,2027-06-25T08:00:00+00:00,0.7461505023380105,0.27,0.274,0.27141132,0.272,87234.76,BTC-25JUN27,0.3921,-0.64714,280.02586,2.1,0.0,0.0040000000000000036,BTC,84033.41,0.0
2026-09-25T19:14:40.907418+00:00,BTC-26MAR27-112000-P,86100.6,BTC-26MAR27,put,112000.0,2027-03-26T08:00:00+00:00,0.4970060807089893,0.327,0.333,0.32969164,0.33,86100.6,BTC-26MAR27,0.3933,-0.79088,174.56507,0.1,0.0,0.006000000000000005,BTC,84033.41,0.0
2026-09-25T19:14:40.907418+00:00,BTC-25DEC26-58000-C,85068.8,BTC-25DEC26,call,58000.0,2026-12-25T08:00:00+00:00,0.24786165907996807,0.321,0.3245,0.32289472,0.32275,85068.8,BTC-25DEC26,0.48340000000000005,0.95647,39.09422,40.3,0.0,0.003500000000000003,BTC,84033.18,0.0
2026-09-25T19:14:40.907418+00:00,BTC-27SEP26-96000-C,84043.53,BTC-27SEP26,call,96000.0,2026-09-27T08:00:00+00:00,0.004192939025211043,,0.0001,1.98e-06,,84043.53,BTC-27SEP26,0.5796,0.00021,0.04368,150.0,148.6,,BTC,84033.41,1251.51
2026-09-25T19:14:40.907418+00:00,BTC-30OCT26-79000-C,84409.32,BTC-30OCT26,call,79000.0,2026-10-30T08:00:00+00:00,0.09454201500057038,0.08,0.083,0.0812153,0.0815,84409.32,BTC-30OCT26,0.35009999999999997,0.74826,82.80713,289.0,0.5,0.0030000000000000027,BTC,84033.41,3236.61
2026-09-25T19:14:40.907418+00:00,BTC-27NOV26-112000-C,84750.97,BTC-27NOV26,call,112000.0,2026-11-27T08:00:00+00:00,0.17120183704026923,0.0037,0.0041,0.00393956,0.0039,84750.97,BTC-27NOV26,0.40700000000000003,0.05812,40.75773,1.3,0.3,0.0004000000000000002,BTC,84033.41,90.44
2026-09-25T19:14:40.907418+00:00,BTC-9OCT26-85000-C,84184.76,BTC-9OCT26,call,85000.0,2026-10-09T08:00:00+00:00,0.03704714847079626,0.0195,0.02,0.01994283,0.01975,84184.76,BTC-9OCT26,0.3172,0.44945,64.1458,357.5,66.2,0.0005000000000000004,BTC,84033.09,113307.09
2026-09-25T19:14:40.907418+00:00,BTC-25JUN27-90000-C,87234.76,BTC-25JUN27,call,90000.0,2027-06-25T08:00:00+00:00,0.7461505023380105,0.119,0.121,0.12031623,0.12,87234.76,BTC-25JUN27,0.389,0.52997,299.86984,769.7,0.2,0.0020000000000000018,BTC,84033.09,2069.87
2026-09-25T19:14:40.907418+00:00,BTC-2OCT26-79000-C,84114.33,BTC-2OCT26,call,79000.0,2026-10-02T08:00:00+00:00,0.017882192960871547,0.0605,0.0645,0.06249316,0.0625,84114.33,BTC-2OCT26,0.33990000000000004,0.91956,16.79649,366.8,1.9,0.0040000000000000036,BTC,84033.41,10783.07
2026-09-25T19:14:40.907418+00:00,BTC-26MAR27-78000-C,86100.6,BTC-26MAR27,call,78000.0,2027-03-26T08:00:00+00:00,0.4970060807089893,0.156,0.1585,0.15735586,0.15725,86100.6,BTC-26MAR27,0.38789999999999997,0.69076,213.98977,647.6,0.0,0.0025000000000000022,BTC,84033.09,0.0
2026-09-25T19:14:40.907418+00:00,BTC-27SEP26-81000-P,84043.53,BTC-27SEP26,put,81000.0,2026-09-27T08:00:00+00:00,0.004192939025211043,,0.0002,0.00011969,,84043.53,BTC-27SEP26,0.27399999999999997,-0.01843,2.45917,100.1,67.3,,BTC,84033.09,2221.13
2026-09-25T19:14:40.907418+00:00,BTC-2OCT26-100000-C,84114.33,BTC-2OCT26,call,100000.0,2026-10-02T08:00:00+00:00,0.017882192960871547,0.0001,0.0002,0.00014847,0.00015,84114.33,BTC-2OCT26,0.5162,0.00674,2.12044,170.8,83.8,0.0001,BTC,84033.09,706.05
2026-09-25T19:14:40.907418+00:00,BTC-27NOV26-68000-P,84750.97,BTC-27NOV26,put,68000.0,2026-11-27T08:00:00+00:00,0.17120183704026923,0.0075,0.008,0.00742794,0.00775,84750.97,BTC-27NOV26,0.41759999999999997,-0.08685,55.47543,140.8,0.2,0.0005000000000000004,BTC,84033.09,125.96
2026-09-25T19:14:40.907418+00:00,BTC-2OCT26-81000-P,84114.33,BTC-2OCT26,put,81000.0,2026-10-02T08:00:00+00:00,0.017882192960871547,0.0038,0.0043,0.00403903,0.00405,84114.33,BTC-2OCT26,0.3107,-0.17657,29.16867,259.7,55.0,0.0005,BTC,84033.09,23647.44
2026-09-25T19:14:40.907418+00:00,BTC-29SEP26-83000-P,84079.41,BTC-29SEP26,put,83000.0,2026-09-29T08:00:00+00:00,0.009668640599475246,0.0038,0.0041,0.00398286,0.00395,84079.41,BTC-29SEP26,0.2303,-0.28026,27.85161,102.0,102.0,0.00030000000000000035,BTC,84033.09,55422.12
2026-09-25T19:14:40.907418+00:00,BTC-9OCT26-82000-C,84184.76,BTC-9OCT26,call,82000.0,2026-10-09T08:00:00+00:00,0.03704714847079626,0.0385,0.04,0.03959053,0.03925,84184.76,BTC-9OCT26,0.3226,0.67539,58.31133,315.6,22.0,0.0015000000000000013,BTC,84033.68,69178.69
2026-09-25T19:14:40.907418+00:00,BTC-25DEC26-95000-P,85068.8,BTC-25DEC26,put,95000.0,2026-12-25T08:00:00+00:00,0.24786165907996807,0.15,0.1515,0.15042771,0.15075,85068.8,BTC-25DEC26,0.375,-0.69075,149.30837,142.7,0.1,0.0015000000000000013,BTC,84033.09,1234.11
2026-09-25T19:14:40.907418+00:00,BTC-27NOV26-81000-P,84750.95,BTC-27NOV26,put,81000.0,2026-11-27T08:00:00+00:00,0.17120183704026923,0.0395,0.0405,0.04008534,0.04,84750.95,BTC-27NOV26,0.3696,-0.35476,130.56752,47.6,0.0,0.0010000000000000009,BTC,84033.68,0.0
2026-09-25T19:14:40.907418+00:00,BTC-27SEP26-75000-P,84043.53,BTC-27SEP26,put,75000.0,2026-09-27T08:00:00+00:00,0.004192939025211043,,0.0001,2.708e-05,,84043.53,BTC-27SEP26,0.6232,-0.00225,0.3838,50.8,26.0,,BTC,84033.87,429.32
2026-09-25T19:14:40.907418+00:00,BTC-9OCT26-78000-C,84184.76,BTC-9OCT26,call,78000.0,2026-10-09T08:00:00+00:00,0.03704714847079626,0.076,0.0795,0.07757556,0.07775,84184.76,BTC-9OCT26,0.34840000000000004,0.87932,32.55572,28.3,0.0,0.003500000000000003,BTC,84033.87,0.0
2026-09-25T19:14:40.907418+00:00,BTC-25JUN27-55000-P,87234.83,BTC-25JUN27,put,55000.0,2027-06-25T08:00:00+00:00,0.7461505023380105,0.017,0.0185,0.01766408,0.01775,87234.83,BTC-25JUN27,0.4506,-0.08388,116.13734,36.8,0.1,0.0014999999999999979,BTC,84033.87,142.87
2026-09-25T19:14:40.907418+00:00,BTC-26MAR27-96000-C,86100.6,BTC-26MAR27,call,96000.0,2027-03-26T08:00:00+00:00,0.4970060807089893,0.0645,0.0655,0.06505231,0.065,86100.6,BTC-26MAR27,0.3826,0.39422,233.67634,166.5,8.6,0.0010000000000000009,BTC,84033.87,48498.27
2026-09-25T19:14:40.907418+00:00,BTC-30OCT26-60000-C,84409.3,BTC-30OCT26,call,60000.0,2026-10-30T08:00:00+00:00,0.09454201500057038,0.2885,0.292,0.29025726,0.29025,84409.3,BTC-30OCT26,0.5445,0.98308,10.90463,13.7,0.0,0.003500000000000003,BTC,84033.87,0.0
2026-09-25T19:14:40.907418+00:00,BTC-30OCT26-76000-P,84409.32,BTC-30OCT26,put,76000.0,2026-10-30T08:00:00+00:00,0.09454201500057038,0.0095,0.01,0.00981948,0.00975,84409.32,BTC-30OCT26,0.36229999999999996,-0.15921,62.96612,785.4,283.7,0.0005000000000000004,BTC,84033.87,243251.82
2026-09-25T19:14:40.907418+00:00,BTC-30OCT26-45000-C,84409.3,BTC-30OCT26,call,45000.0,2026-10-30T08:00:00+00:00,0.09454201500057038,0.466,0.4685,0.46712645,0.46725,84409.3,BTC-30OCT26,0.7816,0.9969,2.45015,0.9,0.0,0.0025000000000000022,BTC,84033.87,0.0
2026-09-25T19:14:40.907418+00:00,BTC-30OCT26-66000-C,84409.3,BTC-30OCT26,call,66000.0,2026-10-30T08:00:00+00:00,0.09454201500057038,0.2185,0.222,0.22006337,0.22025,84409.3,BTC-30OCT26,0.45530000000000004,0.96614,19.52202,80.9,0.1,0.003500000000000003,BTC,84034.17,1939.88
2026-09-25T19:14:40.907418+00:00,BTC-24SEP27-108000-C,88332.68,BTC-24SEP27,call,108000.0,2027-09-24T08:00:00+00:00,0.9952949239670317,0.083,0.085,0.08419568,0.084,88332.68,BTC-24SEP27,0.3954,0.37746,334.96625,0.0,0.0,0.0020000000000000018,BTC,84034.17,0.0
2026-09-25T19:14:40.907418+00:00,BTC-25DEC26-70000-P,85068.8,BTC-25DEC26,put,70000.0,2026-12-25T08:00:00+00:00,0.24786165907996807,0.0155,0.0165,0.01618676,0.016,85068.8,BTC-25DEC26,0.405,-0.14284,95.59192,1924.4,472.6,0.0010000000000000009,BTC,84033.87,657305.43
2026-09-25T19:14:40.907418+00:00,BTC-30OCT26-58000-C,84409.3,BTC-30OCT26,call,58000.0,2026-10-30T08:00:00+00:00,0.09454201500057038,0.312,0.3155,0.31375572,0.31375,84409.3,BTC-30OCT26,0.5743,0.98653,8.96143,0.0,0.0,0.003500000000000003,BTC,84034.17,0.0
2026-09-25T19:14:40.907418+00:00,BTC-30OCT26-90000-C,84409.3,BTC-30OCT26,call,90000.0,2026-10-30T08:00:00+00:00,0.09454201500057038,0.0175,0.0185,0.01794475,0.018,84409.3,BTC-30OCT26,0.34130000000000005,0.28832,88.63003,19652.0,377.2,0.0009999999999999974,BTC,84034.17,625492.35
2026-09-25T19:14:40.907418+00:00,BTC-27NOV26-98000-C,84750.97,BTC-27NOV26,call,98000.0,2026-11-27T08:00:00+00:00,0.17120183704026923,0.0155,0.016,0.0156511,0.01575,84750.97,BTC-27NOV26,0.3749,0.19535,96.82319,695.0,11.9,0.0005000000000000004,BTC,84034.17,16290.27
2026-09-25T19:14:40.907418+00:00,BTC-25DEC26-125000-C,85068.8,BTC-25DEC26,call,125000.0,2026-12-25T08:00:00+00:00,0.24786165907996807,0.0035,0.004,0.00377752,0.00375,85068.8,BTC-25DEC26,0.4313,0.04604,40.90504,496.9,0.0,0.0005,BTC,84034.17,0.0
2026-09-25T19:14:40.907418+00:00,BTC-29SEP26-76000-C,84079.41,BTC-29SEP26,call,76000.0,2026-09-29T08:00:00+00:00,0.009668640599475246,0.0945,0.098,0.09626495,0.09625,84079.41,BTC-29SEP26,0.4534,0.98892,2.4104,0.0,0.0,0.003500000000000003,BTC,84034.17,0.0
2026-09-25T19:14:40.907418+00:00,BTC-25JUN27-40000-P,87234.83,BTC-25JUN27,put,40000.0,2027-06-25T08:00:00+00:00,0.7461505023380105,0.005,0.0065,0.0056969,0.00575,87234.83,BTC-25JUN27,0.5332,-0.02726,47.35713,1218.0,10.9,0.0014999999999999996,BTC,84034.55,5523.05
2026-09-25T19:14:40.907418+00:00,BTC-28SEP26-84500-C,84061.62,BTC-28SEP26,call,84500.0,2026-09-28T08:00:00+00:00,0.006930789812343145,0.0031,0.0035,0.00336381,0.0033,84061.62,BTC-28SEP26,0.1677,0.35795,26.13837,115.1,116.6,0.0004000000000000002,BTC,84034.55,54148.52
2026-09-25T19:14:40.907418+00:00,BTC-30OCT26-94000-P,84409.3,BTC-30OCT26,put,94000.0,2026-10-30T08:00:00+00:00,0.09454201500057038,0.1205,0.125,0.12284904,0.12275,84409.3,BTC-30OCT26,0.34700000000000003,-0.83013,65.66791,0.1,0.0,0.004500000000000004,BTC,84034.55,0.0
2026-09-25T19:14:40.907418+00:00,BTC-27SEP26-83500-C,84043.53,BTC-27SEP26,call,83500.0,2026-09-27T08:00:00+00:00,0.004192939025211043,0.0042,0.0095,0.00738791,0.00685,84043.53,BTC-27SEP26,0.12240000000000001,0.79523,15.45638,4.1,2.3,0.0053,BTC,84034.43,1277.03
2026-09-25T19:14:40.907418+00:00,BTC-9OCT26-81000-C,84184.76,BTC-9OCT26,call,81000.0,2026-10-09T08:00:00+00:00,0.03704714847079626,0.047,0.049,0.04801974,0.048,84184.76,BTC-9OCT26,0.3268,0.74062,52.51388,100.3,0.1,0.0020000000000000018,BTC,84034.43,407.19
2026-09-25T19:14:40.907418+00:00,BTC-25DEC26-100000-C,85068.82,BTC-25DEC26,call,100000.0,2026-12-25T08:00:00+00:00,0.24786165907996807,0.0215,0.0225,0.02215158,0.022,85068.82,BTC-25DEC26,0.3788,0.22279,126.35243,6001.3,126.0,0.0010000000000000009,BTC,84034.55,244353.08
2026-09-25T19:14:40.907418+00:00,BTC-26SEP26-94000-C,84024.91,BTC-26SEP26,call,94000.0,2026-09-26T08:00:00+00:00,0.0014550882380789413,,0.0001,1e-08,,84024.91,BTC-26SEP26,0.6389,0.0,0.00034,14.2,0.0,,BTC,84034.43,0.0
2026-09-25T19:14:40.907418+00:00,BTC-26SEP26-85500-C,84024.91,BTC-26SEP26,call,85500.0,2026-09-26T08:00:00+00:00,0.0014550882380789413,0.0001,0.0002,0.0001664,0.00015,84024.91,BTC-26SEP26,0.2619,0.04125,2.83209,139.5,158.0,0.0001,BTC,84034.43,20802.75
2026-09-25T19:14:40.907418+00:00,BTC-24SEP27-102000-P,88332.68,BTC-24SEP27,put,102000.0,2027-09-24T08:00:00+00:00,0.9952949239670317,0.2535,0.259,0.25595858,0.25625,88332.68,BTC-24SEP27,0.3933,-0.5676,346.63197,0.0,0.0,0.005500000000000005,BTC,84034.43,0.0
2026-09-25T19:14:40.907418+00:00,BTC-26MAR27-62000-P,86100.6,BTC-26MAR27,put,62000.0,2027-03-26T08:00:00+00:00,0.4970060807089893,0.0175,0.0185,0.01789518,0.018,86100.6,BTC-26MAR27,0.4282,-0.10779,112.52815,241.8,0.0,0.0009999999999999974,BTC,84034.43,0.0
2026-09-25T19:14:40.907418+00:00,BTC-26SEP26-84500-C,84024.93,BTC-26SEP26,call,84500.0,2026-09-26T08:00:00+00:00,0.0014550882380789413,0.0006,0.0009,0.0007236,0.00075,84024.93,BTC-26SEP26,0.17309999999999998,0.19851,8.93444,103.7,105.6,0.00030000000000000003,BTC,84034.66,24673.56
2026-09-25T19:14:40.907418+00:00,BTC-28SEP26-83500-P,84061.55,BTC-28SEP26,put,83500.0,2026-09-28T08:00:00+00:00,0.006930789812343145,0.0025,0.003,0.00272808,0.00275,84061.55,BTC-28SEP26,0.16399999999999998,-0.30861,24.64911,135.2,149.3,0.0005,BTC,84034.66,55826.81
2026-09-25T19:14:40.907418+00:00,BTC-27NOV26-80000-C,84750.97,BTC-27NOV26,call,80000.0,2026-11-27T08:00:00+00:00,0.17120183704026923,0.0905,0.0925,0.09165867,0.0915,84750.97,BTC-27NOV26,0.371,0.6746,126.32086,1146.5,0.6,0.0020000000000000018,BTC,84034.43,4873.94
2026-09-25T19:14:40.907418+00:00,BTC-2OCT26-76000-C,84114.33,BTC-2OCT26,call,76000.0,2026-10-02T08:00:00+00:00,0.017882192960871547,0.095,0.099,0.09713703,0.097,84114.33,BTC-2OCT26,0.4113,0.96931,7.80105,40.8,0.0,0.0040000000000000036,BTC,84034.66,0.0
2026-09-25T19:14:40.907418+00:00,BTC-25JUN27-135000-P,87234.76,BTC-25JUN27,put,135000.0,2027-06-25T08:00:00+00:00,0.7461505023380105,0.569,0.577,0.57188388,0.573,87234.76,BTC-25JUN27,0.41729999999999995,-0.84864,176.81368,0.0,0.0,0.008000000000000007,BTC,84034.66,0.0
2026-09-25T19:14:40.907418+00:00,BTC-25JUN27-94000-P,87234.76,BTC-25JUN27,put,94000.0,2027-06-25T08:00:00+00:00,0.7461505023380105,0.18,0.1825,0.18081073,0.18125,87234.76,BTC-25JUN27,0.38909999999999995,-0.52157,300.28453,0.1,0.0,0.0025000000000000022,BTC,84034.66,0.0
2026-09-25T19:14:40.907418+00:00,BTC-27SEP26-84000-C,84043.53,BTC-27SEP26,call,84000.0,2026-09-27T08:00:00+00:00,0.004192939025211043,0.0031,0.0037,0.00346627,0.0034,84043.53,BTC-27SEP26,0.12390000000000001,0.529,21.65986,100.4,82.8,0.0006000000000000003,BTC,84035.22,23284.46
2026-09-25T19:14:40.907418+00:00,BTC-27NOV26-92000-C,84750.97,BTC-27NOV26,call,92000.0,2026-11-27T08:00:00+00:00,0.17120183704026923,0.029,0.03,0.02930235,0.0295,84750.97,BTC-27NOV26,0.3668,0.32117,125.64035,447.3,20.6,0.0009999999999999974,BTC,84034.66,53972.54
2026-09-25T19:14:40.907418+00:00,BTC-25DEC26-58000-P,85068.8,BTC-25DEC26,put,58000.0,2026-12-25T08:00:00+00:00,0.24786165907996807,0.0046,0.0048,0.00469492,0.0047,85068.8,BTC-25DEC26,0.48340000000000005,-0.04352,39.09169,1832.6,16.4,0.00019999999999999966,BTC,84034.66,6429.6
2026-09-25T19:14:40.907418+00:00,BTC-26SEP26-81000-P,84024.91,BTC-26SEP26,put,81000.0,2026-09-26T08:00:00+00:00,0.0014550882380789413,,0.0001,2.624e-05,,84024.91,BTC-26SEP26,0.3803,-0.00559,0.51219,97.3,46.0,,BTC,84035.22,1950.16
2026-09-25T19:14:40.907418+00:00,BTC-30OCT26-100000-P,84409.3,BTC-30OCT26,put,100000.0,2026-10-30T08:00:00+00:00,0.09454201500057038,0.186,0.191,0.188364,0.1885,84409.3,BTC-30OCT26,0.3688,-0.92472,36.8572,1.3,0.0,0.0050000000000000044,BTC,84035.22,0.0
2026-09-25T19:14:40.907418+00:00,BTC-28SEP26-90000-P,84061.55,BTC-28SEP26,put,90000.0,2026-09-28T08:00:00+00:00,0.006930789812343145,0.0685,0.0725,0.07080128,0.0705,84061.55,BTC-28SEP26,0.3746,-0.98513,2.63101,0.0,0.0,0.00399999999999999,BTC,84035.22,0.0
2026-09-25T19:14:40.907418+00:00,BTC-27SEP26-94000-P,84043.53,BTC-27SEP26,put,94000.0,2026-09-27T08:00:00+00:00,0.004192939025211043,0.116,0.1205,0.11846913,0.11825,84043.53,BTC-27SEP26,0.4991,-0.99972,0.05734,0.0,0.0,0.00449999999999999,BTC,84035.56,0.0
2026-09-25T19:14:40.907418+00:00,BTC-28SEP26-85000-C,84061.55,BTC-28SEP26,call,85000.0,2026-09-28T08:00:00+00:00,0.006930789812343145,0.0017,0.002,0.00188817,0.00185,84061.55,BTC-28SEP26,0.1751,0.22616,21.05701,293.2,207.7,0.00030000000000000014,BTC,84035.56,120079.41
2026-09-25T19:14:40.907418+00:00,BTC-25DEC26-220000-C,85068.82,BTC-25DEC26,call,220000.0,2026-12-25T08:00:00+00:00,0.24786165907996807,0.0001,0.0004,0.00021284,0.00025,85068.82,BTC-25DEC26,0.6415000000000001,0.00244,3.22183,252.7,0.0,0.00030000000000000003,BTC,84035.22,0.0
2026-09-25T19:14:40.907418+00:00,BTC-26MAR27-80000-C,86100.6,BTC-26MAR27,call,80000.0,2027-03-26T08:00:00+00:00,0.4970060807089893,0.1425,0.1445,0.14359072,0.1435,86100.6,BTC-26MAR27,0.3859,0.65771,223.06271,1098.8,0.0,0.0020000000000000018,BTC,84035.22,0.0
2026-09-25T19:14:40.907418+00:00,BTC-25DEC26-56000-P,85068.8,BTC-25DEC26,put,56000.0,2026-12-25T08:00:00+00:00,0.24786165907996807,0.0038,0.0041,0.00396221,0.00395,85068.8,BTC-25DEC26,0.5025,-0.03626,33.69684,520.8,0.1,0.00030000000000000035,BTC,84035.22,34.49
2026-09-25T19:14:40.907418+00:00,BTC-28SEP26-93000-C,84061.62,BTC-28SEP26,call,93000.0,2026-09-28T08:00:00+00:00,0.006930789812343145,0.0001,0.0002,0.00015059,0.00015,84061.62,BTC-28SEP26,0.5197999999999999,0.01037,1.92522,35.0,35.0,0.0001,BTC,84035.56,294.49
2026-09-25T19:14:40.907418+00:00,BTC-26SEP26-76000-P,84024.91,BTC-26SEP26,put,76000.0,2026-09-26T08:00:00+00:00,0.0014550882380789413,,0.0001,2.17e-06,,84024.91,BTC-26SEP26,0.7676999999999999,-0.00029,0.03406,72.1,56.4,,BTC,84035.22,555.77
2026-09-25T19:14:40.907418+00:00,BTC-25DEC26-140000-C,85068.82,BTC-25DEC26,call,140000.0,2026-12-25T08:00:00+00:00,0.24786165907996807,0.0016,0.0021,0.00185491,0.00185,85068.82,BTC-25DEC26,0.47259999999999996,0.0228,22.92102,1418.4,2.4,0.0004999999999999998,BTC,84035.56,387.39
2026-09-25T19:14:40.907418+00:00,BTC-30OCT26-71000-C,84409.3,BTC-30OCT26,call,71000.0,2026-10-30T08:00:00+00:00,0.09454201500057038,0.1615,0.1645,0.16289657,0.163,84409.3,BTC-30OCT26,0.39899999999999997,0.92937,35.10092,956.1,0.0,0.0030000000000000027,BTC,84035.22,0.0
2026-09-25T19:14:40.907418+00:00,BTC-26SEP26-95000-P,84024.91,BTC-26SEP26,put,95000.0,2026-09-26T08:00:00+00:00,0.0014550882380789413,0.128,0.1325,0.13061576,0.13025,84024.91,BTC-26SEP26,0.6801999999999999,-1.0,0.00019,0.0,0.0,0.004500000000000004,BTC,84035.22,0.0
2026-09-25T19:14:40.907418+00:00,BTC-30OCT26-106000-C,84409.32,BTC-30OCT26,call,106000.0,2026-10-30T08:00:00+00:00,0.09454201500057038,0.0015,0.0019,0.00171888,0.0017,84409.32,BTC-30OCT26,0.3997,0.03664,20.82821,30.1,0.0,0.00039999999999999996,BTC,84035.22,0.0
2026-09-25T19:14:40.907418+00:00,BTC-25DEC26-76000-P,85068.8,BTC-25DEC26,put,76000.0,2026-12-25T08:00:00+00:00,0.24786165907996807,0.0305,0.0315,0.03114197,0.031,85068.8,BTC-25DEC26,0.38530000000000003,-0.24711,133.80208,472.2,0.1,0.0010000000000000009,BTC,84035.22,241.17
2026-09-25T19:14:40.907418+00:00,BTC-25DEC26-250000-C,85068.8,BTC-25DEC26,call,250000.0,2026-12-25T08:00:00+00:00,0.24786165907996807,0.0001,0.0002,0.00017861,0.00015,85068.8,BTC-25DEC26,0.7056,0.00192,2.58235,1281.8,0.0,0.0001,BTC,84035.22,0.0
2026-09-25T19:14:40.907418+00:00,BTC-25JUN27-85000-C,87234.76,BTC-25JUN27,call,85000.0,2027-06-25T08:00:00+00:00,0.7461505023380105,0.144,0.1465,0.14537643,0.14525,87234.76,BTC-25JUN27,0.39020000000000005,0.59702,291.78858,163.4,0.1,0.0025000000000000022,BTC,84035.32,1279.5
2026-09-25T19:14:40.907418+00:00,BTC-25JUN27-45000-P,87234.83,BTC-25JUN27,put,45000.0,2027-06-25T08:00:00+00:00,0.7461505023380105,0.0075,0.009,0.00819475,0.00825,87234.83,BTC-25JUN27,0.4985,-0.03988,64.8025,162.6,0.2,0.0014999999999999996,BTC,84035.32,151.25
2026-09-25T19:14:40.907418+00:00,BTC-29SEP26-90000-P,84079.41,BTC-29SEP26,put,90000.0,2026-09-29T08:00:00+00:00,0.009668640599475246,0.0685,0.0725,0.07071882,0.0705,84079.41,BTC-29SEP26,0.3467,-0.97605,4.6619,0.0,0.0,0.00399999999999999,BTC,84035.22,0.0
2026-09-25T19:14:40.907418+00:00,BTC-2OCT26-89000-P,84114.33,BTC-2OCT26,put,89000.0,2026-10-02T08:00:00+00:00,0.017882192960871547,0.058,0.062,0.0597927,0.06,84114.33,BTC-2OCT26,0.3104,-0.90974,18.31208,4.1,1.1,0.003999999999999997,BTC,84035.32,4963.33
2026-09-25T19:14:40.907418+00:00,BTC-25JUN27-106000-C,87234.83,BTC-25JUN27,call,106000.0,2027-06-25T08:00:00+00:00,0.7461505023380105,0.0645,0.066,0.06526605,0.06525,87234.83,BTC-25JUN27,0.3926,0.3429,277.09545,18.7,0.0,0.0015000000000000013,BTC,84035.32,0.0
2026-09-25T19:14:40.907418+00:00,BTC-9OCT26-92000-P,84184.76,BTC-9OCT26,put,92000.0,2026-10-09T08:00:00+00:00,0.03704714847079626,0.0935,0.0975,0.09548362,0.0955,84184.76,BTC-9OCT26,0.33640000000000003,-0.90951,26.42884,0.0,0.0,0.0040000000000000036,BTC,84035.22,0.0
2026-09-25T19:14:40.907418+00:00,BTC-26MAR27-70000-C,86100.6,BTC-26MAR27,call,70000.0,2027-03-26T08:00:00+00:00,0.4970060807089893,0.2195,0.223,0.22131723,0.22125,86100.6,BTC-26MAR27,0.4011,0.80875,165.44119,771.0,0.0,0.003500000000000003,BTC,84035.32,0.0
2026-09-25T19:14:40.907418+00:00,BTC-28SEP26-84500-P,84061.62,BTC-28SEP26,put,84500.0,2026-09-28T08:00:00+00:00,0.006930789812343145,0.008,0.0095,0.00857413,0.00875,84061.62,BTC-28SEP26,0.1677,-0.64173,26.14675,10.9,11.5,0.0014999999999999996,BTC,84035.22,8834.03
2026-09-25T19:14:40.907418+00:00,BTC-26SEP26-89500-P,84024.91,BTC-26SEP26,put,89500.0,2026-09-26T08:00:00+00:00,0.0014550882380789413,0.063,0.067,0.0651675,0.065,84024.91,BTC-26SEP26,0.5524,-0.99857,0.14945,0.0,0.0,0.0040000000000000036,BTC,84035.22,0.0
2026-09-25T19:14:40.907418+00:00,BTC-27NOV26-92000-P,84750.95,BTC-27NOV26,put,92000.0,2026-11-27T08:00:00+00:00,0.17120183704026923,0.114,0.1165,0.11483513,0.11525,84750.95,BTC-27NOV26,0.3668,-0.6788,125.6476,2.1,0.0,0.0025000000000000022,BTC,84035.32,0.0
2026-09-25T19:14:40.907418+00:00,BTC-30OCT26-40000-P,84409.3,BTC-30OCT26,put,40000.0,2026-10-30T08:00:00+00:00,0.09454201500057038,0.0001,0.0002,0.00014311,0.00015,84409.3,BTC-30OCT26,0.8698,-0.00172,1.4356,120.3,0.4,0.0001,BTC,84035.22,7.59
2026-09-25T19:14:40.907418+00:00,BTC-2OCT26-77000-P,84114.33,BTC-2OCT26,put,77000.0,2026-10-02T08:00:00+00:00,0.017882192960871547,0.0008,0.001,0.00086553,0.0009,84114.33,BTC-2OCT26,0.3849,-0.04077,9.84712,231.3,6.0,0.00019999999999999998,BTC,84035.22,748.55
2026-09-25T19:14:40.907418+00:00,BTC-16OCT26-82000-C,84250.68,BTC-16OCT26,call,82000.0,2026-10-16T08:00:00+00:00,0.05621210398072097,0.0455,0.047,0.04612437,0.04625,84250.68,BTC-16OCT26,0.33159999999999995,0.64957,74.04918,12.9,0.3,0.0015000000000000013,BTC,84035.22,1148.12
2026-09-25T19:14:40.907418+00:00,BTC-25JUN27-108000-C,87234.76,BTC-25JUN27,call,108000.0,2027-06-25T08:00:00+00:00,0.7461505023380105,0.0595,0.061,0.06045116,0.06025,87234.76,BTC-25JUN27,0.3934,0.3234,270.75756,35.2,0.0,0.0015000000000000013,BTC,84035.32,0.0
2026-09-25T19:14:40.907418+00:00,BTC-27SEP26-75000-C,84043.53,BTC-27SEP26,call,75000.0,2026-09-27T08:00:00+00:00,0.004192939025211043,0.106,0.1095,0.10763335,0.10775,84043.53,BTC-27SEP26,0.6232,0.99775,0.3833,0.0,0.0,0.003500000000000003,BTC,84035.32,0.0
2026-09-25T19:14:40.907418+00:00,BTC-25JUN27-115000-P,87234.76,BTC-25JUN27,put,115000.0,2027-06-25T08:00:00+00:00,0.7461505023380105,0.3625,0.369,0.36519116,0.36575,87234.76,BTC-25JUN27,0.3985,-0.73574,246.55312,1.0,1.0,0.006500000000000006,BTC,84035.32,30079.81
2026-09-25T19:14:40.907418+00:00,BTC-26MAR27-45000-P,86100.6,BTC-26MAR27,put,45000.0,2027-03-26T08:00:00+00:00,0.4970060807089893,0.0044,0.0049,0.00462326,0.00465,86100.6,BTC-26MAR27,0.5335,-0.0279,38.89882,251.5,0.0,0.0004999999999999996,BTC,84035.32,0.0
2026-09-25T19:14:40.907418+00:00,BTC-30OCT26-95000-P,84409.3,BTC-30OCT26,put,95000.0,2026-10-30T08:00:00+00:00,0.09454201500057038,0.131,0.136,0.1333426,0.1335,84409.3,BTC-30OCT26,0.3502,-0.85151,60.12939,201.2,0.0,0.0050000000000000044,BTC,84035.32,0.0
2026-09-25T19:14:40.907418+00:00,BTC-27NOV26-108000-C,84750.97,BTC-27NOV26,call,108000.0,2026-11-27T08:00:00+00:00,0.17120183704026923,0.005,0.006,0.00554736,0.0055,84750.97,BTC-27NOV26,0.39399999999999996,0.07999,52.14832,97.7,0.1,0.001,BTC,84035.32,50.57
2026-09-25T19:14:40.907418+00:00,BTC-27NOV26-83000-C,84750.95,BTC-27NOV26,call,83000.0,2026-11-27T08:00:00+00:00,0.17120183704026923,0.07,0.0715,0.07086008,0.07075,84750.95,BTC-27NOV26,0.36729999999999996,0.58457,136.79392,88.3,6.0,0.0014999999999999875,BTC,84035.32,37064.36
2026-09-25T19:14:40.907418+00:00,BTC-27NOV26-98000-P,84750.95,BTC-27NOV26,put,98000.0,2026-11-27T08:00:00+00:00,0.17120183704026923,0.1695,0.174,0.1719795,0.17175,84750.95,BTC-27NOV26,0.3749,-0.80462,96.83579,0.0,0.0,0.004499999999999976,BTC,84035.32,0.0
2026-09-25T19:14:40.907418+00:00,BTC-27NOV26-78000-P,84750.95,BTC-27NOV26,put,78000.0,2026-11-27T08:00:00+00:00,0.17120183704026923,0.0275,0.028,0.02771283,0.02775,84750.95,BTC-27NOV26,0.3741,-0.26967,115.92155,190.1,3.8,0.0005000000000000004,BTC,84035.32,8299.51
2026-09-25T19:14:40.907418+00:00,BTC-25DEC26-65000-P,85068.82,BTC-25DEC26,put,65000.0,2026-12-25T08:00:00+00:00,0.24786165907996807,0.009,0.01,0.00941741,0.0095,85068.82,BTC-25DEC26,0.4314,-0.08696,67.06162,800.7,2.0,0.0010000000000000009,BTC,84035.52,1599.53
2026-09-25T19:14:40.907418+00:00,BTC-27SEP26-85000-P,84043.53,BTC-27SEP26,put,85000.0,2026-09-27T08:00:00+00:00,0.004192939025211043,0.0105,0.014,0.01196583,0.01225,84043.53,BTC-27SEP26,0.14980000000000002,-0.87714,11.07127,11.9,8.1,0.0034999999999999996,BTC,84036.02,6045.57
2026-09-25T19:14:40.907418+00:00,BTC-27NOV26-104000-C,84750.97,BTC-27NOV26,call,104000.0,2026-11-27T08:00:00+00:00,0.17120183704026923,0.008,0.0085,0.00828349,0.00825,84750.97,BTC-27NOV26,0.3849,0.11414,67.72841,16.0,0.0,0.0005000000000000004,BTC,84035.52,0.0
2026-09-25T19:14:40.907418+00:00,BTC-9OCT26-68000-P,84184.76,BTC-9OCT26,put,68000.0,2026-10-09T08:00:00+00:00,0.03704714847079626,0.0004,0.0006,0.00048224,0.0005,84184.76,BTC-9OCT26,0.5129,-0.0135,5.60491,460.6,0.0,0.00019999999999999993,BTC,84036.02,0.0
2026-09-25T19:14:40.907418+00:00,BTC-27SEP26-93000-P,84043.53,BTC-27SEP26,put,93000.0,2026-09-27T08:00:00+00:00,0.004192939025211043,0.1045,0.1085,0.10657181,0.1065,84043.53,BTC-27SEP26,0.469,-0.99955,0.08858,0.0,0.0,0.0040000000000000036,BTC,84036.02,0.0
2026-09-25T19:14:40.907418+00:00,BTC-25JUN27-130000-C,87234.83,BTC-25JUN27,call,130000.0,2027-06-25T08:00:00+00:00,0.7461505023380105,0.0275,0.029,0.02835714,0.02825,87234.83,BTC-25JUN27,0.4121,0.17303,192.91996,764.2,0.7,0.0015000000000000013,BTC,84036.02,1716.5
2026-09-25T19:14:40.907418+00:00,BTC-26SEP26-96000-C,84024.91,BTC-26SEP26,call,96000.0,2026-09-26T08:00:00+00:00,0.0014550882380789413,,0.0001,0.0,,84024.91,BTC-26SEP26,0.7197,0.0,0.00011,6.3,0.0,,BTC,84035.52,0.0
2026-09-25T19:14:40.907418+00:00,BTC-27NOV26-90000-P,84750.97,BTC-27NOV26,put,90000.0,2026-11-27T08:00:00+00:00,0.17120183704026923,0.0975,0.0995,0.09805037,0.0985,84750.97,BTC-27NOV26,0.3661,-0.62575,132.94006,6.7,0.0,0.0020000000000000018,BTC,84036.02,0.0
2026-09-25T19:14:40.907418+00:00,BTC-27SEP26-83500-P,84043.53,BTC-27SEP26,put,83500.0,2026-09-27T08:00:00+00:00,0.004192939025211043,0.0008,0.0011,0.0009196,0.00095,84043.53,BTC-27SEP26,0.12240000000000001,-0.20445,15.4423,216.1,163.0,0.00030000000000000003,BTC,84035.46,26654.83
2026-09-25T19:14:40.907418+00:00,BTC-26SEP26-93000-C,84024.93,BTC-26SEP26,call,93000.0,2026-09-26T08:00:00+00:00,0.0014550882380789413,,0.0001,8e-08,,84024.93,BTC-26SEP26,0.6363,2e-05,0.00217,8.2,0.0,,BTC,84036.02,0.0
2026-09-25T19:14:40.907418+00:00,BTC-25DEC26-40000-C,85068.8,BTC-25DEC26,call,40000.0,2026-12-25T08:00:00+00:00,0.24786165907996807,0.5295,0.532,0.53121679,0.53075,85068.8,BTC-25DEC26,0.711,0.9895,11.7853,253.0,0.0,0.0025000000000000577,BTC,84036.02,0.0
2026-09-25T19:14:40.907418+00:00,BTC-27NOV26-86000-C,84750.95,BTC-27NOV26,call,86000.0,2026-11-27T08:00:00+00:00,0.17120183704026923,0.053,0.054,0.05370754,0.0535,84750.95,BTC-27NOV26,0.36579999999999996,0.49178,139.92215,217.5,1.6,0.0010000000000000009,BTC,84036.02,7778.54
2026-09-25T19:14:40.907418+00:00,BTC-25DEC26-135000-P,85068.8,BTC-25DEC26,put,135000.0,2026-12-25T08:00:00+00:00,0.24786165907996807,0.5865,0.593,0.58931596,0.58975,85068.8,BTC-25DEC26,0.46090000000000003,-0.97109,27.95937,0.7,0.0,0.00649999999999995,BTC,84035.46,0.0
2026-09-25T19:14:40.907418+00:00,BTC-26SEP26-88000-C,84024.91,BTC-26SEP26,call,88000.0,2026-09-26T08:00:00+00:00,0.0014550882380789413,,0.0001,4.707e-05,,84024.91,BTC-26SEP26,0.49700000000000005,0.00762,0.67355,206.0,198.7,,BTC,84035.46,3954.61
2026-09-25T19:14:40.907418+00:00,BTC-26MAR27-105000-C,86100.6,BTC-26MAR27,call,105000.0,2027-03-26T08:00:00+00:00,0.4970060807089893,0.0405,0.0415,0.04095808,0.041,86100.6,BTC-26MAR27,0.3872,0.2776,203.55016,247.0,25.6,0.0010000000000000009,BTC,84035.46,88289.22
2026-09-25T19:14:40.907418+00:00,BTC-26MAR27-100000-P,86100.62,BTC-26MAR27,put,100000.0,2027-03-26T08:00:00+00:00,0.4970060807089893,0.213,0.217,0.21440428,0.215,86100.62,BTC-26MAR27,0.38439999999999996,-0.66148,222.12279,12.7,0.0,0.0040000000000000036,BTC,84035.46,0.0
2026-09-25T19:14:40.907418+00:00,BTC-28SEP26-89000-P,84061.55,BTC-28SEP26,put,89000.0,2026-09-28T08:00:00+00:00,0.006930789812343145,0.0565,0.061,0.05893817,0.05875,84061.55,BTC-28SEP26,0.33030000000000004,-0.98042,3.32886,0.0,0.0,0.004499999999999997,BTC,84034.1,0.0
2026-09-25T19:14:40.907418+00:00,BTC-24SEP27-160000-P,88332.52,BTC-24SEP27,put,160000.0,2027-09-24T08:00:00+00:00,0.9952949239670317,0.829,0.8445,0.83315491,0.83675,88332.52,BTC-24SEP27,0.4313,-0.87802,178.38962,0.0,0.0,0.01550000000000007,BTC,84034.1,0.0
2026-09-25T19:14:40.907418+00:00,BTC-25JUN27-130000-P,87234.83,BTC-25JUN27,put,130000.0,2027-06-25T08:00:00+00:00,0.7461505023380105,0.5155,0.5235,0.51858212,0.5195,87234.83,BTC-25JUN27,0.4121,-0.82697,192.92153,3.9,0.0,0.008000000000000007,BTC,84034.1,0.0
2026-09-25T19:14:40.907418+00:00,BTC-25DEC26-20000-P,85068.82,BTC-25DEC26,put,20000.0,2026-12-25T08:00:00+00:00,0.24786165907996807,0.0002,0.0004,0.0002858,0.0003,85068.82,BTC-25DEC26,1.0841,-0.00158,2.16958,932.8,27.9,0.0002,BTC,84034.1,705.02
2026-09-25T19:14:40.907418+00:00,BTC-30OCT26-74000-C,84409.3,BTC-30OCT26,call,74000.0,2026-10-30T08:00:00+00:00,0.09454201500057038,0.1285,0.132,0.13009093,0.13025,84409.3,BTC-30OCT26,0.37420000000000003,0.88515,50.34617,724.4,6.0,0.003500000000000003,BTC,84032.87,66803.15
2026-09-25T19:14:40.907418+00:00,BTC-9OCT26-100000-C,84184.76,BTC-9OCT26,call,100000.0,2026-10-09T08:00:00+00:00,0.03704714847079626,0.0004,0.0005,0.00047186,0.00045,84184.76,BTC-9OCT26,0.41359999999999997,0.01687,6.78984,154.1,31.4,9.999999999999999e-05,BTC,84034.1,1584.67
2026-09-25T19:14:40.907418+00:00,BTC-24SEP27-200000-P,88332.52,BTC-24SEP27,put,200000.0,2027-09-24T08:00:00+00:00,0.9952949239670317,1.257,1.304,1.27518962,1.2805,88332.52,BTC-24SEP27,0.467,-0.93579,110.72005,0.0,0.0,0.04700000000000015,BTC,84032.87,0.0
2026-09-25T19:14:40.907418+00:00,BTC-27SEP26-76000-P,84043.53,BTC-27SEP26,put,76000.0,2026-09-27T08:00:00+00:00,0.004192939025211043,,0.0001,2.624e-05,,84043.53,BTC-27SEP26,0.5552,-0.00243,0.41201,29.9,2.5,,BTC,84034.1,32.79
2026-09-25T19:14:40.907418+00:00,BTC-27NOV26-99000-P,84750.97,BTC-27NOV26,put,99000.0,2026-11-27T08:00:00+00:00,0.17120183704026923,0.18,0.1845,0.18220011,0.18225,84750.97,BTC-27NOV26,0.3764,-0.82105,91.71291,0.0,0.0,0.004500000000000004,BTC,84034.1,0.0
2026-09-25T19:14:40.907418+00:00,BTC-25JUN27-80000-C,87234.76,BTC-25JUN27,call,80000.0,2027-06-25T08:00:00+00:00,0.7461505023380105,0.1735,0.176,0.17505928,0.17475,87234.76,BTC-25JUN27,0.3937,0.66442,274.80056,170.0,0.4,0.0025000000000000022,BTC,84032.87,5899.97
2026-09-25T19:14:40.907418+00:00,BTC-16OCT26-95000-P,84250.68,BTC-16OCT26,put,95000.0,2026-10-16T08:00:00+00:00,0.05621210398072097,0.1285,0.1325,0.13045794,0.1305,84250.68,BTC-16OCT26,0.3488,-0.92073,29.50172,0.0,0.0,0.0040000000000000036,BTC,84032.87,0.0
2026-09-25T19:14:40.907418+00:00,BTC-26MAR27-140000-C,86100.6,BTC-26MAR27,call,140000.0,2027-03-26T08:00:00+00:00,0.4970060807089893,0.0085,0.0095,0.00904438,0.009,86100.6,BTC-26MAR27,0.43200000000000005,0.07444,85.4622,905.3,17.2,0.0009999999999999992,BTC,84032.87,13687.77
2026-09-25T19:14:40.907418+00:00,BTC-27NOV26-73000-C,84750.97,BTC-27NOV26,call,73000.0,2026-11-27T08:00:00+00:00,0.17120183704026923,0.1515,0.1545,0.15300975,0.153,84750.97,BTC-27NOV26,0.3901,0.84259,84.44673,0.6,0.2,0.0030000000000000027,BTC,84032.87,2577.28
2026-09-25T19:14:40.907418+00:00,BTC-25DEC26-62000-C,85068.8,BTC-25DEC26,call,62000.0,2026-12-25T08:00:00+00:00,0.24786165907996807,0.2765,0.2795,0.2780928,0.278,85068.8,BTC-25DEC26,0.4517,0.93565,53.29964,247.1,0.0,0.0030000000000000027,BTC,84032.87,0.0
2026-09-25T19:14:40.907418+00:00,BTC-24SEP27-92000-C,88332.52,BTC-24SEP27,call,92000.0,2027-09-24T08:00:00+00:00,0.9952949239670317,0.1375,0.14,0.13868857,0.13875,88332.52,BTC-24SEP27,0.39280000000000004,0.53673,350.19235,0.0,0.0,0.0025000000000000022,BTC,84032.25,0.0
2026-09-25T19:14:40.907418+00:00,BTC-25JUN27-135000-C,87234.76,BTC-25JUN27,call,135000.0,2027-06-25T08:00:00+00:00,0.7461505023380105,0.0235,0.025,0.02434255,0.02425,87234.76,BTC-25JUN27,0.41729999999999995,0.15133,176.78913,0.5,0.0,0.0015000000000000013,BTC,84032.25,0.0
2026-09-25T19:14:40.907418+00:00,BTC-25JUN27-82000-C,87234.76,BTC-25JUN27,call,82000.0,2027-06-25T08:00:00+00:00,0.7461505023380105,0.1615,0.1635,0.1625526,0.1625,87234.76,BTC-25JUN27,0.3918,0.63754,282.64887,75.8,0.0,0.0020000000000000018,BTC,84028.52,0.0
2026-09-25T19:14:40.907418+00:00,BTC-30OCT26-71000-P,84409.3,BTC-30OCT26,put,71000.0,2026-10-30T08:00:00+00:00,0.09454201500057038,0.0039,0.0042,0.00403501,0.00405,84409.3,BTC-30OCT26,0.39899999999999997,-0.07073,35.13825,776.1,20.8,0.0002999999999999999,BTC,84028.52,8373.89
2026-09-25T19:14:40.907418+00:00,BTC-25JUN27-110000-C,87234.83,BTC-25JUN27,call,110000.0,2027-06-25T08:00:00+00:00,0.7461505023380105,0.055,0.057,0.05623032,0.056,87234.83,BTC-25JUN27,0.395,0.30539,264.18455,293.3,0.6,0.0020000000000000018,BTC,84028.52,2898.23
2026-09-25T19:14:40.907418+00:00,BTC-9OCT26-92000-C,84184.78,BTC-9OCT26,call,92000.0,2026-10-09T08:00:00+00:00,0.03704714847079626,0.0024,0.0028,0.00264846,0.0026,84184.78,BTC-9OCT26,0.33640000000000003,0.09034,26.39662,599.0,392.9,0.0004000000000000002,BTC,84032.25,111100.05
2026-09-25T19:14:40.907418+00:00,BTC-25JUN27-85000-P,87234.76,BTC-25JUN27,put,85000.0,2027-06-25T08:00:00+00:00,0.7461505023380105,0.119,0.121,0.11975431,0.12,87234.76,BTC-25JUN27,0.39020000000000005,-0.40307,291.78229,16.5,0.2,0.0020000000000000018,BTC,84028.52,1984.52
2026-09-25T19:14:40.907418+00:00,BTC-29SEP26-92000-P,84079.41,BTC-29SEP26,put,92000.0,2026-09-29T08:00:00+00:00,0.009668640599475246,0.092,0.0965,0.09439383,0.09425,84079.41,BTC-29SEP26,0.41090000000000004,-0.98643,2.87249,0.0,0.0,0.004500000000000004,BTC,84028.52,0.0
2026-09-25T19:14:40.907418+00:00,BTC-2OCT26-86000-C,84114.31,BTC-2OCT26,call,86000.0,2026-10-02T08:00:00+00:00,0.017882192960871547,0.0065,0.0075,0.007212,0.007,84114.31,BTC-2OCT26,0.2962,0.29387,38.75116,847.4,184.7,0.001,BTC,84028.52,147393.58
2026-09-25T19:14:40.907418+00:00,BTC-26MAR27-108000-C,86100.6,BTC-26MAR27,call,108000.0,2027-03-26T08:00:00+00:00,0.4970060807089893,0.0345,0.0355,0.03520824,0.035,86100.6,BTC-26MAR27,0.3896,0.24582,191.21402,97.5,2.9,0.000999999999999994,BTC,84028.52,8680.61
2026-09-25T19:14:40.907418+00:00,BTC-27NOV26-74000-C,84750.95,BTC-27NOV26,call,74000.0,2026-11-27T08:00:00+00:00,0.17120183704026923,0.1415,0.145,0.14319425,0.14325,84750.95,BTC-27NOV26,0.38530000000000003,0.82376,90.82645,0.4,0.0,0.003500000000000003,BTC,84028.52,0.0
2026-09-25T19:14:40.907418+00:00,BTC-25JUN27-104000-C,87234.76,BTC-25JUN27,call,104000.0,2027-06-25T08:00:00+00:00,0.7461505023380105,0.0695,0.071,0.07033376,0.07025,87234.76,BTC-25JUN27,0.39149999999999996,0.36285,282.73594,185.8,4.2,0.0014999999999999875,BTC,84023.33,25391.93
2026-09-25T19:14:40.907418+00:00,BTC-28SEP26-91000-C,84061.62,BTC-28SEP26,call,91000.0,2026-09-28T08:00:00+00:00,0.006930789812343145,0.0001,0.0002,0.00016157,0.00015,84061.62,BTC-28SEP26,0.4255,0.01305,2.35068,0.5,0.5,0.0001,BTC,84023.33,8.4
2026-09-25T19:14:40.907418+00:00,BTC-25DEC26-60000-C,85068.8,BTC-25DEC26,call,60000.0,2026-12-25T08:00:00+00:00,0.24786165907996807,0.2985,0.302,0.30036877,0.30025,85068.8,BTC-25DEC26,0.4669,0.94703,45.74292,784.0,1.0,0.003500000000000003,BTC,84023.33,26186.52
2026-09-25T19:14:40.907418+00:00,BTC-29SEP26-88000-C,84079.41,BTC-29SEP26,call,88000.0,2026-09-29T08:00:00+00:00,0.009668640599475246,0.0004,0.0007,0.00057954,0.00055,84079.41,BTC-29SEP26,0.2805,0.05004,8.53325,7.9,7.9,0.0003,BTC,84023.33,559.41
2026-09-25T19:14:40.907418+00:00,BTC-2OCT26-83000-P,84114.31,BTC-2OCT26,put,83000.0,2026-10-02T08:00:00+00:00,0.017882192960871547,0.0095,0.0105,0.01005268,0.01,84114.31,BTC-2OCT26,0.2981,-0.36274,42.1987,473.1,100.3,0.0010000000000000009,BTC,84023.33,86582.14
2026-09-25T19:14:40.907418+00:00,BTC-27SEP26-81000-C,84043.53,BTC-27SEP26,call,81000.0,2026-09-27T08:00:00+00:00,0.004192939025211043,0.0345,0.0385,0.03633445,0.0365,84043.53,BTC-27SEP26,0.27399999999999997,0.98123,2.49719,3.0,1.1,0.003999999999999997,BTC,84023.33,3517.11
2026-09-25T19:14:40.907418+00:00,BTC-26SEP26-80000-P,84024.91,BTC-26SEP26,put,80000.0,2026-09-26T08:00:00+00:00,0.0014550882380789413,,0.0001,3.035e-05,,84024.91,BTC-26SEP26,0.5013000000000001,-0.00509,0.47066,146.3,23.5,,BTC,84023.33,277.7
2026-09-25T19:14:40.907418+00:00,BTC-24SEP27-74000-P,88332.52,BTC-24SEP27,put,74000.0,2027-09-24T08:00:00+00:00,0.9952949239670317,0.0775,0.08,0.0786172,0.07875,88332.52,BTC-24SEP27,0.4017,-0.26057,286.21036,0.0,0.0,0.0025000000000000022,BTC,84016.96,0.0
2026-09-25T19:14:40.907418+00:00,BTC-26MAR27-55000-P,86100.6,BTC-26MAR27,put,55000.0,2027-03-26T08:00:00+00:00,0.4970060807089893,0.0095,0.0105,0.0101711,0.01,86100.6,BTC-26MAR27,0.4642,-0.0627,74.84488,1263.1,0.0,0.0010000000000000009,BTC,84016.96,0.0
2026-09-25T19:14:40.907418+00:00,BTC-25JUN27-150000-C,87234.76,BTC-25JUN27,call,150000.0,2027-06-25T08:00:00+00:00,0.7461505023380105,0.0155,0.017,0.01630943,0.01625,87234.76,BTC-25JUN27,0.4353,0.10501,137.04453,223.3,6.0,0.0015000000000000013,BTC,84016.25,8270.02
2026-09-25T19:14:40.907418+00:00,BTC-28SEP26-81500-P,84061.62,BTC-28SEP26,put,81500.0,2026-09-28T08:00:00+00:00,0.006930789812343145,0.0003,0.0005,0.00035236,0.0004,84061.62,BTC-28SEP26,0.2217,-0.04733,6.90907,42.5,26.9,0.00020000000000000004,BTC,84016.25,3172.5
2026-09-25T19:14:40.907418+00:00,BTC-28SEP26-78000-P,84061.62,BTC-28SEP26,put,78000.0,2026-09-28T08:00:00+00:00,0.006930789812343145,0.0001,0.0002,0.00014154,0.00015,84061.62,BTC-28SEP26,0.4017,-0.01231,2.23443,0.2,0.0,0.0001,BTC,84016.25,0.0
2026-09-25T19:14:40.907418+00:00,BTC-30OCT26-54000-C,84409.3,BTC-30OCT26,call,54000.0,2026-10-30T08:00:00+00:00,0.09454201500057038,0.3595,0.3625,0.36084794,0.361,84409.3,BTC-30OCT26,0.6343,0.99147,6.01709,0.1,0.0,0.0030000000000000027,BTC,84016.25,0.0
2026-09-25T19:14:40.907418+00:00,BTC-26SEP26-96000-P,84024.91,BTC-26SEP26,put,96000.0,2026-09-26T08:00:00+00:00,0.0014550882380789413,0.14,0.1445,0.14251698,0.14225,84024.91,BTC-26SEP26,0.7197,-1.0,0.0001,0.0,0.0,0.004499999999999976,BTC,84016.96,0.0
2026-09-25T19:14:40.907418+00:00,BTC-26SEP26-79000-C,84024.93,BTC-26SEP26,call,79000.0,2026-09-26T08:00:00+00:00,0.0014550882380789413,0.058,0.062,0.05981525,0.06,84024.93,BTC-26SEP26,0.5589,0.99812,0.19256,0.0,0.0,0.003999999999999997,BTC,84016.96,0.0
2026-09-25T19:14:40.907418+00:00,BTC-30OCT26-91000-C,84409.3,BTC-30OCT26,call,91000.0,2026-10-30T08:00:00+00:00,0.09454201500057038,0.015,0.0155,0.01518712,0.01525,84409.3,BTC-30OCT26,0.3418,0.25314,83.03049,1447.6,305.1,0.0005000000000000004,BTC,84016.25,437096.86
2026-09-25T19:14:40.907418+00:00,BTC-30OCT26-82000-P,84409.3,BTC-30OCT26,put,82000.0,2026-10-30T08:00:00+00:00,0.09454201500057038,0.0285,0.0295,0.02890025,0.029,84409.3,BTC-30OCT26,0.3443,-0.37288,98.25028,186.1,20.9,0.0009999999999999974,BTC,84016.25,50288.77
2026-09-25T19:14:40.907418+00:00,BTC-26MAR27-106000-P,86100.6,BTC-26MAR27,put,106000.0,2027-03-26T08:00:00+00:00,0.4970060807089893,0.2675,0.273,0.27004443,0.27025,86100.6,BTC-26MAR27,0.38799999999999996,-0.7337,199.33753,0.1,0.0,0.005500000000000005,BTC,84016.25,0.0
2026-09-25T19:14:40.907418+00:00,BTC-28SEP26-94000-C,84061.62,BTC-28SEP26,call,94000.0,2026-09-28T08:00:00+00:00,0.006930789812343145,,0.0002,0.00011648,,84061.62,BTC-28SEP26,0.5498,0.00772,1.48611,108.5,108.2,,BTC,84016.25,909.08
2026-09-25T19:14:40.907418+00:00,BTC-9OCT26-95000-P,84184.76,BTC-9OCT26,put,95000.0,2026-10-09T08:00:00+00:00,0.03704714847079626,0.1275,0.132,0.12962664,0.12975,84184.76,BTC-9OCT26,0.35700000000000004,-0.95799,14.53016,0.6,0.0,0.004500000000000004,BTC,84016.25,0.0
2026-09-25T19:14:40.907418+00:00,BTC-2OCT26-75000-P,84114.33,BTC-2OCT26,put,75000.0,2026-10-02T08:00:00+00:00,0.017882192960871547,0.0005,0.0006,0.000525,0.00055,84114.33,BTC-2OCT26,0.4379,-0.02371,6.28842,419.1,7.4,9.999999999999994e-05,BTC,84016.25,457.92
2026-09-25T19:14:40.907418+00:00,BTC-16OCT26-78000-C,84250.91,BTC-16OCT26,call,78000.0,2026-10-16T08:00:00+00:00,0.05621210398072097,0.08,0.0835,0.08167736,0.08175,84250.91,BTC-16OCT26,0.348,0.83475,49.64049,0.0,0.0,0.003500000000000003,BTC,84016.25,0.0
2026-09-25T19:14:40.907418+00:00,BTC-27SEP26-83000-C,84043.53,BTC-27SEP26,call,83000.0,2026-09-27T08:00:00+00:00,0.004192939025211043,0.0105,0.015,0.01277702,0.01275,84043.53,BTC-27SEP26,0.1413,0.91064,8.79118,3.4,0.0,0.004499999999999999,BTC,84016.25,0.0
2026-09-25T19:14:40.907418+00:00,BTC-27SEP26-88000-P,84043.53,BTC-27SEP26,put,88000.0,2026-09-27T08:00:00+00:00,0.004192939025211043,0.045,0.0495,0.0472218,0.04725,84043.53,BTC-27SEP26,0.3387,-0.98195,2.41513,0.0,0.0,0.004500000000000004,BTC,84016.25,0.0
2026-09-25T19:14:40.907418+00:00,BTC-25DEC26-210000-P,85068.82,BTC-25DEC26,put,210000.0,2026-12-25T08:00:00+00:00,0.24786165907996807,1.4605,1.478,1.46891368,1.46925,85068.82,BTC-25DEC26,0.6385000000000001,-0.99636,4.61381,0.0,0.0,0.01750000000000007,BTC,84016.25,0.0
2026-09-25T19:14:40.907418+00:00,BTC-30OCT26-54000-P,84409.3,BTC-30OCT26,put,54000.0,2026-10-30T08:00:00+00:00,0.09454201500057038,0.0005,0.0007,0.00058704,0.0006,84409.3,BTC-30OCT26,0.6343,-0.00853,6.01804,188.1,1.6,0.00019999999999999998,BTC,84015.23,67.74
2026-09-25T19:14:40.907418+00:00,BTC-9OCT26-70000-P,84184.78,BTC-9OCT26,put,70000.0,2026-10-09T08:00:00+00:00,0.03704714847079626,0.0006,0.0007,0.00065956,0.00065,84184.78,BTC-9OCT26,0.4733,-0.01935,7.62848,123.2,8.7,0.00010000000000000005,BTC,84016.25,598.31
2026-09-25T19:14:40.907418+00:00,BTC-25DEC26-80000-C,85068.8,BTC-25DEC26,call,80000.0,2026-12-25T08:00:00+00:00,0.24786165907996807,0.1055,0.107,0.10646191,0.10625,85068.8,BTC-25DEC26,0.3785,0.66236,154.78383,8717.3,3.1,0.0015000000000000013,BTC,84015.23,28742.54
2026-09-25T19:14:40.907418+00:00,BTC-24SEP27-80000-P,88332.52,BTC-24SEP27,put,80000.0,2027-09-24T08:00:00+00:00,0.9952949239670317,0.1055,0.1085,0.10727585,0.107,88332.52,BTC-24SEP27,0.39759999999999995,-0.32724,318.10189,0.0,0.0,0.0030000000000000027,BTC,84015.26,0.0
2026-09-25T19:14:40.907418+00:00,BTC-25DEC26-105000-P,85068.8,BTC-25DEC26,put,105000.0,2026-12-25T08:00:00+00:00,0.24786165907996807,0.2465,0.2515,0.24898005,0.249,85068.8,BTC-25DEC26,0.38539999999999996,-0.84186,102.27398,107.5,2.0,0.0050000000000000044,BTC,84015.23,40698.01
2026-09-25T19:14:40.907418+00:00,BTC-25DEC26-200000-P,85068.82,BTC-25DEC26,put,200000.0,2026-12-25T08:00:00+00:00,0.24786165907996807,1.344,1.3595,1.35139583,1.35175,85068.82,BTC-25DEC26,0.6143,-0.99588,5.15415,0.0,0.0,0.015499999999999847,BTC,84015.23,0.0
2026-09-25T19:14:40.907418+00:00,BTC-27NOV26-106000-C,84750.95,BTC-27NOV26,call,106000.0,2026-11-27T08:00:00+00:00,0.17120183704026923,0.0065,0.007,0.00681848,0.00675,84750.95,BTC-27NOV26,0.3901,0.09568,59.59023,29.4,0.5,0.0005000000000000004,BTC,84015.23,340.97
2026-09-25T19:14:40.907418+00:00,BTC-27SEP26-81500-P,84043.53,BTC-27SEP26,put,81500.0,2026-09-27T08:00:00+00:00,0.004192939025211043,0.0001,0.0002,0.00012675,0.00015,84043.53,BTC-27SEP26,0.23670000000000002,-0.02312,2.97815,218.8,64.0,0.0001,BTC,84015.23,3845.88
2026-09-25T19:14:40.907418+00:00,BTC-27NOV26-102000-P,84750.97,BTC-27NOV26,put,102000.0,2026-11-27T08:00:00+00:00,0.17120183704026923,0.2115,0.216,0.21361995,0.21375,84750.97,BTC-27NOV26,0.3799,-0.86464,76.28545,2.0,0.0,0.004500000000000004,BTC,84015.26,0.0
2026-09-25T19:14:40.907418+00:00,BTC-27NOV26-67000-P,84750.97,BTC-27NOV26,put,67000.0,2026-11-27T08:00:00+00:00,0.17120183704026923,0.006,0.007,0.00663159,0.0065,84750.97,BTC-27NOV26,0.426,-0.07772,51.01085,65.7,3.3,0.001,BTC,84015.26,1946.92
2026-09-25T19:14:40.907418+00:00,BTC-30OCT26-64000-P,84409.3,BTC-30OCT26,put,64000.0,2026-10-30T08:00:00+00:00,0.09454201500057038,0.0014,0.0017,0.00155814,0.00155,84409.3,BTC-30OCT26,0.4824,-0.02629,15.82467,581.1,1.4,0.0002999999999999999,BTC,84015.15,194.1
2026-09-25T19:14:40.907418+00:00,BTC-30OCT26-75000-C,84409.3,BTC-30OCT26,call,75000.0,2026-10-30T08:00:00+00:00,0.09454201500057038,0.118,0.1215,0.11960441,0.11975,84409.3,BTC-30OCT26,0.3676,0.86438,56.53397,1169.2,4.4,0.003500000000000003,BTC,84015.15,44828.02
2026-09-25T19:14:40.907418+00:00,BTC-26MAR27-60000-C,86100.6,BTC-26MAR27,call,60000.0,2027-03-26T08:00:00+00:00,0.4970060807089893,0.3165,0.32,0.3185495,0.31825,86100.6,BTC-26MAR27,0.4391,0.90664,101.2947,647.9,0.0,0.003500000000000003,BTC,84015.26,0.0
2026-09-25T19:14:40.907418+00:00,BTC-25DEC26-170000-P,85068.8,BTC-25DEC26,put,170000.0,2026-12-25T08:00:00+00:00,0.24786165907996807,0.9955,1.0055,0.99912584,1.0005,85068.8,BTC-25DEC26,0.5534,-0.99124,10.05805,0.1,0.0,0.010000000000000009,BTC,84015.15,0.0
2026-09-25T19:14:40.907418+00:00,BTC-27SEP26-89000-P,84043.53,BTC-27SEP26,put,89000.0,2026-09-27T08:00:00+00:00,0.004192939025211043,0.057,0.0615,0.05908745,0.05925,84043.53,BTC-27SEP26,0.3944,-0.98744,1.76838,0.0,0.0,0.004499999999999997,BTC,84015.15,0.0
2026-09-25T19:14:40.907418+00:00,BTC-2OCT26-70000-P,84114.33,BTC-2OCT26,put,70000.0,2026-10-02T08:00:00+00:00,0.017882192960871547,0.0002,0.0004,0.00027751,0.0003,84114.33,BTC-2OCT26,0.6001,-0.01005,3.01025,1054.5,2.0,0.0002,BTC,84015.15,67.22
2026-09-25T19:14:40.907418+00:00,BTC-30OCT26-85000-C,84409.3,BTC-30OCT26,call,85000.0,2026-10-30T08:00:00+00:00,0.09454201500057038,0.038,0.039,0.03854709,0.0385,84409.3,BTC-30OCT26,0.34090000000000004,0.49347,103.53789,2655.7,217.3,0.0010000000000000009,BTC,84015.16,782422.19
2026-09-25T19:14:40.907418+00:00,BTC-30OCT26-66000-P,84409.3,BTC-30OCT26,put,66000.0,2026-10-30T08:00:00+00:00,0.09454201500057038,0.0018,0.0021,0.00196672,0.00195,84409.3,BTC-30OCT26,0.45530000000000004,-0.03398,19.5767,489.7,2.1,0.0002999999999999999,BTC,84015.16,322.63
2026-09-25T19:14:40.907418+00:00,BTC-24SEP27-104000-P,88332.68,BTC-24SEP27,put,104000.0,2027-09-24T08:00:00+00:00,0.9952949239670317,0.27,0.2765,0.27258312,0.27325,88332.68,BTC-24SEP27,0.39399999999999996,-0.58676,343.26344,0.0,0.0,0.006500000000000006,BTC,84015.16,0.0
2026-09-25T19:14:40.907418+00:00,BTC-16OCT26-76000-P,84250.91,BTC-16OCT26,put,76000.0,2026-10-16T08:00:00+00:00,0.05621210398072097,0.0045,0.0048,0.00465452,0.00465,84250.91,BTC-16OCT26,0.364,-0.10847,37.18844,63.2,2.9,0.0002999999999999999,BTC,84015.16,1190.61
2026-09-25T19:14:40.907418+00:00,BTC-27SEP26-90000-P,84043.53,BTC-27SEP26,put,90000.0,2026-09-27T08:00:00+00:00,0.004192939025211043,0.0685,0.073,0.0709102,0.07075,84043.53,BTC-27SEP26,0.4042,-0.9955,0.71703,0.2,0.0,0.00449999999999999,BTC,84015.16,0.0
2026-09-25T19:14:40.907418+00:00,BTC-27SEP26-79000-P,84043.53,BTC-27SEP26,put,79000.0,2026-09-27T08:00:00+00:00,0.004192939025211043,,0.0001,6.224e-05,,84043.53,BTC-27SEP26,0.39390000000000003,-0.00757,1.13569,25.3,19.7,,BTC,84015.16,923.95
2026-09-25T19:14:40.907418+00:00,BTC-25DEC26-72000-C,85068.8,BTC-25DEC26,call,72000.0,2026-12-25T08:00:00+00:00,0.24786165907996807,0.172,0.175,0.17386353,0.1735,85068.8,BTC-25DEC26,0.3975,0.82657,108.56118,1214.2,0.0,0.0030000000000000027,BTC,84015.16,0.0
2026-09-25T19:14:40.907418+00:00,BTC-25DEC26-40000-P,85068.8,BTC-25DEC26,put,40000.0,2026-12-25T08:00:00+00:00,0.24786165907996807,0.0012,0.0016,0.00142383,0.0014,85068.8,BTC-25DEC26,0.711,-0.01052,11.80406,4934.7,73.4,0.0004000000000000002,BTC,84015.16,9610.54
2026-09-25T19:14:40.907418+00:00,BTC-24SEP27-70000-P,88332.52,BTC-24SEP27,put,70000.0,2027-09-24T08:00:00+00:00,0.9952949239670317,0.062,0.064,0.0629959,0.063,88332.52,BTC-24SEP27,0.4068,-0.21908,260.32247,2.7,0.2,0.0020000000000000018,BTC,84011.21,1055.27
2026-09-25T19:14:40.907418+00:00,BTC-9OCT26-90000-C,84184.76,BTC-9OCT26,call,90000.0,2026-10-09T08:00:00+00:00,0.03704714847079626,0.0045,0.0049,0.0047536,0.0047,84184.76,BTC-9OCT26,0.32549999999999996,0.1495,37.6997,1266.3,288.3,0.0004000000000000002,BTC,84015.16,112352.45
2026-09-25T19:14:40.907418+00:00,BTC-9OCT26-86000-C,84184.76,BTC-9OCT26,call,86000.0,2026-10-09T08:00:00+00:00,0.03704714847079626,0.0145,0.0155,0.0152731,0.015,84184.76,BTC-9OCT26,0.3164,0.37272,61.32758,547.0,41.7,0.0009999999999999992,BTC,84011.21,62955.25
2026-09-25T19:14:40.907418+00:00,BTC-29SEP26-85500-P,84079.41,BTC-29SEP26,put,85500.0,2026-09-29T08:00:00+00:00,0.009668640599475246,0.018,0.022,0.02004576,0.02,84079.41,BTC-29SEP26,0.2336,-0.76737,25.26463,0.0,0.0,0.004,BTC,84011.21,0.0
2026-09-25T19:14:40.907418+00:00,BTC-25DEC26-135000-C,85068.8,BTC-25DEC26,call,135000.0,2026-12-25T08:00:00+00:00,0.24786165907996807,0.0022,0.0025,0.00236722,0.00235,85068.8,BTC-25DEC26,0.46090000000000003,0.02882,27.87535,1424.9,7.6,0.0002999999999999999,BTC,84011.21,1468.33
2026-09-25T19:14:40.907418+00:00,BTC-29SEP26-84500-P,84079.41,BTC-29SEP26,put,84500.0,2026-09-29T08:00:00+00:00,0.009668640599475246,0.011,0.0125,0.01174204,0.01175,84079.41,BTC-29SEP26,0.2293,-0.58791,32.17937,15.1,15.1,0.0015000000000000013,BTC,84011.21,15888.6
2026-09-25T19:14:40.907418+00:00,BTC-24SEP27-135000-C,88332.68,BTC-24SEP27,call,135000.0,2027-09-24T08:00:00+00:00,0.9952949239670317,0.038,0.04,0.03912548,0.039,88332.68,BTC-24SEP27,0.4113,0.20357,249.36607,100.0,0.1,0.0020000000000000018,BTC,84010.26,340.82
2026-09-25T19:14:40.907418+00:00,BTC-29SEP26-88000-P,84079.41,BTC-29SEP26,put,88000.0,2026-09-29T08:00:00+00:00,0.009668640599475246,0.045,0.049,0.04720828,0.047,84079.41,BTC-29SEP26,0.2805,-0.95064,8.44024,0.0,0.0,0.0040000000000000036,BTC,84010.26,0.0
2026-09-25T19:14:40.907418+00:00,BTC-9OCT26-89000-C,84184.78,BTC-9OCT26,call,89000.0,2026-10-09T08:00:00+00:00,0.03704714847079626,0.006,0.0065,0.00638774,0.00625,84184.78,BTC-9OCT26,0.3211,0.19109,44.12761,73.1,15.9,0.0004999999999999996,BTC,84010.26,10959.31
2026-09-25T19:14:40.907418+00:00,BTC-25DEC26-104000-P,85068.8,BTC-25DEC26,put,104000.0,2026-12-25T08:00:00+00:00,0.24786165907996807,0.236,0.241,0.23865184,0.2385,85068.8,BTC-25DEC26,0.38539999999999996,-0.82961,107.3357,0.3,0.0,0.0050000000000000044,BTC,84010.26,0.0
2026-09-25T19:14:40.907418+00:00,BTC-30OCT26-76000-C,84409.3,BTC-30OCT26,call,76000.0,2026-10-30T08:00:00+00:00,0.09454201500057038,0.108,0.111,0.10944593,0.1095,84409.3,BTC-30OCT26,0.36229999999999996,0.84017,63.10922,558.6,0.0,0.0030000000000000027,BTC,84011.3,0.0
2026-09-25T19:14:40.907418+00:00,BTC-24SEP27-120000-C,88332.52,BTC-24SEP27,call,120000.0,2027-09-24T08:00:00+00:00,0.9952949239670317,0.0575,0.0595,0.05872493,0.0585,88332.52,BTC-24SEP27,0.4006,0.28526,299.33926,4.1,1.9,0.001999999999999995,BTC,84011.3,9412.0
2026-09-25T19:14:40.907418+00:00,BTC-26SEP26-78000-C,84024.91,BTC-26SEP26,call,78000.0,2026-09-26T08:00:00+00:00,0.0014550882380789413,0.07,0.0735,0.07171131,0.07175,84024.91,BTC-26SEP26,0.6305,0.99901,0.10697,0.0,0.0,0.0034999999999999892,BTC,84010.26,0.0
2026-09-25T19:14:40.907418+00:00,BTC-25JUN27-68000-P,87234.76,BTC-25JUN27,put,68000.0,2027-06-25T08:00:00+00:00,0.7461505023380105,0.0435,0.045,0.04406635,0.04425,87234.76,BTC-25JUN27,0.41,-0.18959,204.22671,19.8,0.0,0.0015000000000000013,BTC,84011.3,0.0
2026-09-25T19:14:40.907418+00:00,BTC-9OCT26-100000-P,84184.76,BTC-9OCT26,put,100000.0,2026-10-09T08:00:00+00:00,0.03704714847079626,0.186,0.1905,0.18833616,0.18825,84184.76,BTC-9OCT26,0.41359999999999997,-0.98334,6.71504,3.8,0.0,0.004500000000000004,BTC,84011.3,0.0
2026-09-25T19:14:40.907418+00:00,BTC-25DEC26-85000-P,85068.8,BTC-25DEC26,put,85000.0,2026-12-25T08:00:00+00:00,0.24786165907996807,0.073,0.0745,0.07357815,0.07375,85068.8,BTC-25DEC26,0.373,-0.46187,168.19794,554.9,3.7,0.0015000000000000013,BTC,84011.3,21772.92
2026-09-25T19:14:40.907418+00:00,BTC-27NOV26-95000-C,84750.97,BTC-27NOV26,call,95000.0,2026-11-27T08:00:00+00:00,0.17120183704026923,0.021,0.022,0.0212612,0.0215,84750.97,BTC-27NOV26,0.3689,0.25057,111.57583,623.8,202.0,0.0009999999999999974,BTC,84011.3,415131.29
2026-09-25T19:14:40.907418+00:00,BTC-25DEC26-84000-P,85068.8,BTC-25DEC26,put,84000.0,2026-12-25T08:00:00+00:00,0.24786165907996807,0.067,0.0685,0.06760542,0.06775,85068.8,BTC-25DEC26,0.3739,-0.43664,166.83503,145.0,13.2,0.0015000000000000013,BTC,84011.3,74334.15
2026-09-25T19:14:40.907418+00:00,BTC-30OCT26-70000-C,84409.3,BTC-30OCT26,call,70000.0,2026-10-30T08:00:00+00:00,0.09454201500057038,0.1725,0.176,0.17414665,0.17425,84409.3,BTC-30OCT26,0.40880000000000005,0.93934,31.18429,5768.9,4711.4,0.003500000000000003,BTC,84011.27,71038504.14
2026-09-25T19:14:40.907418+00:00,BTC-30OCT26-86000-C,84409.3,BTC-30OCT26,call,86000.0,2026-10-30T08:00:00+00:00,0.09454201500057038,0.033,0.034,0.03346992,0.0335,84409.3,BTC-30OCT26,0.3411,0.44903,102.70096,1199.9,13.0,0.0010000000000000009,BTC,84011.27,38596.52
2026-09-25T19:14:40.907418+00:00,BTC-27NOV26-120000-C,84750.97,BTC-27NOV26,call,120000.0,2026-11-27T08:00:00+00:00,0.17120183704026923,0.0019,0.0024,0.00216503,0.00215,84750.97,BTC-27NOV26,0.4347,0.03253,25.51606,116.4,17.5,0.0004999999999999998,BTC,84011.27,2991.45
2026-09-25T19:14:40.907418+00:00,BTC-26MAR27-180000-P,86100.6,BTC-26MAR27,put,180000.0,2027-03-26T08:00:00+00:00,0.4970060807089893,1.083,1.1095,1.09388703,1.09625,86100.6,BTC-26MAR27,0.49950000000000006,-0.97245,38.47791,0.1,0.0,0.026499999999999968,BTC,84011.27,0.0
2026-09-25T19:14:40.907418+00:00,BTC-25JUN27-72000-C,87234.83,BTC-25JUN27,call,72000.0,2027-06-25T08:00:00+00:00,0.7461505023380105,0.23,0.233,0.2318529,0.2315,87234.83,BTC-25JUN27,0.4028,0.7657,231.1993,87.2,1.0,0.0030000000000000027,BTC,84009.05,19859.79
2026-09-25T19:14:40.907418+00:00,BTC-26SEP26-82500-C,84024.93,BTC-26SEP26,call,82500.0,2026-09-26T08:00:00+00:00,0.0014550882380789413,0.0165,0.0205,0.01826869,0.0185,84024.93,BTC-26SEP26,0.258,0.96648,2.38974,0.5,0.5,0.004,BTC,84011.27,754.73
2026-09-25T19:14:40.907418+00:00,BTC-29SEP26-77000-P,84079.41,BTC-29SEP26,put,77000.0,2026-09-29T08:00:00+00:00,0.009668640599475246,0.0002,0.0003,0.0002335,0.00025,84079.41,BTC-29SEP26,0.4194,-0.01598,3.30646,0.1,0.1,9.999999999999996e-05,BTC,84011.27,1.69
2026-09-25T19:14:40.907418+00:00,BTC-16OCT26-82000-P,84250.68,BTC-16OCT26,put,82000.0,2026-10-16T08:00:00+00:00,0.05621210398072097,0.019,0.02,0.0194089,0.0195,84250.68,BTC-16OCT26,0.33159999999999995,-0.35198,74.14227,2.0,0.2,0.0010000000000000009,BTC,84009.05,340.31
2026-09-25T19:14:40.907418+00:00,BTC-28SEP26-74000-P,84061.55,BTC-28SEP26,put,74000.0,2026-09-28T08:00:00+00:00,0.006930789812343145,,0.0001,6.762e-05,,84061.55,BTC-28SEP26,0.5891,-0.00443,0.90824,28.0,16.9,,BTC,84009.05,150.54
2026-09-25T19:14:40.907418+00:00,BTC-24SEP27-84000-C,88332.52,BTC-24SEP27,call,84000.0,2027-09-24T08:00:00+00:00,0.9952949239670317,0.177,0.1795,0.17819152,0.17825,88332.52,BTC-24SEP27,0.3951,0.62702,333.61031,1.2,0.5,0.0025000000000000022,BTC,84009.05,7443.42
2026-09-25T19:14:40.907418+00:00,BTC-16OCT26-89000-P,84250.91,BTC-16OCT26,put,89000.0,2026-10-16T08:00:00+00:00,0.05621210398072097,0.066,0.0695,0.06778312,0.06775,84250.91,BTC-16OCT26,0.3292,-0.74742,63.82583,6.6,6.6,0.003500000000000003,BTC,84009.05,37510.91
2026-09-25T19:14:40.907418+00:00,BTC-25JUN27-110000-P,87234.76,BTC-25JUN27,put,110000.0,2027-06-25T08:00:00+00:00,0.7461505023380105,0.3155,0.3205,0.31718992,0.318,87234.76,BTC-25JUN27,0.395,-0.69489,264.00409,5.3,0.0,0.0050000000000000044,BTC,84009.31,0.0
2026-09-25T19:14:40.907418+00:00,BTC-2OCT26-79000-P,84114.31,BTC-2OCT26,put,79000.0,2026-10-02T08:00:00+00:00,0.017882192960871547,0.0016,0.0018,0.00169015,0.0017,84114.31,BTC-2OCT26,0.33990000000000004,-0.08152,16.96063,864.2,141.9,0.00019999999999999987,BTC,84009.31,32385.53
2026-09-25T19:14:40.907418+00:00,BTC-26SEP26-83500-C,84024.91,BTC-26SEP26,call,83500.0,2026-09-26T08:00:00+00:00,0.0014550882380789413,0.005,0.0085,0.00665154,0.00675,84024.91,BTC-26SEP26,0.151,0.84983,7.47249,26.1,11.4,0.0035000000000000005,BTC,84009.05,4741.57
2026-09-25T19:14:40.907418+00:00,BTC-29SEP26-94000-C,84079.41,BTC-29SEP26,call,94000.0,2026-09-29T08:00:00+00:00,0.009668640599475246,0.0001,0.0002,0.00015031,0.00015,84079.41,BTC-29SEP26,0.4793,0.00939,2.08539,21.0,21.0,0.0001,BTC,84009.31,177.83
2026-09-25T19:14:40.907418+00:00,BTC-24SEP27-150000-C,88332.52,BTC-24SEP27,call,150000.0,2027-09-24T08:00:00+00:00,0.9952949239670317,0.0265,0.028,0.02734129,0.02725,88332.52,BTC-24SEP27,0.4238,0.14885,204.42675,23.6,23.6,0.0015000000000000013,BTC,84009.31,53602.45
2026-09-25T19:14:40.907418+00:00,BTC-2OCT26-88000-C,84114.33,BTC-2OCT26,call,88000.0,2026-10-02T08:00:00+00:00,0.017882192960871547,0.0025,0.0029,0.0027828,0.0027,84114.33,BTC-2OCT26,0.3036,0.13559,24.49353,1720.6,790.4,0.00039999999999999975,BTC,84009.31,244727.38
2026-09-25T19:14:40.907418+00:00,BTC-27NOV26-110000-C,84750.97,BTC-27NOV26,call,110000.0,2026-11-27T08:00:00+00:00,0.17120183704026923,0.0045,0.0049,0.00471408,0.0047,84750.97,BTC-27NOV26,0.4014,0.06833,46.21881,249.2,4.2,0.0004000000000000002,BTC,84009.31,1940.53
2026-09-25T19:14:40.907418+00:00,BTC-16OCT26-92000-C,84250.68,BTC-16OCT26,call,92000.0,2026-10-16T08:00:00+00:00,0.05621210398072097,0.0055,0.006,0.00564938,0.00575,84250.68,BTC-16OCT26,0.3357,0.14273,45.04834,26.0,7.7,0.0005000000000000004,BTC,84008.94,4664.89
2026-09-25T19:14:40.907418+00:00,BTC-25DEC26-130000-C,85068.8,BTC-25DEC26,call,130000.0,2026-12-25T08:00:00+00:00,0.24786165907996807,0.0027,0.0031,0.0029205,0.0029,85068.8,BTC-25DEC26,0.44530000000000003,0.03568,33.24767,1562.3,6.9,0.00039999999999999975,BTC,84008.94,1634.4
2026-09-25T19:14:40.907418+00:00,BTC-26MAR27-92000-C,86100.6,BTC-26MAR27,call,92000.0,2027-03-26T08:00:00+00:00,0.4970060807089893,0.079,0.0805,0.07983261,0.07975,86100.6,BTC-26MAR27,0.3818,0.45518,240.63703,417.8,81.4,0.0015000000000000013,BTC,84008.94,573051.63
2026-09-25T19:14:40.907418+00:00,BTC-2OCT26-65000-C,84114.31,BTC-2OCT26,call,65000.0,2026-10-02T08:00:00+00:00,0.017882192960871547,0.2255,0.229,0.22733698,0.22725,84114.31,BTC-2OCT26,0.7178,0.99683,1.08207,0.8,0.0,0.003500000000000003,BTC,84008.94,0.0
2026-09-25T19:14:40.907418+00:00,BTC-30OCT26-87000-C,84409.3,BTC-30OCT26,call,87000.0,2026-10-30T08:00:00+00:00,0.09454201500057038,0.0285,0.029,0.0288862,0.02875,84409.3,BTC-30OCT26,0.3411,0.40569,100.63696,918.4,5.4,0.0005000000000000004,BTC,84009.53,13657.27
2026-09-25T19:14:40.907418+00:00,BTC-25JUN27-58000-P,87234.83,BTC-25JUN27,put,58000.0,2027-06-25T08:00:00+00:00,0.7461505023380105,0.0215,0.0225,0.02189974,0.022,87234.83,BTC-25JUN27,0.4384,-0.10275,134.89583,100.4,0.1,0.0010000000000000009,BTC,84008.94,169.16
2026-09-25T19:14:40.907418+00:00,BTC-29SEP26-86500-C,84079.41,BTC-29SEP26,call,86500.0,2026-09-29T08:00:00+00:00,0.009668640599475246,0.0013,0.0016,0.00145545,0.00145,84079.41,BTC-29SEP26,0.24600000000000002,0.12022,16.55773,4.8,4.8,0.00030000000000000014,BTC,84008.94,971.24
2026-09-25T19:14:40.907418+00:00,BTC-27NOV26-71000-C,84750.97,BTC-27NOV26,call,71000.0,2026-11-27T08:00:00+00:00,0.17120183704026923,0.1715,0.175,0.17313718,0.17325,84750.97,BTC-27NOV26,0.39840000000000003,0.87572,71.89606,0.2,0.0,0.0034999999999999754,BTC,84009.53,0.0
2026-09-25T19:14:40.907418+00:00,BTC-24SEP27-112000-C,88332.52,BTC-24SEP27,call,112000.0,2027-09-24T08:00:00+00:00,0.9952949239670317,0.0735,0.075,0.07431588,0.07425,88332.52,BTC-24SEP27,0.39630000000000004,0.34342,324.1433,0.0,0.0,0.0015000000000000013,BTC,84009.53,0.0
2026-09-25T19:14:40.907418+00:00,BTC-26MAR27-96000-P,86100.6,BTC-26MAR27,put,96000.0,2027-03-26T08:00:00+00:00,0.4970060807089893,0.1785,0.1825,0.18002401,0.1805,86100.6,BTC-26MAR27,0.3826,-0.60622,233.53316,4.4,1.4,0.0040000000000000036,BTC,84009.53,20685.14
2026-09-25T19:14:40.907418+00:00,BTC-30OCT26-88000-C,84409.3,BTC-30OCT26,call,88000.0,2026-10-30T08:00:00+00:00,0.09454201500057038,0.024,0.025,0.02474488,0.0245,84409.3,BTC-30OCT26,0.3408,0.36387,97.45561,1416.8,35.2,0.0010000000000000009,BTC,84009.58,79767.03
2026-09-25T19:14:40.907418+00:00,BTC-28SEP26-90000-C,84061.62,BTC-28SEP26,call,90000.0,2026-09-28T08:00:00+00:00,0.006930789812343145,0.0001,0.0002,0.00016307,0.00015,84061.62,BTC-28SEP26,0.3746,0.01439,2.55662,2.7,1.6,0.0001,BTC,84009.53,26.85
2026-09-25T19:14:40.907418+00:00,BTC-30OCT26-62000-C,84409.3,BTC-30OCT26,call,62000.0,2026-10-30T08:00:00+00:00,0.09454201500057038,0.265,0.2685,0.26676297,0.26675,84409.3,BTC-30OCT26,0.5123,0.97906,13.06498,13.5,0.0,0.003500000000000003,BTC,84009.58,0.0
2026-09-25T19:14:40.907418+00:00,BTC-25JUN27-74000-C,87234.76,BTC-25JUN27,call,74000.0,2027-06-25T08:00:00+00:00,0.7461505023380105,0.215,0.2175,0.21657713,0.21625,87234.76,BTC-25JUN27,0.4,0.74152,243.69631,23.6,0.0,0.0025000000000000022,BTC,84009.53,0.0
2026-09-25T19:14:40.907418+00:00,BTC-25JUN27-68000-C,87234.76,BTC-25JUN27,call,68000.0,2027-06-25T08:00:00+00:00,0.7461505023380105,0.2625,0.2655,0.26456405,0.264,87234.76,BTC-25JUN27,0.41,0.8104,204.23431,14.7,0.0,0.0030000000000000027,BTC,84009.53,0.0
2026-09-25T19:14:40.907418+00:00,BTC-9OCT26-88000-C,84184.78,BTC-9OCT26,call,88000.0,2026-10-09T08:00:00+00:00,0.03704714847079626,0.008,0.009,0.00866203,0.0085,84184.78,BTC-9OCT26,0.3193,0.24326,50.74329,344.1,8.4,0.0009999999999999992,BTC,84009.58,6998.6
2026-09-25T19:14:40.907418+00:00,BTC-28SEP26-76000-C,84061.55,BTC-28SEP26,call,76000.0,2026-09-28T08:00:00+00:00,0.006930789812343145,0.094,0.098,0.09600585,0.096,84061.55,BTC-28SEP26,0.4996,0.99256,1.43953,0.0,0.0,0.0040000000000000036,BTC,84009.58,0.0
2026-09-25T19:14:40.907418+00:00,BTC-29SEP26-90000-C,84079.41,BTC-29SEP26,call,90000.0,2026-09-29T08:00:00+00:00,0.009668640599475246,0.0002,0.0004,0.00030307,0.0003,84079.41,BTC-29SEP26,0.3467,0.02334,4.56069,17.7,17.8,0.0002,BTC,84009.58,750.77
2026-09-25T19:14:40.907418+00:00,BTC-26MAR27-65000-P,86100.6,BTC-26MAR27,put,65000.0,2027-03-26T08:00:00+00:00,0.4970060807089893,0.0225,0.0235,0.02287029,0.023,86100.6,BTC-26MAR27,0.4163,-0.13496,131.77289,891.9,52.0,0.0010000000000000009,BTC,84009.58,103772.79
2026-09-25T19:14:40.907418+00:00,BTC-28SEP26-77000-P,84061.62,BTC-28SEP26,put,77000.0,2026-09-28T08:00:00+00:00,0.006930789812343145,0.0001,0.0002,0.0001344,0.00015,84061.62,BTC-28SEP26,0.4585,-0.0105,1.94649,0.0,0.0,0.0001,BTC,84009.58,0.0
2026-09-25T19:14:40.907418+00:00,BTC-30OCT26-57000-C,84409.3,BTC-30OCT26,call,57000.0,2026-10-30T08:00:00+00:00,0.09454201500057038,0.324,0.327,0.32550701,0.3255,84409.3,BTC-30OCT26,0.5881000000000001,0.98806,8.07232,0.1,0.0,0.0030000000000000027,BTC,84009.83,0.0
2026-09-25T19:14:40.907418+00:00,BTC-16OCT26-76000-C,84250.91,BTC-16OCT26,call,76000.0,2026-10-16T08:00:00+00:00,0.05621210398072097,0.101,0.1045,0.10258593,0.10275,84250.91,BTC-16OCT26,0.364,0.89139,37.22099,0.0,0.0,0.0034999999999999892,BTC,84009.83,0.0
2026-09-25T19:14:40.907418+00:00,BTC-25DEC26-210000-C,85068.8,BTC-25DEC26,call,210000.0,2026-12-25T08:00:00+00:00,0.24786165907996807,0.0002,0.0005,0.00032674,0.00035,85068.8,BTC-25DEC26,0.6385000000000001,0.00364,4.60926,162.3,0.0,0.00030000000000000003,BTC,84009.83,0.0
2026-09-25T19:14:40.907418+00:00,BTC-25DEC26-92000-C,85068.8,BTC-25DEC26,call,92000.0,2026-12-25T08:00:00+00:00,0.24786165907996807,0.0425,0.0435,0.04300049,0.043,85068.8,BTC-25DEC26,0.373,0.37056,159.99262,781.9,100.0,0.000999999999999994,BTC,84009.83,370208.43
2026-09-25T19:14:40.907418+00:00,BTC-24SEP27-210000-P,88332.52,BTC-24SEP27,put,210000.0,2027-09-24T08:00:00+00:00,0.9952949239670317,1.3675,1.4175,1.38690366,1.3925,88332.52,BTC-24SEP27,0.47490000000000004,-0.94421,99.15098,0.0,0.0,0.050000000000000044,BTC,84009.95,0.0
2026-09-25T19:14:40.907418+00:00,BTC-25JUN27-112000-P,87234.76,BTC-25JUN27,put,112000.0,2027-06-25T08:00:00+00:00,0.7461505023380105,0.334,0.3395,0.33615276,0.33675,87234.76,BTC-25JUN27,0.39630000000000004,-0.71203,257.10391,0.0,0.0,0.005500000000000005,BTC,84009.83,0.0
2026-09-25T19:14:40.907418+00:00,BTC-26MAR27-90000-C,86100.6,BTC-26MAR27,call,90000.0,2027-03-26T08:00:00+00:00,0.4970060807089893,0.0875,0.089,0.08832861,0.08825,86100.6,BTC-26MAR27,0.38170000000000004,0.48764,242.05438,721.5,2.9,0.0015000000000000013,BTC,84009.95,21571.65
2026-09-25T19:14:40.907418+00:00,BTC-25DEC26-86000-C,85068.8,BTC-25DEC26,call,86000.0,2026-12-25T08:00:00+00:00,0.24786165907996807,0.0685,0.0695,0.06905033,0.069,85068.8,BTC-25DEC26,0.3729,0.51302,168.87722,507.3,41.2,0.0010000000000000009,BTC,84009.95,245834.47
2026-09-25T19:14:40.907418+00:00,BTC-27NOV26-84000-C,84750.95,BTC-27NOV26,call,84000.0,2026-11-27T08:00:00+00:00,0.17120183704026923,0.064,0.065,0.06476371,0.0645,84750.95,BTC-27NOV26,0.3667,0.55275,138.67864,70.5,1.6,0.0010000000000000009,BTC,84009.95,9101.67
2026-09-25T19:14:40.907418+00:00,BTC-25JUN27-90000-P,87234.76,BTC-25JUN27,put,90000.0,2027-06-25T08:00:00+00:00,0.7461505023380105,0.151,0.1535,0.15201045,0.15225,87234.76,BTC-25JUN27,0.389,-0.47036,299.8088,86.7,13.1,0.0025000000000000022,BTC,84009.95,165388.03
2026-09-25T19:14:40.907418+00:00,BTC-30OCT26-68000-P,84409.3,BTC-30OCT26,put,68000.0,2026-10-30T08:00:00+00:00,0.09454201500057038,0.0024,0.0027,0.0025644,0.00255,84409.3,BTC-30OCT26,0.43090000000000006,-0.04502,24.60881,1321.1,610.3,0.00030000000000000035,BTC,84009.83,143799.38
2026-09-25T19:14:40.907418+00:00,BTC-24SEP27-96000-C,88332.52,BTC-24SEP27,call,96000.0,2027-09-24T08:00:00+00:00,0.9952949239670317,0.121,0.1235,0.12222207,0.12225,88332.52,BTC-24SEP27,0.3925,0.49309,351.53507,0.1,0.1,0.0025000000000000022,BTC,84009.83,1050.2
2026-09-25T19:14:40.907418+00:00,BTC-9OCT26-74000-C,84184.76,BTC-9OCT26,call,74000.0,2026-10-09T08:00:00+00:00,0.03704714847079626,0.1205,0.124,0.12246261,0.12225,84184.76,BTC-9OCT26,0.4043,0.95473,15.43243,1.1,0.0,0.003500000000000003,BTC,84009.83,0.0
2026-09-25T19:14:40.907418+00:00,BTC-26MAR27-160000-P,86100.62,BTC-26MAR27,put,160000.0,2027-03-26T08:00:00+00:00,0.4970060807089893,0.8585,0.8675,0.86345318,0.863,86100.62,BTC-26MAR27,0.4672,-0.957,55.46571,0.1,0.0,0.009000000000000008,BTC,84009.83,0.0
2026-09-25T19:14:40.907418+00:00,BTC-25DEC26-74000-C,85068.82,BTC-25DEC26,call,74000.0,2026-12-25T08:00:00+00:00,0.24786165907996807,0.1535,0.1565,0.15523681,0.155,85068.82,BTC-25DEC26,0.39049999999999996,0.79179,121.44898,137.9,0.0,0.0030000000000000027,BTC,84009.83,0.0
2026-09-25T19:14:40.907418+00:00,BTC-16OCT26-79000-P,84250.68,BTC-16OCT26,put,79000.0,2026-10-16T08:00:00+00:00,0.05621210398072097,0.009,0.01,0.00961088,0.0095,84250.68,BTC-16OCT26,0.3429,-0.20354,56.5164,14.0,14.0,0.0010000000000000009,BTC,84009.83,12531.36
2026-09-25T19:14:40.907418+00:00,BTC-16OCT26-94000-P,84250.91,BTC-16OCT26,put,94000.0,2026-10-16T08:00:00+00:00,0.05621210398072097,0.1175,0.1215,0.11933621,0.1195,84250.91,BTC-16OCT26,0.34490000000000004,-0.90343,34.17412,0.0,0.0,0.0040000000000000036,BTC,84009.83,0.0
2026-09-25T19:14:40.907418+00:00,BTC-25DEC26-54000-C,85068.82,BTC-25DEC26,call,54000.0,2026-12-25T08:00:00+00:00,0.24786165907996807,0.367,0.37,0.36858764,0.3685,85068.82,BTC-25DEC26,0.5227,0.96958,29.1524,32.2,0.0,0.0030000000000000027,BTC,84009.83,0.0
2026-09-25T19:14:40.907418+00:00,BTC-25DEC26-200000-C,85068.82,BTC-25DEC26,call,200000.0,2026-12-25T08:00:00+00:00,0.24786165907996807,0.0002,0.0005,0.00036065,0.00035,85068.82,BTC-25DEC26,0.6143,0.00412,5.14954,961.2,0.0,0.00030000000000000003,BTC,84009.18,0.0
2026-09-25T19:14:40.907418+00:00,BTC-27SEP26-80000-P,84043.53,BTC-27SEP26,put,80000.0,2026-09-27T08:00:00+00:00,0.004192939025211043,,0.0002,9.298e-05,,84043.53,BTC-27SEP26,0.3396,-0.01257,1.76859,72.7,53.7,,BTC,84009.18,1414.64
2026-09-25T19:14:40.907418+00:00,BTC-9OCT26-72000-P,84184.76,BTC-9OCT26,put,72000.0,2026-10-09T08:00:00+00:00,0.03704714847079626,0.0009,0.0011,0.0009705,0.001,84184.76,BTC-9OCT26,0.43799999999999994,-0.02927,10.8027,60.2,3.9,0.0002000000000000001,BTC,84009.18,322.24
2026-09-25T19:14:40.907418+00:00,BTC-27SEP26-93000-C,84043.53,BTC-27SEP26,call,93000.0,2026-09-27T08:00:00+00:00,0.004192939025211043,,0.0001,3.58e-06,,84043.53,BTC-27SEP26,0.469,0.00043,0.08497,30.3,0.0,,BTC,84009.18,0.0
2026-09-25T19:14:40.907418+00:00,BTC-29SEP26-87000-C,84079.43,BTC-29SEP26,call,87000.0,2026-09-29T08:00:00+00:00,0.009668640599475246,0.0009,0.0011,0.00101749,0.001,84079.43,BTC-29SEP26,0.255,0.08659,13.04327,0.1,0.1,0.0002000000000000001,BTC,84009.18,20.35
2026-09-25T19:14:40.907418+00:00,BTC-27NOV26-71000-P,84750.97,BTC-27NOV26,put,71000.0,2026-11-27T08:00:00+00:00,0.17120183704026923,0.0105,0.0115,0.0108853,0.011,84750.97,BTC-27NOV26,0.39840000000000003,-0.12426,71.89263,28.1,1.0,0.0009999999999999992,BTC,84009.18,967.31
2026-09-25T19:14:40.907418+00:00,BTC-28SEP26-81500-C,84061.62,BTC-28SEP26,call,81500.0,2026-09-28T08:00:00+00:00,0.006930789812343145,0.029,0.0325,0.03082998,0.03075,84061.62,BTC-28SEP26,0.2217,0.95212,6.97095,0.0,0.0,0.0034999999999999996,BTC,84009.18,0.0
2026-09-25T19:14:40.907418+00:00,BTC-24SEP27-135000-P,88332.52,BTC-24SEP27,put,135000.0,2027-09-24T08:00:00+00:00,0.9952949239670317,0.564,0.5765,0.56743867,0.57025,88332.52,BTC-24SEP27,0.4113,-0.79645,249.34419,0.0,0.0,0.012500000000000067,BTC,84009.28,0.0
2026-09-25T19:14:40.907418+00:00,BTC-24SEP27-150000-P,88332.52,BTC-24SEP27,put,150000.0,2027-09-24T08:00:00+00:00,0.9952949239670317,0.7215,0.735,0.72546706,0.72825,88332.52,BTC-24SEP27,0.4238,-0.85115,204.42445,0.0,0.0,0.013499999999999956,BTC,84009.42,0.0
2026-09-25T19:14:40.907418+00:00,BTC-25JUN27-72000-P,87234.76,BTC-25JUN27,put,72000.0,2027-06-25T08:00:00+00:00,0.7461505023380105,0.0565,0.058,0.05720827,0.05725,87234.76,BTC-25JUN27,0.4028,-0.23431,231.20379,54.1,0.3,0.0015000000000000013,BTC,84009.28,1397.6
2026-09-25T19:14:40.907418+00:00,BTC-25DEC26-45000-C,85068.8,BTC-25DEC26,call,45000.0,2026-12-25T08:00:00+00:00,0.24786165907996807,0.471,0.474,0.47279286,0.4725,85068.8,BTC-25DEC26,0.6302,0.98554,15.53971,94.5,0.0,0.0030000000000000027,BTC,84009.28,0.0
2026-09-25T19:14:40.907418+00:00,BTC-25JUN27-70000-C,87234.83,BTC-25JUN27,call,70000.0,2027-06-25T08:00:00+00:00,0.7461505023380105,0.246,0.249,0.24785751,0.2475,87234.83,BTC-25JUN27,0.4061,0.78871,217.9662,203.6,0.0,0.0030000000000000027,BTC,84009.28,0.0
2026-09-25T19:14:40.907418+00:00,BTC-16OCT26-83000-C,84250.68,BTC-16OCT26,call,83000.0,2026-10-16T08:00:00+00:00,0.05621210398072097,0.0385,0.0395,0.03891744,0.039,84250.68,BTC-16OCT26,0.32939999999999997,0.58982,77.66432,9.1,13.3,0.0010000000000000009,BTC,84009.42,42965.99
2026-09-25T19:14:40.907418+00:00,BTC-25DEC26-68000-P,85068.8,BTC-25DEC26,put,68000.0,2026-12-25T08:00:00+00:00,0.24786165907996807,0.0125,0.0135,0.01289302,0.013,85068.8,BTC-25DEC26,0.41340000000000005,-0.11721,83.33006,684.5,0.8,0.0009999999999999992,BTC,84009.42,889.83
2026-09-25T19:14:40.907418+00:00,BTC-26MAR27-98000-P,86100.6,BTC-26MAR27,put,98000.0,2027-03-26T08:00:00+00:00,0.4970060807089893,0.1955,0.1995,0.1968763,0.1975,86100.6,BTC-26MAR27,0.3833,-0.63489,228.19084,1.6,0.0,0.0040000000000000036,BTC,84009.42,0.0
2026-09-25T19:14:40.907418+00:00,BTC-25DEC26-115000-P,85068.8,BTC-25DEC26,put,115000.0,2026-12-25T08:00:00+00:00,0.24786165907996807,0.3565,0.362,0.35889417,0.35925,85068.8,BTC-25DEC26,0.40659999999999996,-0.91766,64.34913,5.0,0.0,0.005500000000000005,BTC,84009.42,0.0
2026-09-25T19:14:40.907418+00:00,BTC-2OCT26-85000-C,84114.31,BTC-2OCT26,call,85000.0,2026-10-02T08:00:00+00:00,0.017882192960871547,0.0105,0.0115,0.01097959,0.011,84114.31,BTC-2OCT26,0.2924,0.39894,43.42439,1077.3,471.6,0.0009999999999999992,BTC,84009.48,603063.6
2026-09-25T19:14:40.907418+00:00,BTC-25JUN27-78000-P,87234.83,BTC-25JUN27,put,78000.0,2027-06-25T08:00:00+00:00,0.7461505023380105,0.0815,0.0835,0.08224062,0.0825,87234.83,BTC-25JUN27,0.3953,-0.3094,265.63471,106.5,0.0,0.0020000000000000018,BTC,84009.42,0.0
2026-09-25T19:14:40.907418+00:00,BTC-30OCT26-48000-P,84409.3,BTC-30OCT26,put,48000.0,2026-10-30T08:00:00+00:00,0.09454201500057038,0.0003,0.0004,0.00034269,0.00035,84409.3,BTC-30OCT26,0.7349,-0.00454,3.44683,196.8,0.3,0.00010000000000000005,BTC,84009.42,7.55
2026-09-25T19:14:40.907418+00:00,BTC-25DEC26-102000-P,85068.8,BTC-25DEC26,put,102000.0,2026-12-25T08:00:00+00:00,0.24786165907996807,0.2155,0.2205,0.21769766,0.218,85068.8,BTC-25DEC26,0.38049999999999995,-0.80646,116.23948,7.8,0.0,0.0050000000000000044,BTC,84009.48,0.0
2026-09-25T19:14:40.907418+00:00,BTC-25JUN27-120000-C,87234.83,BTC-25JUN27,call,120000.0,2027-06-25T08:00:00+00:00,0.7461505023380105,0.0385,0.04,0.03939317,0.03925,87234.83,BTC-25JUN27,0.40270000000000006,0.22861,228.04685,352.4,0.1,0.0015000000000000013,BTC,84009.48,340.84
2026-09-25T19:14:40.907418+00:00,BTC-29SEP26-95000-C,84079.41,BTC-29SEP26,call,95000.0,2026-09-29T08:00:00+00:00,0.009668640599475246,0.0001,0.0002,0.00014974,0.00015,84079.41,BTC-29SEP26,0.5184000000000001,0.00874,1.95791,1.0,1.0,0.0001,BTC,84009.48,8.41
2026-09-25T19:14:40.907418+00:00,BTC-29SEP26-81500-P,84079.41,BTC-29SEP26,put,81500.0,2026-09-29T08:00:00+00:00,0.009668640599475246,0.0011,0.0013,0.00118644,0.0012,84079.41,BTC-29SEP26,0.2503,-0.10276,14.79876,32.3,32.3,0.00019999999999999987,BTC,84009.48,4236.56
2026-09-25T19:14:40.907418+00:00,BTC-9OCT26-90000-P,84184.76,BTC-9OCT26,put,90000.0,2026-10-09T08:00:00+00:00,0.03704714847079626,0.072,0.076,0.07383147,0.074,84184.76,BTC-9OCT26,0.32549999999999996,-0.85081,37.64411,0.3,0.3,0.0040000000000000036,BTC,84009.48,1850.05
2026-09-25T19:14:40.907418+00:00,BTC-16OCT26-85000-C,84250.68,BTC-16OCT26,call,85000.0,2026-10-16T08:00:00+00:00,0.05621210398072097,0.0265,0.0275,0.02693849,0.027,84250.68,BTC-16OCT26,0.3282,0.46878,79.44854,80.0,80.5,0.0010000000000000009,BTC,84009.03,185083.21
2026-09-25T19:14:40.907418+00:00,BTC-25JUN27-106000-P,87234.83,BTC-25JUN27,put,106000.0,2027-06-25T08:00:00+00:00,0.7461505023380105,0.2785,0.283,0.28037258,0.28075,87234.83,BTC-25JUN27,0.3926,-0.65744,276.91308,0.0,0.0,0.0044999999999999485,BTC,84009.03,0.0
2026-09-25T19:14:40.907418+00:00,BTC-26MAR27-170000-P,86100.6,BTC-26MAR27,put,170000.0,2027-03-26T08:00:00+00:00,0.4970060807089893,0.9735,0.9825,0.97858556,0.978,86100.6,BTC-26MAR27,0.485,-0.96554,46.31412,0.2,0.0,0.009000000000000008,BTC,84009.03,0.0
2026-09-25T19:14:40.907418+00:00,BTC-9OCT26-94000-P,84184.76,BTC-9OCT26,put,94000.0,2026-10-09T08:00:00+00:00,0.03704714847079626,0.116,0.1205,0.11811301,0.11825,84184.76,BTC-9OCT26,0.3502,-0.94601,17.76184,0.0,0.0,0.00449999999999999,BTC,84009.03,0.0
2026-09-25T19:14:40.907418+00:00,BTC-30OCT26-104000-P,84409.3,BTC-30OCT26,put,104000.0,2026-10-30T08:00:00+00:00,0.09454201500057038,0.232,0.237,0.23426938,0.2345,84409.3,BTC-30OCT26,0.38909999999999995,-0.9542,24.9542,0.0,0.0,0.004999999999999977,BTC,84009.03,0.0
2026-09-25T19:14:40.907418+00:00,BTC-24SEP27-84000-P,88332.52,BTC-24SEP27,put,84000.0,2027-09-24T08:00:00+00:00,0.9952949239670317,0.1275,0.131,0.12914195,0.12925,88332.52,BTC-24SEP27,0.3951,-0.37298,333.61001,0.7,0.7,0.003500000000000003,BTC,84009.15,7624.69
2026-09-25T19:14:40.907418+00:00,BTC-30OCT26-91000-P,84409.3,BTC-30OCT26,put,91000.0,2026-10-30T08:00:00+00:00,0.09454201500057038,0.0915,0.0955,0.09326597,0.0935,84409.3,BTC-30OCT26,0.3418,-0.74713,82.97756,3.5,0.0,0.0040000000000000036,BTC,84009.03,0.0
2026-09-25T19:14:40.907418+00:00,BTC-24SEP27-86000-P,88332.52,BTC-24SEP27,put,86000.0,2027-09-24T08:00:00+00:00,0.9952949239670317,0.1395,0.1425,0.1411298,0.141,88332.52,BTC-24SEP27,0.3945,-0.39587,339.53728,0.7,0.6,0.002999999999999975,BTC,84009.15,7111.22
2026-09-25T19:14:40.907418+00:00,BTC-24SEP27-76000-P,88332.52,BTC-24SEP27,put,76000.0,2027-09-24T08:00:00+00:00,0.9952949239670317,0.086,0.089,0.08748336,0.0875,88332.52,BTC-24SEP27,0.39990000000000003,-0.28245,297.91421,0.5,0.0,0.0030000000000000027,BTC,84009.23,0.0
2026-09-25T19:14:40.907418+00:00,BTC-27SEP26-85500-P,84043.53,BTC-27SEP26,put,85500.0,2026-09-27T08:00:00+00:00,0.004192939025211043,0.0155,0.02,0.01766248,0.01775,84043.53,BTC-27SEP26,0.17620000000000002,-0.93721,6.71526,4.8,4.6,0.0045000000000000005,BTC,84009.15,5919.19
2026-09-25T19:14:40.907418+00:00,BTC-27SEP26-89500-C,84043.53,BTC-27SEP26,call,89500.0,2026-09-27T08:00:00+00:00,0.004192939025211043,,0.0002,6.902e-05,,84043.53,BTC-27SEP26,0.40149999999999997,0.0078,1.16639,45.8,1.2,,BTC,84009.15,10.96
2026-09-25T19:14:40.907418+00:00,BTC-26MAR27-90000-P,86100.62,BTC-26MAR27,put,90000.0,2027-03-26T08:00:00+00:00,0.4970060807089893,0.133,0.1345,0.13361458,0.13375,86100.62,BTC-26MAR27,0.38170000000000004,-0.51237,242.05251,44.8,0.0,0.0015000000000000013,BTC,84009.15,0.0
2026-09-25T19:14:40.907418+00:00,BTC-28SEP26-78000-C,84061.62,BTC-28SEP26,call,78000.0,2026-09-28T08:00:00+00:00,0.006930789812343145,0.0705,0.074,0.07225509,0.07225,84061.62,BTC-28SEP26,0.4017,0.98761,2.24694,0.0,0.0,0.003500000000000003,BTC,84009.15,0.0
2026-09-25T19:14:40.907418+00:00,BTC-30OCT26-80000-P,84409.3,BTC-30OCT26,put,80000.0,2026-10-30T08:00:00+00:00,0.09454201500057038,0.02,0.021,0.02051411,0.0205,84409.3,BTC-30OCT26,0.34759999999999996,-0.29028,88.88454,1397.1,34.2,0.0010000000000000009,BTC,84009.15,60072.71
2026-09-25T19:14:40.907418+00:00,BTC-29SEP26-84500-C,84079.41,BTC-29SEP26,call,84500.0,2026-09-29T08:00:00+00:00,0.009668640599475246,0.0065,0.007,0.00674058,0.00675,84079.41,BTC-29SEP26,0.2293,0.41175,32.16922,3.6,3.6,0.0005000000000000004,BTC,84009.23,1656.47
2026-09-25T19:14:40.907418+00:00,BTC-26MAR27-54000-P,86100.6,BTC-26MAR27,put,54000.0,2027-03-26T08:00:00+00:00,0.4970060807089893,0.009,0.01,0.00943864,0.0095,86100.6,BTC-26MAR27,0.4708,-0.05819,70.59578,85.5,0.0,0.0010000000000000009,BTC,84009.23,0.0
2026-09-25T19:14:40.907418+00:00,BTC-27NOV26-93000-C,84750.95,BTC-27NOV26,call,93000.0,2026-11-27T08:00:00+00:00,0.17120183704026923,0.026,0.027,0.02631057,0.0265,84750.95,BTC-27NOV26,0.3671,0.29562,121.11405,57.2,1.6,0.0010000000000000009,BTC,84009.23,3719.81
2026-09-25T19:14:40.907418+00:00,BTC-26SEP26-84000-P,84024.91,BTC-26SEP26,put,84000.0,2026-09-26T08:00:00+00:00,0.0014550882380789413,0.0017,0.0022,0.00208782,0.00195,84024.91,BTC-26SEP26,0.14679999999999999,-0.49932,12.7763,268.2,222.0,0.0005000000000000002,BTC,84009.23,110787.99
2026-09-25T19:14:40.907418+00:00,BTC-24SEP27-108000-P,88332.52,BTC-24SEP27,put,108000.0,2027-09-24T08:00:00+00:00,0.9952949239670317,0.304,0.311,0.30684623,0.3075,88332.52,BTC-24SEP27,0.3954,-0.62285,334.77997,0.0,0.0,0.007000000000000006,BTC,84009.29,0.0
2026-09-25T19:14:40.907418+00:00,BTC-26MAR27-60000-P,86100.6,BTC-26MAR27,put,60000.0,2027-03-26T08:00:00+00:00,0.4970060807089893,0.015,0.016,0.01540681,0.0155,86100.6,BTC-26MAR27,0.4391,-0.0934,101.31992,810.2,0.0,0.0010000000000000009,BTC,84009.29,0.0
2026-09-25T19:14:40.907418+00:00,BTC-25DEC26-65000-C,85068.8,BTC-25DEC26,call,65000.0,2026-12-25T08:00:00+00:00,0.24786165907996807,0.2435,0.247,0.24533098,0.24525,85068.8,BTC-25DEC26,0.4314,0.91278,67.1892,916.8,0.0,0.003500000000000003,BTC,84009.29,0.0
2026-09-25T19:14:40.907418+00:00,BTC-26SEP26-87500-C,84024.91,BTC-26SEP26,call,87500.0,2026-09-26T08:00:00+00:00,0.0014550882380789413,,0.0001,7.511e-05,,84024.91,BTC-26SEP26,0.46990000000000004,0.0116,0.97141,164.0,147.0,,BTC,84009.29,4921.06
2026-09-25T19:14:40.907418+00:00,BTC-30OCT26-110000-P,84409.3,BTC-30OCT26,put,110000.0,2026-10-30T08:00:00+00:00,0.09454201500057038,0.3015,0.307,0.30433313,0.30425,84409.3,BTC-30OCT26,0.4239,-0.9755,14.91595,0.2,0.0,0.005500000000000005,BTC,84009.29,0.0
2026-09-25T19:14:40.907418+00:00,BTC-24SEP27-140000-P,88332.68,BTC-24SEP27,put,140000.0,2027-09-24T08:00:00+00:00,0.9952949239670317,0.6155,0.629,0.61928693,0.62225,88332.68,BTC-24SEP27,0.4147,-0.81773,233.07522,0.0,0.0,0.013499999999999956,BTC,84009.23,0.0
2026-09-25T19:14:40.907418+00:00,BTC-24SEP27-86000-C,88332.52,BTC-24SEP27,call,86000.0,2027-09-24T08:00:00+00:00,0.9952949239670317,0.1665,0.1685,0.16753769,0.1675,88332.52,BTC-24SEP27,0.3945,0.60413,339.53733,0.0,0.0,0.0020000000000000018,BTC,84009.23,0.0
2026-09-25T19:14:40.907418+00:00,BTC-29SEP26-92000-C,84079.41,BTC-29SEP26,call,92000.0,2026-09-29T08:00:00+00:00,0.009668640599475246,0.0001,0.0003,0.00019106,0.0002,84079.41,BTC-29SEP26,0.41090000000000004,0.01333,2.8281,0.0,0.0,0.00019999999999999998,BTC,84009.23,0.0
2026-09-25T19:14:40.907418+00:00,BTC-25DEC26-190000-C,85068.8,BTC-25DEC26,call,190000.0,2026-12-25T08:00:00+00:00,0.24786165907996807,0.0003,0.0006,0.00043491,0.00045,85068.8,BTC-25DEC26,0.5932999999999999,0.00504,6.16545,1026.9,0.0,0.0003,BTC,84009.23,0.0
2026-09-25T19:14:40.907418+00:00,BTC-25DEC26-230000-P,85068.8,BTC-25DEC26,put,230000.0,2026-12-25T08:00:00+00:00,0.24786165907996807,1.694,1.7145,1.70390314,1.70425,85068.8,BTC-25DEC26,0.6676000000000001,-0.99765,3.11193,0.0,0.0,0.020499999999999963,BTC,84009.23,0.0
2026-09-25T19:14:40.907418+00:00,BTC-26MAR27-150000-C,86100.6,BTC-26MAR27,call,150000.0,2027-03-26T08:00:00+00:00,0.4970060807089893,0.006,0.007,0.00652737,0.0065,86100.6,BTC-26MAR27,0.4475,0.05454,67.08363,1870.8,86.2,0.001,BTC,84009.23,44106.9
2026-09-25T19:14:40.907418+00:00,BTC-25DEC26-45000-P,85068.8,BTC-25DEC26,put,45000.0,2026-12-25T08:00:00+00:00,0.24786165907996807,0.0016,0.0019,0.00177577,0.00175,85068.8,BTC-25DEC26,0.6302,-0.01446,15.54013,2813.0,9.8,0.0002999999999999999,BTC,84009.23,1489.23
2026-09-25T19:14:40.907418+00:00,BTC-2OCT26-89000-C,84114.33,BTC-2OCT26,call,89000.0,2026-10-02T08:00:00+00:00,0.017882192960871547,0.0015,0.0018,0.00171002,0.00165,84114.33,BTC-2OCT26,0.3104,0.08884,18.08933,223.1,161.9,0.0002999999999999999,BTC,84009.44,37578.26
2026-09-25T19:14:40.907418+00:00,BTC-30OCT26-67000-P,84409.3,BTC-30OCT26,put,67000.0,2026-10-30T08:00:00+00:00,0.09454201500057038,0.0021,0.0024,0.0022318,0.00225,84409.3,BTC-30OCT26,0.4426,-0.03899,21.90787,583.1,2.5,0.0002999999999999999,BTC,84009.23,585.12
2026-09-25T19:14:40.907418+00:00,BTC-28SEP26-77000-C,84061.62,BTC-28SEP26,call,77000.0,2026-09-28T08:00:00+00:00,0.006930789812343145,0.0825,0.086,0.08414393,0.08425,84061.62,BTC-28SEP26,0.4585,0.98949,1.94803,0.0,0.0,0.0034999999999999892,BTC,84009.44,0.0
2026-09-25T19:14:40.907418+00:00,BTC-2OCT26-72000-P,84114.33,BTC-2OCT26,put,72000.0,2026-10-02T08:00:00+00:00,0.017882192960871547,0.0003,0.0004,0.00034366,0.00035,84114.33,BTC-2OCT26,0.5338,-0.01358,3.90982,243.9,2.2,0.00010000000000000005,BTC,84009.44,101.6
2026-09-25T19:14:40.907418+00:00,BTC-25JUN27-125000-C,87234.83,BTC-25JUN27,call,125000.0,2027-06-25T08:00:00+00:00,0.7461505023380105,0.0325,0.034,0.03337391,0.03325,87234.83,BTC-25JUN27,0.4075,0.19867,210.13316,640.0,0.0,0.0015000000000000013,BTC,84009.44,0.0
2026-09-25T19:14:40.907418+00:00,BTC-25JUN27-60000-C,87234.83,BTC-25JUN27,call,60000.0,2027-06-25T08:00:00+00:00,0.7461505023380105,0.335,0.339,0.33733949,0.337,87234.83,BTC-25JUN27,0.4305,0.8832,147.89381,969.9,0.0,0.0040000000000000036,BTC,84009.44,0.0
2026-09-25T19:14:40.907418+00:00,BTC-27NOV26-79000-P,84750.95,BTC-27NOV26,put,79000.0,2026-11-27T08:00:00+00:00,0.17120183704026923,0.031,0.032,0.03146555,0.0315,84750.95,BTC-27NOV26,0.3724,-0.29771,121.50545,166.0,3.2,0.0010000000000000009,BTC,84009.44,7852.06
2026-09-25T19:14:40.907418+00:00,BTC-29SEP26-82000-C,84079.41,BTC-29SEP26,call,82000.0,2026-09-29T08:00:00+00:00,0.009668640599475246,0.025,0.0285,0.02647421,0.02675,84079.41,BTC-29SEP26,0.2407,0.855,18.84144,0.0,0.0,0.0034999999999999996,BTC,84009.09,0.0
2026-09-25T19:14:40.907418+00:00,BTC-24SEP27-190000-C,88332.52,BTC-24SEP27,call,190000.0,2027-09-24T08:00:00+00:00,0.9952949239670317,0.012,0.0135,0.01278466,0.01275,88332.52,BTC-24SEP27,0.4582,0.07395,123.41083,0.9,0.6,0.0014999999999999996,BTC,84009.09,632.78
2026-09-25T19:14:40.907418+00:00,BTC-26SEP26-83500-P,84024.93,BTC-26SEP26,put,83500.0,2026-09-26T08:00:00+00:00,0.0014550882380789413,0.0003,0.0006,0.00040328,0.00045,84024.93,BTC-26SEP26,0.151,-0.1498,7.46055,154.8,178.6,0.0003,BTC,84009.09,47860.86
2026-09-25T19:14:40.907418+00:00,BTC-30OCT26-59000-C,84409.3,BTC-30OCT26,call,59000.0,2026-10-30T08:00:00+00:00,0.09454201500057038,0.3005,0.3035,0.30200771,0.302,84409.3,BTC-30OCT26,0.5599000000000001,0.98475,9.96704,1.0,0.0,0.0030000000000000027,BTC,84009.09,0.0
2026-09-25T19:14:40.907418+00:00,BTC-25JUN27-115000-C,87234.83,BTC-25JUN27,call,115000.0,2027-06-25T08:00:00+00:00,0.7461505023380105,0.046,0.0475,0.04691521,0.04675,87234.83,BTC-25JUN27,0.3985,0.26396,246.34309,149.9,0.0,0.0015000000000000013,BTC,84009.09,0.0
2026-09-25T19:14:40.907418+00:00,BTC-26MAR27-106000-C,86100.6,BTC-26MAR27,call,106000.0,2027-03-26T08:00:00+00:00,0.4970060807089893,0.038,0.0395,0.03892985,0.03875,86100.6,BTC-26MAR27,0.38799999999999996,0.26619,199.28013,83.6,4.5,0.0015000000000000013,BTC,84009.09,15251.67
2026-09-25T19:14:40.907418+00:00,BTC-30OCT26-48000-C,84409.3,BTC-30OCT26,call,48000.0,2026-10-30T08:00:00+00:00,0.09454201500057038,0.4305,0.433,0.43168571,0.43175,84409.3,BTC-30OCT26,0.7349,0.99545,3.44699,8.5,0.0,0.0025000000000000022,BTC,84009.09,0.0
2026-09-25T19:14:40.907418+00:00,BTC-9OCT26-89000-P,84184.78,BTC-9OCT26,put,89000.0,2026-10-09T08:00:00+00:00,0.03704714847079626,0.0615,0.0655,0.06358697,0.0635,84184.78,BTC-9OCT26,0.3211,-0.80909,44.09999,1.0,0.0,0.0040000000000000036,BTC,84009.23,0.0
2026-09-25T19:14:40.907418+00:00,BTC-29SEP26-83500-P,84079.41,BTC-29SEP26,put,83500.0,2026-09-29T08:00:00+00:00,0.009668640599475246,0.0055,0.006,0.0059378,0.00575,84079.41,BTC-29SEP26,0.2293,-0.38018,31.48069,18.4,18.4,0.0005000000000000004,BTC,84009.23,12310.24
2026-09-25T19:14:40.907418+00:00,BTC-26MAR27-98000-C,86100.6,BTC-26MAR27,call,98000.0,2027-03-26T08:00:00+00:00,0.4970060807089893,0.058,0.059,0.05867603,0.0585,86100.6,BTC-26MAR27,0.3833,0.36511,228.19244,214.8,6.8,0.000999999999999994,BTC,84009.23,33859.94
2026-09-25T19:14:40.907418+00:00,BTC-30OCT26-88000-P,84409.3,BTC-30OCT26,put,88000.0,2026-10-30T08:00:00+00:00,0.09454201500057038,0.066,0.0685,0.06728267,0.06725,84409.3,BTC-30OCT26,0.3408,-0.63611,97.45877,2383.0,0.1,0.0025000000000000022,BTC,84009.23,609.3
2026-09-25T19:14:40.907418+00:00,BTC-25JUN27-116000-P,87234.76,BTC-25JUN27,put,116000.0,2027-06-25T08:00:00+00:00,0.7461505023380105,0.3725,0.379,0.37506338,0.37575,87234.76,BTC-25JUN27,0.3995,-0.74339,242.78146,0.0,0.0,0.006500000000000006,BTC,84009.23,0.0
2026-09-25T19:14:40.907418+00:00,BTC-30OCT26-102000-P,84409.32,BTC-30OCT26,put,102000.0,2026-10-30T08:00:00+00:00,0.09454201500057038,0.209,0.2135,0.21114588,0.21125,84409.32,BTC-30OCT26,0.37729999999999997,-0.94249,29.90625,0.0,0.0,0.004500000000000004,BTC,84009.23,0.0
2026-09-25T19:14:40.907418+00:00,BTC-2OCT26-85000-P,84114.33,BTC-2OCT26,put,85000.0,2026-10-02T08:00:00+00:00,0.017882192960871547,0.021,0.0225,0.02150795,0.02175,84114.33,BTC-2OCT26,0.2924,-0.601,43.42608,845.4,13.1,0.0014999999999999979,BTC,84009.21,24543.5
2026-09-25T19:14:40.907418+00:00,BTC-26SEP26-77000-P,84024.91,BTC-26SEP26,put,77000.0,2026-09-26T08:00:00+00:00,0.0014550882380789413,,0.0001,3.14e-06,,84024.91,BTC-26SEP26,0.6922,-0.00047,0.0534,43.6,19.6,,BTC,84009.21,185.87
2026-09-25T19:14:40.907418+00:00,BTC-27SEP26-86500-C,84043.53,BTC-27SEP26,call,86500.0,2026-09-27T08:00:00+00:00,0.004192939025211043,0.0001,0.0003,0.00020449,0.0002,84043.53,BTC-27SEP26,0.2416,0.03166,3.87096,75.1,90.6,0.00019999999999999998,BTC,84009.21,6190.25
2026-09-25T19:14:40.907418+00:00,BTC-26SEP26-81500-C,84024.91,BTC-26SEP26,call,81500.0,2026-09-26T08:00:00+00:00,0.0014550882380789413,0.0285,0.032,0.0300822,0.03025,84024.91,BTC-26SEP26,0.3301,0.99179,0.7178,0.0,0.0,0.0034999999999999996,BTC,84009.21,0.0
2026-09-25T19:14:40.907418+00:00,BTC-16OCT26-70000-C,84250.91,BTC-16OCT26,call,70000.0,2026-10-16T08:00:00+00:00,0.05621210398072097,0.169,0.1725,0.17061316,0.17075,84250.91,BTC-16OCT26,0.4413,0.96568,15.18824,0.0,0.0,0.0034999999999999754,BTC,84009.66,0.0
2026-09-25T19:14:40.907418+00:00,BTC-27NOV26-88000-P,84750.95,BTC-27NOV26,put,88000.0,2026-11-27T08:00:00+00:00,0.17120183704026923,0.082,0.0835,0.08258375,0.08275,84750.95,BTC-27NOV26,0.366,-0.56936,137.78256,35.1,2.7,0.0015000000000000013,BTC,84009.66,19527.3
2026-09-25T19:14:40.907418+00:00,BTC-25DEC26-72000-P,85068.82,BTC-25DEC26,put,72000.0,2026-12-25T08:00:00+00:00,0.24786165907996807,0.0195,0.0205,0.02023619,0.02,85068.82,BTC-25DEC26,0.3975,-0.17346,108.56583,925.5,15.7,0.0010000000000000009,BTC,84009.66,25327.6
2026-09-25T19:14:40.907418+00:00,BTC-26MAR27-56000-C,86100.6,BTC-26MAR27,call,56000.0,2027-03-26T08:00:00+00:00,0.4970060807089893,0.3585,0.362,0.36053072,0.36025,86100.6,BTC-26MAR27,0.4575,0.93236,79.38112,14.4,0.0,0.003500000000000003,BTC,84009.66,0.0
2026-09-25T19:14:40.907418+00:00,BTC-27NOV26-105000-P,84750.97,BTC-27NOV26,put,105000.0,2026-11-27T08:00:00+00:00,0.17120183704026923,0.244,0.249,0.24649262,0.2465,84750.97,BTC-27NOV26,0.3883,-0.89529,63.6404,3.3,0.0,0.0050000000000000044,BTC,84009.66,0.0
2026-09-25T19:14:40.907418+00:00,BTC-27SEP26-78000-C,84043.53,BTC-27SEP26,call,78000.0,2026-09-27T08:00:00+00:00,0.004192939025211043,0.07,0.074,0.0719661,0.072,84043.53,BTC-27SEP26,0.45899999999999996,0.99406,0.91741,0.0,0.0,0.00399999999999999,BTC,84009.66,0.0
2026-09-25T19:14:40.907418+00:00,BTC-9OCT26-75000-C,84184.76,BTC-9OCT26,call,75000.0,2026-10-09T08:00:00+00:00,0.03704714847079626,0.109,0.1125,0.11094056,0.11075,84184.76,BTC-9OCT26,0.3872,0.94328,18.46974,0.2,0.0,0.003500000000000003,BTC,84009.66,0.0
2026-09-25T19:14:40.907418+00:00,BTC-24SEP27-72000-C,88332.52,BTC-24SEP27,call,72000.0,2027-09-24T08:00:00+00:00,0.9952949239670317,0.2545,0.2575,0.2554223,0.256,88332.52,BTC-24SEP27,0.4042,0.76045,273.68762,0.0,0.0,0.0030000000000000027,BTC,84009.65,0.0
2026-09-25T19:14:40.907418+00:00,BTC-26SEP26-85000-C,84024.91,BTC-26SEP26,call,85000.0,2026-09-26T08:00:00+00:00,0.0014550882380789413,0.0002,0.0004,0.00030244,0.0003,84024.91,BTC-26SEP26,0.2157,0.07566,4.56366,375.3,348.7,0.0002,BTC,84009.65,124153.11
2026-09-25T19:14:40.907418+00:00,BTC-25JUN27-55000-C,87234.83,BTC-25JUN27,call,55000.0,2027-06-25T08:00:00+00:00,0.7461505023380105,0.384,0.3885,0.38718428,0.38625,87234.83,BTC-25JUN27,0.4506,0.916,116.22994,3.7,0.0,0.004500000000000004,BTC,84009.65,0.0
2026-09-25T19:14:40.907418+00:00,BTC-27NOV26-93000-P,84750.95,BTC-27NOV26,put,93000.0,2026-11-27T08:00:00+00:00,0.17120183704026923,0.122,0.1255,0.12364262,0.12375,84750.95,BTC-27NOV26,0.3671,-0.70436,121.11884,0.0,0.0,0.003500000000000003,BTC,84009.65,0.0
2026-09-25T19:14:40.907418+00:00,BTC-27NOV26-108000-P,84750.95,BTC-27NOV26,put,108000.0,2026-11-27T08:00:00+00:00,0.17120183704026923,0.2775,0.2825,0.27986846,0.28,84750.95,BTC-27NOV26,0.39399999999999996,-0.92035,51.96164,0.0,0.0,0.004999999999999949,BTC,84009.65,0.0
2026-09-25T19:14:40.907418+00:00,BTC-2OCT26-80000-P,84114.33,BTC-2OCT26,put,80000.0,2026-10-02T08:00:00+00:00,0.017882192960871547,0.0024,0.0026,0.00248951,0.0025,84114.33,BTC-2OCT26,0.32030000000000003,-0.11803,22.23862,1068.2,190.1,0.0002000000000000001,BTC,84009.6,52188.91
2026-09-25T19:14:40.907418+00:00,BTC-25DEC26-56000-C,85068.8,BTC-25DEC26,call,56000.0,2026-12-25T08:00:00+00:00,0.24786165907996807,0.344,0.347,0.34567236,0.3455,85068.8,BTC-25DEC26,0.5025,0.96363,33.77309,42.2,0.0,0.0030000000000000027,BTC,84009.6,0.0
2026-09-25T19:14:40.907418+00:00,BTC-24SEP27-170000-P,88332.52,BTC-24SEP27,put,170000.0,2027-09-24T08:00:00+00:00,0.9952949239670317,0.938,0.9535,0.94260118,0.94575,88332.52,BTC-24SEP27,0.44079999999999997,-0.89778,157.16561,4.3,4.3,0.01550000000000007,BTC,84009.6,342570.97
2026-09-25T19:14:40.907418+00:00,BTC-26MAR27-86000-P,86100.6,BTC-26MAR27,put,86000.0,2027-03-26T08:00:00+00:00,0.4970060807089893,0.106,0.1075,0.10659222,0.10675,86100.6,BTC-26MAR27,0.3823,-0.44507,239.8728,28.4,1.0,0.0015000000000000013,BTC,84009.6,8873.4
2026-09-25T19:14:40.907418+00:00,BTC-26MAR27-40000-P,86100.6,BTC-26MAR27,put,40000.0,2027-03-26T08:00:00+00:00,0.4970060807089893,0.0031,0.0034,0.0031652,0.00325,86100.6,BTC-26MAR27,0.5776,-0.01855,27.56588,1905.4,0.3,0.0002999999999999999,BTC,84009.6,79.09
2026-09-25T19:14:40.907418+00:00,BTC-16OCT26-92000-P,84250.91,BTC-16OCT26,put,92000.0,2026-10-16T08:00:00+00:00,0.05621210398072097,0.0955,0.0995,0.09762714,0.0975,84250.91,BTC-16OCT26,0.3357,-0.85714,45.07594,0.0,0.0,0.0040000000000000036,BTC,84009.6,0.0
2026-09-25T19:14:40.907418+00:00,BTC-26MAR27-120000-C,86100.6,BTC-26MAR27,call,120000.0,2027-03-26T08:00:00+00:00,0.4970060807089893,0.0195,0.0205,0.02003518,0.02,86100.6,BTC-26MAR27,0.4035,0.15258,143.14722,840.9,83.0,0.0010000000000000009,BTC,84009.6,137251.81
2026-09-25T19:14:40.907418+00:00,BTC-27SEP26-87500-C,84043.53,BTC-27SEP26,call,87500.0,2026-09-27T08:00:00+00:00,0.004192939025211043,,0.0002,0.00012531,,84043.53,BTC-27SEP26,0.2958,0.01742,2.34215,27.9,24.9,,BTC,84009.6,1002.25
2026-09-25T19:14:40.907418+00:00,BTC-30OCT26-80000-C,84409.3,BTC-30OCT26,call,80000.0,2026-10-30T08:00:00+00:00,0.09454201500057038,0.0715,0.0745,0.07275248,0.073,84409.3,BTC-30OCT26,0.34759999999999996,0.70978,88.8776,1397.4,2.6,0.0030000000000000027,BTC,84009.6,16512.21
2026-09-25T19:14:40.907418+00:00,BTC-25JUN27-140000-C,87234.76,BTC-25JUN27,call,140000.0,2027-06-25T08:00:00+00:00,0.7461505023380105,0.0205,0.0215,0.02107641,0.021,87234.76,BTC-25JUN27,0.4229,0.13291,161.8782,369.5,50.2,0.0009999999999999974,BTC,84009.53,90845.37
2026-09-25T19:14:40.907418+00:00,BTC-27NOV26-67000-C,84750.95,BTC-27NOV26,call,67000.0,2026-11-27T08:00:00+00:00,0.17120183704026923,0.2145,0.2175,0.21608054,0.216,84750.95,BTC-27NOV26,0.426,0.92228,51.0062,0.5,0.0,0.0030000000000000027,BTC,84009.53,0.0
2026-09-25T19:14:40.907418+00:00,BTC-30OCT26-96000-P,84409.3,BTC-30OCT26,put,96000.0,2026-10-30T08:00:00+00:00,0.09454201500057038,0.1415,0.1465,0.14395671,0.144,84409.3,BTC-30OCT26,0.35229999999999995,-0.87183,54.36972,0.1,0.0,0.0050000000000000044,BTC,84009.53,0.0
2026-09-25T19:14:40.907418+00:00,BTC-27SEP26-83000-P,84043.53,BTC-27SEP26,put,83000.0,2026-09-27T08:00:00+00:00,0.004192939025211043,0.0003,0.0004,0.00035942,0.00035,84043.53,BTC-27SEP26,0.1413,-0.09098,8.9065,106.2,44.5,0.00010000000000000005,BTC,84009.53,7516.88
2026-09-25T19:14:40.907418+00:00,BTC-26MAR27-56000-P,86100.6,BTC-26MAR27,put,56000.0,2027-03-26T08:00:00+00:00,0.4970060807089893,0.0105,0.0115,0.01093088,0.011,86100.6,BTC-26MAR27,0.4575,-0.06764,79.38196,131.9,0.1,0.0009999999999999992,BTC,84009.53,92.4
2026-09-25T19:14:40.907418+00:00,BTC-25JUN27-56000-C,87234.83,BTC-25JUN27,call,56000.0,2027-06-25T08:00:00+00:00,0.7461505023380105,0.374,0.3785,0.3769689,0.37625,87234.83,BTC-25JUN27,0.4458,0.91026,122.11066,3.0,0.0,0.004500000000000004,BTC,84009.53,0.0
2026-09-25T19:14:40.907418+00:00,BTC-27SEP26-86500-P,84043.53,BTC-27SEP26,put,86500.0,2026-09-27T08:00:00+00:00,0.004192939025211043,0.027,0.0315,0.02943193,0.02925,84043.53,BTC-27SEP26,0.2416,-0.96833,3.87183,0.0,0.0,0.0045000000000000005,BTC,84009.6,0.0
2026-09-25T19:14:40.907418+00:00,BTC-27SEP26-95000-P,84043.53,BTC-27SEP26,put,95000.0,2026-09-27T08:00:00+00:00,0.004192939025211043,0.128,0.1325,0.13036753,0.13025,84043.53,BTC-27SEP26,0.5399,-0.99976,0.04805,0.0,0.0,0.004500000000000004,BTC,84009.6,0.0
2026-09-25T19:14:40.907418+00:00,BTC-25JUN27-94000-C,87234.76,BTC-25JUN27,call,94000.0,2027-06-25T08:00:00+00:00,0.7461505023380105,0.102,0.104,0.10326343,0.103,87234.76,BTC-25JUN27,0.38909999999999995,0.4781,300.19087,29.6,3.3,0.0020000000000000018,BTC,84009.6,29442.91
2026-09-25T19:14:40.907418+00:00,BTC-25JUN27-200000-P,87234.83,BTC-25JUN27,put,200000.0,2027-06-25T08:00:00+00:00,0.7461505023380105,1.2845,1.3145,1.29866715,1.2995,87234.83,BTC-25JUN27,0.49079999999999996,-0.95954,65.55095,2.1,0.0,0.030000000000000027,BTC,84009.6,0.0
2026-09-25T19:14:40.907418+00:00,BTC-27NOV26-78000-C,84750.97,BTC-27NOV26,call,78000.0,2026-11-27T08:00:00+00:00,0.17120183704026923,0.1065,0.1085,0.10736981,0.1075,84750.97,BTC-27NOV26,0.3741,0.7296,116.03687,255.5,0.0,0.0020000000000000018,BTC,84009.6,0.0
2026-09-25T19:14:40.907418+00:00,BTC-24SEP27-200000-C,88332.52,BTC-24SEP27,call,200000.0,2027-09-24T08:00:00+00:00,0.9952949239670317,0.0105,0.011,0.01102193,0.01075,88332.52,BTC-24SEP27,0.467,0.06412,110.56894,10.8,0.5,0.0004999999999999987,BTC,84009.24,454.97
2026-09-25T19:14:40.907418+00:00,BTC-24SEP27-118000-P,88332.52,BTC-24SEP27,put,118000.0,2027-09-24T08:00:00+00:00,0.9952949239670317,0.395,0.405,0.39808555,0.4,88332.52,BTC-24SEP27,0.3994,-0.70126,305.83331,0.0,0.0,0.010000000000000009,BTC,84009.24,0.0
2026-09-25T19:14:40.907418+00:00,BTC-29SEP26-77000-C,84079.41,BTC-29SEP26,call,77000.0,2026-09-29T08:00:00+00:00,0.009668640599475246,0.0825,0.086,0.08443336,0.08425,84079.41,BTC-29SEP26,0.4194,0.98399,3.3116,0.0,0.0,0.0034999999999999892,BTC,84009.24,0.0
2026-09-25T19:14:40.907418+00:00,BTC-27NOV26-62000-P,84750.97,BTC-27NOV26,put,62000.0,2026-11-27T08:00:00+00:00,0.17120183704026923,0.0036,0.004,0.00375761,0.0038,84750.97,BTC-27NOV26,0.46909999999999996,-0.0441,32.70088,329.9,3.1,0.0004000000000000002,BTC,84009.24,945.3
2026-09-25T19:14:40.907418+00:00,BTC-16OCT26-86000-P,84250.91,BTC-16OCT26,put,86000.0,2026-10-16T08:00:00+00:00,0.05621210398072097,0.0425,0.0435,0.04269309,0.043,84250.91,BTC-16OCT26,0.3267,-0.59085,77.61823,0.0,0.0,0.000999999999999994,BTC,84009.24,0.0
2026-09-25T19:14:40.907418+00:00,BTC-25DEC26-50000-C,85068.8,BTC-25DEC26,call,50000.0,2026-12-25T08:00:00+00:00,0.24786165907996807,0.413,0.416,0.41471471,0.4145,85068.8,BTC-25DEC26,0.5664,0.97849,21.80643,260.7,0.0,0.0030000000000000027,BTC,84009.24,0.0
2026-09-25T19:14:40.907418+00:00,BTC-24SEP27-74000-C,88332.52,BTC-24SEP27,call,74000.0,2027-09-24T08:00:00+00:00,0.9952949239670317,0.24,0.243,0.24087516,0.2415,88332.52,BTC-24SEP27,0.4017,0.73935,286.22741,1.4,0.0,0.0030000000000000027,BTC,84009.83,0.0
2026-09-25T19:14:40.907418+00:00,BTC-29SEP26-83500-C,84079.41,BTC-29SEP26,call,83500.0,2026-09-29T08:00:00+00:00,0.009668640599475246,0.012,0.0135,0.01282985,0.01275,84079.41,BTC-29SEP26,0.2293,0.62001,31.47626,4.0,8.0,0.0014999999999999996,BTC,84009.83,9407.69
2026-09-25T19:14:40.907418+00:00,BTC-30OCT26-45000-P,84409.3,BTC-30OCT26,put,45000.0,2026-10-30T08:00:00+00:00,0.09454201500057038,0.0002,0.0003,0.00024237,0.00025,84409.3,BTC-30OCT26,0.7816,-0.00312,2.45888,285.8,1.0,9.999999999999996e-05,BTC,84009.83,32.99
2026-09-25T19:14:40.907418+00:00,BTC-30OCT26-69000-C,84409.3,BTC-30OCT26,call,69000.0,2026-10-30T08:00:00+00:00,0.09454201500057038,0.184,0.1875,0.18550967,0.18575,84409.3,BTC-30OCT26,0.4194,0.94794,27.64202,640.6,0.0,0.003500000000000003,BTC,84009.83,0.0
2026-09-25T19:14:40.907418+00:00,BTC-25JUN27-84000-C,87234.76,BTC-25JUN27,call,84000.0,2027-06-25T08:00:00+00:00,0.7461505023380105,0.1495,0.152,0.15093105,0.15075,87234.76,BTC-25JUN27,0.3907,0.61026,289.08812,29.3,0.1,0.0025000000000000022,BTC,84009.83,1228.21
2026-09-25T19:14:40.907418+00:00,BTC-30OCT26-69000-P,84409.3,BTC-30OCT26,put,69000.0,2026-10-30T08:00:00+00:00,0.09454201500057038,0.0028,0.0031,0.00295407,0.00295,84409.3,BTC-30OCT26,0.4194,-0.05206,27.64202,1198.6,101.0,0.0002999999999999999,BTC,84009.83,26374.56
2026-09-25T19:14:40.907418+00:00,BTC-28SEP26-79000-P,84061.62,BTC-28SEP26,put,79000.0,2026-09-28T08:00:00+00:00,0.006930789812343145,0.0001,0.0003,0.00016782,0.0002,84061.62,BTC-28SEP26,0.35,-0.0165,2.87552,5.7,3.0,0.00019999999999999998,BTC,84009.83,75.76
2026-09-25T19:14:40.907418+00:00,BTC-24SEP27-104000-C,88332.68,BTC-24SEP27,call,104000.0,2027-09-24T08:00:00+00:00,0.9952949239670317,0.094,0.096,0.09521592,0.095,88332.68,BTC-24SEP27,0.39399999999999996,0.41316,343.22189,0.0,0.0,0.0020000000000000018,BTC,84009.64,0.0
2026-09-25T19:14:40.907418+00:00,BTC-28SEP26-81000-C,84061.55,BTC-28SEP26,call,81000.0,2026-09-28T08:00:00+00:00,0.006930789812343145,0.035,0.0385,0.0366864,0.03675,84061.55,BTC-28SEP26,0.24309999999999998,0.96598,5.28253,0.0,0.0,0.003499999999999996,BTC,84009.64,0.0
2026-09-25T19:14:40.907418+00:00,BTC-27NOV26-82000-P,84750.95,BTC-27NOV26,put,82000.0,2026-11-27T08:00:00+00:00,0.17120183704026923,0.0445,0.0455,0.04493195,0.045,84750.95,BTC-27NOV26,0.36829999999999996,-0.38564,134.11368,116.4,8.0,0.0010000000000000009,BTC,84009.64,29886.64
2026-09-25T19:14:40.907418+00:00,BTC-30OCT26-62000-P,84409.3,BTC-30OCT26,put,62000.0,2026-10-30T08:00:00+00:00,0.09454201500057038,0.0012,0.0014,0.00127823,0.0013,84409.3,BTC-30OCT26,0.5123,-0.02094,13.06482,1259.0,18.0,0.0002000000000000001,BTC,84009.64,2127.05
2026-09-25T19:14:40.907418+00:00,BTC-25JUN27-88000-P,87234.83,BTC-25JUN27,put,88000.0,2027-06-25T08:00:00+00:00,0.7461505023380105,0.1375,0.14,0.13847621,0.13875,87234.83,BTC-25JUN27,0.389,-0.44381,297.65872,10.1,0.1,0.0025000000000000022,BTC,84009.64,1152.48
2026-09-25T19:14:40.907418+00:00,BTC-30OCT26-40000-C,84409.3,BTC-30OCT26,call,40000.0,2026-10-30T08:00:00+00:00,0.09454201500057038,0.525,0.527,0.52626229,0.526,84409.3,BTC-30OCT26,0.8698,0.99827,1.44071,0.3,0.0,0.0020000000000000018,BTC,84009.64,0.0
2026-09-25T19:14:40.907418+00:00,BTC-30OCT26-86000-P,84409.3,BTC-30OCT26,put,86000.0,2026-10-30T08:00:00+00:00,0.09454201500057038,0.052,0.053,0.05231367,0.0525,84409.3,BTC-30OCT26,0.3411,-0.55097,102.69954,175.2,9.1,0.0010000000000000009,BTC,84009.0,39395.16
2026-09-25T19:14:40.907418+00:00,BTC-26SEP26-88000-P,84024.91,BTC-26SEP26,put,88000.0,2026-09-26T08:00:00+00:00,0.0014550882380789413,0.0455,0.049,0.0473543,0.04725,84024.91,BTC-26SEP26,0.49700000000000005,-0.99278,0.64149,0.0,0.0,0.003500000000000003,BTC,84009.0,0.0
2026-09-25T19:14:40.907418+00:00,BTC-26MAR27-82000-P,86100.6,BTC-26MAR27,put,82000.0,2027-03-26T08:00:00+00:00,0.4970060807089893,0.0825,0.084,0.08313915,0.08325,86100.6,BTC-26MAR27,0.38439999999999996,-0.37657,230.48581,47.4,1.0,0.0015000000000000013,BTC,84009.0,7003.11
2026-09-25T19:14:40.907418+00:00,BTC-25DEC26-64000-C,85068.8,BTC-25DEC26,call,64000.0,2026-12-25T08:00:00+00:00,0.24786165907996807,0.2545,0.2575,0.25609285,0.256,85068.8,BTC-25DEC26,0.43700000000000006,0.92141,62.12318,404.9,0.0,0.0030000000000000027,BTC,84009.0,0.0
2026-09-25T19:14:40.907418+00:00,BTC-26MAR27-95000-P,86100.62,BTC-26MAR27,put,95000.0,2027-03-26T08:00:00+00:00,0.4970060807089893,0.171,0.173,0.17185918,0.172,86100.62,BTC-26MAR27,0.3824,-0.59135,235.79504,9.3,2.3,0.001999999999999974,BTC,84009.0,32553.0
2026-09-25T19:14:40.907418+00:00,BTC-25DEC26-95000-C,85068.8,BTC-25DEC26,call,95000.0,2026-12-25T08:00:00+00:00,0.24786165907996807,0.033,0.034,0.033686,0.0335,85068.8,BTC-25DEC26,0.375,0.30866,149.13934,1526.6,5.4,0.0010000000000000009,BTC,84009.81,15063.01
2026-09-25T19:14:40.907418+00:00,BTC-27NOV26-105000-C,84750.97,BTC-27NOV26,call,105000.0,2026-11-27T08:00:00+00:00,0.17120183704026923,0.007,0.008,0.00756933,0.0075,84750.97,BTC-27NOV26,0.3883,0.1047,63.6343,21.2,0.2,0.001,BTC,84009.81,139.36
2026-09-25T19:14:40.907418+00:00,BTC-27NOV26-94000-C,84750.95,BTC-27NOV26,call,94000.0,2026-11-27T08:00:00+00:00,0.17120183704026923,0.0235,0.024,0.02371917,0.02375,84750.95,BTC-27NOV26,0.36840000000000006,0.27262,116.51057,96.9,7.8,0.0005000000000000004,BTC,84009.81,15351.17
2026-09-25T19:14:40.907418+00:00,BTC-26MAR27-75000-C,86100.62,BTC-26MAR27,call,75000.0,2027-03-26T08:00:00+00:00,0.4970060807089893,0.178,0.1815,0.17975514,0.17975,86100.62,BTC-26MAR27,0.39189999999999997,0.73778,197.7633,0.0,0.0,0.003500000000000003,BTC,84009.81,0.0
2026-09-25T19:14:40.907418+00:00,BTC-25DEC26-240000-P,85068.8,BTC-25DEC26,put,240000.0,2026-12-25T08:00:00+00:00,0.24786165907996807,1.8105,1.833,1.82145476,1.82175,85068.8,BTC-25DEC26,0.6923999999999999,-0.99772,3.0246,0.0,0.0,0.022499999999999964,BTC,84009.81,0.0
2026-09-25T19:14:40.907418+00:00,BTC-26SEP26-91000-P,84024.93,BTC-26SEP26,put,91000.0,2026-09-26T08:00:00+00:00,0.0014550882380789413,0.0805,0.085,0.08301409,0.08275,84024.93,BTC-26SEP26,0.6335999999999999,-0.99952,0.05486,0.0,0.0,0.004500000000000004,BTC,84009.81,0.0
2026-09-25T19:14:40.907418+00:00,BTC-24SEP27-72000-P,88332.52,BTC-24SEP27,put,72000.0,2027-09-24T08:00:00+00:00,0.9952949239670317,0.0695,0.072,0.07052221,0.07075,88332.52,BTC-24SEP27,0.4042,-0.23955,273.68874,1.0,1.0,0.0024999999999999883,BTC,84009.81,5647.39
2026-09-25T19:14:40.907418+00:00,BTC-25JUN27-105000-C,87234.76,BTC-25JUN27,call,105000.0,2027-06-25T08:00:00+00:00,0.7461505023380105,0.067,0.0685,0.06776807,0.06775,87234.76,BTC-25JUN27,0.3921,0.35255,279.8707,163.5,0.0,0.0015000000000000013,BTC,84009.81,0.0
2026-09-25T19:14:40.907418+00:00,BTC-25DEC26-86000-P,85068.8,BTC-25DEC26,put,86000.0,2026-12-25T08:00:00+00:00,0.24786165907996807,0.0795,0.0805,0.07999546,0.08,85068.8,BTC-25DEC26,0.3729,-0.48698,168.87714,77.2,0.0,0.0010000000000000009,BTC,84009.24,0.0
2026-09-25T19:14:40.907418+00:00,BTC-28SEP26-80500-P,84061.62,BTC-28SEP26,put,80500.0,2026-09-28T08:00:00+00:00,0.006930789812343145,0.0002,0.0003,0.00025264,0.00025,84061.62,BTC-28SEP26,0.2748,-0.02944,4.68773,31.5,31.7,9.999999999999996e-05,BTC,84009.24,2075.19
2026-09-25T19:14:40.907418+00:00,BTC-24SEP27-110000-C,88332.52,BTC-24SEP27,call,110000.0,2027-09-24T08:00:00+00:00,0.9952949239670317,0.078,0.08,0.0792249,0.079,88332.52,BTC-24SEP27,0.3962,0.36016,329.75496,0.2,0.2,0.0020000000000000018,BTC,84009.24,1355.86
2026-09-25T19:14:40.907418+00:00,BTC-24SEP27-50000-P,88332.68,BTC-24SEP27,put,50000.0,2027-09-24T08:00:00+00:00,0.9952949239670317,0.0165,0.0185,0.01741722,0.0175,88332.68,BTC-24SEP27,0.45909999999999995,-0.07074,119.28385,29.2,17.2,0.0019999999999999983,BTC,84009.24,23899.56
2026-09-25T19:14:40.907418+00:00,BTC-16OCT26-75000-C,84250.91,BTC-16OCT26,call,75000.0,2026-10-16T08:00:00+00:00,0.05621210398072097,0.112,0.1155,0.1134884,0.11375,84250.91,BTC-16OCT26,0.3732,0.91234,31.81031,0.0,0.0,0.003500000000000003,BTC,84008.15,0.0
2026-09-25T19:14:40.907418+00:00,BTC-26MAR27-150000-P,86100.62,BTC-26MAR27,put,150000.0,2027-03-26T08:00:00+00:00,0.4970060807089893,0.7445,0.7525,0.74867065,0.7485,86100.62,BTC-26MAR27,0.4475,-0.94546,67.08185,0.6,0.0,0.007999999999999896,BTC,84008.15,0.0
2026-09-25T19:14:40.907418+00:00,BTC-27NOV26-84000-P,84750.97,BTC-27NOV26,put,84000.0,2026-11-27T08:00:00+00:00,0.17120183704026923,0.0555,0.0565,0.05590234,0.056,84750.97,BTC-27NOV26,0.3667,-0.4473,138.67831,23.0,0.0,0.0010000000000000009,BTC,84008.15,0.0
2026-09-25T19:14:40.907418+00:00,BTC-25DEC26-20000-C,85068.8,BTC-25DEC26,call,20000.0,2026-12-25T08:00:00+00:00,0.24786165907996807,0.7645,0.766,0.76518228,0.76525,85068.8,BTC-25DEC26,1.0841,0.99841,2.17331,4.9,0.0,0.0015000000000000568,BTC,84008.15,0.0
2026-09-25T19:14:40.907418+00:00,BTC-26MAR27-110000-C,86100.6,BTC-26MAR27,call,110000.0,2027-03-26T08:00:00+00:00,0.4970060807089893,0.031,0.0325,0.03190274,0.03175,86100.6,BTC-26MAR27,0.39149999999999996,0.2265,182.73957,1178.1,111.5,0.0015000000000000013,BTC,84008.15,297435.47
2026-09-25T19:14:40.907418+00:00,BTC-26MAR27-125000-C,86100.6,BTC-26MAR27,call,125000.0,2027-03-26T08:00:00+00:00,0.4970060807089893,0.0155,0.0165,0.0160838,0.016,86100.6,BTC-26MAR27,0.40979999999999994,0.12576,125.49147,424.0,52.9,0.0010000000000000009,BTC,84008.15,69725.78
2026-09-25T19:14:40.907418+00:00,BTC-25DEC26-150000-P,85068.82,BTC-25DEC26,put,150000.0,2026-12-25T08:00:00+00:00,0.24786165907996807,0.7615,0.7685,0.76457117,0.765,85068.82,BTC-25DEC26,0.5005,-0.98431,16.67276,4.4,0.0,0.007000000000000006,BTC,84008.16,0.0
2026-09-25T19:14:40.907418+00:00,BTC-25JUN27-120000-P,87234.83,BTC-25JUN27,put,120000.0,2027-06-25T08:00:00+00:00,0.7461505023380105,0.4125,0.419,0.41498547,0.41575,87234.83,BTC-25JUN27,0.40270000000000006,-0.7714,228.04737,0.9,0.0,0.006500000000000006,BTC,84008.16,0.0
2026-09-25T19:14:40.907418+00:00,BTC-25JUN27-114000-P,87234.76,BTC-25JUN27,put,114000.0,2027-06-25T08:00:00+00:00,0.7461505023380105,0.353,0.359,0.35523258,0.356,87234.76,BTC-25JUN27,0.3971,-0.72885,249.70324,0.0,0.0,0.006000000000000005,BTC,84008.16,0.0
2026-09-25T19:14:40.907418+00:00,BTC-30OCT26-87000-P,84409.3,BTC-30OCT26,put,87000.0,2026-10-30T08:00:00+00:00,0.09454201500057038,0.059,0.0605,0.05957697,0.05975,84409.3,BTC-30OCT26,0.3411,-0.59434,100.6361,397.1,3.2,0.0015000000000000013,BTC,84008.16,16290.22
2026-09-25T19:14:40.907418+00:00,BTC-30OCT26-63000-P,84409.3,BTC-30OCT26,put,63000.0,2026-10-30T08:00:00+00:00,0.09454201500057038,0.0013,0.0015,0.00141609,0.0014,84409.3,BTC-30OCT26,0.4976,-0.02348,14.39191,650.4,12.0,0.0002000000000000001,BTC,84008.16,1525.14
2026-09-25T19:14:40.907418+00:00,BTC-9OCT26-77000-C,84184.76,BTC-9OCT26,call,77000.0,2026-10-09T08:00:00+00:00,0.03704714847079626,0.0865,0.09,0.08843111,0.08825,84184.76,BTC-9OCT26,0.35950000000000004,0.90636,27.09636,57.9,0.0,0.003500000000000003,BTC,84008.16,0.0
2026-09-25T19:14:40.907418+00:00,BTC-25JUN27-64000-P,87234.76,BTC-25JUN27,put,64000.0,2027-06-25T08:00:00+00:00,0.7461505023380105,0.033,0.034,0.03356036,0.0335,87234.76,BTC-25JUN27,0.41960000000000003,-0.15036,175.987,63.9,0.0,0.0010000000000000009,BTC,84008.16,0.0
2026-09-25T19:14:40.907418+00:00,BTC-25JUN27-95000-C,87234.83,BTC-25JUN27,call,95000.0,2027-06-25T08:00:00+00:00,0.7461505023380105,0.098,0.1,0.09928954,0.099,87234.83,BTC-25JUN27,0.3889,0.46548,299.51324,57.4,12.8,0.0020000000000000018,BTC,84007.79,108963.05
2026-09-25T19:14:40.907418+00:00,BTC-25JUN27-65000-C,87234.83,BTC-25JUN27,call,65000.0,2027-06-25T08:00:00+00:00,0.7461505023380105,0.289,0.292,0.29073257,0.2905,87234.83,BTC-25JUN27,0.4164,0.84054,182.95342,9.1,0.0,0.0030000000000000027,BTC,84007.79,0.0
2026-09-25T19:14:40.907418+00:00,BTC-9OCT26-65000-P,84184.78,BTC-9OCT26,put,65000.0,2026-10-09T08:00:00+00:00,0.03704714847079626,0.0003,0.0004,0.0003412,0.00035,84184.78,BTC-9OCT26,0.5797,-0.00891,3.9053,226.9,25.1,0.00010000000000000005,BTC,84007.79,849.31
2026-09-25T19:14:40.907418+00:00,BTC-25DEC26-98000-C,85068.82,BTC-25DEC26,call,98000.0,2026-12-25T08:00:00+00:00,0.24786165907996807,0.0255,0.0265,0.02617591,0.026,85068.82,BTC-25DEC26,0.37689999999999996,0.25395,135.70666,356.7,17.9,0.0010000000000000009,BTC,84007.79,40187.84
2026-09-25T19:14:40.907418+00:00,BTC-30OCT26-79000-P,84409.3,BTC-30OCT26,put,79000.0,2026-10-30T08:00:00+00:00,0.09454201500057038,0.0165,0.0175,0.01712965,0.017,84409.3,BTC-30OCT26,0.35009999999999997,-0.25263,82.93517,618.0,17.1,0.0010000000000000009,BTC,84007.79,24809.57
2026-09-25T19:14:40.907418+00:00,BTC-2OCT26-83000-C,84114.31,BTC-2OCT26,call,83000.0,2026-10-02T08:00:00+00:00,0.017882192960871547,0.0225,0.024,0.02330152,0.02325,84114.31,BTC-2OCT26,0.2981,0.6349,42.27792,652.3,40.2,0.0015000000000000013,BTC,84001.72,83750.88
2026-09-25T19:14:40.907418+00:00,BTC-16OCT26-79000-C,84250.91,BTC-16OCT26,call,79000.0,2026-10-16T08:00:00+00:00,0.05621210398072097,0.071,0.073,0.07193432,0.072,84250.91,BTC-16OCT26,0.3429,0.79646,56.51481,8.6,4.5,0.0020000000000000018,BTC,84001.72,28663.04
2026-09-25T19:14:40.907418+00:00,BTC-30OCT26-98000-C,84409.3,BTC-30OCT26,call,98000.0,2026-10-30T08:00:00+00:00,0.09454201500057038,0.0048,0.0055,0.00494619,0.00515,84409.3,BTC-30OCT26,0.361,0.09845,45.02773,404.1,2.7,0.0007000000000000001,BTC,84001.72,1252.2
2026-09-25T19:14:40.907418+00:00,BTC-27SEP26-95000-C,84043.53,BTC-27SEP26,call,95000.0,2026-09-27T08:00:00+00:00,0.004192939025211043,,0.0001,2.14e-06,,84043.53,BTC-27SEP26,0.5399,0.00023,0.04758,1.0,0.0,,BTC,84001.72,0.0
2026-09-25T19:14:40.907418+00:00,BTC-25DEC26-108000-P,85068.82,BTC-25DEC26,put,108000.0,2026-12-25T08:00:00+00:00,0.24786165907996807,0.279,0.284,0.28114526,0.2815,85068.82,BTC-25DEC26,0.39049999999999996,-0.87118,89.0304,0.1,0.0,0.004999999999999949,BTC,84001.72,0.0
2026-09-25T19:14:40.907418+00:00,BTC-16OCT26-80000-P,84250.91,BTC-16OCT26,put,80000.0,2026-10-16T08:00:00+00:00,0.05621210398072097,0.0115,0.0125,0.01220562,0.012,84250.91,BTC-16OCT26,0.3379,-0.24762,63.1506,2.6,2.7,0.0010000000000000009,BTC,83999.68,3023.45
2026-09-25T19:14:40.907418+00:00,BTC-25JUN27-74000-P,87234.76,BTC-25JUN27,put,74000.0,2027-06-25T08:00:00+00:00,0.7461505023380105,0.064,0.066,0.06485905,0.065,87234.76,BTC-25JUN27,0.4,-0.25854,243.71031,25.2,0.0,0.0020000000000000018,BTC,84001.72,0.0
2026-09-25T19:14:40.907418+00:00,BTC-29SEP26-86500-P,84079.41,BTC-29SEP26,put,86500.0,2026-09-29T08:00:00+00:00,0.009668640599475246,0.0285,0.032,0.03024392,0.03025,84079.41,BTC-29SEP26,0.24600000000000002,-0.88079,16.45754,0.0,0.0,0.0034999999999999996,BTC,83999.68,0.0
2026-09-25T19:14:40.907418+00:00,BTC-27NOV26-66000-C,84750.97,BTC-27NOV26,call,66000.0,2026-11-27T08:00:00+00:00,0.17120183704026923,0.2255,0.2285,0.22717607,0.227,84750.97,BTC-27NOV26,0.43450000000000005,0.93024,46.95649,0.0,0.0,0.0030000000000000027,BTC,83999.68,0.0
2026-09-25T19:14:40.907418+00:00,BTC-25DEC26-115000-C,85068.8,BTC-25DEC26,call,115000.0,2026-12-25T08:00:00+00:00,0.24786165907996807,0.0065,0.0075,0.00704894,0.007,85068.8,BTC-25DEC26,0.40659999999999996,0.08224,64.2837,2308.1,100.5,0.001,BTC,83999.68,64110.15
2026-09-25T19:14:40.907418+00:00,BTC-27SEP26-77000-P,84043.53,BTC-27SEP26,put,77000.0,2026-09-27T08:00:00+00:00,0.004192939025211043,,0.0001,4.047e-05,,84043.53,BTC-27SEP26,0.5114,-0.00406,0.65345,37.2,15.0,,BTC,83999.68,138.09
2026-09-25T19:14:40.907418+00:00,BTC-24SEP27-106000-C,88332.52,BTC-24SEP27,call,106000.0,2027-09-24T08:00:00+00:00,0.9952949239670317,0.0885,0.09,0.08933379,0.08925,88332.52,BTC-24SEP27,0.3942,0.39441,339.15448,0.1,0.0,0.0015000000000000013,BTC,83999.68,0.0
2026-09-25T19:14:40.907418+00:00,BTC-26MAR27-140000-P,86100.6,BTC-26MAR27,put,140000.0,2027-03-26T08:00:00+00:00,0.4970060807089893,0.631,0.6385,0.63504478,0.63475,86100.6,BTC-26MAR27,0.43200000000000005,-0.92578,85.22921,10.9,0.0,0.007499999999999951,BTC,83995.86,0.0
2026-09-25T19:14:40.907418+00:00,BTC-25DEC26-80000-P,85068.8,BTC-25DEC26,put,80000.0,2026-12-25T08:00:00+00:00,0.24786165907996807,0.0465,0.0475,0.04687598,0.047,85068.8,BTC-25DEC26,0.3785,-0.33809,154.82715,1681.9,15.5,0.0010000000000000009,BTC,83995.86,59571.19
2026-09-25T19:14:40.907418+00:00,BTC-25JUN27-116000-C,87234.76,BTC-25JUN27,call,116000.0,2027-06-25T08:00:00+00:00,0.7461505023380105,0.0445,0.046,0.04532416,0.04525,87234.76,BTC-25JUN27,0.3995,0.25647,242.68029,0.0,0.0,0.0015000000000000013,BTC,83995.86,0.0
2026-09-25T19:14:40.907418+00:00,BTC-9OCT26-86000-P,84184.76,BTC-9OCT26,put,86000.0,2026-10-09T08:00:00+00:00,0.03704714847079626,0.036,0.0375,0.0368364,0.03675,84184.76,BTC-9OCT26,0.3164,-0.62859,61.24479,237.6,0.0,0.0015000000000000013,BTC,83995.86,0.0
2026-09-25T19:14:40.907418+00:00,BTC-26MAR27-70000-P,86100.62,BTC-26MAR27,put,70000.0,2027-03-26T08:00:00+00:00,0.4970060807089893,0.034,0.035,0.03431743,0.0345,86100.62,BTC-26MAR27,0.4011,-0.19169,165.60338,493.9,0.0,0.0010000000000000009,BTC,83995.86,0.0
2026-09-25T19:14:40.907418+00:00,BTC-29SEP26-87000-P,84079.41,BTC-29SEP26,put,87000.0,2026-09-29T08:00:00+00:00,0.009668640599475246,0.034,0.0375,0.03575271,0.03575,84079.41,BTC-29SEP26,0.255,-0.91464,12.90227,0.0,0.0,0.003499999999999996,BTC,83995.86,0.0
2026-09-25T19:14:40.907418+00:00,BTC-9OCT26-95000-C,84184.76,BTC-9OCT26,call,95000.0,2026-10-09T08:00:00+00:00,0.03704714847079626,0.001,0.0012,0.00115556,0.0011,84184.76,BTC-9OCT26,0.35700000000000004,0.04162,14.41924,482.9,24.4,0.00019999999999999987,BTC,83995.86,2844.59
2026-09-25T19:14:40.907418+00:00,BTC-25JUN27-86000-C,87234.83,BTC-25JUN27,call,86000.0,2027-06-25T08:00:00+00:00,0.7461505023380105,0.139,0.141,0.13996394,0.14,87234.83,BTC-25JUN27,0.3897,0.58302,294.07701,44.9,1.0,0.001999999999999974,BTC,83995.86,11531.83
2026-09-25T19:14:40.907418+00:00,BTC-27NOV26-100000-C,84750.97,BTC-27NOV26,call,100000.0,2026-11-27T08:00:00+00:00,0.17120183704026923,0.012,0.013,0.01261568,0.0125,84750.97,BTC-27NOV26,0.37770000000000004,0.16259,86.20902,450.7,0.4,0.0009999999999999992,BTC,83996.02,417.65
2026-09-25T19:14:40.907418+00:00,BTC-26MAR27-64000-C,86100.6,BTC-26MAR27,call,64000.0,2027-03-26T08:00:00+00:00,0.4970060807089893,0.276,0.2795,0.27760629,0.27775,86100.6,BTC-26MAR27,0.419,0.87492,124.99536,137.9,0.0,0.003500000000000003,BTC,83996.02,0.0
2026-09-25T19:14:40.907418+00:00,BTC-25DEC26-82000-P,85068.8,BTC-25DEC26,put,82000.0,2026-12-25T08:00:00+00:00,0.24786165907996807,0.056,0.057,0.05655126,0.0565,85068.8,BTC-25DEC26,0.3757,-0.38687,162.10058,784.4,0.3,0.0010000000000000009,BTC,83996.02,1434.68
2026-09-25T19:14:40.907418+00:00,BTC-29SEP26-78000-P,84079.41,BTC-29SEP26,put,78000.0,2026-09-29T08:00:00+00:00,0.009668640599475246,0.0002,0.0004,0.00027123,0.0003,84079.41,BTC-29SEP26,0.3743,-0.02058,4.09983,10.1,10.1,0.0002,BTC,83996.02,256.95
2026-09-25T19:14:40.907418+00:00,BTC-26SEP26-78000-P,84024.93,BTC-26SEP26,put,78000.0,2026-09-26T08:00:00+00:00,0.0014550882380789413,,0.0001,6.35e-06,,84024.93,BTC-26SEP26,0.6305,-0.00101,0.10864,21.5,6.0,,BTC,83996.02,57.43
2026-09-25T19:14:40.907418+00:00,BTC-25DEC26-90000-P,85068.82,BTC-25DEC26,put,90000.0,2026-12-25T08:00:00+00:00,0.24786165907996807,0.108,0.1095,0.10851341,0.10875,85068.82,BTC-25DEC26,0.3726,-0.5845,165.13483,606.6,1.6,0.0015000000000000013,BTC,83995.81,14651.78
2026-09-25T19:14:40.907418+00:00,BTC-9OCT26-79000-P,84184.76,BTC-9OCT26,put,79000.0,2026-10-09T08:00:00+00:00,0.03704714847079626,0.005,0.006,0.00548862,0.0055,84184.76,BTC-9OCT26,0.33799999999999997,-0.15815,39.11863,229.4,8.4,0.001,BTC,83995.81,4215.46
2026-09-25T19:14:40.907418+00:00,BTC-26MAR27-50000-C,86100.6,BTC-26MAR27,call,50000.0,2027-03-26T08:00:00+00:00,0.4970060807089893,0.4245,0.428,0.42622856,0.42625,86100.6,BTC-26MAR27,0.4978,0.95748,54.95595,21.6,0.0,0.003500000000000003,BTC,83995.81,0.0
2026-09-25T19:14:40.907418+00:00,BTC-30OCT26-74000-P,84409.3,BTC-30OCT26,put,74000.0,2026-10-30T08:00:00+00:00,0.09454201500057038,0.0065,0.007,0.00677044,0.00675,84409.3,BTC-30OCT26,0.37420000000000003,-0.11553,50.53474,1002.8,711.1,0.0005000000000000004,BTC,83995.81,395732.28
2026-09-25T19:14:40.907418+00:00,BTC-24SEP27-90000-C,88332.68,BTC-24SEP27,call,90000.0,2027-09-24T08:00:00+00:00,0.9952949239670317,0.1465,0.149,0.14775141,0.14775,88332.68,BTC-24SEP27,0.3932,0.55859,347.728,6.4,1.3,0.0025000000000000022,BTC,83995.81,15793.0
2026-09-25T19:14:40.907418+00:00,BTC-24SEP27-130000-C,88332.68,BTC-24SEP27,call,130000.0,2027-09-24T08:00:00+00:00,0.9952949239670317,0.0435,0.0455,0.0446409,0.0445,88332.68,BTC-24SEP27,0.4077,0.22737,265.83518,43.3,43.3,0.0020000000000000018,BTC,83995.81,165814.57
2026-09-25T19:14:40.907418+00:00,BTC-25JUN27-140000-P,87234.76,BTC-25JUN27,put,140000.0,2027-06-25T08:00:00+00:00,0.7461505023380105,0.623,0.6315,0.62593409,0.62725,87234.76,BTC-25JUN27,0.4229,-0.86718,161.77221,3.4,0.0,0.008499999999999952,BTC,83995.81,0.0
2026-09-25T19:14:40.907418+00:00,BTC-29SEP26-75000-C,84079.41,BTC-29SEP26,call,75000.0,2026-09-29T08:00:00+00:00,0.009668640599475246,0.1065,0.11,0.10815739,0.10825,84079.41,BTC-29SEP26,0.5047,0.98971,2.2584,0.0,0.0,0.003500000000000003,BTC,83995.88,0.0
2026-09-25T19:14:40.907418+00:00,BTC-27SEP26-96000-P,84043.53,BTC-27SEP26,put,96000.0,2026-09-27T08:00:00+00:00,0.004192939025211043,0.14,0.1445,0.14226596,0.14225,84043.53,BTC-27SEP26,0.5796,-0.9998,0.04158,0.0,0.0,0.004499999999999976,BTC,83995.88,0.0
2026-09-25T19:14:40.907418+00:00,BTC-25DEC26-180000-P,85068.82,BTC-25DEC26,put,180000.0,2026-12-25T08:00:00+00:00,0.24786165907996807,1.11,1.1235,1.1164707,1.11675,85068.82,BTC-25DEC26,0.5714,-0.99368,7.54234,0.1,0.0,0.013499999999999845,BTC,83995.88,0.0
2026-09-25T19:14:40.907418+00:00,BTC-29SEP26-91000-P,84079.41,BTC-29SEP26,put,91000.0,2026-09-29T08:00:00+00:00,0.009668640599475246,0.0805,0.0845,0.08250397,0.0825,84079.41,BTC-29SEP26,0.36869999999999997,-0.98532,3.07328,0.0,0.0,0.0040000000000000036,BTC,83995.88,0.0
2026-09-25T19:14:40.907418+00:00,BTC-24SEP27-112000-P,88332.68,BTC-24SEP27,put,112000.0,2027-09-24T08:00:00+00:00,0.9952949239670317,0.3395,0.3485,0.34224979,0.344,88332.68,BTC-24SEP27,0.39630000000000004,-0.65674,324.03076,0.0,0.0,0.008999999999999952,BTC,83995.88,0.0
2026-09-25T19:14:40.907418+00:00,BTC-27SEP26-91000-P,84043.53,BTC-27SEP26,put,91000.0,2026-09-27T08:00:00+00:00,0.004192939025211043,0.0805,0.085,0.08278792,0.08275,84043.53,BTC-27SEP26,0.4267,-0.99802,0.34172,0.0,0.0,0.004500000000000004,BTC,83995.7,0.0
2026-09-25T19:14:40.907418+00:00,BTC-26SEP26-79000-P,84024.91,BTC-26SEP26,put,79000.0,2026-09-26T08:00:00+00:00,0.0014550882380789413,,0.0001,1.15e-05,,84024.91,BTC-26SEP26,0.5589,-0.00197,0.20031,82.1,74.3,,BTC,83995.7,3061.53
2026-09-25T19:14:40.907418+00:00,BTC-9OCT26-74000-P,84184.76,BTC-9OCT26,put,74000.0,2026-10-09T08:00:00+00:00,0.03704714847079626,0.0013,0.0016,0.00148219,0.00145,84184.76,BTC-9OCT26,0.4043,-0.04543,15.47304,512.0,200.2,0.00030000000000000014,BTC,83995.7,30384.41
2026-09-25T19:14:40.907418+00:00,BTC-27SEP26-80000-C,84043.53,BTC-27SEP26,call,80000.0,2026-09-27T08:00:00+00:00,0.004192939025211043,0.0455,0.05,0.04820633,0.04775,84043.53,BTC-27SEP26,0.3396,0.98718,1.7992,1.9,0.0,0.004500000000000004,BTC,83995.7,0.0
2026-09-25T19:14:40.907418+00:00,BTC-9OCT26-73000-C,84184.78,BTC-9OCT26,call,73000.0,2026-10-09T08:00:00+00:00,0.03704714847079626,0.1325,0.136,0.13405935,0.13425,84184.78,BTC-9OCT26,0.4214,0.96345,12.972,0.2,0.0,0.003500000000000003,BTC,83995.7,0.0
2026-09-25T19:14:40.907418+00:00,BTC-27NOV26-110000-P,84750.97,BTC-27NOV26,put,110000.0,2026-11-27T08:00:00+00:00,0.17120183704026923,0.3,0.3055,0.30263371,0.30275,84750.97,BTC-27NOV26,0.4014,-0.93181,46.13849,0.0,0.0,0.005500000000000005,BTC,83995.7,0.0
2026-09-25T19:14:40.907418+00:00,BTC-2OCT26-95000-C,84114.33,BTC-2OCT26,call,95000.0,2026-10-02T08:00:00+00:00,0.017882192960871547,0.0001,0.0003,0.00018909,0.0002,84114.33,BTC-2OCT26,0.39130000000000004,0.01075,3.19182,651.5,10.4,0.00019999999999999998,BTC,83995.5,251.68
2026-09-25T19:14:40.907418+00:00,BTC-25JUN27-76000-C,87234.83,BTC-25JUN27,call,76000.0,2027-06-25T08:00:00+00:00,0.7461505023380105,0.2,0.203,0.20197897,0.2015,87234.83,BTC-25JUN27,0.39740000000000003,0.71633,255.2369,73.2,1.0,0.0030000000000000027,BTC,83995.5,17318.52
2026-09-25T19:14:40.907418+00:00,BTC-25DEC26-35000-P,85068.8,BTC-25DEC26,put,35000.0,2026-12-25T08:00:00+00:00,0.24786165907996807,0.0008,0.0011,0.00096202,0.00095,85068.8,BTC-25DEC26,0.7829,-0.00674,7.98564,2123.1,94.8,0.00030000000000000003,BTC,83995.5,7919.23
2026-09-25T19:14:40.907418+00:00,BTC-24SEP27-98000-P,88332.52,BTC-24SEP27,put,98000.0,2027-09-24T08:00:00+00:00,0.9952949239670317,0.222,0.2265,0.22418311,0.22425,88332.52,BTC-24SEP27,0.3926,-0.52807,350.65295,0.0,0.0,0.004500000000000004,BTC,83995.5,0.0
2026-09-25T19:14:40.907418+00:00,BTC-2OCT26-82000-P,84114.33,BTC-2OCT26,put,82000.0,2026-10-02T08:00:00+00:00,0.017882192960871547,0.006,0.007,0.00643617,0.0065,84114.33,BTC-2OCT26,0.3028,-0.26205,36.62531,1260.7,549.8,0.001,BTC,83995.63,343672.17
2026-09-25T19:14:40.907418+00:00,BTC-27SEP26-76000-C,84043.53,BTC-27SEP26,call,76000.0,2026-09-27T08:00:00+00:00,0.004192939025211043,0.094,0.0975,0.09573392,0.09575,84043.53,BTC-27SEP26,0.5552,0.99747,0.42729,0.0,0.0,0.003500000000000003,BTC,83995.5,0.0
2026-09-25T19:14:40.907418+00:00,BTC-30OCT26-61000-C,84409.3,BTC-30OCT26,call,61000.0,2026-10-30T08:00:00+00:00,0.09454201500057038,0.277,0.28,0.27851311,0.2785,84409.3,BTC-30OCT26,0.5289,0.981,12.0315,7.7,0.0,0.0030000000000000027,BTC,83995.5,0.0
2026-09-25T19:14:40.907418+00:00,BTC-26MAR27-50000-P,86100.6,BTC-26MAR27,put,50000.0,2027-03-26T08:00:00+00:00,0.4970060807089893,0.0065,0.0075,0.00694298,0.007,86100.6,BTC-26MAR27,0.4978,-0.04252,54.95749,2334.0,0.0,0.001,BTC,83995.63,0.0
2026-09-25T19:14:40.907418+00:00,BTC-30OCT26-92000-P,84409.3,BTC-30OCT26,put,92000.0,2026-10-30T08:00:00+00:00,0.09454201500057038,0.101,0.105,0.10285904,0.103,84409.3,BTC-30OCT26,0.34380000000000005,-0.77791,77.25547,1.6,0.0,0.00399999999999999,BTC,83995.63,0.0
2026-09-25T19:14:40.907418+00:00,BTC-9OCT26-85000-P,84184.76,BTC-9OCT26,put,85000.0,2026-10-09T08:00:00+00:00,0.03704714847079626,0.029,0.03,0.02962749,0.0295,84184.76,BTC-9OCT26,0.3172,-0.55389,64.04108,620.6,13.8,0.0009999999999999974,BTC,83995.63,38374.98
2026-09-25T19:14:40.907418+00:00,BTC-26MAR27-190000-C,86100.6,BTC-26MAR27,call,190000.0,2027-03-26T08:00:00+00:00,0.4970060807089893,0.0027,0.0031,0.00291192,0.0029,86100.6,BTC-26MAR27,0.5189,0.02378,34.00736,671.4,2.0,0.00039999999999999975,BTC,83995.63,472.05
2026-09-25T19:14:40.907418+00:00,BTC-28SEP26-92000-P,84061.62,BTC-28SEP26,put,92000.0,2026-09-28T08:00:00+00:00,0.006930789812343145,0.092,0.0965,0.09459019,0.09425,84061.62,BTC-28SEP26,0.475,-0.98865,2.0819,0.0,0.0,0.004500000000000004,BTC,83995.63,0.0
2026-09-25T19:14:40.907418+00:00,BTC-25DEC26-110000-C,85068.8,BTC-25DEC26,call,110000.0,2026-12-25T08:00:00+00:00,0.24786165907996807,0.0095,0.0105,0.01006863,0.01,85068.8,BTC-25DEC26,0.3956,0.11338,81.36818,2978.4,121.5,0.0010000000000000009,BTC,83995.94,103602.01
2026-09-25T19:14:40.907418+00:00,BTC-24SEP27-65000-P,88332.52,BTC-24SEP27,put,65000.0,2027-09-24T08:00:00+00:00,0.9952949239670317,0.0455,0.048,0.04671409,0.04675,88332.52,BTC-24SEP27,0.4147,-0.17185,224.52408,1.0,0.3,0.0025000000000000022,BTC,83995.63,1170.01
2026-09-25T19:14:40.907418+00:00,BTC-28SEP26-87500-P,84061.62,BTC-28SEP26,put,87500.0,2026-09-28T08:00:00+00:00,0.006930789812343145,0.039,0.043,0.04121317,0.041,84061.62,BTC-28SEP26,0.266,-0.96589,5.29321,0.0,0.0,0.003999999999999997,BTC,83995.94,0.0
2026-09-25T19:14:40.907418+00:00,BTC-2OCT26-70000-C,84114.33,BTC-2OCT26,call,70000.0,2026-10-02T08:00:00+00:00,0.017882192960871547,0.166,0.1695,0.16807765,0.16775,84114.33,BTC-2OCT26,0.6001,0.98994,3.01269,3.5,0.6,0.003500000000000003,BTC,83995.94,8517.3
2026-09-25T19:14:40.907418+00:00,BTC-26SEP26-90000-C,84024.93,BTC-26SEP26,call,90000.0,2026-09-26T08:00:00+00:00,0.0014550882380789413,,0.0001,4.67e-06,,84024.93,BTC-26SEP26,0.5683,0.00073,0.08107,39.5,18.0,,BTC,83995.94,154.96
2026-09-25T19:14:40.907418+00:00,BTC-28SEP26-87000-P,84061.62,BTC-28SEP26,put,87000.0,2026-09-28T08:00:00+00:00,0.006930789812343145,0.033,0.037,0.03534959,0.035,84061.62,BTC-28SEP26,0.2455,-0.95515,6.6138,0.0,0.0,0.003999999999999997,BTC,83995.94,0.0
2026-09-25T19:14:40.907418+00:00,BTC-25JUN27-190000-P,87234.76,BTC-25JUN27,put,190000.0,2027-06-25T08:00:00+00:00,0.7461505023380105,1.174,1.2085,1.18504115,1.19125,87234.76,BTC-25JUN27,0.4794,-0.95284,74.16356,0.6,0.0,0.034499999999999975,BTC,83995.94,0.0
2026-09-25T19:14:40.907418+00:00,BTC-9OCT26-82000-P,84184.76,BTC-9OCT26,put,82000.0,2026-10-09T08:00:00+00:00,0.03704714847079626,0.013,0.014,0.01363926,0.0135,84184.76,BTC-9OCT26,0.3226,-0.32735,58.48082,184.0,38.8,0.0010000000000000009,BTC,83996.09,48995.32
2026-09-25T19:14:40.907418+00:00,BTC-25JUN27-102000-P,87234.83,BTC-25JUN27,put,102000.0,2027-06-25T08:00:00+00:00,0.7461505023380105,0.2435,0.248,0.24508454,0.24575,87234.83,BTC-25JUN27,0.39049999999999996,-0.61637,287.71564,0.0,0.0,0.004500000000000004,BTC,83996.09,0.0
2026-09-25T19:14:40.907418+00:00,BTC-26MAR27-76000-P,86100.6,BTC-26MAR27,put,76000.0,2027-03-26T08:00:00+00:00,0.4970060807089893,0.054,0.055,0.05464922,0.0545,86100.6,BTC-26MAR27,0.39,-0.27772,203.49802,575.2,15.8,0.0010000000000000009,BTC,83996.09,71858.62
2026-09-25T19:14:40.907418+00:00,BTC-30OCT26-98000-P,84409.3,BTC-30OCT26,put,98000.0,2026-10-30T08:00:00+00:00,0.09454201500057038,0.1635,0.1685,0.16595418,0.166,84409.3,BTC-30OCT26,0.361,-0.90162,45.00195,27.0,0.0,0.0050000000000000044,BTC,83996.09,0.0
2026-09-25T19:14:40.907418+00:00,BTC-30OCT26-64000-C,84409.32,BTC-30OCT26,call,64000.0,2026-10-30T08:00:00+00:00,0.09454201500057038,0.242,0.245,0.24334884,0.2435,84409.32,BTC-30OCT26,0.4824,0.97365,15.85154,416.6,0.0,0.0030000000000000027,BTC,83996.09,0.0
2026-09-25T19:14:40.907418+00:00,BTC-9OCT26-94000-C,84184.76,BTC-9OCT26,call,94000.0,2026-10-09T08:00:00+00:00,0.03704714847079626,0.0014,0.0016,0.00152056,0.0015,84184.76,BTC-9OCT26,0.3502,0.05365,17.6708,268.9,3.0,0.0002000000000000001,BTC,83996.09,528.78
2026-09-25T19:14:40.907418+00:00,BTC-25DEC26-82000-C,85068.82,BTC-25DEC26,call,82000.0,2026-12-25T08:00:00+00:00,0.24786165907996807,0.0915,0.0935,0.09262684,0.0925,85068.82,BTC-25DEC26,0.3757,0.61313,162.10019,1318.5,0.0,0.0020000000000000018,BTC,83996.45,0.0
2026-09-25T19:14:40.907418+00:00,BTC-16OCT26-81000-C,84250.91,BTC-16OCT26,call,81000.0,2026-10-16T08:00:00+00:00,0.05621210398072097,0.0525,0.055,0.05404216,0.05375,84250.91,BTC-16OCT26,0.3343,0.70212,69.22022,0.0,0.0,0.0025000000000000022,BTC,83996.45,0.0
2026-09-25T19:14:40.907418+00:00,BTC-27NOV26-115000-P,84750.97,BTC-27NOV26,put,115000.0,2026-11-27T08:00:00+00:00,0.17120183704026923,0.3575,0.363,0.3600428,0.36025,84750.97,BTC-27NOV26,0.4177,-0.95373,33.98816,0.2,0.0,0.005500000000000005,BTC,83996.45,0.0
2026-09-25T19:14:40.907418+00:00,BTC-28SEP26-86500-P,84061.62,BTC-28SEP26,put,86500.0,2026-09-28T08:00:00+00:00,0.006930789812343145,0.0275,0.0315,0.0295096,0.0295,84061.62,BTC-28SEP26,0.22329999999999997,-0.94032,8.29972,0.0,0.0,0.004,BTC,83996.45,0.0
2026-09-25T19:14:40.907418+00:00,BTC-25JUN27-108000-P,87234.76,BTC-25JUN27,put,108000.0,2027-06-25T08:00:00+00:00,0.7461505023380105,0.297,0.3025,0.29848422,0.29975,87234.76,BTC-25JUN27,0.3934,-0.67708,270.47732,0.2,0.0,0.005500000000000005,BTC,83996.45,0.0
2026-09-25T19:14:40.907418+00:00,BTC-27NOV26-64000-C,84750.95,BTC-27NOV26,call,64000.0,2026-11-27T08:00:00+00:00,0.17120183704026923,0.248,0.251,0.24951958,0.2495,84750.95,BTC-27NOV26,0.4506,0.94479,39.12139,0.0,0.0,0.0030000000000000027,BTC,83996.02,0.0
2026-09-25T19:14:40.907418+00:00,BTC-26SEP26-87500-P,84024.91,BTC-26SEP26,put,87500.0,2026-09-26T08:00:00+00:00,0.0014550882380789413,0.039,0.0435,0.04143173,0.04125,84024.91,BTC-26SEP26,0.46990000000000004,-0.98866,0.9523,2.5,0.0,0.004499999999999997,BTC,83996.02,0.0
2026-09-25T19:14:40.907418+00:00,BTC-25DEC26-130000-P,85068.8,BTC-25DEC26,put,130000.0,2026-12-25T08:00:00+00:00,0.24786165907996807,0.5285,0.5345,0.53109337,0.5315,85068.8,BTC-25DEC26,0.44530000000000003,-0.96438,33.1955,57.0,0.0,0.006000000000000005,BTC,83996.02,0.0
2026-09-25T19:14:40.907418+00:00,BTC-25DEC26-106000-C,85068.82,BTC-25DEC26,call,106000.0,2026-12-25T08:00:00+00:00,0.24786165907996807,0.013,0.0135,0.01359905,0.01325,85068.82,BTC-25DEC26,0.3874,0.14766,97.70245,614.3,10.5,0.0005000000000000004,BTC,83996.02,12796.31
2026-09-25T19:14:40.907418+00:00,BTC-25DEC26-30000-C,85068.8,BTC-25DEC26,call,30000.0,2026-12-25T08:00:00+00:00,0.24786165907996807,0.647,0.6485,0.64797846,0.64775,85068.8,BTC-25DEC26,0.8633,0.99583,5.21091,300.7,0.0,0.0014999999999999458,BTC,83996.02,0.0
2026-09-25T19:14:40.907418+00:00,BTC-2OCT26-72000-C,84114.31,BTC-2OCT26,call,72000.0,2026-10-02T08:00:00+00:00,0.017882192960871547,0.1425,0.146,0.14436666,0.14425,84114.31,BTC-2OCT26,0.5338,0.98635,3.92677,2.6,0.5,0.003500000000000003,BTC,83996.52,5968.22
2026-09-25T19:14:40.907418+00:00,BTC-27NOV26-75000-P,84750.97,BTC-27NOV26,put,75000.0,2026-11-27T08:00:00+00:00,0.17120183704026923,0.0185,0.0195,0.01882104,0.019,84750.97,BTC-27NOV26,0.38299999999999995,-0.19851,97.71854,1720.6,0.5,0.0010000000000000009,BTC,83996.52,774.14
2026-09-25T19:14:40.907418+00:00,BTC-25DEC26-180000-C,85068.8,BTC-25DEC26,call,180000.0,2026-12-25T08:00:00+00:00,0.24786165907996807,0.0004,0.0007,0.00053904,0.00055,85068.8,BTC-25DEC26,0.5714,0.00632,7.54305,934.3,0.0,0.0003,BTC,83996.52,0.0
2026-09-25T19:14:40.907418+00:00,BTC-27SEP26-92000-P,84043.53,BTC-27SEP26,put,92000.0,2026-09-27T08:00:00+00:00,0.004192939025211043,0.0925,0.0975,0.09467971,0.095,84043.53,BTC-27SEP26,0.45840000000000003,-0.99885,0.20841,0.0,0.0,0.0050000000000000044,BTC,83996.52,0.0
2026-09-25T19:14:40.907418+00:00,BTC-25DEC26-106000-P,85068.82,BTC-25DEC26,put,106000.0,2026-12-25T08:00:00+00:00,0.24786165907996807,0.2575,0.2625,0.2596477,0.26,85068.82,BTC-25DEC26,0.3874,-0.85235,97.6998,0.2,0.0,0.0050000000000000044,BTC,83996.52,0.0
2026-09-25T19:14:40.907418+00:00,BTC-30OCT26-94000-C,84409.3,BTC-30OCT26,call,94000.0,2026-10-30T08:00:00+00:00,0.09454201500057038,0.009,0.0095,0.00922912,0.00925,84409.3,BTC-30OCT26,0.34700000000000003,0.16887,65.39065,994.9,33.2,0.0005000000000000004,BTC,83996.52,30096.61
2026-09-25T19:14:40.907418+00:00,BTC-26MAR27-88000-P,86100.62,BTC-26MAR27,put,88000.0,2027-03-26T08:00:00+00:00,0.4970060807089893,0.119,0.1205,0.11970174,0.11975,86100.62,BTC-26MAR27,0.382,-0.47925,241.80444,63.9,0.1,0.0015000000000000013,BTC,83996.52,958.74
2026-09-25T19:14:40.907418+00:00,BTC-30OCT26-57000-P,84409.3,BTC-30OCT26,put,57000.0,2026-10-30T08:00:00+00:00,0.09454201500057038,0.0007,0.0009,0.00078717,0.0008,84409.3,BTC-30OCT26,0.5881000000000001,-0.01197,8.08719,206.3,0.0,0.00019999999999999998,BTC,83996.52,0.0
2026-09-25T19:14:40.907418+00:00,BTC-9OCT26-73000-P,84184.78,BTC-9OCT26,put,73000.0,2026-10-09T08:00:00+00:00,0.03704714847079626,0.0011,0.0013,0.00120029,0.0012,84184.78,BTC-9OCT26,0.4214,-0.03654,12.96702,199.5,90.7,0.00019999999999999987,BTC,83996.66,8192.38
2026-09-25T19:14:40.907418+00:00,BTC-24SEP27-180000-C,88332.52,BTC-24SEP27,call,180000.0,2027-09-24T08:00:00+00:00,0.9952949239670317,0.0145,0.015,0.01503541,0.01475,88332.52,BTC-24SEP27,0.4493,0.08619,138.54521,5.6,0.2,0.0004999999999999987,BTC,83996.52,243.55
2026-09-25T19:14:40.907418+00:00,BTC-29SEP26-89000-P,84079.41,BTC-29SEP26,put,89000.0,2026-09-29T08:00:00+00:00,0.009668640599475246,0.0565,0.061,0.05893546,0.05875,84079.41,BTC-29SEP26,0.3147,-0.96726,6.046,0.0,0.0,0.004499999999999997,BTC,83996.66,0.0
2026-09-25T19:14:40.907418+00:00,BTC-25DEC26-62000-P,85068.8,BTC-25DEC26,put,62000.0,2026-12-25T08:00:00+00:00,0.24786165907996807,0.0065,0.007,0.00691371,0.00675,85068.8,BTC-25DEC26,0.4517,-0.06464,53.46347,1543.9,1.6,0.0005000000000000004,BTC,83996.66,880.83
2026-09-25T19:14:40.907418+00:00,BTC-24SEP27-140000-C,88332.68,BTC-24SEP27,call,140000.0,2027-09-24T08:00:00+00:00,0.9952949239670317,0.0335,0.035,0.03436955,0.03425,88332.68,BTC-24SEP27,0.4147,0.18216,232.94694,5.4,0.9,0.0015000000000000013,BTC,83996.66,2589.19
2026-09-25T19:14:40.907418+00:00,BTC-28SEP26-74000-C,84061.62,BTC-28SEP26,call,74000.0,2026-09-28T08:00:00+00:00,0.006930789812343145,0.118,0.1215,0.11976509,0.11975,84061.62,BTC-28SEP26,0.5891,0.99553,0.91535,0.0,0.0,0.003500000000000003,BTC,83996.66,0.0
2026-09-25T19:14:40.907418+00:00,BTC-25JUN27-96000-C,87234.76,BTC-25JUN27,call,96000.0,2027-06-25T08:00:00+00:00,0.7461505023380105,0.0945,0.0965,0.09558244,0.0955,87234.76,BTC-25JUN27,0.3892,0.45312,298.52222,151.5,0.0,0.0020000000000000018,BTC,83996.66,0.0
2026-09-25T19:14:40.907418+00:00,BTC-28SEP26-80000-P,84061.62,BTC-28SEP26,put,80000.0,2026-09-28T08:00:00+00:00,0.006930789812343145,0.0001,0.0003,0.00016916,0.0002,84061.62,BTC-28SEP26,0.2887,-0.02016,3.41062,42.0,38.3,0.00019999999999999998,BTC,83995.58,1648.48
2026-09-25T19:14:40.907418+00:00,BTC-26MAR27-200000-C,86100.6,BTC-26MAR27,call,200000.0,2027-03-26T08:00:00+00:00,0.4970060807089893,0.0021,0.0026,0.00231996,0.00235,86100.6,BTC-26MAR27,0.5292,0.01913,28.29642,483.5,0.1,0.0005,BTC,83995.58,17.6
2026-09-25T19:14:40.907418+00:00,BTC-30OCT26-60000-P,84409.3,BTC-30OCT26,put,60000.0,2026-10-30T08:00:00+00:00,0.09454201500057038,0.001,0.0012,0.00107848,0.0011,84409.3,BTC-30OCT26,0.5445,-0.017,10.93952,1296.1,17.1,0.00019999999999999987,BTC,83995.58,1378.92
2026-09-25T19:14:40.907418+00:00,BTC-28SEP26-82500-P,84061.62,BTC-28SEP26,put,82500.0,2026-09-28T08:00:00+00:00,0.006930789812343145,0.0007,0.0009,0.00078978,0.0008,84061.62,BTC-28SEP26,0.1827,-0.11308,13.4175,132.7,124.7,0.00019999999999999998,BTC,83995.58,29038.45
2026-09-25T19:14:40.907418+00:00,BTC-30OCT26-52000-P,84409.3,BTC-30OCT26,put,52000.0,2026-10-30T08:00:00+00:00,0.09454201500057038,0.0004,0.0006,0.00048844,0.0005,84409.3,BTC-30OCT26,0.6668000000000001,-0.00691,4.99731,125.8,0.0,0.00019999999999999993,BTC,83995.58,0.0
2026-09-25T19:14:40.907418+00:00,BTC-25DEC26-140000-P,85068.8,BTC-25DEC26,put,140000.0,2026-12-25T08:00:00+00:00,0.24786165907996807,0.6445,0.6515,0.64757954,0.648,85068.8,BTC-25DEC26,0.47259999999999996,-0.97732,22.80487,0.3,0.0,0.007000000000000006,BTC,83996.03,0.0
2026-09-25T19:14:40.907418+00:00,BTC-2OCT26-95000-P,84114.31,BTC-2OCT26,put,95000.0,2026-10-02T08:00:00+00:00,0.017882192960871547,0.1275,0.132,0.12960318,0.12975,84114.31,BTC-2OCT26,0.39130000000000004,-0.9892,3.20414,0.2,0.0,0.004500000000000004,BTC,83996.03,0.0
2026-09-25T19:14:40.907418+00:00,BTC-26MAR27-102000-P,86100.6,BTC-26MAR27,put,102000.0,2027-03-26T08:00:00+00:00,0.4970060807089893,0.231,0.2345,0.23245238,0.23275,86100.6,BTC-26MAR27,0.38549999999999995,-0.68761,214.83901,0.1,0.0,0.0034999999999999754,BTC,83996.03,0.0
2026-09-25T19:14:40.907418+00:00,BTC-24SEP27-92000-P,88332.52,BTC-24SEP27,put,92000.0,2027-09-24T08:00:00+00:00,0.9952949239670317,0.1785,0.182,0.1802057,0.18025,88332.52,BTC-24SEP27,0.39280000000000004,-0.46371,350.07076,0.0,0.0,0.003500000000000003,BTC,83996.03,0.0
2026-09-25T19:14:40.907418+00:00,BTC-28SEP26-93000-P,84061.62,BTC-28SEP26,put,93000.0,2026-09-28T08:00:00+00:00,0.006930789812343145,0.104,0.1085,0.10647674,0.10625,84061.62,BTC-28SEP26,0.5197999999999999,-0.98998,1.86778,0.0,0.0,0.004500000000000004,BTC,83996.03,0.0
2026-09-25T19:14:40.907418+00:00,BTC-24SEP27-102000-C,88332.68,BTC-24SEP27,call,102000.0,2027-09-24T08:00:00+00:00,0.9952949239670317,0.1,0.102,0.10123306,0.101,88332.68,BTC-24SEP27,0.3933,0.4319,346.38957,1.5,1.1,0.001999999999999988,BTC,83996.03,9512.0
2026-09-25T19:14:40.907418+00:00,BTC-25JUN27-104000-P,87234.76,BTC-25JUN27,put,104000.0,2027-06-25T08:00:00+00:00,0.7461505023380105,0.261,0.2655,0.26251375,0.26325,87234.76,BTC-25JUN27,0.39149999999999996,-0.63746,282.57211,0.0,0.0,0.004500000000000004,BTC,83996.03,0.0
2026-09-25T19:14:40.907418+00:00,BTC-25JUN27-98000-P,87234.76,BTC-25JUN27,put,98000.0,2027-06-25T08:00:00+00:00,0.7461505023380105,0.211,0.214,0.21177811,0.2125,87234.76,BTC-25JUN27,0.3892,-0.57102,295.82253,0.1,0.0,0.0030000000000000027,BTC,83995.87,0.0
2026-09-25T19:14:40.907418+00:00,BTC-25JUN27-100000-P,87234.83,BTC-25JUN27,put,100000.0,2027-06-25T08:00:00+00:00,0.7461505023380105,0.227,0.2305,0.22817983,0.22875,87234.83,BTC-25JUN27,0.3898,-0.59414,292.18928,2.2,0.0,0.003500000000000003,BTC,83995.87,0.0
2026-09-25T19:14:40.907418+00:00,BTC-16OCT26-86000-C,84250.75,BTC-16OCT26,call,86000.0,2026-10-16T08:00:00+00:00,0.05621210398072097,0.0215,0.0225,0.02193205,0.022,84250.75,BTC-16OCT26,0.3267,0.40832,77.56644,100.6,100.6,0.0010000000000000009,BTC,83995.87,205814.82
2026-09-25T19:14:40.907418+00:00,BTC-27NOV26-94000-P,84750.97,BTC-27NOV26,put,94000.0,2026-11-27T08:00:00+00:00,0.17120183704026923,0.131,0.1345,0.1328505,0.13275,84750.97,BTC-27NOV26,0.36840000000000006,-0.72773,116.4157,3.0,0.0,0.003500000000000003,BTC,83995.87,0.0
2026-09-25T19:14:40.907418+00:00,BTC-26SEP26-86000-P,84024.91,BTC-26SEP26,put,86000.0,2026-09-26T08:00:00+00:00,0.0014550882380789413,0.022,0.025,0.02368188,0.0235,84024.91,BTC-26SEP26,0.33520000000000005,-0.96763,2.32,531.2,200.0,0.0030000000000000027,BTC,83995.87,474062.88
2026-09-25T19:14:40.907418+00:00,BTC-16OCT26-95000-C,84250.91,BTC-16OCT26,call,95000.0,2026-10-16T08:00:00+00:00,0.05621210398072097,0.0027,0.003,0.00287221,0.00285,84250.91,BTC-16OCT26,0.3488,0.07845,29.25734,93.0,18.3,0.0002999999999999999,BTC,83995.8,6393.32
2026-09-25T19:14:40.907418+00:00,BTC-28SEP26-82000-P,84061.62,BTC-28SEP26,put,82000.0,2026-09-28T08:00:00+00:00,0.006930789812343145,0.0004,0.0006,0.00050731,0.0005,84061.62,BTC-28SEP26,0.2014,-0.07158,9.55656,72.1,76.8,0.00019999999999999993,BTC,83995.8,12930.15
2026-09-25T19:14:40.907418+00:00,BTC-26MAR27-95000-C,86100.6,BTC-26MAR27,call,95000.0,2027-03-26T08:00:00+00:00,0.4970060807089893,0.0675,0.069,0.06850177,0.06825,86100.6,BTC-26MAR27,0.3824,0.4084,235.72156,433.3,0.0,0.0015000000000000013,BTC,83995.8,0.0
2026-09-25T19:14:40.907418+00:00,BTC-30OCT26-56000-C,84409.3,BTC-30OCT26,call,56000.0,2026-10-30T08:00:00+00:00,0.09454201500057038,0.336,0.339,0.33725466,0.3375,84409.3,BTC-30OCT26,0.6004,0.9896,7.15776,0.5,0.0,0.0030000000000000027,BTC,83995.8,0.0
2026-09-25T19:14:40.907418+00:00,BTC-25DEC26-70000-C,85068.8,BTC-25DEC26,call,70000.0,2026-12-25T08:00:00+00:00,0.24786165907996807,0.1915,0.195,0.19332445,0.19325,85068.8,BTC-25DEC26,0.405,0.85679,95.71514,1890.0,2.8,0.003500000000000003,BTC,83995.8,45667.21
2026-09-25T19:14:40.907418+00:00,BTC-2OCT26-100000-P,84114.31,BTC-2OCT26,put,100000.0,2026-10-02T08:00:00+00:00,0.017882192960871547,0.1865,0.1915,0.18900541,0.189,84114.31,BTC-2OCT26,0.5162,-0.9934,2.07983,0.0,0.0,0.0050000000000000044,BTC,83996.46,0.0
2026-09-25T19:14:40.907418+00:00,BTC-26SEP26-95000-C,84024.93,BTC-26SEP26,call,95000.0,2026-09-26T08:00:00+00:00,0.0014550882380789413,,0.0001,1e-08,,84024.93,BTC-26SEP26,0.6801999999999999,0.0,0.00017,3.1,0.0,,BTC,83996.46,0.0
2026-09-25T19:14:40.907418+00:00,BTC-25DEC26-30000-P,85068.82,BTC-25DEC26,put,30000.0,2026-12-25T08:00:00+00:00,0.24786165907996807,0.0005,0.0008,0.00063374,0.00065,85068.82,BTC-25DEC26,0.8633,-0.00417,5.21088,2188.8,40.3,0.00030000000000000003,BTC,83996.46,2121.38
2026-09-25T19:14:40.907418+00:00,BTC-9OCT26-80000-P,84184.76,BTC-9OCT26,put,80000.0,2026-10-09T08:00:00+00:00,0.03704714847079626,0.007,0.008,0.00745191,0.0075,84184.76,BTC-9OCT26,0.3308,-0.20461,45.97974,842.6,10.4,0.001,BTC,83996.46,6963.59
2026-09-25T19:14:40.907418+00:00,BTC-25JUN27-95000-P,87234.83,BTC-25JUN27,put,95000.0,2027-06-25T08:00:00+00:00,0.7461505023380105,0.1875,0.19,0.1883001,0.18875,87234.83,BTC-25JUN27,0.3889,-0.53469,299.46067,40.2,0.0,0.0025000000000000022,BTC,83996.46,0.0
2026-09-25T19:14:40.907418+00:00,BTC-24SEP27-70000-C,88332.52,BTC-24SEP27,call,70000.0,2027-09-24T08:00:00+00:00,0.9952949239670317,0.2695,0.2725,0.27053721,0.271,88332.52,BTC-24SEP27,0.4068,0.7808,260.35927,2.6,0.1,0.0030000000000000027,BTC,83996.46,2303.02
2026-09-25T19:14:40.907418+00:00,BTC-30OCT26-70000-P,84409.32,BTC-30OCT26,put,70000.0,2026-10-30T08:00:00+00:00,0.09454201500057038,0.0033,0.0036,0.00343807,0.00345,84409.32,BTC-30OCT26,0.40880000000000005,-0.0608,31.23389,1799.3,134.0,0.0002999999999999999,BTC,83996.46,40711.18
2026-09-25T19:14:40.907418+00:00,BTC-25JUN27-82000-P,87234.83,BTC-25JUN27,put,82000.0,2027-06-25T08:00:00+00:00,0.7461505023380105,0.102,0.104,0.10254067,0.103,87234.83,BTC-25JUN27,0.3918,-0.36284,282.6526,25.8,0.1,0.0020000000000000018,BTC,83996.46,853.72
2026-09-25T19:14:40.907418+00:00,BTC-2OCT26-77000-C,84114.33,BTC-2OCT26,call,77000.0,2026-10-02T08:00:00+00:00,0.017882192960871547,0.0835,0.0875,0.08544569,0.0855,84114.33,BTC-2OCT26,0.3849,0.95834,10.01616,186.7,0.0,0.00399999999999999,BTC,83996.79,0.0
2026-09-25T19:14:40.907418+00:00,BTC-26SEP26-90000-P,84024.91,BTC-26SEP26,put,90000.0,2026-09-26T08:00:00+00:00,0.0014550882380789413,0.069,0.073,0.07111433,0.071,84024.91,BTC-26SEP26,0.5683,-0.99926,0.08129,0.0,0.0,0.00399999999999999,BTC,83996.79,0.0
2026-09-25T19:14:40.907418+00:00,BTC-25JUN27-200000-C,87234.76,BTC-25JUN27,call,200000.0,2027-06-25T08:00:00+00:00,0.7461505023380105,0.0055,0.0065,0.00601333,0.006,87234.76,BTC-25JUN27,0.49079999999999996,0.04043,65.49987,59.1,1.2,0.001,BTC,83996.79,528.5
2026-09-25T19:14:40.907418+00:00,BTC-30OCT26-68000-C,84409.3,BTC-30OCT26,call,68000.0,2026-10-30T08:00:00+00:00,0.09454201500057038,0.1955,0.1985,0.19696701,0.197,84409.3,BTC-30OCT26,0.43090000000000006,0.9549,24.64329,514.8,2.0,0.0030000000000000027,BTC,83996.79,35443.01
2026-09-25T19:14:40.907418+00:00,BTC-27NOV26-75000-C,84750.97,BTC-27NOV26,call,75000.0,2026-11-27T08:00:00+00:00,0.17120183704026923,0.132,0.1355,0.13387584,0.13375,84750.97,BTC-27NOV26,0.38299999999999995,0.80151,97.71518,294.0,31.2,0.003500000000000003,BTC,83996.79,351128.36
2026-09-25T19:14:40.907418+00:00,BTC-30OCT26-100000-C,84409.3,BTC-30OCT26,call,100000.0,2026-10-30T08:00:00+00:00,0.09454201500057038,0.0035,0.0038,0.00366196,0.00365,84409.3,BTC-30OCT26,0.3688,0.07465,36.60493,12889.7,123.5,0.0002999999999999999,BTC,83996.79,43015.49
2026-09-25T19:14:40.907418+00:00,BTC-27SEP26-77000-C,84043.53,BTC-27SEP26,call,77000.0,2026-09-27T08:00:00+00:00,0.004192939025211043,0.082,0.086,0.08384957,0.084,84043.53,BTC-27SEP26,0.5114,0.99593,0.65491,0.0,0.0,0.00399999999999999,BTC,83996.3,0.0
2026-09-25T19:14:40.907418+00:00,BTC-25DEC26-105000-C,85068.8,BTC-25DEC26,call,105000.0,2026-12-25T08:00:00+00:00,0.24786165907996807,0.014,0.015,0.01468659,0.0145,85068.8,BTC-25DEC26,0.38539999999999996,0.15783,102.11822,994.2,100.0,0.0009999999999999992,BTC,83996.3,125962.9
2026-09-25T19:14:40.907418+00:00,BTC-24SEP27-160000-C,88332.52,BTC-24SEP27,call,160000.0,2027-09-24T08:00:00+00:00,0.9952949239670317,0.021,0.0225,0.02182076,0.02175,88332.52,BTC-24SEP27,0.4313,0.12174,178.06263,0.0,0.0,0.0014999999999999979,BTC,83996.3,0.0
2026-09-25T19:14:40.907418+00:00,BTC-29SEP26-86000-P,84079.41,BTC-29SEP26,put,86000.0,2026-09-29T08:00:00+00:00,0.009668640599475246,0.023,0.027,0.02497107,0.025,84079.41,BTC-29SEP26,0.23879999999999998,-0.83372,20.62019,300.0,312.5,0.004,BTC,83996.3,552573.04
2026-09-25T19:14:40.907418+00:00,BTC-9OCT26-72000-C,84184.78,BTC-9OCT26,call,72000.0,2026-10-09T08:00:00+00:00,0.03704714847079626,0.144,0.1475,0.1457082,0.14575,84184.78,BTC-9OCT26,0.43799999999999994,0.97058,10.8452,0.0,0.0,0.003500000000000003,BTC,83996.3,0.0
2026-09-25T19:14:40.907418+00:00,BTC-24SEP27-116000-P,88332.52,BTC-24SEP27,put,116000.0,2027-09-24T08:00:00+00:00,0.9952949239670317,0.3765,0.386,0.37940709,0.38125,88332.52,BTC-24SEP27,0.39890000000000003,-0.68674,312.27797,0.0,0.0,0.009500000000000008,BTC,83996.3,0.0
2026-09-25T19:14:40.907418+00:00,BTC-26SEP26-87000-C,84024.91,BTC-26SEP26,call,87000.0,2026-09-26T08:00:00+00:00,0.0014550882380789413,,0.0001,0.00010124,,84024.91,BTC-26SEP26,0.4296,0.01602,1.28323,646.4,741.7,,BTC,83996.1,47390.59
2026-09-25T19:14:40.907418+00:00,BTC-25DEC26-52000-C,85068.8,BTC-25DEC26,call,52000.0,2026-12-25T08:00:00+00:00,0.24786165907996807,0.39,0.393,0.39160162,0.3915,85068.8,BTC-25DEC26,0.5438000000000001,0.97447,25.18651,0.1,0.0,0.0030000000000000027,BTC,83996.1,0.0
2026-09-25T19:14:40.907418+00:00,BTC-24SEP27-116000-C,88332.68,BTC-24SEP27,call,116000.0,2027-09-24T08:00:00+00:00,0.9952949239670317,0.065,0.067,0.06618983,0.066,88332.68,BTC-24SEP27,0.39890000000000003,0.31326,312.27787,0.0,0.0,0.0020000000000000018,BTC,83996.1,0.0
2026-09-25T19:14:40.907418+00:00,BTC-16OCT26-94000-C,84250.91,BTC-16OCT26,call,94000.0,2026-10-16T08:00:00+00:00,0.05621210398072097,0.0034,0.0038,0.0036198,0.0036,84250.91,BTC-16OCT26,0.34490000000000004,0.0962,34.0721,0.2,0.2,0.0004000000000000002,BTC,83996.1,62.81
2026-09-25T19:14:40.907418+00:00,BTC-30OCT26-81000-C,84409.3,BTC-30OCT26,call,81000.0,2026-10-30T08:00:00+00:00,0.09454201500057038,0.064,0.0655,0.06482275,0.06475,84409.3,BTC-30OCT26,0.3457,0.66887,94.11003,695.5,0.2,0.0015000000000000013,BTC,83996.1,1120.7
2026-09-25T19:14:40.907418+00:00,BTC-30OCT26-55000-C,84409.3,BTC-30OCT26,call,55000.0,2026-10-30T08:00:00+00:00,0.09454201500057038,0.3475,0.3505,0.34909847,0.349,84409.3,BTC-30OCT26,0.6235,0.99001,6.91147,0.1,0.0,0.0030000000000000027,BTC,83996.1,0.0
2026-09-25T19:14:40.907418+00:00,BTC-25DEC26-94000-P,85068.8,BTC-25DEC26,put,94000.0,2026-12-25T08:00:00+00:00,0.24786165907996807,0.1405,0.143,0.14156698,0.14175,85068.8,BTC-25DEC26,0.37439999999999996,-0.67175,153.03245,5.9,0.6,0.0024999999999999745,BTC,83995.9,6852.95
2026-09-25T19:14:40.907418+00:00,BTC-24SEP27-100000-P,88332.52,BTC-24SEP27,put,100000.0,2027-09-24T08:00:00+00:00,0.9952949239670317,0.2375,0.2435,0.23981847,0.2405,88332.52,BTC-24SEP27,0.39280000000000004,-0.54842,348.93562,0.0,0.0,0.006000000000000005,BTC,83996.1,0.0
2026-09-25T19:14:40.907418+00:00,BTC-27NOV26-60000-C,84750.97,BTC-27NOV26,call,60000.0,2026-11-27T08:00:00+00:00,0.17120183704026923,0.2935,0.2965,0.29510822,0.295,84750.97,BTC-27NOV26,0.4893,0.96437,27.49321,0.2,0.0,0.0030000000000000027,BTC,83995.9,0.0
2026-09-25T19:14:40.907418+00:00,BTC-25JUN27-66000-C,87234.76,BTC-25JUN27,call,66000.0,2027-06-25T08:00:00+00:00,0.7461505023380105,0.28,0.283,0.28194484,0.2815,87234.76,BTC-25JUN27,0.4146,0.83067,190.19057,25.6,0.0,0.002999999999999947,BTC,83995.9,0.0
2026-09-25T19:14:40.907418+00:00,BTC-25JUN27-66000-P,87234.76,BTC-25JUN27,put,66000.0,2027-06-25T08:00:00+00:00,0.7461505023380105,0.0375,0.039,0.0385206,0.03825,87234.76,BTC-25JUN27,0.4146,-0.16933,190.19057,66.7,0.0,0.0015000000000000013,BTC,83995.9,0.0
2026-09-25T19:14:40.907418+00:00,BTC-27SEP26-82500-P,84043.53,BTC-27SEP26,put,82500.0,2026-09-27T08:00:00+00:00,0.004192939025211043,0.0002,0.0003,0.00021538,0.00025,84043.53,BTC-27SEP26,0.17120000000000002,-0.05153,5.74679,60.9,89.4,9.999999999999996e-05,BTC,83995.9,7292.11
2026-09-25T19:14:40.907418+00:00,BTC-25DEC26-94000-C,85068.8,BTC-25DEC26,call,94000.0,2026-12-25T08:00:00+00:00,0.24786165907996807,0.036,0.037,0.03658044,0.0365,85068.8,BTC-25DEC26,0.37439999999999996,0.32825,153.03016,633.0,4.5,0.0010000000000000009,BTC,83995.57,13800.78
2026-09-25T19:14:40.907418+00:00,BTC-27NOV26-68000-C,84750.95,BTC-27NOV26,call,68000.0,2026-11-27T08:00:00+00:00,0.17120183704026923,0.2035,0.207,0.20507762,0.20525,84750.95,BTC-27NOV26,0.41759999999999997,0.91264,55.68681,0.0,0.0,0.003500000000000003,BTC,83995.57,0.0
2026-09-25T19:14:40.907418+00:00,BTC-24SEP27-170000-C,88332.52,BTC-24SEP27,call,170000.0,2027-09-24T08:00:00+00:00,0.9952949239670317,0.0175,0.0185,0.01805864,0.018,88332.52,BTC-24SEP27,0.44079999999999997,0.10215,157.05976,0.7,0.4,0.0009999999999999974,BTC,83995.57,619.58
2026-09-25T19:14:40.907418+00:00,BTC-26SEP26-88500-P,84024.91,BTC-26SEP26,put,88500.0,2026-09-26T08:00:00+00:00,0.0014550882380789413,0.051,0.055,0.05328915,0.053,84024.91,BTC-26SEP26,0.5256000000000001,-0.99537,0.43255,0.0,0.0,0.0040000000000000036,BTC,83995.57,0.0
2026-09-25T19:14:40.907418+00:00,BTC-30OCT26-105000-C,84409.3,BTC-30OCT26,call,105000.0,2026-10-30T08:00:00+00:00,0.09454201500057038,0.0017,0.0021,0.00190698,0.0019,84409.3,BTC-30OCT26,0.3935,0.04023,22.46605,1161.8,3.3,0.00039999999999999996,BTC,83995.57,622.56
2026-09-25T19:14:40.907418+00:00,BTC-27SEP26-86000-C,84043.53,BTC-27SEP26,call,86000.0,2026-09-27T08:00:00+00:00,0.004192939025211043,0.0001,0.0003,0.00021453,0.0002,84043.53,BTC-27SEP26,0.2029,0.03694,4.39352,243.8,66.3,0.00019999999999999998,BTC,83995.57,7503.66
2026-09-25T19:14:40.907418+00:00,BTC-30OCT26-55000-P,84409.3,BTC-30OCT26,put,55000.0,2026-10-30T08:00:00+00:00,0.09454201500057038,0.0006,0.0008,0.00068459,0.0007,84409.3,BTC-30OCT26,0.6235,-0.00999,6.91199,329.0,3.5,0.0002000000000000001,BTC,83995.57,218.38
2026-09-25T19:14:40.907418+00:00,BTC-25JUN27-160000-P,87234.76,BTC-25JUN27,put,160000.0,2027-06-25T08:00:00+00:00,0.7461505023380105,0.843,0.853,0.84667153,0.848,87234.76,BTC-25JUN27,0.4447,-0.91739,114.76203,0.2,0.0,0.010000000000000009,BTC,83995.7,0.0
2026-09-25T19:14:40.907418+00:00,BTC-30OCT26-93000-C,84409.3,BTC-30OCT26,call,93000.0,2026-10-30T08:00:00+00:00,0.09454201500057038,0.0105,0.0115,0.01093857,0.011,84409.3,BTC-30OCT26,0.3454,0.19415,71.35796,132.2,7.4,0.0009999999999999992,BTC,83995.7,7457.87
2026-09-25T19:14:40.907418+00:00,BTC-27NOV26-85000-P,84750.97,BTC-27NOV26,put,85000.0,2026-11-27T08:00:00+00:00,0.17120183704026923,0.0615,0.0625,0.06195117,0.062,84750.97,BTC-27NOV26,0.366,-0.47878,139.6787,118.8,47.4,0.0010000000000000009,BTC,83995.7,240710.47
2026-09-25T19:14:40.907418+00:00,BTC-9OCT26-87000-C,84184.76,BTC-9OCT26,call,87000.0,2026-10-09T08:00:00+00:00,0.03704714847079626,0.011,0.012,0.01160477,0.0115,84184.76,BTC-9OCT26,0.3179,0.30333,56.60837,475.4,463.1,0.0010000000000000009,BTC,83995.7,527393.48
2026-09-25T19:14:40.907418+00:00,BTC-26SEP26-80000-C,84024.91,BTC-26SEP26,call,80000.0,2026-09-26T08:00:00+00:00,0.0014550882380789413,0.046,0.05,0.04793287,0.048,84024.91,BTC-26SEP26,0.5013000000000001,0.99471,0.48676,0.0,0.0,0.0040000000000000036,BTC,83995.7,0.0
2026-09-25T19:14:40.907418+00:00,BTC-24SEP27-82000-P,88332.52,BTC-24SEP27,put,82000.0,2027-09-24T08:00:00+00:00,0.9952949239670317,0.1165,0.1195,0.11790204,0.118,88332.52,BTC-24SEP27,0.3962,-0.35023,326.45404,0.1,0.1,0.002999999999999989,BTC,83995.7,990.51
2026-09-25T19:14:40.907418+00:00,BTC-26MAR27-85000-C,86100.6,BTC-26MAR27,call,85000.0,2027-03-26T08:00:00+00:00,0.4970060807089893,0.1125,0.114,0.11324462,0.11325,86100.6,BTC-26MAR27,0.38299999999999995,0.57184,238.19731,363.6,4.8,0.0015000000000000013,BTC,83996.26,45579.56
2026-09-25T19:14:40.907418+00:00,BTC-25JUN27-102000-C,87234.83,BTC-25JUN27,call,102000.0,2027-06-25T08:00:00+00:00,0.7461505023380105,0.075,0.0765,0.07583109,0.07575,87234.83,BTC-25JUN27,0.39049999999999996,0.38364,287.71914,53.1,4.0,0.0015000000000000013,BTC,83996.26,25237.66
2026-09-25T19:14:40.907418+00:00,BTC-29SEP26-94000-P,84079.43,BTC-29SEP26,put,94000.0,2026-09-29T08:00:00+00:00,0.009668640599475246,0.116,0.12,0.11814009,0.118,84079.43,BTC-29SEP26,0.4793,-0.99071,2.06523,0.0,0.0,0.00399999999999999,BTC,83996.26,0.0
2026-09-25T19:14:40.907418+00:00,BTC-25DEC26-110000-P,85068.82,BTC-25DEC26,put,110000.0,2026-12-25T08:00:00+00:00,0.24786165907996807,0.3005,0.306,0.30313798,0.30325,85068.82,BTC-25DEC26,0.3956,-0.88662,81.37153,81.6,2.2,0.005500000000000005,BTC,83996.26,55397.55
2026-09-25T19:14:40.907418+00:00,BTC-2OCT26-88000-P,84114.33,BTC-2OCT26,put,88000.0,2026-10-02T08:00:00+00:00,0.017882192960871547,0.047,0.051,0.04897691,0.049,84114.33,BTC-2OCT26,0.3036,-0.86521,24.39067,413.7,0.9,0.003999999999999997,BTC,83995.77,3613.68
2026-09-25T19:14:40.907418+00:00,BTC-26MAR27-52000-P,86100.6,BTC-26MAR27,put,52000.0,2027-03-26T08:00:00+00:00,0.4970060807089893,0.0075,0.0085,0.00794562,0.008,86100.6,BTC-26MAR27,0.4819,-0.04924,61.83899,122.2,0.2,0.0010000000000000009,BTC,83995.77,118.73
2026-09-25T19:14:40.907418+00:00,BTC-27NOV26-87000-P,84750.95,BTC-27NOV26,put,87000.0,2026-11-27T08:00:00+00:00,0.17120183704026923,0.075,0.076,0.07543602,0.0755,84750.95,BTC-27NOV26,0.3665,-0.53983,139.17961,4.6,0.0,0.0010000000000000009,BTC,83995.77,0.0
2026-09-25T19:14:40.907418+00:00,BTC-29SEP26-74000-P,84079.43,BTC-29SEP26,put,74000.0,2026-09-29T08:00:00+00:00,0.009668640599475246,0.0001,0.0002,0.00013672,0.00015,84079.43,BTC-29SEP26,0.5414,-0.00788,1.7884,0.0,0.0,0.0001,BTC,83995.77,0.0
2026-09-25T19:14:40.907418+00:00,BTC-30OCT26-89000-C,84409.3,BTC-30OCT26,call,89000.0,2026-10-30T08:00:00+00:00,0.09454201500057038,0.0205,0.0215,0.02116159,0.021,84409.3,BTC-30OCT26,0.34130000000000005,0.32405,93.28882,642.7,31.3,0.0009999999999999974,BTC,83995.77,60828.74
2026-09-25T19:14:40.907418+00:00,BTC-28SEP26-79000-C,84061.62,BTC-28SEP26,call,79000.0,2026-09-28T08:00:00+00:00,0.006930789812343145,0.0585,0.062,0.06038539,0.06025,84061.62,BTC-28SEP26,0.35,0.98327,2.90979,0.0,0.0,0.003499999999999996,BTC,83995.77,0.0
2026-09-25T19:14:40.907418+00:00,BTC-30OCT26-61000-P,84409.3,BTC-30OCT26,put,61000.0,2026-10-30T08:00:00+00:00,0.09454201500057038,0.0011,0.0013,0.00118135,0.0012,84409.3,BTC-30OCT26,0.5289,-0.019,12.03025,274.4,0.8,0.00019999999999999987,BTC,83995.77,74.45
2026-09-25T19:14:40.907418+00:00,BTC-26SEP26-92000-P,84024.91,BTC-26SEP26,put,92000.0,2026-09-26T08:00:00+00:00,0.0014550882380789413,0.0925,0.097,0.09491265,0.09475,84024.91,BTC-26SEP26,0.6349,-0.99991,0.01107,0.0,0.0,0.004500000000000004,BTC,83995.65,0.0
2026-09-25T19:14:40.907418+00:00,BTC-25JUN27-60000-P,87234.76,BTC-25JUN27,put,60000.0,2027-06-25T08:00:00+00:00,0.7461505023380105,0.0245,0.026,0.02513564,0.02525,87234.76,BTC-25JUN27,0.4305,-0.11688,147.94538,242.5,0.6,0.0014999999999999979,BTC,83995.65,1256.09
2026-09-25T19:14:40.907418+00:00,BTC-29SEP26-74000-C,84079.41,BTC-29SEP26,call,74000.0,2026-09-29T08:00:00+00:00,0.009668640599475246,0.118,0.1215,0.1200171,0.11975,84079.41,BTC-29SEP26,0.5414,0.99211,1.78897,0.0,0.0,0.003500000000000003,BTC,83995.65,0.0
2026-09-25T19:14:40.907418+00:00,BTC-25DEC26-125000-P,85068.8,BTC-25DEC26,put,125000.0,2026-12-25T08:00:00+00:00,0.24786165907996807,0.4705,0.4765,0.47317451,0.4735,85068.8,BTC-25DEC26,0.4313,-0.95419,40.71664,9.3,5.4,0.006000000000000005,BTC,83995.65,214917.09
2026-09-25T19:14:40.907418+00:00,BTC-27NOV26-58000-C,84750.95,BTC-27NOV26,call,58000.0,2026-11-27T08:00:00+00:00,0.17120183704026923,0.3165,0.3195,0.3181121,0.318,84750.95,BTC-27NOV26,0.5088,0.97152,22.84625,0.1,0.0,0.0030000000000000027,BTC,83995.65,0.0
2026-09-25T19:14:40.907418+00:00,BTC-25JUN27-112000-C,87234.83,BTC-25JUN27,call,112000.0,2027-06-25T08:00:00+00:00,0.7461505023380105,0.0515,0.053,0.05226662,0.05225,87234.83,BTC-25JUN27,0.39630000000000004,0.28778,256.9919,0.0,0.0,0.0015000000000000013,BTC,83995.65,0.0
2026-09-25T19:14:40.907418+00:00,BTC-26SEP26-77000-C,84024.93,BTC-26SEP26,call,77000.0,2026-09-26T08:00:00+00:00,0.0014550882380789413,0.082,0.0855,0.08360932,0.08375,84024.93,BTC-26SEP26,0.6922,0.99953,0.05397,0.0,0.0,0.003500000000000003,BTC,83995.42,0.0
2026-09-25T19:14:40.907418+00:00,BTC-26MAR27-110000-P,86100.6,BTC-26MAR27,put,110000.0,2027-03-26T08:00:00+00:00,0.4970060807089893,0.307,0.3125,0.30947448,0.30975,86100.6,BTC-26MAR27,0.39149999999999996,-0.77368,182.63256,5.1,0.0,0.005500000000000005,BTC,83995.42,0.0
2026-09-25T19:14:40.907418+00:00,BTC-29SEP26-83000-C,84079.41,BTC-29SEP26,call,83000.0,2026-09-29T08:00:00+00:00,0.009668640599475246,0.015,0.0175,0.01682167,0.01625,84079.41,BTC-29SEP26,0.2303,0.71301,28.1512,0.0,0.0,0.0025000000000000022,BTC,83995.42,0.0
2026-09-25T19:14:40.907418+00:00,BTC-26MAR27-52000-C,86100.6,BTC-26MAR27,call,52000.0,2027-03-26T08:00:00+00:00,0.4970060807089893,0.4025,0.4055,0.40400261,0.404,86100.6,BTC-26MAR27,0.4819,0.95076,61.84022,6.0,0.0,0.0030000000000000027,BTC,83995.42,0.0
2026-09-25T19:14:40.907418+00:00,BTC-24SEP27-220000-P,88332.52,BTC-24SEP27,put,220000.0,2027-09-24T08:00:00+00:00,0.9952949239670317,1.4775,1.532,1.4988449,1.50475,88332.52,BTC-24SEP27,0.4819,-0.95135,88.91815,0.0,0.0,0.05449999999999999,BTC,83995.42,0.0
2026-09-25T19:14:40.907418+00:00,BTC-25JUN27-50000-P,87234.83,BTC-25JUN27,put,50000.0,2027-06-25T08:00:00+00:00,0.7461505023380105,0.0115,0.013,0.01218379,0.01225,87234.83,BTC-25JUN27,0.4733,-0.05888,88.43594,344.0,27.2,0.0014999999999999996,BTC,83995.42,28384.6
2026-09-25T19:14:40.907418+00:00,BTC-2OCT26-74000-C,84114.31,BTC-2OCT26,call,74000.0,2026-10-02T08:00:00+00:00,0.017882192960871547,0.119,0.1225,0.12069511,0.12075,84114.31,BTC-2OCT26,0.46950000000000003,0.98048,5.33317,1.7,0.1,0.003500000000000003,BTC,83989.15,1095.3
2026-09-25T19:14:40.907418+00:00,BTC-30OCT26-105000-P,84409.3,BTC-30OCT26,put,105000.0,2026-10-30T08:00:00+00:00,0.09454201500057038,0.2435,0.2485,0.24584412,0.246,84409.3,BTC-30OCT26,0.3935,-0.95978,22.46376,0.9,0.0,0.0050000000000000044,BTC,83995.42,0.0
2026-09-25T19:14:40.907418+00:00,BTC-26MAR27-68000-C,86100.6,BTC-26MAR27,call,68000.0,2027-03-26T08:00:00+00:00,0.4970060807089893,0.2375,0.2415,0.23956775,0.2395,86100.6,BTC-26MAR27,0.4072,0.83231,152.23073,190.9,0.0,0.0040000000000000036,BTC,83989.15,0.0
2026-09-25T19:14:40.907418+00:00,BTC-27SEP26-89000-C,84043.53,BTC-27SEP26,call,89000.0,2026-09-27T08:00:00+00:00,0.004192939025211043,,0.0002,0.00011355,,84043.53,BTC-27SEP26,0.3944,0.0121,1.71085,627.4,632.3,,BTC,83989.15,6017.41
2026-09-25T19:14:40.907418+00:00,BTC-25DEC26-52000-P,85068.8,BTC-25DEC26,put,52000.0,2026-12-25T08:00:00+00:00,0.24786165907996807,0.0027,0.003,0.00287077,0.00285,85068.8,BTC-25DEC26,0.5438000000000001,-0.02554,25.19836,431.4,0.2,0.0002999999999999999,BTC,83989.15,47.13
2026-09-25T19:14:40.907418+00:00,BTC-2OCT26-92000-C,84114.31,BTC-2OCT26,call,92000.0,2026-10-02T08:00:00+00:00,0.017882192960871547,0.0004,0.0006,0.00049887,0.0005,84114.31,BTC-2OCT26,0.34740000000000004,0.02716,7.04417,269.9,6.4,0.00019999999999999993,BTC,83984.46,404.52
2026-09-25T19:14:40.907418+00:00,BTC-30OCT26-83000-P,84409.3,BTC-30OCT26,put,83000.0,2026-10-30T08:00:00+00:00,0.09454201500057038,0.0335,0.0345,0.03389824,0.034,84409.3,BTC-30OCT26,0.34299999999999997,-0.41783,101.31722,314.9,7.6,0.0010000000000000009,BTC,83989.15,22095.25
2026-09-25T19:14:40.907418+00:00,BTC-28SEP26-89000-C,84061.55,BTC-28SEP26,call,89000.0,2026-09-28T08:00:00+00:00,0.006930789812343145,0.0001,0.0003,0.00019594,0.0002,84061.55,BTC-28SEP26,0.33030000000000004,0.01846,3.16304,0.6,0.6,0.00019999999999999998,BTC,83984.46,16.86
2026-09-25T19:14:40.907418+00:00,BTC-25DEC26-96000-C,85068.8,BTC-25DEC26,call,96000.0,2026-12-25T08:00:00+00:00,0.24786165907996807,0.0305,0.0315,0.03096456,0.031,85068.8,BTC-25DEC26,0.3754,0.28909,144.72348,1567.6,88.6,0.0010000000000000009,BTC,83984.46,234870.38
2026-09-25T19:14:40.907418+00:00,BTC-27NOV26-69000-P,84750.97,BTC-27NOV26,put,69000.0,2026-11-27T08:00:00+00:00,0.17120183704026923,0.008,0.009,0.00840667,0.0085,84750.97,BTC-27NOV26,0.4105,-0.09831,60.76808,101.3,0.0,0.0009999999999999992,BTC,83984.46,0.0
2026-09-25T19:14:40.907418+00:00,BTC-24SEP27-125000-C,88332.68,BTC-24SEP27,call,125000.0,2027-09-24T08:00:00+00:00,0.9952949239670317,0.05,0.052,0.05115755,0.051,88332.68,BTC-24SEP27,0.4043,0.25453,282.65107,2.0,2.0,0.001999999999999995,BTC,83984.46,8814.35
2026-09-25T19:14:40.907418+00:00,BTC-25JUN27-170000-C,87234.76,BTC-25JUN27,call,170000.0,2027-06-25T08:00:00+00:00,0.7461505023380105,0.0095,0.011,0.01027902,0.01025,87234.76,BTC-25JUN27,0.4578,0.06805,98.97182,153.0,0.1,0.0014999999999999996,BTC,83984.46,84.28
2026-09-25T19:14:40.907418+00:00,BTC-29SEP26-82000-P,84079.41,BTC-29SEP26,put,82000.0,2026-09-29T08:00:00+00:00,0.009668640599475246,0.0016,0.0018,0.0017419,0.0017,84079.41,BTC-29SEP26,0.2407,-0.14912,19.18855,0.2,0.2,0.00019999999999999987,BTC,83972.71,42.98
2026-09-25T19:14:40.907418+00:00,BTC-28SEP26-80000-C,84061.62,BTC-28SEP26,call,80000.0,2026-09-28T08:00:00+00:00,0.006930789812343145,0.0465,0.0505,0.04849075,0.0485,84061.62,BTC-28SEP26,0.2887,0.97956,3.4502,0.0,0.0,0.0040000000000000036,BTC,83972.71,0.0
2026-09-25T19:14:40.907418+00:00,BTC-24SEP27-80000-C,88332.52,BTC-24SEP27,call,80000.0,2027-09-24T08:00:00+00:00,0.9952949239670317,0.2005,0.203,0.20160877,0.20175,88332.52,BTC-24SEP27,0.39759999999999995,0.67231,318.12006,0.0,0.0,0.0025000000000000022,BTC,83972.71,0.0
2026-09-25T19:14:40.907418+00:00,BTC-25DEC26-68000-C,85068.8,BTC-25DEC26,call,68000.0,2026-12-25T08:00:00+00:00,0.24786165907996807,0.212,0.215,0.21354106,0.2135,85068.8,BTC-25DEC26,0.41340000000000005,0.88236,83.5084,1023.3,0.0,0.0030000000000000027,BTC,83972.71,0.0
2026-09-25T19:14:40.907418+00:00,BTC-24SEP27-76000-C,88332.68,BTC-24SEP27,call,76000.0,2027-09-24T08:00:00+00:00,0.9952949239670317,0.226,0.229,0.22709963,0.2275,88332.68,BTC-24SEP27,0.39990000000000003,0.7173,297.95435,4.3,0.0,0.0030000000000000027,BTC,83972.71,0.0
2026-09-25T19:14:40.907418+00:00,BTC-27NOV26-102000-C,84750.97,BTC-27NOV26,call,102000.0,2026-11-27T08:00:00+00:00,0.17120183704026923,0.0095,0.0105,0.01009447,0.01,84750.97,BTC-27NOV26,0.3799,0.13477,76.02447,364.5,5.8,0.0010000000000000009,BTC,83972.71,5184.45
2026-09-25T19:14:40.907418+00:00,BTC-25JUN27-40000-C,87234.76,BTC-25JUN27,call,40000.0,2027-06-25T08:00:00+00:00,0.7461505023380105,0.5455,0.548,0.54716614,0.54675,87234.76,BTC-25JUN27,0.5332,0.97264,47.47258,19.1,0.0,0.0025000000000000577,BTC,83972.71,0.0
2026-09-25T19:14:40.907418+00:00,BTC-26SEP26-82500-P,84024.91,BTC-26SEP26,put,82500.0,2026-09-26T08:00:00+00:00,0.0014550882380789413,0.0001,0.0002,0.00011921,0.00015,84024.91,BTC-26SEP26,0.258,-0.03761,2.62161,71.2,76.6,0.0001,BTC,83968.36,5884.85
2026-09-25T19:14:40.907418+00:00,BTC-27NOV26-100000-P,84750.95,BTC-27NOV26,put,100000.0,2026-11-27T08:00:00+00:00,0.17120183704026923,0.19,0.1945,0.19254262,0.19225,84750.95,BTC-27NOV26,0.37770000000000004,-0.83793,85.99939,26.1,0.6,0.004500000000000004,BTC,83968.36,9627.46
2026-09-25T19:14:40.907418+00:00,BTC-29SEP26-80000-P,84079.41,BTC-29SEP26,put,80000.0,2026-09-29T08:00:00+00:00,0.009668640599475246,0.0004,0.0006,0.00046499,0.0005,84079.41,BTC-29SEP26,0.2909,-0.0425,7.47847,5.4,5.4,0.00019999999999999993,BTC,83968.36,237.04
2026-09-25T19:14:40.907418+00:00,BTC-2OCT26-74000-P,84114.31,BTC-2OCT26,put,74000.0,2026-10-02T08:00:00+00:00,0.017882192960871547,0.0004,0.0005,0.00044924,0.00045,84114.31,BTC-2OCT26,0.46950000000000003,-0.01972,5.37798,1270.6,21.4,9.999999999999999e-05,BTC,83967.74,757.34
2026-09-25T19:14:40.907418+00:00,BTC-26MAR27-100000-C,86100.6,BTC-26MAR27,call,100000.0,2027-03-26T08:00:00+00:00,0.4970060807089893,0.052,0.0535,0.05297543,0.05275,86100.6,BTC-26MAR27,0.38439999999999996,0.33739,221.65585,1286.2,21.0,0.0015000000000000013,BTC,83968.36,95191.34
2026-09-25T19:14:40.907418+00:00,BTC-9OCT26-83000-P,84184.76,BTC-9OCT26,put,83000.0,2026-10-09T08:00:00+00:00,0.03704714847079626,0.0175,0.0185,0.01802494,0.018,84184.76,BTC-9OCT26,0.32020000000000004,-0.40207,62.65313,294.9,24.2,0.0009999999999999974,BTC,83968.36,36843.16
2026-09-25T19:14:40.907418+00:00,BTC-26MAR27-68000-P,86100.6,BTC-26MAR27,put,68000.0,2027-03-26T08:00:00+00:00,0.4970060807089893,0.029,0.03,0.02933937,0.0295,86100.6,BTC-26MAR27,0.4072,-0.16791,152.32227,550.8,251.3,0.0009999999999999974,BTC,83967.74,630368.06
2026-09-25T19:14:40.907418+00:00,BTC-24SEP27-88000-C,88332.52,BTC-24SEP27,call,88000.0,2027-09-24T08:00:00+00:00,0.9952949239670317,0.156,0.1585,0.15731834,0.15725,88332.52,BTC-24SEP27,0.3936,0.58085,344.17241,9.4,8.9,0.0025000000000000022,BTC,83967.74,118595.63
2026-09-25T19:14:40.907418+00:00,BTC-28SEP26-87000-C,84061.55,BTC-28SEP26,call,87000.0,2026-09-28T08:00:00+00:00,0.006930789812343145,0.0003,0.0005,0.00039932,0.0004,84061.55,BTC-28SEP26,0.2455,0.04329,6.42433,61.8,34.9,0.00020000000000000004,BTC,83967.74,4872.43
2026-09-25T19:14:40.907418+00:00,BTC-24SEP27-120000-P,88332.52,BTC-24SEP27,put,120000.0,2027-09-24T08:00:00+00:00,0.9952949239670317,0.414,0.4245,0.41722555,0.41925,88332.52,BTC-24SEP27,0.4006,-0.71521,298.94804,0.1,0.1,0.01050000000000001,BTC,83967.74,3430.29
2026-09-25T19:14:40.907418+00:00,BTC-27NOV26-87000-C,84750.95,BTC-27NOV26,call,87000.0,2026-11-27T08:00:00+00:00,0.17120183704026923,0.048,0.049,0.04889959,0.0485,84750.95,BTC-27NOV26,0.3665,0.45927,139.10005,108.8,6.3,0.0010000000000000009,BTC,83967.74,25914.39
2026-09-25T19:14:40.907418+00:00,BTC-27NOV26-97000-P,84750.95,BTC-27NOV26,put,97000.0,2026-11-27T08:00:00+00:00,0.17120183704026923,0.1595,0.164,0.16170368,0.16175,84750.95,BTC-27NOV26,0.3715,-0.78998,101.01998,0.0,0.0,0.004500000000000004,BTC,83967.82,0.0
2026-09-25T19:14:40.907418+00:00,BTC-27SEP26-89500-P,84043.53,BTC-27SEP26,put,89500.0,2026-09-27T08:00:00+00:00,0.004192939025211043,0.0625,0.067,0.06499221,0.06475,84043.53,BTC-27SEP26,0.40149999999999997,-0.99261,1.1118,0.0,0.0,0.004500000000000004,BTC,83967.82,0.0
2026-09-25T19:14:40.907418+00:00,BTC-2OCT26-90000-P,84114.33,BTC-2OCT26,put,90000.0,2026-10-02T08:00:00+00:00,0.017882192960871547,0.069,0.073,0.071024,0.071,84114.33,BTC-2OCT26,0.3184,-0.94383,12.71507,3.2,0.0,0.00399999999999999,BTC,83967.82,0.0
2026-09-25T19:14:40.907418+00:00,BTC-24SEP27-110000-P,88332.52,BTC-24SEP27,put,110000.0,2027-09-24T08:00:00+00:00,0.9952949239670317,0.3215,0.3305,0.32451713,0.326,88332.52,BTC-24SEP27,0.3962,-0.6403,329.45329,0.0,0.0,0.009000000000000008,BTC,83967.82,0.0
2026-09-25T19:14:40.907418+00:00,BTC-16OCT26-100000-P,84250.68,BTC-16OCT26,put,100000.0,2026-10-16T08:00:00+00:00,0.05621210398072097,0.1855,0.1905,0.18799688,0.188,84250.68,BTC-16OCT26,0.3791,-0.96933,13.83536,0.0,0.0,0.0050000000000000044,BTC,83967.82,0.0
2026-09-25T19:14:40.907418+00:00,BTC-2OCT26-84000-P,84114.31,BTC-2OCT26,put,84000.0,2026-10-02T08:00:00+00:00,0.017882192960871547,0.0145,0.0155,0.01505294,0.015,84114.31,BTC-2OCT26,0.2949,-0.48638,44.82177,937.2,497.8,0.0009999999999999992,BTC,83968.52,617603.44
2026-09-25T19:14:40.907418+00:00,BTC-25JUN27-52000-P,87234.76,BTC-25JUN27,put,52000.0,2027-06-25T08:00:00+00:00,0.7461505023380105,0.0135,0.015,0.01417695,0.01425,87234.76,BTC-25JUN27,0.4639,-0.06824,99.17524,53.0,2.0,0.0014999999999999996,BTC,83967.82,2433.18
2026-09-25T19:14:40.907418+00:00,BTC-27NOV26-97000-C,84750.97,BTC-27NOV26,call,97000.0,2026-11-27T08:00:00+00:00,0.17120183704026923,0.017,0.0175,0.01717455,0.01725,84750.97,BTC-27NOV26,0.3715,0.21002,101.01994,9.8,0.1,0.0005000000000000004,BTC,83968.52,147.86
2026-09-25T19:14:40.907418+00:00,BTC-16OCT26-78000-P,84250.91,BTC-16OCT26,put,78000.0,2026-10-16T08:00:00+00:00,0.05621210398072097,0.007,0.008,0.0074846,0.0075,84250.91,BTC-16OCT26,0.348,-0.16694,49.93792,38.3,4.8,0.001,BTC,83968.52,3713.6
2026-09-25T19:14:40.907418+00:00,BTC-27SEP26-91000-C,84043.53,BTC-27SEP26,call,91000.0,2026-09-27T08:00:00+00:00,0.004192939025211043,,0.0001,1.685e-05,,84043.53,BTC-27SEP26,0.4267,0.00191,0.32997,13.2,9.5,,BTC,83968.52,79.94
2026-09-25T19:14:40.907418+00:00,BTC-24SEP27-114000-P,88332.52,BTC-24SEP27,put,114000.0,2027-09-24T08:00:00+00:00,0.9952949239670317,0.358,0.367,0.36080108,0.3625,88332.52,BTC-24SEP27,0.3979,-0.67217,318.1595,0.0,0.0,0.009000000000000008,BTC,83968.52,0.0
2026-09-25T19:14:40.907418+00:00,BTC-9OCT26-78000-P,84184.76,BTC-9OCT26,put,78000.0,2026-10-09T08:00:00+00:00,0.03704714847079626,0.0039,0.0043,0.00410972,0.0041,84184.76,BTC-9OCT26,0.34840000000000004,-0.12319,33.00094,936.5,4.8,0.0004000000000000002,BTC,83968.52,1625.03
2026-09-25T19:14:40.907418+00:00,BTC-27NOV26-77000-P,84750.95,BTC-27NOV26,put,77000.0,2026-11-27T08:00:00+00:00,0.17120183704026923,0.024,0.025,0.02428958,0.0245,84750.95,BTC-27NOV26,0.3757,-0.24541,110.2854,212.1,1.2,0.0010000000000000009,BTC,83968.54,2255.56
2026-09-25T19:14:40.907418+00:00,BTC-26SEP26-89500-C,84024.91,BTC-26SEP26,call,89500.0,2026-09-26T08:00:00+00:00,0.0014550882380789413,,0.0001,8.45e-06,,84024.91,BTC-26SEP26,0.5524,0.00124,0.13119,69.4,55.7,,BTC,83968.54,708.86
2026-09-25T19:14:40.907418+00:00,BTC-27NOV26-77000-C,84750.97,BTC-27NOV26,call,77000.0,2026-11-27T08:00:00+00:00,0.17120183704026923,0.114,0.1175,0.11574583,0.11575,84750.97,BTC-27NOV26,0.3757,0.75459,110.28571,74.1,7.8,0.0034999999999999892,BTC,83968.54,79962.77
2026-09-25T19:14:40.907418+00:00,BTC-26MAR27-125000-P,86100.6,BTC-26MAR27,put,125000.0,2027-03-26T08:00:00+00:00,0.4970060807089893,0.4645,0.4715,0.46786987,0.468,86100.6,BTC-26MAR27,0.40979999999999994,-0.87458,125.19339,0.1,0.0,0.006999999999999951,BTC,83968.54,0.0
2026-09-25T19:14:40.907418+00:00,BTC-26MAR27-115000-C,86100.6,BTC-26MAR27,call,115000.0,2027-03-26T08:00:00+00:00,0.4970060807089893,0.0245,0.0255,0.02512301,0.025,86100.6,BTC-26MAR27,0.3971,0.18497,161.93908,695.5,0.0,0.0009999999999999974,BTC,83968.54,0.0
2026-09-25T19:14:40.907418+00:00,BTC-26MAR27-86000-C,86100.6,BTC-26MAR27,call,86000.0,2027-03-26T08:00:00+00:00,0.4970060807089893,0.107,0.1085,0.1077634,0.10775,86100.6,BTC-26MAR27,0.3823,0.55423,239.81503,363.9,13.5,0.0015000000000000013,BTC,83968.54,109598.17
2026-09-25T19:14:40.907418+00:00,BTC-27NOV26-62000-C,84750.97,BTC-27NOV26,call,62000.0,2026-11-27T08:00:00+00:00,0.17120183704026923,0.2705,0.2735,0.27220291,0.272,84750.97,BTC-27NOV26,0.46909999999999996,0.95566,32.83255,0.0,0.0,0.0030000000000000027,BTC,83968.33,0.0
2026-09-25T19:14:40.907418+00:00,BTC-27NOV26-80000-P,84750.95,BTC-27NOV26,put,80000.0,2026-11-27T08:00:00+00:00,0.17120183704026923,0.035,0.036,0.03560022,0.0355,84750.95,BTC-27NOV26,0.371,-0.32732,126.5171,138.3,17.3,0.000999999999999994,BTC,83968.33,51258.64
2026-09-25T19:14:40.907418+00:00,BTC-25JUN27-80000-P,87234.76,BTC-25JUN27,put,80000.0,2027-06-25T08:00:00+00:00,0.7461505023380105,0.091,0.0935,0.0921208,0.09225,87234.76,BTC-25JUN27,0.3937,-0.33636,274.85109,55.3,0.0,0.0025000000000000022,BTC,83968.33,0.0
2026-09-25T19:14:40.907418+00:00,BTC-25DEC26-55000-P,85068.8,BTC-25DEC26,put,55000.0,2026-12-25T08:00:00+00:00,0.24786165907996807,0.0036,0.0038,0.00369027,0.0037,85068.8,BTC-25DEC26,0.5135000000000001,-0.03364,31.66582,3248.3,26.3,0.0002000000000000001,BTC,83968.33,7689.95
2026-09-25T19:14:40.907418+00:00,BTC-2OCT26-87000-C,84114.31,BTC-2OCT26,call,87000.0,2026-10-02T08:00:00+00:00,0.017882192960871547,0.0042,0.0047,0.00449607,0.00445,84114.31,BTC-2OCT26,0.2982,0.19876,31.35442,564.0,342.3,0.0005000000000000004,BTC,83967.89,181249.89
2026-09-25T19:14:40.907418+00:00,BTC-16OCT26-84000-C,84250.75,BTC-16OCT26,call,84000.0,2026-10-16T08:00:00+00:00,0.05621210398072097,0.032,0.033,0.03254955,0.0325,84250.75,BTC-16OCT26,0.3286,0.52686,79.47161,2.3,8.3,0.0010000000000000009,BTC,83967.89,25308.34
2026-09-25T19:14:40.907418+00:00,BTC-25JUN27-30000-P,87234.83,BTC-25JUN27,put,30000.0,2027-06-25T08:00:00+00:00,0.7461505023380105,0.0024,0.0031,0.00272425,0.00275,87234.83,BTC-25JUN27,0.6229,-0.0122,23.86438,334.3,0.0,0.0007000000000000001,BTC,83968.33,0.0
2026-09-25T19:14:40.907418+00:00,BTC-26SEP26-85500-P,84024.93,BTC-26SEP26,put,85500.0,2026-09-26T08:00:00+00:00,0.0014550882380789413,0.016,0.0195,0.01772058,0.01775,84024.93,BTC-26SEP26,0.2619,-0.96583,2.42351,16.2,0.2,0.0034999999999999996,BTC,83967.89,211.45
2026-09-25T19:14:40.907418+00:00,BTC-27NOV26-72000-C,84750.95,BTC-27NOV26,call,72000.0,2026-11-27T08:00:00+00:00,0.17120183704026923,0.1615,0.1645,0.16292737,0.163,84750.95,BTC-27NOV26,0.3937,0.8593,78.27771,25.5,0.0,0.0030000000000000027,BTC,83967.89,0.0
2026-09-25T19:14:40.907418+00:00,BTC-2OCT26-86000-P,84114.33,BTC-2OCT26,put,86000.0,2026-10-02T08:00:00+00:00,0.017882192960871547,0.0285,0.031,0.02962897,0.02975,84114.33,BTC-2OCT26,0.2962,-0.71265,38.31507,912.8,100.1,0.0024999999999999988,BTC,83967.89,216030.54
2026-09-25T19:14:40.907418+00:00,BTC-30OCT26-102000-C,84409.3,BTC-30OCT26,call,102000.0,2026-10-30T08:00:00+00:00,0.09454201500057038,0.0026,0.0029,0.0027498,0.00275,84409.3,BTC-30OCT26,0.37729999999999997,0.05699,29.67824,239.5,4.3,0.0002999999999999999,BTC,83967.89,1148.11
2026-09-25T19:14:40.907418+00:00,BTC-27SEP26-87000-P,84043.53,BTC-27SEP26,put,87000.0,2026-09-27T08:00:00+00:00,0.004192939025211043,0.033,0.038,0.03535489,0.0355,84043.53,BTC-27SEP26,0.27449999999999997,-0.97622,3.04695,0.0,0.0,0.0049999999999999975,BTC,83967.89,0.0
2026-09-25T19:14:40.907418+00:00,BTC-27NOV26-83000-P,84750.95,BTC-27NOV26,put,83000.0,2026-11-27T08:00:00+00:00,0.17120183704026923,0.0495,0.051,0.05019944,0.05025,84750.95,BTC-27NOV26,0.36729999999999996,-0.41761,136.83771,177.2,0.0,0.0014999999999999944,BTC,83968.08,0.0
2026-09-25T19:14:40.907418+00:00,BTC-24SEP27-210000-C,88332.68,BTC-24SEP27,call,210000.0,2027-09-24T08:00:00+00:00,0.9952949239670317,0.009,0.01,0.00952758,0.0095,88332.68,BTC-24SEP27,0.47490000000000004,0.05567,98.93152,15.7,11.1,0.0010000000000000009,BTC,83967.89,8895.06
2026-09-25T19:14:40.907418+00:00,BTC-27NOV26-79000-C,84750.95,BTC-27NOV26,call,79000.0,2026-11-27T08:00:00+00:00,0.17120183704026923,0.0985,0.1,0.09932327,0.09925,84750.95,BTC-27NOV26,0.3724,0.70118,121.64862,153.1,31.7,0.0015000000000000013,BTC,83968.08,272089.61
2026-09-25T19:14:40.907418+00:00,BTC-26MAR27-102000-C,86100.6,BTC-26MAR27,call,102000.0,2027-03-26T08:00:00+00:00,0.4970060807089893,0.047,0.0485,0.04779495,0.04775,86100.6,BTC-26MAR27,0.38549999999999995,0.31198,214.64543,113.6,0.0,0.0015000000000000013,BTC,83968.08,0.0
2026-09-25T19:14:40.907418+00:00,BTC-24SEP27-82000-C,88332.68,BTC-24SEP27,call,82000.0,2027-09-24T08:00:00+00:00,0.9952949239670317,0.1885,0.191,0.18959329,0.18975,88332.68,BTC-24SEP27,0.3962,0.64948,326.45108,0.0,0.0,0.0025000000000000022,BTC,83968.08,0.0
2026-09-25T19:14:40.907418+00:00,BTC-25DEC26-78000-P,85068.8,BTC-25DEC26,put,78000.0,2026-12-25T08:00:00+00:00,0.24786165907996807,0.038,0.039,0.03829671,0.0385,85068.8,BTC-25DEC26,0.3809,-0.29188,145.34631,1455.4,0.7,0.0010000000000000009,BTC,83968.08,2146.67
2026-09-25T19:14:40.907418+00:00,BTC-25JUN27-76000-P,87234.83,BTC-25JUN27,put,76000.0,2027-06-25T08:00:00+00:00,0.7461505023380105,0.0725,0.074,0.07318742,0.07325,87234.83,BTC-25JUN27,0.39740000000000003,-0.28398,255.28873,73.1,0.1,0.0015000000000000013,BTC,83968.08,632.61
2026-09-25T19:14:40.907418+00:00,BTC-27SEP26-81500-C,84043.58,BTC-27SEP26,call,81500.0,2026-09-27T08:00:00+00:00,0.004192939025211043,0.0285,0.0325,0.03039223,0.0305,84043.58,BTC-27SEP26,0.23670000000000002,0.9747,3.20929,0.0,0.0,0.004,BTC,83968.95,0.0
2026-09-25T19:14:40.907418+00:00,BTC-26SEP26-84500-P,84024.91,BTC-26SEP26,put,84500.0,2026-09-26T08:00:00+00:00,0.0014550882380789413,0.0055,0.007,0.00637656,0.00625,84024.91,BTC-26SEP26,0.17309999999999998,-0.83445,7.95808,76.2,74.3,0.0015000000000000005,BTC,83968.95,35634.7
2026-09-25T19:14:40.907418+00:00,BTC-2OCT26-76000-P,84114.33,BTC-2OCT26,put,76000.0,2026-10-02T08:00:00+00:00,0.017882192960871547,0.0006,0.0008,0.00066831,0.0007,84114.33,BTC-2OCT26,0.4113,-0.0318,8.02733,410.2,7.8,0.0002000000000000001,BTC,83968.95,501.13
2026-09-25T19:14:40.907418+00:00,BTC-2OCT26-78000-P,84114.33,BTC-2OCT26,put,78000.0,2026-10-02T08:00:00+00:00,0.017882192960871547,0.0011,0.0013,0.00117948,0.0012,84114.33,BTC-2OCT26,0.361,-0.05818,13.07182,1526.6,113.2,0.00019999999999999987,BTC,83968.95,16083.1
2026-09-25T19:14:40.907418+00:00,BTC-27NOV26-81000-C,84750.95,BTC-27NOV26,call,81000.0,2026-11-27T08:00:00+00:00,0.17120183704026923,0.0835,0.085,0.08434451,0.08425,84750.95,BTC-27NOV26,0.3696,0.6433,130.71085,162.9,0.0,0.0015000000000000013,BTC,83968.95,0.0
2026-09-25T19:14:40.907418+00:00,BTC-25JUN27-78000-C,87234.76,BTC-25JUN27,call,78000.0,2027-06-25T08:00:00+00:00,0.7461505023380105,0.1865,0.189,0.18810563,0.18775,87234.76,BTC-25JUN27,0.3953,0.69014,265.68988,104.4,0.0,0.0025000000000000022,BTC,83968.95,0.0
2026-09-25T19:14:40.907418+00:00,BTC-27SEP26-88500-C,84043.53,BTC-27SEP26,call,88500.0,2026-09-27T08:00:00+00:00,0.004192939025211043,,0.0002,0.00014218,,84043.53,BTC-27SEP26,0.37229999999999996,0.01524,2.0868,47.7,40.3,,BTC,83969.51,690.63
2026-09-25T19:14:40.907418+00:00,BTC-24SEP27-190000-P,88332.52,BTC-24SEP27,put,190000.0,2027-09-24T08:00:00+00:00,0.9952949239670317,1.148,1.1875,1.16374397,1.16775,88332.52,BTC-24SEP27,0.4582,-0.9262,123.168,0.0,0.0,0.03950000000000009,BTC,83969.51,0.0
2026-09-25T19:14:40.907418+00:00,BTC-27NOV26-96000-P,84750.95,BTC-27NOV26,put,96000.0,2026-11-27T08:00:00+00:00,0.17120183704026923,0.1495,0.154,0.15189676,0.15175,84750.95,BTC-27NOV26,0.37060000000000004,-0.77076,106.23378,0.0,0.0,0.004500000000000004,BTC,83969.51,0.0
2026-09-25T19:14:40.907418+00:00,BTC-25JUN27-62000-C,87234.83,BTC-25JUN27,call,62000.0,2027-06-25T08:00:00+00:00,0.7461505023380105,0.3155,0.32,0.31839781,0.31775,87234.83,BTC-25JUN27,0.425,0.86679,162.05207,118.0,0.0,0.004500000000000004,BTC,83969.51,0.0
2026-09-25T19:14:40.907418+00:00,BTC-24SEP27-94000-C,88332.52,BTC-24SEP27,call,94000.0,2027-09-24T08:00:00+00:00,0.9952949239670317,0.129,0.1315,0.13020701,0.13025,88332.52,BTC-24SEP27,0.3926,0.5141,351.20253,0.0,0.0,0.0025000000000000022,BTC,83969.51,0.0
2026-09-25T19:14:40.907418+00:00,BTC-27NOV26-104000-P,84750.97,BTC-27NOV26,put,104000.0,2026-11-27T08:00:00+00:00,0.17120183704026923,0.233,0.238,0.23540751,0.2355,84750.97,BTC-27NOV26,0.3849,-0.88686,67.24971,0.0,0.0,0.004999999999999977,BTC,83969.72,0.0
2026-09-25T19:14:40.907418+00:00,BTC-26MAR27-58000-C,86100.6,BTC-26MAR27,call,58000.0,2027-03-26T08:00:00+00:00,0.4970060807089893,0.3375,0.341,0.33929204,0.33925,86100.6,BTC-26MAR27,0.4473,0.92036,89.89302,4.3,0.0,0.003500000000000003,BTC,83969.72,0.0
2026-09-25T19:14:40.907418+00:00,BTC-26MAR27-94000-C,86100.6,BTC-26MAR27,call,94000.0,2027-03-26T08:00:00+00:00,0.4970060807089893,0.0715,0.0725,0.07209014,0.072,86100.6,BTC-26MAR27,0.3821,0.4232,237.56002,184.1,2.4,0.0010000000000000009,BTC,83969.72,14945.31
2026-09-25T19:14:40.907418+00:00,BTC-26MAR27-72000-C,86100.6,BTC-26MAR27,call,72000.0,2027-03-26T08:00:00+00:00,0.4970060807089893,0.2025,0.206,0.20405723,0.20425,86100.6,BTC-26MAR27,0.3969,0.78116,179.11159,88.9,0.0,0.0034999999999999754,BTC,83969.72,0.0
2026-09-25T19:14:40.907418+00:00,BTC-25JUN27-50000-C,87234.83,BTC-25JUN27,call,50000.0,2027-06-25T08:00:00+00:00,0.7461505023380105,0.436,0.4405,0.43902034,0.43825,87234.83,BTC-25JUN27,0.4733,0.94104,88.51368,20.2,0.2,0.004500000000000004,BTC,83969.72,7520.54
2026-09-25T19:14:40.907418+00:00,BTC-26SEP26-76000-C,84024.91,BTC-26SEP26,call,76000.0,2026-09-26T08:00:00+00:00,0.0014550882380789413,0.094,0.0975,0.09550957,0.09575,84024.91,BTC-26SEP26,0.7676999999999999,0.99969,0.03677,0.0,0.0,0.003500000000000003,BTC,83969.72,0.0
2026-09-25T19:14:40.907418+00:00,BTC-25DEC26-55000-C,85068.8,BTC-25DEC26,call,55000.0,2026-12-25T08:00:00+00:00,0.24786165907996807,0.3555,0.3585,0.3571556,0.357,85068.8,BTC-25DEC26,0.5135000000000001,0.96636,31.66222,122.3,0.0,0.0030000000000000027,BTC,83969.88,0.0
2026-09-25T19:14:40.907418+00:00,BTC-27NOV26-99000-C,84750.97,BTC-27NOV26,call,99000.0,2026-11-27T08:00:00+00:00,0.17120183704026923,0.0135,0.0145,0.01407244,0.014,84750.97,BTC-27NOV26,0.3764,0.17755,91.18387,8.8,8.3,0.0010000000000000009,BTC,83969.88,11307.02
2026-09-25T19:14:40.907418+00:00,BTC-26SEP26-83000-P,84024.93,BTC-26SEP26,put,83000.0,2026-09-26T08:00:00+00:00,0.0014550882380789413,0.0001,0.0003,0.00014679,0.0002,84024.93,BTC-26SEP26,0.1935,-0.0601,3.81571,828.1,141.5,0.00019999999999999998,BTC,83969.88,13704.28
2026-09-25T19:14:40.907418+00:00,BTC-25DEC26-240000-C,85068.8,BTC-25DEC26,call,240000.0,2026-12-25T08:00:00+00:00,0.24786165907996807,0.0001,0.0004,0.00021254,0.00025,85068.8,BTC-25DEC26,0.6923999999999999,0.00227,3.01115,784.7,2.0,0.00030000000000000003,BTC,83969.88,33.74
2026-09-25T19:14:40.907418+00:00,BTC-27SEP26-82500-C,84043.53,BTC-27SEP26,call,82500.0,2026-09-27T08:00:00+00:00,0.004192939025211043,0.016,0.0205,0.01858227,0.01825,84043.53,BTC-27SEP26,0.17120000000000002,0.94531,6.02077,4.6,4.6,0.0045000000000000005,BTC,83969.88,5961.51
2026-09-25T19:14:40.907418+00:00,BTC-27SEP26-84500-P,84043.53,BTC-27SEP26,put,84500.0,2026-09-27T08:00:00+00:00,0.004192939025211043,0.006,0.0075,0.00678817,0.00675,84043.53,BTC-27SEP26,0.1315,-0.76546,16.68944,9.0,5.2,0.0014999999999999996,BTC,83969.88,3659.63
2026-09-25T19:14:40.907418+00:00,BTC-24SEP27-50000-C,88332.52,BTC-24SEP27,call,50000.0,2027-09-24T08:00:00+00:00,0.9952949239670317,0.4485,0.453,0.4513753,0.45075,88332.52,BTC-24SEP27,0.45909999999999995,0.92913,119.40753,0.0,0.0,0.004500000000000004,BTC,83969.88,0.0
2026-09-25T19:14:40.907418+00:00,BTC-2OCT26-81000-C,84114.33,BTC-2OCT26,call,81000.0,2026-10-02T08:00:00+00:00,0.017882192960871547,0.0395,0.0425,0.04106491,0.041,84114.33,BTC-2OCT26,0.3107,0.81867,29.63499,314.4,27.3,0.0030000000000000027,BTC,83970.46,90595.51
2026-09-25T19:14:40.907418+00:00,BTC-26MAR27-66000-P,86100.6,BTC-26MAR27,put,66000.0,2027-03-26T08:00:00+00:00,0.4970060807089893,0.0245,0.0255,0.02486061,0.025,86100.6,BTC-26MAR27,0.4131,-0.14558,138.66632,100.4,1.0,0.0009999999999999974,BTC,83970.46,2145.0
2026-09-25T19:14:40.907418+00:00,BTC-26SEP26-94000-P,84024.93,BTC-26SEP26,put,94000.0,2026-09-26T08:00:00+00:00,0.0014550882380789413,0.1165,0.1205,0.11871455,0.1185,84024.93,BTC-26SEP26,0.6389,-1.0,0.00029,0.0,0.0,0.00399999999999999,BTC,83970.46,0.0
2026-09-25T19:14:40.907418+00:00,BTC-25DEC26-75000-C,85068.82,BTC-25DEC26,call,75000.0,2026-12-25T08:00:00+00:00,0.24786165907996807,0.1445,0.148,0.1462601,0.14625,85068.82,BTC-25DEC26,0.3871,0.7721,127.88618,1925.0,28.0,0.003500000000000003,BTC,83970.46,349292.87
2026-09-25T19:14:40.907418+00:00,BTC-27SEP26-87500-P,84043.53,BTC-27SEP26,put,87500.0,2026-09-27T08:00:00+00:00,0.004192939025211043,0.039,0.0435,0.04125134,0.04125,84043.53,BTC-27SEP26,0.2958,-0.98361,2.22105,0.0,0.0,0.004499999999999997,BTC,83970.46,0.0
2026-09-25T19:14:40.907418+00:00,BTC-27SEP26-82000-C,84043.53,BTC-27SEP26,call,82000.0,2026-09-27T08:00:00+00:00,0.004192939025211043,0.0225,0.0265,0.02444123,0.0245,84043.53,BTC-27SEP26,0.196,0.96986,3.71362,0.0,0.0,0.004,BTC,83970.46,0.0
2026-09-25T19:14:40.907418+00:00,BTC-29SEP26-93000-P,84079.43,BTC-29SEP26,put,93000.0,2026-09-29T08:00:00+00:00,0.009668640599475246,0.104,0.1085,0.10625586,0.10625,84079.43,BTC-29SEP26,0.4425,-0.98978,2.24432,0.0,0.0,0.004500000000000004,BTC,83970.34,0.0
2026-09-25T19:14:40.907418+00:00,BTC-25JUN27-114000-C,87234.76,BTC-25JUN27,call,114000.0,2027-06-25T08:00:00+00:00,0.7461505023380105,0.0475,0.049,0.0484199,0.04825,87234.76,BTC-25JUN27,0.3971,0.27071,249.39107,6.0,0.0,0.0015000000000000013,BTC,83970.34,0.0
2026-09-25T19:14:40.907418+00:00,BTC-28SEP26-92000-C,84061.62,BTC-28SEP26,call,92000.0,2026-09-28T08:00:00+00:00,0.006930789812343145,0.0001,0.0002,0.00016001,0.00015,84061.62,BTC-28SEP26,0.475,0.01109,2.04037,0.7,0.2,0.0001,BTC,83970.34,1.69
2026-09-25T19:14:40.907418+00:00,BTC-2OCT26-65000-P,84114.33,BTC-2OCT26,put,65000.0,2026-10-02T08:00:00+00:00,0.017882192960871547,,0.0002,9.399e-05,,84114.33,BTC-2OCT26,0.7178,-0.00322,1.09487,705.9,5.3,,BTC,83970.34,79.72
2026-09-25T19:14:40.907418+00:00,BTC-26MAR27-35000-P,86100.6,BTC-26MAR27,put,35000.0,2027-03-26T08:00:00+00:00,0.4970060807089893,0.0022,0.0026,0.00238211,0.0024,86100.6,BTC-26MAR27,0.6379,-0.01308,20.41449,605.4,0.5,0.00039999999999999975,BTC,83970.34,88.25
2026-09-25T19:14:40.907418+00:00,BTC-16OCT26-89000-C,84250.91,BTC-16OCT26,call,89000.0,2026-10-16T08:00:00+00:00,0.05621210398072097,0.011,0.012,0.01141332,0.0115,84250.91,BTC-16OCT26,0.3292,0.25057,63.52504,323.4,308.7,0.0010000000000000009,BTC,83970.3,424839.83
2026-09-25T19:14:40.907418+00:00,BTC-27SEP26-87000-C,84043.53,BTC-27SEP26,call,87000.0,2026-09-27T08:00:00+00:00,0.004192939025211043,,0.0002,0.00017815,,84043.53,BTC-27SEP26,0.27449999999999997,0.02387,3.05643,645.8,729.9,,BTC,83970.3,48195.76
2026-09-25T19:14:40.907418+00:00,BTC-25JUN27-30000-C,87234.83,BTC-25JUN27,call,30000.0,2027-06-25T08:00:00+00:00,0.7461505023380105,0.6575,0.6595,0.65882618,0.6585,87234.83,BTC-25JUN27,0.6229,0.9878,23.86272,87.2,0.0,0.0020000000000000018,BTC,83970.3,0.0
2026-09-25T19:14:40.907418+00:00,BTC-28SEP26-88000-C,84061.62,BTC-28SEP26,call,88000.0,2026-09-28T08:00:00+00:00,0.006930789812343145,0.0002,0.0003,0.00023529,0.00025,84061.62,BTC-28SEP26,0.2824,0.02395,3.94202,8.8,6.5,9.999999999999996e-05,BTC,83970.3,413.11
2026-09-25T19:14:40.907418+00:00,BTC-29SEP26-75000-P,84079.41,BTC-29SEP26,put,75000.0,2026-09-29T08:00:00+00:00,0.009668640599475246,0.0001,0.0002,0.00017052,0.00015,84079.41,BTC-29SEP26,0.5047,-0.01046,2.28933,0.0,0.0,0.0001,BTC,83970.3,0.0
2026-09-25T19:14:40.907418+00:00,BTC-30OCT26-73000-C,84409.3,BTC-30OCT26,call,73000.0,2026-10-30T08:00:00+00:00,0.09454201500057038,0.1395,0.143,0.14083432,0.14125,84409.3,BTC-30OCT26,0.38170000000000004,0.90126,45.1093,613.8,9.0,0.0034999999999999754,BTC,83970.3,106961.71
2026-09-25T19:14:40.907418+00:00,BTC-30OCT26-81000-P,84409.3,BTC-30OCT26,put,81000.0,2026-10-30T08:00:00+00:00,0.09454201500057038,0.024,0.025,0.02443154,0.0245,84409.3,BTC-30OCT26,0.3457,-0.33215,94.19563,326.3,7.1,0.0010000000000000009,BTC,83970.3,14249.45
2026-09-25T19:14:40.907418+00:00,BTC-29SEP26-95000-P,84079.41,BTC-29SEP26,put,95000.0,2026-09-29T08:00:00+00:00,0.009668640599475246,0.1275,0.132,0.13003304,0.12975,84079.41,BTC-29SEP26,0.5184000000000001,-0.99149,1.91243,0.0,0.0,0.004500000000000004,BTC,83970.3,0.0
2026-09-25T19:14:40.907418+00:00,BTC-2OCT26-75000-C,84114.33,BTC-2OCT26,call,75000.0,2026-10-02T08:00:00+00:00,0.017882192960871547,0.107,0.1105,0.1088823,0.10875,84114.33,BTC-2OCT26,0.4379,0.97571,6.41341,4.7,0.1,0.003500000000000003,BTC,83970.3,953.39
2026-09-25T19:14:40.907418+00:00,BTC-28SEP26-85000-P,84061.62,BTC-28SEP26,put,85000.0,2026-09-28T08:00:00+00:00,0.006930789812343145,0.011,0.015,0.01304648,0.013,84061.62,BTC-28SEP26,0.1751,-0.79036,20.13382,43.5,5.7,0.004,BTC,83970.3,6075.07
2026-09-25T19:14:40.907418+00:00,BTC-26MAR27-64000-P,86100.6,BTC-26MAR27,put,64000.0,2027-03-26T08:00:00+00:00,0.4970060807089893,0.0205,0.0215,0.02092075,0.021,86100.6,BTC-26MAR27,0.419,-0.12528,125.10091,125.1,0.0,0.0009999999999999974,BTC,83970.3,0.0
2026-09-25T19:14:40.907418+00:00,BTC-28SEP26-83500-C,84061.55,BTC-28SEP26,call,83500.0,2026-09-28T08:00:00+00:00,0.006930789812343145,0.008,0.011,0.00941374,0.0095,84061.55,BTC-28SEP26,0.16399999999999998,0.67092,25.297,20.5,20.5,0.002999999999999999,BTC,83970.3,14752.06
2026-09-25T19:14:40.907418+00:00,BTC-26MAR27-115000-P,86100.6,BTC-26MAR27,put,115000.0,2027-03-26T08:00:00+00:00,0.4970060807089893,0.358,0.364,0.36076619,0.361,86100.6,BTC-26MAR27,0.3971,-0.81501,161.95805,3.0,0.0,0.006000000000000005,BTC,83970.3,0.0
2026-09-25T19:14:40.907418+00:00,BTC-26MAR27-35000-C,86100.62,BTC-26MAR27,call,35000.0,2027-03-26T08:00:00+00:00,0.4970060807089893,0.5945,0.5965,0.59588202,0.5955,86100.62,BTC-26MAR27,0.6379,0.98692,20.41449,21.8,0.0,0.0020000000000000018,BTC,83970.3,0.0
2026-09-25T19:14:40.907418+00:00,BTC-28SEP26-85500-C,84061.55,BTC-28SEP26,call,85500.0,2026-09-28T08:00:00+00:00,0.006930789812343145,0.0009,0.0012,0.00108537,0.00105,84061.55,BTC-28SEP26,0.1862,0.12781,14.61991,53.6,19.3,0.0002999999999999999,BTC,83970.3,4711.02
2026-09-25T19:14:40.907418+00:00,BTC-25JUN27-54000-P,87234.76,BTC-25JUN27,put,54000.0,2027-06-25T08:00:00+00:00,0.7461505023380105,0.0155,0.017,0.01616966,0.01625,87234.76,BTC-25JUN27,0.45280000000000004,-0.0779,109.74833,50.4,0.0,0.0015000000000000013,BTC,83970.3,0.0
2026-09-25T19:14:40.907418+00:00,BTC-30OCT26-115000-P,84409.3,BTC-30OCT26,put,115000.0,2026-10-30T08:00:00+00:00,0.09454201500057038,0.3605,0.366,0.36311323,0.36325,84409.3,BTC-30OCT26,0.4493,-0.98518,9.72242,34.6,0.0,0.005500000000000005,BTC,83970.3,0.0
2026-09-25T19:14:40.907418+00:00,BTC-27SEP26-92000-C,84043.53,BTC-27SEP26,call,92000.0,2026-09-27T08:00:00+00:00,0.004192939025211043,,0.0001,1.006e-05,,84043.53,BTC-27SEP26,0.45840000000000003,0.00111,0.2014,1.4,0.1,,BTC,83970.3,0.84
2026-09-25T19:14:40.907418+00:00,BTC-28SEP26-82500-C,84061.62,BTC-28SEP26,call,82500.0,2026-09-28T08:00:00+00:00,0.006930789812343145,0.0175,0.0215,0.01937142,0.0195,84061.62,BTC-28SEP26,0.1827,0.88298,13.74225,1.9,1.9,0.003999999999999997,BTC,83970.3,4005.1
2026-09-25T19:14:40.907418+00:00,BTC-30OCT26-77000-C,84409.3,BTC-30OCT26,call,77000.0,2026-10-30T08:00:00+00:00,0.09454201500057038,0.098,0.1015,0.09962204,0.09975,84409.3,BTC-30OCT26,0.3575,0.81143,70.0743,218.7,2.5,0.003500000000000003,BTC,83970.3,21365.05
2026-09-25T19:14:40.907418+00:00,BTC-27NOV26-106000-P,84750.95,BTC-27NOV26,put,106000.0,2026-11-27T08:00:00+00:00,0.17120183704026923,0.255,0.26,0.25754104,0.2575,84750.95,BTC-27NOV26,0.3901,-0.90495,59.26756,0.0,0.0,0.0050000000000000044,BTC,83970.67,0.0
2026-09-25T19:14:40.907418+00:00,BTC-30OCT26-104000-C,84409.3,BTC-30OCT26,call,104000.0,2026-10-30T08:00:00+00:00,0.09454201500057038,0.002,0.0023,0.00217926,0.00215,84409.3,BTC-30OCT26,0.38909999999999995,0.04543,24.78137,159.7,0.0,0.0002999999999999999,BTC,83970.67,0.0
2026-09-25T19:14:40.907418+00:00,BTC-24SEP27-90000-P,88332.52,BTC-24SEP27,put,90000.0,2027-09-24T08:00:00+00:00,0.9952949239670317,0.165,0.1685,0.16662687,0.16675,88332.52,BTC-24SEP27,0.3932,-0.44168,347.66427,0.0,0.0,0.003500000000000003,BTC,83970.67,0.0
2026-09-25T19:14:40.907418+00:00,BTC-27NOV26-91000-P,84750.97,BTC-27NOV26,put,91000.0,2026-11-27T08:00:00+00:00,0.17120183704026923,0.1055,0.1075,0.10632287,0.1065,84750.97,BTC-27NOV26,0.3666,-0.65474,129.17708,0.0,0.0,0.0020000000000000018,BTC,83970.67,0.0
2026-09-25T19:14:40.907418+00:00,BTC-26MAR27-108000-P,86100.6,BTC-26MAR27,put,108000.0,2027-03-26T08:00:00+00:00,0.4970060807089893,0.287,0.2925,0.2895514,0.28975,86100.6,BTC-26MAR27,0.3896,-0.75498,190.75305,0.1,0.0,0.005500000000000005,BTC,83970.67,0.0
2026-09-25T19:14:40.907418+00:00,BTC-2OCT26-73000-C,84114.33,BTC-2OCT26,call,73000.0,2026-10-02T08:00:00+00:00,0.017882192960871547,0.1305,0.1345,0.13248804,0.1325,84114.33,BTC-2OCT26,0.49439999999999995,0.98487,4.28789,0.8,0.0,0.0040000000000000036,BTC,83970.89,0.0
2026-09-25T19:14:40.907418+00:00,BTC-28SEP26-94000-P,84061.62,BTC-28SEP26,put,94000.0,2026-09-28T08:00:00+00:00,0.006930789812343145,0.116,0.1205,0.11833861,0.11825,84061.62,BTC-28SEP26,0.5498,-0.99255,1.43951,0.0,0.0,0.00449999999999999,BTC,83970.89,0.0
2026-09-25T19:14:40.907418+00:00,BTC-26MAR27-180000-C,86100.6,BTC-26MAR27,call,180000.0,2027-03-26T08:00:00+00:00,0.4970060807089893,0.003,0.0036,0.00331509,0.0033,86100.6,BTC-26MAR27,0.49950000000000006,0.02746,38.35644,649.0,0.0,0.0005999999999999998,BTC,83970.89,0.0
2026-09-25T19:14:40.907418+00:00,BTC-29SEP26-87500-C,84079.41,BTC-29SEP26,call,87500.0,2026-09-29T08:00:00+00:00,0.009668640599475246,0.0006,0.0009,0.00079044,0.00075,84079.41,BTC-29SEP26,0.2699,0.06395,10.34404,0.0,0.0,0.00030000000000000003,BTC,83970.89,0.0
2026-09-25T19:14:40.907418+00:00,BTC-26MAR27-84000-P,86100.62,BTC-26MAR27,put,84000.0,2027-03-26T08:00:00+00:00,0.4970060807089893,0.094,0.095,0.0944243,0.0945,86100.62,BTC-26MAR27,0.3832,-0.41145,236.07394,410.4,34.8,0.0010000000000000009,BTC,83970.89,277851.19
2026-09-25T19:14:40.907418+00:00,BTC-24SEP27-100000-C,88332.52,BTC-24SEP27,call,100000.0,2027-09-24T08:00:00+00:00,0.9952949239670317,0.1065,0.1085,0.10773462,0.1075,88332.52,BTC-24SEP27,0.39280000000000004,0.45129,348.80359,0.5,0.3,0.0020000000000000018,BTC,83970.89,2722.77
2026-09-25T19:14:40.907418+00:00,BTC-24SEP27-96000-P,88332.68,BTC-24SEP27,put,96000.0,2027-09-24T08:00:00+00:00,0.9952949239670317,0.207,0.2115,0.20902256,0.20925,88332.68,BTC-24SEP27,0.3925,-0.50734,351.36622,0.0,0.0,0.004500000000000004,BTC,83970.89,0.0
2026-09-25T19:14:40.907418+00:00,BTC-16OCT26-85000-P,84250.68,BTC-16OCT26,put,85000.0,2026-10-16T08:00:00+00:00,0.05621210398072097,0.0355,0.0365,0.03583098,0.036,84250.68,BTC-16OCT26,0.3282,-0.53364,79.37073,1.8,1.8,0.0010000000000000009,BTC,83970.59,5515.55
2026-09-25T19:14:40.907418+00:00,BTC-30OCT26-72000-P,84409.3,BTC-30OCT26,put,72000.0,2026-10-30T08:00:00+00:00,0.09454201500057038,0.0046,0.0049,0.00475908,0.00475,84409.3,BTC-30OCT26,0.3898,-0.08373,39.91488,1288.3,92.2,0.0002999999999999999,BTC,83970.59,33381.35
2026-09-25T19:14:40.907418+00:00,BTC-28SEP26-85500-P,84061.62,BTC-28SEP26,put,85500.0,2026-09-28T08:00:00+00:00,0.006930789812343145,0.0165,0.02,0.01819167,0.01825,84061.62,BTC-28SEP26,0.1862,-0.87214,14.62465,3.1,3.1,0.0034999999999999996,BTC,83970.59,2509.64
2026-09-25T19:14:40.907418+00:00,BTC-29SEP26-78000-C,84079.41,BTC-29SEP26,call,78000.0,2026-09-29T08:00:00+00:00,0.009668640599475246,0.0705,0.0745,0.07257758,0.0725,84079.41,BTC-29SEP26,0.3743,0.97901,4.16677,0.0,0.0,0.0040000000000000036,BTC,83970.59,0.0
2026-09-25T19:14:40.907418+00:00,BTC-30OCT26-50000-P,84409.3,BTC-30OCT26,put,50000.0,2026-10-30T08:00:00+00:00,0.09454201500057038,0.0003,0.0005,0.0003877,0.0004,84409.3,BTC-30OCT26,0.696,-0.00539,4.013,431.6,0.1,0.00020000000000000004,BTC,83970.59,2.54
2026-09-25T19:14:40.907418+00:00,BTC-27SEP26-94000-C,84043.53,BTC-27SEP26,call,94000.0,2026-09-27T08:00:00+00:00,0.004192939025211043,,0.0001,2.31e-06,,84043.53,BTC-27SEP26,0.4991,0.00026,0.05225,0.2,0.0,,BTC,83970.59,0.0
2026-09-25T19:14:40.907418+00:00,BTC-30OCT26-78000-C,84409.3,BTC-30OCT26,call,78000.0,2026-10-30T08:00:00+00:00,0.09454201500057038,0.089,0.092,0.09020693,0.0905,84409.3,BTC-30OCT26,0.35359999999999997,0.78032,76.75058,507.4,1.8,0.0030000000000000027,BTC,83970.59,14313.72
2026-09-25T19:14:40.907418+00:00,BTC-28SEP26-83000-C,84061.62,BTC-28SEP26,call,83000.0,2026-09-28T08:00:00+00:00,0.006930789812343145,0.0125,0.016,0.01407031,0.01425,84061.62,BTC-28SEP26,0.1709,0.80176,19.47396,5.0,5.0,0.0034999999999999996,BTC,83970.59,4585.28
2026-09-25T19:14:40.907418+00:00,BTC-29SEP26-85500-C,84079.41,BTC-29SEP26,call,85500.0,2026-09-29T08:00:00+00:00,0.009668640599475246,0.0029,0.0033,0.0031508,0.0031,84079.41,BTC-29SEP26,0.2336,0.22619,24.8535,16.0,16.0,0.0004000000000000002,BTC,83970.59,6907.76
2026-09-25T19:14:40.907418+00:00,BTC-26MAR27-88000-C,86100.62,BTC-26MAR27,call,88000.0,2027-03-26T08:00:00+00:00,0.4970060807089893,0.097,0.098,0.09764435,0.0975,86100.62,BTC-26MAR27,0.382,0.52033,241.74839,117.1,1.4,0.0010000000000000009,BTC,83970.59,11671.48
2026-09-25T19:14:40.907418+00:00,BTC-29SEP26-85000-P,84079.41,BTC-29SEP26,put,85000.0,2026-09-29T08:00:00+00:00,0.009668640599475246,0.0145,0.0165,0.01557135,0.0155,84079.41,BTC-29SEP26,0.2298,-0.69294,29.02665,6.4,6.4,0.002,BTC,83970.59,11867.61
2026-09-25T19:14:40.907418+00:00,BTC-30OCT26-83000-C,84409.3,BTC-30OCT26,call,83000.0,2026-10-30T08:00:00+00:00,0.09454201500057038,0.05,0.051,0.05059554,0.0505,84409.3,BTC-30OCT26,0.34299999999999997,0.58135,101.33831,448.5,54.2,0.000999999999999994,BTC,83970.59,237478.0
2026-09-25T19:14:40.907418+00:00,BTC-26MAR27-74000-P,86100.6,BTC-26MAR27,put,74000.0,2027-03-26T08:00:00+00:00,0.4970060807089893,0.0465,0.048,0.04710884,0.04725,86100.6,BTC-26MAR27,0.3935,-0.24768,191.85766,200.0,0.1,0.0015000000000000013,BTC,83970.23,392.41
2026-09-25T19:14:40.907418+00:00,BTC-28SEP26-84000-C,84061.62,BTC-28SEP26,call,84000.0,2026-09-28T08:00:00+00:00,0.006930789812343145,0.0055,0.0065,0.00587134,0.006,84061.62,BTC-28SEP26,0.1655,0.50208,27.89816,332.4,230.5,0.001,BTC,83970.23,204961.75
2026-09-25T19:14:40.907418+00:00,BTC-29SEP26-81500-C,84079.43,BTC-29SEP26,call,81500.0,2026-09-29T08:00:00+00:00,0.009668640599475246,0.03,0.0335,0.0318655,0.03175,84079.43,BTC-29SEP26,0.2503,0.89416,15.11063,0.0,0.0,0.003500000000000003,BTC,83970.23,0.0
2026-09-25T19:14:40.907418+00:00,BTC-26MAR27-170000-C,86100.6,BTC-26MAR27,call,170000.0,2027-03-26T08:00:00+00:00,0.4970060807089893,0.004,0.0043,0.00415651,0.00415,86100.6,BTC-26MAR27,0.485,0.03436,46.17681,998.4,1.5,0.0002999999999999999,BTC,83970.23,523.7
2026-09-25T19:14:40.907418+00:00,BTC-27NOV26-85000-C,84750.97,BTC-27NOV26,call,85000.0,2026-11-27T08:00:00+00:00,0.17120183704026923,0.0585,0.0595,0.05901327,0.059,84750.97,BTC-27NOV26,0.366,0.5204,139.65028,838.3,45.5,0.000999999999999994,BTC,83970.23,240466.87
2026-09-25T19:14:40.907418+00:00,BTC-26MAR27-74000-C,86100.6,BTC-26MAR27,call,74000.0,2027-03-26T08:00:00+00:00,0.4970060807089893,0.186,0.1895,0.18765149,0.18775,86100.6,BTC-26MAR27,0.3935,0.75232,191.85739,66.8,0.0,0.003500000000000003,BTC,83970.31,0.0
2026-09-25T19:14:40.907418+00:00,BTC-25DEC26-64000-P,85068.8,BTC-25DEC26,put,64000.0,2026-12-25T08:00:00+00:00,0.24786165907996807,0.008,0.009,0.0084241,0.0085,85068.8,BTC-25DEC26,0.43700000000000006,-0.07891,62.28378,389.9,0.4,0.0009999999999999992,BTC,83970.31,319.92
2026-09-25T19:14:40.907418+00:00,BTC-26MAR27-54000-C,86100.62,BTC-26MAR27,call,54000.0,2027-03-26T08:00:00+00:00,0.4970060807089893,0.3805,0.384,0.38226706,0.38225,86100.62,BTC-26MAR27,0.4708,0.94164,70.72153,0.1,0.0,0.003500000000000003,BTC,83970.31,0.0
2026-09-25T19:14:40.907418+00:00,BTC-9OCT26-84000-C,84184.76,BTC-9OCT26,call,84000.0,2026-10-09T08:00:00+00:00,0.03704714847079626,0.025,0.026,0.02548645,0.0255,84184.76,BTC-9OCT26,0.3177,0.52144,64.51756,318.9,39.9,0.0009999999999999974,BTC,83970.31,82074.88
2026-09-25T19:14:40.907418+00:00,BTC-25JUN27-96000-P,87234.83,BTC-25JUN27,put,96000.0,2027-06-25T08:00:00+00:00,0.7461505023380105,0.195,0.198,0.19605627,0.1965,87234.83,BTC-25JUN27,0.3892,-0.54724,298.39796,0.1,0.0,0.0030000000000000027,BTC,83970.31,0.0
2026-09-25T19:14:40.907418+00:00,BTC-27NOV26-91000-C,84750.95,BTC-27NOV26,call,91000.0,2026-11-27T08:00:00+00:00,0.17120183704026923,0.032,0.033,0.03258935,0.0325,84750.95,BTC-27NOV26,0.3666,0.34527,129.17857,108.5,9.1,0.0010000000000000009,BTC,83970.31,26072.54
2026-09-25T19:14:40.907418+00:00,BTC-16OCT26-87000-P,84250.91,BTC-16OCT26,put,87000.0,2026-10-16T08:00:00+00:00,0.05621210398072097,0.0495,0.052,0.05045259,0.05075,84250.91,BTC-16OCT26,0.3275,-0.64967,73.98006,16.7,0.0,0.0024999999999999953,BTC,83970.05,0.0
2026-09-25T19:14:40.907418+00:00,BTC-25JUN27-84000-P,87234.83,BTC-25JUN27,put,84000.0,2027-06-25T08:00:00+00:00,0.7461505023380105,0.113,0.1155,0.11384565,0.11425,87234.83,BTC-25JUN27,0.3907,-0.39026,289.06427,19.3,0.0,0.0025000000000000022,BTC,83970.05,0.0
2026-09-25T19:14:40.907418+00:00,BTC-26MAR27-120000-P,86100.62,BTC-26MAR27,put,120000.0,2027-03-26T08:00:00+00:00,0.4970060807089893,0.4105,0.417,0.41374981,0.41375,86100.62,BTC-26MAR27,0.4035,-0.84778,142.85779,9.9,0.0,0.006500000000000006,BTC,83970.05,0.0
2026-09-25T19:14:40.907418+00:00,BTC-9OCT26-65000-C,84184.76,BTC-9OCT26,call,65000.0,2026-10-09T08:00:00+00:00,0.03704714847079626,0.2265,0.23,0.2282294,0.22825,84184.76,BTC-9OCT26,0.5797,0.99099,3.94169,0.7,0.0,0.003500000000000003,BTC,83970.05,0.0
2026-09-25T19:14:40.907418+00:00,BTC-9OCT26-79000-C,84184.76,BTC-9OCT26,call,79000.0,2026-10-09T08:00:00+00:00,0.03704714847079626,0.0655,0.069,0.06707582,0.06725,84184.76,BTC-9OCT26,0.33799999999999997,0.84086,39.26715,14.4,0.1,0.003500000000000003,BTC,83970.05,558.1
2026-09-25T19:14:40.907418+00:00,BTC-30OCT26-78000-P,84409.3,BTC-30OCT26,put,78000.0,2026-10-30T08:00:00+00:00,0.09454201500057038,0.014,0.0145,0.01427452,0.01425,84409.3,BTC-30OCT26,0.35359999999999997,-0.21969,76.75348,1041.7,38.6,0.0005000000000000004,BTC,83970.05,52182.95
2026-09-25T19:14:40.907418+00:00,BTC-9OCT26-84000-P,84184.76,BTC-9OCT26,put,84000.0,2026-10-09T08:00:00+00:00,0.03704714847079626,0.0225,0.024,0.02329247,0.02325,84184.76,BTC-9OCT26,0.3177,-0.47859,64.51753,108.2,31.7,0.0015000000000000013,BTC,83970.05,61803.65
2026-09-25T19:14:40.907418+00:00,BTC-9OCT26-70000-C,84184.78,BTC-9OCT26,call,70000.0,2026-10-09T08:00:00+00:00,0.03704714847079626,0.1675,0.171,0.16915455,0.16925,84184.78,BTC-9OCT26,0.4733,0.98035,7.7266,0.0,0.0,0.003500000000000003,BTC,83970.05,0.0
2026-09-25T19:14:40.907418+00:00,BTC-16OCT26-80000-C,84250.91,BTC-16OCT26,call,80000.0,2026-10-16T08:00:00+00:00,0.05621210398072097,0.061,0.064,0.06265974,0.0625,84250.91,BTC-16OCT26,0.3379,0.75086,63.33252,9.5,0.0,0.0030000000000000027,BTC,83970.05,0.0
2026-09-25T19:14:40.907418+00:00,BTC-9OCT26-80000-C,84184.76,BTC-9OCT26,call,80000.0,2026-10-09T08:00:00+00:00,0.03704714847079626,0.056,0.0585,0.05716047,0.05725,84184.76,BTC-9OCT26,0.3308,0.79404,46.14319,91.5,2.0,0.0025000000000000022,BTC,83970.05,9749.91
2026-09-25T19:14:40.907418+00:00,BTC-26MAR27-104000-P,86100.6,BTC-26MAR27,put,104000.0,2027-03-26T08:00:00+00:00,0.4970060807089893,0.249,0.2535,0.25108278,0.25125,86100.6,BTC-26MAR27,0.38689999999999997,-0.71178,207.09482,0.1,0.0,0.004500000000000004,BTC,83970.05,0.0
2026-09-25T19:14:40.907418+00:00,BTC-24SEP27-94000-P,88332.52,BTC-24SEP27,put,94000.0,2027-09-24T08:00:00+00:00,0.9952949239670317,0.1925,0.1965,0.19436582,0.1945,88332.52,BTC-24SEP27,0.3926,-0.48589,351.20313,0.0,0.0,0.0040000000000000036,BTC,83970.05,0.0
2026-09-25T19:14:40.907418+00:00,BTC-24SEP27-78000-P,88332.52,BTC-24SEP27,put,78000.0,2027-09-24T08:00:00+00:00,0.9952949239670317,0.0955,0.0985,0.09693391,0.097,88332.52,BTC-24SEP27,0.3983,-0.3051,308.59993,0.0,0.0,0.0030000000000000027,BTC,83970.05,0.0
2026-09-25T19:14:40.907418+00:00,BTC-26SEP26-92000-C,84024.91,BTC-26SEP26,call,92000.0,2026-09-26T08:00:00+00:00,0.0014550882380789413,,0.0001,5.5e-07,,84024.91,BTC-26SEP26,0.6349,8e-05,0.01053,17.4,0.0,,BTC,83970.05,0.0
2026-09-25T19:14:40.907418+00:00,BTC-26MAR27-94000-P,86100.6,BTC-26MAR27,put,94000.0,2027-03-26T08:00:00+00:00,0.4970060807089893,0.163,0.165,0.16383326,0.164,86100.6,BTC-26MAR27,0.3821,-0.5768,237.56102,24.4,0.0,0.0020000000000000018,BTC,83970.05,0.0
2026-09-25T19:14:40.907418+00:00,BTC-25DEC26-100000-P,85068.8,BTC-25DEC26,put,100000.0,2026-12-25T08:00:00+00:00,0.24786165907996807,0.1955,0.2,0.19766917,0.19775,85068.8,BTC-25DEC26,0.3788,-0.77851,125.83421,302.9,1.4,0.004500000000000004,BTC,83970.05,22458.64
2026-09-25T19:14:40.907418+00:00,BTC-25DEC26-75000-P,85068.8,BTC-25DEC26,put,75000.0,2026-12-25T08:00:00+00:00,0.24786165907996807,0.0275,0.0285,0.0278983,0.028,85068.8,BTC-25DEC26,0.3871,-0.2279,127.88515,1736.8,103.7,0.0010000000000000009,BTC,83970.05,240266.9
2026-09-25T19:14:40.907418+00:00,BTC-27NOV26-76000-P,84750.97,BTC-27NOV26,put,76000.0,2026-11-27T08:00:00+00:00,0.17120183704026923,0.021,0.022,0.02130681,0.0215,84750.97,BTC-27NOV26,0.3784,-0.22102,104.05942,72.3,14.9,0.0009999999999999974,BTC,83970.05,27399.91
2026-09-25T19:14:40.907418+00:00,BTC-27NOV26-120000-P,84750.97,BTC-27NOV26,put,120000.0,2026-11-27T08:00:00+00:00,0.17120183704026923,0.4155,0.421,0.41807736,0.41825,84750.97,BTC-27NOV26,0.4347,-0.96769,25.35975,0.8,0.0,0.005500000000000005,BTC,83970.05,0.0
2026-09-25T19:14:40.907418+00:00,BTC-16OCT26-83000-P,84250.91,BTC-16OCT26,put,83000.0,2026-10-16T08:00:00+00:00,0.05621210398072097,0.0235,0.0245,0.02407129,0.024,84250.91,BTC-16OCT26,0.32939999999999997,-0.41253,77.73127,106.8,106.9,0.0010000000000000009,BTC,83970.05,227992.17
2026-09-25T19:14:40.907418+00:00,BTC-26MAR27-76000-C,86100.6,BTC-26MAR27,call,76000.0,2027-03-26T08:00:00+00:00,0.4970060807089893,0.1705,0.1735,0.17196329,0.172,86100.6,BTC-26MAR27,0.39,0.72192,203.56618,541.7,0.0,0.002999999999999975,BTC,83970.05,0.0
2026-09-25T19:14:40.907418+00:00,BTC-28SEP26-86000-P,84061.62,BTC-28SEP26,put,86000.0,2026-09-28T08:00:00+00:00,0.006930789812343145,0.0215,0.0255,0.02373192,0.0235,84061.62,BTC-28SEP26,0.20120000000000002,-0.91964,10.43144,200.0,100.0,0.004,BTC,83970.05,209443.36
2026-09-25T19:14:40.907418+00:00,BTC-26SEP26-82000-C,84024.93,BTC-26SEP26,call,82000.0,2026-09-26T08:00:00+00:00,0.0014550882380789413,0.0225,0.026,0.02422253,0.02425,84024.93,BTC-26SEP26,0.32909999999999995,0.97014,2.16796,0.1,0.0,0.0034999999999999996,BTC,83970.05,0.0
2026-09-25T19:14:40.907418+00:00,BTC-26SEP26-81000-C,84024.91,BTC-26SEP26,call,81000.0,2026-09-26T08:00:00+00:00,0.0014550882380789413,0.034,0.038,0.03602754,0.036,84024.91,BTC-26SEP26,0.3803,0.99352,0.58262,0.1,0.2,0.003999999999999997,BTC,83970.05,745.36
2026-09-25T19:14:40.907418+00:00,BTC-25JUN27-92000-C,87234.83,BTC-25JUN27,call,92000.0,2027-06-25T08:00:00+00:00,0.7461505023380105,0.11,0.1125,0.11139179,0.11125,87234.83,BTC-25JUN27,0.3887,0.50295,300.49865,19.3,0.0,0.0025000000000000022,BTC,83970.05,0.0
2026-09-25T19:14:40.907418+00:00,BTC-27SEP26-85500-C,84043.53,BTC-27SEP26,call,85500.0,2026-09-27T08:00:00+00:00,0.004192939025211043,0.0002,0.0004,0.00033362,0.0003,84043.53,BTC-27SEP26,0.17620000000000002,0.05778,6.28785,113.2,113.0,0.0002,BTC,83970.23,14222.86
2026-09-25T19:14:40.907418+00:00,BTC-30OCT26-59000-P,84409.3,BTC-30OCT26,put,59000.0,2026-10-30T08:00:00+00:00,0.09454201500057038,0.0009,0.0011,0.00098191,0.001,84409.3,BTC-30OCT26,0.5599000000000001,-0.01535,10.01938,300.2,187.0,0.0002000000000000001,BTC,83970.23,13765.29
2026-09-25T19:14:40.907418+00:00,BTC-30OCT26-82000-C,84409.3,BTC-30OCT26,call,82000.0,2026-10-30T08:00:00+00:00,0.09454201500057038,0.0565,0.0585,0.05744458,0.0575,84409.3,BTC-30OCT26,0.3443,0.62531,98.34912,1342.3,0.4,0.0020000000000000018,BTC,83970.23,2017.22
2026-09-25T19:14:40.907418+00:00,BTC-9OCT26-83000-C,84184.76,BTC-9OCT26,call,83000.0,2026-10-09T08:00:00+00:00,0.03704714847079626,0.031,0.0325,0.03209756,0.03175,84184.76,BTC-9OCT26,0.32020000000000004,0.59803,62.65019,98.5,2.2,0.0015000000000000013,BTC,83970.23,5737.3
2026-09-25T19:14:40.907418+00:00,BTC-25JUN27-70000-P,87234.76,BTC-25JUN27,put,70000.0,2027-06-25T08:00:00+00:00,0.7461505023380105,0.0495,0.051,0.05028635,0.05025,87234.76,BTC-25JUN27,0.4061,-0.21162,218.0687,147.9,2.1,0.0014999999999999944,BTC,83970.23,8481.71
2026-09-25T19:14:40.907418+00:00,BTC-27SEP26-86000-P,84043.53,BTC-27SEP26,put,86000.0,2026-09-27T08:00:00+00:00,0.004192939025211043,0.022,0.025,0.02349268,0.0235,84043.53,BTC-27SEP26,0.2029,-0.96496,4.20537,78.6,75.0,0.0030000000000000027,BTC,83970.23,177791.62
2026-09-25T19:14:40.907418+00:00,BTC-26MAR27-130000-C,86100.6,BTC-26MAR27,call,130000.0,2027-03-26T08:00:00+00:00,0.4970060807089893,0.0125,0.0135,0.01306799,0.013,86100.6,BTC-26MAR27,0.41659999999999997,0.10413,109.66924,1189.2,14.4,0.0009999999999999992,BTC,83970.1,16342.44
2026-09-25T19:14:40.907418+00:00,BTC-25JUN27-180000-C,87234.83,BTC-25JUN27,call,180000.0,2027-06-25T08:00:00+00:00,0.7461505023380105,0.0075,0.009,0.00826633,0.00825,87234.83,BTC-25JUN27,0.4672,0.05541,84.28324,66.7,0.1,0.0014999999999999996,BTC,83970.1,62.72
2026-09-25T19:14:40.907418+00:00,BTC-26MAR27-84000-C,86100.6,BTC-26MAR27,call,84000.0,2027-03-26T08:00:00+00:00,0.4970060807089893,0.118,0.1195,0.11882406,0.11875,86100.6,BTC-26MAR27,0.3832,0.58853,236.07331,285.9,4.4,0.0015000000000000013,BTC,83970.1,44525.78
2026-09-25T19:14:40.907418+00:00,BTC-25JUN27-160000-C,87234.76,BTC-25JUN27,call,160000.0,2027-06-25T08:00:00+00:00,0.7461505023380105,0.012,0.013,0.01254847,0.0125,87234.76,BTC-25JUN27,0.4447,0.08249,114.59978,698.3,0.6,0.0009999999999999992,BTC,83970.1,632.07
2026-09-25T19:14:40.907418+00:00,BTC-29SEP26-80000-C,84079.43,BTC-29SEP26,call,80000.0,2026-09-29T08:00:00+00:00,0.009668640599475246,0.047,0.051,0.04898432,0.049,84079.43,BTC-29SEP26,0.2909,0.95758,7.46654,0.0,0.0,0.003999999999999997,BTC,83970.1,0.0
2026-09-25T19:14:40.907418+00:00,BTC-27SEP26-82000-P,84043.53,BTC-27SEP26,put,82000.0,2026-09-27T08:00:00+00:00,0.004192939025211043,0.0001,0.0002,0.00012505,0.00015,84043.53,BTC-27SEP26,0.196,-0.03016,3.71597,68.5,82.6,0.0001,BTC,83970.1,7604.23
2026-09-25T19:14:40.907418+00:00,BTC-27NOV26-74000-P,84750.95,BTC-27NOV26,put,74000.0,2026-11-27T08:00:00+00:00,0.17120183704026923,0.016,0.017,0.01634018,0.0165,84750.95,BTC-27NOV26,0.38530000000000003,-0.17749,91.16542,77.1,31.2,0.0010000000000000009,BTC,83970.1,44936.52
2026-09-25T19:14:40.907418+00:00,BTC-25DEC26-230000-C,85068.8,BTC-25DEC26,call,230000.0,2026-12-25T08:00:00+00:00,0.24786165907996807,0.0001,0.0004,0.00021268,0.00025,85068.8,BTC-25DEC26,0.6676000000000001,0.00234,3.09769,190.5,0.1,0.00030000000000000003,BTC,83970.1,1.69
2026-09-25T19:14:40.907418+00:00,BTC-26SEP26-81500-P,84024.93,BTC-26SEP26,put,81500.0,2026-09-26T08:00:00+00:00,0.0014550882380789413,,0.0001,3.151e-05,,84024.93,BTC-26SEP26,0.3301,-0.00908,0.78356,32.6,27.0,,BTC,83970.1,1668.43
2026-09-25T19:14:40.907418+00:00,BTC-24SEP27-98000-C,88332.52,BTC-24SEP27,call,98000.0,2027-09-24T08:00:00+00:00,0.9952949239670317,0.1135,0.1155,0.11474094,0.1145,88332.52,BTC-24SEP27,0.3926,0.47164,350.53367,0.3,0.0,0.0020000000000000018,BTC,83970.1,0.0
2026-09-25T19:14:40.907418+00:00,BTC-28SEP26-75000-C,84061.55,BTC-28SEP26,call,75000.0,2026-09-28T08:00:00+00:00,0.006930789812343145,0.106,0.1095,0.10787655,0.10775,84061.55,BTC-28SEP26,0.5393,0.99455,1.09152,0.0,0.0,0.003500000000000003,BTC,83970.1,0.0
2026-09-25T19:14:40.907418+00:00,BTC-27NOV26-95000-P,84750.95,BTC-27NOV26,put,95000.0,2026-11-27T08:00:00+00:00,0.17120183704026923,0.14,0.144,0.1421918,0.142,84750.95,BTC-27NOV26,0.3689,-0.75031,111.31083,0.1,0.0,0.003999999999999976,BTC,83970.3,0.0
2026-09-25T19:14:40.907418+00:00,BTC-25JUN27-98000-C,87234.83,BTC-25JUN27,call,98000.0,2027-06-25T08:00:00+00:00,0.7461505023380105,0.0875,0.0895,0.08837773,0.0885,87234.83,BTC-25JUN27,0.3892,0.42865,295.68759,118.4,1.5,0.0020000000000000018,BTC,83970.1,11580.33
2026-09-25T19:14:40.907418+00:00,BTC-25DEC26-50000-P,85068.8,BTC-25DEC26,put,50000.0,2026-12-25T08:00:00+00:00,0.24786165907996807,0.0023,0.0026,0.00247351,0.00245,85068.8,BTC-25DEC26,0.5664,-0.02159,21.87105,2209.1,1.0,0.0002999999999999999,BTC,83970.3,214.93
2026-09-25T19:14:40.907418+00:00,BTC-29SEP26-82500-C,84079.41,BTC-29SEP26,call,82500.0,2026-09-29T08:00:00+00:00,0.009668640599475246,0.0195,0.0225,0.02143408,0.021,84079.41,BTC-29SEP26,0.2348,0.78842,23.91661,0.5,0.5,0.002999999999999999,BTC,83970.3,1227.32
2026-09-25T19:14:40.907418+00:00,BTC-24SEP27-60000-P,88332.68,BTC-24SEP27,put,60000.0,2027-09-24T08:00:00+00:00,0.9952949239670317,0.033,0.035,0.03386716,0.034,88332.68,BTC-24SEP27,0.4249,-0.13091,187.24426,17.2,1.3,0.0020000000000000018,BTC,83970.3,3624.93
2026-09-25T19:14:40.907418+00:00,BTC-25DEC26-54000-P,85068.82,BTC-25DEC26,put,54000.0,2026-12-25T08:00:00+00:00,0.24786165907996807,0.0032,0.0035,0.00336714,0.00335,85068.82,BTC-25DEC26,0.5227,-0.03055,29.24225,1868.3,0.3,0.0002999999999999999,BTC,83970.3,83.31
2026-09-25T19:14:40.907418+00:00,BTC-26MAR27-78000-P,86100.6,BTC-26MAR27,put,78000.0,2027-03-26T08:00:00+00:00,0.4970060807089893,0.0625,0.064,0.06327037,0.06325,86100.6,BTC-26MAR27,0.38789999999999997,-0.31018,214.11403,344.6,13.5,0.0015000000000000013,BTC,83970.48,74082.75
2026-09-25T19:14:40.907418+00:00,BTC-25DEC26-60000-P,85068.8,BTC-25DEC26,put,60000.0,2026-12-25T08:00:00+00:00,0.24786165907996807,0.0055,0.006,0.00567933,0.00575,85068.8,BTC-25DEC26,0.4669,-0.0533,45.93923,6265.2,1.1,0.0005000000000000004,BTC,83970.48,551.37
2026-09-25T19:14:40.907418+00:00,BTC-24SEP27-106000-P,88332.52,BTC-24SEP27,put,106000.0,2027-09-24T08:00:00+00:00,0.9952949239670317,0.287,0.2935,0.28934267,0.29025,88332.52,BTC-24SEP27,0.3942,-0.60593,338.96107,0.0,0.0,0.006500000000000006,BTC,83970.3,0.0
2026-09-25T19:14:40.907418+00:00,BTC-25DEC26-250000-P,85068.8,BTC-25DEC26,put,250000.0,2026-12-25T08:00:00+00:00,0.24786165907996807,1.929,1.951,1.93897258,1.94,85068.8,BTC-25DEC26,0.7056,-0.9981,2.56229,10.0,0.0,0.02200000000000002,BTC,83970.48,0.0
2026-09-25T19:14:40.907418+00:00,BTC-26MAR27-190000-P,86100.6,BTC-26MAR27,put,190000.0,2027-03-26T08:00:00+00:00,0.4970060807089893,1.1995,1.2255,1.20962675,1.2125,86100.6,BTC-26MAR27,0.5189,-0.97627,33.94351,0.9,0.0,0.026000000000000023,BTC,83970.48,0.0
2026-09-25T19:14:40.907418+00:00,BTC-25DEC26-160000-C,85068.8,BTC-25DEC26,call,160000.0,2026-12-25T08:00:00+00:00,0.24786165907996807,0.0008,0.0012,0.00098813,0.001,85068.8,BTC-25DEC26,0.5294,0.01168,12.91499,1280.8,0.0,0.00039999999999999986,BTC,83970.48,0.0
2026-09-25T19:14:40.907418+00:00,BTC-27NOV26-82000-C,84750.97,BTC-27NOV26,call,82000.0,2026-11-27T08:00:00+00:00,0.17120183704026923,0.0765,0.078,0.07739186,0.07725,84750.97,BTC-27NOV26,0.36829999999999996,0.61316,134.16898,151.8,80.0,0.0015000000000000013,BTC,83970.48,561472.82
2026-09-25T19:14:40.907418+00:00,BTC-25DEC26-88000-P,85068.8,BTC-25DEC26,put,88000.0,2026-12-25T08:00:00+00:00,0.24786165907996807,0.093,0.0945,0.09359653,0.09375,85068.8,BTC-25DEC26,0.3722,-0.53751,168.14081,142.1,2.8,0.0015000000000000013,BTC,83970.48,21761.46
2026-09-25T19:14:40.907418+00:00,BTC-29SEP26-85000-C,84079.41,BTC-29SEP26,call,85000.0,2026-09-29T08:00:00+00:00,0.009668640599475246,0.0044,0.0048,0.00462314,0.0046,84079.41,BTC-29SEP26,0.2298,0.30694,29.02146,2.8,2.8,0.0003999999999999993,BTC,83970.48,1271.09
2026-09-25T19:14:40.907418+00:00,BTC-2OCT26-82000-C,84114.33,BTC-2OCT26,call,82000.0,2026-10-02T08:00:00+00:00,0.017882192960871547,0.0305,0.0325,0.03157348,0.0315,84114.33,BTC-2OCT26,0.3028,0.73573,36.77047,1532.5,1.0,0.0020000000000000018,BTC,83970.48,3261.61
2026-09-25T19:14:40.907418+00:00,BTC-26MAR27-66000-C,86100.6,BTC-26MAR27,call,66000.0,2027-03-26T08:00:00+00:00,0.4970060807089893,0.2565,0.26,0.25831756,0.25825,86100.6,BTC-26MAR27,0.4131,0.85442,138.66783,23.9,0.0,0.003500000000000003,BTC,83970.48,0.0
2026-09-25T19:14:40.907418+00:00,BTC-25JUN27-62000-P,87234.76,BTC-25JUN27,put,62000.0,2027-06-25T08:00:00+00:00,0.7461505023380105,0.0285,0.03,0.0291205,0.02925,87234.76,BTC-25JUN27,0.425,-0.1332,162.04754,115.3,0.0,0.0014999999999999979,BTC,83970.48,0.0
2026-09-25T19:14:40.907418+00:00,BTC-24SEP27-118000-C,88332.52,BTC-24SEP27,call,118000.0,2027-09-24T08:00:00+00:00,0.9952949239670317,0.061,0.063,0.06222662,0.062,88332.52,BTC-24SEP27,0.3994,0.29833,305.50164,0.1,0.1,0.0020000000000000018,BTC,83970.48,501.52
2026-09-25T19:14:40.907418+00:00,BTC-26MAR27-200000-P,86100.6,BTC-26MAR27,put,200000.0,2027-03-26T08:00:00+00:00,0.4970060807089893,1.3125,1.342,1.32517767,1.32725,86100.6,BTC-26MAR27,0.5292,-0.98089,28.2644,1.0,0.0,0.02950000000000008,BTC,83970.65,0.0
2026-09-25T19:14:40.907418+00:00,BTC-26MAR27-45000-C,86100.6,BTC-26MAR27,call,45000.0,2027-03-26T08:00:00+00:00,0.4970060807089893,0.4805,0.4825,0.48198027,0.4815,86100.6,BTC-26MAR27,0.5335,0.97196,39.0266,4.8,0.0,0.0020000000000000018,BTC,83970.65,0.0
2026-09-25T19:14:40.907418+00:00,BTC-16OCT26-81000-P,84250.75,BTC-16OCT26,put,81000.0,2026-10-16T08:00:00+00:00,0.05621210398072097,0.015,0.016,0.01545713,0.0155,84250.75,BTC-16OCT26,0.3343,-0.29918,69.33491,0.0,0.0,0.0010000000000000009,BTC,83970.65,0.0
2026-09-25T19:14:40.907418+00:00,BTC-29SEP26-76000-P,84079.41,BTC-29SEP26,put,76000.0,2026-09-29T08:00:00+00:00,0.009668640599475246,0.0001,0.0003,0.00017159,0.0002,84079.41,BTC-29SEP26,0.4534,-0.01165,2.51534,0.0,0.0,0.00019999999999999998,BTC,83970.65,0.0
2026-09-25T19:14:40.907418+00:00,BTC-25DEC26-66000-P,85068.8,BTC-25DEC26,put,66000.0,2026-12-25T08:00:00+00:00,0.24786165907996807,0.01,0.011,0.01041035,0.0105,85068.8,BTC-25DEC26,0.42469999999999997,-0.09648,72.37128,417.7,0.1,0.0009999999999999992,BTC,83970.65,87.92
2026-09-25T19:14:40.907418+00:00,BTC-26MAR27-92000-P,86100.6,BTC-26MAR27,put,92000.0,2027-03-26T08:00:00+00:00,0.4970060807089893,0.1475,0.1495,0.14834716,0.1485,86100.6,BTC-26MAR27,0.3818,-0.54546,240.48759,5.6,2.8,0.0020000000000000018,BTC,83970.63,34388.92
2026-09-25T19:14:40.907418+00:00,BTC-27NOV26-64000-P,84750.97,BTC-27NOV26,put,64000.0,2026-11-27T08:00:00+00:00,0.17120183704026923,0.0045,0.0049,0.00467282,0.0047,84750.97,BTC-27NOV26,0.4506,-0.05538,39.20354,40.0,0.5,0.0004000000000000002,BTC,83970.63,181.87
2026-09-25T19:14:40.907418+00:00,BTC-25DEC26-35000-C,85068.8,BTC-25DEC26,call,35000.0,2026-12-25T08:00:00+00:00,0.24786165907996807,0.588,0.59,0.58953086,0.589,85068.8,BTC-25DEC26,0.7829,0.99323,8.0046,87.8,0.0,0.0020000000000000018,BTC,83970.63,0.0
2026-09-25T19:14:40.907418+00:00,BTC-27NOV26-89000-P,84750.97,BTC-27NOV26,put,89000.0,2026-11-27T08:00:00+00:00,0.17120183704026923,0.0895,0.091,0.09013683,0.09025,84750.97,BTC-27NOV26,0.36590000000000006,-0.59959,135.45288,13.9,6.4,0.0015000000000000013,BTC,83970.63,47708.1
2026-09-25T19:14:40.907418+00:00,BTC-25DEC26-150000-C,85068.8,BTC-25DEC26,call,150000.0,2026-12-25T08:00:00+00:00,0.24786165907996807,0.0011,0.0015,0.00129478,0.0013,85068.8,BTC-25DEC26,0.5005,0.01562,16.5998,1710.3,0.1,0.00039999999999999996,BTC,83970.63,10.13
2026-09-25T19:14:40.907418+00:00,BTC-24SEP27-88000-P,88332.52,BTC-24SEP27,put,88000.0,2027-09-24T08:00:00+00:00,0.9952949239670317,0.152,0.1555,0.15355213,0.15375,88332.52,BTC-24SEP27,0.3936,-0.41912,344.17591,0.5,0.5,0.003500000000000003,BTC,83970.63,6431.36
2026-09-25T19:14:40.907418+00:00,BTC-26SEP26-86500-C,84024.91,BTC-26SEP26,call,86500.0,2026-09-26T08:00:00+00:00,0.0014550882380789413,,0.0001,0.00015807,,84024.91,BTC-26SEP26,0.3951,0.0233,1.76212,248.9,273.6,,BTC,83970.63,16007.41
2026-09-25T19:14:40.907418+00:00,BTC-30OCT26-58000-P,84409.3,BTC-30OCT26,put,58000.0,2026-10-30T08:00:00+00:00,0.09454201500057038,0.0008,0.001,0.0008829,0.0009,84409.3,BTC-30OCT26,0.5743,-0.01362,9.0433,336.2,0.0,0.00019999999999999998,BTC,83970.63,0.0
2026-09-25T19:14:40.907418+00:00,BTC-25JUN27-190000-C,87234.83,BTC-25JUN27,call,190000.0,2027-06-25T08:00:00+00:00,0.7461505023380105,0.0065,0.0075,0.00702002,0.007,87234.83,BTC-25JUN27,0.4794,0.04709,74.05038,67.0,0.1,0.001,BTC,83971.07,54.78
2026-09-25T19:14:40.907418+00:00,BTC-26MAR27-58000-P,86100.6,BTC-26MAR27,put,58000.0,2027-03-26T08:00:00+00:00,0.4970060807089893,0.0125,0.0135,0.01292078,0.013,86100.6,BTC-26MAR27,0.4473,-0.07963,89.888,137.8,0.0,0.0009999999999999992,BTC,83971.07,0.0
2026-09-25T19:14:40.907418+00:00,BTC-26SEP26-87000-P,84024.91,BTC-26SEP26,put,87000.0,2026-09-26T08:00:00+00:00,0.0014550882380789413,0.033,0.0375,0.03550725,0.03525,84024.91,BTC-26SEP26,0.4296,-0.98479,1.2261,1.4,0.0,0.004499999999999997,BTC,83971.07,0.0
2026-09-25T19:14:40.907418+00:00,BTC-25JUN27-100000-C,87234.83,BTC-25JUN27,call,100000.0,2027-06-25T08:00:00+00:00,0.7461505023380105,0.081,0.083,0.08185291,0.082,87234.83,BTC-25JUN27,0.3898,0.40552,292.03984,203.8,39.6,0.0020000000000000018,BTC,83971.07,276733.94
2026-09-25T19:14:40.907418+00:00,BTC-27NOV26-72000-P,84750.95,BTC-27NOV26,put,72000.0,2026-11-27T08:00:00+00:00,0.17120183704026923,0.012,0.013,0.01247477,0.0125,84750.95,BTC-27NOV26,0.3937,-0.14063,78.25304,81.5,5.6,0.0009999999999999992,BTC,83971.24,6106.24
2026-09-25T19:14:40.907418+00:00,BTC-25DEC26-66000-C,85068.8,BTC-25DEC26,call,66000.0,2026-12-25T08:00:00+00:00,0.24786165907996807,0.233,0.236,0.23456874,0.2345,85068.8,BTC-25DEC26,0.42469999999999997,0.90353,72.36838,279.7,0.2,0.002999999999999975,BTC,83971.24,3817.56
2026-09-25T19:14:40.907418+00:00,BTC-25DEC26-102000-C,85068.8,BTC-25DEC26,call,102000.0,2026-12-25T08:00:00+00:00,0.24786165907996807,0.018,0.019,0.01866972,0.0185,85068.8,BTC-25DEC26,0.38049999999999995,0.19285,115.93226,503.8,1.1,0.0010000000000000009,BTC,83971.24,1725.89
2026-09-25T19:14:40.907418+00:00,BTC-27NOV26-66000-P,84750.97,BTC-27NOV26,put,66000.0,2026-11-27T08:00:00+00:00,0.17120183704026923,0.0055,0.0065,0.00592785,0.006,84750.97,BTC-27NOV26,0.43450000000000005,-0.07005,47.08573,162.4,0.0,0.001,BTC,83971.24,0.0
2026-09-25T19:14:40.907418+00:00,BTC-29SEP26-91000-C,84079.41,BTC-29SEP26,call,91000.0,2026-09-29T08:00:00+00:00,0.009668640599475246,0.0001,0.0003,0.00019471,0.0002,84079.41,BTC-29SEP26,0.36869999999999997,0.01437,3.0155,0.1,0.1,0.00019999999999999998,BTC,83971.24,1.68
2026-09-25T19:14:40.907418+00:00,BTC-27NOV26-112000-P,84750.97,BTC-27NOV26,put,112000.0,2026-11-27T08:00:00+00:00,0.17120183704026923,0.323,0.3285,0.32545773,0.32575,84750.97,BTC-27NOV26,0.40700000000000003,-0.94247,40.40028,0.0,0.0,0.005500000000000005,BTC,83971.24,0.0
2026-09-25T19:14:40.907418+00:00,BTC-30OCT26-85000-P,84409.3,BTC-30OCT26,put,85000.0,2026-10-30T08:00:00+00:00,0.09454201500057038,0.045,0.0465,0.04554391,0.04575,84409.3,BTC-30OCT26,0.34090000000000004,-0.50839,103.47582,617.2,108.8,0.0015000000000000013,BTC,83971.24,389039.38
2026-09-25T19:14:40.907418+00:00,BTC-27NOV26-58000-P,84750.95,BTC-27NOV26,put,58000.0,2026-11-27T08:00:00+00:00,0.17120183704026923,0.0023,0.0027,0.00246972,0.0025,84750.95,BTC-27NOV26,0.5088,-0.02857,22.90296,55.5,12.2,0.0004000000000000002,BTC,83970.88,2548.8
2026-09-25T19:14:40.907418+00:00,BTC-26MAR27-80000-P,86100.6,BTC-26MAR27,put,80000.0,2027-03-26T08:00:00+00:00,0.4970060807089893,0.072,0.0735,0.07273381,0.07275,86100.6,BTC-26MAR27,0.3859,-0.34331,223.14178,227.0,1.1,0.0015000000000000013,BTC,83970.88,6821.73
2026-09-25T19:14:40.907418+00:00,BTC-27SEP26-88000-C,84043.53,BTC-27SEP26,call,88000.0,2026-09-27T08:00:00+00:00,0.004192939025211043,,0.0002,0.00014649,,84043.53,BTC-27SEP26,0.3387,0.01692,2.28275,173.9,87.1,,BTC,83970.88,2315.19
2026-09-25T19:14:40.907418+00:00,BTC-28SEP26-86500-C,84061.62,BTC-28SEP26,call,86500.0,2026-09-28T08:00:00+00:00,0.006930789812343145,0.0004,0.0006,0.00050732,0.0005,84061.62,BTC-28SEP26,0.22329999999999997,0.0573,8.03501,60.3,60.6,0.00019999999999999993,BTC,83970.88,6340.23
2026-09-25T19:14:40.907418+00:00,BTC-25JUN27-180000-P,87234.76,BTC-25JUN27,put,180000.0,2027-06-25T08:00:00+00:00,0.7461505023380105,1.0575,1.0935,1.07165476,1.0755,87234.76,BTC-25JUN27,0.4672,-0.94459,84.28537,0.0,0.0,0.03599999999999981,BTC,83970.88,0.0
2026-09-25T19:14:40.907418+00:00,BTC-30OCT26-75000-P,84409.3,BTC-30OCT26,put,75000.0,2026-10-30T08:00:00+00:00,0.09454201500057038,0.0075,0.0085,0.00813094,0.008,84409.3,BTC-30OCT26,0.3676,-0.13668,56.80566,881.5,150.7,0.0010000000000000009,BTC,83970.88,108056.06
2026-09-25T19:14:40.907418+00:00,BTC-27SEP26-88500-P,84043.53,BTC-27SEP26,put,88500.0,2026-09-27T08:00:00+00:00,0.004192939025211043,0.051,0.0555,0.05316679,0.05325,84043.53,BTC-27SEP26,0.37229999999999996,-0.98476,2.08727,0.0,0.0,0.004500000000000004,BTC,83970.44,0.0
2026-09-25T19:14:40.907418+00:00,BTC-30OCT26-92000-C,84409.3,BTC-30OCT26,call,92000.0,2026-10-30T08:00:00+00:00,0.09454201500057038,0.0125,0.0135,0.01293316,0.013,84409.3,BTC-30OCT26,0.34380000000000005,0.22123,77.06176,1702.3,80.8,0.0009999999999999992,BTC,83970.44,100789.68
2026-09-25T19:14:40.907418+00:00,BTC-25JUN27-52000-C,87234.76,BTC-25JUN27,call,52000.0,2027-06-25T08:00:00+00:00,0.7461505023380105,0.415,0.4195,0.41808695,0.41725,87234.76,BTC-25JUN27,0.4639,0.93176,99.16737,1.1,0.0,0.004500000000000004,BTC,83970.44,0.0
2026-09-25T19:14:40.907418+00:00,BTC-26MAR27-112000-C,86100.6,BTC-26MAR27,call,112000.0,2027-03-26T08:00:00+00:00,0.4970060807089893,0.028,0.0295,0.02889133,0.02875,86100.6,BTC-26MAR27,0.3933,0.20829,174.02674,99.2,9.4,0.0014999999999999979,BTC,83970.44,22578.91
2026-09-25T19:14:40.907418+00:00,BTC-30OCT26-89000-P,84409.3,BTC-30OCT26,put,89000.0,2026-10-30T08:00:00+00:00,0.09454201500057038,0.0745,0.0775,0.07554641,0.076,84409.3,BTC-30OCT26,0.34130000000000005,-0.67695,93.14135,11.2,0.1,0.0030000000000000027,BTC,83970.44,680.24
2026-09-25T19:14:40.907418+00:00,BTC-9OCT26-68000-C,84184.76,BTC-9OCT26,call,68000.0,2026-10-09T08:00:00+00:00,0.03704714847079626,0.191,0.1945,0.19273451,0.19275,84184.76,BTC-9OCT26,0.5129,0.98619,5.71048,0.9,0.0,0.003500000000000003,BTC,83970.44,0.0
2026-09-25T19:14:40.907418+00:00,BTC-29SEP26-82500-P,84079.41,BTC-29SEP26,put,82500.0,2026-09-29T08:00:00+00:00,0.009668640599475246,0.0025,0.0028,0.00264852,0.00265,84079.41,BTC-29SEP26,0.2348,-0.21156,23.91501,8.7,8.8,0.0002999999999999999,BTC,83970.44,2988.07
2026-09-25T19:14:40.907418+00:00,BTC-26SEP26-85000-P,84024.91,BTC-26SEP26,put,85000.0,2026-09-26T08:00:00+00:00,0.0014550882380789413,0.0105,0.0135,0.01190601,0.012,84024.91,BTC-26SEP26,0.2157,-0.93266,4.1688,11.9,5.5,0.002999999999999999,BTC,83970.44,5297.95
2026-09-25T19:14:40.907418+00:00,BTC-30OCT26-65000-C,84409.3,BTC-30OCT26,call,65000.0,2026-10-30T08:00:00+00:00,0.09454201500057038,0.23,0.2335,0.23166891,0.23175,84409.3,BTC-30OCT26,0.4677,0.97013,17.5889,430.4,0.0,0.003500000000000003,BTC,83970.44,0.0
2026-09-25T19:14:40.907418+00:00,BTC-16OCT26-87000-C,84250.91,BTC-16OCT26,call,87000.0,2026-10-16T08:00:00+00:00,0.05621210398072097,0.0175,0.018,0.01782144,0.01775,84250.91,BTC-16OCT26,0.3275,0.35029,73.97661,109.2,107.6,0.000499999999999997,BTC,83970.44,167357.72
2026-09-25T19:14:40.907418+00:00,BTC-9OCT26-76000-C,84184.76,BTC-9OCT26,call,76000.0,2026-10-09T08:00:00+00:00,0.03704714847079626,0.098,0.1015,0.09958405,0.09975,84184.76,BTC-9OCT26,0.3726,0.92652,22.56899,50.1,0.0,0.003500000000000003,BTC,83970.44,0.0
2026-09-25T19:14:40.907418+00:00,BTC-27SEP26-78000-P,84043.53,BTC-27SEP26,put,78000.0,2026-09-27T08:00:00+00:00,0.004192939025211043,,0.0001,5.559e-05,,84043.53,BTC-27SEP26,0.45899999999999996,-0.00621,0.95272,77.1,75.4,,BTC,83970.44,2804.32
2026-09-25T19:14:40.907418+00:00,BTC-28SEP26-84000-P,84061.62,BTC-28SEP26,put,84000.0,2026-09-28T08:00:00+00:00,0.006930789812343145,0.0047,0.0055,0.00513367,0.0051,84061.62,BTC-28SEP26,0.1655,-0.4979,27.89817,226.0,52.1,0.0007999999999999995,BTC,83970.44,30420.49
2026-09-25T19:14:40.907418+00:00,BTC-26SEP26-84000-C,84024.93,BTC-26SEP26,call,84000.0,2026-09-26T08:00:00+00:00,0.0014550882380789413,0.0021,0.0028,0.00238547,0.00245,84024.93,BTC-26SEP26,0.14679999999999999,0.46706,12.71847,236.5,402.4,0.0007000000000000001,BTC,83970.32,269588.44
2026-09-25T19:14:40.907418+00:00,BTC-25DEC26-76000-C,85068.8,BTC-25DEC26,call,76000.0,2026-12-25T08:00:00+00:00,0.24786165907996807,0.136,0.139,0.1377486,0.1375,85068.8,BTC-25DEC26,0.38530000000000003,0.75175,134.02578,480.6,0.0,0.0030000000000000027,BTC,83970.32,0.0
2026-09-25T19:14:40.907418+00:00,BTC-25JUN27-86000-P,87234.76,BTC-25JUN27,put,86000.0,2027-06-25T08:00:00+00:00,0.7461505023380105,0.125,0.1275,0.12580508,0.12625,87234.76,BTC-25JUN27,0.3897,-0.41738,294.0373,2.9,0.1,0.0025000000000000022,BTC,83970.32,1041.61
2026-09-25T19:14:40.907418+00:00,BTC-26SEP26-86000-C,84024.93,BTC-26SEP26,call,86000.0,2026-09-26T08:00:00+00:00,0.0014550882380789413,,0.0002,0.00017709,,84024.93,BTC-26SEP26,0.33520000000000005,0.03053,2.20863,781.1,829.6,,BTC,83970.32,83399.6
2026-09-25T19:14:40.907418+00:00,BTC-2OCT26-87000-P,84114.33,BTC-2OCT26,put,87000.0,2026-10-02T08:00:00+00:00,0.017882192960871547,0.037,0.0405,0.0388016,0.03875,84114.33,BTC-2OCT26,0.2982,-0.80109,31.36993,12.0,3.9,0.003500000000000003,BTC,83970.32,14173.03
2026-09-25T19:14:40.907418+00:00,BTC-25JUN27-92000-P,87234.76,BTC-25JUN27,put,92000.0,2027-06-25T08:00:00+00:00,0.7461505023380105,0.165,0.168,0.16601255,0.1665,87234.76,BTC-25JUN27,0.3887,-0.49706,300.49715,0.3,0.0,0.0030000000000000027,BTC,83970.32,0.0
2026-09-25T19:14:40.907418+00:00,BTC-27NOV26-70000-P,84750.97,BTC-27NOV26,put,70000.0,2026-11-27T08:00:00+00:00,0.17120183704026923,0.0095,0.01,0.00965304,0.00975,84750.97,BTC-27NOV26,0.40549999999999997,-0.11158,66.58295,225.5,1.6,0.0005000000000000004,BTC,83970.36,1306.06
2026-09-25T19:14:40.907418+00:00,BTC-27NOV26-76000-C,84750.97,BTC-27NOV26,call,76000.0,2026-11-27T08:00:00+00:00,0.17120183704026923,0.123,0.1265,0.12456233,0.12475,84750.97,BTC-27NOV26,0.3784,0.77897,104.06171,27.2,0.0,0.003500000000000003,BTC,83970.36,0.0
2026-09-25T19:14:40.907418+00:00,BTC-24SEP27-220000-C,88332.68,BTC-24SEP27,call,220000.0,2027-09-24T08:00:00+00:00,0.9952949239670317,0.0075,0.009,0.00826044,0.00825,88332.68,BTC-24SEP27,0.4819,0.04859,88.80138,12.7,8.0,0.0014999999999999996,BTC,83970.36,5604.63
2026-09-25T19:14:40.907418+00:00,BTC-25DEC26-88000-C,85068.8,BTC-25DEC26,call,88000.0,2026-12-25T08:00:00+00:00,0.24786165907996807,0.0585,0.0595,0.05914106,0.059,85068.8,BTC-25DEC26,0.3722,0.46248,168.1405,3838.5,3.1,0.000999999999999994,BTC,83970.36,15361.53
2026-09-25T19:14:40.907418+00:00,BTC-30OCT26-72000-C,84409.3,BTC-30OCT26,call,72000.0,2026-10-30T08:00:00+00:00,0.09454201500057038,0.1505,0.1535,0.15177361,0.152,84409.3,BTC-30OCT26,0.3898,0.91628,39.91105,993.2,3.0,0.0030000000000000027,BTC,83970.36,38080.82
2026-09-25T19:14:40.907418+00:00,BTC-28SEP26-75000-P,84061.55,BTC-28SEP26,put,75000.0,2026-09-28T08:00:00+00:00,0.006930789812343145,,0.0001,7.506e-05,,84061.55,BTC-28SEP26,0.5393,-0.00545,1.09148,16.2,1.2,,BTC,83970.36,11.85
2026-09-25T19:14:40.907418+00:00,BTC-25JUN27-56000-P,87234.76,BTC-25JUN27,put,56000.0,2027-06-25T08:00:00+00:00,0.7461505023380105,0.0185,0.0195,0.01891197,0.019,87234.76,BTC-25JUN27,0.4458,-0.08993,122.25413,85.3,0.0,0.0010000000000000009,BTC,83970.74,0.0
2026-09-25T19:14:40.907418+00:00,BTC-26MAR27-105000-P,86100.6,BTC-26MAR27,put,105000.0,2027-03-26T08:00:00+00:00,0.4970060807089893,0.258,0.263,0.26045837,0.2605,86100.6,BTC-26MAR27,0.3872,-0.72332,203.06735,2.4,0.0,0.0050000000000000044,BTC,83970.74,0.0
2026-09-25T19:14:40.907418+00:00,BTC-30OCT26-63000-C,84409.32,BTC-30OCT26,call,63000.0,2026-10-30T08:00:00+00:00,0.09454201500057038,0.2535,0.2565,0.25505381,0.255,84409.32,BTC-30OCT26,0.4976,0.9764,14.44448,148.3,9.0,0.0030000000000000027,BTC,83970.74,194393.0
2026-09-25T19:14:40.907418+00:00,BTC-30OCT26-73000-P,84409.3,BTC-30OCT26,put,73000.0,2026-10-30T08:00:00+00:00,0.09454201500057038,0.0055,0.006,0.00566681,0.00575,84409.3,BTC-30OCT26,0.38170000000000004,-0.09872,45.10373,473.8,102.3,0.0005000000000000004,BTC,83970.74,55615.38
2026-09-25T19:14:40.907418+00:00,BTC-30OCT26-93000-P,84409.3,BTC-30OCT26,put,93000.0,2026-10-30T08:00:00+00:00,0.09454201500057038,0.1105,0.115,0.11271146,0.11275,84409.3,BTC-30OCT26,0.3454,-0.80666,71.15529,1.0,0.0,0.004500000000000004,BTC,83970.74,0.0
2026-09-25T19:14:40.907418+00:00,BTC-30OCT26-56000-P,84409.3,BTC-30OCT26,put,56000.0,2026-10-30T08:00:00+00:00,0.09454201500057038,0.0006,0.0008,0.0006878,0.0007,84409.3,BTC-30OCT26,0.6004,-0.01045,7.18346,468.8,1.2,0.0002000000000000001,BTC,83970.74,86.21
2026-09-25T19:14:40.907418+00:00,BTC-24SEP27-130000-P,88332.52,BTC-24SEP27,put,130000.0,2027-09-24T08:00:00+00:00,0.9952949239670317,0.513,0.5245,0.5163499,0.51875,88332.52,BTC-24SEP27,0.4077,-0.77285,265.61302,4.0,4.0,0.011499999999999955,BTC,83970.74,174271.16
2026-09-25T19:14:40.907418+00:00,BTC-2OCT26-78000-C,84114.33,BTC-2OCT26,call,78000.0,2026-10-02T08:00:00+00:00,0.017882192960871547,0.072,0.0755,0.07387107,0.07375,84114.33,BTC-2OCT26,0.361,0.94183,13.07028,303.5,1.8,0.003500000000000003,BTC,83970.74,11960.91
2026-09-25T19:14:40.907418+00:00,BTC-30OCT26-115000-C,84409.3,BTC-30OCT26,call,115000.0,2026-10-30T08:00:00+00:00,0.09454201500057038,0.0006,0.0008,0.00070589,0.0007,84409.3,BTC-30OCT26,0.4493,0.01482,9.72575,36.9,1.3,0.0002000000000000001,BTC,83971.21,79.4
2026-09-25T19:14:40.907418+00:00,BTC-27NOV26-69000-C,84750.97,BTC-27NOV26,call,69000.0,2026-11-27T08:00:00+00:00,0.17120183704026923,0.193,0.196,0.19425708,0.1945,84750.97,BTC-27NOV26,0.4105,0.90145,60.85965,0.0,0.0,0.0030000000000000027,BTC,83971.21,0.0
2026-09-25T19:14:40.907418+00:00,BTC-25DEC26-85000-C,85068.82,BTC-25DEC26,call,85000.0,2026-12-25T08:00:00+00:00,0.24786165907996807,0.0735,0.075,0.0743882,0.07425,85068.82,BTC-25DEC26,0.373,0.53712,168.1572,3089.3,77.8,0.0015000000000000013,BTC,83971.21,489483.17
2026-09-25T19:14:40.907418+00:00,BTC-25DEC26-98000-P,85068.8,BTC-25DEC26,put,98000.0,2026-12-25T08:00:00+00:00,0.24786165907996807,0.176,0.1805,0.17818315,0.17825,85068.8,BTC-25DEC26,0.37689999999999996,-0.74641,135.57499,2.1,0.0,0.004500000000000004,BTC,83989.74,0.0
2026-09-25T19:14:40.907418+00:00,BTC-16OCT26-100000-C,84250.91,BTC-16OCT26,call,100000.0,2026-10-16T08:00:00+00:00,0.05621210398072097,0.0009,0.0011,0.00106453,0.001,84250.91,BTC-16OCT26,0.3791,0.0307,13.84866,13.4,11.4,0.0002000000000000001,BTC,83971.21,991.01
2026-09-25T19:14:40.907418+00:00,BTC-25DEC26-78000-C,85068.8,BTC-25DEC26,call,78000.0,2026-12-25T08:00:00+00:00,0.24786165907996807,0.1195,0.123,0.12139299,0.12125,85068.8,BTC-25DEC26,0.3809,0.70859,145.27355,1087.4,0.3,0.003500000000000003,BTC,83989.74,3044.43
2026-09-25T19:14:40.907418+00:00,BTC-16OCT26-90000-C,84250.68,BTC-16OCT26,call,90000.0,2026-10-16T08:00:00+00:00,0.05621210398072097,0.0085,0.0095,0.00914342,0.009,84250.68,BTC-16OCT26,0.3321,0.20928,57.4264,55.9,32.0,0.0009999999999999992,BTC,83971.21,25233.89
2026-09-25T19:14:40.907418+00:00,BTC-27SEP26-84000-P,84043.53,BTC-27SEP26,put,84000.0,2026-09-27T08:00:00+00:00,0.004192939025211043,0.0026,0.0032,0.00294725,0.0029,84043.53,BTC-27SEP26,0.12390000000000001,-0.4991,21.69511,75.2,60.6,0.0006000000000000003,BTC,83989.74,27333.63
2026-09-25T19:14:40.907418+00:00,BTC-29SEP26-84000-P,84079.41,BTC-29SEP26,put,84000.0,2026-09-29T08:00:00+00:00,0.009668640599475246,0.008,0.009,0.00849362,0.0085,84079.41,BTC-29SEP26,0.2284,-0.48828,32.95424,28.2,28.3,0.0009999999999999992,BTC,83989.74,28169.0
2026-09-25T19:14:40.907418+00:00,BTC-27NOV26-115000-C,84750.97,BTC-27NOV26,call,115000.0,2026-11-27T08:00:00+00:00,0.17120183704026923,0.0029,0.0033,0.00312682,0.0031,84750.97,BTC-27NOV26,0.4177,0.04623,33.96193,35.6,2.1,0.0004000000000000002,BTC,84001.33,535.91
2026-09-25T19:14:40.907418+00:00,BTC-9OCT26-77000-P,84184.78,BTC-9OCT26,put,77000.0,2026-10-09T08:00:00+00:00,0.03704714847079626,0.0029,0.0033,0.00308663,0.0031,84184.78,BTC-9OCT26,0.35950000000000004,-0.09376,27.1207,158.7,3.1,0.0004000000000000002,BTC,84001.33,1045.69
2026-09-25T19:14:40.907418+00:00,BTC-26MAR27-75000-P,86100.6,BTC-26MAR27,put,75000.0,2027-03-26T08:00:00+00:00,0.4970060807089893,0.0505,0.0515,0.05082678,0.051,86100.6,BTC-26MAR27,0.39189999999999997,-0.26231,197.78074,16.6,0.1,0.000999999999999994,BTC,84001.33,430.52
2026-09-25T19:14:40.907418+00:00,ETH-28SEP26-2900-C,2693.76,ETH-28SEP26,call,2900.0,2026-09-28T08:00:00+00:00,0.006930789812343145,0.0001,0.0002,0.000151,0.00015,2693.76,ETH-28SEP26,0.3969,0.01366,0.07838,128.0,128.0,0.0001,ETH,2694.19,387.05
2026-09-25T19:14:40.907418+00:00,ETH-24SEP27-3700-C,2809.25,ETH-24SEP27,call,3700.0,2027-09-24T08:00:00+00:00,0.9952949239670317,0.124,0.1275,0.12578,0.12575,2809.25,ETH-24SEP27,0.56,0.41575,10.93765,0.0,0.0,0.003500000000000003,ETH,2694.19,0.0
2026-09-25T19:14:40.907418+00:00,ETH-25JUN27-2100-C,2778.81,ETH-25JUN27,call,2100.0,2027-06-25T08:00:00+00:00,0.7461505023380105,0.315,0.3195,0.316532,0.31725,2778.81,ETH-25JUN27,0.5600999999999999,0.79425,6.8389,142.0,0.0,0.004500000000000004,ETH,2694.19,0.0
2026-09-25T19:14:40.907418+00:00,ETH-26SEP26-3100-C,2693.02,ETH-26SEP26,call,3100.0,2026-09-26T08:00:00+00:00,0.0014550882380789413,,0.0001,0.0,,2693.02,ETH-26SEP26,0.9389,5e-05,0.0002,410.0,150.0,,ETH,2694.19,40.53
2026-09-25T19:14:40.907418+00:00,ETH-30OCT26-2650-P,2702.23,ETH-30OCT26,put,2650.0,2026-10-30T08:00:00+00:00,0.09454201500057038,0.0475,0.0485,0.048207,0.048,2702.23,ETH-30OCT26,0.4718,-0.4174,3.24514,1867.0,30.0,0.0010000000000000009,ETH,2694.19,4040.42
2026-09-25T19:14:40.907418+00:00,ETH-27SEP26-2640-C,2693.66,ETH-27SEP26,call,2640.0,2026-09-27T08:00:00+00:00,0.004192939025211043,0.0175,0.024,0.020517,0.02075,2693.66,ETH-27SEP26,0.24170000000000003,0.90522,0.29433,400.0,23.0,0.006499999999999999,ETH,2694.19,1299.11
2026-09-25T19:14:40.907418+00:00,ETH-26SEP26-2740-C,2692.88,ETH-26SEP26,call,2740.0,2026-09-26T08:00:00+00:00,0.0014550882380789413,0.0003,0.0005,0.000354,0.0004,2692.88,ETH-26SEP26,0.3072,0.07534,0.14581,1712.0,1828.0,0.00020000000000000004,ETH,2694.19,12450.81
2026-09-25T19:14:40.907418+00:00,ETH-25DEC26-3800-C,2720.45,ETH-25DEC26,call,3800.0,2026-12-25T08:00:00+00:00,0.24786165907996807,0.017,0.018,0.017623,0.0175,2720.45,ETH-25DEC26,0.5529,0.14121,3.0341,5869.0,115.0,0.0009999999999999974,ETH,2694.19,5780.8
2026-09-25T19:14:40.907418+00:00,ETH-24SEP27-2100-C,2809.51,ETH-24SEP27,call,2100.0,2027-09-24T08:00:00+00:00,0.9952949239670317,0.336,0.3515,0.344518,0.34375,2809.51,ETH-24SEP27,0.5648,0.78777,8.13302,1.0,1.0,0.015499999999999958,ETH,2694.19,928.75
2026-09-25T19:14:40.907418+00:00,ETH-26MAR27-2400-C,2748.23,ETH-26MAR27,call,2400.0,2027-03-26T08:00:00+00:00,0.4970060807089893,0.213,0.2165,0.214351,0.21475,2748.23,ETH-26MAR27,0.5438000000000001,0.70739,6.66394,2362.0,0.0,0.003500000000000003,ETH,2694.21,0.0
2026-09-25T19:14:40.907418+00:00,ETH-27SEP26-2460-C,2693.66,ETH-27SEP26,call,2460.0,2026-09-27T08:00:00+00:00,0.004192939025211043,0.084,0.09,0.086666,0.087,2693.66,ETH-27SEP26,0.5475,0.99515,0.02456,0.0,0.0,0.0059999999999999915,ETH,2694.21,0.0
2026-09-25T19:14:40.907418+00:00,ETH-27NOV26-2550-P,2711.31,ETH-27NOV26,put,2550.0,2026-11-27T08:00:00+00:00,0.17120183704026923,0.055,0.056,0.055687,0.0555,2711.31,ETH-27NOV26,0.5125,-0.34583,4.13959,312.0,0.0,0.0010000000000000009,ETH,2694.21,0.0
2026-09-25T19:14:40.907418+00:00,ETH-24SEP27-3400-C,2809.51,ETH-24SEP27,call,3400.0,2027-09-24T08:00:00+00:00,0.9952949239670317,0.149,0.1525,0.1507,0.15075,2809.51,ETH-24SEP27,0.5575,0.4744,11.16584,0.0,0.0,0.003500000000000003,ETH,2694.21,0.0
2026-09-25T19:14:40.907418+00:00,ETH-28SEP26-2520-P,2694.02,ETH-28SEP26,put,2520.0,2026-09-28T08:00:00+00:00,0.006930789812343145,0.0002,0.0004,0.000297,0.0003,2694.02,ETH-28SEP26,0.40490000000000004,-0.02243,0.11967,231.0,131.0,0.0002,ETH,2694.21,219.63
2026-09-25T19:14:40.907418+00:00,ETH-25DEC26-2500-P,2720.45,ETH-25DEC26,put,2500.0,2026-12-25T08:00:00+00:00,0.24786165907996807,0.063,0.0645,0.06374,0.06375,2720.45,ETH-25DEC26,0.5209,-0.32398,4.87145,3141.0,0.0,0.0015000000000000013,ETH,2694.21,0.0
2026-09-25T19:14:40.907418+00:00,ETH-28SEP26-2480-C,2694.02,ETH-28SEP26,call,2480.0,2026-09-28T08:00:00+00:00,0.006930789812343145,0.077,0.083,0.07943,0.08,2694.02,ETH-28SEP26,0.4587,0.98589,0.08058,0.0,0.0,0.006000000000000005,ETH,2694.23,0.0
2026-09-25T19:14:40.907418+00:00,ETH-2OCT26-2300-P,2694.45,ETH-2OCT26,put,2300.0,2026-10-02T08:00:00+00:00,0.017882192960871547,0.0006,0.0008,0.000693,0.0007,2694.45,ETH-2OCT26,0.6018,-0.02213,0.19016,2573.0,192.0,0.0002000000000000001,ETH,2694.21,482.96
2026-09-25T19:14:40.907418+00:00,ETH-2OCT26-2700-C,2694.45,ETH-2OCT26,call,2700.0,2026-10-02T08:00:00+00:00,0.017882192960871547,0.0185,0.02,0.019308,0.01925,2694.45,ETH-2OCT26,0.3809,0.49719,1.4383,3120.0,1211.0,0.0015000000000000013,ETH,2694.21,71938.93
2026-09-25T19:14:40.907418+00:00,ETH-26MAR27-4600-P,2748.23,ETH-26MAR27,put,4600.0,2027-03-26T08:00:00+00:00,0.4970060807089893,0.686,0.712,0.699682,0.699,2748.23,ETH-26MAR27,0.5778,-0.85535,4.41154,0.0,0.0,0.025999999999999912,ETH,2694.23,0.0
2026-09-25T19:14:40.907418+00:00,ETH-26MAR27-3700-P,2748.23,ETH-26MAR27,put,3700.0,2027-03-26T08:00:00+00:00,0.4970060807089893,0.399,0.4085,0.403826,0.40375,2748.23,ETH-26MAR27,0.5522,-0.71503,6.58149,0.0,0.0,0.009499999999999953,ETH,2694.23,0.0
2026-09-25T19:14:40.907418+00:00,ETH-27SEP26-2520-P,2693.66,ETH-27SEP26,put,2520.0,2026-09-27T08:00:00+00:00,0.004192939025211043,,0.0002,0.000137,,2693.66,ETH-27SEP26,0.4643,-0.01248,0.05638,342.0,300.0,,ETH,2694.23,80.79
2026-09-25T19:14:40.907418+00:00,ETH-25DEC26-1700-C,2720.45,ETH-25DEC26,call,1700.0,2026-12-25T08:00:00+00:00,0.24786165907996807,0.381,0.384,0.382496,0.3825,2720.45,ETH-25DEC26,0.6349,0.95012,1.39512,365.0,0.0,0.0030000000000000027,ETH,2694.22,0.0
2026-09-25T19:14:40.907418+00:00,ETH-9OCT26-2350-C,2696.23,ETH-9OCT26,call,2350.0,2026-10-09T08:00:00+00:00,0.03704714847079626,0.13,0.1335,0.131721,0.13175,2696.23,ETH-9OCT26,0.5121,0.92609,0.72697,0.0,0.0,0.003500000000000003,ETH,2694.22,0.0
2026-09-25T19:14:40.907418+00:00,ETH-29SEP26-2680-P,2694.39,ETH-29SEP26,put,2680.0,2026-09-29T08:00:00+00:00,0.009668640599475246,0.009,0.01,0.009491,0.0095,2694.39,ETH-29SEP26,0.3034,-0.41899,1.03551,282.0,282.0,0.0010000000000000009,ETH,2694.23,8185.63
2026-09-25T19:14:40.907418+00:00,ETH-24SEP27-2700-C,2809.51,ETH-24SEP27,call,2700.0,2027-09-24T08:00:00+00:00,0.9952949239670317,0.23,0.236,0.234066,0.233,2809.51,ETH-24SEP27,0.5555,0.63661,10.52636,10.0,0.0,0.005999999999999978,ETH,2694.22,0.0
2026-09-25T19:14:40.907418+00:00,ETH-30OCT26-4400-P,2702.23,ETH-30OCT26,put,4400.0,2026-10-30T08:00:00+00:00,0.09454201500057038,0.623,0.635,0.629024,0.629,2702.23,ETH-30OCT26,0.6335000000000001,-0.99187,0.18479,0.0,0.0,0.01200000000000001,ETH,2694.22,0.0
2026-09-25T19:14:40.907418+00:00,ETH-25DEC26-3200-P,2720.19,ETH-25DEC26,put,3200.0,2026-12-25T08:00:00+00:00,0.24786165907996807,0.2195,0.2255,0.222413,0.2225,2720.19,ETH-25DEC26,0.525,-0.68762,4.79715,294.0,0.0,0.006000000000000005,ETH,2694.22,0.0
2026-09-25T19:14:40.907418+00:00,ETH-25DEC26-10000-C,2720.45,ETH-25DEC26,call,10000.0,2026-12-25T08:00:00+00:00,0.24786165907996807,0.0001,0.0003,0.00019,0.0002,2720.45,ETH-25DEC26,0.8362,0.00177,0.0767,1741.0,0.0,0.00019999999999999998,ETH,2694.15,0.0
2026-09-25T19:14:40.907418+00:00,ETH-25JUN27-2800-C,2778.81,ETH-25JUN27,call,2800.0,2027-06-25T08:00:00+00:00,0.7461505023380105,0.1825,0.185,0.183547,0.18375,2778.81,ETH-25JUN27,0.5466,0.58731,9.35139,1232.0,1.0,0.0025000000000000022,ETH,2694.15,509.64
2026-09-25T19:14:40.907418+00:00,ETH-25DEC26-5500-P,2720.45,ETH-25DEC26,put,5500.0,2026-12-25T08:00:00+00:00,0.24786165907996807,1.0135,1.036,1.024417,1.02475,2720.45,ETH-25DEC26,0.6498999999999999,-0.9779,0.71412,0.0,0.0,0.022499999999999964,ETH,2694.15,0.0
2026-09-25T19:14:40.907418+00:00,ETH-30OCT26-2350-P,2702.23,ETH-30OCT26,put,2350.0,2026-10-30T08:00:00+00:00,0.09454201500057038,0.0135,0.0145,0.014064,0.014,2702.23,ETH-30OCT26,0.49829999999999997,-0.16117,2.03248,1340.0,134.0,0.0010000000000000009,ETH,2694.15,5747.99
2026-09-25T19:14:40.907418+00:00,ETH-2OCT26-2650-P,2694.31,ETH-2OCT26,put,2650.0,2026-10-02T08:00:00+00:00,0.017882192960871547,0.0125,0.0135,0.013101,0.013,2694.31,ETH-2OCT26,0.3825,-0.35996,1.34878,2101.0,1853.0,0.0009999999999999992,ETH,2694.22,69111.45
2026-09-25T19:14:40.907418+00:00,ETH-24SEP27-4300-P,2809.51,ETH-24SEP27,put,4300.0,2027-09-24T08:00:00+00:00,0.9952949239670317,0.6055,0.633,0.620428,0.61925,2809.51,ETH-24SEP27,0.5679,-0.67977,10.03249,0.0,0.0,0.02749999999999997,ETH,2694.15,0.0
2026-09-25T19:14:40.907418+00:00,ETH-9OCT26-3100-P,2696.23,ETH-9OCT26,put,3100.0,2026-10-09T08:00:00+00:00,0.03704714847079626,0.149,0.1555,0.152675,0.15225,2696.23,ETH-9OCT26,0.47759999999999997,-0.92889,0.70578,0.0,0.0,0.006500000000000006,ETH,2694.15,0.0
2026-09-25T19:14:40.907418+00:00,ETH-25JUN27-2800-P,2778.81,ETH-25JUN27,put,2800.0,2027-06-25T08:00:00+00:00,0.7461505023380105,0.19,0.1925,0.191318,0.19125,2778.81,ETH-25JUN27,0.5466,-0.41274,9.35107,838.0,1.0,0.0025000000000000022,ETH,2694.0,517.03
2026-09-25T19:14:40.907418+00:00,ETH-2OCT26-2400-P,2694.45,ETH-2OCT26,put,2400.0,2026-10-02T08:00:00+00:00,0.017882192960871547,0.001,0.0014,0.001222,0.0012,2694.45,ETH-2OCT26,0.5127,-0.04205,0.32349,2243.0,309.0,0.00039999999999999996,ETH,2694.15,1379.97
2026-09-25T19:14:40.907418+00:00,ETH-26MAR27-5500-P,2748.23,ETH-26MAR27,put,5500.0,2027-03-26T08:00:00+00:00,0.4970060807089893,0.9975,1.029,1.014732,1.01325,2748.23,ETH-26MAR27,0.6053999999999999,-0.9209,2.85743,0.0,0.0,0.03149999999999986,ETH,2694.0,0.0
2026-09-25T19:14:40.907418+00:00,ETH-26MAR27-1400-C,2748.23,ETH-26MAR27,call,1400.0,2027-03-26T08:00:00+00:00,0.4970060807089893,0.4995,0.503,0.501462,0.50125,2748.23,ETH-26MAR27,0.6639,0.95304,1.90137,31.0,0.0,0.003500000000000003,ETH,2694.0,0.0
2026-09-25T19:14:40.907418+00:00,ETH-29SEP26-2640-C,2694.39,ETH-29SEP26,call,2640.0,2026-09-29T08:00:00+00:00,0.009668640599475246,0.0225,0.0265,0.024669,0.0245,2694.39,ETH-29SEP26,0.3134,0.75296,0.83677,0.0,0.0,0.004,ETH,2694.0,0.0
2026-09-25T19:14:40.907418+00:00,ETH-28SEP26-2720-C,2694.02,ETH-28SEP26,call,2720.0,2026-09-28T08:00:00+00:00,0.006930789812343145,0.004,0.0045,0.00421,0.00425,2694.02,ETH-28SEP26,0.2463,0.32555,0.80778,276.0,195.0,0.0004999999999999996,ETH,2693.76,3105.59
2026-09-25T19:14:40.907418+00:00,ETH-24SEP27-5200-P,2809.51,ETH-24SEP27,put,5200.0,2027-09-24T08:00:00+00:00,0.9952949239670317,0.888,0.9235,0.908124,0.90575,2809.51,ETH-24SEP27,0.5818,-0.77929,8.31838,0.0,0.0,0.035499999999999976,ETH,2693.76,0.0
2026-09-25T19:14:40.907418+00:00,ETH-28SEP26-2660-P,2694.02,ETH-28SEP26,put,2660.0,2026-09-28T08:00:00+00:00,0.006930789812343145,0.0028,0.0033,0.003186,0.00305,2694.02,ETH-28SEP26,0.23879999999999998,-0.25621,0.72197,347.0,254.0,0.0005,ETH,2693.76,4605.45
2026-09-25T19:14:40.907418+00:00,ETH-27SEP26-2760-C,2693.66,ETH-27SEP26,call,2760.0,2026-09-27T08:00:00+00:00,0.004192939025211043,0.0005,0.0008,0.000622,0.00065,2693.66,ETH-27SEP26,0.2673,0.08215,0.26447,805.0,541.0,0.00030000000000000003,ETH,2693.76,2404.24
2026-09-25T19:14:40.907418+00:00,ETH-27NOV26-1600-C,2711.05,ETH-27NOV26,call,1600.0,2026-11-27T08:00:00+00:00,0.17120183704026923,0.4115,0.4145,0.412831,0.413,2711.05,ETH-27NOV26,0.7036,0.97485,0.65921,18.0,0.0,0.0030000000000000027,ETH,2693.76,0.0
2026-09-25T19:14:40.907418+00:00,ETH-25JUN27-3800-C,2778.81,ETH-25JUN27,call,3800.0,2027-06-25T08:00:00+00:00,0.7461505023380105,0.085,0.087,0.086028,0.086,2778.81,ETH-25JUN27,0.5571,0.3412,8.81097,494.0,0.0,0.001999999999999988,ETH,2693.76,0.0
2026-09-25T19:14:40.907418+00:00,ETH-9OCT26-2500-C,2696.23,ETH-9OCT26,call,2500.0,2026-10-09T08:00:00+00:00,0.03704714847079626,0.08,0.0835,0.081725,0.08175,2696.23,ETH-9OCT26,0.4547,0.81869,1.3687,468.0,3.0,0.003500000000000003,ETH,2693.76,665.73
2026-09-25T19:14:40.907418+00:00,ETH-30OCT26-1500-C,2702.23,ETH-30OCT26,call,1500.0,2026-10-30T08:00:00+00:00,0.09454201500057038,0.4445,0.447,0.445413,0.44575,2702.23,ETH-30OCT26,0.8157,0.99328,0.15621,52.0,2.0,0.0025000000000000022,ETH,2693.71,2352.78
2026-09-25T19:14:40.907418+00:00,ETH-25DEC26-2500-C,2720.45,ETH-25DEC26,call,2500.0,2026-12-25T08:00:00+00:00,0.24786165907996807,0.144,0.146,0.144636,0.145,2720.45,ETH-25DEC26,0.5209,0.67575,4.87215,28867.0,170.0,0.0020000000000000018,ETH,2693.71,65085.74
2026-09-25T19:14:40.907418+00:00,ETH-28SEP26-2880-C,2693.76,ETH-28SEP26,call,2880.0,2026-09-28T08:00:00+00:00,0.006930789812343145,0.0001,0.0003,0.000175,0.0002,2693.76,ETH-28SEP26,0.3725,0.01642,0.09181,93.0,94.0,0.00019999999999999998,ETH,2693.71,338.84
2026-09-25T19:14:40.907418+00:00,ETH-28SEP26-2820-C,2693.76,ETH-28SEP26,call,2820.0,2026-09-28T08:00:00+00:00,0.006930789812343145,0.0004,0.0006,0.000477,0.0005,2693.76,ETH-28SEP26,0.3209,0.04518,0.21329,195.0,43.0,0.00019999999999999993,ETH,2693.71,412.66
2026-09-25T19:14:40.907418+00:00,ETH-30OCT26-3300-P,2702.23,ETH-30OCT26,put,3300.0,2026-10-30T08:00:00+00:00,0.09454201500057038,0.226,0.2335,0.229703,0.22975,2702.23,ETH-30OCT26,0.51,-0.88395,1.62386,0.0,0.0,0.007500000000000007,ETH,2693.71,0.0
2026-09-25T19:14:40.907418+00:00,ETH-27NOV26-2350-P,2711.05,ETH-27NOV26,put,2350.0,2026-11-27T08:00:00+00:00,0.17120183704026923,0.0305,0.0315,0.031116,0.031,2711.05,ETH-27NOV26,0.5262,-0.22184,3.33903,648.0,0.0,0.0010000000000000009,ETH,2693.72,0.0
2026-09-25T19:14:40.907418+00:00,ETH-26MAR27-1700-C,2748.23,ETH-26MAR27,call,1700.0,2027-03-26T08:00:00+00:00,0.4970060807089893,0.401,0.405,0.402962,0.403,2748.23,ETH-26MAR27,0.6059,0.90954,3.15951,1244.0,11.0,0.0040000000000000036,ETH,2693.71,12064.2
2026-09-25T19:14:40.907418+00:00,ETH-2OCT26-2750-C,2694.45,ETH-2OCT26,call,2750.0,2026-10-02T08:00:00+00:00,0.017882192960871547,0.0115,0.0125,0.011907,0.012,2694.45,ETH-2OCT26,0.3824,0.35588,1.34309,1062.0,794.0,0.0010000000000000009,ETH,2693.71,35873.01
2026-09-25T19:14:40.907418+00:00,ETH-26SEP26-3000-C,2692.88,ETH-26SEP26,call,3000.0,2026-09-26T08:00:00+00:00,0.0014550882380789413,,0.0001,9e-06,,2692.88,ETH-26SEP26,0.9114,0.00101,0.00349,2003.0,2059.0,,ETH,2693.71,621.09
2026-09-25T19:14:40.907418+00:00,ETH-26SEP26-2540-P,2692.88,ETH-26SEP26,put,2540.0,2026-09-26T08:00:00+00:00,0.0014550882380789413,,0.0001,2.8e-05,,2692.88,ETH-26SEP26,0.5818,-0.00389,0.01185,642.0,265.0,,ETH,2693.72,124.26
2026-09-25T19:14:40.907418+00:00,ETH-25JUN27-1000-P,2778.81,ETH-25JUN27,put,1000.0,2027-06-25T08:00:00+00:00,0.7461505023380105,0.007,0.0085,0.007727,0.00775,2778.81,ETH-25JUN27,0.7231000000000001,-0.0257,1.43614,4803.0,0.0,0.0015000000000000005,ETH,2693.72,0.0
2026-09-25T19:14:40.907418+00:00,ETH-24SEP27-2900-C,2809.51,ETH-24SEP27,call,2900.0,2027-09-24T08:00:00+00:00,0.9952949239670317,0.204,0.2075,0.205901,0.20575,2809.51,ETH-24SEP27,0.555,0.58705,10.91972,300.0,300.0,0.003500000000000003,ETH,2693.77,165769.1
2026-09-25T19:14:40.907418+00:00,ETH-24SEP27-3200-P,2809.25,ETH-24SEP27,put,3200.0,2027-09-24T08:00:00+00:00,0.9952949239670317,0.3035,0.312,0.309505,0.30775,2809.25,ETH-24SEP27,0.5558,-0.48289,11.17662,0.0,0.0,0.008500000000000008,ETH,2693.77,0.0
2026-09-25T19:14:40.907418+00:00,ETH-30OCT26-2550-P,2702.23,ETH-30OCT26,put,2550.0,2026-10-30T08:00:00+00:00,0.09454201500057038,0.0325,0.0335,0.032935,0.033,2702.23,ETH-30OCT26,0.4756,-0.31904,2.96885,2487.0,201.0,0.0010000000000000009,ETH,2693.77,19671.1
2026-09-25T19:14:40.907418+00:00,ETH-25DEC26-1400-P,2720.45,ETH-25DEC26,put,1400.0,2026-12-25T08:00:00+00:00,0.24786165907996807,0.003,0.0036,0.00329,0.0033,2720.45,ETH-25DEC26,0.7243999999999999,-0.02159,0.69986,13800.0,0.0,0.0005999999999999998,ETH,2693.77,0.0
2026-09-25T19:14:40.907418+00:00,ETH-27SEP26-2600-P,2693.66,ETH-27SEP26,put,2600.0,2026-09-27T08:00:00+00:00,0.004192939025211043,0.0002,0.0004,0.000303,0.0003,2693.66,ETH-27SEP26,0.308,-0.0366,0.13978,534.0,496.0,0.0002,ETH,2693.77,1231.36
2026-09-25T19:14:40.907418+00:00,ETH-27NOV26-2700-P,2711.31,ETH-27NOV26,put,2700.0,2026-11-27T08:00:00+00:00,0.17120183704026923,0.081,0.0825,0.081314,0.08175,2711.31,ETH-27NOV26,0.5062,-0.45019,4.44247,903.0,40.0,0.0015000000000000013,ETH,2693.77,8878.15
2026-09-25T19:14:40.907418+00:00,ETH-28SEP26-2300-C,2693.76,ETH-28SEP26,call,2300.0,2026-09-28T08:00:00+00:00,0.006930789812343145,0.1445,0.148,0.146113,0.14625,2693.76,ETH-28SEP26,0.6964,0.9971,0.01991,0.0,0.0,0.003500000000000003,ETH,2693.78,0.0
2026-09-25T19:14:40.907418+00:00,ETH-25JUN27-3600-C,2778.81,ETH-25JUN27,call,3600.0,2027-06-25T08:00:00+00:00,0.7461505023380105,0.098,0.1005,0.099293,0.09925,2778.81,ETH-25JUN27,0.5533,0.38123,9.15259,3341.0,0.0,0.0025000000000000022,ETH,2693.78,0.0
2026-09-25T19:14:40.907418+00:00,ETH-25JUN27-4800-C,2778.81,ETH-25JUN27,call,4800.0,2027-06-25T08:00:00+00:00,0.7461505023380105,0.0435,0.0455,0.044505,0.0445,2778.81,ETH-25JUN27,0.5776,0.19895,6.70183,143.0,0.0,0.0020000000000000018,ETH,2693.78,0.0
2026-09-25T19:14:40.907418+00:00,ETH-26SEP26-2640-P,2693.02,ETH-26SEP26,put,2640.0,2026-09-26T08:00:00+00:00,0.0014550882380789413,0.0001,0.0003,0.000172,0.0002,2693.02,ETH-26SEP26,0.2934,-0.03639,0.08183,950.0,1504.0,0.00019999999999999998,ETH,2693.77,4207.93
2026-09-25T19:14:40.907418+00:00,ETH-25DEC26-10000-P,2720.45,ETH-25DEC26,put,10000.0,2026-12-25T08:00:00+00:00,0.24786165907996807,2.6515,2.7,2.676607,2.67575,2720.45,ETH-25DEC26,0.8362,-0.99824,0.07658,0.0,0.0,0.04850000000000021,ETH,2693.77,0.0
2026-09-25T19:14:40.907418+00:00,ETH-26MAR27-2600-C,2748.23,ETH-26MAR27,call,2600.0,2027-03-26T08:00:00+00:00,0.4970060807089893,0.1745,0.1765,0.175225,0.1755,2748.23,ETH-26MAR27,0.5396,0.63167,7.30778,3327.0,1.0,0.0020000000000000018,ETH,2693.77,474.46
2026-09-25T19:14:40.907418+00:00,ETH-27SEP26-2520-C,2693.66,ETH-27SEP26,call,2520.0,2026-09-27T08:00:00+00:00,0.004192939025211043,0.062,0.0675,0.064468,0.06475,2693.66,ETH-27SEP26,0.4643,0.98735,0.05702,0.0,0.0,0.005500000000000005,ETH,2693.78,0.0
2026-09-25T19:14:40.907418+00:00,ETH-29SEP26-2680-C,2694.39,ETH-29SEP26,call,2680.0,2026-09-29T08:00:00+00:00,0.009668640599475246,0.014,0.0155,0.014603,0.01475,2694.39,ETH-29SEP26,0.3034,0.57865,1.03648,18.0,18.0,0.0014999999999999996,ETH,2693.78,1098.81
2026-09-25T19:14:40.907418+00:00,ETH-27SEP26-2820-C,2693.4,ETH-27SEP26,call,2820.0,2026-09-27T08:00:00+00:00,0.004192939025211043,0.0001,0.0003,0.00018,0.0002,2693.4,ETH-27SEP26,0.3494,0.02221,0.09226,336.0,227.0,0.00019999999999999998,ETH,2693.76,543.15
2026-09-25T19:14:40.907418+00:00,ETH-25JUN27-1700-C,2778.55,ETH-25JUN27,call,1700.0,2027-06-25T08:00:00+00:00,0.7461505023380105,0.4215,0.4255,0.423172,0.4235,2778.55,ETH-25JUN27,0.5909,0.88837,4.56338,694.0,18.0,0.0040000000000000036,ETH,2693.76,20248.36
2026-09-25T19:14:40.907418+00:00,ETH-26SEP26-2400-C,2692.88,ETH-26SEP26,call,2400.0,2026-09-26T08:00:00+00:00,0.0014550882380789413,0.107,0.1105,0.108673,0.10875,2692.88,ETH-26SEP26,0.8609,0.9998,0.00078,0.0,0.0,0.003500000000000003,ETH,2693.76,0.0
2026-09-25T19:14:40.907418+00:00,ETH-27SEP26-2580-C,2693.66,ETH-27SEP26,call,2580.0,2026-09-27T08:00:00+00:00,0.004192939025211043,0.0395,0.0455,0.042305,0.0425,2693.66,ETH-27SEP26,0.35090000000000005,0.97228,0.1111,0.0,0.0,0.005999999999999998,ETH,2693.76,0.0
2026-09-25T19:14:40.907418+00:00,ETH-9OCT26-2450-C,2696.23,ETH-9OCT26,call,2450.0,2026-10-09T08:00:00+00:00,0.03704714847079626,0.0955,0.0995,0.097675,0.0975,2696.23,ETH-9OCT26,0.47090000000000004,0.86521,1.12611,172.0,50.0,0.0040000000000000036,ETH,2693.76,12421.03
2026-09-25T19:14:40.907418+00:00,ETH-2OCT26-2250-P,2694.45,ETH-2OCT26,put,2250.0,2026-10-02T08:00:00+00:00,0.017882192960871547,0.0005,0.0007,0.000576,0.0006,2694.45,ETH-2OCT26,0.6537000000000001,-0.01752,0.15591,1360.0,18.0,0.00019999999999999998,ETH,2693.76,29.32
2026-09-25T19:14:40.907418+00:00,ETH-25DEC26-6500-C,2720.19,ETH-25DEC26,call,6500.0,2026-12-25T08:00:00+00:00,0.24786165907996807,0.0008,0.0013,0.001043,0.00105,2720.19,ETH-25DEC26,0.698,0.00986,0.35669,1903.0,0.0,0.0004999999999999999,ETH,2693.76,0.0
2026-09-25T19:14:40.907418+00:00,ETH-25DEC26-2400-P,2720.45,ETH-25DEC26,put,2400.0,2026-12-25T08:00:00+00:00,0.24786165907996807,0.0495,0.0505,0.050164,0.05,2720.45,ETH-25DEC26,0.526,-0.27099,4.48842,6368.0,50.0,0.0010000000000000009,ETH,2693.76,6882.73
2026-09-25T19:14:40.907418+00:00,ETH-30OCT26-3200-P,2702.23,ETH-30OCT26,put,3200.0,2026-10-30T08:00:00+00:00,0.09454201500057038,0.1925,0.1995,0.19569,0.196,2702.23,ETH-30OCT26,0.4979,-0.84771,1.95776,35.0,0.0,0.007000000000000006,ETH,2693.77,0.0
2026-09-25T19:14:40.907418+00:00,ETH-30OCT26-1400-P,2702.23,ETH-30OCT26,put,1400.0,2026-10-30T08:00:00+00:00,0.09454201500057038,0.0003,0.0005,0.000392,0.0004,2702.23,ETH-30OCT26,0.8590000000000001,-0.00438,0.1067,4058.0,0.0,0.00020000000000000004,ETH,2693.77,0.0
2026-09-25T19:14:40.907418+00:00,ETH-16OCT26-2800-P,2698.11,ETH-16OCT26,put,2800.0,2026-10-16T08:00:00+00:00,0.05621210398072097,0.0635,0.0655,0.064493,0.0645,2698.11,ETH-16OCT26,0.4459,-0.61625,2.4441,46.0,48.0,0.0020000000000000018,ETH,2693.77,8051.48
2026-09-25T19:14:40.907418+00:00,ETH-27NOV26-3100-P,2711.31,ETH-27NOV26,put,3100.0,2026-11-27T08:00:00+00:00,0.17120183704026923,0.178,0.1825,0.179956,0.18025,2711.31,ETH-27NOV26,0.5136999999999999,-0.69959,3.90472,19.0,18.0,0.004500000000000004,ETH,2693.77,8765.48
2026-09-25T19:14:40.907418+00:00,ETH-24SEP27-2300-P,2809.51,ETH-24SEP27,put,2300.0,2027-09-24T08:00:00+00:00,0.9952949239670317,0.12,0.1235,0.121718,0.12175,2809.51,ETH-24SEP27,0.5597,-0.26182,9.12849,23.0,0.0,0.003500000000000003,ETH,2693.76,0.0
2026-09-25T19:14:40.907418+00:00,ETH-25JUN27-2900-P,2778.55,ETH-25JUN27,put,2900.0,2027-06-25T08:00:00+00:00,0.7461505023380105,0.212,0.2155,0.213494,0.21375,2778.55,ETH-25JUN27,0.5468,-0.4419,9.47861,297.0,10.0,0.003500000000000003,ETH,2693.76,5619.26
2026-09-25T19:14:40.907418+00:00,ETH-30OCT26-2150-C,2701.97,ETH-30OCT26,call,2150.0,2026-10-30T08:00:00+00:00,0.09454201500057038,0.2085,0.212,0.210122,0.21025,2701.97,ETH-30OCT26,0.5438000000000001,0.92664,1.15699,1032.0,0.0,0.003500000000000003,ETH,2693.76,0.0
2026-09-25T19:14:40.907418+00:00,ETH-27SEP26-2860-C,2693.66,ETH-27SEP26,call,2860.0,2026-09-27T08:00:00+00:00,0.004192939025211043,,0.0002,0.000139,,2693.66,ETH-27SEP26,0.4226,0.01491,0.0657,295.0,355.0,,ETH,2693.76,668.91
2026-09-25T19:14:40.907418+00:00,ETH-25JUN27-4800-P,2778.81,ETH-25JUN27,put,4800.0,2027-06-25T08:00:00+00:00,0.7461505023380105,0.755,0.785,0.772112,0.77,2778.81,ETH-25JUN27,0.5776,-0.8011,6.70046,0.0,0.0,0.030000000000000027,ETH,2693.56,0.0
2026-09-25T19:14:40.907418+00:00,ETH-24SEP27-2600-C,2809.51,ETH-24SEP27,call,2600.0,2027-09-24T08:00:00+00:00,0.9952949239670317,0.2415,0.258,0.24972,0.24975,2809.51,ETH-24SEP27,0.5562,0.66176,10.25366,0.0,0.0,0.016500000000000015,ETH,2693.56,0.0
2026-09-25T19:14:40.907418+00:00,ETH-26MAR27-4200-P,2748.23,ETH-26MAR27,put,4200.0,2027-03-26T08:00:00+00:00,0.4970060807089893,0.5515,0.5765,0.564595,0.564,2748.23,ETH-26MAR27,0.5663,-0.80569,5.3327,7.0,6.0,0.025000000000000022,ETH,2693.76,9181.39
2026-09-25T19:14:40.907418+00:00,ETH-9OCT26-2650-P,2696.49,ETH-9OCT26,put,2650.0,2026-10-09T08:00:00+00:00,0.03704714847079626,0.024,0.025,0.024898,0.0245,2696.49,ETH-9OCT26,0.42950000000000005,-0.40046,2.00636,342.0,173.0,0.0010000000000000009,ETH,2693.56,12232.62
2026-09-25T19:14:40.907418+00:00,ETH-29SEP26-2600-P,2694.39,ETH-29SEP26,put,2600.0,2026-09-29T08:00:00+00:00,0.009668640599475246,0.0021,0.0024,0.002311,0.00225,2694.39,ETH-29SEP26,0.33409999999999995,-0.13448,0.57378,323.0,323.0,0.0002999999999999999,ETH,2693.76,2469.16
2026-09-25T19:14:40.907418+00:00,ETH-26MAR27-1000-P,2748.23,ETH-26MAR27,put,1000.0,2027-03-26T08:00:00+00:00,0.4970060807089893,0.0038,0.0044,0.004093,0.0041,2748.23,ETH-26MAR27,0.7768999999999999,-0.01703,0.81849,6813.0,9.0,0.0006000000000000003,ETH,2693.76,101.74
2026-09-25T19:14:40.907418+00:00,ETH-28SEP26-2780-C,2694.02,ETH-28SEP26,call,2780.0,2026-09-28T08:00:00+00:00,0.006930789812343145,0.0009,0.0012,0.001047,0.00105,2694.02,ETH-28SEP26,0.2869,0.09637,0.38307,629.0,565.0,0.0002999999999999999,ETH,2693.15,4987.82
2026-09-25T19:14:40.907418+00:00,ETH-25JUN27-3500-P,2778.81,ETH-25JUN27,put,3500.0,2027-06-25T08:00:00+00:00,0.7461505023380105,0.3615,0.37,0.366696,0.36575,2778.81,ETH-25JUN27,0.5519,-0.59699,9.29371,678.0,0.0,0.008500000000000008,ETH,2693.15,0.0
2026-09-25T19:14:40.907418+00:00,ETH-26SEP26-2560-P,2692.88,ETH-26SEP26,put,2560.0,2026-09-26T08:00:00+00:00,0.0014550882380789413,,0.0001,2.6e-05,,2692.88,ETH-26SEP26,0.5057,-0.004,0.01215,183.0,318.0,,ETH,2693.56,515.55
2026-09-25T19:14:40.907418+00:00,ETH-30OCT26-1750-C,2701.97,ETH-30OCT26,call,1750.0,2026-10-30T08:00:00+00:00,0.09454201500057038,0.3525,0.3555,0.353656,0.354,2701.97,ETH-30OCT26,0.6976,0.98351,0.34139,102.0,0.0,0.0030000000000000027,ETH,2693.15,0.0
2026-09-25T19:14:40.907418+00:00,ETH-27SEP26-2300-P,2693.66,ETH-27SEP26,put,2300.0,2026-09-27T08:00:00+00:00,0.004192939025211043,,0.0001,1.6e-05,,2693.66,ETH-27SEP26,0.8012,-0.00107,0.00624,580.0,200.0,,ETH,2693.15,107.14
2026-09-25T19:14:40.907418+00:00,ETH-2OCT26-2300-C,2694.45,ETH-2OCT26,call,2300.0,2026-10-02T08:00:00+00:00,0.017882192960871547,0.1455,0.149,0.146973,0.14725,2694.45,ETH-2OCT26,0.6018,0.97759,0.19208,18.0,0.0,0.003500000000000003,ETH,2693.15,0.0
2026-09-25T19:14:40.907418+00:00,ETH-24SEP27-3900-P,2809.51,ETH-24SEP27,put,3900.0,2027-09-24T08:00:00+00:00,0.9952949239670317,0.489,0.506,0.500458,0.4975,2809.51,ETH-24SEP27,0.5627,-0.61921,10.68144,0.0,0.0,0.017000000000000015,ETH,2693.15,0.0
2026-09-25T19:14:40.907418+00:00,ETH-25JUN27-3400-C,2778.81,ETH-25JUN27,call,3400.0,2027-06-25T08:00:00+00:00,0.7461505023380105,0.114,0.1165,0.115346,0.11525,2778.81,ETH-25JUN27,0.5507,0.42609,9.41337,646.0,3.0,0.0025000000000000022,ETH,2693.15,960.01
2026-09-25T19:14:40.907418+00:00,ETH-29SEP26-2600-C,2694.13,ETH-29SEP26,call,2600.0,2026-09-29T08:00:00+00:00,0.009668640599475246,0.0355,0.039,0.037121,0.03725,2694.13,ETH-29SEP26,0.33409999999999995,0.86392,0.5783,0.0,0.0,0.003500000000000003,ETH,2693.15,0.0
2026-09-25T19:14:40.907418+00:00,ETH-26MAR27-2800-P,2747.97,ETH-26MAR27,put,2800.0,2027-03-26T08:00:00+00:00,0.4970060807089893,0.161,0.1625,0.161809,0.16175,2747.97,ETH-26MAR27,0.5387,-0.44413,7.65512,385.0,20.0,0.0015000000000000013,ETH,2693.15,8680.23
2026-09-25T19:14:40.907418+00:00,ETH-28SEP26-2600-P,2693.76,ETH-28SEP26,put,2600.0,2026-09-28T08:00:00+00:00,0.006930789812343145,0.0006,0.0008,0.000705,0.0007,2693.76,ETH-28SEP26,0.2852,-0.0664,0.28906,4992.0,822.0,0.0002000000000000001,ETH,2693.03,2958.95
2026-09-25T19:14:40.907418+00:00,ETH-25DEC26-2400-C,2720.45,ETH-25DEC26,call,2400.0,2026-12-25T08:00:00+00:00,0.24786165907996807,0.1655,0.1695,0.167824,0.1675,2720.45,ETH-25DEC26,0.526,0.72871,4.48984,12775.0,58.0,0.0040000000000000036,ETH,2693.15,26229.37
2026-09-25T19:14:40.907418+00:00,ETH-2OCT26-3000-C,2694.45,ETH-2OCT26,call,3000.0,2026-10-02T08:00:00+00:00,0.017882192960871547,0.0008,0.0011,0.00095,0.00095,2694.45,ETH-2OCT26,0.4512,0.03995,0.31023,10049.0,779.0,0.00030000000000000003,ETH,2693.03,3669.88
2026-09-25T19:14:40.907418+00:00,ETH-27NOV26-2300-C,2711.05,ETH-27NOV26,call,2300.0,2026-11-27T08:00:00+00:00,0.17120183704026923,0.176,0.18,0.178119,0.178,2711.05,ETH-27NOV26,0.5313,0.80443,3.09913,51.0,0.0,0.0040000000000000036,ETH,2693.03,0.0
2026-09-25T19:14:40.907418+00:00,ETH-26SEP26-2960-C,2693.02,ETH-26SEP26,call,2960.0,2026-09-26T08:00:00+00:00,0.0014550882380789413,,0.0001,2.2e-05,,2693.02,ETH-26SEP26,0.8695999999999999,0.00226,0.00725,1430.0,1053.0,,ETH,2693.03,284.58
2026-09-25T19:14:40.907418+00:00,ETH-26MAR27-2900-C,2747.97,ETH-26MAR27,call,2900.0,2027-03-26T08:00:00+00:00,0.4970060807089893,0.128,0.1295,0.128723,0.12875,2747.97,ETH-26MAR27,0.539,0.51927,7.72204,2901.0,4.0,0.0015000000000000013,ETH,2693.03,1444.72
2026-09-25T19:14:40.907418+00:00,ETH-25JUN27-2200-P,2778.81,ETH-25JUN27,put,2200.0,2027-06-25T08:00:00+00:00,0.7461505023380105,0.084,0.086,0.085204,0.085,2778.81,ETH-25JUN27,0.556,-0.23391,7.35867,378.0,2.0,0.001999999999999988,ETH,2693.03,438.32
2026-09-25T19:14:40.907418+00:00,ETH-29SEP26-2480-C,2694.39,ETH-29SEP26,call,2480.0,2026-09-29T08:00:00+00:00,0.009668640599475246,0.078,0.082,0.079959,0.08,2694.39,ETH-29SEP26,0.46340000000000003,0.96702,0.19492,0.0,0.0,0.0040000000000000036,ETH,2693.03,0.0
2026-09-25T19:14:40.907418+00:00,ETH-25DEC26-8000-P,2720.45,ETH-25DEC26,put,8000.0,2026-12-25T08:00:00+00:00,0.24786165907996807,1.921,1.9585,1.941531,1.93975,2720.45,ETH-25DEC26,0.7576999999999999,-0.99621,0.15292,73.0,0.0,0.03749999999999987,ETH,2693.01,0.0
2026-09-25T19:14:40.907418+00:00,ETH-30OCT26-2500-C,2701.97,ETH-30OCT26,call,2500.0,2026-10-30T08:00:00+00:00,0.09454201500057038,0.1005,0.103,0.101537,0.10175,2701.97,ETH-30OCT26,0.47909999999999997,0.72592,2.76821,6334.0,101.0,0.0024999999999999883,ETH,2693.12,27135.89
2026-09-25T19:14:40.907418+00:00,ETH-24SEP27-3600-P,2809.51,ETH-24SEP27,put,3600.0,2027-09-24T08:00:00+00:00,0.9952949239670317,0.4045,0.42,0.415141,0.41225,2809.51,ETH-24SEP27,0.5593,-0.56563,11.03271,0.0,0.0,0.015499999999999958,ETH,2693.12,0.0
2026-09-25T19:14:40.907418+00:00,ETH-2OCT26-2450-P,2694.31,ETH-2OCT26,put,2450.0,2026-10-02T08:00:00+00:00,0.017882192960871547,0.0016,0.0019,0.001751,0.00175,2694.31,ETH-2OCT26,0.47229999999999994,-0.06226,0.44184,1858.0,480.0,0.0002999999999999999,ETH,2693.01,3267.26
2026-09-25T19:14:40.907418+00:00,ETH-27NOV26-3500-P,2711.05,ETH-27NOV26,put,3500.0,2026-11-27T08:00:00+00:00,0.17120183704026923,0.3035,0.311,0.306658,0.30725,2711.05,ETH-27NOV26,0.5354,-0.85133,2.60059,6.0,2.0,0.007500000000000007,ETH,2693.01,1692.78
2026-09-25T19:14:40.907418+00:00,ETH-27NOV26-2400-C,2711.05,ETH-27NOV26,call,2400.0,2026-11-27T08:00:00+00:00,0.17120183704026923,0.1485,0.1525,0.15079,0.1505,2711.05,ETH-27NOV26,0.5213,0.74932,3.57063,415.0,0.0,0.0040000000000000036,ETH,2693.01,0.0
2026-09-25T19:14:40.907418+00:00,ETH-26MAR27-3300-P,2748.23,ETH-26MAR27,put,3300.0,2027-03-26T08:00:00+00:00,0.4970060807089893,0.2815,0.2895,0.286261,0.2855,2748.23,ETH-26MAR27,0.5436,-0.61253,7.42133,139.0,0.0,0.008000000000000007,ETH,2693.12,0.0
2026-09-25T19:14:40.907418+00:00,ETH-26SEP26-2820-C,2692.88,ETH-26SEP26,call,2820.0,2026-09-26T08:00:00+00:00,0.0014550882380789413,,0.0002,6e-05,,2692.88,ETH-26SEP26,0.5129,0.00932,0.0257,617.0,523.0,,ETH,2693.12,1546.3
2026-09-25T19:14:40.907418+00:00,ETH-25DEC26-1400-C,2720.45,ETH-25DEC26,call,1400.0,2026-12-25T08:00:00+00:00,0.24786165907996807,0.487,0.49,0.488592,0.4885,2720.45,ETH-25DEC26,0.7243999999999999,0.97838,0.70068,1387.0,0.0,0.0030000000000000027,ETH,2693.12,0.0
2026-09-25T19:14:40.907418+00:00,ETH-26MAR27-2600-P,2748.23,ETH-26MAR27,put,2600.0,2027-03-26T08:00:00+00:00,0.4970060807089893,0.1205,0.122,0.121502,0.12125,2748.23,ETH-26MAR27,0.5396,-0.36857,7.30757,882.0,195.0,0.0015000000000000013,ETH,2693.12,62195.75
2026-09-25T19:14:40.907418+00:00,ETH-29SEP26-2540-C,2694.39,ETH-29SEP26,call,2540.0,2026-09-29T08:00:00+00:00,0.009668640599475246,0.056,0.06,0.05809,0.058,2694.39,ETH-29SEP26,0.38939999999999997,0.94019,0.31477,0.0,0.0,0.003999999999999997,ETH,2693.12,0.0
2026-09-25T19:14:40.907418+00:00,ETH-26SEP26-2700-C,2693.02,ETH-26SEP26,call,2700.0,2026-09-26T08:00:00+00:00,0.0014550882380789413,0.0021,0.0027,0.002262,0.0024,2693.02,ETH-26SEP26,0.22699999999999998,0.3822,0.39109,2891.0,1256.0,0.0006000000000000003,ETH,2693.07,11007.64
2026-09-25T19:14:40.907418+00:00,ETH-26MAR27-2800-C,2748.23,ETH-26MAR27,call,2800.0,2027-03-26T08:00:00+00:00,0.4970060807089893,0.142,0.1435,0.142742,0.14275,2748.23,ETH-26MAR27,0.5387,0.55584,7.65497,7359.0,578.0,0.0015000000000000013,ETH,2693.07,222596.85
2026-09-25T19:14:40.907418+00:00,ETH-29SEP26-2880-P,2694.39,ETH-29SEP26,put,2880.0,2026-09-29T08:00:00+00:00,0.009668640599475246,0.0655,0.0725,0.069775,0.069,2694.39,ETH-29SEP26,0.3887,-0.958,0.23748,0.0,0.0,0.006999999999999992,ETH,2693.07,0.0
2026-09-25T19:14:40.907418+00:00,ETH-26SEP26-2920-P,2692.88,ETH-26SEP26,put,2920.0,2026-09-26T08:00:00+00:00,0.0014550882380789413,0.0815,0.0875,0.084484,0.0845,2692.88,ETH-26SEP26,0.7914,-0.99622,0.01156,0.0,0.0,0.0059999999999999915,ETH,2693.07,0.0
2026-09-25T19:14:40.907418+00:00,ETH-24SEP27-1500-P,2809.25,ETH-24SEP27,put,1500.0,2027-09-24T08:00:00+00:00,0.9952949239670317,0.0325,0.035,0.03373,0.03375,2809.25,ETH-24SEP27,0.6088,-0.09069,4.57861,745.0,92.0,0.0025000000000000022,ETH,2693.07,8352.12
2026-09-25T19:14:40.907418+00:00,ETH-16OCT26-2700-P,2698.11,ETH-16OCT26,put,2700.0,2026-10-16T08:00:00+00:00,0.05621210398072097,0.042,0.043,0.042463,0.0425,2698.11,ETH-16OCT26,0.4448,-0.48185,2.54995,220.0,60.0,0.000999999999999994,ETH,2693.07,7111.84
2026-09-25T19:14:40.907418+00:00,ETH-26SEP26-2550-C,2692.88,ETH-26SEP26,call,2550.0,2026-09-26T08:00:00+00:00,0.0014550882380789413,0.0505,0.0555,0.052991,0.053,2692.88,ETH-26SEP26,0.5452,0.99583,0.01261,0.0,0.0,0.0049999999999999975,ETH,2693.07,0.0
2026-09-25T19:14:40.907418+00:00,ETH-27SEP26-2880-P,2693.66,ETH-27SEP26,put,2880.0,2026-09-27T08:00:00+00:00,0.004192939025211043,0.0655,0.0725,0.069459,0.069,2693.66,ETH-27SEP26,0.45649999999999996,-0.98789,0.05488,0.0,0.0,0.006999999999999992,ETH,2693.07,0.0
2026-09-25T19:14:40.907418+00:00,ETH-27NOV26-2000-C,2711.05,ETH-27NOV26,call,2000.0,2026-11-27T08:00:00+00:00,0.17120183704026923,0.27,0.274,0.272233,0.272,2711.05,ETH-27NOV26,0.5804,0.91716,1.71265,9.0,0.0,0.0040000000000000036,ETH,2693.07,0.0
2026-09-25T19:14:40.907418+00:00,ETH-27SEP26-2940-C,2693.66,ETH-27SEP26,call,2940.0,2026-09-27T08:00:00+00:00,0.004192939025211043,,0.0001,8e-05,,2693.66,ETH-27SEP26,0.5473,0.00701,0.03401,500.0,11.0,,ETH,2693.04,11.28
2026-09-25T19:14:40.907418+00:00,ETH-26SEP26-2520-C,2692.88,ETH-26SEP26,call,2520.0,2026-09-26T08:00:00+00:00,0.0014550882380789413,0.0615,0.0665,0.064135,0.064,2692.88,ETH-26SEP26,0.6548999999999999,0.99626,0.01143,18.0,0.0,0.0050000000000000044,ETH,2693.07,0.0
2026-09-25T19:14:40.907418+00:00,ETH-2OCT26-3200-P,2694.45,ETH-2OCT26,put,3200.0,2026-10-02T08:00:00+00:00,0.017882192960871547,0.1835,0.1915,0.187974,0.1875,2694.45,ETH-2OCT26,0.5286,-0.99176,0.0811,0.0,0.0,0.008000000000000007,ETH,2693.07,0.0
2026-09-25T19:14:40.907418+00:00,ETH-25DEC26-1800-C,2720.45,ETH-25DEC26,call,1800.0,2026-12-25T08:00:00+00:00,0.24786165907996807,0.3465,0.35,0.348233,0.34825,2720.45,ETH-25DEC26,0.6124,0.93397,1.73858,2432.0,2.0,0.003500000000000003,ETH,2693.07,1864.11
2026-09-25T19:14:40.907418+00:00,ETH-16OCT26-2550-C,2698.11,ETH-16OCT26,call,2550.0,2026-10-16T08:00:00+00:00,0.05621210398072097,0.0735,0.0765,0.074739,0.075,2698.11,ETH-16OCT26,0.4542,0.71814,2.16074,0.0,0.0,0.0030000000000000027,ETH,2693.04,0.0
2026-09-25T19:14:40.907418+00:00,ETH-26SEP26-2760-C,2692.88,ETH-26SEP26,call,2760.0,2026-09-26T08:00:00+00:00,0.0014550882380789413,0.0001,0.0002,0.000196,0.00015,2692.88,ETH-26SEP26,0.35969999999999996,0.0349,0.07905,1097.0,1317.0,0.0001,ETH,2693.04,6221.62
2026-09-25T19:14:40.907418+00:00,ETH-26MAR27-4800-P,2748.23,ETH-26MAR27,put,4800.0,2027-03-26T08:00:00+00:00,0.4970060807089893,0.754,0.782,0.768692,0.768,2748.23,ETH-26MAR27,0.584,-0.87461,3.99766,40.0,0.0,0.028000000000000025,ETH,2693.04,0.0
2026-09-25T19:14:40.907418+00:00,ETH-30OCT26-2250-P,2701.97,ETH-30OCT26,put,2250.0,2026-10-30T08:00:00+00:00,0.09454201500057038,0.0085,0.0095,0.009027,0.009,2701.97,ETH-30OCT26,0.5178,-0.10961,1.55861,1715.0,36.0,0.0009999999999999992,ETH,2693.08,997.09
2026-09-25T19:14:40.907418+00:00,ETH-30OCT26-2900-C,2702.23,ETH-30OCT26,call,2900.0,2026-10-30T08:00:00+00:00,0.09454201500057038,0.0305,0.0315,0.030869,0.031,2702.23,ETH-30OCT26,0.4771,0.34129,3.04929,4648.0,1252.0,0.0010000000000000009,ETH,2693.08,108480.96
2026-09-25T19:14:40.907418+00:00,ETH-2OCT26-2900-C,2694.31,ETH-2OCT26,call,2900.0,2026-10-02T08:00:00+00:00,0.017882192960871547,0.0023,0.0027,0.002506,0.0025,2694.31,ETH-2OCT26,0.4163,0.09788,0.62258,4344.0,1258.0,0.0004000000000000002,ETH,2693.08,11767.04
2026-09-25T19:14:40.907418+00:00,ETH-27SEP26-2580-P,2693.66,ETH-27SEP26,put,2580.0,2026-09-27T08:00:00+00:00,0.004192939025211043,0.0001,0.0004,0.000252,0.00025,2693.66,ETH-27SEP26,0.35090000000000005,-0.02844,0.11347,408.0,71.0,0.00030000000000000003,ETH,2693.08,188.55
2026-09-25T19:14:40.907418+00:00,ETH-27NOV26-3800-C,2711.05,ETH-27NOV26,call,3800.0,2026-11-27T08:00:00+00:00,0.17120183704026923,0.008,0.009,0.008483,0.0085,2711.05,ETH-27NOV26,0.555,0.08766,1.7866,1597.0,1.0,0.0009999999999999992,ETH,2693.08,22.73
2026-09-25T19:14:40.907418+00:00,ETH-9OCT26-2800-C,2696.49,ETH-9OCT26,call,2800.0,2026-10-09T08:00:00+00:00,0.03704714847079626,0.0175,0.0185,0.017797,0.018,2696.49,ETH-9OCT26,0.42950000000000005,0.33872,1.89917,1058.0,5.0,0.0009999999999999974,ETH,2693.06,256.5
2026-09-25T19:14:40.907418+00:00,ETH-25JUN27-4400-P,2778.81,ETH-25JUN27,put,4400.0,2027-06-25T08:00:00+00:00,0.7461505023380105,0.6265,0.652,0.640741,0.63925,2778.81,ETH-25JUN27,0.5688,-0.75481,7.55049,1.0,0.0,0.025500000000000078,ETH,2693.08,0.0
2026-09-25T19:14:40.907418+00:00,ETH-24SEP27-4400-P,2809.51,ETH-24SEP27,put,4400.0,2027-09-24T08:00:00+00:00,0.9952949239670317,0.637,0.6655,0.651353,0.65125,2809.51,ETH-24SEP27,0.5694,-0.69342,9.84247,0.0,0.0,0.02849999999999997,ETH,2693.06,0.0
2026-09-25T19:14:40.907418+00:00,ETH-27SEP26-2550-C,2693.66,ETH-27SEP26,call,2550.0,2026-09-27T08:00:00+00:00,0.004192939025211043,0.0505,0.0565,0.053366,0.0535,2693.66,ETH-27SEP26,0.4058,0.98186,0.07769,0.0,0.0,0.005999999999999998,ETH,2693.06,0.0
2026-09-25T19:14:40.907418+00:00,ETH-25DEC26-1500-P,2720.45,ETH-25DEC26,put,1500.0,2026-12-25T08:00:00+00:00,0.24786165907996807,0.0041,0.0046,0.004338,0.00435,2720.45,ETH-25DEC26,0.6922,-0.02879,0.89071,16443.0,2.0,0.0004999999999999996,ETH,2693.08,24.18
2026-09-25T19:14:40.907418+00:00,ETH-26MAR27-4200-C,2748.23,ETH-26MAR27,call,4200.0,2027-03-26T08:00:00+00:00,0.4970060807089893,0.0355,0.0365,0.035994,0.036,2748.23,ETH-26MAR27,0.5663,0.19414,5.32834,2912.0,10.0,0.0010000000000000009,ETH,2693.06,981.69
2026-09-25T19:14:40.907418+00:00,ETH-30OCT26-1000-C,2702.23,ETH-30OCT26,call,1000.0,2026-10-30T08:00:00+00:00,0.09454201500057038,0.629,0.631,0.629964,0.63,2702.23,ETH-30OCT26,1.0872,0.99915,0.024,0.0,0.0,0.0020000000000000018,ETH,2693.11,0.0
2026-09-25T19:14:40.907418+00:00,ETH-25JUN27-3100-P,2778.55,ETH-25JUN27,put,3100.0,2027-06-25T08:00:00+00:00,0.7461505023380105,0.2585,0.2635,0.260971,0.261,2778.55,ETH-25JUN27,0.5478000000000001,-0.49787,9.57782,110.0,0.0,0.0050000000000000044,ETH,2693.06,0.0
2026-09-25T19:14:40.907418+00:00,ETH-9OCT26-2100-P,2696.49,ETH-9OCT26,put,2100.0,2026-10-09T08:00:00+00:00,0.03704714847079626,0.0009,0.0011,0.001031,0.001,2696.49,ETH-9OCT26,0.6589,-0.021,0.26195,218.0,2.0,0.0002000000000000001,ETH,2693.11,5.66
2026-09-25T19:14:40.907418+00:00,ETH-27SEP26-2540-P,2693.66,ETH-27SEP26,put,2540.0,2026-09-27T08:00:00+00:00,0.004192939025211043,0.0001,0.0003,0.000174,0.0002,2693.66,ETH-27SEP26,0.4305,-0.01714,0.07403,1054.0,573.0,0.00019999999999999998,ETH,2693.11,330.21
2026-09-25T19:14:40.907418+00:00,ETH-9OCT26-2200-P,2696.23,ETH-9OCT26,put,2200.0,2026-10-09T08:00:00+00:00,0.03704714847079626,0.0014,0.0017,0.001564,0.00155,2696.23,ETH-9OCT26,0.5943,-0.0333,0.38498,1290.0,60.0,0.0002999999999999999,ETH,2693.11,275.58
2026-09-25T19:14:40.907418+00:00,ETH-29SEP26-2740-C,2694.39,ETH-29SEP26,call,2740.0,2026-09-29T08:00:00+00:00,0.009668640599475246,0.005,0.006,0.005478,0.0055,2694.39,ETH-29SEP26,0.3079,0.29323,0.91148,349.0,371.0,0.001,ETH,2693.11,7188.07
2026-09-25T19:14:40.907418+00:00,ETH-27NOV26-2700-C,2711.31,ETH-27NOV26,call,2700.0,2026-11-27T08:00:00+00:00,0.17120183704026923,0.0845,0.086,0.085257,0.08525,2711.31,ETH-27NOV26,0.5062,0.54937,4.44204,1928.0,3.0,0.0014999999999999875,ETH,2693.11,717.87
2026-09-25T19:14:40.907418+00:00,ETH-26SEP26-2960-P,2693.02,ETH-26SEP26,put,2960.0,2026-09-26T08:00:00+00:00,0.0014550882380789413,0.095,0.102,0.099327,0.0985,2693.02,ETH-26SEP26,0.8695999999999999,-0.99774,0.00727,0.0,0.0,0.006999999999999992,ETH,2693.11,0.0
2026-09-25T19:14:40.907418+00:00,ETH-16OCT26-2650-C,2698.11,ETH-16OCT26,call,2650.0,2026-10-16T08:00:00+00:00,0.05621210398072097,0.051,0.052,0.051304,0.0515,2698.11,ETH-16OCT26,0.4461,0.58805,2.49022,262.0,62.0,0.0010000000000000009,ETH,2693.11,8580.01
2026-09-25T19:14:40.907418+00:00,ETH-24SEP27-2200-P,2809.51,ETH-24SEP27,put,2200.0,2027-09-24T08:00:00+00:00,0.9952949239670317,0.1045,0.108,0.106313,0.10625,2809.51,ETH-24SEP27,0.562,-0.23692,8.65393,2.0,2.0,0.003500000000000003,ETH,2693.12,565.69
2026-09-25T19:14:40.907418+00:00,ETH-16OCT26-2400-P,2698.11,ETH-16OCT26,put,2400.0,2026-10-16T08:00:00+00:00,0.05621210398072097,0.008,0.009,0.008433,0.0085,2698.11,ETH-16OCT26,0.47909999999999997,-0.13855,1.41414,176.0,206.0,0.0009999999999999992,ETH,2693.12,5273.52
2026-09-25T19:14:40.907418+00:00,ETH-25JUN27-2100-P,2778.81,ETH-25JUN27,put,2100.0,2027-06-25T08:00:00+00:00,0.7461505023380105,0.0715,0.073,0.07236,0.07225,2778.81,ETH-25JUN27,0.5600999999999999,-0.20598,6.84074,877.0,0.0,0.0015000000000000013,ETH,2693.12,0.0
2026-09-25T19:14:40.907418+00:00,ETH-25DEC26-1000-C,2720.45,ETH-25DEC26,call,1000.0,2026-12-25T08:00:00+00:00,0.24786165907996807,0.632,0.6345,0.633421,0.63325,2720.45,ETH-25DEC26,0.8869,0.99355,0.24549,75.0,0.0,0.0024999999999999467,ETH,2693.12,0.0
2026-09-25T19:14:40.907418+00:00,ETH-25DEC26-2800-P,2720.45,ETH-25DEC26,put,2800.0,2026-12-25T08:00:00+00:00,0.24786165907996807,0.1185,0.12,0.118968,0.11925,2720.45,ETH-25DEC26,0.5154,-0.49381,5.40365,3182.0,98.0,0.0015000000000000013,ETH,2693.12,31660.4
2026-09-25T19:14:40.907418+00:00,ETH-27NOV26-3100-C,2711.31,ETH-27NOV26,call,3100.0,2026-11-27T08:00:00+00:00,0.17120183704026923,0.036,0.037,0.036336,0.0365,2711.31,ETH-27NOV26,0.5136999999999999,0.30002,3.90141,1272.0,621.0,0.0010000000000000009,ETH,2693.12,66867.54
2026-09-25T19:14:40.907418+00:00,ETH-30OCT26-1800-P,2701.97,ETH-30OCT26,put,1800.0,2026-10-30T08:00:00+00:00,0.09454201500057038,0.0015,0.0018,0.001648,0.00165,2701.97,ETH-30OCT26,0.6776000000000001,-0.02003,0.40296,3955.0,1.0,0.0002999999999999999,ETH,2693.12,5.11
2026-09-25T19:14:40.907418+00:00,ETH-24SEP27-3300-P,2809.25,ETH-24SEP27,put,3300.0,2027-09-24T08:00:00+00:00,0.9952949239670317,0.3295,0.3375,0.335003,0.3335,2809.25,ETH-24SEP27,0.5568,-0.50478,11.1836,0.0,0.0,0.008000000000000007,ETH,2693.14,0.0
2026-09-25T19:14:40.907418+00:00,ETH-25DEC26-4400-P,2720.45,ETH-25DEC26,put,4400.0,2026-12-25T08:00:00+00:00,0.24786165907996807,0.6205,0.6315,0.625522,0.626,2720.45,ETH-25DEC26,0.5901,-0.93184,1.78198,20.0,0.0,0.010999999999999899,ETH,2693.14,0.0
2026-09-25T19:14:40.907418+00:00,ETH-26SEP26-2850-C,2692.88,ETH-26SEP26,call,2850.0,2026-09-26T08:00:00+00:00,0.0014550882380789413,,0.0001,5.6e-05,,2692.88,ETH-26SEP26,0.6087,0.00747,0.02117,401.0,369.0,,ETH,2693.14,516.22
2026-09-25T19:14:40.907418+00:00,ETH-24SEP27-4300-C,2809.25,ETH-24SEP27,call,4300.0,2027-09-24T08:00:00+00:00,0.9952949239670317,0.088,0.0915,0.089688,0.08975,2809.25,ETH-24SEP27,0.5679,0.31999,10.02559,0.0,0.0,0.003500000000000003,ETH,2693.13,0.0
2026-09-25T19:14:40.907418+00:00,ETH-25DEC26-7000-P,2720.45,ETH-25DEC26,put,7000.0,2026-12-25T08:00:00+00:00,0.24786165907996807,1.559,1.5895,1.57421,1.57425,2720.45,ETH-25DEC26,0.7178,-0.99316,0.2586,0.0,0.0,0.03049999999999997,ETH,2693.14,0.0
2026-09-25T19:14:40.907418+00:00,ETH-25JUN27-4000-C,2778.55,ETH-25JUN27,call,4000.0,2027-06-25T08:00:00+00:00,0.7461505023380105,0.0735,0.076,0.074756,0.07475,2778.55,ETH-25JUN27,0.5609000000000001,0.30521,8.41234,4626.0,1.0,0.0025000000000000022,ETH,2693.14,207.57
2026-09-25T19:14:40.907418+00:00,ETH-29SEP26-2800-C,2694.39,ETH-29SEP26,call,2800.0,2026-09-29T08:00:00+00:00,0.009668640599475246,0.0018,0.0022,0.001983,0.002,2694.39,ETH-29SEP26,0.3348,0.12395,0.5421,2629.0,2657.0,0.0004000000000000002,ETH,2693.13,29109.8
2026-09-25T19:14:40.907418+00:00,ETH-16OCT26-2500-C,2698.11,ETH-16OCT26,call,2500.0,2026-10-16T08:00:00+00:00,0.05621210398072097,0.0865,0.09,0.088354,0.08825,2698.11,ETH-16OCT26,0.4593,0.77466,1.92066,103.0,103.0,0.003500000000000003,ETH,2693.13,26967.06
2026-09-25T19:14:40.907418+00:00,ETH-29SEP26-2450-C,2694.39,ETH-29SEP26,call,2450.0,2026-09-29T08:00:00+00:00,0.009668640599475246,0.089,0.093,0.090988,0.091,2694.39,ETH-29SEP26,0.5023,0.97423,0.15881,0.0,0.0,0.0040000000000000036,ETH,2693.13,0.0
2026-09-25T19:14:40.907418+00:00,ETH-26MAR27-1800-C,2748.23,ETH-26MAR27,call,1800.0,2027-03-26T08:00:00+00:00,0.4970060807089893,0.37,0.374,0.371891,0.372,2748.23,ETH-26MAR27,0.5914,0.8893,3.66046,3327.0,0.0,0.0040000000000000036,ETH,2693.13,0.0
2026-09-25T19:14:40.907418+00:00,ETH-26SEP26-2950-C,2692.88,ETH-26SEP26,call,2950.0,2026-09-26T08:00:00+00:00,0.0014550882380789413,,0.0001,2.5e-05,,2692.88,ETH-26SEP26,0.8515999999999999,0.00259,0.00822,333.0,20.0,,ETH,2693.13,5.39
2026-09-25T19:14:40.907418+00:00,ETH-27SEP26-2800-C,2693.66,ETH-27SEP26,call,2800.0,2026-09-27T08:00:00+00:00,0.004192939025211043,0.0002,0.0004,0.00028,0.0003,2693.66,ETH-27SEP26,0.3267,0.03396,0.13141,870.0,908.0,0.0002,ETH,2693.15,1697.62
2026-09-25T19:14:40.907418+00:00,ETH-28SEP26-2620-C,2693.76,ETH-28SEP26,call,2620.0,2026-09-28T08:00:00+00:00,0.006930789812343145,0.027,0.0305,0.028309,0.02875,2693.76,ETH-28SEP26,0.26239999999999997,0.89989,0.39382,67.0,74.0,0.0034999999999999996,ETH,2693.13,7136.94
2026-09-25T19:14:40.907418+00:00,ETH-29SEP26-2840-C,2694.39,ETH-29SEP26,call,2840.0,2026-09-29T08:00:00+00:00,0.009668640599475246,0.0009,0.0013,0.001083,0.0011,2694.39,ETH-29SEP26,0.3601,0.07043,0.35737,49.0,49.0,0.00039999999999999996,ETH,2693.15,203.51
2026-09-25T19:14:40.907418+00:00,ETH-26SEP26-2550-P,2693.02,ETH-26SEP26,put,2550.0,2026-09-26T08:00:00+00:00,0.0014550882380789413,,0.0001,2.8e-05,,2693.02,ETH-26SEP26,0.5452,-0.00417,0.0126,116.0,71.0,,ETH,2693.15,124.52
2026-09-25T19:14:40.907418+00:00,ETH-16OCT26-3100-C,2697.98,ETH-16OCT26,call,3100.0,2026-10-16T08:00:00+00:00,0.05621210398072097,0.006,0.007,0.00643,0.0065,2697.98,ETH-16OCT26,0.4775,0.12104,1.28775,0.0,0.0,0.001,ETH,2693.15,0.0
2026-09-25T19:14:40.907418+00:00,ETH-29SEP26-2580-C,2694.39,ETH-29SEP26,call,2580.0,2026-09-29T08:00:00+00:00,0.009668640599475246,0.0415,0.0455,0.043916,0.0435,2694.39,ETH-29SEP26,0.34950000000000003,0.89901,0.46827,0.0,0.0,0.003999999999999997,ETH,2693.15,0.0
2026-09-25T19:14:40.907418+00:00,ETH-25JUN27-1900-C,2778.81,ETH-25JUN27,call,1900.0,2027-06-25T08:00:00+00:00,0.7461505023380105,0.3655,0.3695,0.367347,0.3675,2778.81,ETH-25JUN27,0.5731,0.84497,5.72175,373.0,0.0,0.0040000000000000036,ETH,2693.15,0.0
2026-09-25T19:14:40.907418+00:00,ETH-26MAR27-2000-P,2748.23,ETH-26MAR27,put,2000.0,2027-03-26T08:00:00+00:00,0.4970060807089893,0.0405,0.042,0.041228,0.04125,2748.23,ETH-26MAR27,0.5687,-0.16043,4.72336,2461.0,0.0,0.0015000000000000013,ETH,2693.15,0.0
2026-09-25T19:14:40.907418+00:00,ETH-25JUN27-3900-C,2778.81,ETH-25JUN27,call,3900.0,2027-06-25T08:00:00+00:00,0.7461505023380105,0.079,0.081,0.080123,0.08,2778.81,ETH-25JUN27,0.5589,0.32252,8.61377,293.0,120.0,0.0020000000000000018,ETH,2693.11,25232.13
2026-09-25T19:14:40.907418+00:00,ETH-16OCT26-2000-P,2697.98,ETH-16OCT26,put,2000.0,2026-10-16T08:00:00+00:00,0.05621210398072097,0.0012,0.0015,0.001366,0.00135,2697.98,ETH-16OCT26,0.6542,-0.02236,0.34045,28.0,25.0,0.00030000000000000014,ETH,2693.11,94.39
2026-09-25T19:14:40.907418+00:00,ETH-27NOV26-2150-C,2711.05,ETH-27NOV26,call,2150.0,2026-11-27T08:00:00+00:00,0.17120183704026923,0.2215,0.225,0.223371,0.22325,2711.05,ETH-27NOV26,0.5531,0.87016,2.37172,2.0,0.0,0.003500000000000003,ETH,2693.11,0.0
2026-09-25T19:14:40.907418+00:00,ETH-9OCT26-3000-C,2696.49,ETH-9OCT26,call,3000.0,2026-10-09T08:00:00+00:00,0.03704714847079626,0.0049,0.0055,0.005163,0.0052,2696.49,ETH-9OCT26,0.46,0.12269,1.05464,1213.0,55.0,0.0005999999999999998,ETH,2693.12,951.78
2026-09-25T19:14:40.907418+00:00,ETH-27NOV26-3400-C,2711.05,ETH-27NOV26,call,3400.0,2026-11-27T08:00:00+00:00,0.17120183704026923,0.0185,0.0195,0.018972,0.019,2711.05,ETH-27NOV26,0.5284,0.17717,2.91506,1014.0,350.0,0.0010000000000000009,ETH,2693.11,19572.15
2026-09-25T19:14:40.907418+00:00,ETH-27SEP26-2840-P,2693.66,ETH-27SEP26,put,2840.0,2026-09-27T08:00:00+00:00,0.004192939025211043,0.0505,0.0575,0.054594,0.054,2693.66,ETH-27SEP26,0.3886,-0.98194,0.0774,0.0,0.0,0.006999999999999999,ETH,2693.12,0.0
2026-09-25T19:14:40.907418+00:00,ETH-27NOV26-3000-C,2711.31,ETH-27NOV26,call,3000.0,2026-11-27T08:00:00+00:00,0.17120183704026923,0.0445,0.046,0.045192,0.04525,2711.31,ETH-27NOV26,0.5102,0.35414,4.17372,4632.0,2455.0,0.0015000000000000013,ETH,2693.12,322053.3
2026-09-25T19:14:40.907418+00:00,ETH-27SEP26-2940-P,2693.4,ETH-27SEP26,put,2940.0,2026-09-27T08:00:00+00:00,0.004192939025211043,0.0875,0.0945,0.091694,0.091,2693.4,ETH-27SEP26,0.5473,-0.99298,0.03407,0.0,0.0,0.007000000000000006,ETH,2693.14,0.0
2026-09-25T19:14:40.907418+00:00,ETH-25JUN27-6000-C,2778.81,ETH-25JUN27,call,6000.0,2027-06-25T08:00:00+00:00,0.7461505023380105,0.0225,0.024,0.023247,0.02325,2778.81,ETH-25JUN27,0.6042000000000001,0.11248,4.58712,2717.0,45.0,0.0015000000000000013,ETH,2693.12,2877.63
2026-09-25T19:14:40.907418+00:00,ETH-9OCT26-2600-C,2696.49,ETH-9OCT26,call,2600.0,2026-10-09T08:00:00+00:00,0.03704714847079626,0.053,0.0545,0.053526,0.05375,2696.49,ETH-9OCT26,0.4339,0.68311,1.84865,119.0,0.0,0.0015000000000000013,ETH,2693.14,0.0
2026-09-25T19:14:40.907418+00:00,ETH-26MAR27-4500-P,2748.23,ETH-26MAR27,put,4500.0,2027-03-26T08:00:00+00:00,0.4970060807089893,0.652,0.6775,0.665505,0.66475,2748.23,ETH-26MAR27,0.5748,-0.84472,4.6232,0.0,0.0,0.025499999999999967,ETH,2693.12,0.0
2026-09-25T19:14:40.907418+00:00,ETH-27NOV26-4200-P,2711.05,ETH-27NOV26,put,4200.0,2026-11-27T08:00:00+00:00,0.17120183704026923,0.547,0.5615,0.553693,0.55425,2711.05,ETH-27NOV26,0.5871,-0.95355,1.09103,0.0,0.0,0.014499999999999957,ETH,2693.12,0.0
2026-09-25T19:14:40.907418+00:00,ETH-27NOV26-1600-P,2711.05,ETH-27NOV26,put,1600.0,2026-11-27T08:00:00+00:00,0.17120183704026923,0.0029,0.0033,0.003086,0.0031,2711.05,ETH-27NOV26,0.7036,-0.02521,0.66049,407.0,1.0,0.0004000000000000002,ETH,2693.14,8.41
2026-09-25T19:14:40.907418+00:00,ETH-27NOV26-2300-P,2711.05,ETH-27NOV26,put,2300.0,2026-11-27T08:00:00+00:00,0.17120183704026923,0.026,0.027,0.026611,0.0265,2711.05,ETH-27NOV26,0.5313,-0.19559,3.09926,455.0,51.0,0.0010000000000000009,ETH,2693.14,3522.36
2026-09-25T19:14:40.907418+00:00,ETH-16OCT26-2750-C,2698.11,ETH-16OCT26,call,2750.0,2026-10-16T08:00:00+00:00,0.05621210398072097,0.033,0.0345,0.033741,0.03375,2698.11,ETH-16OCT26,0.4471,0.4495,2.53219,478.0,327.0,0.0015000000000000013,ETH,2693.14,29601.69
2026-09-25T19:14:40.907418+00:00,ETH-26MAR27-3000-P,2748.23,ETH-26MAR27,put,3000.0,2027-03-26T08:00:00+00:00,0.4970060807089893,0.207,0.209,0.207956,0.208,2748.23,ETH-26MAR27,0.5398,-0.51604,7.72482,400.0,10.0,0.0020000000000000018,ETH,2693.14,5649.53
2026-09-25T19:14:40.907418+00:00,ETH-27SEP26-2720-P,2693.66,ETH-27SEP26,put,2720.0,2026-09-27T08:00:00+00:00,0.004192939025211043,0.0095,0.0145,0.012043,0.012,2693.66,ETH-27SEP26,0.2223,-0.75118,0.55258,576.0,103.0,0.005000000000000001,ETH,2693.11,2015.45
2026-09-25T19:14:40.907418+00:00,ETH-25DEC26-5200-P,2720.19,ETH-25DEC26,put,5200.0,2026-12-25T08:00:00+00:00,0.24786165907996807,0.9045,0.926,0.914886,0.91525,2720.19,ETH-25DEC26,0.6329,-0.97118,0.89159,0.0,0.0,0.021500000000000075,ETH,2693.14,0.0
2026-09-25T19:14:40.907418+00:00,ETH-25JUN27-3900-P,2778.55,ETH-25JUN27,put,3900.0,2027-06-25T08:00:00+00:00,0.7461505023380105,0.4775,0.4885,0.483804,0.483,2778.55,ETH-25JUN27,0.5589,-0.67747,8.614,50.0,0.0,0.01100000000000001,ETH,2693.11,0.0
2026-09-25T19:14:40.907418+00:00,ETH-25DEC26-4800-C,2720.45,ETH-25DEC26,call,4800.0,2026-12-25T08:00:00+00:00,0.24786165907996807,0.0046,0.0055,0.005033,0.00505,2720.45,ETH-25DEC26,0.6154,0.04458,1.27428,3294.0,0.0,0.0008999999999999998,ETH,2693.11,0.0
2026-09-25T19:14:40.907418+00:00,ETH-27NOV26-4800-C,2711.05,ETH-27NOV26,call,4800.0,2026-11-27T08:00:00+00:00,0.17120183704026923,0.0015,0.0021,0.001779,0.0018,2711.05,ETH-27NOV26,0.6325999999999999,0.02014,0.54649,11.0,1.0,0.0005999999999999998,ETH,2693.11,4.57
2026-09-25T19:14:40.907418+00:00,ETH-25JUN27-4400-C,2778.55,ETH-25JUN27,call,4400.0,2027-06-25T08:00:00+00:00,0.7461505023380105,0.056,0.058,0.057102,0.057,2778.55,ETH-25JUN27,0.5688,0.2452,7.55084,173.0,0.0,0.0020000000000000018,ETH,2693.11,0.0
2026-09-25T19:14:40.907418+00:00,ETH-29SEP26-2700-P,2694.13,ETH-29SEP26,put,2700.0,2026-09-29T08:00:00+00:00,0.009668640599475246,0.0125,0.0135,0.013099,0.013,2694.13,ETH-29SEP26,0.3032,-0.52376,1.05494,135.0,135.0,0.0009999999999999992,ETH,2693.11,5336.33
2026-09-25T19:14:40.907418+00:00,ETH-25JUN27-2000-P,2778.81,ETH-25JUN27,put,2000.0,2027-06-25T08:00:00+00:00,0.7461505023380105,0.0605,0.062,0.061149,0.06125,2778.81,ETH-25JUN27,0.5661999999999999,-0.17968,6.2928,1444.0,2.0,0.0015000000000000013,ETH,2693.11,318.23
2026-09-25T19:14:40.907418+00:00,ETH-25DEC26-2700-P,2720.45,ETH-25DEC26,put,2700.0,2026-12-25T08:00:00+00:00,0.24786165907996807,0.0975,0.099,0.098193,0.09825,2720.45,ETH-25DEC26,0.5159,-0.43752,5.33784,3171.0,113.0,0.0015000000000000013,ETH,2693.12,29733.5
2026-09-25T19:14:40.907418+00:00,ETH-28SEP26-3100-P,2693.76,ETH-28SEP26,put,3100.0,2026-09-28T08:00:00+00:00,0.006930789812343145,0.1465,0.154,0.151045,0.15025,2693.76,ETH-28SEP26,0.6484000000000001,-0.995,0.03241,0.0,0.0,0.007500000000000007,ETH,2693.12,0.0
2026-09-25T19:14:40.907418+00:00,ETH-27NOV26-2650-P,2711.31,ETH-27NOV26,put,2650.0,2026-11-27T08:00:00+00:00,0.17120183704026923,0.0715,0.073,0.072,0.07225,2711.31,ETH-27NOV26,0.5075,-0.41555,4.37571,749.0,14.0,0.0015000000000000013,ETH,2693.12,2666.85
2026-09-25T19:14:40.907418+00:00,ETH-26SEP26-2940-P,2692.88,ETH-26SEP26,put,2940.0,2026-09-26T08:00:00+00:00,0.0014550882380789413,0.089,0.0945,0.091908,0.09175,2692.88,ETH-26SEP26,0.8409,-0.99679,0.00997,0.0,0.0,0.005500000000000005,ETH,2693.12,0.0
2026-09-25T19:14:40.907418+00:00,ETH-28SEP26-2720-P,2694.02,ETH-28SEP26,put,2720.0,2026-09-28T08:00:00+00:00,0.006930789812343145,0.0125,0.015,0.014086,0.01375,2694.02,ETH-28SEP26,0.2463,-0.67883,0.80307,20.0,20.0,0.0024999999999999988,ETH,2693.12,652.36
2026-09-25T19:14:40.907418+00:00,ETH-24SEP27-4600-C,2809.25,ETH-24SEP27,call,4600.0,2027-09-24T08:00:00+00:00,0.9952949239670317,0.075,0.078,0.076512,0.0765,2809.25,ETH-24SEP27,0.5722,0.28162,9.46351,2.0,2.0,0.0030000000000000027,ETH,2693.12,418.04
2026-09-25T19:14:40.907418+00:00,ETH-25DEC26-7000-C,2720.45,ETH-25DEC26,call,7000.0,2026-12-25T08:00:00+00:00,0.24786165907996807,0.0005,0.001,0.000718,0.00075,2720.45,ETH-25DEC26,0.7178,0.00684,0.2586,3956.0,0.0,0.0005,ETH,2693.15,0.0
2026-09-25T19:14:40.907418+00:00,ETH-2OCT26-2450-C,2694.31,ETH-2OCT26,call,2450.0,2026-10-02T08:00:00+00:00,0.017882192960871547,0.0905,0.094,0.092353,0.09225,2694.31,ETH-2OCT26,0.47229999999999994,0.93782,0.44143,1515.0,10.0,0.003500000000000003,ETH,2693.15,2310.71
2026-09-25T19:14:40.907418+00:00,ETH-29SEP26-2660-C,2694.39,ETH-29SEP26,call,2660.0,2026-09-29T08:00:00+00:00,0.009668640599475246,0.0185,0.0205,0.01918,0.0195,2694.39,ETH-29SEP26,0.3046,0.66995,0.95942,100.0,100.0,0.0020000000000000018,ETH,2693.15,4834.75
2026-09-25T19:14:40.907418+00:00,ETH-2OCT26-2600-C,2694.45,ETH-2OCT26,call,2600.0,2026-10-02T08:00:00+00:00,0.017882192960871547,0.041,0.0445,0.042656,0.04275,2694.45,ETH-2OCT26,0.39289999999999997,0.75964,1.1212,2434.0,24.0,0.003499999999999996,ETH,2693.15,2998.69
2026-09-25T19:14:40.907418+00:00,ETH-25DEC26-1800-P,2720.45,ETH-25DEC26,put,1800.0,2026-12-25T08:00:00+00:00,0.24786165907996807,0.0095,0.0105,0.009988,0.01,2720.45,ETH-25DEC26,0.6124,-0.06602,1.73841,6154.0,50.0,0.0010000000000000009,ETH,2693.15,1483.17
2026-09-25T19:14:40.907418+00:00,ETH-27NOV26-3600-C,2711.05,ETH-27NOV26,call,3600.0,2026-11-27T08:00:00+00:00,0.17120183704026923,0.012,0.013,0.012525,0.0125,2711.05,ETH-27NOV26,0.5408,0.124,2.29682,3830.0,33.0,0.0009999999999999992,ETH,2693.15,1148.82
2026-09-25T19:14:40.907418+00:00,ETH-26SEP26-2900-C,2692.88,ETH-26SEP26,call,2900.0,2026-09-26T08:00:00+00:00,0.0014550882380789413,,0.0001,3.5e-05,,2692.88,ETH-26SEP26,0.7332,0.00415,0.01257,153.0,75.0,,ETH,2693.22,63.05
2026-09-25T19:14:40.907418+00:00,ETH-25JUN27-1400-P,2778.81,ETH-25JUN27,put,1400.0,2027-06-25T08:00:00+00:00,0.7461505023380105,0.018,0.02,0.01908,0.019,2778.81,ETH-25JUN27,0.6335000000000001,-0.06353,2.99057,1802.0,1.0,0.0020000000000000018,ETH,2693.22,50.83
2026-09-25T19:14:40.907418+00:00,ETH-28SEP26-2540-P,2693.76,ETH-28SEP26,put,2540.0,2026-09-28T08:00:00+00:00,0.006930789812343145,0.0002,0.0004,0.000318,0.0003,2693.76,ETH-28SEP26,0.36810000000000004,-0.0266,0.13803,659.0,67.0,0.0002,ETH,2693.22,160.01
2026-09-25T19:14:40.907418+00:00,ETH-25JUN27-1600-C,2778.55,ETH-25JUN27,call,1600.0,2027-06-25T08:00:00+00:00,0.7461505023380105,0.4515,0.455,0.45287,0.45325,2778.55,ETH-25JUN27,0.6029,0.90657,4.00834,357.0,0.0,0.003500000000000003,ETH,2693.22,0.0
2026-09-25T19:14:40.907418+00:00,ETH-27NOV26-2950-C,2711.31,ETH-27NOV26,call,2950.0,2026-11-27T08:00:00+00:00,0.17120183704026923,0.05,0.051,0.050465,0.0505,2711.31,ETH-27NOV26,0.5095000000000001,0.38393,4.28572,528.0,15.0,0.000999999999999994,ETH,2693.22,2156.06
2026-09-25T19:14:40.907418+00:00,ETH-27NOV26-2750-C,2711.31,ETH-27NOV26,call,2750.0,2026-11-27T08:00:00+00:00,0.17120183704026923,0.0765,0.0775,0.076996,0.077,2711.31,ETH-27NOV26,0.5063,0.51458,4.47343,2939.0,0.0,0.0010000000000000009,ETH,2693.22,0.0
2026-09-25T19:14:40.907418+00:00,ETH-25DEC26-5000-C,2720.19,ETH-25DEC26,call,5000.0,2026-12-25T08:00:00+00:00,0.24786165907996807,0.0036,0.0042,0.00392,0.0039,2720.19,ETH-25DEC26,0.6232,0.03544,1.05751,4249.0,10.0,0.0005999999999999998,ETH,2693.23,107.69
2026-09-25T19:14:40.907418+00:00,ETH-26MAR27-3900-C,2748.23,ETH-26MAR27,call,3900.0,2027-03-26T08:00:00+00:00,0.4970060807089893,0.0465,0.048,0.0473,0.04725,2748.23,ETH-26MAR27,0.5576,0.24393,6.07784,1.0,0.0,0.0015000000000000013,ETH,2693.23,0.0
2026-09-25T19:14:40.907418+00:00,ETH-26MAR27-2900-P,2747.97,ETH-26MAR27,put,2900.0,2027-03-26T08:00:00+00:00,0.4970060807089893,0.1825,0.185,0.184186,0.18375,2747.97,ETH-26MAR27,0.539,-0.4807,7.72224,279.0,0.0,0.0025000000000000022,ETH,2693.23,0.0
2026-09-25T19:14:40.907418+00:00,ETH-9OCT26-3400-C,2696.23,ETH-9OCT26,call,3400.0,2026-10-09T08:00:00+00:00,0.03704714847079626,0.0005,0.0006,0.000544,0.00055,2696.23,ETH-9OCT26,0.5432,0.01519,0.19873,3086.0,24.0,9.999999999999994e-05,ETH,2693.22,54.36
2026-09-25T19:14:40.907418+00:00,ETH-25JUN27-4500-C,2778.81,ETH-25JUN27,call,4500.0,2027-06-25T08:00:00+00:00,0.7461505023380105,0.0525,0.0545,0.053535,0.0535,2778.81,ETH-25JUN27,0.5708,0.23243,7.33342,1426.0,11.0,0.0020000000000000018,ETH,2693.23,1555.58
2026-09-25T19:14:40.907418+00:00,ETH-27NOV26-2900-C,2711.31,ETH-27NOV26,call,2900.0,2026-11-27T08:00:00+00:00,0.17120183704026923,0.0555,0.0565,0.056233,0.056,2711.31,ETH-27NOV26,0.5085999999999999,0.41496,4.37445,1400.0,625.0,0.0010000000000000009,ETH,2693.23,99582.62
2026-09-25T19:14:40.907418+00:00,ETH-26MAR27-4400-P,2748.23,ETH-26MAR27,put,4400.0,2027-03-26T08:00:00+00:00,0.4970060807089893,0.6185,0.6445,0.631494,0.6315,2748.23,ETH-26MAR27,0.5714,-0.83314,4.84551,2.0,0.0,0.025999999999999912,ETH,2693.22,0.0
2026-09-25T19:14:40.907418+00:00,ETH-28SEP26-2680-P,2694.02,ETH-28SEP26,put,2680.0,2026-09-28T08:00:00+00:00,0.006930789812343145,0.005,0.006,0.005627,0.0055,2694.02,ETH-28SEP26,0.23739999999999997,-0.39379,0.86268,354.0,147.0,0.001,ETH,2693.22,2688.52
2026-09-25T19:14:40.907418+00:00,ETH-30OCT26-1600-P,2701.97,ETH-30OCT26,put,1600.0,2026-10-30T08:00:00+00:00,0.09454201500057038,0.0007,0.0009,0.000807,0.0008,2701.97,ETH-30OCT26,0.7639,-0.00946,0.21102,3662.0,0.0,0.00019999999999999998,ETH,2693.22,0.0
2026-09-25T19:14:40.907418+00:00,ETH-25JUN27-4200-C,2778.81,ETH-25JUN27,call,4200.0,2027-06-25T08:00:00+00:00,0.7461505023380105,0.064,0.066,0.065192,0.065,2778.81,ETH-25JUN27,0.5647,0.27336,7.98768,574.0,0.0,0.0020000000000000018,ETH,2693.22,0.0
2026-09-25T19:14:40.907418+00:00,ETH-27NOV26-4800-P,2711.05,ETH-27NOV26,put,4800.0,2026-11-27T08:00:00+00:00,0.17120183704026923,0.764,0.7815,0.772546,0.77275,2711.05,ETH-27NOV26,0.6325999999999999,-0.97985,0.54667,0.0,0.0,0.01749999999999996,ETH,2693.22,0.0
2026-09-25T19:14:40.907418+00:00,ETH-24SEP27-3200-C,2809.51,ETH-24SEP27,call,3200.0,2027-09-24T08:00:00+00:00,0.9952949239670317,0.1685,0.172,0.17035,0.17025,2809.51,ETH-24SEP27,0.5558,0.51698,11.17467,2502.0,2.0,0.0034999999999999754,ETH,2693.22,918.01
2026-09-25T19:14:40.907418+00:00,ETH-27NOV26-2500-P,2711.31,ETH-27NOV26,put,2500.0,2026-11-27T08:00:00+00:00,0.17120183704026923,0.048,0.049,0.048571,0.0485,2711.31,ETH-27NOV26,0.5155,-0.31329,3.97686,2557.0,96.0,0.0010000000000000009,ETH,2693.22,12699.82
2026-09-25T19:14:40.907418+00:00,ETH-26MAR27-1000-C,2748.23,ETH-26MAR27,call,1000.0,2027-03-26T08:00:00+00:00,0.4970060807089893,0.6385,0.6415,0.64014,0.64,2748.23,ETH-26MAR27,0.7768999999999999,0.98295,0.81897,269.0,0.0,0.0030000000000000027,ETH,2693.21,0.0
2026-09-25T19:14:40.907418+00:00,ETH-25JUN27-3300-C,2778.81,ETH-25JUN27,call,3300.0,2027-06-25T08:00:00+00:00,0.7461505023380105,0.123,0.1255,0.124478,0.12425,2778.81,ETH-25JUN27,0.5496,0.45038,9.50421,2277.0,0.0,0.0025000000000000022,ETH,2693.21,0.0
2026-09-25T19:14:40.907418+00:00,ETH-26SEP26-2580-P,2692.88,ETH-26SEP26,put,2580.0,2026-09-26T08:00:00+00:00,0.0014550882380789413,,0.0001,3.6e-05,,2692.88,ETH-26SEP26,0.4526,-0.00626,0.01811,339.0,84.0,,ETH,2693.21,135.11
2026-09-25T19:14:40.907418+00:00,ETH-27NOV26-4000-C,2711.05,ETH-27NOV26,call,4000.0,2026-11-27T08:00:00+00:00,0.17120183704026923,0.0055,0.0065,0.005975,0.006,2711.05,ETH-27NOV26,0.5716,0.06353,1.39761,1827.0,4.0,0.001,ETH,2693.21,64.27
2026-09-25T19:14:40.907418+00:00,ETH-27SEP26-2900-P,2693.66,ETH-27SEP26,put,2900.0,2026-09-27T08:00:00+00:00,0.004192939025211043,0.074,0.0795,0.076878,0.07675,2693.66,ETH-27SEP26,0.49340000000000006,-0.98923,0.04957,0.0,0.0,0.005500000000000005,ETH,2693.21,0.0
2026-09-25T19:14:40.907418+00:00,ETH-25JUN27-1500-C,2778.55,ETH-25JUN27,call,1500.0,2027-06-25T08:00:00+00:00,0.7461505023380105,0.4815,0.4855,0.483495,0.4835,2778.55,ETH-25JUN27,0.6163000000000001,0.92278,3.47505,50.0,0.0,0.0040000000000000036,ETH,2693.21,0.0
2026-09-25T19:14:40.907418+00:00,ETH-25DEC26-6500-P,2720.45,ETH-25DEC26,put,6500.0,2026-12-25T08:00:00+00:00,0.24786165907996807,1.3775,1.406,1.390714,1.39175,2720.45,ETH-25DEC26,0.698,-0.99016,0.35595,0.0,0.0,0.02849999999999997,ETH,2693.2,0.0
2026-09-25T19:14:40.907418+00:00,ETH-16OCT26-2200-C,2697.98,ETH-16OCT26,call,2200.0,2026-10-16T08:00:00+00:00,0.05621210398072097,0.1855,0.1895,0.187544,0.1875,2697.98,ETH-16OCT26,0.5525,0.94777,0.68329,0.0,0.0,0.0040000000000000036,ETH,2693.2,0.0
2026-09-25T19:14:40.907418+00:00,ETH-26MAR27-3600-C,2748.23,ETH-26MAR27,call,3600.0,2027-03-26T08:00:00+00:00,0.4970060807089893,0.0625,0.0635,0.063112,0.063,2748.23,ETH-26MAR27,0.5499,0.30767,6.81437,2008.0,75.0,0.0010000000000000009,ETH,2693.2,12755.96
2026-09-25T19:14:40.907418+00:00,ETH-28SEP26-2700-C,2694.02,ETH-28SEP26,call,2700.0,2026-09-28T08:00:00+00:00,0.006930789812343145,0.0065,0.0075,0.006846,0.007,2694.02,ETH-28SEP26,0.2409,0.45799,0.8896,182.0,27.0,0.001,ETH,2693.2,654.24
2026-09-25T19:14:40.907418+00:00,ETH-26MAR27-3400-P,2748.23,ETH-26MAR27,put,3400.0,2027-03-26T08:00:00+00:00,0.4970060807089893,0.3105,0.318,0.314501,0.31425,2748.23,ETH-26MAR27,0.5457,-0.64089,7.24394,13.0,0.0,0.007500000000000007,ETH,2693.2,0.0
2026-09-25T19:14:40.907418+00:00,ETH-26SEP26-2800-C,2692.88,ETH-26SEP26,call,2800.0,2026-09-26T08:00:00+00:00,0.0014550882380789413,,0.0002,0.00011,,2692.88,ETH-26SEP26,0.48090000000000005,0.01682,0.04283,6560.0,3835.0,,ETH,2693.19,15456.23
2026-09-25T19:14:40.907418+00:00,ETH-30OCT26-1400-C,2702.23,ETH-30OCT26,call,1400.0,2026-10-30T08:00:00+00:00,0.09454201500057038,0.4805,0.4835,0.482223,0.482,2702.23,ETH-30OCT26,0.8590000000000001,0.99561,0.10691,50.0,0.0,0.0030000000000000027,ETH,2693.19,0.0
2026-09-25T19:14:40.907418+00:00,ETH-9OCT26-2750-P,2696.49,ETH-9OCT26,put,2750.0,2026-10-09T08:00:00+00:00,0.03704714847079626,0.043,0.0445,0.044029,0.04375,2696.49,ETH-9OCT26,0.4265,-0.57912,2.02999,471.0,214.0,0.0015000000000000013,ETH,2693.18,27647.99
2026-09-25T19:14:40.907418+00:00,ETH-25DEC26-2600-C,2720.45,ETH-25DEC26,call,2600.0,2026-12-25T08:00:00+00:00,0.24786165907996807,0.123,0.125,0.123898,0.124,2720.45,ETH-25DEC26,0.5177,0.61949,5.16019,9079.0,273.0,0.0020000000000000018,ETH,2693.19,89492.1
2026-09-25T19:14:40.907418+00:00,ETH-25JUN27-2400-C,2778.81,ETH-25JUN27,call,2400.0,2027-06-25T08:00:00+00:00,0.7461505023380105,0.2495,0.2545,0.251235,0.252,2778.81,ETH-25JUN27,0.5501,0.7074,8.25284,942.0,18.0,0.0050000000000000044,ETH,2693.19,11966.04
2026-09-25T19:14:40.907418+00:00,ETH-25JUN27-5000-C,2778.81,ETH-25JUN27,call,5000.0,2027-06-25T08:00:00+00:00,0.7461505023380105,0.0385,0.0405,0.039505,0.0395,2778.81,ETH-25JUN27,0.5819,0.17955,6.29023,5430.0,42.0,0.0020000000000000018,ETH,2693.19,4517.28
2026-09-25T19:14:40.907418+00:00,ETH-25JUN27-2500-P,2778.81,ETH-25JUN27,put,2500.0,2027-06-25T08:00:00+00:00,0.7461505023380105,0.131,0.133,0.132126,0.132,2778.81,ETH-25JUN27,0.5484,-0.32281,8.61723,3299.0,1.0,0.0020000000000000018,ETH,2693.18,360.38
2026-09-25T19:14:40.907418+00:00,ETH-28SEP26-2760-C,2694.02,ETH-28SEP26,call,2760.0,2026-09-28T08:00:00+00:00,0.006930789812343145,0.0015,0.0018,0.001623,0.00165,2694.02,ETH-28SEP26,0.2711,0.14322,0.50683,1184.0,1243.0,0.0002999999999999999,ETH,2693.18,17183.83
2026-09-25T19:14:40.907418+00:00,ETH-30OCT26-1850-P,2701.97,ETH-30OCT26,put,1850.0,2026-10-30T08:00:00+00:00,0.09454201500057038,0.0018,0.0021,0.00195,0.00195,2701.97,ETH-30OCT26,0.6559999999999999,-0.02394,0.46844,1286.0,101.0,0.0002999999999999999,ETH,2693.18,470.43
2026-09-25T19:14:40.907418+00:00,ETH-26SEP26-2860-C,2693.02,ETH-26SEP26,call,2860.0,2026-09-26T08:00:00+00:00,0.0014550882380789413,,0.0001,5.6e-05,,2693.02,ETH-26SEP26,0.6416,0.00713,0.02032,1136.0,1250.0,,ETH,2693.18,1004.91
2026-09-25T19:14:40.907418+00:00,ETH-2OCT26-2700-P,2694.45,ETH-2OCT26,put,2700.0,2026-10-02T08:00:00+00:00,0.017882192960871547,0.0205,0.022,0.021419,0.02125,2694.45,ETH-2OCT26,0.3809,-0.50606,1.43749,1369.0,1329.0,0.0014999999999999979,ETH,2693.18,84472.58
2026-09-25T19:14:40.907418+00:00,ETH-28SEP26-2840-C,2693.76,ETH-28SEP26,call,2840.0,2026-09-28T08:00:00+00:00,0.006930789812343145,0.0003,0.0005,0.000348,0.0004,2693.76,ETH-28SEP26,0.3406,0.03208,0.16127,203.0,143.0,0.00020000000000000004,ETH,2693.18,689.89
2026-09-25T19:14:40.907418+00:00,ETH-30OCT26-3050-C,2702.23,ETH-30OCT26,call,3050.0,2026-10-30T08:00:00+00:00,0.09454201500057038,0.0185,0.0195,0.018926,0.019,2702.23,ETH-30OCT26,0.4885,0.23228,2.53741,504.0,258.0,0.0010000000000000009,ETH,2693.18,14350.38
2026-09-25T19:14:40.907418+00:00,ETH-9OCT26-2600-P,2696.49,ETH-9OCT26,put,2600.0,2026-10-09T08:00:00+00:00,0.03704714847079626,0.0175,0.0185,0.017939,0.018,2696.49,ETH-9OCT26,0.4339,-0.31681,1.8485,848.0,596.0,0.0009999999999999974,ETH,2693.18,30842.14
2026-09-25T19:14:40.907418+00:00,ETH-25DEC26-4200-C,2720.45,ETH-25DEC26,call,4200.0,2026-12-25T08:00:00+00:00,0.24786165907996807,0.0095,0.0105,0.009996,0.01,2720.45,ETH-25DEC26,0.5755,0.08499,2.10783,6309.0,30.0,0.0010000000000000009,ETH,2693.18,806.82
2026-09-25T19:14:40.907418+00:00,ETH-16OCT26-3200-P,2697.98,ETH-16OCT26,put,3200.0,2026-10-16T08:00:00+00:00,0.05621210398072097,0.187,0.194,0.190327,0.1905,2697.98,ETH-16OCT26,0.4951,-0.91836,0.96594,0.0,0.0,0.007000000000000006,ETH,2693.18,0.0
2026-09-25T19:14:40.907418+00:00,ETH-27SEP26-2950-C,2693.66,ETH-27SEP26,call,2950.0,2026-09-27T08:00:00+00:00,0.004192939025211043,,0.0001,7.3e-05,,2693.66,ETH-27SEP26,0.5597,0.00632,0.03103,491.0,10.0,,ETH,2693.18,8.14
2026-09-25T19:14:40.907418+00:00,ETH-26MAR27-8000-P,2748.23,ETH-26MAR27,put,8000.0,2027-03-26T08:00:00+00:00,0.4970060807089893,1.8895,1.9395,1.915105,1.9145,2748.23,ETH-26MAR27,0.677,-0.97723,1.04706,0.0,0.0,0.050000000000000044,ETH,2693.18,0.0
2026-09-25T19:14:40.907418+00:00,ETH-25JUN27-6500-P,2778.81,ETH-25JUN27,put,6500.0,2027-06-25T08:00:00+00:00,0.7461505023380105,1.3355,1.3775,1.357953,1.3565,2778.81,ETH-25JUN27,0.6154,-0.90865,3.94229,0.0,0.0,0.04200000000000004,ETH,2693.18,0.0
2026-09-25T19:14:40.907418+00:00,ETH-16OCT26-2600-C,2698.11,ETH-16OCT26,call,2600.0,2026-10-16T08:00:00+00:00,0.05621210398072097,0.0615,0.0635,0.062251,0.0625,2698.11,ETH-16OCT26,0.4486,0.65587,2.3553,73.0,3.0,0.0020000000000000018,ETH,2693.18,524.82
2026-09-25T19:14:40.907418+00:00,ETH-30OCT26-2550-C,2702.23,ETH-30OCT26,call,2550.0,2026-10-30T08:00:00+00:00,0.09454201500057038,0.0885,0.0905,0.089127,0.0895,2702.23,ETH-30OCT26,0.4756,0.6804,2.97036,2486.0,0.0,0.0020000000000000018,ETH,2693.18,0.0
2026-09-25T19:14:40.907418+00:00,ETH-2OCT26-2650-C,2694.45,ETH-2OCT26,call,2650.0,2026-10-02T08:00:00+00:00,0.017882192960871547,0.029,0.0305,0.029516,0.02975,2694.45,ETH-2OCT26,0.3825,0.63701,1.35202,1117.0,200.0,0.0014999999999999979,ETH,2693.18,20601.9
2026-09-25T19:14:40.907418+00:00,ETH-27NOV26-2600-C,2711.31,ETH-27NOV26,call,2600.0,2026-11-27T08:00:00+00:00,0.17120183704026923,0.1035,0.1055,0.104506,0.1045,2711.31,ETH-27NOV26,0.511,0.61923,4.27505,1384.0,39.0,0.0020000000000000018,ETH,2693.18,11010.23
2026-09-25T19:14:40.907418+00:00,ETH-29SEP26-2720-C,2694.39,ETH-29SEP26,call,2720.0,2026-09-29T08:00:00+00:00,0.009668640599475246,0.0075,0.008,0.007677,0.00775,2694.39,ETH-29SEP26,0.3023,0.37929,1.00809,2.0,2.0,0.0005000000000000004,ETH,2693.18,40.27
2026-09-25T19:14:40.907418+00:00,ETH-26MAR27-5000-P,2748.23,ETH-26MAR27,put,5000.0,2027-03-26T08:00:00+00:00,0.4970060807089893,0.8235,0.853,0.838286,0.83825,2748.23,ETH-26MAR27,0.5895,-0.89104,3.61923,21.0,0.0,0.02949999999999997,ETH,2693.18,0.0
2026-09-25T19:14:40.907418+00:00,ETH-26SEP26-2600-P,2692.88,ETH-26SEP26,put,2600.0,2026-09-26T08:00:00+00:00,0.0014550882380789413,,0.0002,7.1e-05,,2692.88,ETH-26SEP26,0.4131,-0.01246,0.03309,726.0,721.0,,ETH,2693.18,2892.03
2026-09-25T19:14:40.907418+00:00,ETH-30OCT26-3200-C,2702.23,ETH-30OCT26,call,3200.0,2026-10-30T08:00:00+00:00,0.09454201500057038,0.011,0.0115,0.011303,0.01125,2702.23,ETH-30OCT26,0.4979,0.15194,1.9543,13437.0,628.0,0.0005000000000000004,ETH,2693.18,20208.53
2026-09-25T19:14:40.907418+00:00,ETH-26SEP26-2540-C,2693.02,ETH-26SEP26,call,2540.0,2026-09-26T08:00:00+00:00,0.0014550882380789413,0.054,0.06,0.056706,0.057,2693.02,ETH-26SEP26,0.5818,0.996,0.01216,0.0,0.0,0.005999999999999998,ETH,2693.18,0.0
2026-09-25T19:14:40.907418+00:00,ETH-26MAR27-800-C,2747.97,ETH-26MAR27,call,800.0,2027-03-26T08:00:00+00:00,0.4970060807089893,0.71,0.7125,0.711115,0.71125,2747.97,ETH-26MAR27,0.8508,0.99078,0.48111,0.0,0.0,0.0025000000000000577,ETH,2693.18,0.0
2026-09-25T19:14:40.907418+00:00,ETH-26MAR27-4400-C,2748.23,ETH-26MAR27,call,4400.0,2027-03-26T08:00:00+00:00,0.4970060807089893,0.0295,0.0305,0.030103,0.03,2748.23,ETH-26MAR27,0.5714,0.16684,4.84524,940.0,10.0,0.0010000000000000009,ETH,2693.18,808.9
2026-09-25T19:14:40.907418+00:00,ETH-26SEP26-2900-P,2693.02,ETH-26SEP26,put,2900.0,2026-09-26T08:00:00+00:00,0.0014550882380789413,0.073,0.0805,0.077057,0.07675,2693.02,ETH-26SEP26,0.7332,-0.99581,0.01266,18.0,0.0,0.007500000000000007,ETH,2693.37,0.0
2026-09-25T19:14:40.907418+00:00,ETH-25DEC26-3000-P,2720.45,ETH-25DEC26,put,3000.0,2026-12-25T08:00:00+00:00,0.24786165907996807,0.1665,0.168,0.167255,0.16725,2720.45,ETH-25DEC26,0.5192,-0.59836,5.23974,839.0,44.0,0.0015000000000000013,ETH,2693.37,19765.1
2026-09-25T19:14:40.907418+00:00,ETH-29SEP26-2860-C,2694.39,ETH-29SEP26,call,2860.0,2026-09-29T08:00:00+00:00,0.009668640599475246,0.0007,0.001,0.000817,0.00085,2694.39,ETH-29SEP26,0.37329999999999997,0.05398,0.29037,274.0,274.0,0.00030000000000000003,ETH,2693.37,1031.83
2026-09-25T19:14:40.907418+00:00,ETH-24SEP27-5500-P,2809.25,ETH-24SEP27,put,5500.0,2027-09-24T08:00:00+00:00,0.9952949239670317,0.9875,1.0265,1.007423,1.007,2809.25,ETH-24SEP27,0.586,-0.80414,7.7505,0.0,0.0,0.038999999999999924,ETH,2693.37,0.0
2026-09-25T19:14:40.907418+00:00,ETH-25JUN27-4100-C,2778.81,ETH-25JUN27,call,4100.0,2027-06-25T08:00:00+00:00,0.7461505023380105,0.0685,0.071,0.069787,0.06975,2778.81,ETH-25JUN27,0.5628,0.28888,8.204,3.0,0.0,0.0024999999999999883,ETH,2693.37,0.0
2026-09-25T19:14:40.907418+00:00,ETH-29SEP26-2900-P,2694.13,ETH-29SEP26,put,2900.0,2026-09-29T08:00:00+00:00,0.009668640599475246,0.0735,0.08,0.077086,0.07675,2694.13,ETH-29SEP26,0.4065,-0.96589,0.20039,0.0,0.0,0.006500000000000006,ETH,2693.37,0.0
2026-09-25T19:14:40.907418+00:00,ETH-27SEP26-2450-P,2693.66,ETH-27SEP26,put,2450.0,2026-09-27T08:00:00+00:00,0.004192939025211043,,0.0001,5.8e-05,,2693.66,ETH-27SEP26,0.5703,-0.00485,0.02453,15.0,0.0,,ETH,2693.37,0.0
2026-09-25T19:14:40.907418+00:00,ETH-25JUN27-1900-P,2778.81,ETH-25JUN27,put,1900.0,2027-06-25T08:00:00+00:00,0.7461505023380105,0.0505,0.052,0.051191,0.05125,2778.81,ETH-25JUN27,0.5731,-0.15497,5.72105,3377.0,1.0,0.0014999999999999944,ETH,2693.48,135.25
2026-09-25T19:14:40.907418+00:00,ETH-28SEP26-2460-P,2693.76,ETH-28SEP26,put,2460.0,2026-09-28T08:00:00+00:00,0.006930789812343145,0.0001,0.0003,0.000184,0.0002,2693.76,ETH-28SEP26,0.49200000000000005,-0.0126,0.07304,0.0,0.0,0.00019999999999999998,ETH,2693.48,0.0
2026-09-25T19:14:40.907418+00:00,ETH-29SEP26-2620-P,2694.39,ETH-29SEP26,put,2620.0,2026-09-29T08:00:00+00:00,0.009668640599475246,0.003,0.0034,0.003257,0.0032,2694.39,ETH-29SEP26,0.3215,-0.18366,0.70402,577.0,577.0,0.00039999999999999975,ETH,2693.48,7274.15
2026-09-25T19:14:40.907418+00:00,ETH-28SEP26-2860-P,2693.76,ETH-28SEP26,put,2860.0,2026-09-28T08:00:00+00:00,0.006930789812343145,0.0585,0.065,0.062119,0.06175,2693.76,ETH-28SEP26,0.3607,-0.97593,0.12695,0.0,0.0,0.006499999999999999,ETH,2693.48,0.0
2026-09-25T19:14:40.907418+00:00,ETH-26SEP26-2520-P,2692.88,ETH-26SEP26,put,2520.0,2026-09-26T08:00:00+00:00,0.0014550882380789413,,0.0001,3e-05,,2692.88,ETH-26SEP26,0.6548999999999999,-0.00369,0.01129,334.0,331.0,,ETH,2693.5,329.13
2026-09-25T19:14:40.907418+00:00,ETH-16OCT26-3000-P,2697.98,ETH-16OCT26,put,3000.0,2026-10-16T08:00:00+00:00,0.05621210398072097,0.1195,0.1255,0.122442,0.1225,2697.98,ETH-16OCT26,0.4653,-0.81721,1.69547,0.0,0.0,0.006000000000000005,ETH,2693.5,0.0
2026-09-25T19:14:40.907418+00:00,ETH-27NOV26-3400-P,2711.05,ETH-27NOV26,put,3400.0,2026-11-27T08:00:00+00:00,0.17120183704026923,0.27,0.278,0.273265,0.274,2711.05,ETH-27NOV26,0.5284,-0.82268,2.91704,3.0,0.0,0.008000000000000007,ETH,2693.5,0.0
2026-09-25T19:14:40.907418+00:00,ETH-25DEC26-4500-C,2720.19,ETH-25DEC26,call,4500.0,2026-12-25T08:00:00+00:00,0.24786165907996807,0.0065,0.0075,0.006991,0.007,2720.19,ETH-25DEC26,0.596,0.06091,1.63313,3349.0,0.0,0.001,ETH,2693.5,0.0
2026-09-25T19:14:40.907418+00:00,ETH-30OCT26-1000-P,2702.23,ETH-30OCT26,put,1000.0,2026-10-30T08:00:00+00:00,0.09454201500057038,,0.0001,8.5e-05,,2702.23,ETH-30OCT26,1.0872,-0.00084,0.02397,2460.0,0.0,,ETH,2693.5,0.0
2026-09-25T19:14:40.907418+00:00,ETH-25JUN27-1400-C,2778.81,ETH-25JUN27,call,1400.0,2027-06-25T08:00:00+00:00,0.7461505023380105,0.5135,0.517,0.515194,0.51525,2778.81,ETH-25JUN27,0.6335000000000001,0.93649,2.99014,50.0,0.0,0.0035000000000000586,ETH,2693.5,0.0
2026-09-25T19:14:40.907418+00:00,ETH-26MAR27-2300-C,2748.23,ETH-26MAR27,call,2300.0,2027-03-26T08:00:00+00:00,0.4970060807089893,0.235,0.2385,0.236593,0.23675,2748.23,ETH-26MAR27,0.5478999999999999,0.74345,6.24334,5130.0,0.0,0.003500000000000003,ETH,2693.5,0.0
2026-09-25T19:14:40.907418+00:00,ETH-28SEP26-2600-C,2693.76,ETH-28SEP26,call,2600.0,2026-09-28T08:00:00+00:00,0.006930789812343145,0.0325,0.039,0.035382,0.03575,2693.76,ETH-28SEP26,0.2852,0.93426,0.28685,18.0,0.0,0.006499999999999999,ETH,2693.5,0.0
2026-09-25T19:14:40.907418+00:00,ETH-26SEP26-2680-P,2692.88,ETH-26SEP26,put,2680.0,2026-09-26T08:00:00+00:00,0.0014550882380789413,0.0011,0.0016,0.001574,0.00135,2692.88,ETH-26SEP26,0.2254,-0.2808,0.34568,1245.0,1001.0,0.0005,ETH,2693.54,10145.32
2026-09-25T19:14:40.907418+00:00,ETH-25DEC26-3500-P,2720.45,ETH-25DEC26,put,3500.0,2026-12-25T08:00:00+00:00,0.24786165907996807,0.3115,0.3195,0.314838,0.3155,2720.45,ETH-25DEC26,0.5377000000000001,-0.79019,3.90277,70.0,6.0,0.008000000000000007,ETH,2693.54,5138.82
2026-09-25T19:14:40.907418+00:00,ETH-26MAR27-6000-C,2748.23,ETH-26MAR27,call,6000.0,2027-03-26T08:00:00+00:00,0.4970060807089893,0.009,0.01,0.00949,0.0095,2748.23,ETH-26MAR27,0.6214,0.05908,2.28092,5409.0,5.0,0.0010000000000000009,ETH,2693.54,121.49
2026-09-25T19:14:40.907418+00:00,ETH-29SEP26-2560-P,2694.39,ETH-29SEP26,put,2560.0,2026-09-29T08:00:00+00:00,0.009668640599475246,0.0011,0.0014,0.001279,0.00125,2694.39,ETH-29SEP26,0.36840000000000006,-0.07623,0.37974,1265.0,1265.0,0.0002999999999999999,ETH,2693.54,7960.89
2026-09-25T19:14:40.907418+00:00,ETH-24SEP27-2400-C,2809.51,ETH-24SEP27,call,2400.0,2027-09-24T08:00:00+00:00,0.9952949239670317,0.274,0.291,0.284107,0.2825,2809.51,ETH-24SEP27,0.5583,0.71274,9.55522,0.0,0.0,0.01699999999999996,ETH,2693.54,0.0
2026-09-25T19:14:40.907418+00:00,ETH-24SEP27-2000-P,2809.25,ETH-24SEP27,put,2000.0,2027-09-24T08:00:00+00:00,0.9952949239670317,0.078,0.0805,0.079396,0.07925,2809.25,ETH-24SEP27,0.5693,-0.1888,7.57927,152.0,9.0,0.0025000000000000022,ETH,2693.54,1917.09
2026-09-25T19:14:40.907418+00:00,ETH-2OCT26-2900-P,2694.45,ETH-2OCT26,put,2900.0,2026-10-02T08:00:00+00:00,0.017882192960871547,0.0755,0.0815,0.078936,0.0785,2694.45,ETH-2OCT26,0.4163,-0.90157,0.62527,38.0,10.0,0.006000000000000005,ETH,2693.53,2391.17
2026-09-25T19:14:40.907418+00:00,ETH-26MAR27-3500-P,2748.23,ETH-26MAR27,put,3500.0,2027-03-26T08:00:00+00:00,0.4970060807089893,0.3405,0.347,0.343518,0.34375,2748.23,ETH-26MAR27,0.5477000000000001,-0.66744,7.04078,24.0,0.0,0.00649999999999995,ETH,2693.53,0.0
2026-09-25T19:14:40.907418+00:00,ETH-30OCT26-3400-P,2702.23,ETH-30OCT26,put,3400.0,2026-10-30T08:00:00+00:00,0.09454201500057038,0.2605,0.268,0.264414,0.26425,2702.23,ETH-30OCT26,0.5191,-0.91287,1.31754,1.0,0.0,0.007500000000000007,ETH,2693.53,0.0
2026-09-25T19:14:40.907418+00:00,ETH-24SEP27-2700-P,2809.25,ETH-24SEP27,put,2700.0,2027-09-24T08:00:00+00:00,0.9952949239670317,0.1935,0.197,0.195228,0.19525,2809.25,ETH-24SEP27,0.5555,-0.36355,10.52536,300.0,300.0,0.003500000000000003,ETH,2693.53,156823.86
2026-09-25T19:14:40.907418+00:00,ETH-25DEC26-5200-C,2720.19,ETH-25DEC26,call,5200.0,2026-12-25T08:00:00+00:00,0.24786165907996807,0.0029,0.0034,0.00315,0.00315,2720.19,ETH-25DEC26,0.6329,0.02886,0.89267,9570.0,0.0,0.0005,ETH,2693.53,0.0
2026-09-25T19:14:40.907418+00:00,ETH-27NOV26-4400-C,2711.05,ETH-27NOV26,call,4400.0,2026-11-27T08:00:00+00:00,0.17120183704026923,0.0029,0.0034,0.003141,0.00315,2711.05,ETH-27NOV26,0.603,0.03477,0.86239,1164.0,0.0,0.0005,ETH,2693.52,0.0
2026-09-25T19:14:40.907418+00:00,ETH-9OCT26-2300-C,2696.23,ETH-9OCT26,call,2300.0,2026-10-09T08:00:00+00:00,0.03704714847079626,0.1475,0.1515,0.14942,0.1495,2696.23,ETH-9OCT26,0.5373,0.94401,0.58572,18.0,0.0,0.0040000000000000036,ETH,2693.52,0.0
2026-09-25T19:14:40.907418+00:00,ETH-2OCT26-2750-P,2694.45,ETH-2OCT26,put,2750.0,2026-10-02T08:00:00+00:00,0.017882192960871547,0.0315,0.0335,0.032577,0.0325,2694.45,ETH-2OCT26,0.3824,-0.64471,1.34218,531.0,98.0,0.0020000000000000018,ETH,2693.52,9308.56
2026-09-25T19:14:40.907418+00:00,ETH-9OCT26-2850-P,2696.49,ETH-9OCT26,put,2850.0,2026-10-09T08:00:00+00:00,0.03704714847079626,0.068,0.072,0.070157,0.07,2696.49,ETH-9OCT26,0.4336,-0.73281,1.70754,44.0,0.0,0.00399999999999999,ETH,2693.52,0.0
2026-09-25T19:14:40.907418+00:00,ETH-30OCT26-2250-C,2702.23,ETH-30OCT26,call,2250.0,2026-10-30T08:00:00+00:00,0.09454201500057038,0.1745,0.178,0.176255,0.17625,2702.23,ETH-30OCT26,0.5178,0.8906,1.55671,627.0,0.0,0.003500000000000003,ETH,2693.52,0.0
2026-09-25T19:14:40.907418+00:00,ETH-29SEP26-2720-P,2694.39,ETH-29SEP26,put,2720.0,2026-09-29T08:00:00+00:00,0.009668640599475246,0.0165,0.0185,0.017414,0.0175,2694.39,ETH-29SEP26,0.3023,-0.61905,1.00956,38.0,38.0,0.0019999999999999983,ETH,2693.52,1684.46
2026-09-25T19:14:40.907418+00:00,ETH-24SEP27-3800-C,2809.51,ETH-24SEP27,call,3800.0,2027-09-24T08:00:00+00:00,0.9952949239670317,0.117,0.1205,0.118697,0.11875,2809.51,ETH-24SEP27,0.5613,0.39785,10.81739,152.0,152.0,0.0034999999999999892,ETH,2693.52,48720.23
2026-09-25T19:14:40.907418+00:00,ETH-24SEP27-3100-P,2809.51,ETH-24SEP27,put,3100.0,2027-09-24T08:00:00+00:00,0.9952949239670317,0.279,0.287,0.284906,0.283,2809.51,ETH-24SEP27,0.5553,-0.46028,11.13125,0.0,0.0,0.007999999999999952,ETH,2693.67,0.0
2026-09-25T19:14:40.907418+00:00,ETH-28SEP26-2780-P,2693.76,ETH-28SEP26,put,2780.0,2026-09-28T08:00:00+00:00,0.006930789812343145,0.03,0.0355,0.0332,0.03275,2693.76,ETH-28SEP26,0.2869,-0.90373,0.38276,0.0,0.0,0.005499999999999998,ETH,2693.67,0.0
2026-09-25T19:14:40.907418+00:00,ETH-30OCT26-1900-P,2701.97,ETH-30OCT26,put,1900.0,2026-10-30T08:00:00+00:00,0.09454201500057038,0.0021,0.0025,0.0023,0.0023,2701.97,ETH-30OCT26,0.6343,-0.02851,0.54208,1231.0,55.0,0.0004000000000000002,ETH,2693.67,369.91
2026-09-25T19:14:40.907418+00:00,ETH-30OCT26-2900-P,2702.23,ETH-30OCT26,put,2900.0,2026-10-30T08:00:00+00:00,0.09454201500057038,0.1025,0.1065,0.104219,0.1045,2702.23,ETH-30OCT26,0.4771,-0.65812,3.05202,145.0,2.0,0.0040000000000000036,ETH,2693.67,601.51
2026-09-25T19:14:40.907418+00:00,ETH-9OCT26-2100-C,2696.23,ETH-9OCT26,call,2100.0,2026-10-09T08:00:00+00:00,0.03704714847079626,0.2205,0.224,0.222059,0.22225,2696.23,ETH-9OCT26,0.6589,0.97907,0.26122,0.0,0.0,0.003500000000000003,ETH,2693.67,0.0
2026-09-25T19:14:40.907418+00:00,ETH-24SEP27-2400-P,2809.25,ETH-24SEP27,put,2400.0,2027-09-24T08:00:00+00:00,0.9952949239670317,0.1365,0.14,0.138473,0.13825,2809.25,ETH-24SEP27,0.5583,-0.28726,9.55522,52.0,1.0,0.003500000000000003,ETH,2693.67,377.92
2026-09-25T19:14:40.907418+00:00,ETH-28SEP26-2520-C,2693.76,ETH-28SEP26,call,2520.0,2026-09-28T08:00:00+00:00,0.006930789812343145,0.062,0.068,0.064676,0.065,2693.76,ETH-28SEP26,0.40490000000000004,0.97727,0.12102,18.0,0.0,0.006000000000000005,ETH,2693.89,0.0
2026-09-25T19:14:40.907418+00:00,ETH-25DEC26-4600-P,2720.45,ETH-25DEC26,put,4600.0,2026-12-25T08:00:00+00:00,0.24786165907996807,0.688,0.7065,0.69714,0.69725,2720.45,ETH-25DEC26,0.5979,-0.94681,1.46795,0.0,0.0,0.018500000000000072,ETH,2693.89,0.0
2026-09-25T19:14:40.907418+00:00,ETH-26MAR27-900-C,2748.23,ETH-26MAR27,call,900.0,2027-03-26T08:00:00+00:00,0.4970060807089893,0.674,0.677,0.67553,0.6755,2748.23,ETH-26MAR27,0.812,0.98732,0.63496,68.0,0.0,0.0030000000000000027,ETH,2693.89,0.0
2026-09-25T19:14:40.907418+00:00,ETH-26SEP26-2660-P,2692.88,ETH-26SEP26,put,2660.0,2026-09-26T08:00:00+00:00,0.0014550882380789413,0.0003,0.0006,0.000433,0.00045,2692.88,ETH-26SEP26,0.2473,-0.08968,0.16612,1410.0,1162.0,0.0003,ETH,2693.92,6069.97
2026-09-25T19:14:40.907418+00:00,ETH-27SEP26-2800-P,2693.66,ETH-27SEP26,put,2800.0,2026-09-27T08:00:00+00:00,0.004192939025211043,0.036,0.0425,0.039912,0.03925,2693.66,ETH-27SEP26,0.3267,-0.96503,0.13464,0.0,0.0,0.006500000000000006,ETH,2693.89,0.0
2026-09-25T19:14:40.907418+00:00,ETH-27NOV26-1800-C,2711.05,ETH-27NOV26,call,1800.0,2026-11-27T08:00:00+00:00,0.17120183704026923,0.34,0.343,0.34146,0.3415,2711.05,ETH-27NOV26,0.6359,0.95435,1.07624,0.0,0.0,0.0030000000000000027,ETH,2693.92,0.0
2026-09-25T19:14:40.907418+00:00,ETH-26MAR27-900-P,2747.97,ETH-26MAR27,put,900.0,2027-03-26T08:00:00+00:00,0.4970060807089893,0.0028,0.0034,0.003087,0.0031,2747.97,ETH-26MAR27,0.812,-0.01268,0.63496,918.0,0.0,0.0005999999999999998,ETH,2693.92,0.0
2026-09-25T19:14:40.907418+00:00,ETH-27NOV26-3150-P,2711.05,ETH-27NOV26,put,3150.0,2026-11-27T08:00:00+00:00,0.17120183704026923,0.192,0.198,0.194551,0.195,2711.05,ETH-27NOV26,0.5151,-0.72444,3.74881,18.0,0.0,0.006000000000000005,ETH,2693.92,0.0
2026-09-25T19:14:40.907418+00:00,ETH-28SEP26-2760-P,2693.76,ETH-28SEP26,put,2760.0,2026-09-28T08:00:00+00:00,0.006930789812343145,0.0245,0.028,0.02635,0.02625,2693.76,ETH-28SEP26,0.2711,-0.85402,0.51354,79.0,139.0,0.0034999999999999996,ETH,2693.92,8982.77
2026-09-25T19:14:40.907418+00:00,ETH-25JUN27-2600-P,2778.81,ETH-25JUN27,put,2600.0,2027-06-25T08:00:00+00:00,0.7461505023380105,0.1495,0.1515,0.150571,0.1505,2778.81,ETH-25JUN27,0.5473,-0.3529,8.92206,404.0,13.0,0.0020000000000000018,ETH,2693.92,5255.15
2026-09-25T19:14:40.907418+00:00,ETH-26SEP26-3000-P,2692.88,ETH-26SEP26,put,3000.0,2026-09-26T08:00:00+00:00,0.0014550882380789413,0.1105,0.117,0.11417,0.11375,2692.88,ETH-26SEP26,0.9114,-0.99898,0.0035,0.0,0.0,0.006500000000000006,ETH,2693.89,0.0
2026-09-25T19:14:40.907418+00:00,ETH-30OCT26-3100-P,2702.23,ETH-30OCT26,put,3100.0,2026-10-30T08:00:00+00:00,0.09454201500057038,0.1605,0.167,0.163344,0.16375,2702.23,ETH-30OCT26,0.4917,-0.79711,2.34737,0.0,0.0,0.006500000000000006,ETH,2693.92,0.0
2026-09-25T19:14:40.907418+00:00,ETH-26SEP26-2300-P,2693.02,ETH-26SEP26,put,2300.0,2026-09-26T08:00:00+00:00,0.0014550882380789413,,0.0001,0.0,,2693.02,ETH-26SEP26,1.0215,-2e-05,0.0001,1052.0,180.0,,ETH,2693.89,48.47
2026-09-25T19:14:40.907418+00:00,ETH-30OCT26-2300-P,2702.23,ETH-30OCT26,put,2300.0,2026-10-30T08:00:00+00:00,0.09454201500057038,0.011,0.0115,0.011298,0.01125,2702.23,ETH-30OCT26,0.5079,-0.13329,1.78906,17997.0,1458.0,0.0005000000000000004,ETH,2693.89,53065.06
2026-09-25T19:14:40.907418+00:00,ETH-28SEP26-2400-C,2693.76,ETH-28SEP26,call,2400.0,2026-09-28T08:00:00+00:00,0.006930789812343145,0.108,0.111,0.109067,0.1095,2693.76,ETH-28SEP26,0.5834,0.99197,0.04932,0.0,0.0,0.0030000000000000027,ETH,2693.89,0.0
2026-09-25T19:14:40.907418+00:00,ETH-30OCT26-3600-P,2702.23,ETH-30OCT26,put,3600.0,2026-10-30T08:00:00+00:00,0.09454201500057038,0.3305,0.341,0.335805,0.33575,2702.23,ETH-30OCT26,0.5433,-0.94868,0.87532,18.0,0.0,0.01050000000000001,ETH,2693.89,0.0
2026-09-25T19:14:40.907418+00:00,ETH-29SEP26-3000-C,2694.39,ETH-29SEP26,call,3000.0,2026-09-29T08:00:00+00:00,0.009668640599475246,0.0001,0.0003,0.000216,0.0002,2694.39,ETH-29SEP26,0.4874,0.01334,0.0907,11.0,11.0,0.00019999999999999998,ETH,2693.89,9.19
2026-09-25T19:14:40.907418+00:00,ETH-29SEP26-2480-P,2694.39,ETH-29SEP26,put,2480.0,2026-09-29T08:00:00+00:00,0.009668640599475246,0.0005,0.0007,0.000601,0.0006,2694.39,ETH-29SEP26,0.46340000000000003,-0.03245,0.19239,0.0,0.0,0.00019999999999999998,ETH,2693.91,0.0
2026-09-25T19:14:40.907418+00:00,ETH-16OCT26-3400-C,2697.98,ETH-16OCT26,call,3400.0,2026-10-16T08:00:00+00:00,0.05621210398072097,0.0016,0.002,0.001775,0.0018,2697.98,ETH-16OCT26,0.528,0.03739,0.52201,658.0,657.0,0.00039999999999999996,ETH,2693.91,4733.05
2026-09-25T19:14:40.907418+00:00,ETH-27NOV26-2100-P,2711.05,ETH-27NOV26,put,2100.0,2026-11-27T08:00:00+00:00,0.17120183704026923,0.0135,0.0145,0.014024,0.014,2711.05,ETH-27NOV26,0.5615,-0.11196,2.13736,2315.0,7.0,0.0010000000000000009,ETH,2693.91,262.19
2026-09-25T19:14:40.907418+00:00,ETH-25DEC26-3000-C,2720.19,ETH-25DEC26,call,3000.0,2026-12-25T08:00:00+00:00,0.24786165907996807,0.0635,0.065,0.06433,0.06425,2720.19,ETH-25DEC26,0.5192,0.40195,5.24186,12732.0,314.0,0.0015000000000000013,ETH,2693.91,55488.64
2026-09-25T19:14:40.907418+00:00,ETH-25DEC26-4200-P,2720.45,ETH-25DEC26,put,4200.0,2026-12-25T08:00:00+00:00,0.24786165907996807,0.5495,0.56,0.55409,0.55475,2720.45,ETH-25DEC26,0.5755,-0.91485,2.11136,62.0,0.0,0.010500000000000065,ETH,2693.91,0.0
2026-09-25T19:14:40.907418+00:00,ETH-26MAR27-2100-C,2747.97,ETH-26MAR27,call,2100.0,2027-03-26T08:00:00+00:00,0.4970060807089893,0.2845,0.288,0.28612,0.28625,2747.97,ETH-26MAR27,0.56,0.81033,5.2547,875.0,0.0,0.003500000000000003,ETH,2693.91,0.0
2026-09-25T19:14:40.907418+00:00,ETH-26MAR27-1300-C,2748.23,ETH-26MAR27,call,1300.0,2027-03-26T08:00:00+00:00,0.4970060807089893,0.5335,0.537,0.535381,0.53525,2748.23,ETH-26MAR27,0.6851,0.96338,1.55426,18.0,0.0,0.0035000000000000586,ETH,2693.9,0.0
2026-09-25T19:14:40.907418+00:00,ETH-25DEC26-2200-P,2720.45,ETH-25DEC26,put,2200.0,2026-12-25T08:00:00+00:00,0.24786165907996807,0.0295,0.0305,0.029985,0.03,2720.45,ETH-25DEC26,0.5439,-0.17878,3.54056,9656.0,61.0,0.0010000000000000009,ETH,2693.9,5160.67
2026-09-25T19:14:40.907418+00:00,ETH-24SEP27-4200-P,2809.51,ETH-24SEP27,put,4200.0,2027-09-24T08:00:00+00:00,0.9952949239670317,0.5765,0.6025,0.589867,0.5895,2809.51,ETH-24SEP27,0.5666,-0.6657,10.20822,0.0,0.0,0.026000000000000023,ETH,2693.9,0.0
2026-09-25T19:14:40.907418+00:00,ETH-2OCT26-2350-C,2694.45,ETH-2OCT26,call,2350.0,2026-10-02T08:00:00+00:00,0.017882192960871547,0.127,0.1305,0.128617,0.12875,2694.45,ETH-2OCT26,0.5555,0.97006,0.24485,123.0,29.0,0.003500000000000003,ETH,2693.9,10438.85
2026-09-25T19:14:40.907418+00:00,ETH-27NOV26-2900-P,2711.31,ETH-27NOV26,put,2900.0,2026-11-27T08:00:00+00:00,0.17120183704026923,0.1255,0.1265,0.126071,0.126,2711.31,ETH-27NOV26,0.5085999999999999,-0.58457,4.37675,987.0,470.0,0.0010000000000000009,ETH,2693.9,164072.96
2026-09-25T19:14:40.907418+00:00,ETH-30OCT26-2200-P,2702.23,ETH-30OCT26,put,2200.0,2026-10-30T08:00:00+00:00,0.09454201500057038,0.007,0.0075,0.007267,0.00725,2702.23,ETH-30OCT26,0.5301,-0.08951,1.34439,1113.0,53.0,0.0004999999999999996,ETH,2693.9,1050.31
2026-09-25T19:14:40.907418+00:00,ETH-27NOV26-2200-C,2711.05,ETH-27NOV26,call,2200.0,2026-11-27T08:00:00+00:00,0.17120183704026923,0.2055,0.2095,0.207918,0.2075,2711.05,ETH-27NOV26,0.5462,0.85039,2.61248,1.0,0.0,0.0040000000000000036,ETH,2693.9,0.0
2026-09-25T19:14:40.907418+00:00,ETH-2OCT26-2500-C,2694.45,ETH-2OCT26,call,2500.0,2026-10-02T08:00:00+00:00,0.017882192960871547,0.073,0.077,0.07477,0.075,2694.45,ETH-2OCT26,0.4391,0.90474,0.61047,1076.0,10.0,0.0040000000000000036,ETH,2693.88,1856.89
2026-09-25T19:14:40.907418+00:00,ETH-24SEP27-3900-C,2809.51,ETH-24SEP27,call,3900.0,2027-09-24T08:00:00+00:00,0.9952949239670317,0.1105,0.1135,0.112113,0.112,2809.51,ETH-24SEP27,0.5627,0.38098,10.68601,0.0,0.0,0.0030000000000000027,ETH,2693.88,0.0
2026-09-25T19:14:40.907418+00:00,ETH-25DEC26-2100-C,2720.19,ETH-25DEC26,call,2100.0,2026-12-25T08:00:00+00:00,0.24786165907996807,0.2485,0.2525,0.250914,0.2505,2720.19,ETH-25DEC26,0.5574,0.8581,3.0438,1411.0,0.0,0.0040000000000000036,ETH,2693.88,0.0
2026-09-25T19:14:40.907418+00:00,ETH-29SEP26-2660-P,2694.39,ETH-29SEP26,put,2660.0,2026-09-29T08:00:00+00:00,0.009668640599475246,0.006,0.007,0.006643,0.0065,2694.39,ETH-29SEP26,0.3046,-0.32671,0.95575,282.0,282.0,0.001,ETH,2693.88,5785.19
2026-09-25T19:14:40.907418+00:00,ETH-30OCT26-2500-P,2702.23,ETH-30OCT26,put,2500.0,2026-10-30T08:00:00+00:00,0.09454201500057038,0.0265,0.027,0.026839,0.02675,2702.23,ETH-30OCT26,0.47909999999999997,-0.27336,2.76552,2160.0,659.0,0.0005000000000000004,ETH,2693.88,52214.2
2026-09-25T19:14:40.907418+00:00,ETH-26SEP26-2920-C,2693.02,ETH-26SEP26,call,2920.0,2026-09-26T08:00:00+00:00,0.0014550882380789413,,0.0001,3.5e-05,,2693.02,ETH-26SEP26,0.7914,0.00388,0.01184,547.0,500.0,,ETH,2693.87,266.73
2026-09-25T19:14:40.907418+00:00,ETH-27NOV26-1800-P,2711.05,ETH-27NOV26,put,1800.0,2026-11-27T08:00:00+00:00,0.17120183704026923,0.005,0.006,0.005497,0.0055,2711.05,ETH-27NOV26,0.6359,-0.04565,1.07624,1350.0,0.0,0.001,ETH,2693.87,0.0
2026-09-25T19:14:40.907418+00:00,ETH-26SEP26-2840-P,2692.88,ETH-26SEP26,put,2840.0,2026-09-26T08:00:00+00:00,0.0014550882380789413,0.0515,0.0575,0.054798,0.0545,2692.88,ETH-26SEP26,0.5795,-0.99148,0.02376,0.0,0.0,0.006000000000000005,ETH,2693.87,0.0
2026-09-25T19:14:40.907418+00:00,ETH-24SEP27-3500-P,2809.51,ETH-24SEP27,put,3500.0,2027-09-24T08:00:00+00:00,0.9952949239670317,0.381,0.3905,0.387713,0.38575,2809.51,ETH-24SEP27,0.5582,-0.54605,11.11296,0.0,0.0,0.009500000000000008,ETH,2693.87,0.0
2026-09-25T19:14:40.907418+00:00,ETH-26MAR27-4800-C,2748.23,ETH-26MAR27,call,4800.0,2027-03-26T08:00:00+00:00,0.4970060807089893,0.0215,0.022,0.021719,0.02175,2748.23,ETH-26MAR27,0.584,0.12555,4.0025,3453.0,0.0,0.0005000000000000004,ETH,2693.87,0.0
2026-09-25T19:14:40.907418+00:00,ETH-27NOV26-3150-C,2711.31,ETH-27NOV26,call,3150.0,2026-11-27T08:00:00+00:00,0.17120183704026923,0.032,0.033,0.032485,0.0325,2711.31,ETH-27NOV26,0.5151,0.27555,3.74875,90.0,31.0,0.0010000000000000009,ETH,2693.87,2714.89
2026-09-25T19:14:40.907418+00:00,ETH-30OCT26-2850-C,2702.23,ETH-30OCT26,call,2850.0,2026-10-30T08:00:00+00:00,0.09454201500057038,0.036,0.037,0.036358,0.0365,2702.23,ETH-30OCT26,0.47509999999999997,0.38583,3.17952,1623.0,17.0,0.0010000000000000009,ETH,2693.87,1780.08
2026-09-25T19:14:40.907418+00:00,ETH-26SEP26-2660-C,2692.88,ETH-26SEP26,call,2660.0,2026-09-26T08:00:00+00:00,0.0014550882380789413,0.0105,0.016,0.012544,0.01325,2692.88,ETH-26SEP26,0.2473,0.91,0.16656,272.0,1.0,0.0055,ETH,2693.88,34.81
2026-09-25T19:14:40.907418+00:00,ETH-27SEP26-3000-P,2693.66,ETH-27SEP26,put,3000.0,2026-09-27T08:00:00+00:00,0.004192939025211043,0.111,0.117,0.11396,0.114,2693.66,ETH-27SEP26,0.6455,-0.99467,0.02671,0.0,0.0,0.006000000000000005,ETH,2693.88,0.0
2026-09-25T19:14:40.907418+00:00,ETH-25DEC26-3300-C,2720.45,ETH-25DEC26,call,3300.0,2026-12-25T08:00:00+00:00,0.24786165907996807,0.0385,0.0395,0.038949,0.039,2720.45,ETH-25DEC26,0.5289,0.274,4.51332,3866.0,345.0,0.0010000000000000009,ETH,2693.88,38943.5
2026-09-25T19:14:40.907418+00:00,ETH-26SEP26-2580-C,2692.88,ETH-26SEP26,call,2580.0,2026-09-26T08:00:00+00:00,0.0014550882380789413,0.0395,0.0455,0.041858,0.0425,2692.88,ETH-26SEP26,0.4526,0.99398,0.0175,18.0,0.0,0.005999999999999998,ETH,2693.88,0.0
2026-09-25T19:14:40.907418+00:00,ETH-27SEP26-2820-P,2693.66,ETH-27SEP26,put,2820.0,2026-09-27T08:00:00+00:00,0.004192939025211043,0.044,0.05,0.047238,0.047,2693.66,ETH-27SEP26,0.3494,-0.97771,0.09252,0.0,0.0,0.006000000000000005,ETH,2693.88,0.0
2026-09-25T19:14:40.907418+00:00,ETH-30OCT26-2150-P,2702.23,ETH-30OCT26,put,2150.0,2026-10-30T08:00:00+00:00,0.09454201500057038,0.0055,0.006,0.005882,0.00575,2702.23,ETH-30OCT26,0.5438000000000001,-0.07336,1.15703,4854.0,1001.0,0.0005000000000000004,ETH,2693.88,20153.1
2026-09-25T19:14:40.907418+00:00,ETH-29SEP26-2460-P,2694.39,ETH-29SEP26,put,2460.0,2026-09-29T08:00:00+00:00,0.009668640599475246,0.0004,0.0006,0.00051,0.0005,2694.39,ETH-29SEP26,0.4868,-0.02688,0.16455,201.0,201.0,0.00019999999999999993,ETH,2693.88,163.33
2026-09-25T19:14:40.907418+00:00,ETH-27NOV26-2500-C,2711.05,ETH-27NOV26,call,2500.0,2026-11-27T08:00:00+00:00,0.17120183704026923,0.124,0.1275,0.126297,0.12575,2711.05,ETH-27NOV26,0.5155,0.68711,3.97562,2412.0,200.0,0.003500000000000003,ETH,2693.88,65144.34
2026-09-25T19:14:40.907418+00:00,ETH-28SEP26-2560-C,2694.02,ETH-28SEP26,call,2560.0,2026-09-28T08:00:00+00:00,0.006930789812343145,0.0475,0.0525,0.049955,0.05,2694.02,ETH-28SEP26,0.34409999999999996,0.96424,0.17637,0.0,0.0,0.0049999999999999975,ETH,2693.88,0.0
2026-09-25T19:14:40.907418+00:00,ETH-27SEP26-2620-C,2693.66,ETH-27SEP26,call,2620.0,2026-09-27T08:00:00+00:00,0.004192939025211043,0.025,0.031,0.02762,0.028,2693.66,ETH-27SEP26,0.2695,0.94591,0.19144,60.0,15.0,0.005999999999999998,ETH,2693.88,983.56
2026-09-25T19:14:40.907418+00:00,ETH-25DEC26-1200-C,2720.45,ETH-25DEC26,call,1200.0,2026-12-25T08:00:00+00:00,0.24786165907996807,0.5595,0.562,0.560713,0.56075,2720.45,ETH-25DEC26,0.7981999999999999,0.98803,0.42226,341.0,0.0,0.0025000000000000577,ETH,2693.88,0.0
2026-09-25T19:14:40.907418+00:00,ETH-27NOV26-2450-P,2711.31,ETH-27NOV26,put,2450.0,2026-11-27T08:00:00+00:00,0.17120183704026923,0.0415,0.0425,0.042083,0.042,2711.31,ETH-27NOV26,0.5185,-0.28088,3.78394,1413.0,665.0,0.0010000000000000009,ETH,2693.88,75188.45
2026-09-25T19:14:40.907418+00:00,ETH-29SEP26-2460-C,2694.39,ETH-29SEP26,call,2460.0,2026-09-29T08:00:00+00:00,0.009668640599475246,0.0855,0.089,0.087292,0.08725,2694.39,ETH-29SEP26,0.4868,0.9731,0.16465,0.0,0.0,0.0034999999999999892,ETH,2693.84,0.0
2026-09-25T19:14:40.907418+00:00,ETH-25DEC26-3500-C,2720.45,ETH-25DEC26,call,3500.0,2026-12-25T08:00:00+00:00,0.24786165907996807,0.0275,0.0285,0.028093,0.028,2720.45,ETH-25DEC26,0.5377000000000001,0.20992,3.90442,32875.0,1229.0,0.0010000000000000009,ETH,2693.84,91080.11
2026-09-25T19:14:40.907418+00:00,ETH-29SEP26-2950-C,2694.39,ETH-29SEP26,call,2950.0,2026-09-29T08:00:00+00:00,0.009668640599475246,0.0002,0.0004,0.000328,0.0003,2694.39,ETH-29SEP26,0.4474,0.02079,0.13258,0.0,0.0,0.0002,ETH,2693.84,0.0
2026-09-25T19:14:40.907418+00:00,ETH-24SEP27-4100-P,2809.51,ETH-24SEP27,put,4100.0,2027-09-24T08:00:00+00:00,0.9952949239670317,0.546,0.571,0.559638,0.5585,2809.51,ETH-24SEP27,0.5652,-0.65094,10.37682,0.0,0.0,0.02499999999999991,ETH,2693.84,0.0
2026-09-25T19:14:40.907418+00:00,ETH-26MAR27-7000-P,2748.23,ETH-26MAR27,put,7000.0,2027-03-26T08:00:00+00:00,0.4970060807089893,1.531,1.5725,1.553153,1.55175,2748.23,ETH-26MAR27,0.6504000000000001,-0.96475,1.50669,0.0,0.0,0.04150000000000009,ETH,2693.84,0.0
2026-09-25T19:14:40.907418+00:00,ETH-26MAR27-2500-P,2748.23,ETH-26MAR27,put,2500.0,2027-03-26T08:00:00+00:00,0.4970060807089893,0.103,0.1045,0.103828,0.10375,2748.23,ETH-26MAR27,0.5413,-0.33024,7.02196,2207.0,1.0,0.0015000000000000013,ETH,2693.84,285.92
2026-09-25T19:14:40.907418+00:00,ETH-25DEC26-1200-P,2720.45,ETH-25DEC26,put,1200.0,2026-12-25T08:00:00+00:00,0.24786165907996807,0.0016,0.0022,0.001883,0.0019,2720.45,ETH-25DEC26,0.7981999999999999,-0.01197,0.42227,6712.0,2.0,0.0006000000000000001,ETH,2693.88,11.32
2026-09-25T19:14:40.907418+00:00,ETH-30OCT26-4000-C,2702.23,ETH-30OCT26,call,4000.0,2026-10-30T08:00:00+00:00,0.09454201500057038,0.001,0.0013,0.001144,0.00115,2702.23,ETH-30OCT26,0.5863,0.01857,0.37794,1233.0,0.0,0.0002999999999999999,ETH,2693.88,0.0
2026-09-25T19:14:40.907418+00:00,ETH-25JUN27-5500-C,2778.81,ETH-25JUN27,call,5500.0,2027-06-25T08:00:00+00:00,0.7461505023380105,0.029,0.031,0.029992,0.03,2778.81,ETH-25JUN27,0.5934,0.14122,5.37694,647.0,0.0,0.0019999999999999983,ETH,2693.88,0.0
2026-09-25T19:14:40.907418+00:00,ETH-25JUN27-4600-C,2778.81,ETH-25JUN27,call,4600.0,2027-06-25T08:00:00+00:00,0.7461505023380105,0.0495,0.0515,0.050449,0.0505,2778.81,ETH-25JUN27,0.5737,0.22109,7.13107,202.0,0.0,0.001999999999999995,ETH,2693.88,0.0
2026-09-25T19:14:40.907418+00:00,ETH-29SEP26-2540-P,2694.39,ETH-29SEP26,put,2540.0,2026-09-29T08:00:00+00:00,0.009668640599475246,0.0009,0.0011,0.001006,0.001,2694.39,ETH-29SEP26,0.38939999999999997,-0.05893,0.31123,39.0,39.0,0.0002000000000000001,ETH,2693.88,105.03
2026-09-25T19:14:40.907418+00:00,ETH-25JUN27-5200-C,2778.81,ETH-25JUN27,call,5200.0,2027-06-25T08:00:00+00:00,0.7461505023380105,0.0345,0.036,0.03532,0.03525,2778.81,ETH-25JUN27,0.5867,0.16298,5.91388,19.0,0.0,0.0014999999999999944,ETH,2693.88,0.0
2026-09-25T19:14:40.907418+00:00,ETH-30OCT26-2400-C,2701.97,ETH-30OCT26,call,2400.0,2026-10-30T08:00:00+00:00,0.09454201500057038,0.128,0.131,0.129272,0.1295,2701.97,ETH-30OCT26,0.4911,0.80562,2.2874,3666.0,164.0,0.0030000000000000027,ETH,2693.94,58248.28
2026-09-25T19:14:40.907418+00:00,ETH-26MAR27-1300-P,2748.23,ETH-26MAR27,put,1300.0,2027-03-26T08:00:00+00:00,0.4970060807089893,0.008,0.009,0.00852,0.0085,2748.23,ETH-26MAR27,0.6851,-0.03661,1.55421,1864.0,0.0,0.0009999999999999992,ETH,2693.94,0.0
2026-09-25T19:14:40.907418+00:00,ETH-27NOV26-2350-C,2711.05,ETH-27NOV26,call,2350.0,2026-11-27T08:00:00+00:00,0.17120183704026923,0.162,0.166,0.164178,0.164,2711.05,ETH-27NOV26,0.5262,0.77824,3.33849,52.0,0.0,0.0040000000000000036,ETH,2693.94,0.0
2026-09-25T19:14:40.907418+00:00,ETH-2OCT26-2550-P,2694.45,ETH-2OCT26,put,2550.0,2026-10-02T08:00:00+00:00,0.017882192960871547,0.0042,0.0046,0.004492,0.0044,2694.45,ETH-2OCT26,0.41259999999999997,-0.15122,0.845,1959.0,643.0,0.0004000000000000002,ETH,2693.94,10839.23
2026-09-25T19:14:40.907418+00:00,ETH-25JUN27-4500-P,2778.55,ETH-25JUN27,put,4500.0,2027-06-25T08:00:00+00:00,0.7461505023380105,0.6585,0.686,0.673166,0.67225,2778.55,ETH-25JUN27,0.5708,-0.76742,7.33773,1.0,0.0,0.02750000000000008,ETH,2693.94,0.0
2026-09-25T19:14:40.907418+00:00,ETH-30OCT26-2100-C,2701.97,ETH-30OCT26,call,2100.0,2026-10-30T08:00:00+00:00,0.09454201500057038,0.2255,0.2295,0.227569,0.2275,2701.97,ETH-30OCT26,0.5599000000000001,0.93956,0.99585,1503.0,6.0,0.0040000000000000036,ETH,2693.94,3584.9
2026-09-25T19:14:40.907418+00:00,ETH-25JUN27-5200-P,2778.81,ETH-25JUN27,put,5200.0,2027-06-25T08:00:00+00:00,0.7461505023380105,0.8905,0.9215,0.906894,0.906,2778.81,ETH-25JUN27,0.5867,-0.83703,5.91372,0.0,0.0,0.031000000000000028,ETH,2693.87,0.0
2026-09-25T19:14:40.907418+00:00,ETH-25DEC26-2700-C,2720.45,ETH-25DEC26,call,2700.0,2026-12-25T08:00:00+00:00,0.24786165907996807,0.105,0.1065,0.105561,0.10575,2720.45,ETH-25DEC26,0.5159,0.56295,5.33844,6491.0,153.0,0.0015000000000000013,ETH,2693.87,43647.71
2026-09-25T19:14:40.907418+00:00,ETH-30OCT26-2000-P,2702.23,ETH-30OCT26,put,2000.0,2026-10-30T08:00:00+00:00,0.09454201500057038,0.0031,0.0035,0.003302,0.0033,2702.23,ETH-30OCT26,0.5954999999999999,-0.04132,0.73548,4420.0,108.0,0.0004000000000000002,ETH,2693.87,952.41
2026-09-25T19:14:40.907418+00:00,ETH-16OCT26-2550-P,2698.11,ETH-16OCT26,put,2550.0,2026-10-16T08:00:00+00:00,0.05621210398072097,0.0195,0.02,0.019946,0.01975,2698.11,ETH-16OCT26,0.4542,-0.28085,2.15764,1298.0,1197.0,0.0005000000000000004,ETH,2693.87,65273.6
2026-09-25T19:14:40.907418+00:00,ETH-25JUN27-1800-C,2778.55,ETH-25JUN27,call,1800.0,2027-06-25T08:00:00+00:00,0.7461505023380105,0.393,0.397,0.394505,0.395,2778.55,ETH-25JUN27,0.5804,0.868,5.13442,1755.0,0.0,0.0040000000000000036,ETH,2693.87,0.0
2026-09-25T19:14:40.907418+00:00,ETH-24SEP27-2500-P,2809.25,ETH-24SEP27,put,2500.0,2027-09-24T08:00:00+00:00,0.9952949239670317,0.1545,0.158,0.156243,0.15625,2809.25,ETH-24SEP27,0.5569,-0.31269,9.93077,0.0,0.0,0.003500000000000003,ETH,2693.87,0.0
2026-09-25T19:14:40.907418+00:00,ETH-30OCT26-3000-C,2702.23,ETH-30OCT26,call,3000.0,2026-10-30T08:00:00+00:00,0.09454201500057038,0.022,0.023,0.022297,0.0225,2702.23,ETH-30OCT26,0.4844,0.26561,2.72587,5348.0,556.0,0.0010000000000000009,ETH,2693.87,34431.88
2026-09-25T19:14:40.907418+00:00,ETH-30OCT26-3050-P,2701.97,ETH-30OCT26,put,3050.0,2026-10-30T08:00:00+00:00,0.09454201500057038,0.145,0.151,0.147795,0.148,2701.97,ETH-30OCT26,0.4885,-0.7672,2.54119,0.0,0.0,0.006000000000000005,ETH,2693.84,0.0
2026-09-25T19:14:40.907418+00:00,ETH-24SEP27-5400-P,2809.51,ETH-24SEP27,put,5400.0,2027-09-24T08:00:00+00:00,0.9952949239670317,0.9555,0.9915,0.974316,0.9735,2809.51,ETH-24SEP27,0.5851,-0.79583,7.94851,0.0,0.0,0.03600000000000003,ETH,2693.84,0.0
2026-09-25T19:14:40.907418+00:00,ETH-25DEC26-4500-P,2720.45,ETH-25DEC26,put,4500.0,2026-12-25T08:00:00+00:00,0.24786165907996807,0.656,0.6675,0.661378,0.66175,2720.45,ETH-25DEC26,0.596,-0.93903,1.63445,2.0,0.0,0.011499999999999955,ETH,2693.84,0.0
2026-09-25T19:14:40.907418+00:00,ETH-28SEP26-2620-P,2693.76,ETH-28SEP26,put,2620.0,2026-09-28T08:00:00+00:00,0.006930789812343145,0.0009,0.0011,0.001057,0.001,2693.76,ETH-28SEP26,0.26239999999999997,-0.09787,0.38741,1898.0,1900.0,0.0002000000000000001,ETH,2693.84,21155.29
2026-09-25T19:14:40.907418+00:00,ETH-30OCT26-2600-P,2702.23,ETH-30OCT26,put,2600.0,2026-10-30T08:00:00+00:00,0.09454201500057038,0.0395,0.0405,0.040016,0.04,2702.23,ETH-30OCT26,0.473,-0.36737,3.13118,3056.0,436.0,0.0010000000000000009,ETH,2693.84,47682.61
2026-09-25T19:14:40.907418+00:00,ETH-24SEP27-7000-P,2809.51,ETH-24SEP27,put,7000.0,2027-09-24T08:00:00+00:00,0.9952949239670317,1.492,1.5435,1.519133,1.51775,2809.51,ETH-24SEP27,0.6099,-0.884,5.47686,0.0,0.0,0.0515000000000001,ETH,2693.84,0.0
2026-09-25T19:14:40.907418+00:00,ETH-25DEC26-2900-P,2720.45,ETH-25DEC26,put,2900.0,2026-12-25T08:00:00+00:00,0.24786165907996807,0.1415,0.143,0.142164,0.14225,2720.45,ETH-25DEC26,0.5171,-0.54732,5.36768,912.0,30.0,0.0015000000000000013,ETH,2693.82,11631.62
2026-09-25T19:14:40.907418+00:00,ETH-25JUN27-2000-C,2778.55,ETH-25JUN27,call,2000.0,2027-06-25T08:00:00+00:00,0.7461505023380105,0.3395,0.344,0.341313,0.34175,2778.55,ETH-25JUN27,0.5661999999999999,0.82046,6.29141,1756.0,0.0,0.0044999999999999485,ETH,2693.82,0.0
2026-09-25T19:14:40.907418+00:00,ETH-25DEC26-4800-P,2720.45,ETH-25DEC26,put,4800.0,2026-12-25T08:00:00+00:00,0.24786165907996807,0.76,0.779,0.769713,0.7695,2720.45,ETH-25DEC26,0.6154,-0.95534,1.27661,77.0,0.0,0.019000000000000017,ETH,2693.82,0.0
2026-09-25T19:14:40.907418+00:00,ETH-30OCT26-2950-C,2702.23,ETH-30OCT26,call,2950.0,2026-10-30T08:00:00+00:00,0.09454201500057038,0.026,0.027,0.026273,0.0265,2702.23,ETH-30OCT26,0.4808,0.30211,2.89929,871.0,281.0,0.0010000000000000009,ETH,2693.82,20076.88
2026-09-25T19:14:40.907418+00:00,ETH-29SEP26-2520-P,2694.39,ETH-29SEP26,put,2520.0,2026-09-29T08:00:00+00:00,0.009668640599475246,0.0007,0.0009,0.000828,0.0008,2694.39,ETH-29SEP26,0.4131,-0.0474,0.26182,1.0,1.0,0.00019999999999999998,ETH,2693.82,2.45
2026-09-25T19:14:40.907418+00:00,ETH-30OCT26-4000-P,2702.23,ETH-30OCT26,put,4000.0,2026-10-30T08:00:00+00:00,0.09454201500057038,0.476,0.4875,0.481628,0.48175,2702.23,ETH-30OCT26,0.5863,-0.98143,0.37781,0.0,0.0,0.01150000000000001,ETH,2693.82,0.0
2026-09-25T19:14:40.907418+00:00,ETH-26SEP26-2980-P,2692.88,ETH-26SEP26,put,2980.0,2026-09-26T08:00:00+00:00,0.0014550882380789413,0.1025,0.1095,0.106748,0.106,2692.88,ETH-26SEP26,0.8962,-0.99839,0.00534,0.0,0.0,0.007000000000000006,ETH,2693.81,0.0
2026-09-25T19:14:40.907418+00:00,ETH-25JUN27-3000-C,2778.81,ETH-25JUN27,call,3000.0,2027-06-25T08:00:00+00:00,0.7461505023380105,0.1555,0.158,0.156994,0.15675,2778.81,ETH-25JUN27,0.5473,0.5298,9.55376,3491.0,5.0,0.0025000000000000022,ETH,2693.81,2125.42
2026-09-25T19:14:40.907418+00:00,ETH-25DEC26-5000-P,2720.45,ETH-25DEC26,put,5000.0,2026-12-25T08:00:00+00:00,0.24786165907996807,0.8315,0.8525,0.842128,0.842,2720.45,ETH-25DEC26,0.6232,-0.9645,1.05928,1.0,1.0,0.02100000000000002,ETH,2693.81,2268.18
2026-09-25T19:14:40.907418+00:00,ETH-30OCT26-2600-C,2701.97,ETH-30OCT26,call,2600.0,2026-10-30T08:00:00+00:00,0.09454201500057038,0.077,0.079,0.077702,0.078,2701.97,ETH-30OCT26,0.473,0.63261,3.13121,6518.0,101.0,0.0020000000000000018,ETH,2693.81,22967.52
2026-09-25T19:14:40.907418+00:00,ETH-26MAR27-3800-P,2748.23,ETH-26MAR27,put,3800.0,2027-03-26T08:00:00+00:00,0.4970060807089893,0.4235,0.4445,0.435035,0.434,2748.23,ETH-26MAR27,0.555,-0.73626,6.33362,1.0,0.0,0.02100000000000002,ETH,2693.81,0.0
2026-09-25T19:14:40.907418+00:00,ETH-25DEC26-2300-P,2720.45,ETH-25DEC26,put,2300.0,2026-12-25T08:00:00+00:00,0.24786165907996807,0.0385,0.0395,0.039004,0.039,2720.45,ETH-25DEC26,0.5338,-0.22216,4.03456,6721.0,121.0,0.0010000000000000009,ETH,2693.79,13445.73
2026-09-25T19:14:40.907418+00:00,ETH-25DEC26-2100-P,2720.45,ETH-25DEC26,put,2100.0,2026-12-25T08:00:00+00:00,0.24786165907996807,0.0225,0.0235,0.022962,0.023,2720.45,ETH-25DEC26,0.5574,-0.14194,3.04423,2934.0,375.0,0.0010000000000000009,ETH,2693.79,24292.18
2026-09-25T19:14:40.907418+00:00,ETH-27NOV26-3050-C,2711.31,ETH-27NOV26,call,3050.0,2026-11-27T08:00:00+00:00,0.17120183704026923,0.04,0.041,0.040451,0.0405,2711.31,ETH-27NOV26,0.5114,0.32643,4.04671,73.0,18.0,0.0010000000000000009,ETH,2693.79,2086.33
2026-09-25T19:14:40.907418+00:00,ETH-27SEP26-2560-C,2693.66,ETH-27SEP26,call,2560.0,2026-09-27T08:00:00+00:00,0.004192939025211043,0.047,0.053,0.049657,0.05,2693.66,ETH-27SEP26,0.3821,0.98099,0.08085,0.0,0.0,0.005999999999999998,ETH,2693.79,0.0
2026-09-25T19:14:40.907418+00:00,ETH-26SEP26-2940-C,2692.88,ETH-26SEP26,call,2940.0,2026-09-26T08:00:00+00:00,0.0014550882380789413,,0.0001,3.1e-05,,2692.88,ETH-26SEP26,0.8409,0.00327,0.01013,595.0,597.0,,ETH,2693.78,183.93
2026-09-25T19:14:40.907418+00:00,ETH-26MAR27-2200-C,2748.23,ETH-26MAR27,call,2200.0,2027-03-26T08:00:00+00:00,0.4970060807089893,0.258,0.2625,0.260519,0.26025,2748.23,ETH-26MAR27,0.5532,0.77807,5.76805,4113.0,0.0,0.004500000000000004,ETH,2693.79,0.0
2026-09-25T19:14:40.907418+00:00,ETH-27SEP26-2450-C,2693.66,ETH-27SEP26,call,2450.0,2026-09-27T08:00:00+00:00,0.004192939025211043,0.0875,0.094,0.09038,0.09075,2693.66,ETH-27SEP26,0.5703,0.99521,0.02424,0.0,0.0,0.006500000000000006,ETH,2693.79,0.0
2026-09-25T19:14:40.907418+00:00,ETH-25DEC26-3100-C,2720.45,ETH-25DEC26,call,3100.0,2026-12-25T08:00:00+00:00,0.24786165907996807,0.054,0.055,0.054207,0.0545,2720.45,ETH-25DEC26,0.5209,0.35452,5.04211,2741.0,311.0,0.0010000000000000009,ETH,2693.78,46422.17
2026-09-25T19:14:40.907418+00:00,ETH-30OCT26-2050-C,2702.23,ETH-30OCT26,call,2050.0,2026-10-30T08:00:00+00:00,0.09454201500057038,0.244,0.247,0.245217,0.2455,2702.23,ETH-30OCT26,0.5767,0.9502,0.85453,479.0,10.0,0.0030000000000000027,ETH,2693.78,6445.55
2026-09-25T19:14:40.907418+00:00,ETH-26MAR27-1600-C,2748.23,ETH-26MAR27,call,1600.0,2027-03-26T08:00:00+00:00,0.4970060807089893,0.4335,0.437,0.435124,0.43525,2748.23,ETH-26MAR27,0.6238,0.92648,2.70232,872.0,4.0,0.003500000000000003,ETH,2693.78,4646.22
2026-09-25T19:14:40.907418+00:00,ETH-25DEC26-3200-C,2720.45,ETH-25DEC26,call,3200.0,2026-12-25T08:00:00+00:00,0.24786165907996807,0.0455,0.0465,0.04596,0.046,2720.45,ETH-25DEC26,0.525,0.31212,4.79451,68023.0,409.0,0.0010000000000000009,ETH,2693.78,54122.23
2026-09-25T19:14:40.907418+00:00,ETH-25DEC26-4400-C,2720.19,ETH-25DEC26,call,4400.0,2026-12-25T08:00:00+00:00,0.24786165907996807,0.0075,0.0085,0.007899,0.008,2720.19,ETH-25DEC26,0.5901,0.0683,1.78511,4031.0,0.0,0.0010000000000000009,ETH,2693.78,0.0
2026-09-25T19:14:40.907418+00:00,ETH-26MAR27-4000-C,2748.23,ETH-26MAR27,call,4000.0,2027-03-26T08:00:00+00:00,0.4970060807089893,0.0425,0.0435,0.043083,0.043,2748.23,ETH-26MAR27,0.5603,0.22593,5.82657,4452.0,60.0,0.000999999999999994,ETH,2693.59,6908.95
2026-09-25T19:14:40.907418+00:00,ETH-26SEP26-2500-P,2692.88,ETH-26SEP26,put,2500.0,2026-09-26T08:00:00+00:00,0.0014550882380789413,,0.0001,2.5e-05,,2692.88,ETH-26SEP26,0.7121,-0.00284,0.00891,2083.0,140.0,,ETH,2693.59,94.97
2026-09-25T19:14:40.907418+00:00,ETH-30OCT26-2100-P,2702.23,ETH-30OCT26,put,2100.0,2026-10-30T08:00:00+00:00,0.09454201500057038,0.0047,0.0049,0.004823,0.0048,2702.23,ETH-30OCT26,0.5599000000000001,-0.06051,0.99668,4843.0,2.0,0.00019999999999999966,ETH,2693.59,25.21
2026-09-25T19:14:40.907418+00:00,ETH-26SEP26-2800-P,2692.88,ETH-26SEP26,put,2800.0,2026-09-26T08:00:00+00:00,0.0014550882380789413,0.0365,0.0425,0.039993,0.0395,2692.88,ETH-26SEP26,0.48090000000000005,-0.9828,0.04365,44.0,0.0,0.006000000000000005,ETH,2693.59,0.0
2026-09-25T19:14:40.907418+00:00,ETH-16OCT26-2200-P,2697.98,ETH-16OCT26,put,2200.0,2026-10-16T08:00:00+00:00,0.05621210398072097,0.0028,0.0031,0.003039,0.00295,2697.98,ETH-16OCT26,0.5525,-0.05204,0.68138,0.0,0.0,0.0002999999999999999,ETH,2693.59,0.0
2026-09-25T19:14:40.907418+00:00,ETH-27SEP26-2780-P,2693.66,ETH-27SEP26,put,2780.0,2026-09-27T08:00:00+00:00,0.004192939025211043,0.0285,0.0355,0.032598,0.032,2693.66,ETH-27SEP26,0.295,-0.94963,0.18083,0.0,0.0,0.006999999999999996,ETH,2693.59,0.0
2026-09-25T19:14:40.907418+00:00,ETH-9OCT26-2300-P,2696.49,ETH-9OCT26,put,2300.0,2026-10-09T08:00:00+00:00,0.03704714847079626,0.0024,0.0028,0.00258,0.0026,2696.49,ETH-9OCT26,0.5373,-0.05597,0.58554,820.0,21.0,0.0004000000000000002,ETH,2693.59,142.06
2026-09-25T19:14:40.907418+00:00,ETH-27NOV26-3200-C,2711.31,ETH-27NOV26,call,3200.0,2026-11-27T08:00:00+00:00,0.17120183704026923,0.029,0.0295,0.029213,0.02925,2711.31,ETH-27NOV26,0.518,0.25274,3.58666,4815.0,3096.0,0.000499999999999997,ETH,2693.42,253709.78
2026-09-25T19:14:40.907418+00:00,ETH-29SEP26-2820-C,2694.39,ETH-29SEP26,call,2820.0,2026-09-29T08:00:00+00:00,0.009668640599475246,0.0013,0.0017,0.00144,0.0015,2694.39,ETH-29SEP26,0.34619999999999995,0.09302,0.44085,0.0,0.0,0.00039999999999999996,ETH,2693.42,0.0
2026-09-25T19:14:40.907418+00:00,ETH-9OCT26-2350-P,2696.23,ETH-9OCT26,put,2350.0,2026-10-09T08:00:00+00:00,0.03704714847079626,0.0032,0.0036,0.003428,0.0034,2696.23,ETH-9OCT26,0.5121,-0.07427,0.72941,1016.0,46.0,0.00039999999999999975,ETH,2693.42,534.34
2026-09-25T19:14:40.907418+00:00,ETH-24SEP27-4800-P,2809.25,ETH-24SEP27,put,4800.0,2027-09-24T08:00:00+00:00,0.9952949239670317,0.76,0.793,0.777755,0.7765,2809.25,ETH-24SEP27,0.575,-0.74098,9.07752,35.0,35.0,0.03300000000000003,ETH,2693.42,73219.29
2026-09-25T19:14:40.907418+00:00,ETH-27NOV26-3600-P,2711.05,ETH-27NOV26,put,3600.0,2026-11-27T08:00:00+00:00,0.17120183704026923,0.337,0.3455,0.340601,0.34125,2711.05,ETH-27NOV26,0.5408,-0.87586,2.29912,1.0,0.0,0.008499999999999952,ETH,2693.42,0.0
2026-09-25T19:14:40.907418+00:00,ETH-26MAR27-4600-C,2748.23,ETH-26MAR27,call,4600.0,2027-03-26T08:00:00+00:00,0.4970060807089893,0.025,0.026,0.025499,0.0255,2748.23,ETH-26MAR27,0.5778,0.14445,4.40597,1896.0,0.0,0.0009999999999999974,ETH,2693.33,0.0
2026-09-25T19:14:40.907418+00:00,ETH-27NOV26-4400-P,2711.05,ETH-27NOV26,put,4400.0,2026-11-27T08:00:00+00:00,0.17120183704026923,0.619,0.634,0.626344,0.6265,2711.05,ETH-27NOV26,0.603,-0.96525,0.86205,0.0,0.0,0.015000000000000013,ETH,2693.33,0.0
2026-09-25T19:14:40.907418+00:00,ETH-30OCT26-3600-C,2702.23,ETH-30OCT26,call,3600.0,2026-10-30T08:00:00+00:00,0.09454201500057038,0.0032,0.0036,0.003369,0.0034,2702.23,ETH-30OCT26,0.5433,0.05119,0.87329,6258.0,1.0,0.00039999999999999975,ETH,2693.33,9.42
2026-09-25T19:14:40.907418+00:00,ETH-26MAR27-2000-C,2748.23,ETH-26MAR27,call,2000.0,2027-03-26T08:00:00+00:00,0.4970060807089893,0.311,0.315,0.313323,0.313,2748.23,ETH-26MAR27,0.5687,0.83961,4.72294,1855.0,0.0,0.0040000000000000036,ETH,2693.33,0.0
2026-09-25T19:14:40.907418+00:00,ETH-24SEP27-6000-P,2809.51,ETH-24SEP27,put,6000.0,2027-09-24T08:00:00+00:00,0.9952949239670317,1.1515,1.1975,1.175905,1.1745,2809.51,ETH-24SEP27,0.5943,-0.83714,6.901,0.0,0.0,0.04600000000000004,ETH,2693.33,0.0
2026-09-25T19:14:40.907418+00:00,ETH-26SEP26-2860-P,2692.88,ETH-26SEP26,put,2860.0,2026-09-26T08:00:00+00:00,0.0014550882380789413,0.058,0.065,0.062222,0.0615,2692.88,ETH-26SEP26,0.6416,-0.99286,0.02032,0.0,0.0,0.006999999999999999,ETH,2693.14,0.0
2026-09-25T19:14:40.907418+00:00,ETH-25JUN27-5000-P,2778.81,ETH-25JUN27,put,5000.0,2027-06-25T08:00:00+00:00,0.7461505023380105,0.8225,0.854,0.839096,0.83825,2778.81,ETH-25JUN27,0.5819,-0.82043,6.29084,0.0,0.0,0.03149999999999997,ETH,2693.33,0.0
2026-09-25T19:14:40.907418+00:00,ETH-26SEP26-2450-P,2693.02,ETH-26SEP26,put,2450.0,2026-09-26T08:00:00+00:00,0.0014550882380789413,,0.0001,6e-06,,2693.02,ETH-26SEP26,0.7797,-0.00068,0.00243,1712.0,110.0,,ETH,2693.14,44.19
2026-09-25T19:14:40.907418+00:00,ETH-30OCT26-3100-C,2701.97,ETH-30OCT26,call,3100.0,2026-10-30T08:00:00+00:00,0.09454201500057038,0.0155,0.0165,0.01597,0.016,2701.97,ETH-30OCT26,0.4917,0.20246,2.34386,3425.0,604.0,0.0010000000000000009,ETH,2693.14,27240.49
2026-09-25T19:14:40.907418+00:00,ETH-27NOV26-3300-P,2711.05,ETH-27NOV26,put,3300.0,2026-11-27T08:00:00+00:00,0.17120183704026923,0.2365,0.2445,0.240874,0.2405,2711.05,ETH-27NOV26,0.5226,-0.7883,3.24933,0.0,0.0,0.008000000000000007,ETH,2693.14,0.0
2026-09-25T19:14:40.907418+00:00,ETH-27NOV26-2250-P,2711.31,ETH-27NOV26,put,2250.0,2026-11-27T08:00:00+00:00,0.17120183704026923,0.022,0.023,0.022645,0.0225,2711.31,ETH-27NOV26,0.5367999999999999,-0.17105,2.85058,732.0,39.0,0.0010000000000000009,ETH,2693.14,2227.47
2026-09-25T19:14:40.907418+00:00,ETH-26SEP26-2980-C,2693.02,ETH-26SEP26,call,2980.0,2026-09-26T08:00:00+00:00,0.0014550882380789413,,0.0001,1.5e-05,,2693.02,ETH-26SEP26,0.8962,0.00157,0.00521,5.0,4.0,,ETH,2693.1,2.18
2026-09-25T19:14:40.907418+00:00,ETH-25JUN27-3500-C,2778.55,ETH-25JUN27,call,3500.0,2027-06-25T08:00:00+00:00,0.7461505023380105,0.1055,0.108,0.106982,0.10675,2778.55,ETH-25JUN27,0.5519,0.40303,9.29434,2871.0,1.0,0.0025000000000000022,ETH,2693.14,303.58
2026-09-25T19:14:40.907418+00:00,ETH-25JUN27-3600-P,2778.81,ETH-25JUN27,put,3600.0,2027-06-25T08:00:00+00:00,0.7461505023380105,0.3895,0.399,0.394998,0.39425,2778.81,ETH-25JUN27,0.5533,-0.61898,9.1487,0.0,0.0,0.009500000000000008,ETH,2693.1,0.0
2026-09-25T19:14:40.907418+00:00,ETH-27SEP26-2700-P,2693.66,ETH-27SEP26,put,2700.0,2026-09-27T08:00:00+00:00,0.004192939025211043,0.006,0.007,0.006744,0.0065,2693.66,ETH-27SEP26,0.21,-0.57047,0.68442,790.0,293.0,0.001,ETH,2693.1,6527.23
2026-09-25T19:14:40.907418+00:00,ETH-26MAR27-1400-P,2748.23,ETH-26MAR27,put,1400.0,2027-03-26T08:00:00+00:00,0.4970060807089893,0.0105,0.0115,0.010995,0.011,2748.23,ETH-26MAR27,0.6639,-0.04703,1.90307,2046.0,0.0,0.0009999999999999992,ETH,2693.1,0.0
2026-09-25T19:14:40.907418+00:00,ETH-26MAR27-1800-P,2748.23,ETH-26MAR27,put,1800.0,2027-03-26T08:00:00+00:00,0.4970060807089893,0.0265,0.0275,0.027006,0.027,2748.23,ETH-26MAR27,0.5914,-0.1107,3.66058,3556.0,0.0,0.0010000000000000009,ETH,2693.1,0.0
2026-09-25T19:14:40.907418+00:00,ETH-26MAR27-3500-C,2748.23,ETH-26MAR27,call,3500.0,2027-03-26T08:00:00+00:00,0.4970060807089893,0.069,0.0705,0.069684,0.06975,2748.23,ETH-26MAR27,0.5477000000000001,0.33241,7.0383,4392.0,14.0,0.0014999999999999875,ETH,2693.1,2627.23
2026-09-25T19:14:40.907418+00:00,ETH-30OCT26-3800-P,2701.97,ETH-30OCT26,put,3800.0,2026-10-30T08:00:00+00:00,0.09454201500057038,0.4025,0.414,0.408351,0.40825,2701.97,ETH-30OCT26,0.5633,-0.97006,0.56448,0.0,0.0,0.011499999999999955,ETH,2693.1,0.0
2026-09-25T19:14:40.907418+00:00,ETH-27NOV26-2100-C,2711.05,ETH-27NOV26,call,2100.0,2026-11-27T08:00:00+00:00,0.17120183704026923,0.237,0.241,0.239313,0.239,2711.05,ETH-27NOV26,0.5615,0.88779,2.14009,1.0,0.0,0.0040000000000000036,ETH,2693.13,0.0
2026-09-25T19:14:40.907418+00:00,ETH-30OCT26-2200-C,2701.97,ETH-30OCT26,call,2200.0,2026-10-30T08:00:00+00:00,0.09454201500057038,0.191,0.195,0.193001,0.193,2701.97,ETH-30OCT26,0.5301,0.91021,1.34721,1287.0,0.0,0.0040000000000000036,ETH,2693.13,0.0
2026-09-25T19:14:40.907418+00:00,ETH-25JUN27-1500-P,2778.81,ETH-25JUN27,put,1500.0,2027-06-25T08:00:00+00:00,0.7461505023380105,0.0225,0.024,0.023372,0.02325,2778.81,ETH-25JUN27,0.6163000000000001,-0.07723,3.47508,645.0,0.0,0.0015000000000000013,ETH,2693.13,0.0
2026-09-25T19:14:40.907418+00:00,ETH-9OCT26-3200-C,2696.23,ETH-9OCT26,call,3200.0,2026-10-09T08:00:00+00:00,0.03704714847079626,0.0014,0.0017,0.001541,0.00155,2696.23,ETH-9OCT26,0.49829999999999997,0.04109,0.45714,1563.0,12.0,0.0002999999999999999,ETH,2693.13,82.04
2026-09-25T19:14:40.907418+00:00,ETH-26MAR27-3600-P,2748.23,ETH-26MAR27,put,3600.0,2027-03-26T08:00:00+00:00,0.4970060807089893,0.3685,0.3775,0.373342,0.373,2748.23,ETH-26MAR27,0.5499,-0.69236,6.81386,1.0,0.0,0.009000000000000008,ETH,2693.13,0.0
2026-09-25T19:14:40.907418+00:00,ETH-26MAR27-1900-C,2747.97,ETH-26MAR27,call,1900.0,2027-03-26T08:00:00+00:00,0.4970060807089893,0.3395,0.344,0.341951,0.34175,2747.97,ETH-26MAR27,0.579,0.86601,4.18582,4029.0,0.0,0.0044999999999999485,ETH,2693.13,0.0
2026-09-25T19:14:40.907418+00:00,ETH-24SEP27-2100-P,2809.25,ETH-24SEP27,put,2100.0,2027-09-24T08:00:00+00:00,0.9952949239670317,0.0905,0.0935,0.092089,0.092,2809.25,ETH-24SEP27,0.5648,-0.21243,8.13433,150.0,20.0,0.0030000000000000027,ETH,2693.13,5023.32
2026-09-25T19:14:40.907418+00:00,ETH-27SEP26-2660-C,2693.66,ETH-27SEP26,call,2660.0,2026-09-27T08:00:00+00:00,0.004192939025211043,0.012,0.0165,0.013799,0.01425,2693.66,ETH-27SEP26,0.21739999999999998,0.81429,0.46634,439.0,0.0,0.0045000000000000005,ETH,2693.21,0.0
2026-09-25T19:14:40.907418+00:00,ETH-26MAR27-1900-P,2748.23,ETH-26MAR27,put,1900.0,2027-03-26T08:00:00+00:00,0.4970060807089893,0.033,0.034,0.033461,0.0335,2748.23,ETH-26MAR27,0.579,-0.13397,4.18553,3600.0,60.0,0.0010000000000000009,ETH,2693.21,5553.54
2026-09-25T19:14:40.907418+00:00,ETH-2OCT26-2800-P,2694.45,ETH-2OCT26,put,2800.0,2026-10-02T08:00:00+00:00,0.017882192960871547,0.0445,0.048,0.04631,0.04625,2694.45,ETH-2OCT26,0.389,-0.76218,1.11465,198.0,40.0,0.003500000000000003,ETH,2693.21,6039.37
2026-09-25T19:14:40.907418+00:00,ETH-28SEP26-3000-C,2693.76,ETH-28SEP26,call,3000.0,2026-09-28T08:00:00+00:00,0.006930789812343145,,0.0001,8.6e-05,,2693.76,ETH-28SEP26,0.5143,0.0063,0.03979,76.0,25.0,,ETH,2693.21,26.92
2026-09-25T19:14:40.907418+00:00,ETH-27NOV26-2250-C,2711.05,ETH-27NOV26,call,2250.0,2026-11-27T08:00:00+00:00,0.17120183704026923,0.1905,0.1945,0.192598,0.1925,2711.05,ETH-27NOV26,0.5367999999999999,0.82895,2.85061,126.0,0.0,0.0040000000000000036,ETH,2693.21,0.0
2026-09-25T19:14:40.907418+00:00,ETH-25JUN27-6500-C,2778.81,ETH-25JUN27,call,6500.0,2027-06-25T08:00:00+00:00,0.7461505023380105,0.0175,0.0195,0.018486,0.0185,2778.81,ETH-25JUN27,0.6154,0.09136,3.94247,780.0,2.0,0.0019999999999999983,ETH,2693.25,96.32
2026-09-25T19:14:40.907418+00:00,ETH-30OCT26-2700-C,2702.23,ETH-30OCT26,call,2700.0,2026-10-30T08:00:00+00:00,0.09454201500057038,0.0575,0.059,0.058129,0.05825,2702.23,ETH-30OCT26,0.47159999999999996,0.53091,3.30543,4060.0,342.0,0.0014999999999999944,ETH,2693.25,55297.34
2026-09-25T19:14:40.907418+00:00,ETH-16OCT26-2850-C,2698.11,ETH-16OCT26,call,2850.0,2026-10-16T08:00:00+00:00,0.05621210398072097,0.021,0.022,0.021341,0.0215,2698.11,ETH-16OCT26,0.4514,0.32352,2.29868,244.0,113.0,0.0009999999999999974,ETH,2693.25,7184.62
2026-09-25T19:14:40.907418+00:00,ETH-27SEP26-2600-C,2693.66,ETH-27SEP26,call,2600.0,2026-09-27T08:00:00+00:00,0.004192939025211043,0.032,0.0385,0.034931,0.03525,2693.66,ETH-27SEP26,0.308,0.96255,0.14236,30.0,0.0,0.006499999999999999,ETH,2693.25,0.0
2026-09-25T19:14:40.907418+00:00,ETH-27SEP26-2560-P,2693.66,ETH-27SEP26,put,2560.0,2026-09-27T08:00:00+00:00,0.004192939025211043,0.0001,0.0003,0.000178,0.0002,2693.66,ETH-27SEP26,0.3821,-0.01942,0.08229,36.0,40.0,0.00019999999999999998,ETH,2693.25,107.53
2026-09-25T19:14:40.907418+00:00,ETH-29SEP26-2700-C,2694.39,ETH-29SEP26,call,2700.0,2026-09-29T08:00:00+00:00,0.009668640599475246,0.0105,0.0115,0.010786,0.011,2694.39,ETH-29SEP26,0.3032,0.47653,1.05491,201.0,201.0,0.0009999999999999992,ETH,2693.19,5409.1
2026-09-25T19:14:40.907418+00:00,ETH-2OCT26-3000-P,2694.45,ETH-2OCT26,put,3000.0,2026-10-02T08:00:00+00:00,0.017882192960871547,0.1105,0.1175,0.114499,0.114,2694.45,ETH-2OCT26,0.4512,-0.96001,0.31045,6.0,0.0,0.006999999999999992,ETH,2693.19,0.0
2026-09-25T19:14:40.907418+00:00,ETH-9OCT26-2000-C,2696.49,ETH-9OCT26,call,2000.0,2026-10-09T08:00:00+00:00,0.03704714847079626,0.2575,0.2605,0.258815,0.259,2696.49,ETH-9OCT26,0.7245,0.98649,0.17968,0.0,0.0,0.0030000000000000027,ETH,2693.19,0.0
2026-09-25T19:14:40.907418+00:00,ETH-16OCT26-2750-P,2698.11,ETH-16OCT26,put,2750.0,2026-10-16T08:00:00+00:00,0.05621210398072097,0.0525,0.0535,0.053026,0.053,2698.11,ETH-16OCT26,0.4471,-0.55042,2.53226,167.0,97.0,0.0010000000000000009,ETH,2693.19,15501.75
2026-09-25T19:14:40.907418+00:00,ETH-24SEP27-4200-C,2809.25,ETH-24SEP27,call,4200.0,2027-09-24T08:00:00+00:00,0.9952949239670317,0.093,0.0965,0.094726,0.09475,2809.25,ETH-24SEP27,0.5666,0.33413,10.20372,0.0,0.0,0.003500000000000003,ETH,2693.19,0.0
2026-09-25T19:14:40.907418+00:00,ETH-25DEC26-2600-P,2720.45,ETH-25DEC26,put,2600.0,2026-12-25T08:00:00+00:00,0.24786165907996807,0.079,0.0805,0.079766,0.07975,2720.45,ETH-25DEC26,0.5177,-0.38052,5.16017,1437.0,26.0,0.0015000000000000013,ETH,2693.19,5625.1
2026-09-25T19:14:40.907418+00:00,ETH-2OCT26-3100-P,2694.45,ETH-2OCT26,put,3100.0,2026-10-02T08:00:00+00:00,0.017882192960871547,0.1465,0.1545,0.151064,0.1505,2694.45,ETH-2OCT26,0.4886,-0.98275,0.15385,0.0,0.0,0.008000000000000007,ETH,2693.16,0.0
2026-09-25T19:14:40.907418+00:00,ETH-16OCT26-2900-C,2698.11,ETH-16OCT26,call,2900.0,2026-10-16T08:00:00+00:00,0.05621210398072097,0.0165,0.0175,0.016844,0.017,2698.11,ETH-16OCT26,0.45549999999999996,0.26962,2.11415,82.0,82.0,0.0010000000000000009,ETH,2693.16,4609.04
2026-09-25T19:14:40.907418+00:00,ETH-29SEP26-2740-P,2694.39,ETH-29SEP26,put,2740.0,2026-09-29T08:00:00+00:00,0.009668640599475246,0.021,0.0245,0.02264,0.02275,2694.39,ETH-29SEP26,0.3079,-0.7067,0.91149,0.0,0.0,0.0034999999999999996,ETH,2693.16,0.0
2026-09-25T19:14:40.907418+00:00,ETH-28SEP26-2900-P,2693.76,ETH-28SEP26,put,2900.0,2026-09-28T08:00:00+00:00,0.006930789812343145,0.073,0.0795,0.076857,0.07625,2693.76,ETH-28SEP26,0.3969,-0.98662,0.07693,0.0,0.0,0.006500000000000006,ETH,2693.16,0.0
2026-09-25T19:14:40.907418+00:00,ETH-27SEP26-2660-P,2693.66,ETH-27SEP26,put,2660.0,2026-09-27T08:00:00+00:00,0.004192939025211043,0.0012,0.0016,0.00144,0.0014,2693.66,ETH-27SEP26,0.21739999999999998,-0.18605,0.46687,65.0,74.0,0.0004000000000000002,ETH,2693.16,846.92
2026-09-25T19:14:40.907418+00:00,ETH-25DEC26-2900-C,2720.45,ETH-25DEC26,call,2900.0,2026-12-25T08:00:00+00:00,0.24786165907996807,0.0755,0.077,0.076003,0.07625,2720.45,ETH-25DEC26,0.5171,0.45228,5.36563,4523.0,250.0,0.0015000000000000013,ETH,2693.16,52089.88
2026-09-25T19:14:40.907418+00:00,ETH-27NOV26-4000-P,2711.05,ETH-27NOV26,put,4000.0,2026-11-27T08:00:00+00:00,0.17120183704026923,0.4775,0.487,0.481614,0.48225,2711.05,ETH-27NOV26,0.5716,-0.93648,1.39742,0.0,0.0,0.009500000000000008,ETH,2693.16,0.0
2026-09-25T19:14:40.907418+00:00,ETH-27SEP26-2740-P,2693.66,ETH-27SEP26,put,2740.0,2026-09-27T08:00:00+00:00,0.004192939025211043,0.016,0.0205,0.018437,0.01825,2693.66,ETH-27SEP26,0.2416,-0.86249,0.38322,458.0,32.0,0.0045000000000000005,ETH,2693.16,1254.8
2026-09-25T19:14:40.907418+00:00,ETH-26MAR27-2700-P,2748.23,ETH-26MAR27,put,2700.0,2027-03-26T08:00:00+00:00,0.4970060807089893,0.14,0.1415,0.140863,0.14075,2748.23,ETH-26MAR27,0.5388000000000001,-0.4066,7.51827,1268.0,61.0,0.0014999999999999736,ETH,2693.16,23171.4
2026-09-25T19:14:40.907418+00:00,ETH-24SEP27-2800-P,2809.51,ETH-24SEP27,put,2800.0,2027-09-24T08:00:00+00:00,0.9952949239670317,0.2145,0.218,0.21621,0.21625,2809.51,ETH-24SEP27,0.555,-0.38863,10.74583,1151.0,1001.0,0.003500000000000003,ETH,2693.16,583806.41
2026-09-25T19:14:40.907418+00:00,ETH-26SEP26-2680-C,2692.88,ETH-26SEP26,call,2680.0,2026-09-26T08:00:00+00:00,0.0014550882380789413,0.0055,0.0075,0.006258,0.0065,2692.88,ETH-26SEP26,0.2254,0.7146,0.34812,1123.0,998.0,0.002,ETH,2693.16,16500.64
2026-09-25T19:14:40.907418+00:00,ETH-24SEP27-2300-C,2809.25,ETH-24SEP27,call,2300.0,2027-09-24T08:00:00+00:00,0.9952949239670317,0.2935,0.31,0.30295,0.30175,2809.25,ETH-24SEP27,0.5597,0.73805,9.12877,0.0,0.0,0.016500000000000015,ETH,2693.16,0.0
2026-09-25T19:14:40.907418+00:00,ETH-28SEP26-2840-P,2693.76,ETH-28SEP26,put,2840.0,2026-09-28T08:00:00+00:00,0.006930789812343145,0.0505,0.0575,0.054778,0.054,2693.76,ETH-28SEP26,0.3406,-0.96793,0.1612,0.0,0.0,0.006999999999999999,ETH,2693.16,0.0
2026-09-25T19:14:40.907418+00:00,ETH-27SEP26-2720-C,2693.66,ETH-27SEP26,call,2720.0,2026-09-27T08:00:00+00:00,0.004192939025211043,0.0019,0.0024,0.002127,0.00215,2693.66,ETH-27SEP26,0.2223,0.24868,0.55229,619.0,523.0,0.0004999999999999998,ETH,2693.15,5786.94
2026-09-25T19:14:40.907418+00:00,ETH-24SEP27-4000-C,2809.51,ETH-24SEP27,call,4000.0,2027-09-24T08:00:00+00:00,0.9952949239670317,0.104,0.1075,0.10576,0.10575,2809.51,ETH-24SEP27,0.5636,0.36424,10.53055,0.0,0.0,0.003500000000000003,ETH,2693.15,0.0
2026-09-25T19:14:40.907418+00:00,ETH-27SEP26-2300-C,2693.66,ETH-27SEP26,call,2300.0,2026-09-27T08:00:00+00:00,0.004192939025211043,0.144,0.148,0.146032,0.146,2693.66,ETH-27SEP26,0.8012,0.99893,0.00623,0.0,0.0,0.0040000000000000036,ETH,2693.15,0.0
2026-09-25T19:14:40.907418+00:00,ETH-26MAR27-3400-C,2748.23,ETH-26MAR27,call,3400.0,2027-03-26T08:00:00+00:00,0.4970060807089893,0.0765,0.0775,0.077062,0.077,2748.23,ETH-26MAR27,0.5457,0.35908,7.2436,3229.0,50.0,0.0010000000000000009,ETH,2693.15,10089.42
2026-09-25T19:14:40.907418+00:00,ETH-28SEP26-2700-P,2694.02,ETH-28SEP26,put,2700.0,2026-09-28T08:00:00+00:00,0.006930789812343145,0.0085,0.0095,0.009296,0.009,2694.02,ETH-28SEP26,0.2409,-0.54259,0.88931,531.0,349.0,0.0009999999999999992,ETH,2693.15,9306.58
2026-09-25T19:14:40.907418+00:00,ETH-24SEP27-1800-C,2809.25,ETH-24SEP27,call,1800.0,2027-09-24T08:00:00+00:00,0.9952949239670317,0.41,0.423,0.416704,0.4165,2809.25,ETH-24SEP27,0.5804,0.855,6.39002,0.0,0.0,0.013000000000000012,ETH,2693.15,0.0
2026-09-25T19:14:40.907418+00:00,ETH-9OCT26-2550-P,2696.49,ETH-9OCT26,put,2550.0,2026-10-09T08:00:00+00:00,0.03704714847079626,0.0125,0.013,0.012858,0.01275,2696.49,ETH-9OCT26,0.4434,-0.24333,1.62574,658.0,200.0,0.0004999999999999987,ETH,2693.15,8040.85
2026-09-25T19:14:40.907418+00:00,ETH-25JUN27-900-P,2778.81,ETH-25JUN27,put,900.0,2027-06-25T08:00:00+00:00,0.7461505023380105,0.0055,0.0065,0.005985,0.006,2778.81,ETH-25JUN27,0.7524,-0.01975,1.15017,897.0,50.0,0.001,ETH,2693.15,806.55
2026-09-25T19:14:40.907418+00:00,ETH-27SEP26-2780-C,2693.4,ETH-27SEP26,call,2780.0,2026-09-27T08:00:00+00:00,0.004192939025211043,0.0003,0.0005,0.000391,0.0004,2693.4,ETH-27SEP26,0.295,0.04946,0.17822,519.0,137.0,0.00020000000000000004,ETH,2693.15,504.69
2026-09-25T19:14:40.907418+00:00,ETH-24SEP27-2200-C,2809.25,ETH-24SEP27,call,2200.0,2027-09-24T08:00:00+00:00,0.9952949239670317,0.3145,0.3305,0.323144,0.3225,2809.25,ETH-24SEP27,0.562,0.76309,8.65388,0.0,0.0,0.016000000000000014,ETH,2693.15,0.0
2026-09-25T19:14:40.907418+00:00,ETH-30OCT26-3300-C,2702.23,ETH-30OCT26,call,3300.0,2026-10-30T08:00:00+00:00,0.09454201500057038,0.008,0.0085,0.008305,0.00825,2702.23,ETH-30OCT26,0.51,0.11573,1.62027,1575.0,794.0,0.0005000000000000004,ETH,2693.15,20034.83
2026-09-25T19:14:40.907418+00:00,ETH-2OCT26-3100-C,2694.45,ETH-2OCT26,call,3100.0,2026-10-02T08:00:00+00:00,0.017882192960871547,0.0003,0.0005,0.000399,0.0004,2694.45,ETH-2OCT26,0.4886,0.01725,0.15385,292.0,2.0,0.00020000000000000004,ETH,2693.15,5.13
2026-09-25T19:14:40.907418+00:00,ETH-25JUN27-1300-C,2778.55,ETH-25JUN27,call,1300.0,2027-06-25T08:00:00+00:00,0.7461505023380105,0.5455,0.549,0.547345,0.54725,2778.55,ETH-25JUN27,0.6503,0.94873,2.52626,108.0,0.0,0.0035000000000000586,ETH,2693.15,0.0
2026-09-25T19:14:40.907418+00:00,ETH-28SEP26-2300-P,2693.76,ETH-28SEP26,put,2300.0,2026-09-28T08:00:00+00:00,0.006930789812343145,,0.0001,5.3e-05,,2693.76,ETH-28SEP26,0.6964,-0.00294,0.02011,378.0,30.0,,ETH,2693.15,29.44
2026-09-25T19:14:40.907418+00:00,ETH-25DEC26-1500-C,2720.45,ETH-25DEC26,call,1500.0,2026-12-25T08:00:00+00:00,0.24786165907996807,0.4515,0.4545,0.452875,0.453,2720.45,ETH-25DEC26,0.6922,0.97121,0.89071,749.0,0.0,0.0030000000000000027,ETH,2693.15,0.0
2026-09-25T19:14:40.907418+00:00,ETH-16OCT26-2400-C,2698.11,ETH-16OCT26,call,2400.0,2026-10-16T08:00:00+00:00,0.05621210398072097,0.117,0.121,0.118803,0.119,2698.11,ETH-16OCT26,0.47909999999999997,0.86143,1.41422,0.0,0.0,0.00399999999999999,ETH,2693.15,0.0
2026-09-25T19:14:40.907418+00:00,ETH-30OCT26-3400-C,2702.23,ETH-30OCT26,call,3400.0,2026-10-30T08:00:00+00:00,0.09454201500057038,0.0055,0.0065,0.006003,0.006,2702.23,ETH-30OCT26,0.5191,0.08697,1.31554,5385.0,346.0,0.001,ETH,2693.15,6160.14
2026-09-25T19:14:40.907418+00:00,ETH-27NOV26-2750-P,2711.31,ETH-27NOV26,put,2750.0,2026-11-27T08:00:00+00:00,0.17120183704026923,0.091,0.0925,0.091498,0.09175,2711.31,ETH-27NOV26,0.5063,-0.48541,4.47342,946.0,237.0,0.0015000000000000013,ETH,2693.15,58552.32
2026-09-25T19:14:40.907418+00:00,ETH-26SEP26-2840-C,2692.88,ETH-26SEP26,call,2840.0,2026-09-26T08:00:00+00:00,0.0014550882380789413,,0.0001,5.9e-05,,2692.88,ETH-26SEP26,0.5795,0.0082,0.02295,550.0,217.0,,ETH,2693.15,628.74
2026-09-25T19:14:40.907418+00:00,ETH-9OCT26-2500-P,2696.49,ETH-9OCT26,put,2500.0,2026-10-09T08:00:00+00:00,0.03704714847079626,0.0085,0.0095,0.009073,0.009,2696.49,ETH-9OCT26,0.4547,-0.18227,1.37277,3859.0,3509.0,0.0009999999999999992,ETH,2693.15,95794.28
2026-09-25T19:14:40.907418+00:00,ETH-28SEP26-2660-C,2693.76,ETH-28SEP26,call,2660.0,2026-09-28T08:00:00+00:00,0.006930789812343145,0.0135,0.0175,0.015586,0.0155,2693.76,ETH-28SEP26,0.23879999999999998,0.74004,0.72715,1002.0,3.0,0.004000000000000002,ETH,2693.15,128.8
2026-09-25T19:14:40.907418+00:00,ETH-24SEP27-3300-C,2809.51,ETH-24SEP27,call,3300.0,2027-09-24T08:00:00+00:00,0.9952949239670317,0.1585,0.162,0.16025,0.16025,2809.51,ETH-24SEP27,0.5568,0.49523,11.18375,0.0,0.0,0.003500000000000003,ETH,2693.15,0.0
2026-09-25T19:14:40.907418+00:00,ETH-28SEP26-2540-C,2693.76,ETH-28SEP26,call,2540.0,2026-09-28T08:00:00+00:00,0.006930789812343145,0.0545,0.0605,0.057272,0.0575,2693.76,ETH-28SEP26,0.36810000000000004,0.97346,0.13775,0.0,0.0,0.005999999999999998,ETH,2693.15,0.0
2026-09-25T19:14:40.907418+00:00,ETH-25DEC26-11000-P,2720.19,ETH-25DEC26,put,11000.0,2026-12-25T08:00:00+00:00,0.24786165907996807,3.014,3.052,3.04424,3.033,2720.19,ETH-25DEC26,0.8858,-0.9984,0.07028,748.0,0.0,0.038000000000000256,ETH,2693.16,0.0
2026-09-25T19:14:40.907418+00:00,ETH-28SEP26-2440-P,2693.76,ETH-28SEP26,put,2440.0,2026-09-28T08:00:00+00:00,0.006930789812343145,0.0001,0.0003,0.000184,0.0002,2693.76,ETH-28SEP26,0.5301,-0.01181,0.06905,126.0,27.0,0.00019999999999999998,ETH,2693.16,54.85
2026-09-25T19:14:40.907418+00:00,ETH-29SEP26-2500-C,2694.39,ETH-29SEP26,call,2500.0,2026-09-29T08:00:00+00:00,0.009668640599475246,0.0705,0.0745,0.072638,0.0725,2694.39,ETH-29SEP26,0.4387,0.96032,0.22677,18.0,18.0,0.0040000000000000036,ETH,2693.16,3438.77
2026-09-25T19:14:40.907418+00:00,ETH-25DEC26-2800-C,2720.45,ETH-25DEC26,call,2800.0,2026-12-25T08:00:00+00:00,0.24786165907996807,0.089,0.0905,0.089571,0.08975,2720.45,ETH-25DEC26,0.5154,0.50619,5.40363,8886.0,543.0,0.0015000000000000013,ETH,2693.16,133447.9
2026-09-25T19:14:40.907418+00:00,ETH-26SEP26-2720-C,2692.88,ETH-26SEP26,call,2720.0,2026-09-26T08:00:00+00:00,0.0014550882380789413,0.0007,0.001,0.000811,0.00085,2692.88,ETH-26SEP26,0.2616,0.15843,0.24771,1929.0,2212.0,0.00030000000000000003,ETH,2693.16,13634.09
2026-09-25T19:14:40.907418+00:00,ETH-27NOV26-4200-C,2711.05,ETH-27NOV26,call,4200.0,2026-11-27T08:00:00+00:00,0.17120183704026923,0.004,0.0045,0.004272,0.00425,2711.05,ETH-27NOV26,0.5871,0.04644,1.09089,805.0,0.0,0.0004999999999999996,ETH,2693.16,0.0
2026-09-25T19:14:40.907418+00:00,ETH-26SEP26-2620-P,2692.88,ETH-26SEP26,put,2620.0,2026-09-26T08:00:00+00:00,0.0014550882380789413,,0.0002,0.000129,,2692.88,ETH-26SEP26,0.36560000000000004,-0.02378,0.05743,813.0,573.0,,ETH,2693.16,1315.29
2026-09-25T19:14:40.907418+00:00,ETH-30OCT26-1800-C,2701.97,ETH-30OCT26,call,1800.0,2026-10-30T08:00:00+00:00,0.09454201500057038,0.3335,0.337,0.335431,0.33525,2701.97,ETH-30OCT26,0.6776000000000001,0.97997,0.40292,110.0,0.0,0.003500000000000003,ETH,2693.16,0.0
2026-09-25T19:14:40.907418+00:00,ETH-25JUN27-1800-P,2778.81,ETH-25JUN27,put,1800.0,2027-06-25T08:00:00+00:00,0.7461505023380105,0.0415,0.043,0.042357,0.04225,2778.81,ETH-25JUN27,0.5804,-0.13213,5.13622,1776.0,0.0,0.0014999999999999944,ETH,2693.16,0.0
2026-09-25T19:14:40.907418+00:00,ETH-25DEC26-3400-P,2720.45,ETH-25DEC26,put,3400.0,2026-12-25T08:00:00+00:00,0.24786165907996807,0.28,0.2865,0.283015,0.28325,2720.45,ETH-25DEC26,0.5331,-0.76043,4.20716,89.0,0.0,0.00649999999999995,ETH,2693.16,0.0
2026-09-25T19:14:40.907418+00:00,ETH-28SEP26-2800-C,2694.02,ETH-28SEP26,call,2800.0,2026-09-28T08:00:00+00:00,0.006930789812343145,0.0006,0.0008,0.000692,0.0007,2694.02,ETH-28SEP26,0.3032,0.064,0.28086,264.0,267.0,0.0002000000000000001,ETH,2693.16,2773.23
2026-09-25T19:14:40.907418+00:00,ETH-25DEC26-1000-P,2720.45,ETH-25DEC26,put,1000.0,2026-12-25T08:00:00+00:00,0.24786165907996807,0.0008,0.0013,0.001063,0.00105,2720.45,ETH-25DEC26,0.8869,-0.00644,0.2452,18366.0,0.0,0.0004999999999999999,ETH,2693.16,0.0
2026-09-25T19:14:40.907418+00:00,ETH-27NOV26-2200-P,2711.31,ETH-27NOV26,put,2200.0,2026-11-27T08:00:00+00:00,0.17120183704026923,0.019,0.02,0.01952,0.0195,2711.31,ETH-27NOV26,0.5462,-0.14988,2.6149,1317.0,147.0,0.0010000000000000009,ETH,2693.24,8107.75
2026-09-25T19:14:40.907418+00:00,ETH-28SEP26-2880-P,2693.76,ETH-28SEP26,put,2880.0,2026-09-28T08:00:00+00:00,0.006930789812343145,0.0655,0.073,0.069456,0.06925,2693.76,ETH-28SEP26,0.3725,-0.98389,0.09028,0.0,0.0,0.007499999999999993,ETH,2693.24,0.0
2026-09-25T19:14:40.907418+00:00,ETH-25JUN27-3700-P,2778.55,ETH-25JUN27,put,3700.0,2027-06-25T08:00:00+00:00,0.7461505023380105,0.4185,0.428,0.424055,0.42325,2778.55,ETH-25JUN27,0.5550999999999999,-0.63958,8.98568,0.0,0.0,0.009500000000000008,ETH,2693.24,0.0
2026-09-25T19:14:40.907418+00:00,ETH-29SEP26-2400-C,2694.39,ETH-29SEP26,call,2400.0,2026-09-29T08:00:00+00:00,0.009668640599475246,0.1075,0.1115,0.109447,0.1095,2694.39,ETH-29SEP26,0.5722,0.98136,0.12078,0.0,0.0,0.0040000000000000036,ETH,2693.24,0.0
2026-09-25T19:14:40.907418+00:00,ETH-29SEP26-2820-P,2694.39,ETH-29SEP26,put,2820.0,2026-09-29T08:00:00+00:00,0.009668640599475246,0.045,0.051,0.0483,0.048,2694.39,ETH-29SEP26,0.34619999999999995,-0.90732,0.4396,0.0,0.0,0.005999999999999998,ETH,2693.24,0.0
2026-09-25T19:14:40.907418+00:00,ETH-26SEP26-2300-C,2692.88,ETH-26SEP26,call,2300.0,2026-09-26T08:00:00+00:00,0.0014550882380789413,0.145,0.1475,0.14581,0.14625,2692.88,ETH-26SEP26,1.0215,0.99998,0.0001,18.0,18.0,0.0025000000000000022,ETH,2693.23,7327.68
2026-09-25T19:14:40.907418+00:00,ETH-27SEP26-2700-C,2693.66,ETH-27SEP26,call,2700.0,2026-09-27T08:00:00+00:00,0.004192939025211043,0.0039,0.0047,0.004294,0.0043,2693.66,ETH-27SEP26,0.21,0.43028,0.68467,695.0,266.0,0.0008000000000000004,ETH,2693.24,4815.78
2026-09-25T19:14:40.907418+00:00,ETH-25JUN27-2300-C,2778.81,ETH-25JUN27,call,2300.0,2027-06-25T08:00:00+00:00,0.7461505023380105,0.27,0.275,0.271587,0.2725,2778.81,ETH-25JUN27,0.5526,0.73716,7.83138,251.0,0.0,0.0050000000000000044,ETH,2693.23,0.0
2026-09-25T19:14:40.907418+00:00,ETH-9OCT26-2650-C,2696.49,ETH-9OCT26,call,2650.0,2026-10-09T08:00:00+00:00,0.03704714847079626,0.0415,0.0425,0.041957,0.042,2696.49,ETH-9OCT26,0.42950000000000005,0.59889,2.00687,948.0,176.0,0.0010000000000000009,ETH,2693.23,20109.18
2026-09-25T19:14:40.907418+00:00,ETH-25JUN27-2700-C,2778.81,ETH-25JUN27,call,2700.0,2027-06-25T08:00:00+00:00,0.7461505023380105,0.197,0.2,0.198531,0.1985,2778.81,ETH-25JUN27,0.5467,0.61674,9.16531,578.0,1.0,0.0030000000000000027,ETH,2693.23,550.51
2026-09-25T19:14:40.907418+00:00,ETH-2OCT26-2250-C,2694.45,ETH-2OCT26,call,2250.0,2026-10-02T08:00:00+00:00,0.017882192960871547,0.164,0.167,0.165414,0.1655,2694.45,ETH-2OCT26,0.6537000000000001,0.98235,0.15685,18.0,0.0,0.0030000000000000027,ETH,2693.23,0.0
2026-09-25T19:14:40.907418+00:00,ETH-27SEP26-3000-C,2693.66,ETH-27SEP26,call,3000.0,2026-09-27T08:00:00+00:00,0.004192939025211043,,0.0001,6.9e-05,,2693.66,ETH-27SEP26,0.6455,0.00523,0.02623,1105.0,550.0,,ETH,2693.23,147.59
2026-09-25T19:14:40.907418+00:00,ETH-9OCT26-2450-P,2696.49,ETH-9OCT26,put,2450.0,2026-10-09T08:00:00+00:00,0.03704714847079626,0.006,0.007,0.006475,0.0065,2696.49,ETH-9OCT26,0.47090000000000004,-0.13535,1.12902,3703.0,3121.0,0.001,ETH,2693.23,69418.24
2026-09-25T19:14:40.907418+00:00,ETH-25DEC26-3300-P,2720.19,ETH-25DEC26,put,3300.0,2026-12-25T08:00:00+00:00,0.24786165907996807,0.249,0.255,0.252166,0.252,2720.19,ETH-25DEC26,0.5289,-0.72635,4.50928,13.0,0.0,0.006000000000000005,ETH,2693.21,0.0
2026-09-25T19:14:40.907418+00:00,ETH-25DEC26-3400-C,2720.45,ETH-25DEC26,call,3400.0,2026-12-25T08:00:00+00:00,0.24786165907996807,0.0325,0.0335,0.033034,0.033,2720.45,ETH-25DEC26,0.5331,0.23959,4.20744,14659.0,450.0,0.0010000000000000009,ETH,2693.21,42145.88
2026-09-25T19:14:40.907418+00:00,ETH-28SEP26-2950-P,2693.76,ETH-28SEP26,put,2950.0,2026-09-28T08:00:00+00:00,0.006930789812343145,0.091,0.098,0.095408,0.0945,2693.76,ETH-28SEP26,0.4697,-0.98943,0.06274,0.0,0.0,0.007000000000000006,ETH,2693.21,0.0
2026-09-25T19:14:40.907418+00:00,ETH-27NOV26-2800-P,2711.31,ETH-27NOV26,put,2800.0,2026-11-27T08:00:00+00:00,0.17120183704026923,0.102,0.1035,0.102389,0.10275,2711.31,ETH-27NOV26,0.5068,-0.51952,4.47117,759.0,44.0,0.0015000000000000013,ETH,2693.21,11963.31
2026-09-25T19:14:40.907418+00:00,ETH-25DEC26-2000-C,2720.19,ETH-25DEC26,call,2000.0,2026-12-25T08:00:00+00:00,0.24786165907996807,0.28,0.284,0.2822,0.282,2720.19,ETH-25DEC26,0.5735,0.88867,2.56928,10233.0,29.0,0.003999999999999948,ETH,2693.21,22122.0
2026-09-25T19:14:40.907418+00:00,ETH-9OCT26-2200-C,2696.23,ETH-9OCT26,call,2200.0,2026-10-09T08:00:00+00:00,0.03704714847079626,0.184,0.1875,0.185498,0.18575,2696.23,ETH-9OCT26,0.5943,0.96675,0.38457,0.0,0.0,0.003500000000000003,ETH,2693.21,0.0
2026-09-25T19:14:40.907418+00:00,ETH-25JUN27-5500-P,2778.81,ETH-25JUN27,put,5500.0,2027-06-25T08:00:00+00:00,0.7461505023380105,0.9925,1.027,1.009541,1.00975,2778.81,ETH-25JUN27,0.5934,-0.85889,5.37246,0.0,0.0,0.034499999999999864,ETH,2693.19,0.0
2026-09-25T19:14:40.907418+00:00,ETH-30OCT26-1850-C,2701.97,ETH-30OCT26,call,1850.0,2026-10-30T08:00:00+00:00,0.09454201500057038,0.316,0.319,0.317227,0.3175,2701.97,ETH-30OCT26,0.6559999999999999,0.97606,0.46839,1008.0,2.0,0.0030000000000000027,ETH,2693.19,1664.51
2026-09-25T19:14:40.907418+00:00,ETH-27NOV26-2000-P,2711.05,ETH-27NOV26,put,2000.0,2026-11-27T08:00:00+00:00,0.17120183704026923,0.0095,0.0105,0.010053,0.01,2711.05,ETH-27NOV26,0.5804,-0.08281,1.71218,2277.0,27.0,0.0010000000000000009,ETH,2693.19,769.74
2026-09-25T19:14:40.907418+00:00,ETH-25JUN27-3800-P,2778.81,ETH-25JUN27,put,3800.0,2027-06-25T08:00:00+00:00,0.7461505023380105,0.4475,0.4575,0.453717,0.4525,2778.81,ETH-25JUN27,0.5571,-0.65897,8.80728,2.0,0.0,0.010000000000000009,ETH,2693.19,0.0
2026-09-25T19:14:40.907418+00:00,ETH-27NOV26-2950-P,2711.05,ETH-27NOV26,put,2950.0,2026-11-27T08:00:00+00:00,0.17120183704026923,0.137,0.1415,0.138749,0.13925,2711.05,ETH-27NOV26,0.5095000000000001,-0.61609,4.2856,954.0,25.0,0.004499999999999976,ETH,2693.19,8953.44
2026-09-25T19:14:40.907418+00:00,ETH-25DEC26-800-P,2720.45,ETH-25DEC26,put,800.0,2026-12-25T08:00:00+00:00,0.24786165907996807,0.0004,0.0007,0.000478,0.00055,2720.45,ETH-25DEC26,0.9737,-0.00284,0.11779,7404.0,0.0,0.0003,ETH,2693.19,0.0
2026-09-25T19:14:40.907418+00:00,ETH-29SEP26-2950-P,2694.39,ETH-29SEP26,put,2950.0,2026-09-29T08:00:00+00:00,0.009668640599475246,0.0915,0.0985,0.095447,0.095,2694.39,ETH-29SEP26,0.4474,-0.97956,0.13063,0.0,0.0,0.007000000000000006,ETH,2693.19,0.0
2026-09-25T19:14:40.907418+00:00,ETH-9OCT26-2000-P,2696.23,ETH-9OCT26,put,2000.0,2026-10-09T08:00:00+00:00,0.03704714847079626,0.0006,0.0008,0.000693,0.0007,2696.23,ETH-9OCT26,0.7245,-0.01352,0.17972,2020.0,33.0,0.0002000000000000001,ETH,2693.19,64.27
2026-09-25T19:14:40.907418+00:00,ETH-2OCT26-2400-C,2694.31,ETH-2OCT26,call,2400.0,2026-10-02T08:00:00+00:00,0.017882192960871547,0.1085,0.112,0.110386,0.11025,2694.31,ETH-2OCT26,0.5127,0.95743,0.32662,297.0,2.0,0.003500000000000003,ETH,2693.19,552.94
2026-09-25T19:14:40.907418+00:00,ETH-29SEP26-2620-C,2694.39,ETH-29SEP26,call,2620.0,2026-09-29T08:00:00+00:00,0.009668640599475246,0.029,0.0325,0.030643,0.03075,2694.39,ETH-29SEP26,0.3215,0.81535,0.70622,0.0,0.0,0.0034999999999999996,ETH,2693.19,0.0
2026-09-25T19:14:40.907418+00:00,ETH-26SEP26-2450-C,2692.88,ETH-26SEP26,call,2450.0,2026-09-26T08:00:00+00:00,0.0014550882380789413,0.0875,0.0935,0.090108,0.0905,2692.88,ETH-26SEP26,0.7797,0.99932,0.00242,0.0,0.0,0.006000000000000005,ETH,2693.19,0.0
2026-09-25T19:14:40.907418+00:00,ETH-25JUN27-3000-P,2778.81,ETH-25JUN27,put,3000.0,2027-06-25T08:00:00+00:00,0.7461505023380105,0.235,0.239,0.236748,0.237,2778.81,ETH-25JUN27,0.5473,-0.47041,9.55185,313.0,10.0,0.0040000000000000036,ETH,2693.19,6171.83
2026-09-25T19:14:40.907418+00:00,ETH-26MAR27-800-P,2748.23,ETH-26MAR27,put,800.0,2027-03-26T08:00:00+00:00,0.4970060807089893,0.002,0.0027,0.002277,0.00235,2748.23,ETH-26MAR27,0.8508,-0.00922,0.48115,2958.0,0.0,0.0007000000000000001,ETH,2693.19,0.0
2026-09-25T19:14:40.907418+00:00,ETH-30OCT26-2300-C,2701.97,ETH-30OCT26,call,2300.0,2026-10-30T08:00:00+00:00,0.09454201500057038,0.1585,0.162,0.16002,0.16025,2701.97,ETH-30OCT26,0.5079,0.86637,1.79177,1160.0,30.0,0.003500000000000003,ETH,2693.19,12904.45
2026-09-25T19:14:40.907418+00:00,ETH-25DEC26-2000-P,2720.19,ETH-25DEC26,put,2000.0,2026-12-25T08:00:00+00:00,0.24786165907996807,0.017,0.018,0.017483,0.0175,2720.19,ETH-25DEC26,0.5735,-0.11133,2.56934,9443.0,2.0,0.0009999999999999974,ETH,2693.19,95.32
2026-09-25T19:14:40.907418+00:00,ETH-25DEC26-800-C,2720.45,ETH-25DEC26,call,800.0,2026-12-25T08:00:00+00:00,0.24786165907996807,0.705,0.7075,0.706365,0.70625,2720.45,ETH-25DEC26,0.9737,0.99716,0.11779,171.0,0.0,0.0025000000000000577,ETH,2693.19,0.0
2026-09-25T19:14:40.907418+00:00,ETH-26MAR27-4500-C,2747.97,ETH-26MAR27,call,4500.0,2027-03-26T08:00:00+00:00,0.4970060807089893,0.0275,0.028,0.027718,0.02775,2747.97,ETH-26MAR27,0.5748,0.1553,4.62378,4178.0,0.0,0.0005000000000000004,ETH,2693.19,0.0
2026-09-25T19:14:40.907418+00:00,ETH-25DEC26-5500-C,2720.19,ETH-25DEC26,call,5500.0,2026-12-25T08:00:00+00:00,0.24786165907996807,0.0021,0.0027,0.002388,0.0024,2720.19,ETH-25DEC26,0.6498999999999999,0.02204,0.71206,2167.0,0.0,0.0006000000000000003,ETH,2693.19,0.0
2026-09-25T19:14:40.907418+00:00,ETH-30OCT26-2750-P,2702.23,ETH-30OCT26,put,2750.0,2026-10-30T08:00:00+00:00,0.09454201500057038,0.067,0.0685,0.067749,0.06775,2702.23,ETH-30OCT26,0.4722,-0.51942,3.31146,503.0,60.0,0.0015000000000000013,ETH,2693.19,11152.66
2026-09-25T19:14:40.907418+00:00,ETH-25DEC26-4000-C,2720.19,ETH-25DEC26,call,4000.0,2026-12-25T08:00:00+00:00,0.24786165907996807,0.0125,0.014,0.013177,0.01325,2720.19,ETH-25DEC26,0.5642,0.10896,2.53,16085.0,55.0,0.0014999999999999996,ETH,2693.19,2026.18
2026-09-25T19:14:40.907418+00:00,ETH-27SEP26-2920-C,2693.66,ETH-27SEP26,call,2920.0,2026-09-27T08:00:00+00:00,0.004192939025211043,,0.0001,9.6e-05,,2693.66,ETH-27SEP26,0.5204,0.0086,0.04072,0.0,0.0,,ETH,2693.19,0.0
2026-09-25T19:14:40.907418+00:00,ETH-28SEP26-2450-P,2693.76,ETH-28SEP26,put,2450.0,2026-09-28T08:00:00+00:00,0.006930789812343145,0.0001,0.0003,0.000184,0.0002,2693.76,ETH-28SEP26,0.5111,-0.01221,0.07107,194.0,0.0,0.00019999999999999998,ETH,2693.19,0.0
2026-09-25T19:14:40.907418+00:00,ETH-24SEP27-3000-C,2809.51,ETH-24SEP27,call,3000.0,2027-09-24T08:00:00+00:00,0.9952949239670317,0.1915,0.195,0.193314,0.19325,2809.51,ETH-24SEP27,0.5554,0.56301,11.04479,30.0,30.0,0.003500000000000003,ETH,2693.19,15392.54
2026-09-25T19:14:40.907418+00:00,ETH-27SEP26-2900-C,2693.66,ETH-27SEP26,call,2900.0,2026-09-27T08:00:00+00:00,0.004192939025211043,,0.0002,0.000116,,2693.66,ETH-27SEP26,0.49340000000000006,0.01073,0.04938,248.0,248.0,,ETH,2693.19,149.66
2026-09-25T19:14:40.907418+00:00,ETH-27NOV26-3500-C,2711.05,ETH-27NOV26,call,3500.0,2026-11-27T08:00:00+00:00,0.17120183704026923,0.015,0.016,0.015474,0.0155,2711.05,ETH-27NOV26,0.5354,0.14873,2.60137,142.0,1.0,0.0010000000000000009,ETH,2693.09,43.09
2026-09-25T19:14:40.907418+00:00,ETH-16OCT26-2000-C,2698.11,ETH-16OCT26,call,2000.0,2026-10-16T08:00:00+00:00,0.05621210398072097,0.2585,0.262,0.260008,0.26025,2698.11,ETH-16OCT26,0.6542,0.97765,0.34037,0.0,0.0,0.003500000000000003,ETH,2693.09,0.0
2026-09-25T19:14:40.907418+00:00,ETH-29SEP26-2640-P,2694.39,ETH-29SEP26,put,2640.0,2026-09-29T08:00:00+00:00,0.009668640599475246,0.0044,0.0048,0.004708,0.0046,2694.39,ETH-29SEP26,0.3134,-0.25072,0.843,33.0,33.0,0.0003999999999999993,ETH,2693.09,519.86
2026-09-25T19:14:40.907418+00:00,ETH-2OCT26-2600-P,2694.45,ETH-2OCT26,put,2600.0,2026-10-02T08:00:00+00:00,0.017882192960871547,0.007,0.008,0.007653,0.0075,2694.45,ETH-2OCT26,0.39289999999999997,-0.24053,1.12152,2010.0,1125.0,0.001,ETH,2693.09,28395.18
2026-09-25T19:14:40.907418+00:00,ETH-25JUN27-4600-P,2778.81,ETH-25JUN27,put,4600.0,2027-06-25T08:00:00+00:00,0.7461505023380105,0.692,0.719,0.706072,0.7055,2778.81,ETH-25JUN27,0.5737,-0.77909,7.12553,0.0,0.0,0.027000000000000024,ETH,2693.09,0.0
2026-09-25T19:14:40.907418+00:00,ETH-25JUN27-1200-C,2778.81,ETH-25JUN27,call,1200.0,2027-06-25T08:00:00+00:00,0.7461505023380105,0.5785,0.582,0.580332,0.58025,2778.81,ETH-25JUN27,0.6716,0.95879,2.11936,55.0,0.0,0.0034999999999999476,ETH,2693.09,0.0
2026-09-25T19:14:40.907418+00:00,ETH-30OCT26-1200-C,2702.23,ETH-30OCT26,call,1200.0,2026-10-30T08:00:00+00:00,0.09454201500057038,0.5545,0.5575,0.556033,0.556,2702.23,ETH-30OCT26,0.9611,0.99809,0.05048,0.0,0.0,0.0030000000000000027,ETH,2692.88,0.0
2026-09-25T19:14:40.907418+00:00,ETH-30OCT26-1700-C,2701.97,ETH-30OCT26,call,1700.0,2026-10-30T08:00:00+00:00,0.09454201500057038,0.371,0.3735,0.371958,0.37225,2701.97,ETH-30OCT26,0.7206999999999999,0.98612,0.29445,74.0,0.0,0.0025000000000000022,ETH,2692.88,0.0
2026-09-25T19:14:40.907418+00:00,ETH-25DEC26-1300-P,2720.19,ETH-25DEC26,put,1300.0,2026-12-25T08:00:00+00:00,0.24786165907996807,0.0022,0.0028,0.002488,0.0025,2720.19,ETH-25DEC26,0.7594,-0.01614,0.54616,4151.0,0.0,0.0005999999999999998,ETH,2692.88,0.0
2026-09-25T19:14:40.907418+00:00,ETH-29SEP26-2800-P,2694.39,ETH-29SEP26,put,2800.0,2026-09-29T08:00:00+00:00,0.009668640599475246,0.0385,0.044,0.041419,0.04125,2694.39,ETH-29SEP26,0.3348,-0.87675,0.53987,0.0,0.0,0.005499999999999998,ETH,2692.88,0.0
2026-09-25T19:14:40.907418+00:00,ETH-16OCT26-3200-C,2698.11,ETH-16OCT26,call,3200.0,2026-10-16T08:00:00+00:00,0.05621210398072097,0.004,0.0044,0.00416,0.0042,2698.11,ETH-16OCT26,0.4951,0.08143,0.96393,106.0,106.0,0.0004000000000000002,ETH,2692.76,1566.54
2026-09-25T19:14:40.907418+00:00,ETH-9OCT26-3100-C,2696.49,ETH-9OCT26,call,3100.0,2026-10-09T08:00:00+00:00,0.03704714847079626,0.0026,0.003,0.002763,0.0028,2696.49,ETH-9OCT26,0.47759999999999997,0.07046,0.70042,615.0,150.0,0.0004000000000000002,ETH,2692.88,1577.17
2026-09-25T19:14:40.907418+00:00,ETH-9OCT26-2700-C,2696.49,ETH-9OCT26,call,2700.0,2026-10-09T08:00:00+00:00,0.03704714847079626,0.0315,0.0325,0.032051,0.032,2696.49,ETH-9OCT26,0.4265,0.5093,2.07015,962.0,270.0,0.0010000000000000009,ETH,2692.88,22957.51
2026-09-25T19:14:40.907418+00:00,ETH-2OCT26-2350-P,2694.31,ETH-2OCT26,put,2350.0,2026-10-02T08:00:00+00:00,0.017882192960871547,0.0007,0.001,0.000897,0.00085,2694.31,ETH-2OCT26,0.5555,-0.03031,0.24727,1153.0,171.0,0.00030000000000000003,ETH,2692.76,639.92
2026-09-25T19:14:40.907418+00:00,ETH-26MAR27-1200-P,2748.23,ETH-26MAR27,put,1200.0,2027-03-26T08:00:00+00:00,0.4970060807089893,0.0065,0.0075,0.00699,0.007,2748.23,ETH-26MAR27,0.7184,-0.02948,1.29953,1750.0,0.0,0.001,ETH,2692.76,0.0
2026-09-25T19:14:40.907418+00:00,ETH-25DEC26-2300-C,2720.45,ETH-25DEC26,call,2300.0,2026-12-25T08:00:00+00:00,0.24786165907996807,0.1915,0.195,0.193429,0.19325,2720.45,ETH-25DEC26,0.5338,0.77738,4.03768,6840.0,18.0,0.003500000000000003,ETH,2692.76,9314.52
2026-09-25T19:14:40.907418+00:00,ETH-30OCT26-3000-P,2702.23,ETH-30OCT26,put,3000.0,2026-10-30T08:00:00+00:00,0.09454201500057038,0.1305,0.135,0.132659,0.13275,2702.23,ETH-30OCT26,0.4844,-0.73532,2.71991,148.0,3.0,0.004500000000000004,ETH,2692.76,1131.06
2026-09-25T19:14:40.907418+00:00,ETH-29SEP26-2560-C,2694.39,ETH-29SEP26,call,2560.0,2026-09-29T08:00:00+00:00,0.009668640599475246,0.049,0.053,0.050938,0.051,2694.39,ETH-29SEP26,0.36840000000000006,0.92222,0.38538,0.0,0.0,0.003999999999999997,ETH,2692.55,0.0
2026-09-25T19:14:40.907418+00:00,ETH-30OCT26-2650-C,2702.23,ETH-30OCT26,call,2650.0,2026-10-30T08:00:00+00:00,0.09454201500057038,0.067,0.068,0.067386,0.0675,2702.23,ETH-30OCT26,0.4718,0.58131,3.24573,3023.0,49.0,0.0010000000000000009,ETH,2692.55,8849.32
2026-09-25T19:14:40.907418+00:00,ETH-27SEP26-2440-C,2693.66,ETH-27SEP26,call,2440.0,2026-09-27T08:00:00+00:00,0.004192939025211043,0.0915,0.0975,0.094093,0.0945,2693.66,ETH-27SEP26,0.593,0.99516,0.02447,0.0,0.0,0.006000000000000005,ETH,2692.55,0.0
2026-09-25T19:14:40.907418+00:00,ETH-28SEP26-2450-C,2693.76,ETH-28SEP26,call,2450.0,2026-09-28T08:00:00+00:00,0.006930789812343145,0.088,0.094,0.090553,0.091,2693.76,ETH-28SEP26,0.5111,0.9876,0.07202,0.0,0.0,0.006000000000000005,ETH,2692.55,0.0
2026-09-25T19:14:40.907418+00:00,ETH-24SEP27-3400-P,2809.25,ETH-24SEP27,put,3400.0,2027-09-24T08:00:00+00:00,0.9952949239670317,0.3545,0.365,0.361052,0.35975,2809.25,ETH-24SEP27,0.5575,-0.52599,11.15903,0.0,0.0,0.01050000000000001,ETH,2692.55,0.0
2026-09-25T19:14:40.907418+00:00,ETH-27SEP26-2460-P,2693.66,ETH-27SEP26,put,2460.0,2026-09-27T08:00:00+00:00,0.004192939025211043,,0.0002,5.7e-05,,2693.66,ETH-27SEP26,0.5475,-0.0051,0.02564,225.0,109.0,,ETH,2692.55,29.52
2026-09-25T19:14:40.907418+00:00,ETH-30OCT26-4200-C,2702.23,ETH-30OCT26,call,4200.0,2026-10-30T08:00:00+00:00,0.09454201500057038,0.0006,0.0008,0.000699,0.0007,2702.23,ETH-30OCT26,0.6063000000000001,0.01149,0.24996,1447.0,0.0,0.0002000000000000001,ETH,2692.55,0.0
2026-09-25T19:14:40.907418+00:00,ETH-27SEP26-2760-P,2693.66,ETH-27SEP26,put,2760.0,2026-09-27T08:00:00+00:00,0.004192939025211043,0.0215,0.028,0.025402,0.02475,2693.66,ETH-27SEP26,0.2673,-0.92269,0.2524,0.0,0.0,0.006500000000000002,ETH,2692.32,0.0
2026-09-25T19:14:40.907418+00:00,ETH-26MAR27-3700-C,2748.23,ETH-26MAR27,call,3700.0,2027-03-26T08:00:00+00:00,0.4970060807089893,0.0565,0.058,0.057201,0.05725,2748.23,ETH-26MAR27,0.5522,0.28435,6.57002,1508.0,4.0,0.0015000000000000013,ETH,2692.32,639.5
2026-09-25T19:14:40.907418+00:00,ETH-26MAR27-5000-C,2748.23,ETH-26MAR27,call,5000.0,2027-03-26T08:00:00+00:00,0.4970060807089893,0.018,0.019,0.018522,0.0185,2748.23,ETH-26MAR27,0.5895,0.10881,3.61454,7307.0,341.0,0.0010000000000000009,ETH,2692.32,17158.25
2026-09-25T19:14:40.907418+00:00,ETH-27SEP26-2400-P,2693.66,ETH-27SEP26,put,2400.0,2026-09-27T08:00:00+00:00,0.004192939025211043,,0.0001,5.6e-05,,2693.66,ETH-27SEP26,0.6784,-0.00413,0.02124,395.0,68.0,,ETH,2692.32,27.25
2026-09-25T19:14:40.907418+00:00,ETH-27SEP26-2480-P,2693.66,ETH-27SEP26,put,2480.0,2026-09-27T08:00:00+00:00,0.004192939025211043,,0.0002,5.6e-05,,2693.66,ETH-27SEP26,0.5022,-0.00546,0.02724,58.0,5.0,,ETH,2692.32,2.72
2026-09-25T19:14:40.907418+00:00,ETH-24SEP27-3700-P,2809.25,ETH-24SEP27,put,3700.0,2027-09-24T08:00:00+00:00,0.9952949239670317,0.432,0.448,0.442927,0.44,2809.25,ETH-24SEP27,0.56,-0.58465,10.92918,0.0,0.0,0.016000000000000014,ETH,2692.32,0.0
2026-09-25T19:14:40.907418+00:00,ETH-26MAR27-1200-C,2748.23,ETH-26MAR27,call,1200.0,2027-03-26T08:00:00+00:00,0.4970060807089893,0.568,0.5715,0.570246,0.56975,2748.23,ETH-26MAR27,0.7184,0.9705,1.30007,68.0,0.0,0.0035000000000000586,ETH,2692.35,0.0
2026-09-25T19:14:40.907418+00:00,ETH-24SEP27-3100-C,2809.51,ETH-24SEP27,call,3100.0,2027-09-24T08:00:00+00:00,0.9952949239670317,0.1795,0.183,0.181349,0.18125,2809.51,ETH-24SEP27,0.5553,0.53935,11.12646,0.0,0.0,0.003500000000000003,ETH,2692.35,0.0
2026-09-25T19:14:40.907418+00:00,ETH-16OCT26-2650-P,2698.11,ETH-16OCT26,put,2650.0,2026-10-16T08:00:00+00:00,0.05621210398072097,0.033,0.034,0.033561,0.0335,2698.11,ETH-16OCT26,0.4461,-0.41302,2.49097,215.0,35.0,0.0010000000000000009,ETH,2692.35,3539.21
2026-09-25T19:14:40.907418+00:00,ETH-26SEP26-2880-C,2693.02,ETH-26SEP26,call,2880.0,2026-09-26T08:00:00+00:00,0.0014550882380789413,,0.0001,3.5e-05,,2693.02,ETH-26SEP26,0.6708,0.00426,0.01285,739.0,695.0,,ETH,2692.35,345.17
2026-09-25T19:14:40.907418+00:00,ETH-24SEP27-5200-C,2809.25,ETH-24SEP27,call,5200.0,2027-09-24T08:00:00+00:00,0.9952949239670317,0.0555,0.0585,0.056997,0.057,2809.25,ETH-24SEP27,0.5818,0.22042,8.30758,2.0,2.0,0.0030000000000000027,ETH,2692.35,306.04
2026-09-25T19:14:40.907418+00:00,ETH-9OCT26-2700-P,2696.49,ETH-9OCT26,put,2700.0,2026-10-09T08:00:00+00:00,0.03704714847079626,0.0325,0.034,0.033501,0.03325,2696.49,ETH-9OCT26,0.4265,-0.49209,2.06971,716.0,610.0,0.0015000000000000013,ETH,2692.35,60642.43
2026-09-25T19:14:40.907418+00:00,ETH-26MAR27-2500-C,2748.23,ETH-26MAR27,call,2500.0,2027-03-26T08:00:00+00:00,0.4970060807089893,0.192,0.196,0.193946,0.194,2748.23,ETH-26MAR27,0.5413,0.66923,7.02252,10687.0,1.0,0.0040000000000000036,ETH,2692.33,518.64
2026-09-25T19:14:40.907418+00:00,ETH-26MAR27-1500-P,2748.23,ETH-26MAR27,put,1500.0,2027-03-26T08:00:00+00:00,0.4970060807089893,0.013,0.0145,0.013958,0.01375,2748.23,ETH-26MAR27,0.6436,-0.05936,2.28853,4164.0,176.0,0.0015000000000000013,ETH,2692.33,6828.54
2026-09-25T19:14:40.907418+00:00,ETH-27NOV26-2850-C,2711.31,ETH-27NOV26,call,2850.0,2026-11-27T08:00:00+00:00,0.17120183704026923,0.062,0.063,0.062467,0.0625,2711.31,ETH-27NOV26,0.5072,0.44644,4.43464,1767.0,0.0,0.0010000000000000009,ETH,2692.33,0.0
2026-09-25T19:14:40.907418+00:00,ETH-24SEP27-2000-C,2809.51,ETH-24SEP27,call,2000.0,2027-09-24T08:00:00+00:00,0.9952949239670317,0.359,0.3745,0.367424,0.36675,2809.51,ETH-24SEP27,0.5693,0.81099,7.58108,0.0,0.0,0.015500000000000014,ETH,2692.33,0.0
2026-09-25T19:14:40.907418+00:00,ETH-24SEP27-3800-P,2809.51,ETH-24SEP27,put,3800.0,2027-09-24T08:00:00+00:00,0.9952949239670317,0.46,0.4765,0.471443,0.46825,2809.51,ETH-24SEP27,0.5613,-0.60247,10.81007,0.0,0.0,0.01649999999999996,ETH,2692.33,0.0
2026-09-25T19:14:40.907418+00:00,ETH-9OCT26-2550-C,2696.23,ETH-9OCT26,call,2550.0,2026-10-09T08:00:00+00:00,0.03704714847079626,0.065,0.0685,0.066963,0.06675,2696.23,ETH-9OCT26,0.4434,0.7555,1.62944,103.0,18.0,0.003500000000000003,ETH,2692.33,3449.21
2026-09-25T19:14:40.907418+00:00,ETH-25JUN27-2700-P,2778.81,ETH-25JUN27,put,2700.0,2027-06-25T08:00:00+00:00,0.7461505023380105,0.169,0.171,0.17031,0.17,2778.81,ETH-25JUN27,0.5467,-0.38353,9.16421,32.0,5.0,0.0020000000000000018,ETH,2692.36,2203.68
2026-09-25T19:14:40.907418+00:00,ETH-29SEP26-2760-P,2694.39,ETH-29SEP26,put,2760.0,2026-09-29T08:00:00+00:00,0.009668640599475246,0.0265,0.03,0.028432,0.02825,2694.39,ETH-29SEP26,0.314,-0.78179,0.78038,30.0,60.0,0.0034999999999999996,ETH,2692.36,3754.77
2026-09-25T19:14:40.907418+00:00,ETH-25JUN27-2900-C,2778.81,ETH-25JUN27,call,2900.0,2027-06-25T08:00:00+00:00,0.7461505023380105,0.1685,0.171,0.169732,0.16975,2778.81,ETH-25JUN27,0.5468,0.55765,9.47509,512.0,11.0,0.0025000000000000022,ETH,2692.36,5155.75
2026-09-25T19:14:40.907418+00:00,ETH-25JUN27-1700-P,2778.81,ETH-25JUN27,put,1700.0,2027-06-25T08:00:00+00:00,0.7461505023380105,0.034,0.0355,0.035032,0.03475,2778.81,ETH-25JUN27,0.5909,-0.1118,4.56583,3958.0,1.0,0.0014999999999999944,ETH,2692.36,92.32
2026-09-25T19:14:40.907418+00:00,ETH-30OCT26-1200-P,2701.97,ETH-30OCT26,put,1200.0,2026-10-30T08:00:00+00:00,0.09454201500057038,0.0001,0.0003,0.000178,0.0002,2701.97,ETH-30OCT26,0.9611,-0.00191,0.05057,2657.0,3.0,0.00019999999999999998,ETH,2692.36,2.4
2026-09-25T19:14:40.907418+00:00,ETH-27SEP26-2840-C,2693.66,ETH-27SEP26,call,2840.0,2026-09-27T08:00:00+00:00,0.004192939025211043,,0.0003,0.000163,,2693.66,ETH-27SEP26,0.3886,0.01754,0.07543,329.0,207.0,,ETH,2692.36,671.16
2026-09-25T19:14:40.907418+00:00,ETH-26MAR27-1500-C,2748.23,ETH-26MAR27,call,1500.0,2027-03-26T08:00:00+00:00,0.4970060807089893,0.4655,0.4695,0.468029,0.4675,2748.23,ETH-26MAR27,0.6436,0.94065,2.28839,240.0,1.0,0.003999999999999948,ETH,2692.39,1261.08
2026-09-25T19:14:40.907418+00:00,ETH-27SEP26-2620-P,2693.66,ETH-27SEP26,put,2620.0,2026-09-27T08:00:00+00:00,0.004192939025211043,0.0003,0.0005,0.000418,0.0004,2693.66,ETH-27SEP26,0.2695,-0.05782,0.20163,614.0,782.0,0.00020000000000000004,ETH,2692.39,1952.78
2026-09-25T19:14:40.907418+00:00,ETH-26SEP26-2760-P,2692.88,ETH-26SEP26,put,2760.0,2026-09-26T08:00:00+00:00,0.0014550882380789413,0.0215,0.028,0.025224,0.02475,2692.88,ETH-26SEP26,0.35969999999999996,-0.96755,0.07438,151.0,2.0,0.006500000000000002,ETH,2692.39,184.34
2026-09-25T19:14:40.907418+00:00,ETH-9OCT26-2400-P,2696.49,ETH-9OCT26,put,2400.0,2026-10-09T08:00:00+00:00,0.03704714847079626,0.0044,0.0048,0.004665,0.0046,2696.49,ETH-9OCT26,0.4899,-0.10064,0.91492,2828.0,2007.0,0.0003999999999999993,ETH,2692.39,29751.01
2026-09-25T19:14:40.907418+00:00,ETH-30OCT26-2450-P,2702.23,ETH-30OCT26,put,2450.0,2026-10-30T08:00:00+00:00,0.09454201500057038,0.021,0.022,0.021671,0.0215,2702.23,ETH-30OCT26,0.48340000000000005,-0.23242,2.53744,1214.0,530.0,0.0009999999999999974,ETH,2692.39,34671.44
2026-09-25T19:14:40.907418+00:00,ETH-27NOV26-2600-P,2711.31,ETH-27NOV26,put,2600.0,2026-11-27T08:00:00+00:00,0.17120183704026923,0.063,0.064,0.063671,0.0635,2711.31,ETH-27NOV26,0.511,-0.38132,4.2756,332.0,125.0,0.0010000000000000009,ETH,2692.39,20848.13
2026-09-25T19:14:40.907418+00:00,ETH-24SEP27-4400-C,2809.25,ETH-24SEP27,call,4400.0,2027-09-24T08:00:00+00:00,0.9952949239670317,0.0835,0.0865,0.085015,0.085,2809.25,ETH-24SEP27,0.5694,0.3064,9.83708,150.0,150.0,0.002999999999999989,ETH,2692.39,34346.97
2026-09-25T19:14:40.907418+00:00,ETH-24SEP27-6500-C,2809.25,ETH-24SEP27,call,6500.0,2027-09-24T08:00:00+00:00,0.9952949239670317,0.0315,0.033,0.032478,0.03225,2809.25,ETH-24SEP27,0.6009,0.13576,6.10851,1.0,1.0,0.0015000000000000013,ETH,2692.39,87.26
2026-09-25T19:14:40.907418+00:00,ETH-27NOV26-3000-P,2711.05,ETH-27NOV26,put,3000.0,2026-11-27T08:00:00+00:00,0.17120183704026923,0.15,0.1535,0.151922,0.15175,2711.05,ETH-27NOV26,0.5102,-0.6464,4.17021,617.0,1.0,0.003500000000000003,ETH,2692.39,414.9
2026-09-25T19:14:40.907418+00:00,ETH-28SEP26-2560-P,2694.02,ETH-28SEP26,put,2560.0,2026-09-28T08:00:00+00:00,0.006930789812343145,0.0003,0.0005,0.000426,0.0004,2694.02,ETH-28SEP26,0.34409999999999996,-0.03727,0.18231,571.0,444.0,0.00020000000000000004,ETH,2692.39,1281.03
2026-09-25T19:14:40.907418+00:00,ETH-24SEP27-1800-P,2809.25,ETH-24SEP27,put,1800.0,2027-09-24T08:00:00+00:00,0.9952949239670317,0.056,0.059,0.057479,0.0575,2809.25,ETH-24SEP27,0.5804,-0.14513,6.39167,165.0,65.0,0.0029999999999999957,ETH,2692.39,10142.84
2026-09-25T19:14:40.907418+00:00,ETH-9OCT26-3000-P,2696.49,ETH-9OCT26,put,3000.0,2026-10-09T08:00:00+00:00,0.03704714847079626,0.1145,0.1205,0.117981,0.1175,2696.49,ETH-9OCT26,0.46,-0.878,1.05019,10.0,0.0,0.0059999999999999915,ETH,2692.39,0.0
2026-09-25T19:14:40.907418+00:00,ETH-2OCT26-2100-C,2694.31,ETH-2OCT26,call,2100.0,2026-10-02T08:00:00+00:00,0.017882192960871547,0.219,0.2225,0.220804,0.22075,2694.31,ETH-2OCT26,0.7898999999999999,0.992,0.07897,15.0,0.0,0.003500000000000003,ETH,2692.38,0.0
2026-09-25T19:14:40.907418+00:00,ETH-28SEP26-2740-P,2694.02,ETH-28SEP26,put,2740.0,2026-09-28T08:00:00+00:00,0.006930789812343145,0.018,0.0215,0.019889,0.01975,2694.02,ETH-28SEP26,0.2571,-0.78834,0.64893,30.0,30.0,0.0034999999999999996,ETH,2692.38,1159.98
2026-09-25T19:14:40.907418+00:00,ETH-30OCT26-1950-P,2701.97,ETH-30OCT26,put,1950.0,2026-10-30T08:00:00+00:00,0.09454201500057038,0.0025,0.0029,0.002721,0.0027,2701.97,ETH-30OCT26,0.6132,-0.03422,0.63013,1404.0,0.0,0.00039999999999999975,ETH,2692.38,0.0
2026-09-25T19:14:40.907418+00:00,ETH-28SEP26-2740-C,2694.02,ETH-28SEP26,call,2740.0,2026-09-28T08:00:00+00:00,0.006930789812343145,0.0024,0.0028,0.002588,0.0026,2694.02,ETH-28SEP26,0.2571,0.21166,0.64893,329.0,243.0,0.0004000000000000002,ETH,2692.38,3811.49
2026-09-25T19:14:40.907418+00:00,ETH-16OCT26-2300-P,2697.98,ETH-16OCT26,put,2300.0,2026-10-16T08:00:00+00:00,0.05621210398072097,0.0048,0.0055,0.005199,0.00515,2697.98,ETH-16OCT26,0.5186,-0.08738,1.01612,25.0,25.0,0.0007000000000000001,ETH,2692.38,447.47
2026-09-25T19:14:40.907418+00:00,ETH-26MAR27-3300-C,2748.23,ETH-26MAR27,call,3300.0,2027-03-26T08:00:00+00:00,0.4970060807089893,0.0845,0.086,0.085217,0.08525,2748.23,ETH-26MAR27,0.5436,0.3872,7.41791,2070.0,433.0,0.0014999999999999875,ETH,2692.38,102273.25
2026-09-25T19:14:40.907418+00:00,ETH-25JUN27-4200-P,2778.81,ETH-25JUN27,put,4200.0,2027-06-25T08:00:00+00:00,0.7461505023380105,0.5695,0.582,0.576848,0.57575,2778.81,ETH-25JUN27,0.5647,-0.72688,7.98176,3.0,0.0,0.012499999999999956,ETH,2692.42,0.0
2026-09-25T19:14:40.907418+00:00,ETH-2OCT26-2000-C,2694.45,ETH-2OCT26,call,2000.0,2026-10-02T08:00:00+00:00,0.017882192960871547,0.256,0.2595,0.257815,0.25775,2694.45,ETH-2OCT26,0.8778,0.99526,0.04963,0.0,0.0,0.003500000000000003,ETH,2692.42,0.0
2026-09-25T19:14:40.907418+00:00,ETH-16OCT26-2850-P,2698.11,ETH-16OCT26,put,2850.0,2026-10-16T08:00:00+00:00,0.05621210398072097,0.076,0.08,0.077752,0.078,2698.11,ETH-16OCT26,0.4514,-0.67751,2.29493,0.0,0.0,0.0040000000000000036,ETH,2692.42,0.0
2026-09-25T19:14:40.907418+00:00,ETH-25DEC26-1300-C,2720.45,ETH-25DEC26,call,1300.0,2026-12-25T08:00:00+00:00,0.24786165907996807,0.523,0.526,0.524553,0.5245,2720.45,ETH-25DEC26,0.7594,0.98384,0.5468,50.0,0.0,0.0030000000000000027,ETH,2692.42,0.0
2026-09-25T19:14:40.907418+00:00,ETH-28SEP26-2500-C,2694.02,ETH-28SEP26,call,2500.0,2026-09-28T08:00:00+00:00,0.006930789812343145,0.0695,0.0745,0.072074,0.072,2694.02,ETH-28SEP26,0.439,0.97982,0.10935,0.0,0.0,0.0049999999999999906,ETH,2692.42,0.0
2026-09-25T19:14:40.907418+00:00,ETH-27NOV26-2550-C,2711.31,ETH-27NOV26,call,2550.0,2026-11-27T08:00:00+00:00,0.17120183704026923,0.113,0.1165,0.114967,0.11475,2711.31,ETH-27NOV26,0.5125,0.65294,4.14208,1152.0,0.0,0.003500000000000003,ETH,2692.42,0.0
2026-09-25T19:14:40.907418+00:00,ETH-29SEP26-2780-C,2694.39,ETH-29SEP26,call,2780.0,2026-09-29T08:00:00+00:00,0.009668640599475246,0.0026,0.0031,0.00277,0.00285,2694.39,ETH-29SEP26,0.3246,0.16453,0.65615,273.0,284.0,0.0005,ETH,2692.5,3311.99
2026-09-25T19:14:40.907418+00:00,ETH-29SEP26-2860-P,2694.39,ETH-29SEP26,put,2860.0,2026-09-29T08:00:00+00:00,0.009668640599475246,0.059,0.0655,0.062526,0.06225,2694.39,ETH-29SEP26,0.37329999999999997,-0.94698,0.28615,0.0,0.0,0.006500000000000006,ETH,2692.5,0.0
2026-09-25T19:14:40.907418+00:00,ETH-26MAR27-3000-C,2748.23,ETH-26MAR27,call,3000.0,2027-03-26T08:00:00+00:00,0.4970060807089893,0.1155,0.117,0.116098,0.11625,2748.23,ETH-26MAR27,0.5398,0.48373,7.72291,8328.0,761.0,0.0015000000000000013,ETH,2692.5,237942.8
2026-09-25T19:14:40.907418+00:00,ETH-30OCT26-1700-P,2701.97,ETH-30OCT26,put,1700.0,2026-10-30T08:00:00+00:00,0.09454201500057038,0.001,0.0013,0.001164,0.00115,2701.97,ETH-30OCT26,0.7206999999999999,-0.01393,0.29515,1520.0,0.0,0.0002999999999999999,ETH,2692.5,0.0
2026-09-25T19:14:40.907418+00:00,ETH-26SEP26-2740-P,2693.02,ETH-26SEP26,put,2740.0,2026-09-26T08:00:00+00:00,0.0014550882380789413,0.0145,0.0205,0.017954,0.0175,2693.02,ETH-26SEP26,0.3072,-0.93075,0.13641,743.0,508.0,0.006,ETH,2692.64,14104.97
2026-09-25T19:14:40.907418+00:00,ETH-27SEP26-2880-C,2693.66,ETH-27SEP26,call,2880.0,2026-09-27T08:00:00+00:00,0.004192939025211043,,0.0002,0.000123,,2693.66,ETH-27SEP26,0.45649999999999996,0.01186,0.05386,113.0,31.0,,ETH,2692.5,64.8
2026-09-25T19:14:40.907418+00:00,ETH-16OCT26-2900-P,2697.98,ETH-16OCT26,put,2900.0,2026-10-16T08:00:00+00:00,0.05621210398072097,0.09,0.094,0.091814,0.092,2697.98,ETH-16OCT26,0.45549999999999996,-0.73111,2.11075,0.0,0.0,0.0040000000000000036,ETH,2692.64,0.0
2026-09-25T19:14:40.907418+00:00,ETH-25DEC26-1900-P,2720.45,ETH-25DEC26,put,1900.0,2026-12-25T08:00:00+00:00,0.24786165907996807,0.0125,0.0135,0.01299,0.013,2720.45,ETH-25DEC26,0.5886,-0.08537,2.11439,5189.0,5.0,0.0009999999999999992,ETH,2692.64,181.64
2026-09-25T19:14:40.907418+00:00,ETH-16OCT26-2300-C,2698.11,ETH-16OCT26,call,2300.0,2026-10-16T08:00:00+00:00,0.05621210398072097,0.1505,0.1545,0.152637,0.1525,2698.11,ETH-16OCT26,0.5186,0.91275,1.01508,0.0,0.0,0.0040000000000000036,ETH,2692.64,0.0
2026-09-25T19:14:40.907418+00:00,ETH-25JUN27-4100-P,2778.81,ETH-25JUN27,put,4100.0,2027-06-25T08:00:00+00:00,0.7461505023380105,0.5385,0.5495,0.545451,0.544,2778.81,ETH-25JUN27,0.5628,-0.71133,8.19898,0.0,0.0,0.01100000000000001,ETH,2692.64,0.0
2026-09-25T19:14:40.907418+00:00,ETH-25JUN27-3200-C,2778.81,ETH-25JUN27,call,3200.0,2027-06-25T08:00:00+00:00,0.7461505023380105,0.133,0.1355,0.134385,0.13425,2778.81,ETH-25JUN27,0.5485,0.47551,9.55827,1380.0,2.0,0.0025000000000000022,ETH,2692.64,732.02
2026-09-25T19:14:40.907418+00:00,ETH-24SEP27-2600-P,2809.51,ETH-24SEP27,put,2600.0,2027-09-24T08:00:00+00:00,0.9952949239670317,0.1735,0.177,0.175283,0.17525,2809.51,ETH-24SEP27,0.5562,-0.33848,10.25273,920.0,920.0,0.003500000000000003,ETH,2692.64,430930.35
2026-09-25T19:14:40.907418+00:00,ETH-29SEP26-2840-P,2694.39,ETH-29SEP26,put,2840.0,2026-09-29T08:00:00+00:00,0.009668640599475246,0.052,0.058,0.055367,0.055,2694.39,ETH-29SEP26,0.3601,-0.93033,0.35431,0.0,0.0,0.006000000000000005,ETH,2692.66,0.0
2026-09-25T19:14:40.907418+00:00,ETH-27NOV26-3800-P,2711.05,ETH-27NOV26,put,3800.0,2026-11-27T08:00:00+00:00,0.17120183704026923,0.4065,0.4155,0.41034,0.411,2711.05,ETH-27NOV26,0.555,-0.91245,1.78471,0.0,0.0,0.009000000000000008,ETH,2692.66,0.0
2026-09-25T19:14:40.907418+00:00,ETH-26SEP26-2500-C,2692.88,ETH-26SEP26,call,2500.0,2026-09-26T08:00:00+00:00,0.0014550882380789413,0.069,0.075,0.071557,0.072,2692.88,ETH-26SEP26,0.7121,0.99702,0.0093,18.0,0.0,0.0059999999999999915,ETH,2692.66,0.0
2026-09-25T19:14:40.907418+00:00,ETH-27SEP26-2960-C,2693.4,ETH-27SEP26,call,2960.0,2026-09-27T08:00:00+00:00,0.004192939025211043,,0.0001,7.1e-05,,2693.4,ETH-27SEP26,0.5763,0.00591,0.02922,477.0,0.0,,ETH,2692.66,0.0
2026-09-25T19:14:40.907418+00:00,ETH-27SEP26-2680-C,2693.66,ETH-27SEP26,call,2680.0,2026-09-27T08:00:00+00:00,0.004192939025211043,0.0075,0.009,0.008105,0.00825,2693.66,ETH-27SEP26,0.205,0.64366,0.64962,754.0,704.0,0.0014999999999999996,ETH,2692.66,14517.24
2026-09-25T19:14:40.907418+00:00,ETH-2OCT26-2850-P,2694.45,ETH-2OCT26,put,2850.0,2026-10-02T08:00:00+00:00,0.017882192960871547,0.059,0.0645,0.06206,0.06175,2694.45,ETH-2OCT26,0.4012,-0.84649,0.85312,101.0,61.0,0.005500000000000005,ETH,2692.92,11572.02
2026-09-25T19:14:40.907418+00:00,ETH-9OCT26-2750-C,2696.49,ETH-9OCT26,call,2750.0,2026-10-09T08:00:00+00:00,0.03704714847079626,0.0235,0.0245,0.024034,0.024,2696.49,ETH-9OCT26,0.4265,0.41994,2.02857,1223.0,170.0,0.0010000000000000009,ETH,2692.66,12049.64
2026-09-25T19:14:40.907418+00:00,ETH-30OCT26-1600-C,2702.23,ETH-30OCT26,call,1600.0,2026-10-30T08:00:00+00:00,0.09454201500057038,0.407,0.4105,0.408614,0.40875,2702.23,ETH-30OCT26,0.7639,0.99052,0.21137,70.0,4.0,0.003500000000000003,ETH,2692.92,4307.83
2026-09-25T19:14:40.907418+00:00,ETH-16OCT26-3400-P,2698.11,ETH-16OCT26,put,3400.0,2026-10-16T08:00:00+00:00,0.05621210398072097,0.258,0.2665,0.262085,0.26225,2698.11,ETH-16OCT26,0.528,-0.96284,0.51919,0.0,0.0,0.008500000000000008,ETH,2692.92,0.0
2026-09-25T19:14:40.907418+00:00,ETH-24SEP27-4100-C,2809.51,ETH-24SEP27,call,4100.0,2027-09-24T08:00:00+00:00,0.9952949239670317,0.0985,0.1015,0.100096,0.1,2809.51,ETH-24SEP27,0.5652,0.34883,10.37066,251.0,251.0,0.0030000000000000027,ETH,2692.92,67211.22
2026-09-25T19:14:40.907418+00:00,ETH-26MAR27-3100-C,2748.23,ETH-26MAR27,call,3100.0,2027-03-26T08:00:00+00:00,0.4970060807089893,0.104,0.1055,0.104707,0.10475,2748.23,ETH-26MAR27,0.5409,0.45006,7.66996,2337.0,1.0,0.0015000000000000013,ETH,2692.92,283.26
2026-09-25T19:14:40.907418+00:00,ETH-2OCT26-2800-C,2694.45,ETH-2OCT26,call,2800.0,2026-10-02T08:00:00+00:00,0.017882192960871547,0.0065,0.0075,0.007064,0.007,2694.45,ETH-2OCT26,0.389,0.23726,1.11312,1650.0,142.0,0.001,ETH,2692.93,3953.57
2026-09-25T19:14:40.907418+00:00,ETH-2OCT26-2000-P,2694.31,ETH-2OCT26,put,2000.0,2026-10-02T08:00:00+00:00,0.017882192960871547,0.0001,0.0003,0.00018,0.0002,2694.31,ETH-2OCT26,0.8778,-0.00471,0.04942,835.0,17.0,0.00019999999999999998,ETH,2692.93,13.4
2026-09-25T19:14:40.907418+00:00,ETH-28SEP26-2500-P,2693.76,ETH-28SEP26,put,2500.0,2026-09-28T08:00:00+00:00,0.006930789812343145,0.0002,0.0004,0.000269,0.0003,2693.76,ETH-28SEP26,0.439,-0.01989,0.10804,2047.0,2047.0,0.0002,ETH,2692.93,4216.49
2026-09-25T19:14:40.907418+00:00,ETH-27SEP26-2440-P,2693.66,ETH-27SEP26,put,2440.0,2026-09-27T08:00:00+00:00,0.004192939025211043,,0.0001,5.8e-05,,2693.66,ETH-27SEP26,0.593,-0.00477,0.02419,304.0,285.0,,ETH,2692.93,80.88
2026-09-25T19:14:40.907418+00:00,ETH-25JUN27-6000-P,2778.81,ETH-25JUN27,put,6000.0,2027-06-25T08:00:00+00:00,0.7461505023380105,1.1635,1.2005,1.182755,1.182,2778.81,ETH-25JUN27,0.6042000000000001,-0.88755,4.586,1.0,0.0,0.03699999999999992,ETH,2692.93,0.0
2026-09-25T19:14:40.907418+00:00,ETH-27SEP26-2400-C,2693.66,ETH-27SEP26,call,2400.0,2026-09-27T08:00:00+00:00,0.004192939025211043,0.107,0.111,0.108943,0.109,2693.66,ETH-27SEP26,0.6784,0.99594,0.02091,0.0,0.0,0.0040000000000000036,ETH,2692.93,0.0
2026-09-25T19:14:40.907418+00:00,ETH-25JUN27-3100-C,2778.81,ETH-25JUN27,call,3100.0,2027-06-25T08:00:00+00:00,0.7461505023380105,0.144,0.1465,0.145225,0.14525,2778.81,ETH-25JUN27,0.5478000000000001,0.50209,9.57729,326.0,0.0,0.0025000000000000022,ETH,2692.93,0.0
2026-09-25T19:14:40.907418+00:00,ETH-26MAR27-2700-C,2748.23,ETH-26MAR27,call,2700.0,2027-03-26T08:00:00+00:00,0.4970060807089893,0.1575,0.159,0.15819,0.15825,2748.23,ETH-26MAR27,0.5388000000000001,0.59333,7.5181,3289.0,9.0,0.0015000000000000013,ETH,2692.93,3864.25
2026-09-25T19:14:40.907418+00:00,ETH-29SEP26-2500-P,2694.39,ETH-29SEP26,put,2500.0,2026-09-29T08:00:00+00:00,0.009668640599475246,0.0006,0.0008,0.000706,0.0007,2694.39,ETH-29SEP26,0.4387,-0.03979,0.22725,40.0,40.0,0.0002000000000000001,ETH,2692.75,75.51
2026-09-25T19:14:40.907418+00:00,ETH-25DEC26-3600-P,2720.19,ETH-25DEC26,put,3600.0,2026-12-25T08:00:00+00:00,0.24786165907996807,0.3435,0.3525,0.347524,0.348,2720.19,ETH-25DEC26,0.5428999999999999,-0.81642,3.59837,244.0,0.0,0.008999999999999952,ETH,2692.75,0.0
2026-09-25T19:14:40.907418+00:00,ETH-26MAR27-8000-C,2748.23,ETH-26MAR27,call,8000.0,2027-03-26T08:00:00+00:00,0.4970060807089893,0.0031,0.0039,0.003484,0.0035,2748.23,ETH-26MAR27,0.677,0.02275,1.04627,272.0,0.0,0.0007999999999999999,ETH,2692.75,0.0
2026-09-25T19:14:40.907418+00:00,ETH-25JUN27-2200-C,2778.55,ETH-25JUN27,call,2200.0,2027-06-25T08:00:00+00:00,0.7461505023380105,0.2915,0.2965,0.293385,0.294,2778.55,ETH-25JUN27,0.556,0.76607,7.35883,1091.0,0.0,0.0050000000000000044,ETH,2692.75,0.0
2026-09-25T19:14:40.907418+00:00,ETH-25DEC26-3600-C,2720.45,ETH-25DEC26,call,3600.0,2026-12-25T08:00:00+00:00,0.24786165907996807,0.0235,0.0245,0.024014,0.024,2720.45,ETH-25DEC26,0.5428999999999999,0.18352,3.59733,2748.0,14.0,0.0010000000000000009,ETH,2692.75,945.0
2026-09-25T19:14:40.907418+00:00,ETH-27SEP26-2680-P,2693.66,ETH-27SEP26,put,2680.0,2026-09-27T08:00:00+00:00,0.004192939025211043,0.0028,0.0033,0.003163,0.00305,2693.66,ETH-27SEP26,0.205,-0.35519,0.6489,2774.0,2772.0,0.0005,ETH,2692.75,55844.23
2026-09-25T19:14:40.907418+00:00,ETH-27SEP26-2850-C,2693.66,ETH-27SEP26,call,2850.0,2026-09-27T08:00:00+00:00,0.004192939025211043,,0.0002,0.000138,,2693.66,ETH-27SEP26,0.4006,0.01485,0.06542,148.0,178.0,,ETH,2692.69,400.6
2026-09-25T19:14:40.907418+00:00,ETH-25JUN27-900-C,2778.81,ETH-25JUN27,call,900.0,2027-06-25T08:00:00+00:00,0.7461505023380105,0.681,0.6835,0.682059,0.68225,2778.81,ETH-25JUN27,0.7524,0.98024,1.15058,1.0,0.0,0.0024999999999999467,ETH,2692.69,0.0
2026-09-25T19:14:40.907418+00:00,ETH-25DEC26-9000-C,2720.45,ETH-25DEC26,call,9000.0,2026-12-25T08:00:00+00:00,0.24786165907996807,0.0002,0.0005,0.000276,0.00035,2720.45,ETH-25DEC26,0.8016,0.00256,0.10725,2084.0,0.0,0.00030000000000000003,ETH,2692.69,0.0
2026-09-25T19:14:40.907418+00:00,ETH-30OCT26-2350-C,2702.23,ETH-30OCT26,call,2350.0,2026-10-30T08:00:00+00:00,0.09454201500057038,0.1425,0.146,0.14428,0.14425,2702.23,ETH-30OCT26,0.49829999999999997,0.83803,2.03796,664.0,0.0,0.003500000000000003,ETH,2692.69,0.0
2026-09-25T19:14:40.907418+00:00,ETH-30OCT26-2750-C,2702.23,ETH-30OCT26,call,2750.0,2026-10-30T08:00:00+00:00,0.09454201500057038,0.0495,0.0505,0.049916,0.05,2702.23,ETH-30OCT26,0.4722,0.48017,3.31079,1854.0,370.0,0.0010000000000000009,ETH,2692.69,51364.09
2026-09-25T19:14:40.907418+00:00,ETH-29SEP26-3100-P,2694.39,ETH-29SEP26,put,3100.0,2026-09-29T08:00:00+00:00,0.009668640599475246,0.1465,0.154,0.150945,0.15025,2694.39,ETH-29SEP26,0.5820000000000001,-0.99238,0.05561,0.0,0.0,0.007500000000000007,ETH,2692.7,0.0
2026-09-25T19:14:40.907418+00:00,ETH-27SEP26-2550-P,2693.66,ETH-27SEP26,put,2550.0,2026-09-27T08:00:00+00:00,0.004192939025211043,,0.0003,0.000174,,2693.66,ETH-27SEP26,0.4058,-0.01841,0.07864,0.0,0.0,,ETH,2692.69,0.0
2026-09-25T19:14:40.907418+00:00,ETH-28SEP26-2480-P,2693.76,ETH-28SEP26,put,2480.0,2026-09-28T08:00:00+00:00,0.006930789812343145,0.0001,0.0003,0.0002,0.0002,2693.76,ETH-28SEP26,0.4587,-0.01455,0.08269,264.0,336.0,0.00019999999999999998,ETH,2692.7,707.04
2026-09-25T19:14:40.907418+00:00,ETH-25JUN27-3700-C,2778.55,ETH-25JUN27,call,3700.0,2027-06-25T08:00:00+00:00,0.7461505023380105,0.091,0.0935,0.092358,0.09225,2778.55,ETH-25JUN27,0.5550999999999999,0.36028,8.98306,339.0,0.0,0.0025000000000000022,ETH,2692.7,0.0
2026-09-25T19:14:40.907418+00:00,ETH-25DEC26-2200-C,2720.45,ETH-25DEC26,call,2200.0,2026-12-25T08:00:00+00:00,0.24786165907996807,0.2185,0.223,0.221174,0.22075,2720.45,ETH-25DEC26,0.5439,0.82075,3.54468,51009.0,0.0,0.004500000000000004,ETH,2692.7,0.0
2026-09-25T19:14:40.907418+00:00,ETH-26MAR27-2100-P,2748.23,ETH-26MAR27,put,2100.0,2027-03-26T08:00:00+00:00,0.4970060807089893,0.0495,0.051,0.050421,0.05025,2748.23,ETH-26MAR27,0.56,-0.18997,5.2574,1413.0,0.0,0.0014999999999999944,ETH,2692.7,0.0
2026-09-25T19:14:40.907418+00:00,ETH-29SEP26-2880-C,2694.13,ETH-29SEP26,call,2880.0,2026-09-29T08:00:00+00:00,0.009668640599475246,0.0005,0.0008,0.000641,0.00065,2694.13,ETH-29SEP26,0.3887,0.04166,0.23589,0.0,0.0,0.00030000000000000003,ETH,2692.69,0.0
2026-09-25T19:14:40.907418+00:00,ETH-24SEP27-4800-C,2809.25,ETH-24SEP27,call,4800.0,2027-09-24T08:00:00+00:00,0.9952949239670317,0.0675,0.0705,0.069023,0.069,2809.25,ETH-24SEP27,0.575,0.25882,9.07084,2.0,2.0,0.002999999999999989,ETH,2692.7,370.2
2026-09-25T19:14:40.907418+00:00,ETH-27NOV26-2850-P,2711.31,ETH-27NOV26,put,2850.0,2026-11-27T08:00:00+00:00,0.17120183704026923,0.1135,0.115,0.11386,0.11425,2711.31,ETH-27NOV26,0.5072,-0.55328,4.43569,232.0,126.0,0.0015000000000000013,ETH,2692.69,37570.08
2026-09-25T19:14:40.907418+00:00,ETH-27SEP26-2960-P,2693.4,ETH-27SEP26,put,2960.0,2026-09-27T08:00:00+00:00,0.004192939025211043,0.0955,0.102,0.099111,0.09875,2693.4,ETH-27SEP26,0.5763,-0.99408,0.02928,0.0,0.0,0.006499999999999992,ETH,2692.69,0.0
2026-09-25T19:14:40.907418+00:00,ETH-26SEP26-2720-P,2692.88,ETH-26SEP26,put,2720.0,2026-09-26T08:00:00+00:00,0.0014550882380789413,0.009,0.013,0.010983,0.011,2692.88,ETH-26SEP26,0.2616,-0.8436,0.24559,652.0,367.0,0.004,ETH,2692.69,11030.24
2026-09-25T19:14:40.907418+00:00,ETH-29SEP26-2520-C,2694.39,ETH-29SEP26,call,2520.0,2026-09-29T08:00:00+00:00,0.009668640599475246,0.0635,0.067,0.065336,0.06525,2694.39,ETH-29SEP26,0.4131,0.95157,0.26625,0.0,0.0,0.003500000000000003,ETH,2692.69,0.0
2026-09-25T19:14:40.907418+00:00,ETH-26MAR27-7000-C,2748.23,ETH-26MAR27,call,7000.0,2027-03-26T08:00:00+00:00,0.4970060807089893,0.005,0.006,0.005484,0.0055,2748.23,ETH-26MAR27,0.6504000000000001,0.03518,1.50355,6272.0,0.0,0.001,ETH,2692.69,0.0
2026-09-25T19:14:40.907418+00:00,ETH-25JUN27-2500-C,2778.55,ETH-25JUN27,call,2500.0,2027-06-25T08:00:00+00:00,0.7461505023380105,0.2305,0.2355,0.232331,0.233,2778.55,ETH-25JUN27,0.5484,0.67705,8.61717,3243.0,0.0,0.004999999999999977,ETH,2692.68,0.0
2026-09-25T19:14:40.907418+00:00,ETH-28SEP26-3100-C,2694.02,ETH-28SEP26,call,3100.0,2026-09-28T08:00:00+00:00,0.006930789812343145,,0.0001,8.4e-05,,2694.02,ETH-28SEP26,0.6484000000000001,0.00495,0.03213,543.0,533.0,,ETH,2692.68,143.43
2026-09-25T19:14:40.907418+00:00,ETH-25DEC26-4000-P,2720.45,ETH-25DEC26,put,4000.0,2026-12-25T08:00:00+00:00,0.24786165907996807,0.4795,0.4885,0.483744,0.484,2720.45,ETH-25DEC26,0.5642,-0.89119,2.52692,530.0,4.0,0.009000000000000008,ETH,2692.68,5281.95
2026-09-25T19:14:40.907418+00:00,ETH-25JUN27-800-P,2778.81,ETH-25JUN27,put,800.0,2027-06-25T08:00:00+00:00,0.7461505023380105,0.0039,0.0049,0.004382,0.0044,2778.81,ETH-25JUN27,0.7798999999999999,-0.01447,0.88162,693.0,0.0,0.001,ETH,2692.68,0.0
2026-09-25T19:14:40.907418+00:00,ETH-24SEP27-3000-P,2809.25,ETH-24SEP27,put,3000.0,2027-09-24T08:00:00+00:00,0.9952949239670317,0.2555,0.263,0.261271,0.25925,2809.25,ETH-24SEP27,0.5554,-0.43712,11.04329,20.0,20.0,0.007500000000000007,ETH,2692.68,13929.79
2026-09-25T19:14:40.907418+00:00,ETH-26MAR27-6000-P,2748.23,ETH-26MAR27,put,6000.0,2027-03-26T08:00:00+00:00,0.4970060807089893,1.174,1.2105,1.193206,1.19225,2748.23,ETH-26MAR27,0.6214,-0.94101,2.27763,1.0,0.0,0.03649999999999998,ETH,2692.68,0.0
2026-09-25T19:14:40.907418+00:00,ETH-9OCT26-2850-C,2696.49,ETH-9OCT26,call,2850.0,2026-10-09T08:00:00+00:00,0.03704714847079626,0.0125,0.0135,0.013002,0.013,2696.49,ETH-9OCT26,0.4336,0.26596,1.70301,169.0,61.0,0.0009999999999999992,ETH,2692.68,2539.97
2026-09-25T19:14:40.907418+00:00,ETH-24SEP27-5000-C,2809.25,ETH-24SEP27,call,5000.0,2027-09-24T08:00:00+00:00,0.9952949239670317,0.061,0.064,0.062515,0.0625,2809.25,ETH-24SEP27,0.578,0.23844,8.6828,7.0,7.0,0.0030000000000000027,ETH,2692.47,1142.19
2026-09-25T19:14:40.907418+00:00,ETH-25DEC26-1600-C,2720.45,ETH-25DEC26,call,1600.0,2026-12-25T08:00:00+00:00,0.24786165907996807,0.416,0.419,0.417303,0.4175,2720.45,ETH-25DEC26,0.6581,0.96265,1.10358,620.0,0.0,0.0030000000000000027,ETH,2692.47,0.0
2026-09-25T19:14:40.907418+00:00,ETH-2OCT26-2850-C,2694.45,ETH-2OCT26,call,2850.0,2026-10-02T08:00:00+00:00,0.017882192960871547,0.004,0.0044,0.004189,0.0042,2694.45,ETH-2OCT26,0.4012,0.15276,0.85021,1347.0,1168.0,0.0004000000000000002,ETH,2692.47,21975.53
2026-09-25T19:14:40.907418+00:00,ETH-28SEP26-2640-P,2694.02,ETH-28SEP26,put,2640.0,2026-09-28T08:00:00+00:00,0.006930789812343145,0.0015,0.0019,0.001787,0.0017,2694.02,ETH-28SEP26,0.24719999999999998,-0.16401,0.55423,1586.0,1439.0,0.00039999999999999996,ETH,2692.47,17976.73
2026-09-25T19:14:40.907418+00:00,ETH-26MAR27-3100-P,2748.23,ETH-26MAR27,put,3100.0,2027-03-26T08:00:00+00:00,0.4970060807089893,0.232,0.234,0.23296,0.233,2748.23,ETH-26MAR27,0.5409,-0.55012,7.66814,177.0,17.0,0.0020000000000000018,ETH,2692.47,10676.68
2026-09-25T19:14:40.907418+00:00,ETH-29SEP26-2580-P,2694.13,ETH-29SEP26,put,2580.0,2026-09-29T08:00:00+00:00,0.009668640599475246,0.0015,0.0018,0.001682,0.00165,2694.13,ETH-29SEP26,0.34950000000000003,-0.10237,0.47274,309.0,309.0,0.0002999999999999999,ETH,2692.41,1667.1
2026-09-25T19:14:40.907418+00:00,ETH-30OCT26-4400-C,2701.97,ETH-30OCT26,call,4400.0,2026-10-30T08:00:00+00:00,0.09454201500057038,0.0004,0.0006,0.000492,0.0005,2701.97,ETH-30OCT26,0.6335000000000001,0.00805,0.18315,686.0,15.0,0.00019999999999999993,ETH,2692.41,24.42
2026-09-25T19:14:40.907418+00:00,ETH-9OCT26-3200-P,2696.23,ETH-9OCT26,put,3200.0,2026-10-09T08:00:00+00:00,0.03704714847079626,0.184,0.192,0.188546,0.188,2696.23,ETH-9OCT26,0.49829999999999997,-0.95912,0.45515,0.0,0.0,0.008000000000000007,ETH,2692.41,0.0
2026-09-25T19:14:40.907418+00:00,ETH-25JUN27-3400-P,2778.55,ETH-25JUN27,put,3400.0,2027-06-25T08:00:00+00:00,0.7461505023380105,0.335,0.343,0.339068,0.339,2778.55,ETH-25JUN27,0.5507,-0.57413,9.40994,30.0,0.0,0.008000000000000007,ETH,2692.41,0.0
2026-09-25T19:14:40.907418+00:00,ETH-26SEP26-3100-P,2692.88,ETH-26SEP26,put,3100.0,2026-09-26T08:00:00+00:00,0.0014550882380789413,0.1475,0.154,0.1513,0.15075,2692.88,ETH-26SEP26,0.9389,-0.99996,0.00018,0.0,0.0,0.006500000000000006,ETH,2692.47,0.0
2026-09-25T19:14:40.907418+00:00,ETH-29SEP26-2780-P,2694.39,ETH-29SEP26,put,2780.0,2026-09-29T08:00:00+00:00,0.009668640599475246,0.0325,0.037,0.034781,0.03475,2694.39,ETH-29SEP26,0.3246,-0.83564,0.65569,0.0,0.0,0.004499999999999997,ETH,2692.41,0.0
2026-09-25T19:14:40.907418+00:00,ETH-9OCT26-2400-C,2696.49,ETH-9OCT26,call,2400.0,2026-10-09T08:00:00+00:00,0.03704714847079626,0.112,0.1165,0.114411,0.11425,2696.49,ETH-9OCT26,0.4899,0.89944,0.91445,23.0,0.0,0.004500000000000004,ETH,2692.41,0.0
2026-09-25T19:14:40.907418+00:00,ETH-27SEP26-2950-P,2693.4,ETH-27SEP26,put,2950.0,2026-09-27T08:00:00+00:00,0.004192939025211043,0.0925,0.0985,0.0954,0.0955,2693.4,ETH-27SEP26,0.5597,-0.99383,0.03037,0.0,0.0,0.006000000000000005,ETH,2692.47,0.0
2026-09-25T19:14:40.907418+00:00,ETH-28SEP26-2460-C,2693.76,ETH-28SEP26,call,2460.0,2026-09-28T08:00:00+00:00,0.006930789812343145,0.0845,0.09,0.086841,0.08725,2693.76,ETH-28SEP26,0.49200000000000005,0.98713,0.0744,0.0,0.0,0.005499999999999991,ETH,2692.47,0.0
2026-09-25T19:14:40.907418+00:00,ETH-26SEP26-2950-P,2692.88,ETH-26SEP26,put,2950.0,2026-09-26T08:00:00+00:00,0.0014550882380789413,0.0915,0.0985,0.095616,0.095,2692.88,ETH-26SEP26,0.8515999999999999,-0.99749,0.00798,0.0,0.0,0.007000000000000006,ETH,2692.47,0.0
2026-09-25T19:14:40.907418+00:00,ETH-2OCT26-2200-P,2694.45,ETH-2OCT26,put,2200.0,2026-10-02T08:00:00+00:00,0.017882192960871547,0.0004,0.0006,0.000484,0.0005,2694.45,ETH-2OCT26,0.7056,-0.01418,0.12997,2322.0,421.0,0.00019999999999999993,ETH,2692.47,661.02
2026-09-25T19:14:40.907418+00:00,ETH-25DEC26-3800-P,2720.45,ETH-25DEC26,put,3800.0,2026-12-25T08:00:00+00:00,0.24786165907996807,0.4105,0.42,0.414661,0.41525,2720.45,ETH-25DEC26,0.5529,-0.85943,3.02274,113.0,0.0,0.009500000000000008,ETH,2692.47,0.0
2026-09-25T19:14:40.907418+00:00,ETH-24SEP27-3600-C,2809.51,ETH-24SEP27,call,3600.0,2027-09-24T08:00:00+00:00,0.9952949239670317,0.132,0.135,0.133592,0.1335,2809.51,ETH-24SEP27,0.5593,0.43419,11.02906,150.0,150.0,0.0030000000000000027,ETH,2692.47,54146.99
2026-09-25T19:14:40.907418+00:00,ETH-25JUN27-1200-P,2778.55,ETH-25JUN27,put,1200.0,2027-06-25T08:00:00+00:00,0.7461505023380105,0.0115,0.013,0.012233,0.01225,2778.55,ETH-25JUN27,0.6716,-0.04124,2.12028,593.0,15.0,0.0014999999999999996,ETH,2692.44,517.9
2026-09-25T19:14:40.907418+00:00,ETH-24SEP27-6000-C,2809.25,ETH-24SEP27,call,6000.0,2027-09-24T08:00:00+00:00,0.9952949239670317,0.0385,0.0415,0.039989,0.04,2809.25,ETH-24SEP27,0.5943,0.16272,6.89483,550.0,0.0,0.0030000000000000027,ETH,2692.44,0.0
2026-09-25T19:14:40.907418+00:00,ETH-27NOV26-2150-P,2711.05,ETH-27NOV26,put,2150.0,2026-11-27T08:00:00+00:00,0.17120183704026923,0.016,0.017,0.016527,0.0165,2711.05,ETH-27NOV26,0.5531,-0.13008,2.37402,407.0,36.0,0.0010000000000000009,ETH,2692.44,1687.73
2026-09-25T19:14:40.907418+00:00,ETH-27NOV26-3300-C,2711.31,ETH-27NOV26,call,3300.0,2026-11-27T08:00:00+00:00,0.17120183704026923,0.023,0.024,0.023471,0.0235,2711.31,ETH-27NOV26,0.5226,0.21127,3.24439,749.0,5.0,0.0010000000000000009,ETH,2692.44,323.76
2026-09-25T19:14:40.907418+00:00,ETH-26SEP26-2400-P,2692.88,ETH-26SEP26,put,2400.0,2026-09-26T08:00:00+00:00,0.0014550882380789413,,0.0001,2e-06,,2692.88,ETH-26SEP26,0.8609,-0.00021,0.00082,945.0,25.0,,ETH,2692.45,6.69
2026-09-25T19:14:40.907418+00:00,ETH-26MAR27-5500-C,2747.97,ETH-26MAR27,call,5500.0,2027-03-26T08:00:00+00:00,0.4970060807089893,0.0125,0.0135,0.012992,0.013,2747.97,ETH-26MAR27,0.6053999999999999,0.0789,2.8503,2944.0,0.0,0.0009999999999999992,ETH,2692.45,0.0
2026-09-25T19:14:40.907418+00:00,ETH-26SEP26-2620-C,2692.88,ETH-26SEP26,call,2620.0,2026-09-26T08:00:00+00:00,0.0014550882380789413,0.0245,0.0305,0.027095,0.0275,2692.88,ETH-26SEP26,0.36560000000000004,0.97515,0.05957,0.0,0.0,0.005999999999999998,ETH,2692.45,0.0
2026-09-25T19:14:40.907418+00:00,ETH-2OCT26-3200-C,2694.45,ETH-2OCT26,call,3200.0,2026-10-02T08:00:00+00:00,0.017882192960871547,0.0001,0.0003,0.000189,0.0002,2694.45,ETH-2OCT26,0.5286,0.00814,0.08014,2395.0,412.0,0.00019999999999999998,ETH,2692.45,568.97
2026-09-25T19:14:40.907418+00:00,ETH-25DEC26-1600-P,2720.19,ETH-25DEC26,put,1600.0,2026-12-25T08:00:00+00:00,0.24786165907996807,0.0055,0.006,0.00553,0.00575,2720.19,ETH-25DEC26,0.6581,-0.03735,1.10363,8406.0,0.0,0.0005000000000000004,ETH,2692.45,0.0
2026-09-25T19:14:40.907418+00:00,ETH-28SEP26-2580-C,2693.76,ETH-28SEP26,call,2580.0,2026-09-28T08:00:00+00:00,0.006930789812343145,0.04,0.046,0.04263,0.043,2693.76,ETH-28SEP26,0.3132,0.95145,0.22581,0.0,0.0,0.005999999999999998,ETH,2692.45,0.0
2026-09-25T19:14:40.907418+00:00,ETH-24SEP27-2900-P,2809.51,ETH-24SEP27,put,2900.0,2027-09-24T08:00:00+00:00,0.9952949239670317,0.2365,0.24,0.23826,0.23825,2809.51,ETH-24SEP27,0.555,-0.41331,10.91634,0.0,0.0,0.003500000000000003,ETH,2692.45,0.0
2026-09-25T19:14:40.907418+00:00,ETH-30OCT26-2050-P,2702.23,ETH-30OCT26,put,2050.0,2026-10-30T08:00:00+00:00,0.09454201500057038,0.0038,0.0041,0.003964,0.00395,2702.23,ETH-30OCT26,0.5767,-0.05008,0.85795,1326.0,3.0,0.00030000000000000035,ETH,2692.45,33.49
2026-09-25T19:14:40.907418+00:00,ETH-28SEP26-2680-C,2694.02,ETH-28SEP26,call,2680.0,2026-09-28T08:00:00+00:00,0.006930789812343145,0.01,0.0115,0.010602,0.01075,2694.02,ETH-28SEP26,0.23739999999999997,0.60062,0.8656,1002.0,166.0,0.0014999999999999996,ETH,2692.4,3964.57
2026-09-25T19:14:40.907418+00:00,ETH-24SEP27-5500-C,2809.51,ETH-24SEP27,call,5500.0,2027-09-24T08:00:00+00:00,0.9952949239670317,0.048,0.051,0.049501,0.0495,2809.51,ETH-24SEP27,0.586,0.19572,7.74457,10.0,7.0,0.0029999999999999957,ETH,2692.4,902.26
2026-09-25T19:14:40.907418+00:00,ETH-26SEP26-2780-P,2693.02,ETH-26SEP26,put,2780.0,2026-09-26T08:00:00+00:00,0.0014550882380789413,0.0285,0.036,0.032597,0.03225,2693.02,ETH-26SEP26,0.4208,-0.97877,0.05218,596.0,0.0,0.007499999999999996,ETH,2692.4,0.0
2026-09-25T19:14:40.907418+00:00,ETH-24SEP27-2800-C,2809.25,ETH-24SEP27,call,2800.0,2027-09-24T08:00:00+00:00,0.9952949239670317,0.2175,0.2215,0.21945,0.2195,2809.25,ETH-24SEP27,0.555,0.61118,10.74436,141.0,143.0,0.0040000000000000036,ETH,2692.4,83646.17
2026-09-25T19:14:40.907418+00:00,ETH-25DEC26-11000-C,2720.45,ETH-25DEC26,call,11000.0,2026-12-25T08:00:00+00:00,0.24786165907996807,0.0001,0.0003,0.000182,0.0002,2720.45,ETH-25DEC26,0.8858,0.0016,0.0701,2175.0,0.0,0.00019999999999999998,ETH,2692.4,0.0
2026-09-25T19:14:40.907418+00:00,ETH-25JUN27-1000-C,2778.81,ETH-25JUN27,call,1000.0,2027-06-25T08:00:00+00:00,0.7461505023380105,0.6465,0.649,0.647809,0.64775,2778.81,ETH-25JUN27,0.7231000000000001,0.97426,1.43769,101.0,1.0,0.0025000000000000577,ETH,2692.4,1731.65
2026-09-25T19:14:40.907418+00:00,ETH-28SEP26-2860-C,2693.76,ETH-28SEP26,call,2860.0,2026-09-28T08:00:00+00:00,0.006930789812343145,0.0002,0.0004,0.000264,0.0003,2693.76,ETH-28SEP26,0.3607,0.02352,0.12446,77.0,1.0,0.0002,ETH,2692.4,2.14
2026-09-25T19:14:40.907418+00:00,ETH-25JUN27-2300-P,2778.81,ETH-25JUN27,put,2300.0,2027-06-25T08:00:00+00:00,0.7461505023380105,0.0985,0.1,0.099399,0.09925,2778.81,ETH-25JUN27,0.5526,-0.26305,7.83216,1035.0,2.0,0.0015000000000000013,ETH,2692.4,515.84
2026-09-25T19:14:40.907418+00:00,ETH-28SEP26-2950-C,2693.76,ETH-28SEP26,call,2950.0,2026-09-28T08:00:00+00:00,0.006930789812343145,,0.0002,0.000138,,2693.76,ETH-28SEP26,0.4697,0.01038,0.06172,506.0,160.0,,ETH,2692.4,153.48
2026-09-25T19:14:40.907418+00:00,ETH-27SEP26-3100-C,2693.66,ETH-27SEP26,call,3100.0,2026-09-27T08:00:00+00:00,0.004192939025211043,,0.0001,5.5e-05,,2693.66,ETH-27SEP26,0.7993000000000001,0.00349,0.01825,3077.0,550.0,,ETH,2692.4,147.61
2026-09-25T19:14:40.907418+00:00,ETH-30OCT26-2400-P,2702.23,ETH-30OCT26,put,2400.0,2026-10-30T08:00:00+00:00,0.09454201500057038,0.017,0.018,0.017562,0.0175,2702.23,ETH-30OCT26,0.4911,-0.19536,2.29316,8145.0,1210.0,0.0009999999999999974,ETH,2692.4,67405.89
2026-09-25T19:14:40.907418+00:00,ETH-28SEP26-2400-P,2693.76,ETH-28SEP26,put,2400.0,2026-09-28T08:00:00+00:00,0.006930789812343145,,0.0002,0.000135,,2693.76,ETH-28SEP26,0.5834,-0.00827,0.0506,490.0,22.0,,ETH,2692.4,13.88
2026-09-25T19:14:40.907418+00:00,ETH-26SEP26-2880-P,2692.88,ETH-26SEP26,put,2880.0,2026-09-26T08:00:00+00:00,0.0014550882380789413,0.0655,0.0725,0.069629,0.069,2692.88,ETH-26SEP26,0.6708,-0.99572,0.0129,0.0,0.0,0.006999999999999992,ETH,2692.37,0.0
2026-09-25T19:14:40.907418+00:00,ETH-16OCT26-3000-C,2698.11,ETH-16OCT26,call,3000.0,2026-10-16T08:00:00+00:00,0.05621210398072097,0.01,0.011,0.010404,0.0105,2698.11,ETH-16OCT26,0.4653,0.18181,1.68905,653.0,646.0,0.0009999999999999992,ETH,2692.37,19886.43
2026-09-25T19:14:40.907418+00:00,ETH-16OCT26-3100-P,2697.98,ETH-16OCT26,put,3100.0,2026-10-16T08:00:00+00:00,0.05621210398072097,0.1525,0.1585,0.155536,0.1555,2697.98,ETH-16OCT26,0.4775,-0.8794,1.28413,0.0,0.0,0.006000000000000005,ETH,2692.37,0.0
2026-09-25T19:14:40.907418+00:00,ETH-27NOV26-3200-P,2711.05,ETH-27NOV26,put,3200.0,2026-11-27T08:00:00+00:00,0.17120183704026923,0.2045,0.214,0.209725,0.20925,2711.05,ETH-27NOV26,0.518,-0.7479,3.58041,1.0,0.0,0.009500000000000008,ETH,2692.37,0.0
2026-09-25T19:14:40.907418+00:00,ETH-26SEP26-2640-C,2692.88,ETH-26SEP26,call,2640.0,2026-09-26T08:00:00+00:00,0.0014550882380789413,0.017,0.023,0.019711,0.02,2692.88,ETH-26SEP26,0.2933,0.95973,0.08871,103.0,17.0,0.005999999999999998,ETH,2692.38,1124.52
2026-09-25T19:14:40.907418+00:00,ETH-9OCT26-2800-P,2696.49,ETH-9OCT26,put,2800.0,2026-10-09T08:00:00+00:00,0.03704714847079626,0.0545,0.0575,0.056399,0.056,2696.49,ETH-9OCT26,0.42950000000000005,-0.6625,1.89596,308.0,0.0,0.0030000000000000027,ETH,2692.37,0.0
2026-09-25T19:14:40.907418+00:00,ETH-26SEP26-2820-P,2693.02,ETH-26SEP26,put,2820.0,2026-09-26T08:00:00+00:00,0.0014550882380789413,0.0435,0.05,0.047371,0.04675,2693.02,ETH-26SEP26,0.5129,-0.99107,0.02472,62.0,0.0,0.006500000000000006,ETH,2692.38,0.0
2026-09-25T19:14:40.907418+00:00,ETH-26SEP26-2560-C,2693.02,ETH-26SEP26,call,2560.0,2026-09-26T08:00:00+00:00,0.0014550882380789413,0.047,0.0525,0.049275,0.04975,2693.02,ETH-26SEP26,0.5057,0.9957,0.01293,246.0,0.0,0.005499999999999998,ETH,2692.38,0.0
2026-09-25T19:14:40.907418+00:00,ETH-27SEP26-2920-P,2693.66,ETH-27SEP26,put,2920.0,2026-09-27T08:00:00+00:00,0.004192939025211043,0.08,0.087,0.084228,0.0835,2693.66,ETH-27SEP26,0.5204,-0.99161,0.03981,60.0,0.0,0.006999999999999992,ETH,2692.38,0.0
2026-09-25T19:14:40.907418+00:00,ETH-25JUN27-3200-P,2778.81,ETH-25JUN27,put,3200.0,2027-06-25T08:00:00+00:00,0.7461505023380105,0.2835,0.2885,0.286123,0.286,2778.81,ETH-25JUN27,0.5485,-0.52458,9.5572,48.0,0.0,0.0050000000000000044,ETH,2692.38,0.0
2026-09-25T19:14:40.907418+00:00,ETH-27NOV26-4600-C,2711.05,ETH-27NOV26,call,4600.0,2026-11-27T08:00:00+00:00,0.17120183704026923,0.0021,0.0026,0.002336,0.00235,2711.05,ETH-27NOV26,0.6178,0.02612,0.68007,1368.0,0.0,0.0005,ETH,2692.38,0.0
2026-09-25T19:14:40.907418+00:00,ETH-30OCT26-1950-C,2701.97,ETH-30OCT26,call,1950.0,2026-10-30T08:00:00+00:00,0.09454201500057038,0.2795,0.283,0.280986,0.28125,2701.97,ETH-30OCT26,0.6132,0.96579,0.63005,744.0,0.0,0.0034999999999999476,ETH,2692.38,0.0
2026-09-25T19:14:40.907418+00:00,ETH-16OCT26-2700-C,2698.11,ETH-16OCT26,call,2700.0,2026-10-16T08:00:00+00:00,0.05621210398072097,0.0415,0.0425,0.04171,0.042,2698.11,ETH-16OCT26,0.4448,0.51723,2.5495,251.0,4.0,0.0010000000000000009,ETH,2692.4,488.86
2026-09-25T19:14:40.907418+00:00,ETH-26MAR27-3200-C,2748.23,ETH-26MAR27,call,3200.0,2027-03-26T08:00:00+00:00,0.4970060807089893,0.0935,0.095,0.094501,0.09425,2748.23,ETH-26MAR27,0.5424,0.41768,7.56383,2000.0,37.0,0.0015000000000000013,ETH,2692.4,9607.82
2026-09-25T19:14:40.907418+00:00,ETH-26SEP26-2780-C,2693.02,ETH-26SEP26,call,2780.0,2026-09-26T08:00:00+00:00,0.0014550882380789413,,0.0002,0.000141,,2693.02,ETH-26SEP26,0.4208,0.02107,0.0518,1168.0,1156.0,,ETH,2692.38,3357.21
2026-09-25T19:14:40.907418+00:00,ETH-30OCT26-4200-P,2702.23,ETH-30OCT26,put,4200.0,2026-10-30T08:00:00+00:00,0.09454201500057038,0.5485,0.5615,0.555206,0.555,2702.23,ETH-30OCT26,0.6063000000000001,-0.98852,0.24979,0.0,0.0,0.013000000000000012,ETH,2692.4,0.0
2026-09-25T19:14:40.907418+00:00,ETH-26MAR27-4000-P,2748.23,ETH-26MAR27,put,4000.0,2027-03-26T08:00:00+00:00,0.4970060807089893,0.4875,0.5085,0.498893,0.498,2748.23,ETH-26MAR27,0.5603,-0.77441,5.81899,0.0,0.0,0.020999999999999963,ETH,2692.4,0.0
2026-09-25T19:14:40.907418+00:00,ETH-9OCT26-2900-C,2696.49,ETH-9OCT26,call,2900.0,2026-10-09T08:00:00+00:00,0.03704714847079626,0.009,0.01,0.009478,0.0095,2696.49,ETH-9OCT26,0.4404,0.20592,1.47825,1044.0,70.0,0.0010000000000000009,ETH,2692.4,1904.92
2026-09-25T19:14:40.907418+00:00,ETH-27SEP26-2540-C,2693.66,ETH-27SEP26,call,2540.0,2026-09-27T08:00:00+00:00,0.004192939025211043,0.0545,0.0605,0.057079,0.0575,2693.66,ETH-27SEP26,0.4305,0.98241,0.07562,30.0,0.0,0.005999999999999998,ETH,2692.4,0.0
2026-09-25T19:14:40.907418+00:00,ETH-27SEP26-2500-P,2693.66,ETH-27SEP26,put,2500.0,2026-09-27T08:00:00+00:00,0.004192939025211043,,0.0001,6.3e-05,,2693.66,ETH-27SEP26,0.4645,-0.0065,0.03179,0.0,0.0,,ETH,2692.37,0.0
2026-09-25T19:14:40.907418+00:00,ETH-26MAR27-2200-P,2748.23,ETH-26MAR27,put,2200.0,2027-03-26T08:00:00+00:00,0.4970060807089893,0.0605,0.062,0.061215,0.06125,2748.23,ETH-26MAR27,0.5532,-0.22233,5.77099,2263.0,0.0,0.0015000000000000013,ETH,2692.37,0.0
2026-09-25T19:14:40.907418+00:00,ETH-30OCT26-2850-P,2701.97,ETH-30OCT26,put,2850.0,2026-10-30T08:00:00+00:00,0.09454201500057038,0.0895,0.093,0.091203,0.09125,2701.97,ETH-30OCT26,0.47509999999999997,-0.61558,3.17426,114.0,0.0,0.003500000000000003,ETH,2692.37,0.0
2026-09-25T19:14:40.907418+00:00,ETH-24SEP27-6500-P,2809.51,ETH-24SEP27,put,6500.0,2027-09-24T08:00:00+00:00,0.9952949239670317,1.3225,1.3665,1.346387,1.3445,2809.51,ETH-24SEP27,0.6009,-0.86424,6.10866,0.0,0.0,0.04400000000000004,ETH,2692.37,0.0
2026-09-25T19:14:40.907418+00:00,ETH-27SEP26-3100-P,2693.66,ETH-27SEP26,put,3100.0,2026-09-27T08:00:00+00:00,0.004192939025211043,0.148,0.154,0.151077,0.151,2693.66,ETH-27SEP26,0.7993000000000001,-0.99652,0.0182,0.0,0.0,0.006000000000000005,ETH,2692.37,0.0
2026-09-25T19:14:40.907418+00:00,ETH-24SEP27-5000-P,2809.25,ETH-24SEP27,put,5000.0,2027-09-24T08:00:00+00:00,0.9952949239670317,0.825,0.8595,0.842444,0.84225,2809.25,ETH-24SEP27,0.578,-0.76163,8.68052,0.0,0.0,0.034500000000000086,ETH,2692.37,0.0
2026-09-25T19:14:40.907418+00:00,ETH-29SEP26-2760-C,2694.39,ETH-29SEP26,call,2760.0,2026-09-29T08:00:00+00:00,0.009668640599475246,0.0037,0.0041,0.003846,0.0039,2694.39,ETH-29SEP26,0.314,0.21841,0.78073,605.0,607.0,0.0004000000000000002,ETH,2692.37,7592.34
2026-09-25T19:14:40.907418+00:00,ETH-30OCT26-2700-P,2702.23,ETH-30OCT26,put,2700.0,2026-10-30T08:00:00+00:00,0.09454201500057038,0.0565,0.058,0.057456,0.05725,2702.23,ETH-30OCT26,0.47159999999999996,-0.46995,3.30491,1987.0,25.0,0.0015000000000000013,ETH,2692.37,3800.49
2026-09-25T19:14:40.907418+00:00,ETH-16OCT26-2500-P,2698.11,ETH-16OCT26,put,2500.0,2026-10-16T08:00:00+00:00,0.05621210398072097,0.0145,0.0155,0.014976,0.015,2698.11,ETH-16OCT26,0.4593,-0.22613,1.92387,134.0,81.0,0.0009999999999999992,ETH,2692.37,3647.94
2026-09-25T19:14:40.907418+00:00,ETH-27NOV26-2650-C,2711.31,ETH-27NOV26,call,2650.0,2026-11-27T08:00:00+00:00,0.17120183704026923,0.0935,0.095,0.094389,0.09425,2711.31,ETH-27NOV26,0.5075,0.58392,4.37568,2576.0,53.0,0.0015000000000000013,ETH,2692.37,13868.46
2026-09-25T19:14:40.907418+00:00,ETH-25JUN27-2600-C,2778.81,ETH-25JUN27,call,2600.0,2027-06-25T08:00:00+00:00,0.7461505023380105,0.2135,0.2165,0.214784,0.215,2778.81,ETH-25JUN27,0.5473,0.64664,8.92099,404.0,0.0,0.0030000000000000027,ETH,2692.37,0.0
2026-09-25T19:14:40.907418+00:00,ETH-2OCT26-2100-P,2694.31,ETH-2OCT26,put,2100.0,2026-10-02T08:00:00+00:00,0.017882192960871547,0.0002,0.0004,0.000288,0.0003,2694.31,ETH-2OCT26,0.7898999999999999,-0.008,0.07894,1386.0,79.0,0.0002,ETH,2692.4,64.21
2026-09-25T19:14:40.907418+00:00,ETH-25JUN27-1300-P,2778.81,ETH-25JUN27,put,1300.0,2027-06-25T08:00:00+00:00,0.7461505023380105,0.0145,0.016,0.015238,0.01525,2778.81,ETH-25JUN27,0.6503,-0.05133,2.52758,1686.0,0.0,0.0014999999999999996,ETH,2692.4,0.0
2026-09-25T19:14:40.907418+00:00,ETH-25JUN27-2400-P,2778.81,ETH-25JUN27,put,2400.0,2027-06-25T08:00:00+00:00,0.7461505023380105,0.114,0.116,0.115039,0.115,2778.81,ETH-25JUN27,0.5501,-0.29283,8.2532,284.0,0.0,0.0020000000000000018,ETH,2692.4,0.0
2026-09-25T19:14:40.907418+00:00,ETH-16OCT26-2600-P,2698.11,ETH-16OCT26,put,2600.0,2026-10-16T08:00:00+00:00,0.05621210398072097,0.0255,0.0265,0.025987,0.026,2698.11,ETH-16OCT26,0.4486,-0.34515,2.35715,294.0,129.0,0.0010000000000000009,ETH,2692.4,10098.94
2026-09-25T19:14:40.907418+00:00,ETH-24SEP27-1500-C,2809.51,ETH-24SEP27,call,1500.0,2027-09-24T08:00:00+00:00,0.9952949239670317,0.4945,0.505,0.499751,0.49975,2809.51,ETH-24SEP27,0.6088,0.90923,4.58028,0.0,0.0,0.01050000000000001,ETH,2692.4,0.0
2026-09-25T19:14:40.907418+00:00,ETH-27SEP26-2500-C,2693.4,ETH-27SEP26,call,2500.0,2026-09-27T08:00:00+00:00,0.004192939025211043,0.0695,0.075,0.071819,0.07225,2693.4,ETH-27SEP26,0.4645,0.9935,0.03179,0.0,0.0,0.005499999999999991,ETH,2692.4,0.0
2026-09-25T19:14:40.907418+00:00,ETH-28SEP26-2580-P,2693.76,ETH-28SEP26,put,2580.0,2026-09-28T08:00:00+00:00,0.006930789812343145,0.0004,0.0006,0.000527,0.0005,2693.76,ETH-28SEP26,0.3132,-0.04864,0.22611,4224.0,4559.0,0.00019999999999999993,ETH,2692.4,19900.87
2026-09-25T19:14:40.907418+00:00,ETH-26MAR27-1600-P,2748.23,ETH-26MAR27,put,1600.0,2027-03-26T08:00:00+00:00,0.4970060807089893,0.0165,0.018,0.017448,0.01725,2748.23,ETH-26MAR27,0.6238,-0.07366,2.70495,3154.0,6.0,0.0014999999999999979,ETH,2692.49,302.12
2026-09-25T19:14:40.907418+00:00,ETH-28SEP26-2640-C,2694.02,ETH-28SEP26,call,2640.0,2026-09-28T08:00:00+00:00,0.006930789812343145,0.0195,0.024,0.021613,0.02175,2694.02,ETH-28SEP26,0.24719999999999998,0.83573,0.55471,160.0,0.0,0.0045000000000000005,ETH,2692.49,0.0
2026-09-25T19:14:40.907418+00:00,ETH-28SEP26-2800-P,2693.76,ETH-28SEP26,put,2800.0,2026-09-28T08:00:00+00:00,0.006930789812343145,0.037,0.0425,0.04027,0.03975,2693.76,ETH-28SEP26,0.3032,-0.9373,0.2763,0.0,0.0,0.005500000000000005,ETH,2692.49,0.0
2026-09-25T19:14:40.907418+00:00,ETH-27NOV26-2800-C,2711.31,ETH-27NOV26,call,2800.0,2026-11-27T08:00:00+00:00,0.17120183704026923,0.069,0.07,0.069442,0.0695,2711.31,ETH-27NOV26,0.5068,0.47996,4.46957,2843.0,5.0,0.0010000000000000009,ETH,2692.49,1003.0
2026-09-25T19:14:40.907418+00:00,ETH-24SEP27-7000-C,2809.25,ETH-24SEP27,call,7000.0,2027-09-24T08:00:00+00:00,0.9952949239670317,0.026,0.0285,0.027232,0.02725,2809.25,ETH-24SEP27,0.6099,0.11582,5.46772,554.0,154.0,0.0025000000000000022,ETH,2692.49,11487.68
2026-09-25T19:14:40.907418+00:00,ETH-29SEP26-2450-P,2694.39,ETH-29SEP26,put,2450.0,2026-09-29T08:00:00+00:00,0.009668640599475246,0.0004,0.0006,0.000494,0.0005,2694.39,ETH-29SEP26,0.5023,-0.02605,0.16017,1.0,1.0,0.00019999999999999993,ETH,2692.48,1.08
2026-09-25T19:14:40.907418+00:00,ETH-30OCT26-2800-C,2702.23,ETH-30OCT26,call,2800.0,2026-10-30T08:00:00+00:00,0.09454201500057038,0.042,0.0435,0.042752,0.04275,2702.23,ETH-30OCT26,0.4739,0.43112,3.26493,5457.0,583.0,0.0014999999999999944,ETH,2692.48,74300.48
2026-09-25T19:14:40.907418+00:00,ETH-27SEP26-2860-P,2693.66,ETH-27SEP26,put,2860.0,2026-09-27T08:00:00+00:00,0.004192939025211043,0.0585,0.065,0.06205,0.06175,2693.66,ETH-27SEP26,0.4226,-0.9858,0.06294,0.0,0.0,0.006499999999999999,ETH,2692.48,0.0
2026-09-25T19:14:40.907418+00:00,ETH-26MAR27-3900-P,2748.23,ETH-26MAR27,put,3900.0,2027-03-26T08:00:00+00:00,0.4970060807089893,0.4545,0.4775,0.466716,0.466,2748.23,ETH-26MAR27,0.5576,-0.75631,6.07293,0.0,0.0,0.022999999999999965,ETH,2692.48,0.0
2026-09-25T19:14:40.907418+00:00,ETH-29SEP26-3000-P,2694.39,ETH-29SEP26,put,3000.0,2026-09-29T08:00:00+00:00,0.009668640599475246,0.1095,0.1175,0.113897,0.1135,2694.39,ETH-29SEP26,0.4874,-0.98713,0.0879,0.0,0.0,0.007999999999999993,ETH,2692.48,0.0
2026-09-25T19:14:40.907418+00:00,ETH-26MAR27-2400-P,2748.23,ETH-26MAR27,put,2400.0,2027-03-26T08:00:00+00:00,0.4970060807089893,0.087,0.0885,0.087837,0.08775,2748.23,ETH-26MAR27,0.5438000000000001,-0.29318,6.66569,753.0,0.0,0.0015000000000000013,ETH,2692.48,0.0
2026-09-25T19:14:40.907418+00:00,ETH-25DEC26-6000-P,2720.45,ETH-25DEC26,put,6000.0,2026-12-25T08:00:00+00:00,0.24786165907996807,1.1945,1.2215,1.207401,1.208,2720.45,ETH-25DEC26,0.6754000000000001,-0.98556,0.49648,100.0,0.0,0.027000000000000135,ETH,2692.48,0.0
2026-09-25T19:14:40.907418+00:00,ETH-27SEP26-2640-P,2693.66,ETH-27SEP26,put,2640.0,2026-09-27T08:00:00+00:00,0.004192939025211043,0.0006,0.0009,0.000742,0.00075,2693.66,ETH-27SEP26,0.24170000000000003,-0.1019,0.30995,994.0,362.0,0.00030000000000000003,ETH,2692.48,1784.34
2026-09-25T19:14:40.907418+00:00,ETH-26SEP26-2700-P,2693.02,ETH-26SEP26,put,2700.0,2026-09-26T08:00:00+00:00,0.0014550882380789413,0.004,0.0055,0.005,0.00475,2693.02,ETH-26SEP26,0.22699999999999998,-0.62727,0.38746,1074.0,461.0,0.0014999999999999996,ETH,2692.48,9265.99
2026-09-25T19:14:40.907418+00:00,ETH-27NOV26-2400-P,2711.31,ETH-27NOV26,put,2400.0,2026-11-27T08:00:00+00:00,0.17120183704026923,0.0355,0.0365,0.036173,0.036,2711.31,ETH-27NOV26,0.5213,-0.25103,3.5725,1898.0,215.0,0.0010000000000000009,ETH,2692.4,22327.22
2026-09-25T19:14:40.907418+00:00,ETH-28SEP26-2440-C,2693.76,ETH-28SEP26,call,2440.0,2026-09-28T08:00:00+00:00,0.006930789812343145,0.0925,0.096,0.094266,0.09425,2693.76,ETH-28SEP26,0.5301,0.98804,0.06978,18.0,18.0,0.003500000000000003,ETH,2692.4,4424.29
2026-09-25T19:14:40.907418+00:00,ETH-30OCT26-2000-C,2702.23,ETH-30OCT26,call,2000.0,2026-10-30T08:00:00+00:00,0.09454201500057038,0.2615,0.265,0.263061,0.26325,2702.23,ETH-30OCT26,0.5954999999999999,0.95841,0.73886,738.0,0.0,0.003500000000000003,ETH,2692.4,0.0
2026-09-25T19:14:40.907418+00:00,ETH-24SEP27-5400-C,2809.51,ETH-24SEP27,call,5400.0,2027-09-24T08:00:00+00:00,0.9952949239670317,0.0505,0.0535,0.051992,0.052,2809.51,ETH-24SEP27,0.5851,0.2039,7.93767,2.0,2.0,0.0029999999999999957,ETH,2692.4,272.36
2026-09-25T19:14:40.907418+00:00,ETH-9OCT26-3400-P,2696.23,ETH-9OCT26,put,3400.0,2026-10-09T08:00:00+00:00,0.03704714847079626,0.257,0.265,0.261737,0.261,2696.23,ETH-9OCT26,0.5432,-0.98493,0.19733,0.0,0.0,0.008000000000000007,ETH,2692.4,0.0
2026-09-25T19:14:40.907418+00:00,ETH-25DEC26-9000-P,2720.45,ETH-25DEC26,put,9000.0,2026-12-25T08:00:00+00:00,0.24786165907996807,2.2895,2.3295,2.30905,2.3095,2720.45,ETH-25DEC26,0.8016,-0.99745,0.10703,0.0,0.0,0.040000000000000036,ETH,2692.29,0.0
2026-09-25T19:14:40.907418+00:00,ETH-25JUN27-4000-P,2778.81,ETH-25JUN27,put,4000.0,2027-06-25T08:00:00+00:00,0.7461505023380105,0.5075,0.5185,0.514428,0.513,2778.81,ETH-25JUN27,0.5609000000000001,-0.69505,8.40641,2.0,0.0,0.01100000000000001,ETH,2692.29,0.0
2026-09-25T19:14:40.907418+00:00,ETH-25DEC26-4600-C,2720.45,ETH-25DEC26,call,4600.0,2026-12-25T08:00:00+00:00,0.24786165907996807,0.0055,0.0065,0.005989,0.006,2720.45,ETH-25DEC26,0.5979,0.05295,1.46186,11133.0,0.0,0.001,ETH,2692.29,0.0
2026-09-25T19:14:40.907418+00:00,ETH-26MAR27-3200-P,2748.23,ETH-26MAR27,put,3200.0,2027-03-26T08:00:00+00:00,0.4970060807089893,0.258,0.26,0.259149,0.259,2748.23,ETH-26MAR27,0.5424,-0.58236,7.56332,114.0,52.0,0.0020000000000000018,ETH,2692.29,36489.28
2026-09-25T19:14:40.907418+00:00,ETH-25JUN27-3300-P,2778.81,ETH-25JUN27,put,3300.0,2027-06-25T08:00:00+00:00,0.7461505023380105,0.3095,0.315,0.312208,0.31225,2778.81,ETH-25JUN27,0.5496,-0.54992,9.49997,69.0,0.0,0.005500000000000005,ETH,2692.29,0.0
2026-09-25T19:14:40.907418+00:00,ETH-26SEP26-2850-P,2692.88,ETH-26SEP26,put,2850.0,2026-09-26T08:00:00+00:00,0.0014550882380789413,0.0545,0.0615,0.058508,0.058,2692.88,ETH-26SEP26,0.6087,-0.99283,0.02037,0.0,0.0,0.006999999999999999,ETH,2692.29,0.0
2026-09-25T19:14:40.907418+00:00,ETH-27NOV26-2450-C,2711.05,ETH-27NOV26,call,2450.0,2026-11-27T08:00:00+00:00,0.17120183704026923,0.136,0.1395,0.138254,0.13775,2711.05,ETH-27NOV26,0.5185,0.71817,3.78775,493.0,0.0,0.003500000000000003,ETH,2692.28,0.0
2026-09-25T19:14:40.907418+00:00,ETH-30OCT26-3800-C,2701.97,ETH-30OCT26,call,3800.0,2026-10-30T08:00:00+00:00,0.09454201500057038,0.0018,0.002,0.001892,0.0019,2701.97,ETH-30OCT26,0.5633,0.02981,0.56228,4715.0,1.0,0.0002000000000000001,ETH,2692.28,5.39
2026-09-25T19:14:40.907418+00:00,ETH-29SEP26-2400-P,2694.39,ETH-29SEP26,put,2400.0,2026-09-29T08:00:00+00:00,0.009668640599475246,0.0003,0.0005,0.000391,0.0004,2694.39,ETH-29SEP26,0.5722,-0.01891,0.12224,30.0,30.0,0.00020000000000000004,ETH,2692.28,32.42
2026-09-25T19:14:40.907418+00:00,ETH-27SEP26-2850-P,2693.66,ETH-27SEP26,put,2850.0,2026-09-27T08:00:00+00:00,0.004192939025211043,0.0555,0.061,0.058335,0.05825,2693.66,ETH-27SEP26,0.4006,-0.98542,0.06439,105.0,105.0,0.005499999999999998,ETH,2692.28,14646.59
2026-09-25T19:14:40.907418+00:00,ETH-24SEP27-3500-C,2809.51,ETH-24SEP27,call,3500.0,2027-09-24T08:00:00+00:00,0.9952949239670317,0.14,0.1435,0.141763,0.14175,2809.51,ETH-24SEP27,0.5582,0.4535,11.10453,10.0,10.0,0.0034999999999999754,ETH,2692.28,3731.85
2026-09-25T19:14:40.907418+00:00,ETH-25DEC26-8000-C,2720.19,ETH-25DEC26,call,8000.0,2026-12-25T08:00:00+00:00,0.24786165907996807,0.0003,0.0007,0.000398,0.0005,2720.19,ETH-25DEC26,0.7576999999999999,0.00378,0.15254,2888.0,0.0,0.0004,ETH,2692.31,0.0
2026-09-25T19:14:40.907418+00:00,ETH-25JUN27-1600-P,2778.81,ETH-25JUN27,put,1600.0,2027-06-25T08:00:00+00:00,0.7461505023380105,0.028,0.0295,0.028739,0.02875,2778.81,ETH-25JUN27,0.6029,-0.09353,4.01032,1979.0,2.0,0.0014999999999999979,ETH,2692.31,153.61
2026-09-25T19:14:40.907418+00:00,ETH-2OCT26-2200-C,2694.45,ETH-2OCT26,call,2200.0,2026-10-02T08:00:00+00:00,0.017882192960871547,0.1825,0.1855,0.183881,0.184,2694.45,ETH-2OCT26,0.7056,0.98582,0.12996,18.0,0.0,0.0030000000000000027,ETH,2692.31,0.0
2026-09-25T19:14:40.907418+00:00,ETH-2OCT26-2500-P,2694.31,ETH-2OCT26,put,2500.0,2026-10-02T08:00:00+00:00,0.017882192960871547,0.0025,0.0029,0.002727,0.0027,2694.31,ETH-2OCT26,0.4391,-0.09697,0.61808,4861.0,429.0,0.00039999999999999975,ETH,2692.31,3552.55
2026-09-25T19:14:40.907418+00:00,ETH-29SEP26-2900-C,2694.39,ETH-29SEP26,call,2900.0,2026-09-29T08:00:00+00:00,0.009668640599475246,0.0004,0.0007,0.000528,0.00055,2694.39,ETH-29SEP26,0.4065,0.03338,0.19679,233.0,233.0,0.0003,ETH,2692.31,1204.56
2026-09-25T19:14:40.907418+00:00,ETH-27SEP26-2740-C,2693.66,ETH-27SEP26,call,2740.0,2026-09-27T08:00:00+00:00,0.004192939025211043,0.0009,0.0013,0.00109,0.0011,2693.66,ETH-27SEP26,0.2416,0.13324,0.37481,1909.0,1886.0,0.00039999999999999996,ETH,2692.31,12628.73
2026-09-25T19:14:40.907418+00:00,ETH-30OCT26-1900-C,2701.97,ETH-30OCT26,call,1900.0,2026-10-30T08:00:00+00:00,0.09454201500057038,0.297,0.301,0.29907,0.299,2701.97,ETH-30OCT26,0.6343,0.97134,0.54416,275.0,0.0,0.0040000000000000036,ETH,2692.4,0.0
2026-09-25T19:14:40.907418+00:00,ETH-27NOV26-3050-P,2711.31,ETH-27NOV26,put,3050.0,2026-11-27T08:00:00+00:00,0.17120183704026923,0.164,0.168,0.165626,0.166,2711.31,ETH-27NOV26,0.5114,-0.67453,4.03952,49.0,0.0,0.0040000000000000036,ETH,2692.4,0.0
2026-09-25T19:14:40.907418+00:00,ETH-9OCT26-2900-P,2696.49,ETH-9OCT26,put,2900.0,2026-10-09T08:00:00+00:00,0.03704714847079626,0.083,0.0875,0.085201,0.08525,2696.49,ETH-9OCT26,0.4404,-0.7941,1.47816,65.0,47.0,0.00449999999999999,ETH,2692.4,10070.62
2026-09-25T19:14:40.907418+00:00,ETH-24SEP27-2500-C,2809.51,ETH-24SEP27,call,2500.0,2027-09-24T08:00:00+00:00,0.9952949239670317,0.256,0.274,0.266278,0.265,2809.51,ETH-24SEP27,0.5569,0.68693,9.93003,0.0,0.0,0.018000000000000016,ETH,2692.4,0.0
2026-09-25T19:14:40.907418+00:00,ETH-25DEC26-3100-P,2720.19,ETH-25DEC26,put,3100.0,2026-12-25T08:00:00+00:00,0.24786165907996807,0.192,0.197,0.193896,0.1945,2720.19,ETH-25DEC26,0.5209,-0.64629,5.03501,45.0,0.0,0.0050000000000000044,ETH,2692.4,0.0
2026-09-25T19:14:40.907418+00:00,ETH-26MAR27-3800-C,2748.23,ETH-26MAR27,call,3800.0,2027-03-26T08:00:00+00:00,0.4970060807089893,0.0515,0.0525,0.052015,0.052,2748.23,ETH-26MAR27,0.555,0.2633,6.32489,1938.0,373.0,0.0010000000000000009,ETH,2692.4,50995.55
2026-09-25T19:14:40.907418+00:00,ETH-28SEP26-2820-P,2693.76,ETH-28SEP26,put,2820.0,2026-09-28T08:00:00+00:00,0.006930789812343145,0.044,0.0505,0.047481,0.04725,2693.76,ETH-28SEP26,0.3209,-0.95667,0.20602,83.0,83.0,0.006500000000000006,ETH,2692.4,8894.96
2026-09-25T19:14:40.907418+00:00,ETH-26MAR27-2300-P,2748.23,ETH-26MAR27,put,2300.0,2027-03-26T08:00:00+00:00,0.4970060807089893,0.073,0.0745,0.073685,0.07375,2748.23,ETH-26MAR27,0.5478999999999999,-0.2569,6.24515,2301.0,0.0,0.0015000000000000013,ETH,2692.4,0.0
2026-09-25T19:14:40.907418+00:00,ETH-26MAR27-1700-P,2748.23,ETH-26MAR27,put,1700.0,2027-03-26T08:00:00+00:00,0.4970060807089893,0.021,0.0225,0.021682,0.02175,2748.23,ETH-26MAR27,0.6059,-0.09066,3.16324,1622.0,1.0,0.0014999999999999979,ETH,2692.4,55.69
2026-09-25T19:14:40.907418+00:00,ETH-26SEP26-2600-C,2693.02,ETH-26SEP26,call,2600.0,2026-09-26T08:00:00+00:00,0.0014550882380789413,0.032,0.0385,0.034465,0.03525,2693.02,ETH-26SEP26,0.4131,0.98703,0.0342,22.0,24.0,0.006499999999999999,ETH,2692.4,1903.59
2026-09-25T19:14:40.907418+00:00,ETH-24SEP27-4000-P,2809.51,ETH-24SEP27,put,4000.0,2027-09-24T08:00:00+00:00,0.9952949239670317,0.5165,0.5425,0.529703,0.5295,2809.51,ETH-24SEP27,0.5636,-0.63596,10.52529,1.0,1.0,0.026000000000000023,ETH,2692.4,1415.5
2026-09-25T19:14:40.907418+00:00,ETH-29SEP26-2300-C,2694.13,ETH-29SEP26,call,2300.0,2026-09-29T08:00:00+00:00,0.009668640599475246,0.1455,0.1485,0.146463,0.147,2694.13,ETH-29SEP26,0.7176,0.98845,0.08003,0.0,0.0,0.0030000000000000027,ETH,2692.4,0.0
2026-09-25T19:14:40.907418+00:00,ETH-25DEC26-1900-C,2720.45,ETH-25DEC26,call,1900.0,2026-12-25T08:00:00+00:00,0.24786165907996807,0.3125,0.3165,0.314471,0.3145,2720.45,ETH-25DEC26,0.5886,0.91458,2.11514,2687.0,3.0,0.0040000000000000036,ETH,2692.4,2625.61
2026-09-25T19:14:40.907418+00:00,ETH-30OCT26-2450-C,2702.23,ETH-30OCT26,call,2450.0,2026-10-30T08:00:00+00:00,0.09454201500057038,0.113,0.1165,0.114875,0.11475,2702.23,ETH-30OCT26,0.48340000000000005,0.76758,2.53741,1319.0,0.0,0.003500000000000003,ETH,2692.4,0.0
2026-09-25T19:14:40.907418+00:00,ETH-2OCT26-2550-C,2694.45,ETH-2OCT26,call,2550.0,2026-10-02T08:00:00+00:00,0.017882192960871547,0.056,0.06,0.058053,0.058,2694.45,ETH-2OCT26,0.41259999999999997,0.84623,0.85381,1538.0,144.0,0.003999999999999997,ETH,2692.4,28255.8
2026-09-25T19:14:40.907418+00:00,ETH-30OCT26-1750-P,2702.23,ETH-30OCT26,put,1750.0,2026-10-30T08:00:00+00:00,0.09454201500057038,0.0013,0.0015,0.001368,0.0014,2702.23,ETH-30OCT26,0.6976,-0.01659,0.34307,790.0,0.0,0.0002000000000000001,ETH,2692.4,0.0
2026-09-25T19:14:40.907418+00:00,ETH-25DEC26-1700-P,2720.19,ETH-25DEC26,put,1700.0,2026-12-25T08:00:00+00:00,0.24786165907996807,0.007,0.008,0.007487,0.0075,2720.19,ETH-25DEC26,0.6349,-0.05014,1.39967,13078.0,0.0,0.001,ETH,2692.4,0.0
2026-09-25T19:14:40.907418+00:00,ETH-30OCT26-1500-P,2702.23,ETH-30OCT26,put,1500.0,2026-10-30T08:00:00+00:00,0.09454201500057038,0.0005,0.0007,0.000595,0.0006,2702.23,ETH-30OCT26,0.8157,-0.00675,0.15688,2570.0,0.0,0.00019999999999999998,ETH,2692.4,0.0
2026-09-25T19:14:40.907418+00:00,ETH-24SEP27-4600-P,2809.51,ETH-24SEP27,put,4600.0,2027-09-24T08:00:00+00:00,0.9952949239670317,0.697,0.728,0.714047,0.7125,2809.51,ETH-24SEP27,0.5722,-0.71856,9.45795,0.0,0.0,0.031000000000000028,ETH,2692.4,0.0
2026-09-25T19:14:40.907418+00:00,ETH-29SEP26-3100-C,2694.39,ETH-29SEP26,call,3100.0,2026-09-29T08:00:00+00:00,0.009668640599475246,0.0001,0.0002,0.000142,0.00015,2694.39,ETH-29SEP26,0.5820000000000001,0.00757,0.05527,0.0,0.0,0.0001,ETH,2692.36,0.0
2026-09-25T19:14:40.907418+00:00,ETH-29SEP26-2300-P,2694.39,ETH-29SEP26,put,2300.0,2026-09-29T08:00:00+00:00,0.009668640599475246,0.0002,0.0004,0.000285,0.0003,2694.39,ETH-29SEP26,0.7176,-0.01155,0.07998,724.0,724.0,0.0002,ETH,2692.36,727.45
2026-09-25T19:14:40.907418+00:00,ETH-28SEP26-3000-P,2693.76,ETH-28SEP26,put,3000.0,2026-09-28T08:00:00+00:00,0.006930789812343145,0.1095,0.117,0.11392,0.11325,2693.76,ETH-28SEP26,0.5143,-0.99382,0.03914,0.0,0.0,0.007500000000000007,ETH,2692.36,0.0
2026-09-25T19:14:40.907418+00:00,ETH-30OCT26-2950-P,2701.97,ETH-30OCT26,put,2950.0,2026-10-30T08:00:00+00:00,0.09454201500057038,0.116,0.1205,0.11813,0.11825,2701.97,ETH-30OCT26,0.4808,-0.69914,2.89229,8.0,2.0,0.00449999999999999,ETH,2692.36,676.44
2026-09-25T19:14:40.907418+00:00,ETH-25DEC26-6000-C,2720.19,ETH-25DEC26,call,6000.0,2026-12-25T08:00:00+00:00,0.24786165907996807,0.0013,0.0018,0.001551,0.00155,2720.19,ETH-25DEC26,0.6754000000000001,0.01444,0.49633,10691.0,0.0,0.0005,ETH,2692.36,0.0
2026-09-25T19:14:40.907418+00:00,ETH-30OCT26-2800-P,2702.23,ETH-30OCT26,put,2800.0,2026-10-30T08:00:00+00:00,0.09454201500057038,0.078,0.0795,0.07909,0.07875,2702.23,ETH-30OCT26,0.4739,-0.56899,3.26463,245.0,0.0,0.0015000000000000013,ETH,2692.39,0.0
2026-09-25T19:14:40.907418+00:00,ETH-16OCT26-2800-C,2698.11,ETH-16OCT26,call,2800.0,2026-10-16T08:00:00+00:00,0.05621210398072097,0.0265,0.0275,0.026676,0.027,2698.11,ETH-16OCT26,0.4459,0.38197,2.43932,737.0,21.0,0.0010000000000000009,ETH,2692.36,1434.03
2026-09-25T19:14:40.907418+00:00,ETH-27SEP26-2480-C,2693.66,ETH-27SEP26,call,2480.0,2026-09-27T08:00:00+00:00,0.004192939025211043,0.0765,0.082,0.079239,0.07925,2693.66,ETH-27SEP26,0.5022,0.99457,0.02712,0.0,0.0,0.005500000000000005,ETH,2692.39,0.0
2026-09-25T19:14:40.907418+00:00,ETH-25JUN27-800-C,2778.81,ETH-25JUN27,call,800.0,2027-06-25T08:00:00+00:00,0.7461505023380105,0.7155,0.7175,0.716447,0.7165,2778.81,ETH-25JUN27,0.7798999999999999,0.98552,0.88184,118.0,0.0,0.0020000000000000018,ETH,2692.39,0.0
2026-09-25T19:14:40.907418+00:00,ETH-27NOV26-4600-P,2711.31,ETH-27NOV26,put,4600.0,2026-11-27T08:00:00+00:00,0.17120183704026923,0.692,0.707,0.699321,0.6995,2711.31,ETH-27NOV26,0.6178,-0.97388,0.68012,0.0,0.0,0.015000000000000013,ETH,2692.39,0.0
