timestamp,instrument_name,underlying,underlying_name,option_type,strike,expiry_datetime,time_to_maturity,bid_price,ask_price,mark_price,mid_price,futures_price,futures_instrument_name,implied_volatility,delta,vega,open_interest,volume,bid_ask_spread,currency,index_price,volume_usd
2026-09-10T13:30:52.712943+00:00,BTC-25SEP26-155000-P,76927.19,BTC-25SEP26,put,155000.0,2026-09-25T08:00:00+00:00,0.04043866729589703,1.01,1.0205,1.01490887,1.01525,76927.19,BTC-25SEP26,0.8402,-0.99998,0.01616,0.1,0.0,0.010499999999999954,BTC,76800.67,0.0
2026-09-10T13:30:52.712943+00:00,BTC-25SEP26-105000-C,76927.19,BTC-25SEP26,call,105000.0,2026-09-25T08:00:00+00:00,0.04043866729589703,0.0002,0.0003,0.00023096,0.00025,76927.19,BTC-25SEP26,0.6028,0.00611,2.6732,1538.2,0.0,9.999999999999996e-05,BTC,76800.67,0.0
2026-09-10T13:30:52.712943+00:00,BTC-27NOV26-70000-C,77538.49,BTC-27NOV26,call,70000.0,2026-11-27T08:00:00+00:00,0.21292326688521943,0.129,0.1315,0.13007921,0.13025,77538.49,BTC-27NOV26,0.4069,0.73808,116.51107,4.2,0.0,0.0025000000000000022,BTC,76800.67,0.0
2026-09-10T13:30:52.712943+00:00,BTC-18SEP26-90000-C,76864.72,BTC-18SEP26,call,90000.0,2026-09-18T08:00:00+00:00,0.021273711785972316,0.0006,0.0008,0.00068855,0.0007,76864.72,BTC-18SEP26,0.5363,0.0239,6.3112,731.8,44.8,0.0002000000000000001,BTC,76800.67,3478.33
2026-09-10T13:30:52.712943+00:00,BTC-13SEP26-86000-P,76822.89,BTC-13SEP26,put,86000.0,2026-09-13T08:00:00+00:00,0.007584457850311811,0.117,0.1225,0.11957554,0.11975,76822.89,BTC-13SEP26,0.5592,-0.98906,1.92841,0.0,0.0,0.005499999999999991,BTC,76800.67,0.0
2026-09-10T13:30:52.712943+00:00,BTC-12SEP26-77000-C,76816.25,BTC-12SEP26,call,77000.0,2026-09-12T08:00:00+00:00,0.00484660706317971,0.011,0.012,0.01158901,0.0115,76816.25,BTC-12SEP26,0.45770000000000005,0.47397,21.2916,101.9,101.9,0.0010000000000000009,BTC,76800.67,103378.98
2026-09-10T13:30:52.712943+00:00,BTC-30OCT26-90000-P,77247.35,BTC-30OCT26,put,90000.0,2026-10-30T08:00:00+00:00,0.13626344484552058,0.174,0.1825,0.17876894,0.17825,77247.35,BTC-30OCT26,0.41340000000000005,-0.82257,74.16758,5.9,0.0,0.008500000000000008,BTC,76809.67,0.0
2026-09-10T13:30:52.712943+00:00,BTC-25JUN27-105000-P,79777.91,BTC-25JUN27,put,105000.0,2027-06-25T08:00:00+00:00,0.7878719321829607,0.3645,0.383,0.37356956,0.37375,79777.91,BTC-25JUN27,0.42200000000000004,-0.70758,243.37386,0.1,0.0,0.018500000000000016,BTC,76800.67,0.0
2026-09-10T13:30:52.712943+00:00,BTC-25SEP26-82000-P,76927.19,BTC-25SEP26,put,82000.0,2026-09-25T08:00:00+00:00,0.04043866729589703,0.0745,0.08,0.07784772,0.07725,76927.19,BTC-25SEP26,0.4292,-0.75728,48.39891,458.6,0.1,0.005500000000000005,BTC,76809.67,502.36
2026-09-10T13:30:52.712943+00:00,BTC-26MAR27-112000-P,78774.78,BTC-26MAR27,put,112000.0,2027-03-26T08:00:00+00:00,0.5387275105539395,0.4365,0.4545,0.44627654,0.4455,78774.78,BTC-26MAR27,0.42810000000000004,-0.83213,145.17474,0.1,0.0,0.018000000000000016,BTC,76809.67,0.0
2026-09-10T13:30:52.712943+00:00,BTC-25DEC26-58000-C,77853.59,BTC-25DEC26,call,58000.0,2026-12-25T08:00:00+00:00,0.28958308892491824,0.264,0.272,0.26758282,0.268,77853.59,BTC-25DEC26,0.46409999999999996,0.90372,71.53234,40.3,0.0,0.008000000000000007,BTC,76809.67,0.0
2026-09-10T13:30:52.712943+00:00,BTC-30OCT26-79000-C,77246.62,BTC-30OCT26,call,79000.0,2026-10-30T08:00:00+00:00,0.13626344484552058,0.0465,0.0475,0.04726393,0.047,77246.62,BTC-30OCT26,0.389,0.46585,113.35848,201.9,8.1,0.0010000000000000009,BTC,76809.67,32970.43
2026-09-10T13:30:52.712943+00:00,BTC-12SEP26-81000-P,76816.25,BTC-12SEP26,put,81000.0,2026-09-12T08:00:00+00:00,0.00484660706317971,0.054,0.0575,0.05569139,0.05575,76816.25,BTC-12SEP26,0.5287,-0.9228,7.73998,25.0,0.0,0.003500000000000003,BTC,76809.67,0.0
2026-09-10T13:30:52.712943+00:00,BTC-25SEP26-66000-P,76927.19,BTC-25SEP26,put,66000.0,2026-09-25T08:00:00+00:00,0.04043866729589703,0.0018,0.0019,0.00193205,0.00185,76927.19,BTC-25SEP26,0.4697,-0.04767,15.36168,1603.0,5.1,0.00010000000000000005,BTC,76806.77,599.44
2026-09-10T13:30:52.712943+00:00,BTC-25JUN27-90000-C,79777.91,BTC-25JUN27,call,90000.0,2027-06-25T08:00:00+00:00,0.7878719321829607,0.099,0.1015,0.09968022,0.10025,79777.91,BTC-25JUN27,0.41509999999999997,0.44313,279.69698,766.0,30.1,0.0025000000000000022,BTC,76809.67,255822.49
2026-09-10T13:30:52.712943+00:00,BTC-25SEP26-79000-C,76927.19,BTC-25SEP26,call,79000.0,2026-09-25T08:00:00+00:00,0.04043866729589703,0.021,0.022,0.02196153,0.0215,76927.19,BTC-25SEP26,0.415,0.39033,59.38115,2402.8,105.6,0.0009999999999999974,BTC,76806.77,181909.44
2026-09-10T13:30:52.712943+00:00,BTC-2OCT26-79000-C,76986.8,BTC-2OCT26,call,79000.0,2026-10-02T08:00:00+00:00,0.05960362280582174,0.027,0.028,0.02792755,0.0275,76986.8,BTC-2OCT26,0.40149999999999997,0.41468,73.27827,2.0,2.0,0.0010000000000000009,BTC,76806.77,4285.67
2026-09-10T13:30:52.712943+00:00,BTC-26MAR27-78000-C,78774.78,BTC-26MAR27,call,78000.0,2027-03-26T08:00:00+00:00,0.5387275105539395,0.122,0.1245,0.12303916,0.12325,78774.78,BTC-26MAR27,0.4065,0.57225,226.93275,590.9,3.2,0.0025000000000000022,BTC,76807.53,31901.38
2026-09-10T13:30:52.712943+00:00,BTC-14SEP26-80000-C,76831.48,BTC-14SEP26,call,80000.0,2026-09-14T08:00:00+00:00,0.01032230863744391,0.0035,0.004,0.00378112,0.00375,76831.48,BTC-14SEP26,0.41090000000000004,0.17114,19.8422,1.0,1.0,0.0005,BTC,76806.77,508.02
2026-09-10T13:30:52.712943+00:00,BTC-25SEP26-85000-P,76927.19,BTC-25SEP26,put,85000.0,2026-09-25T08:00:00+00:00,0.04043866729589703,0.1085,0.1135,0.11130344,0.111,76927.19,BTC-25SEP26,0.447,-0.85693,34.94896,454.8,0.3,0.0050000000000000044,BTC,76807.53,2504.18
2026-09-10T13:30:52.712943+00:00,BTC-27NOV26-68000-P,77537.76,BTC-27NOV26,put,68000.0,2026-11-27T08:00:00+00:00,0.21292326688521943,0.0255,0.0265,0.02594447,0.026,77537.76,BTC-27NOV26,0.4131,-0.2168,105.07215,91.2,68.0,0.0010000000000000009,BTC,76807.53,117224.79
2026-09-10T13:30:52.712943+00:00,BTC-2OCT26-81000-P,76986.8,BTC-2OCT26,put,81000.0,2026-10-02T08:00:00+00:00,0.05960362280582174,0.0705,0.073,0.07182805,0.07175,76986.8,BTC-2OCT26,0.40630000000000005,-0.67864,67.34911,0.0,0.0,0.0025000000000000022,BTC,76807.53,0.0
2026-09-10T13:30:52.712943+00:00,BTC-11SEP26-77500-P,76808.5,BTC-11SEP26,put,77500.0,2026-09-11T08:00:00+00:00,0.002108756276047608,0.0115,0.014,0.01257314,0.01275,76808.5,BTC-11SEP26,0.3923,-0.6887,12.46884,125.7,128.7,0.0025000000000000005,BTC,76807.53,49329.68
2026-09-10T13:30:52.712943+00:00,BTC-12SEP26-78000-P,76816.25,BTC-12SEP26,put,78000.0,2026-09-12T08:00:00+00:00,0.00484660706317971,0.021,0.0235,0.02218831,0.02225,76816.25,BTC-12SEP26,0.4678,-0.67605,19.22583,152.7,16.5,0.0024999999999999988,BTC,76807.53,17768.85
2026-09-10T13:30:52.712943+00:00,BTC-25DEC26-95000-P,77853.59,BTC-25DEC26,put,95000.0,2026-12-25T08:00:00+00:00,0.28958308892491824,0.239,0.25,0.24491184,0.2445,77853.59,BTC-25DEC26,0.4122,-0.78434,122.64678,111.4,0.2,0.01100000000000001,BTC,76800.38,3466.99
2026-09-10T13:30:52.712943+00:00,BTC-27NOV26-81000-P,77538.49,BTC-27NOV26,put,81000.0,2026-11-27T08:00:00+00:00,0.21292326688521943,0.0985,0.1,0.09939702,0.09925,77538.49,BTC-27NOV26,0.39899999999999997,-0.5579,141.26357,29.3,1.9,0.0015000000000000013,BTC,76807.53,12541.0
2026-09-10T13:30:52.712943+00:00,BTC-11SEP26-72000-C,76811.0,BTC-11SEP26,call,72000.0,2026-09-11T08:00:00+00:00,0.002108756276047608,0.0615,0.0645,0.06282364,0.063,76811.0,BTC-11SEP26,0.6678000000000001,0.98305,1.48347,179.4,82.5,0.0030000000000000027,BTC,76800.38,477174.45
2026-09-10T13:30:52.712943+00:00,BTC-25SEP26-125000-P,76927.19,BTC-25SEP26,put,125000.0,2026-09-25T08:00:00+00:00,0.04043866729589703,0.6205,0.6285,0.62498557,0.6245,76927.19,BTC-25SEP26,0.7859999999999999,-0.99862,0.70121,21.5,0.0,0.007999999999999896,BTC,76800.38,0.0
2026-09-10T13:30:52.712943+00:00,BTC-11SEP26-65000-C,76811.0,BTC-11SEP26,call,65000.0,2026-09-11T08:00:00+00:00,0.002108756276047608,0.152,0.156,0.15376882,0.154,76811.0,BTC-11SEP26,0.7979,1.0,0.00041,0.0,0.0,0.0040000000000000036,BTC,76800.38,0.0
2026-09-10T13:30:52.712943+00:00,BTC-25JUN27-55000-P,79777.38,BTC-25JUN27,put,55000.0,2027-06-25T08:00:00+00:00,0.7878719321829607,0.032,0.034,0.03291747,0.033,79777.38,BTC-25JUN27,0.4597,-0.1325,151.79872,35.9,0.0,0.0020000000000000018,BTC,76800.38,0.0
2026-09-10T13:30:52.712943+00:00,BTC-26MAR27-96000-C,78774.78,BTC-26MAR27,call,96000.0,2027-03-26T08:00:00+00:00,0.5387275105539395,0.05,0.052,0.05099888,0.051,78774.78,BTC-26MAR27,0.41100000000000003,0.30677,203.07619,141.6,0.0,0.001999999999999995,BTC,76799.19,0.0
2026-09-10T13:30:52.712943+00:00,BTC-30OCT26-60000-C,77247.35,BTC-30OCT26,call,60000.0,2026-10-30T08:00:00+00:00,0.13626344484552058,0.226,0.232,0.22852344,0.229,77247.35,BTC-30OCT26,0.4769,0.93599,35.73174,16.1,0.2,0.006000000000000005,BTC,76799.19,3693.74
2026-09-10T13:30:52.712943+00:00,BTC-30OCT26-76000-P,77246.62,BTC-30OCT26,put,76000.0,2026-10-30T08:00:00+00:00,0.13626344484552058,0.0485,0.0495,0.04914071,0.049,77246.62,BTC-30OCT26,0.38939999999999997,-0.42712,111.87026,305.5,200.0,0.0010000000000000009,BTC,76799.19,580774.89
2026-09-10T13:30:52.712943+00:00,BTC-30OCT26-45000-C,77247.35,BTC-30OCT26,call,45000.0,2026-10-30T08:00:00+00:00,0.13626344484552058,0.417,0.4205,0.41841994,0.41875,77247.35,BTC-30OCT26,0.6708,0.9894,8.0002,0.1,0.0,0.003500000000000003,BTC,76799.19,0.0
2026-09-10T13:30:52.712943+00:00,BTC-30OCT26-66000-C,77247.35,BTC-30OCT26,call,66000.0,2026-10-30T08:00:00+00:00,0.13626344484552058,0.1545,0.1615,0.15728193,0.158,77247.35,BTC-30OCT26,0.4211,0.86184,62.90536,89.5,0.0,0.007000000000000006,BTC,76799.19,0.0
2026-09-10T13:30:52.712943+00:00,BTC-30OCT26-58000-C,77247.35,BTC-30OCT26,call,58000.0,2026-10-30T08:00:00+00:00,0.13626344484552058,0.251,0.2555,0.25315801,0.25325,77247.35,BTC-30OCT26,0.496,0.95106,28.91542,0.0,0.0,0.004500000000000004,BTC,76799.19,0.0
2026-09-10T13:30:52.712943+00:00,BTC-25DEC26-70000-P,77853.59,BTC-25DEC26,put,70000.0,2026-12-25T08:00:00+00:00,0.28958308892491824,0.042,0.043,0.04260244,0.0425,77853.59,BTC-25DEC26,0.4108,-0.27765,140.4509,1485.0,2.3,0.000999999999999994,BTC,76789.76,6615.81
2026-09-10T13:30:52.712943+00:00,BTC-30OCT26-90000-C,77247.35,BTC-30OCT26,call,90000.0,2026-10-30T08:00:00+00:00,0.13626344484552058,0.013,0.014,0.01367395,0.0135,77247.35,BTC-30OCT26,0.41340000000000005,0.1769,74.00833,2853.7,173.4,0.0010000000000000009,BTC,76789.76,195639.48
2026-09-10T13:30:52.712943+00:00,BTC-27NOV26-98000-C,77537.76,BTC-27NOV26,call,98000.0,2026-11-27T08:00:00+00:00,0.21292326688521943,0.0125,0.013,0.0127767,0.01275,77537.76,BTC-27NOV26,0.4278,0.1382,78.94787,52.5,0.1,0.0004999999999999987,BTC,76799.19,104.85
2026-09-10T13:30:52.712943+00:00,BTC-25DEC26-125000-C,77853.59,BTC-25DEC26,call,125000.0,2026-12-25T08:00:00+00:00,0.28958308892491824,0.0041,0.0046,0.00429162,0.00435,77853.59,BTC-25DEC26,0.4803,0.04425,39.17436,573.1,5.0,0.0004999999999999996,BTC,76789.76,1836.29
2026-09-10T13:30:52.712943+00:00,BTC-25JUN27-40000-P,79777.38,BTC-25JUN27,put,40000.0,2027-06-25T08:00:00+00:00,0.7878719321829607,0.01,0.0115,0.01066112,0.01075,79777.38,BTC-25JUN27,0.5341,-0.0453,67.48753,1227.0,0.1,0.0014999999999999996,BTC,76789.76,81.8
2026-09-10T13:30:52.712943+00:00,BTC-30OCT26-94000-P,77247.35,BTC-30OCT26,put,94000.0,2026-10-30T08:00:00+00:00,0.13626344484552058,0.22,0.2295,0.22584317,0.22475,77247.35,BTC-30OCT26,0.4282,-0.87798,57.71399,0.0,0.0,0.009500000000000008,BTC,76789.76,0.0
2026-09-10T13:30:52.712943+00:00,BTC-25SEP26-140000-C,76927.19,BTC-25SEP26,call,140000.0,2026-09-25T08:00:00+00:00,0.04043866729589703,,0.0001,5.06e-06,,76927.19,BTC-25SEP26,0.7992,0.00013,0.08003,1208.2,0.0,,BTC,76789.76,0.0
2026-09-10T13:30:52.712943+00:00,BTC-18SEP26-95000-P,76864.72,BTC-18SEP26,put,95000.0,2026-09-18T08:00:00+00:00,0.021273711785972316,0.233,0.2385,0.23612227,0.23575,76864.72,BTC-18SEP26,0.5899,-0.99229,2.37847,0.1,0.1,0.005499999999999977,BTC,76786.28,1675.67
2026-09-10T13:30:52.712943+00:00,BTC-25DEC26-100000-C,77852.86,BTC-25DEC26,call,100000.0,2026-12-25T08:00:00+00:00,0.28958308892491824,0.017,0.018,0.01742861,0.0175,77852.86,BTC-25DEC26,0.4213,0.16056,102.16351,6027.5,0.5,0.0009999999999999974,BTC,76786.28,805.83
2026-09-10T13:30:52.712943+00:00,BTC-13SEP26-77500-P,76823.62,BTC-13SEP26,put,77500.0,2026-09-13T08:00:00+00:00,0.007584457850311811,0.018,0.0195,0.0187425,0.01875,76823.62,BTC-13SEP26,0.39899999999999997,-0.59707,25.89571,3.9,4.0,0.0015000000000000013,BTC,76786.28,5269.21
2026-09-10T13:30:52.712943+00:00,BTC-26MAR27-62000-P,78774.78,BTC-26MAR27,put,62000.0,2027-03-26T08:00:00+00:00,0.5387275105539395,0.036,0.037,0.03672484,0.0365,78774.78,BTC-26MAR27,0.4341,-0.18153,152.52067,263.1,0.0,0.0010000000000000009,BTC,76786.28,0.0
2026-09-10T13:30:52.712943+00:00,BTC-25SEP26-102000-P,76927.02,BTC-25SEP26,put,102000.0,2026-09-25T08:00:00+00:00,0.04043866729589703,0.3225,0.329,0.326381,0.32575,76927.02,BTC-25SEP26,0.5977,-0.98895,4.49757,0.4,0.0,0.006500000000000006,BTC,76786.28,0.0
2026-09-10T13:30:52.712943+00:00,BTC-27NOV26-80000-C,77537.76,BTC-27NOV26,call,80000.0,2026-11-27T08:00:00+00:00,0.21292326688521943,0.059,0.06,0.0596851,0.0595,77537.76,BTC-27NOV26,0.3986,0.46811,142.27286,945.4,78.0,0.0010000000000000009,BTC,76786.28,415917.15
2026-09-10T13:30:52.712943+00:00,BTC-13SEP26-78500-C,76823.62,BTC-13SEP26,call,78500.0,2026-09-13T08:00:00+00:00,0.007584457850311811,0.0055,0.0065,0.0060117,0.006,76823.62,BTC-13SEP26,0.40840000000000004,0.27435,22.29717,14.8,14.9,0.001,BTC,76786.28,15921.83
2026-09-10T13:30:52.712943+00:00,BTC-11SEP26-76000-C,76808.5,BTC-11SEP26,call,76000.0,2026-09-11T08:00:00+00:00,0.002108756276047608,0.0125,0.014,0.01365533,0.01325,76808.5,BTC-11SEP26,0.3935,0.71785,11.91661,103.4,0.1,0.0014999999999999996,BTC,76783.93,99.73
2026-09-10T13:30:52.712943+00:00,BTC-2OCT26-76000-C,76986.8,BTC-2OCT26,call,76000.0,2026-10-02T08:00:00+00:00,0.05960362280582174,0.0445,0.0455,0.04527785,0.045,76986.8,BTC-2OCT26,0.3979,0.57025,73.81115,5.5,5.5,0.0010000000000000009,BTC,76783.93,18990.99
2026-09-10T13:30:52.712943+00:00,BTC-25JUN27-94000-P,79777.91,BTC-25JUN27,put,94000.0,2027-06-25T08:00:00+00:00,0.7878719321829607,0.2615,0.2675,0.26399387,0.2645,79777.91,BTC-25JUN27,0.41609999999999997,-0.60275,273.04809,0.1,0.0,0.006000000000000005,BTC,76783.93,0.0
2026-09-10T13:30:52.712943+00:00,BTC-27NOV26-92000-C,77538.21,BTC-27NOV26,call,92000.0,2026-11-27T08:00:00+00:00,0.21292326688521943,0.0205,0.0215,0.02100218,0.021,77538.21,BTC-27NOV26,0.41359999999999997,0.21118,103.44872,67.7,0.4,0.0009999999999999974,BTC,76783.93,854.63
2026-09-10T13:30:52.712943+00:00,BTC-25DEC26-58000-P,77853.59,BTC-25DEC26,put,58000.0,2026-12-25T08:00:00+00:00,0.28958308892491824,0.012,0.013,0.01257668,0.0125,77853.59,BTC-25DEC26,0.46409999999999996,-0.09646,71.60955,1834.3,0.0,0.0009999999999999992,BTC,76789.48,0.0
2026-09-10T13:30:52.712943+00:00,BTC-13SEP26-71000-C,76822.89,BTC-13SEP26,call,71000.0,2026-09-13T08:00:00+00:00,0.007584457850311811,0.0745,0.0795,0.07650127,0.077,76822.89,BTC-13SEP26,0.5107,0.96294,5.41758,0.0,0.0,0.0050000000000000044,BTC,76783.93,0.0
2026-09-10T13:30:52.712943+00:00,BTC-11SEP26-81000-P,76811.0,BTC-11SEP26,put,81000.0,2026-09-11T08:00:00+00:00,0.002108756276047608,0.053,0.056,0.05469797,0.0545,76811.0,BTC-11SEP26,0.5484,-0.98257,1.51918,163.7,0.1,0.0030000000000000027,BTC,76789.48,296.75
2026-09-10T13:30:52.712943+00:00,BTC-18SEP26-86000-P,76867.22,BTC-18SEP26,put,86000.0,2026-09-18T08:00:00+00:00,0.021273711785972316,0.118,0.123,0.1207639,0.1205,76867.22,BTC-18SEP26,0.49340000000000006,-0.93698,13.87595,0.0,0.0,0.0050000000000000044,BTC,76789.48,0.0
2026-09-10T13:30:52.712943+00:00,BTC-30OCT26-100000-P,77247.35,BTC-30OCT26,put,100000.0,2026-10-30T08:00:00+00:00,0.13626344484552058,0.295,0.303,0.29938784,0.299,77247.35,BTC-30OCT26,0.449,-0.93005,38.26571,0.3,0.0,0.008000000000000007,BTC,76789.48,0.0
2026-09-10T13:30:52.712943+00:00,BTC-11SEP26-85000-P,76808.5,BTC-11SEP26,put,85000.0,2026-09-11T08:00:00+00:00,0.002108756276047608,0.105,0.108,0.10662289,0.1065,76808.5,BTC-11SEP26,0.7317,-0.99869,0.15233,32.3,0.1,0.0030000000000000027,BTC,76784.25,695.14
2026-09-10T13:30:52.712943+00:00,BTC-25DEC26-220000-C,77852.86,BTC-25DEC26,call,220000.0,2026-12-25T08:00:00+00:00,0.28958308892491824,0.0002,0.0005,0.00035541,0.00035,77852.86,BTC-25DEC26,0.6715000000000001,0.00353,4.43241,255.6,0.0,0.00030000000000000003,BTC,76784.25,0.0
2026-09-10T13:30:52.712943+00:00,BTC-26MAR27-80000-C,78774.78,BTC-26MAR27,call,80000.0,2027-03-26T08:00:00+00:00,0.5387275105539395,0.1105,0.113,0.11171994,0.11175,78774.78,BTC-26MAR27,0.4057,0.53816,229.59604,1089.2,0.0,0.0025000000000000022,BTC,76784.25,0.0
2026-09-10T13:30:52.712943+00:00,BTC-25SEP26-77000-C,76927.19,BTC-25SEP26,call,77000.0,2026-09-25T08:00:00+00:00,0.04043866729589703,0.0315,0.0325,0.03238092,0.032,76927.19,BTC-25SEP26,0.4093,0.50982,61.69186,292.4,10.4,0.0010000000000000009,BTC,76784.25,25927.74
2026-09-10T13:30:52.712943+00:00,BTC-25SEP26-175000-P,76927.19,BTC-25SEP26,put,175000.0,2026-09-25T08:00:00+00:00,0.04043866729589703,1.269,1.281,1.27489622,1.275,76927.19,BTC-25SEP26,0.89,-1.0,0.00243,0.2,0.0,0.01200000000000001,BTC,76784.25,0.0
2026-09-10T13:30:52.712943+00:00,BTC-25DEC26-56000-P,77853.59,BTC-25DEC26,put,56000.0,2026-12-25T08:00:00+00:00,0.28958308892491824,0.01,0.0105,0.01008539,0.01025,77853.59,BTC-25DEC26,0.4753,-0.0787,61.51166,514.9,0.9,0.0005000000000000004,BTC,76784.25,666.54
2026-09-10T13:30:52.712943+00:00,BTC-11SEP26-78500-C,76808.5,BTC-11SEP26,call,78500.0,2026-09-11T08:00:00+00:00,0.002108756276047608,0.0011,0.0014,0.00127066,0.00125,76808.5,BTC-11SEP26,0.4203,0.12778,7.37222,109.1,49.4,0.0002999999999999999,BTC,76785.83,22529.15
2026-09-10T13:30:52.712943+00:00,BTC-25SEP26-75000-P,76927.19,BTC-25SEP26,put,75000.0,2026-09-25T08:00:00+00:00,0.04043866729589703,0.021,0.0215,0.02151165,0.02125,76927.19,BTC-25SEP26,0.4104,-0.36527,58.15812,4607.5,82.6,0.000499999999999997,BTC,76785.83,103811.21
2026-09-10T13:30:52.712943+00:00,BTC-25DEC26-140000-C,77852.86,BTC-25DEC26,call,140000.0,2026-12-25T08:00:00+00:00,0.28958308892491824,0.0021,0.0026,0.0023807,0.00235,77852.86,BTC-25DEC26,0.5183,0.02469,24.23103,1439.7,10.4,0.0005,BTC,76785.83,2236.25
2026-09-10T13:30:52.712943+00:00,BTC-14SEP26-82000-P,76831.48,BTC-14SEP26,put,82000.0,2026-09-14T08:00:00+00:00,0.01032230863744391,0.0665,0.071,0.06875757,0.06875,76831.48,BTC-14SEP26,0.4422,-0.92438,11.11885,0.0,0.0,0.00449999999999999,BTC,76785.83,0.0
2026-09-10T13:30:52.712943+00:00,BTC-30OCT26-71000-C,77247.35,BTC-30OCT26,call,71000.0,2026-10-30T08:00:00+00:00,0.13626344484552058,0.1045,0.1065,0.10566086,0.1055,77247.35,BTC-30OCT26,0.3983,0.7404,92.41517,977.5,0.3,0.0020000000000000018,BTC,76785.83,2747.11
2026-09-10T13:30:52.712943+00:00,BTC-25SEP26-90000-C,76927.19,BTC-25SEP26,call,90000.0,2026-09-25T08:00:00+00:00,0.04043866729589703,0.0022,0.0025,0.00233871,0.00235,76927.19,BTC-25SEP26,0.4824,0.05788,17.91339,8717.1,23.2,0.0002999999999999999,BTC,76785.83,5459.42
2026-09-10T13:30:52.712943+00:00,BTC-25SEP26-73000-C,76926.46,BTC-25SEP26,call,73000.0,2026-09-25T08:00:00+00:00,0.04043866729589703,0.063,0.065,0.06420668,0.064,76926.46,BTC-25SEP26,0.41590000000000005,0.74674,49.49342,41.0,0.0,0.0020000000000000018,BTC,76785.83,0.0
2026-09-10T13:30:52.712943+00:00,BTC-13SEP26-82000-P,76822.89,BTC-13SEP26,put,82000.0,2026-09-13T08:00:00+00:00,0.007584457850311811,0.065,0.0705,0.06830433,0.06775,76822.89,BTC-13SEP26,0.4671,-0.94429,7.51809,0.0,0.0,0.005499999999999991,BTC,76785.83,0.0
2026-09-10T13:30:52.712943+00:00,BTC-25DEC26-76000-P,77853.59,BTC-25DEC26,put,76000.0,2026-12-25T08:00:00+00:00,0.28958308892491824,0.0735,0.0745,0.07379147,0.074,77853.59,BTC-25DEC26,0.4021,-0.41391,163.21442,387.7,1.4,0.0010000000000000009,BTC,76782.67,7065.2
2026-09-10T13:30:52.712943+00:00,BTC-25DEC26-250000-C,77853.59,BTC-25DEC26,call,250000.0,2026-12-25T08:00:00+00:00,0.28958308892491824,0.0001,0.0004,0.00020895,0.00025,77853.59,BTC-25DEC26,0.7086,0.00206,2.72959,1281.3,0.0,0.00030000000000000003,BTC,76782.67,0.0
2026-09-10T13:30:52.712943+00:00,BTC-25JUN27-85000-C,79777.91,BTC-25JUN27,call,85000.0,2027-06-25T08:00:00+00:00,0.7878719321829607,0.1195,0.1215,0.12054329,0.1205,79777.91,BTC-25JUN27,0.4153,0.50442,282.44476,152.8,0.0,0.0020000000000000018,BTC,76782.67,0.0
2026-09-10T13:30:52.712943+00:00,BTC-25JUN27-45000-P,79777.38,BTC-25JUN27,put,45000.0,2027-06-25T08:00:00+00:00,0.7878719321829607,0.015,0.0165,0.01566893,0.01575,79777.38,BTC-25JUN27,0.5036999999999999,-0.06644,91.31633,121.3,0.5,0.0015000000000000013,BTC,76782.67,564.33
2026-09-10T13:30:52.712943+00:00,BTC-25JUN27-106000-C,79777.69,BTC-25JUN27,call,106000.0,2027-06-25T08:00:00+00:00,0.7878719321829607,0.055,0.057,0.05548966,0.056,79777.69,BTC-25JUN27,0.4227,0.28414,240.03923,15.1,13.9,0.0020000000000000018,BTC,76782.67,65937.06
2026-09-10T13:30:52.712943+00:00,BTC-26MAR27-70000-C,78774.78,BTC-26MAR27,call,70000.0,2027-03-26T08:00:00+00:00,0.5387275105539395,0.1775,0.18,0.17853901,0.17875,78774.78,BTC-26MAR27,0.4153,0.70481,199.53358,797.8,0.0,0.0025000000000000022,BTC,76780.2,0.0
2026-09-10T13:30:52.712943+00:00,BTC-27NOV26-92000-P,77538.49,BTC-27NOV26,put,92000.0,2026-11-27T08:00:00+00:00,0.21292326688521943,0.202,0.212,0.2074523,0.207,77538.49,BTC-27NOV26,0.41359999999999997,-0.78887,103.4301,2.1,0.0,0.009999999999999981,BTC,76782.67,0.0
2026-09-10T13:30:52.712943+00:00,BTC-30OCT26-40000-P,77247.35,BTC-30OCT26,put,40000.0,2026-10-30T08:00:00+00:00,0.13626344484552058,0.0004,0.0007,0.00049706,0.00055,77247.35,BTC-30OCT26,0.7364,-0.00534,4.37308,78.6,0.5,0.0003,BTC,76780.2,25.82
2026-09-10T13:30:52.712943+00:00,BTC-11SEP26-95000-P,76811.0,BTC-11SEP26,put,95000.0,2026-09-11T08:00:00+00:00,0.002108756276047608,0.2335,0.24,0.23679944,0.23675,76811.0,BTC-11SEP26,0.7326,-1.0,0.0,0.1,0.1,0.006499999999999978,BTC,76780.2,1683.49
2026-09-10T13:30:52.712943+00:00,BTC-2OCT26-77000-P,76986.8,BTC-2OCT26,put,77000.0,2026-10-02T08:00:00+00:00,0.05960362280582174,0.038,0.039,0.03884859,0.0385,76986.8,BTC-2OCT26,0.3983,-0.48317,74.90822,21.4,21.4,0.0010000000000000009,BTC,76780.2,52388.07
2026-09-10T13:30:52.712943+00:00,BTC-25JUN27-108000-C,79777.91,BTC-25JUN27,call,108000.0,2027-06-25T08:00:00+00:00,0.7878719321829607,0.051,0.053,0.05175909,0.052,79777.91,BTC-25JUN27,0.4242,0.26857,233.47677,12.7,0.0,0.0020000000000000018,BTC,76780.2,0.0
2026-09-10T13:30:52.712943+00:00,BTC-11SEP26-67000-P,76808.5,BTC-11SEP26,put,67000.0,2026-09-11T08:00:00+00:00,0.002108756276047608,,0.0001,7.8e-07,,76808.5,BTC-11SEP26,0.7977,-9e-05,0.0132,411.9,0.0,,BTC,76775.43,0.0
2026-09-10T13:30:52.712943+00:00,BTC-25JUN27-115000-P,79777.91,BTC-25JUN27,put,115000.0,2027-06-25T08:00:00+00:00,0.7878719321829607,0.4715,0.493,0.48273773,0.48225,79777.91,BTC-25JUN27,0.4315,-0.77761,210.93259,0.0,0.0,0.02150000000000002,BTC,76780.2,0.0
2026-09-10T13:30:52.712943+00:00,BTC-30OCT26-95000-P,77247.35,BTC-30OCT26,put,95000.0,2026-10-30T08:00:00+00:00,0.13626344484552058,0.2325,0.2415,0.23772907,0.237,77247.35,BTC-30OCT26,0.4294,-0.89035,53.48426,0.4,0.0,0.00899999999999998,BTC,76775.43,0.0
2026-09-10T13:30:52.712943+00:00,BTC-26MAR27-45000-P,78774.78,BTC-26MAR27,put,45000.0,2027-03-26T08:00:00+00:00,0.5387275105539395,0.0085,0.0095,0.00899048,0.009,78774.78,BTC-26MAR27,0.5197999999999999,-0.04881,58.48485,259.4,0.0,0.0009999999999999992,BTC,76775.43,0.0
2026-09-10T13:30:52.712943+00:00,BTC-27NOV26-108000-C,77537.76,BTC-27NOV26,call,108000.0,2026-11-27T08:00:00+00:00,0.21292326688521943,0.0055,0.0065,0.00592435,0.006,77537.76,BTC-27NOV26,0.45299999999999996,0.06913,47.57078,12.3,0.0,0.001,BTC,76775.43,0.0
2026-09-10T13:30:52.712943+00:00,BTC-27NOV26-83000-C,77538.49,BTC-27NOV26,call,83000.0,2026-11-27T08:00:00+00:00,0.21292326688521943,0.0455,0.0465,0.04613952,0.046,77538.49,BTC-27NOV26,0.40049999999999997,0.39026,137.27494,27.4,0.0,0.0010000000000000009,BTC,76775.43,0.0
2026-09-10T13:30:52.712943+00:00,BTC-27NOV26-98000-P,77538.49,BTC-27NOV26,put,98000.0,2026-11-27T08:00:00+00:00,0.21292326688521943,0.27,0.281,0.27660401,0.2755,77538.49,BTC-27NOV26,0.4278,-0.86219,78.76943,0.0,0.0,0.01100000000000001,BTC,76775.43,0.0
2026-09-10T13:30:52.712943+00:00,BTC-18SEP26-72000-P,76864.72,BTC-18SEP26,put,72000.0,2026-09-18T08:00:00+00:00,0.021273711785972316,0.0046,0.005,0.0047925,0.0048,76864.72,BTC-18SEP26,0.434,-0.14552,25.6093,2322.3,842.2,0.0004000000000000002,BTC,76773.19,240550.68
2026-09-10T13:30:52.712943+00:00,BTC-27NOV26-78000-P,77537.76,BTC-27NOV26,put,78000.0,2026-11-27T08:00:00+00:00,0.21292326688521943,0.0755,0.077,0.07637233,0.07625,77537.76,BTC-27NOV26,0.3979,-0.47745,142.48097,137.9,46.1,0.0015000000000000013,BTC,76775.43,233248.56
2026-09-10T13:30:52.712943+00:00,BTC-25DEC26-65000-P,77852.86,BTC-25DEC26,put,65000.0,2026-12-25T08:00:00+00:00,0.28958308892491824,0.025,0.026,0.025649,0.0255,77852.86,BTC-25DEC26,0.42579999999999996,-0.18418,111.4989,792.1,0.6,0.0009999999999999974,BTC,76773.19,1168.91
2026-09-10T13:30:52.712943+00:00,BTC-11SEP26-90000-P,76808.5,BTC-11SEP26,put,90000.0,2026-09-11T08:00:00+00:00,0.002108756276047608,0.169,0.174,0.17170475,0.1715,76808.5,BTC-11SEP26,0.7326,-1.0,0.00022,0.1,0.0,0.004999999999999977,BTC,76773.19,0.0
2026-09-10T13:30:52.712943+00:00,BTC-18SEP26-70000-C,76864.72,BTC-18SEP26,call,70000.0,2026-09-18T08:00:00+00:00,0.021273711785972316,0.0895,0.0945,0.09170888,0.092,76864.72,BTC-18SEP26,0.46,0.92196,16.35185,0.0,0.0,0.0050000000000000044,BTC,76762.66,0.0
2026-09-10T13:30:52.712943+00:00,BTC-14SEP26-72000-P,76831.48,BTC-14SEP26,put,72000.0,2026-09-14T08:00:00+00:00,0.01032230863744391,0.0011,0.0015,0.00133654,0.0013,76831.48,BTC-14SEP26,0.4346,-0.06936,10.40501,0.6,0.6,0.00039999999999999996,BTC,76773.19,61.55
2026-09-10T13:30:52.712943+00:00,BTC-27NOV26-104000-C,77537.76,BTC-27NOV26,call,104000.0,2026-11-27T08:00:00+00:00,0.21292326688521943,0.0075,0.0085,0.00790815,0.008,77537.76,BTC-27NOV26,0.44189999999999996,0.09011,58.14153,11.2,0.2,0.0010000000000000009,BTC,76773.19,149.47
2026-09-10T13:30:52.712943+00:00,BTC-11SEP26-75000-P,76808.5,BTC-11SEP26,put,75000.0,2026-09-11T08:00:00+00:00,0.002108756276047608,0.0009,0.0012,0.00106099,0.00105,76808.5,BTC-11SEP26,0.4282,-0.11721,6.93675,931.9,307.0,0.0002999999999999999,BTC,76762.66,11485.13
2026-09-10T13:30:52.712943+00:00,BTC-25JUN27-130000-C,79777.69,BTC-25JUN27,call,130000.0,2027-06-25T08:00:00+00:00,0.7878719321829607,0.0255,0.0275,0.02618049,0.0265,79777.69,BTC-25JUN27,0.4462,0.15012,165.15143,771.2,9.3,0.0020000000000000018,BTC,76773.19,21154.4
2026-09-10T13:30:52.712943+00:00,BTC-27NOV26-90000-P,77537.76,BTC-27NOV26,put,90000.0,2026-11-27T08:00:00+00:00,0.21292326688521943,0.1805,0.1895,0.18562579,0.185,77537.76,BTC-27NOV26,0.40979999999999994,-0.75688,111.98547,0.3,0.0,0.009000000000000008,BTC,76762.66,0.0
2026-09-10T13:30:52.712943+00:00,BTC-11SEP26-64000-P,76808.5,BTC-11SEP26,put,64000.0,2026-09-11T08:00:00+00:00,0.002108756276047608,,0.0001,0.0,,76808.5,BTC-11SEP26,0.7979,0.0,6e-05,77.9,0.0,,BTC,76754.33,0.0
2026-09-10T13:30:52.712943+00:00,BTC-25DEC26-40000-C,77853.59,BTC-25DEC26,call,40000.0,2026-12-25T08:00:00+00:00,0.28958308892491824,0.4875,0.491,0.4889808,0.48925,77853.59,BTC-25DEC26,0.6520999999999999,0.98079,19.59354,250.9,0.0,0.003500000000000003,BTC,76754.33,0.0
2026-09-10T13:30:52.712943+00:00,BTC-27NOV26-86000-C,77537.76,BTC-27NOV26,call,86000.0,2026-11-27T08:00:00+00:00,0.21292326688521943,0.035,0.036,0.03545928,0.0355,77537.76,BTC-27NOV26,0.4036,0.32038,127.96458,153.3,0.0,0.000999999999999994,BTC,76762.66,0.0
2026-09-10T13:30:52.712943+00:00,BTC-25DEC26-135000-P,77853.59,BTC-25DEC26,put,135000.0,2026-12-25T08:00:00+00:00,0.28958308892491824,0.7265,0.744,0.73690861,0.73525,77853.59,BTC-25DEC26,0.5063,-0.97037,28.20008,0.7,0.0,0.01749999999999996,BTC,76754.33,0.0
2026-09-10T13:30:52.712943+00:00,BTC-12SEP26-79500-P,76816.25,BTC-12SEP26,put,79500.0,2026-09-12T08:00:00+00:00,0.00484660706317971,0.0365,0.0395,0.03781364,0.038,76816.25,BTC-12SEP26,0.4932,-0.84211,12.89376,44.4,24.7,0.0030000000000000027,BTC,76762.66,38839.15
2026-09-10T13:30:52.712943+00:00,BTC-26MAR27-105000-C,78774.78,BTC-26MAR27,call,105000.0,2027-03-26T08:00:00+00:00,0.5387275105539395,0.0325,0.034,0.0334054,0.03325,78774.78,BTC-26MAR27,0.41969999999999996,0.21738,169.94467,162.5,3.0,0.0015000000000000013,BTC,76754.33,8347.8
2026-09-10T13:30:52.712943+00:00,BTC-26MAR27-100000-P,78777.28,BTC-26MAR27,put,100000.0,2027-03-26T08:00:00+00:00,0.5387275105539395,0.303,0.319,0.3116011,0.311,78777.28,BTC-26MAR27,0.41479999999999995,-0.73686,188.62143,12.3,0.0,0.016000000000000014,BTC,76759.36,0.0
2026-09-10T13:30:52.712943+00:00,BTC-14SEP26-83000-P,76831.48,BTC-14SEP26,put,83000.0,2026-09-14T08:00:00+00:00,0.01032230863744391,0.0785,0.0835,0.08123068,0.081,76831.48,BTC-14SEP26,0.45899999999999996,-0.9505,7.98225,0.0,0.0,0.0050000000000000044,BTC,76754.33,0.0
2026-09-10T13:30:52.712943+00:00,BTC-25JUN27-130000-P,79777.38,BTC-25JUN27,put,130000.0,2027-06-25T08:00:00+00:00,0.7878719321829607,0.643,0.6685,0.65563318,0.65575,79777.38,BTC-25JUN27,0.4462,-0.84995,165.07415,3.9,0.0,0.025499999999999967,BTC,76754.33,0.0
2026-09-10T13:30:52.712943+00:00,BTC-25DEC26-20000-P,77852.86,BTC-25DEC26,put,20000.0,2026-12-25T08:00:00+00:00,0.28958308892491824,0.0003,0.0006,0.00042182,0.00045,77852.86,BTC-25DEC26,0.9831,-0.00232,3.03741,642.2,1.1,0.0003,BTC,76759.36,42.25
2026-09-10T13:30:52.712943+00:00,BTC-30OCT26-74000-C,77247.35,BTC-30OCT26,call,74000.0,2026-10-30T08:00:00+00:00,0.13626344484552058,0.0785,0.0805,0.07983905,0.0795,77247.35,BTC-30OCT26,0.3911,0.64228,106.40139,252.5,0.0,0.0020000000000000018,BTC,76759.36,0.0
2026-09-10T13:30:52.712943+00:00,BTC-11SEP26-72000-P,76811.0,BTC-11SEP26,put,72000.0,2026-09-11T08:00:00+00:00,0.002108756276047608,0.0001,0.0003,0.00018743,0.0002,76811.0,BTC-11SEP26,0.6678000000000001,-0.01791,1.55391,674.7,135.6,0.00019999999999999998,BTC,76759.36,1989.06
2026-09-10T13:30:52.712943+00:00,BTC-14SEP26-87000-C,76831.48,BTC-14SEP26,call,87000.0,2026-09-14T08:00:00+00:00,0.01032230863744391,0.0001,0.0004,0.00019217,0.00025,76831.48,BTC-14SEP26,0.5254,0.01035,2.14274,0.3,0.3,0.00030000000000000003,BTC,76759.36,9.32
2026-09-10T13:30:52.712943+00:00,BTC-25JUN27-80000-C,79777.91,BTC-25JUN27,call,80000.0,2027-06-25T08:00:00+00:00,0.7878719321829607,0.1445,0.147,0.14569064,0.14575,79777.91,BTC-25JUN27,0.4169,0.56963,278.05942,110.7,0.1,0.0025000000000000022,BTC,76759.36,1114.53
2026-09-10T13:30:52.712943+00:00,BTC-26MAR27-140000-C,78774.78,BTC-26MAR27,call,140000.0,2027-03-26T08:00:00+00:00,0.5387275105539395,0.0085,0.0095,0.0089355,0.009,78774.78,BTC-26MAR27,0.469,0.06692,74.96601,910.7,0.0,0.0009999999999999992,BTC,76771.04,0.0
2026-09-10T13:30:52.712943+00:00,BTC-27NOV26-73000-C,77537.76,BTC-27NOV26,call,73000.0,2026-11-27T08:00:00+00:00,0.21292326688521943,0.1035,0.106,0.10461539,0.10475,77537.76,BTC-27NOV26,0.40090000000000003,0.66056,130.95128,0.0,0.0,0.0025000000000000022,BTC,76759.36,0.0
2026-09-10T13:30:52.712943+00:00,BTC-25DEC26-62000-C,77853.59,BTC-25DEC26,call,62000.0,2026-12-25T08:00:00+00:00,0.28958308892491824,0.2195,0.227,0.22227365,0.22325,77853.59,BTC-25DEC26,0.4382,0.8601,93.18323,247.1,0.0,0.007500000000000007,BTC,76771.04,0.0
2026-09-10T13:30:52.712943+00:00,BTC-30OCT26-71000-P,77247.35,BTC-30OCT26,put,71000.0,2026-10-30T08:00:00+00:00,0.13626344484552058,0.0245,0.025,0.02479136,0.02475,77247.35,BTC-30OCT26,0.3983,-0.26003,92.47529,159.2,40.3,0.0005000000000000004,BTC,76771.04,63194.42
2026-09-10T13:30:52.712943+00:00,BTC-25JUN27-82000-C,79777.91,BTC-25JUN27,call,82000.0,2027-06-25T08:00:00+00:00,0.7878719321829607,0.134,0.1365,0.13499581,0.13525,79777.91,BTC-25JUN27,0.4158,0.54318,280.75881,81.4,3.4,0.0025000000000000022,BTC,76771.04,38588.87
2026-09-10T13:30:52.712943+00:00,BTC-25JUN27-110000-C,79777.38,BTC-25JUN27,call,110000.0,2027-06-25T08:00:00+00:00,0.7878719321829607,0.0475,0.05,0.04845517,0.04875,79777.38,BTC-25JUN27,0.42619999999999997,0.25422,226.95108,265.6,4.0,0.0025000000000000022,BTC,76771.04,15268.72
2026-09-10T13:30:52.712943+00:00,BTC-25SEP26-30000-C,76927.19,BTC-25SEP26,call,30000.0,2026-09-25T08:00:00+00:00,0.04043866729589703,0.6095,0.6115,0.61002072,0.6105,76927.19,BTC-25SEP26,1.2395,0.99995,0.0307,135.5,0.0,0.0020000000000000018,BTC,76794.05,0.0
2026-09-10T13:30:52.712943+00:00,BTC-25JUN27-85000-P,79777.91,BTC-25JUN27,put,85000.0,2027-06-25T08:00:00+00:00,0.7878719321829607,0.184,0.188,0.18595479,0.186,79777.91,BTC-25JUN27,0.4153,-0.49576,282.39846,10.7,0.0,0.0040000000000000036,BTC,76771.04,0.0
2026-09-10T13:30:52.712943+00:00,BTC-2OCT26-86000-C,76987.31,BTC-2OCT26,call,86000.0,2026-10-02T08:00:00+00:00,0.05960362280582174,0.0075,0.0085,0.00822579,0.008,76987.31,BTC-2OCT26,0.4282,0.15612,45.00353,1.6,1.6,0.0010000000000000009,BTC,76794.05,1120.19
2026-09-10T13:30:52.712943+00:00,BTC-26MAR27-108000-C,78777.28,BTC-26MAR27,call,108000.0,2027-03-26T08:00:00+00:00,0.5387275105539395,0.0285,0.03,0.02928047,0.02925,78777.28,BTC-26MAR27,0.4236,0.19465,159.20853,68.6,0.0,0.0014999999999999979,BTC,76794.05,0.0
2026-09-10T13:30:52.712943+00:00,BTC-14SEP26-79000-P,76831.48,BTC-14SEP26,put,79000.0,2026-09-14T08:00:00+00:00,0.01032230863744391,0.031,0.0365,0.03413981,0.03375,76831.48,BTC-14SEP26,0.3971,-0.75065,24.77255,0.0,0.0,0.005499999999999998,BTC,76794.05,0.0
2026-09-10T13:30:52.712943+00:00,BTC-27NOV26-74000-C,77538.49,BTC-27NOV26,call,74000.0,2026-11-27T08:00:00+00:00,0.21292326688521943,0.096,0.098,0.09697774,0.097,77538.49,BTC-27NOV26,0.39990000000000003,0.63452,134.55313,0.0,0.0,0.0020000000000000018,BTC,76794.05,0.0
2026-09-10T13:30:52.712943+00:00,BTC-25JUN27-104000-C,79777.91,BTC-25JUN27,call,104000.0,2027-06-25T08:00:00+00:00,0.7878719321829607,0.059,0.061,0.05949435,0.06,79777.91,BTC-25JUN27,0.42119999999999996,0.30055,246.41931,26.5,18.4,0.0020000000000000018,BTC,76794.05,93257.26
2026-09-10T13:30:52.712943+00:00,BTC-18SEP26-85000-C,76867.22,BTC-18SEP26,call,85000.0,2026-09-18T08:00:00+00:00,0.021273711785972316,0.0023,0.0026,0.00259578,0.00245,76867.22,BTC-18SEP26,0.48469999999999996,0.08163,16.92362,912.1,6.2,0.0002999999999999999,BTC,76794.05,1787.22
2026-09-10T13:30:52.712943+00:00,BTC-25SEP26-170000-C,76926.46,BTC-25SEP26,call,170000.0,2026-09-25T08:00:00+00:00,0.04043866729589703,,0.0001,1.5e-07,,76926.46,BTC-25SEP26,0.8693000000000001,0.0,0.00311,444.9,0.0,,BTC,76789.17,0.0
2026-09-10T13:30:52.712943+00:00,BTC-25DEC26-60000-C,77853.59,BTC-25DEC26,call,60000.0,2026-12-25T08:00:00+00:00,0.28958308892491824,0.2415,0.2485,0.2444334,0.245,77853.59,BTC-25DEC26,0.44880000000000003,0.88447,81.58789,787.2,0.2,0.007000000000000006,BTC,76789.17,3883.14
2026-09-10T13:30:52.712943+00:00,BTC-25SEP26-190000-P,76926.46,BTC-25SEP26,put,190000.0,2026-09-25T08:00:00+00:00,0.04043866729589703,1.4635,1.475,1.46988725,1.46925,76926.46,BTC-25SEP26,0.9384999999999999,-1.0,0.001,0.0,0.0,0.011500000000000066,BTC,76789.17,0.0
2026-09-10T13:30:52.712943+00:00,BTC-18SEP26-76000-C,76864.72,BTC-18SEP26,call,76000.0,2026-09-18T08:00:00+00:00,0.021273711785972316,0.0295,0.031,0.03050454,0.03025,76864.72,BTC-18SEP26,0.4226,0.58289,43.75742,22.8,4.6,0.0015000000000000013,BTC,76789.17,11592.37
2026-09-10T13:30:52.712943+00:00,BTC-14SEP26-79000-C,76831.48,BTC-14SEP26,call,79000.0,2026-09-14T08:00:00+00:00,0.01032230863744391,0.0055,0.0065,0.00595826,0.006,76831.48,BTC-14SEP26,0.3971,0.24885,24.74465,11.9,12.0,0.001,BTC,76789.17,8758.9
2026-09-10T13:30:52.712943+00:00,BTC-26MAR27-55000-P,78774.31,BTC-26MAR27,put,55000.0,2027-03-26T08:00:00+00:00,0.5387275105539395,0.02,0.0215,0.02073574,0.02075,78774.31,BTC-26MAR27,0.461,-0.10934,108.26404,1257.7,0.0,0.0014999999999999979,BTC,76796.51,0.0
2026-09-10T13:30:52.712943+00:00,BTC-25JUN27-150000-C,79777.91,BTC-25JUN27,call,150000.0,2027-06-25T08:00:00+00:00,0.7878719321829607,0.0155,0.017,0.01599964,0.01625,79777.91,BTC-25JUN27,0.4698,0.09587,120.50244,217.7,0.0,0.0015000000000000013,BTC,76796.51,0.0
2026-09-10T13:30:52.712943+00:00,BTC-18SEP26-78000-P,76864.72,BTC-18SEP26,put,78000.0,2026-09-18T08:00:00+00:00,0.021273711785972316,0.0325,0.0335,0.03328814,0.033,76864.72,BTC-18SEP26,0.4304,-0.58232,43.77076,319.0,72.6,0.0010000000000000009,BTC,76789.17,154667.75
2026-09-10T13:30:52.712943+00:00,BTC-25SEP26-58000-C,76927.19,BTC-25SEP26,call,58000.0,2026-09-25T08:00:00+00:00,0.04043866729589703,0.2445,0.248,0.24635275,0.24625,76927.19,BTC-25SEP26,0.5949,0.99219,3.32141,460.7,0.0,0.003500000000000003,BTC,76796.51,0.0
2026-09-10T13:30:52.712943+00:00,BTC-14SEP26-71000-C,76831.48,BTC-14SEP26,call,71000.0,2026-09-14T08:00:00+00:00,0.01032230863744391,0.075,0.0795,0.07685782,0.07725,76831.48,BTC-14SEP26,0.46799999999999997,0.95355,7.5902,0.0,0.0,0.004500000000000004,BTC,76796.51,0.0
2026-09-10T13:30:52.712943+00:00,BTC-30OCT26-54000-C,77247.35,BTC-30OCT26,call,54000.0,2026-10-30T08:00:00+00:00,0.13626344484552058,0.3015,0.306,0.30350729,0.30375,77247.35,BTC-30OCT26,0.5467,0.96953,19.65842,0.1,0.0,0.004500000000000004,BTC,76801.97,0.0
2026-09-10T13:30:52.712943+00:00,BTC-14SEP26-76000-P,76831.48,BTC-14SEP26,put,76000.0,2026-09-14T08:00:00+00:00,0.01032230863744391,0.0095,0.0105,0.01034458,0.01,76831.48,BTC-14SEP26,0.376,-0.38302,29.79532,6.9,6.9,0.0010000000000000009,BTC,76796.51,3925.64
2026-09-10T13:30:52.712943+00:00,BTC-13SEP26-84000-C,76823.46,BTC-13SEP26,call,84000.0,2026-09-13T08:00:00+00:00,0.007584457850311811,0.0004,0.0006,0.00045709,0.0005,76823.46,BTC-13SEP26,0.5241,0.02638,4.09002,10.5,9.3,0.00019999999999999993,BTC,76801.97,502.21
2026-09-10T13:30:52.712943+00:00,BTC-14SEP26-78500-C,76831.48,BTC-14SEP26,call,78500.0,2026-09-14T08:00:00+00:00,0.01032230863744391,0.007,0.008,0.00745823,0.0075,76831.48,BTC-14SEP26,0.3908,0.29964,27.1303,21.1,21.3,0.001,BTC,76801.97,22164.56
2026-09-10T13:30:52.712943+00:00,BTC-30OCT26-91000-C,77247.35,BTC-30OCT26,call,91000.0,2026-10-30T08:00:00+00:00,0.13626344484552058,0.0115,0.0125,0.01222,0.012,77247.35,BTC-30OCT26,0.4163,0.16088,69.64009,46.4,6.8,0.0010000000000000009,BTC,76801.97,8278.6
2026-09-10T13:30:52.712943+00:00,BTC-13SEP26-73000-C,76823.62,BTC-13SEP26,call,73000.0,2026-09-13T08:00:00+00:00,0.007584457850311811,0.0495,0.0545,0.05128195,0.052,76823.62,BTC-13SEP26,0.4313,0.9149,10.42042,0.0,0.0,0.0049999999999999975,BTC,76801.97,0.0
2026-09-10T13:30:52.712943+00:00,BTC-30OCT26-82000-P,77247.35,BTC-30OCT26,put,82000.0,2026-10-30T08:00:00+00:00,0.13626344484552058,0.094,0.0965,0.0953541,0.09525,77247.35,BTC-30OCT26,0.39299999999999996,-0.633,107.40263,45.0,0.0,0.0025000000000000022,BTC,76810.29,0.0
2026-09-10T13:30:52.712943+00:00,BTC-26MAR27-106000-P,78774.78,BTC-26MAR27,put,106000.0,2027-03-26T08:00:00+00:00,0.5387275105539395,0.368,0.386,0.37747381,0.377,78774.78,BTC-26MAR27,0.4207,-0.79011,166.63322,0.1,0.0,0.018000000000000016,BTC,76810.29,0.0
2026-09-10T13:30:52.712943+00:00,BTC-2OCT26-75000-P,76987.31,BTC-2OCT26,put,75000.0,2026-10-02T08:00:00+00:00,0.05960362280582174,0.026,0.027,0.02677663,0.0265,76987.31,BTC-2OCT26,0.3987,-0.37564,71.32939,0.0,0.0,0.0010000000000000009,BTC,76810.29,0.0
2026-09-10T13:30:52.712943+00:00,BTC-25SEP26-300000-P,76927.19,BTC-25SEP26,put,300000.0,2026-09-25T08:00:00+00:00,0.04043866729589703,2.889,2.911,2.89982193,2.9,76927.19,BTC-25SEP26,1.3629,-1.0,0.00054,0.0,0.0,0.02200000000000024,BTC,76810.29,0.0
2026-09-10T13:30:52.712943+00:00,BTC-13SEP26-89000-P,76822.89,BTC-13SEP26,put,89000.0,2026-09-13T08:00:00+00:00,0.007584457850311811,0.155,0.1615,0.15855038,0.15825,76822.89,BTC-13SEP26,0.6620999999999999,-0.99422,1.10149,0.0,0.0,0.006500000000000006,BTC,76810.29,0.0
2026-09-10T13:30:52.712943+00:00,BTC-30OCT26-54000-P,77247.35,BTC-30OCT26,put,54000.0,2026-10-30T08:00:00+00:00,0.13626344484552058,0.0024,0.0028,0.00256429,0.0026,77247.35,BTC-30OCT26,0.5467,-0.03046,19.65115,190.7,0.0,0.0004000000000000002,BTC,76804.95,0.0
2026-09-10T13:30:52.712943+00:00,BTC-25DEC26-210000-P,77852.86,BTC-25DEC26,put,210000.0,2026-12-25T08:00:00+00:00,0.28958308892491824,1.6825,1.7085,1.69783473,1.6955,77852.86,BTC-25DEC26,0.6592,-0.99559,5.41318,0.0,0.0,0.0259999999999998,BTC,76804.95,0.0
2026-09-10T13:30:52.712943+00:00,BTC-12SEP26-80000-P,76816.25,BTC-12SEP26,put,80000.0,2026-09-12T08:00:00+00:00,0.00484660706317971,0.042,0.0455,0.04360558,0.04375,76816.25,BTC-12SEP26,0.5043,-0.87299,11.13434,38.2,16.5,0.003499999999999996,BTC,76810.29,27757.7
2026-09-10T13:30:52.712943+00:00,BTC-11SEP26-88000-P,76811.0,BTC-11SEP26,put,88000.0,2026-09-11T08:00:00+00:00,0.002108756276047608,0.1425,0.1485,0.14566707,0.1455,76811.0,BTC-11SEP26,0.7326,-0.99997,0.00426,0.0,0.0,0.006000000000000005,BTC,76804.95,0.0
2026-09-10T13:30:52.712943+00:00,BTC-25SEP26-35000-P,76926.46,BTC-25SEP26,put,35000.0,2026-09-25T08:00:00+00:00,0.04043866729589703,,0.0001,5.58e-06,,76926.46,BTC-25SEP26,1.0855,-0.0001,0.06206,1200.7,0.0,,BTC,76804.95,0.0
2026-09-10T13:30:52.712943+00:00,BTC-14SEP26-73000-P,76831.48,BTC-14SEP26,put,73000.0,2026-09-14T08:00:00+00:00,0.01032230863744391,0.0018,0.0022,0.00211815,0.002,76831.48,BTC-14SEP26,0.40840000000000004,-0.10506,14.20408,0.1,0.1,0.0004000000000000002,BTC,76804.95,13.87
2026-09-10T13:30:52.712943+00:00,BTC-25SEP26-64000-P,76927.19,BTC-25SEP26,put,64000.0,2026-09-25T08:00:00+00:00,0.04043866729589703,0.0011,0.0013,0.00117825,0.0012,76927.19,BTC-25SEP26,0.4972,-0.02918,10.29043,1271.1,71.7,0.00019999999999999987,BTC,76816.71,6321.09
2026-09-10T13:30:52.712943+00:00,BTC-12SEP26-69000-P,76816.25,BTC-12SEP26,put,69000.0,2026-09-12T08:00:00+00:00,0.00484660706317971,0.0002,0.0004,0.00025901,0.0003,76816.25,BTC-12SEP26,0.7142000000000001,-0.01456,1.97437,11.3,4.8,0.0002,BTC,76804.95,101.45
2026-09-10T13:30:52.712943+00:00,BTC-25SEP26-135000-P,76926.46,BTC-25SEP26,put,135000.0,2026-09-25T08:00:00+00:00,0.04043866729589703,0.7505,0.7595,0.75493235,0.755,76926.46,BTC-25SEP26,0.7992,-0.99969,0.17879,11.5,0.0,0.009000000000000008,BTC,76816.71,0.0
2026-09-10T13:30:52.712943+00:00,BTC-25DEC26-80000-C,77853.59,BTC-25DEC26,call,80000.0,2026-12-25T08:00:00+00:00,0.28958308892491824,0.074,0.075,0.07387717,0.0745,77853.59,BTC-25DEC26,0.4003,0.4927,167.1744,8913.4,72.8,0.0010000000000000009,BTC,76816.71,466987.66
2026-09-10T13:30:52.712943+00:00,BTC-25SEP26-81000-P,76927.19,BTC-25SEP26,put,81000.0,2026-09-25T08:00:00+00:00,0.04043866729589703,0.066,0.0685,0.06756909,0.06725,76927.19,BTC-25SEP26,0.42369999999999997,-0.71422,52.60633,592.7,15.9,0.0025000000000000022,BTC,76816.71,79986.53
2026-09-10T13:30:52.712943+00:00,BTC-25DEC26-105000-P,77853.59,BTC-25DEC26,put,105000.0,2026-12-25T08:00:00+00:00,0.28958308892491824,0.355,0.3665,0.36136827,0.36075,77853.59,BTC-25DEC26,0.43270000000000003,-0.87857,84.54262,109.4,0.0,0.01150000000000001,BTC,76816.71,0.0
2026-09-10T13:30:52.712943+00:00,BTC-25SEP26-73000-P,76927.19,BTC-25SEP26,put,73000.0,2026-09-25T08:00:00+00:00,0.04043866729589703,0.0125,0.0135,0.01316334,0.013,76927.19,BTC-25SEP26,0.41590000000000005,-0.25136,49.31782,1061.5,369.1,0.0009999999999999992,BTC,76816.71,262414.4
2026-09-10T13:30:52.712943+00:00,BTC-25DEC26-200000-P,77852.86,BTC-25DEC26,put,200000.0,2026-12-25T08:00:00+00:00,0.28958308892491824,1.5555,1.58,1.56954906,1.56775,77852.86,BTC-25DEC26,0.6512,-0.99407,7.05229,0.0,0.0,0.024499999999999966,BTC,76832.08,0.0
2026-09-10T13:30:52.712943+00:00,BTC-27NOV26-106000-C,77538.49,BTC-27NOV26,call,106000.0,2026-11-27T08:00:00+00:00,0.21292326688521943,0.0065,0.0075,0.00691642,0.007,77538.49,BTC-27NOV26,0.4487,0.07989,53.15718,15.6,0.0,0.001,BTC,76816.71,0.0
2026-09-10T13:30:52.712943+00:00,BTC-27NOV26-102000-P,77537.76,BTC-27NOV26,put,102000.0,2026-11-27T08:00:00+00:00,0.21292326688521943,0.3175,0.3295,0.32474384,0.3235,77537.76,BTC-27NOV26,0.43799999999999994,-0.8952,64.99397,0.0,0.0,0.01200000000000001,BTC,76832.08,0.0
2026-09-10T13:30:52.712943+00:00,BTC-27NOV26-67000-P,77538.21,BTC-27NOV26,put,67000.0,2026-11-27T08:00:00+00:00,0.21292326688521943,0.0225,0.0235,0.02312332,0.023,77538.21,BTC-27NOV26,0.4177,-0.19644,99.12317,20.1,0.0,0.0010000000000000009,BTC,76832.08,0.0
2026-09-10T13:30:52.712943+00:00,BTC-30OCT26-64000-P,77247.35,BTC-30OCT26,put,64000.0,2026-10-30T08:00:00+00:00,0.13626344484552058,0.0085,0.009,0.00874193,0.00875,77247.35,BTC-30OCT26,0.4359,-0.10557,52.08144,640.7,1.6,0.0004999999999999987,BTC,76832.08,899.5
2026-09-10T13:30:52.712943+00:00,BTC-30OCT26-75000-C,77247.35,BTC-30OCT26,call,75000.0,2026-10-30T08:00:00+00:00,0.13626344484552058,0.071,0.073,0.07221929,0.072,77247.35,BTC-30OCT26,0.3895,0.60994,109.47806,1172.2,0.0,0.0020000000000000018,BTC,76839.34,0.0
2026-09-10T13:30:52.712943+00:00,BTC-25DEC26-170000-P,77853.59,BTC-25DEC26,put,170000.0,2026-12-25T08:00:00+00:00,0.28958308892491824,1.1735,1.1935,1.18459289,1.1835,77853.59,BTC-25DEC26,0.5856,-0.9898,11.36901,0.1,0.0,0.020000000000000018,BTC,76839.34,0.0
2026-09-10T13:30:52.712943+00:00,BTC-26MAR27-60000-C,78774.78,BTC-26MAR27,call,60000.0,2027-03-26T08:00:00+00:00,0.5387275105539395,0.264,0.2745,0.26965551,0.26925,78774.78,BTC-26MAR27,0.44079999999999997,0.84236,139.414,649.0,0.0,0.01050000000000001,BTC,76839.34,0.0
2026-09-10T13:30:52.712943+00:00,BTC-13SEP26-75500-C,76823.62,BTC-13SEP26,call,75500.0,2026-09-13T08:00:00+00:00,0.007584457850311811,0.0225,0.0245,0.02390342,0.0235,76823.62,BTC-13SEP26,0.3933,0.7036,23.14974,0.0,0.0,0.0020000000000000018,BTC,76839.34,0.0
2026-09-10T13:30:52.712943+00:00,BTC-2OCT26-70000-P,76986.8,BTC-2OCT26,put,70000.0,2026-10-02T08:00:00+00:00,0.05960362280582174,0.0085,0.0095,0.00913151,0.009,76986.8,BTC-2OCT26,0.4169,-0.16111,45.96866,0.4,0.4,0.0009999999999999992,BTC,76839.34,206.44
2026-09-10T13:30:52.712943+00:00,BTC-30OCT26-85000-C,77247.35,BTC-30OCT26,call,85000.0,2026-10-30T08:00:00+00:00,0.13626344484552058,0.0235,0.0245,0.02385034,0.024,77247.35,BTC-30OCT26,0.39770000000000005,0.28239,96.4425,2157.6,16.1,0.0010000000000000009,BTC,76839.34,33086.61
2026-09-10T13:30:52.712943+00:00,BTC-13SEP26-87000-P,76823.62,BTC-13SEP26,put,87000.0,2026-09-13T08:00:00+00:00,0.007584457850311811,0.129,0.1355,0.13257852,0.13225,76823.62,BTC-13SEP26,0.6027,-0.99019,1.75506,0.0,0.0,0.006500000000000006,BTC,76839.34,0.0
2026-09-10T13:30:52.712943+00:00,BTC-30OCT26-66000-P,77247.35,BTC-30OCT26,put,66000.0,2026-10-30T08:00:00+00:00,0.13626344484552058,0.011,0.012,0.01168492,0.0115,77247.35,BTC-30OCT26,0.4211,-0.13716,62.63566,239.3,102.2,0.0010000000000000009,BTC,76852.08,80337.7
2026-09-10T13:30:52.712943+00:00,BTC-25DEC26-72000-C,77853.59,BTC-25DEC26,call,72000.0,2026-12-25T08:00:00+00:00,0.28958308892491824,0.1255,0.128,0.12678038,0.12675,77853.59,BTC-25DEC26,0.4069,0.68039,149.87534,1271.4,0.1,0.0025000000000000022,BTC,76852.08,1056.66
2026-09-10T13:30:52.712943+00:00,BTC-25SEP26-78000-C,76927.19,BTC-25SEP26,call,78000.0,2026-09-25T08:00:00+00:00,0.04043866729589703,0.026,0.027,0.02670979,0.0265,76927.19,BTC-25SEP26,0.41119999999999995,0.45185,61.31532,5429.8,166.8,0.0010000000000000009,BTC,76852.08,352354.02
2026-09-10T13:30:52.712943+00:00,BTC-13SEP26-75500-P,76823.62,BTC-13SEP26,put,75500.0,2026-09-13T08:00:00+00:00,0.007584457850311811,0.006,0.007,0.00662828,0.0065,76823.62,BTC-13SEP26,0.3933,-0.29469,23.09186,0.1,0.1,0.001,BTC,76852.08,32.66
2026-09-10T13:30:52.712943+00:00,BTC-14SEP26-76000-C,76830.75,BTC-14SEP26,call,76000.0,2026-09-14T08:00:00+00:00,0.01032230863744391,0.0205,0.022,0.02120791,0.02125,76830.75,BTC-14SEP26,0.376,0.62299,29.6696,0.0,0.0,0.0014999999999999979,BTC,76852.08,0.0
2026-09-10T13:30:52.712943+00:00,BTC-25DEC26-40000-P,77853.59,BTC-25DEC26,put,40000.0,2026-12-25T08:00:00+00:00,0.28958308892491824,0.0026,0.0029,0.00276967,0.00275,77853.59,BTC-25DEC26,0.6520999999999999,-0.01903,19.45967,4516.0,0.1,0.0002999999999999999,BTC,76854.52,20.31
2026-09-10T13:30:52.712943+00:00,BTC-25DEC26-135000-C,77853.59,BTC-25DEC26,call,135000.0,2026-12-25T08:00:00+00:00,0.28958308892491824,0.0026,0.0031,0.00287116,0.00285,77853.59,BTC-25DEC26,0.5063,0.02997,28.50516,1383.9,5.9,0.0005,BTC,76854.52,1589.49
2026-09-10T13:30:52.712943+00:00,BTC-13SEP26-80000-P,76822.89,BTC-13SEP26,put,80000.0,2026-09-13T08:00:00+00:00,0.007584457850311811,0.0405,0.0465,0.04399601,0.0435,76822.89,BTC-13SEP26,0.4286,-0.85514,15.24903,0.0,0.0,0.005999999999999998,BTC,76852.08,0.0
2026-09-10T13:30:52.712943+00:00,BTC-30OCT26-76000-C,77247.35,BTC-30OCT26,call,76000.0,2026-10-30T08:00:00+00:00,0.13626344484552058,0.0645,0.0655,0.06528271,0.065,77247.35,BTC-30OCT26,0.38939999999999997,0.57472,111.84775,362.2,6.2,0.0010000000000000009,BTC,76854.52,31107.24
2026-09-10T13:30:52.712943+00:00,BTC-25DEC26-104000-P,77853.59,BTC-25DEC26,put,104000.0,2026-12-25T08:00:00+00:00,0.28958308892491824,0.343,0.355,0.3492556,0.349,77853.59,BTC-25DEC26,0.4296,-0.87155,87.97105,0.3,0.0,0.011999999999999955,BTC,76854.52,0.0
2026-09-10T13:30:52.712943+00:00,BTC-12SEP26-75500-C,76816.25,BTC-12SEP26,call,75500.0,2026-09-12T08:00:00+00:00,0.00484660706317971,0.0215,0.024,0.02302224,0.02275,76816.25,BTC-12SEP26,0.4582,0.71712,18.10625,10.0,10.0,0.0025000000000000022,BTC,76854.52,35438.22
2026-09-10T13:30:52.712943+00:00,BTC-25JUN27-68000-P,79777.91,BTC-25JUN27,put,68000.0,2027-06-25T08:00:00+00:00,0.7878719321829607,0.077,0.079,0.07794579,0.078,79777.91,BTC-25JUN27,0.4288,-0.27056,234.56629,13.6,0.0,0.0020000000000000018,BTC,76854.52,0.0
2026-09-10T13:30:52.712943+00:00,BTC-25DEC26-85000-P,77853.59,BTC-25DEC26,put,85000.0,2026-12-25T08:00:00+00:00,0.28958308892491824,0.1415,0.1445,0.14309059,0.143,77853.59,BTC-25DEC26,0.40090000000000003,-0.6164,160.12628,579.5,11.4,0.0030000000000000027,BTC,76859.98,112328.76
2026-09-10T13:30:52.712943+00:00,BTC-12SEP26-84000-P,76816.25,BTC-12SEP26,put,84000.0,2026-09-12T08:00:00+00:00,0.00484660706317971,0.091,0.096,0.09377469,0.0935,76816.25,BTC-12SEP26,0.6152000000000001,-0.97987,2.60602,0.0,0.0,0.0050000000000000044,BTC,76854.52,0.0
2026-09-10T13:30:52.712943+00:00,BTC-27NOV26-95000-C,77537.76,BTC-27NOV26,call,95000.0,2026-11-27T08:00:00+00:00,0.21292326688521943,0.016,0.017,0.01625547,0.0165,77537.76,BTC-27NOV26,0.41979999999999995,0.17153,91.14554,45.0,0.0,0.0010000000000000009,BTC,76859.98,0.0
2026-09-10T13:30:52.712943+00:00,BTC-25DEC26-84000-P,77853.59,BTC-25DEC26,put,84000.0,2026-12-25T08:00:00+00:00,0.28958308892491824,0.1335,0.1345,0.13414624,0.134,77853.59,BTC-25DEC26,0.4004,-0.59557,162.47559,84.7,3.8,0.0010000000000000009,BTC,76859.98,34943.86
2026-09-10T13:30:52.712943+00:00,BTC-30OCT26-70000-C,77247.35,BTC-30OCT26,call,70000.0,2026-10-30T08:00:00+00:00,0.13626344484552058,0.114,0.116,0.11514235,0.115,77247.35,BTC-30OCT26,0.4011,0.77134,86.37714,1099.6,0.2,0.0020000000000000018,BTC,76859.98,1949.26
2026-09-10T13:30:52.712943+00:00,BTC-18SEP26-81000-P,76864.72,BTC-18SEP26,put,81000.0,2026-09-18T08:00:00+00:00,0.021273711785972316,0.0585,0.064,0.0619241,0.06125,76864.72,BTC-18SEP26,0.45049999999999996,-0.77614,33.55962,37.4,4.6,0.005499999999999998,BTC,76859.98,15032.8
2026-09-10T13:30:52.712943+00:00,BTC-14SEP26-79500-P,76830.75,BTC-14SEP26,put,79500.0,2026-09-14T08:00:00+00:00,0.01032230863744391,0.0365,0.0415,0.03951466,0.039,76830.75,BTC-14SEP26,0.4064,-0.7864,22.74177,0.0,0.0,0.0050000000000000044,BTC,76859.98,0.0
2026-09-10T13:30:52.712943+00:00,BTC-30OCT26-86000-C,77247.35,BTC-30OCT26,call,86000.0,2026-10-30T08:00:00+00:00,0.13626344484552058,0.0205,0.0215,0.02142563,0.021,77247.35,BTC-30OCT26,0.40149999999999997,0.25893,92.38155,708.7,17.8,0.0009999999999999974,BTC,76863.06,37865.55
2026-09-10T13:30:52.712943+00:00,BTC-25SEP26-84000-P,76927.19,BTC-25SEP26,put,84000.0,2026-09-25T08:00:00+00:00,0.04043866729589703,0.096,0.102,0.09976764,0.099,76927.19,BTC-25SEP26,0.44049999999999995,-0.82776,39.51312,47.4,0.0,0.0059999999999999915,BTC,76863.06,0.0
2026-09-10T13:30:52.712943+00:00,BTC-27NOV26-120000-C,77537.76,BTC-27NOV26,call,120000.0,2026-11-27T08:00:00+00:00,0.21292326688521943,0.0026,0.0032,0.00286583,0.0029,77537.76,BTC-27NOV26,0.4902,0.03487,27.59245,97.9,0.2,0.0006000000000000003,BTC,76863.06,56.52
2026-09-10T13:30:52.712943+00:00,BTC-26MAR27-180000-P,78774.78,BTC-26MAR27,put,180000.0,2027-03-26T08:00:00+00:00,0.5387275105539395,1.272,1.301,1.28851133,1.2865,78774.78,BTC-26MAR27,0.5314,-0.97266,36.45326,0.1,0.0,0.028999999999999915,BTC,76863.06,0.0
2026-09-10T13:30:52.712943+00:00,BTC-18SEP26-65000-C,76867.22,BTC-18SEP26,call,65000.0,2026-09-18T08:00:00+00:00,0.021273711785972316,0.1525,0.157,0.15483993,0.15475,76867.22,BTC-18SEP26,0.5448,0.98424,4.43309,0.0,0.0,0.004500000000000004,BTC,76863.06,0.0
2026-09-10T13:30:52.712943+00:00,BTC-25JUN27-72000-C,79777.38,BTC-25JUN27,call,72000.0,2027-06-25T08:00:00+00:00,0.7878719321829607,0.1945,0.1975,0.19571943,0.196,79777.38,BTC-25JUN27,0.4232,0.67809,254.09158,89.9,0.0,0.0030000000000000027,BTC,76863.06,0.0
2026-09-10T13:30:52.712943+00:00,BTC-12SEP26-83000-C,76816.12,BTC-12SEP26,call,83000.0,2026-09-12T08:00:00+00:00,0.00484660706317971,0.0004,0.0007,0.00049631,0.00055,76816.12,BTC-12SEP26,0.5907,0.03258,3.89924,66.2,19.7,0.0003,BTC,76863.06,2410.4
2026-09-10T13:30:52.712943+00:00,BTC-2OCT26-79000-P,76987.31,BTC-2OCT26,put,79000.0,2026-10-02T08:00:00+00:00,0.05960362280582174,0.053,0.054,0.05402297,0.0535,76987.31,BTC-2OCT26,0.40149999999999997,-0.58372,73.37451,1.8,1.8,0.0010000000000000009,BTC,76839.76,6552.18
2026-09-10T13:30:52.712943+00:00,BTC-25JUN27-110000-P,79777.91,BTC-25JUN27,put,110000.0,2027-06-25T08:00:00+00:00,0.7878719321829607,0.417,0.437,0.427223,0.427,79777.91,BTC-25JUN27,0.42619999999999997,-0.74503,227.50603,5.3,1.0,0.020000000000000018,BTC,76839.76,32788.22
2026-09-10T13:30:52.712943+00:00,BTC-25SEP26-150000-C,76926.46,BTC-25SEP26,call,150000.0,2026-09-25T08:00:00+00:00,0.04043866729589703,,0.0001,2.06e-06,,76926.46,BTC-25SEP26,0.8395999999999999,6e-05,0.03514,759.3,0.0,,BTC,76839.76,0.0
2026-09-10T13:30:52.712943+00:00,BTC-14SEP26-75500-P,76831.48,BTC-14SEP26,put,75500.0,2026-09-14T08:00:00+00:00,0.01032230863744391,0.0075,0.0085,0.0080434,0.008,76831.48,BTC-14SEP26,0.3775,-0.31408,27.71382,0.0,0.0,0.0010000000000000009,BTC,76839.76,0.0
2026-09-10T13:30:52.712943+00:00,BTC-25SEP26-165000-P,76927.19,BTC-25SEP26,put,165000.0,2026-09-25T08:00:00+00:00,0.04043866729589703,1.139,1.1505,1.14490226,1.14475,76927.19,BTC-25SEP26,0.8525,-0.99999,0.00455,0.0,0.0,0.011500000000000066,BTC,76831.9,0.0
2026-09-10T13:30:52.712943+00:00,BTC-18SEP26-69000-P,76867.22,BTC-18SEP26,put,69000.0,2026-09-18T08:00:00+00:00,0.021273711785972316,0.0014,0.0018,0.00170898,0.0016,76867.22,BTC-18SEP26,0.4765,-0.05507,12.49364,41.0,9.8,0.00039999999999999996,BTC,76839.76,1180.42
2026-09-10T13:30:52.712943+00:00,BTC-25SEP26-60000-C,76927.19,BTC-25SEP26,call,60000.0,2026-09-25T08:00:00+00:00,0.04043866729589703,0.2185,0.2225,0.22043614,0.2205,76927.19,BTC-25SEP26,0.5468999999999999,0.9898,4.1959,836.4,0.4,0.0040000000000000036,BTC,76831.9,7211.21
2026-09-10T13:30:52.712943+00:00,BTC-25SEP26-110000-P,76927.19,BTC-25SEP26,put,110000.0,2026-09-25T08:00:00+00:00,0.04043866729589703,0.426,0.4335,0.43009902,0.42975,76927.19,BTC-25SEP26,0.6570999999999999,-0.99599,1.83636,215.7,0.0,0.007500000000000007,BTC,76831.9,0.0
2026-09-10T13:30:52.712943+00:00,BTC-27NOV26-110000-C,77537.76,BTC-27NOV26,call,110000.0,2026-11-27T08:00:00+00:00,0.21292326688521943,0.005,0.006,0.00538307,0.0055,77537.76,BTC-27NOV26,0.46259999999999996,0.06298,44.29317,69.8,0.1,0.001,BTC,76831.9,50.9
2026-09-10T13:30:52.712943+00:00,BTC-14SEP26-78000-P,76830.75,BTC-14SEP26,put,78000.0,2026-09-14T08:00:00+00:00,0.01032230863744391,0.0235,0.0255,0.02451442,0.0245,76830.75,BTC-14SEP26,0.3864,-0.64038,29.20984,0.6,0.6,0.0019999999999999983,BTC,76831.9,1068.92
2026-09-10T13:30:52.712943+00:00,BTC-25DEC26-130000-C,77853.59,BTC-25DEC26,call,130000.0,2026-12-25T08:00:00+00:00,0.28958308892491824,0.0032,0.0037,0.00348448,0.00345,77853.59,BTC-25DEC26,0.4935,0.03627,33.35888,1566.2,4.8,0.0005,BTC,76847.08,1498.57
2026-09-10T13:30:52.712943+00:00,BTC-25SEP26-240000-C,76927.19,BTC-25SEP26,call,240000.0,2026-09-25T08:00:00+00:00,0.04043866729589703,,0.0001,4e-08,,76927.19,BTC-25SEP26,1.156,0.0,0.00069,211.9,0.0,,BTC,76847.08,0.0
2026-09-10T13:30:52.712943+00:00,BTC-26MAR27-92000-C,78774.31,BTC-26MAR27,call,92000.0,2027-03-26T08:00:00+00:00,0.5387275105539395,0.061,0.063,0.06193421,0.062,78774.31,BTC-26MAR27,0.4081,0.35672,215.74693,261.2,0.0,0.0020000000000000018,BTC,76831.9,0.0
2026-09-10T13:30:52.712943+00:00,BTC-2OCT26-65000-C,76987.31,BTC-2OCT26,call,65000.0,2026-10-02T08:00:00+00:00,0.05960362280582174,0.156,0.162,0.15874462,0.159,76987.31,BTC-2OCT26,0.46090000000000003,0.94109,22.08592,0.0,0.0,0.006000000000000005,BTC,76847.08,0.0
2026-09-10T13:30:52.712943+00:00,BTC-30OCT26-87000-C,77247.35,BTC-30OCT26,call,87000.0,2026-10-30T08:00:00+00:00,0.13626344484552058,0.0185,0.0195,0.01913237,0.019,77247.35,BTC-30OCT26,0.4043,0.23592,87.88107,215.7,100.9,0.0010000000000000009,BTC,76847.08,138899.28
2026-09-10T13:30:52.712943+00:00,BTC-25JUN27-58000-P,79777.38,BTC-25JUN27,put,58000.0,2027-06-25T08:00:00+00:00,0.7878719321829607,0.04,0.0415,0.04069373,0.04075,79777.38,BTC-25JUN27,0.45039999999999997,-0.15924,171.84371,91.9,0.0,0.0015000000000000013,BTC,76847.08,0.0
2026-09-10T13:30:52.712943+00:00,BTC-27NOV26-71000-C,77537.76,BTC-27NOV26,call,71000.0,2026-11-27T08:00:00+00:00,0.21292326688521943,0.12,0.1225,0.12120809,0.12125,77537.76,BTC-27NOV26,0.4046,0.71445,121.65254,0.1,0.0,0.0025000000000000022,BTC,76847.08,0.0
2026-09-10T13:30:52.712943+00:00,BTC-11SEP26-68000-P,76811.0,BTC-11SEP26,put,68000.0,2026-09-11T08:00:00+00:00,0.002108756276047608,,0.0001,3.98e-06,,76811.0,BTC-11SEP26,0.7976000000000001,-0.0004,0.05142,883.9,0.2,,BTC,76847.08,12.56
2026-09-10T13:30:52.712943+00:00,BTC-26MAR27-96000-P,78774.78,BTC-26MAR27,put,96000.0,2027-03-26T08:00:00+00:00,0.5387275105539395,0.261,0.276,0.26963162,0.2685,78774.78,BTC-26MAR27,0.41100000000000003,-0.69251,203.41601,1.6,0.0,0.015000000000000013,BTC,76847.08,0.0
2026-09-10T13:30:52.712943+00:00,BTC-18SEP26-84000-P,76867.22,BTC-18SEP26,put,84000.0,2026-09-18T08:00:00+00:00,0.021273711785972316,0.0935,0.099,0.09624309,0.09625,76867.22,BTC-18SEP26,0.4752,-0.89427,20.49993,0.1,0.0,0.005500000000000005,BTC,76847.08,0.0
2026-09-10T13:30:52.712943+00:00,BTC-30OCT26-88000-C,77247.35,BTC-30OCT26,call,88000.0,2026-10-30T08:00:00+00:00,0.13626344484552058,0.0165,0.0175,0.0170978,0.017,77247.35,BTC-30OCT26,0.4072,0.21508,83.39985,574.6,11.4,0.0010000000000000009,BTC,76849.3,19174.86
2026-09-10T13:30:52.712943+00:00,BTC-18SEP26-75000-C,76864.72,BTC-18SEP26,call,75000.0,2026-09-18T08:00:00+00:00,0.021273711785972316,0.0375,0.039,0.03834931,0.03825,76864.72,BTC-18SEP26,0.4227,0.6695,40.65923,43.0,6.2,0.0015000000000000013,BTC,76849.3,26431.04
2026-09-10T13:30:52.712943+00:00,BTC-30OCT26-62000-C,77247.35,BTC-30OCT26,call,62000.0,2026-10-30T08:00:00+00:00,0.13626344484552058,0.2015,0.208,0.20396124,0.20475,77247.35,BTC-30OCT26,0.45270000000000005,0.91957,42.59609,13.5,0.0,0.006499999999999978,BTC,76846.57,0.0
2026-09-10T13:30:52.712943+00:00,BTC-25SEP26-115000-P,76927.19,BTC-25SEP26,put,115000.0,2026-09-25T08:00:00+00:00,0.04043866729589703,0.491,0.499,0.49507366,0.495,76927.19,BTC-25SEP26,0.7182,-0.9966,1.5853,93.5,0.0,0.008000000000000007,BTC,76846.57,0.0
2026-09-10T13:30:52.712943+00:00,BTC-25JUN27-74000-C,79777.91,BTC-25JUN27,call,74000.0,2027-06-25T08:00:00+00:00,0.7878719321829607,0.181,0.184,0.18199828,0.1825,79777.91,BTC-25JUN27,0.4211,0.65136,262.10082,20.0,0.2,0.0030000000000000027,BTC,76849.3,2985.01
2026-09-10T13:30:52.712943+00:00,BTC-25JUN27-68000-C,79777.91,BTC-25JUN27,call,68000.0,2027-06-25T08:00:00+00:00,0.7878719321829607,0.224,0.2275,0.22561659,0.22575,79777.91,BTC-25JUN27,0.4288,0.72934,234.58234,10.8,0.0,0.003500000000000003,BTC,76846.57,0.0
2026-09-10T13:30:52.712943+00:00,BTC-13SEP26-82000-C,76823.46,BTC-13SEP26,call,82000.0,2026-09-13T08:00:00+00:00,0.007584457850311811,0.0009,0.0011,0.00097401,0.001,76823.46,BTC-13SEP26,0.4671,0.05802,7.76852,200.3,211.0,0.0002000000000000001,BTC,76846.57,62797.76
2026-09-10T13:30:52.712943+00:00,BTC-25SEP26-75000-C,76927.19,BTC-25SEP26,call,75000.0,2026-09-25T08:00:00+00:00,0.04043866729589703,0.0455,0.0475,0.04655617,0.0465,76927.19,BTC-25SEP26,0.4104,0.63868,57.99058,3307.7,0.7,0.0020000000000000018,BTC,76846.57,2903.75
2026-09-10T13:30:52.712943+00:00,BTC-26MAR27-65000-P,78774.78,BTC-26MAR27,put,65000.0,2027-03-26T08:00:00+00:00,0.5387275105539395,0.0455,0.047,0.04642732,0.04625,78774.78,BTC-26MAR27,0.4257,-0.21989,171.28102,879.6,10.7,0.0015000000000000013,BTC,76846.57,38272.98
2026-09-10T13:30:52.712943+00:00,BTC-30OCT26-57000-C,77247.35,BTC-30OCT26,call,57000.0,2026-10-30T08:00:00+00:00,0.13626344484552058,0.2635,0.269,0.26560136,0.26625,77247.35,BTC-30OCT26,0.5061,0.95742,25.86195,0.1,0.0,0.005500000000000005,BTC,76829.84,0.0
2026-09-10T13:30:52.712943+00:00,BTC-11SEP26-80500-P,76811.0,BTC-11SEP26,put,80500.0,2026-09-11T08:00:00+00:00,0.002108756276047608,0.0455,0.051,0.04824656,0.04825,76811.0,BTC-11SEP26,0.5175,-0.97393,2.1365,0.0,0.0,0.005499999999999998,BTC,76846.57,0.0
2026-09-10T13:30:52.712943+00:00,BTC-12SEP26-78000-C,76816.25,BTC-12SEP26,call,78000.0,2026-09-12T08:00:00+00:00,0.00484660706317971,0.006,0.007,0.00682019,0.0065,76816.25,BTC-12SEP26,0.4678,0.32713,19.30464,7.1,7.0,0.001,BTC,76829.84,7492.24
2026-09-10T13:30:52.712943+00:00,BTC-14SEP26-80500-C,76831.48,BTC-14SEP26,call,80500.0,2026-09-14T08:00:00+00:00,0.01032230863744391,0.0028,0.0032,0.00300334,0.003,76831.48,BTC-14SEP26,0.4181,0.14163,17.51908,8.2,8.2,0.0004000000000000002,BTC,76829.84,3004.36
2026-09-10T13:30:52.712943+00:00,BTC-12SEP26-85000-P,76816.25,BTC-12SEP26,put,85000.0,2026-09-12T08:00:00+00:00,0.00484660706317971,0.104,0.109,0.10668302,0.1065,76816.25,BTC-12SEP26,0.6423000000000001,-0.98737,1.74644,0.0,0.0,0.0050000000000000044,BTC,76829.84,0.0
2026-09-10T13:30:52.712943+00:00,BTC-25DEC26-210000-C,77853.59,BTC-25DEC26,call,210000.0,2026-12-25T08:00:00+00:00,0.28958308892491824,0.0003,0.0006,0.00044315,0.00045,77853.59,BTC-25DEC26,0.6592,0.00441,5.41293,162.3,0.0,0.0003,BTC,76814.98,0.0
2026-09-10T13:30:52.712943+00:00,BTC-25DEC26-92000-C,77853.59,BTC-25DEC26,call,92000.0,2026-12-25T08:00:00+00:00,0.28958308892491824,0.03,0.031,0.03059517,0.0305,77853.59,BTC-25DEC26,0.40759999999999996,0.25749,135.26147,379.3,0.0,0.0010000000000000009,BTC,76814.98,0.0
2026-09-10T13:30:52.712943+00:00,BTC-25SEP26-240000-P,76927.19,BTC-25SEP26,put,240000.0,2026-09-25T08:00:00+00:00,0.04043866729589703,2.111,2.1265,2.11985755,2.11875,76927.19,BTC-25SEP26,1.156,-1.0,0.00068,0.0,0.0,0.015499999999999847,BTC,76814.98,0.0
2026-09-10T13:30:52.712943+00:00,BTC-11SEP26-80500-C,76811.0,BTC-11SEP26,call,80500.0,2026-09-11T08:00:00+00:00,0.002108756276047608,0.0002,0.0004,0.00022176,0.0003,76811.0,BTC-11SEP26,0.5175,0.02601,2.13186,240.4,97.8,0.0002,BTC,76829.84,14987.86
2026-09-10T13:30:52.712943+00:00,BTC-26MAR27-90000-C,78774.78,BTC-26MAR27,call,90000.0,2027-03-26T08:00:00+00:00,0.5387275105539395,0.0675,0.0695,0.06831896,0.0685,78774.78,BTC-26MAR27,0.40700000000000003,0.38375,220.92433,554.8,125.0,0.0020000000000000018,BTC,76829.84,704967.57
2026-09-10T13:30:52.712943+00:00,BTC-14SEP26-68000-C,76830.75,BTC-14SEP26,call,68000.0,2026-09-14T08:00:00+00:00,0.01032230863744391,0.113,0.1175,0.11532242,0.11525,76830.75,BTC-14SEP26,0.5688,0.98434,3.06853,0.0,0.0,0.00449999999999999,BTC,76814.98,0.0
2026-09-10T13:30:52.712943+00:00,BTC-25SEP26-79000-P,76927.19,BTC-25SEP26,put,79000.0,2026-09-25T08:00:00+00:00,0.04043866729589703,0.0475,0.0495,0.04891463,0.0485,76927.19,BTC-25SEP26,0.415,-0.61026,59.35475,1156.4,34.2,0.0020000000000000018,BTC,76807.44,95794.18
2026-09-10T13:30:52.712943+00:00,BTC-13SEP26-79000-P,76823.62,BTC-13SEP26,put,79000.0,2026-09-13T08:00:00+00:00,0.007584457850311811,0.0295,0.035,0.03297734,0.03225,76823.62,BTC-13SEP26,0.4174,-0.77448,20.09581,0.6,0.6,0.005500000000000005,BTC,76814.98,689.86
2026-09-10T13:30:52.712943+00:00,BTC-25DEC26-86000-C,77853.59,BTC-25DEC26,call,86000.0,2026-12-25T08:00:00+00:00,0.28958308892491824,0.047,0.0485,0.04757031,0.04775,77853.59,BTC-25DEC26,0.4012,0.362,157.07733,322.8,2.8,0.0015000000000000013,BTC,76807.44,10532.14
2026-09-10T13:30:52.712943+00:00,BTC-25SEP26-95000-P,76927.19,BTC-25SEP26,put,95000.0,2026-09-25T08:00:00+00:00,0.04043866729589703,0.2325,0.2385,0.23584711,0.2355,76927.19,BTC-25SEP26,0.5167,-0.9761,8.70766,147.6,0.0,0.005999999999999978,BTC,76807.44,0.0
2026-09-10T13:30:52.712943+00:00,BTC-27NOV26-84000-C,77538.21,BTC-27NOV26,call,84000.0,2026-11-27T08:00:00+00:00,0.21292326688521943,0.0415,0.0425,0.04228008,0.042,77538.21,BTC-27NOV26,0.4014,0.36695,134.75739,26.7,0.0,0.0010000000000000009,BTC,76807.44,0.0
2026-09-10T13:30:52.712943+00:00,BTC-25JUN27-90000-P,79777.91,BTC-25JUN27,put,90000.0,2027-06-25T08:00:00+00:00,0.7878719321829607,0.2265,0.2305,0.22776299,0.2285,79777.91,BTC-25JUN27,0.41509999999999997,-0.55695,279.65902,50.5,0.0,0.0040000000000000036,BTC,76807.44,0.0
2026-09-10T13:30:52.712943+00:00,BTC-30OCT26-68000-P,77247.35,BTC-30OCT26,put,68000.0,2026-10-30T08:00:00+00:00,0.13626344484552058,0.0155,0.016,0.01577344,0.01575,77247.35,BTC-30OCT26,0.4096,-0.17935,74.66417,1519.1,0.9,0.0005000000000000004,BTC,76801.97,950.81
2026-09-10T13:30:52.712943+00:00,BTC-26MAR27-160000-P,78777.28,BTC-26MAR27,put,160000.0,2027-03-26T08:00:00+00:00,0.5387275105539395,1.0215,1.0475,1.03650508,1.0345,78777.28,BTC-26MAR27,0.5027,-0.95863,51.22401,0.1,0.0,0.026000000000000023,BTC,76807.44,0.0
2026-09-10T13:30:52.712943+00:00,BTC-25DEC26-74000-C,77852.86,BTC-25DEC26,call,74000.0,2026-12-25T08:00:00+00:00,0.28958308892491824,0.1105,0.1125,0.11144093,0.1115,77852.86,BTC-25DEC26,0.40380000000000005,0.63377,157.69254,138.9,0.0,0.0020000000000000018,BTC,76801.97,0.0
2026-09-10T13:30:52.712943+00:00,BTC-14SEP26-86000-P,76830.75,BTC-14SEP26,put,86000.0,2026-09-14T08:00:00+00:00,0.01032230863744391,0.1165,0.1225,0.11958416,0.1195,76830.75,BTC-14SEP26,0.5124,-0.98357,3.19627,0.0,0.0,0.0059999999999999915,BTC,76801.97,0.0
2026-09-10T13:30:52.712943+00:00,BTC-25SEP26-58000-P,76927.19,BTC-25SEP26,put,58000.0,2026-09-25T08:00:00+00:00,0.04043866729589703,0.0002,0.0004,0.00031832,0.0003,76927.19,BTC-25SEP26,0.5949,-0.00777,3.30616,1334.3,18.6,0.0002,BTC,76801.97,574.48
2026-09-10T13:30:52.712943+00:00,BTC-12SEP26-82000-P,76816.25,BTC-12SEP26,put,82000.0,2026-09-12T08:00:00+00:00,0.00484660706317971,0.0655,0.0705,0.06820866,0.068,76816.25,BTC-12SEP26,0.5578,-0.95212,5.32793,0.0,0.0,0.0049999999999999906,BTC,76801.97,0.0
2026-09-10T13:30:52.712943+00:00,BTC-18SEP26-76000-P,76864.72,BTC-18SEP26,put,76000.0,2026-09-18T08:00:00+00:00,0.021273711785972316,0.0185,0.0195,0.01922943,0.019,76864.72,BTC-18SEP26,0.4226,-0.41594,43.73556,416.7,499.6,0.0010000000000000009,BTC,76801.97,450562.69
2026-09-10T13:30:52.712943+00:00,BTC-25DEC26-54000-C,77852.86,BTC-25DEC26,call,54000.0,2026-12-25T08:00:00+00:00,0.28958308892491824,0.3125,0.319,0.31494065,0.31575,77852.86,BTC-25DEC26,0.4946,0.93406,53.72391,33.1,0.0,0.006500000000000006,BTC,76792.15,0.0
2026-09-10T13:30:52.712943+00:00,BTC-25DEC26-200000-C,77852.86,BTC-25DEC26,call,200000.0,2026-12-25T08:00:00+00:00,0.28958308892491824,0.0005,0.0007,0.0006047,0.0006,77852.86,BTC-25DEC26,0.6512,0.00592,7.03563,969.4,0.1,0.00019999999999999998,BTC,76792.15,4.71
2026-09-10T13:30:52.712943+00:00,BTC-14SEP26-68000-P,76830.75,BTC-14SEP26,put,68000.0,2026-09-14T08:00:00+00:00,0.01032230863744391,0.0002,0.0005,0.00033944,0.00035,76830.75,BTC-14SEP26,0.5688,-0.01602,3.12751,0.0,0.0,0.00030000000000000003,BTC,76792.15,0.0
2026-09-10T13:30:52.712943+00:00,BTC-27NOV26-71000-P,77537.76,BTC-27NOV26,put,71000.0,2026-11-27T08:00:00+00:00,0.21292326688521943,0.0365,0.0375,0.03683808,0.037,77537.76,BTC-27NOV26,0.4046,-0.28653,121.7841,20.3,0.0,0.0010000000000000009,BTC,76792.15,0.0
2026-09-10T13:30:52.712943+00:00,BTC-12SEP26-75000-P,76816.12,BTC-12SEP26,put,75000.0,2026-09-12T08:00:00+00:00,0.00484660706317971,0.0039,0.0044,0.00420919,0.00415,76816.12,BTC-12SEP26,0.4622,-0.22636,16.09058,36.2,22.5,0.0005000000000000004,BTC,76792.15,3237.87
2026-09-10T13:30:52.712943+00:00,BTC-25SEP26-320000-C,76927.19,BTC-25SEP26,call,320000.0,2026-09-25T08:00:00+00:00,0.04043866729589703,,0.0001,2e-08,,76927.19,BTC-25SEP26,1.4015,0.0,0.00035,304.6,0.0,,BTC,76777.08,0.0
2026-09-10T13:30:52.712943+00:00,BTC-25JUN27-72000-P,79777.91,BTC-25JUN27,put,72000.0,2027-06-25T08:00:00+00:00,0.7878719321829607,0.0975,0.0995,0.09818565,0.0985,79777.91,BTC-25JUN27,0.4232,-0.32282,254.14596,47.6,0.0,0.0020000000000000018,BTC,76792.15,0.0
2026-09-10T13:30:52.712943+00:00,BTC-11SEP26-86000-P,76811.0,BTC-11SEP26,put,86000.0,2026-09-11T08:00:00+00:00,0.002108756276047608,0.117,0.1225,0.11963258,0.11975,76811.0,BTC-11SEP26,0.7323000000000001,-0.9996,0.05089,1.4,0.0,0.005499999999999991,BTC,76792.15,0.0
2026-09-10T13:30:52.712943+00:00,BTC-25DEC26-45000-C,77853.59,BTC-25DEC26,call,45000.0,2026-12-25T08:00:00+00:00,0.28958308892491824,0.4235,0.4295,0.42592206,0.4265,77853.59,BTC-25DEC26,0.5852,0.97103,27.68682,54.3,0.0,0.006000000000000005,BTC,76777.08,0.0
2026-09-10T13:30:52.712943+00:00,BTC-25JUN27-70000-C,79777.38,BTC-25JUN27,call,70000.0,2027-06-25T08:00:00+00:00,0.7878719321829607,0.209,0.212,0.21024827,0.2105,79777.38,BTC-25JUN27,0.4257,0.70327,244.97031,195.8,0.3,0.0030000000000000027,BTC,76777.08,4858.97
2026-09-10T13:30:52.712943+00:00,BTC-11SEP26-64000-C,76811.0,BTC-11SEP26,call,64000.0,2026-09-11T08:00:00+00:00,0.002108756276047608,0.165,0.169,0.16678774,0.167,76811.0,BTC-11SEP26,0.7979,1.0,5e-05,0.0,0.0,0.0040000000000000036,BTC,76777.08,0.0
2026-09-10T13:30:52.712943+00:00,BTC-25DEC26-68000-P,77853.59,BTC-25DEC26,put,68000.0,2026-12-25T08:00:00+00:00,0.28958308892491824,0.0345,0.0355,0.03489464,0.035,77853.59,BTC-25DEC26,0.4157,-0.23758,129.49352,558.8,11.4,0.000999999999999994,BTC,76771.91,26416.18
2026-09-10T13:30:52.712943+00:00,BTC-12SEP26-69000-C,76816.25,BTC-12SEP26,call,69000.0,2026-09-12T08:00:00+00:00,0.00484660706317971,0.0995,0.1045,0.10204875,0.102,76816.25,BTC-12SEP26,0.7142000000000001,0.98522,1.99916,0.0,0.0,0.0049999999999999906,BTC,76777.08,0.0
2026-09-10T13:30:52.712943+00:00,BTC-14SEP26-76500-C,76831.48,BTC-14SEP26,call,76500.0,2026-09-14T08:00:00+00:00,0.01032230863744391,0.0165,0.018,0.01759415,0.01725,76831.48,BTC-14SEP26,0.3786,0.5466,30.91866,0.1,0.1,0.0014999999999999979,BTC,76771.91,170.84
2026-09-10T13:30:52.712943+00:00,BTC-25DEC26-115000-P,77853.59,BTC-25DEC26,put,115000.0,2026-12-25T08:00:00+00:00,0.28958308892491824,0.476,0.4905,0.48407425,0.48325,77853.59,BTC-25DEC26,0.45409999999999995,-0.92999,56.24366,5.0,0.0,0.014500000000000013,BTC,76771.91,0.0
2026-09-10T13:30:52.712943+00:00,BTC-26MAR27-98000-P,78774.78,BTC-26MAR27,put,98000.0,2027-03-26T08:00:00+00:00,0.5387275105539395,0.2815,0.298,0.29033842,0.28975,78774.78,BTC-26MAR27,0.4127,-0.71596,195.95167,0.2,0.0,0.016500000000000015,BTC,76777.08,0.0
2026-09-10T13:30:52.712943+00:00,BTC-2OCT26-85000-C,76986.8,BTC-2OCT26,call,85000.0,2026-10-02T08:00:00+00:00,0.05960362280582174,0.009,0.01,0.00977217,0.0095,76986.8,BTC-2OCT26,0.4228,0.17991,49.2942,0.0,0.0,0.0010000000000000009,BTC,76771.91,0.0
2026-09-10T13:30:52.712943+00:00,BTC-25JUN27-78000-P,79777.38,BTC-25JUN27,put,78000.0,2027-06-25T08:00:00+00:00,0.7878719321829607,0.1335,0.1365,0.13464335,0.135,79777.38,BTC-25JUN27,0.4179,-0.40337,274.10214,104.6,0.0,0.0030000000000000027,BTC,76771.91,0.0
2026-09-10T13:30:52.712943+00:00,BTC-30OCT26-48000-P,77247.35,BTC-30OCT26,put,48000.0,2026-10-30T08:00:00+00:00,0.13626344484552058,0.0012,0.0016,0.00134144,0.0014,77247.35,BTC-30OCT26,0.6279,-0.01527,10.96107,195.8,4.0,0.0004000000000000002,BTC,76768.46,407.45
2026-09-10T13:30:52.712943+00:00,BTC-25SEP26-84000-C,76926.46,BTC-25SEP26,call,84000.0,2026-09-25T08:00:00+00:00,0.04043866729589703,0.0075,0.008,0.00781751,0.00775,76926.46,BTC-25SEP26,0.44049999999999995,0.16832,38.8847,4969.0,544.1,0.0005000000000000004,BTC,76768.46,489054.25
2026-09-10T13:30:52.712943+00:00,BTC-25DEC26-102000-P,77853.59,BTC-25DEC26,put,102000.0,2026-12-25T08:00:00+00:00,0.28958308892491824,0.319,0.3305,0.32549001,0.32475,77853.59,BTC-25DEC26,0.426,-0.85676,94.68114,7.8,0.0,0.01150000000000001,BTC,76768.46,0.0
2026-09-10T13:30:52.712943+00:00,BTC-25JUN27-120000-C,79777.69,BTC-25JUN27,call,120000.0,2027-06-25T08:00:00+00:00,0.7878719321829607,0.0345,0.0365,0.03520603,0.0355,79777.69,BTC-25JUN27,0.436,0.19427,194.73034,331.6,30.0,0.001999999999999995,BTC,76768.46,91121.03
2026-09-10T13:30:52.712943+00:00,BTC-13SEP26-77000-C,76822.89,BTC-13SEP26,call,77000.0,2026-09-13T08:00:00+00:00,0.007584457850311811,0.012,0.013,0.01263787,0.0125,76822.89,BTC-13SEP26,0.3947,0.47345,26.622,0.0,0.0,0.0009999999999999992,BTC,76768.46,0.0
2026-09-10T13:30:52.712943+00:00,BTC-12SEP26-87000-P,76816.25,BTC-12SEP26,put,87000.0,2026-09-12T08:00:00+00:00,0.00484660706317971,0.13,0.1355,0.13260428,0.13275,76816.25,BTC-12SEP26,0.691,-0.99501,0.77132,0.0,0.0,0.005500000000000005,BTC,76768.46,0.0
2026-09-10T13:30:52.712943+00:00,BTC-25SEP26-165000-C,76927.19,BTC-25SEP26,call,165000.0,2026-09-25T08:00:00+00:00,0.04043866729589703,,0.0001,2.2e-07,,76927.19,BTC-25SEP26,0.8525,1e-05,0.00445,266.6,0.0,,BTC,76769.96,0.0
2026-09-10T13:30:52.712943+00:00,BTC-25SEP26-65000-P,76927.19,BTC-25SEP26,put,65000.0,2026-09-25T08:00:00+00:00,0.04043866729589703,0.0015,0.0017,0.00151679,0.0016,76927.19,BTC-25SEP26,0.4839,-0.03804,12.79287,985.8,4.9,0.00019999999999999987,BTC,76769.96,491.48
2026-09-10T13:30:52.712943+00:00,BTC-11SEP26-74000-C,76808.5,BTC-11SEP26,call,74000.0,2026-09-11T08:00:00+00:00,0.002108756276047608,0.0355,0.0385,0.03712603,0.037,76808.5,BTC-11SEP26,0.5065,0.94433,3.95874,15.1,0.1,0.0030000000000000027,BTC,76768.46,413.29
2026-09-10T13:30:52.712943+00:00,BTC-13SEP26-78000-C,76822.89,BTC-13SEP26,call,78000.0,2026-09-13T08:00:00+00:00,0.007584457850311811,0.007,0.008,0.0077532,0.0075,76822.89,BTC-13SEP26,0.40240000000000004,0.33153,24.26391,50.9,48.1,0.001,BTC,76769.96,52820.4
2026-09-10T13:30:52.712943+00:00,BTC-25JUN27-106000-P,79777.38,BTC-25JUN27,put,106000.0,2027-06-25T08:00:00+00:00,0.7878719321829607,0.375,0.3945,0.38412048,0.38475,79777.38,BTC-25JUN27,0.4227,-0.71608,239.88534,0.0,0.0,0.019500000000000017,BTC,76769.96,0.0
2026-09-10T13:30:52.712943+00:00,BTC-26MAR27-170000-P,78774.78,BTC-26MAR27,put,170000.0,2027-03-26T08:00:00+00:00,0.5387275105539395,1.146,1.174,1.16261072,1.16,78774.78,BTC-26MAR27,0.5218,-0.96544,44.2039,0.2,0.0,0.028000000000000025,BTC,76769.96,0.0
2026-09-10T13:30:52.712943+00:00,BTC-14SEP26-83000-C,76831.48,BTC-14SEP26,call,83000.0,2026-09-14T08:00:00+00:00,0.01032230863744391,0.0008,0.0012,0.00098931,0.001,76831.48,BTC-14SEP26,0.45899999999999996,0.0499,8.03465,1.1,1.7,0.00039999999999999986,BTC,76769.96,195.42
2026-09-10T13:30:52.712943+00:00,BTC-25SEP26-160000-P,76927.19,BTC-25SEP26,put,160000.0,2026-09-25T08:00:00+00:00,0.04043866729589703,1.073,1.084,1.07990541,1.0785,76927.19,BTC-25SEP26,0.8422,-0.99999,0.00766,0.6,0.0,0.01100000000000012,BTC,76773.35,0.0
2026-09-10T13:30:52.712943+00:00,BTC-30OCT26-104000-P,77247.35,BTC-30OCT26,put,104000.0,2026-10-30T08:00:00+00:00,0.13626344484552058,0.3435,0.3535,0.34966234,0.3485,77247.35,BTC-30OCT26,0.4642,-0.95078,29.03588,0.0,0.0,0.009999999999999953,BTC,76773.35,0.0
2026-09-10T13:30:52.712943+00:00,BTC-25SEP26-80000-P,76927.19,BTC-25SEP26,put,80000.0,2026-09-25T08:00:00+00:00,0.04043866729589703,0.0565,0.0585,0.05792201,0.0575,76927.19,BTC-25SEP26,0.4193,-0.66716,56.19992,1568.3,20.5,0.0020000000000000018,BTC,76773.35,72395.54
2026-09-10T13:30:52.712943+00:00,BTC-30OCT26-91000-P,77247.35,BTC-30OCT26,put,91000.0,2026-10-30T08:00:00+00:00,0.13626344484552058,0.1855,0.194,0.19026049,0.18975,77247.35,BTC-30OCT26,0.4163,-0.8399,69.39304,0.2,0.0,0.008500000000000008,BTC,76773.35,0.0
2026-09-10T13:30:52.712943+00:00,BTC-14SEP26-74000-P,76831.48,BTC-14SEP26,put,74000.0,2026-09-14T08:00:00+00:00,0.01032230863744391,0.0033,0.0037,0.00352428,0.0035,76831.48,BTC-14SEP26,0.3881,-0.16859,19.64168,3.5,3.5,0.0004000000000000002,BTC,76773.35,532.8
2026-09-10T13:30:52.712943+00:00,BTC-12SEP26-74000-P,76816.12,BTC-12SEP26,put,74000.0,2026-09-12T08:00:00+00:00,0.00484660706317971,0.002,0.0023,0.00222487,0.00215,76816.12,BTC-12SEP26,0.4838,-0.13346,11.51466,44.0,42.6,0.0002999999999999999,BTC,76773.35,3830.43
2026-09-10T13:30:52.712943+00:00,BTC-25SEP26-180000-C,76927.19,BTC-25SEP26,call,180000.0,2026-09-25T08:00:00+00:00,0.04043866729589703,,0.0001,1.2e-07,,76927.19,BTC-25SEP26,0.9181999999999999,0.0,0.00233,792.3,0.0,,BTC,76778.88,0.0
2026-09-10T13:30:52.712943+00:00,BTC-12SEP26-76500-C,76816.25,BTC-12SEP26,call,76500.0,2026-09-12T08:00:00+00:00,0.00484660706317971,0.014,0.0155,0.0148402,0.01475,76816.25,BTC-12SEP26,0.45640000000000003,0.55195,21.14569,0.5,0.5,0.0014999999999999996,BTC,76778.88,1015.46
2026-09-10T13:30:52.712943+00:00,BTC-14SEP26-81000-P,76831.48,BTC-14SEP26,put,81000.0,2026-09-14T08:00:00+00:00,0.01032230863744391,0.054,0.059,0.05661214,0.0565,76831.48,BTC-14SEP26,0.42619999999999997,-0.88716,14.94463,0.0,0.0,0.0049999999999999975,BTC,76778.88,0.0
2026-09-10T13:30:52.712943+00:00,BTC-26MAR27-90000-P,78777.28,BTC-26MAR27,put,90000.0,2027-03-26T08:00:00+00:00,0.5387275105539395,0.206,0.216,0.21078716,0.211,78777.28,BTC-26MAR27,0.40700000000000003,-0.61722,220.5899,24.1,10.0,0.010000000000000009,BTC,76778.88,151554.44
2026-09-10T13:30:52.712943+00:00,BTC-18SEP26-68000-C,76867.22,BTC-18SEP26,call,68000.0,2026-09-18T08:00:00+00:00,0.021273711785972316,0.114,0.119,0.11652803,0.1165,76867.22,BTC-18SEP26,0.4892,0.95982,9.69476,3.0,0.0,0.0049999999999999906,BTC,76778.88,0.0
2026-09-10T13:30:52.712943+00:00,BTC-30OCT26-80000-P,77247.35,BTC-30OCT26,put,80000.0,2026-10-30T08:00:00+00:00,0.13626344484552058,0.077,0.078,0.07796804,0.0775,77247.35,BTC-30OCT26,0.39,-0.5694,112.01416,961.8,10.2,0.0010000000000000009,BTC,76778.88,51231.45
2026-09-10T13:30:52.712943+00:00,BTC-26MAR27-54000-P,78774.78,BTC-26MAR27,put,54000.0,2027-03-26T08:00:00+00:00,0.5387275105539395,0.018,0.0195,0.01891567,0.01875,78774.78,BTC-26MAR27,0.4645,-0.10088,102.11052,91.8,0.0,0.0015000000000000013,BTC,76778.88,0.0
2026-09-10T13:30:52.712943+00:00,BTC-27NOV26-93000-C,77537.76,BTC-27NOV26,call,93000.0,2026-11-27T08:00:00+00:00,0.21292326688521943,0.019,0.02,0.019233,0.0195,77537.76,BTC-27NOV26,0.4153,0.19619,98.99782,46.3,1.1,0.0010000000000000009,BTC,76777.38,1887.1
2026-09-10T13:30:52.712943+00:00,BTC-18SEP26-82000-C,76864.72,BTC-18SEP26,call,82000.0,2026-09-18T08:00:00+00:00,0.021273711785972316,0.0055,0.0065,0.00608269,0.006,76864.72,BTC-18SEP26,0.4572,0.17034,28.40155,1812.1,542.7,0.001,BTC,76778.88,384764.92
2026-09-10T13:30:52.712943+00:00,BTC-26MAR27-60000-P,78774.78,BTC-26MAR27,put,60000.0,2027-03-26T08:00:00+00:00,0.5387275105539395,0.0305,0.032,0.03130097,0.03125,78774.78,BTC-26MAR27,0.44079999999999997,-0.15827,139.66111,816.1,0.0,0.0015000000000000013,BTC,76777.38,0.0
2026-09-10T13:30:52.712943+00:00,BTC-13SEP26-82500-P,76822.89,BTC-13SEP26,put,82500.0,2026-09-13T08:00:00+00:00,0.007584457850311811,0.072,0.077,0.07461805,0.0745,76822.89,BTC-13SEP26,0.4793,-0.95513,6.32571,0.0,0.0,0.0050000000000000044,BTC,76777.38,0.0
2026-09-10T13:30:52.712943+00:00,BTC-12SEP26-77500-C,76816.25,BTC-12SEP26,call,77500.0,2026-09-12T08:00:00+00:00,0.00484660706317971,0.0085,0.0095,0.00898216,0.009,76816.25,BTC-12SEP26,0.46340000000000003,0.39187,20.53808,7.0,7.3,0.0009999999999999992,BTC,76777.38,9252.05
2026-09-10T13:30:52.712943+00:00,BTC-25DEC26-65000-C,77853.59,BTC-25DEC26,call,65000.0,2026-12-25T08:00:00+00:00,0.28958308892491824,0.188,0.195,0.19074208,0.1915,77853.59,BTC-25DEC26,0.42579999999999996,0.81592,111.46713,920.8,0.2,0.007000000000000006,BTC,76777.38,3102.75
2026-09-10T13:30:52.712943+00:00,BTC-30OCT26-110000-P,77247.35,BTC-30OCT26,put,110000.0,2026-10-30T08:00:00+00:00,0.13626344484552058,0.421,0.4305,0.4260374,0.42575,77247.35,BTC-30OCT26,0.4886,-0.96947,19.68353,0.0,0.0,0.009500000000000008,BTC,76777.38,0.0
2026-09-10T13:30:52.712943+00:00,BTC-25DEC26-190000-C,77853.59,BTC-25DEC26,call,190000.0,2026-12-25T08:00:00+00:00,0.28958308892491824,0.0006,0.0008,0.00068265,0.0007,77853.59,BTC-25DEC26,0.6289,0.00677,7.9233,1026.7,0.0,0.0002000000000000001,BTC,76777.38,0.0
2026-09-10T13:30:52.712943+00:00,BTC-25SEP26-105000-P,76926.46,BTC-25SEP26,put,105000.0,2026-09-25T08:00:00+00:00,0.04043866729589703,0.361,0.368,0.36516862,0.3645,76926.46,BTC-25SEP26,0.6028,-0.99395,2.64894,105.1,0.0,0.007000000000000006,BTC,76792.87,0.0
2026-09-10T13:30:52.712943+00:00,BTC-25DEC26-230000-P,77853.59,BTC-25DEC26,put,230000.0,2026-12-25T08:00:00+00:00,0.28958308892491824,1.937,1.968,1.95461301,1.9525,77853.59,BTC-25DEC26,0.691,-0.99686,3.99928,0.0,0.0,0.030999999999999917,BTC,76792.87,0.0
2026-09-10T13:30:52.712943+00:00,BTC-25SEP26-72000-C,76927.19,BTC-25SEP26,call,72000.0,2026-09-25T08:00:00+00:00,0.04043866729589703,0.073,0.075,0.07416447,0.074,76927.19,BTC-25SEP26,0.4202,0.79618,43.81372,3313.6,0.6,0.0020000000000000018,BTC,76810.3,3913.65
2026-09-10T13:30:52.712943+00:00,BTC-25SEP26-130000-P,76927.19,BTC-25SEP26,put,130000.0,2026-09-25T08:00:00+00:00,0.04043866729589703,0.6855,0.6945,0.68995325,0.69,76927.19,BTC-25SEP26,0.7992,-0.99927,0.38857,21.4,0.0,0.009000000000000008,BTC,76810.3,0.0
2026-09-10T13:30:52.712943+00:00,BTC-25SEP26-70000-P,76926.46,BTC-25SEP26,put,70000.0,2026-09-25T08:00:00+00:00,0.04043866729589703,0.0055,0.006,0.00588001,0.00575,76926.46,BTC-25SEP26,0.4328,-0.12966,32.66595,8833.0,23.1,0.0005000000000000004,BTC,76810.3,7715.41
2026-09-10T13:30:52.712943+00:00,BTC-26MAR27-150000-C,78774.78,BTC-26MAR27,call,150000.0,2027-03-26T08:00:00+00:00,0.5387275105539395,0.0065,0.0075,0.00693431,0.007,78774.78,BTC-26MAR27,0.4869,0.05226,61.76977,1905.9,2.2,0.001,BTC,76792.87,1292.69
2026-09-10T13:30:52.712943+00:00,BTC-25DEC26-45000-P,77853.59,BTC-25DEC26,put,45000.0,2026-12-25T08:00:00+00:00,0.28958308892491824,0.0038,0.004,0.00393454,0.0039,77853.59,BTC-25DEC26,0.5852,-0.02892,27.65742,2849.7,8.0,0.0002000000000000001,BTC,76792.87,2358.7
2026-09-10T13:30:52.712943+00:00,BTC-30OCT26-67000-P,77247.35,BTC-30OCT26,put,67000.0,2026-10-30T08:00:00+00:00,0.13626344484552058,0.013,0.014,0.01359368,0.0135,77247.35,BTC-30OCT26,0.4153,-0.15744,68.66844,414.9,2.3,0.0010000000000000009,BTC,76810.3,2122.53
2026-09-10T13:30:52.712943+00:00,BTC-2OCT26-72000-P,76986.8,BTC-2OCT26,put,72000.0,2026-10-02T08:00:00+00:00,0.05960362280582174,0.0135,0.0145,0.0142006,0.014,76986.8,BTC-2OCT26,0.4052,-0.2344,57.67808,17.8,17.8,0.0010000000000000009,BTC,76810.3,17457.01
2026-09-10T13:30:52.712943+00:00,BTC-25JUN27-125000-C,79777.69,BTC-25JUN27,call,125000.0,2027-06-25T08:00:00+00:00,0.7878719321829607,0.03,0.0315,0.03052852,0.03075,79777.69,BTC-25JUN27,0.4422,0.17149,180.18694,115.6,4.0,0.0015000000000000013,BTC,76810.3,10316.78
2026-09-10T13:30:52.712943+00:00,BTC-25JUN27-60000-C,79777.38,BTC-25JUN27,call,60000.0,2027-06-25T08:00:00+00:00,0.7878719321829607,0.293,0.2965,0.29466383,0.29475,79777.38,BTC-25JUN27,0.4451,0.82058,185.42416,966.2,0.0,0.003500000000000003,BTC,76810.3,0.0
2026-09-10T13:30:52.712943+00:00,BTC-27NOV26-79000-P,77537.76,BTC-27NOV26,put,79000.0,2026-11-27T08:00:00+00:00,0.21292326688521943,0.083,0.084,0.08365109,0.0835,77537.76,BTC-27NOV26,0.39799999999999996,-0.50385,142.78384,93.8,1.9,0.0010000000000000009,BTC,76816.49,10450.83
2026-09-10T13:30:52.712943+00:00,BTC-30OCT26-59000-C,77247.35,BTC-30OCT26,call,59000.0,2026-10-30T08:00:00+00:00,0.13626344484552058,0.2385,0.2445,0.24075017,0.2415,77247.35,BTC-30OCT26,0.4852,0.94453,31.94426,1.0,0.0,0.006000000000000005,BTC,76810.3,0.0
2026-09-10T13:30:52.712943+00:00,BTC-25JUN27-115000-C,79777.38,BTC-25JUN27,call,115000.0,2027-06-25T08:00:00+00:00,0.7878719321829607,0.0405,0.0425,0.04129864,0.0415,79777.38,BTC-25JUN27,0.4315,0.22265,211.14884,47.2,9.0,0.0020000000000000018,BTC,76816.49,28813.06
2026-09-10T13:30:52.712943+00:00,BTC-25SEP26-220000-C,76926.46,BTC-25SEP26,call,220000.0,2026-09-25T08:00:00+00:00,0.04043866729589703,,0.0001,4e-08,,76926.46,BTC-25SEP26,1.0735999999999999,0.0,0.00075,241.9,0.0,,BTC,76813.44,0.0
2026-09-10T13:30:52.712943+00:00,BTC-26MAR27-106000-C,78774.78,BTC-26MAR27,call,106000.0,2027-03-26T08:00:00+00:00,0.5387275105539395,0.031,0.0325,0.03190016,0.03175,78774.78,BTC-26MAR27,0.4207,0.20993,166.66213,79.2,0.0,0.0015000000000000013,BTC,76816.49,0.0
2026-09-10T13:30:52.712943+00:00,BTC-30OCT26-48000-C,77247.35,BTC-30OCT26,call,48000.0,2026-10-30T08:00:00+00:00,0.13626344484552058,0.3785,0.383,0.37995744,0.38075,77247.35,BTC-30OCT26,0.6279,0.98483,10.9079,0.1,0.0,0.004500000000000004,BTC,76816.49,0.0
2026-09-10T13:30:52.712943+00:00,BTC-11SEP26-80000-P,76808.5,BTC-11SEP26,put,80000.0,2026-09-11T08:00:00+00:00,0.002108756276047608,0.0405,0.0435,0.04184343,0.042,76808.5,BTC-11SEP26,0.4917,-0.96312,2.84446,286.8,2.2,0.0029999999999999957,BTC,76816.49,3649.16
2026-09-10T13:30:52.712943+00:00,BTC-25SEP26-100000-C,76927.19,BTC-25SEP26,call,100000.0,2026-09-25T08:00:00+00:00,0.04043866729589703,0.0005,0.0006,0.0005651,0.00055,76927.19,BTC-25SEP26,0.58,0.01411,5.55818,7211.3,1.6,9.999999999999994e-05,BTC,76813.44,61.54
2026-09-10T13:30:52.712943+00:00,BTC-13SEP26-76000-C,76822.89,BTC-13SEP26,call,76000.0,2026-09-13T08:00:00+00:00,0.007584457850311811,0.0185,0.02,0.01961022,0.01925,76822.89,BTC-13SEP26,0.3921,0.63124,25.23962,0.0,0.0,0.0015000000000000013,BTC,76813.44,0.0
2026-09-10T13:30:52.712943+00:00,BTC-26MAR27-98000-C,78774.31,BTC-26MAR27,call,98000.0,2027-03-26T08:00:00+00:00,0.5387275105539395,0.0455,0.047,0.0463175,0.04625,78774.31,BTC-26MAR27,0.4127,0.28453,196.20057,115.2,0.0,0.0015000000000000013,BTC,76813.44,0.0
2026-09-10T13:30:52.712943+00:00,BTC-30OCT26-88000-P,77247.35,BTC-30OCT26,put,88000.0,2026-10-30T08:00:00+00:00,0.13626344484552058,0.1515,0.16,0.1563018,0.15575,77247.35,BTC-30OCT26,0.4072,-0.78601,83.11342,8.1,0.0,0.008500000000000008,BTC,76813.44,0.0
2026-09-10T13:30:52.712943+00:00,BTC-30OCT26-102000-P,77246.62,BTC-30OCT26,put,102000.0,2026-10-30T08:00:00+00:00,0.13626344484552058,0.3185,0.328,0.32441645,0.32325,77246.62,BTC-30OCT26,0.456,-0.94137,33.36829,0.0,0.0,0.009500000000000008,BTC,76813.44,0.0
2026-09-10T13:30:52.712943+00:00,BTC-2OCT26-85000-P,76986.8,BTC-2OCT26,put,85000.0,2026-10-02T08:00:00+00:00,0.05960362280582174,0.1095,0.1165,0.11379889,0.113,76986.8,BTC-2OCT26,0.4228,-0.81886,49.52998,0.0,0.0,0.007000000000000006,BTC,76799.61,0.0
2026-09-10T13:30:52.712943+00:00,BTC-11SEP26-78000-C,76808.5,BTC-11SEP26,call,78000.0,2026-09-11T08:00:00+00:00,0.002108756276047608,0.002,0.0023,0.00215291,0.00215,76808.5,BTC-11SEP26,0.40490000000000004,0.20693,10.07596,930.2,135.5,0.0002999999999999999,BTC,76813.44,71203.01
2026-09-10T13:30:52.712943+00:00,BTC-14SEP26-87000-P,76830.75,BTC-14SEP26,put,87000.0,2026-09-14T08:00:00+00:00,0.01032230863744391,0.1295,0.1355,0.13249336,0.1325,76830.75,BTC-14SEP26,0.5254,-0.98906,2.25012,0.0,0.0,0.006000000000000005,BTC,76799.61,0.0
2026-09-10T13:30:52.712943+00:00,BTC-25SEP26-60000-P,76926.46,BTC-25SEP26,put,60000.0,2026-09-25T08:00:00+00:00,0.04043866729589703,0.0003,0.0005,0.00040052,0.0004,76926.46,BTC-25SEP26,0.5468999999999999,-0.01031,4.23476,5388.3,54.2,0.00020000000000000004,BTC,76789.77,1940.26
2026-09-10T13:30:52.712943+00:00,BTC-27NOV26-88000-P,77538.49,BTC-27NOV26,put,88000.0,2026-11-27T08:00:00+00:00,0.21292326688521943,0.1595,0.1685,0.16456942,0.164,77538.49,BTC-27NOV26,0.40619999999999995,-0.71991,120.47602,0.0,0.0,0.009000000000000008,BTC,76799.61,0.0
2026-09-10T13:30:52.712943+00:00,BTC-14SEP26-70000-C,76830.75,BTC-14SEP26,call,70000.0,2026-09-14T08:00:00+00:00,0.01032230863744391,0.0875,0.092,0.08961975,0.08975,76830.75,BTC-14SEP26,0.5042,0.9673,5.70384,0.0,0.0,0.004500000000000004,BTC,76789.77,0.0
2026-09-10T13:30:52.712943+00:00,BTC-25DEC26-72000-P,77852.86,BTC-25DEC26,put,72000.0,2026-12-25T08:00:00+00:00,0.28958308892491824,0.051,0.052,0.05160035,0.0515,77852.86,BTC-25DEC26,0.4069,-0.32075,149.99295,800.6,20.0,0.0010000000000000009,BTC,76799.61,68145.65
2026-09-10T13:30:52.712943+00:00,BTC-26MAR27-56000-C,78774.78,BTC-26MAR27,call,56000.0,2027-03-26T08:00:00+00:00,0.5387275105539395,0.3065,0.3165,0.31162884,0.3115,78774.78,BTC-26MAR27,0.4562,0.88217,114.19336,16.9,0.0,0.010000000000000009,BTC,76799.61,0.0
2026-09-10T13:30:52.712943+00:00,BTC-27NOV26-105000-P,77537.76,BTC-27NOV26,put,105000.0,2026-11-27T08:00:00+00:00,0.21292326688521943,0.3545,0.3665,0.361513,0.3605,77537.76,BTC-27NOV26,0.44549999999999995,-0.91493,55.71663,0.0,0.0,0.01200000000000001,BTC,76789.77,0.0
2026-09-10T13:30:52.712943+00:00,BTC-13SEP26-81000-C,76823.46,BTC-13SEP26,call,81000.0,2026-09-13T08:00:00+00:00,0.007584457850311811,0.0015,0.0017,0.00159311,0.0016,76823.46,BTC-13SEP26,0.4461,0.08851,10.7305,6.8,7.2,0.00019999999999999987,BTC,76789.77,1649.97
2026-09-10T13:30:52.712943+00:00,BTC-25JUN27-55000-C,79777.38,BTC-25JUN27,call,55000.0,2027-06-25T08:00:00+00:00,0.7878719321829607,0.342,0.3455,0.34353356,0.34375,79777.38,BTC-25JUN27,0.4597,0.86745,151.82891,2.9,0.0,0.0034999999999999476,BTC,76789.77,0.0
2026-09-10T13:30:52.712943+00:00,BTC-27NOV26-93000-P,77538.49,BTC-27NOV26,put,93000.0,2026-11-27T08:00:00+00:00,0.21292326688521943,0.212,0.223,0.21857932,0.2175,77538.49,BTC-27NOV26,0.4153,-0.8036,99.07682,2.0,0.0,0.01100000000000001,BTC,76789.87,0.0
2026-09-10T13:30:52.712943+00:00,BTC-27NOV26-108000-P,77538.49,BTC-27NOV26,put,108000.0,2026-11-27T08:00:00+00:00,0.21292326688521943,0.3915,0.4035,0.39871362,0.3975,77538.49,BTC-27NOV26,0.45299999999999996,-0.93072,47.6609,0.0,0.0,0.01200000000000001,BTC,76789.87,0.0
2026-09-10T13:30:52.712943+00:00,BTC-2OCT26-80000-P,76986.8,BTC-2OCT26,put,80000.0,2026-10-02T08:00:00+00:00,0.05960362280582174,0.061,0.0635,0.06263917,0.06225,76986.8,BTC-2OCT26,0.4039,-0.63482,70.65796,1.8,1.8,0.0025000000000000022,BTC,76789.87,7155.36
2026-09-10T13:30:52.712943+00:00,BTC-14SEP26-79500-C,76831.48,BTC-14SEP26,call,79500.0,2026-09-14T08:00:00+00:00,0.01032230863744391,0.0045,0.0049,0.00482564,0.0047,76831.48,BTC-14SEP26,0.4064,0.20675,22.28918,1.1,1.1,0.0004000000000000002,BTC,76789.87,559.15
2026-09-10T13:30:52.712943+00:00,BTC-25DEC26-56000-C,77853.59,BTC-25DEC26,call,56000.0,2026-12-25T08:00:00+00:00,0.28958308892491824,0.2885,0.295,0.29078097,0.29175,77853.59,BTC-25DEC26,0.4753,0.92132,61.50888,41.5,0.0,0.006500000000000006,BTC,76789.87,0.0
2026-09-10T13:30:52.712943+00:00,BTC-25SEP26-52000-P,76926.46,BTC-25SEP26,put,52000.0,2026-09-25T08:00:00+00:00,0.04043866729589703,0.0001,0.0002,0.00018183,0.00015,76926.46,BTC-25SEP26,0.7492,-0.00377,1.73947,1201.5,0.5,0.0001,BTC,76796.24,7.8
2026-09-10T13:30:52.712943+00:00,BTC-26MAR27-86000-P,78774.31,BTC-26MAR27,put,86000.0,2027-03-26T08:00:00+00:00,0.5387275105539395,0.173,0.1765,0.17497799,0.17475,78774.31,BTC-26MAR27,0.4058,-0.55837,228.18711,3.1,0.0,0.003500000000000003,BTC,76789.87,0.0
2026-09-10T13:30:52.712943+00:00,BTC-18SEP26-80000-C,76867.22,BTC-18SEP26,call,80000.0,2026-09-18T08:00:00+00:00,0.021273711785972316,0.01,0.011,0.01075676,0.0105,76867.22,BTC-18SEP26,0.4422,0.27501,37.40801,733.9,107.3,0.0009999999999999992,BTC,76789.87,124406.04
2026-09-10T13:30:52.712943+00:00,BTC-26MAR27-40000-P,78774.78,BTC-26MAR27,put,40000.0,2027-03-26T08:00:00+00:00,0.5387275105539395,0.0055,0.006,0.00567646,0.00575,78774.78,BTC-26MAR27,0.5542,-0.0309,40.3193,1895.4,2.7,0.0005000000000000004,BTC,76789.87,1164.08
2026-09-10T13:30:52.712943+00:00,BTC-26MAR27-120000-C,78774.78,BTC-26MAR27,call,120000.0,2027-03-26T08:00:00+00:00,0.5387275105539395,0.017,0.0185,0.01772523,0.01775,78774.78,BTC-26MAR27,0.439,0.12598,119.68119,790.9,0.0,0.0014999999999999979,BTC,76796.24,0.0
2026-09-10T13:30:52.712943+00:00,BTC-12SEP26-78500-P,76816.25,BTC-12SEP26,put,78500.0,2026-09-12T08:00:00+00:00,0.00484660706317971,0.026,0.0285,0.02705785,0.02725,76816.25,BTC-12SEP26,0.47600000000000003,-0.74041,17.3304,76.8,39.9,0.0025000000000000022,BTC,76796.24,35950.33
2026-09-10T13:30:52.712943+00:00,BTC-30OCT26-80000-C,77247.35,BTC-30OCT26,call,80000.0,2026-10-30T08:00:00+00:00,0.13626344484552058,0.0415,0.0425,0.04232805,0.042,77247.35,BTC-30OCT26,0.39,0.43121,112.06996,1276.2,37.2,0.0010000000000000009,BTC,76796.24,141553.8
2026-09-10T13:30:52.712943+00:00,BTC-25JUN27-140000-C,79777.91,BTC-25JUN27,call,140000.0,2027-06-25T08:00:00+00:00,0.7878719321829607,0.0195,0.0215,0.02016997,0.0205,79777.91,BTC-25JUN27,0.45770000000000005,0.11877,140.6249,387.7,0.0,0.0019999999999999983,BTC,76796.24,0.0
2026-09-10T13:30:52.712943+00:00,BTC-27NOV26-67000-C,77538.49,BTC-27NOV26,call,67000.0,2026-11-27T08:00:00+00:00,0.21292326688521943,0.158,0.1605,0.15907812,0.15925,77538.49,BTC-27NOV26,0.4177,0.80324,99.19667,0.0,0.0,0.0025000000000000022,BTC,76798.35,0.0
2026-09-10T13:30:52.712943+00:00,BTC-30OCT26-96000-P,77247.35,BTC-30OCT26,put,96000.0,2026-10-30T08:00:00+00:00,0.13626344484552058,0.246,0.253,0.24994699,0.2495,77247.35,BTC-30OCT26,0.4338,-0.89985,50.10308,0.1,0.0,0.007000000000000006,BTC,76796.24,0.0
2026-09-10T13:30:52.712943+00:00,BTC-11SEP26-77000-P,76808.5,BTC-11SEP26,put,77000.0,2026-09-11T08:00:00+00:00,0.002108756276047608,0.008,0.009,0.00840781,0.0085,76808.5,BTC-11SEP26,0.3876,-0.55622,13.92652,624.8,306.8,0.0009999999999999992,BTC,76798.35,101404.92
2026-09-10T13:30:52.712943+00:00,BTC-25SEP26-190000-C,76926.46,BTC-25SEP26,call,190000.0,2026-09-25T08:00:00+00:00,0.04043866729589703,,0.0001,5e-08,,76926.46,BTC-25SEP26,0.9384999999999999,0.0,0.001,762.1,0.0,,BTC,76800.67,0.0
2026-09-10T13:30:52.712943+00:00,BTC-26MAR27-56000-P,78774.78,BTC-26MAR27,put,56000.0,2027-03-26T08:00:00+00:00,0.5387275105539395,0.0215,0.023,0.02249793,0.02225,78774.78,BTC-26MAR27,0.4562,-0.11785,114.20065,123.0,0.0,0.0015000000000000013,BTC,76798.35,0.0
2026-09-10T13:30:52.712943+00:00,BTC-11SEP26-84000-C,76811.0,BTC-11SEP26,call,84000.0,2026-09-11T08:00:00+00:00,0.002108756276047608,,0.0001,4.192e-05,,76811.0,BTC-11SEP26,0.7312000000000001,0.00396,0.4143,1436.3,135.9,,BTC,76798.35,5744.82
2026-09-10T13:30:52.712943+00:00,BTC-25JUN27-56000-C,79777.38,BTC-25JUN27,call,56000.0,2027-06-25T08:00:00+00:00,0.7878719321829607,0.3315,0.3355,0.33342855,0.3335,79777.38,BTC-25JUN27,0.45640000000000003,0.85882,158.51249,3.0,0.0,0.0040000000000000036,BTC,76800.67,0.0
2026-09-10T13:30:52.712943+00:00,BTC-25SEP26-64000-C,76927.19,BTC-25SEP26,call,64000.0,2026-09-25T08:00:00+00:00,0.04043866729589703,0.167,0.171,0.16921625,0.169,76927.19,BTC-25SEP26,0.4972,0.97072,10.31744,646.4,0.8,0.0040000000000000036,BTC,76800.67,11097.81
2026-09-10T13:30:52.712943+00:00,BTC-13SEP26-84000-P,76822.89,BTC-13SEP26,put,84000.0,2026-09-13T08:00:00+00:00,0.007584457850311811,0.0905,0.096,0.09381986,0.09325,76822.89,BTC-13SEP26,0.5241,-0.97382,4.06472,0.0,0.0,0.005500000000000005,BTC,76800.67,0.0
2026-09-10T13:30:52.712943+00:00,BTC-25JUN27-94000-C,79777.91,BTC-25JUN27,call,94000.0,2027-06-25T08:00:00+00:00,0.7878719321829607,0.085,0.087,0.08577409,0.086,79777.91,BTC-25JUN27,0.41609999999999997,0.39739,273.10995,26.1,10.4,0.001999999999999988,BTC,76800.67,70721.12
2026-09-10T13:30:52.712943+00:00,BTC-25JUN27-200000-P,79777.38,BTC-25JUN27,put,200000.0,2027-06-25T08:00:00+00:00,0.7878719321829607,1.493,1.5335,1.51330802,1.51325,79777.38,BTC-25JUN27,0.5229,-0.95975,61.32811,2.1,0.0,0.04049999999999998,BTC,76800.67,0.0
2026-09-10T13:30:52.712943+00:00,BTC-27NOV26-78000-C,77537.76,BTC-27NOV26,call,78000.0,2026-11-27T08:00:00+00:00,0.21292326688521943,0.07,0.071,0.07046897,0.0705,77537.76,BTC-27NOV26,0.3979,0.52333,142.51576,35.3,2.0,0.000999999999999987,BTC,76795.34,10935.22
2026-09-10T13:30:52.712943+00:00,BTC-25SEP26-220000-P,76926.46,BTC-25SEP26,put,220000.0,2026-09-25T08:00:00+00:00,0.04043866729589703,1.8525,1.866,1.85986943,1.85925,76926.46,BTC-25SEP26,1.0735999999999999,-1.0,0.00075,27.7,0.0,0.013500000000000068,BTC,76795.34,0.0
2026-09-10T13:30:52.712943+00:00,BTC-27NOV26-62000-P,77537.76,BTC-27NOV26,put,62000.0,2026-11-27T08:00:00+00:00,0.21292326688521943,0.012,0.013,0.01262089,0.0125,77537.76,BTC-27NOV26,0.4426,-0.11577,69.79014,142.4,39.0,0.0009999999999999992,BTC,76795.34,35237.32
2026-09-10T13:30:52.712943+00:00,BTC-25DEC26-50000-C,77853.59,BTC-25DEC26,call,50000.0,2026-12-25T08:00:00+00:00,0.28958308892491824,0.361,0.367,0.36353884,0.364,77853.59,BTC-25DEC26,0.5275,0.95549,39.36574,260.7,0.0,0.006000000000000005,BTC,76800.67,0.0
2026-09-10T13:30:52.712943+00:00,BTC-18SEP26-82000-P,76867.22,BTC-18SEP26,put,82000.0,2026-09-18T08:00:00+00:00,0.021273711785972316,0.0695,0.0755,0.07286482,0.0725,76867.22,BTC-18SEP26,0.4572,-0.8286,28.5233,28.8,0.0,0.0059999999999999915,BTC,76795.34,0.0
2026-09-10T13:30:52.712943+00:00,BTC-30OCT26-45000-P,77247.35,BTC-30OCT26,put,45000.0,2026-10-30T08:00:00+00:00,0.13626344484552058,0.0008,0.0012,0.00096744,0.001,77247.35,BTC-30OCT26,0.6708,-0.01064,8.0225,221.0,0.1,0.00039999999999999986,BTC,76795.34,8.59
2026-09-10T13:30:52.712943+00:00,BTC-30OCT26-69000-C,77247.35,BTC-30OCT26,call,69000.0,2026-10-30T08:00:00+00:00,0.13626344484552058,0.124,0.1265,0.12509046,0.12525,77247.35,BTC-30OCT26,0.4048,0.7962,80.74029,714.1,50.0,0.0025000000000000022,BTC,76795.34,479193.71
2026-09-10T13:30:52.712943+00:00,BTC-14SEP26-85000-P,76831.48,BTC-14SEP26,put,85000.0,2026-09-14T08:00:00+00:00,0.01032230863744391,0.104,0.109,0.10670678,0.1065,76831.48,BTC-14SEP26,0.49420000000000003,-0.97684,4.27841,0.0,0.0,0.0050000000000000044,BTC,76794.33,0.0
2026-09-10T13:30:52.712943+00:00,BTC-25JUN27-84000-C,79777.91,BTC-25JUN27,call,84000.0,2027-06-25T08:00:00+00:00,0.7878719321829607,0.1245,0.1265,0.12514893,0.1255,79777.91,BTC-25JUN27,0.4153,0.5173,282.21646,28.1,0.1,0.0020000000000000018,BTC,76794.33,1078.51
2026-09-10T13:30:52.712943+00:00,BTC-25SEP26-40000-P,76927.19,BTC-25SEP26,put,40000.0,2026-09-25T08:00:00+00:00,0.04043866729589703,,0.0001,4.104e-05,,76927.19,BTC-25SEP26,1.0499,-0.00069,0.36797,2816.9,0.1,,BTC,76794.33,0.78
2026-09-10T13:30:52.712943+00:00,BTC-25SEP26-280000-P,76927.19,BTC-25SEP26,put,280000.0,2026-09-25T08:00:00+00:00,0.04043866729589703,2.63,2.649,2.6398338,2.6395,76927.19,BTC-25SEP26,1.2987,-1.0,0.00057,0.0,0.0,0.019000000000000128,BTC,76786.83,0.0
2026-09-10T13:30:52.712943+00:00,BTC-30OCT26-69000-P,77247.35,BTC-30OCT26,put,69000.0,2026-10-30T08:00:00+00:00,0.13626344484552058,0.018,0.019,0.01832995,0.0185,77247.35,BTC-30OCT26,0.4048,-0.20383,80.74594,246.1,55.2,0.0010000000000000009,BTC,76794.33,75294.06
2026-09-10T13:30:52.712943+00:00,BTC-27NOV26-82000-P,77537.76,BTC-27NOV26,put,82000.0,2026-11-27T08:00:00+00:00,0.21292326688521943,0.107,0.108,0.10776587,0.1075,77537.76,BTC-27NOV26,0.3996,-0.58441,139.52695,38.1,14.1,0.0010000000000000009,BTC,76786.83,107366.92
2026-09-10T13:30:52.712943+00:00,BTC-14SEP26-77500-C,76831.48,BTC-14SEP26,call,77500.0,2026-09-14T08:00:00+00:00,0.01032230863744391,0.011,0.012,0.0116339,0.0115,76831.48,BTC-14SEP26,0.38270000000000004,0.41587,30.44311,25.0,25.0,0.0010000000000000009,BTC,76786.83,22498.6
2026-09-10T13:30:52.712943+00:00,BTC-30OCT26-62000-P,77247.35,BTC-30OCT26,put,62000.0,2026-10-30T08:00:00+00:00,0.13626344484552058,0.006,0.007,0.00658224,0.0065,77247.35,BTC-30OCT26,0.45270000000000005,-0.08107,42.82106,1211.8,16.7,0.001,BTC,76794.33,7272.94
2026-09-10T13:30:52.712943+00:00,BTC-18SEP26-81000-C,76864.72,BTC-18SEP26,call,81000.0,2026-09-18T08:00:00+00:00,0.021273711785972316,0.0075,0.0085,0.00815151,0.008,76864.72,BTC-18SEP26,0.45049999999999996,0.21817,33.03439,754.6,30.0,0.0010000000000000009,BTC,76786.83,22919.0
2026-09-10T13:30:52.712943+00:00,BTC-25JUN27-88000-P,79777.38,BTC-25JUN27,put,88000.0,2027-06-25T08:00:00+00:00,0.7878719321829607,0.209,0.213,0.21060037,0.211,79777.38,BTC-25JUN27,0.41509999999999997,-0.53316,281.47786,4.7,0.0,0.0040000000000000036,BTC,76786.83,0.0
2026-09-10T13:30:52.712943+00:00,BTC-12SEP26-81500-C,76816.12,BTC-12SEP26,call,81500.0,2026-09-12T08:00:00+00:00,0.00484660706317971,0.0009,0.0012,0.00097321,0.00105,76816.12,BTC-12SEP26,0.5416,0.05949,6.3264,455.3,301.7,0.0002999999999999999,BTC,76786.83,71046.2
2026-09-10T13:30:52.712943+00:00,BTC-30OCT26-40000-C,77247.35,BTC-30OCT26,call,40000.0,2026-10-30T08:00:00+00:00,0.13626344484552058,0.4815,0.4845,0.48267706,0.483,77247.35,BTC-30OCT26,0.7364,0.99461,4.41127,0.1,0.0,0.0030000000000000027,BTC,76786.83,0.0
2026-09-10T13:30:52.712943+00:00,BTC-13SEP26-89000-C,76822.89,BTC-13SEP26,call,89000.0,2026-09-13T08:00:00+00:00,0.007584457850311811,,0.0002,0.00010649,,76822.89,BTC-13SEP26,0.6620999999999999,0.00573,1.09154,4.2,3.7,,BTC,76771.62,35.08
2026-09-10T13:30:52.712943+00:00,BTC-30OCT26-86000-P,77247.35,BTC-30OCT26,put,86000.0,2026-10-30T08:00:00+00:00,0.13626344484552058,0.13,0.1385,0.13473862,0.13425,77247.35,BTC-30OCT26,0.40149999999999997,-0.74343,91.85084,98.5,0.0,0.008500000000000008,BTC,76786.83,0.0
2026-09-10T13:30:52.712943+00:00,BTC-12SEP26-87000-C,76816.25,BTC-12SEP26,call,87000.0,2026-09-12T08:00:00+00:00,0.00484660706317971,,0.0002,7.831e-05,,76816.25,BTC-12SEP26,0.691,0.00501,0.77395,49.0,12.2,,BTC,76771.62,166.15
2026-09-10T13:30:52.712943+00:00,BTC-26MAR27-82000-P,78774.31,BTC-26MAR27,put,82000.0,2027-03-26T08:00:00+00:00,0.5387275105539395,0.141,0.144,0.14201217,0.1425,78774.31,BTC-26MAR27,0.4045,-0.49549,230.58653,6.9,0.0,0.0030000000000000027,BTC,76771.62,0.0
2026-09-10T13:30:52.712943+00:00,BTC-25DEC26-64000-C,77853.59,BTC-25DEC26,call,64000.0,2026-12-25T08:00:00+00:00,0.28958308892491824,0.198,0.2055,0.20106614,0.20175,77853.59,BTC-25DEC26,0.43,0.8315,105.39295,404.9,0.1,0.007499999999999979,BTC,76771.62,1640.97
2026-09-10T13:30:52.712943+00:00,BTC-26MAR27-95000-P,78777.28,BTC-26MAR27,put,95000.0,2027-03-26T08:00:00+00:00,0.5387275105539395,0.251,0.2665,0.25945147,0.25875,78777.28,BTC-26MAR27,0.4102,-0.68175,206.27513,0.4,0.0,0.015500000000000014,BTC,76771.62,0.0
2026-09-10T13:30:52.712943+00:00,BTC-12SEP26-75000-C,76816.25,BTC-12SEP26,call,75000.0,2026-09-12T08:00:00+00:00,0.00484660706317971,0.0265,0.029,0.02789369,0.02775,76816.25,BTC-12SEP26,0.4622,0.76965,16.24241,0.0,0.0,0.0025000000000000022,BTC,76759.3,0.0
2026-09-10T13:30:52.712943+00:00,BTC-14SEP26-82000-C,76831.48,BTC-14SEP26,call,82000.0,2026-09-14T08:00:00+00:00,0.01032230863744391,0.0014,0.0017,0.00153116,0.00155,76831.48,BTC-14SEP26,0.4422,0.07447,10.98509,0.2,0.2,0.0002999999999999999,BTC,76759.3,28.59
2026-09-10T13:30:52.712943+00:00,BTC-25DEC26-95000-C,77853.59,BTC-25DEC26,call,95000.0,2026-12-25T08:00:00+00:00,0.28958308892491824,0.024,0.025,0.02466326,0.0245,77853.59,BTC-25DEC26,0.4122,0.21512,122.42401,1481.0,0.1,0.0010000000000000009,BTC,76771.62,240.88
2026-09-10T13:30:52.712943+00:00,BTC-11SEP26-82000-C,76808.5,BTC-11SEP26,call,82000.0,2026-09-11T08:00:00+00:00,0.002108756276047608,,0.0002,0.00011693,,76808.5,BTC-11SEP26,0.6255,0.01108,1.02686,1779.6,103.8,,BTC,76759.3,7437.97
2026-09-10T13:30:52.712943+00:00,BTC-25SEP26-95000-C,76927.19,BTC-25SEP26,call,95000.0,2026-09-25T08:00:00+00:00,0.04043866729589703,0.0009,0.001,0.00090351,0.00095,76927.19,BTC-25SEP26,0.5167,0.02355,8.59536,5503.1,27.9,0.00010000000000000005,BTC,76759.3,2195.89
2026-09-10T13:30:52.712943+00:00,BTC-27NOV26-105000-C,77537.76,BTC-27NOV26,call,105000.0,2026-11-27T08:00:00+00:00,0.21292326688521943,0.007,0.008,0.00741232,0.0075,77537.76,BTC-27NOV26,0.44549999999999995,0.08468,55.49818,18.6,0.0,0.001,BTC,76755.15,0.0
2026-09-10T13:30:52.712943+00:00,BTC-27NOV26-94000-C,77537.76,BTC-27NOV26,call,94000.0,2026-11-27T08:00:00+00:00,0.21292326688521943,0.017,0.018,0.01773383,0.0175,77537.76,BTC-27NOV26,0.418,0.18251,94.65995,60.7,0.6,0.0009999999999999974,BTC,76755.15,1022.35
2026-09-10T13:30:52.712943+00:00,BTC-11SEP26-74000-P,76808.5,BTC-11SEP26,put,74000.0,2026-09-11T08:00:00+00:00,0.002108756276047608,0.0004,0.0006,0.0005277,0.0005,76808.5,BTC-11SEP26,0.5065,-0.05638,3.99782,919.6,223.9,0.00019999999999999993,BTC,76759.3,4873.1
2026-09-10T13:30:52.712943+00:00,BTC-25SEP26-35000-C,76927.19,BTC-25SEP26,call,35000.0,2026-09-25T08:00:00+00:00,0.04043866729589703,0.5445,0.5465,0.54502636,0.5455,76927.19,BTC-25SEP26,1.0855,0.9999,0.06274,29.3,0.0,0.0020000000000000018,BTC,76759.3,0.0
2026-09-10T13:30:52.712943+00:00,BTC-25DEC26-240000-P,77853.59,BTC-25DEC26,put,240000.0,2026-12-25T08:00:00+00:00,0.28958308892491824,2.0655,2.0955,2.08296721,2.0805,77853.59,BTC-25DEC26,0.6936,-0.9977,3.01337,0.0,0.0,0.029999999999999805,BTC,76755.15,0.0
2026-09-10T13:30:52.712943+00:00,BTC-18SEP26-88000-P,76867.22,BTC-18SEP26,put,88000.0,2026-09-18T08:00:00+00:00,0.021273711785972316,0.143,0.1485,0.14599654,0.14575,76867.22,BTC-18SEP26,0.5159,-0.9624,9.18257,0.0,0.0,0.005500000000000005,BTC,76755.15,0.0
2026-09-10T13:30:52.712943+00:00,BTC-13SEP26-72000-P,76823.46,BTC-13SEP26,put,72000.0,2026-09-13T08:00:00+00:00,0.007584457850311811,0.0008,0.0011,0.00092365,0.00095,76823.46,BTC-13SEP26,0.4668,-0.05501,7.44001,4.4,0.4,0.00030000000000000003,BTC,76755.15,13.28
2026-09-10T13:30:52.712943+00:00,BTC-25JUN27-105000-C,79777.91,BTC-25JUN27,call,105000.0,2027-06-25T08:00:00+00:00,0.7878719321829607,0.057,0.059,0.05747299,0.058,79777.91,BTC-25JUN27,0.42200000000000004,0.29181,242.95474,157.0,4.5,0.001999999999999995,BTC,76755.07,22351.43
2026-09-10T13:30:52.712943+00:00,BTC-25DEC26-86000-P,77853.59,BTC-25DEC26,put,86000.0,2026-12-25T08:00:00+00:00,0.28958308892491824,0.146,0.1575,0.15221639,0.15175,77853.59,BTC-25DEC26,0.4012,-0.63923,156.78088,66.3,5.6,0.01150000000000001,BTC,76755.15,58666.6
2026-09-10T13:30:52.712943+00:00,BTC-25SEP26-200000-C,76927.19,BTC-25SEP26,call,200000.0,2026-09-25T08:00:00+00:00,0.04043866729589703,,0.0001,4e-08,,76927.19,BTC-25SEP26,0.9823999999999999,0.0,0.00081,1018.5,0.0,,BTC,76755.15,0.0
2026-09-10T13:30:52.712943+00:00,BTC-26MAR27-150000-P,78777.28,BTC-26MAR27,put,150000.0,2027-03-26T08:00:00+00:00,0.5387275105539395,0.897,0.923,0.91104797,0.91,78777.28,BTC-26MAR27,0.4869,-0.9479,61.58773,0.6,0.0,0.026000000000000023,BTC,76755.07,0.0
2026-09-10T13:30:52.712943+00:00,BTC-27NOV26-84000-P,77537.76,BTC-27NOV26,put,84000.0,2026-11-27T08:00:00+00:00,0.21292326688521943,0.1235,0.1265,0.12556062,0.125,77537.76,BTC-27NOV26,0.4014,-0.63447,134.49029,3.2,1.9,0.0030000000000000027,BTC,76755.07,16484.5
2026-09-10T13:30:52.712943+00:00,BTC-25SEP26-45000-P,76927.19,BTC-25SEP26,put,45000.0,2026-09-25T08:00:00+00:00,0.04043866729589703,,0.0002,5.078e-05,,76927.19,BTC-25SEP26,0.8865999999999999,-0.001,0.51921,2172.4,3.0,,BTC,76755.07,23.06
2026-09-10T13:30:52.712943+00:00,BTC-25DEC26-20000-C,77853.59,BTC-25DEC26,call,20000.0,2026-12-25T08:00:00+00:00,0.28958308892491824,0.7425,0.7445,0.74352739,0.7435,77853.59,BTC-25DEC26,0.9831,0.99768,3.04124,4.9,0.0,0.0020000000000000018,BTC,76755.07,0.0
2026-09-10T13:30:52.712943+00:00,BTC-26MAR27-110000-C,78774.78,BTC-26MAR27,call,110000.0,2027-03-26T08:00:00+00:00,0.5387275105539395,0.026,0.0275,0.02683372,0.02675,78774.78,BTC-26MAR27,0.426,0.1804,151.85168,1157.6,2.0,0.0015000000000000013,BTC,76755.07,4431.37
2026-09-10T13:30:52.712943+00:00,BTC-25SEP26-145000-C,76926.46,BTC-25SEP26,call,145000.0,2026-09-25T08:00:00+00:00,0.04043866729589703,,0.0001,2.8e-06,,76926.46,BTC-25SEP26,0.8137000000000001,7e-05,0.0459,518.7,31.7,,BTC,76755.07,247.56
2026-09-10T13:30:52.712943+00:00,BTC-26MAR27-125000-C,78774.78,BTC-26MAR27,call,125000.0,2027-03-26T08:00:00+00:00,0.5387275105539395,0.014,0.0155,0.01472903,0.01475,78774.78,BTC-26MAR27,0.4465,0.10625,105.99501,303.1,0.4,0.0014999999999999996,BTC,76759.47,538.43
2026-09-10T13:30:52.712943+00:00,BTC-11SEP26-83000-C,76811.0,BTC-11SEP26,call,83000.0,2026-09-11T08:00:00+00:00,0.002108756276047608,,0.0002,5.485e-05,,76811.0,BTC-11SEP26,0.6625,0.00525,0.53228,411.5,74.7,,BTC,76759.47,1675.85
2026-09-10T13:30:52.712943+00:00,BTC-25DEC26-150000-P,77852.86,BTC-25DEC26,put,150000.0,2026-12-25T08:00:00+00:00,0.28958308892491824,0.9185,0.9355,0.92843641,0.927,77852.86,BTC-25DEC26,0.5427000000000001,-0.98222,18.34453,4.4,0.0,0.017000000000000015,BTC,76759.47,0.0
2026-09-10T13:30:52.712943+00:00,BTC-25JUN27-120000-P,79777.38,BTC-25JUN27,put,120000.0,2027-06-25T08:00:00+00:00,0.7878719321829607,0.527,0.55,0.53931635,0.5385,79777.38,BTC-25JUN27,0.436,-0.80587,194.60252,0.9,0.0,0.02300000000000002,BTC,76758.14,0.0
2026-09-10T13:30:52.712943+00:00,BTC-30OCT26-87000-P,77246.62,BTC-30OCT26,put,87000.0,2026-10-30T08:00:00+00:00,0.13626344484552058,0.1415,0.149,0.14539087,0.14525,77246.62,BTC-30OCT26,0.4043,-0.76683,87.20468,29.0,0.0,0.007500000000000007,BTC,76759.47,0.0
2026-09-10T13:30:52.712943+00:00,BTC-30OCT26-63000-P,77247.35,BTC-30OCT26,put,63000.0,2026-10-30T08:00:00+00:00,0.13626344484552058,0.007,0.008,0.00759707,0.0075,77247.35,BTC-30OCT26,0.44439999999999996,-0.09319,47.49573,596.5,0.0,0.001,BTC,76759.47,0.0
2026-09-10T13:30:52.712943+00:00,BTC-11SEP26-60000-P,76811.0,BTC-11SEP26,put,60000.0,2026-09-11T08:00:00+00:00,0.002108756276047608,,0.0001,0.0,,76811.0,BTC-11SEP26,0.7981999999999999,0.0,0.0,97.6,0.5,,BTC,76758.14,7.05
2026-09-10T13:30:52.712943+00:00,BTC-25SEP26-160000-C,76927.19,BTC-25SEP26,call,160000.0,2026-09-25T08:00:00+00:00,0.04043866729589703,,0.0001,4e-07,,76927.19,BTC-25SEP26,0.8422,1e-05,0.00762,1498.4,0.0,,BTC,76758.14,0.0
2026-09-10T13:30:52.712943+00:00,BTC-25JUN27-64000-P,79777.91,BTC-25JUN27,put,64000.0,2027-06-25T08:00:00+00:00,0.7878719321829607,0.06,0.062,0.06086867,0.061,79777.91,BTC-25JUN27,0.4361,-0.2235,211.45468,62.4,0.0,0.0020000000000000018,BTC,76758.14,0.0
2026-09-10T13:30:52.712943+00:00,BTC-25JUN27-65000-C,79777.38,BTC-25JUN27,call,65000.0,2027-06-25T08:00:00+00:00,0.7878719321829607,0.2485,0.252,0.25005835,0.25025,79777.38,BTC-25JUN27,0.4338,0.76487,217.55408,1.8,0.1,0.003500000000000003,BTC,76755.31,1937.85
2026-09-10T13:30:52.712943+00:00,BTC-25JUN27-95000-C,79777.38,BTC-25JUN27,call,95000.0,2027-06-25T08:00:00+00:00,0.7878719321829607,0.082,0.084,0.0826243,0.083,79777.38,BTC-25JUN27,0.4164,0.38601,270.7375,56.9,0.0,0.0020000000000000018,BTC,76755.31,0.0
2026-09-10T13:30:52.712943+00:00,BTC-12SEP26-82000-C,76816.12,BTC-12SEP26,call,82000.0,2026-09-12T08:00:00+00:00,0.00484660706317971,0.0007,0.0009,0.00077038,0.0008,76816.12,BTC-12SEP26,0.5578,0.04638,5.19036,52.2,29.6,0.00019999999999999998,BTC,76755.31,8640.97
2026-09-10T13:30:52.712943+00:00,BTC-25DEC26-98000-C,77852.86,BTC-25DEC26,call,98000.0,2026-12-25T08:00:00+00:00,0.28958308892491824,0.0195,0.0205,0.01998775,0.02,77852.86,BTC-25DEC26,0.4175,0.18016,109.94897,343.9,0.0,0.0010000000000000009,BTC,76755.31,0.0
2026-09-10T13:30:52.712943+00:00,BTC-30OCT26-79000-P,77247.35,BTC-30OCT26,put,79000.0,2026-10-30T08:00:00+00:00,0.13626344484552058,0.069,0.07,0.06995843,0.0695,77247.35,BTC-30OCT26,0.389,-0.53603,113.23646,537.8,3.0,0.0010000000000000009,BTC,76755.31,12592.78
2026-09-10T13:30:52.712943+00:00,BTC-30OCT26-98000-C,77247.35,BTC-30OCT26,call,98000.0,2026-10-30T08:00:00+00:00,0.13626344484552058,0.0055,0.0065,0.00586309,0.006,77247.35,BTC-30OCT26,0.4412,0.083,43.56245,299.0,0.3,0.001,BTC,76755.31,173.02
2026-09-10T13:30:52.712943+00:00,BTC-25DEC26-108000-P,77852.86,BTC-25DEC26,put,108000.0,2026-12-25T08:00:00+00:00,0.28958308892491824,0.391,0.4035,0.39764686,0.39725,77852.86,BTC-25DEC26,0.4382,-0.89838,74.36306,0.1,0.0,0.012500000000000011,BTC,76755.31,0.0
2026-09-10T13:30:52.712943+00:00,BTC-13SEP26-83000-C,76823.46,BTC-13SEP26,call,83000.0,2026-09-13T08:00:00+00:00,0.007584457850311811,0.0005,0.0008,0.00066494,0.00065,76823.46,BTC-13SEP26,0.49670000000000003,0.03699,5.40581,16.2,9.1,0.00030000000000000003,BTC,76753.51,998.48
2026-09-10T13:30:52.712943+00:00,BTC-25JUN27-74000-P,79777.91,BTC-25JUN27,put,74000.0,2027-06-25T08:00:00+00:00,0.7878719321829607,0.1085,0.111,0.10953301,0.10975,79777.91,BTC-25JUN27,0.4211,-0.34995,262.11278,12.3,1.1,0.0025000000000000022,BTC,76753.51,8735.2
2026-09-10T13:30:52.712943+00:00,BTC-27NOV26-66000-C,77537.76,BTC-27NOV26,call,66000.0,2026-11-27T08:00:00+00:00,0.21292326688521943,0.168,0.171,0.1692954,0.1695,77537.76,BTC-27NOV26,0.4214,0.82164,93.30204,0.0,0.0,0.0030000000000000027,BTC,76753.51,0.0
2026-09-10T13:30:52.712943+00:00,BTC-25SEP26-86000-C,76926.46,BTC-25SEP26,call,86000.0,2026-09-25T08:00:00+00:00,0.04043866729589703,0.0048,0.0055,0.00520673,0.00515,76926.46,BTC-25SEP26,0.4545,0.11812,30.58614,2188.3,157.6,0.0007000000000000001,BTC,76753.51,113618.7
2026-09-10T13:30:52.712943+00:00,BTC-25DEC26-115000-C,77853.59,BTC-25DEC26,call,115000.0,2026-12-25T08:00:00+00:00,0.28958308892491824,0.0065,0.0075,0.00693124,0.007,77853.59,BTC-25DEC26,0.45409999999999995,0.06989,56.15962,2332.6,0.0,0.001,BTC,76753.51,0.0
2026-09-10T13:30:52.712943+00:00,BTC-13SEP26-74000-C,76822.89,BTC-13SEP26,call,74000.0,2026-09-13T08:00:00+00:00,0.007584457850311811,0.037,0.0425,0.03942952,0.03975,76822.89,BTC-13SEP26,0.40880000000000005,0.85329,15.36101,0.0,0.0,0.005500000000000005,BTC,76760.23,0.0
2026-09-10T13:30:52.712943+00:00,BTC-26MAR27-140000-P,78774.78,BTC-26MAR27,put,140000.0,2027-03-26T08:00:00+00:00,0.5387275105539395,0.7725,0.796,0.78610825,0.78425,78774.78,BTC-26MAR27,0.469,-0.93316,74.87255,10.9,0.0,0.023500000000000076,BTC,76753.51,0.0
2026-09-10T13:30:52.712943+00:00,BTC-14SEP26-69000-P,76831.48,BTC-14SEP26,put,69000.0,2026-09-14T08:00:00+00:00,0.01032230863744391,0.0004,0.0006,0.0005117,0.0005,76831.48,BTC-14SEP26,0.5435,-0.0246,4.49907,0.1,0.1,0.00019999999999999993,BTC,76760.23,2.34
2026-09-10T13:30:52.712943+00:00,BTC-25DEC26-80000-P,77853.59,BTC-25DEC26,put,80000.0,2026-12-25T08:00:00+00:00,0.28958308892491824,0.101,0.102,0.10145492,0.1015,77853.59,BTC-25DEC26,0.4003,-0.50871,167.03506,1283.1,2.6,0.000999999999999987,BTC,76760.23,18694.48
2026-09-10T13:30:52.712943+00:00,BTC-25SEP26-56000-P,76927.19,BTC-25SEP26,put,56000.0,2026-09-25T08:00:00+00:00,0.04043866729589703,0.0002,0.0004,0.0002226,0.0003,76927.19,BTC-25SEP26,0.6332,-0.00537,2.38099,1695.3,10.0,0.0002,BTC,76760.23,235.35
2026-09-10T13:30:52.712943+00:00,BTC-11SEP26-69000-P,76808.5,BTC-11SEP26,put,69000.0,2026-09-11T08:00:00+00:00,0.002108756276047608,,0.0001,1.713e-05,,76808.5,BTC-11SEP26,0.7976000000000001,-0.00171,0.19419,646.1,7.0,,BTC,76760.23,54.93
2026-09-10T13:30:52.712943+00:00,BTC-26MAR27-70000-P,78777.28,BTC-26MAR27,put,70000.0,2027-03-26T08:00:00+00:00,0.5387275105539395,0.066,0.068,0.06712539,0.067,78777.28,BTC-26MAR27,0.4153,-0.29566,199.59584,772.8,0.0,0.0020000000000000018,BTC,76760.23,0.0
2026-09-10T13:30:52.712943+00:00,BTC-25JUN27-86000-C,79777.38,BTC-25JUN27,call,86000.0,2027-06-25T08:00:00+00:00,0.7878719321829607,0.115,0.1175,0.1160523,0.11625,79777.38,BTC-25JUN27,0.41509999999999997,0.4913,282.28551,27.4,0.2,0.0024999999999999883,BTC,76767.36,1865.94
2026-09-10T13:30:52.712943+00:00,BTC-13SEP26-76500-C,76822.89,BTC-13SEP26,call,76500.0,2026-09-13T08:00:00+00:00,0.007584457850311811,0.015,0.016,0.01589634,0.0155,76822.89,BTC-13SEP26,0.39390000000000003,0.54905,26.47882,0.0,0.0,0.0010000000000000009,BTC,76767.36,0.0
2026-09-10T13:30:52.712943+00:00,BTC-27NOV26-100000-C,77537.76,BTC-27NOV26,call,100000.0,2026-11-27T08:00:00+00:00,0.21292326688521943,0.0105,0.0115,0.01083701,0.011,77537.76,BTC-27NOV26,0.4322,0.11918,71.1982,114.7,10.7,0.0009999999999999992,BTC,76767.36,10069.94
2026-09-10T13:30:52.712943+00:00,BTC-26MAR27-64000-C,78774.78,BTC-26MAR27,call,64000.0,2027-03-26T08:00:00+00:00,0.5387275105539395,0.2295,0.232,0.23052477,0.23075,78774.78,BTC-26MAR27,0.4282,0.79268,165.31966,137.8,0.0,0.0025000000000000022,BTC,76767.36,0.0
2026-09-10T13:30:52.712943+00:00,BTC-25DEC26-82000-P,77852.86,BTC-25DEC26,put,82000.0,2026-12-25T08:00:00+00:00,0.28958308892491824,0.1165,0.1175,0.11716083,0.117,77852.86,BTC-25DEC26,0.39990000000000003,-0.55435,165.52307,254.7,1.4,0.000999999999999987,BTC,76767.36,12138.18
2026-09-10T13:30:52.712943+00:00,BTC-25DEC26-90000-P,77852.86,BTC-25DEC26,put,90000.0,2026-12-25T08:00:00+00:00,0.28958308892491824,0.1865,0.1965,0.19143033,0.1915,77852.86,BTC-25DEC26,0.405,-0.71197,142.89775,655.0,0.0,0.010000000000000009,BTC,76767.36,0.0
2026-09-10T13:30:52.712943+00:00,BTC-26MAR27-50000-C,78774.78,BTC-26MAR27,call,50000.0,2027-03-26T08:00:00+00:00,0.5387275105539395,0.3745,0.384,0.37881041,0.37925,78774.78,BTC-26MAR27,0.48590000000000005,0.92657,80.5038,21.6,0.0,0.009500000000000008,BTC,76767.36,0.0
2026-09-10T13:30:52.712943+00:00,BTC-30OCT26-74000-P,77247.35,BTC-30OCT26,put,74000.0,2026-10-30T08:00:00+00:00,0.13626344484552058,0.037,0.038,0.03780605,0.0375,77247.35,BTC-30OCT26,0.3911,-0.35747,106.38222,254.6,2.2,0.0010000000000000009,BTC,76767.36,5400.41
2026-09-10T13:30:52.712943+00:00,BTC-25JUN27-140000-P,79777.91,BTC-25JUN27,put,140000.0,2027-06-25T08:00:00+00:00,0.7878719321829607,0.7605,0.7885,0.77496538,0.7745,79777.91,BTC-25JUN27,0.45770000000000005,-0.88138,140.4539,3.4,0.0,0.028000000000000025,BTC,76772.52,0.0
2026-09-10T13:30:52.712943+00:00,BTC-25DEC26-180000-P,77852.86,BTC-25DEC26,put,180000.0,2026-12-25T08:00:00+00:00,0.28958308892491824,1.298,1.3225,1.31285195,1.31025,77852.86,BTC-25DEC26,0.6069,-0.9919,9.27789,0.1,0.0,0.024499999999999966,BTC,76772.52,0.0
2026-09-10T13:30:52.712943+00:00,BTC-25SEP26-83000-C,76927.02,BTC-25SEP26,call,83000.0,2026-09-25T08:00:00+00:00,0.04043866729589703,0.009,0.01,0.0096437,0.0095,76927.02,BTC-25SEP26,0.4346,0.20121,43.45512,1480.7,74.2,0.0010000000000000009,BTC,76772.52,75132.1
2026-09-10T13:30:52.712943+00:00,BTC-13SEP26-76000-P,76822.89,BTC-13SEP26,put,76000.0,2026-09-13T08:00:00+00:00,0.007584457850311811,0.0085,0.009,0.0088432,0.00875,76822.89,BTC-13SEP26,0.3921,-0.37504,25.36261,5.1,4.1,0.0004999999999999987,BTC,76773.88,1321.61
2026-09-10T13:30:52.712943+00:00,BTC-14SEP26-81000-C,76831.48,BTC-14SEP26,call,81000.0,2026-09-14T08:00:00+00:00,0.01032230863744391,0.0022,0.0026,0.00240068,0.0024,76831.48,BTC-14SEP26,0.42619999999999997,0.11262,14.92324,2.5,2.9,0.00039999999999999975,BTC,76773.88,672.95
2026-09-10T13:30:52.712943+00:00,BTC-27NOV26-110000-P,77537.76,BTC-27NOV26,put,110000.0,2026-11-27T08:00:00+00:00,0.21292326688521943,0.417,0.4285,0.42396474,0.42275,77537.76,BTC-27NOV26,0.46259999999999996,-0.93754,43.97059,0.0,0.0,0.01150000000000001,BTC,76773.88,0.0
2026-09-10T13:30:52.712943+00:00,BTC-14SEP26-80000-P,76831.48,BTC-14SEP26,put,80000.0,2026-09-14T08:00:00+00:00,0.01032230863744391,0.0425,0.0475,0.04497762,0.045,76831.48,BTC-14SEP26,0.41090000000000004,-0.83191,19.60495,0.0,0.0,0.0049999999999999975,BTC,76773.88,0.0
2026-09-10T13:30:52.712943+00:00,BTC-25JUN27-76000-C,79777.38,BTC-25JUN27,call,76000.0,2027-06-25T08:00:00+00:00,0.7878719321829607,0.168,0.171,0.1690783,0.1695,79777.38,BTC-25JUN27,0.4193,0.62345,268.76687,22.6,0.0,0.0030000000000000027,BTC,76773.88,0.0
2026-09-10T13:30:52.712943+00:00,BTC-25DEC26-35000-P,77853.59,BTC-25DEC26,put,35000.0,2026-12-25T08:00:00+00:00,0.28958308892491824,0.0015,0.002,0.0017491,0.00175,77853.59,BTC-25DEC26,0.7148,-0.01164,12.73722,2398.6,0.0,0.0005,BTC,76773.88,0.0
2026-09-10T13:30:52.712943+00:00,BTC-25SEP26-150000-P,76927.19,BTC-25SEP26,put,150000.0,2026-09-25T08:00:00+00:00,0.04043866729589703,0.9435,0.955,0.94991301,0.94925,76927.19,BTC-25SEP26,0.8395999999999999,-0.99995,0.03414,40.5,39.9,0.011499999999999955,BTC,76773.88,2819684.51
2026-09-10T13:30:52.712943+00:00,BTC-11SEP26-83000-P,76808.5,BTC-11SEP26,put,83000.0,2026-09-11T08:00:00+00:00,0.002108756276047608,0.079,0.082,0.080627,0.0805,76808.5,BTC-11SEP26,0.6625,-0.99463,0.54323,13.9,0.0,0.0030000000000000027,BTC,76773.88,0.0
2026-09-10T13:30:52.712943+00:00,BTC-2OCT26-82000-P,76986.8,BTC-2OCT26,put,82000.0,2026-10-02T08:00:00+00:00,0.05960362280582174,0.0775,0.0845,0.08171138,0.081,76986.8,BTC-2OCT26,0.4106,-0.72107,63.13849,0.0,0.0,0.007000000000000006,BTC,76770.35,0.0
2026-09-10T13:30:52.712943+00:00,BTC-30OCT26-61000-C,77247.35,BTC-30OCT26,call,61000.0,2026-10-30T08:00:00+00:00,0.13626344484552058,0.214,0.22,0.21617356,0.217,77247.35,BTC-30OCT26,0.46409999999999996,0.9279,39.1531,7.7,0.0,0.006000000000000005,BTC,76770.35,0.0
2026-09-10T13:30:52.712943+00:00,BTC-26MAR27-50000-P,78774.78,BTC-26MAR27,put,50000.0,2027-03-26T08:00:00+00:00,0.5387275105539395,0.013,0.014,0.01351496,0.0135,78774.78,BTC-26MAR27,0.48590000000000005,-0.07341,80.49343,2458.2,0.8,0.0010000000000000009,BTC,76770.35,781.52
2026-09-10T13:30:52.712943+00:00,BTC-30OCT26-92000-P,77247.35,BTC-30OCT26,put,92000.0,2026-10-30T08:00:00+00:00,0.13626344484552058,0.198,0.2055,0.20185719,0.20175,77247.35,BTC-30OCT26,0.41859999999999997,-0.85524,64.90001,0.1,0.0,0.007499999999999979,BTC,76770.35,0.0
2026-09-10T13:30:52.712943+00:00,BTC-18SEP26-77000-P,76867.22,BTC-18SEP26,put,77000.0,2026-09-18T08:00:00+00:00,0.021273711785972316,0.025,0.026,0.02562719,0.0255,76867.22,BTC-18SEP26,0.4249,-0.50249,44.71435,589.2,173.2,0.0009999999999999974,BTC,76770.35,239153.31
2026-09-10T13:30:52.712943+00:00,BTC-26MAR27-190000-C,78774.78,BTC-26MAR27,call,190000.0,2027-03-26T08:00:00+00:00,0.5387275105539395,0.0027,0.0033,0.0029901,0.003,78774.78,BTC-26MAR27,0.5451,0.02267,31.1188,636.0,7.5,0.0005999999999999998,BTC,76770.35,1985.21
2026-09-10T13:30:52.712943+00:00,BTC-12SEP26-88000-P,76816.25,BTC-12SEP26,put,88000.0,2026-09-12T08:00:00+00:00,0.00484660706317971,0.1425,0.1485,0.14561151,0.1455,76816.25,BTC-12SEP26,0.7358,-0.99583,0.65804,0.0,0.0,0.006000000000000005,BTC,76772.56,0.0
2026-09-10T13:30:52.712943+00:00,BTC-25DEC26-110000-C,77853.59,BTC-25DEC26,call,110000.0,2026-12-25T08:00:00+00:00,0.28958308892491824,0.009,0.01,0.00938538,0.0095,77853.59,BTC-25DEC26,0.44439999999999996,0.09212,69.20403,2761.0,1.6,0.0010000000000000009,BTC,76770.35,1329.3
2026-09-10T13:30:52.712943+00:00,BTC-2OCT26-70000-C,76986.8,BTC-2OCT26,call,70000.0,2026-10-02T08:00:00+00:00,0.05960362280582174,0.097,0.1035,0.09993303,0.10025,76986.8,BTC-2OCT26,0.4169,0.83685,46.30437,0.0,0.0,0.006499999999999992,BTC,76772.56,0.0
2026-09-10T13:30:52.712943+00:00,BTC-25JUN27-190000-P,79777.91,BTC-25JUN27,put,190000.0,2027-06-25T08:00:00+00:00,0.7878719321829607,1.3695,1.4075,1.38896269,1.3885,79777.91,BTC-25JUN27,0.5123,-0.95368,68.67941,0.6,0.0,0.038000000000000034,BTC,76772.56,0.0
2026-09-10T13:30:52.712943+00:00,BTC-25SEP26-88000-P,76926.46,BTC-25SEP26,put,88000.0,2026-09-25T08:00:00+00:00,0.04043866729589703,0.1445,0.15,0.14740134,0.14725,76926.46,BTC-25SEP26,0.4677,-0.91846,23.32515,6.3,0.5,0.005500000000000005,BTC,76772.56,5244.78
2026-09-10T13:30:52.712943+00:00,BTC-14SEP26-86000-C,76831.48,BTC-14SEP26,call,86000.0,2026-09-14T08:00:00+00:00,0.01032230863744391,0.0002,0.0005,0.00029792,0.00035,76831.48,BTC-14SEP26,0.5124,0.01622,3.1611,0.0,0.0,0.00030000000000000003,BTC,76776.08,0.0
2026-09-10T13:30:52.712943+00:00,BTC-25JUN27-102000-P,79777.38,BTC-25JUN27,put,102000.0,2027-06-25T08:00:00+00:00,0.7878719321829607,0.332,0.352,0.34242933,0.342,79777.38,BTC-25JUN27,0.42,-0.68241,252.33674,0.0,0.0,0.019999999999999962,BTC,76776.08,0.0
2026-09-10T13:30:52.712943+00:00,BTC-14SEP26-77000-P,76831.48,BTC-14SEP26,put,77000.0,2026-09-14T08:00:00+00:00,0.01032230863744391,0.016,0.017,0.01647659,0.0165,76831.48,BTC-14SEP26,0.3789,-0.51995,31.09509,0.0,0.0,0.0010000000000000009,BTC,76776.08,0.0
2026-09-10T13:30:52.712943+00:00,BTC-30OCT26-98000-P,77247.35,BTC-30OCT26,put,98000.0,2026-10-30T08:00:00+00:00,0.13626344484552058,0.2705,0.278,0.27452209,0.27425,77247.35,BTC-30OCT26,0.4412,-0.91674,43.67985,0.0,0.0,0.007500000000000007,BTC,76776.08,0.0
2026-09-10T13:30:52.712943+00:00,BTC-26MAR27-76000-P,78774.31,BTC-26MAR27,put,76000.0,2027-03-26T08:00:00+00:00,0.5387275105539395,0.099,0.1005,0.09999188,0.09975,78774.31,BTC-26MAR27,0.40740000000000004,-0.39455,222.50485,262.0,14.8,0.0015000000000000013,BTC,76776.08,108590.18
2026-09-10T13:30:52.712943+00:00,BTC-30OCT26-64000-C,77246.62,BTC-30OCT26,call,64000.0,2026-10-30T08:00:00+00:00,0.13626344484552058,0.178,0.183,0.18022994,0.1805,77246.62,BTC-30OCT26,0.4359,0.89358,52.34307,416.8,0.0,0.0050000000000000044,BTC,76776.08,0.0
2026-09-10T13:30:52.712943+00:00,BTC-25SEP26-76000-C,76926.46,BTC-25SEP26,call,76000.0,2026-09-25T08:00:00+00:00,0.04043866729589703,0.038,0.0395,0.03905845,0.03875,76926.46,BTC-25SEP26,0.40979999999999994,0.57219,60.68604,2785.4,103.7,0.0015000000000000013,BTC,76776.08,318626.93
2026-09-10T13:30:52.712943+00:00,BTC-25SEP26-110000-C,76927.19,BTC-25SEP26,call,110000.0,2026-09-25T08:00:00+00:00,0.04043866729589703,0.0001,0.0002,0.00016433,0.00015,76927.19,BTC-25SEP26,0.6570999999999999,0.00391,1.79392,1524.8,4.3,0.0001,BTC,76776.08,67.33
2026-09-10T13:30:52.712943+00:00,BTC-25DEC26-82000-C,77852.86,BTC-25DEC26,call,82000.0,2026-12-25T08:00:00+00:00,0.28958308892491824,0.0635,0.0645,0.06389364,0.064,77852.86,BTC-25DEC26,0.39990000000000003,0.44603,165.57951,1302.5,53.8,0.0010000000000000009,BTC,76783.38,298709.07
2026-09-10T13:30:52.712943+00:00,BTC-27NOV26-115000-P,77537.76,BTC-27NOV26,put,115000.0,2026-11-27T08:00:00+00:00,0.21292326688521943,0.479,0.491,0.48693411,0.485,77537.76,BTC-27NOV26,0.47619999999999996,-0.95408,34.46406,0.0,0.0,0.01200000000000001,BTC,76783.38,0.0
2026-09-10T13:30:52.712943+00:00,BTC-18SEP26-72000-C,76867.22,BTC-18SEP26,call,72000.0,2026-09-18T08:00:00+00:00,0.021273711785972316,0.066,0.0705,0.06810576,0.06825,76867.22,BTC-18SEP26,0.434,0.85469,25.58479,0.1,0.0,0.00449999999999999,BTC,76783.38,0.0
2026-09-10T13:30:52.712943+00:00,BTC-25JUN27-108000-P,79777.91,BTC-25JUN27,put,108000.0,2027-06-25T08:00:00+00:00,0.7878719321829607,0.395,0.416,0.40545841,0.4055,79777.91,BTC-25JUN27,0.4242,-0.73145,233.45474,0.2,0.2,0.020999999999999963,BTC,76783.38,5989.85
2026-09-10T13:30:52.712943+00:00,BTC-27NOV26-64000-C,77538.49,BTC-27NOV26,call,64000.0,2026-11-27T08:00:00+00:00,0.21292326688521943,0.188,0.195,0.19077897,0.1915,77538.49,BTC-27NOV26,0.43189999999999995,0.85564,81.30061,0.0,0.0,0.007000000000000006,BTC,76785.09,0.0
2026-09-10T13:30:52.712943+00:00,BTC-25SEP26-55000-P,76927.19,BTC-25SEP26,put,55000.0,2026-09-25T08:00:00+00:00,0.04043866729589703,0.0001,0.0003,0.00018424,0.0002,76927.19,BTC-25SEP26,0.6517000000000001,-0.00434,1.96943,3029.4,102.5,0.00019999999999999998,BTC,76783.38,824.12
2026-09-10T13:30:52.712943+00:00,BTC-25DEC26-130000-P,77853.59,BTC-25DEC26,put,130000.0,2026-12-25T08:00:00+00:00,0.28958308892491824,0.6635,0.6805,0.67329832,0.672,77853.59,BTC-25DEC26,0.4935,-0.964,33.12513,54.0,0.0,0.017000000000000015,BTC,76783.38,0.0
2026-09-10T13:30:52.712943+00:00,BTC-25DEC26-106000-C,77852.86,BTC-25DEC26,call,106000.0,2026-12-25T08:00:00+00:00,0.28958308892491824,0.0115,0.0125,0.01187524,0.012,77852.86,BTC-25DEC26,0.4346,0.11442,81.02493,778.7,0.1,0.0010000000000000009,BTC,76785.09,105.96
2026-09-10T13:30:52.712943+00:00,BTC-2OCT26-72000-C,76987.31,BTC-2OCT26,call,72000.0,2026-10-02T08:00:00+00:00,0.05960362280582174,0.0775,0.08,0.07902502,0.07875,76987.31,BTC-2OCT26,0.4052,0.76544,57.69522,0.0,0.0,0.0025000000000000022,BTC,76785.09,0.0
2026-09-10T13:30:52.712943+00:00,BTC-25DEC26-30000-C,77853.59,BTC-25DEC26,call,30000.0,2026-12-25T08:00:00+00:00,0.28958308892491824,0.6145,0.6175,0.61565358,0.616,77853.59,BTC-25DEC26,0.7775,0.99356,7.58273,300.7,0.0,0.0030000000000000027,BTC,76785.09,0.0
2026-09-10T13:30:52.712943+00:00,BTC-27NOV26-75000-P,77537.76,BTC-27NOV26,put,75000.0,2026-11-27T08:00:00+00:00,0.21292326688521943,0.0565,0.0575,0.05694479,0.057,77537.76,BTC-27NOV26,0.39899999999999997,-0.39315,137.58897,282.3,1.6,0.0010000000000000009,BTC,76789.73,6054.73
2026-09-10T13:30:52.712943+00:00,BTC-25DEC26-180000-C,77853.59,BTC-25DEC26,call,180000.0,2026-12-25T08:00:00+00:00,0.28958308892491824,0.0008,0.001,0.00080202,0.0009,77853.59,BTC-25DEC26,0.6069,0.00811,9.29503,934.3,0.2,0.00019999999999999998,BTC,76785.09,14.12
2026-09-10T13:30:52.712943+00:00,BTC-25SEP26-74000-P,76926.46,BTC-25SEP26,put,74000.0,2026-09-25T08:00:00+00:00,0.04043866729589703,0.0165,0.017,0.01693092,0.01675,76926.46,BTC-25SEP26,0.41259999999999997,-0.30622,54.27823,703.6,33.8,0.0005000000000000004,BTC,76785.09,34601.98
2026-09-10T13:30:52.712943+00:00,BTC-25DEC26-106000-P,77852.86,BTC-25DEC26,put,106000.0,2026-12-25T08:00:00+00:00,0.28958308892491824,0.367,0.379,0.37341576,0.373,77852.86,BTC-25DEC26,0.4346,-0.88558,81.02493,0.2,0.0,0.01200000000000001,BTC,76789.73,0.0
2026-09-10T13:30:52.712943+00:00,BTC-30OCT26-94000-C,77247.35,BTC-30OCT26,call,94000.0,2026-10-30T08:00:00+00:00,0.13626344484552058,0.0085,0.009,0.00896618,0.00875,77247.35,BTC-30OCT26,0.4282,0.12119,57.43617,408.4,24.9,0.0004999999999999987,BTC,76789.73,17955.46
2026-09-10T13:30:52.712943+00:00,BTC-26MAR27-88000-P,78774.31,BTC-26MAR27,put,88000.0,2027-03-26T08:00:00+00:00,0.5387275105539395,0.1905,0.1945,0.19248833,0.1925,78774.31,BTC-26MAR27,0.40619999999999995,-0.58845,224.95657,4.7,0.0,0.0040000000000000036,BTC,76789.73,0.0
2026-09-10T13:30:52.712943+00:00,BTC-30OCT26-57000-P,77247.35,BTC-30OCT26,put,57000.0,2026-10-30T08:00:00+00:00,0.13626344484552058,0.0033,0.0036,0.00349486,0.00345,77247.35,BTC-30OCT26,0.5061,-0.04277,25.94016,209.6,0.0,0.0002999999999999999,BTC,76789.73,0.0
2026-09-10T13:30:52.712943+00:00,BTC-25DEC26-62000-P,77853.59,BTC-25DEC26,put,62000.0,2026-12-25T08:00:00+00:00,0.28958308892491824,0.0185,0.019,0.0186464,0.01875,77853.59,BTC-25DEC26,0.4382,-0.13967,93.09893,1540.1,1.8,0.0005000000000000004,BTC,76789.73,2149.14
2026-09-10T13:30:52.712943+00:00,BTC-25JUN27-96000-C,79777.91,BTC-25JUN27,call,96000.0,2027-06-25T08:00:00+00:00,0.7878719321829607,0.0785,0.081,0.07953734,0.07975,79777.91,BTC-25JUN27,0.41659999999999997,0.37571,268.62035,32.2,0.0,0.0025000000000000022,BTC,76784.99,0.0
2026-09-10T13:30:52.712943+00:00,BTC-25SEP26-45000-C,76927.19,BTC-25SEP26,call,45000.0,2026-09-25T08:00:00+00:00,0.04043866729589703,0.4135,0.4165,0.4150775,0.415,76927.19,BTC-25SEP26,0.8865999999999999,0.99901,0.51565,224.9,0.0,0.0030000000000000027,BTC,76784.99,0.0
2026-09-10T13:30:52.712943+00:00,BTC-13SEP26-77000-P,76823.46,BTC-13SEP26,put,77000.0,2026-09-13T08:00:00+00:00,0.007584457850311811,0.0145,0.0155,0.01488707,0.015,76823.46,BTC-13SEP26,0.3947,-0.5241,26.63815,0.7,0.7,0.0009999999999999992,BTC,76784.99,451.81
2026-09-10T13:30:52.712943+00:00,BTC-26MAR27-200000-C,78774.78,BTC-26MAR27,call,200000.0,2027-03-26T08:00:00+00:00,0.5387275105539395,0.0023,0.0028,0.00258005,0.00255,78774.78,BTC-26MAR27,0.5593,0.01944,27.32668,485.6,0.0,0.0005,BTC,76784.99,0.0
2026-09-10T13:30:52.712943+00:00,BTC-14SEP26-77500-P,76831.48,BTC-14SEP26,put,77500.0,2026-09-14T08:00:00+00:00,0.01032230863744391,0.0195,0.0205,0.02029302,0.02,76831.48,BTC-14SEP26,0.38270000000000004,-0.58549,30.41658,0.0,0.0,0.0010000000000000009,BTC,76775.73,0.0
2026-09-10T13:30:52.712943+00:00,BTC-12SEP26-81000-C,76816.12,BTC-12SEP26,call,81000.0,2026-09-12T08:00:00+00:00,0.00484660706317971,0.0012,0.0014,0.00127066,0.0013,76816.12,BTC-12SEP26,0.5287,0.07572,7.62294,5028.2,424.3,0.0002000000000000001,BTC,76775.73,170787.56
2026-09-10T13:30:52.712943+00:00,BTC-30OCT26-60000-P,77247.35,BTC-30OCT26,put,60000.0,2026-10-30T08:00:00+00:00,0.13626344484552058,0.0049,0.0055,0.00525344,0.0052,77247.35,BTC-30OCT26,0.4769,-0.06402,35.72765,1541.4,65.2,0.0005999999999999998,BTC,76784.99,22598.68
2026-09-10T13:30:52.712943+00:00,BTC-30OCT26-52000-P,77247.35,BTC-30OCT26,put,52000.0,2026-10-30T08:00:00+00:00,0.13626344484552058,0.002,0.0023,0.00204775,0.00215,77247.35,BTC-30OCT26,0.5722999999999999,-0.02407,16.13752,122.6,0.0,0.0002999999999999999,BTC,76775.73,0.0
2026-09-10T13:30:52.712943+00:00,BTC-14SEP26-75000-P,76831.48,BTC-14SEP26,put,75000.0,2026-09-14T08:00:00+00:00,0.01032230863744391,0.0055,0.0065,0.00616428,0.006,76831.48,BTC-14SEP26,0.37979999999999997,-0.26297,25.46201,0.5,0.5,0.001,BTC,76775.73,138.29
2026-09-10T13:30:52.712943+00:00,BTC-25DEC26-140000-P,77853.59,BTC-25DEC26,put,140000.0,2026-12-25T08:00:00+00:00,0.28958308892491824,0.7915,0.8085,0.80064175,0.8,77853.59,BTC-25DEC26,0.5183,-0.97536,24.18747,0.3,0.1,0.017000000000000015,BTC,76775.73,5999.53
2026-09-10T13:30:52.712943+00:00,BTC-26MAR27-102000-P,78774.78,BTC-26MAR27,put,102000.0,2027-03-26T08:00:00+00:00,0.5387275105539395,0.324,0.341,0.33313755,0.3325,78774.78,BTC-26MAR27,0.4164,-0.75625,181.21402,0.1,0.0,0.017000000000000015,BTC,76775.73,0.0
2026-09-10T13:30:52.712943+00:00,BTC-25JUN27-104000-P,79777.91,BTC-25JUN27,put,104000.0,2027-06-25T08:00:00+00:00,0.7878719321829607,0.3525,0.3725,0.36305666,0.3625,79777.91,BTC-25JUN27,0.42119999999999996,-0.69968,246.23933,0.0,0.0,0.020000000000000018,BTC,76773.77,0.0
2026-09-10T13:30:52.712943+00:00,BTC-12SEP26-75500-P,76816.25,BTC-12SEP26,put,75500.0,2026-09-12T08:00:00+00:00,0.00484660706317971,0.0055,0.006,0.00584651,0.00575,76816.25,BTC-12SEP26,0.4582,-0.29365,18.40567,268.4,267.0,0.0005000000000000004,BTC,76773.77,56902.39
2026-09-10T13:30:52.712943+00:00,BTC-25SEP26-98000-P,76927.19,BTC-25SEP26,put,98000.0,2026-09-25T08:00:00+00:00,0.04043866729589703,0.271,0.2775,0.27459766,0.27425,76927.19,BTC-25SEP26,0.5531,-0.98309,6.49099,0.1,0.0,0.006500000000000006,BTC,76773.77,0.0
2026-09-10T13:30:52.712943+00:00,BTC-14SEP26-72000-C,76831.48,BTC-14SEP26,call,72000.0,2026-09-14T08:00:00+00:00,0.01032230863744391,0.0615,0.067,0.06425969,0.06425,76831.48,BTC-14SEP26,0.4346,0.93124,10.33526,0.0,0.0,0.005500000000000005,BTC,76773.77,0.0
2026-09-10T13:30:52.712943+00:00,BTC-25JUN27-98000-P,79777.91,BTC-25JUN27,put,98000.0,2027-06-25T08:00:00+00:00,0.7878719321829607,0.2935,0.3105,0.30227093,0.302,79777.91,BTC-25JUN27,0.4177,-0.64475,263.59955,0.1,0.0,0.017000000000000015,BTC,76773.77,0.0
2026-09-10T13:30:52.712943+00:00,BTC-25SEP26-40000-C,76927.19,BTC-25SEP26,call,40000.0,2026-09-25T08:00:00+00:00,0.04043866729589703,0.4785,0.482,0.48006479,0.48025,76927.19,BTC-25SEP26,1.0499,0.99931,0.3694,34.4,0.0,0.003500000000000003,BTC,76773.77,0.0
2026-09-10T13:30:52.712943+00:00,BTC-25SEP26-155000-C,76926.46,BTC-25SEP26,call,155000.0,2026-09-25T08:00:00+00:00,0.04043866729589703,,0.0001,8.9e-07,,76926.46,BTC-25SEP26,0.8402,2e-05,0.01602,378.0,0.0,,BTC,76773.77,0.0
2026-09-10T13:30:52.712943+00:00,BTC-25JUN27-100000-P,79777.38,BTC-25JUN27,put,100000.0,2027-06-25T08:00:00+00:00,0.7878719321829607,0.3125,0.3315,0.32218768,0.322,79777.38,BTC-25JUN27,0.4189,-0.66397,258.1961,1.5,0.1,0.019000000000000017,BTC,76771.46,2369.86
2026-09-10T13:30:52.712943+00:00,BTC-27NOV26-94000-P,77537.76,BTC-27NOV26,put,94000.0,2026-11-27T08:00:00+00:00,0.21292326688521943,0.2235,0.2345,0.22997634,0.229,77537.76,BTC-27NOV26,0.418,-0.81717,94.78551,0.0,0.0,0.010999999999999982,BTC,76771.46,0.0
2026-09-10T13:30:52.712943+00:00,BTC-25SEP26-68000-P,76927.19,BTC-25SEP26,put,68000.0,2026-09-25T08:00:00+00:00,0.04043866729589703,0.0032,0.0035,0.00338511,0.00335,76927.19,BTC-25SEP26,0.45,-0.07997,22.98597,2067.3,342.3,0.0002999999999999999,BTC,76771.46,65985.0
2026-09-10T13:30:52.712943+00:00,BTC-18SEP26-75000-P,76864.72,BTC-18SEP26,put,75000.0,2026-09-18T08:00:00+00:00,0.021273711785972316,0.0135,0.0145,0.01406467,0.014,76864.72,BTC-18SEP26,0.4227,-0.33649,40.90482,1211.0,922.8,0.0010000000000000009,BTC,76771.46,660160.29
2026-09-10T13:30:52.712943+00:00,BTC-26MAR27-95000-C,78774.31,BTC-26MAR27,call,95000.0,2027-03-26T08:00:00+00:00,0.5387275105539395,0.0525,0.0545,0.05351281,0.0535,78774.31,BTC-26MAR27,0.4102,0.31795,206.14354,569.2,0.0,0.0020000000000000018,BTC,76771.46,0.0
2026-09-10T13:30:52.712943+00:00,BTC-30OCT26-56000-C,77247.35,BTC-30OCT26,call,56000.0,2026-10-30T08:00:00+00:00,0.13626344484552058,0.276,0.281,0.27819272,0.2785,77247.35,BTC-30OCT26,0.5192,0.96181,23.65635,0.0,0.0,0.0050000000000000044,BTC,76771.46,0.0
2026-09-10T13:30:52.712943+00:00,BTC-25DEC26-70000-C,77853.59,BTC-25DEC26,call,70000.0,2026-12-25T08:00:00+00:00,0.28958308892491824,0.1425,0.1445,0.14347191,0.1435,77853.59,BTC-25DEC26,0.4108,0.72205,140.49473,1923.5,0.0,0.0020000000000000018,BTC,76771.46,0.0
2026-09-10T13:30:52.712943+00:00,BTC-25DEC26-30000-P,77852.86,BTC-25DEC26,put,30000.0,2026-12-25T08:00:00+00:00,0.28958308892491824,0.0008,0.0012,0.00099523,0.001,77852.86,BTC-25DEC26,0.7775,-0.00644,7.58757,2127.9,5.3,0.00039999999999999986,BTC,76774.04,454.55
2026-09-10T13:30:52.712943+00:00,BTC-25JUN27-95000-P,79777.38,BTC-25JUN27,put,95000.0,2027-06-25T08:00:00+00:00,0.7878719321829607,0.271,0.277,0.27337834,0.274,79777.38,BTC-25JUN27,0.4164,-0.61383,270.81595,20.2,0.0,0.006000000000000005,BTC,76774.04,0.0
2026-09-10T13:30:52.712943+00:00,BTC-30OCT26-70000-P,77246.62,BTC-30OCT26,put,70000.0,2026-10-30T08:00:00+00:00,0.13626344484552058,0.021,0.0215,0.02132735,0.02125,77246.62,BTC-30OCT26,0.4011,-0.23097,86.76736,879.0,0.4,0.000499999999999997,BTC,76774.04,514.5
2026-09-10T13:30:52.712943+00:00,BTC-25JUN27-82000-P,79777.38,BTC-25JUN27,put,82000.0,2027-06-25T08:00:00+00:00,0.7878719321829607,0.162,0.165,0.16280455,0.1635,79777.38,BTC-25JUN27,0.4158,-0.45688,280.75057,23.6,0.1,0.0030000000000000027,BTC,76789.73,1186.71
2026-09-10T13:30:52.712943+00:00,BTC-25SEP26-180000-P,76927.19,BTC-25SEP26,put,180000.0,2026-09-25T08:00:00+00:00,0.04043866729589703,1.334,1.346,1.33989325,1.34,76927.19,BTC-25SEP26,0.9181999999999999,-1.0,0.00233,10.5,0.0,0.01200000000000001,BTC,76774.04,0.0
2026-09-10T13:30:52.712943+00:00,BTC-2OCT26-77000-C,76986.8,BTC-2OCT26,call,77000.0,2026-10-02T08:00:00+00:00,0.05960362280582174,0.038,0.039,0.03873027,0.0385,76986.8,BTC-2OCT26,0.3983,0.51642,74.90352,3.6,3.6,0.0010000000000000009,BTC,76789.73,10722.1
2026-09-10T13:30:52.712943+00:00,BTC-25JUN27-200000-C,79777.91,BTC-25JUN27,call,200000.0,2027-06-25T08:00:00+00:00,0.7878719321829607,0.006,0.007,0.00645743,0.0065,79777.91,BTC-25JUN27,0.5229,0.04023,61.30035,27.7,0.0,0.001,BTC,76789.73,0.0
2026-09-10T13:30:52.712943+00:00,BTC-30OCT26-68000-C,77247.35,BTC-30OCT26,call,68000.0,2026-10-30T08:00:00+00:00,0.13626344484552058,0.133,0.1395,0.13547944,0.13625,77247.35,BTC-30OCT26,0.4096,0.82034,74.73266,518.8,0.0,0.006500000000000006,BTC,76789.73,0.0
2026-09-10T13:30:52.712943+00:00,BTC-27NOV26-75000-C,77537.76,BTC-27NOV26,call,75000.0,2026-11-27T08:00:00+00:00,0.21292326688521943,0.089,0.091,0.08973002,0.09,77537.76,BTC-27NOV26,0.39899999999999997,0.60713,137.58017,260.6,0.0,0.0020000000000000018,BTC,76799.11,0.0
2026-09-10T13:30:52.712943+00:00,BTC-30OCT26-100000-C,77247.35,BTC-30OCT26,call,100000.0,2026-10-30T08:00:00+00:00,0.13626344484552058,0.0046,0.005,0.00483784,0.0048,77247.35,BTC-30OCT26,0.449,0.06973,38.17323,1713.0,44.3,0.0004000000000000002,BTC,76789.73,19149.66
2026-09-10T13:30:52.712943+00:00,BTC-25DEC26-105000-C,77853.59,BTC-25DEC26,call,105000.0,2026-12-25T08:00:00+00:00,0.28958308892491824,0.012,0.013,0.01267248,0.0125,77853.59,BTC-25DEC26,0.43270000000000003,0.12101,84.30674,914.3,0.0,0.0009999999999999992,BTC,76789.73,0.0
2026-09-10T13:30:52.712943+00:00,BTC-25DEC26-52000-C,77853.59,BTC-25DEC26,call,52000.0,2026-12-25T08:00:00+00:00,0.28958308892491824,0.336,0.3425,0.33911874,0.33925,77853.59,BTC-25DEC26,0.5109,0.94572,46.12632,0.1,0.0,0.006500000000000006,BTC,76799.11,0.0
2026-09-10T13:30:52.712943+00:00,BTC-18SEP26-90000-P,76864.72,BTC-18SEP26,put,90000.0,2026-09-18T08:00:00+00:00,0.021273711785972316,0.1685,0.174,0.17154698,0.17125,76864.72,BTC-18SEP26,0.5363,-0.9757,6.39889,0.0,0.0,0.005499999999999977,BTC,76799.11,0.0
2026-09-10T13:30:52.712943+00:00,BTC-25SEP26-145000-P,76926.46,BTC-25SEP26,put,145000.0,2026-09-25T08:00:00+00:00,0.04043866729589703,0.88,0.8885,0.88491671,0.88425,76926.46,BTC-25SEP26,0.8137000000000001,-0.99993,0.04643,0.2,0.0,0.008499999999999952,BTC,76799.11,0.0
2026-09-10T13:30:52.712943+00:00,BTC-18SEP26-85000-P,76864.72,BTC-18SEP26,put,85000.0,2026-09-18T08:00:00+00:00,0.021273711785972316,0.1055,0.111,0.10840651,0.10825,76864.72,BTC-18SEP26,0.48469999999999996,-0.91951,16.74655,1.2,0.1,0.005500000000000005,BTC,76799.11,692.01
2026-09-10T13:30:52.712943+00:00,BTC-30OCT26-81000-C,77247.35,BTC-30OCT26,call,81000.0,2026-10-30T08:00:00+00:00,0.13626344484552058,0.037,0.038,0.03782659,0.0375,77247.35,BTC-30OCT26,0.3912,0.39808,110.03634,419.8,0.0,0.0010000000000000009,BTC,76799.11,0.0
2026-09-10T13:30:52.712943+00:00,BTC-30OCT26-55000-C,77247.35,BTC-30OCT26,call,55000.0,2026-10-30T08:00:00+00:00,0.13626344484552058,0.289,0.2935,0.29086495,0.29125,77247.35,BTC-30OCT26,0.534,0.96574,21.65454,0.1,0.0,0.004500000000000004,BTC,76799.11,0.0
2026-09-10T13:30:52.712943+00:00,BTC-25DEC26-94000-P,77853.59,BTC-25DEC26,put,94000.0,2026-12-25T08:00:00+00:00,0.28958308892491824,0.2275,0.2395,0.2338907,0.2335,77853.59,BTC-25DEC26,0.4106,-0.77121,126.8564,5.3,0.0,0.011999999999999983,BTC,76800.63,0.0
2026-09-10T13:30:52.712943+00:00,BTC-12SEP26-71000-C,76816.25,BTC-12SEP26,call,71000.0,2026-09-12T08:00:00+00:00,0.00484660706317971,0.074,0.0785,0.07631679,0.07625,76816.25,BTC-12SEP26,0.621,0.96738,3.8991,0.0,0.0,0.004500000000000004,BTC,76800.63,0.0
2026-09-10T13:30:52.712943+00:00,BTC-25JUN27-66000-C,79777.91,BTC-25JUN27,call,66000.0,2027-06-25T08:00:00+00:00,0.7878719321829607,0.24,0.2435,0.24173774,0.24175,79777.91,BTC-25JUN27,0.4321,0.75336,223.40439,25.6,0.0,0.003500000000000003,BTC,76800.63,0.0
2026-09-10T13:30:52.712943+00:00,BTC-27NOV26-60000-C,77537.76,BTC-27NOV26,call,60000.0,2026-11-27T08:00:00+00:00,0.21292326688521943,0.2335,0.2405,0.23629837,0.237,77537.76,BTC-27NOV26,0.45740000000000003,0.90659,59.73482,0.1,0.0,0.0069999999999999785,BTC,76800.54,0.0
2026-09-10T13:30:52.712943+00:00,BTC-25JUN27-66000-P,79777.91,BTC-25JUN27,put,66000.0,2027-06-25T08:00:00+00:00,0.7878719321829607,0.068,0.07,0.06899844,0.069,79777.91,BTC-25JUN27,0.4321,-0.24664,223.40432,46.6,0.2,0.0020000000000000018,BTC,76800.54,998.81
2026-09-10T13:30:52.712943+00:00,BTC-25DEC26-94000-C,77853.59,BTC-25DEC26,call,94000.0,2026-12-25T08:00:00+00:00,0.28958308892491824,0.026,0.027,0.02648685,0.0265,77853.59,BTC-25DEC26,0.4106,0.22879,126.8564,393.5,3.0,0.0010000000000000009,BTC,76800.63,7545.35
2026-09-10T13:30:52.712943+00:00,BTC-27NOV26-68000-C,77538.49,BTC-27NOV26,call,68000.0,2026-11-27T08:00:00+00:00,0.21292326688521943,0.148,0.1505,0.14900307,0.14925,77538.49,BTC-27NOV26,0.4131,0.78316,105.07824,0.0,0.0,0.0025000000000000022,BTC,76800.54,0.0
2026-09-10T13:30:52.712943+00:00,BTC-12SEP26-85000-C,76816.12,BTC-12SEP26,call,85000.0,2026-09-12T08:00:00+00:00,0.00484660706317971,0.0001,0.0003,0.00019212,0.0002,76816.12,BTC-12SEP26,0.6423000000000001,0.01237,1.7145,46.0,14.9,0.00019999999999999998,BTC,76800.54,605.48
2026-09-10T13:30:52.712943+00:00,BTC-25SEP26-56000-C,76927.19,BTC-25SEP26,call,56000.0,2026-09-25T08:00:00+00:00,0.04043866729589703,0.27,0.274,0.27225585,0.272,76927.19,BTC-25SEP26,0.6332,0.9947,2.35506,13.4,0.0,0.0040000000000000036,BTC,76800.54,0.0
2026-09-10T13:30:52.712943+00:00,BTC-25SEP26-62000-C,76926.46,BTC-25SEP26,call,62000.0,2026-09-25T08:00:00+00:00,0.04043866729589703,0.1925,0.197,0.19475414,0.19475,76926.46,BTC-25SEP26,0.525,0.98208,6.82258,597.4,0.0,0.004500000000000004,BTC,76800.54,0.0
2026-09-10T13:30:52.712943+00:00,BTC-30OCT26-105000-C,77247.35,BTC-30OCT26,call,105000.0,2026-10-30T08:00:00+00:00,0.13626344484552058,0.0029,0.0033,0.00306676,0.0031,77247.35,BTC-30OCT26,0.4686,0.0456,27.31919,1151.0,1.9,0.0004000000000000002,BTC,76800.54,494.66
2026-09-10T13:30:52.712943+00:00,BTC-30OCT26-55000-P,77247.35,BTC-30OCT26,put,55000.0,2026-10-30T08:00:00+00:00,0.13626344484552058,0.0026,0.0031,0.00286745,0.00285,77247.35,BTC-30OCT26,0.534,-0.03426,21.65104,312.1,1.0,0.0005,BTC,76800.54,210.46
2026-09-10T13:30:52.712943+00:00,BTC-25JUN27-160000-P,79777.91,BTC-25JUN27,put,160000.0,2027-06-25T08:00:00+00:00,0.7878719321829607,1.002,1.034,1.01841281,1.018,79777.91,BTC-25JUN27,0.4813,-0.9216,103.6911,0.2,0.0,0.03200000000000003,BTC,76814.69,0.0
2026-09-10T13:30:52.712943+00:00,BTC-14SEP26-71000-P,76831.48,BTC-14SEP26,put,71000.0,2026-09-14T08:00:00+00:00,0.01032230863744391,0.0007,0.001,0.00091971,0.00085,76831.48,BTC-14SEP26,0.46799999999999997,-0.04522,7.43072,0.1,0.1,0.00030000000000000003,BTC,76814.69,4.66
2026-09-10T13:30:52.712943+00:00,BTC-25SEP26-70000-C,76927.19,BTC-25SEP26,call,70000.0,2026-09-25T08:00:00+00:00,0.04043866729589703,0.094,0.0985,0.09592157,0.09625,76927.19,BTC-25SEP26,0.4328,0.8711,32.54242,10959.1,0.8,0.004500000000000004,BTC,76814.69,6812.5
2026-09-10T13:30:52.712943+00:00,BTC-12SEP26-86000-P,76816.25,BTC-12SEP26,put,86000.0,2026-09-12T08:00:00+00:00,0.00484660706317971,0.117,0.1225,0.11963104,0.11975,76816.25,BTC-12SEP26,0.6674,-0.99178,1.20044,0.0,0.0,0.005499999999999991,BTC,76837.45,0.0
2026-09-10T13:30:52.712943+00:00,BTC-27NOV26-85000-P,77537.76,BTC-27NOV26,put,85000.0,2026-11-27T08:00:00+00:00,0.21292326688521943,0.133,0.1365,0.13490508,0.13475,77537.76,BTC-27NOV26,0.4025,-0.65606,131.71918,23.5,12.5,0.003500000000000003,BTC,76837.45,112395.59
2026-09-10T13:30:52.712943+00:00,BTC-25SEP26-260000-P,76927.19,BTC-25SEP26,put,260000.0,2026-09-25T08:00:00+00:00,0.04043866729589703,2.371,2.387,2.37984568,2.379,76927.19,BTC-25SEP26,1.2309,-1.0,0.00063,0.0,0.0,0.016000000000000014,BTC,76814.69,0.0
2026-09-10T13:30:52.712943+00:00,BTC-11SEP26-78500-P,76808.5,BTC-11SEP26,put,78500.0,2026-09-11T08:00:00+00:00,0.002108756276047608,0.0215,0.025,0.02325757,0.02325,76808.5,BTC-11SEP26,0.4203,-0.86416,7.692,127.8,56.1,0.003500000000000003,BTC,76837.45,32348.93
2026-09-10T13:30:52.712943+00:00,BTC-26MAR27-85000-C,78774.78,BTC-26MAR27,call,85000.0,2027-03-26T08:00:00+00:00,0.5387275105539395,0.0865,0.0885,0.08743205,0.0875,78774.78,BTC-26MAR27,0.4054,0.45775,229.49129,345.7,0.0,0.0020000000000000018,BTC,76837.45,0.0
2026-09-10T13:30:52.712943+00:00,BTC-25JUN27-102000-C,79777.38,BTC-25JUN27,call,102000.0,2027-06-25T08:00:00+00:00,0.7878719321829607,0.063,0.065,0.06393553,0.064,79777.38,BTC-25JUN27,0.42,0.31838,252.80997,32.8,6.5,0.0020000000000000018,BTC,76837.45,34692.4
2026-09-10T13:30:52.712943+00:00,BTC-25DEC26-110000-P,77852.86,BTC-25DEC26,put,110000.0,2026-12-25T08:00:00+00:00,0.28958308892491824,0.414,0.428,0.42230478,0.421,77852.86,BTC-25DEC26,0.44439999999999996,-0.9075,69.45688,55.6,0.0,0.014000000000000012,BTC,76837.45,0.0
2026-09-10T13:30:52.712943+00:00,BTC-26MAR27-52000-P,78774.78,BTC-26MAR27,put,52000.0,2027-03-26T08:00:00+00:00,0.5387275105539395,0.0155,0.0165,0.01601748,0.016,78774.78,BTC-26MAR27,0.47490000000000004,-0.08594,90.76687,123.9,0.1,0.0010000000000000009,BTC,76837.45,113.89
2026-09-10T13:30:52.712943+00:00,BTC-27NOV26-87000-P,77538.49,BTC-27NOV26,put,87000.0,2026-11-27T08:00:00+00:00,0.21292326688521943,0.1495,0.1585,0.1544486,0.154,77538.49,BTC-27NOV26,0.405,-0.69876,124.71995,3.7,0.0,0.009000000000000008,BTC,76840.54,0.0
2026-09-10T13:30:52.712943+00:00,BTC-30OCT26-89000-C,77247.35,BTC-30OCT26,call,89000.0,2026-10-30T08:00:00+00:00,0.13626344484552058,0.0145,0.0155,0.0151922,0.015,77247.35,BTC-30OCT26,0.4093,0.19477,78.61324,119.9,0.8,0.0009999999999999992,BTC,76840.54,1397.56
2026-09-10T13:30:52.712943+00:00,BTC-30OCT26-61000-P,77247.35,BTC-30OCT26,put,61000.0,2026-10-30T08:00:00+00:00,0.13626344484552058,0.0055,0.006,0.00584906,0.00575,77247.35,BTC-30OCT26,0.46409999999999996,-0.0714,38.90058,267.4,9.3,0.0005000000000000004,BTC,76840.54,3520.63
2026-09-10T13:30:52.712943+00:00,BTC-25JUN27-60000-P,79777.91,BTC-25JUN27,put,60000.0,2027-06-25T08:00:00+00:00,0.7878719321829607,0.046,0.0475,0.04671901,0.04675,79777.91,BTC-25JUN27,0.4451,-0.17903,185.2746,198.5,4.0,0.0015000000000000013,BTC,76840.54,13458.59
2026-09-10T13:30:52.712943+00:00,BTC-25DEC26-125000-P,77853.59,BTC-25DEC26,put,125000.0,2026-12-25T08:00:00+00:00,0.28958308892491824,0.6035,0.6165,0.60988185,0.61,77853.59,BTC-25DEC26,0.4803,-0.95552,39.3708,9.1,0.1,0.013000000000000012,BTC,76840.54,4596.14
2026-09-10T13:30:52.712943+00:00,BTC-13SEP26-82500-C,76823.46,BTC-13SEP26,call,82500.0,2026-09-13T08:00:00+00:00,0.007584457850311811,0.0007,0.0009,0.00077961,0.0008,76823.46,BTC-13SEP26,0.4793,0.04615,6.47348,0.0,0.0,0.00019999999999999998,BTC,76820.99,0.0
2026-09-10T13:30:52.712943+00:00,BTC-12SEP26-81500-P,76816.25,BTC-12SEP26,put,81500.0,2026-09-12T08:00:00+00:00,0.00484660706317971,0.0595,0.0645,0.06190271,0.062,76816.25,BTC-12SEP26,0.5416,-0.93885,6.46746,0.0,0.0,0.0050000000000000044,BTC,76820.99,0.0
2026-09-10T13:30:52.712943+00:00,BTC-11SEP26-71000-C,76808.5,BTC-11SEP26,call,71000.0,2026-09-11T08:00:00+00:00,0.002108756276047608,0.0745,0.077,0.07581765,0.07575,76808.5,BTC-11SEP26,0.7748999999999999,0.98717,1.16699,62.9,37.4,0.0025000000000000022,BTC,76820.99,296520.14
2026-09-10T13:30:52.712943+00:00,BTC-27NOV26-58000-C,77538.49,BTC-27NOV26,call,58000.0,2026-11-27T08:00:00+00:00,0.21292326688521943,0.257,0.264,0.26006808,0.2605,77538.49,BTC-27NOV26,0.4733,0.92499,50.67335,0.0,0.0,0.007000000000000006,BTC,76820.99,0.0
2026-09-10T13:30:52.712943+00:00,BTC-11SEP26-80000-C,76811.0,BTC-11SEP26,call,80000.0,2026-09-11T08:00:00+00:00,0.002108756276047608,0.0002,0.0005,0.0003281,0.00035,76811.0,BTC-11SEP26,0.4917,0.03731,2.8717,991.2,609.5,0.00030000000000000003,BTC,76820.99,152815.23
2026-09-10T13:30:52.712943+00:00,BTC-11SEP26-79500-C,76811.0,BTC-11SEP26,call,79500.0,2026-09-11T08:00:00+00:00,0.002108756276047608,0.0004,0.0006,0.00047567,0.0005,76811.0,BTC-11SEP26,0.4617,0.05458,3.89984,192.0,162.8,0.00019999999999999993,BTC,76820.99,17607.28
2026-09-10T13:30:52.712943+00:00,BTC-18SEP26-86000-C,76864.72,BTC-18SEP26,call,86000.0,2026-09-18T08:00:00+00:00,0.021273711785972316,0.0017,0.002,0.00194363,0.00185,76864.72,BTC-18SEP26,0.49340000000000006,0.06242,13.77736,675.3,4.7,0.00030000000000000014,BTC,76812.91,852.77
2026-09-10T13:30:52.712943+00:00,BTC-26MAR27-110000-P,78774.78,BTC-26MAR27,put,110000.0,2027-03-26T08:00:00+00:00,0.5387275105539395,0.4135,0.4305,0.42318374,0.422,78774.78,BTC-26MAR27,0.426,-0.81906,152.24288,4.1,0.0,0.017000000000000015,BTC,76812.91,0.0
2026-09-10T13:30:52.712943+00:00,BTC-26MAR27-52000-C,78774.78,BTC-26MAR27,call,52000.0,2027-03-26T08:00:00+00:00,0.5387275105539395,0.3515,0.3605,0.35592474,0.356,78774.78,BTC-26MAR27,0.47490000000000004,0.91391,90.85345,5.3,0.0,0.009000000000000008,BTC,76812.91,0.0
2026-09-10T13:30:52.712943+00:00,BTC-25SEP26-90000-P,76927.19,BTC-25SEP26,put,90000.0,2026-09-25T08:00:00+00:00,0.04043866729589703,0.1685,0.175,0.17228527,0.17175,76927.19,BTC-25SEP26,0.4824,-0.94224,17.89142,579.9,0.0,0.006499999999999978,BTC,76812.91,0.0
2026-09-10T13:30:52.712943+00:00,BTC-25JUN27-50000-P,79777.38,BTC-25JUN27,put,50000.0,2027-06-25T08:00:00+00:00,0.7878719321829607,0.022,0.0235,0.02280732,0.02275,79777.38,BTC-25JUN27,0.4789,-0.09486,119.58265,402.3,0.0,0.0015000000000000013,BTC,76812.91,0.0
2026-09-10T13:30:52.712943+00:00,BTC-25SEP26-320000-P,76927.19,BTC-25SEP26,put,320000.0,2026-09-25T08:00:00+00:00,0.04043866729589703,3.149,3.169,3.15981004,3.159,76927.19,BTC-25SEP26,1.4015,-1.0,0.00035,25.1,0.0,0.020000000000000018,BTC,76812.91,0.0
2026-09-10T13:30:52.712943+00:00,BTC-2OCT26-74000-C,76987.31,BTC-2OCT26,call,74000.0,2026-10-02T08:00:00+00:00,0.05960362280582174,0.059,0.0615,0.06064512,0.06025,76987.31,BTC-2OCT26,0.39909999999999995,0.67592,67.59515,0.0,0.0,0.0025000000000000022,BTC,76818.74,0.0
2026-09-10T13:30:52.712943+00:00,BTC-30OCT26-105000-P,77247.35,BTC-30OCT26,put,105000.0,2026-10-30T08:00:00+00:00,0.13626344484552058,0.3575,0.366,0.36234425,0.36175,77247.35,BTC-30OCT26,0.4686,-0.95432,27.36291,0.6,0.0,0.008500000000000008,BTC,76812.91,0.0
2026-09-10T13:30:52.712943+00:00,BTC-26MAR27-68000-C,78774.78,BTC-26MAR27,call,68000.0,2027-03-26T08:00:00+00:00,0.5387275105539395,0.1935,0.1965,0.19493527,0.195,78774.78,BTC-26MAR27,0.419,0.73621,188.99278,196.5,0.0,0.0030000000000000027,BTC,76818.74,0.0
2026-09-10T13:30:52.712943+00:00,BTC-25DEC26-52000-P,77853.59,BTC-25DEC26,put,52000.0,2026-12-25T08:00:00+00:00,0.28958308892491824,0.0065,0.0075,0.00704428,0.007,77853.59,BTC-25DEC26,0.5109,-0.05417,46.06884,458.6,0.3,0.001,BTC,76818.74,161.42
2026-09-10T13:30:52.712943+00:00,BTC-25SEP26-94000-C,76927.19,BTC-25SEP26,call,94000.0,2026-09-25T08:00:00+00:00,0.04043866729589703,0.001,0.0013,0.00114969,0.00115,76927.19,BTC-25SEP26,0.5146000000000001,0.02975,10.45504,915.2,75.1,0.0002999999999999999,BTC,76818.74,5781.57
2026-09-10T13:30:52.712943+00:00,BTC-30OCT26-83000-P,77247.35,BTC-30OCT26,put,83000.0,2026-10-30T08:00:00+00:00,0.13626344484552058,0.103,0.1055,0.10459326,0.10425,77247.35,BTC-30OCT26,0.3943,-0.66326,104.13116,103.9,3.0,0.0025000000000000022,BTC,76818.74,19601.98
2026-09-10T13:30:52.712943+00:00,BTC-12SEP26-88000-C,76816.25,BTC-12SEP26,call,88000.0,2026-09-12T08:00:00+00:00,0.00484660706317971,,0.0001,6.8e-05,,76816.25,BTC-12SEP26,0.7358,0.00434,0.68198,24.8,12.6,,BTC,76823.92,149.58
2026-09-10T13:30:52.712943+00:00,BTC-12SEP26-72000-P,76816.12,BTC-12SEP26,put,72000.0,2026-09-12T08:00:00+00:00,0.00484660706317971,0.0006,0.0009,0.00079228,0.00075,76816.12,BTC-12SEP26,0.565,-0.04701,5.25136,50.1,12.1,0.00030000000000000003,BTC,76823.92,732.45
2026-09-10T13:30:52.712943+00:00,BTC-25DEC26-96000-C,77853.59,BTC-25DEC26,call,96000.0,2026-12-25T08:00:00+00:00,0.28958308892491824,0.0225,0.0235,0.02296586,0.023,77853.59,BTC-25DEC26,0.4139,0.20374,118.65274,1502.5,1.6,0.0010000000000000009,BTC,76823.92,3188.56
2026-09-10T13:30:52.712943+00:00,BTC-18SEP26-74000-P,76867.22,BTC-18SEP26,put,74000.0,2026-09-18T08:00:00+00:00,0.021273711785972316,0.0095,0.0105,0.0099368,0.01,76867.22,BTC-18SEP26,0.4227,-0.25846,36.26661,1424.9,292.1,0.0010000000000000009,BTC,76823.92,153488.88
2026-09-10T13:30:52.712943+00:00,BTC-27NOV26-69000-P,77537.76,BTC-27NOV26,put,69000.0,2026-11-27T08:00:00+00:00,0.21292326688521943,0.0285,0.0295,0.02924369,0.029,77537.76,BTC-27NOV26,0.41009999999999996,-0.23817,110.81511,25.2,0.5,0.0009999999999999974,BTC,76830.66,1043.09
2026-09-10T13:30:52.712943+00:00,BTC-11SEP26-70000-C,76811.0,BTC-11SEP26,call,70000.0,2026-09-11T08:00:00+00:00,0.002108756276047608,0.0875,0.09,0.0887359,0.08875,76811.0,BTC-11SEP26,0.7959999999999999,0.99478,0.53028,286.9,0.0,0.0025000000000000022,BTC,76823.92,0.0
2026-09-10T13:30:52.712943+00:00,BTC-25JUN27-170000-C,79777.91,BTC-25JUN27,call,170000.0,2027-06-25T08:00:00+00:00,0.7878719321829607,0.01,0.0115,0.01062695,0.01075,79777.91,BTC-25JUN27,0.49229999999999996,0.06521,90.0428,161.9,70.0,0.0014999999999999996,BTC,76830.66,60433.41
2026-09-10T13:30:52.712943+00:00,BTC-25DEC26-68000-C,77853.59,BTC-25DEC26,call,68000.0,2026-12-25T08:00:00+00:00,0.28958308892491824,0.1605,0.1625,0.16145355,0.1615,77853.59,BTC-25DEC26,0.4157,0.76335,129.30238,1031.5,0.0,0.0020000000000000018,BTC,76823.92,0.0
2026-09-10T13:30:52.712943+00:00,BTC-27NOV26-102000-C,77537.76,BTC-27NOV26,call,102000.0,2026-11-27T08:00:00+00:00,0.21292326688521943,0.009,0.01,0.00933175,0.0095,77537.76,BTC-27NOV26,0.43799999999999994,0.1047,64.95493,96.0,0.5,0.0010000000000000009,BTC,76830.66,398.75
2026-09-10T13:30:52.712943+00:00,BTC-25JUN27-40000-C,79777.91,BTC-25JUN27,call,40000.0,2027-06-25T08:00:00+00:00,0.7878719321829607,0.5065,0.5115,0.509291,0.509,79777.91,BTC-25JUN27,0.5341,0.95473,67.46739,17.6,0.1,0.0050000000000000044,BTC,76830.66,3963.49
2026-09-10T13:30:52.712943+00:00,BTC-27NOV26-100000-P,77538.49,BTC-27NOV26,put,100000.0,2026-11-27T08:00:00+00:00,0.21292326688521943,0.2935,0.305,0.30045671,0.29925,77538.49,BTC-27NOV26,0.4322,-0.87983,71.69481,0.0,0.0,0.01150000000000001,BTC,76841.96,0.0
2026-09-10T13:30:52.712943+00:00,BTC-12SEP26-73000-P,76816.12,BTC-12SEP26,put,73000.0,2026-09-12T08:00:00+00:00,0.00484660706317971,0.0011,0.0014,0.00128526,0.00125,76816.12,BTC-12SEP26,0.5214,-0.0756,7.61867,44.4,4.5,0.0002999999999999999,BTC,76841.96,344.76
2026-09-10T13:30:52.712943+00:00,BTC-2OCT26-74000-P,76987.31,BTC-2OCT26,put,74000.0,2026-10-02T08:00:00+00:00,0.05960362280582174,0.021,0.022,0.0217978,0.0215,76987.31,BTC-2OCT26,0.39909999999999995,-0.32289,67.51309,20.2,20.2,0.0009999999999999974,BTC,76841.96,32618.16
2026-09-10T13:30:52.712943+00:00,BTC-13SEP26-85000-C,76823.46,BTC-13SEP26,call,85000.0,2026-09-13T08:00:00+00:00,0.007584457850311811,0.0002,0.0005,0.00028879,0.00035,76823.46,BTC-13SEP26,0.5426,0.01798,2.96024,6.9,9.8,0.00030000000000000003,BTC,76841.96,673.82
2026-09-10T13:30:52.712943+00:00,BTC-25SEP26-94000-P,76926.46,BTC-25SEP26,put,94000.0,2026-09-25T08:00:00+00:00,0.04043866729589703,0.22,0.226,0.22309389,0.223,76926.46,BTC-25SEP26,0.5146000000000001,-0.97015,10.48746,1.9,0.0,0.006000000000000005,BTC,76841.96,0.0
2026-09-10T13:30:52.712943+00:00,BTC-26MAR27-100000-C,78774.78,BTC-26MAR27,call,100000.0,2027-03-26T08:00:00+00:00,0.5387275105539395,0.041,0.043,0.042192,0.042,78774.78,BTC-26MAR27,0.41479999999999995,0.26417,189.19008,670.6,3.0,0.001999999999999995,BTC,76841.96,10657.77
2026-09-10T13:30:52.712943+00:00,BTC-26MAR27-68000-P,78774.31,BTC-26MAR27,put,68000.0,2027-03-26T08:00:00+00:00,0.5387275105539395,0.057,0.059,0.05813346,0.058,78774.31,BTC-26MAR27,0.419,-0.26347,188.9316,290.8,0.0,0.001999999999999995,BTC,76841.96,0.0
2026-09-10T13:30:52.712943+00:00,BTC-12SEP26-86000-C,76816.25,BTC-12SEP26,call,86000.0,2026-09-12T08:00:00+00:00,0.00484660706317971,0.0001,0.0002,0.00012261,0.00015,76816.25,BTC-12SEP26,0.6674,0.0082,1.19884,1.7,0.7,0.0001,BTC,76838.67,5.37
2026-09-10T13:30:52.712943+00:00,BTC-27NOV26-87000-C,77538.21,BTC-27NOV26,call,87000.0,2026-11-27T08:00:00+00:00,0.21292326688521943,0.032,0.033,0.03247946,0.0325,77538.21,BTC-27NOV26,0.405,0.30123,124.71826,60.0,0.1,0.0010000000000000009,BTC,76838.67,298.41
2026-09-10T13:30:52.712943+00:00,BTC-14SEP26-85000-C,76831.48,BTC-14SEP26,call,85000.0,2026-09-14T08:00:00+00:00,0.01032230863744391,0.0003,0.0006,0.0004355,0.00045,76831.48,BTC-14SEP26,0.49420000000000003,0.02385,4.38812,0.4,0.4,0.0003,BTC,76838.67,19.47
2026-09-10T13:30:52.712943+00:00,BTC-2OCT26-90000-P,76986.8,BTC-2OCT26,put,90000.0,2026-10-02T08:00:00+00:00,0.05960362280582174,0.17,0.176,0.17319931,0.173,76986.8,BTC-2OCT26,0.4518,-0.91281,29.82975,0.0,0.0,0.005999999999999978,BTC,76838.67,0.0
2026-09-10T13:30:52.712943+00:00,BTC-2OCT26-84000-P,76987.31,BTC-2OCT26,put,84000.0,2026-10-02T08:00:00+00:00,0.05960362280582174,0.0985,0.1055,0.10272521,0.102,76987.31,BTC-2OCT26,0.41859999999999997,-0.78818,54.47896,0.0,0.0,0.006999999999999992,BTC,76838.67,0.0
2026-09-10T13:30:52.712943+00:00,BTC-25JUN27-52000-P,79777.91,BTC-25JUN27,put,52000.0,2027-06-25T08:00:00+00:00,0.7878719321829607,0.0255,0.0275,0.02645263,0.0265,79777.91,BTC-25JUN27,0.4706,-0.1087,132.07817,53.9,13.5,0.0020000000000000018,BTC,76838.67,25473.77
2026-09-10T13:30:52.712943+00:00,BTC-11SEP26-85000-C,76811.0,BTC-11SEP26,call,85000.0,2026-09-11T08:00:00+00:00,0.002108756276047608,,0.0001,1.286e-05,,76811.0,BTC-11SEP26,0.7317,0.0014,0.16154,794.8,32.1,,BTC,76838.67,485.51
2026-09-10T13:30:52.712943+00:00,BTC-25SEP26-78000-P,76927.19,BTC-25SEP26,put,78000.0,2026-09-25T08:00:00+00:00,0.04043866729589703,0.0395,0.041,0.04066348,0.04025,76927.19,BTC-25SEP26,0.41119999999999995,-0.54933,61.2774,2672.1,212.0,0.0015000000000000013,BTC,76838.67,515205.37
2026-09-10T13:30:52.712943+00:00,BTC-13SEP26-81500-C,76823.46,BTC-13SEP26,call,81500.0,2026-09-13T08:00:00+00:00,0.007584457850311811,0.0011,0.0014,0.00124016,0.00125,76823.46,BTC-13SEP26,0.45630000000000004,0.07208,9.19164,25.7,0.3,0.0002999999999999999,BTC,76839.16,68.05
2026-09-10T13:30:52.712943+00:00,BTC-13SEP26-80000-C,76823.46,BTC-13SEP26,call,80000.0,2026-09-13T08:00:00+00:00,0.007584457850311811,0.0025,0.0029,0.00269814,0.0027,76823.46,BTC-13SEP26,0.4286,0.14454,15.22327,20.5,22.7,0.00039999999999999975,BTC,76839.16,10763.69
2026-09-10T13:30:52.712943+00:00,BTC-27NOV26-77000-P,77538.49,BTC-27NOV26,put,77000.0,2026-11-27T08:00:00+00:00,0.21292326688521943,0.069,0.07,0.06953067,0.0695,77538.49,BTC-27NOV26,0.3982,-0.44766,141.60102,33.5,5.0,0.0010000000000000009,BTC,76839.16,23631.21
2026-09-10T13:30:52.712943+00:00,BTC-27NOV26-77000-C,77538.21,BTC-27NOV26,call,77000.0,2026-11-27T08:00:00+00:00,0.21292326688521943,0.076,0.077,0.0765235,0.0765,77538.21,BTC-27NOV26,0.3982,0.55233,141.60077,24.9,0.0,0.0010000000000000009,BTC,76839.16,0.0
2026-09-10T13:30:52.712943+00:00,BTC-25SEP26-87000-C,76927.19,BTC-25SEP26,call,87000.0,2026-09-25T08:00:00+00:00,0.04043866729589703,0.004,0.0043,0.00422018,0.00415,76927.19,BTC-25SEP26,0.4606,0.09931,27.0279,16.0,4.8,0.0002999999999999999,BTC,76839.16,1958.99
2026-09-10T13:30:52.712943+00:00,BTC-14SEP26-76500-P,76831.48,BTC-14SEP26,put,76500.0,2026-09-14T08:00:00+00:00,0.01032230863744391,0.0125,0.0135,0.0132383,0.013,76831.48,BTC-14SEP26,0.3786,-0.44527,30.85922,3.9,3.9,0.0009999999999999992,BTC,76828.04,3607.85
2026-09-10T13:30:52.712943+00:00,BTC-26MAR27-125000-P,78774.78,BTC-26MAR27,put,125000.0,2027-03-26T08:00:00+00:00,0.5387275105539395,0.5895,0.611,0.60149041,0.60025,78774.78,BTC-26MAR27,0.4465,-0.89327,106.4294,0.1,0.0,0.021499999999999964,BTC,76828.04,0.0
2026-09-10T13:30:52.712943+00:00,BTC-13SEP26-72000-C,76823.62,BTC-13SEP26,call,72000.0,2026-09-13T08:00:00+00:00,0.007584457850311811,0.0615,0.067,0.06375557,0.06425,76823.62,BTC-13SEP26,0.4668,0.9476,7.16506,0.0,0.0,0.005500000000000005,BTC,76828.04,0.0
2026-09-10T13:30:52.712943+00:00,BTC-26MAR27-115000-C,78774.78,BTC-26MAR27,call,115000.0,2027-03-26T08:00:00+00:00,0.5387275105539395,0.021,0.0225,0.02158688,0.02175,78774.78,BTC-26MAR27,0.43170000000000003,0.15038,135.09091,807.8,0.0,0.0014999999999999979,BTC,76828.04,0.0
2026-09-10T13:30:52.712943+00:00,BTC-26MAR27-86000-C,78774.78,BTC-26MAR27,call,86000.0,2027-03-26T08:00:00+00:00,0.5387275105539395,0.082,0.0845,0.08328616,0.08325,78774.78,BTC-26MAR27,0.4058,0.44216,228.32491,141.7,0.0,0.0025000000000000022,BTC,76828.04,0.0
2026-09-10T13:30:52.712943+00:00,BTC-11SEP26-95000-C,76808.5,BTC-11SEP26,call,95000.0,2026-09-11T08:00:00+00:00,0.002108756276047608,,0.0001,0.0,,76808.5,BTC-11SEP26,0.7326,0.0,0.0,633.0,49.3,,BTC,76828.04,389.44
2026-09-10T13:30:52.712943+00:00,BTC-27NOV26-62000-C,77537.76,BTC-27NOV26,call,62000.0,2026-11-27T08:00:00+00:00,0.21292326688521943,0.21,0.217,0.21305668,0.2135,77537.76,BTC-27NOV26,0.4426,0.88463,69.64266,0.0,0.0,0.007000000000000006,BTC,76822.66,0.0
2026-09-10T13:30:52.712943+00:00,BTC-12SEP26-83000-P,76816.25,BTC-12SEP26,put,83000.0,2026-09-12T08:00:00+00:00,0.00484660706317971,0.0785,0.084,0.08095213,0.08125,76816.25,BTC-12SEP26,0.5907,-0.96819,3.81934,0.0,0.0,0.005500000000000005,BTC,76822.66,0.0
2026-09-10T13:30:52.712943+00:00,BTC-11SEP26-67000-C,76808.5,BTC-11SEP26,call,67000.0,2026-09-11T08:00:00+00:00,0.002108756276047608,0.126,0.13,0.1277317,0.128,76808.5,BTC-11SEP26,0.7977,0.99991,0.01224,0.2,0.0,0.0040000000000000036,BTC,76822.66,0.0
2026-09-10T13:30:52.712943+00:00,BTC-27NOV26-80000-P,77538.49,BTC-27NOV26,put,80000.0,2026-11-27T08:00:00+00:00,0.21292326688521943,0.0905,0.092,0.09138086,0.09125,77538.49,BTC-27NOV26,0.3986,-0.53083,142.37399,93.5,36.2,0.0015000000000000013,BTC,76822.66,219047.49
2026-09-10T13:30:52.712943+00:00,BTC-25JUN27-80000-P,79777.91,BTC-25JUN27,put,80000.0,2027-06-25T08:00:00+00:00,0.7878719321829607,0.1475,0.1505,0.14843088,0.149,79777.91,BTC-25JUN27,0.4169,-0.42967,278.15997,49.3,0.2,0.0030000000000000027,BTC,76822.66,2167.56
2026-09-10T13:30:52.712943+00:00,BTC-25DEC26-55000-P,77853.59,BTC-25DEC26,put,55000.0,2026-12-25T08:00:00+00:00,0.28958308892491824,0.009,0.0095,0.0092764,0.00925,77853.59,BTC-25DEC26,0.48469999999999996,-0.07173,57.3442,2677.5,0.1,0.0005000000000000004,BTC,76822.66,66.43
2026-09-10T13:30:52.712943+00:00,BTC-25SEP26-98000-C,76926.46,BTC-25SEP26,call,98000.0,2026-09-25T08:00:00+00:00,0.04043866729589703,0.0006,0.0008,0.00065584,0.0007,76926.46,BTC-25SEP26,0.5531,0.01717,6.58148,1131.5,0.0,0.0002000000000000001,BTC,76822.66,0.0
2026-09-10T13:30:52.712943+00:00,BTC-13SEP26-79000-C,76823.46,BTC-13SEP26,call,79000.0,2026-09-13T08:00:00+00:00,0.007584457850311811,0.0043,0.0048,0.00469569,0.00455,76823.46,BTC-13SEP26,0.4174,0.22664,20.15334,3.5,3.6,0.0004999999999999996,BTC,76826.84,2817.33
2026-09-10T13:30:52.712943+00:00,BTC-25JUN27-30000-P,79777.38,BTC-25JUN27,put,30000.0,2027-06-25T08:00:00+00:00,0.7878719321829607,0.0044,0.0049,0.00487324,0.00465,79777.38,BTC-25JUN27,0.6179,-0.01982,34.03103,342.3,0.0,0.0004999999999999996,BTC,76826.84,0.0
2026-09-10T13:30:52.712943+00:00,BTC-25SEP26-100000-P,76926.46,BTC-25SEP26,put,100000.0,2026-09-25T08:00:00+00:00,0.04043866729589703,0.2965,0.304,0.30050573,0.30025,76926.46,BTC-25SEP26,0.58,-0.98586,5.56938,336.1,0.0,0.007500000000000007,BTC,76826.84,0.0
2026-09-10T13:30:52.712943+00:00,BTC-27NOV26-72000-C,77538.49,BTC-27NOV26,call,72000.0,2026-11-27T08:00:00+00:00,0.21292326688521943,0.1115,0.114,0.11275496,0.11275,77538.49,BTC-27NOV26,0.4029,0.68918,126.457,0.3,0.3,0.0025000000000000022,BTC,76840.93,2878.48
2026-09-10T13:30:52.712943+00:00,BTC-2OCT26-86000-P,76986.8,BTC-2OCT26,put,86000.0,2026-10-02T08:00:00+00:00,0.05960362280582174,0.121,0.128,0.12524106,0.1245,76986.8,BTC-2OCT26,0.4282,-0.84324,45.14326,0.0,0.0,0.007000000000000006,BTC,76840.93,0.0
2026-09-10T13:30:52.712943+00:00,BTC-30OCT26-102000-C,77247.35,BTC-30OCT26,call,102000.0,2026-10-30T08:00:00+00:00,0.13626344484552058,0.0038,0.0043,0.00397545,0.00405,77247.35,BTC-30OCT26,0.456,0.0587,33.40559,213.4,15.0,0.0005,BTC,76826.84,4801.34
2026-09-10T13:30:52.712943+00:00,BTC-27NOV26-83000-P,77538.49,BTC-27NOV26,put,83000.0,2026-11-27T08:00:00+00:00,0.21292326688521943,0.1145,0.1175,0.11652387,0.116,77538.49,BTC-27NOV26,0.40049999999999997,-0.60795,137.57411,43.3,1.9,0.002999999999999989,BTC,76840.93,14855.11
2026-09-10T13:30:52.712943+00:00,BTC-27NOV26-79000-C,77538.21,BTC-27NOV26,call,79000.0,2026-11-27T08:00:00+00:00,0.21292326688521943,0.064,0.0655,0.06485153,0.06475,77538.21,BTC-27NOV26,0.39799999999999996,0.49682,142.83072,105.4,1.9,0.0015000000000000013,BTC,76840.93,11607.93
2026-09-10T13:30:52.712943+00:00,BTC-25SEP26-102000-C,76927.19,BTC-25SEP26,call,102000.0,2026-09-25T08:00:00+00:00,0.04043866729589703,0.0004,0.0005,0.00044155,0.00045,76927.19,BTC-25SEP26,0.5977,0.01128,4.5807,200.1,0.0,9.999999999999999e-05,BTC,76840.93,0.0
2026-09-10T13:30:52.712943+00:00,BTC-26MAR27-102000-C,78774.78,BTC-26MAR27,call,102000.0,2027-03-26T08:00:00+00:00,0.5387275105539395,0.0375,0.039,0.03834027,0.03825,78774.78,BTC-26MAR27,0.4164,0.24458,181.69412,127.5,0.0,0.0015000000000000013,BTC,76840.93,0.0
2026-09-10T13:30:52.712943+00:00,BTC-13SEP26-88000-P,76822.89,BTC-13SEP26,put,88000.0,2026-09-13T08:00:00+00:00,0.007584457850311811,0.142,0.1485,0.14556172,0.14525,76822.89,BTC-13SEP26,0.6336999999999999,-0.99238,1.40568,0.0,0.0,0.006500000000000006,BTC,76852.96,0.0
2026-09-10T13:30:52.712943+00:00,BTC-25DEC26-78000-P,77852.86,BTC-25DEC26,put,78000.0,2026-12-25T08:00:00+00:00,0.28958308892491824,0.0865,0.0875,0.08692672,0.087,77852.86,BTC-25DEC26,0.4008,-0.45991,166.40374,1402.9,4.8,0.0010000000000000009,BTC,76840.93,29558.41
2026-09-10T13:30:52.712943+00:00,BTC-25JUN27-76000-P,79777.38,BTC-25JUN27,put,76000.0,2027-06-25T08:00:00+00:00,0.7878719321829607,0.1205,0.1235,0.12168153,0.122,79777.38,BTC-25JUN27,0.4193,-0.37572,268.80029,74.6,0.1,0.0030000000000000027,BTC,76852.96,921.66
2026-09-10T13:30:52.712943+00:00,BTC-11SEP26-79000-C,76808.5,BTC-11SEP26,call,79000.0,2026-09-11T08:00:00+00:00,0.002108756276047608,0.0007,0.0009,0.00076167,0.0008,76808.5,BTC-11SEP26,0.4391,0.08775,5.62049,460.3,317.8,0.00019999999999999998,BTC,76852.96,98072.84
2026-09-10T13:30:52.712943+00:00,BTC-2OCT26-76000-P,76986.8,BTC-2OCT26,put,76000.0,2026-10-02T08:00:00+00:00,0.05960362280582174,0.0315,0.0325,0.03240762,0.032,76986.8,BTC-2OCT26,0.3979,-0.42649,73.75588,0.0,0.0,0.0010000000000000009,BTC,76852.96,0.0
2026-09-10T13:30:52.712943+00:00,BTC-25SEP26-80000-C,76927.19,BTC-25SEP26,call,80000.0,2026-09-25T08:00:00+00:00,0.04043866729589703,0.017,0.018,0.0179695,0.0175,76927.19,BTC-25SEP26,0.4193,0.33722,56.54589,6729.8,154.7,0.0009999999999999974,BTC,76852.96,226433.05
2026-09-10T13:30:52.712943+00:00,BTC-2OCT26-78000-P,76986.8,BTC-2OCT26,put,78000.0,2026-10-02T08:00:00+00:00,0.05960362280582174,0.045,0.0465,0.04609307,0.04575,76986.8,BTC-2OCT26,0.3998,-0.53202,74.80319,1.8,1.8,0.0015000000000000013,BTC,76853.09,5896.02
2026-09-10T13:30:52.712943+00:00,BTC-13SEP26-75000-P,76823.46,BTC-13SEP26,put,75000.0,2026-09-13T08:00:00+00:00,0.007584457850311811,0.0045,0.0055,0.00491221,0.005,76823.46,BTC-13SEP26,0.3969,-0.23229,20.44045,10.0,10.0,0.001,BTC,76853.09,1973.62
2026-09-10T13:30:52.712943+00:00,BTC-25JUN27-78000-C,79777.91,BTC-25JUN27,call,78000.0,2027-06-25T08:00:00+00:00,0.7878719321829607,0.156,0.159,0.15697161,0.1575,79777.91,BTC-25JUN27,0.4179,0.59752,274.18319,54.2,0.6,0.0030000000000000027,BTC,76853.09,7774.06
2026-09-10T13:30:52.712943+00:00,BTC-27NOV26-81000-C,77538.49,BTC-27NOV26,call,81000.0,2026-11-27T08:00:00+00:00,0.21292326688521943,0.054,0.0555,0.05480507,0.05475,77538.49,BTC-27NOV26,0.39899999999999997,0.44336,141.41502,114.0,0.0,0.0015000000000000013,BTC,76853.09,0.0
2026-09-10T13:30:52.712943+00:00,BTC-27NOV26-96000-P,77538.49,BTC-27NOV26,put,96000.0,2026-11-27T08:00:00+00:00,0.21292326688521943,0.2465,0.2575,0.25286768,0.252,77538.49,BTC-27NOV26,0.42100000000000004,-0.84098,86.77724,0.0,0.0,0.01100000000000001,BTC,76853.09,0.0
2026-09-10T13:30:52.712943+00:00,BTC-25JUN27-62000-C,79777.38,BTC-25JUN27,call,62000.0,2027-06-25T08:00:00+00:00,0.7878719321829607,0.2745,0.2785,0.27628158,0.2765,79777.38,BTC-25JUN27,0.44020000000000004,0.79986,198.4513,117.0,0.0,0.0040000000000000036,BTC,76853.09,0.0
2026-09-10T13:30:52.712943+00:00,BTC-25SEP26-92000-P,76927.19,BTC-25SEP26,put,92000.0,2026-09-25T08:00:00+00:00,0.04043866729589703,0.1945,0.2,0.19757902,0.19725,76927.19,BTC-25SEP26,0.4989,-0.95844,13.76128,7.7,0.0,0.005500000000000005,BTC,76853.09,0.0
2026-09-10T13:30:52.712943+00:00,BTC-27NOV26-104000-P,77537.76,BTC-27NOV26,put,104000.0,2026-11-27T08:00:00+00:00,0.21292326688521943,0.342,0.354,0.34911264,0.348,77537.76,BTC-27NOV26,0.44189999999999996,-0.90892,58.66748,0.0,0.0,0.011999999999999955,BTC,76854.53,0.0
2026-09-10T13:30:52.712943+00:00,BTC-26MAR27-58000-C,78774.78,BTC-26MAR27,call,58000.0,2027-03-26T08:00:00+00:00,0.5387275105539395,0.285,0.295,0.29020989,0.29,78774.78,BTC-26MAR27,0.4474,0.86381,126.38441,4.3,0.0,0.010000000000000009,BTC,76854.53,0.0
2026-09-10T13:30:52.712943+00:00,BTC-13SEP26-79500-P,76822.89,BTC-13SEP26,put,79500.0,2026-09-13T08:00:00+00:00,0.007584457850311811,0.0355,0.0405,0.03832398,0.038,76822.89,BTC-13SEP26,0.42119999999999996,-0.81689,17.75608,3.6,3.6,0.0050000000000000044,BTC,76854.53,4998.06
2026-09-10T13:30:52.712943+00:00,BTC-26MAR27-94000-C,78774.78,BTC-26MAR27,call,94000.0,2027-03-26T08:00:00+00:00,0.5387275105539395,0.055,0.057,0.05619896,0.056,78774.78,BTC-26MAR27,0.4096,0.33138,209.89361,166.7,0.2,0.0020000000000000018,BTC,76854.53,889.17
2026-09-10T13:30:52.712943+00:00,BTC-26MAR27-72000-C,78774.78,BTC-26MAR27,call,72000.0,2027-03-26T08:00:00+00:00,0.5387275105539395,0.162,0.1645,0.16314401,0.16325,78774.78,BTC-26MAR27,0.41229999999999994,0.67355,208.62948,95.2,0.0,0.0025000000000000022,BTC,76854.53,0.0
2026-09-10T13:30:52.712943+00:00,BTC-25JUN27-50000-C,79777.38,BTC-25JUN27,call,50000.0,2027-06-25T08:00:00+00:00,0.7878719321829607,0.3945,0.398,0.39609467,0.39625,79777.38,BTC-25JUN27,0.4789,0.9053,119.48245,17.5,0.0,0.003500000000000003,BTC,76852.05,0.0
2026-09-10T13:30:52.712943+00:00,BTC-12SEP26-71000-P,76816.25,BTC-12SEP26,put,71000.0,2026-09-12T08:00:00+00:00,0.00484660706317971,0.0004,0.0006,0.00056212,0.0005,76816.25,BTC-12SEP26,0.621,-0.03146,3.78627,8.1,0.3,0.00019999999999999993,BTC,76852.05,8.54
2026-09-10T13:30:52.712943+00:00,BTC-25DEC26-55000-C,77853.59,BTC-25DEC26,call,55000.0,2026-12-25T08:00:00+00:00,0.28958308892491824,0.3005,0.307,0.3028167,0.30375,77853.59,BTC-25DEC26,0.48469999999999996,0.92848,57.23338,44.9,0.0,0.006500000000000006,BTC,76854.53,0.0
2026-09-10T13:30:52.712943+00:00,BTC-25SEP26-52000-C,76926.46,BTC-25SEP26,call,52000.0,2026-09-25T08:00:00+00:00,0.04043866729589703,0.3225,0.326,0.3242127,0.32425,76926.46,BTC-25SEP26,0.7492,0.99629,1.71529,150.2,0.0,0.003500000000000003,BTC,76852.05,0.0
2026-09-10T13:30:52.712943+00:00,BTC-25DEC26-240000-C,77853.59,BTC-25DEC26,call,240000.0,2026-12-25T08:00:00+00:00,0.28958308892491824,0.0001,0.0004,0.00023397,0.00025,77853.59,BTC-25DEC26,0.6936,0.00232,3.036,785.2,0.0,0.00030000000000000003,BTC,76852.05,0.0
2026-09-10T13:30:52.712943+00:00,BTC-12SEP26-80000-C,76816.12,BTC-12SEP26,call,80000.0,2026-09-12T08:00:00+00:00,0.00484660706317971,0.0021,0.0024,0.00220238,0.00225,76816.12,BTC-12SEP26,0.5043,0.13055,11.35136,546.8,454.8,0.0002999999999999999,BTC,76852.05,374799.23
2026-09-10T13:30:52.712943+00:00,BTC-11SEP26-86000-C,76808.5,BTC-11SEP26,call,86000.0,2026-09-11T08:00:00+00:00,0.002108756276047608,,0.0001,3.61e-06,,76808.5,BTC-11SEP26,0.7323000000000001,0.00043,0.05481,1514.7,34.9,,BTC,76852.05,280.05
2026-09-10T13:30:52.712943+00:00,BTC-2OCT26-81000-C,76986.8,BTC-2OCT26,call,81000.0,2026-10-02T08:00:00+00:00,0.05960362280582174,0.019,0.02,0.01975552,0.0195,76986.8,BTC-2OCT26,0.40630000000000005,0.32376,67.60625,0.4,0.4,0.0010000000000000009,BTC,76863.53,588.39
2026-09-10T13:30:52.712943+00:00,BTC-26MAR27-66000-P,78774.78,BTC-26MAR27,put,66000.0,2027-03-26T08:00:00+00:00,0.5387275105539395,0.049,0.051,0.05007551,0.05,78774.78,BTC-26MAR27,0.4232,-0.23381,177.3308,110.2,4.5,0.001999999999999995,BTC,76863.53,17139.58
2026-09-10T13:30:52.712943+00:00,BTC-12SEP26-73000-C,76816.25,BTC-12SEP26,call,73000.0,2026-09-12T08:00:00+00:00,0.00484660706317971,0.049,0.0535,0.05100484,0.05125,76816.25,BTC-12SEP26,0.5214,0.92545,7.54014,0.0,0.0,0.004499999999999997,BTC,76863.53,0.0
2026-09-10T13:30:52.712943+00:00,BTC-25DEC26-75000-C,77852.86,BTC-25DEC26,call,75000.0,2026-12-25T08:00:00+00:00,0.28958308892491824,0.103,0.105,0.10431044,0.104,77852.86,BTC-25DEC26,0.40270000000000006,0.61161,160.70759,1870.8,0.1,0.0020000000000000018,BTC,76863.53,790.7
2026-09-10T13:30:52.712943+00:00,BTC-18SEP26-78000-C,76864.72,BTC-18SEP26,call,78000.0,2026-09-18T08:00:00+00:00,0.021273711785972316,0.018,0.019,0.01854417,0.0185,76864.72,BTC-18SEP26,0.4304,0.42333,43.93659,140.4,48.0,0.0010000000000000009,BTC,76863.53,80598.8
2026-09-10T13:30:52.712943+00:00,BTC-11SEP26-88000-C,76811.0,BTC-11SEP26,call,88000.0,2026-09-11T08:00:00+00:00,0.002108756276047608,,0.0001,2.1e-07,,76811.0,BTC-11SEP26,0.7326,3e-05,0.00448,1333.1,32.9,,BTC,76863.53,259.52
2026-09-10T13:30:52.712943+00:00,BTC-25SEP26-77000-P,76926.46,BTC-25SEP26,put,77000.0,2026-09-25T08:00:00+00:00,0.04043866729589703,0.0325,0.0335,0.03333521,0.033,76926.46,BTC-25SEP26,0.4093,-0.48532,61.7285,1069.6,65.8,0.0010000000000000009,BTC,76863.53,135018.22
2026-09-10T13:30:52.712943+00:00,BTC-2OCT26-65000-P,76986.8,BTC-2OCT26,put,65000.0,2026-10-02T08:00:00+00:00,0.05960362280582174,0.0028,0.0032,0.00300035,0.003,76986.8,BTC-2OCT26,0.46090000000000003,-0.05873,22.0395,19.6,19.6,0.0004000000000000002,BTC,76879.5,4493.7
2026-09-10T13:30:52.712943+00:00,BTC-26MAR27-35000-P,78774.78,BTC-26MAR27,put,35000.0,2027-03-26T08:00:00+00:00,0.5387275105539395,0.0035,0.0041,0.00382535,0.0038,78774.78,BTC-26MAR27,0.6035,-0.01996,27.97608,623.6,0.7,0.0006000000000000003,BTC,76879.5,192.67
2026-09-10T13:30:52.712943+00:00,BTC-25JUN27-30000-C,79777.38,BTC-25JUN27,call,30000.0,2027-06-25T08:00:00+00:00,0.7878719321829607,0.6265,0.6305,0.62884565,0.6285,79777.38,BTC-25JUN27,0.6179,0.98023,33.9771,86.2,0.0,0.0040000000000000036,BTC,76879.5,0.0
2026-09-10T13:30:52.712943+00:00,BTC-30OCT26-73000-C,77247.35,BTC-30OCT26,call,73000.0,2026-10-30T08:00:00+00:00,0.13626344484552058,0.087,0.089,0.08794691,0.088,77247.35,BTC-30OCT26,0.39299999999999996,0.68033,102.04804,609.0,25.0,0.0020000000000000018,BTC,76879.5,170464.79
2026-09-10T13:30:52.712943+00:00,BTC-30OCT26-81000-P,77247.35,BTC-30OCT26,put,81000.0,2026-10-30T08:00:00+00:00,0.13626344484552058,0.085,0.087,0.08641209,0.086,77247.35,BTC-30OCT26,0.3912,-0.59908,110.36071,172.2,8.9,0.001999999999999988,BTC,76879.5,49917.41
2026-09-10T13:30:52.712943+00:00,BTC-25SEP26-50000-P,76927.19,BTC-25SEP26,put,50000.0,2026-09-25T08:00:00+00:00,0.04043866729589703,,0.0002,0.0001082,,76927.19,BTC-25SEP26,0.7753,-0.00221,1.077,3757.7,2.7,,BTC,76879.5,20.92
2026-09-10T13:30:52.712943+00:00,BTC-2OCT26-75000-C,76987.31,BTC-2OCT26,call,75000.0,2026-10-02T08:00:00+00:00,0.05960362280582174,0.0515,0.053,0.0526354,0.05225,76987.31,BTC-2OCT26,0.3987,0.62807,71.16843,0.0,0.0,0.0015000000000000013,BTC,76879.84,0.0
2026-09-10T13:30:52.712943+00:00,BTC-26MAR27-64000-P,78774.78,BTC-26MAR27,put,64000.0,2027-03-26T08:00:00+00:00,0.5387275105539395,0.042,0.0435,0.0429466,0.04275,78774.78,BTC-26MAR27,0.4282,-0.20604,164.94518,130.2,0.0,0.0014999999999999944,BTC,76879.84,0.0
2026-09-10T13:30:52.712943+00:00,BTC-13SEP26-80500-C,76823.46,BTC-13SEP26,call,80500.0,2026-09-13T08:00:00+00:00,0.007584457850311811,0.0019,0.0022,0.00206802,0.00205,76823.46,BTC-13SEP26,0.43689999999999996,0.11717,13.1727,15.9,7.9,0.00030000000000000014,BTC,76879.84,3658.01
2026-09-10T13:30:52.712943+00:00,BTC-12SEP26-70000-P,76816.12,BTC-12SEP26,put,70000.0,2026-09-12T08:00:00+00:00,0.00484660706317971,0.0003,0.0005,0.00037209,0.0004,76816.12,BTC-12SEP26,0.6662,-0.0201,2.60194,44.6,34.1,0.00020000000000000004,BTC,76879.84,814.32
2026-09-10T13:30:52.712943+00:00,BTC-26MAR27-115000-P,78774.78,BTC-26MAR27,put,115000.0,2027-03-26T08:00:00+00:00,0.5387275105539395,0.4705,0.49,0.48140736,0.48025,78774.78,BTC-26MAR27,0.43170000000000003,-0.84913,135.4749,2.2,0.0,0.019500000000000017,BTC,76879.84,0.0
2026-09-10T13:30:52.712943+00:00,BTC-26MAR27-35000-C,78777.28,BTC-26MAR27,call,35000.0,2027-03-26T08:00:00+00:00,0.5387275105539395,0.5585,0.561,0.55953216,0.55975,78777.28,BTC-26MAR27,0.6035,0.98004,27.97604,21.8,0.0,0.0025000000000000577,BTC,76879.84,0.0
2026-09-10T13:30:52.712943+00:00,BTC-25JUN27-54000-P,79777.91,BTC-25JUN27,put,54000.0,2027-06-25T08:00:00+00:00,0.7878719321829607,0.03,0.0315,0.03058491,0.03075,79777.91,BTC-25JUN27,0.4629,-0.12371,144.86848,50.1,0.1,0.0015000000000000013,BTC,76885.07,216.66
2026-09-10T13:30:52.712943+00:00,BTC-14SEP26-80500-P,76831.48,BTC-14SEP26,put,80500.0,2026-09-14T08:00:00+00:00,0.01032230863744391,0.0485,0.053,0.05070732,0.05075,76831.48,BTC-14SEP26,0.4181,-0.85473,17.83351,0.0,0.0,0.004499999999999997,BTC,76885.07,0.0
2026-09-10T13:30:52.712943+00:00,BTC-30OCT26-77000-C,77247.35,BTC-30OCT26,call,77000.0,2026-10-30T08:00:00+00:00,0.13626344484552058,0.058,0.059,0.05872547,0.0585,77247.35,BTC-30OCT26,0.3886,0.53999,113.32701,122.1,6.1,0.000999999999999994,BTC,76885.07,29544.14
2026-09-10T13:30:52.712943+00:00,BTC-25SEP26-140000-P,76927.19,BTC-25SEP26,put,140000.0,2026-09-25T08:00:00+00:00,0.04043866729589703,0.815,0.8245,0.81992194,0.81975,76927.19,BTC-25SEP26,0.7992,-0.99986,0.08234,1.4,0.0,0.009500000000000064,BTC,76885.07,0.0
2026-09-10T13:30:52.712943+00:00,BTC-27NOV26-106000-P,77538.49,BTC-27NOV26,put,106000.0,2026-11-27T08:00:00+00:00,0.21292326688521943,0.3665,0.3785,0.3739133,0.3725,77538.49,BTC-27NOV26,0.4487,-0.91943,53.53732,0.0,0.0,0.01200000000000001,BTC,76876.46,0.0
2026-09-10T13:30:52.712943+00:00,BTC-30OCT26-104000-C,77247.35,BTC-30OCT26,call,104000.0,2026-10-30T08:00:00+00:00,0.13626344484552058,0.0031,0.0036,0.00333034,0.00335,77247.35,BTC-30OCT26,0.4642,0.04999,29.44127,106.9,17.6,0.0005,BTC,76885.07,5119.06
2026-09-10T13:30:52.712943+00:00,BTC-27NOV26-91000-P,77537.76,BTC-27NOV26,put,91000.0,2026-11-27T08:00:00+00:00,0.21292326688521943,0.191,0.2005,0.19639221,0.19575,77537.76,BTC-27NOV26,0.4113,-0.77147,108.38777,0.0,0.0,0.009500000000000008,BTC,76876.46,0.0
2026-09-10T13:30:52.712943+00:00,BTC-11SEP26-84000-P,76811.0,BTC-11SEP26,put,84000.0,2026-09-11T08:00:00+00:00,0.002108756276047608,0.091,0.096,0.09363301,0.0935,76811.0,BTC-11SEP26,0.7312000000000001,-0.99562,0.4529,2.9,0.0,0.0050000000000000044,BTC,76876.46,0.0
2026-09-10T13:30:52.712943+00:00,BTC-14SEP26-75000-C,76830.75,BTC-14SEP26,call,75000.0,2026-09-14T08:00:00+00:00,0.01032230863744391,0.0285,0.031,0.03004256,0.02975,76830.75,BTC-14SEP26,0.37979999999999997,0.74925,24.87279,0.0,0.0,0.0024999999999999988,BTC,76876.46,0.0
2026-09-10T13:30:52.712943+00:00,BTC-26MAR27-108000-P,78774.78,BTC-26MAR27,put,108000.0,2027-03-26T08:00:00+00:00,0.5387275105539395,0.3905,0.4075,0.40024231,0.399,78774.78,BTC-26MAR27,0.4236,-0.80438,159.88026,0.1,0.0,0.01699999999999996,BTC,76876.46,0.0
2026-09-10T13:30:52.712943+00:00,BTC-26MAR27-180000-C,78774.78,BTC-26MAR27,call,180000.0,2027-03-26T08:00:00+00:00,0.5387275105539395,0.0032,0.0039,0.00357494,0.00355,78774.78,BTC-26MAR27,0.5314,0.02733,36.44713,503.3,0.0,0.0006999999999999997,BTC,76876.46,0.0
2026-09-10T13:30:52.712943+00:00,BTC-26MAR27-84000-P,78774.31,BTC-26MAR27,put,84000.0,2027-03-26T08:00:00+00:00,0.5387275105539395,0.1565,0.1595,0.15816368,0.158,78774.31,BTC-26MAR27,0.4053,-0.52568,230.4444,55.2,0.0,0.0030000000000000027,BTC,76876.46,0.0
2026-09-10T13:30:52.712943+00:00,BTC-30OCT26-72000-P,77247.35,BTC-30OCT26,put,72000.0,2026-10-30T08:00:00+00:00,0.13626344484552058,0.028,0.029,0.02861558,0.0285,77247.35,BTC-30OCT26,0.39520000000000005,-0.28734,97.29347,621.9,214.1,0.0010000000000000009,BTC,76876.46,394367.48
2026-09-10T13:30:52.712943+00:00,BTC-30OCT26-50000-P,77247.35,BTC-30OCT26,put,50000.0,2026-10-30T08:00:00+00:00,0.13626344484552058,0.0014,0.0018,0.00164155,0.0016,77247.35,BTC-30OCT26,0.5989,-0.0188,13.11604,431.7,101.0,0.00039999999999999996,BTC,76872.22,11768.27
2026-09-10T13:30:52.712943+00:00,BTC-25SEP26-120000-C,76927.19,BTC-25SEP26,call,120000.0,2026-09-25T08:00:00+00:00,0.04043866729589703,0.0001,0.0002,0.0001408,0.00015,76927.19,BTC-25SEP26,0.7844,0.00315,1.48079,1338.2,28.7,0.0001,BTC,76872.22,223.47
2026-09-10T13:30:52.712943+00:00,BTC-12SEP26-76000-C,76816.25,BTC-12SEP26,call,76000.0,2026-09-12T08:00:00+00:00,0.00484660706317971,0.0175,0.019,0.01863146,0.01825,76816.25,BTC-12SEP26,0.45549999999999996,0.64727,19.87797,0.0,0.0,0.0014999999999999979,BTC,76872.22,0.0
2026-09-10T13:30:52.712943+00:00,BTC-30OCT26-78000-C,77247.35,BTC-30OCT26,call,78000.0,2026-10-30T08:00:00+00:00,0.13626344484552058,0.052,0.053,0.05270153,0.0525,77247.35,BTC-30OCT26,0.3884,0.50363,113.87457,573.1,110.2,0.0010000000000000009,BTC,76872.22,522388.86
2026-09-10T13:30:52.712943+00:00,BTC-25SEP26-170000-P,76927.19,BTC-25SEP26,put,170000.0,2026-09-25T08:00:00+00:00,0.04043866729589703,1.2025,1.2155,1.20989923,1.209,76927.19,BTC-25SEP26,0.8693000000000001,-1.0,0.00319,0.0,0.0,0.013000000000000123,BTC,76872.22,0.0
2026-09-10T13:30:52.712943+00:00,BTC-13SEP26-83000-P,76822.89,BTC-13SEP26,put,83000.0,2026-09-13T08:00:00+00:00,0.007584457850311811,0.0785,0.083,0.08101148,0.08075,76822.89,BTC-13SEP26,0.49670000000000003,-0.96011,5.75697,0.0,0.0,0.004500000000000004,BTC,76859.87,0.0
2026-09-10T13:30:52.712943+00:00,BTC-18SEP26-69000-C,76867.22,BTC-18SEP26,call,69000.0,2026-09-18T08:00:00+00:00,0.021273711785972316,0.1015,0.106,0.10405085,0.10375,76867.22,BTC-18SEP26,0.4765,0.9452,12.44884,0.0,0.0,0.00449999999999999,BTC,76859.87,0.0
2026-09-10T13:30:52.712943+00:00,BTC-26MAR27-88000-C,78777.28,BTC-26MAR27,call,88000.0,2027-03-26T08:00:00+00:00,0.5387275105539395,0.0745,0.0765,0.07540831,0.0755,78777.28,BTC-26MAR27,0.40619999999999995,0.41289,225.35794,77.2,0.0,0.0020000000000000018,BTC,76859.87,0.0
2026-09-10T13:30:52.712943+00:00,BTC-30OCT26-83000-C,77247.35,BTC-30OCT26,call,83000.0,2026-10-30T08:00:00+00:00,0.13626344484552058,0.0295,0.0305,0.03011676,0.03,77247.35,BTC-30OCT26,0.3943,0.3381,104.35047,227.0,0.0,0.0010000000000000009,BTC,76859.87,0.0
2026-09-10T13:30:52.712943+00:00,BTC-26MAR27-74000-P,78774.31,BTC-26MAR27,put,74000.0,2027-03-26T08:00:00+00:00,0.5387275105539395,0.087,0.0895,0.08816851,0.08825,78774.31,BTC-26MAR27,0.41,-0.35952,216.38347,196.1,4.7,0.0025000000000000022,BTC,76859.87,31655.03
2026-09-10T13:30:52.712943+00:00,BTC-26MAR27-170000-C,78774.78,BTC-26MAR27,call,170000.0,2027-03-26T08:00:00+00:00,0.5387275105539395,0.0046,0.0047,0.00461524,0.00465,78774.78,BTC-26MAR27,0.5218,0.03476,44.46241,659.0,1.0,0.00010000000000000026,BTC,76859.87,386.1
2026-09-10T13:30:52.712943+00:00,BTC-27NOV26-85000-C,77537.76,BTC-27NOV26,call,85000.0,2026-11-27T08:00:00+00:00,0.21292326688521943,0.038,0.039,0.03872834,0.0385,77537.76,BTC-27NOV26,0.4025,0.34501,131.94619,542.5,13.6,0.0010000000000000009,BTC,76856.14,41209.74
2026-09-10T13:30:52.712943+00:00,BTC-26MAR27-74000-C,78774.78,BTC-26MAR27,call,74000.0,2027-03-26T08:00:00+00:00,0.5387275105539395,0.1475,0.15,0.14880577,0.14875,78774.78,BTC-26MAR27,0.41,0.64042,216.38562,66.8,0.0,0.0025000000000000022,BTC,76856.14,0.0
2026-09-10T13:30:52.712943+00:00,BTC-25SEP26-81000-C,76927.19,BTC-25SEP26,call,81000.0,2026-09-25T08:00:00+00:00,0.04043866729589703,0.014,0.015,0.01461718,0.0145,76927.19,BTC-25SEP26,0.42369999999999997,0.28698,52.73386,2856.2,11.4,0.0009999999999999992,BTC,76856.14,13715.83
2026-09-10T13:30:52.712943+00:00,BTC-25DEC26-64000-P,77853.59,BTC-25DEC26,put,64000.0,2026-12-25T08:00:00+00:00,0.28958308892491824,0.0225,0.0235,0.02312834,0.023,77853.59,BTC-25DEC26,0.43,-0.16727,105.01139,373.9,9.8,0.0010000000000000009,BTC,76856.14,15658.83
2026-09-10T13:30:52.712943+00:00,BTC-26MAR27-54000-C,78777.28,BTC-26MAR27,call,54000.0,2027-03-26T08:00:00+00:00,0.5387275105539395,0.329,0.338,0.33343475,0.3335,78777.28,BTC-26MAR27,0.4645,0.89961,101.84309,0.1,0.0,0.009000000000000008,BTC,76856.14,0.0
2026-09-10T13:30:52.712943+00:00,BTC-25JUN27-96000-P,79777.38,BTC-25JUN27,put,96000.0,2027-06-25T08:00:00+00:00,0.7878719321829607,0.2805,0.2865,0.28282562,0.2835,79777.38,BTC-25JUN27,0.41659999999999997,-0.62344,269.03553,0.0,0.0,0.00599999999999995,BTC,76866.67,0.0
2026-09-10T13:30:52.712943+00:00,BTC-27NOV26-91000-C,77537.76,BTC-27NOV26,call,91000.0,2026-11-27T08:00:00+00:00,0.21292326688521943,0.0225,0.0235,0.02283828,0.023,77537.76,BTC-27NOV26,0.4113,0.22791,108.18152,80.5,35.6,0.0010000000000000009,BTC,76866.67,75449.04
2026-09-10T13:30:52.712943+00:00,BTC-12SEP26-79500-C,76816.12,BTC-12SEP26,call,79500.0,2026-09-12T08:00:00+00:00,0.00484660706317971,0.0027,0.0031,0.00291921,0.0029,76816.12,BTC-12SEP26,0.4932,0.16799,13.43837,58.5,10.6,0.00039999999999999975,BTC,76866.67,7212.34
2026-09-10T13:30:52.712943+00:00,BTC-14SEP26-70000-P,76831.48,BTC-14SEP26,put,70000.0,2026-09-14T08:00:00+00:00,0.01032230863744391,0.0005,0.0008,0.00066668,0.00065,76831.48,BTC-14SEP26,0.5042,-0.03129,5.50443,0.1,0.1,0.00030000000000000003,BTC,76866.67,3.88
2026-09-10T13:30:52.712943+00:00,BTC-18SEP26-83000-P,76864.72,BTC-18SEP26,put,83000.0,2026-09-18T08:00:00+00:00,0.021273711785972316,0.081,0.087,0.08437595,0.084,76864.72,BTC-18SEP26,0.46630000000000005,-0.86375,24.51803,0.0,0.0,0.0059999999999999915,BTC,76866.67,0.0
2026-09-10T13:30:52.712943+00:00,BTC-12SEP26-70000-C,76816.25,BTC-12SEP26,call,70000.0,2026-09-12T08:00:00+00:00,0.00484660706317971,0.087,0.0915,0.08914429,0.08925,76816.25,BTC-12SEP26,0.6662,0.97972,2.6214,0.0,0.0,0.004500000000000004,BTC,76866.67,0.0
2026-09-10T13:30:52.712943+00:00,BTC-25SEP26-115000-C,76926.46,BTC-25SEP26,call,115000.0,2026-09-25T08:00:00+00:00,0.04043866729589703,0.0001,0.0002,0.00014193,0.00015,76926.46,BTC-25SEP26,0.7182,0.00341,1.5884,2160.9,0.0,0.0001,BTC,76866.67,0.0
2026-09-10T13:30:52.712943+00:00,BTC-26MAR27-120000-P,78777.28,BTC-26MAR27,put,120000.0,2027-03-26T08:00:00+00:00,0.5387275105539395,0.5305,0.5495,0.54101616,0.54,78777.28,BTC-26MAR27,0.439,-0.87356,120.06836,9.8,0.0,0.019000000000000017,BTC,76866.67,0.0
2026-09-10T13:30:52.712943+00:00,BTC-25JUN27-84000-P,79777.38,BTC-25JUN27,put,84000.0,2027-06-25T08:00:00+00:00,0.7878719321829607,0.177,0.1805,0.17802618,0.17875,79777.38,BTC-25JUN27,0.4153,-0.48183,282.4201,6.6,0.1,0.003500000000000003,BTC,76862.65,1354.53
2026-09-10T13:30:52.712943+00:00,BTC-18SEP26-84000-C,76867.22,BTC-18SEP26,call,84000.0,2026-09-18T08:00:00+00:00,0.021273711785972316,0.0031,0.0035,0.00344189,0.0033,76867.22,BTC-18SEP26,0.4752,0.1057,20.50275,634.4,118.6,0.0004000000000000002,BTC,76862.65,38527.74
2026-09-10T13:30:52.712943+00:00,BTC-11SEP26-81000-C,76811.0,BTC-11SEP26,call,81000.0,2026-09-11T08:00:00+00:00,0.002108756276047608,0.0001,0.0003,0.00016371,0.0002,76811.0,BTC-11SEP26,0.5484,0.01971,1.6869,4498.0,148.7,0.00019999999999999998,BTC,76862.65,18223.0
2026-09-10T13:30:52.712943+00:00,BTC-30OCT26-78000-P,77247.35,BTC-30OCT26,put,78000.0,2026-10-30T08:00:00+00:00,0.13626344484552058,0.0615,0.063,0.06245053,0.06225,77247.35,BTC-30OCT26,0.3884,-0.49675,113.86018,644.2,134.2,0.0015000000000000013,BTC,76862.65,536501.72
2026-09-10T13:30:52.712943+00:00,BTC-11SEP26-82000-P,76808.5,BTC-11SEP26,put,82000.0,2026-09-11T08:00:00+00:00,0.002108756276047608,0.066,0.069,0.06767014,0.0675,76808.5,BTC-11SEP26,0.6255,-0.98749,1.14177,65.2,2.0,0.0030000000000000027,BTC,76862.65,8187.91
2026-09-10T13:30:52.712943+00:00,BTC-18SEP26-79000-C,76864.72,BTC-18SEP26,call,79000.0,2026-09-18T08:00:00+00:00,0.021273711785972316,0.0135,0.0145,0.01413244,0.014,76864.72,BTC-18SEP26,0.43479999999999996,0.34708,41.43668,451.9,59.6,0.0010000000000000009,BTC,76865.31,92736.02
2026-09-10T13:30:52.712943+00:00,BTC-26MAR27-104000-P,78774.78,BTC-26MAR27,put,104000.0,2027-03-26T08:00:00+00:00,0.5387275105539395,0.3455,0.3625,0.35510649,0.354,78774.78,BTC-26MAR27,0.41840000000000005,-0.77316,174.35906,0.1,0.0,0.017000000000000015,BTC,76865.31,0.0
2026-09-10T13:30:52.712943+00:00,BTC-18SEP26-77000-C,76864.72,BTC-18SEP26,call,77000.0,2026-09-18T08:00:00+00:00,0.021273711785972316,0.0235,0.024,0.02389276,0.02375,76864.72,BTC-18SEP26,0.4249,0.50528,44.76314,162.0,113.9,0.0005000000000000004,BTC,76865.31,220418.23
2026-09-10T13:30:52.712943+00:00,BTC-26MAR27-94000-P,78774.78,BTC-26MAR27,put,94000.0,2027-03-26T08:00:00+00:00,0.5387275105539395,0.241,0.2565,0.24944352,0.24875,78774.78,BTC-26MAR27,0.4096,-0.66847,209.95897,9.7,0.0,0.015500000000000014,BTC,76865.31,0.0
2026-09-10T13:30:52.712943+00:00,BTC-13SEP26-88000-C,76823.62,BTC-13SEP26,call,88000.0,2026-09-13T08:00:00+00:00,0.007584457850311811,0.0001,0.0002,0.00013406,0.00015,76823.62,BTC-13SEP26,0.6336999999999999,0.00774,1.42537,1.1,1.2,0.0001,BTC,76865.31,27.32
2026-09-10T13:30:52.712943+00:00,BTC-25DEC26-100000-P,77853.59,BTC-25DEC26,put,100000.0,2026-12-25T08:00:00+00:00,0.28958308892491824,0.2945,0.307,0.30190079,0.30075,77853.59,BTC-25DEC26,0.4213,-0.83824,102.7688,303.2,0.1,0.012500000000000011,BTC,76865.31,2186.24
2026-09-10T13:30:52.712943+00:00,BTC-25DEC26-75000-P,77853.59,BTC-25DEC26,put,75000.0,2026-12-25T08:00:00+00:00,0.28958308892491824,0.0675,0.0685,0.06766458,0.068,77853.59,BTC-25DEC26,0.40270000000000006,-0.38835,160.70639,1269.4,4.0,0.0010000000000000009,BTC,76865.31,18784.92
2026-09-10T13:30:52.712943+00:00,BTC-27NOV26-76000-P,77537.76,BTC-27NOV26,put,76000.0,2026-11-27T08:00:00+00:00,0.21292326688521943,0.0625,0.0635,0.06306095,0.063,77537.76,BTC-27NOV26,0.3986,-0.419,139.92261,53.2,0.0,0.0010000000000000009,BTC,76865.58,0.0
2026-09-10T13:30:52.712943+00:00,BTC-27NOV26-120000-P,77537.76,BTC-27NOV26,put,120000.0,2026-11-27T08:00:00+00:00,0.21292326688521943,0.5425,0.556,0.55040947,0.54925,77537.76,BTC-27NOV26,0.4902,-0.96509,27.61288,0.0,0.0,0.013500000000000068,BTC,76865.58,0.0
2026-09-10T13:30:52.712943+00:00,BTC-25SEP26-130000-C,76927.19,BTC-25SEP26,call,130000.0,2026-09-25T08:00:00+00:00,0.04043866729589703,,0.0001,3.043e-05,,76927.19,BTC-25SEP26,0.7992,0.00074,0.39394,1509.3,60.0,,BTC,76865.58,464.9
2026-09-10T13:30:52.712943+00:00,BTC-26MAR27-76000-C,78774.78,BTC-26MAR27,call,76000.0,2027-03-26T08:00:00+00:00,0.5387275105539395,0.1345,0.1365,0.13524096,0.1355,78774.78,BTC-26MAR27,0.40740000000000004,0.60688,222.52901,530.6,0.0,0.0020000000000000018,BTC,76865.58,0.0
2026-09-10T13:30:52.712943+00:00,BTC-11SEP26-90000-C,76811.0,BTC-11SEP26,call,90000.0,2026-09-11T08:00:00+00:00,0.002108756276047608,,0.0001,1e-08,,76811.0,BTC-11SEP26,0.7326,0.0,0.00025,1464.4,0.1,,BTC,76865.58,0.79
2026-09-10T13:30:52.712943+00:00,BTC-25JUN27-92000-C,79777.38,BTC-25JUN27,call,92000.0,2027-06-25T08:00:00+00:00,0.7878719321829607,0.0915,0.0935,0.09240138,0.0925,79777.38,BTC-25JUN27,0.4154,0.42038,277.06052,15.7,0.0,0.0020000000000000018,BTC,76860.66,0.0
2026-09-10T13:30:52.712943+00:00,BTC-18SEP26-68000-P,76867.22,BTC-18SEP26,put,68000.0,2026-09-18T08:00:00+00:00,0.021273711785972316,0.001,0.0013,0.00117662,0.00115,76867.22,BTC-18SEP26,0.4892,-0.03885,9.44215,185.1,47.7,0.0002999999999999999,BTC,76860.66,3869.99
2026-09-10T13:30:52.712943+00:00,BTC-30OCT26-65000-P,77247.35,BTC-30OCT26,put,65000.0,2026-10-30T08:00:00+00:00,0.13626344484552058,0.0095,0.0105,0.01013492,0.01,77247.35,BTC-30OCT26,0.42869999999999997,-0.11999,57.09128,543.0,16.7,0.0010000000000000009,BTC,76860.66,12778.21
2026-09-10T13:30:52.712943+00:00,BTC-30OCT26-59000-P,77247.35,BTC-30OCT26,put,59000.0,2026-10-30T08:00:00+00:00,0.13626344484552058,0.0043,0.0047,0.00453467,0.0045,77247.35,BTC-30OCT26,0.4852,-0.05498,31.738,84.7,0.0,0.0004000000000000002,BTC,76860.66,0.0
2026-09-10T13:30:52.712943+00:00,BTC-12SEP26-76000-P,76816.25,BTC-12SEP26,put,76000.0,2026-09-12T08:00:00+00:00,0.00484660706317971,0.0075,0.0085,0.00796449,0.008,76816.25,BTC-12SEP26,0.45549999999999996,-0.35462,19.91276,111.0,117.9,0.0010000000000000009,BTC,76860.66,33103.91
2026-09-10T13:30:52.712943+00:00,BTC-25SEP26-92000-C,76926.46,BTC-25SEP26,call,92000.0,2026-09-25T08:00:00+00:00,0.04043866729589703,0.0015,0.0017,0.00163363,0.0016,76926.46,BTC-25SEP26,0.4989,0.04162,13.7808,1273.4,21.9,0.00019999999999999987,BTC,76860.66,3258.79
2026-09-10T13:30:52.712943+00:00,BTC-25SEP26-83000-P,76926.46,BTC-25SEP26,put,83000.0,2026-09-25T08:00:00+00:00,0.04043866729589703,0.085,0.091,0.08859443,0.088,76926.46,BTC-25SEP26,0.4346,-0.7954,43.93919,20.2,0.1,0.0059999999999999915,BTC,76860.66,562.72
2026-09-10T13:30:52.712943+00:00,BTC-25SEP26-125000-C,76926.46,BTC-25SEP26,call,125000.0,2026-09-25T08:00:00+00:00,0.04043866729589703,,0.0001,5.978e-05,,76926.46,BTC-25SEP26,0.7859999999999999,0.00141,0.71342,2355.6,0.0,,BTC,76860.66,0.0
2026-09-10T13:30:52.712943+00:00,BTC-30OCT26-82000-C,77247.35,BTC-30OCT26,call,82000.0,2026-10-30T08:00:00+00:00,0.13626344484552058,0.033,0.034,0.0338231,0.0335,77247.35,BTC-30OCT26,0.39299999999999996,0.36862,107.63575,1148.0,23.9,0.0010000000000000009,BTC,76864.79,70543.06
2026-09-10T13:30:52.712943+00:00,BTC-25DEC26-120000-P,77853.59,BTC-25DEC26,put,120000.0,2026-12-25T08:00:00+00:00,0.28958308892491824,0.539,0.5535,0.54680658,0.54625,77853.59,BTC-25DEC26,0.4679,-0.94394,47.35667,35.7,0.0,0.014499999999999957,BTC,76864.79,0.0
2026-09-10T13:30:52.712943+00:00,BTC-30OCT26-110000-C,77247.35,BTC-30OCT26,call,110000.0,2026-10-30T08:00:00+00:00,0.13626344484552058,0.0018,0.0022,0.0020324,0.002,77247.35,BTC-30OCT26,0.4886,0.03091,19.90754,1064.4,29.7,0.0004000000000000002,BTC,76864.79,5101.85
2026-09-10T13:30:52.712943+00:00,BTC-25DEC26-220000-P,77853.59,BTC-25DEC26,put,220000.0,2026-12-25T08:00:00+00:00,0.28958308892491824,1.81,1.8375,1.82619421,1.82375,77853.59,BTC-25DEC26,0.6715000000000001,-0.99649,4.41755,0.0,0.0,0.027499999999999858,BTC,76864.79,0.0
2026-09-10T13:30:52.712943+00:00,BTC-25JUN27-70000-P,79777.91,BTC-25JUN27,put,70000.0,2027-06-25T08:00:00+00:00,0.7878719321829607,0.087,0.089,0.08764598,0.088,79777.91,BTC-25JUN27,0.4257,-0.29611,244.90014,20.4,0.0,0.0020000000000000018,BTC,76855.08,0.0
2026-09-10T13:30:52.712943+00:00,BTC-26MAR27-65000-C,78774.78,BTC-26MAR27,call,65000.0,2027-03-26T08:00:00+00:00,0.5387275105539395,0.22,0.2225,0.2213114,0.22125,78774.78,BTC-26MAR27,0.4257,0.78009,171.28736,366.9,0.0,0.0025000000000000022,BTC,76855.08,0.0
2026-09-10T13:30:52.712943+00:00,BTC-26MAR27-130000-C,78774.78,BTC-26MAR27,call,130000.0,2027-03-26T08:00:00+00:00,0.5387275105539395,0.0115,0.013,0.01225092,0.01225,78774.78,BTC-26MAR27,0.4532,0.09047,94.33103,1142.8,0.0,0.0014999999999999996,BTC,76855.08,0.0
2026-09-10T13:30:52.712943+00:00,BTC-25JUN27-180000-C,79777.38,BTC-25JUN27,call,180000.0,2027-06-25T08:00:00+00:00,0.7878719321829607,0.0085,0.0095,0.00894764,0.009,79777.38,BTC-25JUN27,0.5036,0.05536,79.24187,47.1,0.0,0.0009999999999999992,BTC,76855.08,0.0
2026-09-10T13:30:52.712943+00:00,BTC-25SEP26-175000-C,76927.19,BTC-25SEP26,call,175000.0,2026-09-25T08:00:00+00:00,0.04043866729589703,,0.0001,1.2e-07,,76927.19,BTC-25SEP26,0.89,0.0,0.00249,1904.8,0.0,,BTC,76855.08,0.0
2026-09-10T13:30:52.712943+00:00,BTC-13SEP26-70000-P,76823.62,BTC-13SEP26,put,70000.0,2026-09-13T08:00:00+00:00,0.007584457850311811,0.0003,0.0006,0.00047307,0.00045,76823.62,BTC-13SEP26,0.5539999999999999,-0.02471,3.87497,408.5,395.0,0.0003,BTC,76853.67,19246.85
2026-09-10T13:30:52.712943+00:00,BTC-30OCT26-77000-P,77247.35,BTC-30OCT26,put,77000.0,2026-10-30T08:00:00+00:00,0.13626344484552058,0.0545,0.056,0.05552897,0.05525,77247.35,BTC-30OCT26,0.3886,-0.46116,113.31269,141.8,45.1,0.0015000000000000013,BTC,76855.08,158409.11
2026-09-10T13:30:52.712943+00:00,BTC-27NOV26-60000-P,77538.49,BTC-27NOV26,put,60000.0,2026-11-27T08:00:00+00:00,0.21292326688521943,0.0095,0.01,0.01007019,0.00975,77538.49,BTC-27NOV26,0.45740000000000003,-0.09285,59.51001,106.1,50.9,0.0005000000000000004,BTC,76855.08,39437.56
2026-09-10T13:30:52.712943+00:00,BTC-18SEP26-70000-P,76864.72,BTC-18SEP26,put,70000.0,2026-09-18T08:00:00+00:00,0.021273711785972316,0.0022,0.0025,0.00237655,0.00235,76864.72,BTC-18SEP26,0.46,-0.07561,15.98122,346.1,987.1,0.0002999999999999999,BTC,76853.67,144312.19
2026-09-10T13:30:52.712943+00:00,BTC-11SEP26-76000-P,76808.5,BTC-11SEP26,put,76000.0,2026-09-11T08:00:00+00:00,0.002108756276047608,0.0029,0.0033,0.00309488,0.0031,76808.5,BTC-11SEP26,0.3935,-0.26557,11.5646,1239.6,831.7,0.0004000000000000002,BTC,76853.67,81899.58
2026-09-10T13:30:52.712943+00:00,BTC-26MAR27-84000-C,78774.31,BTC-26MAR27,call,84000.0,2027-03-26T08:00:00+00:00,0.5387275105539395,0.091,0.093,0.09186003,0.092,78774.31,BTC-26MAR27,0.4053,0.4738,230.33537,263.2,0.0,0.0020000000000000018,BTC,76853.67,0.0
2026-09-10T13:30:52.712943+00:00,BTC-25JUN27-160000-C,79777.91,BTC-25JUN27,call,160000.0,2027-06-25T08:00:00+00:00,0.7878719321829607,0.0125,0.0135,0.01293233,0.013,79777.91,BTC-25JUN27,0.4813,0.0785,103.84546,553.4,0.0,0.0009999999999999992,BTC,76856.03,0.0
2026-09-10T13:30:52.712943+00:00,BTC-25JUN27-170000-P,79777.91,BTC-25JUN27,put,170000.0,2027-06-25T08:00:00+00:00,0.7878719321829607,1.123,1.157,1.14144996,1.14,79777.91,BTC-25JUN27,0.49229999999999996,-0.93475,90.11068,14.7,0.0,0.03400000000000003,BTC,76856.03,0.0
2026-09-10T13:30:52.712943+00:00,BTC-25SEP26-86000-P,76926.46,BTC-25SEP26,put,86000.0,2026-09-25T08:00:00+00:00,0.04043866729589703,0.1195,0.126,0.12315568,0.12275,76926.46,BTC-25SEP26,0.4545,-0.87932,31.0929,11.7,0.0,0.006500000000000006,BTC,76853.67,0.0
2026-09-10T13:30:52.712943+00:00,BTC-25SEP26-68000-C,76926.46,BTC-25SEP26,call,68000.0,2026-09-25T08:00:00+00:00,0.04043866729589703,0.1175,0.1215,0.11942548,0.1195,76926.46,BTC-25SEP26,0.45,0.92164,22.65764,888.3,0.1,0.0040000000000000036,BTC,76856.03,927.02
2026-09-10T13:30:52.712943+00:00,BTC-11SEP26-73000-P,76808.5,BTC-11SEP26,put,73000.0,2026-09-11T08:00:00+00:00,0.002108756276047608,0.0003,0.0004,0.00035848,0.00035,76808.5,BTC-11SEP26,0.6053000000000001,-0.03085,2.45608,1089.0,187.2,0.00010000000000000005,BTC,76856.03,2633.51
2026-09-10T13:30:52.712943+00:00,BTC-14SEP26-78500-P,76831.48,BTC-14SEP26,put,78500.0,2026-09-14T08:00:00+00:00,0.01032230863744391,0.028,0.0305,0.0291323,0.02925,76831.48,BTC-14SEP26,0.3908,-0.69448,27.38328,0.1,0.1,0.0024999999999999988,BTC,76856.03,178.45
2026-09-10T13:30:52.712943+00:00,BTC-27NOV26-74000-P,77538.49,BTC-27NOV26,put,74000.0,2026-11-27T08:00:00+00:00,0.21292326688521943,0.0505,0.052,0.05129632,0.05125,77538.49,BTC-27NOV26,0.39990000000000003,-0.36381,134.45286,39.2,1.9,0.0014999999999999944,BTC,76856.03,6018.31
2026-09-10T13:30:52.712943+00:00,BTC-25SEP26-280000-C,76926.46,BTC-25SEP26,call,280000.0,2026-09-25T08:00:00+00:00,0.04043866729589703,,0.0001,4e-08,,76926.46,BTC-25SEP26,1.2987,0.0,0.00058,76.1,0.0,,BTC,76856.03,0.0
2026-09-10T13:30:52.712943+00:00,BTC-12SEP26-72000-C,76816.25,BTC-12SEP26,call,72000.0,2026-09-12T08:00:00+00:00,0.00484660706317971,0.061,0.066,0.06352941,0.0635,76816.25,BTC-12SEP26,0.565,0.95414,5.14936,0.0,0.0,0.0050000000000000044,BTC,76859.14,0.0
2026-09-10T13:30:52.712943+00:00,BTC-25DEC26-230000-C,77853.59,BTC-25DEC26,call,230000.0,2026-12-25T08:00:00+00:00,0.28958308892491824,0.0002,0.0004,0.00032699,0.0003,77853.59,BTC-25DEC26,0.691,0.00312,3.9778,190.5,0.0,0.0002,BTC,76859.14,0.0
2026-09-10T13:30:52.712943+00:00,BTC-12SEP26-74000-C,76816.25,BTC-12SEP26,call,74000.0,2026-09-12T08:00:00+00:00,0.00484660706317971,0.0365,0.0415,0.03892692,0.039,76816.25,BTC-12SEP26,0.4838,0.87382,11.08709,0.0,0.0,0.0050000000000000044,BTC,76859.14,0.0
2026-09-10T13:30:52.712943+00:00,BTC-27NOV26-95000-P,77538.49,BTC-27NOV26,put,95000.0,2026-11-27T08:00:00+00:00,0.21292326688521943,0.235,0.246,0.24139418,0.2405,77538.49,BTC-27NOV26,0.41979999999999995,-0.82886,91.00616,0.0,0.0,0.01100000000000001,BTC,76856.03,0.0
2026-09-10T13:30:52.712943+00:00,BTC-18SEP26-79000-P,76864.72,BTC-18SEP26,put,79000.0,2026-09-18T08:00:00+00:00,0.021273711785972316,0.041,0.043,0.04188594,0.042,76864.72,BTC-18SEP26,0.43479999999999996,-0.65344,41.4099,292.6,47.7,0.001999999999999995,BTC,76859.14,116583.6
2026-09-10T13:30:52.712943+00:00,BTC-18SEP26-95000-C,76867.22,BTC-18SEP26,call,95000.0,2026-09-18T08:00:00+00:00,0.021273711785972316,0.0001,0.0004,0.00021615,0.00025,76867.22,BTC-18SEP26,0.5899,0.00789,2.42873,154.8,1.5,0.00030000000000000003,BTC,76859.14,43.79
2026-09-10T13:30:52.712943+00:00,BTC-25JUN27-98000-C,79777.38,BTC-25JUN27,call,98000.0,2027-06-25T08:00:00+00:00,0.7878719321829607,0.073,0.075,0.07391414,0.074,79777.38,BTC-25JUN27,0.4177,0.35626,264.13617,63.0,0.1,0.0020000000000000018,BTC,76857.37,624.21
2026-09-10T13:30:52.712943+00:00,BTC-25DEC26-50000-P,77853.59,BTC-25DEC26,put,50000.0,2026-12-25T08:00:00+00:00,0.28958308892491824,0.0055,0.006,0.00577494,0.00575,77853.59,BTC-25DEC26,0.5275,-0.04431,39.25479,2145.2,3.2,0.0005000000000000004,BTC,76857.37,1374.53
2026-09-10T13:30:52.712943+00:00,BTC-13SEP26-80500-P,76823.62,BTC-13SEP26,put,80500.0,2026-09-13T08:00:00+00:00,0.007584457850311811,0.0475,0.052,0.04987401,0.04975,76823.62,BTC-13SEP26,0.43689999999999996,-0.88442,13.04114,0.0,0.0,0.004499999999999997,BTC,76857.37,0.0
2026-09-10T13:30:52.712943+00:00,BTC-25DEC26-54000-P,77852.86,BTC-25DEC26,put,54000.0,2026-12-25T08:00:00+00:00,0.28958308892491824,0.008,0.009,0.00855563,0.0085,77852.86,BTC-25DEC26,0.4946,-0.06555,53.51656,1864.4,0.3,0.0009999999999999992,BTC,76857.37,196.0
2026-09-10T13:30:52.712943+00:00,BTC-11SEP26-75000-C,76808.5,BTC-11SEP26,call,75000.0,2026-09-11T08:00:00+00:00,0.002108756276047608,0.0235,0.0265,0.02464037,0.025,76808.5,BTC-11SEP26,0.4282,0.89534,6.39827,90.9,31.0,0.002999999999999999,BTC,76857.37,91041.32
2026-09-10T13:30:52.712943+00:00,BTC-25DEC26-92000-P,77853.59,BTC-25DEC26,put,92000.0,2026-12-25T08:00:00+00:00,0.28958308892491824,0.207,0.2175,0.21230958,0.21225,77853.59,BTC-25DEC26,0.40759999999999996,-0.74179,135.52845,6.6,0.0,0.01050000000000001,BTC,76857.37,0.0
2026-09-10T13:30:52.712943+00:00,BTC-26MAR27-78000-P,78774.31,BTC-26MAR27,put,78000.0,2027-03-26T08:00:00+00:00,0.5387275105539395,0.112,0.1145,0.11317826,0.11325,78774.31,BTC-26MAR27,0.4065,-0.42711,226.97808,270.3,0.0,0.0025000000000000022,BTC,76856.65,0.0
2026-09-10T13:30:52.712943+00:00,BTC-25SEP26-54000-C,76926.46,BTC-25SEP26,call,54000.0,2026-09-25T08:00:00+00:00,0.04043866729589703,0.2965,0.3,0.29819786,0.29825,76926.46,BTC-25SEP26,0.6762,0.99628,1.72012,7.4,0.0,0.003500000000000003,BTC,76856.65,0.0
2026-09-10T13:30:52.712943+00:00,BTC-12SEP26-80500-P,76816.25,BTC-12SEP26,put,80500.0,2026-09-12T08:00:00+00:00,0.00484660706317971,0.0465,0.052,0.04957918,0.04925,76816.25,BTC-12SEP26,0.5161,-0.89786,9.53603,0.0,0.0,0.005499999999999998,BTC,76856.65,0.0
2026-09-10T13:30:52.712943+00:00,BTC-27NOV26-90000-C,77537.76,BTC-27NOV26,call,90000.0,2026-11-27T08:00:00+00:00,0.21292326688521943,0.0245,0.0255,0.02496806,0.025,77537.76,BTC-27NOV26,0.40979999999999994,0.24485,112.54231,128.1,104.4,0.0009999999999999974,BTC,76857.37,195179.17
2026-09-10T13:30:52.712943+00:00,BTC-25DEC26-108000-C,77853.59,BTC-25DEC26,call,108000.0,2026-12-25T08:00:00+00:00,0.28958308892491824,0.01,0.011,0.01041691,0.0105,77853.59,BTC-25DEC26,0.4382,0.10262,74.98963,151.9,0.0,0.0009999999999999992,BTC,76856.65,0.0
2026-09-10T13:30:52.712943+00:00,BTC-25DEC26-60000-P,77853.59,BTC-25DEC26,put,60000.0,2026-12-25T08:00:00+00:00,0.28958308892491824,0.0145,0.0155,0.01511671,0.015,77853.59,BTC-25DEC26,0.44880000000000003,-0.11483,81.30222,6248.2,1.1,0.0009999999999999992,BTC,76856.65,1260.51
2026-09-10T13:30:52.712943+00:00,BTC-25JUN27-58000-C,79777.38,BTC-25JUN27,call,58000.0,2027-06-25T08:00:00+00:00,0.7878719321829607,0.312,0.3155,0.31370706,0.31375,79777.38,BTC-25JUN27,0.45039999999999997,0.84088,171.7847,13.8,0.0,0.003500000000000003,BTC,76854.77,0.0
2026-09-10T13:30:52.712943+00:00,BTC-25DEC26-250000-P,77853.59,BTC-25DEC26,put,250000.0,2026-12-25T08:00:00+00:00,0.28958308892491824,2.1925,2.225,2.21138941,2.20875,77853.59,BTC-25DEC26,0.7086,-0.99792,2.75527,10.0,0.0,0.032500000000000195,BTC,76854.77,0.0
2026-09-10T13:30:52.712943+00:00,BTC-11SEP26-69000-C,76808.5,BTC-11SEP26,call,69000.0,2026-09-11T08:00:00+00:00,0.002108756276047608,0.1,0.104,0.10171016,0.102,76808.5,BTC-11SEP26,0.7976000000000001,0.99847,0.17519,3.8,0.0,0.00399999999999999,BTC,76854.77,0.0
2026-09-10T13:30:52.712943+00:00,BTC-25SEP26-85000-C,76926.46,BTC-25SEP26,call,85000.0,2026-09-25T08:00:00+00:00,0.04043866729589703,0.006,0.0065,0.0063539,0.00625,76926.46,BTC-25SEP26,0.447,0.14299,34.95607,9098.3,21.9,0.0004999999999999996,BTC,76854.77,13264.57
2026-09-10T13:30:52.712943+00:00,BTC-26MAR27-190000-P,78774.78,BTC-26MAR27,put,190000.0,2027-03-26T08:00:00+00:00,0.5387275105539395,1.397,1.4285,1.4148674,1.41275,78774.78,BTC-26MAR27,0.5451,-0.97718,31.32177,0.9,0.0,0.031500000000000083,BTC,76854.77,0.0
2026-09-10T13:30:52.712943+00:00,BTC-11SEP26-78000-P,76808.5,BTC-11SEP26,put,78000.0,2026-09-11T08:00:00+00:00,0.002108756276047608,0.017,0.019,0.01763035,0.018,76808.5,BTC-11SEP26,0.40490000000000004,-0.78491,10.30794,617.2,344.5,0.0019999999999999983,BTC,76854.77,173863.89
2026-09-10T13:30:52.712943+00:00,BTC-25DEC26-160000-C,77853.59,BTC-25DEC26,call,160000.0,2026-12-25T08:00:00+00:00,0.28958308892491824,0.0011,0.0015,0.00129368,0.0013,77853.59,BTC-25DEC26,0.5650999999999999,0.01339,14.40157,1291.8,0.0,0.00039999999999999996,BTC,76854.77,0.0
2026-09-10T13:30:52.712943+00:00,BTC-11SEP26-77000-C,76808.5,BTC-11SEP26,call,77000.0,2026-09-11T08:00:00+00:00,0.002108756276047608,0.0055,0.006,0.00594931,0.00575,76808.5,BTC-11SEP26,0.3876,0.4577,13.98978,310.3,240.6,0.0005000000000000004,BTC,76848.55,126074.07
2026-09-10T13:30:52.712943+00:00,BTC-27NOV26-82000-C,77538.21,BTC-27NOV26,call,82000.0,2026-11-27T08:00:00+00:00,0.21292326688521943,0.0495,0.051,0.05027772,0.05025,77538.21,BTC-27NOV26,0.3996,0.41738,139.78319,65.4,0.0,0.0014999999999999944,BTC,76854.77,0.0
2026-09-10T13:30:52.712943+00:00,BTC-25DEC26-88000-P,77853.59,BTC-25DEC26,put,88000.0,2026-12-25T08:00:00+00:00,0.28958308892491824,0.1665,0.176,0.1712228,0.17125,77853.59,BTC-25DEC26,0.4021,-0.67565,150.77608,7.5,0.1,0.00949999999999998,BTC,76848.55,1225.78
2026-09-10T13:30:52.712943+00:00,BTC-25DEC26-96000-P,77852.86,BTC-25DEC26,put,96000.0,2026-12-25T08:00:00+00:00,0.28958308892491824,0.25,0.262,0.25605915,0.256,77852.86,BTC-25DEC26,0.4139,-0.7958,118.8582,23.9,0.0,0.01200000000000001,BTC,76848.55,0.0
2026-09-10T13:30:52.712943+00:00,BTC-25SEP26-96000-P,76926.46,BTC-25SEP26,put,96000.0,2026-09-25T08:00:00+00:00,0.04043866729589703,0.2455,0.252,0.24877366,0.24875,76926.46,BTC-25SEP26,0.5312,-0.97794,8.14312,1.0,0.0,0.006500000000000006,BTC,76848.55,0.0
2026-09-10T13:30:52.712943+00:00,BTC-2OCT26-82000-C,76986.8,BTC-2OCT26,call,82000.0,2026-10-02T08:00:00+00:00,0.05960362280582174,0.016,0.0165,0.0166503,0.01625,76986.8,BTC-2OCT26,0.4106,0.28218,63.55856,0.6,0.6,0.0005000000000000004,BTC,76848.55,768.86
2026-09-10T13:30:52.712943+00:00,BTC-14SEP26-84000-C,76830.75,BTC-14SEP26,call,84000.0,2026-09-14T08:00:00+00:00,0.01032230863744391,0.0005,0.0009,0.00066591,0.0007,76830.75,BTC-14SEP26,0.47840000000000005,0.03557,6.1158,0.5,0.5,0.00039999999999999996,BTC,76848.55,34.11
2026-09-10T13:30:52.712943+00:00,BTC-25DEC26-90000-C,77853.59,BTC-25DEC26,call,90000.0,2026-12-25T08:00:00+00:00,0.28958308892491824,0.035,0.036,0.03540537,0.0355,77853.59,BTC-25DEC26,0.405,0.28973,143.45024,3783.5,126.4,0.000999999999999994,BTC,76846.24,374847.83
2026-09-10T13:30:52.712943+00:00,BTC-26MAR27-66000-C,78774.78,BTC-26MAR27,call,66000.0,2027-03-26T08:00:00+00:00,0.5387275105539395,0.211,0.2135,0.2122655,0.21225,78774.78,BTC-26MAR27,0.4232,0.76596,177.38923,23.8,0.0,0.0025000000000000022,BTC,76846.24,0.0
2026-09-10T13:30:52.712943+00:00,BTC-25JUN27-62000-P,79777.91,BTC-25JUN27,put,62000.0,2027-06-25T08:00:00+00:00,0.7878719321829607,0.0525,0.0545,0.05340527,0.0535,79777.91,BTC-25JUN27,0.44020000000000004,-0.20022,198.47471,115.3,0.1,0.0020000000000000018,BTC,76846.24,377.32
2026-09-10T13:30:52.712943+00:00,BTC-27NOV26-89000-C,77537.76,BTC-27NOV26,call,89000.0,2026-11-27T08:00:00+00:00,0.21292326688521943,0.0265,0.0275,0.02720706,0.027,77537.76,BTC-27NOV26,0.4078,0.26207,116.61394,180.3,0.0,0.0010000000000000009,BTC,76846.24,0.0
2026-09-10T13:30:52.712943+00:00,BTC-26MAR27-200000-P,78774.78,BTC-26MAR27,put,200000.0,2027-03-26T08:00:00+00:00,0.5387275105539395,1.5215,1.556,1.54139827,1.53875,78774.78,BTC-26MAR27,0.5593,-0.98048,27.43611,1.0,0.0,0.034499999999999975,BTC,76846.24,0.0
2026-09-10T13:30:52.712943+00:00,BTC-26MAR27-45000-C,78774.78,BTC-26MAR27,call,45000.0,2027-03-26T08:00:00+00:00,0.5387275105539395,0.4345,0.4415,0.43775638,0.438,78774.78,BTC-26MAR27,0.5197999999999999,0.95142,58.31885,3.3,0.0,0.007000000000000006,BTC,76848.97,0.0
2026-09-10T13:30:52.712943+00:00,BTC-25SEP26-30000-P,76926.46,BTC-25SEP26,put,30000.0,2026-09-25T08:00:00+00:00,0.04043866729589703,,0.0001,2.91e-06,,76926.46,BTC-25SEP26,1.2395,-5e-05,0.0304,2959.5,0.0,,BTC,76848.97,0.0
2026-09-10T13:30:52.712943+00:00,BTC-12SEP26-76500-P,76816.25,BTC-12SEP26,put,76500.0,2026-09-12T08:00:00+00:00,0.00484660706317971,0.01,0.011,0.01068201,0.0105,76816.25,BTC-12SEP26,0.45640000000000003,-0.43635,21.07045,142.7,29.3,0.0009999999999999992,BTC,76848.97,10930.21
2026-09-10T13:30:52.712943+00:00,BTC-11SEP26-70000-P,76811.0,BTC-11SEP26,put,70000.0,2026-09-11T08:00:00+00:00,0.002108756276047608,,0.0002,6.181e-05,,76811.0,BTC-11SEP26,0.7959999999999999,-0.00508,0.51673,810.9,15.8,,BTC,76848.97,199.99
2026-09-10T13:30:52.712943+00:00,BTC-30OCT26-95000-C,77247.35,BTC-30OCT26,call,95000.0,2026-10-30T08:00:00+00:00,0.13626344484552058,0.0075,0.0085,0.00790658,0.008,77247.35,BTC-30OCT26,0.4294,0.11033,53.77409,2094.5,0.9,0.0010000000000000009,BTC,76848.97,696.76
2026-09-10T13:30:52.712943+00:00,BTC-25SEP26-260000-C,76927.19,BTC-25SEP26,call,260000.0,2026-09-25T08:00:00+00:00,0.04043866729589703,,0.0001,4e-08,,76927.19,BTC-25SEP26,1.2309,0.0,0.00063,293.3,0.0,,BTC,76848.97,0.0
2026-09-10T13:30:52.712943+00:00,BTC-26MAR27-160000-C,78774.78,BTC-26MAR27,call,160000.0,2027-03-26T08:00:00+00:00,0.5387275105539395,0.005,0.006,0.00545051,0.0055,78774.78,BTC-26MAR27,0.5027,0.04146,51.32648,1034.4,0.0,0.001,BTC,76844.11,0.0
2026-09-10T13:30:52.712943+00:00,BTC-2OCT26-80000-C,76987.31,BTC-2OCT26,call,80000.0,2026-10-02T08:00:00+00:00,0.05960362280582174,0.0225,0.0235,0.02355519,0.023,76987.31,BTC-2OCT26,0.4039,0.36791,70.88489,0.1,0.1,0.0010000000000000009,BTC,76848.97,176.96
2026-09-10T13:30:52.712943+00:00,BTC-30OCT26-50000-C,77247.35,BTC-30OCT26,call,50000.0,2026-10-30T08:00:00+00:00,0.13626344484552058,0.352,0.3575,0.35436656,0.35475,77247.35,BTC-30OCT26,0.5989,0.98107,13.1845,0.1,0.0,0.005500000000000005,BTC,76844.11,0.0
2026-09-10T13:30:52.712943+00:00,BTC-25DEC26-66000-P,77853.59,BTC-25DEC26,put,66000.0,2026-12-25T08:00:00+00:00,0.28958308892491824,0.028,0.029,0.0284797,0.0285,77853.59,BTC-25DEC26,0.42229999999999995,-0.1999,117.33779,423.2,0.0,0.0010000000000000009,BTC,76844.11,0.0
2026-09-10T13:30:52.712943+00:00,BTC-25SEP26-82000-C,76926.46,BTC-25SEP26,call,82000.0,2026-09-25T08:00:00+00:00,0.04043866729589703,0.0115,0.012,0.0118964,0.01175,76926.46,BTC-25SEP26,0.4292,0.24215,48.35401,6930.6,23.9,0.0005000000000000004,BTC,76844.11,23028.63
2026-09-10T13:30:52.712943+00:00,BTC-30OCT26-96000-C,77247.35,BTC-30OCT26,call,96000.0,2026-10-30T08:00:00+00:00,0.13626344484552058,0.0065,0.0075,0.007179,0.007,77247.35,BTC-30OCT26,0.4338,0.10047,50.24922,212.9,0.8,0.001,BTC,76844.11,479.39
2026-09-10T13:30:52.712943+00:00,BTC-26MAR27-92000-P,78774.78,BTC-26MAR27,put,92000.0,2027-03-26T08:00:00+00:00,0.5387275105539395,0.2205,0.2365,0.22979059,0.2285,78774.78,BTC-26MAR27,0.4081,-0.64325,215.76001,1.4,0.0,0.015999999999999986,BTC,76845.06,0.0
2026-09-10T13:30:52.712943+00:00,BTC-14SEP26-78000-C,76830.75,BTC-14SEP26,call,78000.0,2026-09-14T08:00:00+00:00,0.01032230863744391,0.0085,0.0095,0.00934783,0.009,76830.75,BTC-14SEP26,0.3864,0.36062,29.23687,0.0,0.0,0.0009999999999999992,BTC,76844.11,0.0
2026-09-10T13:30:52.712943+00:00,BTC-2OCT26-90000-C,76987.31,BTC-2OCT26,call,90000.0,2026-10-02T08:00:00+00:00,0.05960362280582174,0.0039,0.0044,0.00422984,0.00415,76987.31,BTC-2OCT26,0.4518,0.08704,29.79145,1.0,1.0,0.0005000000000000004,BTC,76844.11,356.3
2026-09-10T13:30:52.712943+00:00,BTC-25DEC26-190000-P,77853.59,BTC-25DEC26,put,190000.0,2026-12-25T08:00:00+00:00,0.28958308892491824,1.428,1.4515,1.4411798,1.43975,77853.59,BTC-25DEC26,0.6289,-0.99322,7.93752,0.0,0.0,0.023500000000000076,BTC,76845.06,0.0
2026-09-10T13:30:52.712943+00:00,BTC-27NOV26-64000-P,77537.76,BTC-27NOV26,put,64000.0,2026-11-27T08:00:00+00:00,0.21292326688521943,0.0155,0.0165,0.01613557,0.016,77537.76,BTC-27NOV26,0.43189999999999995,-0.14346,81.0218,29.4,0.0,0.0010000000000000009,BTC,76845.06,0.0
2026-09-10T13:30:52.712943+00:00,BTC-18SEP26-80000-P,76867.22,BTC-18SEP26,put,80000.0,2026-09-18T08:00:00+00:00,0.021273711785972316,0.0505,0.053,0.05151981,0.05175,76867.22,BTC-18SEP26,0.4422,-0.72194,37.63634,136.6,4.3,0.0024999999999999953,BTC,76853.01,11160.12
2026-09-10T13:30:52.712943+00:00,BTC-25DEC26-35000-C,77853.59,BTC-25DEC26,call,35000.0,2026-12-25T08:00:00+00:00,0.28958308892491824,0.551,0.554,0.55218384,0.5525,77853.59,BTC-25DEC26,0.7148,0.98845,12.67162,87.8,0.0,0.0030000000000000027,BTC,76853.01,0.0
2026-09-10T13:30:52.712943+00:00,BTC-25DEC26-160000-P,77853.59,BTC-25DEC26,put,160000.0,2026-12-25T08:00:00+00:00,0.28958308892491824,1.0455,1.0655,1.05644917,1.0555,77853.59,BTC-25DEC26,0.5650999999999999,-0.98661,14.39671,0.1,0.0,0.019999999999999796,BTC,76853.01,0.0
2026-09-10T13:30:52.712943+00:00,BTC-27NOV26-89000-P,77537.76,BTC-27NOV26,put,89000.0,2026-11-27T08:00:00+00:00,0.21292326688521943,0.17,0.1795,0.17496859,0.17475,77537.76,BTC-27NOV26,0.4078,-0.73798,116.59873,0.0,0.0,0.00949999999999998,BTC,76845.06,0.0
2026-09-10T13:30:52.712943+00:00,BTC-25DEC26-120000-C,77853.59,BTC-25DEC26,call,120000.0,2026-12-25T08:00:00+00:00,0.28958308892491824,0.005,0.006,0.00543996,0.0055,77853.59,BTC-25DEC26,0.4679,0.05598,47.30078,5808.2,3.9,0.001,BTC,76853.01,1854.56
2026-09-10T13:30:52.712943+00:00,BTC-14SEP26-74000-C,76831.48,BTC-14SEP26,call,74000.0,2026-09-14T08:00:00+00:00,0.01032230863744391,0.0385,0.0425,0.04041752,0.0405,76831.48,BTC-14SEP26,0.3881,0.83829,19.13781,0.0,0.0,0.0040000000000000036,BTC,76853.01,0.0
2026-09-10T13:30:52.712943+00:00,BTC-26MAR27-72000-P,78774.31,BTC-26MAR27,put,72000.0,2027-03-26T08:00:00+00:00,0.5387275105539395,0.076,0.078,0.07711857,0.077,78774.31,BTC-26MAR27,0.41229999999999994,-0.3266,208.6425,162.0,4.5,0.0020000000000000018,BTC,76853.01,26620.26
2026-09-10T13:30:52.712943+00:00,BTC-14SEP26-75500-C,76830.75,BTC-14SEP26,call,75500.0,2026-09-14T08:00:00+00:00,0.01032230863744391,0.024,0.0265,0.0254142,0.02525,76830.75,BTC-14SEP26,0.3775,0.68688,27.67457,0.0,0.0,0.0024999999999999988,BTC,76853.01,0.0
2026-09-10T13:30:52.712943+00:00,BTC-11SEP26-77500-C,76808.5,BTC-11SEP26,call,77500.0,2026-09-11T08:00:00+00:00,0.002108756276047608,0.0033,0.0038,0.00360517,0.00355,76808.5,BTC-11SEP26,0.3923,0.32243,12.65205,29.9,15.2,0.0005,BTC,76854.51,6664.71
2026-09-10T13:30:52.712943+00:00,BTC-25DEC26-150000-C,77853.59,BTC-25DEC26,call,150000.0,2026-12-25T08:00:00+00:00,0.28958308892491824,0.0015,0.002,0.00172814,0.00175,77853.59,BTC-25DEC26,0.5427000000000001,0.01795,18.52,1696.0,1.0,0.0005,BTC,76854.51,132.9
2026-09-10T13:30:52.712943+00:00,BTC-18SEP26-83000-C,76864.72,BTC-18SEP26,call,83000.0,2026-09-18T08:00:00+00:00,0.021273711785972316,0.0042,0.0046,0.00458429,0.0044,76864.72,BTC-18SEP26,0.46630000000000005,0.13565,24.44087,666.8,375.6,0.0004000000000000002,BTC,76854.51,157472.93
2026-09-10T13:30:52.712943+00:00,BTC-30OCT26-58000-P,77247.35,BTC-30OCT26,put,58000.0,2026-10-30T08:00:00+00:00,0.13626344484552058,0.0038,0.0041,0.00399701,0.00395,77247.35,BTC-30OCT26,0.496,-0.04839,28.67179,329.2,0.2,0.00030000000000000035,BTC,76854.51,54.52
2026-09-10T13:30:52.712943+00:00,BTC-25JUN27-190000-C,79777.69,BTC-25JUN27,call,190000.0,2027-06-25T08:00:00+00:00,0.7878719321829607,0.007,0.008,0.00745456,0.0075,79777.69,BTC-25JUN27,0.5123,0.04655,69.01469,48.9,0.0,0.001,BTC,76862.6,0.0
2026-09-10T13:30:52.712943+00:00,BTC-26MAR27-58000-P,78774.78,BTC-26MAR27,put,58000.0,2027-03-26T08:00:00+00:00,0.5387275105539395,0.0255,0.027,0.02646717,0.02625,78774.78,BTC-26MAR27,0.4474,-0.1361,126.34308,136.1,0.0,0.0015000000000000013,BTC,76862.6,0.0
2026-09-10T13:30:52.712943+00:00,BTC-27NOV26-96000-C,77538.21,BTC-27NOV26,call,96000.0,2026-11-27T08:00:00+00:00,0.21292326688521943,0.0145,0.0155,0.01483277,0.015,77538.21,BTC-27NOV26,0.42100000000000004,0.15906,86.7925,36.8,1.8,0.0009999999999999992,BTC,76854.51,2467.22
2026-09-10T13:30:52.712943+00:00,BTC-25JUN27-100000-C,79777.38,BTC-25JUN27,call,100000.0,2027-06-25T08:00:00+00:00,0.7878719321829607,0.068,0.07,0.06876238,0.069,79777.38,BTC-25JUN27,0.4189,0.33697,258.72713,206.0,2.0,0.0020000000000000018,BTC,76862.6,11827.31
2026-09-10T13:30:52.712943+00:00,BTC-27NOV26-72000-P,77538.49,BTC-27NOV26,put,72000.0,2026-11-27T08:00:00+00:00,0.21292326688521943,0.0405,0.0415,0.04128114,0.041,77538.49,BTC-27NOV26,0.4029,-0.3103,126.39975,40.3,11.9,0.0010000000000000009,BTC,76862.6,32040.44
2026-09-10T13:30:52.712943+00:00,BTC-25SEP26-88000-C,76927.02,BTC-25SEP26,call,88000.0,2026-09-25T08:00:00+00:00,0.04043866729589703,0.0032,0.0036,0.00345358,0.0034,76927.02,BTC-25SEP26,0.4677,0.08315,23.69812,1552.8,43.3,0.00039999999999999975,BTC,76862.6,18332.2
2026-09-10T13:30:52.712943+00:00,BTC-25DEC26-66000-C,77853.59,BTC-25DEC26,call,66000.0,2026-12-25T08:00:00+00:00,0.28958308892491824,0.177,0.185,0.18072806,0.181,77853.59,BTC-25DEC26,0.42229999999999995,0.8004,117.25929,279.7,0.0,0.008000000000000007,BTC,76862.6,0.0
2026-09-10T13:30:52.712943+00:00,BTC-25DEC26-102000-C,77853.59,BTC-25DEC26,call,102000.0,2026-12-25T08:00:00+00:00,0.28958308892491824,0.015,0.016,0.01532838,0.0155,77853.59,BTC-25DEC26,0.426,0.1443,95.26482,383.9,0.0,0.0010000000000000009,BTC,76862.6,0.0
2026-09-10T13:30:52.712943+00:00,BTC-13SEP26-77500-C,76823.46,BTC-13SEP26,call,77500.0,2026-09-13T08:00:00+00:00,0.007584457850311811,0.0095,0.0105,0.00998519,0.01,76823.46,BTC-13SEP26,0.39899999999999997,0.41422,26.09117,6.0,6.0,0.0010000000000000009,BTC,76870.75,4375.24
2026-09-10T13:30:52.712943+00:00,BTC-26MAR27-104000-C,78774.78,BTC-26MAR27,call,104000.0,2027-03-26T08:00:00+00:00,0.5387275105539395,0.034,0.0355,0.03492102,0.03475,78774.78,BTC-26MAR27,0.41840000000000005,0.22689,174.39068,115.2,0.0,0.0014999999999999944,BTC,76870.75,0.0
2026-09-10T13:30:52.712943+00:00,BTC-27NOV26-66000-P,77537.76,BTC-27NOV26,put,66000.0,2026-11-27T08:00:00+00:00,0.21292326688521943,0.02,0.021,0.0204444,0.0205,77537.76,BTC-27NOV26,0.4214,-0.17637,92.7727,185.7,15.1,0.0010000000000000009,BTC,76870.75,20591.98
2026-09-10T13:30:52.712943+00:00,BTC-30OCT26-84000-C,77247.35,BTC-30OCT26,call,84000.0,2026-10-30T08:00:00+00:00,0.13626344484552058,0.026,0.027,0.02691512,0.0265,77247.35,BTC-30OCT26,0.3967,0.30988,100.68706,1095.6,10.6,0.0010000000000000009,BTC,76870.75,26481.99
2026-09-10T13:30:52.712943+00:00,BTC-25DEC26-170000-C,77852.86,BTC-25DEC26,call,170000.0,2026-12-25T08:00:00+00:00,0.28958308892491824,0.0008,0.0012,0.00099018,0.001,77852.86,BTC-25DEC26,0.5856,0.01021,11.3846,2393.8,0.0,0.00039999999999999986,BTC,76870.75,0.0
2026-09-10T13:30:52.712943+00:00,BTC-25SEP26-65000-C,76927.19,BTC-25SEP26,call,65000.0,2026-09-25T08:00:00+00:00,0.04043866729589703,0.1545,0.1585,0.15655538,0.1565,76927.19,BTC-25SEP26,0.4839,0.963,12.52096,1257.0,13.4,0.0040000000000000036,BTC,76870.75,171579.58
2026-09-10T13:30:52.712943+00:00,BTC-30OCT26-85000-P,77247.35,BTC-30OCT26,put,85000.0,2026-10-30T08:00:00+00:00,0.13626344484552058,0.119,0.128,0.12421784,0.1235,77247.35,BTC-30OCT26,0.39770000000000005,-0.71695,96.58957,105.9,0.4,0.009000000000000008,BTC,76869.79,3669.02
2026-09-10T13:30:52.712943+00:00,BTC-26MAR27-130000-P,78774.78,BTC-26MAR27,put,130000.0,2027-03-26T08:00:00+00:00,0.5387275105539395,0.6505,0.6725,0.66248276,0.6615,78774.78,BTC-26MAR27,0.4532,-0.90945,94.40792,0.4,0.0,0.02200000000000002,BTC,76869.79,0.0
2026-09-10T13:30:52.712943+00:00,BTC-12SEP26-80500-C,76816.12,BTC-12SEP26,call,80500.0,2026-09-12T08:00:00+00:00,0.00484660706317971,0.0016,0.0019,0.00166721,0.00175,76816.12,BTC-12SEP26,0.5161,0.10302,9.59761,406.9,211.5,0.0002999999999999999,BTC,76869.79,143717.61
2026-09-10T13:30:52.712943+00:00,BTC-27NOV26-58000-P,77538.49,BTC-27NOV26,put,58000.0,2026-11-27T08:00:00+00:00,0.21292326688521943,0.0075,0.008,0.00804751,0.00775,77538.49,BTC-27NOV26,0.4733,-0.07459,50.49007,14.5,0.4,0.0005000000000000004,BTC,76869.79,218.12
2026-09-10T13:30:52.712943+00:00,BTC-14SEP26-73000-C,76831.48,BTC-14SEP26,call,73000.0,2026-09-14T08:00:00+00:00,0.01032230863744391,0.05,0.0545,0.05202634,0.05225,76831.48,BTC-14SEP26,0.40840000000000004,0.89911,13.80079,0.0,0.0,0.004499999999999997,BTC,76869.79,0.0
2026-09-10T13:30:52.712943+00:00,BTC-26MAR27-80000-P,78774.31,BTC-26MAR27,put,80000.0,2027-03-26T08:00:00+00:00,0.5387275105539395,0.126,0.1285,0.12724722,0.12725,78774.31,BTC-26MAR27,0.4057,-0.46049,229.75444,214.5,0.0,0.0025000000000000022,BTC,76873.0,0.0
2026-09-10T13:30:52.712943+00:00,BTC-14SEP26-69000-C,76830.75,BTC-14SEP26,call,69000.0,2026-09-14T08:00:00+00:00,0.01032230863744391,0.1005,0.105,0.10247972,0.10275,76830.75,BTC-14SEP26,0.5435,0.97691,4.27097,0.0,0.0,0.00449999999999999,BTC,76869.79,0.0
2026-09-10T13:30:52.712943+00:00,BTC-12SEP26-78500-C,76816.12,BTC-12SEP26,call,78500.0,2026-09-12T08:00:00+00:00,0.00484660706317971,0.0049,0.0055,0.00518097,0.0052,76816.12,BTC-12SEP26,0.47600000000000003,0.26922,17.66852,110.1,41.9,0.0005999999999999998,BTC,76869.79,50649.27
2026-09-10T13:30:52.712943+00:00,BTC-2OCT26-84000-C,76986.8,BTC-2OCT26,call,84000.0,2026-10-02T08:00:00+00:00,0.05960362280582174,0.011,0.012,0.01168704,0.0115,76986.8,BTC-2OCT26,0.41859999999999997,0.21273,54.63634,0.0,0.0,0.0010000000000000009,BTC,76869.79,0.0
2026-09-10T13:30:52.712943+00:00,BTC-27NOV26-86000-P,77537.76,BTC-27NOV26,put,86000.0,2026-11-27T08:00:00+00:00,0.21292326688521943,0.1425,0.146,0.14453222,0.14425,77537.76,BTC-27NOV26,0.4036,-0.67701,128.58075,30.2,0.0,0.003500000000000003,BTC,76873.0,0.0
2026-09-10T13:30:52.712943+00:00,BTC-30OCT26-52000-C,77247.35,BTC-30OCT26,call,52000.0,2026-10-30T08:00:00+00:00,0.13626344484552058,0.327,0.332,0.32888175,0.3295,77247.35,BTC-30OCT26,0.5722999999999999,0.97627,15.97031,0.1,0.0,0.0050000000000000044,BTC,76873.0,0.0
2026-09-10T13:30:52.712943+00:00,BTC-25SEP26-300000-C,76926.46,BTC-25SEP26,call,300000.0,2026-09-25T08:00:00+00:00,0.04043866729589703,,0.0001,3e-08,,76926.46,BTC-25SEP26,1.3629,0.0,0.00054,196.3,0.0,,BTC,76873.0,0.0
2026-09-10T13:30:52.712943+00:00,BTC-12SEP26-77500-P,76816.25,BTC-12SEP26,put,77500.0,2026-09-12T08:00:00+00:00,0.00484660706317971,0.017,0.0185,0.01784151,0.01775,76816.25,BTC-12SEP26,0.46340000000000003,-0.59275,20.77013,15.9,17.9,0.0014999999999999979,BTC,76873.0,16427.76
2026-09-10T13:30:52.712943+00:00,BTC-11SEP26-68000-C,76811.0,BTC-11SEP26,call,68000.0,2026-09-11T08:00:00+00:00,0.002108756276047608,0.1125,0.117,0.11471596,0.11475,76811.0,BTC-11SEP26,0.7976000000000001,0.99962,0.04856,3.1,0.0,0.004500000000000004,BTC,76868.12,0.0
2026-09-10T13:30:52.712943+00:00,BTC-13SEP26-81500-P,76822.89,BTC-13SEP26,put,81500.0,2026-09-13T08:00:00+00:00,0.007584457850311811,0.059,0.0645,0.06206237,0.06175,76822.89,BTC-13SEP26,0.45630000000000004,-0.92668,9.3156,0.0,0.0,0.005500000000000005,BTC,76873.0,0.0
2026-09-10T13:30:52.712943+00:00,BTC-26MAR27-40000-C,78774.31,BTC-26MAR27,call,40000.0,2027-03-26T08:00:00+00:00,0.5387275105539395,0.497,0.5005,0.49791282,0.49875,78774.31,BTC-26MAR27,0.5542,0.96922,40.22501,82.1,0.0,0.0034999999999999476,BTC,76868.12,0.0
2026-09-10T13:30:52.712943+00:00,BTC-11SEP26-71000-P,76811.0,BTC-11SEP26,put,71000.0,2026-09-11T08:00:00+00:00,0.002108756276047608,,0.0002,0.0001625,,76811.0,BTC-11SEP26,0.7748999999999999,-0.0122,1.11746,442.5,256.7,,BTC,76868.12,3677.33
2026-09-10T13:30:52.712943+00:00,BTC-25JUN27-64000-C,79777.91,BTC-25JUN27,call,64000.0,2027-06-25T08:00:00+00:00,0.7878719321829607,0.257,0.2605,0.25867648,0.25875,79777.91,BTC-25JUN27,0.4361,0.77747,211.18821,33.5,0.0,0.003500000000000003,BTC,76861.59,0.0
2026-09-10T13:30:52.712943+00:00,BTC-25SEP26-135000-C,76927.19,BTC-25SEP26,call,135000.0,2026-09-25T08:00:00+00:00,0.04043866729589703,,0.0001,1.25e-05,,76927.19,BTC-25SEP26,0.7992,0.00032,0.1814,493.0,0.0,,BTC,76861.59,0.0
2026-09-10T13:30:52.712943+00:00,BTC-25SEP26-72000-P,76926.46,BTC-25SEP26,put,72000.0,2026-09-25T08:00:00+00:00,0.04043866729589703,0.0095,0.0105,0.01012172,0.01,76926.46,BTC-25SEP26,0.4202,-0.20138,43.52758,2425.9,62.0,0.0010000000000000009,BTC,76861.59,28886.57
2026-09-10T13:30:52.712943+00:00,BTC-26MAR27-85000-P,78774.31,BTC-26MAR27,put,85000.0,2027-03-26T08:00:00+00:00,0.5387275105539395,0.1645,0.168,0.16642979,0.16625,78774.31,BTC-26MAR27,0.4054,-0.54189,229.57717,3.9,0.1,0.003500000000000003,BTC,76861.59,1168.04
2026-09-10T13:30:52.712943+00:00,BTC-25JUN27-180000-P,79777.91,BTC-25JUN27,put,180000.0,2027-06-25T08:00:00+00:00,0.7878719321829607,1.2465,1.2825,1.26511318,1.2645,79777.91,BTC-25JUN27,0.5036,-0.94465,79.22493,0.0,0.0,0.03600000000000003,BTC,76862.3,0.0
2026-09-10T13:30:52.712943+00:00,BTC-25SEP26-62000-P,76927.19,BTC-25SEP26,put,62000.0,2026-09-25T08:00:00+00:00,0.04043866729589703,0.0006,0.0008,0.00071733,0.0007,76927.19,BTC-25SEP26,0.525,-0.01761,6.72767,1419.8,10.8,0.0002000000000000001,BTC,76861.59,620.12
2026-09-10T13:30:52.712943+00:00,BTC-13SEP26-87000-C,76822.89,BTC-13SEP26,call,87000.0,2026-09-13T08:00:00+00:00,0.007584457850311811,0.0001,0.0003,0.00016708,0.0002,76822.89,BTC-13SEP26,0.6027,0.01016,1.80927,23.9,23.9,0.00019999999999999998,BTC,76861.59,1324.43
2026-09-10T13:30:52.712943+00:00,BTC-13SEP26-78500-P,76822.89,BTC-13SEP26,put,78500.0,2026-09-13T08:00:00+00:00,0.007584457850311811,0.0265,0.029,0.02778524,0.02775,76822.89,BTC-13SEP26,0.40840000000000004,-0.71619,22.68709,1.4,1.7,0.0025000000000000022,BTC,76861.59,1758.22
2026-09-10T13:30:52.712943+00:00,BTC-11SEP26-65000-P,76811.0,BTC-11SEP26,put,65000.0,2026-09-11T08:00:00+00:00,0.002108756276047608,,0.0001,2e-08,,76811.0,BTC-11SEP26,0.7979,0.0,0.00037,46.4,0.1,,BTC,76862.3,0.78
2026-09-10T13:30:52.712943+00:00,BTC-25JUN27-65000-P,79777.38,BTC-25JUN27,put,65000.0,2027-06-25T08:00:00+00:00,0.7878719321829607,0.064,0.066,0.06478479,0.065,79777.38,BTC-25JUN27,0.4338,-0.23415,217.31379,24.8,0.0,0.0020000000000000018,BTC,76862.3,0.0
2026-09-10T13:30:52.712943+00:00,BTC-26MAR27-55000-C,78774.78,BTC-26MAR27,call,55000.0,2027-03-26T08:00:00+00:00,0.5387275105539395,0.3175,0.327,0.32256073,0.32225,78774.78,BTC-26MAR27,0.461,0.89105,108.06031,28.6,0.0,0.009500000000000008,BTC,76862.3,0.0
2026-09-10T13:30:52.712943+00:00,BTC-26MAR27-62000-C,78774.78,BTC-26MAR27,call,62000.0,2027-03-26T08:00:00+00:00,0.5387275105539395,0.244,0.2545,0.24969119,0.24925,78774.78,BTC-26MAR27,0.4341,0.81918,152.27679,56.2,0.0,0.01050000000000001,BTC,76862.3,0.0
2026-09-10T13:30:52.712943+00:00,BTC-30OCT26-75000-P,77247.35,BTC-30OCT26,put,75000.0,2026-10-30T08:00:00+00:00,0.13626344484552058,0.0425,0.0435,0.04313179,0.043,77247.35,BTC-30OCT26,0.3895,-0.38909,109.43434,708.3,53.4,0.000999999999999994,BTC,76862.3,146510.14
2026-09-10T13:30:52.712943+00:00,BTC-13SEP26-86000-C,76822.89,BTC-13SEP26,call,86000.0,2026-09-13T08:00:00+00:00,0.007584457850311811,0.0001,0.0004,0.00018033,0.00025,76822.89,BTC-13SEP26,0.5592,0.01196,2.08527,23.7,23.7,0.00030000000000000003,BTC,76862.3,2055.89
2026-09-10T13:30:52.712943+00:00,BTC-12SEP26-79000-C,76816.12,BTC-12SEP26,call,79000.0,2026-09-12T08:00:00+00:00,0.00484660706317971,0.0036,0.0041,0.0038898,0.00385,76816.12,BTC-12SEP26,0.4839,0.21276,15.53933,256.3,109.6,0.0005000000000000004,BTC,76862.3,81900.7
2026-09-10T13:30:52.712943+00:00,BTC-25JUN27-150000-P,79777.38,BTC-25JUN27,put,150000.0,2027-06-25T08:00:00+00:00,0.7878719321829607,0.8805,0.9085,0.89613759,0.8945,79777.38,BTC-25JUN27,0.4698,-0.90388,120.80515,1.1,0.0,0.028000000000000025,BTC,76861.6,0.0
2026-09-10T13:30:52.712943+00:00,BTC-25SEP26-120000-P,76927.19,BTC-25SEP26,put,120000.0,2026-09-25T08:00:00+00:00,0.04043866729589703,0.555,0.564,0.56006956,0.5595,76927.19,BTC-25SEP26,0.7844,-0.99686,1.47596,174.5,0.0,0.008999999999999897,BTC,76861.6,0.0
2026-09-10T13:30:52.712943+00:00,BTC-11SEP26-79500-P,76808.5,BTC-11SEP26,put,79500.0,2026-09-11T08:00:00+00:00,0.002108756276047608,0.034,0.037,0.03548152,0.0355,76808.5,BTC-11SEP26,0.4617,-0.94296,4.03796,45.4,31.8,0.0029999999999999957,BTC,76861.6,39686.03
2026-09-10T13:30:52.712943+00:00,BTC-25SEP26-87000-P,76926.46,BTC-25SEP26,put,87000.0,2026-09-25T08:00:00+00:00,0.04043866729589703,0.1315,0.138,0.13516853,0.13475,76926.46,BTC-25SEP26,0.4606,-0.90051,27.07116,1.6,1.6,0.006500000000000006,BTC,76861.6,13846.5
2026-09-10T13:30:52.712943+00:00,BTC-30OCT26-92000-C,77247.35,BTC-30OCT26,call,92000.0,2026-10-30T08:00:00+00:00,0.13626344484552058,0.0105,0.011,0.0108712,0.01075,77247.35,BTC-30OCT26,0.41859999999999997,0.14612,65.38442,1075.1,1.3,0.0004999999999999987,BTC,76858.3,1583.68
2026-09-10T13:30:52.712943+00:00,BTC-25JUN27-52000-C,79777.91,BTC-25JUN27,call,52000.0,2027-06-25T08:00:00+00:00,0.7878719321829607,0.373,0.3765,0.37467148,0.37475,79777.91,BTC-25JUN27,0.4706,0.89138,132.02882,1.1,0.0,0.003500000000000003,BTC,76858.3,0.0
2026-09-10T13:30:52.712943+00:00,BTC-13SEP26-81000-P,76822.89,BTC-13SEP26,put,81000.0,2026-09-13T08:00:00+00:00,0.007584457850311811,0.0535,0.0585,0.05590721,0.056,76822.89,BTC-13SEP26,0.4461,-0.9084,11.01568,0.0,0.0,0.0050000000000000044,BTC,76861.6,0.0
2026-09-10T13:30:52.712943+00:00,BTC-25JUN27-125000-P,79777.91,BTC-25JUN27,put,125000.0,2027-06-25T08:00:00+00:00,0.7878719321829607,0.5845,0.6085,0.59731018,0.5965,79777.91,BTC-25JUN27,0.4422,-0.82809,180.59493,0.0,0.0,0.02400000000000002,BTC,76858.3,0.0
2026-09-10T13:30:52.712943+00:00,BTC-18SEP26-74000-C,76864.72,BTC-18SEP26,call,74000.0,2026-09-18T08:00:00+00:00,0.021273711785972316,0.046,0.0485,0.04723098,0.04725,76864.72,BTC-18SEP26,0.4227,0.74418,36.09041,23.3,0.1,0.0025000000000000022,BTC,76858.3,436.56
2026-09-10T13:30:52.712943+00:00,BTC-25SEP26-50000-C,76927.19,BTC-25SEP26,call,50000.0,2026-09-25T08:00:00+00:00,0.04043866729589703,0.3485,0.352,0.35013788,0.35025,76927.19,BTC-25SEP26,0.7753,0.99777,1.08294,30.1,0.0,0.003500000000000003,BTC,76858.3,0.0
2026-09-10T13:30:52.712943+00:00,BTC-25SEP26-96000-C,76926.46,BTC-25SEP26,call,96000.0,2026-09-25T08:00:00+00:00,0.04043866729589703,0.0007,0.001,0.00083066,0.00085,76926.46,BTC-25SEP26,0.5312,0.02201,8.12925,1815.7,5.0,0.00030000000000000003,BTC,76866.26,469.08
2026-09-10T13:30:52.712943+00:00,BTC-26MAR27-112000-C,78774.78,BTC-26MAR27,call,112000.0,2027-03-26T08:00:00+00:00,0.5387275105539395,0.0235,0.0255,0.02453834,0.0245,78774.78,BTC-26MAR27,0.42810000000000004,0.16815,145.41181,67.3,0.0,0.0019999999999999983,BTC,76866.26,0.0
2026-09-10T13:30:52.712943+00:00,BTC-30OCT26-84000-P,77246.62,BTC-30OCT26,put,84000.0,2026-10-30T08:00:00+00:00,0.13626344484552058,0.109,0.118,0.11433712,0.1135,77246.62,BTC-30OCT26,0.3967,-0.69056,100.60627,14.3,0.0,0.008999999999999994,BTC,76866.26,0.0
2026-09-10T13:30:52.712943+00:00,BTC-26MAR27-82000-C,78774.31,BTC-26MAR27,call,82000.0,2027-03-26T08:00:00+00:00,0.5387275105539395,0.1,0.102,0.1010967,0.101,78774.31,BTC-26MAR27,0.4045,0.50605,230.83768,1203.3,25.2,0.001999999999999988,BTC,76866.26,217010.78
2026-09-10T13:30:52.712943+00:00,BTC-30OCT26-67000-C,77247.35,BTC-30OCT26,call,67000.0,2026-10-30T08:00:00+00:00,0.13626344484552058,0.1435,0.1505,0.14624518,0.147,77247.35,BTC-30OCT26,0.4153,0.84385,68.34505,108.4,0.0,0.007000000000000006,BTC,76866.26,0.0
2026-09-10T13:30:52.712943+00:00,BTC-14SEP26-84000-P,76831.48,BTC-14SEP26,put,84000.0,2026-09-14T08:00:00+00:00,0.01032230863744391,0.091,0.096,0.09392223,0.0935,76831.48,BTC-14SEP26,0.47840000000000005,-0.96423,6.14488,0.0,0.0,0.0050000000000000044,BTC,76866.26,0.0
2026-09-10T13:30:52.712943+00:00,BTC-30OCT26-89000-P,77247.35,BTC-30OCT26,put,89000.0,2026-10-30T08:00:00+00:00,0.13626344484552058,0.1635,0.1705,0.16734169,0.167,77247.35,BTC-30OCT26,0.4093,-0.80477,78.75961,5.0,0.0,0.007000000000000006,BTC,76874.29,0.0
2026-09-10T13:30:52.712943+00:00,BTC-25SEP26-55000-C,76926.46,BTC-25SEP26,call,55000.0,2026-09-25T08:00:00+00:00,0.04043866729589703,0.2835,0.287,0.28521689,0.28525,76926.46,BTC-25SEP26,0.6517000000000001,0.99576,1.93198,143.7,0.0,0.003500000000000003,BTC,76874.29,0.0
2026-09-10T13:30:52.712943+00:00,BTC-13SEP26-76500-P,76822.89,BTC-13SEP26,put,76500.0,2026-09-13T08:00:00+00:00,0.007584457850311811,0.011,0.012,0.01163743,0.0115,76822.89,BTC-13SEP26,0.39390000000000003,-0.43596,26.36696,5.2,5.2,0.0010000000000000009,BTC,76866.26,3838.75
2026-09-10T13:30:52.712943+00:00,BTC-11SEP26-60000-C,76808.5,BTC-11SEP26,call,60000.0,2026-09-11T08:00:00+00:00,0.002108756276047608,0.217,0.2205,0.21886351,0.21875,76808.5,BTC-11SEP26,0.7981999999999999,1.0,0.0,0.0,0.0,0.003500000000000003,BTC,76874.29,0.0
2026-09-10T13:30:52.712943+00:00,BTC-12SEP26-77000-P,76816.25,BTC-12SEP26,put,77000.0,2026-09-12T08:00:00+00:00,0.00484660706317971,0.0135,0.0145,0.01393959,0.014,76816.25,BTC-12SEP26,0.45770000000000005,-0.5136,21.33756,65.0,77.3,0.0010000000000000009,BTC,76874.29,50438.47
2026-09-10T13:30:52.712943+00:00,BTC-25JUN27-88000-C,79777.38,BTC-25JUN27,call,88000.0,2027-06-25T08:00:00+00:00,0.7878719321829607,0.1065,0.109,0.10758611,0.10775,79777.38,BTC-25JUN27,0.41509999999999997,0.46778,281.78528,21.3,0.0,0.0025000000000000022,BTC,76874.29,0.0
2026-09-10T13:30:52.712943+00:00,BTC-25DEC26-74000-P,77852.86,BTC-25DEC26,put,74000.0,2026-12-25T08:00:00+00:00,0.28958308892491824,0.0615,0.0625,0.06195035,0.062,77852.86,BTC-25DEC26,0.40380000000000005,-0.36475,157.61257,165.1,13.5,0.0010000000000000009,BTC,76876.51,56743.07
2026-09-10T13:30:52.712943+00:00,BTC-25JUN27-45000-C,79777.38,BTC-25JUN27,call,45000.0,2027-06-25T08:00:00+00:00,0.7878719321829607,0.4505,0.453,0.45162754,0.45175,79777.38,BTC-25JUN27,0.5036999999999999,0.93377,91.16317,0.5,0.0,0.0025000000000000022,BTC,76874.29,0.0
2026-09-10T13:30:52.712943+00:00,BTC-11SEP26-73000-C,76811.0,BTC-11SEP26,call,73000.0,2026-09-11T08:00:00+00:00,0.002108756276047608,0.0485,0.0515,0.04997575,0.05,76811.0,BTC-11SEP26,0.6053000000000001,0.96969,2.42091,17.0,2.0,0.0029999999999999957,BTC,76876.51,9744.76
2026-09-10T13:30:52.712943+00:00,BTC-14SEP26-77000-C,76830.75,BTC-14SEP26,call,77000.0,2026-09-14T08:00:00+00:00,0.01032230863744391,0.0135,0.0145,0.01432496,0.014,76830.75,BTC-14SEP26,0.3789,0.49373,31.1685,0.0,0.0,0.0010000000000000009,BTC,76876.51,0.0
2026-09-10T13:30:52.712943+00:00,BTC-13SEP26-71000-P,76823.46,BTC-13SEP26,put,71000.0,2026-09-13T08:00:00+00:00,0.007584457850311811,0.0005,0.0008,0.00065314,0.00065,76823.46,BTC-13SEP26,0.5107,-0.03475,5.14419,3.5,0.5,0.00030000000000000003,BTC,76876.51,11.69
2026-09-10T13:30:52.712943+00:00,BTC-25SEP26-74000-C,76927.19,BTC-25SEP26,call,74000.0,2026-09-25T08:00:00+00:00,0.04043866729589703,0.0535,0.056,0.05497485,0.05475,76927.19,BTC-25SEP26,0.41259999999999997,0.69868,53.94839,1468.8,2.7,0.0025000000000000022,BTC,76876.51,13227.81
2026-09-10T13:30:52.712943+00:00,BTC-27NOV26-88000-C,77538.21,BTC-27NOV26,call,88000.0,2026-11-27T08:00:00+00:00,0.21292326688521943,0.029,0.03,0.02970408,0.0295,77538.21,BTC-27NOV26,0.40619999999999995,0.28164,120.91512,80.0,3.2,0.0009999999999999974,BTC,76876.51,8796.16
2026-09-10T13:30:52.712943+00:00,BTC-25JUN27-54000-C,79777.38,BTC-25JUN27,call,54000.0,2027-06-25T08:00:00+00:00,0.7878719321829607,0.352,0.3555,0.35373525,0.35375,79777.38,BTC-25JUN27,0.4629,0.8762,144.91465,0.9,0.0,0.003500000000000003,BTC,76876.51,0.0
2026-09-10T13:30:52.712943+00:00,BTC-25DEC26-84000-C,77853.59,BTC-25DEC26,call,84000.0,2026-12-25T08:00:00+00:00,0.28958308892491824,0.0545,0.056,0.0551896,0.05525,77853.59,BTC-25DEC26,0.4004,0.40443,162.47723,1344.0,31.2,0.0015000000000000013,BTC,76866.79,157279.95
2026-09-10T13:30:52.712943+00:00,BTC-13SEP26-73000-P,76823.46,BTC-13SEP26,put,73000.0,2026-09-13T08:00:00+00:00,0.007584457850311811,0.0013,0.0016,0.00146626,0.00145,76823.46,BTC-13SEP26,0.4313,-0.0809,10.03876,6.0,32.2,0.00030000000000000014,BTC,76866.79,2869.88
2026-09-10T13:30:52.712943+00:00,BTC-30OCT26-65000-C,77247.35,BTC-30OCT26,call,65000.0,2026-10-30T08:00:00+00:00,0.13626344484552058,0.1665,0.1715,0.16867742,0.169,77247.35,BTC-30OCT26,0.42869999999999997,0.88001,57.09374,434.3,0.2,0.0050000000000000044,BTC,76866.79,2718.2
2026-09-10T13:30:52.712943+00:00,BTC-13SEP26-74000-P,76823.46,BTC-13SEP26,put,74000.0,2026-09-13T08:00:00+00:00,0.007584457850311811,0.0023,0.0028,0.00263005,0.00255,76823.46,BTC-13SEP26,0.40880000000000005,-0.13715,14.6958,18.1,26.5,0.0005,BTC,76866.79,3641.27
2026-09-10T13:30:52.712943+00:00,BTC-25SEP26-76000-P,76926.46,BTC-25SEP26,put,76000.0,2026-09-25T08:00:00+00:00,0.04043866729589703,0.0265,0.027,0.02701334,0.02675,76926.46,BTC-25SEP26,0.40979999999999994,-0.42207,60.58896,1017.2,89.9,0.0005000000000000004,BTC,76867.59,171951.08
2026-09-10T13:30:52.712943+00:00,BTC-13SEP26-78000-P,76823.62,BTC-13SEP26,put,78000.0,2026-09-13T08:00:00+00:00,0.007584457850311811,0.022,0.024,0.02301863,0.023,76823.62,BTC-13SEP26,0.40240000000000004,-0.65354,24.71178,9.6,9.3,0.0020000000000000018,BTC,76866.79,9595.08
2026-09-10T13:30:52.712943+00:00,BTC-25SEP26-54000-P,76927.19,BTC-25SEP26,put,54000.0,2026-09-25T08:00:00+00:00,0.04043866729589703,0.0001,0.0002,0.0001658,0.00015,76927.19,BTC-25SEP26,0.6762,-0.00372,1.71729,771.9,0.0,0.0001,BTC,76867.59,0.0
2026-09-10T13:30:52.712943+00:00,BTC-25DEC26-76000-C,77853.59,BTC-25DEC26,call,76000.0,2026-12-25T08:00:00+00:00,0.28958308892491824,0.0975,0.0985,0.09759261,0.098,77853.59,BTC-25DEC26,0.4021,0.58806,163.2104,425.0,28.0,0.0010000000000000009,BTC,76867.59,212307.15
2026-09-10T13:30:52.712943+00:00,BTC-27NOV26-73000-P,77538.21,BTC-27NOV26,put,73000.0,2026-11-27T08:00:00+00:00,0.21292326688521943,0.0455,0.0465,0.04603777,0.046,77538.21,BTC-27NOV26,0.40090000000000003,-0.33637,130.68886,17.5,1.2,0.0010000000000000009,BTC,76867.59,3728.38
2026-09-10T13:30:52.712943+00:00,BTC-12SEP26-79000-P,76816.25,BTC-12SEP26,put,79000.0,2026-09-12T08:00:00+00:00,0.00484660706317971,0.0305,0.034,0.03227545,0.03225,76816.25,BTC-12SEP26,0.4839,-0.78667,15.56503,47.7,17.5,0.003500000000000003,BTC,76867.59,25912.39
2026-09-10T13:30:52.712943+00:00,BTC-13SEP26-85000-P,76822.89,BTC-13SEP26,put,85000.0,2026-09-13T08:00:00+00:00,0.007584457850311811,0.104,0.1095,0.10666778,0.10675,76822.89,BTC-13SEP26,0.5426,-0.98151,3.03314,0.0,0.0,0.005500000000000005,BTC,76867.59,0.0
2026-09-10T13:30:52.712943+00:00,BTC-13SEP26-75000-C,76822.89,BTC-13SEP26,call,75000.0,2026-09-13T08:00:00+00:00,0.007584457850311811,0.0275,0.0295,0.02869546,0.0285,76822.89,BTC-13SEP26,0.3969,0.76954,20.35461,0.0,0.0,0.0019999999999999983,BTC,76867.59,0.0
2026-09-10T13:30:52.712943+00:00,BTC-25JUN27-86000-P,79777.91,BTC-25JUN27,put,86000.0,2027-06-25T08:00:00+00:00,0.7878719321829607,0.1925,0.1965,0.19399805,0.1945,79777.91,BTC-25JUN27,0.41509999999999997,-0.50709,282.7333,1.4,0.0,0.0040000000000000036,BTC,76885.15,0.0
2026-09-10T13:30:52.712943+00:00,BTC-25JUN27-92000-P,79777.91,BTC-25JUN27,put,92000.0,2027-06-25T08:00:00+00:00,0.7878719321829607,0.2435,0.249,0.24555265,0.24625,79777.91,BTC-25JUN27,0.4154,-0.57938,277.16119,0.2,0.0,0.005500000000000005,BTC,76885.15,0.0
2026-09-10T13:30:52.712943+00:00,BTC-13SEP26-79500-C,76823.46,BTC-13SEP26,call,79500.0,2026-09-13T08:00:00+00:00,0.007584457850311811,0.0033,0.0037,0.00353422,0.0035,76823.46,BTC-13SEP26,0.42119999999999996,0.18611,17.94411,5.7,5.8,0.0004000000000000002,BTC,76885.15,5838.66
2026-09-10T13:30:52.712943+00:00,BTC-25DEC26-104000-C,77853.59,BTC-25DEC26,call,104000.0,2026-12-25T08:00:00+00:00,0.28958308892491824,0.013,0.014,0.01340453,0.0135,77853.59,BTC-25DEC26,0.4296,0.12892,88.22995,95.6,5.5,0.0010000000000000009,BTC,76891.87,6374.46
2026-09-10T13:30:52.712943+00:00,BTC-25SEP26-66000-C,76927.19,BTC-25SEP26,call,66000.0,2026-09-25T08:00:00+00:00,0.04043866729589703,0.1415,0.146,0.14397123,0.14375,76927.19,BTC-25SEP26,0.4697,0.95358,15.05312,970.0,0.1,0.004500000000000004,BTC,76891.87,1115.04
2026-09-10T13:30:52.712943+00:00,BTC-27NOV26-70000-P,77537.76,BTC-27NOV26,put,70000.0,2026-11-27T08:00:00+00:00,0.21292326688521943,0.0325,0.0335,0.03281299,0.033,77537.76,BTC-27NOV26,0.4069,-0.25974,116.15079,97.5,50.1,0.0010000000000000009,BTC,76891.87,125079.12
2026-09-10T13:30:52.712943+00:00,BTC-27NOV26-76000-C,77537.76,BTC-27NOV26,call,76000.0,2026-11-27T08:00:00+00:00,0.21292326688521943,0.0825,0.0835,0.08294998,0.083,77537.76,BTC-27NOV26,0.3986,0.58177,139.91658,10.8,0.2,0.0010000000000000009,BTC,76891.87,1392.29
2026-09-10T13:30:52.712943+00:00,BTC-11SEP26-79000-P,76808.5,BTC-11SEP26,put,79000.0,2026-09-11T08:00:00+00:00,0.002108756276047608,0.0275,0.031,0.02925805,0.02925,76808.5,BTC-11SEP26,0.4391,-0.9084,5.80558,356.0,9.8,0.0034999999999999996,BTC,76891.87,10692.82
2026-09-10T13:30:52.712943+00:00,BTC-12SEP26-84000-C,76816.12,BTC-12SEP26,call,84000.0,2026-09-12T08:00:00+00:00,0.00484660706317971,0.0002,0.0005,0.00030133,0.00035,76816.12,BTC-12SEP26,0.6152000000000001,0.02093,2.69328,32.5,20.1,0.00030000000000000003,BTC,76891.87,1202.86
2026-09-10T13:30:52.712943+00:00,BTC-11SEP26-66000-C,76808.5,BTC-11SEP26,call,66000.0,2026-09-11T08:00:00+00:00,0.002108756276047608,0.139,0.143,0.14074999,0.141,76808.5,BTC-11SEP26,0.7977,0.99999,0.00218,0.1,0.0,0.003999999999999976,BTC,76883.89,0.0
2026-09-10T13:30:52.712943+00:00,BTC-25DEC26-88000-C,77853.59,BTC-25DEC26,call,88000.0,2026-12-25T08:00:00+00:00,0.28958308892491824,0.0405,0.0415,0.04088728,0.041,77853.59,BTC-25DEC26,0.4021,0.32506,150.98079,3490.4,44.4,0.0010000000000000009,BTC,76883.89,155264.97
2026-09-10T13:30:52.712943+00:00,BTC-30OCT26-72000-C,77247.35,BTC-30OCT26,call,72000.0,2026-10-30T08:00:00+00:00,0.13626344484552058,0.0955,0.0975,0.09653958,0.0965,77247.35,BTC-30OCT26,0.39520000000000005,0.71303,97.24428,468.1,0.2,0.0020000000000000018,BTC,76883.89,1690.32
2026-09-10T13:30:52.712943+00:00,BTC-25JUN27-56000-P,79777.91,BTC-25JUN27,put,56000.0,2027-06-25T08:00:00+00:00,0.7878719321829607,0.0345,0.0365,0.03534671,0.0355,79777.91,BTC-25JUN27,0.45640000000000003,-0.14057,158.21878,84.7,0.0,0.001999999999999995,BTC,76891.87,0.0
2026-09-10T13:30:52.712943+00:00,BTC-26MAR27-105000-P,78774.78,BTC-26MAR27,put,105000.0,2027-03-26T08:00:00+00:00,0.5387275105539395,0.357,0.373,0.36628496,0.365,78774.78,BTC-26MAR27,0.41969999999999996,-0.78127,170.8166,0.5,0.0,0.016000000000000014,BTC,76883.89,0.0
2026-09-10T13:30:52.712943+00:00,BTC-18SEP26-65000-P,76864.72,BTC-18SEP26,put,65000.0,2026-09-18T08:00:00+00:00,0.021273711785972316,0.0004,0.0006,0.00045991,0.0005,76864.72,BTC-18SEP26,0.5448,-0.01543,4.35509,182.9,1.7,0.00019999999999999993,BTC,76893.58,65.19
2026-09-10T13:30:52.712943+00:00,BTC-30OCT26-63000-C,77246.62,BTC-30OCT26,call,63000.0,2026-10-30T08:00:00+00:00,0.13626344484552058,0.1895,0.196,0.19203058,0.19275,77246.62,BTC-30OCT26,0.44439999999999996,0.90854,46.91791,153.2,0.0,0.006500000000000006,BTC,76893.58,0.0
2026-09-10T13:30:52.712943+00:00,BTC-30OCT26-73000-P,77247.35,BTC-30OCT26,put,73000.0,2026-10-30T08:00:00+00:00,0.13626344484552058,0.0325,0.0335,0.0329684,0.033,77247.35,BTC-30OCT26,0.39299999999999996,-0.3192,102.00162,199.2,5.2,0.0010000000000000009,BTC,76893.58,10160.68
2026-09-10T13:30:52.712943+00:00,BTC-30OCT26-56000-P,77247.35,BTC-30OCT26,put,56000.0,2026-10-30T08:00:00+00:00,0.13626344484552058,0.0029,0.0033,0.00314072,0.0031,77247.35,BTC-30OCT26,0.5192,-0.03746,23.32565,463.9,0.3,0.0004000000000000002,BTC,76893.58,70.03
2026-09-10T13:30:52.712943+00:00,BTC-2OCT26-78000-C,76986.8,BTC-2OCT26,call,78000.0,2026-10-02T08:00:00+00:00,0.05960362280582174,0.032,0.033,0.0329862,0.0325,76986.8,BTC-2OCT26,0.3998,0.46958,74.85636,3.8,3.8,0.0010000000000000009,BTC,76893.58,9691.91
2026-09-10T13:30:52.712943+00:00,BTC-18SEP26-88000-C,76864.72,BTC-18SEP26,call,88000.0,2026-09-18T08:00:00+00:00,0.021273711785972316,0.001,0.0012,0.00115719,0.0011,76864.72,BTC-18SEP26,0.5159,0.03947,9.56838,615.7,3.8,0.00019999999999999987,BTC,76893.58,680.91
2026-09-10T13:30:52.712943+00:00,BTC-27NOV26-69000-C,77537.76,BTC-27NOV26,call,69000.0,2026-11-27T08:00:00+00:00,0.21292326688521943,0.138,0.1405,0.1394061,0.13925,77537.76,BTC-27NOV26,0.41009999999999996,0.76331,110.53627,0.0,0.0,0.0025000000000000022,BTC,76893.58,0.0
2026-09-10T13:30:52.712943+00:00,BTC-25DEC26-85000-C,77852.86,BTC-25DEC26,call,85000.0,2026-12-25T08:00:00+00:00,0.28958308892491824,0.0505,0.052,0.05128924,0.05125,77852.86,BTC-25DEC26,0.40090000000000003,0.38419,160.25888,2212.3,2.4,0.0014999999999999944,BTC,76901.68,9863.18
2026-09-10T13:30:52.712943+00:00,BTC-25DEC26-98000-P,77853.59,BTC-25DEC26,put,98000.0,2026-12-25T08:00:00+00:00,0.28958308892491824,0.273,0.284,0.27877049,0.2785,77853.59,BTC-25DEC26,0.4175,-0.81771,110.96643,1.2,0.0,0.010999999999999954,BTC,76901.68,0.0
2026-09-10T13:30:52.712943+00:00,BTC-25SEP26-200000-P,76927.19,BTC-25SEP26,put,200000.0,2026-09-25T08:00:00+00:00,0.04043866729589703,1.593,1.6055,1.5998813,1.59925,76927.19,BTC-25SEP26,0.9823999999999999,-1.0,0.00085,3.2,0.0,0.012499999999999956,BTC,76901.68,0.0
2026-09-10T13:30:52.712943+00:00,BTC-25DEC26-78000-C,77853.59,BTC-25DEC26,call,78000.0,2026-12-25T08:00:00+00:00,0.28958308892491824,0.0845,0.086,0.08503842,0.08525,77853.59,BTC-25DEC26,0.4008,0.54151,166.47118,1048.4,0.0,0.0014999999999999875,BTC,76901.68,0.0
2026-09-10T13:30:52.712943+00:00,BTC-11SEP26-66000-P,76811.0,BTC-11SEP26,put,66000.0,2026-09-11T08:00:00+00:00,0.002108756276047608,,0.0001,1.3e-07,,76811.0,BTC-11SEP26,0.7977,-1e-05,0.00217,365.1,0.0,,BTC,76901.68,0.0
2026-09-10T13:30:52.712943+00:00,BTC-27NOV26-115000-C,77537.76,BTC-27NOV26,call,115000.0,2026-11-27T08:00:00+00:00,0.21292326688521943,0.0036,0.0042,0.00387146,0.0039,77537.76,BTC-27NOV26,0.47619999999999996,0.04654,34.88854,32.8,0.0,0.0005999999999999998,BTC,76901.68,0.0
2026-09-10T13:30:52.712943+00:00,BTC-13SEP26-70000-C,76823.62,BTC-13SEP26,call,70000.0,2026-09-13T08:00:00+00:00,0.007584457850311811,0.0875,0.092,0.08933743,0.08975,76823.62,BTC-13SEP26,0.5539999999999999,0.97593,3.79224,0.0,0.0,0.004500000000000004,BTC,76901.68,0.0
2026-09-10T13:30:52.712943+00:00,ETH-26MAR27-4200-P,2469.77,ETH-26MAR27,put,4200.0,2027-03-26T08:00:00+00:00,0.5387275105539395,0.7165,0.7425,0.728337,0.7295,2469.77,ETH-26MAR27,0.5798,-0.84933,4.24213,1.0,0.0,0.026000000000000023,ETH,2423.13,0.0
2026-09-10T13:30:52.712943+00:00,ETH-25SEP26-5800-C,2426.28,ETH-25SEP26,call,5800.0,2026-09-25T08:00:00+00:00,0.04043866729589703,,0.0001,4e-06,,2426.28,ETH-25SEP26,1.1113,8e-05,0.0015,5889.0,0.0,,ETH,2423.13,0.0
2026-09-10T13:30:52.712943+00:00,ETH-12SEP26-2380-P,2422.17,ETH-12SEP26,put,2380.0,2026-09-12T08:00:00+00:00,0.00484660706317971,0.007,0.008,0.007705,0.0075,2422.17,ETH-12SEP26,0.5384,-0.3096,0.59474,1225.0,1250.0,0.001,ETH,2423.16,11426.84
2026-09-10T13:30:52.712943+00:00,ETH-26MAR27-1000-P,2469.77,ETH-26MAR27,put,1000.0,2027-03-26T08:00:00+00:00,0.5387275105539395,0.0065,0.0075,0.006901,0.007,2469.77,ETH-26MAR27,0.7441,-0.02689,1.12681,7311.0,0.0,0.001,ETH,2423.16,0.0
2026-09-10T13:30:52.712943+00:00,ETH-25JUN27-3500-P,2497.29,ETH-25JUN27,put,3500.0,2027-06-25T08:00:00+00:00,0.7878719321829607,0.4835,0.5015,0.488208,0.4925,2497.29,ETH-25JUN27,0.5624,-0.66496,8.0799,503.0,0.0,0.01799999999999996,ETH,2423.16,0.0
2026-09-10T13:30:52.712943+00:00,ETH-30OCT26-1750-C,2433.02,ETH-30OCT26,call,1750.0,2026-10-30T08:00:00+00:00,0.13626344484552058,0.2835,0.289,0.286829,0.28625,2433.02,ETH-30OCT26,0.6113000000000001,0.94227,1.03869,102.0,0.0,0.005500000000000005,ETH,2423.16,0.0
2026-09-10T13:30:52.712943+00:00,ETH-25SEP26-2850-C,2426.28,ETH-25SEP26,call,2850.0,2026-09-25T08:00:00+00:00,0.04043866729589703,0.0048,0.0055,0.005129,0.00515,2426.28,ETH-25SEP26,0.5882999999999999,0.09718,0.83912,327.0,17.0,0.0007000000000000001,ETH,2423.16,348.65
2026-09-10T13:30:52.712943+00:00,ETH-13SEP26-2540-P,2422.51,ETH-13SEP26,put,2540.0,2026-09-13T08:00:00+00:00,0.007584457850311811,0.0485,0.0545,0.051656,0.0515,2422.51,ETH-13SEP26,0.502,-0.85396,0.48331,0.0,0.0,0.005999999999999998,ETH,2423.15,0.0
2026-09-10T13:30:52.712943+00:00,ETH-2OCT26-2300-C,2427.56,ETH-2OCT26,call,2300.0,2026-10-02T08:00:00+00:00,0.05960362280582174,0.0785,0.0805,0.079571,0.0795,2427.56,ETH-2OCT26,0.5157,0.68952,2.09364,0.0,0.0,0.0020000000000000018,ETH,2423.15,0.0
2026-09-10T13:30:52.712943+00:00,ETH-25JUN27-3400-C,2497.29,ETH-25JUN27,call,3400.0,2027-06-25T08:00:00+00:00,0.7878719321829607,0.092,0.0945,0.093362,0.09325,2497.29,ETH-25JUN27,0.5611,0.35571,8.26229,481.0,0.0,0.0025000000000000022,ETH,2423.15,0.0
2026-09-10T13:30:52.712943+00:00,ETH-26MAR27-2800-P,2469.77,ETH-26MAR27,put,2800.0,2027-03-26T08:00:00+00:00,0.5387275105539395,0.243,0.246,0.24514,0.2445,2469.77,ETH-26MAR27,0.5484,-0.54357,7.19375,15.0,0.0,0.0030000000000000027,ETH,2423.15,0.0
2026-09-10T13:30:52.712943+00:00,ETH-25DEC26-2400-C,2446.9,ETH-25DEC26,call,2400.0,2026-12-25T08:00:00+00:00,0.28958308892491824,0.1215,0.123,0.122393,0.12225,2446.9,ETH-25DEC26,0.5314,0.58364,5.13966,12447.0,7.0,0.0015000000000000013,ETH,2423.15,2254.45
2026-09-10T13:30:52.712943+00:00,ETH-2OCT26-3000-C,2427.56,ETH-2OCT26,call,3000.0,2026-10-02T08:00:00+00:00,0.05960362280582174,0.0049,0.0055,0.005308,0.0052,2427.56,ETH-2OCT26,0.5976,0.0845,0.91878,3.0,3.0,0.0005999999999999998,ETH,2423.15,44.34
2026-09-10T13:30:52.712943+00:00,ETH-25SEP26-8500-P,2426.28,ETH-25SEP26,put,8500.0,2026-09-25T08:00:00+00:00,0.04043866729589703,2.493,2.5145,2.503176,2.50375,2426.28,ETH-25SEP26,1.3075,-1.0,4e-05,0.0,0.0,0.021500000000000075,ETH,2423.15,0.0
2026-09-10T13:30:52.712943+00:00,ETH-12SEP26-2460-P,2422.2,ETH-12SEP26,put,2460.0,2026-09-12T08:00:00+00:00,0.00484660706317971,0.023,0.0255,0.024257,0.02425,2422.2,ETH-12SEP26,0.5433,-0.64856,0.62557,153.0,115.0,0.0024999999999999988,ETH,2422.84,5925.68
2026-09-10T13:30:52.712943+00:00,ETH-11SEP26-2900-P,2422.33,ETH-11SEP26,put,2900.0,2026-09-11T08:00:00+00:00,0.002108756276047608,0.194,0.201,0.197457,0.1975,2422.33,ETH-11SEP26,0.9515,-0.99998,0.0001,0.0,0.0,0.007000000000000006,ETH,2422.84,0.0
2026-09-10T13:30:52.712943+00:00,ETH-12SEP26-2400-P,2422.2,ETH-12SEP26,put,2400.0,2026-09-12T08:00:00+00:00,0.00484660706317971,0.01,0.0105,0.01065,0.01025,2422.2,ETH-12SEP26,0.535,-0.39157,0.64777,336.0,65.0,0.0005000000000000004,ETH,2422.84,1231.86
2026-09-10T13:30:52.712943+00:00,ETH-27NOV26-2300-C,2439.61,ETH-27NOV26,call,2300.0,2026-11-27T08:00:00+00:00,0.21292326688521943,0.125,0.1275,0.12633,0.12625,2439.61,ETH-27NOV26,0.5324,0.6421,4.20584,51.0,1.0,0.0025000000000000022,ETH,2422.84,324.02
2026-09-10T13:30:52.712943+00:00,ETH-25SEP26-2400-C,2426.31,ETH-25SEP26,call,2400.0,2026-09-25T08:00:00+00:00,0.04043866729589703,0.046,0.0475,0.046693,0.04675,2426.31,ETH-25SEP26,0.5146000000000001,0.56382,1.92277,15816.0,76.0,0.0015000000000000013,ETH,2422.84,8465.46
2026-09-10T13:30:52.712943+00:00,ETH-26MAR27-2900-C,2469.77,ETH-26MAR27,call,2900.0,2027-03-26T08:00:00+00:00,0.5387275105539395,0.099,0.101,0.100079,0.1,2469.77,ETH-26MAR27,0.5495,0.42242,7.09873,2291.0,0.0,0.0020000000000000018,ETH,2422.84,0.0
2026-09-10T13:30:52.712943+00:00,ETH-25JUN27-2200-P,2497.29,ETH-25JUN27,put,2200.0,2027-06-25T08:00:00+00:00,0.7878719321829607,0.13,0.132,0.131188,0.131,2497.29,ETH-25JUN27,0.5604,-0.30732,7.79292,387.0,0.0,0.0020000000000000018,ETH,2422.72,0.0
2026-09-10T13:30:52.712943+00:00,ETH-18SEP26-3200-C,2424.12,ETH-18SEP26,call,3200.0,2026-09-18T08:00:00+00:00,0.021273711785972316,0.0002,0.0004,0.000269,0.0003,2424.12,ETH-18SEP26,0.7659,0.00763,0.0744,3589.0,30.0,0.0002,ETH,2422.72,30.55
2026-09-10T13:30:52.712943+00:00,ETH-11SEP26-2450-C,2422.33,ETH-11SEP26,call,2450.0,2026-09-11T08:00:00+00:00,0.002108756276047608,0.004,0.0045,0.004316,0.00425,2422.33,ETH-11SEP26,0.4864,0.30872,0.3913,2385.0,59.0,0.0004999999999999996,ETH,2422.72,874.63
2026-09-10T13:30:52.712943+00:00,ETH-25DEC26-8000-P,2446.9,ETH-25DEC26,put,8000.0,2026-12-25T08:00:00+00:00,0.28958308892491824,2.2535,2.297,2.270625,2.27525,2446.9,ETH-25DEC26,0.7722,-0.99588,0.1603,73.0,0.0,0.043500000000000316,ETH,2422.72,0.0
2026-09-10T13:30:52.712943+00:00,ETH-30OCT26-2500-C,2433.52,ETH-30OCT26,call,2500.0,2026-10-30T08:00:00+00:00,0.13626344484552058,0.064,0.0655,0.064672,0.06475,2433.52,ETH-30OCT26,0.5209,0.48242,3.58129,2888.0,8.0,0.0015000000000000013,ETH,2422.72,1424.18
2026-09-10T13:30:52.712943+00:00,ETH-2OCT26-2450-P,2427.56,ETH-2OCT26,put,2450.0,2026-10-02T08:00:00+00:00,0.05960362280582174,0.054,0.055,0.05494,0.0545,2427.56,ETH-2OCT26,0.513,-0.50374,2.36539,13.0,13.0,0.0010000000000000009,ETH,2422.72,1426.84
2026-09-10T13:30:52.712943+00:00,ETH-27NOV26-2400-C,2439.61,ETH-27NOV26,call,2400.0,2026-11-27T08:00:00+00:00,0.21292326688521943,0.1045,0.106,0.105044,0.10525,2439.61,ETH-27NOV26,0.5307999999999999,0.57535,4.41285,307.0,0.0,0.0015000000000000013,ETH,2422.99,0.0
2026-09-10T13:30:52.712943+00:00,ETH-26MAR27-3300-P,2469.77,ETH-26MAR27,put,3300.0,2027-03-26T08:00:00+00:00,0.5387275105539395,0.3975,0.412,0.401817,0.40475,2469.77,ETH-26MAR27,0.5566,-0.69287,6.37337,101.0,0.0,0.014499999999999957,ETH,2422.99,0.0
2026-09-10T13:30:52.712943+00:00,ETH-25DEC26-1400-C,2446.9,ETH-25DEC26,call,1400.0,2026-12-25T08:00:00+00:00,0.28958308892491824,0.4315,0.4365,0.434636,0.434,2446.9,ETH-25DEC26,0.6664,0.95872,1.16453,939.0,0.0,0.0050000000000000044,ETH,2422.99,0.0
2026-09-10T13:30:52.712943+00:00,ETH-26MAR27-2600-P,2469.77,ETH-26MAR27,put,2600.0,2027-03-26T08:00:00+00:00,0.5387275105539395,0.1895,0.192,0.191045,0.19075,2469.77,ETH-26MAR27,0.5471,-0.47064,7.21687,645.0,0.0,0.0025000000000000022,ETH,2422.99,0.0
2026-09-10T13:30:52.712943+00:00,ETH-11SEP26-2550-P,2422.33,ETH-11SEP26,put,2550.0,2026-09-11T08:00:00+00:00,0.002108756276047608,0.0505,0.0565,0.053311,0.0535,2422.33,ETH-11SEP26,0.6121,-0.96506,0.08574,472.0,29.0,0.005999999999999998,ETH,2423.05,3016.02
2026-09-10T13:30:52.712943+00:00,ETH-25SEP26-4600-C,2426.31,ETH-25SEP26,call,4600.0,2026-09-25T08:00:00+00:00,0.04043866729589703,,0.0001,5.7e-05,,2426.31,ETH-25SEP26,1.0031999999999999,0.00108,0.01763,4397.0,0.0,,ETH,2422.99,0.0
2026-09-10T13:30:52.712943+00:00,ETH-26MAR27-2800-C,2469.77,ETH-26MAR27,call,2800.0,2027-03-26T08:00:00+00:00,0.5387275105539395,0.11,0.1125,0.111427,0.11125,2469.77,ETH-26MAR27,0.5484,0.45637,7.19316,5034.0,0.0,0.0025000000000000022,ETH,2422.99,0.0
2026-09-10T13:30:52.712943+00:00,ETH-13SEP26-2440-C,2422.51,ETH-13SEP26,call,2440.0,2026-09-13T08:00:00+00:00,0.007584457850311811,0.0125,0.0135,0.012838,0.013,2422.51,ETH-13SEP26,0.46409999999999996,0.44,0.83232,50.0,50.0,0.0009999999999999992,ETH,2423.05,1428.1
2026-09-10T13:30:52.712943+00:00,ETH-25SEP26-3800-P,2426.28,ETH-25SEP26,put,3800.0,2026-09-25T08:00:00+00:00,0.04043866729589703,0.562,0.5715,0.566322,0.56675,2426.28,ETH-25SEP26,0.8167,-0.99595,0.05846,943.0,0.0,0.009499999999999953,ETH,2423.05,0.0
2026-09-10T13:30:52.712943+00:00,ETH-14SEP26-2800-C,2422.83,ETH-14SEP26,call,2800.0,2026-09-14T08:00:00+00:00,0.01032230863744391,0.0002,0.0005,0.000323,0.00035,2422.83,ETH-14SEP26,0.6416,0.01456,0.09088,50.0,50.0,0.00030000000000000003,ETH,2423.05,73.77
2026-09-10T13:30:52.712943+00:00,ETH-18SEP26-2450-C,2424.12,ETH-18SEP26,call,2450.0,2026-09-18T08:00:00+00:00,0.021273711785972316,0.0245,0.026,0.025338,0.02525,2424.12,ETH-18SEP26,0.5192,0.46072,1.40438,1132.0,68.0,0.0014999999999999979,ETH,2423.05,4140.21
2026-09-10T13:30:52.712943+00:00,ETH-25SEP26-3200-C,2426.31,ETH-25SEP26,call,3200.0,2026-09-25T08:00:00+00:00,0.04043866729589703,0.0011,0.0013,0.001243,0.0012,2426.31,ETH-25SEP26,0.6794,0.02527,0.28788,12702.0,780.0,0.00019999999999999987,ETH,2423.05,3530.85
2026-09-10T13:30:52.712943+00:00,ETH-25SEP26-1000-P,2426.28,ETH-25SEP26,put,1000.0,2026-09-25T08:00:00+00:00,0.04043866729589703,,0.0001,1.4e-05,,2426.28,ETH-25SEP26,1.2915,-0.0002,0.00366,10805.0,0.0,,ETH,2423.05,0.0
2026-09-10T13:30:52.712943+00:00,ETH-25SEP26-1000-C,2426.31,ETH-25SEP26,call,1000.0,2026-09-25T08:00:00+00:00,0.04043866729589703,0.586,0.589,0.587875,0.5875,2426.31,ETH-25SEP26,1.2915,0.9998,0.00366,5785.0,0.0,0.0030000000000000027,ETH,2423.14,0.0
2026-09-10T13:30:52.712943+00:00,ETH-27NOV26-2000-C,2439.57,ETH-27NOV26,call,2000.0,2026-11-27T08:00:00+00:00,0.21292326688521943,0.2065,0.211,0.209204,0.20875,2439.57,ETH-27NOV26,0.5557,0.81702,2.98637,9.0,0.0,0.004500000000000004,ETH,2423.14,0.0
2026-09-10T13:30:52.712943+00:00,ETH-13SEP26-2460-C,2422.51,ETH-13SEP26,call,2460.0,2026-09-13T08:00:00+00:00,0.007584457850311811,0.0095,0.0105,0.009846,0.01,2422.51,ETH-13SEP26,0.4693,0.36429,0.79271,179.0,190.0,0.0010000000000000009,ETH,2423.14,6590.53
2026-09-10T13:30:52.712943+00:00,ETH-25DEC26-1800-C,2446.9,ETH-25DEC26,call,1800.0,2026-12-25T08:00:00+00:00,0.28958308892491824,0.2835,0.2895,0.286692,0.2865,2446.9,ETH-25DEC26,0.5764,0.8738,2.72944,2434.0,0.0,0.006000000000000005,ETH,2422.65,0.0
2026-09-10T13:30:52.712943+00:00,ETH-25SEP26-2420-C,2426.31,ETH-25SEP26,call,2420.0,2026-09-25T08:00:00+00:00,0.04043866729589703,0.042,0.043,0.042504,0.0425,2426.31,ETH-25SEP26,0.5143,0.53207,1.94145,540.0,420.0,0.000999999999999994,ETH,2423.14,42220.04
2026-09-10T13:30:52.712943+00:00,ETH-26MAR27-4800-P,2469.77,ETH-26MAR27,put,4800.0,2027-03-26T08:00:00+00:00,0.5387275105539395,0.947,0.977,0.960513,0.962,2469.77,ETH-26MAR27,0.5977,-0.90216,3.13312,0.0,0.0,0.030000000000000027,ETH,2423.14,0.0
2026-09-10T13:30:52.712943+00:00,ETH-30OCT26-2250-P,2433.02,ETH-30OCT26,put,2250.0,2026-10-30T08:00:00+00:00,0.13626344484552058,0.042,0.043,0.042611,0.0425,2433.02,ETH-30OCT26,0.5246999999999999,-0.30807,3.16136,1343.0,50.0,0.000999999999999994,ETH,2422.65,5199.07
2026-09-10T13:30:52.712943+00:00,ETH-25SEP26-5200-C,2426.28,ETH-25SEP26,call,5200.0,2026-09-25T08:00:00+00:00,0.04043866729589703,,0.0001,2.7e-05,,2426.28,ETH-25SEP26,1.1113,0.00049,0.00847,2392.0,0.0,,ETH,2422.65,0.0
2026-09-10T13:30:52.712943+00:00,ETH-13SEP26-2700-C,2422.47,ETH-13SEP26,call,2700.0,2026-09-13T08:00:00+00:00,0.007584457850311811,0.0003,0.0006,0.000445,0.00045,2422.47,ETH-13SEP26,0.6145,0.02289,0.11451,16.0,14.0,0.0003,ETH,2422.65,51.37
2026-09-10T13:30:52.712943+00:00,ETH-30OCT26-2900-C,2433.02,ETH-30OCT26,call,2900.0,2026-10-30T08:00:00+00:00,0.13626344484552058,0.0225,0.0235,0.023224,0.023,2433.02,ETH-30OCT26,0.5459,0.2208,2.66606,2732.0,0.0,0.0010000000000000009,ETH,2422.65,0.0
2026-09-10T13:30:52.712943+00:00,ETH-27NOV26-3800-C,2439.57,ETH-27NOV26,call,3800.0,2026-11-27T08:00:00+00:00,0.21292326688521943,0.008,0.009,0.008503,0.0085,2439.57,ETH-27NOV26,0.6083,0.07529,1.599,478.0,0.0,0.0009999999999999992,ETH,2422.65,0.0
2026-09-10T13:30:52.712943+00:00,ETH-25JUN27-4400-P,2497.29,ETH-25JUN27,put,4400.0,2027-06-25T08:00:00+00:00,0.7878719321829607,0.7945,0.8205,0.807276,0.8075,2497.29,ETH-25JUN27,0.5763,-0.80272,6.15557,1.0,0.0,0.026000000000000023,ETH,2422.32,0.0
2026-09-10T13:30:52.712943+00:00,ETH-14SEP26-2660-C,2422.8,ETH-14SEP26,call,2660.0,2026-09-14T08:00:00+00:00,0.01032230863744391,0.001,0.0014,0.001181,0.0012,2422.8,ETH-14SEP26,0.5534,0.05129,0.25909,335.0,335.0,0.00039999999999999996,ETH,2422.32,1410.71
2026-09-10T13:30:52.712943+00:00,ETH-13SEP26-2500-P,2422.51,ETH-13SEP26,put,2500.0,2026-09-13T08:00:00+00:00,0.007584457850311811,0.0365,0.039,0.037615,0.03775,2422.51,ETH-13SEP26,0.4839,-0.76523,0.64803,44.0,44.0,0.0025000000000000022,ETH,2422.32,2715.55
2026-09-10T13:30:52.712943+00:00,ETH-25DEC26-1500-P,2446.9,ETH-25DEC26,put,1500.0,2026-12-25T08:00:00+00:00,0.28958308892491824,0.009,0.01,0.009373,0.0095,2446.9,ETH-25DEC26,0.6401,-0.05576,1.48064,16254.0,50.0,0.0010000000000000009,ETH,2421.86,1048.08
2026-09-10T13:30:52.712943+00:00,ETH-26MAR27-4200-C,2469.77,ETH-26MAR27,call,4200.0,2027-03-26T08:00:00+00:00,0.5387275105539395,0.027,0.0285,0.027804,0.02775,2469.77,ETH-26MAR27,0.5798,0.15048,4.23716,2903.0,0.0,0.0015000000000000013,ETH,2422.32,0.0
2026-09-10T13:30:52.712943+00:00,ETH-11SEP26-2460-P,2422.33,ETH-11SEP26,put,2460.0,2026-09-11T08:00:00+00:00,0.002108756276047608,0.018,0.0205,0.019106,0.01925,2422.33,ETH-11SEP26,0.495,-0.75352,0.35031,792.0,305.0,0.0025000000000000022,ETH,2421.86,8530.73
2026-09-10T13:30:52.712943+00:00,ETH-30OCT26-1000-C,2433.52,ETH-30OCT26,call,1000.0,2026-10-30T08:00:00+00:00,0.13626344484552058,0.5875,0.5905,0.589327,0.589,2433.52,ETH-30OCT26,0.9364,0.99696,0.08307,0.0,0.0,0.0030000000000000027,ETH,2421.86,0.0
2026-09-10T13:30:52.712943+00:00,ETH-25JUN27-3100-P,2496.79,ETH-25JUN27,put,3100.0,2027-06-25T08:00:00+00:00,0.7878719321829607,0.3525,0.369,0.360282,0.36075,2496.79,ETH-25JUN27,0.5583,-0.57484,8.68825,18.0,0.0,0.016500000000000015,ETH,2421.86,0.0
2026-09-10T13:30:52.712943+00:00,ETH-25SEP26-9000-P,2426.28,ETH-25SEP26,put,9000.0,2026-09-25T08:00:00+00:00,0.04043866729589703,2.6985,2.721,2.709245,2.70975,2426.28,ETH-25SEP26,1.3633000000000002,-1.0,4e-05,0.0,0.0,0.022499999999999964,ETH,2421.86,0.0
2026-09-10T13:30:52.712943+00:00,ETH-12SEP26-2480-C,2422.17,ETH-12SEP26,call,2480.0,2026-09-12T08:00:00+00:00,0.00484660706317971,0.006,0.007,0.00639,0.0065,2422.17,ETH-12SEP26,0.5509000000000001,0.2739,0.56129,8.0,4.0,0.001,ETH,2421.86,115.79
2026-09-10T13:30:52.712943+00:00,ETH-12SEP26-2280-C,2422.17,ETH-12SEP26,call,2280.0,2026-09-12T08:00:00+00:00,0.00484660706317971,0.0575,0.062,0.060253,0.05975,2422.17,ETH-12SEP26,0.6207,0.92185,0.24618,0.0,0.0,0.004499999999999997,ETH,2421.86,0.0
2026-09-10T13:30:52.712943+00:00,ETH-27NOV26-2700-C,2439.57,ETH-27NOV26,call,2700.0,2026-11-27T08:00:00+00:00,0.21292326688521943,0.0585,0.0595,0.058955,0.059,2439.57,ETH-27NOV26,0.5366,0.38729,4.31115,394.0,0.0,0.000999999999999994,ETH,2421.73,0.0
2026-09-10T13:30:52.712943+00:00,ETH-18SEP26-2200-P,2424.62,ETH-18SEP26,put,2200.0,2026-09-18T08:00:00+00:00,0.021273711785972316,0.0043,0.0048,0.00457,0.00455,2424.62,ETH-18SEP26,0.5633,-0.11152,0.67136,5725.0,510.0,0.0004999999999999996,ETH,2421.73,5821.52
2026-09-10T13:30:52.712943+00:00,ETH-25SEP26-2300-P,2426.31,ETH-25SEP26,put,2300.0,2026-09-25T08:00:00+00:00,0.04043866729589703,0.019,0.02,0.019794,0.0195,2426.31,ETH-25SEP26,0.5201,-0.28715,1.66253,7413.0,2100.0,0.0010000000000000009,ETH,2421.73,86508.71
2026-09-10T13:30:52.712943+00:00,ETH-25JUN27-2100-P,2497.29,ETH-25JUN27,put,2100.0,2027-06-25T08:00:00+00:00,0.7878719321829607,0.1115,0.1135,0.112735,0.1125,2497.29,ETH-25JUN27,0.5629,-0.27569,7.40471,599.0,0.0,0.0020000000000000018,ETH,2421.73,0.0
2026-09-10T13:30:52.712943+00:00,ETH-25DEC26-1000-C,2446.9,ETH-25DEC26,call,1000.0,2026-12-25T08:00:00+00:00,0.28958308892491824,0.591,0.594,0.593209,0.5925,2446.9,ETH-25DEC26,0.8073999999999999,0.98855,0.39484,73.0,0.0,0.0030000000000000027,ETH,2421.76,0.0
2026-09-10T13:30:52.712943+00:00,ETH-25DEC26-2800-P,2446.9,ETH-25DEC26,put,2800.0,2026-12-25T08:00:00+00:00,0.28958308892491824,0.207,0.2115,0.208305,0.20925,2446.9,ETH-25DEC26,0.5356000000000001,-0.62736,4.98261,2955.0,51.0,0.004500000000000004,ETH,2421.76,23469.26
2026-09-10T13:30:52.712943+00:00,ETH-14SEP26-2580-C,2422.83,ETH-14SEP26,call,2580.0,2026-09-14T08:00:00+00:00,0.01032230863744391,0.0025,0.003,0.002839,0.00275,2422.83,ETH-14SEP26,0.5057,0.11464,0.47666,0.0,0.0,0.0005,ETH,2421.76,0.0
2026-09-10T13:30:52.712943+00:00,ETH-25SEP26-2450-P,2426.31,ETH-25SEP26,put,2450.0,2026-09-25T08:00:00+00:00,0.04043866729589703,0.0455,0.047,0.046536,0.04625,2426.31,ETH-25SEP26,0.5144,-0.51773,1.94465,269.0,56.0,0.0015000000000000013,ETH,2421.76,6253.09
2026-09-10T13:30:52.712943+00:00,ETH-27NOV26-3100-C,2439.57,ETH-27NOV26,call,3100.0,2026-11-27T08:00:00+00:00,0.21292326688521943,0.0265,0.0275,0.027206,0.027,2439.57,ETH-27NOV26,0.5563,0.21026,3.24697,42.0,0.0,0.0010000000000000009,ETH,2421.76,0.0
2026-09-10T13:30:52.712943+00:00,ETH-30OCT26-1800-P,2433.02,ETH-30OCT26,put,1800.0,2026-10-30T08:00:00+00:00,0.13626344484552058,0.007,0.008,0.007414,0.0075,2433.02,ETH-30OCT26,0.5964,-0.06979,1.20324,1273.0,0.0,0.001,ETH,2421.76,0.0
2026-09-10T13:30:52.712943+00:00,ETH-25DEC26-4400-P,2446.4,ETH-25DEC26,put,4400.0,2026-12-25T08:00:00+00:00,0.28958308892491824,0.799,0.814,0.805519,0.8065,2446.4,ETH-25DEC26,0.6188,-0.94478,1.46917,20.0,0.0,0.014999999999999902,ETH,2421.93,0.0
2026-09-10T13:30:52.712943+00:00,ETH-25SEP26-3400-C,2426.28,ETH-25SEP26,call,3400.0,2026-09-25T08:00:00+00:00,0.04043866729589703,0.0006,0.0008,0.000676,0.0007,2426.28,ETH-25SEP26,0.7353000000000001,0.01361,0.16991,9699.0,0.0,0.0002000000000000001,ETH,2421.76,0.0
2026-09-10T13:30:52.712943+00:00,ETH-25SEP26-4400-P,2426.31,ETH-25SEP26,put,4400.0,2026-09-25T08:00:00+00:00,0.04043866729589703,0.808,0.8195,0.813464,0.81375,2426.31,ETH-25SEP26,0.9386,-0.99889,0.01807,281.0,0.0,0.011499999999999955,ETH,2421.93,0.0
2026-09-10T13:30:52.712943+00:00,ETH-14SEP26-2100-P,2422.8,ETH-14SEP26,put,2100.0,2026-09-14T08:00:00+00:00,0.01032230863744391,0.0004,0.0006,0.000484,0.0005,2422.8,ETH-14SEP26,0.6867,-0.01871,0.1126,36.0,36.0,0.00019999999999999993,ETH,2421.93,42.89
2026-09-10T13:30:52.712943+00:00,ETH-11SEP26-1800-C,2422.33,ETH-11SEP26,call,1800.0,2026-09-11T08:00:00+00:00,0.002108756276047608,0.2545,0.258,0.256751,0.25625,2422.33,ETH-11SEP26,1.1963,1.0,0.0,0.0,0.0,0.003500000000000003,ETH,2421.93,0.0
2026-09-10T13:30:52.712943+00:00,ETH-25DEC26-7000-P,2446.9,ETH-25DEC26,put,7000.0,2026-12-25T08:00:00+00:00,0.28958308892491824,1.8465,1.885,1.86223,1.86575,2446.9,ETH-25DEC26,0.7393000000000001,-0.99272,0.26555,0.0,0.0,0.03849999999999998,ETH,2421.67,0.0
2026-09-10T13:30:52.712943+00:00,ETH-25JUN27-4000-C,2497.29,ETH-25JUN27,call,4000.0,2027-06-25T08:00:00+00:00,0.7878719321829607,0.0585,0.06,0.059498,0.05925,2497.29,ETH-25JUN27,0.5698,0.24862,7.02315,4555.0,0.0,0.0014999999999999944,ETH,2421.67,0.0
2026-09-10T13:30:52.712943+00:00,ETH-18SEP26-2900-P,2424.12,ETH-18SEP26,put,2900.0,2026-09-18T08:00:00+00:00,0.021273711785972316,0.194,0.201,0.197678,0.1975,2424.12,ETH-18SEP26,0.6685,-0.96349,0.28286,0.0,0.0,0.007000000000000006,ETH,2421.67,0.0
2026-09-10T13:30:52.712943+00:00,ETH-13SEP26-2440-P,2422.51,ETH-13SEP26,put,2440.0,2026-09-13T08:00:00+00:00,0.007584457850311811,0.019,0.0205,0.020037,0.01975,2422.51,ETH-13SEP26,0.46409999999999996,-0.56545,0.83004,960.0,969.0,0.0015000000000000013,ETH,2421.67,39397.42
2026-09-10T13:30:52.712943+00:00,ETH-26MAR27-1800-C,2469.77,ETH-26MAR27,call,1800.0,2027-03-26T08:00:00+00:00,0.5387275105539395,0.311,0.322,0.318378,0.3165,2469.77,ETH-26MAR27,0.5777,0.83079,4.57395,3427.0,0.0,0.01100000000000001,ETH,2421.67,0.0
2026-09-10T13:30:52.712943+00:00,ETH-13SEP26-2100-C,2422.47,ETH-13SEP26,call,2100.0,2026-09-13T08:00:00+00:00,0.007584457850311811,0.1315,0.135,0.133401,0.13325,2422.47,ETH-13SEP26,0.7583,0.98586,0.07593,0.0,0.0,0.003500000000000003,ETH,2421.67,0.0
2026-09-10T13:30:52.712943+00:00,ETH-14SEP26-2480-C,2422.83,ETH-14SEP26,call,2480.0,2026-09-14T08:00:00+00:00,0.01032230863744391,0.0085,0.01,0.009338,0.00925,2422.83,ETH-14SEP26,0.4598,0.31512,0.87441,31.0,31.0,0.0014999999999999996,ETH,2421.67,908.63
2026-09-10T13:30:52.712943+00:00,ETH-11SEP26-2100-C,2421.83,ETH-11SEP26,call,2100.0,2026-09-11T08:00:00+00:00,0.002108756276047608,0.1305,0.1345,0.132914,0.1325,2421.83,ETH-11SEP26,1.1140999999999999,0.99753,0.00854,37.0,0.0,0.0040000000000000036,ETH,2421.46,0.0
2026-09-10T13:30:52.712943+00:00,ETH-25JUN27-1900-C,2497.29,ETH-25JUN27,call,1900.0,2027-06-25T08:00:00+00:00,0.7878719321829607,0.312,0.324,0.320148,0.318,2497.29,ETH-25JUN27,0.5717,0.78559,6.46514,115.0,0.0,0.01200000000000001,ETH,2421.46,0.0
2026-09-10T13:30:52.712943+00:00,ETH-12SEP26-2360-C,2422.17,ETH-12SEP26,call,2360.0,2026-09-12T08:00:00+00:00,0.00484660706317971,0.0295,0.032,0.031222,0.03075,2422.17,ETH-12SEP26,0.5475,0.75562,0.52905,0.0,0.0,0.0025000000000000022,ETH,2421.46,0.0
2026-09-10T13:30:52.712943+00:00,ETH-26MAR27-2000-P,2469.77,ETH-26MAR27,put,2000.0,2027-03-26T08:00:00+00:00,0.5387275105539395,0.0705,0.072,0.071256,0.07125,2469.77,ETH-26MAR27,0.5615,-0.23666,5.59234,1913.0,2.0,0.0015000000000000013,ETH,2421.46,320.92
2026-09-10T13:30:52.712943+00:00,ETH-25JUN27-3900-C,2497.29,ETH-25JUN27,call,3900.0,2027-06-25T08:00:00+00:00,0.7878719321829607,0.063,0.0645,0.063979,0.06375,2497.29,ETH-25JUN27,0.5683,0.26361,7.23958,210.0,50.0,0.0015000000000000013,ETH,2421.46,8803.9
2026-09-10T13:30:52.712943+00:00,ETH-13SEP26-2560-P,2422.47,ETH-13SEP26,put,2560.0,2026-09-13T08:00:00+00:00,0.007584457850311811,0.056,0.0625,0.059253,0.05925,2422.47,ETH-13SEP26,0.515,-0.88781,0.40223,0.0,0.0,0.006499999999999999,ETH,2421.46,0.0
2026-09-10T13:30:52.712943+00:00,ETH-25SEP26-2100-P,2426.31,ETH-25SEP26,put,2100.0,2026-09-25T08:00:00+00:00,0.04043866729589703,0.005,0.0055,0.005348,0.00525,2426.31,ETH-25SEP26,0.5719,-0.09505,0.82491,38573.0,1607.0,0.0004999999999999996,ETH,2421.46,15357.14
2026-09-10T13:30:52.712943+00:00,ETH-27NOV26-2150-C,2439.61,ETH-27NOV26,call,2150.0,2026-11-27T08:00:00+00:00,0.21292326688521943,0.163,0.1655,0.164359,0.16425,2439.61,ETH-27NOV26,0.5402,0.73568,3.68236,0.0,0.0,0.0025000000000000022,ETH,2421.85,0.0
2026-09-10T13:30:52.712943+00:00,ETH-27NOV26-3400-C,2439.57,ETH-27NOV26,call,3400.0,2026-11-27T08:00:00+00:00,0.21292326688521943,0.0155,0.0165,0.016041,0.016,2439.57,ETH-27NOV26,0.5782,0.13315,2.42106,515.0,250.0,0.0010000000000000009,ETH,2421.85,11093.85
2026-09-10T13:30:52.712943+00:00,ETH-13SEP26-2640-C,2422.5,ETH-13SEP26,call,2640.0,2026-09-13T08:00:00+00:00,0.007584457850311811,0.0007,0.0011,0.000913,0.0009,2422.5,ETH-13SEP26,0.5743,0.0444,0.19776,0.0,0.0,0.0004000000000000001,ETH,2421.85,0.0
2026-09-10T13:30:52.712943+00:00,ETH-11SEP26-2400-P,2422.33,ETH-11SEP26,put,2400.0,2026-09-11T08:00:00+00:00,0.002108756276047608,0.0043,0.0048,0.004809,0.00455,2422.33,ETH-11SEP26,0.4704,-0.3365,0.40536,8254.0,3625.0,0.0004999999999999996,ETH,2421.85,22212.54
2026-09-10T13:30:52.712943+00:00,ETH-27NOV26-3000-C,2439.61,ETH-27NOV26,call,3000.0,2026-11-27T08:00:00+00:00,0.21292326688521943,0.0325,0.0335,0.032993,0.033,2439.61,ETH-27NOV26,0.5511,0.24603,3.54679,352.0,32.0,0.0010000000000000009,ETH,2421.85,2554.09
2026-09-10T13:30:52.712943+00:00,ETH-25SEP26-16000-P,2426.28,ETH-25SEP26,put,16000.0,2026-09-25T08:00:00+00:00,0.04043866729589703,5.5735,5.6195,5.594213,5.5965,2426.28,ETH-25SEP26,1.8954,-1.0,2e-05,30.0,0.0,0.04600000000000026,ETH,2421.85,0.0
2026-09-10T13:30:52.712943+00:00,ETH-25SEP26-2050-P,2426.31,ETH-25SEP26,put,2050.0,2026-09-25T08:00:00+00:00,0.04043866729589703,0.0036,0.0041,0.003821,0.00385,2426.31,ETH-25SEP26,0.5899,-0.06972,0.65319,4344.0,305.0,0.0005000000000000004,ETH,2422.07,2808.91
2026-09-10T13:30:52.712943+00:00,ETH-12SEP26-2320-C,2422.17,ETH-12SEP26,call,2320.0,2026-09-12T08:00:00+00:00,0.00484660706317971,0.0415,0.046,0.044957,0.04375,2422.17,ETH-12SEP26,0.5767,0.86248,0.37064,0.0,0.0,0.004499999999999997,ETH,2422.07,0.0
2026-09-10T13:30:52.712943+00:00,ETH-25JUN27-6000-C,2497.29,ETH-25JUN27,call,6000.0,2027-06-25T08:00:00+00:00,0.7878719321829607,0.017,0.0185,0.017802,0.01775,2497.29,ETH-25JUN27,0.6074,0.08753,3.52592,1457.0,23.0,0.0014999999999999979,ETH,2422.07,1051.16
2026-09-10T13:30:52.712943+00:00,ETH-11SEP26-3000-P,2422.33,ETH-11SEP26,put,3000.0,2026-09-11T08:00:00+00:00,0.002108756276047608,0.235,0.2415,0.238748,0.23825,2422.33,ETH-11SEP26,1.0070999999999999,-1.0,1e-05,0.0,0.0,0.006500000000000006,ETH,2422.07,0.0
2026-09-10T13:30:52.712943+00:00,ETH-13SEP26-2750-C,2422.47,ETH-13SEP26,call,2750.0,2026-09-13T08:00:00+00:00,0.007584457850311811,0.0002,0.0004,0.000244,0.0003,2422.47,ETH-13SEP26,0.6437,0.01269,0.06914,16.0,16.0,0.0002,ETH,2422.07,27.71
2026-09-10T13:30:52.712943+00:00,ETH-13SEP26-2360-P,2422.51,ETH-13SEP26,put,2360.0,2026-09-13T08:00:00+00:00,0.007584457850311811,0.006,0.0065,0.006396,0.00625,2422.51,ETH-13SEP26,0.4702,-0.25577,0.67841,1.0,1.0,0.0004999999999999996,ETH,2422.07,8.85
2026-09-10T13:30:52.712943+00:00,ETH-26MAR27-4500-P,2469.77,ETH-26MAR27,put,4500.0,2027-03-26T08:00:00+00:00,0.5387275105539395,0.8315,0.8595,0.843763,0.8455,2469.77,ETH-26MAR27,0.5887,-0.87941,3.63977,0.0,0.0,0.028000000000000025,ETH,2422.03,0.0
2026-09-10T13:30:52.712943+00:00,ETH-25SEP26-1600-C,2426.31,ETH-25SEP26,call,1600.0,2026-09-25T08:00:00+00:00,0.04043866729589703,0.339,0.3425,0.340969,0.34075,2426.31,ETH-25SEP26,0.8711,0.99309,0.09396,3418.0,0.0,0.003500000000000003,ETH,2422.03,0.0
2026-09-10T13:30:52.712943+00:00,ETH-27NOV26-4200-P,2439.61,ETH-27NOV26,put,4200.0,2026-11-27T08:00:00+00:00,0.21292326688521943,0.721,0.734,0.726643,0.7275,2439.61,ETH-27NOV26,0.6426999999999999,-0.95383,1.08946,0.0,0.0,0.013000000000000012,ETH,2422.03,0.0
2026-09-10T13:30:52.712943+00:00,ETH-27NOV26-1600-P,2439.61,ETH-27NOV26,put,1600.0,2026-11-27T08:00:00+00:00,0.21292326688521943,0.0075,0.0085,0.007889,0.008,2439.61,ETH-27NOV26,0.6345000000000001,-0.05632,1.2762,59.0,0.0,0.0010000000000000009,ETH,2422.03,0.0
2026-09-10T13:30:52.712943+00:00,ETH-27NOV26-2300-P,2439.61,ETH-27NOV26,put,2300.0,2026-11-27T08:00:00+00:00,0.21292326688521943,0.0685,0.0695,0.069085,0.069,2439.61,ETH-27NOV26,0.5324,-0.35858,4.20673,302.0,1.0,0.0010000000000000009,ETH,2422.03,141.6
2026-09-10T13:30:52.712943+00:00,ETH-26MAR27-3000-P,2469.77,ETH-26MAR27,put,3000.0,2027-03-26T08:00:00+00:00,0.5387275105539395,0.301,0.3095,0.304566,0.30525,2469.77,ETH-26MAR27,0.5509000000000001,-0.60982,6.95781,370.0,0.0,0.008500000000000008,ETH,2422.03,0.0
2026-09-10T13:30:52.712943+00:00,ETH-25DEC26-5200-P,2446.4,ETH-25DEC26,put,5200.0,2026-12-25T08:00:00+00:00,0.28958308892491824,1.119,1.144,1.12883,1.1315,2446.4,ETH-25DEC26,0.6637000000000001,-0.97333,0.81233,0.0,0.0,0.02499999999999991,ETH,2422.1,0.0
2026-09-10T13:30:52.712943+00:00,ETH-25JUN27-3900-P,2496.79,ETH-25JUN27,put,3900.0,2027-06-25T08:00:00+00:00,0.7878719321829607,0.6205,0.64,0.62602,0.63025,2496.79,ETH-25JUN27,0.5683,-0.73624,7.24334,0.0,0.0,0.019499999999999962,ETH,2422.1,0.0
2026-09-10T13:30:52.712943+00:00,ETH-25DEC26-4800-C,2446.9,ETH-25DEC26,call,4800.0,2026-12-25T08:00:00+00:00,0.28958308892491824,0.0043,0.0048,0.004591,0.00455,2446.9,ETH-25DEC26,0.6409999999999999,0.03744,1.07529,2708.0,0.0,0.0004999999999999996,ETH,2422.1,0.0
2026-09-10T13:30:52.712943+00:00,ETH-25JUN27-4400-C,2496.79,ETH-25JUN27,call,4400.0,2027-06-25T08:00:00+00:00,0.7878719321829607,0.0445,0.0455,0.04497,0.045,2496.79,ETH-25JUN27,0.5763,0.19721,6.15359,173.0,0.0,0.0010000000000000009,ETH,2422.1,0.0
2026-09-10T13:30:52.712943+00:00,ETH-25JUN27-2000-P,2497.29,ETH-25JUN27,put,2000.0,2027-06-25T08:00:00+00:00,0.7878719321829607,0.095,0.097,0.096083,0.096,2497.29,ETH-25JUN27,0.5668,-0.24432,6.95886,1803.0,3.0,0.0020000000000000018,ETH,2422.29,669.36
2026-09-10T13:30:52.712943+00:00,ETH-11SEP26-2480-C,2422.33,ETH-11SEP26,call,2480.0,2026-09-11T08:00:00+00:00,0.002108756276047608,0.0019,0.0022,0.002001,0.00205,2422.33,ETH-11SEP26,0.5174,0.16136,0.2718,475.0,256.0,0.00030000000000000014,ETH,2422.29,3934.79
2026-09-10T13:30:52.712943+00:00,ETH-13SEP26-2340-C,2422.51,ETH-13SEP26,call,2340.0,2026-09-13T08:00:00+00:00,0.007584457850311811,0.0375,0.04,0.038837,0.03875,2422.51,ETH-13SEP26,0.4829,0.8005,0.58967,0.0,0.0,0.0025000000000000022,ETH,2422.29,0.0
2026-09-10T13:30:52.712943+00:00,ETH-25SEP26-2050-C,2426.31,ETH-25SEP26,call,2050.0,2026-09-25T08:00:00+00:00,0.04043866729589703,0.157,0.161,0.158906,0.159,2426.31,ETH-25SEP26,0.5899,0.9304,0.65234,19.0,0.0,0.0040000000000000036,ETH,2422.29,0.0
2026-09-10T13:30:52.712943+00:00,ETH-11SEP26-2540-P,2422.33,ETH-11SEP26,put,2540.0,2026-09-11T08:00:00+00:00,0.002108756276047608,0.0465,0.0525,0.049286,0.0495,2422.33,ETH-11SEP26,0.6001,-0.95711,0.1013,18.0,0.0,0.005999999999999998,ETH,2422.29,0.0
2026-09-10T13:30:52.712943+00:00,ETH-25DEC26-2700-P,2446.9,ETH-25DEC26,put,2700.0,2026-12-25T08:00:00+00:00,0.28958308892491824,0.178,0.1795,0.178975,0.17875,2446.9,ETH-25DEC26,0.5339,-0.57914,5.1498,1173.0,122.0,0.0015000000000000013,ETH,2422.13,49515.42
2026-09-10T13:30:52.712943+00:00,ETH-25SEP26-7500-C,2426.28,ETH-25SEP26,call,7500.0,2026-09-25T08:00:00+00:00,0.04043866729589703,,0.0001,0.0,,2426.28,ETH-25SEP26,1.1895,0.0,5e-05,2159.0,0.0,,ETH,2422.29,0.0
2026-09-10T13:30:52.712943+00:00,ETH-25SEP26-6800-P,2426.31,ETH-25SEP26,put,6800.0,2026-09-25T08:00:00+00:00,0.04043866729589703,1.7945,1.812,1.802541,1.80325,2426.31,ETH-25SEP26,1.1226,-1.0,0.0001,0.0,0.0,0.01750000000000007,ETH,2422.29,0.0
2026-09-10T13:30:52.712943+00:00,ETH-14SEP26-2300-C,2422.83,ETH-14SEP26,call,2300.0,2026-09-14T08:00:00+00:00,0.01032230863744391,0.052,0.056,0.054192,0.054,2422.83,ETH-14SEP26,0.4797,0.86232,0.54168,0.0,0.0,0.0040000000000000036,ETH,2422.13,0.0
2026-09-10T13:30:52.712943+00:00,ETH-12SEP26-2420-C,2422.17,ETH-12SEP26,call,2420.0,2026-09-12T08:00:00+00:00,0.00484660706317971,0.0145,0.016,0.015294,0.01525,2422.17,ETH-12SEP26,0.5343,0.51641,0.67193,210.0,261.0,0.0014999999999999996,ETH,2422.13,11546.44
2026-09-10T13:30:52.712943+00:00,ETH-27NOV26-2650-P,2439.6,ETH-27NOV26,put,2650.0,2026-11-27T08:00:00+00:00,0.21292326688521943,0.1505,0.152,0.151357,0.15125,2439.6,ETH-27NOV26,0.5351,-0.58381,4.39275,111.0,0.0,0.0015000000000000013,ETH,2422.13,0.0
2026-09-10T13:30:52.712943+00:00,ETH-13SEP26-2900-P,2422.47,ETH-13SEP26,put,2900.0,2026-09-13T08:00:00+00:00,0.007584457850311811,0.1935,0.201,0.197298,0.19725,2422.47,ETH-13SEP26,0.7887000000000001,-0.99513,0.02978,0.0,0.0,0.007500000000000007,ETH,2422.13,0.0
2026-09-10T13:30:52.712943+00:00,ETH-25DEC26-7000-C,2446.9,ETH-25DEC26,call,7000.0,2026-12-25T08:00:00+00:00,0.28958308892491824,0.0007,0.0011,0.000848,0.0009,2446.9,ETH-25DEC26,0.7393000000000001,0.00728,0.26568,3002.0,0.0,0.0004000000000000001,ETH,2421.7,0.0
2026-09-10T13:30:52.712943+00:00,ETH-2OCT26-2450-C,2427.56,ETH-2OCT26,call,2450.0,2026-10-02T08:00:00+00:00,0.05960362280582174,0.045,0.046,0.045684,0.0455,2427.56,ETH-2OCT26,0.513,0.49548,2.36478,0.0,0.0,0.0010000000000000009,ETH,2422.13,0.0
2026-09-10T13:30:52.712943+00:00,ETH-25SEP26-2250-P,2426.31,ETH-25SEP26,put,2250.0,2026-09-25T08:00:00+00:00,0.04043866729589703,0.014,0.0145,0.01432,0.01425,2426.31,ETH-25SEP26,0.5275,-0.22299,1.45595,4585.0,136.0,0.0005000000000000004,ETH,2421.7,4872.64
2026-09-10T13:30:52.712943+00:00,ETH-11SEP26-2350-C,2421.83,ETH-11SEP26,call,2350.0,2026-09-11T08:00:00+00:00,0.002108756276047608,0.0285,0.033,0.030806,0.03075,2421.83,ETH-11SEP26,0.5196000000000001,0.89838,0.19725,275.0,68.0,0.0045000000000000005,ETH,2421.7,8406.49
2026-09-10T13:30:52.712943+00:00,ETH-2OCT26-2600-C,2427.56,ETH-2OCT26,call,2600.0,2026-10-02T08:00:00+00:00,0.05960362280582174,0.024,0.025,0.024869,0.0245,2427.56,ETH-2OCT26,0.5257999999999999,0.31827,2.11472,0.0,0.0,0.0010000000000000009,ETH,2421.7,0.0
2026-09-10T13:30:52.712943+00:00,ETH-14SEP26-2800-P,2422.83,ETH-14SEP26,put,2800.0,2026-09-14T08:00:00+00:00,0.01032230863744391,0.1525,0.1595,0.155969,0.156,2422.83,ETH-14SEP26,0.6416,-0.98575,0.08916,0.0,0.0,0.007000000000000006,ETH,2421.7,0.0
2026-09-10T13:30:52.712943+00:00,ETH-25DEC26-1800-P,2446.9,ETH-25DEC26,put,1800.0,2026-12-25T08:00:00+00:00,0.28958308892491824,0.022,0.023,0.022476,0.0225,2446.9,ETH-25DEC26,0.5764,-0.1265,2.73281,5256.0,0.0,0.0010000000000000009,ETH,2421.51,0.0
2026-09-10T13:30:52.712943+00:00,ETH-18SEP26-3000-C,2424.12,ETH-18SEP26,call,3000.0,2026-09-18T08:00:00+00:00,0.021273711785972316,0.0007,0.001,0.000812,0.00085,2424.12,ETH-18SEP26,0.7068000000000001,0.02188,0.1847,1117.0,10.0,0.00030000000000000003,ETH,2421.51,20.53
2026-09-10T13:30:52.712943+00:00,ETH-27NOV26-3600-C,2439.57,ETH-27NOV26,call,3600.0,2026-11-27T08:00:00+00:00,0.21292326688521943,0.011,0.012,0.011535,0.0115,2439.57,ETH-27NOV26,0.5929,0.09926,1.96519,1843.0,0.0,0.0010000000000000009,ETH,2421.51,0.0
2026-09-10T13:30:52.712943+00:00,ETH-25JUN27-1400-P,2497.29,ETH-25JUN27,put,1400.0,2027-06-25T08:00:00+00:00,0.7878719321829607,0.03,0.0315,0.030573,0.03075,2497.29,ETH-25JUN27,0.6212,-0.09274,3.68002,1801.0,0.0,0.0015000000000000013,ETH,2421.51,0.0
2026-09-10T13:30:52.712943+00:00,ETH-25JUN27-1600-C,2497.29,ETH-25JUN27,call,1600.0,2027-06-25T08:00:00+00:00,0.7878719321829607,0.398,0.4105,0.40552,0.40425,2497.29,ETH-25JUN27,0.5959,0.86545,4.80132,379.0,0.0,0.012499999999999956,ETH,2421.51,0.0
2026-09-10T13:30:52.712943+00:00,ETH-27NOV26-2950-C,2439.57,ETH-27NOV26,call,2950.0,2026-11-27T08:00:00+00:00,0.21292326688521943,0.0355,0.0365,0.036228,0.036,2439.57,ETH-27NOV26,0.5478999999999999,0.26579,3.69321,463.0,1.0,0.0010000000000000009,ETH,2421.51,112.42
2026-09-10T13:30:52.712943+00:00,ETH-27NOV26-2750-C,2439.57,ETH-27NOV26,call,2750.0,2026-11-27T08:00:00+00:00,0.21292326688521943,0.053,0.054,0.053462,0.0535,2439.57,ETH-27NOV26,0.5385,0.36,4.21197,757.0,0.0,0.0010000000000000009,ETH,2421.51,0.0
2026-09-10T13:30:52.712943+00:00,ETH-25DEC26-5000-C,2446.4,ETH-25DEC26,call,5000.0,2026-12-25T08:00:00+00:00,0.28958308892491824,0.0035,0.004,0.003808,0.00375,2446.4,ETH-25DEC26,0.6518999999999999,0.03126,0.92687,4245.0,17.0,0.0005,ETH,2421.55,188.43
2026-09-10T13:30:52.712943+00:00,ETH-26MAR27-2900-P,2469.74,ETH-26MAR27,put,2900.0,2027-03-26T08:00:00+00:00,0.5387275105539395,0.2725,0.2775,0.274328,0.275,2469.74,ETH-26MAR27,0.5495,-0.57808,7.0933,242.0,18.0,0.0050000000000000044,ETH,2421.55,11080.05
2026-09-10T13:30:52.712943+00:00,ETH-25JUN27-4500-C,2497.29,ETH-25JUN27,call,4500.0,2027-06-25T08:00:00+00:00,0.7878719321829607,0.0415,0.0425,0.042133,0.042,2497.29,ETH-25JUN27,0.5784,0.18648,5.94534,1429.0,137.0,0.0010000000000000009,ETH,2421.55,15055.23
2026-09-10T13:30:52.712943+00:00,ETH-25SEP26-4500-C,2426.28,ETH-25SEP26,call,4500.0,2026-09-25T08:00:00+00:00,0.04043866729589703,,0.0002,5.7e-05,,2426.28,ETH-25SEP26,0.9712999999999999,0.00109,0.01773,8189.0,11.0,,ETH,2421.55,5.24
2026-09-10T13:30:52.712943+00:00,ETH-25SEP26-2750-P,2426.31,ETH-25SEP26,put,2750.0,2026-09-25T08:00:00+00:00,0.04043866729589703,0.1385,0.144,0.141571,0.14125,2426.31,ETH-25SEP26,0.5626,-0.85398,1.11731,0.0,0.0,0.005499999999999977,ETH,2421.55,0.0
2026-09-10T13:30:52.712943+00:00,ETH-27NOV26-2900-C,2439.61,ETH-27NOV26,call,2900.0,2026-11-27T08:00:00+00:00,0.21292326688521943,0.039,0.0405,0.039939,0.03975,2439.61,ETH-27NOV26,0.5454,0.28705,3.83499,161.0,1.0,0.0015000000000000013,ETH,2421.55,124.21
2026-09-10T13:30:52.712943+00:00,ETH-26MAR27-4400-P,2469.77,ETH-26MAR27,put,4400.0,2027-03-26T08:00:00+00:00,0.5387275105539395,0.793,0.8195,0.805089,0.80625,2469.77,ETH-26MAR27,0.5855,-0.87055,3.82376,2.0,0.0,0.026499999999999968,ETH,2421.55,0.0
2026-09-10T13:30:52.712943+00:00,ETH-30OCT26-1600-P,2433.02,ETH-30OCT26,put,1600.0,2026-10-30T08:00:00+00:00,0.13626344484552058,0.0033,0.0037,0.003429,0.0035,2433.02,ETH-30OCT26,0.6601,-0.03288,0.65933,2100.0,1.0,0.0004000000000000002,ETH,2421.85,8.71
2026-09-10T13:30:52.712943+00:00,ETH-25JUN27-4200-C,2497.29,ETH-25JUN27,call,4200.0,2027-06-25T08:00:00+00:00,0.7878719321829607,0.051,0.052,0.051545,0.0515,2497.29,ETH-25JUN27,0.5727,0.22102,6.58053,582.0,168.0,0.0010000000000000009,ETH,2421.85,24126.43
2026-09-10T13:30:52.712943+00:00,ETH-25SEP26-7000-C,2426.28,ETH-25SEP26,call,7000.0,2026-09-25T08:00:00+00:00,0.04043866729589703,,0.0001,0.0,,2426.28,ETH-25SEP26,1.1281999999999999,0.0,6e-05,2135.0,0.0,,ETH,2421.85,0.0
2026-09-10T13:30:52.712943+00:00,ETH-27NOV26-2500-P,2439.61,ETH-27NOV26,put,2500.0,2026-11-27T08:00:00+00:00,0.21292326688521943,0.111,0.112,0.111591,0.1115,2439.61,ETH-27NOV26,0.531,-0.49117,4.49066,483.0,50.0,0.0010000000000000009,ETH,2421.85,12178.1
2026-09-10T13:30:52.712943+00:00,ETH-25SEP26-11000-P,2426.31,ETH-25SEP26,put,11000.0,2026-09-25T08:00:00+00:00,0.04043866729589703,3.5195,3.55,3.53369,3.53475,2426.31,ETH-25SEP26,1.5529,-1.0,3e-05,0.0,0.0,0.03049999999999997,ETH,2421.85,0.0
2026-09-10T13:30:52.712943+00:00,ETH-11SEP26-2250-C,2421.83,ETH-11SEP26,call,2250.0,2026-09-11T08:00:00+00:00,0.002108756276047608,0.068,0.074,0.071093,0.071,2421.83,ETH-11SEP26,0.7263,0.98666,0.03803,279.0,0.0,0.0059999999999999915,ETH,2422.13,0.0
2026-09-10T13:30:52.712943+00:00,ETH-18SEP26-2650-C,2424.62,ETH-18SEP26,call,2650.0,2026-09-18T08:00:00+00:00,0.021273711785972316,0.006,0.0065,0.006187,0.00625,2424.62,ETH-18SEP26,0.5665,0.14967,0.82328,1857.0,316.0,0.0004999999999999996,ETH,2422.13,9850.74
2026-09-10T13:30:52.712943+00:00,ETH-25SEP26-3300-P,2426.31,ETH-25SEP26,put,3300.0,2026-09-25T08:00:00+00:00,0.04043866729589703,0.357,0.365,0.361028,0.361,2426.31,ETH-25SEP26,0.7095,-0.98147,0.22145,3.0,0.0,0.008000000000000007,ETH,2422.13,0.0
2026-09-10T13:30:52.712943+00:00,ETH-26MAR27-1000-C,2469.77,ETH-26MAR27,call,1000.0,2027-03-26T08:00:00+00:00,0.5387275105539395,0.5995,0.603,0.601977,0.60125,2469.77,ETH-26MAR27,0.7441,0.97306,1.12811,269.0,0.0,0.0034999999999999476,ETH,2422.13,0.0
2026-09-10T13:30:52.712943+00:00,ETH-25JUN27-3300-C,2497.29,ETH-25JUN27,call,3300.0,2027-06-25T08:00:00+00:00,0.7878719321829607,0.0995,0.102,0.101083,0.10075,2497.29,ETH-25JUN27,0.5602,0.37735,8.42168,2273.0,0.0,0.0024999999999999883,ETH,2421.86,0.0
2026-09-10T13:30:52.712943+00:00,ETH-27NOV26-4000-C,2439.57,ETH-27NOV26,call,4000.0,2026-11-27T08:00:00+00:00,0.21292326688521943,0.006,0.007,0.006464,0.0065,2439.57,ETH-27NOV26,0.6248,0.05812,1.30812,972.0,0.0,0.001,ETH,2422.13,0.0
2026-09-10T13:30:52.712943+00:00,ETH-11SEP26-2420-P,2422.33,ETH-11SEP26,put,2420.0,2026-09-11T08:00:00+00:00,0.002108756276047608,0.007,0.0085,0.008156,0.00775,2422.33,ETH-11SEP26,0.466,-0.48277,0.44276,1779.0,1328.0,0.0015000000000000005,ETH,2421.86,17787.37
2026-09-10T13:30:52.712943+00:00,ETH-25JUN27-1500-C,2497.29,ETH-25JUN27,call,1500.0,2027-06-25T08:00:00+00:00,0.7878719321829607,0.4315,0.4415,0.437033,0.4365,2497.29,ETH-25JUN27,0.6076,0.88761,4.23271,50.0,0.0,0.010000000000000009,ETH,2421.86,0.0
2026-09-10T13:30:52.712943+00:00,ETH-25SEP26-8000-C,2426.28,ETH-25SEP26,call,8000.0,2026-09-25T08:00:00+00:00,0.04043866729589703,,0.0001,0.0,,2426.28,ETH-25SEP26,1.2502,0.0,5e-05,1654.0,0.0,,ETH,2421.86,0.0
2026-09-10T13:30:52.712943+00:00,ETH-25DEC26-6500-P,2446.9,ETH-25DEC26,put,6500.0,2026-12-25T08:00:00+00:00,0.28958308892491824,1.6455,1.678,1.658233,1.66175,2446.9,ETH-25DEC26,0.7247,-0.98956,0.3643,0.0,0.0,0.03249999999999997,ETH,2421.86,0.0
2026-09-10T13:30:52.712943+00:00,ETH-14SEP26-2380-C,2422.83,ETH-14SEP26,call,2380.0,2026-09-14T08:00:00+00:00,0.01032230863744391,0.027,0.029,0.028244,0.028,2422.83,ETH-14SEP26,0.4487,0.65925,0.90261,0.0,0.0,0.0020000000000000018,ETH,2421.86,0.0
2026-09-10T13:30:52.712943+00:00,ETH-25SEP26-4200-P,2426.31,ETH-25SEP26,put,4200.0,2026-09-25T08:00:00+00:00,0.04043866729589703,0.726,0.7365,0.731128,0.73125,2426.31,ETH-25SEP26,0.9012,-0.99834,0.02606,551.0,0.0,0.010500000000000065,ETH,2421.86,0.0
2026-09-10T13:30:52.712943+00:00,ETH-26MAR27-3600-C,2469.77,ETH-26MAR27,call,3600.0,2027-03-26T08:00:00+00:00,0.5387275105539395,0.0475,0.0495,0.048568,0.0485,2469.77,ETH-26MAR27,0.5636,0.2406,5.64353,2292.0,0.0,0.0020000000000000018,ETH,2421.52,0.0
2026-09-10T13:30:52.712943+00:00,ETH-26MAR27-3400-P,2469.77,ETH-26MAR27,put,3400.0,2027-03-26T08:00:00+00:00,0.5387275105539395,0.4315,0.4455,0.435882,0.4385,2469.77,ETH-26MAR27,0.5587,-0.71731,6.13083,6.0,0.0,0.014000000000000012,ETH,2421.52,0.0
2026-09-10T13:30:52.712943+00:00,ETH-14SEP26-2500-P,2422.83,ETH-14SEP26,put,2500.0,2026-09-14T08:00:00+00:00,0.01032230863744391,0.038,0.041,0.039155,0.0395,2422.83,ETH-14SEP26,0.466,-0.7406,0.79728,0.0,0.0,0.0030000000000000027,ETH,2421.52,0.0
2026-09-10T13:30:52.712943+00:00,ETH-12SEP26-2200-C,2422.17,ETH-12SEP26,call,2200.0,2026-09-12T08:00:00+00:00,0.00484660706317971,0.09,0.094,0.092239,0.092,2422.17,ETH-12SEP26,0.7387999999999999,0.97065,0.11259,0.0,0.0,0.0040000000000000036,ETH,2421.52,0.0
2026-09-10T13:30:52.712943+00:00,ETH-12SEP26-2500-C,2422.2,ETH-12SEP26,call,2500.0,2026-09-12T08:00:00+00:00,0.00484660706317971,0.0043,0.0049,0.004703,0.0046,2422.2,ETH-12SEP26,0.5616,0.21253,0.48912,121.0,137.0,0.0005999999999999998,ETH,2421.52,3037.49
2026-09-10T13:30:52.712943+00:00,ETH-30OCT26-1400-C,2433.52,ETH-30OCT26,call,1400.0,2026-10-30T08:00:00+00:00,0.13626344484552058,0.4235,0.4275,0.426196,0.4255,2433.52,ETH-30OCT26,0.7389,0.98466,0.34677,50.0,0.0,0.0040000000000000036,ETH,2421.71,0.0
2026-09-10T13:30:52.712943+00:00,ETH-25DEC26-2600-C,2446.9,ETH-25DEC26,call,2600.0,2026-12-25T08:00:00+00:00,0.28958308892491824,0.088,0.0895,0.088655,0.08875,2446.9,ETH-25DEC26,0.532,0.47201,5.23971,9912.0,91.0,0.0015000000000000013,ETH,2421.71,21907.62
2026-09-10T13:30:52.712943+00:00,ETH-25JUN27-2400-C,2497.29,ETH-25JUN27,call,2400.0,2027-06-25T08:00:00+00:00,0.7878719321829607,0.21,0.213,0.211606,0.2115,2497.29,ETH-25JUN27,0.5573,0.62812,8.38244,907.0,0.0,0.0030000000000000027,ETH,2421.71,0.0
2026-09-10T13:30:52.712943+00:00,ETH-12SEP26-2660-P,2422.17,ETH-12SEP26,put,2660.0,2026-09-12T08:00:00+00:00,0.00484660706317971,0.0955,0.102,0.0987,0.09875,2422.17,ETH-12SEP26,0.6754000000000001,-0.97578,0.09592,0.0,0.0,0.006499999999999992,ETH,2421.71,0.0
2026-09-10T13:30:52.712943+00:00,ETH-25JUN27-5000-C,2497.29,ETH-25JUN27,call,5000.0,2027-06-25T08:00:00+00:00,0.7878719321829607,0.0305,0.0315,0.030786,0.031,2497.29,ETH-25JUN27,0.5879,0.14241,4.99074,2441.0,62.0,0.0010000000000000009,ETH,2421.71,4671.21
2026-09-10T13:30:52.712943+00:00,ETH-25JUN27-2500-P,2497.29,ETH-25JUN27,put,2500.0,2027-06-25T08:00:00+00:00,0.7878719321829607,0.1945,0.1975,0.19594,0.196,2497.29,ETH-25JUN27,0.5565,-0.40376,8.58217,1614.0,4.0,0.0030000000000000027,ETH,2421.2,1831.55
2026-09-10T13:30:52.712943+00:00,ETH-18SEP26-2100-C,2424.12,ETH-18SEP26,call,2100.0,2026-09-18T08:00:00+00:00,0.021273711785972316,0.1335,0.1375,0.135723,0.1355,2424.12,ETH-18SEP26,0.6193,0.94841,0.37385,0.0,0.0,0.0040000000000000036,ETH,2421.2,0.0
2026-09-10T13:30:52.712943+00:00,ETH-30OCT26-1850-P,2433.02,ETH-30OCT26,put,1850.0,2026-10-30T08:00:00+00:00,0.13626344484552058,0.0085,0.0095,0.009115,0.009,2433.02,ETH-30OCT26,0.5846,-0.08435,1.38971,1325.0,5.0,0.0009999999999999992,ETH,2421.2,102.14
2026-09-10T13:30:52.712943+00:00,ETH-13SEP26-2480-P,2422.51,ETH-13SEP26,put,2480.0,2026-09-13T08:00:00+00:00,0.007584457850311811,0.03,0.0325,0.031114,0.03125,2422.51,ETH-13SEP26,0.4733,-0.71193,0.71955,46.0,45.0,0.0025000000000000022,ETH,2421.2,1642.98
2026-09-10T13:30:52.712943+00:00,ETH-18SEP26-2400-C,2424.12,ETH-18SEP26,call,2400.0,2026-09-18T08:00:00+00:00,0.021273711785972316,0.0345,0.036,0.03521,0.03525,2424.12,ETH-18SEP26,0.5176,0.56642,1.39092,212.0,0.0,0.0014999999999999944,ETH,2421.2,0.0
2026-09-10T13:30:52.712943+00:00,ETH-25SEP26-2650-P,2426.31,ETH-25SEP26,put,2650.0,2026-09-25T08:00:00+00:00,0.04043866729589703,0.1035,0.108,0.105546,0.10575,2426.31,ETH-25SEP26,0.5398,-0.77652,1.45779,0.0,0.0,0.004500000000000004,ETH,2421.2,0.0
2026-09-10T13:30:52.712943+00:00,ETH-2OCT26-2700-P,2427.56,ETH-2OCT26,put,2700.0,2026-10-02T08:00:00+00:00,0.05960362280582174,0.1255,0.133,0.1286,0.12925,2427.56,ETH-2OCT26,0.5381,-0.77255,1.78811,0.0,0.0,0.007500000000000007,ETH,2421.2,0.0
2026-09-10T13:30:52.712943+00:00,ETH-14SEP26-2560-C,2422.83,ETH-14SEP26,call,2560.0,2026-09-14T08:00:00+00:00,0.01032230863744391,0.0032,0.0037,0.003588,0.00345,2422.83,ETH-14SEP26,0.4951,0.14058,0.54924,0.0,0.0,0.0005,ETH,2421.34,0.0
2026-09-10T13:30:52.712943+00:00,ETH-25DEC26-4200-C,2446.9,ETH-25DEC26,call,4200.0,2026-12-25T08:00:00+00:00,0.28958308892491824,0.008,0.009,0.008581,0.0085,2446.9,ETH-25DEC26,0.6058,0.06741,1.71699,5340.0,5.0,0.0009999999999999992,ETH,2421.34,138.07
2026-09-10T13:30:52.712943+00:00,ETH-14SEP26-2280-P,2422.83,ETH-14SEP26,put,2280.0,2026-09-14T08:00:00+00:00,0.01032230863744391,0.0025,0.0029,0.002688,0.0027,2422.83,ETH-14SEP26,0.4949,-0.11036,0.46377,20.0,20.0,0.00039999999999999975,ETH,2421.34,68.97
2026-09-10T13:30:52.712943+00:00,ETH-30OCT26-2550-C,2433.52,ETH-30OCT26,call,2550.0,2026-10-30T08:00:00+00:00,0.13626344484552058,0.0565,0.0575,0.056985,0.057,2433.52,ETH-30OCT26,0.5227,0.44095,3.54366,1847.0,430.0,0.0010000000000000009,ETH,2421.34,69909.14
2026-09-10T13:30:52.712943+00:00,ETH-25SEP26-8500-C,2426.31,ETH-25SEP26,call,8500.0,2026-09-25T08:00:00+00:00,0.04043866729589703,,0.0001,0.0,,2426.31,ETH-25SEP26,1.3075,0.0,4e-05,1699.0,0.0,,ETH,2421.34,0.0
2026-09-10T13:30:52.712943+00:00,ETH-27NOV26-2600-C,2439.61,ETH-27NOV26,call,2600.0,2026-11-27T08:00:00+00:00,0.21292326688521943,0.071,0.0725,0.071699,0.07175,2439.61,ETH-27NOV26,0.5335,0.44547,4.44861,585.0,501.0,0.0015000000000000013,ETH,2421.21,97909.34
2026-09-10T13:30:52.712943+00:00,ETH-26MAR27-5000-P,2469.77,ETH-26MAR27,put,5000.0,2027-03-26T08:00:00+00:00,0.5387275105539395,1.0255,1.057,1.039395,1.04125,2469.77,ETH-26MAR27,0.6043999999999999,-0.91439,2.83592,0.0,0.0,0.03149999999999986,ETH,2421.21,0.0
2026-09-10T13:30:52.712943+00:00,ETH-25SEP26-4500-P,2426.31,ETH-25SEP26,put,4500.0,2026-09-25T08:00:00+00:00,0.04043866729589703,0.8495,0.8605,0.854748,0.855,2426.31,ETH-25SEP26,0.9712999999999999,-0.99891,0.01772,6.0,0.0,0.01100000000000001,ETH,2421.21,0.0
2026-09-10T13:30:52.712943+00:00,ETH-12SEP26-2700-C,2422.17,ETH-12SEP26,call,2700.0,2026-09-12T08:00:00+00:00,0.00484660706317971,0.0002,0.0004,0.000242,0.0003,2422.17,ETH-12SEP26,0.7045999999999999,0.01402,0.06021,345.0,344.0,0.0002,ETH,2421.21,441.27
2026-09-10T13:30:52.712943+00:00,ETH-30OCT26-3200-C,2433.52,ETH-30OCT26,call,3200.0,2026-10-30T08:00:00+00:00,0.13626344484552058,0.0105,0.0115,0.011271,0.011,2433.52,ETH-30OCT26,0.5751,0.11772,1.77233,6860.0,2240.0,0.0009999999999999992,ETH,2421.17,90842.01
2026-09-10T13:30:52.712943+00:00,ETH-18SEP26-2000-C,2424.12,ETH-18SEP26,call,2000.0,2026-09-18T08:00:00+00:00,0.021273711785972316,0.174,0.1775,0.176015,0.17575,2424.12,ETH-18SEP26,0.6973999999999999,0.97345,0.2173,18.0,0.0,0.003500000000000003,ETH,2421.17,0.0
2026-09-10T13:30:52.712943+00:00,ETH-26MAR27-800-C,2469.74,ETH-26MAR27,call,800.0,2027-03-26T08:00:00+00:00,0.5387275105539395,0.677,0.682,0.679689,0.6795,2469.74,ETH-26MAR27,0.8088,0.9859,0.65076,0.0,0.0,0.0050000000000000044,ETH,2421.17,0.0
2026-09-10T13:30:52.712943+00:00,ETH-26MAR27-4400-C,2469.77,ETH-26MAR27,call,4400.0,2027-03-26T08:00:00+00:00,0.5387275105539395,0.0225,0.024,0.023424,0.02325,2469.77,ETH-26MAR27,0.5855,0.12938,3.82197,1063.0,0.0,0.0015000000000000013,ETH,2421.17,0.0
2026-09-10T13:30:52.712943+00:00,ETH-25DEC26-3000-P,2446.4,ETH-25DEC26,put,3000.0,2026-12-25T08:00:00+00:00,0.28958308892491824,0.2695,0.279,0.272333,0.27425,2446.4,ETH-25DEC26,0.5424,-0.71023,4.50437,781.0,0.0,0.009500000000000008,ETH,2421.17,0.0
2026-09-10T13:30:52.712943+00:00,ETH-25SEP26-2500-P,2426.31,ETH-25SEP26,put,2500.0,2026-09-25T08:00:00+00:00,0.04043866729589703,0.058,0.0595,0.059138,0.05875,2426.31,ETH-25SEP26,0.5185,-0.59443,1.89144,4580.0,188.0,0.0014999999999999944,ETH,2421.17,23370.17
2026-09-10T13:30:52.712943+00:00,ETH-25SEP26-13000-C,2426.28,ETH-25SEP26,call,13000.0,2026-09-25T08:00:00+00:00,0.04043866729589703,,0.0001,0.0,,2426.28,ETH-25SEP26,1.7075,0.0,3e-05,3307.0,0.0,,ETH,2421.17,0.0
2026-09-10T13:30:52.712943+00:00,ETH-25SEP26-7200-P,2426.28,ETH-25SEP26,put,7200.0,2026-09-25T08:00:00+00:00,0.04043866729589703,1.959,1.9765,1.967396,1.96775,2426.28,ETH-25SEP26,1.1496,-1.0,5e-05,0.0,0.0,0.01749999999999985,ETH,2421.17,0.0
2026-09-10T13:30:52.712943+00:00,ETH-25JUN27-1900-P,2497.29,ETH-25JUN27,put,1900.0,2027-06-25T08:00:00+00:00,0.7878719321829607,0.08,0.082,0.081143,0.081,2497.29,ETH-25JUN27,0.5717,-0.21437,6.46491,3373.0,0.0,0.0020000000000000018,ETH,2421.53,0.0
2026-09-10T13:30:52.712943+00:00,ETH-27NOV26-3400-P,2439.61,ETH-27NOV26,put,3400.0,2026-11-27T08:00:00+00:00,0.21292326688521943,0.4055,0.4175,0.409689,0.4115,2439.61,ETH-27NOV26,0.5782,-0.86692,2.41995,0.0,0.0,0.011999999999999955,ETH,2421.53,0.0
2026-09-10T13:30:52.712943+00:00,ETH-12SEP26-2580-C,2422.17,ETH-12SEP26,call,2580.0,2026-09-12T08:00:00+00:00,0.00484660706317971,0.0012,0.0016,0.001376,0.0014,2422.17,ETH-12SEP26,0.6152000000000001,0.07216,0.23162,1128.0,201.0,0.0004000000000000002,ETH,2421.53,1383.98
2026-09-10T13:30:52.712943+00:00,ETH-25DEC26-4500-C,2446.4,ETH-25DEC26,call,4500.0,2026-12-25T08:00:00+00:00,0.28958308892491824,0.0055,0.0065,0.006075,0.006,2446.4,ETH-25DEC26,0.6217,0.04898,1.33562,3051.0,0.0,0.001,ETH,2421.72,0.0
2026-09-10T13:30:52.712943+00:00,ETH-30OCT26-1000-P,2433.52,ETH-30OCT26,put,1000.0,2026-10-30T08:00:00+00:00,0.13626344484552058,0.0002,0.0005,0.000351,0.00035,2433.52,ETH-30OCT26,0.9364,-0.00303,0.08295,1893.0,3.0,0.00030000000000000003,ETH,2421.72,1.48
2026-09-10T13:30:52.712943+00:00,ETH-14SEP26-2640-P,2422.83,ETH-14SEP26,put,2640.0,2026-09-14T08:00:00+00:00,0.01032230863744391,0.088,0.0945,0.091179,0.09125,2422.83,ETH-14SEP26,0.5414,-0.93792,0.30108,0.0,0.0,0.006500000000000006,ETH,2421.72,0.0
2026-09-10T13:30:52.712943+00:00,ETH-12SEP26-2320-P,2422.2,ETH-12SEP26,put,2320.0,2026-09-12T08:00:00+00:00,0.00484660706317971,0.0026,0.003,0.002837,0.0028,2422.2,ETH-12SEP26,0.5767,-0.1382,0.37185,89.0,86.0,0.0004000000000000002,ETH,2421.72,344.28
2026-09-10T13:30:52.712943+00:00,ETH-25JUN27-1400-C,2497.29,ETH-25JUN27,call,1400.0,2027-06-25T08:00:00+00:00,0.7878719321829607,0.4645,0.474,0.46984,0.46925,2497.29,ETH-25JUN27,0.6212,0.90729,3.67953,50.0,0.0,0.009499999999999953,ETH,2421.72,0.0
2026-09-10T13:30:52.712943+00:00,ETH-26MAR27-2300-C,2469.77,ETH-26MAR27,call,2300.0,2027-03-26T08:00:00+00:00,0.5387275105539395,0.19,0.1925,0.191181,0.19125,2469.77,ETH-26MAR27,0.5497,0.64723,6.7348,7620.0,0.0,0.0025000000000000022,ETH,2421.72,0.0
2026-09-10T13:30:52.712943+00:00,ETH-25SEP26-6400-C,2426.28,ETH-25SEP26,call,6400.0,2026-09-25T08:00:00+00:00,0.04043866729589703,,0.0001,1e-06,,2426.28,ETH-25SEP26,1.114,1e-05,0.00027,2860.0,0.0,,ETH,2421.72,0.0
2026-09-10T13:30:52.712943+00:00,ETH-25DEC26-3500-P,2446.9,ETH-25DEC26,put,3500.0,2026-12-25T08:00:00+00:00,0.28958308892491824,0.447,0.4585,0.451902,0.45275,2446.9,ETH-25DEC26,0.5650999999999999,-0.84748,3.1044,62.0,0.0,0.01150000000000001,ETH,2421.88,0.0
2026-09-10T13:30:52.712943+00:00,ETH-26MAR27-6000-C,2469.77,ETH-26MAR27,call,6000.0,2027-03-26T08:00:00+00:00,0.5387275105539395,0.007,0.0085,0.007755,0.00775,2469.77,ETH-26MAR27,0.6346,0.04723,1.78667,5153.0,1.0,0.0015000000000000005,ETH,2421.88,23.87
2026-09-10T13:30:52.712943+00:00,ETH-11SEP26-2700-P,2421.83,ETH-11SEP26,put,2700.0,2026-09-11T08:00:00+00:00,0.002108756276047608,0.1115,0.118,0.114935,0.11475,2421.83,ETH-11SEP26,0.907,-0.99532,0.01515,1.0,0.0,0.006499999999999992,ETH,2421.88,0.0
2026-09-10T13:30:52.712943+00:00,ETH-13SEP26-2800-P,2422.5,ETH-13SEP26,put,2800.0,2026-09-13T08:00:00+00:00,0.007584457850311811,0.1525,0.1595,0.155974,0.156,2422.5,ETH-13SEP26,0.6907,-0.99137,0.04943,0.0,0.0,0.007000000000000006,ETH,2421.88,0.0
2026-09-10T13:30:52.712943+00:00,ETH-13SEP26-2200-C,2422.5,ETH-13SEP26,call,2200.0,2026-09-13T08:00:00+00:00,0.007584457850311811,0.09,0.0945,0.092622,0.09225,2422.5,ETH-13SEP26,0.6184000000000001,0.96493,0.16324,0.0,0.0,0.004500000000000004,ETH,2421.88,0.0
2026-09-10T13:30:52.712943+00:00,ETH-26MAR27-3500-P,2469.77,ETH-26MAR27,put,3500.0,2027-03-26T08:00:00+00:00,0.5387275105539395,0.4665,0.482,0.470752,0.47425,2469.77,ETH-26MAR27,0.5611999999999999,-0.739,5.89311,24.0,0.0,0.015499999999999958,ETH,2421.88,0.0
2026-09-10T13:30:52.712943+00:00,ETH-30OCT26-3400-P,2433.52,ETH-30OCT26,put,3400.0,2026-10-30T08:00:00+00:00,0.13626344484552058,0.401,0.412,0.404827,0.4065,2433.52,ETH-30OCT26,0.5979,-0.92017,1.33322,0.0,0.0,0.010999999999999954,ETH,2421.71,0.0
2026-09-10T13:30:52.712943+00:00,ETH-25SEP26-3500-P,2426.28,ETH-25SEP26,put,3500.0,2026-09-25T08:00:00+00:00,0.04043866729589703,0.439,0.4475,0.442986,0.44325,2426.28,ETH-25SEP26,0.7597,-0.98991,0.1311,1121.0,0.0,0.008500000000000008,ETH,2421.71,0.0
2026-09-10T13:30:52.712943+00:00,ETH-13SEP26-2660-P,2422.5,ETH-13SEP26,put,2660.0,2026-09-13T08:00:00+00:00,0.007584457850311811,0.0955,0.102,0.098747,0.09875,2422.5,ETH-13SEP26,0.5904,-0.96386,0.1673,0.0,0.0,0.006499999999999992,ETH,2421.71,0.0
2026-09-10T13:30:52.712943+00:00,ETH-25DEC26-5200-C,2446.4,ETH-25DEC26,call,5200.0,2026-12-25T08:00:00+00:00,0.28958308892491824,0.003,0.0034,0.003231,0.0032,2446.4,ETH-25DEC26,0.6637000000000001,0.02666,0.81209,9489.0,0.0,0.00039999999999999975,ETH,2421.71,0.0
2026-09-10T13:30:52.712943+00:00,ETH-27NOV26-4400-C,2439.57,ETH-27NOV26,call,4400.0,2026-11-27T08:00:00+00:00,0.21292326688521943,0.0036,0.0041,0.003866,0.00385,2439.57,ETH-27NOV26,0.6543000000000001,0.03574,0.88499,1062.0,764.0,0.0005000000000000004,ETH,2421.71,8846.34
2026-09-10T13:30:52.712943+00:00,ETH-25SEP26-6500-C,2426.28,ETH-25SEP26,call,6500.0,2026-09-25T08:00:00+00:00,0.04043866729589703,,0.0001,0.0,,2426.28,ETH-25SEP26,1.1172,1e-05,0.00021,1922.0,0.0,,ETH,2421.71,0.0
2026-09-10T13:30:52.712943+00:00,ETH-30OCT26-2250-C,2433.52,ETH-30OCT26,call,2250.0,2026-10-30T08:00:00+00:00,0.13626344484552058,0.1165,0.119,0.117807,0.11775,2433.52,ETH-30OCT26,0.5246999999999999,0.6912,3.16338,787.0,0.0,0.0024999999999999883,ETH,2421.49,0.0
2026-09-10T13:30:52.712943+00:00,ETH-12SEP26-2620-P,2422.17,ETH-12SEP26,put,2620.0,2026-09-12T08:00:00+00:00,0.00484660706317971,0.079,0.086,0.082402,0.0825,2422.17,ETH-12SEP26,0.6442,-0.95868,0.1491,0.0,0.0,0.006999999999999992,ETH,2421.49,0.0
2026-09-10T13:30:52.712943+00:00,ETH-30OCT26-1900-P,2433.02,ETH-30OCT26,put,1900.0,2026-10-30T08:00:00+00:00,0.13626344484552058,0.0105,0.0115,0.011111,0.011,2433.02,ETH-30OCT26,0.5725,-0.10119,1.59006,1376.0,2.0,0.0009999999999999992,ETH,2421.49,50.03
2026-09-10T13:30:52.712943+00:00,ETH-30OCT26-2900-P,2433.52,ETH-30OCT26,put,2900.0,2026-10-30T08:00:00+00:00,0.13626344484552058,0.212,0.2195,0.215192,0.21575,2433.52,ETH-30OCT26,0.5459,-0.77986,2.66043,0.0,0.0,0.007500000000000007,ETH,2421.49,0.0
2026-09-10T13:30:52.712943+00:00,ETH-11SEP26-3200-C,2422.33,ETH-11SEP26,call,3200.0,2026-09-11T08:00:00+00:00,0.002108756276047608,,0.0001,0.0,,2422.33,ETH-11SEP26,1.0102,0.0,0.0,5903.0,0.0,,ETH,2421.33,0.0
2026-09-10T13:30:52.712943+00:00,ETH-25SEP26-2750-C,2426.31,ETH-25SEP26,call,2750.0,2026-09-25T08:00:00+00:00,0.04043866729589703,0.0075,0.0085,0.008154,0.008,2426.31,ETH-25SEP26,0.5626,0.14604,1.11739,1032.0,510.0,0.0010000000000000009,ETH,2421.49,13233.44
2026-09-10T13:30:52.712943+00:00,ETH-25SEP26-2450-C,2426.31,ETH-25SEP26,call,2450.0,2026-09-25T08:00:00+00:00,0.04043866729589703,0.036,0.037,0.03676,0.0365,2426.31,ETH-25SEP26,0.5144,0.48205,1.9445,522.0,428.0,0.0010000000000000009,ETH,2421.49,37459.86
2026-09-10T13:30:52.712943+00:00,ETH-25SEP26-8000-P,2426.28,ETH-25SEP26,put,8000.0,2026-09-25T08:00:00+00:00,0.04043866729589703,2.2875,2.3085,2.297106,2.298,2426.28,ETH-25SEP26,1.2502,-1.0,5e-05,0.0,0.0,0.020999999999999908,ETH,2421.33,0.0
2026-09-10T13:30:52.712943+00:00,ETH-12SEP26-2440-P,2422.2,ETH-12SEP26,put,2440.0,2026-09-12T08:00:00+00:00,0.00484660706317971,0.0175,0.019,0.018935,0.01825,2422.2,ETH-12SEP26,0.5375,-0.57365,0.66084,328.0,413.0,0.0014999999999999979,ETH,2421.33,14250.02
2026-09-10T13:30:52.712943+00:00,ETH-13SEP26-2700-P,2422.5,ETH-13SEP26,put,2700.0,2026-09-13T08:00:00+00:00,0.007584457850311811,0.1115,0.1185,0.114971,0.115,2422.5,ETH-13SEP26,0.6145,-0.97758,0.11247,0.0,0.0,0.006999999999999992,ETH,2421.33,0.0
2026-09-10T13:30:52.712943+00:00,ETH-12SEP26-2600-C,2422.17,ETH-12SEP26,call,2600.0,2026-09-12T08:00:00+00:00,0.00484660706317971,0.0009,0.0012,0.001021,0.00105,2422.17,ETH-12SEP26,0.6302,0.05464,0.18648,844.0,88.0,0.0002999999999999999,ETH,2421.33,494.07
2026-09-10T13:30:52.712943+00:00,ETH-14SEP26-2500-C,2422.83,ETH-14SEP26,call,2500.0,2026-09-14T08:00:00+00:00,0.01032230863744391,0.007,0.008,0.00733,0.0075,2422.83,ETH-14SEP26,0.466,0.25877,0.79621,0.0,0.0,0.001,ETH,2421.33,0.0
2026-09-10T13:30:52.712943+00:00,ETH-25SEP26-6800-C,2426.31,ETH-25SEP26,call,6800.0,2026-09-25T08:00:00+00:00,0.04043866729589703,,0.0001,0.0,,2426.31,ETH-25SEP26,1.1226,0.0,0.0001,1995.0,0.0,,ETH,2421.33,0.0
2026-09-10T13:30:52.712943+00:00,ETH-25DEC26-4600-P,2446.9,ETH-25DEC26,put,4600.0,2026-12-25T08:00:00+00:00,0.28958308892491824,0.8755,0.9005,0.885885,0.888,2446.9,ETH-25DEC26,0.6288,-0.95518,1.24372,0.0,0.0,0.025000000000000022,ETH,2421.33,0.0
2026-09-10T13:30:52.712943+00:00,ETH-26MAR27-900-C,2469.77,ETH-26MAR27,call,900.0,2027-03-26T08:00:00+00:00,0.5387275105539395,0.637,0.6435,0.640734,0.64025,2469.77,ETH-26MAR27,0.7775,0.97999,0.87822,68.0,0.0,0.00649999999999995,ETH,2421.33,0.0
2026-09-10T13:30:52.712943+00:00,ETH-12SEP26-2460-C,2422.17,ETH-12SEP26,call,2460.0,2026-09-12T08:00:00+00:00,0.00484660706317971,0.008,0.009,0.008664,0.0085,2422.17,ETH-12SEP26,0.5433,0.34421,0.62035,162.0,74.0,0.0009999999999999992,ETH,2421.33,3289.7
2026-09-10T13:30:52.712943+00:00,ETH-25SEP26-3600-C,2426.28,ETH-25SEP26,call,3600.0,2026-09-25T08:00:00+00:00,0.04043866729589703,0.0002,0.0005,0.00031,0.00035,2426.28,ETH-25SEP26,0.7659999999999999,0.00649,0.08898,4091.0,500.0,0.00030000000000000003,ETH,2421.33,493.07
2026-09-10T13:30:52.712943+00:00,ETH-25SEP26-4600-P,2426.31,ETH-25SEP26,put,4600.0,2026-09-25T08:00:00+00:00,0.04043866729589703,0.8905,0.9025,0.895893,0.8965,2426.31,ETH-25SEP26,1.0031999999999999,-0.99893,0.01744,38.0,0.0,0.01200000000000001,ETH,2421.33,0.0
2026-09-10T13:30:52.712943+00:00,ETH-18SEP26-2100-P,2424.12,ETH-18SEP26,put,2100.0,2026-09-18T08:00:00+00:00,0.021273711785972316,0.0018,0.0022,0.002006,0.002,2424.12,ETH-18SEP26,0.6193,-0.05176,0.37481,1587.0,34.0,0.0004000000000000002,ETH,2421.24,139.86
2026-09-10T13:30:52.712943+00:00,ETH-27NOV26-1800-C,2439.57,ETH-27NOV26,call,1800.0,2026-11-27T08:00:00+00:00,0.21292326688521943,0.274,0.279,0.277423,0.2765,2439.57,ETH-27NOV26,0.5882000000000001,0.89515,2.04482,0.0,0.0,0.0050000000000000044,ETH,2421.24,0.0
2026-09-10T13:30:52.712943+00:00,ETH-26MAR27-900-P,2469.74,ETH-26MAR27,put,900.0,2027-03-26T08:00:00+00:00,0.5387275105539395,0.0046,0.0055,0.005166,0.00505,2469.74,ETH-26MAR27,0.7775,-0.02001,0.87819,828.0,0.0,0.0008999999999999998,ETH,2421.24,0.0
2026-09-10T13:30:52.712943+00:00,ETH-25JUN27-2600-P,2497.29,ETH-25JUN27,put,2600.0,2027-06-25T08:00:00+00:00,0.7878719321829607,0.2185,0.222,0.22038,0.22025,2497.29,ETH-25JUN27,0.5561,-0.43485,8.7227,75.0,0.0,0.003500000000000003,ETH,2421.24,0.0
2026-09-10T13:30:52.712943+00:00,ETH-18SEP26-2500-P,2424.12,ETH-18SEP26,put,2500.0,2026-09-18T08:00:00+00:00,0.021273711785972316,0.048,0.05,0.049221,0.049,2424.12,ETH-18SEP26,0.5264,-0.64375,1.31767,2427.0,201.0,0.0020000000000000018,ETH,2420.73,18978.11
2026-09-10T13:30:52.712943+00:00,ETH-11SEP26-2520-P,2421.83,ETH-11SEP26,put,2520.0,2026-09-11T08:00:00+00:00,0.002108756276047608,0.038,0.0435,0.041342,0.04075,2421.83,ETH-11SEP26,0.5777,-0.93358,0.14317,66.0,0.0,0.005499999999999998,ETH,2420.73,0.0
2026-09-10T13:30:52.712943+00:00,ETH-25SEP26-15000-P,2426.31,ETH-25SEP26,put,15000.0,2026-09-25T08:00:00+00:00,0.04043866729589703,5.1615,5.2055,5.182304,5.1835,2426.31,ETH-25SEP26,1.8378999999999999,-1.0,3e-05,0.0,0.0,0.043999999999999595,ETH,2420.73,0.0
2026-09-10T13:30:52.712943+00:00,ETH-30OCT26-3100-P,2433.52,ETH-30OCT26,put,3100.0,2026-10-30T08:00:00+00:00,0.13626344484552058,0.2845,0.2925,0.28839,0.2885,2433.52,ETH-30OCT26,0.5647,-0.85559,2.04089,0.0,0.0,0.008000000000000007,ETH,2420.73,0.0
2026-09-10T13:30:52.712943+00:00,ETH-25SEP26-12000-P,2426.28,ETH-25SEP26,put,12000.0,2026-09-25T08:00:00+00:00,0.04043866729589703,3.9315,3.962,3.94566,3.94675,2426.28,ETH-25SEP26,1.6338,-1.0,3e-05,0.0,0.0,0.03049999999999997,ETH,2420.73,0.0
2026-09-10T13:30:52.712943+00:00,ETH-30OCT26-2300-P,2433.52,ETH-30OCT26,put,2300.0,2026-10-30T08:00:00+00:00,0.13626344484552058,0.05,0.051,0.050551,0.0505,2433.52,ETH-30OCT26,0.5224,-0.35014,3.32626,8046.0,2.0,0.000999999999999994,ETH,2420.73,215.6
2026-09-10T13:30:52.712943+00:00,ETH-30OCT26-3600-P,2433.52,ETH-30OCT26,put,3600.0,2026-10-30T08:00:00+00:00,0.13626344484552058,0.4795,0.493,0.484695,0.48625,2433.52,ETH-30OCT26,0.622,-0.94448,1.00629,18.0,1.0,0.013500000000000012,ETH,2420.71,1127.63
2026-09-10T13:30:52.712943+00:00,ETH-27NOV26-2100-P,2439.61,ETH-27NOV26,put,2100.0,2026-11-27T08:00:00+00:00,0.21292326688521943,0.0385,0.04,0.039428,0.03925,2439.61,ETH-27NOV26,0.5448,-0.23594,3.46601,551.0,0.0,0.0015000000000000013,ETH,2420.71,0.0
2026-09-10T13:30:52.712943+00:00,ETH-12SEP26-2250-C,2422.14,ETH-12SEP26,call,2250.0,2026-09-12T08:00:00+00:00,0.00484660706317971,0.0695,0.074,0.072029,0.07175,2422.14,ETH-12SEP26,0.66,0.94674,0.1827,0.0,0.0,0.00449999999999999,ETH,2420.71,0.0
2026-09-10T13:30:52.712943+00:00,ETH-25DEC26-3000-C,2446.4,ETH-25DEC26,call,3000.0,2026-12-25T08:00:00+00:00,0.28958308892491824,0.0455,0.0465,0.046026,0.046,2446.4,ETH-25DEC26,0.5424,0.28953,4.50175,11379.0,20.0,0.0010000000000000009,ETH,2420.71,2707.11
2026-09-10T13:30:52.712943+00:00,ETH-12SEP26-2650-P,2422.17,ETH-12SEP26,put,2650.0,2026-09-12T08:00:00+00:00,0.00484660706317971,0.091,0.098,0.094649,0.0945,2422.17,ETH-12SEP26,0.6706,-0.97229,0.10732,0.0,0.0,0.007000000000000006,ETH,2420.71,0.0
2026-09-10T13:30:52.712943+00:00,ETH-25DEC26-4200-P,2446.9,ETH-25DEC26,put,4200.0,2026-12-25T08:00:00+00:00,0.28958308892491824,0.7175,0.7335,0.725411,0.7255,2446.9,ETH-25DEC26,0.6058,-0.9327,1.71439,61.0,0.0,0.016000000000000014,ETH,2420.71,0.0
2026-09-10T13:30:52.712943+00:00,ETH-13SEP26-2650-C,2422.5,ETH-13SEP26,call,2650.0,2026-09-13T08:00:00+00:00,0.007584457850311811,0.0006,0.001,0.000806,0.0008,2422.5,ETH-13SEP26,0.5807,0.03898,0.17792,0.0,0.0,0.0004000000000000001,ETH,2420.69,0.0
2026-09-10T13:30:52.712943+00:00,ETH-26MAR27-2100-C,2469.77,ETH-26MAR27,call,2100.0,2027-03-26T08:00:00+00:00,0.5387275105539395,0.235,0.2375,0.236038,0.23625,2469.77,ETH-26MAR27,0.5563,0.72572,6.03948,897.0,0.0,0.0025000000000000022,ETH,2420.69,0.0
2026-09-10T13:30:52.712943+00:00,ETH-26MAR27-1300-C,2469.77,ETH-26MAR27,call,1300.0,2027-03-26T08:00:00+00:00,0.5387275105539395,0.4855,0.49,0.488671,0.48775,2469.77,ETH-26MAR27,0.6620999999999999,0.94086,2.1345,18.0,0.0,0.004500000000000004,ETH,2420.69,0.0
2026-09-10T13:30:52.712943+00:00,ETH-25DEC26-2200-P,2446.4,ETH-25DEC26,put,2200.0,2026-12-25T08:00:00+00:00,0.28958308892491824,0.065,0.0665,0.066116,0.06575,2446.4,ETH-25DEC26,0.5376,-0.30523,4.6116,9203.0,280.0,0.0015000000000000013,ETH,2420.71,41078.95
2026-09-10T13:30:52.712943+00:00,ETH-13SEP26-2100-P,2422.47,ETH-13SEP26,put,2100.0,2026-09-13T08:00:00+00:00,0.007584457850311811,0.0003,0.0004,0.000334,0.00035,2422.47,ETH-13SEP26,0.7583,-0.01441,0.07715,137.0,80.0,0.00010000000000000005,ETH,2420.69,47.18
2026-09-10T13:30:52.712943+00:00,ETH-12SEP26-2560-C,2422.17,ETH-12SEP26,call,2560.0,2026-09-12T08:00:00+00:00,0.00484660706317971,0.0016,0.0021,0.00185,0.00185,2422.17,ETH-12SEP26,0.5996,0.09325,0.28087,523.0,13.0,0.0004999999999999998,ETH,2420.69,135.04
2026-09-10T13:30:52.712943+00:00,ETH-12SEP26-2300-P,2422.2,ETH-12SEP26,put,2300.0,2026-09-12T08:00:00+00:00,0.00484660706317971,0.0018,0.0023,0.002065,0.00205,2422.2,ETH-12SEP26,0.5969,-0.10546,0.30732,289.0,263.0,0.0005,ETH,2420.69,1037.76
2026-09-10T13:30:52.712943+00:00,ETH-2OCT26-2350-C,2427.56,ETH-2OCT26,call,2350.0,2026-10-02T08:00:00+00:00,0.05960362280582174,0.0655,0.0675,0.066752,0.0665,2427.56,ETH-2OCT26,0.5129,0.62426,2.24789,0.0,0.0,0.0020000000000000018,ETH,2420.63,0.0
2026-09-10T13:30:52.712943+00:00,ETH-27NOV26-2900-P,2439.61,ETH-27NOV26,put,2900.0,2026-11-27T08:00:00+00:00,0.21292326688521943,0.2255,0.233,0.228629,0.22925,2439.61,ETH-27NOV26,0.5454,-0.7134,3.83092,0.0,0.0,0.007500000000000007,ETH,2420.63,0.0
2026-09-10T13:30:52.712943+00:00,ETH-12SEP26-2300-C,2422.17,ETH-12SEP26,call,2300.0,2026-09-12T08:00:00+00:00,0.00484660706317971,0.0495,0.0545,0.05244,0.052,2422.17,ETH-12SEP26,0.5969,0.89439,0.30761,50.0,0.0,0.0049999999999999975,ETH,2420.63,0.0
2026-09-10T13:30:52.712943+00:00,ETH-25SEP26-1500-C,2426.31,ETH-25SEP26,call,1500.0,2026-09-25T08:00:00+00:00,0.04043866729589703,0.38,0.3835,0.382025,0.38175,2426.31,ETH-25SEP26,0.9381999999999999,0.99584,0.05991,969.0,0.0,0.003500000000000003,ETH,2420.63,0.0
2026-09-10T13:30:52.712943+00:00,ETH-30OCT26-2200-P,2433.52,ETH-30OCT26,put,2200.0,2026-10-30T08:00:00+00:00,0.13626344484552058,0.035,0.036,0.035667,0.0355,2433.52,ETH-30OCT26,0.528,-0.27069,2.9725,820.0,1.0,0.000999999999999994,ETH,2420.61,72.95
2026-09-10T13:30:52.712943+00:00,ETH-12SEP26-2440-C,2422.17,ETH-12SEP26,call,2440.0,2026-09-12T08:00:00+00:00,0.00484660706317971,0.011,0.012,0.011599,0.0115,2422.17,ETH-12SEP26,0.5375,0.42249,0.65936,70.0,181.0,0.0010000000000000009,ETH,2420.61,7730.53
2026-09-10T13:30:52.712943+00:00,ETH-27NOV26-2200-C,2439.61,ETH-27NOV26,call,2200.0,2026-11-27T08:00:00+00:00,0.21292326688521943,0.1495,0.152,0.150881,0.15075,2439.61,ETH-27NOV26,0.5368999999999999,0.70488,3.88361,0.0,0.0,0.0025000000000000022,ETH,2420.61,0.0
2026-09-10T13:30:52.712943+00:00,ETH-2OCT26-2500-C,2427.56,ETH-2OCT26,call,2500.0,2026-10-02T08:00:00+00:00,0.05960362280582174,0.037,0.038,0.037442,0.0375,2427.56,ETH-2OCT26,0.516,0.43018,2.32718,0.0,0.0,0.0010000000000000009,ETH,2420.61,0.0
2026-09-10T13:30:52.712943+00:00,ETH-14SEP26-2320-C,2422.83,ETH-14SEP26,call,2320.0,2026-09-14T08:00:00+00:00,0.01032230863744391,0.0455,0.048,0.047129,0.04675,2422.83,ETH-14SEP26,0.4717,0.81981,0.64593,0.0,0.0,0.0025000000000000022,ETH,2420.61,0.0
2026-09-10T13:30:52.712943+00:00,ETH-25SEP26-2650-C,2426.31,ETH-25SEP26,call,2650.0,2026-09-25T08:00:00+00:00,0.04043866729589703,0.013,0.0135,0.013339,0.01325,2426.31,ETH-25SEP26,0.5398,0.2222,1.4524,1150.0,326.0,0.0005000000000000004,ETH,2420.61,13860.5
2026-09-10T13:30:52.712943+00:00,ETH-11SEP26-3200-P,2422.33,ETH-11SEP26,put,3200.0,2026-09-11T08:00:00+00:00,0.002108756276047608,0.3175,0.326,0.321331,0.32175,2422.33,ETH-11SEP26,1.0102,-1.0,0.0,0.0,0.0,0.008500000000000008,ETH,2421.13,0.0
2026-09-10T13:30:52.712943+00:00,ETH-25DEC26-2100-C,2446.4,ETH-25DEC26,call,2100.0,2026-12-25T08:00:00+00:00,0.28958308892491824,0.192,0.194,0.193083,0.193,2446.4,ETH-25DEC26,0.5433,0.74733,4.20577,1480.0,0.0,0.0020000000000000018,ETH,2420.61,0.0
2026-09-10T13:30:52.712943+00:00,ETH-13SEP26-2500-C,2422.51,ETH-13SEP26,call,2500.0,2026-09-13T08:00:00+00:00,0.007584457850311811,0.005,0.006,0.005649,0.0055,2422.51,ETH-13SEP26,0.4839,0.23034,0.64081,302.0,362.0,0.001,ETH,2421.13,10975.54
2026-09-10T13:30:52.712943+00:00,ETH-30OCT26-2500-P,2433.02,ETH-30OCT26,put,2500.0,2026-10-30T08:00:00+00:00,0.13626344484552058,0.091,0.0925,0.092228,0.09175,2433.02,ETH-30OCT26,0.5209,-0.51879,3.57873,543.0,6.0,0.0015000000000000013,ETH,2421.13,1172.8
2026-09-10T13:30:52.712943+00:00,ETH-14SEP26-2250-C,2422.83,ETH-14SEP26,call,2250.0,2026-09-14T08:00:00+00:00,0.01032230863744391,0.071,0.075,0.073221,0.073,2422.83,ETH-14SEP26,0.5201,0.92183,0.35945,0.0,0.0,0.0040000000000000036,ETH,2421.13,0.0
2026-09-10T13:30:52.712943+00:00,ETH-11SEP26-2470-C,2422.33,ETH-11SEP26,call,2470.0,2026-09-11T08:00:00+00:00,0.002108756276047608,0.0024,0.0028,0.002578,0.0026,2422.33,ETH-11SEP26,0.5052,0.19233,0.30351,280.0,123.0,0.0004000000000000002,ETH,2421.13,2187.99
2026-09-10T13:30:52.712943+00:00,ETH-13SEP26-2620-P,2422.47,ETH-13SEP26,put,2620.0,2026-09-13T08:00:00+00:00,0.007584457850311811,0.0795,0.0865,0.082788,0.083,2422.47,ETH-13SEP26,0.563,-0.94389,0.23825,0.0,0.0,0.006999999999999992,ETH,2421.13,0.0
2026-09-10T13:30:52.712943+00:00,ETH-27NOV26-1800-P,2439.57,ETH-27NOV26,put,1800.0,2026-11-27T08:00:00+00:00,0.21292326688521943,0.0145,0.016,0.0153,0.01525,2439.57,ETH-27NOV26,0.5882000000000001,-0.10491,2.04551,410.0,0.0,0.0014999999999999996,ETH,2421.13,0.0
2026-09-10T13:30:52.712943+00:00,ETH-13SEP26-2460-P,2422.5,ETH-13SEP26,put,2460.0,2026-09-13T08:00:00+00:00,0.007584457850311811,0.024,0.0265,0.025301,0.02525,2422.5,ETH-13SEP26,0.4693,-0.6451,0.78479,2.0,2.0,0.0024999999999999988,ETH,2420.63,83.42
2026-09-10T13:30:52.712943+00:00,ETH-18SEP26-2550-P,2424.12,ETH-18SEP26,put,2550.0,2026-09-18T08:00:00+00:00,0.021273711785972316,0.063,0.066,0.064439,0.0645,2424.12,ETH-18SEP26,0.5362,-0.73135,1.16558,911.0,0.0,0.0030000000000000027,ETH,2420.63,0.0
2026-09-10T13:30:52.712943+00:00,ETH-11SEP26-2650-P,2422.33,ETH-11SEP26,put,2650.0,2026-09-11T08:00:00+00:00,0.002108756276047608,0.091,0.098,0.094318,0.0945,2422.33,ETH-11SEP26,0.8012999999999999,-0.99286,0.02201,185.0,60.0,0.007000000000000006,ETH,2420.63,10753.83
2026-09-10T13:30:52.712943+00:00,ETH-26MAR27-4800-C,2469.77,ETH-26MAR27,call,4800.0,2027-03-26T08:00:00+00:00,0.5387275105539395,0.016,0.018,0.017052,0.017,2469.77,ETH-26MAR27,0.5977,0.09742,3.12037,2953.0,0.0,0.0019999999999999983,ETH,2420.63,0.0
2026-09-10T13:30:52.712943+00:00,ETH-18SEP26-2250-P,2424.62,ETH-18SEP26,put,2250.0,2026-09-18T08:00:00+00:00,0.021273711785972316,0.0065,0.0075,0.007132,0.007,2424.62,ETH-18SEP26,0.5439,-0.16555,0.87919,1030.0,3.0,0.001,ETH,2420.66,43.36
2026-09-10T13:30:52.712943+00:00,ETH-25SEP26-3100-C,2426.28,ETH-25SEP26,call,3100.0,2026-09-25T08:00:00+00:00,0.04043866729589703,0.0016,0.0019,0.001768,0.00175,2426.28,ETH-25SEP26,0.6514,0.03508,0.37759,15546.0,2354.0,0.0002999999999999999,ETH,2420.63,13852.11
2026-09-10T13:30:52.712943+00:00,ETH-11SEP26-2100-P,2421.83,ETH-11SEP26,put,2100.0,2026-09-11T08:00:00+00:00,0.002108756276047608,,0.0001,3.8e-05,,2421.83,ETH-11SEP26,1.1140999999999999,-0.00254,0.00874,2881.0,4.0,,ETH,2420.66,0.97
2026-09-10T13:30:52.712943+00:00,ETH-30OCT26-2850-C,2433.52,ETH-30OCT26,call,2850.0,2026-10-30T08:00:00+00:00,0.13626344484552058,0.026,0.0265,0.026361,0.02625,2433.52,ETH-30OCT26,0.5417000000000001,0.24379,2.81504,1151.0,3.0,0.0005000000000000004,ETH,2420.66,249.22
2026-09-10T13:30:52.712943+00:00,ETH-25SEP26-1600-P,2426.28,ETH-25SEP26,put,1600.0,2026-09-25T08:00:00+00:00,0.04043866729589703,0.0003,0.0006,0.000414,0.00045,2426.28,ETH-25SEP26,0.8711,-0.00698,0.09482,11712.0,20.0,0.0003,ETH,2420.66,14.81
2026-09-10T13:30:52.712943+00:00,ETH-25DEC26-3300-C,2446.9,ETH-25DEC26,call,3300.0,2026-12-25T08:00:00+00:00,0.28958308892491824,0.028,0.029,0.028648,0.0285,2446.9,ETH-25DEC26,0.5553,0.19655,3.6461,2943.0,3.0,0.0010000000000000009,ETH,2420.66,234.65
2026-09-10T13:30:52.712943+00:00,ETH-12SEP26-2340-C,2422.2,ETH-12SEP26,call,2340.0,2026-09-12T08:00:00+00:00,0.00484660706317971,0.0365,0.039,0.037905,0.03775,2422.2,ETH-12SEP26,0.5605,0.81265,0.45323,0.0,0.0,0.0025000000000000022,ETH,2420.66,0.0
2026-09-10T13:30:52.712943+00:00,ETH-30OCT26-2150-P,2433.52,ETH-30OCT26,put,2150.0,2026-10-30T08:00:00+00:00,0.13626344484552058,0.029,0.03,0.029691,0.0295,2433.52,ETH-30OCT26,0.5327000000000001,-0.23449,2.7559,1104.0,24.0,0.0009999999999999974,ETH,2420.6,1487.51
2026-09-10T13:30:52.712943+00:00,ETH-27NOV26-2500-C,2439.61,ETH-27NOV26,call,2500.0,2026-11-27T08:00:00+00:00,0.21292326688521943,0.0865,0.0875,0.086858,0.087,2439.61,ETH-27NOV26,0.531,0.50806,4.48873,580.0,1.0,0.0010000000000000009,ETH,2420.6,235.74
2026-09-10T13:30:52.712943+00:00,ETH-12SEP26-2380-C,2422.17,ETH-12SEP26,call,2380.0,2026-09-12T08:00:00+00:00,0.00484660706317971,0.0235,0.026,0.02514,0.02475,2422.17,ETH-12SEP26,0.5384,0.68095,0.60172,63.0,63.0,0.0024999999999999988,ETH,2420.6,4674.17
2026-09-10T13:30:52.712943+00:00,ETH-25DEC26-1200-C,2446.9,ETH-25DEC26,call,1200.0,2026-12-25T08:00:00+00:00,0.28958308892491824,0.5105,0.5145,0.51317,0.5125,2446.9,ETH-25DEC26,0.728,0.97789,0.69364,341.0,0.0,0.0040000000000000036,ETH,2420.66,0.0
2026-09-10T13:30:52.712943+00:00,ETH-27NOV26-2450-P,2439.61,ETH-27NOV26,put,2450.0,2026-11-27T08:00:00+00:00,0.21292326688521943,0.099,0.1005,0.099798,0.09975,2439.61,ETH-27NOV26,0.5306000000000001,-0.45917,4.46611,317.0,48.0,0.0015000000000000013,ETH,2420.6,10073.39
2026-09-10T13:30:52.712943+00:00,ETH-25DEC26-3500-C,2446.9,ETH-25DEC26,call,3500.0,2026-12-25T08:00:00+00:00,0.28958308892491824,0.0205,0.022,0.021211,0.02125,2446.9,ETH-25DEC26,0.5650999999999999,0.15212,3.0973,30252.0,20.0,0.0014999999999999979,ETH,2420.6,1257.5
2026-09-10T13:30:52.712943+00:00,ETH-12SEP26-2800-C,2422.17,ETH-12SEP26,call,2800.0,2026-09-12T08:00:00+00:00,0.00484660706317971,,0.0002,0.000129,,2422.17,ETH-12SEP26,0.8367,0.00674,0.03177,21.0,14.0,,ETH,2420.75,13.83
2026-09-10T13:30:52.712943+00:00,ETH-12SEP26-2250-P,2422.2,ETH-12SEP26,put,2250.0,2026-09-12T08:00:00+00:00,0.00484660706317971,0.0009,0.0011,0.001016,0.001,2422.2,ETH-12SEP26,0.66,-0.0532,0.18254,160.0,164.0,0.0002000000000000001,ETH,2420.75,441.77
2026-09-10T13:30:52.712943+00:00,ETH-26MAR27-2500-P,2469.8,ETH-26MAR27,put,2500.0,2027-03-26T08:00:00+00:00,0.5387275105539395,0.165,0.167,0.166369,0.166,2469.8,ETH-26MAR27,0.5472,-0.4328,7.12756,590.0,0.0,0.0020000000000000018,ETH,2420.75,0.0
2026-09-10T13:30:52.712943+00:00,ETH-25DEC26-1200-P,2446.9,ETH-25DEC26,put,1200.0,2026-12-25T08:00:00+00:00,0.28958308892491824,0.0035,0.0039,0.003693,0.0037,2446.9,ETH-25DEC26,0.728,-0.02211,0.69369,6764.0,2.0,0.00039999999999999975,ETH,2420.6,16.86
2026-09-10T13:30:52.712943+00:00,ETH-14SEP26-2540-C,2422.83,ETH-14SEP26,call,2540.0,2026-09-14T08:00:00+00:00,0.01032230863744391,0.0041,0.0047,0.004546,0.0044,2422.83,ETH-14SEP26,0.48479999999999995,0.1714,0.62578,3.0,4.0,0.0005999999999999998,ETH,2420.75,74.88
2026-09-10T13:30:52.712943+00:00,ETH-25SEP26-4400-C,2426.28,ETH-25SEP26,call,4400.0,2026-09-25T08:00:00+00:00,0.04043866729589703,,0.0002,5.6e-05,,2426.28,ETH-25SEP26,0.9386,0.0011,0.01792,4349.0,5.0,,ETH,2420.75,2.5
2026-09-10T13:30:52.712943+00:00,ETH-30OCT26-4000-C,2433.52,ETH-30OCT26,call,4000.0,2026-10-30T08:00:00+00:00,0.13626344484552058,0.0023,0.0026,0.002515,0.00245,2433.52,ETH-30OCT26,0.6662,0.0287,0.58895,1278.0,500.0,0.0002999999999999999,ETH,2421.1,3822.42
2026-09-10T13:30:52.712943+00:00,ETH-25JUN27-5500-C,2497.29,ETH-25JUN27,call,5500.0,2027-06-25T08:00:00+00:00,0.7878719321829607,0.0225,0.0235,0.023098,0.023,2497.29,ETH-25JUN27,0.5976,0.11048,4.17975,642.0,2.0,0.0010000000000000009,ETH,2421.1,113.0
2026-09-10T13:30:52.712943+00:00,ETH-25JUN27-4600-C,2497.29,ETH-25JUN27,call,4600.0,2027-06-25T08:00:00+00:00,0.7878719321829607,0.039,0.04,0.039458,0.0395,2497.29,ETH-25JUN27,0.5801,0.17631,5.73929,54.0,0.0,0.0010000000000000009,ETH,2421.1,0.0
2026-09-10T13:30:52.712943+00:00,ETH-18SEP26-2550-C,2424.12,ETH-18SEP26,call,2550.0,2026-09-18T08:00:00+00:00,0.021273711785972316,0.012,0.013,0.012524,0.0125,2424.12,ETH-18SEP26,0.5362,0.26894,1.1663,2798.0,350.0,0.0009999999999999992,ETH,2421.1,12576.75
2026-09-10T13:30:52.712943+00:00,ETH-11SEP26-2300-P,2421.83,ETH-11SEP26,put,2300.0,2026-09-11T08:00:00+00:00,0.002108756276047608,0.0003,0.0005,0.000366,0.0004,2421.83,ETH-11SEP26,0.6152000000000001,-0.03394,0.08366,4435.0,1000.0,0.00020000000000000004,ETH,2421.05,880.57
2026-09-10T13:30:52.712943+00:00,ETH-30OCT26-2400-C,2433.52,ETH-30OCT26,call,2400.0,2026-10-30T08:00:00+00:00,0.13626344484552058,0.0825,0.0835,0.082897,0.083,2433.52,ETH-30OCT26,0.5196999999999999,0.56557,3.53423,2688.0,175.0,0.0010000000000000009,ETH,2421.05,35701.52
2026-09-10T13:30:52.712943+00:00,ETH-26MAR27-1300-P,2469.77,ETH-26MAR27,put,1300.0,2027-03-26T08:00:00+00:00,0.5387275105539395,0.015,0.0155,0.015072,0.01525,2469.77,ETH-26MAR27,0.6620999999999999,-0.0591,2.13373,1574.0,0.0,0.0005000000000000004,ETH,2421.05,0.0
2026-09-10T13:30:52.712943+00:00,ETH-27NOV26-2350-C,2439.61,ETH-27NOV26,call,2350.0,2026-11-27T08:00:00+00:00,0.21292326688521943,0.1145,0.116,0.115285,0.11525,2439.61,ETH-27NOV26,0.5313,0.60775,4.32573,52.0,2.0,0.0015000000000000013,ETH,2421.05,616.37
2026-09-10T13:30:52.712943+00:00,ETH-2OCT26-2550-P,2427.56,ETH-2OCT26,put,2550.0,2026-10-02T08:00:00+00:00,0.05960362280582174,0.0795,0.082,0.080968,0.08075,2427.56,ETH-2OCT26,0.5199,-0.62854,2.24021,0.0,0.0,0.0025000000000000022,ETH,2421.05,0.0
2026-09-10T13:30:52.712943+00:00,ETH-14SEP26-2300-P,2422.83,ETH-14SEP26,put,2300.0,2026-09-14T08:00:00+00:00,0.01032230863744391,0.0032,0.0036,0.003471,0.0034,2422.83,ETH-14SEP26,0.4797,-0.13964,0.54669,0.0,0.0,0.00039999999999999975,ETH,2421.05,0.0
2026-09-10T13:30:52.712943+00:00,ETH-25JUN27-4500-P,2496.79,ETH-25JUN27,put,4500.0,2027-06-25T08:00:00+00:00,0.7878719321829607,0.8315,0.86,0.84449,0.84575,2496.79,ETH-25JUN27,0.5784,-0.81361,5.94252,1.0,0.0,0.02849999999999997,ETH,2421.02,0.0
2026-09-10T13:30:52.712943+00:00,ETH-30OCT26-2100-C,2433.02,ETH-30OCT26,call,2100.0,2026-10-30T08:00:00+00:00,0.13626344484552058,0.159,0.1625,0.161384,0.16075,2433.02,ETH-30OCT26,0.5381,0.79903,2.5215,1550.0,0.0,0.003500000000000003,ETH,2421.02,0.0
2026-09-10T13:30:52.712943+00:00,ETH-25DEC26-2700-C,2446.9,ETH-25DEC26,call,2700.0,2026-12-25T08:00:00+00:00,0.28958308892491824,0.0745,0.076,0.075299,0.07525,2446.9,ETH-25DEC26,0.5339,0.42031,5.14624,7152.0,34.0,0.0015000000000000013,ETH,2421.05,7260.32
2026-09-10T13:30:52.712943+00:00,ETH-30OCT26-2000-P,2433.52,ETH-30OCT26,put,2000.0,2026-10-30T08:00:00+00:00,0.13626344484552058,0.016,0.017,0.016579,0.0165,2433.52,ETH-30OCT26,0.5528,-0.14453,2.04236,2284.0,1220.0,0.0010000000000000009,ETH,2421.02,42149.6
2026-09-10T13:30:52.712943+00:00,ETH-25JUN27-1800-C,2496.79,ETH-25JUN27,call,1800.0,2027-06-25T08:00:00+00:00,0.7878719321829607,0.339,0.3515,0.346957,0.34525,2496.79,ETH-25JUN27,0.5781000000000001,0.81413,5.93215,1756.0,0.0,0.012499999999999956,ETH,2421.02,0.0
2026-09-10T13:30:52.712943+00:00,ETH-13SEP26-2420-C,2422.51,ETH-13SEP26,call,2420.0,2026-09-13T08:00:00+00:00,0.007584457850311811,0.016,0.0175,0.016568,0.01675,2422.51,ETH-13SEP26,0.4617,0.51339,0.84073,0.0,0.0,0.0015000000000000013,ETH,2421.02,0.0
2026-09-10T13:30:52.712943+00:00,ETH-30OCT26-3000-C,2433.52,ETH-30OCT26,call,3000.0,2026-10-30T08:00:00+00:00,0.13626344484552058,0.0175,0.0185,0.018144,0.018,2433.52,ETH-30OCT26,0.5554,0.17847,2.34379,3531.0,1.0,0.0009999999999999974,ETH,2421.02,61.5
2026-09-10T13:30:52.712943+00:00,ETH-25SEP26-2000-C,2426.31,ETH-25SEP26,call,2000.0,2026-09-25T08:00:00+00:00,0.04043866729589703,0.1765,0.1805,0.178555,0.1785,2426.31,ETH-25SEP26,0.6154999999999999,0.94717,0.52567,29085.0,0.0,0.0040000000000000036,ETH,2421.02,0.0
2026-09-10T13:30:52.712943+00:00,ETH-25SEP26-2250-C,2426.31,ETH-25SEP26,call,2250.0,2026-09-25T08:00:00+00:00,0.04043866729589703,0.086,0.088,0.086974,0.087,2426.31,ETH-25SEP26,0.5275,0.77632,1.45815,360.0,0.0,0.0020000000000000018,ETH,2421.11,0.0
2026-09-10T13:30:52.712943+00:00,ETH-25DEC26-4500-P,2446.9,ETH-25DEC26,put,4500.0,2026-12-25T08:00:00+00:00,0.28958308892491824,0.8355,0.8595,0.845536,0.8475,2446.9,ETH-25DEC26,0.6217,-0.95109,1.33391,2.0,0.0,0.02400000000000002,ETH,2421.02,0.0
2026-09-10T13:30:52.712943+00:00,ETH-30OCT26-2600-P,2433.52,ETH-30OCT26,put,2600.0,2026-10-30T08:00:00+00:00,0.13626344484552058,0.1175,0.119,0.118792,0.11825,2433.52,ETH-30OCT26,0.5247999999999999,-0.59789,3.47422,1530.0,138.0,0.0015000000000000013,ETH,2421.11,37943.24
2026-09-10T13:30:52.712943+00:00,ETH-14SEP26-2640-C,2422.83,ETH-14SEP26,call,2640.0,2026-09-14T08:00:00+00:00,0.01032230863744391,0.0013,0.0016,0.001465,0.00145,2422.83,ETH-14SEP26,0.5414,0.0615,0.29882,0.0,0.0,0.00030000000000000014,ETH,2421.11,0.0
2026-09-10T13:30:52.712943+00:00,ETH-14SEP26-2700-P,2422.8,ETH-14SEP26,put,2700.0,2026-09-14T08:00:00+00:00,0.01032230863744391,0.112,0.1185,0.115275,0.11525,2422.8,ETH-14SEP26,0.5781000000000001,-0.96581,0.18652,0.0,0.0,0.006499999999999992,ETH,2421.11,0.0
2026-09-10T13:30:52.712943+00:00,ETH-25DEC26-2900-P,2446.9,ETH-25DEC26,put,2900.0,2026-12-25T08:00:00+00:00,0.28958308892491824,0.237,0.245,0.239552,0.241,2446.9,ETH-25DEC26,0.5387,-0.67113,4.76061,898.0,0.0,0.008000000000000007,ETH,2421.11,0.0
2026-09-10T13:30:52.712943+00:00,ETH-25JUN27-2000-C,2496.79,ETH-25JUN27,call,2000.0,2027-06-25T08:00:00+00:00,0.7878719321829607,0.2905,0.298,0.295039,0.29425,2496.79,ETH-25JUN27,0.5668,0.75541,6.95998,1759.0,0.0,0.007500000000000007,ETH,2421.53,0.0
2026-09-10T13:30:52.712943+00:00,ETH-25DEC26-4800-P,2446.9,ETH-25DEC26,put,4800.0,2026-12-25T08:00:00+00:00,0.28958308892491824,0.956,0.98,0.966682,0.968,2446.9,ETH-25DEC26,0.6409999999999999,-0.96265,1.07277,77.0,0.0,0.02400000000000002,ETH,2421.11,0.0
2026-09-10T13:30:52.712943+00:00,ETH-30OCT26-4000-P,2433.52,ETH-30OCT26,put,4000.0,2026-10-30T08:00:00+00:00,0.13626344484552058,0.641,0.6535,0.64661,0.64725,2433.52,ETH-30OCT26,0.6662,-0.97125,0.58987,0.0,0.0,0.012499999999999956,ETH,2421.53,0.0
2026-09-10T13:30:52.712943+00:00,ETH-25SEP26-2150-P,2426.31,ETH-25SEP26,put,2150.0,2026-09-25T08:00:00+00:00,0.04043866729589703,0.007,0.008,0.007364,0.0075,2426.31,ETH-25SEP26,0.5529999999999999,-0.12727,1.0171,17267.0,96.0,0.001,ETH,2421.53,1506.84
2026-09-10T13:30:52.712943+00:00,ETH-25JUN27-3000-C,2497.29,ETH-25JUN27,call,3000.0,2027-06-25T08:00:00+00:00,0.7878719321829607,0.127,0.13,0.128667,0.1285,2497.29,ETH-25JUN27,0.5574,0.45061,8.77397,1308.0,5.0,0.0030000000000000027,ETH,2421.49,1651.44
2026-09-10T13:30:52.712943+00:00,ETH-25DEC26-5000-P,2446.9,ETH-25DEC26,put,5000.0,2026-12-25T08:00:00+00:00,0.28958308892491824,1.04,1.0575,1.047653,1.04875,2446.9,ETH-25DEC26,0.6518999999999999,-0.96874,0.92695,0.0,0.0,0.01750000000000007,ETH,2421.53,0.0
2026-09-10T13:30:52.712943+00:00,ETH-30OCT26-2600-C,2433.02,ETH-30OCT26,call,2600.0,2026-10-30T08:00:00+00:00,0.13626344484552058,0.0495,0.0505,0.050136,0.05,2433.02,ETH-30OCT26,0.5247999999999999,0.40249,3.47572,5075.0,1516.0,0.0010000000000000009,ETH,2421.49,211852.23
2026-09-10T13:30:52.712943+00:00,ETH-26MAR27-3800-P,2469.77,ETH-26MAR27,put,3800.0,2027-03-26T08:00:00+00:00,0.5387275105539395,0.572,0.589,0.578738,0.5805,2469.77,ETH-26MAR27,0.5687,-0.79495,5.15176,1.0,0.0,0.017000000000000015,ETH,2421.49,0.0
2026-09-10T13:30:52.712943+00:00,ETH-25DEC26-2300-P,2446.9,ETH-25DEC26,put,2300.0,2026-12-25T08:00:00+00:00,0.28958308892491824,0.0825,0.084,0.083442,0.08325,2446.9,ETH-25DEC26,0.5338,-0.36035,4.9272,6557.0,611.0,0.0015000000000000013,ETH,2421.49,112152.89
2026-09-10T13:30:52.712943+00:00,ETH-25SEP26-6000-P,2426.28,ETH-25SEP26,put,6000.0,2026-09-25T08:00:00+00:00,0.04043866729589703,1.4655,1.4805,1.472832,1.473,2426.28,ETH-25SEP26,1.1118000000000001,-0.99996,0.00084,0.0,0.0,0.014999999999999902,ETH,2421.49,0.0
2026-09-10T13:30:52.712943+00:00,ETH-25DEC26-2100-P,2446.9,ETH-25DEC26,put,2100.0,2026-12-25T08:00:00+00:00,0.28958308892491824,0.0505,0.052,0.051498,0.05125,2446.9,ETH-25DEC26,0.5433,-0.25226,4.20374,2676.0,0.0,0.0014999999999999944,ETH,2421.49,0.0
2026-09-10T13:30:52.712943+00:00,ETH-11SEP26-2560-P,2422.33,ETH-11SEP26,put,2560.0,2026-09-11T08:00:00+00:00,0.002108756276047608,0.0545,0.061,0.057366,0.05775,2422.33,ETH-11SEP26,0.626,-0.97308,0.06906,0.0,0.0,0.006499999999999999,ETH,2421.49,0.0
2026-09-10T13:30:52.712943+00:00,ETH-26MAR27-2200-C,2469.77,ETH-26MAR27,call,2200.0,2027-03-26T08:00:00+00:00,0.5387275105539395,0.2115,0.214,0.212581,0.21275,2469.77,ETH-26MAR27,0.5523,0.68712,6.42238,4061.0,0.0,0.0025000000000000022,ETH,2421.78,0.0
2026-09-10T13:30:52.712943+00:00,ETH-13SEP26-2750-P,2422.47,ETH-13SEP26,put,2750.0,2026-09-13T08:00:00+00:00,0.007584457850311811,0.132,0.139,0.135514,0.1355,2422.47,ETH-13SEP26,0.6437,-0.98732,0.06909,0.0,0.0,0.007000000000000006,ETH,2421.78,0.0
2026-09-10T13:30:52.712943+00:00,ETH-25DEC26-3100-C,2446.9,ETH-25DEC26,call,3100.0,2026-12-25T08:00:00+00:00,0.28958308892491824,0.0385,0.0395,0.039187,0.039,2446.9,ETH-25DEC26,0.5463,0.25509,4.22897,2668.0,2.0,0.0010000000000000009,ETH,2421.78,243.72
2026-09-10T13:30:52.712943+00:00,ETH-30OCT26-2050-C,2433.52,ETH-30OCT26,call,2050.0,2026-10-30T08:00:00+00:00,0.13626344484552058,0.175,0.1795,0.177581,0.17725,2433.52,ETH-30OCT26,0.5446,0.82946,2.27779,479.0,0.0,0.004500000000000004,ETH,2421.78,0.0
2026-09-10T13:30:52.712943+00:00,ETH-26MAR27-1600-C,2469.77,ETH-26MAR27,call,1600.0,2027-03-26T08:00:00+00:00,0.5387275105539395,0.3775,0.386,0.382566,0.38175,2469.77,ETH-26MAR27,0.6034,0.88518,3.51554,879.0,0.0,0.008500000000000008,ETH,2421.78,0.0
2026-09-10T13:30:52.712943+00:00,ETH-13SEP26-2300-C,2422.51,ETH-13SEP26,call,2300.0,2026-09-13T08:00:00+00:00,0.007584457850311811,0.0505,0.055,0.053133,0.05275,2422.51,ETH-13SEP26,0.5073,0.88297,0.41448,0.0,0.0,0.004499999999999997,ETH,2421.78,0.0
2026-09-10T13:30:52.712943+00:00,ETH-25DEC26-3200-C,2446.9,ETH-25DEC26,call,3200.0,2026-12-25T08:00:00+00:00,0.28958308892491824,0.033,0.034,0.033475,0.0335,2446.9,ETH-25DEC26,0.5508,0.22424,3.94153,68337.0,0.0,0.0010000000000000009,ETH,2421.78,0.0
2026-09-10T13:30:52.712943+00:00,ETH-25DEC26-4400-C,2446.4,ETH-25DEC26,call,4400.0,2026-12-25T08:00:00+00:00,0.28958308892491824,0.0065,0.0075,0.006936,0.007,2446.4,ETH-25DEC26,0.6188,0.05522,1.46926,3749.0,0.0,0.001,ETH,2421.78,0.0
2026-09-10T13:30:52.712943+00:00,ETH-26MAR27-4000-C,2469.77,ETH-26MAR27,call,4000.0,2027-03-26T08:00:00+00:00,0.5387275105539395,0.032,0.034,0.033211,0.033,2469.77,ETH-26MAR27,0.574,0.17523,4.67776,2561.0,0.0,0.0020000000000000018,ETH,2421.78,0.0
2026-09-10T13:30:52.712943+00:00,ETH-25SEP26-7400-P,2426.28,ETH-25SEP26,put,7400.0,2026-09-25T08:00:00+00:00,0.04043866729589703,2.041,2.0595,2.049823,2.05025,2426.28,ETH-25SEP26,1.1765,-1.0,5e-05,0.0,0.0,0.01849999999999996,ETH,2421.78,0.0
2026-09-10T13:30:52.712943+00:00,ETH-14SEP26-2240-C,2422.83,ETH-14SEP26,call,2240.0,2026-09-14T08:00:00+00:00,0.01032230863744391,0.0745,0.079,0.077072,0.07675,2422.83,ETH-14SEP26,0.5304,0.93055,0.32851,0.0,0.0,0.004500000000000004,ETH,2422.06,0.0
2026-09-10T13:30:52.712943+00:00,ETH-30OCT26-2100-P,2433.52,ETH-30OCT26,put,2100.0,2026-10-30T08:00:00+00:00,0.13626344484552058,0.024,0.025,0.024531,0.0245,2433.52,ETH-30OCT26,0.5381,-0.20038,2.51808,4026.0,674.0,0.0010000000000000009,ETH,2422.06,34321.99
2026-09-10T13:30:52.712943+00:00,ETH-12SEP26-2580-P,2422.14,ETH-12SEP26,put,2580.0,2026-09-12T08:00:00+00:00,0.00484660706317971,0.0635,0.0695,0.066613,0.0665,2422.14,ETH-12SEP26,0.6152000000000001,-0.92736,0.23283,0.0,0.0,0.006000000000000005,ETH,2422.06,0.0
2026-09-10T13:30:52.712943+00:00,ETH-27NOV26-3200-C,2439.61,ETH-27NOV26,call,3200.0,2026-11-27T08:00:00+00:00,0.21292326688521943,0.022,0.023,0.022631,0.0225,2439.61,ETH-27NOV26,0.5627,0.18003,2.95486,203.0,83.0,0.0010000000000000009,ETH,2422.06,5097.19
2026-09-10T13:30:52.712943+00:00,ETH-25SEP26-2800-P,2426.31,ETH-25SEP26,put,2800.0,2026-09-25T08:00:00+00:00,0.04043866729589703,0.157,0.1635,0.160427,0.16025,2426.31,ETH-25SEP26,0.5742,-0.88201,0.96461,1340.0,0.0,0.006500000000000006,ETH,2422.06,0.0
2026-09-10T13:30:52.712943+00:00,ETH-13SEP26-2800-C,2422.47,ETH-13SEP26,call,2800.0,2026-09-13T08:00:00+00:00,0.007584457850311811,,0.0003,0.000171,,2422.47,ETH-13SEP26,0.6907,0.00869,0.04974,10.0,11.0,,ETH,2421.81,12.86
2026-09-10T13:30:52.712943+00:00,ETH-25SEP26-6200-C,2426.31,ETH-25SEP26,call,6200.0,2026-09-25T08:00:00+00:00,0.04043866729589703,,0.0001,1e-06,,2426.31,ETH-25SEP26,1.1125,2e-05,0.00047,2798.0,0.0,,ETH,2421.81,0.0
2026-09-10T13:30:52.712943+00:00,ETH-11SEP26-2150-P,2421.83,ETH-11SEP26,put,2150.0,2026-09-11T08:00:00+00:00,0.002108756276047608,,0.0001,7.5e-05,,2421.83,ETH-11SEP26,1.0171999999999999,-0.00507,0.01627,4797.0,16.0,,ETH,2422.06,3.95
2026-09-10T13:30:52.712943+00:00,ETH-11SEP26-2150-C,2422.33,ETH-11SEP26,call,2150.0,2026-09-11T08:00:00+00:00,0.002108756276047608,0.11,0.114,0.112306,0.112,2422.33,ETH-11SEP26,1.0171999999999999,0.99497,0.01616,0.0,0.0,0.0040000000000000036,ETH,2422.06,0.0
2026-09-10T13:30:52.712943+00:00,ETH-11SEP26-2570-C,2422.33,ETH-11SEP26,call,2570.0,2026-09-11T08:00:00+00:00,0.002108756276047608,0.0001,0.0004,0.000232,0.00025,2422.33,ETH-11SEP26,0.6358,0.02134,0.05683,1043.0,777.0,0.00030000000000000003,ETH,2422.06,1670.81
2026-09-10T13:30:52.712943+00:00,ETH-14SEP26-2200-P,2422.83,ETH-14SEP26,put,2200.0,2026-09-14T08:00:00+00:00,0.01032230863744391,0.001,0.0013,0.001089,0.00115,2422.83,ETH-14SEP26,0.5694,-0.04506,0.23356,0.0,0.0,0.0002999999999999999,ETH,2421.81,0.0
2026-09-10T13:30:52.712943+00:00,ETH-27NOV26-3600-P,2439.61,ETH-27NOV26,put,3600.0,2026-11-27T08:00:00+00:00,0.21292326688521943,0.4825,0.4935,0.487159,0.488,2439.61,ETH-27NOV26,0.5929,-0.90059,1.96777,0.0,0.0,0.01100000000000001,ETH,2421.81,0.0
2026-09-10T13:30:52.712943+00:00,ETH-26MAR27-4600-C,2469.77,ETH-26MAR27,call,4600.0,2027-03-26T08:00:00+00:00,0.5387275105539395,0.019,0.0205,0.01989,0.01975,2469.77,ETH-26MAR27,0.5914,0.11197,3.45212,1403.0,0.0,0.0015000000000000013,ETH,2421.17,0.0
2026-09-10T13:30:52.712943+00:00,ETH-25SEP26-1700-P,2426.31,ETH-25SEP26,put,1700.0,2026-09-25T08:00:00+00:00,0.04043866729589703,0.0005,0.0008,0.00062,0.00065,2426.31,ETH-25SEP26,0.7970999999999999,-0.01086,0.13975,9248.0,1730.0,0.00030000000000000003,ETH,2421.17,2796.12
2026-09-10T13:30:52.712943+00:00,ETH-27NOV26-4400-P,2439.57,ETH-27NOV26,put,4400.0,2026-11-27T08:00:00+00:00,0.21292326688521943,0.8005,0.8155,0.807566,0.808,2439.57,ETH-27NOV26,0.6543000000000001,-0.96427,0.88494,0.0,0.0,0.015000000000000013,ETH,2421.17,0.0
2026-09-10T13:30:52.712943+00:00,ETH-30OCT26-3600-C,2433.52,ETH-30OCT26,call,3600.0,2026-10-30T08:00:00+00:00,0.13626344484552058,0.0047,0.0049,0.00501,0.0048,2433.52,ETH-30OCT26,0.622,0.05563,1.00801,5048.0,1.0,0.00019999999999999966,ETH,2421.17,11.61
2026-09-10T13:30:52.712943+00:00,ETH-11SEP26-2560-C,2421.83,ETH-11SEP26,call,2560.0,2026-09-11T08:00:00+00:00,0.002108756276047608,0.0002,0.0005,0.000301,0.00035,2421.83,ETH-11SEP26,0.626,0.02657,0.06827,1094.0,592.0,0.00030000000000000003,ETH,2421.17,1816.71
2026-09-10T13:30:52.712943+00:00,ETH-18SEP26-2700-C,2424.12,ETH-18SEP26,call,2700.0,2026-09-18T08:00:00+00:00,0.021273711785972316,0.0043,0.0045,0.004488,0.0044,2424.12,ETH-18SEP26,0.5870000000000001,0.1107,0.66772,5813.0,2103.0,0.00019999999999999966,ETH,2421.09,31070.4
2026-09-10T13:30:52.712943+00:00,ETH-26MAR27-2000-C,2469.77,ETH-26MAR27,call,2000.0,2027-03-26T08:00:00+00:00,0.5387275105539395,0.2535,0.2655,0.261437,0.2595,2469.77,ETH-26MAR27,0.5615,0.76329,5.59257,1845.0,0.0,0.01200000000000001,ETH,2421.09,0.0
2026-09-10T13:30:52.712943+00:00,ETH-13SEP26-2400-C,2422.5,ETH-13SEP26,call,2400.0,2026-09-13T08:00:00+00:00,0.007584457850311811,0.02,0.022,0.021065,0.021,2422.5,ETH-13SEP26,0.4621,0.59547,0.81695,51.0,51.0,0.0019999999999999983,ETH,2421.09,3102.99
2026-09-10T13:30:52.712943+00:00,ETH-25SEP26-5600-P,2426.28,ETH-25SEP26,put,5600.0,2026-09-25T08:00:00+00:00,0.04043866729589703,1.3015,1.3155,1.307982,1.3085,2426.28,ETH-25SEP26,1.1113,-0.99986,0.00266,0.0,0.0,0.01399999999999979,ETH,2421.09,0.0
2026-09-10T13:30:52.712943+00:00,ETH-25SEP26-5500-C,2426.31,ETH-25SEP26,call,5500.0,2026-09-25T08:00:00+00:00,0.04043866729589703,,0.0001,1e-05,,2426.31,ETH-25SEP26,1.1113,0.00019,0.00355,2169.0,0.0,,ETH,2421.09,0.0
2026-09-10T13:30:52.712943+00:00,ETH-25JUN27-5000-P,2497.29,ETH-25JUN27,put,5000.0,2027-06-25T08:00:00+00:00,0.7878719321829607,1.018,1.051,1.033406,1.0345,2497.29,ETH-25JUN27,0.5879,-0.85767,4.98764,0.0,0.0,0.03299999999999992,ETH,2421.09,0.0
2026-09-10T13:30:52.712943+00:00,ETH-30OCT26-3100-C,2433.02,ETH-30OCT26,call,3100.0,2026-10-30T08:00:00+00:00,0.13626344484552058,0.0135,0.0145,0.014217,0.014,2433.02,ETH-30OCT26,0.5647,0.14457,2.0427,1496.0,600.0,0.0010000000000000009,ETH,2421.42,24427.14
2026-09-10T13:30:52.712943+00:00,ETH-27NOV26-3300-P,2439.57,ETH-27NOV26,put,3300.0,2026-11-27T08:00:00+00:00,0.21292326688521943,0.3675,0.377,0.371813,0.37225,2439.57,ETH-27NOV26,0.5707,-0.8453,2.67878,0.0,0.0,0.009500000000000008,ETH,2421.42,0.0
2026-09-10T13:30:52.712943+00:00,ETH-18SEP26-2250-C,2424.12,ETH-18SEP26,call,2250.0,2026-09-18T08:00:00+00:00,0.021273711785972316,0.0775,0.08,0.078972,0.07875,2424.12,ETH-18SEP26,0.5439,0.83515,0.87692,52.0,0.0,0.0025000000000000022,ETH,2421.42,0.0
2026-09-10T13:30:52.712943+00:00,ETH-27NOV26-2250-P,2439.61,ETH-27NOV26,put,2250.0,2026-11-27T08:00:00+00:00,0.21292326688521943,0.0595,0.061,0.060485,0.06025,2439.61,ETH-27NOV26,0.5344,-0.32626,4.05829,821.0,1.0,0.0015000000000000013,ETH,2421.42,122.8
2026-09-10T13:30:52.712943+00:00,ETH-25JUN27-3500-C,2497.29,ETH-25JUN27,call,3500.0,2027-06-25T08:00:00+00:00,0.7878719321829607,0.085,0.0875,0.086378,0.08625,2497.29,ETH-25JUN27,0.5624,0.33445,8.06817,2814.0,9.0,0.0024999999999999883,ETH,2421.09,2061.42
2026-09-10T13:30:52.712943+00:00,ETH-25JUN27-3600-P,2497.29,ETH-25JUN27,put,3600.0,2027-06-25T08:00:00+00:00,0.7878719321829607,0.5165,0.5345,0.52185,0.5255,2497.29,ETH-25JUN27,0.5636,-0.68495,7.87354,0.0,0.0,0.018000000000000016,ETH,2421.42,0.0
2026-09-10T13:30:52.712943+00:00,ETH-25SEP26-1700-C,2426.28,ETH-25SEP26,call,1700.0,2026-09-25T08:00:00+00:00,0.04043866729589703,0.298,0.3015,0.299985,0.29975,2426.28,ETH-25SEP26,0.7970999999999999,0.98913,0.1398,2190.0,0.0,0.003500000000000003,ETH,2421.42,0.0
2026-09-10T13:30:52.712943+00:00,ETH-13SEP26-2320-C,2422.51,ETH-13SEP26,call,2320.0,2026-09-13T08:00:00+00:00,0.007584457850311811,0.044,0.047,0.045778,0.0455,2422.51,ETH-13SEP26,0.4926,0.84777,0.49661,0.0,0.0,0.0030000000000000027,ETH,2421.87,0.0
2026-09-10T13:30:52.712943+00:00,ETH-26MAR27-1400-P,2469.77,ETH-26MAR27,put,1400.0,2027-03-26T08:00:00+00:00,0.5387275105539395,0.019,0.02,0.01914,0.0195,2469.77,ETH-26MAR27,0.6396999999999999,-0.07449,2.55336,1850.0,0.0,0.0010000000000000009,ETH,2421.87,0.0
2026-09-10T13:30:52.712943+00:00,ETH-14SEP26-2660-P,2422.83,ETH-14SEP26,put,2660.0,2026-09-14T08:00:00+00:00,0.01032230863744391,0.096,0.1025,0.099157,0.09925,2422.83,ETH-14SEP26,0.5534,-0.94904,0.25769,0.0,0.0,0.006499999999999992,ETH,2421.87,0.0
2026-09-10T13:30:52.712943+00:00,ETH-25SEP26-7500-P,2426.28,ETH-25SEP26,put,7500.0,2026-09-25T08:00:00+00:00,0.04043866729589703,2.082,2.1015,2.091037,2.09175,2426.28,ETH-25SEP26,1.1895,-1.0,5e-05,0.0,0.0,0.019500000000000295,ETH,2421.87,0.0
2026-09-10T13:30:52.712943+00:00,ETH-25SEP26-2360-P,2426.31,ETH-25SEP26,put,2360.0,2026-09-25T08:00:00+00:00,0.04043866729589703,0.028,0.0285,0.028546,0.02825,2426.31,ETH-25SEP26,0.5152,-0.37503,1.85049,1305.0,1090.0,0.0005000000000000004,ETH,2421.87,69960.1
2026-09-10T13:30:52.712943+00:00,ETH-26MAR27-1800-P,2469.77,ETH-26MAR27,put,1800.0,2027-03-26T08:00:00+00:00,0.5387275105539395,0.0465,0.048,0.047241,0.04725,2469.77,ETH-26MAR27,0.5777,-0.1691,4.57291,3760.0,0.0,0.0015000000000000013,ETH,2421.87,0.0
2026-09-10T13:30:52.712943+00:00,ETH-25SEP26-2200-C,2426.31,ETH-25SEP26,call,2200.0,2026-09-25T08:00:00+00:00,0.04043866729589703,0.1025,0.1045,0.103608,0.1035,2426.31,ETH-25SEP26,0.5398,0.83029,1.23348,7962.0,2.0,0.0020000000000000018,ETH,2421.82,586.76
2026-09-10T13:30:52.712943+00:00,ETH-26MAR27-3500-C,2469.77,ETH-26MAR27,call,3500.0,2027-03-26T08:00:00+00:00,0.5387275105539395,0.0525,0.0545,0.05365,0.0535,2469.77,ETH-26MAR27,0.5611999999999999,0.26099,5.89297,4201.0,3.0,0.0020000000000000018,ETH,2421.82,419.77
2026-09-10T13:30:52.712943+00:00,ETH-30OCT26-3800-P,2433.02,ETH-30OCT26,put,3800.0,2026-10-30T08:00:00+00:00,0.13626344484552058,0.561,0.571,0.565364,0.566,2433.02,ETH-30OCT26,0.6437,-0.96063,0.76412,0.0,0.0,0.009999999999999898,ETH,2421.82,0.0
2026-09-10T13:30:52.712943+00:00,ETH-27NOV26-2100-C,2439.61,ETH-27NOV26,call,2100.0,2026-11-27T08:00:00+00:00,0.21292326688521943,0.174,0.1795,0.178652,0.17675,2439.61,ETH-27NOV26,0.5448,0.76472,3.4625,1.0,0.0,0.005500000000000005,ETH,2421.82,0.0
2026-09-10T13:30:52.712943+00:00,ETH-25SEP26-5500-P,2426.31,ETH-25SEP26,put,5500.0,2026-09-25T08:00:00+00:00,0.04043866729589703,1.26,1.274,1.266771,1.267,2426.31,ETH-25SEP26,1.1113,-0.99981,0.00357,1.0,0.0,0.014000000000000012,ETH,2421.82,0.0
2026-09-10T13:30:52.712943+00:00,ETH-14SEP26-2520-C,2422.83,ETH-14SEP26,call,2520.0,2026-09-14T08:00:00+00:00,0.01032230863744391,0.0055,0.006,0.005784,0.00575,2422.83,ETH-14SEP26,0.4755,0.21359,0.71636,0.0,0.0,0.0005000000000000004,ETH,2421.45,0.0
2026-09-10T13:30:52.712943+00:00,ETH-30OCT26-2200-C,2433.02,ETH-30OCT26,call,2200.0,2026-10-30T08:00:00+00:00,0.13626344484552058,0.13,0.1325,0.131418,0.13125,2433.02,ETH-30OCT26,0.528,0.73019,2.96917,1295.0,0.0,0.0025000000000000022,ETH,2421.45,0.0
2026-09-10T13:30:52.712943+00:00,ETH-25JUN27-1500-P,2497.29,ETH-25JUN27,put,1500.0,2027-06-25T08:00:00+00:00,0.7878719321829607,0.037,0.039,0.037819,0.038,2497.29,ETH-25JUN27,0.6076,-0.11238,4.23258,502.0,0.0,0.0020000000000000018,ETH,2421.82,0.0
2026-09-10T13:30:52.712943+00:00,ETH-26MAR27-3600-P,2469.77,ETH-26MAR27,put,3600.0,2027-03-26T08:00:00+00:00,0.5387275105539395,0.4965,0.519,0.506158,0.50775,2469.77,ETH-26MAR27,0.5636,-0.75938,5.64382,1.0,0.0,0.02250000000000002,ETH,2421.45,0.0
2026-09-10T13:30:52.712943+00:00,ETH-25SEP26-2900-C,2426.31,ETH-25SEP26,call,2900.0,2026-09-25T08:00:00+00:00,0.04043866729589703,0.0039,0.004,0.004049,0.00395,2426.31,ETH-25SEP26,0.5995,0.07766,0.70933,17202.0,392.0,0.00010000000000000026,ETH,2421.45,5234.06
2026-09-10T13:30:52.712943+00:00,ETH-26MAR27-1900-C,2469.77,ETH-26MAR27,call,1900.0,2027-03-26T08:00:00+00:00,0.5387275105539395,0.2845,0.292,0.288993,0.28825,2469.77,ETH-26MAR27,0.5686,0.79863,5.09706,2451.0,0.0,0.007500000000000007,ETH,2421.45,0.0
2026-09-10T13:30:52.712943+00:00,ETH-18SEP26-2650-P,2424.62,ETH-18SEP26,put,2650.0,2026-09-18T08:00:00+00:00,0.021273711785972316,0.0965,0.1025,0.099357,0.0995,2424.62,ETH-18SEP26,0.5665,-0.85112,0.82014,48.0,0.0,0.0059999999999999915,ETH,2421.45,0.0
2026-09-10T13:30:52.712943+00:00,ETH-25SEP26-5400-P,2426.31,ETH-25SEP26,put,5400.0,2026-09-25T08:00:00+00:00,0.04043866729589703,1.219,1.2325,1.225561,1.22575,2426.31,ETH-25SEP26,1.1113,-0.99974,0.00475,4.0,0.0,0.013499999999999845,ETH,2421.24,0.0
2026-09-10T13:30:52.712943+00:00,ETH-25SEP26-1900-P,2426.31,ETH-25SEP26,put,1900.0,2026-09-25T08:00:00+00:00,0.04043866729589703,0.0015,0.0018,0.001628,0.00165,2426.31,ETH-25SEP26,0.6690999999999999,-0.02995,0.33152,20319.0,500.0,0.0002999999999999999,ETH,2421.24,2085.45
2026-09-10T13:30:52.712943+00:00,ETH-25SEP26-3400-P,2426.28,ETH-25SEP26,put,3400.0,2026-09-25T08:00:00+00:00,0.04043866729589703,0.398,0.4075,0.401946,0.40275,2426.28,ETH-25SEP26,0.7353000000000001,-0.98641,0.16973,870.0,0.0,0.009499999999999953,ETH,2421.24,0.0
2026-09-10T13:30:52.712943+00:00,ETH-11SEP26-2540-C,2422.33,ETH-11SEP26,call,2540.0,2026-09-11T08:00:00+00:00,0.002108756276047608,0.0003,0.0007,0.000479,0.0005,2422.33,ETH-11SEP26,0.6001,0.04134,0.09825,525.0,348.0,0.0004,ETH,2421.24,1714.59
2026-09-10T13:30:52.712943+00:00,ETH-26MAR27-1900-P,2469.77,ETH-26MAR27,put,1900.0,2027-03-26T08:00:00+00:00,0.5387275105539395,0.0575,0.059,0.058277,0.05825,2469.77,ETH-26MAR27,0.5686,-0.20152,5.09826,3292.0,0.0,0.0014999999999999944,ETH,2421.24,0.0
2026-09-10T13:30:52.712943+00:00,ETH-2OCT26-2800-P,2427.56,ETH-2OCT26,put,2800.0,2026-10-02T08:00:00+00:00,0.05960362280582174,0.161,0.169,0.164403,0.165,2427.56,ETH-2OCT26,0.5556,-0.83812,1.45298,0.0,0.0,0.008000000000000007,ETH,2421.24,0.0
2026-09-10T13:30:52.712943+00:00,ETH-27NOV26-2250-C,2439.61,ETH-27NOV26,call,2250.0,2026-11-27T08:00:00+00:00,0.21292326688521943,0.137,0.139,0.138225,0.138,2439.61,ETH-27NOV26,0.5344,0.67364,4.05853,51.0,0.0,0.0020000000000000018,ETH,2421.28,0.0
2026-09-10T13:30:52.712943+00:00,ETH-30OCT26-2700-C,2433.02,ETH-30OCT26,call,2700.0,2026-10-30T08:00:00+00:00,0.13626344484552058,0.038,0.039,0.038731,0.0385,2433.02,ETH-30OCT26,0.5304,0.33156,3.25856,1352.0,41.0,0.0010000000000000009,ETH,2421.28,4926.2
2026-09-10T13:30:52.712943+00:00,ETH-13SEP26-2380-P,2422.51,ETH-13SEP26,put,2380.0,2026-09-13T08:00:00+00:00,0.007584457850311811,0.008,0.009,0.008701,0.0085,2422.51,ETH-13SEP26,0.46380000000000005,-0.32659,0.76041,249.0,249.0,0.0009999999999999992,ETH,2421.28,6463.19
2026-09-10T13:30:52.712943+00:00,ETH-25SEP26-7400-C,2426.31,ETH-25SEP26,call,7400.0,2026-09-25T08:00:00+00:00,0.04043866729589703,,0.0001,0.0,,2426.31,ETH-25SEP26,1.1765,0.0,5e-05,1322.0,0.0,,ETH,2421.28,0.0
2026-09-10T13:30:52.712943+00:00,ETH-25SEP26-5200-P,2426.28,ETH-25SEP26,put,5200.0,2026-09-25T08:00:00+00:00,0.04043866729589703,1.137,1.15,1.143146,1.1435,2426.28,ETH-25SEP26,1.1113,-0.99952,0.0084,3.0,0.0,0.0129999999999999,ETH,2421.28,0.0
2026-09-10T13:30:52.712943+00:00,ETH-2OCT26-3000-P,2427.56,ETH-2OCT26,put,3000.0,2026-10-02T08:00:00+00:00,0.05960362280582174,0.237,0.244,0.241129,0.2405,2427.56,ETH-2OCT26,0.5976,-0.91635,0.9112,0.0,0.0,0.007000000000000006,ETH,2421.3,0.0
2026-09-10T13:30:52.712943+00:00,ETH-13SEP26-2560-C,2422.5,ETH-13SEP26,call,2560.0,2026-09-13T08:00:00+00:00,0.007584457850311811,0.0022,0.0026,0.002429,0.0024,2422.5,ETH-13SEP26,0.515,0.11166,0.40076,536.0,656.0,0.00039999999999999975,ETH,2421.3,11143.07
2026-09-10T13:30:52.712943+00:00,ETH-25SEP26-14000-P,2426.31,ETH-25SEP26,put,14000.0,2026-09-25T08:00:00+00:00,0.04043866729589703,4.7505,4.7895,4.77015,4.77,2426.31,ETH-25SEP26,1.7753,-1.0,3e-05,0.0,0.0,0.03900000000000059,ETH,2421.3,0.0
2026-09-10T13:30:52.712943+00:00,ETH-18SEP26-2700-P,2424.62,ETH-18SEP26,put,2700.0,2026-09-18T08:00:00+00:00,0.021273711785972316,0.115,0.121,0.118316,0.118,2424.62,ETH-18SEP26,0.5869,-0.88926,0.66789,25.0,0.0,0.0059999999999999915,ETH,2421.28,0.0
2026-09-10T13:30:52.712943+00:00,ETH-25DEC26-2600-P,2446.9,ETH-25DEC26,put,2600.0,2026-12-25T08:00:00+00:00,0.28958308892491824,0.1505,0.152,0.151448,0.15125,2446.9,ETH-25DEC26,0.532,-0.52817,5.23884,1229.0,44.0,0.0015000000000000013,ETH,2421.3,15393.23
2026-09-10T13:30:52.712943+00:00,ETH-25SEP26-6400-P,2426.31,ETH-25SEP26,put,6400.0,2026-09-25T08:00:00+00:00,0.04043866729589703,1.63,1.6465,1.637784,1.63825,2426.31,ETH-25SEP26,1.114,-0.99999,0.00027,0.0,0.0,0.01650000000000018,ETH,2421.3,0.0
2026-09-10T13:30:52.712943+00:00,ETH-13SEP26-2520-P,2422.5,ETH-13SEP26,put,2520.0,2026-09-13T08:00:00+00:00,0.007584457850311811,0.0425,0.047,0.044434,0.04475,2422.5,ETH-13SEP26,0.4913,-0.81858,0.55603,0.0,0.0,0.004499999999999997,ETH,2421.41,0.0
2026-09-10T13:30:52.712943+00:00,ETH-11SEP26-2350-P,2422.33,ETH-11SEP26,put,2350.0,2026-09-11T08:00:00+00:00,0.002108756276047608,0.001,0.0013,0.001157,0.00115,2422.33,ETH-11SEP26,0.5196000000000001,-0.10364,0.19994,4368.0,1849.0,0.0002999999999999999,ETH,2421.3,3022.61
2026-09-10T13:30:52.712943+00:00,ETH-25SEP26-6600-P,2426.28,ETH-25SEP26,put,6600.0,2026-09-25T08:00:00+00:00,0.04043866729589703,1.7125,1.7285,1.720113,1.7205,2426.28,ETH-25SEP26,1.1199,-0.99999,0.00016,0.0,0.0,0.016000000000000014,ETH,2421.41,0.0
2026-09-10T13:30:52.712943+00:00,ETH-25SEP26-2800-C,2426.31,ETH-25SEP26,call,2800.0,2026-09-25T08:00:00+00:00,0.04043866729589703,0.006,0.0065,0.006397,0.00625,2426.31,ETH-25SEP26,0.5742,0.11764,0.96238,15202.0,11.0,0.0004999999999999996,ETH,2421.41,250.38
2026-09-10T13:30:52.712943+00:00,ETH-25DEC26-2900-C,2446.9,ETH-25DEC26,call,2900.0,2026-12-25T08:00:00+00:00,0.28958308892491824,0.0535,0.055,0.054122,0.05425,2446.9,ETH-25DEC26,0.5387,0.32904,4.76226,3757.0,22.0,0.0015000000000000013,ETH,2421.41,3568.73
2026-09-10T13:30:52.712943+00:00,ETH-27NOV26-4000-P,2439.61,ETH-27NOV26,put,4000.0,2026-11-27T08:00:00+00:00,0.21292326688521943,0.641,0.6535,0.646042,0.64725,2439.61,ETH-27NOV26,0.6248,-0.94194,1.30694,0.0,0.0,0.012499999999999956,ETH,2421.41,0.0
2026-09-10T13:30:52.712943+00:00,ETH-18SEP26-2450-P,2424.12,ETH-18SEP26,put,2450.0,2026-09-18T08:00:00+00:00,0.021273711785972316,0.035,0.036,0.036002,0.0355,2424.12,ETH-18SEP26,0.5192,-0.54243,1.40234,2428.0,818.0,0.000999999999999994,ETH,2421.41,67342.52
2026-09-10T13:30:52.712943+00:00,ETH-26MAR27-2700-P,2469.77,ETH-26MAR27,put,2700.0,2027-03-26T08:00:00+00:00,0.5387275105539395,0.2155,0.2185,0.217422,0.217,2469.77,ETH-26MAR27,0.5478000000000001,-0.5085,7.23038,191.0,0.0,0.0030000000000000027,ETH,2421.26,0.0
2026-09-10T13:30:52.712943+00:00,ETH-12SEP26-2480-P,2422.17,ETH-12SEP26,put,2480.0,2026-09-12T08:00:00+00:00,0.00484660706317971,0.029,0.0315,0.03024,0.03025,2422.17,ETH-12SEP26,0.5509000000000001,-0.72742,0.55977,626.0,561.0,0.0024999999999999988,ETH,2421.26,25270.25
2026-09-10T13:30:52.712943+00:00,ETH-11SEP26-2520-C,2422.33,ETH-11SEP26,call,2520.0,2026-09-11T08:00:00+00:00,0.002108756276047608,0.0007,0.0009,0.000795,0.0008,2422.33,ETH-11SEP26,0.5777,0.06688,0.14389,681.0,304.0,0.00019999999999999998,ETH,2421.41,1477.51
2026-09-10T13:30:52.712943+00:00,ETH-11SEP26-2480-P,2422.33,ETH-11SEP26,put,2480.0,2026-09-11T08:00:00+00:00,0.002108756276047608,0.024,0.028,0.026033,0.026,2422.33,ETH-11SEP26,0.5174,-0.84283,0.26693,243.0,2.0,0.004,ETH,2421.26,42.19
2026-09-10T13:30:52.712943+00:00,ETH-11SEP26-2500-P,2422.33,ETH-11SEP26,put,2500.0,2026-09-11T08:00:00+00:00,0.002108756276047608,0.0305,0.036,0.033526,0.03325,2422.33,ETH-11SEP26,0.5456,-0.89858,0.19681,1517.0,235.0,0.005499999999999998,ETH,2421.26,8529.48
2026-09-10T13:30:52.712943+00:00,ETH-11SEP26-2440-C,2422.33,ETH-11SEP26,call,2440.0,2026-09-11T08:00:00+00:00,0.002108756276047608,0.005,0.006,0.005608,0.0055,2422.33,ETH-11SEP26,0.48200000000000004,0.36472,0.41711,125.0,324.0,0.001,ETH,2421.26,10123.67
2026-09-10T13:30:52.712943+00:00,ETH-14SEP26-2700-C,2422.8,ETH-14SEP26,call,2700.0,2026-09-14T08:00:00+00:00,0.01032230863744391,0.0007,0.001,0.000789,0.00085,2422.8,ETH-14SEP26,0.5781000000000001,0.03434,0.18719,1.0,1.0,0.00030000000000000003,ETH,2421.23,2.18
2026-09-10T13:30:52.712943+00:00,ETH-25SEP26-3500-C,2426.28,ETH-25SEP26,call,3500.0,2026-09-25T08:00:00+00:00,0.04043866729589703,0.0004,0.0006,0.000502,0.0005,2426.28,ETH-25SEP26,0.7597,0.01005,0.13057,21826.0,750.0,0.00019999999999999993,ETH,2421.23,1846.33
2026-09-10T13:30:52.712943+00:00,ETH-12SEP26-2340-P,2422.2,ETH-12SEP26,put,2340.0,2026-09-12T08:00:00+00:00,0.00484660706317971,0.0036,0.004,0.003957,0.0038,2422.2,ETH-12SEP26,0.5605,-0.18539,0.45032,31.0,21.0,0.0004000000000000002,ETH,2421.23,143.93
2026-09-10T13:30:52.712943+00:00,ETH-25SEP26-1800-C,2426.28,ETH-25SEP26,call,1800.0,2026-09-25T08:00:00+00:00,0.04043866729589703,0.2565,0.2605,0.259173,0.2585,2426.28,ETH-25SEP26,0.7349,0.98172,0.21888,6233.0,0.0,0.0040000000000000036,ETH,2421.23,0.0
2026-09-10T13:30:52.712943+00:00,ETH-12SEP26-2540-P,2422.17,ETH-12SEP26,put,2540.0,2026-09-12T08:00:00+00:00,0.00484660706317971,0.048,0.054,0.051143,0.051,2422.17,ETH-12SEP26,0.586,-0.87593,0.34502,10.0,0.0,0.005999999999999998,ETH,2421.22,0.0
2026-09-10T13:30:52.712943+00:00,ETH-26MAR27-3400-C,2469.77,ETH-26MAR27,call,3400.0,2027-03-26T08:00:00+00:00,0.5387275105539395,0.058,0.06,0.059269,0.059,2469.77,ETH-26MAR27,0.5587,0.28261,6.12953,1881.0,0.0,0.001999999999999995,ETH,2421.22,0.0
2026-09-10T13:30:52.712943+00:00,ETH-25JUN27-900-P,2497.29,ETH-25JUN27,put,900.0,2027-06-25T08:00:00+00:00,0.7878719321829607,0.0085,0.01,0.009156,0.00925,2497.29,ETH-25JUN27,0.7284,-0.0287,1.45336,874.0,26.0,0.0014999999999999996,ETH,2421.23,544.16
2026-09-10T13:30:52.712943+00:00,ETH-13SEP26-2640-P,2422.47,ETH-13SEP26,put,2640.0,2026-09-13T08:00:00+00:00,0.007584457850311811,0.0875,0.094,0.090768,0.09075,2422.47,ETH-13SEP26,0.5743,-0.95569,0.19738,0.0,0.0,0.006500000000000006,ETH,2421.22,0.0
2026-09-10T13:30:52.712943+00:00,ETH-12SEP26-2540-C,2422.17,ETH-12SEP26,call,2540.0,2026-09-12T08:00:00+00:00,0.00484660706317971,0.0022,0.0027,0.002522,0.00245,2422.17,ETH-12SEP26,0.586,0.12412,0.34511,203.0,100.0,0.0005,ETH,2421.22,1554.63
2026-09-10T13:30:52.712943+00:00,ETH-25JUN27-1300-C,2496.79,ETH-25JUN27,call,1300.0,2027-06-25T08:00:00+00:00,0.7878719321829607,0.498,0.508,0.503898,0.503,2496.79,ETH-25JUN27,0.6377,0.92435,3.15768,108.0,0.0,0.010000000000000009,ETH,2421.22,0.0
2026-09-10T13:30:52.712943+00:00,ETH-25SEP26-1850-P,2426.31,ETH-25SEP26,put,1850.0,2026-09-25T08:00:00+00:00,0.04043866729589703,0.0011,0.0015,0.001298,0.0013,2426.31,ETH-25SEP26,0.7028,-0.02343,0.27002,5691.0,0.0,0.00039999999999999996,ETH,2421.36,0.0
2026-09-10T13:30:52.712943+00:00,ETH-25DEC26-1500-C,2446.9,ETH-25DEC26,call,1500.0,2026-12-25T08:00:00+00:00,0.28958308892491824,0.3935,0.398,0.39622,0.39575,2446.9,ETH-25DEC26,0.6401,0.94416,1.48211,749.0,0.0,0.004500000000000004,ETH,2421.22,0.0
2026-09-10T13:30:52.712943+00:00,ETH-30OCT26-3400-C,2433.52,ETH-30OCT26,call,3400.0,2026-10-30T08:00:00+00:00,0.13626344484552058,0.007,0.0075,0.007346,0.00725,2433.52,ETH-30OCT26,0.5979,0.07967,1.33102,3351.0,0.0,0.0004999999999999996,ETH,2421.22,0.0
2026-09-10T13:30:52.712943+00:00,ETH-14SEP26-2100-C,2422.83,ETH-14SEP26,call,2100.0,2026-09-14T08:00:00+00:00,0.01032230863744391,0.1315,0.135,0.133749,0.13325,2422.83,ETH-14SEP26,0.6867,0.98117,0.11319,0.0,0.0,0.003500000000000003,ETH,2421.36,0.0
2026-09-10T13:30:52.712943+00:00,ETH-27NOV26-2750-P,2439.61,ETH-27NOV26,put,2750.0,2026-11-27T08:00:00+00:00,0.21292326688521943,0.177,0.184,0.180697,0.1805,2439.61,ETH-27NOV26,0.5385,-0.64017,4.21079,75.0,0.0,0.007000000000000006,ETH,2421.36,0.0
2026-09-10T13:30:52.712943+00:00,ETH-14SEP26-2280-C,2422.83,ETH-14SEP26,call,2280.0,2026-09-14T08:00:00+00:00,0.01032230863744391,0.059,0.0635,0.061663,0.06125,2422.83,ETH-14SEP26,0.4949,0.89062,0.46087,0.0,0.0,0.004500000000000004,ETH,2421.73,0.0
2026-09-10T13:30:52.712943+00:00,ETH-25SEP26-5000-P,2426.31,ETH-25SEP26,put,5000.0,2026-09-25T08:00:00+00:00,0.04043866729589703,1.0545,1.0675,1.060736,1.061,2426.31,ETH-25SEP26,1.0981999999999998,-0.99922,0.01304,2.0,0.0,0.0129999999999999,ETH,2421.36,0.0
2026-09-10T13:30:52.712943+00:00,ETH-18SEP26-2800-P,2424.62,ETH-18SEP26,put,2800.0,2026-09-18T08:00:00+00:00,0.021273711785972316,0.154,0.16,0.157522,0.157,2424.62,ETH-18SEP26,0.6281,-0.93739,0.43534,0.0,0.0,0.006000000000000005,ETH,2421.36,0.0
2026-09-10T13:30:52.712943+00:00,ETH-25DEC26-11000-P,2446.4,ETH-25DEC26,put,11000.0,2026-12-25T08:00:00+00:00,0.28958308892491824,3.4705,3.5025,3.496644,3.4865,2446.4,ETH-25DEC26,0.8748,-0.99845,0.06612,699.0,0.0,0.03200000000000003,ETH,2421.36,0.0
2026-09-10T13:30:52.712943+00:00,ETH-25DEC26-2800-C,2446.4,ETH-25DEC26,call,2800.0,2026-12-25T08:00:00+00:00,0.28958308892491824,0.063,0.0645,0.063752,0.06375,2446.4,ETH-25DEC26,0.5356000000000001,0.37245,4.98106,6832.0,39.0,0.0015000000000000013,ETH,2421.36,7300.45
2026-09-10T13:30:52.712943+00:00,ETH-27NOV26-4200-C,2439.57,ETH-27NOV26,call,4200.0,2026-11-27T08:00:00+00:00,0.21292326688521943,0.0047,0.0055,0.005088,0.0051,2439.57,ETH-27NOV26,0.6426999999999999,0.04611,1.08816,88.0,0.0,0.0007999999999999995,ETH,2421.73,0.0
2026-09-10T13:30:52.712943+00:00,ETH-30OCT26-1800-C,2433.02,ETH-30OCT26,call,1800.0,2026-10-30T08:00:00+00:00,0.13626344484552058,0.265,0.269,0.267571,0.267,2433.02,ETH-30OCT26,0.5964,0.93015,1.20393,106.0,0.0,0.0040000000000000036,ETH,2421.73,0.0
2026-09-10T13:30:52.712943+00:00,ETH-25JUN27-1800-P,2497.29,ETH-25JUN27,put,1800.0,2027-06-25T08:00:00+00:00,0.7878719321829607,0.067,0.069,0.0679,0.068,2497.29,ETH-25JUN27,0.5781000000000001,-0.18571,5.93079,771.0,2.0,0.0020000000000000018,ETH,2421.73,309.95
2026-09-10T13:30:52.712943+00:00,ETH-25DEC26-3400-P,2446.9,ETH-25DEC26,put,3400.0,2026-12-25T08:00:00+00:00,0.28958308892491824,0.4075,0.423,0.414435,0.41525,2446.9,ETH-25DEC26,0.5602,-0.82674,3.37271,89.0,0.0,0.015500000000000014,ETH,2421.73,0.0
2026-09-10T13:30:52.712943+00:00,ETH-25DEC26-1000-P,2446.9,ETH-25DEC26,put,1000.0,2026-12-25T08:00:00+00:00,0.28958308892491824,0.0018,0.0022,0.001978,0.002,2446.9,ETH-25DEC26,0.8073999999999999,-0.01145,0.39479,18446.0,1.0,0.0004000000000000002,ETH,2421.73,4.72
2026-09-10T13:30:52.712943+00:00,ETH-27NOV26-2200-P,2439.61,ETH-27NOV26,put,2200.0,2026-11-27T08:00:00+00:00,0.21292326688521943,0.052,0.053,0.052646,0.0525,2439.61,ETH-27NOV26,0.5368999999999999,-0.29437,3.88112,21.0,0.0,0.0010000000000000009,ETH,2421.88,0.0
2026-09-10T13:30:52.712943+00:00,ETH-14SEP26-2580-P,2422.83,ETH-14SEP26,put,2580.0,2026-09-14T08:00:00+00:00,0.01032230863744391,0.0645,0.0705,0.067683,0.0675,2422.83,ETH-14SEP26,0.5057,-0.88517,0.47721,0.0,0.0,0.0059999999999999915,ETH,2421.88,0.0
2026-09-10T13:30:52.712943+00:00,ETH-25SEP26-14000-C,2426.28,ETH-25SEP26,call,14000.0,2026-09-25T08:00:00+00:00,0.04043866729589703,,0.0001,0.0,,2426.28,ETH-25SEP26,1.7753,0.0,3e-05,2121.0,0.0,,ETH,2421.88,0.0
2026-09-10T13:30:52.712943+00:00,ETH-25JUN27-3700-P,2496.79,ETH-25JUN27,put,3700.0,2027-06-25T08:00:00+00:00,0.7878719321829607,0.551,0.57,0.556162,0.5605,2496.79,ETH-25JUN27,0.5653,-0.70297,7.67221,0.0,0.0,0.018999999999999906,ETH,2421.88,0.0
2026-09-10T13:30:52.712943+00:00,ETH-25SEP26-2440-C,2426.31,ETH-25SEP26,call,2440.0,2026-09-25T08:00:00+00:00,0.04043866729589703,0.038,0.039,0.038639,0.0385,2426.31,ETH-25SEP26,0.5146999999999999,0.49863,1.94682,5163.0,23.0,0.0010000000000000009,ETH,2421.69,2220.11
2026-09-10T13:30:52.712943+00:00,ETH-12SEP26-2620-C,2422.17,ETH-12SEP26,call,2620.0,2026-09-12T08:00:00+00:00,0.00484660706317971,0.0006,0.0009,0.000754,0.00075,2422.17,ETH-12SEP26,0.6442,0.0415,0.14961,952.0,38.0,0.00030000000000000003,ETH,2421.69,165.17
2026-09-10T13:30:52.712943+00:00,ETH-11SEP26-2420-C,2422.33,ETH-11SEP26,call,2420.0,2026-09-11T08:00:00+00:00,0.002108756276047608,0.0085,0.0095,0.008904,0.009,2422.33,ETH-11SEP26,0.46590000000000004,0.51602,0.44259,870.0,853.0,0.0009999999999999992,ETH,2421.88,24978.99
2026-09-10T13:30:52.712943+00:00,ETH-25SEP26-1850-C,2426.31,ETH-25SEP26,call,1850.0,2026-09-25T08:00:00+00:00,0.04043866729589703,0.2365,0.2405,0.238814,0.2385,2426.31,ETH-25SEP26,0.7028,0.97666,0.26923,2241.0,1.0,0.0040000000000000036,ETH,2421.69,577.09
2026-09-10T13:30:52.712943+00:00,ETH-25SEP26-10000-C,2426.28,ETH-25SEP26,call,10000.0,2026-09-25T08:00:00+00:00,0.04043866729589703,,0.0001,0.0,,2426.28,ETH-25SEP26,1.4631999999999998,0.0,4e-05,1965.0,0.0,,ETH,2421.69,0.0
2026-09-10T13:30:52.712943+00:00,ETH-25JUN27-2300-C,2497.29,ETH-25JUN27,call,2300.0,2027-06-25T08:00:00+00:00,0.7878719321829607,0.2285,0.2325,0.230044,0.2305,2497.29,ETH-25JUN27,0.5586,0.66025,8.11941,234.0,0.0,0.0040000000000000036,ETH,2421.69,0.0
2026-09-10T13:30:52.712943+00:00,ETH-25JUN27-2700-C,2497.29,ETH-25JUN27,call,2700.0,2027-06-25T08:00:00+00:00,0.7878719321829607,0.163,0.166,0.164721,0.1645,2497.29,ETH-25JUN27,0.5561,0.53508,8.80864,444.0,0.0,0.0030000000000000027,ETH,2421.69,0.0
2026-09-10T13:30:52.712943+00:00,ETH-12SEP26-2680-P,2422.17,ETH-12SEP26,put,2680.0,2026-09-12T08:00:00+00:00,0.00484660706317971,0.1035,0.11,0.106733,0.10675,2422.17,ETH-12SEP26,0.6877,-0.98208,0.07429,0.0,0.0,0.006500000000000006,ETH,2421.25,0.0
2026-09-10T13:30:52.712943+00:00,ETH-13SEP26-2420-P,2422.5,ETH-13SEP26,put,2420.0,2026-09-13T08:00:00+00:00,0.007584457850311811,0.0145,0.016,0.015511,0.01525,2422.5,ETH-13SEP26,0.4617,-0.48375,0.84064,324.0,318.0,0.0014999999999999996,ETH,2421.25,12907.46
2026-09-10T13:30:52.712943+00:00,ETH-25SEP26-16000-C,2426.28,ETH-25SEP26,call,16000.0,2026-09-25T08:00:00+00:00,0.04043866729589703,,0.0001,0.0,,2426.28,ETH-25SEP26,1.8954,0.0,2e-05,9830.0,0.0,,ETH,2421.25,0.0
2026-09-10T13:30:52.712943+00:00,ETH-25DEC26-3300-P,2446.4,ETH-25DEC26,put,3300.0,2026-12-25T08:00:00+00:00,0.28958308892491824,0.374,0.3855,0.377585,0.37975,2446.4,ETH-25DEC26,0.5553,-0.80304,3.65229,10.0,0.0,0.01150000000000001,ETH,2421.25,0.0
2026-09-10T13:30:52.712943+00:00,ETH-25DEC26-3400-C,2446.9,ETH-25DEC26,call,3400.0,2026-12-25T08:00:00+00:00,0.28958308892491824,0.024,0.025,0.024621,0.0245,2446.9,ETH-25DEC26,0.5602,0.17309,3.36985,14534.0,0.0,0.0010000000000000009,ETH,2421.25,0.0
2026-09-10T13:30:52.712943+00:00,ETH-27NOV26-2800-P,2439.57,ETH-27NOV26,put,2800.0,2026-11-27T08:00:00+00:00,0.21292326688521943,0.1935,0.1995,0.196285,0.1965,2439.57,ETH-27NOV26,0.5406,-0.66595,4.09657,34.0,0.0,0.006000000000000005,ETH,2421.1,0.0
2026-09-10T13:30:52.712943+00:00,ETH-25SEP26-6200-P,2426.31,ETH-25SEP26,put,6200.0,2026-09-25T08:00:00+00:00,0.04043866729589703,1.548,1.5635,1.555353,1.55575,2426.31,ETH-25SEP26,1.1125,-0.99998,0.00047,0.0,0.0,0.015499999999999847,ETH,2421.1,0.0
2026-09-10T13:30:52.712943+00:00,ETH-25DEC26-2000-C,2446.9,ETH-25DEC26,call,2000.0,2026-12-25T08:00:00+00:00,0.28958308892491824,0.2175,0.224,0.222002,0.22075,2446.9,ETH-25DEC26,0.5516,0.79553,3.73457,10830.0,0.0,0.006500000000000006,ETH,2421.1,0.0
2026-09-10T13:30:52.712943+00:00,ETH-25JUN27-5500-P,2497.29,ETH-25JUN27,put,5500.0,2027-06-25T08:00:00+00:00,0.7878719321829607,1.212,1.244,1.22598,1.228,2497.29,ETH-25JUN27,0.5976,-0.88952,4.17998,0.0,0.0,0.03200000000000003,ETH,2421.1,0.0
2026-09-10T13:30:52.712943+00:00,ETH-30OCT26-1850-C,2433.02,ETH-30OCT26,call,1850.0,2026-10-30T08:00:00+00:00,0.13626344484552058,0.246,0.25,0.248721,0.248,2433.02,ETH-30OCT26,0.5846,0.91558,1.39036,1008.0,0.0,0.0040000000000000036,ETH,2421.1,0.0
2026-09-10T13:30:52.712943+00:00,ETH-27NOV26-2000-P,2439.61,ETH-27NOV26,put,2000.0,2026-11-27T08:00:00+00:00,0.21292326688521943,0.0285,0.0295,0.029048,0.029,2439.61,ETH-27NOV26,0.5557,-0.18369,2.99142,868.0,280.0,0.0009999999999999974,ETH,2421.11,17620.26
2026-09-10T13:30:52.712943+00:00,ETH-25JUN27-3800-P,2497.29,ETH-25JUN27,put,3800.0,2027-06-25T08:00:00+00:00,0.7878719321829607,0.5855,0.608,0.590795,0.59675,2497.29,ETH-25JUN27,0.5665,-0.7205,7.4532,2.0,0.0,0.022499999999999964,ETH,2421.1,0.0
2026-09-10T13:30:52.712943+00:00,ETH-27NOV26-2950-P,2439.61,ETH-27NOV26,put,2950.0,2026-11-27T08:00:00+00:00,0.21292326688521943,0.242,0.25,0.245434,0.246,2439.61,ETH-27NOV26,0.5478999999999999,-0.73445,3.69085,0.0,0.0,0.008000000000000007,ETH,2421.11,0.0
2026-09-10T13:30:52.712943+00:00,ETH-25DEC26-800-P,2446.9,ETH-25DEC26,put,800.0,2026-12-25T08:00:00+00:00,0.28958308892491824,0.0009,0.0011,0.000987,0.001,2446.9,ETH-25DEC26,0.902,-0.00548,0.20662,7348.0,0.0,0.0002000000000000001,ETH,2421.11,0.0
2026-09-10T13:30:52.712943+00:00,ETH-13SEP26-2400-P,2422.51,ETH-13SEP26,put,2400.0,2026-09-13T08:00:00+00:00,0.007584457850311811,0.011,0.012,0.011752,0.0115,2422.51,ETH-13SEP26,0.4621,-0.40474,0.81704,239.0,242.0,0.0010000000000000009,ETH,2421.11,8043.44
2026-09-10T13:30:52.712943+00:00,ETH-18SEP26-3000-P,2424.12,ETH-18SEP26,put,3000.0,2026-09-18T08:00:00+00:00,0.021273711785972316,0.2345,0.242,0.238359,0.23825,2424.12,ETH-18SEP26,0.7068000000000001,-0.97822,0.18397,0.0,0.0,0.007500000000000007,ETH,2421.11,0.0
2026-09-10T13:30:52.712943+00:00,ETH-2OCT26-2400-C,2427.56,ETH-2OCT26,call,2400.0,2026-10-02T08:00:00+00:00,0.05960362280582174,0.055,0.056,0.055484,0.0555,2427.56,ETH-2OCT26,0.5124,0.56003,2.33739,0.0,0.0,0.0010000000000000009,ETH,2421.22,0.0
2026-09-10T13:30:52.712943+00:00,ETH-25JUN27-3000-P,2497.29,ETH-25JUN27,put,3000.0,2027-06-25T08:00:00+00:00,0.7878719321829607,0.3285,0.3335,0.330236,0.331,2497.29,ETH-25JUN27,0.5574,-0.5495,8.77257,230.0,0.0,0.0050000000000000044,ETH,2421.11,0.0
2026-09-10T13:30:52.712943+00:00,ETH-26MAR27-800-P,2469.77,ETH-26MAR27,put,800.0,2027-03-26T08:00:00+00:00,0.5387275105539395,0.0032,0.0041,0.003628,0.00365,2469.77,ETH-26MAR27,0.8088,-0.01409,0.65069,2706.0,0.0,0.0009000000000000002,ETH,2421.22,0.0
2026-09-10T13:30:52.712943+00:00,ETH-30OCT26-2300-C,2433.02,ETH-30OCT26,call,2300.0,2026-10-30T08:00:00+00:00,0.13626344484552058,0.104,0.106,0.105197,0.105,2433.02,ETH-30OCT26,0.5224,0.65019,3.32566,1206.0,5.0,0.0020000000000000018,ETH,2421.11,1269.63
2026-09-10T13:30:52.712943+00:00,ETH-25DEC26-2000-P,2446.4,ETH-25DEC26,put,2000.0,2026-12-25T08:00:00+00:00,0.28958308892491824,0.039,0.04,0.039539,0.0395,2446.4,ETH-25DEC26,0.5516,-0.20448,3.73463,8746.0,23.0,0.0010000000000000009,ETH,2421.22,2126.36
2026-09-10T13:30:52.712943+00:00,ETH-14SEP26-2200-C,2422.83,ETH-14SEP26,call,2200.0,2026-09-14T08:00:00+00:00,0.01032230863744391,0.0905,0.0945,0.093083,0.0925,2422.83,ETH-14SEP26,0.5694,0.95442,0.23565,0.0,0.0,0.0040000000000000036,ETH,2421.3,0.0
2026-09-10T13:30:52.712943+00:00,ETH-13SEP26-2250-C,2422.5,ETH-13SEP26,call,2250.0,2026-09-13T08:00:00+00:00,0.007584457850311811,0.07,0.0745,0.072523,0.07225,2422.5,ETH-13SEP26,0.5564,0.93818,0.25712,0.0,0.0,0.00449999999999999,ETH,2421.3,0.0
2026-09-10T13:30:52.712943+00:00,ETH-25DEC26-800-C,2446.9,ETH-25DEC26,call,800.0,2026-12-25T08:00:00+00:00,0.28958308892491824,0.6715,0.6745,0.673972,0.673,2446.9,ETH-25DEC26,0.902,0.99452,0.20658,171.0,0.0,0.0030000000000000027,ETH,2421.22,0.0
2026-09-10T13:30:52.712943+00:00,ETH-26MAR27-4500-C,2469.74,ETH-26MAR27,call,4500.0,2027-03-26T08:00:00+00:00,0.5387275105539395,0.0205,0.0225,0.021606,0.0215,2469.74,ETH-26MAR27,0.5887,0.12046,3.63596,2104.0,0.0,0.0019999999999999983,ETH,2421.3,0.0
2026-09-10T13:30:52.712943+00:00,ETH-25DEC26-5500-C,2446.4,ETH-25DEC26,call,5500.0,2026-12-25T08:00:00+00:00,0.28958308892491824,0.0023,0.0027,0.002531,0.0025,2446.4,ETH-25DEC26,0.6793,0.02099,0.66405,2173.0,0.0,0.0004000000000000002,ETH,2421.3,0.0
2026-09-10T13:30:52.712943+00:00,ETH-30OCT26-2750-P,2433.02,ETH-30OCT26,put,2750.0,2026-10-30T08:00:00+00:00,0.13626344484552058,0.1625,0.1675,0.164399,0.165,2433.02,ETH-30OCT26,0.5341,-0.69995,3.12288,0.0,0.0,0.0050000000000000044,ETH,2421.3,0.0
2026-09-10T13:30:52.712943+00:00,ETH-25DEC26-4000-C,2446.9,ETH-25DEC26,call,4000.0,2026-12-25T08:00:00+00:00,0.28958308892491824,0.0105,0.0115,0.010979,0.011,2446.9,ETH-25DEC26,0.5951,0.08446,2.03881,15095.0,1.0,0.0009999999999999992,ETH,2421.3,30.76
2026-09-10T13:30:52.712943+00:00,ETH-12SEP26-2100-C,2422.14,ETH-12SEP26,call,2100.0,2026-09-12T08:00:00+00:00,0.00484660706317971,0.131,0.135,0.133129,0.133,2422.14,ETH-12SEP26,0.8776999999999999,0.99092,0.04128,0.0,0.0,0.0040000000000000036,ETH,2421.37,0.0
2026-09-10T13:30:52.712943+00:00,ETH-25SEP26-1200-C,2426.31,ETH-25SEP26,call,1200.0,2026-09-25T08:00:00+00:00,0.04043866729589703,0.504,0.5065,0.505488,0.50525,2426.31,ETH-25SEP26,1.1515,0.9992,0.01345,138.0,0.0,0.0024999999999999467,ETH,2421.37,0.0
2026-09-10T13:30:52.712943+00:00,ETH-11SEP26-1800-P,2421.83,ETH-11SEP26,put,1800.0,2026-09-11T08:00:00+00:00,0.002108756276047608,,0.0001,0.0,,2421.83,ETH-11SEP26,1.1963,0.0,0.0,4402.0,0.0,,ETH,2421.3,0.0
2026-09-10T13:30:52.712943+00:00,ETH-25SEP26-3000-C,2426.31,ETH-25SEP26,call,3000.0,2026-09-25T08:00:00+00:00,0.04043866729589703,0.0024,0.0026,0.002654,0.0025,2426.31,ETH-25SEP26,0.6263000000000001,0.05198,0.519,42603.0,1441.0,0.0002000000000000001,ETH,2421.37,12761.01
2026-09-10T13:30:52.712943+00:00,ETH-25SEP26-4000-P,2426.31,ETH-25SEP26,put,4000.0,2026-09-25T08:00:00+00:00,0.04043866729589703,0.644,0.6535,0.648772,0.64875,2426.31,ETH-25SEP26,0.8793000000000001,-0.99693,0.04562,138.0,0.0,0.009499999999999953,ETH,2421.37,0.0
2026-09-10T13:30:52.712943+00:00,ETH-25SEP26-2150-C,2426.31,ETH-25SEP26,call,2150.0,2026-09-25T08:00:00+00:00,0.04043866729589703,0.1185,0.123,0.121239,0.12075,2426.31,ETH-25SEP26,0.5529999999999999,0.87264,1.01754,166.0,1.0,0.004500000000000004,ETH,2421.72,320.84
2026-09-10T13:30:52.712943+00:00,ETH-25SEP26-6500-P,2426.31,ETH-25SEP26,put,6500.0,2026-09-25T08:00:00+00:00,0.04043866729589703,1.6715,1.6875,1.678899,1.6795,2426.31,ETH-25SEP26,1.1172,-0.99999,0.00021,0.0,0.0,0.016000000000000014,ETH,2421.72,0.0
2026-09-10T13:30:52.712943+00:00,ETH-2OCT26-2600-P,2427.56,ETH-2OCT26,put,2600.0,2026-10-02T08:00:00+00:00,0.05960362280582174,0.0945,0.0985,0.095885,0.0965,2427.56,ETH-2OCT26,0.5257999999999999,-0.68157,2.11534,0.0,0.0,0.0040000000000000036,ETH,2421.72,0.0
2026-09-10T13:30:52.712943+00:00,ETH-25JUN27-4600-P,2497.29,ETH-25JUN27,put,4600.0,2027-06-25T08:00:00+00:00,0.7878719321829607,0.8725,0.898,0.881868,0.88525,2497.29,ETH-25JUN27,0.5801,-0.82361,5.74181,0.0,0.0,0.025499999999999967,ETH,2421.37,0.0
2026-09-10T13:30:52.712943+00:00,ETH-25SEP26-5800-P,2426.31,ETH-25SEP26,put,5800.0,2026-09-25T08:00:00+00:00,0.04043866729589703,1.3835,1.398,1.390495,1.39075,2426.31,ETH-25SEP26,1.1113,-0.99992,0.00149,0.0,0.0,0.014499999999999957,ETH,2421.72,0.0
2026-09-10T13:30:52.712943+00:00,ETH-12SEP26-2640-P,2422.14,ETH-12SEP26,put,2640.0,2026-09-12T08:00:00+00:00,0.00484660706317971,0.0875,0.094,0.090577,0.09075,2422.14,ETH-12SEP26,0.6592,-0.96832,0.11996,0.0,0.0,0.006500000000000006,ETH,2421.81,0.0
2026-09-10T13:30:52.712943+00:00,ETH-25JUN27-1200-C,2497.29,ETH-25JUN27,call,1200.0,2027-06-25T08:00:00+00:00,0.7878719321829607,0.5345,0.541,0.538958,0.53775,2497.29,ETH-25JUN27,0.6566,0.93916,2.66921,55.0,0.0,0.006500000000000061,ETH,2421.72,0.0
2026-09-10T13:30:52.712943+00:00,ETH-11SEP26-2440-P,2422.33,ETH-11SEP26,put,2440.0,2026-09-11T08:00:00+00:00,0.002108756276047608,0.012,0.0135,0.013111,0.01275,2422.33,ETH-11SEP26,0.48200000000000004,-0.63169,0.41856,880.0,84.0,0.0014999999999999996,ETH,2421.72,811.71
2026-09-10T13:30:52.712943+00:00,ETH-25SEP26-2440-P,2426.31,ETH-25SEP26,put,2440.0,2026-09-25T08:00:00+00:00,0.04043866729589703,0.0435,0.0445,0.044294,0.044,2426.31,ETH-25SEP26,0.5146999999999999,-0.50146,1.94677,1099.0,1033.0,0.0010000000000000009,ETH,2421.81,111681.42
2026-09-10T13:30:52.712943+00:00,ETH-30OCT26-1200-C,2433.52,ETH-30OCT26,call,1200.0,2026-10-30T08:00:00+00:00,0.13626344484552058,0.506,0.509,0.507638,0.5075,2433.52,ETH-30OCT26,0.8434,0.99236,0.18913,0.0,0.0,0.0030000000000000027,ETH,2421.72,0.0
2026-09-10T13:30:52.712943+00:00,ETH-30OCT26-1700-C,2433.02,ETH-30OCT26,call,1700.0,2026-10-30T08:00:00+00:00,0.13626344484552058,0.3035,0.308,0.306353,0.30575,2433.02,ETH-30OCT26,0.6282,0.95161,0.90259,74.0,0.0,0.004500000000000004,ETH,2421.81,0.0
2026-09-10T13:30:52.712943+00:00,ETH-25DEC26-1300-P,2446.4,ETH-25DEC26,put,1300.0,2026-12-25T08:00:00+00:00,0.28958308892491824,0.0048,0.0055,0.00513,0.00515,2446.4,ETH-25DEC26,0.6973,-0.03063,0.91144,2061.0,0.0,0.0007000000000000001,ETH,2421.81,0.0
2026-09-10T13:30:52.712943+00:00,ETH-25SEP26-2600-C,2426.31,ETH-25SEP26,call,2600.0,2026-09-25T08:00:00+00:00,0.04043866729589703,0.0165,0.0175,0.017335,0.017,2426.31,ETH-25SEP26,0.5324,0.27617,1.63166,21437.0,1791.0,0.0010000000000000009,ETH,2421.78,91398.24
2026-09-10T13:30:52.712943+00:00,ETH-2OCT26-2350-P,2427.56,ETH-2OCT26,put,2350.0,2026-10-02T08:00:00+00:00,0.05960362280582174,0.034,0.035,0.034814,0.0345,2427.56,ETH-2OCT26,0.5129,-0.37406,2.24592,98.0,98.0,0.0010000000000000009,ETH,2421.78,8356.58
2026-09-10T13:30:52.712943+00:00,ETH-26MAR27-1200-P,2469.77,ETH-26MAR27,put,1200.0,2027-03-26T08:00:00+00:00,0.5387275105539395,0.011,0.0125,0.011687,0.01175,2469.77,ETH-26MAR27,0.6858,-0.046,1.74924,1661.0,1.0,0.0015000000000000013,ETH,2421.78,28.9
2026-09-10T13:30:52.712943+00:00,ETH-25SEP26-7000-P,2426.28,ETH-25SEP26,put,7000.0,2026-09-25T08:00:00+00:00,0.04043866729589703,1.8765,1.894,1.884968,1.88525,2426.28,ETH-25SEP26,1.1281999999999999,-1.0,6e-05,0.0,0.0,0.01749999999999985,ETH,2421.78,0.0
2026-09-10T13:30:52.712943+00:00,ETH-25SEP26-1900-C,2426.31,ETH-25SEP26,call,1900.0,2026-09-25T08:00:00+00:00,0.04043866729589703,0.2165,0.22,0.218536,0.21825,2426.31,ETH-25SEP26,0.6690999999999999,0.97013,0.33082,10556.0,1.0,0.003500000000000003,ETH,2421.78,527.74
2026-09-10T13:30:52.712943+00:00,ETH-25DEC26-2300-C,2446.9,ETH-25DEC26,call,2300.0,2026-12-25T08:00:00+00:00,0.28958308892491824,0.142,0.144,0.143277,0.143,2446.9,ETH-25DEC26,0.5338,0.63982,4.92703,7409.0,0.0,0.0020000000000000018,ETH,2421.78,0.0
2026-09-10T13:30:52.712943+00:00,ETH-30OCT26-3000-P,2433.52,ETH-30OCT26,put,3000.0,2026-10-30T08:00:00+00:00,0.13626344484552058,0.2475,0.256,0.251215,0.25175,2433.52,ETH-30OCT26,0.5554,-0.82118,2.34743,72.0,0.0,0.008500000000000008,ETH,2421.78,0.0
2026-09-10T13:30:52.712943+00:00,ETH-30OCT26-2650-C,2433.52,ETH-30OCT26,call,2650.0,2026-10-30T08:00:00+00:00,0.13626344484552058,0.0435,0.0445,0.044103,0.044,2433.52,ETH-30OCT26,0.5276,0.36621,3.3802,878.0,10.0,0.0010000000000000009,ETH,2421.78,1179.14
2026-09-10T13:30:52.712943+00:00,ETH-11SEP26-2200-C,2422.33,ETH-11SEP26,call,2200.0,2026-09-11T08:00:00+00:00,0.002108756276047608,0.0895,0.0945,0.091682,0.092,2422.33,ETH-11SEP26,0.8654000000000001,0.99258,0.02277,219.0,0.0,0.0050000000000000044,ETH,2421.78,0.0
2026-09-10T13:30:52.712943+00:00,ETH-30OCT26-4200-C,2433.52,ETH-30OCT26,call,4200.0,2026-10-30T08:00:00+00:00,0.13626344484552058,0.0017,0.002,0.001868,0.00185,2433.52,ETH-30OCT26,0.6878,0.0215,0.46228,478.0,0.0,0.00030000000000000014,ETH,2421.56,0.0
2026-09-10T13:30:52.712943+00:00,ETH-18SEP26-2900-C,2424.12,ETH-18SEP26,call,2900.0,2026-09-18T08:00:00+00:00,0.021273711785972316,0.0012,0.0015,0.001382,0.00135,2424.12,ETH-18SEP26,0.6685,0.03641,0.28219,1089.0,21.0,0.00030000000000000014,ETH,2421.56,98.55
2026-09-10T13:30:52.712943+00:00,ETH-26MAR27-3700-C,2469.8,ETH-26MAR27,call,3700.0,2027-03-26T08:00:00+00:00,0.5387275105539395,0.043,0.045,0.044061,0.044,2469.8,ETH-26MAR27,0.5661,0.22209,5.39723,1531.0,0.0,0.0020000000000000018,ETH,2421.52,0.0
2026-09-10T13:30:52.712943+00:00,ETH-26MAR27-5000-C,2469.77,ETH-26MAR27,call,5000.0,2027-03-26T08:00:00+00:00,0.5387275105539395,0.014,0.0155,0.014775,0.01475,2469.77,ETH-26MAR27,0.6043999999999999,0.08567,2.83773,2455.0,0.0,0.0014999999999999996,ETH,2421.52,0.0
2026-09-10T13:30:52.712943+00:00,ETH-26MAR27-1200-C,2469.77,ETH-26MAR27,call,1200.0,2027-03-26T08:00:00+00:00,0.5387275105539395,0.5215,0.5295,0.525778,0.5255,2469.77,ETH-26MAR27,0.6858,0.95398,1.74968,68.0,0.0,0.008000000000000007,ETH,2421.52,0.0
2026-09-10T13:30:52.712943+00:00,ETH-25SEP26-2700-P,2426.31,ETH-25SEP26,put,2700.0,2026-09-25T08:00:00+00:00,0.04043866729589703,0.12,0.126,0.123153,0.123,2426.31,ETH-25SEP26,0.5497,-0.81968,1.28178,557.0,0.0,0.006000000000000005,ETH,2421.52,0.0
2026-09-10T13:30:52.712943+00:00,ETH-11SEP26-2450-P,2422.33,ETH-11SEP26,put,2450.0,2026-09-11T08:00:00+00:00,0.002108756276047608,0.015,0.017,0.015948,0.016,2422.33,ETH-11SEP26,0.4864,-0.69896,0.38659,2700.0,282.0,0.0020000000000000018,ETH,2421.52,5343.26
2026-09-10T13:30:52.712943+00:00,ETH-26MAR27-2500-C,2469.77,ETH-26MAR27,call,2500.0,2027-03-26T08:00:00+00:00,0.5387275105539395,0.153,0.1555,0.154154,0.15425,2469.77,ETH-26MAR27,0.5472,0.56753,7.12894,9836.0,0.0,0.0025000000000000022,ETH,2421.52,0.0
2026-09-10T13:30:52.712943+00:00,ETH-14SEP26-2460-P,2422.83,ETH-14SEP26,put,2460.0,2026-09-14T08:00:00+00:00,0.01032230863744391,0.026,0.028,0.027252,0.027,2422.83,ETH-14SEP26,0.45539999999999997,-0.62268,0.93492,188.0,188.0,0.0020000000000000018,ETH,2421.52,9451.16
2026-09-10T13:30:52.712943+00:00,ETH-25SEP26-2300-C,2426.31,ETH-25SEP26,call,2300.0,2026-09-25T08:00:00+00:00,0.04043866729589703,0.071,0.073,0.071841,0.072,2426.31,ETH-25SEP26,0.5201,0.71298,1.66215,14137.0,0.0,0.0020000000000000018,ETH,2421.59,0.0
2026-09-10T13:30:52.712943+00:00,ETH-25SEP26-1400-P,2426.28,ETH-25SEP26,put,1400.0,2026-09-25T08:00:00+00:00,0.04043866729589703,0.0001,0.0003,0.000176,0.0002,2426.28,ETH-25SEP26,1.0203,-0.00272,0.04085,11566.0,0.0,0.00019999999999999998,ETH,2421.59,0.0
2026-09-10T13:30:52.712943+00:00,ETH-26MAR27-1500-P,2469.8,ETH-26MAR27,put,1500.0,2027-03-26T08:00:00+00:00,0.5387275105539395,0.0235,0.0245,0.024133,0.024,2469.8,ETH-26MAR27,0.6199,-0.09296,3.01557,4076.0,2.0,0.0010000000000000009,ETH,2421.59,109.29
2026-09-10T13:30:52.712943+00:00,ETH-27NOV26-2850-C,2439.61,ETH-27NOV26,call,2850.0,2026-11-27T08:00:00+00:00,0.21292326688521943,0.0435,0.0445,0.044038,0.044,2439.61,ETH-27NOV26,0.5431,0.31002,3.97203,111.0,0.0,0.0010000000000000009,ETH,2421.59,0.0
2026-09-10T13:30:52.712943+00:00,ETH-12SEP26-2680-C,2422.14,ETH-12SEP26,call,2680.0,2026-09-12T08:00:00+00:00,0.00484660706317971,0.0002,0.0005,0.000313,0.00035,2422.14,ETH-12SEP26,0.6877,0.01804,0.07473,193.0,100.0,0.00030000000000000003,ETH,2421.25,300.72
2026-09-10T13:30:52.712943+00:00,ETH-25SEP26-2550-P,2426.31,ETH-25SEP26,put,2550.0,2026-09-25T08:00:00+00:00,0.04043866729589703,0.072,0.0745,0.073396,0.07325,2426.31,ETH-25SEP26,0.5253,-0.66305,1.78164,148.0,88.0,0.0025000000000000022,ETH,2421.25,12979.82
2026-09-10T13:30:52.712943+00:00,ETH-25JUN27-2700-P,2497.29,ETH-25JUN27,put,2700.0,2027-06-25T08:00:00+00:00,0.7878719321829607,0.2445,0.2485,0.246135,0.2465,2497.29,ETH-25JUN27,0.5561,-0.46495,8.80847,7.0,0.0,0.0040000000000000036,ETH,2421.59,0.0
2026-09-10T13:30:52.712943+00:00,ETH-14SEP26-2420-C,2422.83,ETH-14SEP26,call,2420.0,2026-09-14T08:00:00+00:00,0.01032230863744391,0.018,0.0195,0.018734,0.01875,2422.83,ETH-14SEP26,0.4476,0.51707,0.98084,308.0,308.0,0.0015000000000000013,ETH,2421.59,15219.35
2026-09-10T13:30:52.712943+00:00,ETH-25JUN27-2900-C,2497.29,ETH-25JUN27,call,2900.0,2027-06-25T08:00:00+00:00,0.7878719321829607,0.138,0.141,0.139682,0.1395,2497.29,ETH-25JUN27,0.5569,0.47756,8.82729,362.0,207.0,0.002999999999999975,ETH,2421.25,77804.33
2026-09-10T13:30:52.712943+00:00,ETH-14SEP26-2400-P,2422.83,ETH-14SEP26,put,2400.0,2026-09-14T08:00:00+00:00,0.01032230863744391,0.013,0.014,0.013793,0.0135,2422.83,ETH-14SEP26,0.4493,-0.41227,0.95777,1.0,1.0,0.0010000000000000009,ETH,2421.25,19.69
2026-09-10T13:30:52.712943+00:00,ETH-25JUN27-1700-P,2497.29,ETH-25JUN27,put,1700.0,2027-06-25T08:00:00+00:00,0.7878719321829607,0.0555,0.0565,0.05626,0.056,2497.29,ETH-25JUN27,0.5857,-0.15903,5.3707,3041.0,0.0,0.0010000000000000009,ETH,2421.25,0.0
2026-09-10T13:30:52.712943+00:00,ETH-30OCT26-1200-P,2433.02,ETH-30OCT26,put,1200.0,2026-10-30T08:00:00+00:00,0.13626344484552058,0.0007,0.001,0.000867,0.00085,2433.02,ETH-30OCT26,0.8434,-0.00765,0.18918,2677.0,4.0,0.00030000000000000003,ETH,2421.25,8.65
2026-09-10T13:30:52.712943+00:00,ETH-18SEP26-2400-P,2424.62,ETH-18SEP26,put,2400.0,2026-09-18T08:00:00+00:00,0.021273711785972316,0.0245,0.0255,0.025259,0.025,2424.62,ETH-18SEP26,0.5175,-0.43435,1.39109,1590.0,693.0,0.0009999999999999974,ETH,2421.25,39497.66
2026-09-10T13:30:52.712943+00:00,ETH-26MAR27-1500-C,2469.77,ETH-26MAR27,call,1500.0,2027-03-26T08:00:00+00:00,0.5387275105539395,0.412,0.42,0.416758,0.416,2469.77,ETH-26MAR27,0.6199,0.90698,3.01655,241.0,0.0,0.008000000000000007,ETH,2421.19,0.0
2026-09-10T13:30:52.712943+00:00,ETH-30OCT26-2450-P,2433.02,ETH-30OCT26,put,2450.0,2026-10-30T08:00:00+00:00,0.13626344484552058,0.0795,0.0805,0.08029,0.08,2433.02,ETH-30OCT26,0.5199,-0.47692,3.57685,320.0,50.0,0.0010000000000000009,ETH,2421.19,9799.7
2026-09-10T13:30:52.712943+00:00,ETH-11SEP26-2400-C,2422.33,ETH-11SEP26,call,2400.0,2026-09-11T08:00:00+00:00,0.002108756276047608,0.013,0.015,0.013823,0.014,2422.33,ETH-11SEP26,0.4704,0.65992,0.40674,1405.0,187.0,0.002,ETH,2421.19,5898.26
2026-09-10T13:30:52.712943+00:00,ETH-25SEP26-3800-C,2426.31,ETH-25SEP26,call,3800.0,2026-09-25T08:00:00+00:00,0.04043866729589703,0.0002,0.0003,0.000197,0.00025,2426.31,ETH-25SEP26,0.8167,0.00398,0.05759,5796.0,10.0,9.999999999999996e-05,ETH,2421.21,7.31
2026-09-10T13:30:52.712943+00:00,ETH-14SEP26-2340-P,2422.8,ETH-14SEP26,put,2340.0,2026-09-14T08:00:00+00:00,0.01032230863744391,0.0055,0.0065,0.006151,0.006,2422.8,ETH-14SEP26,0.46159999999999995,-0.22437,0.73676,0.0,0.0,0.001,ETH,2421.19,0.0
2026-09-10T13:30:52.712943+00:00,ETH-12SEP26-2100-P,2422.2,ETH-12SEP26,put,2100.0,2026-09-12T08:00:00+00:00,0.00484660706317971,0.0001,0.0003,0.000187,0.0002,2422.2,ETH-12SEP26,0.8776999999999999,-0.00909,0.04133,341.0,200.0,0.00019999999999999998,ETH,2421.21,49.31
2026-09-10T13:30:52.712943+00:00,ETH-27NOV26-2600-P,2439.61,ETH-27NOV26,put,2600.0,2026-11-27T08:00:00+00:00,0.21292326688521943,0.1365,0.138,0.137421,0.13725,2439.61,ETH-27NOV26,0.5335,-0.55443,4.44903,131.0,0.0,0.0015000000000000013,ETH,2421.21,0.0
2026-09-10T13:30:52.712943+00:00,ETH-12SEP26-2800-P,2422.14,ETH-12SEP26,put,2800.0,2026-09-12T08:00:00+00:00,0.00484660706317971,0.1525,0.1595,0.156208,0.156,2422.14,ETH-12SEP26,0.8367,-0.9932,0.032,0.0,0.0,0.007000000000000006,ETH,2421.21,0.0
2026-09-10T13:30:52.712943+00:00,ETH-27NOV26-3000-P,2439.61,ETH-27NOV26,put,3000.0,2026-11-27T08:00:00+00:00,0.21292326688521943,0.259,0.269,0.262673,0.264,2439.61,ETH-27NOV26,0.5511,-0.75403,3.54633,10.0,0.0,0.010000000000000009,ETH,2421.04,0.0
2026-09-10T13:30:52.712943+00:00,ETH-2OCT26-2100-C,2427.56,ETH-2OCT26,call,2100.0,2026-10-02T08:00:00+00:00,0.05960362280582174,0.141,0.1455,0.144024,0.14325,2427.56,ETH-2OCT26,0.5536,0.8725,1.23677,0.0,0.0,0.004500000000000004,ETH,2421.04,0.0
2026-09-10T13:30:52.712943+00:00,ETH-25SEP26-3300-C,2426.31,ETH-25SEP26,call,3300.0,2026-09-25T08:00:00+00:00,0.04043866729589703,0.0008,0.001,0.000922,0.0009,2426.31,ETH-25SEP26,0.7095,0.01837,0.21976,20530.0,638.0,0.00019999999999999998,ETH,2421.04,1716.62
2026-09-10T13:30:52.712943+00:00,ETH-30OCT26-1950-P,2433.02,ETH-30OCT26,put,1950.0,2026-10-30T08:00:00+00:00,0.13626344484552058,0.013,0.014,0.013552,0.0135,2433.02,ETH-30OCT26,0.5617,-0.12118,1.8089,985.0,26.0,0.0010000000000000009,ETH,2421.21,846.53
2026-09-10T13:30:52.712943+00:00,ETH-18SEP26-2600-C,2424.62,ETH-18SEP26,call,2600.0,2026-09-18T08:00:00+00:00,0.021273711785972316,0.0085,0.009,0.008756,0.00875,2424.62,ETH-18SEP26,0.5499,0.20076,0.99188,3117.0,1938.0,0.0004999999999999987,ETH,2421.21,57981.08
2026-09-10T13:30:52.712943+00:00,ETH-14SEP26-2460-C,2422.83,ETH-14SEP26,call,2460.0,2026-09-14T08:00:00+00:00,0.01032230863744391,0.011,0.0125,0.011935,0.01175,2422.83,ETH-14SEP26,0.45539999999999997,0.37568,0.93346,0.0,0.0,0.0015000000000000013,ETH,2421.04,0.0
2026-09-10T13:30:52.712943+00:00,ETH-13SEP26-2680-C,2422.47,ETH-13SEP26,call,2680.0,2026-09-13T08:00:00+00:00,0.007584457850311811,0.0004,0.0007,0.00054,0.00055,2422.47,ETH-13SEP26,0.5974,0.02676,0.13041,29.0,29.0,0.0003,ETH,2420.44,100.53
2026-09-10T13:30:52.712943+00:00,ETH-26MAR27-3300-C,2469.77,ETH-26MAR27,call,3300.0,2027-03-26T08:00:00+00:00,0.5387275105539395,0.0645,0.0665,0.065671,0.0655,2469.77,ETH-26MAR27,0.5566,0.30628,6.3594,2246.0,0.0,0.0020000000000000018,ETH,2420.44,0.0
2026-09-10T13:30:52.712943+00:00,ETH-18SEP26-2500-C,2424.62,ETH-18SEP26,call,2500.0,2026-09-18T08:00:00+00:00,0.021273711785972316,0.0175,0.0185,0.017921,0.018,2424.62,ETH-18SEP26,0.5264,0.35595,1.31717,2228.0,558.0,0.0009999999999999974,ETH,2421.04,33031.07
2026-09-10T13:30:52.712943+00:00,ETH-25JUN27-4200-P,2497.29,ETH-25JUN27,put,4200.0,2027-06-25T08:00:00+00:00,0.7878719321829607,0.7265,0.7485,0.733743,0.7375,2497.29,ETH-25JUN27,0.5727,-0.77917,6.57567,3.0,0.0,0.02200000000000002,ETH,2421.04,0.0
2026-09-10T13:30:52.712943+00:00,ETH-13SEP26-2380-C,2422.51,ETH-13SEP26,call,2380.0,2026-09-13T08:00:00+00:00,0.007584457850311811,0.025,0.027,0.02627,0.026,2422.51,ETH-13SEP26,0.46380000000000005,0.6726,0.7611,0.0,0.0,0.0019999999999999983,ETH,2420.44,0.0
2026-09-10T13:30:52.712943+00:00,ETH-2OCT26-2000-C,2427.56,ETH-2OCT26,call,2000.0,2026-10-02T08:00:00+00:00,0.05960362280582174,0.1785,0.183,0.181195,0.18075,2427.56,ETH-2OCT26,0.5808,0.9239,0.84799,0.0,0.0,0.004500000000000004,ETH,2420.44,0.0
2026-09-10T13:30:52.712943+00:00,ETH-14SEP26-2600-P,2422.83,ETH-14SEP26,put,2600.0,2026-09-14T08:00:00+00:00,0.01032230863744391,0.072,0.078,0.075366,0.075,2422.83,ETH-14SEP26,0.5175,-0.90838,0.40475,0.0,0.0,0.006000000000000005,ETH,2420.44,0.0
2026-09-10T13:30:52.712943+00:00,ETH-25SEP26-2200-P,2426.31,ETH-25SEP26,put,2200.0,2026-09-25T08:00:00+00:00,0.04043866729589703,0.01,0.0105,0.010346,0.01025,2426.31,ETH-25SEP26,0.5398,-0.1713,1.24002,11912.0,2730.0,0.0005000000000000004,ETH,2420.15,51561.77
2026-09-10T13:30:52.712943+00:00,ETH-25DEC26-1300-C,2446.9,ETH-25DEC26,call,1300.0,2026-12-25T08:00:00+00:00,0.28958308892491824,0.4705,0.475,0.47373,0.47275,2446.9,ETH-25DEC26,0.6973,0.96927,0.91339,50.0,0.0,0.004500000000000004,ETH,2420.44,0.0
2026-09-10T13:30:52.712943+00:00,ETH-27NOV26-2550-C,2439.61,ETH-27NOV26,call,2550.0,2026-11-27T08:00:00+00:00,0.21292326688521943,0.0785,0.0795,0.078979,0.079,2439.61,ETH-27NOV26,0.5323,0.47587,4.48064,171.0,0.0,0.0010000000000000009,ETH,2420.15,0.0
2026-09-10T13:30:52.712943+00:00,ETH-25SEP26-3200-P,2426.31,ETH-25SEP26,put,3200.0,2026-09-25T08:00:00+00:00,0.04043866729589703,0.3165,0.3245,0.320134,0.3205,2426.31,ETH-25SEP26,0.6794,-0.97524,0.28276,1323.0,0.0,0.008000000000000007,ETH,2420.15,0.0
2026-09-10T13:30:52.712943+00:00,ETH-26MAR27-3000-C,2469.77,ETH-26MAR27,call,3000.0,2027-03-26T08:00:00+00:00,0.5387275105539395,0.0885,0.091,0.089908,0.08975,2469.77,ETH-26MAR27,0.5509000000000001,0.38951,6.94954,6743.0,0.0,0.0025000000000000022,ETH,2420.15,0.0
2026-09-10T13:30:52.712943+00:00,ETH-25SEP26-1200-P,2426.28,ETH-25SEP26,put,1200.0,2026-09-25T08:00:00+00:00,0.04043866729589703,,0.0002,5.4e-05,,2426.28,ETH-25SEP26,1.1515,-0.00081,0.01354,12335.0,25.0,,ETH,2419.98,6.07
2026-09-10T13:30:52.712943+00:00,ETH-18SEP26-2200-C,2424.62,ETH-18SEP26,call,2200.0,2026-09-18T08:00:00+00:00,0.021273711785972316,0.095,0.099,0.097032,0.097,2424.62,ETH-18SEP26,0.5633,0.88718,0.67654,52.0,0.0,0.0040000000000000036,ETH,2420.15,0.0
2026-09-10T13:30:52.712943+00:00,ETH-30OCT26-1700-P,2433.02,ETH-30OCT26,put,1700.0,2026-10-30T08:00:00+00:00,0.13626344484552058,0.0048,0.0055,0.005093,0.00515,2433.02,ETH-30OCT26,0.6282,-0.04869,0.90641,1745.0,1.0,0.0007000000000000001,ETH,2420.15,10.6
2026-09-10T13:30:52.712943+00:00,ETH-25DEC26-1900-P,2446.9,ETH-25DEC26,put,1900.0,2026-12-25T08:00:00+00:00,0.28958308892491824,0.0295,0.0305,0.029936,0.03,2446.9,ETH-25DEC26,0.5624,-0.16271,3.23665,5442.0,0.0,0.0010000000000000009,ETH,2419.98,0.0
2026-09-10T13:30:52.712943+00:00,ETH-13SEP26-2900-C,2422.47,ETH-13SEP26,call,2900.0,2026-09-13T08:00:00+00:00,0.007584457850311811,,0.0002,0.000103,,2422.47,ETH-13SEP26,0.7887000000000001,0.00469,0.02878,3.0,2.0,,ETH,2419.98,1.73
2026-09-10T13:30:52.712943+00:00,ETH-25SEP26-7200-C,2426.31,ETH-25SEP26,call,7200.0,2026-09-25T08:00:00+00:00,0.04043866729589703,,0.0001,0.0,,2426.31,ETH-25SEP26,1.1496,0.0,5e-05,1772.0,0.0,,ETH,2419.98,0.0
2026-09-10T13:30:52.712943+00:00,ETH-11SEP26-2800-C,2422.33,ETH-11SEP26,call,2800.0,2026-09-11T08:00:00+00:00,0.002108756276047608,,0.0001,3e-06,,2422.33,ETH-11SEP26,0.9083,0.00025,0.00102,6510.0,234.0,,ETH,2419.98,196.09
2026-09-10T13:30:52.712943+00:00,ETH-25JUN27-3200-C,2497.29,ETH-25JUN27,call,3200.0,2027-06-25T08:00:00+00:00,0.7878719321829607,0.108,0.1105,0.109471,0.10925,2497.29,ETH-25JUN27,0.5590999999999999,0.39998,8.55736,1379.0,0.0,0.0025000000000000022,ETH,2419.98,0.0
2026-09-10T13:30:52.712943+00:00,ETH-27NOV26-3800-P,2439.61,ETH-27NOV26,put,3800.0,2026-11-27T08:00:00+00:00,0.21292326688521943,0.561,0.5725,0.566103,0.56675,2439.61,ETH-27NOV26,0.6083,-0.92522,1.58908,0.0,0.0,0.011499999999999955,ETH,2419.97,0.0
2026-09-10T13:30:52.712943+00:00,ETH-11SEP26-2500-C,2422.33,ETH-11SEP26,call,2500.0,2026-09-11T08:00:00+00:00,0.002108756276047608,0.0011,0.0014,0.001238,0.00125,2422.33,ETH-11SEP26,0.5456,0.09746,0.19106,5236.0,1093.0,0.0002999999999999999,ETH,2419.97,10294.21
2026-09-10T13:30:52.712943+00:00,ETH-25SEP26-6600-C,2426.28,ETH-25SEP26,call,6600.0,2026-09-25T08:00:00+00:00,0.04043866729589703,,0.0001,0.0,,2426.28,ETH-25SEP26,1.1199,1e-05,0.00016,1986.0,0.0,,ETH,2419.97,0.0
2026-09-10T13:30:52.712943+00:00,ETH-14SEP26-2400-C,2422.83,ETH-14SEP26,call,2400.0,2026-09-14T08:00:00+00:00,0.01032230863744391,0.022,0.024,0.02324,0.023,2422.83,ETH-14SEP26,0.4493,0.58314,0.95969,0.0,0.0,0.0020000000000000018,ETH,2419.97,0.0
2026-09-10T13:30:52.712943+00:00,ETH-30OCT26-1600-C,2433.52,ETH-30OCT26,call,1600.0,2026-10-30T08:00:00+00:00,0.13626344484552058,0.343,0.3475,0.345791,0.34525,2433.52,ETH-30OCT26,0.6601,0.96692,0.66215,68.0,0.0,0.0044999999999999485,ETH,2419.97,0.0
2026-09-10T13:30:52.712943+00:00,ETH-14SEP26-2440-P,2422.83,ETH-14SEP26,put,2440.0,2026-09-14T08:00:00+00:00,0.01032230863744391,0.021,0.0225,0.022105,0.02175,2422.83,ETH-14SEP26,0.45130000000000003,-0.56026,0.96986,578.0,578.0,0.0014999999999999979,ETH,2419.97,27322.93
2026-09-10T13:30:52.712943+00:00,ETH-25SEP26-2350-P,2426.31,ETH-25SEP26,put,2350.0,2026-09-25T08:00:00+00:00,0.04043866729589703,0.026,0.027,0.026876,0.0265,2426.31,ETH-25SEP26,0.5153,-0.36244,1.82847,200.0,50.0,0.0010000000000000009,ETH,2420.41,3069.17
2026-09-10T13:30:52.712943+00:00,ETH-26MAR27-3100-C,2469.77,ETH-26MAR27,call,3100.0,2027-03-26T08:00:00+00:00,0.5387275105539395,0.0795,0.082,0.080843,0.08075,2469.77,ETH-26MAR27,0.5525,0.35973,6.77775,2006.0,0.0,0.0025000000000000022,ETH,2420.41,0.0
2026-09-10T13:30:52.712943+00:00,ETH-11SEP26-2300-C,2422.33,ETH-11SEP26,call,2300.0,2026-09-11T08:00:00+00:00,0.002108756276047608,0.048,0.0535,0.050659,0.05075,2422.33,ETH-11SEP26,0.6152000000000001,0.96558,0.08458,112.0,0.0,0.005499999999999998,ETH,2420.41,0.0
2026-09-10T13:30:52.712943+00:00,ETH-2OCT26-2800-C,2427.56,ETH-2OCT26,call,2800.0,2026-10-02T08:00:00+00:00,0.05960362280582174,0.0105,0.011,0.010973,0.01075,2427.56,ETH-2OCT26,0.5556,0.16149,1.45037,7.0,7.0,0.0004999999999999987,ETH,2420.75,216.02
2026-09-10T13:30:52.712943+00:00,ETH-11SEP26-3000-C,2422.33,ETH-11SEP26,call,3000.0,2026-09-11T08:00:00+00:00,0.002108756276047608,,0.0001,0.0,,2422.33,ETH-11SEP26,1.0070999999999999,0.0,1e-05,5148.0,563.0,,ETH,2420.41,140.21
2026-09-10T13:30:52.712943+00:00,ETH-2OCT26-2000-P,2427.56,ETH-2OCT26,put,2000.0,2026-10-02T08:00:00+00:00,0.05960362280582174,0.0048,0.0055,0.005074,0.00515,2427.56,ETH-2OCT26,0.5808,-0.07597,0.84695,0.0,0.0,0.0007000000000000001,ETH,2420.75,0.0
2026-09-10T13:30:52.712943+00:00,ETH-25SEP26-2400-P,2426.31,ETH-25SEP26,put,2400.0,2026-09-25T08:00:00+00:00,0.04043866729589703,0.035,0.036,0.035861,0.0355,2426.31,ETH-25SEP26,0.5146000000000001,-0.43961,1.92359,8017.0,1049.0,0.000999999999999994,ETH,2420.75,77824.16
2026-09-10T13:30:52.712943+00:00,ETH-25SEP26-2900-P,2426.31,ETH-25SEP26,put,2900.0,2026-09-25T08:00:00+00:00,0.04043866729589703,0.1955,0.202,0.199294,0.19875,2426.31,ETH-25SEP26,0.5995,-0.92304,0.70404,799.0,0.0,0.006500000000000006,ETH,2420.75,0.0
2026-09-10T13:30:52.712943+00:00,ETH-25JUN27-6000-P,2497.29,ETH-25JUN27,put,6000.0,2027-06-25T08:00:00+00:00,0.7878719321829607,1.405,1.445,1.420945,1.425,2497.29,ETH-25JUN27,0.6074,-0.91262,3.51993,1.0,0.0,0.040000000000000036,ETH,2420.75,0.0
2026-09-10T13:30:52.712943+00:00,ETH-25SEP26-15000-C,2426.28,ETH-25SEP26,call,15000.0,2026-09-25T08:00:00+00:00,0.04043866729589703,,0.0001,0.0,,2426.28,ETH-25SEP26,1.8378999999999999,0.0,3e-05,2390.0,0.0,,ETH,2420.99,0.0
2026-09-10T13:30:52.712943+00:00,ETH-13SEP26-2300-P,2422.51,ETH-13SEP26,put,2300.0,2026-09-13T08:00:00+00:00,0.007584457850311811,0.0023,0.0028,0.002542,0.00255,2422.51,ETH-13SEP26,0.5073,-0.11833,0.41754,210.0,254.0,0.0005,ETH,2420.75,1321.74
2026-09-10T13:30:52.712943+00:00,ETH-25SEP26-5600-C,2426.28,ETH-25SEP26,call,5600.0,2026-09-25T08:00:00+00:00,0.04043866729589703,,0.0001,7e-06,,2426.28,ETH-25SEP26,1.1113,0.00014,0.00265,8185.0,0.0,,ETH,2420.99,0.0
2026-09-10T13:30:52.712943+00:00,ETH-25JUN27-3100-C,2497.29,ETH-25JUN27,call,3100.0,2027-06-25T08:00:00+00:00,0.7878719321829607,0.1175,0.1195,0.118661,0.1185,2497.29,ETH-25JUN27,0.5583,0.42469,8.6815,210.0,1.0,0.0020000000000000018,ETH,2420.75,320.9
2026-09-10T13:30:52.712943+00:00,ETH-26MAR27-2700-C,2469.8,ETH-26MAR27,call,2700.0,2027-03-26T08:00:00+00:00,0.5387275105539395,0.123,0.125,0.124229,0.124,2469.8,ETH-26MAR27,0.5478000000000001,0.49138,7.22945,3034.0,0.0,0.0020000000000000018,ETH,2420.99,0.0
2026-09-10T13:30:52.712943+00:00,ETH-25SEP26-3000-P,2426.31,ETH-25SEP26,put,3000.0,2026-09-25T08:00:00+00:00,0.04043866729589703,0.2355,0.2425,0.239115,0.239,2426.31,ETH-25SEP26,0.6263000000000001,-0.94821,0.51736,7499.0,0.0,0.007000000000000006,ETH,2420.99,0.0
2026-09-10T13:30:52.712943+00:00,ETH-25DEC26-3600-P,2446.4,ETH-25DEC26,put,3600.0,2026-12-25T08:00:00+00:00,0.28958308892491824,0.4825,0.499,0.49007,0.49075,2446.4,ETH-25DEC26,0.5715,-0.86514,2.85566,93.0,0.0,0.016500000000000015,ETH,2420.99,0.0
2026-09-10T13:30:52.712943+00:00,ETH-25SEP26-5000-C,2426.31,ETH-25SEP26,call,5000.0,2026-09-25T08:00:00+00:00,0.04043866729589703,,0.0001,4.4e-05,,2426.31,ETH-25SEP26,1.0981999999999998,0.00078,0.01303,4611.0,0.0,,ETH,2421.21,0.0
2026-09-10T13:30:52.712943+00:00,ETH-25JUN27-2200-C,2496.79,ETH-25JUN27,call,2200.0,2027-06-25T08:00:00+00:00,0.7878719321829607,0.249,0.2525,0.250036,0.25075,2496.79,ETH-25JUN27,0.5604,0.69217,7.79297,1086.0,0.0,0.003500000000000003,ETH,2420.99,0.0
2026-09-10T13:30:52.712943+00:00,ETH-18SEP26-2000-P,2424.12,ETH-18SEP26,put,2000.0,2026-09-18T08:00:00+00:00,0.021273711785972316,0.0009,0.0013,0.001046,0.0011,2424.12,ETH-18SEP26,0.6973999999999999,-0.02663,0.21783,2139.0,130.0,0.00039999999999999996,ETH,2421.21,292.79
2026-09-10T13:30:52.712943+00:00,ETH-25DEC26-3600-C,2446.9,ETH-25DEC26,call,3600.0,2026-12-25T08:00:00+00:00,0.28958308892491824,0.018,0.019,0.018503,0.0185,2446.9,ETH-25DEC26,0.5715,0.13499,2.85813,2545.0,0.0,0.0010000000000000009,ETH,2421.21,0.0
2026-09-10T13:30:52.712943+00:00,ETH-25JUN27-900-C,2497.29,ETH-25JUN27,call,900.0,2027-06-25T08:00:00+00:00,0.7878719321829607,0.645,0.652,0.648684,0.6485,2497.29,ETH-25JUN27,0.7284,0.9713,1.45348,1.0,1.0,0.007000000000000006,ETH,2421.21,1628.72
2026-09-10T13:30:52.712943+00:00,ETH-25DEC26-9000-C,2446.9,ETH-25DEC26,call,9000.0,2026-12-25T08:00:00+00:00,0.28958308892491824,0.0002,0.0005,0.000268,0.00035,2446.9,ETH-25DEC26,0.7961,0.00239,0.09804,2069.0,0.0,0.00030000000000000003,ETH,2421.21,0.0
2026-09-10T13:30:52.712943+00:00,ETH-30OCT26-2350-C,2433.02,ETH-30OCT26,call,2350.0,2026-10-30T08:00:00+00:00,0.13626344484552058,0.0925,0.0945,0.093544,0.0935,2433.02,ETH-30OCT26,0.5207,0.60808,3.45018,246.0,0.0,0.0020000000000000018,ETH,2421.21,0.0
2026-09-10T13:30:52.712943+00:00,ETH-25SEP26-2700-C,2426.31,ETH-25SEP26,call,2700.0,2026-09-25T08:00:00+00:00,0.04043866729589703,0.01,0.0105,0.010338,0.01025,2426.31,ETH-25SEP26,0.5497,0.18,1.28015,11097.0,45.0,0.0005000000000000004,ETH,2421.53,1472.01
2026-09-10T13:30:52.712943+00:00,ETH-25SEP26-11000-C,2426.31,ETH-25SEP26,call,11000.0,2026-09-25T08:00:00+00:00,0.04043866729589703,,0.0001,0.0,,2426.31,ETH-25SEP26,1.5529,0.0,3e-05,3423.0,0.0,,ETH,2421.53,0.0
2026-09-10T13:30:52.712943+00:00,ETH-30OCT26-2750-C,2433.02,ETH-30OCT26,call,2750.0,2026-10-30T08:00:00+00:00,0.13626344484552058,0.0335,0.0345,0.034084,0.034,2433.02,ETH-30OCT26,0.5341,0.30016,3.12374,652.0,11.0,0.0010000000000000009,ETH,2421.53,1169.69
2026-09-10T13:30:52.712943+00:00,ETH-25JUN27-3700-C,2496.79,ETH-25JUN27,call,3700.0,2027-06-25T08:00:00+00:00,0.7878719321829607,0.073,0.075,0.074224,0.074,2496.79,ETH-25JUN27,0.5653,0.29689,7.66902,10.0,0.0,0.0020000000000000018,ETH,2421.53,0.0
2026-09-10T13:30:52.712943+00:00,ETH-25SEP26-10000-P,2426.28,ETH-25SEP26,put,10000.0,2026-09-25T08:00:00+00:00,0.04043866729589703,3.109,3.1355,3.121383,3.12225,2426.28,ETH-25SEP26,1.4631999999999998,-1.0,4e-05,759.0,0.0,0.026499999999999968,ETH,2421.7,0.0
2026-09-10T13:30:52.712943+00:00,ETH-25DEC26-2200-C,2446.9,ETH-25DEC26,call,2200.0,2026-12-25T08:00:00+00:00,0.28958308892491824,0.1655,0.1675,0.166828,0.1665,2446.9,ETH-25DEC26,0.5376,0.69532,4.61,52403.0,0.0,0.0020000000000000018,ETH,2421.7,0.0
2026-09-10T13:30:52.712943+00:00,ETH-26MAR27-2100-P,2469.77,ETH-26MAR27,put,2100.0,2027-03-26T08:00:00+00:00,0.5387275105539395,0.0855,0.087,0.086299,0.08625,2469.77,ETH-26MAR27,0.5563,-0.27392,6.03817,1113.0,404.0,0.0014999999999999875,ETH,2421.7,79242.48
2026-09-10T13:30:52.712943+00:00,ETH-11SEP26-2700-C,2421.83,ETH-11SEP26,call,2700.0,2026-09-11T08:00:00+00:00,0.002108756276047608,,0.0001,6.2e-05,,2421.83,ETH-11SEP26,0.907,0.00468,0.01513,2755.0,313.0,,ETH,2421.7,222.97
2026-09-10T13:30:52.712943+00:00,ETH-18SEP26-2800-C,2424.62,ETH-18SEP26,call,2800.0,2026-09-18T08:00:00+00:00,0.021273711785972316,0.0023,0.0025,0.002435,0.0024,2424.62,ETH-18SEP26,0.6281,0.0628,0.43643,19816.0,115.0,0.0002000000000000001,ETH,2421.7,1041.36
2026-09-10T13:30:52.712943+00:00,ETH-14SEP26-2520-P,2422.83,ETH-14SEP26,put,2520.0,2026-09-14T08:00:00+00:00,0.01032230863744391,0.0445,0.049,0.045864,0.04675,2422.83,ETH-14SEP26,0.4755,-0.78715,0.71484,0.0,0.0,0.004500000000000004,ETH,2421.7,0.0
2026-09-10T13:30:52.712943+00:00,ETH-27NOV26-2850-P,2439.61,ETH-27NOV26,put,2850.0,2026-11-27T08:00:00+00:00,0.21292326688521943,0.209,0.219,0.212234,0.214,2439.61,ETH-27NOV26,0.5431,-0.68987,3.97296,0.0,0.0,0.010000000000000009,ETH,2421.8,0.0
2026-09-10T13:30:52.712943+00:00,ETH-25SEP26-2380-C,2426.31,ETH-25SEP26,call,2380.0,2026-09-25T08:00:00+00:00,0.04043866729589703,0.0505,0.052,0.05114,0.05125,2426.31,ETH-25SEP26,0.5147999999999999,0.59357,1.89293,78.0,0.0,0.0014999999999999944,ETH,2421.8,0.0
2026-09-10T13:30:52.712943+00:00,ETH-12SEP26-2200-P,2422.17,ETH-12SEP26,put,2200.0,2026-09-12T08:00:00+00:00,0.00484660706317971,0.0004,0.0007,0.000587,0.00055,2422.17,ETH-12SEP26,0.7387999999999999,-0.02915,0.11198,235.0,80.0,0.0003,ETH,2421.8,126.51
2026-09-10T13:30:52.712943+00:00,ETH-25JUN27-2500-C,2496.79,ETH-25JUN27,call,2500.0,2027-06-25T08:00:00+00:00,0.7878719321829607,0.193,0.196,0.19463,0.1945,2496.79,ETH-25JUN27,0.5565,0.59648,8.58354,3202.0,33.0,0.0030000000000000027,ETH,2421.8,17080.62
2026-09-10T13:30:52.712943+00:00,ETH-25DEC26-4000-P,2446.9,ETH-25DEC26,put,4000.0,2026-12-25T08:00:00+00:00,0.28958308892491824,0.6385,0.653,0.646054,0.64575,2446.9,ETH-25DEC26,0.5951,-0.91542,2.04133,223.0,0.0,0.014500000000000068,ETH,2421.8,0.0
2026-09-10T13:30:52.712943+00:00,ETH-25JUN27-800-P,2497.29,ETH-25JUN27,put,800.0,2027-06-25T08:00:00+00:00,0.7878719321829607,0.006,0.0075,0.006704,0.00675,2497.29,ETH-25JUN27,0.7553,-0.02107,1.12163,689.0,6.0,0.0014999999999999996,ETH,2421.8,89.67
2026-09-10T13:30:52.712943+00:00,ETH-26MAR27-6000-P,2469.77,ETH-26MAR27,put,6000.0,2027-03-26T08:00:00+00:00,0.5387275105539395,1.4205,1.458,1.437298,1.43925,2469.77,ETH-26MAR27,0.6346,-0.95278,1.78651,1.0,0.0,0.03749999999999987,ETH,2421.8,0.0
2026-09-10T13:30:52.712943+00:00,ETH-18SEP26-2600-P,2424.62,ETH-18SEP26,put,2600.0,2026-09-18T08:00:00+00:00,0.021273711785972316,0.0795,0.0835,0.081304,0.0815,2424.62,ETH-18SEP26,0.5499,-0.7983,0.99493,110.0,22.0,0.0040000000000000036,ETH,2421.8,3491.8
2026-09-10T13:30:52.712943+00:00,ETH-25SEP26-3100-P,2426.28,ETH-25SEP26,put,3100.0,2026-09-25T08:00:00+00:00,0.04043866729589703,0.276,0.2835,0.279397,0.27975,2426.28,ETH-25SEP26,0.6514,-0.96461,0.3805,1.0,0.0,0.007499999999999951,ETH,2421.8,0.0
2026-09-10T13:30:52.712943+00:00,ETH-11SEP26-2460-C,2422.33,ETH-11SEP26,call,2460.0,2026-09-11T08:00:00+00:00,0.002108756276047608,0.0031,0.0036,0.003336,0.00335,2422.33,ETH-11SEP26,0.495,0.24564,0.3495,496.0,441.0,0.0005,ETH,2421.8,6661.0
2026-09-10T13:30:52.712943+00:00,ETH-25DEC26-1600-C,2446.9,ETH-25DEC26,call,1600.0,2026-12-25T08:00:00+00:00,0.28958308892491824,0.3555,0.361,0.358403,0.35825,2446.9,ETH-25DEC26,0.6137,0.92648,1.83584,620.0,0.0,0.005500000000000005,ETH,2421.8,0.0
2026-09-10T13:30:52.712943+00:00,ETH-26MAR27-3100-P,2469.77,ETH-26MAR27,put,3100.0,2027-03-26T08:00:00+00:00,0.5387275105539395,0.332,0.3415,0.336016,0.33675,2469.77,ETH-26MAR27,0.5525,-0.63975,6.78497,99.0,0.0,0.009500000000000008,ETH,2421.75,0.0
2026-09-10T13:30:52.712943+00:00,ETH-30OCT26-4400-C,2433.02,ETH-30OCT26,call,4400.0,2026-10-30T08:00:00+00:00,0.13626344484552058,0.0013,0.0015,0.00141,0.0014,2433.02,ETH-30OCT26,0.708,0.01632,0.36567,689.0,0.0,0.0002000000000000001,ETH,2421.8,0.0
2026-09-10T13:30:52.712943+00:00,ETH-12SEP26-2280-P,2422.2,ETH-12SEP26,put,2280.0,2026-09-12T08:00:00+00:00,0.00484660706317971,0.0013,0.0017,0.001535,0.0015,2422.2,ETH-12SEP26,0.6207,-0.07803,0.24584,2.0,2.0,0.00039999999999999996,ETH,2421.8,5.7
2026-09-10T13:30:52.712943+00:00,ETH-25JUN27-3400-P,2496.79,ETH-25JUN27,put,3400.0,2027-06-25T08:00:00+00:00,0.7878719321829607,0.4505,0.467,0.455143,0.45875,2496.79,ETH-25JUN27,0.5611,-0.64467,8.25537,20.0,0.0,0.016500000000000015,ETH,2421.75,0.0
2026-09-10T13:30:52.712943+00:00,ETH-14SEP26-2360-C,2422.83,ETH-14SEP26,call,2360.0,2026-09-14T08:00:00+00:00,0.01032230863744391,0.033,0.035,0.034026,0.034,2422.83,ETH-14SEP26,0.4543,0.72218,0.8253,0.0,0.0,0.0020000000000000018,ETH,2421.75,0.0
2026-09-10T13:30:52.712943+00:00,ETH-25SEP26-13000-P,2426.31,ETH-25SEP26,put,13000.0,2026-09-25T08:00:00+00:00,0.04043866729589703,4.3405,4.378,4.357997,4.35925,2426.31,ETH-25SEP26,1.7075,-1.0,3e-05,0.0,0.0,0.03750000000000053,ETH,2421.72,0.0
2026-09-10T13:30:52.712943+00:00,ETH-2OCT26-2200-P,2427.56,ETH-2OCT26,put,2200.0,2026-10-02T08:00:00+00:00,0.05960362280582174,0.015,0.016,0.015686,0.0155,2427.56,ETH-2OCT26,0.5275,-0.20375,1.67805,56.0,57.0,0.0010000000000000009,ETH,2421.72,2279.79
2026-09-10T13:30:52.712943+00:00,ETH-25DEC26-3800-P,2446.9,ETH-25DEC26,put,3800.0,2026-12-25T08:00:00+00:00,0.28958308892491824,0.5625,0.578,0.567375,0.57025,2446.9,ETH-25DEC26,0.5825,-0.89404,2.41015,26.0,0.0,0.015499999999999958,ETH,2421.72,0.0
2026-09-10T13:30:52.712943+00:00,ETH-25JUN27-1200-P,2496.79,ETH-25JUN27,put,1200.0,2027-06-25T08:00:00+00:00,0.7878719321829607,0.019,0.0205,0.019587,0.01975,2496.79,ETH-25JUN27,0.6566,-0.06083,2.66924,532.0,10.0,0.0015000000000000013,ETH,2421.72,448.68
2026-09-10T13:30:52.712943+00:00,ETH-12SEP26-2500-P,2422.14,ETH-12SEP26,put,2500.0,2026-09-12T08:00:00+00:00,0.00484660706317971,0.0345,0.0395,0.036895,0.037,2422.14,ETH-12SEP26,0.5616,-0.78658,0.49029,148.0,167.0,0.0049999999999999975,ETH,2421.72,11292.46
2026-09-10T13:30:52.712943+00:00,ETH-25SEP26-1300-P,2426.31,ETH-25SEP26,put,1300.0,2026-09-25T08:00:00+00:00,0.04043866729589703,0.0001,0.0002,0.000162,0.00015,2426.31,ETH-25SEP26,1.1378,-0.00225,0.03447,4963.0,20.0,0.0001,ETH,2421.62,4.92
2026-09-10T13:30:52.712943+00:00,ETH-12SEP26-2400-C,2422.17,ETH-12SEP26,call,2400.0,2026-09-12T08:00:00+00:00,0.00484660706317971,0.019,0.0205,0.019828,0.01975,2422.17,ETH-12SEP26,0.535,0.60316,0.64969,9.0,9.0,0.0015000000000000013,ETH,2421.72,438.4
2026-09-10T13:30:52.712943+00:00,ETH-27NOV26-2150-P,2439.61,ETH-27NOV26,put,2150.0,2026-11-27T08:00:00+00:00,0.21292326688521943,0.045,0.046,0.045629,0.0455,2439.61,ETH-27NOV26,0.5402,-0.26401,3.68094,13.0,2.0,0.0010000000000000009,ETH,2421.72,185.88
2026-09-10T13:30:52.712943+00:00,ETH-25SEP26-1400-C,2426.31,ETH-25SEP26,call,1400.0,2026-09-25T08:00:00+00:00,0.04043866729589703,0.4215,0.4245,0.423161,0.423,2426.31,ETH-25SEP26,1.0203,0.99728,0.04081,1553.0,0.0,0.0030000000000000027,ETH,2421.62,0.0
2026-09-10T13:30:52.712943+00:00,ETH-27NOV26-3300-C,2439.61,ETH-27NOV26,call,3300.0,2026-11-27T08:00:00+00:00,0.21292326688521943,0.0185,0.0195,0.019051,0.019,2439.61,ETH-27NOV26,0.5707,0.15494,2.68234,35.0,2.0,0.0010000000000000009,ETH,2421.62,125.6
2026-09-10T13:30:52.712943+00:00,ETH-14SEP26-2480-P,2422.83,ETH-14SEP26,put,2480.0,2026-09-14T08:00:00+00:00,0.01032230863744391,0.0315,0.034,0.03294,0.03275,2422.83,ETH-14SEP26,0.4598,-0.68489,0.87434,2.0,2.0,0.0025000000000000022,ETH,2421.62,110.7
2026-09-10T13:30:52.712943+00:00,ETH-26MAR27-5500-C,2469.74,ETH-26MAR27,call,5500.0,2027-03-26T08:00:00+00:00,0.5387275105539395,0.0095,0.011,0.010439,0.01025,2469.74,ETH-26MAR27,0.6189,0.06229,2.2239,2975.0,1.0,0.0014999999999999996,ETH,2421.24,26.93
2026-09-10T13:30:52.712943+00:00,ETH-25SEP26-3600-P,2426.28,ETH-25SEP26,put,3600.0,2026-09-25T08:00:00+00:00,0.04043866729589703,0.4795,0.489,0.484008,0.48425,2426.28,ETH-25SEP26,0.7659999999999999,-0.99348,0.08927,907.0,0.0,0.009500000000000008,ETH,2421.24,0.0
2026-09-10T13:30:52.712943+00:00,ETH-25SEP26-1300-C,2426.31,ETH-25SEP26,call,1300.0,2026-09-25T08:00:00+00:00,0.04043866729589703,0.463,0.4655,0.464362,0.46425,2426.31,ETH-25SEP26,1.1378,0.99774,0.03453,68.0,0.0,0.0025000000000000022,ETH,2421.24,0.0
2026-09-10T13:30:52.712943+00:00,ETH-25DEC26-1600-P,2446.4,ETH-25DEC26,put,1600.0,2026-12-25T08:00:00+00:00,0.28958308892491824,0.012,0.013,0.012433,0.0125,2446.4,ETH-25DEC26,0.6137,-0.07356,1.83641,8458.0,0.0,0.0009999999999999992,ETH,2421.24,0.0
2026-09-10T13:30:52.712943+00:00,ETH-13SEP26-2600-C,2422.51,ETH-13SEP26,call,2600.0,2026-09-13T08:00:00+00:00,0.007584457850311811,0.0013,0.0016,0.001478,0.00145,2422.51,ETH-13SEP26,0.5451,0.07056,0.28489,176.0,176.0,0.00030000000000000014,ETH,2421.24,3142.7
2026-09-10T13:30:52.712943+00:00,ETH-30OCT26-2050-P,2433.52,ETH-30OCT26,put,2050.0,2026-10-30T08:00:00+00:00,0.13626344484552058,0.0195,0.0205,0.020173,0.02,2433.52,ETH-30OCT26,0.5446,-0.17078,2.2793,1367.0,1001.0,0.0010000000000000009,ETH,2421.24,43200.15
2026-09-10T13:30:52.712943+00:00,ETH-11SEP26-2650-C,2421.83,ETH-11SEP26,call,2650.0,2026-09-11T08:00:00+00:00,0.002108756276047608,,0.0001,9e-05,,2421.83,ETH-11SEP26,0.8012999999999999,0.00735,0.02259,4621.0,1711.0,,ETH,2421.24,1801.4
2026-09-10T13:30:52.712943+00:00,ETH-13SEP26-2540-C,2422.51,ETH-13SEP26,call,2540.0,2026-09-13T08:00:00+00:00,0.007584457850311811,0.0029,0.0033,0.003178,0.0031,2422.51,ETH-13SEP26,0.502,0.14187,0.47354,381.0,461.0,0.0004000000000000002,ETH,2421.24,11204.71
2026-09-10T13:30:52.712943+00:00,ETH-25DEC26-11000-C,2446.9,ETH-25DEC26,call,11000.0,2026-12-25T08:00:00+00:00,0.28958308892491824,0.0001,0.0003,0.000186,0.0002,2446.9,ETH-25DEC26,0.8748,0.00155,0.06602,2175.0,0.0,0.00019999999999999998,ETH,2421.03,0.0
2026-09-10T13:30:52.712943+00:00,ETH-25JUN27-1000-C,2497.29,ETH-25JUN27,call,1000.0,2027-06-25T08:00:00+00:00,0.7878719321829607,0.606,0.615,0.611535,0.6105,2497.29,ETH-25JUN27,0.7027,0.96225,1.82173,114.0,0.0,0.009000000000000008,ETH,2421.03,0.0
2026-09-10T13:30:52.712943+00:00,ETH-12SEP26-2700-P,2422.14,ETH-12SEP26,put,2700.0,2026-09-12T08:00:00+00:00,0.00484660706317971,0.1115,0.1185,0.115033,0.115,2422.14,ETH-12SEP26,0.7045999999999999,-0.9858,0.06085,0.0,0.0,0.006999999999999992,ETH,2421.03,0.0
2026-09-10T13:30:52.712943+00:00,ETH-25JUN27-2300-P,2497.29,ETH-25JUN27,put,2300.0,2027-06-25T08:00:00+00:00,0.7878719321829607,0.15,0.1525,0.151249,0.15125,2497.29,ETH-25JUN27,0.5586,-0.33994,8.11907,756.0,0.0,0.0025000000000000022,ETH,2421.03,0.0
2026-09-10T13:30:52.712943+00:00,ETH-14SEP26-2250-P,2422.8,ETH-14SEP26,put,2250.0,2026-09-14T08:00:00+00:00,0.01032230863744391,0.0017,0.0021,0.001872,0.0019,2422.8,ETH-14SEP26,0.5201,-0.07813,0.35928,0.0,0.0,0.00039999999999999996,ETH,2421.03,0.0
2026-09-10T13:30:52.712943+00:00,ETH-25SEP26-2380-P,2426.31,ETH-25SEP26,put,2380.0,2026-09-25T08:00:00+00:00,0.04043866729589703,0.0315,0.032,0.032066,0.03175,2426.31,ETH-25SEP26,0.5147999999999999,-0.40751,1.89362,727.0,551.0,0.0005000000000000004,ETH,2420.84,40370.06
2026-09-10T13:30:52.712943+00:00,ETH-30OCT26-2400-P,2433.52,ETH-30OCT26,put,2400.0,2026-10-30T08:00:00+00:00,0.13626344484552058,0.0685,0.07,0.069349,0.06925,2433.52,ETH-30OCT26,0.5196999999999999,-0.43472,3.53413,4501.0,107.0,0.0015000000000000013,ETH,2420.84,15255.34
2026-09-10T13:30:52.712943+00:00,ETH-27NOV26-3200-P,2439.57,ETH-27NOV26,put,3200.0,2026-11-27T08:00:00+00:00,0.21292326688521943,0.3305,0.34,0.334399,0.33525,2439.57,ETH-27NOV26,0.5627,-0.82031,2.95032,0.0,0.0,0.009500000000000008,ETH,2420.84,0.0
2026-09-10T13:30:52.712943+00:00,ETH-11SEP26-2900-C,2422.33,ETH-11SEP26,call,2900.0,2026-09-11T08:00:00+00:00,0.002108756276047608,,0.0001,0.0,,2422.33,ETH-11SEP26,0.9515,2e-05,9e-05,1365.0,35.0,,ETH,2420.84,8.69
2026-09-10T13:30:52.712943+00:00,ETH-12SEP26-2660-C,2422.17,ETH-12SEP26,call,2660.0,2026-09-12T08:00:00+00:00,0.00484660706317971,0.0003,0.0006,0.000428,0.00045,2422.17,ETH-12SEP26,0.6754000000000001,0.02381,0.09451,191.0,95.0,0.0003,ETH,2420.84,384.0
2026-09-10T13:30:52.712943+00:00,ETH-18SEP26-2350-C,2424.12,ETH-18SEP26,call,2350.0,2026-09-18T08:00:00+00:00,0.021273711785972316,0.0465,0.0485,0.047566,0.0475,2424.12,ETH-18SEP26,0.5203,0.67045,1.27934,175.0,6.0,0.0020000000000000018,ETH,2420.84,892.61
2026-09-10T13:30:52.712943+00:00,ETH-25JUN27-3200-P,2497.29,ETH-25JUN27,put,3200.0,2027-06-25T08:00:00+00:00,0.7878719321829607,0.3865,0.401,0.391147,0.39375,2497.29,ETH-25JUN27,0.5590999999999999,-0.59978,8.56143,19.0,0.0,0.014500000000000013,ETH,2420.72,0.0
2026-09-10T13:30:52.712943+00:00,ETH-27NOV26-4600-C,2439.57,ETH-27NOV26,call,4600.0,2026-11-27T08:00:00+00:00,0.21292326688521943,0.0028,0.0033,0.003063,0.00305,2439.57,ETH-27NOV26,0.6684,0.02849,0.73373,865.0,0.0,0.0005,ETH,2420.84,0.0
2026-09-10T13:30:52.712943+00:00,ETH-25SEP26-9000-C,2426.28,ETH-25SEP26,call,9000.0,2026-09-25T08:00:00+00:00,0.04043866729589703,,0.0001,0.0,,2426.28,ETH-25SEP26,1.3633000000000002,0.0,4e-05,2096.0,0.0,,ETH,2420.83,0.0
2026-09-10T13:30:52.712943+00:00,ETH-11SEP26-2000-P,2422.33,ETH-11SEP26,put,2000.0,2026-09-11T08:00:00+00:00,0.002108756276047608,,0.0001,1e-06,,2422.33,ETH-11SEP26,1.1149,-9e-05,0.00038,6178.0,0.0,,ETH,2420.72,0.0
2026-09-10T13:30:52.712943+00:00,ETH-25JUN27-2100-C,2497.29,ETH-25JUN27,call,2100.0,2027-06-25T08:00:00+00:00,0.7878719321829607,0.2705,0.2745,0.271635,0.2725,2497.29,ETH-25JUN27,0.5629,0.72409,7.40513,160.0,0.0,0.0040000000000000036,ETH,2420.72,0.0
2026-09-10T13:30:52.712943+00:00,ETH-30OCT26-1950-C,2433.02,ETH-30OCT26,call,1950.0,2026-10-30T08:00:00+00:00,0.13626344484552058,0.2095,0.214,0.212056,0.21175,2433.02,ETH-30OCT26,0.5617,0.87863,1.81052,744.0,0.0,0.004500000000000004,ETH,2420.72,0.0
2026-09-10T13:30:52.712943+00:00,ETH-30OCT26-2650-P,2433.02,ETH-30OCT26,put,2650.0,2026-10-30T08:00:00+00:00,0.13626344484552058,0.1315,0.1365,0.133314,0.134,2433.02,ETH-30OCT26,0.5276,-0.63462,3.37626,527.0,76.0,0.0050000000000000044,ETH,2420.72,21348.09
2026-09-10T13:30:52.712943+00:00,ETH-26MAR27-3200-C,2469.77,ETH-26MAR27,call,3200.0,2027-03-26T08:00:00+00:00,0.5387275105539395,0.0715,0.0735,0.072816,0.0725,2469.77,ETH-26MAR27,0.5544,0.33207,6.58011,4838.0,0.0,0.0020000000000000018,ETH,2420.83,0.0
2026-09-10T13:30:52.712943+00:00,ETH-30OCT26-4200-P,2433.52,ETH-30OCT26,put,4200.0,2026-10-30T08:00:00+00:00,0.13626344484552058,0.723,0.7345,0.728168,0.72875,2433.52,ETH-30OCT26,0.6878,-0.97857,0.46088,0.0,0.0,0.011500000000000066,ETH,2420.83,0.0
2026-09-10T13:30:52.712943+00:00,ETH-25DEC26-3800-C,2446.9,ETH-25DEC26,call,3800.0,2026-12-25T08:00:00+00:00,0.28958308892491824,0.0135,0.0145,0.014065,0.014,2446.9,ETH-25DEC26,0.5825,0.10574,2.40547,3035.0,0.0,0.0010000000000000009,ETH,2420.83,0.0
2026-09-10T13:30:52.712943+00:00,ETH-25SEP26-4800-C,2426.31,ETH-25SEP26,call,4800.0,2026-09-25T08:00:00+00:00,0.04043866729589703,,0.0001,5.7e-05,,2426.31,ETH-25SEP26,1.0617,0.001,0.01642,1700.0,8.0,,ETH,2420.83,2.01
2026-09-10T13:30:52.712943+00:00,ETH-26MAR27-2400-C,2469.77,ETH-26MAR27,call,2400.0,2027-03-26T08:00:00+00:00,0.5387275105539395,0.1705,0.173,0.17175,0.17175,2469.77,ETH-26MAR27,0.5481,0.60692,6.96977,2362.0,0.0,0.0024999999999999745,ETH,2420.97,0.0
2026-09-10T13:30:52.712943+00:00,ETH-26MAR27-4000-P,2469.77,ETH-26MAR27,put,4000.0,2027-03-26T08:00:00+00:00,0.5387275105539395,0.6425,0.6665,0.652907,0.6545,2469.77,ETH-26MAR27,0.574,-0.82501,4.6721,0.0,0.0,0.02400000000000002,ETH,2420.97,0.0
2026-09-10T13:30:52.712943+00:00,ETH-13SEP26-2340-P,2422.51,ETH-13SEP26,put,2340.0,2026-09-13T08:00:00+00:00,0.007584457850311811,0.0044,0.0048,0.004758,0.0046,2422.51,ETH-13SEP26,0.4829,-0.20241,0.59446,56.0,56.0,0.0003999999999999993,ETH,2420.97,452.85
2026-09-10T13:30:52.712943+00:00,ETH-11SEP26-2550-C,2421.83,ETH-11SEP26,call,2550.0,2026-09-11T08:00:00+00:00,0.002108756276047608,0.0002,0.0005,0.000375,0.00035,2421.83,ETH-11SEP26,0.6121,0.03204,0.07974,5275.0,367.0,0.00030000000000000003,ETH,2420.97,1892.81
2026-09-10T13:30:52.712943+00:00,ETH-27NOV26-2550-P,2439.61,ETH-27NOV26,put,2550.0,2026-11-27T08:00:00+00:00,0.21292326688521943,0.1235,0.125,0.124207,0.12425,2439.61,ETH-27NOV26,0.5323,-0.52359,4.48249,86.0,0.0,0.0015000000000000013,ETH,2420.97,0.0
2026-09-10T13:30:52.712943+00:00,ETH-25SEP26-4000-C,2426.28,ETH-25SEP26,call,4000.0,2026-09-25T08:00:00+00:00,0.04043866729589703,0.0001,0.0003,0.000158,0.0002,2426.28,ETH-25SEP26,0.8793000000000001,0.00305,0.04534,21302.0,0.0,0.00019999999999999998,ETH,2420.97,0.0
2026-09-10T13:30:52.712943+00:00,ETH-25SEP26-2100-C,2426.31,ETH-25SEP26,call,2100.0,2026-09-25T08:00:00+00:00,0.04043866729589703,0.1375,0.141,0.139825,0.13925,2426.31,ETH-25SEP26,0.5719,0.90473,0.82618,5710.0,0.0,0.0034999999999999754,ETH,2420.97,0.0
2026-09-10T13:30:52.712943+00:00,ETH-25DEC26-2500-P,2446.9,ETH-25DEC26,put,2500.0,2026-12-25T08:00:00+00:00,0.28958308892491824,0.1255,0.127,0.126135,0.12625,2446.9,ETH-25DEC26,0.5307999999999999,-0.47391,5.24015,1713.0,17.0,0.0015000000000000013,ETH,2421.04,4664.28
2026-09-10T13:30:52.712943+00:00,ETH-11SEP26-2570-P,2421.83,ETH-11SEP26,put,2570.0,2026-09-11T08:00:00+00:00,0.002108756276047608,0.0585,0.0645,0.061426,0.0615,2421.83,ETH-11SEP26,0.6358,-0.97967,0.05449,18.0,0.0,0.005999999999999998,ETH,2421.04,0.0
2026-09-10T13:30:52.712943+00:00,ETH-2OCT26-2300-P,2427.56,ETH-2OCT26,put,2300.0,2026-10-02T08:00:00+00:00,0.05960362280582174,0.026,0.0275,0.027036,0.02675,2427.56,ETH-2OCT26,0.5157,-0.3126,2.09816,102.0,102.0,0.0015000000000000013,ETH,2421.04,6983.67
2026-09-10T13:30:52.712943+00:00,ETH-2OCT26-2700-C,2427.56,ETH-2OCT26,call,2700.0,2026-10-02T08:00:00+00:00,0.05960362280582174,0.016,0.0165,0.016358,0.01625,2427.56,ETH-2OCT26,0.5381,0.22732,1.78754,0.0,0.0,0.0005000000000000004,ETH,2421.04,0.0
2026-09-10T13:30:52.712943+00:00,ETH-26MAR27-4600-P,2469.77,ETH-26MAR27,put,4600.0,2027-03-26T08:00:00+00:00,0.5387275105539395,0.8705,0.895,0.88254,0.88275,2469.77,ETH-26MAR27,0.5914,-0.88809,3.4507,0.0,0.0,0.024499999999999966,ETH,2421.03,0.0
2026-09-10T13:30:52.712943+00:00,ETH-14SEP26-2540-P,2422.83,ETH-14SEP26,put,2540.0,2026-09-14T08:00:00+00:00,0.01032230863744391,0.051,0.0555,0.052881,0.05325,2422.83,ETH-14SEP26,0.48479999999999995,-0.82783,0.62765,0.0,0.0,0.004500000000000004,ETH,2421.04,0.0
2026-09-10T13:30:52.712943+00:00,ETH-26MAR27-3700-P,2469.77,ETH-26MAR27,put,3700.0,2027-03-26T08:00:00+00:00,0.5387275105539395,0.5325,0.5555,0.542263,0.544,2469.77,ETH-26MAR27,0.5661,-0.77808,5.39368,0.0,0.0,0.02300000000000002,ETH,2421.03,0.0
2026-09-10T13:30:52.712943+00:00,ETH-26MAR27-2200-P,2469.77,ETH-26MAR27,put,2200.0,2027-03-26T08:00:00+00:00,0.5387275105539395,0.1025,0.104,0.10333,0.10325,2469.77,ETH-26MAR27,0.5523,-0.31315,6.42277,1732.0,0.0,0.0015000000000000013,ETH,2421.03,0.0
2026-09-10T13:30:52.712943+00:00,ETH-25DEC26-1700-C,2446.9,ETH-25DEC26,call,1700.0,2026-12-25T08:00:00+00:00,0.28958308892491824,0.319,0.3245,0.321929,0.32175,2446.9,ETH-25DEC26,0.5943,0.90251,2.26752,365.0,0.0,0.005500000000000005,ETH,2421.03,0.0
2026-09-10T13:30:52.712943+00:00,ETH-30OCT26-2850-P,2433.02,ETH-30OCT26,put,2850.0,2026-10-30T08:00:00+00:00,0.13626344484552058,0.1945,0.202,0.197777,0.19825,2433.02,ETH-30OCT26,0.5417000000000001,-0.75609,2.81624,0.0,0.0,0.007500000000000007,ETH,2421.03,0.0
2026-09-10T13:30:52.712943+00:00,ETH-12SEP26-2520-P,2422.17,ETH-12SEP26,put,2520.0,2026-09-12T08:00:00+00:00,0.00484660706317971,0.0415,0.047,0.043811,0.04425,2422.17,ETH-12SEP26,0.5734,-0.83776,0.41363,1.0,0.0,0.005499999999999998,ETH,2421.03,0.0
2026-09-10T13:30:52.712943+00:00,ETH-25SEP26-6000-C,2426.31,ETH-25SEP26,call,6000.0,2026-09-25T08:00:00+00:00,0.04043866729589703,,0.0001,2e-06,,2426.31,ETH-25SEP26,1.1118000000000001,4e-05,0.00083,3711.0,0.0,,ETH,2421.03,0.0
2026-09-10T13:30:52.712943+00:00,ETH-13SEP26-2520-C,2422.51,ETH-13SEP26,call,2520.0,2026-09-13T08:00:00+00:00,0.007584457850311811,0.0039,0.0044,0.004212,0.00415,2422.51,ETH-13SEP26,0.4913,0.18057,0.55433,142.0,251.0,0.0005000000000000004,ETH,2421.03,7805.96
2026-09-10T13:30:52.712943+00:00,ETH-12SEP26-2420-P,2422.2,ETH-12SEP26,put,2420.0,2026-09-12T08:00:00+00:00,0.00484660706317971,0.0135,0.0145,0.014374,0.014,2422.2,ETH-12SEP26,0.5343,-0.48665,0.6718,5164.0,5261.0,0.0010000000000000009,ETH,2421.36,139151.54
2026-09-10T13:30:52.712943+00:00,ETH-30OCT26-4400-P,2433.52,ETH-30OCT26,put,4400.0,2026-10-30T08:00:00+00:00,0.13626344484552058,0.8045,0.8175,0.809914,0.811,2433.52,ETH-30OCT26,0.708,-0.98371,0.36517,0.0,0.0,0.013000000000000012,ETH,2421.36,0.0
2026-09-10T13:30:52.712943+00:00,ETH-25DEC26-3200-P,2446.4,ETH-25DEC26,put,3200.0,2026-12-25T08:00:00+00:00,0.28958308892491824,0.335,0.349,0.341535,0.342,2446.4,ETH-25DEC26,0.5508,-0.77606,3.93727,261.0,0.0,0.013999999999999957,ETH,2421.36,0.0
2026-09-10T13:30:52.712943+00:00,ETH-25SEP26-5400-C,2426.28,ETH-25SEP26,call,5400.0,2026-09-25T08:00:00+00:00,0.04043866729589703,,0.0001,1.4e-05,,2426.28,ETH-25SEP26,1.1113,0.00026,0.00474,1738.0,0.0,,ETH,2421.36,0.0
2026-09-10T13:30:52.712943+00:00,ETH-25DEC26-10000-C,2446.9,ETH-25DEC26,call,10000.0,2026-12-25T08:00:00+00:00,0.28958308892491824,0.0001,0.0004,0.000207,0.00025,2446.9,ETH-25DEC26,0.8336,0.00179,0.07539,1743.0,0.0,0.00030000000000000003,ETH,2421.45,0.0
2026-09-10T13:30:52.712943+00:00,ETH-12SEP26-2560-P,2422.17,ETH-12SEP26,put,2560.0,2026-09-12T08:00:00+00:00,0.00484660706317971,0.0555,0.0615,0.058727,0.0585,2422.17,ETH-12SEP26,0.5996,-0.90619,0.2821,59.0,0.0,0.005999999999999998,ETH,2421.36,0.0
2026-09-10T13:30:52.712943+00:00,ETH-25JUN27-2800-C,2497.29,ETH-25JUN27,call,2800.0,2027-06-25T08:00:00+00:00,0.7878719321829607,0.15,0.153,0.151679,0.1515,2497.29,ETH-25JUN27,0.5565,0.50579,8.84116,1231.0,0.0,0.0030000000000000027,ETH,2421.45,0.0
2026-09-10T13:30:52.712943+00:00,ETH-25SEP26-4800-P,2426.28,ETH-25SEP26,put,4800.0,2026-09-25T08:00:00+00:00,0.04043866729589703,0.9725,0.9845,0.97832,0.9785,2426.28,ETH-25SEP26,1.0617,-0.999,0.01645,110.0,0.0,0.01200000000000001,ETH,2421.36,0.0
2026-09-10T13:30:52.712943+00:00,ETH-18SEP26-2350-P,2424.62,ETH-18SEP26,put,2350.0,2026-09-18T08:00:00+00:00,0.021273711785972316,0.0165,0.017,0.016986,0.01675,2424.62,ETH-18SEP26,0.5202,-0.32869,1.27823,1846.0,406.0,0.0005000000000000004,ETH,2421.45,15291.66
2026-09-10T13:30:52.712943+00:00,ETH-25DEC26-5500-P,2446.9,ETH-25DEC26,put,5500.0,2026-12-25T08:00:00+00:00,0.28958308892491824,1.238,1.268,1.25076,1.253,2446.9,ETH-25DEC26,0.6793,-0.97912,0.66048,0.0,0.0,0.030000000000000027,ETH,2419.49,0.0
2026-09-10T13:30:52.712943+00:00,ETH-30OCT26-2350-P,2433.52,ETH-30OCT26,put,2350.0,2026-10-30T08:00:00+00:00,0.13626344484552058,0.0585,0.06,0.059445,0.05925,2433.52,ETH-30OCT26,0.5207,-0.39316,3.45107,681.0,49.0,0.0014999999999999944,ETH,2419.49,6230.52
2026-09-10T13:30:52.712943+00:00,ETH-25SEP26-4200-C,2426.31,ETH-25SEP26,call,4200.0,2026-09-25T08:00:00+00:00,0.04043866729589703,,0.0002,8.3e-05,,2426.31,ETH-25SEP26,0.9012,0.00163,0.02565,2681.0,10.0,,ETH,2419.49,2.48
2026-09-10T13:30:52.712943+00:00,ETH-30OCT26-2700-P,2433.02,ETH-30OCT26,put,2700.0,2026-10-30T08:00:00+00:00,0.13626344484552058,0.1465,0.1515,0.148495,0.149,2433.02,ETH-30OCT26,0.5304,-0.66834,3.25918,126.0,0.0,0.0050000000000000044,ETH,2419.49,0.0
2026-09-10T13:30:52.712943+00:00,ETH-11SEP26-2470-P,2422.33,ETH-11SEP26,put,2470.0,2026-09-11T08:00:00+00:00,0.002108756276047608,0.02,0.025,0.022478,0.0225,2422.33,ETH-11SEP26,0.5053,-0.81334,0.29771,1403.0,223.0,0.005000000000000001,ETH,2419.49,4898.2
2026-09-10T13:30:52.712943+00:00,ETH-25JUN27-2800-P,2497.29,ETH-25JUN27,put,2800.0,2027-06-25T08:00:00+00:00,0.7878719321829607,0.271,0.2745,0.273145,0.27275,2497.29,ETH-25JUN27,0.5565,-0.49487,8.83414,667.0,0.0,0.003500000000000003,ETH,2419.49,0.0
2026-09-10T13:30:52.712943+00:00,ETH-27NOV26-2650-C,2439.61,ETH-27NOV26,call,2650.0,2026-11-27T08:00:00+00:00,0.21292326688521943,0.0645,0.0655,0.065071,0.065,2439.61,ETH-27NOV26,0.5351,0.41454,4.38414,321.0,1.0,0.0010000000000000009,ETH,2419.49,189.52
2026-09-10T13:30:52.712943+00:00,ETH-25JUN27-2600-C,2497.29,ETH-25JUN27,call,2600.0,2027-06-25T08:00:00+00:00,0.7878719321829607,0.1775,0.1805,0.179018,0.179,2497.29,ETH-25JUN27,0.5561,0.56438,8.71706,346.0,2.0,0.0030000000000000027,ETH,2418.8,939.25
2026-09-10T13:30:52.712943+00:00,ETH-12SEP26-2600-P,2422.17,ETH-12SEP26,put,2600.0,2026-09-12T08:00:00+00:00,0.00484660706317971,0.071,0.0775,0.074412,0.07425,2422.17,ETH-12SEP26,0.6302,-0.94791,0.1793,0.0,0.0,0.006500000000000006,ETH,2418.8,0.0
2026-09-10T13:30:52.712943+00:00,ETH-2OCT26-2400-P,2427.56,ETH-2OCT26,put,2400.0,2026-10-02T08:00:00+00:00,0.05960362280582174,0.043,0.0445,0.044144,0.04375,2427.56,ETH-2OCT26,0.5124,-0.44315,2.33776,33.0,33.0,0.0015000000000000013,ETH,2418.8,3494.08
2026-09-10T13:30:52.712943+00:00,ETH-2OCT26-2100-P,2427.56,ETH-2OCT26,put,2100.0,2026-10-02T08:00:00+00:00,0.05960362280582174,0.0085,0.0095,0.009101,0.009,2427.56,ETH-2OCT26,0.5536,-0.12893,1.24521,0.0,0.0,0.0009999999999999992,ETH,2418.8,0.0
2026-09-10T13:30:52.712943+00:00,ETH-25JUN27-1300-P,2497.29,ETH-25JUN27,put,1300.0,2027-06-25T08:00:00+00:00,0.7878719321829607,0.024,0.0255,0.024579,0.02475,2497.29,ETH-25JUN27,0.6377,-0.07591,3.16276,1680.0,10.0,0.0014999999999999979,ETH,2418.8,583.47
2026-09-10T13:30:52.712943+00:00,ETH-26MAR27-5500-P,2469.77,ETH-26MAR27,put,5500.0,2027-03-26T08:00:00+00:00,0.5387275105539395,1.224,1.253,1.23752,1.2385,2469.77,ETH-26MAR27,0.6189,-0.93803,2.21228,0.0,0.0,0.028999999999999915,ETH,2418.8,0.0
2026-09-10T13:30:52.712943+00:00,ETH-26MAR27-1400-C,2469.77,ETH-26MAR27,call,1400.0,2027-03-26T08:00:00+00:00,0.5387275105539395,0.449,0.454,0.452247,0.4515,2469.77,ETH-26MAR27,0.6396999999999999,0.92512,2.56038,31.0,0.0,0.0050000000000000044,ETH,2418.8,0.0
2026-09-10T13:30:52.712943+00:00,ETH-13SEP26-2600-P,2422.5,ETH-13SEP26,put,2600.0,2026-09-13T08:00:00+00:00,0.007584457850311811,0.0715,0.078,0.074818,0.07475,2422.5,ETH-13SEP26,0.5451,-0.93291,0.27368,1.0,1.0,0.006500000000000006,ETH,2418.77,134.79
2026-09-10T13:30:52.712943+00:00,ETH-25JUN27-2400-P,2496.79,ETH-25JUN27,put,2400.0,2027-06-25T08:00:00+00:00,0.7878719321829607,0.1715,0.174,0.172863,0.17275,2496.79,ETH-25JUN27,0.5573,-0.37277,8.37914,38.0,0.0,0.0024999999999999745,ETH,2418.77,0.0
2026-09-10T13:30:52.712943+00:00,ETH-13SEP26-2680-P,2422.5,ETH-13SEP26,put,2680.0,2026-09-13T08:00:00+00:00,0.007584457850311811,0.1035,0.11,0.106811,0.10675,2422.5,ETH-13SEP26,0.5974,-0.97408,0.12688,0.0,0.0,0.006500000000000006,ETH,2418.77,0.0
2026-09-10T13:30:52.712943+00:00,ETH-14SEP26-2360-P,2422.8,ETH-14SEP26,put,2360.0,2026-09-14T08:00:00+00:00,0.01032230863744391,0.0075,0.0085,0.008099,0.008,2422.8,ETH-14SEP26,0.4543,-0.28729,0.83757,511.0,511.0,0.0010000000000000009,ETH,2418.77,11429.4
2026-09-10T13:30:52.712943+00:00,ETH-25SEP26-1950-C,2426.31,ETH-25SEP26,call,1950.0,2026-09-25T08:00:00+00:00,0.04043866729589703,0.196,0.2,0.198441,0.198,2426.31,ETH-25SEP26,0.6412,0.95982,0.42154,3695.0,0.0,0.0040000000000000036,ETH,2418.77,0.0
2026-09-10T13:30:52.712943+00:00,ETH-13SEP26-2580-P,2422.5,ETH-13SEP26,put,2580.0,2026-09-13T08:00:00+00:00,0.007584457850311811,0.064,0.07,0.066855,0.067,2422.5,ETH-13SEP26,0.5283,-0.9161,0.32453,0.0,0.0,0.006000000000000005,ETH,2418.81,0.0
2026-09-10T13:30:52.712943+00:00,ETH-12SEP26-2360-P,2422.17,ETH-12SEP26,put,2360.0,2026-09-12T08:00:00+00:00,0.00484660706317971,0.005,0.0055,0.005531,0.00525,2422.17,ETH-12SEP26,0.5475,-0.25295,0.53806,6.0,10.0,0.0004999999999999996,ETH,2418.81,114.88
2026-09-10T13:30:52.712943+00:00,ETH-13SEP26-2250-P,2422.51,ETH-13SEP26,put,2250.0,2026-09-13T08:00:00+00:00,0.007584457850311811,0.0012,0.0015,0.001292,0.00135,2422.51,ETH-13SEP26,0.5564,-0.0645,0.26544,58.0,110.0,0.00030000000000000014,ETH,2418.81,449.55
2026-09-10T13:30:52.712943+00:00,ETH-13SEP26-2580-C,2422.5,ETH-13SEP26,call,2580.0,2026-09-13T08:00:00+00:00,0.007584457850311811,0.0017,0.002,0.001866,0.00185,2422.5,ETH-13SEP26,0.5283,0.08395,0.32469,0.0,0.0,0.00030000000000000014,ETH,2418.81,0.0
2026-09-10T13:30:52.712943+00:00,ETH-27NOV26-1600-C,2439.61,ETH-27NOV26,call,1600.0,2026-11-27T08:00:00+00:00,0.21292326688521943,0.349,0.3535,0.35206,0.35125,2439.61,ETH-27NOV26,0.6345000000000001,0.94314,1.28425,0.0,0.0,0.004500000000000004,ETH,2418.81,0.0
2026-09-10T13:30:52.712943+00:00,ETH-26MAR27-1600-P,2469.77,ETH-26MAR27,put,1600.0,2027-03-26T08:00:00+00:00,0.5387275105539395,0.0295,0.031,0.030383,0.03025,2469.77,ETH-26MAR27,0.6034,-0.11535,3.52258,1521.0,0.0,0.0015000000000000013,ETH,2418.81,0.0
2026-09-10T13:30:52.712943+00:00,ETH-25JUN27-3800-C,2497.29,ETH-25JUN27,call,3800.0,2027-06-25T08:00:00+00:00,0.7878719321829607,0.0675,0.0695,0.068804,0.0685,2497.29,ETH-25JUN27,0.5665,0.27887,7.43815,436.0,0.0,0.0020000000000000018,ETH,2418.89,0.0
2026-09-10T13:30:52.712943+00:00,ETH-27NOV26-2800-C,2439.61,ETH-27NOV26,call,2800.0,2026-11-27T08:00:00+00:00,0.21292326688521943,0.048,0.049,0.048503,0.0485,2439.61,ETH-27NOV26,0.5406,0.33251,4.08491,237.0,0.0,0.0010000000000000009,ETH,2418.89,0.0
2026-09-10T13:30:52.712943+00:00,ETH-30OCT26-1500-C,2433.52,ETH-30OCT26,call,1500.0,2026-10-30T08:00:00+00:00,0.13626344484552058,0.3835,0.3875,0.385803,0.3855,2433.52,ETH-30OCT26,0.6968000000000001,0.97732,0.48309,50.0,0.0,0.0040000000000000036,ETH,2418.89,0.0
2026-09-10T13:30:52.712943+00:00,ETH-25DEC26-2500-C,2446.9,ETH-25DEC26,call,2500.0,2026-12-25T08:00:00+00:00,0.28958308892491824,0.1035,0.105,0.104218,0.10425,2446.9,ETH-25DEC26,0.5307999999999999,0.52492,5.23672,28808.0,23.0,0.0015000000000000013,ETH,2419.08,6631.1
2026-09-10T13:30:52.712943+00:00,ETH-30OCT26-2800-C,2433.02,ETH-30OCT26,call,2800.0,2026-10-30T08:00:00+00:00,0.13626344484552058,0.0295,0.0305,0.03,0.03,2433.02,ETH-30OCT26,0.5381,0.26915,2.96186,4044.0,6.0,0.0010000000000000009,ETH,2419.08,510.92
2026-09-10T13:30:52.712943+00:00,ETH-26MAR27-2400-P,2469.77,ETH-26MAR27,put,2400.0,2027-03-26T08:00:00+00:00,0.5387275105539395,0.1425,0.1445,0.143477,0.1435,2469.77,ETH-26MAR27,0.5481,-0.39392,6.96776,523.0,0.0,0.0020000000000000018,ETH,2418.89,0.0
2026-09-10T13:30:52.712943+00:00,ETH-27NOV26-2350-P,2439.61,ETH-27NOV26,put,2350.0,2026-11-27T08:00:00+00:00,0.21292326688521943,0.0775,0.079,0.078534,0.07825,2439.61,ETH-27NOV26,0.5313,-0.39356,4.32608,142.0,8.0,0.0015000000000000013,ETH,2419.08,1565.24
2026-09-10T13:30:52.712943+00:00,ETH-25DEC26-6000-P,2446.9,ETH-25DEC26,put,6000.0,2026-12-25T08:00:00+00:00,0.28958308892491824,1.442,1.4735,1.454334,1.45775,2446.9,ETH-25DEC26,0.7023,-0.98567,0.47893,100.0,0.0,0.031500000000000083,ETH,2419.08,0.0
2026-09-10T13:30:52.712943+00:00,ETH-26MAR27-1700-C,2469.77,ETH-26MAR27,call,1700.0,2027-03-26T08:00:00+00:00,0.5387275105539395,0.3445,0.352,0.349635,0.34825,2469.77,ETH-26MAR27,0.5892000000000001,0.85921,4.04644,1256.0,5.0,0.007500000000000007,ETH,2419.08,4243.32
2026-09-10T13:30:52.712943+00:00,ETH-13SEP26-2200-P,2422.47,ETH-13SEP26,put,2200.0,2026-09-13T08:00:00+00:00,0.007584457850311811,0.0007,0.0009,0.000756,0.0008,2422.47,ETH-13SEP26,0.6184000000000001,-0.03676,0.16943,200.0,154.0,0.00019999999999999998,ETH,2419.08,192.58
2026-09-10T13:30:52.712943+00:00,ETH-25JUN27-1000-P,2497.29,ETH-25JUN27,put,1000.0,2027-06-25T08:00:00+00:00,0.7878719321829607,0.0115,0.0125,0.012059,0.012,2497.29,ETH-25JUN27,0.7027,-0.03786,1.82463,4809.0,2.0,0.0010000000000000009,ETH,2419.07,56.47
2026-09-10T13:30:52.712943+00:00,ETH-27NOV26-2400-P,2439.61,ETH-27NOV26,put,2400.0,2026-11-27T08:00:00+00:00,0.21292326688521943,0.088,0.0895,0.088788,0.08875,2439.61,ETH-27NOV26,0.5307999999999999,-0.42696,4.4113,272.0,3.0,0.0015000000000000013,ETH,2419.07,567.58
2026-09-10T13:30:52.712943+00:00,ETH-14SEP26-2380-P,2422.83,ETH-14SEP26,put,2380.0,2026-09-14T08:00:00+00:00,0.01032230863744391,0.01,0.011,0.010542,0.0105,2422.83,ETH-14SEP26,0.4487,-0.34996,0.91041,234.0,234.0,0.0009999999999999992,ETH,2419.07,6779.92
2026-09-10T13:30:52.712943+00:00,ETH-25SEP26-2000-P,2426.31,ETH-25SEP26,put,2000.0,2026-09-25T08:00:00+00:00,0.04043866729589703,0.0028,0.003,0.002862,0.0029,2426.31,ETH-25SEP26,0.6154999999999999,-0.05355,0.53087,20965.0,1245.0,0.0002000000000000001,ETH,2419.07,5888.24
2026-09-10T13:30:52.712943+00:00,ETH-13SEP26-2480-C,2422.51,ETH-13SEP26,call,2480.0,2026-09-13T08:00:00+00:00,0.007584457850311811,0.007,0.008,0.007403,0.0075,2422.51,ETH-13SEP26,0.4733,0.28046,0.7096,67.0,80.0,0.001,ETH,2419.07,3483.02
2026-09-10T13:30:52.712943+00:00,ETH-30OCT26-2550-P,2433.52,ETH-30OCT26,put,2550.0,2026-10-30T08:00:00+00:00,0.13626344484552058,0.104,0.1055,0.105093,0.10475,2433.52,ETH-30OCT26,0.5227,-0.56104,3.53756,726.0,0.0,0.0015000000000000013,ETH,2419.07,0.0
2026-09-10T13:30:52.712943+00:00,ETH-25DEC26-1400-P,2446.9,ETH-25DEC26,put,1400.0,2026-12-25T08:00:00+00:00,0.28958308892491824,0.0065,0.0075,0.006912,0.007,2446.9,ETH-25DEC26,0.6664,-0.04168,1.17199,13627.0,21.0,0.001,ETH,2419.19,333.79
2026-09-10T13:30:52.712943+00:00,ETH-30OCT26-2000-C,2433.52,ETH-30OCT26,call,2000.0,2026-10-30T08:00:00+00:00,0.13626344484552058,0.192,0.196,0.194532,0.194,2433.52,ETH-30OCT26,0.5528,0.85464,2.04855,753.0,0.0,0.0040000000000000036,ETH,2419.19,0.0
2026-09-10T13:30:52.712943+00:00,ETH-27NOV26-2700-P,2439.57,ETH-27NOV26,put,2700.0,2026-11-27T08:00:00+00:00,0.21292326688521943,0.1645,0.1675,0.165771,0.166,2439.57,ETH-27NOV26,0.5366,-0.61442,4.30091,122.0,24.0,0.0030000000000000027,ETH,2419.19,8975.87
2026-09-10T13:30:52.712943+00:00,ETH-25SEP26-1800-P,2426.31,ETH-25SEP26,put,1800.0,2026-09-25T08:00:00+00:00,0.04043866729589703,0.0009,0.0012,0.001023,0.00105,2426.31,ETH-25SEP26,0.7349,-0.01854,0.22133,12635.0,503.0,0.0002999999999999999,ETH,2419.19,1356.82
2026-09-10T13:30:52.712943+00:00,ETH-25DEC26-9000-P,2446.9,ETH-25DEC26,put,9000.0,2026-12-25T08:00:00+00:00,0.28958308892491824,2.66,2.71,2.679188,2.685,2446.9,ETH-25DEC26,0.7961,-0.99762,0.09768,0.0,0.0,0.04999999999999982,ETH,2419.61,0.0
2026-09-10T13:30:52.712943+00:00,ETH-25JUN27-3600-C,2496.79,ETH-25JUN27,call,3600.0,2027-06-25T08:00:00+00:00,0.7878719321829607,0.079,0.0805,0.079964,0.07975,2496.79,ETH-25JUN27,0.5636,0.31455,7.86253,206.0,0.0,0.0015000000000000013,ETH,2419.61,0.0
2026-09-10T13:30:52.712943+00:00,ETH-14SEP26-2420-P,2422.83,ETH-14SEP26,put,2420.0,2026-09-14T08:00:00+00:00,0.01032230863744391,0.0165,0.018,0.017542,0.01725,2422.83,ETH-14SEP26,0.4476,-0.49021,0.98053,190.0,190.0,0.0014999999999999979,ETH,2419.61,4345.59
2026-09-10T13:30:52.712943+00:00,ETH-25JUN27-4800-C,2497.29,ETH-25JUN27,call,4800.0,2027-06-25T08:00:00+00:00,0.7878719321829607,0.034,0.0355,0.034749,0.03475,2497.29,ETH-25JUN27,0.5839,0.15783,5.3406,142.0,0.0,0.0014999999999999944,ETH,2419.61,0.0
2026-09-10T13:30:52.712943+00:00,ETH-25JUN27-4000-P,2497.29,ETH-25JUN27,put,4000.0,2027-06-25T08:00:00+00:00,0.7878719321829607,0.6545,0.6735,0.661591,0.664,2497.29,ETH-25JUN27,0.5698,-0.75197,7.00817,2.0,0.0,0.019000000000000017,ETH,2419.61,0.0
2026-09-10T13:30:52.712943+00:00,ETH-25DEC26-4600-C,2446.9,ETH-25DEC26,call,4600.0,2026-12-25T08:00:00+00:00,0.28958308892491824,0.005,0.006,0.005548,0.0055,2446.9,ETH-25DEC26,0.6288,0.04459,1.23779,11164.0,0.0,0.001,ETH,2419.61,0.0
2026-09-10T13:30:52.712943+00:00,ETH-25DEC26-10000-P,2446.9,ETH-25DEC26,put,10000.0,2026-12-25T08:00:00+00:00,0.28958308892491824,3.061,3.117,3.087896,3.089,2446.9,ETH-25DEC26,0.8336,-0.99822,0.07495,0.0,0.0,0.05600000000000005,ETH,2419.61,0.0
2026-09-10T13:30:52.712943+00:00,ETH-12SEP26-2520-C,2422.2,ETH-12SEP26,call,2520.0,2026-09-12T08:00:00+00:00,0.00484660706317971,0.0031,0.0036,0.003447,0.00335,2422.2,ETH-12SEP26,0.5734,0.15834,0.40677,228.0,307.0,0.0005,ETH,2419.61,5422.54
2026-09-10T13:30:52.712943+00:00,ETH-26MAR27-3200-P,2469.77,ETH-26MAR27,put,3200.0,2027-03-26T08:00:00+00:00,0.5387275105539395,0.3645,0.3785,0.368452,0.3715,2469.77,ETH-26MAR27,0.5544,-0.66839,6.57307,20.0,0.0,0.014000000000000012,ETH,2419.61,0.0
2026-09-10T13:30:52.712943+00:00,ETH-26MAR27-2600-C,2469.77,ETH-26MAR27,call,2600.0,2027-03-26T08:00:00+00:00,0.5387275105539395,0.137,0.1395,0.138341,0.13825,2469.77,ETH-26MAR27,0.5471,0.52801,7.20894,3223.0,0.0,0.0025000000000000022,ETH,2419.59,0.0
2026-09-10T13:30:52.712943+00:00,ETH-25SEP26-2500-C,2426.31,ETH-25SEP26,call,2500.0,2026-09-25T08:00:00+00:00,0.04043866729589703,0.028,0.029,0.028754,0.0285,2426.31,ETH-25SEP26,0.5185,0.40317,1.8874,24134.0,2081.0,0.0010000000000000009,ETH,2419.59,146403.29
2026-09-10T13:30:52.712943+00:00,ETH-25JUN27-3300-P,2497.29,ETH-25JUN27,put,3300.0,2027-06-25T08:00:00+00:00,0.7878719321829607,0.4185,0.4335,0.422812,0.426,2497.29,ETH-25JUN27,0.5602,-0.62336,8.40933,59.0,0.0,0.015000000000000013,ETH,2419.59,0.0
2026-09-10T13:30:52.712943+00:00,ETH-14SEP26-2320-P,2422.83,ETH-14SEP26,put,2320.0,2026-09-14T08:00:00+00:00,0.01032230863744391,0.0043,0.0048,0.004664,0.00455,2422.83,ETH-14SEP26,0.4717,-0.18243,0.65056,57.0,57.0,0.0004999999999999996,ETH,2419.59,689.34
2026-09-10T13:30:52.712943+00:00,ETH-18SEP26-2300-P,2424.62,ETH-18SEP26,put,2300.0,2026-09-18T08:00:00+00:00,0.021273711785972316,0.0105,0.0115,0.011094,0.011,2424.62,ETH-18SEP26,0.5293,-0.24014,1.09847,3474.0,176.0,0.0009999999999999992,ETH,2419.66,3531.17
2026-09-10T13:30:52.712943+00:00,ETH-25JUN27-1700-C,2496.79,ETH-25JUN27,call,1700.0,2027-06-25T08:00:00+00:00,0.7878719321829607,0.3675,0.3805,0.375372,0.374,2496.79,ETH-25JUN27,0.5857,0.84066,5.37398,676.0,0.0,0.013000000000000012,ETH,2419.66,0.0
2026-09-10T13:30:52.712943+00:00,ETH-25SEP26-2360-C,2426.31,ETH-25SEP26,call,2360.0,2026-09-25T08:00:00+00:00,0.04043866729589703,0.055,0.0565,0.055864,0.05575,2426.31,ETH-25SEP26,0.5152,0.6216,1.85392,240.0,0.0,0.0015000000000000013,ETH,2419.66,0.0
2026-09-10T13:30:52.712943+00:00,ETH-25SEP26-2600-P,2426.31,ETH-25SEP26,put,2600.0,2026-09-25T08:00:00+00:00,0.04043866729589703,0.0875,0.09,0.088934,0.08875,2426.31,ETH-25SEP26,0.5324,-0.72677,1.62159,9379.0,0.0,0.0025000000000000022,ETH,2419.66,0.0
2026-09-10T13:30:52.712943+00:00,ETH-27NOV26-2450-C,2439.61,ETH-27NOV26,call,2450.0,2026-11-27T08:00:00+00:00,0.21292326688521943,0.095,0.0965,0.09556,0.09575,2439.61,ETH-27NOV26,0.5306000000000001,0.54015,4.46498,132.0,72.0,0.0015000000000000013,ETH,2419.66,19115.86
2026-09-10T13:30:52.712943+00:00,ETH-11SEP26-2600-C,2421.83,ETH-11SEP26,call,2600.0,2026-09-11T08:00:00+00:00,0.002108756276047608,0.0001,0.0002,0.000166,0.00015,2421.83,ETH-11SEP26,0.7049,0.01306,0.03726,4425.0,3174.0,0.0001,ETH,2419.67,17041.69
2026-09-10T13:30:52.712943+00:00,ETH-30OCT26-3800-C,2433.02,ETH-30OCT26,call,3800.0,2026-10-30T08:00:00+00:00,0.13626344484552058,0.0032,0.0036,0.003475,0.0034,2433.02,ETH-30OCT26,0.6437,0.03898,0.75738,1261.0,288.0,0.00039999999999999975,ETH,2419.67,3191.91
2026-09-10T13:30:52.712943+00:00,ETH-14SEP26-2340-C,2422.83,ETH-14SEP26,call,2340.0,2026-09-14T08:00:00+00:00,0.01032230863744391,0.039,0.0415,0.040338,0.04025,2422.83,ETH-14SEP26,0.46159999999999995,0.77122,0.74432,68.0,68.0,0.0025000000000000022,ETH,2419.67,9678.42
2026-09-10T13:30:52.712943+00:00,ETH-25SEP26-2420-P,2426.31,ETH-25SEP26,put,2420.0,2026-09-25T08:00:00+00:00,0.04043866729589703,0.039,0.04,0.039915,0.0395,2426.31,ETH-25SEP26,0.5143,-0.4731,1.94063,5781.0,676.0,0.0010000000000000009,ETH,2419.67,65262.22
2026-09-10T13:30:52.712943+00:00,ETH-25DEC26-8000-C,2446.4,ETH-25DEC26,call,8000.0,2026-12-25T08:00:00+00:00,0.28958308892491824,0.0003,0.0007,0.000474,0.0005,2446.4,ETH-25DEC26,0.7722,0.00408,0.15873,2942.0,0.0,0.0004,ETH,2419.67,0.0
2026-09-10T13:30:52.712943+00:00,ETH-14SEP26-2620-P,2422.83,ETH-14SEP26,put,2620.0,2026-09-14T08:00:00+00:00,0.01032230863744391,0.08,0.086,0.083157,0.083,2422.83,ETH-14SEP26,0.5283,-0.92655,0.34254,60.0,60.0,0.0059999999999999915,ETH,2419.67,9060.77
2026-09-10T13:30:52.712943+00:00,ETH-25JUN27-1600-P,2497.29,ETH-25JUN27,put,1600.0,2027-06-25T08:00:00+00:00,0.7878719321829607,0.0455,0.0475,0.046358,0.0465,2497.29,ETH-25JUN27,0.5959,-0.13487,4.80544,1978.0,0.0,0.0020000000000000018,ETH,2419.67,0.0
2026-09-10T13:30:52.712943+00:00,ETH-14SEP26-2240-P,2422.83,ETH-14SEP26,put,2240.0,2026-09-14T08:00:00+00:00,0.01032230863744391,0.0015,0.0018,0.001684,0.00165,2422.83,ETH-14SEP26,0.5304,-0.07147,0.33545,0.0,0.0,0.0002999999999999999,ETH,2419.94,0.0
2026-09-10T13:30:52.712943+00:00,ETH-2OCT26-2200-C,2427.56,ETH-2OCT26,call,2200.0,2026-10-02T08:00:00+00:00,0.05960362280582174,0.107,0.111,0.109415,0.109,2427.56,ETH-2OCT26,0.5275,0.79462,1.68472,0.0,0.0,0.0040000000000000036,ETH,2419.94,0.0
2026-09-10T13:30:52.712943+00:00,ETH-14SEP26-2600-C,2422.83,ETH-14SEP26,call,2600.0,2026-09-14T08:00:00+00:00,0.01032230863744391,0.002,0.0024,0.002268,0.0022,2422.83,ETH-14SEP26,0.5175,0.09084,0.40207,0.0,0.0,0.00039999999999999975,ETH,2419.94,0.0
2026-09-10T13:30:52.712943+00:00,ETH-2OCT26-2500-P,2427.56,ETH-2OCT26,put,2500.0,2026-10-02T08:00:00+00:00,0.05960362280582174,0.066,0.0675,0.067296,0.06675,2427.56,ETH-2OCT26,0.516,-0.57047,2.32599,23.0,45.0,0.0015000000000000013,ETH,2419.94,7471.01
2026-09-10T13:30:52.712943+00:00,ETH-18SEP26-2300-C,2424.12,ETH-18SEP26,call,2300.0,2026-09-18T08:00:00+00:00,0.021273711785972316,0.061,0.0635,0.062308,0.06225,2424.12,ETH-18SEP26,0.5293,0.76035,1.09737,50.0,0.0,0.0025000000000000022,ETH,2419.94,0.0
2026-09-10T13:30:52.712943+00:00,ETH-25SEP26-2550-C,2426.31,ETH-25SEP26,call,2550.0,2026-09-25T08:00:00+00:00,0.04043866729589703,0.0215,0.0225,0.022404,0.022,2426.31,ETH-25SEP26,0.5253,0.33459,1.77557,481.0,2.0,0.0010000000000000009,ETH,2419.94,138.07
2026-09-10T13:30:52.712943+00:00,ETH-30OCT26-1900-C,2433.02,ETH-30OCT26,call,1900.0,2026-10-30T08:00:00+00:00,0.13626344484552058,0.2275,0.232,0.230166,0.22975,2433.02,ETH-30OCT26,0.5725,0.8983,1.59479,275.0,0.0,0.004500000000000004,ETH,2420.12,0.0
2026-09-10T13:30:52.712943+00:00,ETH-12SEP26-2650-C,2422.17,ETH-12SEP26,call,2650.0,2026-09-12T08:00:00+00:00,0.00484660706317971,0.0004,0.0007,0.000505,0.00055,2422.17,ETH-12SEP26,0.6706,0.02753,0.10667,2.0,2.0,0.0003,ETH,2420.12,6.88
2026-09-10T13:30:52.712943+00:00,ETH-25DEC26-3100-P,2446.4,ETH-25DEC26,put,3100.0,2026-12-25T08:00:00+00:00,0.28958308892491824,0.3,0.315,0.306369,0.3075,2446.4,ETH-25DEC26,0.5463,-0.74577,4.21812,0.0,0.0,0.015000000000000013,ETH,2420.12,0.0
2026-09-10T13:30:52.712943+00:00,ETH-13SEP26-2650-P,2422.47,ETH-13SEP26,put,2650.0,2026-09-13T08:00:00+00:00,0.007584457850311811,0.0915,0.098,0.09479,0.09475,2422.47,ETH-13SEP26,0.5808,-0.96157,0.17577,0.0,0.0,0.006500000000000006,ETH,2420.12,0.0
2026-09-10T13:30:52.712943+00:00,ETH-25DEC26-6500-C,2446.4,ETH-25DEC26,call,6500.0,2026-12-25T08:00:00+00:00,0.28958308892491824,0.001,0.0015,0.001236,0.00125,2446.4,ETH-25DEC26,0.7247,0.01038,0.36234,1846.0,0.0,0.0005,ETH,2420.12,0.0
2026-09-10T13:30:52.712943+00:00,ETH-26MAR27-3800-C,2469.77,ETH-26MAR27,call,3800.0,2027-03-26T08:00:00+00:00,0.5387275105539395,0.039,0.0405,0.040027,0.03975,2469.77,ETH-26MAR27,0.5687,0.20463,5.14248,1401.0,0.0,0.0015000000000000013,ETH,2420.12,0.0
2026-09-10T13:30:52.712943+00:00,ETH-25SEP26-1500-P,2426.28,ETH-25SEP26,put,1500.0,2026-09-25T08:00:00+00:00,0.04043866729589703,0.0002,0.0004,0.000255,0.0003,2426.28,ETH-25SEP26,0.9381999999999999,-0.00418,0.06007,16572.0,2000.0,0.0002,ETH,2420.12,493.36
2026-09-10T13:30:52.712943+00:00,ETH-13SEP26-2320-P,2422.51,ETH-13SEP26,put,2320.0,2026-09-13T08:00:00+00:00,0.007584457850311811,0.0032,0.0036,0.003442,0.0034,2422.51,ETH-13SEP26,0.4926,-0.15635,0.50501,21.0,21.0,0.00039999999999999975,ETH,2420.11,94.53
2026-09-10T13:30:52.712943+00:00,ETH-25DEC26-2400-P,2446.4,ETH-25DEC26,put,2400.0,2026-12-25T08:00:00+00:00,0.28958308892491824,0.1025,0.104,0.103438,0.10325,2446.4,ETH-25DEC26,0.5314,-0.41801,5.13796,4812.0,41.0,0.0015000000000000013,ETH,2420.11,9488.14
2026-09-10T13:30:52.712943+00:00,ETH-25SEP26-1950-P,2426.31,ETH-25SEP26,put,1950.0,2026-09-25T08:00:00+00:00,0.04043866729589703,0.0019,0.0023,0.00214,0.0021,2426.31,ETH-25SEP26,0.6412,-0.03983,0.41873,4382.0,65.0,0.00039999999999999996,ETH,2420.11,294.36
2026-09-10T13:30:52.712943+00:00,ETH-30OCT26-3200-P,2433.52,ETH-30OCT26,put,3200.0,2026-10-30T08:00:00+00:00,0.13626344484552058,0.3225,0.331,0.326547,0.32675,2433.52,ETH-30OCT26,0.5751,-0.88289,1.765,2.0,0.0,0.008500000000000008,ETH,2420.11,0.0
2026-09-10T13:30:52.712943+00:00,ETH-14SEP26-2620-C,2422.83,ETH-14SEP26,call,2620.0,2026-09-14T08:00:00+00:00,0.01032230863744391,0.0016,0.002,0.001803,0.0018,2422.83,ETH-14SEP26,0.5283,0.07394,0.34433,0.0,0.0,0.00039999999999999996,ETH,2420.11,0.0
2026-09-10T13:30:52.712943+00:00,ETH-30OCT26-1400-P,2433.52,ETH-30OCT26,put,1400.0,2026-10-30T08:00:00+00:00,0.13626344484552058,0.0015,0.0018,0.001629,0.00165,2433.52,ETH-30OCT26,0.7389,-0.01542,0.348,3416.0,2032.0,0.0002999999999999999,ETH,2420.07,8008.03
2026-09-10T13:30:52.712943+00:00,ETH-26MAR27-2300-P,2469.8,ETH-26MAR27,put,2300.0,2027-03-26T08:00:00+00:00,0.5387275105539395,0.1215,0.123,0.122419,0.12225,2469.8,ETH-26MAR27,0.5497,-0.3534,6.73449,1688.0,0.0,0.0015000000000000013,ETH,2420.07,0.0
2026-09-10T13:30:52.712943+00:00,ETH-26MAR27-1700-P,2469.77,ETH-26MAR27,put,1700.0,2027-03-26T08:00:00+00:00,0.5387275105539395,0.037,0.039,0.038005,0.038,2469.77,ETH-26MAR27,0.5892000000000001,-0.14057,4.04394,1637.0,0.0,0.0020000000000000018,ETH,2420.07,0.0
2026-09-10T13:30:52.712943+00:00,ETH-27NOV26-3100-P,2439.61,ETH-27NOV26,put,3100.0,2026-11-27T08:00:00+00:00,0.21292326688521943,0.294,0.303,0.297891,0.2985,2439.61,ETH-27NOV26,0.5563,-0.79051,3.23806,0.0,0.0,0.009000000000000008,ETH,2420.07,0.0
2026-09-10T13:30:52.712943+00:00,ETH-13SEP26-2620-C,2422.47,ETH-13SEP26,call,2620.0,2026-09-13T08:00:00+00:00,0.007584457850311811,0.0011,0.0013,0.001185,0.0012,2422.47,ETH-13SEP26,0.563,0.0555,0.23608,253.0,253.0,0.00019999999999999987,ETH,2420.07,1805.04
2026-09-10T13:30:52.712943+00:00,ETH-25SEP26-12000-C,2426.28,ETH-25SEP26,call,12000.0,2026-09-25T08:00:00+00:00,0.04043866729589703,,0.0001,0.0,,2426.28,ETH-25SEP26,1.6338,0.0,3e-05,1953.0,0.0,,ETH,2420.07,0.0
2026-09-10T13:30:52.712943+00:00,ETH-14SEP26-2440-C,2422.83,ETH-14SEP26,call,2440.0,2026-09-14T08:00:00+00:00,0.01032230863744391,0.0145,0.0155,0.015043,0.015,2422.83,ETH-14SEP26,0.45130000000000003,0.43981,0.96982,1.0,1.0,0.0009999999999999992,ETH,2420.05,47.66
2026-09-10T13:30:52.712943+00:00,ETH-25JUN27-2900-P,2497.29,ETH-25JUN27,put,2900.0,2027-06-25T08:00:00+00:00,0.7878719321829607,0.299,0.3025,0.301188,0.30075,2497.29,ETH-25JUN27,0.5569,-0.52283,8.82254,284.0,0.0,0.003500000000000003,ETH,2420.05,0.0
2026-09-10T13:30:52.712943+00:00,ETH-30OCT26-2150-C,2433.02,ETH-30OCT26,call,2150.0,2026-10-30T08:00:00+00:00,0.13626344484552058,0.1435,0.147,0.145993,0.14525,2433.02,ETH-30OCT26,0.5327000000000001,0.76516,2.75737,1035.0,0.0,0.003500000000000003,ETH,2420.05,0.0
2026-09-10T13:30:52.712943+00:00,ETH-25JUN27-4800-P,2497.29,ETH-25JUN27,put,4800.0,2027-06-25T08:00:00+00:00,0.7878719321829607,0.9485,0.974,0.957264,0.96125,2497.29,ETH-25JUN27,0.5839,-0.84208,5.34368,0.0,0.0,0.025499999999999967,ETH,2420.05,0.0
2026-09-10T13:30:52.712943+00:00,ETH-25SEP26-2350-C,2426.31,ETH-25SEP26,call,2350.0,2026-09-25T08:00:00+00:00,0.04043866729589703,0.0575,0.059,0.058315,0.05825,2426.31,ETH-25SEP26,0.5153,0.63784,1.82805,0.0,0.0,0.0014999999999999944,ETH,2420.05,0.0
2026-09-10T13:30:52.712943+00:00,ETH-25DEC26-1900-C,2446.9,ETH-25DEC26,call,1900.0,2026-12-25T08:00:00+00:00,0.28958308892491824,0.25,0.256,0.253275,0.253,2446.9,ETH-25DEC26,0.5624,0.83725,3.23697,3839.0,0.0,0.006000000000000005,ETH,2419.95,0.0
2026-09-10T13:30:52.712943+00:00,ETH-13SEP26-2660-C,2422.5,ETH-13SEP26,call,2660.0,2026-09-13T08:00:00+00:00,0.007584457850311811,0.0006,0.0009,0.000731,0.00075,2422.5,ETH-13SEP26,0.5904,0.0351,0.16319,0.0,0.0,0.00030000000000000003,ETH,2419.95,0.0
2026-09-10T13:30:52.712943+00:00,ETH-11SEP26-2250-P,2422.33,ETH-11SEP26,put,2250.0,2026-09-11T08:00:00+00:00,0.002108756276047608,0.0001,0.0003,0.000154,0.0002,2422.33,ETH-11SEP26,0.7263,-0.01442,0.0406,5677.0,514.0,0.00019999999999999998,ETH,2419.95,129.07
2026-09-10T13:30:52.712943+00:00,ETH-30OCT26-2450-C,2433.52,ETH-30OCT26,call,2450.0,2026-10-30T08:00:00+00:00,0.13626344484552058,0.0725,0.074,0.073282,0.07325,2433.52,ETH-30OCT26,0.5199,0.52191,3.57542,780.0,0.0,0.0015000000000000013,ETH,2419.95,0.0
2026-09-10T13:30:52.712943+00:00,ETH-11SEP26-2800-P,2421.83,ETH-11SEP26,put,2800.0,2026-09-11T08:00:00+00:00,0.002108756276047608,0.153,0.1595,0.156168,0.15625,2421.83,ETH-11SEP26,0.9083,-0.99976,0.00101,67.0,0.0,0.006500000000000006,ETH,2419.95,0.0
2026-09-10T13:30:52.712943+00:00,ETH-11SEP26-2200-P,2422.33,ETH-11SEP26,put,2200.0,2026-09-11T08:00:00+00:00,0.002108756276047608,,0.0002,9.7e-05,,2422.33,ETH-11SEP26,0.8654000000000001,-0.0078,0.02376,10065.0,889.0,,ETH,2420.08,275.03
2026-09-10T13:30:52.712943+00:00,ETH-2OCT26-2550-C,2427.56,ETH-2OCT26,call,2550.0,2026-10-02T08:00:00+00:00,0.05960362280582174,0.03,0.031,0.030518,0.0305,2427.56,ETH-2OCT26,0.5199,0.37008,2.23649,0.0,0.0,0.0010000000000000009,ETH,2419.95,0.0
2026-09-10T13:30:52.712943+00:00,ETH-30OCT26-1750-P,2433.52,ETH-30OCT26,put,1750.0,2026-10-30T08:00:00+00:00,0.13626344484552058,0.0055,0.0065,0.006121,0.006,2433.52,ETH-30OCT26,0.6113000000000001,-0.05819,1.04389,779.0,0.0,0.001,ETH,2420.08,0.0
2026-09-10T13:30:52.712943+00:00,ETH-13SEP26-2360-C,2422.5,ETH-13SEP26,call,2360.0,2026-09-13T08:00:00+00:00,0.007584457850311811,0.031,0.033,0.03222,0.032,2422.5,ETH-13SEP26,0.4702,0.73756,0.68675,18.0,18.0,0.0020000000000000018,ETH,2420.08,1902.71
2026-09-10T13:30:52.712943+00:00,ETH-25DEC26-1700-P,2446.4,ETH-25DEC26,put,1700.0,2026-12-25T08:00:00+00:00,0.28958308892491824,0.0165,0.0175,0.016837,0.017,2446.4,ETH-25DEC26,0.5943,-0.09775,2.27088,13084.0,3.0,0.0010000000000000009,ETH,2420.08,110.91
2026-09-10T13:30:52.712943+00:00,ETH-18SEP26-3200-P,2424.12,ETH-18SEP26,put,3200.0,2026-09-18T08:00:00+00:00,0.021273711785972316,0.3165,0.324,0.32032,0.32025,2424.12,ETH-18SEP26,0.7659,-0.99246,0.07349,0.0,0.0,0.007500000000000007,ETH,2420.08,0.0
2026-09-10T13:30:52.712943+00:00,ETH-30OCT26-1500-P,2433.52,ETH-30OCT26,put,1500.0,2026-10-30T08:00:00+00:00,0.13626344484552058,0.0022,0.0027,0.002338,0.00245,2433.52,ETH-30OCT26,0.6968000000000001,-0.02258,0.48165,2682.0,0.0,0.0005,ETH,2420.05,0.0
2026-09-10T13:30:52.712943+00:00,ETH-12SEP26-2640-C,2422.17,ETH-12SEP26,call,2640.0,2026-09-12T08:00:00+00:00,0.00484660706317971,0.0005,0.0007,0.000563,0.0006,2422.17,ETH-12SEP26,0.6592,0.03074,0.1169,1020.0,0.0,0.00019999999999999998,ETH,2420.05,0.0
2026-09-10T13:30:52.712943+00:00,ETH-25SEP26-2850-P,2426.31,ETH-25SEP26,put,2850.0,2026-09-25T08:00:00+00:00,0.04043866729589703,0.1765,0.183,0.179763,0.17975,2426.31,ETH-25SEP26,0.5882999999999999,-0.9047,0.8261,0.0,0.0,0.006500000000000006,ETH,2420.05,0.0
2026-09-10T13:30:52.712943+00:00,ETH-11SEP26-2000-C,2422.33,ETH-11SEP26,call,2000.0,2026-09-11T08:00:00+00:00,0.002108756276047608,0.1715,0.1755,0.174169,0.1735,2422.33,ETH-11SEP26,1.1149,0.99991,0.00039,54.0,0.0,0.003999999999999976,ETH,2420.05,0.0
2026-09-10T13:30:52.712943+00:00,ETH-14SEP26-2560-P,2422.8,ETH-14SEP26,put,2560.0,2026-09-14T08:00:00+00:00,0.01032230863744391,0.057,0.063,0.060273,0.06,2422.8,ETH-14SEP26,0.4951,-0.86214,0.54161,0.0,0.0,0.005999999999999998,ETH,2420.05,0.0
2026-09-10T13:30:52.712943+00:00,ETH-25DEC26-6000-C,2446.4,ETH-25DEC26,call,6000.0,2026-12-25T08:00:00+00:00,0.28958308892491824,0.0015,0.0019,0.00172,0.0017,2446.4,ETH-25DEC26,0.7023,0.01437,0.48016,10912.0,0.0,0.00039999999999999996,ETH,2420.03,0.0
2026-09-10T13:30:52.712943+00:00,ETH-30OCT26-2800-P,2433.52,ETH-30OCT26,put,2800.0,2026-10-30T08:00:00+00:00,0.13626344484552058,0.1775,0.1855,0.180866,0.1815,2433.52,ETH-30OCT26,0.5381,-0.73009,2.96739,20.0,0.0,0.008000000000000007,ETH,2420.03,0.0
2026-09-10T13:30:52.712943+00:00,ETH-11SEP26-2600-P,2421.83,ETH-11SEP26,put,2600.0,2026-09-11T08:00:00+00:00,0.002108756276047608,0.0705,0.0765,0.073748,0.0735,2421.83,ETH-11SEP26,0.7049,-0.98679,0.03765,333.0,0.0,0.006000000000000005,ETH,2420.03,0.0
2026-09-10T13:30:52.712943+00:00,ETH-25JUN27-800-C,2497.29,ETH-25JUN27,call,800.0,2027-06-25T08:00:00+00:00,0.7878719321829607,0.682,0.689,0.686285,0.6855,2497.29,ETH-25JUN27,0.7553,0.97888,1.12336,118.0,0.0,0.006999999999999895,ETH,2420.03,0.0
2026-09-10T13:30:52.712943+00:00,ETH-27NOV26-4600-P,2439.6,ETH-27NOV26,put,4600.0,2026-11-27T08:00:00+00:00,0.21292326688521943,0.8815,0.8975,0.888574,0.8895,2439.6,ETH-27NOV26,0.6684,-0.97158,0.73186,0.0,0.0,0.016000000000000014,ETH,2420.03,0.0
