timestamp,instrument_name,underlying,underlying_name,option_type,strike,expiry_datetime,time_to_maturity,bid_price,ask_price,mark_price,mid_price,futures_price,futures_instrument_name,implied_volatility,delta,vega,open_interest,volume,bid_ask_spread,currency,index_price,volume_usd
2026-08-23T09:36:16.153934+00:00,BTC-25JUN27-150000-P,79379.78,BTC-25JUN27,put,150000.0,2027-06-25T08:00:00+00:00,0.8375993055893352,0.888,0.9235,0.90531557,0.90575,79379.78,BTC-25JUN27,0.45539999999999997,-0.90624,121.64649,0.1,0.0,0.035499999999999976,BTC,76492.96,0.0
2026-08-23T09:36:16.153934+00:00,BTC-25SEP26-120000-P,76761.38,BTC-25SEP26,put,120000.0,2026-09-25T08:00:00+00:00,0.0901660407022714,0.558,0.569,0.56394745,0.5635,76761.38,BTC-25SEP26,0.6244,-0.98894,6.71062,174.5,0.0,0.010999999999999899,BTC,76493.2,0.0
2026-08-23T09:36:16.153934+00:00,BTC-28AUG26-94000-C,76556.12,BTC-28AUG26,call,94000.0,2026-08-28T08:00:00+00:00,0.013506218662572565,0.0001,0.0003,0.00017819,0.0002,76556.12,BTC-28AUG26,0.7045,0.00685,1.70107,275.0,4.3,0.00019999999999999998,BTC,76493.2,100.29
2026-08-23T09:36:16.153934+00:00,BTC-25JUN27-125000-P,79381.53,BTC-25JUN27,put,125000.0,2027-06-25T08:00:00+00:00,0.8375993055893352,0.5925,0.6205,0.60591781,0.6065,79381.53,BTC-25JUN27,0.43450000000000005,-0.82704,185.94925,0.0,0.0,0.028000000000000025,BTC,76493.2,0.0
2026-08-23T09:36:16.153934+00:00,BTC-28AUG26-96000-C,76556.12,BTC-28AUG26,call,96000.0,2026-08-28T08:00:00+00:00,0.013506218662572565,,0.0001,0.00014199,,76556.12,BTC-28AUG26,0.7484999999999999,0.00527,1.3493,141.1,20.5,,BTC,76493.2,155.95
2026-08-23T09:36:16.153934+00:00,BTC-30OCT26-84000-P,77077.03,BTC-30OCT26,put,84000.0,2026-10-30T08:00:00+00:00,0.18599081825189495,0.121,0.1305,0.1262541,0.12575,77077.03,BTC-30OCT26,0.40490000000000004,-0.65724,122.21554,0.7,0.0,0.009500000000000008,BTC,76493.03,0.0
2026-08-23T09:36:16.153934+00:00,BTC-26MAR27-82000-C,78511.39,BTC-26MAR27,call,82000.0,2027-03-26T08:00:00+00:00,0.5884548839603139,0.108,0.11,0.10884002,0.109,78511.39,BTC-26MAR27,0.4168,0.50958,240.28565,970.1,2.5,0.0020000000000000018,BTC,76493.03,20854.79
2026-08-23T09:36:16.153934+00:00,BTC-30OCT26-67000-C,77076.73,BTC-30OCT26,call,67000.0,2026-10-30T08:00:00+00:00,0.18599081825189495,0.1485,0.158,0.15249672,0.15325,77076.73,BTC-30OCT26,0.4244,0.80422,91.90203,109.3,0.0,0.009500000000000008,BTC,76493.03,0.0
2026-08-23T09:36:16.153934+00:00,BTC-25SEP26-55000-C,76761.68,BTC-25SEP26,call,55000.0,2026-09-25T08:00:00+00:00,0.0901660407022714,0.283,0.2885,0.28531087,0.28575,76761.68,BTC-25SEP26,0.5943999999999999,0.9748,13.56792,143.7,0.0,0.005500000000000005,BTC,76493.03,0.0
2026-08-23T09:36:16.153934+00:00,BTC-24AUG26-67500-C,76495.97,BTC-24AUG26,call,67500.0,2026-08-24T08:00:00+00:00,0.0025548155140441603,0.115,0.1205,0.11760648,0.11775,76495.97,BTC-24AUG26,0.755,0.99951,0.06746,0.0,0.0,0.005499999999999991,BTC,76493.03,0.0
2026-08-23T09:36:16.153934+00:00,BTC-26AUG26-73000-P,76542.45,BTC-26AUG26,put,73000.0,2026-08-26T08:00:00+00:00,0.008030517088308363,0.002,0.0023,0.00222182,0.00215,76542.45,BTC-26AUG26,0.4434,-0.11276,13.13307,2.5,2.5,0.0002999999999999999,BTC,76493.03,443.57
2026-08-23T09:36:16.153934+00:00,BTC-25JUN27-88000-C,79379.78,BTC-25JUN27,call,88000.0,2027-06-25T08:00:00+00:00,0.8375993055893352,0.11,0.1135,0.11188998,0.11175,79379.78,BTC-25JUN27,0.41950000000000004,0.46956,289.0896,8.3,0.2,0.003500000000000003,BTC,76493.03,1708.08
2026-08-23T09:36:16.153934+00:00,BTC-25DEC26-74000-P,77696.68,BTC-25DEC26,put,74000.0,2026-12-25T08:00:00+00:00,0.33931046233129264,0.0725,0.074,0.07334156,0.07325,77696.68,BTC-25DEC26,0.4208,-0.37395,171.52559,121.9,0.0,0.0015000000000000013,BTC,76490.45,0.0
2026-08-23T09:36:16.153934+00:00,BTC-25JUN27-45000-C,79379.78,BTC-25JUN27,call,45000.0,2027-06-25T08:00:00+00:00,0.8375993055893352,0.4495,0.4525,0.45054236,0.451,79379.78,BTC-25JUN27,0.49979999999999997,0.92912,98.52172,0.5,0.0,0.0030000000000000027,BTC,76493.03,0.0
2026-08-23T09:36:16.153934+00:00,BTC-25SEP26-74000-C,76761.38,BTC-25SEP26,call,74000.0,2026-09-25T08:00:00+00:00,0.0901660407022714,0.0665,0.068,0.0672491,0.06725,76761.38,BTC-25SEP26,0.4004,0.64222,86.07431,1620.9,1.7,0.0015000000000000013,BTC,76490.45,8787.83
2026-08-23T09:36:16.153934+00:00,BTC-25JUN27-54000-C,79379.78,BTC-25JUN27,call,54000.0,2027-06-25T08:00:00+00:00,0.8375993055893352,0.3525,0.356,0.35422322,0.35425,79379.78,BTC-25JUN27,0.4653,0.86808,155.30534,0.9,0.0,0.003500000000000003,BTC,76490.45,0.0
2026-08-23T09:36:16.153934+00:00,BTC-26AUG26-77000-C,76540.85,BTC-26AUG26,call,77000.0,2026-08-26T08:00:00+00:00,0.008030517088308363,0.012,0.013,0.0125474,0.0125,76540.85,BTC-26AUG26,0.4289,0.44598,27.12308,0.2,0.2,0.0009999999999999992,BTC,76490.45,226.63
2026-08-23T09:36:16.153934+00:00,BTC-25DEC26-84000-C,77696.38,BTC-25DEC26,call,84000.0,2026-12-25T08:00:00+00:00,0.33931046233129264,0.064,0.0655,0.0647861,0.06475,77696.38,BTC-25DEC26,0.4153,0.42017,176.98447,1204.5,47.3,0.0015000000000000013,BTC,76490.36,254136.26
2026-08-23T09:36:16.153934+00:00,BTC-25AUG26-76000-C,76515.82,BTC-25AUG26,call,76000.0,2026-08-25T08:00:00+00:00,0.005292666301176262,0.015,0.0165,0.01577011,0.01575,76515.82,BTC-25AUG26,0.4193,0.59413,21.59564,0.4,0.0,0.0015000000000000013,BTC,76490.45,0.0
2026-08-23T09:36:16.153934+00:00,BTC-28AUG26-98000-C,76556.12,BTC-28AUG26,call,98000.0,2026-08-28T08:00:00+00:00,0.013506218662572565,,0.0001,9.46e-05,,76556.12,BTC-28AUG26,0.7752,0.00352,0.93948,225.1,36.0,,BTC,76490.36,274.88
2026-08-23T09:36:16.153934+00:00,BTC-25SEP26-54000-P,76761.38,BTC-25SEP26,put,54000.0,2026-09-25T08:00:00+00:00,0.0901660407022714,0.0015,0.0018,0.00168583,0.00165,76761.38,BTC-25SEP26,0.6148,-0.02292,12.52784,632.2,0.6,0.0002999999999999999,BTC,76490.36,72.43
2026-08-23T09:36:16.153934+00:00,BTC-4SEP26-60000-C,76594.06,BTC-4SEP26,call,60000.0,2026-09-04T08:00:00+00:00,0.03267117417249728,0.2145,0.22,0.21721117,0.21725,76594.06,BTC-4SEP26,0.6303,0.98607,4.92169,0.4,0.0,0.005500000000000005,BTC,76490.36,0.0
2026-08-23T09:36:16.153934+00:00,BTC-25DEC26-104000-C,77696.38,BTC-25DEC26,call,104000.0,2026-12-25T08:00:00+00:00,0.33931046233129264,0.017,0.0185,0.01774423,0.01775,77696.38,BTC-25DEC26,0.4324,0.15117,106.10421,86.9,0.1,0.0014999999999999979,BTC,76490.36,136.83
2026-08-23T09:36:16.153934+00:00,BTC-25SEP26-155000-P,76761.38,BTC-25SEP26,put,155000.0,2026-09-25T08:00:00+00:00,0.0901660407022714,1.01,1.0265,1.01942556,1.01825,76761.38,BTC-25SEP26,0.8099,-0.99717,1.9992,0.1,0.0,0.01649999999999996,BTC,76490.43,0.0
2026-08-23T09:36:16.153934+00:00,BTC-4SEP26-78000-P,76593.89,BTC-4SEP26,put,78000.0,2026-09-04T08:00:00+00:00,0.03267117417249728,0.039,0.0405,0.03989577,0.03975,76593.89,BTC-4SEP26,0.4096,-0.58277,54.05579,40.0,0.7,0.0015000000000000013,BTC,76490.36,1980.78
2026-08-23T09:36:16.153934+00:00,BTC-25SEP26-105000-C,76761.38,BTC-25SEP26,call,105000.0,2026-09-25T08:00:00+00:00,0.0901660407022714,0.0013,0.0017,0.0016398,0.0015,76761.38,BTC-25SEP26,0.526,0.02846,15.01432,1209.0,0.1,0.00039999999999999996,BTC,76490.43,12.95
2026-08-23T09:36:16.153934+00:00,BTC-30OCT26-90000-P,77076.73,BTC-30OCT26,put,90000.0,2026-10-30T08:00:00+00:00,0.18599081825189495,0.182,0.1935,0.18817415,0.18775,77076.73,BTC-30OCT26,0.41409999999999997,-0.78186,97.97755,0.4,0.3,0.01150000000000001,BTC,76490.43,4178.69
2026-08-23T09:36:16.153934+00:00,BTC-25JUN27-105000-P,79381.53,BTC-25JUN27,put,105000.0,2027-06-25T08:00:00+00:00,0.8375993055893352,0.372,0.3945,0.38344632,0.38325,79381.53,BTC-25JUN27,0.423,-0.70147,252.1173,0.1,0.0,0.02250000000000002,BTC,76490.43,0.0
2026-08-23T09:36:16.153934+00:00,BTC-24AUG26-78000-C,76495.97,BTC-24AUG26,call,78000.0,2026-08-24T08:00:00+00:00,0.0025548155140441603,0.0019,0.0024,0.00221823,0.00215,76495.97,BTC-24AUG26,0.4296,0.18767,10.41717,141.5,118.9,0.0004999999999999998,BTC,76490.43,38717.93
2026-08-23T09:36:16.153934+00:00,BTC-24AUG26-69500-P,76495.97,BTC-24AUG26,put,69500.0,2026-08-24T08:00:00+00:00,0.0025548155140441603,,0.0001,2.979e-05,,76495.97,BTC-24AUG26,0.6895,-0.00282,0.33467,31.1,0.0,,BTC,76491.23,0.0
2026-08-23T09:36:16.153934+00:00,BTC-25SEP26-82000-P,76761.38,BTC-25SEP26,put,82000.0,2026-09-25T08:00:00+00:00,0.0901660407022714,0.09,0.0925,0.09136261,0.09125,76761.38,BTC-25SEP26,0.40399999999999997,-0.6857,81.82916,195.1,0.2,0.0025000000000000022,BTC,76491.23,1337.15
2026-08-23T09:36:16.153934+00:00,BTC-26MAR27-112000-P,78511.39,BTC-26MAR27,put,112000.0,2027-03-26T08:00:00+00:00,0.5884548839603139,0.443,0.467,0.45486788,0.455,78511.39,BTC-26MAR27,0.4311,-0.81816,159.09596,0.1,0.0,0.02400000000000002,BTC,76491.23,0.0
2026-08-23T09:36:16.153934+00:00,BTC-25DEC26-58000-C,77696.38,BTC-25DEC26,call,58000.0,2026-12-25T08:00:00+00:00,0.33931046233129264,0.2665,0.2755,0.27096513,0.271,77696.38,BTC-25DEC26,0.47229999999999994,0.88492,87.92243,40.3,0.0,0.009000000000000008,BTC,76491.23,0.0
2026-08-23T09:36:16.153934+00:00,BTC-28AUG26-65000-P,76556.12,BTC-28AUG26,put,65000.0,2026-08-28T08:00:00+00:00,0.013506218662572565,0.0001,0.0004,0.00029004,0.00025,76556.12,BTC-28AUG26,0.6274000000000001,-0.01131,2.6408,2359.2,44.0,0.00030000000000000003,BTC,76491.23,1351.24
2026-08-23T09:36:16.153934+00:00,BTC-30OCT26-79000-C,77077.03,BTC-30OCT26,call,79000.0,2026-10-30T08:00:00+00:00,0.18599081825189495,0.058,0.059,0.05837765,0.0585,77077.03,BTC-30OCT26,0.4031,0.47817,132.45873,84.2,2.8,0.000999999999999994,BTC,76491.23,13187.42
2026-08-23T09:36:16.153934+00:00,BTC-4SEP26-62000-P,76593.89,BTC-4SEP26,put,62000.0,2026-09-04T08:00:00+00:00,0.03267117417249728,0.0007,0.001,0.00085087,0.00085,76593.89,BTC-4SEP26,0.5895,-0.02085,6.9465,901.4,0.0,0.00030000000000000003,BTC,76491.23,0.0
2026-08-23T09:36:16.153934+00:00,BTC-25SEP26-66000-P,76761.38,BTC-25SEP26,put,66000.0,2026-09-25T08:00:00+00:00,0.0901660407022714,0.0075,0.0085,0.0080154,0.008,76761.38,BTC-25SEP26,0.44530000000000003,-0.11587,44.99431,1687.3,1.8,0.0010000000000000009,BTC,76490.24,1073.63
2026-08-23T09:36:16.153934+00:00,BTC-25JUN27-90000-C,79381.53,BTC-25JUN27,call,90000.0,2027-06-25T08:00:00+00:00,0.8375993055893352,0.1025,0.1055,0.10416933,0.104,79381.53,BTC-25JUN27,0.4199,0.44652,287.31827,365.4,292.6,0.0030000000000000027,BTC,76491.23,2360396.23
2026-08-23T09:36:16.153934+00:00,BTC-25SEP26-79000-C,76761.38,BTC-25SEP26,call,79000.0,2026-09-25T08:00:00+00:00,0.0901660407022714,0.035,0.0355,0.03526828,0.03525,76761.38,BTC-25SEP26,0.39880000000000004,0.4284,90.49671,44.2,1.2,0.0004999999999999935,BTC,76490.24,3501.87
2026-08-23T09:36:16.153934+00:00,BTC-28AUG26-90000-P,76556.12,BTC-28AUG26,put,90000.0,2026-08-28T08:00:00+00:00,0.013506218662572565,0.171,0.1795,0.17592666,0.17525,76556.12,BTC-28AUG26,0.6074,-0.98797,2.78656,11.1,0.3,0.00849999999999998,BTC,76490.24,3902.83
2026-08-23T09:36:16.153934+00:00,BTC-26MAR27-78000-C,78511.39,BTC-26MAR27,call,78000.0,2027-03-26T08:00:00+00:00,0.5884548839603139,0.1295,0.131,0.13038591,0.13025,78511.39,BTC-26MAR27,0.41840000000000005,0.57174,236.4503,552.6,3.8,0.0015000000000000013,BTC,76490.24,39392.98
2026-08-23T09:36:16.153934+00:00,BTC-25SEP26-85000-P,76761.38,BTC-25SEP26,put,85000.0,2026-09-25T08:00:00+00:00,0.0901660407022714,0.1175,0.1265,0.12231672,0.122,76761.38,BTC-25SEP26,0.41200000000000003,-0.77704,68.79297,453.8,0.0,0.009000000000000008,BTC,76490.21,0.0
2026-08-23T09:36:16.153934+00:00,BTC-25DEC26-95000-P,77696.38,BTC-25DEC26,put,95000.0,2026-12-25T08:00:00+00:00,0.33931046233129264,0.2475,0.26,0.25410078,0.25375,77696.38,BTC-25DEC26,0.42119999999999996,-0.75697,141.70187,85.9,0.0,0.012500000000000011,BTC,76490.21,0.0
2026-08-23T09:36:16.153934+00:00,BTC-25AUG26-77500-P,76517.76,BTC-25AUG26,put,77500.0,2026-08-25T08:00:00+00:00,0.005292666301176262,0.019,0.021,0.02012053,0.02,76517.76,BTC-25AUG26,0.4321,-0.65195,20.58459,227.7,8.0,0.0020000000000000018,BTC,76490.24,10168.16
2026-08-23T09:36:16.153934+00:00,BTC-11SEP26-72000-C,76640.0,BTC-11SEP26,call,72000.0,2026-09-11T08:00:00+00:00,0.05183612968242198,0.0725,0.075,0.07361057,0.07375,76640.0,BTC-11SEP26,0.4021,0.76651,53.44648,147.9,0.1,0.0025000000000000022,BTC,76490.21,629.07
2026-08-23T09:36:16.153934+00:00,BTC-25AUG26-87000-C,76515.82,BTC-25AUG26,call,87000.0,2026-08-25T08:00:00+00:00,0.005292666301176262,0.0001,0.0003,0.00018757,0.0002,76515.82,BTC-25AUG26,0.7529,0.01028,1.51986,6.8,1.1,0.00019999999999999998,BTC,76490.21,16.85
2026-08-23T09:36:16.153934+00:00,BTC-27AUG26-67000-P,76547.465,SYN.BTC-27AUG26,put,67000.0,2026-08-27T08:00:00+00:00,0.010768367875440464,0.0001,0.0006,0.00036115,0.00035,76547.465,SYN.BTC-27AUG26,0.6058,-0.01579,3.14402,0.1,0.1,0.0004999999999999999,BTC,76490.21,2.3
2026-08-23T09:36:16.153934+00:00,BTC-25SEP26-125000-P,76761.38,BTC-25SEP26,put,125000.0,2026-09-25T08:00:00+00:00,0.0901660407022714,0.6215,0.634,0.62900484,0.62775,76761.38,BTC-25SEP26,0.6627,-0.99062,5.80986,21.8,0.0,0.012499999999999956,BTC,76490.5,0.0
2026-08-23T09:36:16.153934+00:00,BTC-11SEP26-65000-C,76640.0,BTC-11SEP26,call,65000.0,2026-09-11T08:00:00+00:00,0.05183612968242198,0.152,0.1585,0.15451615,0.15525,76640.0,BTC-11SEP26,0.46990000000000004,0.94437,19.59303,0.0,0.0,0.006500000000000006,BTC,76490.5,0.0
2026-08-23T09:36:16.153934+00:00,BTC-27AUG26-77500-C,76547.465,SYN.BTC-27AUG26,call,77500.0,2026-08-27T08:00:00+00:00,0.010768367875440464,0.0115,0.013,0.01242835,0.01225,76547.465,SYN.BTC-27AUG26,0.431,0.39958,30.69085,0.0,0.0,0.0014999999999999996,BTC,76490.5,0.0
2026-08-23T09:36:16.153934+00:00,BTC-4SEP26-72000-C,76594.06,BTC-4SEP26,call,72000.0,2026-09-04T08:00:00+00:00,0.03267117417249728,0.0655,0.0715,0.06848776,0.0685,76594.06,BTC-4SEP26,0.418,0.80391,38.31172,613.1,0.5,0.0059999999999999915,BTC,76490.5,2889.08
2026-08-23T09:36:16.153934+00:00,BTC-25JUN27-55000-P,79379.78,BTC-25JUN27,put,55000.0,2027-06-25T08:00:00+00:00,0.8375993055893352,0.0365,0.038,0.03708056,0.03725,79379.78,BTC-25JUN27,0.4623,-0.1404,162.07004,36.3,0.0,0.0015000000000000013,BTC,76490.5,0.0
2026-08-23T09:36:16.153934+00:00,BTC-26AUG26-81000-P,76540.85,BTC-26AUG26,put,81000.0,2026-08-26T08:00:00+00:00,0.008030517088308363,0.0565,0.0635,0.06035068,0.06,76540.85,BTC-26AUG26,0.4858,-0.89961,12.0759,0.0,0.0,0.006999999999999999,BTC,76490.5,0.0
2026-08-23T09:36:16.153934+00:00,BTC-28AUG26-75000-P,76556.12,BTC-28AUG26,put,75000.0,2026-08-28T08:00:00+00:00,0.013506218662572565,0.0105,0.0115,0.01086344,0.011,76556.12,BTC-28AUG26,0.4214,-0.32885,32.18609,735.0,207.9,0.0009999999999999992,BTC,76490.5,154474.83
2026-08-23T09:36:16.153934+00:00,BTC-26MAR27-96000-C,78511.39,BTC-26MAR27,call,96000.0,2027-03-26T08:00:00+00:00,0.5884548839603139,0.056,0.058,0.05758176,0.057,78511.39,BTC-26MAR27,0.4207,0.32218,216.05926,154.1,4.4,0.0020000000000000018,BTC,76491.03,20316.2
2026-08-23T09:36:16.153934+00:00,BTC-4SEP26-64000-C,76593.89,BTC-4SEP26,call,64000.0,2026-09-04T08:00:00+00:00,0.03267117417249728,0.163,0.1695,0.16548289,0.16625,76593.89,BTC-4SEP26,0.5336,0.97192,8.91835,265.5,0.0,0.006500000000000006,BTC,76491.03,0.0
2026-08-23T09:36:16.153934+00:00,BTC-30OCT26-60000-C,77076.73,BTC-30OCT26,call,60000.0,2026-10-30T08:00:00+00:00,0.18599081825189495,0.2275,0.236,0.23058345,0.23175,77076.73,BTC-30OCT26,0.4661,0.91088,53.60772,14.5,0.0,0.00849999999999998,BTC,76490.5,0.0
2026-08-23T09:36:16.153934+00:00,BTC-26AUG26-72000-P,76542.45,BTC-26AUG26,put,72000.0,2026-08-26T08:00:00+00:00,0.008030517088308363,0.0012,0.0014,0.00131627,0.0013,76542.45,BTC-26AUG26,0.46799999999999997,-0.06969,9.18143,2.7,2.7,0.0002000000000000001,BTC,76491.03,288.1
2026-08-23T09:36:16.153934+00:00,BTC-28AUG26-77000-C,76556.12,BTC-28AUG26,call,77000.0,2026-08-28T08:00:00+00:00,0.013506218662572565,0.0165,0.0175,0.01699582,0.017,76556.12,BTC-28AUG26,0.4251,0.46302,35.35341,600.4,51.8,0.0010000000000000009,BTC,76491.03,66881.02
2026-08-23T09:36:16.153934+00:00,BTC-30OCT26-76000-P,77077.03,BTC-30OCT26,put,76000.0,2026-10-30T08:00:00+00:00,0.18599081825189495,0.0615,0.0625,0.06197896,0.062,77077.03,BTC-30OCT26,0.40270000000000006,-0.43333,130.80108,27.1,0.0,0.0010000000000000009,BTC,76491.03,0.0
2026-08-23T09:36:16.153934+00:00,BTC-30OCT26-45000-C,77076.73,BTC-30OCT26,call,45000.0,2026-10-30T08:00:00+00:00,0.18599081825189495,0.416,0.4215,0.41828235,0.41875,77076.73,BTC-30OCT26,0.644,0.98105,15.38026,0.1,0.0,0.005500000000000005,BTC,76491.03,0.0
2026-08-23T09:36:16.153934+00:00,BTC-30OCT26-66000-C,77076.73,BTC-30OCT26,call,66000.0,2026-10-30T08:00:00+00:00,0.18599081825189495,0.159,0.1675,0.16292416,0.16325,77076.73,BTC-30OCT26,0.4293,0.82394,86.0452,160.5,0.0,0.008500000000000008,BTC,76491.03,0.0
2026-08-23T09:36:16.153934+00:00,BTC-28AUG26-82000-P,76556.12,BTC-28AUG26,put,82000.0,2026-08-28T08:00:00+00:00,0.013506218662572565,0.07,0.0775,0.07402725,0.07375,76556.12,BTC-28AUG26,0.47340000000000004,-0.88896,16.84869,1.5,0.0,0.007499999999999993,BTC,76489.74,0.0
2026-08-23T09:36:16.153934+00:00,BTC-30OCT26-58000-C,77076.73,BTC-30OCT26,call,58000.0,2026-10-30T08:00:00+00:00,0.18599081825189495,0.2515,0.2595,0.25453458,0.2555,77076.73,BTC-30OCT26,0.48119999999999996,0.9297,44.79542,0.0,0.0,0.008000000000000007,BTC,76489.74,0.0
2026-08-23T09:36:16.153934+00:00,BTC-25DEC26-70000-P,77696.38,BTC-25DEC26,put,70000.0,2026-12-25T08:00:00+00:00,0.33931046233129264,0.052,0.0535,0.05281559,0.05275,77696.38,BTC-25DEC26,0.4277,-0.29355,155.85119,1174.6,0.9,0.0015000000000000013,BTC,76489.74,3644.24
2026-08-23T09:36:16.153934+00:00,BTC-30OCT26-90000-C,77076.73,BTC-30OCT26,call,90000.0,2026-10-30T08:00:00+00:00,0.18599081825189495,0.02,0.021,0.02050838,0.0205,77076.73,BTC-30OCT26,0.41409999999999997,0.21815,97.98064,272.0,50.2,0.0010000000000000009,BTC,76489.74,89567.18
2026-08-23T09:36:16.153934+00:00,BTC-25DEC26-125000-C,77696.38,BTC-25DEC26,call,125000.0,2026-12-25T08:00:00+00:00,0.33931046233129264,0.0055,0.0065,0.00602759,0.006,77696.38,BTC-25DEC26,0.4739,0.05659,51.50898,600.0,0.1,0.001,BTC,76489.77,46.1
2026-08-23T09:36:16.153934+00:00,BTC-25JUN27-40000-P,79379.78,BTC-25JUN27,put,40000.0,2027-06-25T08:00:00+00:00,0.8375993055893352,0.011,0.013,0.01192042,0.012,79379.78,BTC-25JUN27,0.5287,-0.04868,73.3636,1196.9,1.1,0.002,BTC,76489.74,986.28
2026-08-23T09:36:16.153934+00:00,BTC-30OCT26-94000-P,77076.73,BTC-30OCT26,put,94000.0,2026-10-30T08:00:00+00:00,0.18599081825189495,0.2265,0.2395,0.23374041,0.233,77076.73,BTC-30OCT26,0.4235,-0.84018,80.84635,0.0,0.0,0.012999999999999984,BTC,76489.74,0.0
2026-08-23T09:36:16.153934+00:00,BTC-25SEP26-140000-C,76761.38,BTC-25SEP26,call,140000.0,2026-09-25T08:00:00+00:00,0.0901660407022714,0.0003,0.0004,0.00033768,0.00035,76761.38,BTC-25SEP26,0.7458,0.00507,3.37549,1207.4,0.0,0.00010000000000000005,BTC,76489.77,0.0
2026-08-23T09:36:16.153934+00:00,BTC-24AUG26-67000-C,76495.97,BTC-24AUG26,call,67000.0,2026-08-24T08:00:00+00:00,0.0025548155140441603,0.121,0.127,0.12414077,0.124,76495.97,BTC-24AUG26,0.7679,0.9997,0.0427,0.0,0.0,0.006000000000000005,BTC,76489.77,0.0
2026-08-23T09:36:16.153934+00:00,BTC-24AUG26-79500-C,76495.97,BTC-24AUG26,call,79500.0,2026-08-24T08:00:00+00:00,0.0025548155140441603,0.0005,0.0008,0.00067557,0.00065,76495.97,BTC-24AUG26,0.4936,0.06268,4.76771,78.4,51.2,0.00030000000000000003,BTC,76489.0,5415.75
2026-08-23T09:36:16.153934+00:00,BTC-25DEC26-100000-C,77696.68,BTC-25DEC26,call,100000.0,2026-12-25T08:00:00+00:00,0.33931046233129264,0.022,0.0235,0.02265499,0.02275,77696.68,BTC-25DEC26,0.42619999999999997,0.1862,121.3333,4181.5,20.4,0.0015000000000000013,BTC,76489.0,38084.23
2026-08-23T09:36:16.153934+00:00,BTC-24AUG26-85000-C,76495.97,BTC-24AUG26,call,85000.0,2026-08-24T08:00:00+00:00,0.0025548155140441603,,0.0001,0.00010162,,76495.97,BTC-24AUG26,0.8466,0.00731,0.78305,28.1,9.4,,BTC,76489.0,82.72
2026-08-23T09:36:16.153934+00:00,BTC-27AUG26-78000-P,76547.465,SYN.BTC-27AUG26,put,78000.0,2026-08-27T08:00:00+00:00,0.010768367875440464,0.0265,0.0325,0.02928765,0.0295,76547.465,SYN.BTC-27AUG26,0.43700000000000006,-0.65261,29.35152,0.0,0.0,0.006000000000000002,BTC,76489.0,0.0
2026-08-23T09:36:16.153934+00:00,BTC-26MAR27-62000-P,78511.39,BTC-26MAR27,put,62000.0,2027-03-26T08:00:00+00:00,0.5884548839603139,0.043,0.045,0.04393993,0.044,78511.39,BTC-26MAR27,0.4464,-0.19479,165.99207,329.8,2.5,0.0020000000000000018,BTC,76489.0,8121.71
2026-08-23T09:36:16.153934+00:00,BTC-27AUG26-72000-C,76547.465,SYN.BTC-27AUG26,call,72000.0,2026-08-27T08:00:00+00:00,0.010768367875440464,0.0585,0.0645,0.06151422,0.0615,76547.465,SYN.BTC-27AUG26,0.4543,0.90686,13.23613,0.0,0.0,0.005999999999999998,BTC,76489.0,0.0
2026-08-23T09:36:16.153934+00:00,BTC-25SEP26-102000-P,76761.38,BTC-25SEP26,put,102000.0,2026-09-25T08:00:00+00:00,0.0901660407022714,0.325,0.335,0.33092214,0.33,76761.38,BTC-25SEP26,0.5081,-0.96305,18.62406,0.4,0.0,0.010000000000000009,BTC,76486.07,0.0
2026-08-23T09:36:16.153934+00:00,BTC-28AUG26-59000-C,76556.12,BTC-28AUG26,call,59000.0,2026-08-28T08:00:00+00:00,0.013506218662572565,0.227,0.232,0.22948422,0.2295,76556.12,BTC-28AUG26,0.8951,0.99469,1.35847,213.0,0.0,0.0050000000000000044,BTC,76486.07,0.0
2026-08-23T09:36:16.153934+00:00,BTC-4SEP26-85000-P,76593.89,BTC-4SEP26,put,85000.0,2026-09-04T08:00:00+00:00,0.03267117417249728,0.1095,0.1175,0.11395949,0.1135,76593.89,BTC-4SEP26,0.4535,-0.89071,25.91865,60.0,0.0,0.007999999999999993,BTC,76486.07,0.0
2026-08-23T09:36:16.153934+00:00,BTC-24AUG26-63000-C,76495.97,BTC-24AUG26,call,63000.0,2026-08-24T08:00:00+00:00,0.0025548155140441603,0.174,0.1795,0.17642807,0.17675,76495.97,BTC-24AUG26,0.7779,1.0,7e-05,0.0,0.0,0.005500000000000005,BTC,76486.07,0.0
2026-08-23T09:36:16.153934+00:00,BTC-24AUG26-74500-P,76495.97,BTC-24AUG26,put,74500.0,2026-08-24T08:00:00+00:00,0.0025548155140441603,0.0007,0.001,0.00087973,0.00085,76495.97,BTC-24AUG26,0.3982,-0.09349,6.46056,303.4,178.4,0.00030000000000000003,BTC,76486.07,21344.11
2026-08-23T09:36:16.153934+00:00,BTC-11SEP26-76000-C,76640.0,BTC-11SEP26,call,76000.0,2026-09-11T08:00:00+00:00,0.05183612968242198,0.0395,0.041,0.04007195,0.04025,76640.0,BTC-11SEP26,0.3951,0.55456,68.9774,111.7,19.7,0.0015000000000000013,BTC,76486.51,59608.87
2026-08-23T09:36:16.153934+00:00,BTC-25AUG26-80500-C,76517.76,BTC-25AUG26,call,80500.0,2026-08-25T08:00:00+00:00,0.005292666301176262,0.0013,0.0016,0.00145185,0.00145,76517.76,BTC-25AUG26,0.5063,0.08683,8.80391,12.5,12.5,0.00030000000000000014,BTC,76486.07,1370.92
2026-08-23T09:36:16.153934+00:00,BTC-25AUG26-73500-P,76517.76,BTC-25AUG26,put,73500.0,2026-08-25T08:00:00+00:00,0.005292666301176262,0.0015,0.0018,0.00169933,0.00165,76517.76,BTC-25AUG26,0.4495,-0.10673,10.24559,31.6,20.8,0.0002999999999999999,BTC,76486.07,4327.58
2026-08-23T09:36:16.153934+00:00,BTC-25JUN27-94000-P,79381.53,BTC-25JUN27,put,94000.0,2027-06-25T08:00:00+00:00,0.8375993055893352,0.272,0.2775,0.27404046,0.27475,79381.53,BTC-25JUN27,0.4194,-0.59809,281.09998,0.1,0.0,0.005500000000000005,BTC,76486.07,0.0
2026-08-23T09:36:16.153934+00:00,BTC-25DEC26-58000-P,77696.38,BTC-25DEC26,put,58000.0,2026-12-25T08:00:00+00:00,0.33931046233129264,0.017,0.018,0.01745883,0.0175,77696.38,BTC-25DEC26,0.47229999999999994,-0.11513,87.94268,1972.2,1.7,0.0009999999999999974,BTC,76486.51,2193.34
2026-08-23T09:36:16.153934+00:00,BTC-26AUG26-78000-P,76542.45,BTC-26AUG26,put,78000.0,2026-08-26T08:00:00+00:00,0.008030517088308363,0.026,0.028,0.02719475,0.027,76542.45,BTC-26AUG26,0.4385,-0.67845,24.58494,0.0,0.0,0.0020000000000000018,BTC,76486.51,0.0
2026-08-23T09:36:16.153934+00:00,BTC-11SEP26-81000-P,76640.0,BTC-11SEP26,put,81000.0,2026-09-11T08:00:00+00:00,0.05183612968242198,0.069,0.0765,0.07319777,0.07275,76640.0,BTC-11SEP26,0.40909999999999996,-0.70822,59.91473,0.0,0.0,0.007499999999999993,BTC,76487.27,0.0
2026-08-23T09:36:16.153934+00:00,BTC-30OCT26-100000-P,77076.73,BTC-30OCT26,put,100000.0,2026-10-30T08:00:00+00:00,0.18599081825189495,0.299,0.311,0.30599353,0.305,77076.73,BTC-30OCT26,0.44229999999999997,-0.89785,59.26534,0.0,0.0,0.01200000000000001,BTC,76486.51,0.0
2026-08-23T09:36:16.153934+00:00,BTC-11SEP26-85000-P,76639.94,BTC-11SEP26,put,85000.0,2026-09-11T08:00:00+00:00,0.05183612968242198,0.112,0.12,0.11679729,0.116,76639.94,BTC-11SEP26,0.4304,-0.84331,41.88788,30.1,0.0,0.007999999999999993,BTC,76487.27,0.0
2026-08-23T09:36:16.153934+00:00,BTC-28AUG26-105000-P,76556.12,BTC-28AUG26,put,105000.0,2026-08-28T08:00:00+00:00,0.013506218662572565,0.3665,0.3765,0.37159845,0.3715,76556.12,BTC-28AUG26,0.8417,-0.99927,0.22546,0.4,0.0,0.010000000000000009,BTC,76487.27,0.0
2026-08-23T09:36:16.153934+00:00,BTC-25DEC26-220000-C,77696.68,BTC-25DEC26,call,220000.0,2026-12-25T08:00:00+00:00,0.33931046233129264,0.0004,0.0009,0.00062622,0.00065,77696.68,BTC-25DEC26,0.6563,0.00569,7.34731,260.4,0.6,0.0005,BTC,76487.27,32.46
2026-08-23T09:36:16.153934+00:00,BTC-26MAR27-80000-C,78511.39,BTC-26MAR27,call,80000.0,2027-03-26T08:00:00+00:00,0.5884548839603139,0.1185,0.121,0.11969395,0.11975,78511.39,BTC-26MAR27,0.4191,0.54071,239.08617,948.3,0.2,0.0025000000000000022,BTC,76487.27,1943.93
2026-08-23T09:36:16.153934+00:00,BTC-25SEP26-77000-C,76761.38,BTC-25SEP26,call,77000.0,2026-09-25T08:00:00+00:00,0.0901660407022714,0.0455,0.0465,0.04616487,0.046,76761.38,BTC-25SEP26,0.39770000000000005,0.51316,91.92743,183.7,132.7,0.0010000000000000009,BTC,76487.27,520568.83
2026-08-23T09:36:16.153934+00:00,BTC-25SEP26-175000-P,76761.38,BTC-25SEP26,put,175000.0,2026-09-25T08:00:00+00:00,0.0901660407022714,1.269,1.288,1.27989667,1.2785,76761.38,BTC-25SEP26,0.893,-0.99835,1.22619,3.3,0.0,0.019000000000000128,BTC,76487.59,0.0
2026-08-23T09:36:16.153934+00:00,BTC-25DEC26-56000-P,77696.38,BTC-25DEC26,put,56000.0,2026-12-25T08:00:00+00:00,0.33931046233129264,0.014,0.015,0.01445529,0.0145,77696.38,BTC-25DEC26,0.4841,-0.09652,77.4172,480.2,0.7,0.0009999999999999992,BTC,76487.59,784.58
2026-08-23T09:36:16.153934+00:00,BTC-25SEP26-75000-P,76761.38,BTC-25SEP26,put,75000.0,2026-09-25T08:00:00+00:00,0.0901660407022714,0.036,0.037,0.03656232,0.0365,76761.38,BTC-25SEP26,0.3983,-0.40007,89.07723,3511.3,12.9,0.0010000000000000009,BTC,76487.59,36867.76
2026-08-23T09:36:16.153934+00:00,BTC-25AUG26-78500-P,76517.76,BTC-25AUG26,put,78500.0,2026-08-25T08:00:00+00:00,0.005292666301176262,0.0285,0.031,0.03012098,0.02975,76517.76,BTC-25AUG26,0.4514,-0.77763,16.58643,8.1,0.0,0.0024999999999999988,BTC,76487.59,0.0
2026-08-23T09:36:16.153934+00:00,BTC-24AUG26-76000-C,76495.97,BTC-24AUG26,call,76000.0,2026-08-24T08:00:00+00:00,0.0025548155140441603,0.0105,0.0125,0.01148164,0.0115,76495.97,BTC-24AUG26,0.3887,0.63232,14.5689,222.2,24.8,0.002,BTC,76487.59,19903.21
2026-08-23T09:36:16.153934+00:00,BTC-25DEC26-140000-C,77696.68,BTC-25DEC26,call,140000.0,2026-12-25T08:00:00+00:00,0.33931046233129264,0.0033,0.0039,0.00356816,0.0036,77696.68,BTC-25DEC26,0.5109,0.03368,33.89614,1420.6,0.1,0.0005999999999999998,BTC,76487.59,30.84
2026-08-23T09:36:16.153934+00:00,BTC-30OCT26-71000-C,77076.73,BTC-30OCT26,call,71000.0,2026-10-30T08:00:00+00:00,0.18599081825189495,0.1135,0.1155,0.11443457,0.1145,77076.73,BTC-30OCT26,0.41119999999999995,0.70936,113.93745,278.5,0.0,0.0020000000000000018,BTC,76487.59,0.0
2026-08-23T09:36:16.153934+00:00,BTC-25AUG26-75000-C,76517.76,BTC-25AUG26,call,75000.0,2026-08-25T08:00:00+00:00,0.005292666301176262,0.0235,0.0255,0.0244915,0.0245,76517.76,BTC-25AUG26,0.42219999999999996,0.74718,17.79747,25.4,0.0,0.0019999999999999983,BTC,76487.59,0.0
2026-08-23T09:36:16.153934+00:00,BTC-25SEP26-90000-C,76761.38,BTC-25SEP26,call,90000.0,2026-09-25T08:00:00+00:00,0.0901660407022714,0.007,0.008,0.00758846,0.0075,76761.38,BTC-25SEP26,0.4341,0.12389,47.16426,3878.7,55.8,0.001,BTC,76487.88,40154.06
2026-08-23T09:36:16.153934+00:00,BTC-25SEP26-73000-C,76761.68,BTC-25SEP26,call,73000.0,2026-09-25T08:00:00+00:00,0.0901660407022714,0.0745,0.0765,0.07553401,0.0755,76761.68,BTC-25SEP26,0.40259999999999996,0.6827,82.15549,3.5,0.2,0.0020000000000000018,BTC,76487.88,1225.89
2026-08-23T09:36:16.153934+00:00,BTC-25DEC26-76000-P,77696.38,BTC-25DEC26,put,76000.0,2026-12-25T08:00:00+00:00,0.33931046233129264,0.0845,0.086,0.08545737,0.08525,77696.38,BTC-25DEC26,0.41850000000000004,-0.41597,176.58449,149.1,1.8,0.0014999999999999875,BTC,76487.88,11432.47
2026-08-23T09:36:16.153934+00:00,BTC-25DEC26-250000-C,77696.38,BTC-25DEC26,call,250000.0,2026-12-25T08:00:00+00:00,0.33931046233129264,0.0003,0.0007,0.00048423,0.0005,77696.38,BTC-25DEC26,0.7065,0.00423,5.63365,1284.2,11.1,0.0004,BTC,76487.88,376.53
2026-08-23T09:36:16.153934+00:00,BTC-25JUN27-85000-C,79381.53,BTC-25JUN27,call,85000.0,2027-06-25T08:00:00+00:00,0.8375993055893352,0.123,0.1265,0.12491319,0.12475,79381.53,BTC-25JUN27,0.4201,0.5057,289.88278,143.1,0.2,0.003500000000000003,BTC,76487.88,1973.15
2026-08-23T09:36:16.153934+00:00,BTC-25JUN27-45000-P,79379.78,BTC-25JUN27,put,45000.0,2027-06-25T08:00:00+00:00,0.8375993055893352,0.017,0.018,0.01747057,0.0175,79379.78,BTC-25JUN27,0.49979999999999997,-0.0709,98.54037,159.3,0.0,0.0009999999999999974,BTC,76487.88,0.0
2026-08-23T09:36:16.153934+00:00,BTC-25JUN27-106000-C,79379.78,BTC-25JUN27,call,106000.0,2027-06-25T08:00:00+00:00,0.8375993055893352,0.057,0.0595,0.05842965,0.05825,79379.78,BTC-25JUN27,0.4232,0.29015,248.81279,0.0,0.0,0.0024999999999999953,BTC,76487.88,0.0
2026-08-23T09:36:16.153934+00:00,BTC-26MAR27-70000-C,78511.39,BTC-26MAR27,call,70000.0,2027-03-26T08:00:00+00:00,0.5884548839603139,0.1845,0.187,0.18540221,0.18575,78511.39,BTC-26MAR27,0.42969999999999997,0.69593,210.73914,798.1,0.1,0.0025000000000000022,BTC,76488.17,1487.51
2026-08-23T09:36:16.153934+00:00,BTC-27AUG26-76500-C,76547.465,SYN.BTC-27AUG26,call,76500.0,2026-08-27T08:00:00+00:00,0.010768367875440464,0.017,0.0185,0.01789994,0.01775,76547.465,SYN.BTC-27AUG26,0.42460000000000003,0.51378,31.67724,0.0,0.0,0.0014999999999999979,BTC,76488.17,0.0
2026-08-23T09:36:16.153934+00:00,BTC-24AUG26-76500-P,76495.97,BTC-24AUG26,put,76500.0,2026-08-24T08:00:00+00:00,0.0025548155140441603,0.007,0.0085,0.00791801,0.00775,76495.97,BTC-24AUG26,0.3912,-0.49811,15.42526,248.1,255.3,0.0015000000000000005,BTC,76488.17,163277.97
2026-08-23T09:36:16.153934+00:00,BTC-25AUG26-79000-P,76517.76,BTC-25AUG26,put,79000.0,2026-08-25T08:00:00+00:00,0.005292666301176262,0.0315,0.038,0.03566552,0.03475,76517.76,BTC-25AUG26,0.4636,-0.82407,14.40021,2.7,0.0,0.006499999999999999,BTC,76488.17,0.0
2026-08-23T09:36:16.153934+00:00,BTC-30OCT26-40000-P,77076.73,BTC-30OCT26,put,40000.0,2026-10-30T08:00:00+00:00,0.18599081825189495,0.0009,0.0015,0.00120755,0.0012,77076.73,BTC-30OCT26,0.7056999999999999,-0.01053,9.26866,72.8,8.8,0.0006000000000000001,BTC,76488.17,1016.74
2026-08-23T09:36:16.153934+00:00,BTC-11SEP26-95000-P,76640.0,BTC-11SEP26,put,95000.0,2026-09-11T08:00:00+00:00,0.05183612968242198,0.2365,0.2455,0.24135695,0.241,76640.0,BTC-11SEP26,0.5189,-0.96073,14.8176,0.0,0.0,0.009000000000000008,BTC,76493.01,0.0
2026-08-23T09:36:16.153934+00:00,BTC-28AUG26-88000-C,76556.12,BTC-28AUG26,call,88000.0,2026-08-28T08:00:00+00:00,0.013506218662572565,0.0003,0.0006,0.00042696,0.00045,76556.12,BTC-28AUG26,0.5646,0.01828,3.99196,632.8,57.0,0.0003,BTC,76493.01,4020.49
2026-08-23T09:36:16.153934+00:00,BTC-24AUG26-75000-P,76495.97,BTC-24AUG26,put,75000.0,2026-08-24T08:00:00+00:00,0.0025548155140441603,0.0014,0.0017,0.00160741,0.00155,76495.97,BTC-24AUG26,0.38880000000000003,-0.15477,9.20514,327.0,51.3,0.0002999999999999999,BTC,76493.01,6677.68
2026-08-23T09:36:16.153934+00:00,BTC-25AUG26-81000-P,76517.76,BTC-25AUG26,put,81000.0,2026-08-25T08:00:00+00:00,0.005292666301176262,0.0555,0.063,0.05978578,0.05925,76517.76,BTC-25AUG26,0.5203,-0.93113,7.38298,0.0,0.0,0.0075,BTC,76493.01,0.0
2026-08-23T09:36:16.153934+00:00,BTC-27AUG26-81000-P,76547.465,SYN.BTC-27AUG26,put,81000.0,2026-08-27T08:00:00+00:00,0.010768367875440464,0.057,0.065,0.06134987,0.061,76547.465,SYN.BTC-27AUG26,0.4765,-0.86865,16.9277,0.0,0.0,0.008,BTC,76493.01,0.0
2026-08-23T09:36:16.153934+00:00,BTC-28AUG26-55000-P,76556.12,BTC-28AUG26,put,55000.0,2026-08-28T08:00:00+00:00,0.013506218662572565,0.0001,0.0002,0.00014386,0.00015,76556.12,BTC-28AUG26,1.0834000000000001,-0.00358,0.95573,1170.6,0.1,0.0001,BTC,76504.98,1.52
2026-08-23T09:36:16.153934+00:00,BTC-11SEP26-67000-P,76639.94,BTC-11SEP26,put,67000.0,2026-09-11T08:00:00+00:00,0.05183612968242198,0.0038,0.0041,0.00402707,0.00395,76639.94,BTC-11SEP26,0.4436,-0.08337,26.77349,20.4,0.1,0.00030000000000000035,BTC,76504.98,31.63
2026-08-23T09:36:16.153934+00:00,BTC-25JUN27-115000-P,79381.53,BTC-25JUN27,put,115000.0,2027-06-25T08:00:00+00:00,0.8375993055893352,0.48,0.505,0.49190865,0.4925,79381.53,BTC-25JUN27,0.42840000000000006,-0.77309,219.00791,0.0,0.0,0.025000000000000022,BTC,76493.01,0.0
2026-08-23T09:36:16.153934+00:00,BTC-24AUG26-71500-C,76495.97,BTC-24AUG26,call,71500.0,2026-08-24T08:00:00+00:00,0.0025548155140441603,0.063,0.0685,0.06537528,0.06575,76495.97,BTC-24AUG26,0.547,0.99312,0.74216,4.2,0.0,0.005500000000000005,BTC,76504.98,0.0
2026-08-23T09:36:16.153934+00:00,BTC-26AUG26-82000-P,76540.85,BTC-26AUG26,put,82000.0,2026-08-26T08:00:00+00:00,0.008030517088308363,0.0685,0.076,0.07273863,0.07225,76540.85,BTC-26AUG26,0.5095000000000001,-0.93136,9.07357,0.0,0.0,0.007499999999999993,BTC,76504.98,0.0
2026-08-23T09:36:16.153934+00:00,BTC-30OCT26-95000-P,77076.73,BTC-30OCT26,put,95000.0,2026-10-30T08:00:00+00:00,0.18599081825189495,0.239,0.2515,0.2455136,0.24525,77076.73,BTC-30OCT26,0.42619999999999997,-0.85172,76.95069,0.2,0.1,0.012500000000000011,BTC,76504.98,1807.16
2026-08-23T09:36:16.153934+00:00,BTC-26MAR27-45000-P,78511.39,BTC-26MAR27,put,45000.0,2027-03-26T08:00:00+00:00,0.5884548839603139,0.01,0.012,0.01098287,0.011,78511.39,BTC-26MAR27,0.5192,-0.05517,67.19659,262.1,0.3,0.002,BTC,76506.94,245.83
2026-08-23T09:36:16.153934+00:00,BTC-26AUG26-86000-C,76540.85,BTC-26AUG26,call,86000.0,2026-08-26T08:00:00+00:00,0.008030517088308363,0.0002,0.0006,0.00032267,0.0004,76540.85,BTC-26AUG26,0.6047,0.01688,2.87475,3.8,1.8,0.00039999999999999996,BTC,76504.98,79.48
2026-08-23T09:36:16.153934+00:00,BTC-25DEC26-65000-P,77696.68,BTC-25DEC26,put,65000.0,2026-12-25T08:00:00+00:00,0.33931046233129264,0.0335,0.0345,0.03383478,0.034,77696.68,BTC-25DEC26,0.4415,-0.2053,128.76857,846.4,1.4,0.0010000000000000009,BTC,76506.94,3525.87
2026-08-23T09:36:16.153934+00:00,BTC-24AUG26-74000-C,76495.97,BTC-24AUG26,call,74000.0,2026-08-24T08:00:00+00:00,0.0025548155140441603,0.0315,0.035,0.03317194,0.03325,76495.97,BTC-24AUG26,0.4219,0.94269,4.44406,10.4,0.3,0.003500000000000003,BTC,76506.94,867.54
2026-08-23T09:36:16.153934+00:00,BTC-25AUG26-79000-C,76517.76,BTC-25AUG26,call,79000.0,2026-08-25T08:00:00+00:00,0.005292666301176262,0.003,0.0034,0.00314694,0.0032,76517.76,BTC-25AUG26,0.4636,0.17796,14.50904,31.9,8.0,0.00039999999999999975,BTC,76506.94,3105.68
2026-08-23T09:36:16.153934+00:00,BTC-11SEP26-90000-P,76639.94,BTC-11SEP26,put,90000.0,2026-09-11T08:00:00+00:00,0.05183612968242198,0.1725,0.1815,0.17767087,0.177,76639.94,BTC-11SEP26,0.46880000000000005,-0.92648,24.34062,0.0,0.0,0.009000000000000008,BTC,76507.27,0.0
2026-08-23T09:36:16.153934+00:00,BTC-11SEP26-75000-P,76640.0,BTC-11SEP26,put,75000.0,2026-09-11T08:00:00+00:00,0.05183612968242198,0.025,0.0265,0.02584364,0.02575,76640.0,BTC-11SEP26,0.3953,-0.38689,66.82958,32.3,0.1,0.0014999999999999979,BTC,76507.27,188.17
2026-08-23T09:36:16.153934+00:00,BTC-4SEP26-71000-C,76593.89,BTC-4SEP26,call,71000.0,2026-09-04T08:00:00+00:00,0.03267117417249728,0.0765,0.0825,0.0794437,0.0795,76593.89,BTC-4SEP26,0.4276,0.84668,32.76968,931.5,0.0,0.006000000000000005,BTC,76507.27,0.0
2026-08-23T09:36:16.153934+00:00,BTC-28AUG26-63000-P,76556.12,BTC-28AUG26,put,63000.0,2026-08-28T08:00:00+00:00,0.013506218662572565,0.0002,0.0003,0.00019351,0.00025,76556.12,BTC-28AUG26,0.6955,-0.00708,1.75114,952.8,10.1,9.999999999999996e-05,BTC,76507.27,153.89
2026-08-23T09:36:16.153934+00:00,BTC-25JUN27-130000-C,79379.78,BTC-25JUN27,call,130000.0,2027-06-25T08:00:00+00:00,0.8375993055893352,0.0255,0.028,0.02667102,0.02675,79379.78,BTC-25JUN27,0.43799999999999994,0.15169,170.75127,705.6,0.0,0.0025000000000000022,BTC,76507.27,0.0
2026-08-23T09:36:16.153934+00:00,BTC-11SEP26-64000-P,76639.94,BTC-11SEP26,put,64000.0,2026-09-11T08:00:00+00:00,0.05183612968242198,0.002,0.0024,0.00223246,0.0022,76639.94,BTC-11SEP26,0.4877,-0.04644,16.97224,19.1,0.1,0.00039999999999999975,BTC,76507.27,19.25
2026-08-23T09:36:16.153934+00:00,BTC-28AUG26-110000-P,76556.12,BTC-28AUG26,put,110000.0,2026-08-28T08:00:00+00:00,0.013506218662572565,0.4335,0.4415,0.43690276,0.4375,76556.12,BTC-28AUG26,0.9107999999999999,-0.99962,0.12212,0.2,0.0,0.008000000000000007,BTC,76507.98,0.0
2026-08-23T09:36:16.153934+00:00,BTC-25DEC26-40000-C,77696.38,BTC-25DEC26,call,40000.0,2026-12-25T08:00:00+00:00,0.33931046233129264,0.486,0.4915,0.4887919,0.48875,77696.38,BTC-25DEC26,0.6294,0.97694,24.73242,250.9,0.0,0.005500000000000005,BTC,76507.98,0.0
2026-08-23T09:36:16.153934+00:00,BTC-25DEC26-135000-P,77696.38,BTC-25DEC26,put,135000.0,2026-12-25T08:00:00+00:00,0.33931046233129264,0.7295,0.7505,0.74181836,0.74,77696.38,BTC-25DEC26,0.5007,-0.95966,39.29503,0.7,0.0,0.020999999999999908,BTC,76507.98,0.0
2026-08-23T09:36:16.153934+00:00,BTC-26MAR27-105000-C,78511.39,BTC-26MAR27,call,105000.0,2027-03-26T08:00:00+00:00,0.5884548839603139,0.037,0.039,0.03839513,0.038,78511.39,BTC-26MAR27,0.426,0.23412,184.79867,164.2,0.0,0.0020000000000000018,BTC,76507.98,0.0
2026-08-23T09:36:16.153934+00:00,BTC-26MAR27-100000-P,78511.42,BTC-26MAR27,put,100000.0,2027-03-26T08:00:00+00:00,0.5884548839603139,0.311,0.332,0.32161414,0.3215,78511.42,BTC-26MAR27,0.42229999999999995,-0.72039,202.71678,12.1,0.0,0.02100000000000002,BTC,76507.98,0.0
2026-08-23T09:36:16.153934+00:00,BTC-28AUG26-58000-P,76556.12,BTC-28AUG26,put,58000.0,2026-08-28T08:00:00+00:00,0.013506218662572565,0.0001,0.0003,0.00018108,0.0002,76556.12,BTC-28AUG26,0.9478,-0.00499,1.28591,1253.2,0.1,0.00019999999999999998,BTC,76507.98,1.52
2026-08-23T09:36:16.153934+00:00,BTC-28AUG26-81000-P,76556.12,BTC-28AUG26,put,81000.0,2026-08-28T08:00:00+00:00,0.013506218662572565,0.0585,0.0655,0.06225067,0.062,76556.12,BTC-28AUG26,0.4621,-0.84609,21.11259,0.6,0.0,0.006999999999999999,BTC,76507.98,0.0
2026-08-23T09:36:16.153934+00:00,BTC-4SEP26-71000-P,76593.89,BTC-4SEP26,put,71000.0,2026-09-04T08:00:00+00:00,0.03267117417249728,0.006,0.007,0.00642947,0.0065,76593.89,BTC-4SEP26,0.4276,-0.15303,32.73223,81.2,6.0,0.001,BTC,76513.59,2814.13
2026-08-23T09:36:16.153934+00:00,BTC-24AUG26-71500-P,76495.97,BTC-24AUG26,put,71500.0,2026-08-24T08:00:00+00:00,0.0025548155140441603,,0.0002,6.406e-05,,76495.97,BTC-24AUG26,0.547,-0.00679,0.73352,30.5,0.4,,BTC,76513.59,4.64
2026-08-23T09:36:16.153934+00:00,BTC-25JUN27-130000-P,79379.78,BTC-25JUN27,put,130000.0,2027-06-25T08:00:00+00:00,0.8375993055893352,0.6505,0.68,0.66446361,0.66525,79379.78,BTC-25JUN27,0.43799999999999994,-0.84829,170.76346,1.4,0.0,0.02950000000000008,BTC,76513.59,0.0
2026-08-23T09:36:16.153934+00:00,BTC-25DEC26-20000-P,77696.68,BTC-25DEC26,put,20000.0,2026-12-25T08:00:00+00:00,0.33931046233129264,0.0004,0.0007,0.00053573,0.00055,77696.68,BTC-25DEC26,0.9317,-0.00279,3.87912,318.4,1.2,0.0003,BTC,76513.59,49.0
2026-08-23T09:36:16.153934+00:00,BTC-30OCT26-74000-C,77076.73,BTC-30OCT26,call,74000.0,2026-10-30T08:00:00+00:00,0.18599081825189495,0.089,0.091,0.09010645,0.09,77076.73,BTC-30OCT26,0.40549999999999997,0.62641,125.98327,200.4,0.3,0.0020000000000000018,BTC,76513.59,2238.16
2026-08-23T09:36:16.153934+00:00,BTC-11SEP26-72000-P,76640.0,BTC-11SEP26,put,72000.0,2026-09-11T08:00:00+00:00,0.05183612968242198,0.0125,0.0135,0.01306778,0.013,76640.0,BTC-11SEP26,0.4021,-0.23238,53.32256,80.6,1.8,0.0009999999999999992,BTC,76513.59,1749.39
2026-08-23T09:36:16.153934+00:00,BTC-28AUG26-46000-P,76556.12,BTC-28AUG26,put,46000.0,2026-08-28T08:00:00+00:00,0.013506218662572565,,0.0001,8.7e-06,,76556.12,BTC-28AUG26,1.2758,-0.00022,0.07486,1450.0,0.0,,BTC,76514.97,0.0
2026-08-23T09:36:16.153934+00:00,BTC-25JUN27-80000-C,79381.53,BTC-25JUN27,call,80000.0,2027-06-25T08:00:00+00:00,0.8375993055893352,0.148,0.1515,0.14995984,0.14975,79381.53,BTC-25JUN27,0.42219999999999996,0.56904,285.6585,104.8,0.2,0.003500000000000003,BTC,76513.59,2381.38
2026-08-23T09:36:16.153934+00:00,BTC-26MAR27-140000-C,78511.39,BTC-26MAR27,call,140000.0,2027-03-26T08:00:00+00:00,0.5884548839603139,0.0095,0.0115,0.01035701,0.0105,78511.39,BTC-26MAR27,0.4645,0.07445,84.82905,790.2,1.0,0.002,BTC,76514.97,848.48
2026-08-23T09:36:16.153934+00:00,BTC-24AUG26-87000-P,76495.97,BTC-24AUG26,put,87000.0,2026-08-24T08:00:00+00:00,0.0025548155140441603,0.1335,0.1405,0.1373313,0.137,76495.97,BTC-24AUG26,0.8490000000000001,-0.99851,0.18815,0.0,0.0,0.007000000000000006,BTC,76514.97,0.0
2026-08-23T09:36:16.153934+00:00,BTC-25DEC26-62000-C,77696.38,BTC-25DEC26,call,62000.0,2026-12-25T08:00:00+00:00,0.33931046233129264,0.222,0.2325,0.22742205,0.22725,77696.38,BTC-25DEC26,0.4518,0.83892,110.67767,247.1,0.0,0.01050000000000001,BTC,76514.97,0.0
2026-08-23T09:36:16.153934+00:00,BTC-27AUG26-77000-P,76547.465,SYN.BTC-27AUG26,put,77000.0,2026-08-27T08:00:00+00:00,0.010768367875440464,0.02,0.0215,0.02088571,0.02075,76547.465,SYN.BTC-27AUG26,0.4282,-0.54207,31.5286,0.0,0.0,0.0014999999999999979,BTC,76514.97,0.0
2026-08-23T09:36:16.153934+00:00,BTC-30OCT26-71000-P,77076.73,BTC-30OCT26,put,71000.0,2026-10-30T08:00:00+00:00,0.18599081825189495,0.035,0.036,0.03559313,0.0355,77076.73,BTC-30OCT26,0.41119999999999995,-0.28988,113.84169,30.4,0.0,0.000999999999999994,BTC,76514.97,0.0
2026-08-23T09:36:16.153934+00:00,BTC-25JUN27-82000-C,79381.53,BTC-25JUN27,call,82000.0,2027-06-25T08:00:00+00:00,0.8375993055893352,0.1375,0.141,0.13942315,0.13925,79381.53,BTC-25JUN27,0.42119999999999996,0.54356,288.28707,60.6,0.2,0.0034999999999999754,BTC,76514.97,2188.97
2026-08-23T09:36:16.153934+00:00,BTC-27AUG26-69000-C,76547.465,SYN.BTC-27AUG26,call,69000.0,2026-08-27T08:00:00+00:00,0.010768367875440464,0.0965,0.1025,0.09921545,0.0995,76547.465,SYN.BTC-27AUG26,0.53,0.97257,5.02,0.0,0.0,0.0059999999999999915,BTC,76515.17,0.0
2026-08-23T09:36:16.153934+00:00,BTC-25JUN27-110000-C,79379.78,BTC-25JUN27,call,110000.0,2027-06-25T08:00:00+00:00,0.8375993055893352,0.0495,0.052,0.05092892,0.05075,79379.78,BTC-25JUN27,0.4253,0.26031,235.94971,264.3,1.1,0.0024999999999999953,BTC,76515.17,4335.69
2026-08-23T09:36:16.153934+00:00,BTC-25SEP26-30000-C,76761.38,BTC-25SEP26,call,30000.0,2026-09-25T08:00:00+00:00,0.0901660407022714,0.608,0.611,0.6094635,0.6095,76761.38,BTC-25SEP26,1.1847,0.99759,1.73102,134.0,0.0,0.0030000000000000027,BTC,76515.17,0.0
2026-08-23T09:36:16.153934+00:00,BTC-25JUN27-85000-P,79381.53,BTC-25JUN27,put,85000.0,2027-06-25T08:00:00+00:00,0.8375993055893352,0.194,0.199,0.19577758,0.1965,79381.53,BTC-25JUN27,0.4201,-0.49392,289.98473,6.8,0.0,0.0050000000000000044,BTC,76515.17,0.0
2026-08-23T09:36:16.153934+00:00,BTC-26MAR27-108000-C,78511.42,BTC-26MAR27,call,108000.0,2027-03-26T08:00:00+00:00,0.5884548839603139,0.0325,0.034,0.03364451,0.03325,78511.42,BTC-26MAR27,0.42810000000000004,0.21025,173.81475,65.7,0.0,0.0015000000000000013,BTC,76516.51,0.0
2026-08-23T09:36:16.153934+00:00,BTC-26AUG26-74500-C,76540.85,BTC-26AUG26,call,74500.0,2026-08-26T08:00:00+00:00,0.008030517088308363,0.0305,0.033,0.03195693,0.03175,76540.85,BTC-26AUG26,0.4268,0.76829,20.92504,0.0,0.0,0.0025000000000000022,BTC,76515.17,0.0
2026-08-23T09:36:16.153934+00:00,BTC-25JUN27-104000-C,79381.53,BTC-25JUN27,call,104000.0,2027-06-25T08:00:00+00:00,0.8375993055893352,0.061,0.064,0.06271755,0.0625,79381.53,BTC-25JUN27,0.4224,0.30698,255.37796,0.0,0.0,0.0030000000000000027,BTC,76516.51,0.0
2026-08-23T09:36:16.153934+00:00,BTC-25SEP26-170000-C,76761.68,BTC-25SEP26,call,170000.0,2026-09-25T08:00:00+00:00,0.0901660407022714,,0.0002,0.00016075,,76761.68,BTC-25SEP26,0.8878,0.00221,1.59934,354.9,8.6,,BTC,76516.51,76.43
2026-08-23T09:36:16.153934+00:00,BTC-25DEC26-60000-C,77696.38,BTC-25DEC26,call,60000.0,2026-12-25T08:00:00+00:00,0.33931046233129264,0.2445,0.2535,0.24897639,0.249,77696.38,BTC-25DEC26,0.46259999999999996,0.8632,99.22546,797.9,0.0,0.009000000000000008,BTC,76516.51,0.0
2026-08-23T09:36:16.153934+00:00,BTC-25SEP26-190000-P,76761.68,BTC-25SEP26,put,190000.0,2026-09-25T08:00:00+00:00,0.0901660407022714,1.4635,1.484,1.47531167,1.47375,76761.68,BTC-25SEP26,0.9748,-0.9984,1.19421,0.0,0.0,0.020499999999999963,BTC,76516.94,0.0
2026-08-23T09:36:16.153934+00:00,BTC-25AUG26-77500-C,76517.76,BTC-25AUG26,call,77500.0,2026-08-25T08:00:00+00:00,0.005292666301176262,0.0065,0.0075,0.00720673,0.007,76517.76,BTC-25AUG26,0.4321,0.3524,20.68189,304.2,12.6,0.001,BTC,76516.51,7684.31
2026-08-23T09:36:16.153934+00:00,BTC-28AUG26-73000-C,76556.12,BTC-28AUG26,call,73000.0,2026-08-28T08:00:00+00:00,0.013506218662572565,0.0495,0.052,0.05096186,0.05075,76556.12,BTC-28AUG26,0.4326,0.83588,22.02243,2060.0,0.0,0.0024999999999999953,BTC,76516.94,0.0
2026-08-23T09:36:16.153934+00:00,BTC-25AUG26-86000-C,76515.82,BTC-25AUG26,call,86000.0,2026-08-25T08:00:00+00:00,0.005292666301176262,0.0001,0.0004,0.00020698,0.00025,76515.82,BTC-25AUG26,0.7027,0.01217,1.76142,3.3,0.0,0.00030000000000000003,BTC,76516.94,0.0
2026-08-23T09:36:16.153934+00:00,BTC-27AUG26-73500-P,76547.465,SYN.BTC-27AUG26,put,73500.0,2026-08-27T08:00:00+00:00,0.010768367875440464,0.0039,0.0048,0.00437221,0.00435,76547.465,SYN.BTC-27AUG26,0.4324,-0.17499,20.48741,0.0,0.0,0.0008999999999999998,BTC,76516.94,0.0
2026-08-23T09:36:16.153934+00:00,BTC-26MAR27-55000-P,78511.39,BTC-26MAR27,put,55000.0,2027-03-26T08:00:00+00:00,0.5884548839603139,0.0245,0.026,0.02526401,0.02525,78511.39,BTC-26MAR27,0.4683,-0.12076,121.10531,1248.8,11.1,0.0014999999999999979,BTC,76519.61,21021.59
2026-08-23T09:36:16.153934+00:00,BTC-25JUN27-150000-C,79381.53,BTC-25JUN27,call,150000.0,2027-06-25T08:00:00+00:00,0.8375993055893352,0.0145,0.017,0.01555489,0.01575,79381.53,BTC-25JUN27,0.45539999999999997,0.09392,121.84632,104.5,1.4,0.0025000000000000005,BTC,76516.94,1701.37
2026-08-23T09:36:16.153934+00:00,BTC-25SEP26-58000-C,76761.38,BTC-25SEP26,call,58000.0,2026-09-25T08:00:00+00:00,0.0901660407022714,0.2445,0.25,0.24698516,0.24725,76761.38,BTC-25SEP26,0.547,0.96331,18.52601,460.7,0.1,0.005500000000000005,BTC,76519.61,1853.18
2026-08-23T09:36:16.153934+00:00,BTC-27AUG26-70000-C,76547.465,SYN.BTC-27AUG26,call,70000.0,2026-08-27T08:00:00+00:00,0.010768367875440464,0.0835,0.09,0.08637473,0.08675,76547.465,SYN.BTC-27AUG26,0.49570000000000003,0.96167,6.61571,0.0,0.0,0.006499999999999992,BTC,76519.61,0.0
2026-08-23T09:36:16.153934+00:00,BTC-24AUG26-70500-P,76495.97,BTC-24AUG26,put,70500.0,2026-08-24T08:00:00+00:00,0.0025548155140441603,,0.0001,2.867e-05,,76495.97,BTC-24AUG26,0.5936,-0.00299,0.35291,21.4,5.5,,BTC,76519.61,54.1
2026-08-23T09:36:16.153934+00:00,BTC-30OCT26-54000-C,77076.73,BTC-30OCT26,call,54000.0,2026-10-30T08:00:00+00:00,0.18599081825189495,0.301,0.308,0.30407607,0.3045,77076.73,BTC-30OCT26,0.5245000000000001,0.95425,31.95479,0.1,0.0,0.007000000000000006,BTC,76519.61,0.0
2026-08-23T09:36:16.153934+00:00,BTC-28AUG26-59000-P,76556.12,BTC-28AUG26,put,59000.0,2026-08-28T08:00:00+00:00,0.013506218662572565,0.0001,0.0003,0.00018122,0.0002,76556.12,BTC-28AUG26,0.8951,-0.00525,1.34532,1135.1,0.0,0.00019999999999999998,BTC,76519.61,0.0
2026-08-23T09:36:16.153934+00:00,BTC-25AUG26-79500-C,76517.76,BTC-25AUG26,call,79500.0,2026-08-25T08:00:00+00:00,0.005292666301176262,0.0022,0.0026,0.00242703,0.0024,76517.76,BTC-25AUG26,0.478,0.14216,12.52711,4.7,0.8,0.00039999999999999975,BTC,76519.61,161.31
2026-08-23T09:36:16.153934+00:00,BTC-30OCT26-82000-P,77076.73,BTC-30OCT26,put,82000.0,2026-10-30T08:00:00+00:00,0.18599081825189495,0.1065,0.1085,0.10795069,0.1075,77076.73,BTC-30OCT26,0.4033,-0.60501,128.08982,1.3,0.7,0.0020000000000000018,BTC,76519.61,5623.44
2026-08-23T09:36:16.153934+00:00,BTC-26MAR27-106000-P,78511.39,BTC-26MAR27,put,106000.0,2027-03-26T08:00:00+00:00,0.5884548839603139,0.3755,0.3985,0.38682853,0.387,78511.39,BTC-26MAR27,0.4264,-0.77415,181.14915,0.1,0.0,0.02300000000000002,BTC,76521.31,0.0
2026-08-23T09:36:16.153934+00:00,BTC-28AUG26-105000-C,76556.12,BTC-28AUG26,call,105000.0,2026-08-28T08:00:00+00:00,0.013506218662572565,,0.0001,1.904e-05,,76556.12,BTC-28AUG26,0.8417,0.00075,0.22898,335.3,0.0,,BTC,76521.31,0.0
2026-08-23T09:36:16.153934+00:00,BTC-25SEP26-300000-P,76761.38,BTC-25SEP26,put,300000.0,2026-09-25T08:00:00+00:00,0.0901660407022714,2.886,2.922,2.90831699,2.904,76761.38,BTC-25SEP26,1.3972,-0.99881,0.91423,0.0,0.0,0.03600000000000003,BTC,76524.0,0.0
2026-08-23T09:36:16.153934+00:00,BTC-28AUG26-48000-C,76556.12,BTC-28AUG26,call,48000.0,2026-08-28T08:00:00+00:00,0.013506218662572565,0.371,0.3755,0.37301849,0.37325,76556.12,BTC-28AUG26,1.2752,0.99937,0.19541,37.8,0.0,0.004500000000000004,BTC,76524.0,0.0
2026-08-23T09:36:16.153934+00:00,BTC-25AUG26-77000-C,76517.76,BTC-25AUG26,call,77000.0,2026-08-25T08:00:00+00:00,0.005292666301176262,0.009,0.01,0.00954078,0.0095,76517.76,BTC-25AUG26,0.4282,0.43149,21.89363,25.6,2.8,0.0010000000000000009,BTC,76521.31,2378.25
2026-08-23T09:36:16.153934+00:00,BTC-30OCT26-54000-P,77076.73,BTC-30OCT26,put,54000.0,2026-10-30T08:00:00+00:00,0.18599081825189495,0.0045,0.0049,0.00467554,0.0047,77076.73,BTC-30OCT26,0.5245000000000001,-0.04574,31.94964,188.1,0.0,0.0004000000000000002,BTC,76521.31,0.0
2026-08-23T09:36:16.153934+00:00,BTC-25DEC26-210000-P,77696.68,BTC-25DEC26,put,210000.0,2026-12-25T08:00:00+00:00,0.33931046233129264,1.6815,1.7175,1.70354214,1.6995,77696.68,BTC-25DEC26,0.6405,-0.99335,8.43509,0.0,0.0,0.03600000000000003,BTC,76524.0,0.0
2026-08-23T09:36:16.153934+00:00,BTC-11SEP26-88000-P,76640.0,BTC-11SEP26,put,88000.0,2026-09-11T08:00:00+00:00,0.05183612968242198,0.148,0.1565,0.15280607,0.15225,76640.0,BTC-11SEP26,0.452,-0.901,30.42149,0.0,0.0,0.008500000000000008,BTC,76524.0,0.0
2026-08-23T09:36:16.153934+00:00,BTC-25SEP26-35000-P,76761.68,BTC-25SEP26,put,35000.0,2026-09-25T08:00:00+00:00,0.0901660407022714,0.0001,0.0004,0.00033119,0.00025,76761.68,BTC-25SEP26,1.0181,-0.00324,2.26217,886.5,0.0,0.00030000000000000003,BTC,76523.93,0.0
2026-08-23T09:36:16.153934+00:00,BTC-25SEP26-64000-P,76761.38,BTC-25SEP26,put,64000.0,2026-09-25T08:00:00+00:00,0.0901660407022714,0.0055,0.006,0.0058502,0.00575,76761.38,BTC-25SEP26,0.46659999999999996,-0.0853,35.98902,916.3,2.5,0.0005000000000000004,BTC,76523.93,1140.15
2026-08-23T09:36:16.153934+00:00,BTC-25SEP26-135000-P,76761.68,BTC-25SEP26,put,135000.0,2026-09-25T08:00:00+00:00,0.0901660407022714,0.7505,0.7645,0.75908024,0.7575,76761.68,BTC-25SEP26,0.7181000000000001,-0.99392,3.96568,11.5,0.0,0.014000000000000012,BTC,76523.93,0.0
2026-08-23T09:36:16.153934+00:00,BTC-25AUG26-74500-C,76517.76,BTC-25AUG26,call,74500.0,2026-08-25T08:00:00+00:00,0.005292666301176262,0.0285,0.0305,0.02966295,0.0295,76517.76,BTC-25AUG26,0.429,0.81225,15.00544,1.0,0.0,0.0019999999999999983,BTC,76523.93,0.0
2026-08-23T09:36:16.153934+00:00,BTC-25AUG26-74500-P,76517.76,BTC-25AUG26,put,74500.0,2026-08-25T08:00:00+00:00,0.005292666301176262,0.0031,0.0035,0.00336718,0.0033,76517.76,BTC-25AUG26,0.429,-0.18775,15.00544,37.1,28.4,0.0004000000000000002,BTC,76523.93,10016.09
2026-08-23T09:36:16.153934+00:00,BTC-28AUG26-56000-P,76556.12,BTC-28AUG26,put,56000.0,2026-08-28T08:00:00+00:00,0.013506218662572565,0.0001,0.0002,0.00014393,0.00015,76556.12,BTC-28AUG26,1.0295,-0.00373,0.98965,1320.2,0.0,0.0001,BTC,76523.93,0.0
2026-08-23T09:36:16.153934+00:00,BTC-25DEC26-80000-C,77696.38,BTC-25DEC26,call,80000.0,2026-12-25T08:00:00+00:00,0.33931046233129264,0.0835,0.0845,0.08396002,0.084,77696.38,BTC-25DEC26,0.4168,0.50114,180.69276,8725.9,44.6,0.0010000000000000009,BTC,76523.85,301009.51
2026-08-23T09:36:16.153934+00:00,BTC-25SEP26-81000-P,76761.38,BTC-25SEP26,put,81000.0,2026-09-25T08:00:00+00:00,0.0901660407022714,0.0805,0.083,0.08186981,0.08175,76761.38,BTC-25SEP26,0.4018,-0.64862,85.56203,1.7,0.2,0.0025000000000000022,BTC,76523.85,1281.64
2026-08-23T09:36:16.153934+00:00,BTC-25DEC26-105000-P,77696.38,BTC-25DEC26,put,105000.0,2026-12-25T08:00:00+00:00,0.33931046233129264,0.359,0.375,0.36809445,0.367,77696.38,BTC-25DEC26,0.4337,-0.8562,102.65867,109.4,0.0,0.016000000000000014,BTC,76523.85,0.0
2026-08-23T09:36:16.153934+00:00,BTC-25SEP26-73000-P,76761.38,BTC-25SEP26,put,73000.0,2026-09-25T08:00:00+00:00,0.0901660407022714,0.026,0.027,0.02652712,0.0265,76761.38,BTC-25SEP26,0.40259999999999996,-0.31583,82.03436,201.7,51.7,0.0010000000000000009,BTC,76523.85,95117.85
2026-08-23T09:36:16.153934+00:00,BTC-25DEC26-200000-P,77696.68,BTC-25DEC26,put,200000.0,2026-12-25T08:00:00+00:00,0.33931046233129264,1.5545,1.588,1.57498515,1.57125,77696.68,BTC-25DEC26,0.6262,-0.99198,9.95431,0.0,0.0,0.033500000000000085,BTC,76523.85,0.0
2026-08-23T09:36:16.153934+00:00,BTC-26AUG26-78000-C,76540.85,BTC-26AUG26,call,78000.0,2026-08-26T08:00:00+00:00,0.008030517088308363,0.0075,0.0085,0.00807435,0.008,76540.85,BTC-26AUG26,0.4385,0.32614,24.73862,1.1,1.1,0.0010000000000000009,BTC,76523.85,631.92
2026-08-23T09:36:16.153934+00:00,BTC-30OCT26-64000-P,77076.73,BTC-30OCT26,put,64000.0,2026-10-30T08:00:00+00:00,0.18599081825189495,0.0145,0.0155,0.01499117,0.015,77076.73,BTC-30OCT26,0.44049999999999995,-0.14098,74.39958,621.9,10.6,0.0009999999999999992,BTC,76523.85,12147.82
2026-08-23T09:36:16.153934+00:00,BTC-30OCT26-75000-C,77076.73,BTC-30OCT26,call,75000.0,2026-10-30T08:00:00+00:00,0.18599081825189495,0.082,0.084,0.08280044,0.083,77076.73,BTC-30OCT26,0.4039,0.59745,128.74256,1054.3,0.7,0.0020000000000000018,BTC,76523.85,4727.64
2026-08-23T09:36:16.153934+00:00,BTC-25DEC26-170000-P,77696.38,BTC-25DEC26,put,170000.0,2026-12-25T08:00:00+00:00,0.33931046233129264,1.173,1.2005,1.18955134,1.18675,77696.38,BTC-25DEC26,0.5724,-0.98534,16.81357,0.1,0.0,0.027499999999999858,BTC,76524.81,0.0
2026-08-23T09:36:16.153934+00:00,BTC-26MAR27-60000-C,78511.39,BTC-26MAR27,call,60000.0,2027-03-26T08:00:00+00:00,0.5884548839603139,0.2675,0.28,0.27346183,0.27375,78511.39,BTC-26MAR27,0.4518,0.82899,153.10328,717.0,0.0,0.012500000000000011,BTC,76524.81,0.0
2026-08-23T09:36:16.153934+00:00,BTC-28AUG26-63000-C,76556.12,BTC-28AUG26,call,63000.0,2026-08-28T08:00:00+00:00,0.013506218662572565,0.1745,0.18,0.17724586,0.17725,76556.12,BTC-28AUG26,0.6955,0.99298,1.73921,949.6,0.0,0.005500000000000005,BTC,76524.81,0.0
2026-08-23T09:36:16.153934+00:00,BTC-30OCT26-85000-C,77076.73,BTC-30OCT26,call,85000.0,2026-10-30T08:00:00+00:00,0.18599081825189495,0.0325,0.0335,0.03307932,0.033,77076.73,BTC-30OCT26,0.40590000000000004,0.31976,118.93559,1626.3,0.5,0.0010000000000000009,BTC,76524.81,1261.67
2026-08-23T09:36:16.153934+00:00,BTC-30OCT26-66000-P,77076.73,BTC-30OCT26,put,66000.0,2026-10-30T08:00:00+00:00,0.18599081825189495,0.019,0.0195,0.0192124,0.01925,77076.73,BTC-30OCT26,0.4293,-0.17536,85.87108,134.8,25.1,0.0005000000000000004,BTC,76524.81,36585.13
2026-08-23T09:36:16.153934+00:00,BTC-26AUG26-74000-P,76540.85,BTC-26AUG26,put,74000.0,2026-08-26T08:00:00+00:00,0.008030517088308363,0.0037,0.0042,0.00398299,0.00395,76540.85,BTC-26AUG26,0.42979999999999996,-0.18235,18.15703,14.2,14.2,0.0004999999999999996,BTC,76524.81,5923.12
2026-08-23T09:36:16.153934+00:00,BTC-25DEC26-72000-C,77696.38,BTC-25DEC26,call,72000.0,2026-12-25T08:00:00+00:00,0.33931046233129264,0.135,0.1375,0.13577912,0.13625,77696.38,BTC-25DEC26,0.4239,0.66771,164.48419,1272.1,0.0,0.0025000000000000022,BTC,76525.32,0.0
2026-08-23T09:36:16.153934+00:00,BTC-25SEP26-78000-C,76761.38,BTC-25SEP26,call,78000.0,2026-09-25T08:00:00+00:00,0.0901660407022714,0.04,0.0405,0.04024943,0.04025,76761.38,BTC-25SEP26,0.39659999999999995,0.47162,91.79221,5630.1,82.3,0.0005000000000000004,BTC,76525.32,256061.37
2026-08-23T09:36:16.153934+00:00,BTC-25DEC26-40000-P,77696.38,BTC-25DEC26,put,40000.0,2026-12-25T08:00:00+00:00,0.33931046233129264,0.0034,0.0037,0.00361514,0.00355,77696.38,BTC-25DEC26,0.6294,-0.02303,24.70672,4497.0,1.2,0.00030000000000000035,BTC,76525.32,324.03
2026-08-23T09:36:16.153934+00:00,BTC-24AUG26-73500-C,76495.97,BTC-24AUG26,call,73500.0,2026-08-24T08:00:00+00:00,0.0025548155140441603,0.037,0.0425,0.03956252,0.03975,76495.97,BTC-24AUG26,0.4593,0.96018,3.32128,1.0,0.2,0.005500000000000005,BTC,76525.32,695.55
2026-08-23T09:36:16.153934+00:00,BTC-27AUG26-84000-P,76547.465,SYN.BTC-27AUG26,put,84000.0,2026-08-27T08:00:00+00:00,0.010768367875440464,0.0955,0.102,0.0984081,0.09875,76547.465,SYN.BTC-27AUG26,0.529,-0.95129,8.02871,0.0,0.0,0.006499999999999992,BTC,76525.32,0.0
2026-08-23T09:36:16.153934+00:00,BTC-25DEC26-135000-C,77696.38,BTC-25DEC26,call,135000.0,2026-12-25T08:00:00+00:00,0.33931046233129264,0.0041,0.0045,0.00428992,0.0043,77696.38,BTC-25DEC26,0.5007,0.04042,39.36252,1302.2,3.1,0.0003999999999999993,BTC,76527.0,1118.08
2026-08-23T09:36:16.153934+00:00,BTC-28AUG26-66000-P,76556.12,BTC-28AUG26,put,66000.0,2026-08-28T08:00:00+00:00,0.013506218662572565,0.0003,0.0004,0.00037427,0.00035,76556.12,BTC-28AUG26,0.5967,-0.01457,3.28767,543.8,24.6,0.00010000000000000005,BTC,76527.0,792.13
2026-08-23T09:36:16.153934+00:00,BTC-30OCT26-76000-C,77076.73,BTC-30OCT26,call,76000.0,2026-10-30T08:00:00+00:00,0.18599081825189495,0.075,0.077,0.07595008,0.076,77076.73,BTC-30OCT26,0.40270000000000006,0.56783,130.80209,198.2,0.5,0.0020000000000000018,BTC,76525.32,3164.51
2026-08-23T09:36:16.153934+00:00,BTC-25DEC26-104000-P,77696.38,BTC-25DEC26,put,104000.0,2026-12-25T08:00:00+00:00,0.33931046233129264,0.3475,0.363,0.35628466,0.35525,77696.38,BTC-25DEC26,0.4324,-0.84838,106.36873,0.1,0.0,0.015500000000000014,BTC,76527.0,0.0
2026-08-23T09:36:16.153934+00:00,BTC-25JUN27-68000-P,79381.53,BTC-25JUN27,put,68000.0,2027-06-25T08:00:00+00:00,0.8375993055893352,0.0845,0.087,0.08543707,0.08575,79381.53,BTC-25JUN27,0.43439999999999995,-0.27789,243.85595,11.4,0.0,0.0024999999999999883,BTC,76527.0,0.0
2026-08-23T09:36:16.153934+00:00,BTC-25DEC26-85000-P,77696.38,BTC-25DEC26,put,85000.0,2026-12-25T08:00:00+00:00,0.33931046233129264,0.153,0.156,0.15471783,0.1545,77696.38,BTC-25DEC26,0.4155,-0.59791,175.23506,554.5,0.0,0.0030000000000000027,BTC,76528.64,0.0
2026-08-23T09:36:16.153934+00:00,BTC-25DEC26-84000-P,77696.38,BTC-25DEC26,put,84000.0,2026-12-25T08:00:00+00:00,0.33931046233129264,0.1445,0.147,0.14591491,0.14575,77696.38,BTC-25DEC26,0.4153,-0.579,177.15093,47.4,0.0,0.0025000000000000022,BTC,76528.64,0.0
2026-08-23T09:36:16.153934+00:00,BTC-26AUG26-76500-P,76540.85,BTC-26AUG26,put,76500.0,2026-08-26T08:00:00+00:00,0.008030517088308363,0.0145,0.0155,0.01495005,0.015,76540.85,BTC-26AUG26,0.42479999999999996,-0.48231,27.35557,10.0,10.0,0.0009999999999999992,BTC,76527.0,10757.9
2026-08-23T09:36:16.153934+00:00,BTC-30OCT26-70000-C,77076.73,BTC-30OCT26,call,70000.0,2026-10-30T08:00:00+00:00,0.18599081825189495,0.1225,0.1245,0.12333308,0.1235,77076.73,BTC-30OCT26,0.41350000000000003,0.73635,108.69056,703.1,0.1,0.0020000000000000018,BTC,76527.0,966.86
2026-08-23T09:36:16.153934+00:00,BTC-30OCT26-86000-C,77076.73,BTC-30OCT26,call,86000.0,2026-10-30T08:00:00+00:00,0.18599081825189495,0.0295,0.0305,0.03005221,0.03,77076.73,BTC-30OCT26,0.4072,0.29716,115.18093,233.0,1.0,0.0010000000000000009,BTC,76528.64,2460.29
2026-08-23T09:36:16.153934+00:00,BTC-25SEP26-84000-P,76761.38,BTC-25SEP26,put,84000.0,2026-09-25T08:00:00+00:00,0.0901660407022714,0.1065,0.115,0.11160362,0.11075,76761.38,BTC-25SEP26,0.40880000000000005,-0.74817,73.5895,34.7,0.0,0.008500000000000008,BTC,76528.64,0.0
2026-08-23T09:36:16.153934+00:00,BTC-26MAR27-180000-P,78511.39,BTC-26MAR27,put,180000.0,2027-03-26T08:00:00+00:00,0.5884548839603139,1.276,1.318,1.29696807,1.297,78511.39,BTC-26MAR27,0.5236,-0.96874,42.43723,0.1,0.0,0.04200000000000004,BTC,76528.14,0.0
2026-08-23T09:36:16.153934+00:00,BTC-25JUN27-72000-C,79379.78,BTC-25JUN27,call,72000.0,2027-06-25T08:00:00+00:00,0.8375993055893352,0.1975,0.2015,0.19945303,0.1995,79379.78,BTC-25JUN27,0.4292,0.67221,262.60102,89.5,0.0,0.0040000000000000036,BTC,76528.64,0.0
2026-08-23T09:36:16.153934+00:00,BTC-4SEP26-69000-P,76593.89,BTC-4SEP26,put,69000.0,2026-09-04T08:00:00+00:00,0.03267117417249728,0.0033,0.0038,0.00359252,0.00355,76593.89,BTC-4SEP26,0.4483,-0.09093,22.67372,125.6,0.5,0.0005,BTC,76528.14,148.34
2026-08-23T09:36:16.153934+00:00,BTC-25AUG26-84000-C,76517.76,BTC-25AUG26,call,84000.0,2026-08-25T08:00:00+00:00,0.005292666301176262,0.0002,0.0005,0.00035619,0.00035,76517.76,BTC-25AUG26,0.6264,0.022,2.92398,4.7,0.2,0.00030000000000000003,BTC,76528.14,9.99
2026-08-23T09:36:16.153934+00:00,BTC-25AUG26-72000-P,76517.76,BTC-25AUG26,put,72000.0,2026-08-25T08:00:00+00:00,0.005292666301176262,0.0005,0.0007,0.00064947,0.0006,76517.76,BTC-25AUG26,0.4935,-0.04201,4.99545,40.0,29.2,0.00019999999999999998,BTC,76528.14,2412.69
2026-08-23T09:36:16.153934+00:00,BTC-25AUG26-80000-P,76517.76,BTC-25AUG26,put,80000.0,2026-08-25T08:00:00+00:00,0.005292666301176262,0.044,0.0505,0.04745677,0.04725,76517.76,BTC-25AUG26,0.4918,-0.88713,10.66959,0.5,0.0,0.006500000000000006,BTC,76528.14,0.0
2026-08-23T09:36:16.153934+00:00,BTC-25JUN27-110000-P,79381.53,BTC-25JUN27,put,110000.0,2027-06-25T08:00:00+00:00,0.8375993055893352,0.425,0.449,0.43675342,0.437,79381.53,BTC-25JUN27,0.4253,-0.73955,236.05724,0.3,0.0,0.02400000000000002,BTC,76528.14,0.0
2026-08-23T09:36:16.153934+00:00,BTC-25SEP26-150000-C,76761.68,BTC-25SEP26,call,150000.0,2026-09-25T08:00:00+00:00,0.0901660407022714,0.0002,0.0004,0.00021707,0.0003,76761.68,BTC-25SEP26,0.785,0.00323,2.25689,735.3,0.1,0.0002,BTC,76528.42,2.32
2026-08-23T09:36:16.153934+00:00,BTC-27AUG26-80000-P,76547.465,SYN.BTC-27AUG26,put,80000.0,2026-08-27T08:00:00+00:00,0.010768367875440464,0.0455,0.053,0.04992792,0.04925,76547.465,SYN.BTC-27AUG26,0.46549999999999997,-0.81017,21.56088,0.0,0.0,0.0075,BTC,76528.42,0.0
2026-08-23T09:36:16.153934+00:00,BTC-26AUG26-77000-P,76542.45,BTC-26AUG26,put,77000.0,2026-08-26T08:00:00+00:00,0.008030517088308363,0.018,0.019,0.01860215,0.0185,76542.45,BTC-26AUG26,0.4289,-0.54942,27.17319,0.2,0.2,0.0010000000000000009,BTC,76528.42,284.61
2026-08-23T09:36:16.153934+00:00,BTC-25SEP26-165000-P,76761.38,BTC-25SEP26,put,165000.0,2026-09-25T08:00:00+00:00,0.0901660407022714,1.14,1.156,1.14968373,1.148,76761.38,BTC-25SEP26,0.8665999999999999,-0.99751,1.78592,0.0,0.0,0.016000000000000014,BTC,76528.42,0.0
2026-08-23T09:36:16.153934+00:00,BTC-24AUG26-68500-P,76495.97,BTC-24AUG26,put,68500.0,2026-08-24T08:00:00+00:00,0.0025548155140441603,,0.0001,1.75e-05,,76495.97,BTC-24AUG26,0.7454999999999999,-0.00153,0.19173,5.6,0.3,,BTC,76528.42,2.3
2026-08-23T09:36:16.153934+00:00,BTC-25SEP26-60000-C,76761.38,BTC-25SEP26,call,60000.0,2026-09-25T08:00:00+00:00,0.0901660407022714,0.219,0.225,0.22165463,0.222,76761.38,BTC-25SEP26,0.5172,0.95223,22.94021,839.0,0.0,0.006000000000000005,BTC,76528.59,0.0
2026-08-23T09:36:16.153934+00:00,BTC-25SEP26-110000-P,76761.38,BTC-25SEP26,put,110000.0,2026-09-25T08:00:00+00:00,0.0901660407022714,0.4275,0.439,0.43415263,0.43325,76761.38,BTC-25SEP26,0.5588000000000001,-0.98015,11.0959,215.6,120.0,0.01150000000000001,BTC,76528.59,3881328.98
2026-08-23T09:36:16.153934+00:00,BTC-28AUG26-66000-C,76556.12,BTC-28AUG26,call,66000.0,2026-08-28T08:00:00+00:00,0.013506218662572565,0.135,0.142,0.13823864,0.1385,76556.12,BTC-28AUG26,0.5967,0.98546,3.28274,1275.3,0.0,0.0069999999999999785,BTC,76528.59,0.0
2026-08-23T09:36:16.153934+00:00,BTC-25DEC26-130000-C,77696.38,BTC-25DEC26,call,130000.0,2026-12-25T08:00:00+00:00,0.33931046233129264,0.0047,0.0055,0.00510642,0.0051,77696.38,BTC-25DEC26,0.4885,0.04801,45.22444,1555.0,2.1,0.0007999999999999995,BTC,76528.59,813.17
2026-08-23T09:36:16.153934+00:00,BTC-25SEP26-240000-C,76761.38,BTC-25SEP26,call,240000.0,2026-09-25T08:00:00+00:00,0.0901660407022714,,0.0002,0.00012813,,76761.38,BTC-25SEP26,1.196,0.00138,1.04638,212.1,0.0,,BTC,76528.59,0.0
2026-08-23T09:36:16.153934+00:00,BTC-26MAR27-92000-C,78511.39,BTC-26MAR27,call,92000.0,2027-03-26T08:00:00+00:00,0.5884548839603139,0.0675,0.07,0.06884911,0.06875,78511.39,BTC-26MAR27,0.418,0.36982,227.55385,275.3,0.5,0.0025000000000000022,BTC,76528.25,2698.06
2026-08-23T09:36:16.153934+00:00,BTC-30OCT26-87000-C,77076.73,BTC-30OCT26,call,87000.0,2026-10-30T08:00:00+00:00,0.18599081825189495,0.0265,0.028,0.02727782,0.02725,77076.73,BTC-30OCT26,0.40850000000000003,0.27563,111.14043,13.9,0.1,0.0015000000000000013,BTC,76528.59,235.5
2026-08-23T09:36:16.153934+00:00,BTC-25JUN27-58000-P,79379.78,BTC-25JUN27,put,58000.0,2027-06-25T08:00:00+00:00,0.8375993055893352,0.045,0.0465,0.045544,0.04575,79379.78,BTC-25JUN27,0.4536,-0.16741,182.18773,66.7,0.0,0.0015000000000000013,BTC,76528.59,0.0
2026-08-23T09:36:16.153934+00:00,BTC-11SEP26-68000-P,76640.0,BTC-11SEP26,put,68000.0,2026-09-11T08:00:00+00:00,0.05183612968242198,0.0048,0.0055,0.00516624,0.00515,76640.0,BTC-11SEP26,0.4353,-0.1036,31.44785,508.2,1.0,0.0007000000000000001,BTC,76528.59,386.13
2026-08-23T09:36:16.153934+00:00,BTC-26MAR27-96000-P,78511.39,BTC-26MAR27,put,96000.0,2027-03-26T08:00:00+00:00,0.5884548839603139,0.27,0.29,0.28035796,0.28,78511.39,BTC-26MAR27,0.4207,-0.67731,216.31082,1.6,0.0,0.019999999999999962,BTC,76528.25,0.0
2026-08-23T09:36:16.153934+00:00,BTC-4SEP26-73000-C,76593.89,BTC-4SEP26,call,73000.0,2026-09-04T08:00:00+00:00,0.03267117417249728,0.058,0.0595,0.0581611,0.05875,76593.89,BTC-4SEP26,0.4097,0.75583,43.4781,583.6,0.9,0.0014999999999999944,BTC,76528.25,4016.96
2026-08-23T09:36:16.153934+00:00,BTC-30OCT26-88000-C,77076.73,BTC-30OCT26,call,88000.0,2026-10-30T08:00:00+00:00,0.18599081825189495,0.024,0.0255,0.02479468,0.02475,77076.73,BTC-30OCT26,0.4102,0.2555,106.94607,79.5,0.6,0.0014999999999999979,BTC,76528.25,1271.06
2026-08-23T09:36:16.153934+00:00,BTC-27AUG26-73000-P,76547.465,SYN.BTC-27AUG26,put,73000.0,2026-08-27T08:00:00+00:00,0.010768367875440464,0.003,0.0038,0.00340612,0.0034,76547.465,SYN.BTC-27AUG26,0.43829999999999997,-0.1408,17.76203,0.0,0.0,0.0007999999999999999,BTC,76528.25,0.0
2026-08-23T09:36:16.153934+00:00,BTC-28AUG26-64000-P,76556.12,BTC-28AUG26,put,64000.0,2026-08-28T08:00:00+00:00,0.013506218662572565,0.0002,0.0003,0.00024953,0.00025,76556.12,BTC-28AUG26,0.6661,-0.00917,2.2004,1128.8,102.4,9.999999999999996e-05,BTC,76527.76,2438.51
2026-08-23T09:36:16.153934+00:00,BTC-24AUG26-82000-P,76495.97,BTC-24AUG26,put,82000.0,2026-08-24T08:00:00+00:00,0.0025548155140441603,0.0685,0.0755,0.07213589,0.072,76495.97,BTC-24AUG26,0.6375,-0.98318,1.61611,0.0,0.0,0.006999999999999992,BTC,76527.76,0.0
2026-08-23T09:36:16.153934+00:00,BTC-30OCT26-62000-C,77076.73,BTC-30OCT26,call,62000.0,2026-10-30T08:00:00+00:00,0.18599081825189495,0.204,0.2125,0.20714801,0.20825,77076.73,BTC-30OCT26,0.4515,0.88837,63.22193,13.5,0.0,0.008500000000000008,BTC,76528.25,0.0
2026-08-23T09:36:16.153934+00:00,BTC-24AUG26-64000-P,76495.97,BTC-24AUG26,put,64000.0,2026-08-24T08:00:00+00:00,0.0025548155140441603,,0.0001,2e-08,,76495.97,BTC-24AUG26,0.7779,0.0,0.00045,1.8,0.0,,BTC,76527.76,0.0
2026-08-23T09:36:16.153934+00:00,BTC-25SEP26-115000-P,76761.38,BTC-25SEP26,put,115000.0,2026-09-25T08:00:00+00:00,0.0901660407022714,0.492,0.504,0.49895982,0.498,76761.38,BTC-25SEP26,0.5884,-0.98596,8.25429,94.2,0.0,0.01200000000000001,BTC,76527.76,0.0
2026-08-23T09:36:16.153934+00:00,BTC-25JUN27-74000-C,79381.53,BTC-25JUN27,call,74000.0,2027-06-25T08:00:00+00:00,0.8375993055893352,0.184,0.188,0.18597197,0.186,79381.53,BTC-25JUN27,0.42710000000000004,0.64664,270.247,20.5,1.7,0.0040000000000000036,BTC,76527.76,25105.82
2026-08-23T09:36:16.153934+00:00,BTC-25JUN27-68000-C,79381.53,BTC-25JUN27,call,68000.0,2027-06-25T08:00:00+00:00,0.8375993055893352,0.227,0.2305,0.22874556,0.22875,79381.53,BTC-25JUN27,0.43439999999999995,0.72212,243.85466,11.2,0.0,0.003500000000000003,BTC,76527.76,0.0
2026-08-23T09:36:16.153934+00:00,BTC-25SEP26-75000-C,76761.38,BTC-25SEP26,call,75000.0,2026-09-25T08:00:00+00:00,0.0901660407022714,0.0585,0.0605,0.0595146,0.0595,76761.38,BTC-25SEP26,0.3983,0.60175,89.02031,3724.8,74.4,0.001999999999999995,BTC,76528.13,324746.16
2026-08-23T09:36:16.153934+00:00,BTC-28AUG26-83000-P,76556.12,BTC-28AUG26,put,83000.0,2026-08-28T08:00:00+00:00,0.013506218662572565,0.082,0.0895,0.0862462,0.08575,76556.12,BTC-28AUG26,0.4878,-0.91757,13.53896,0.1,0.0,0.007499999999999993,BTC,76528.13,0.0
2026-08-23T09:36:16.153934+00:00,BTC-4SEP26-76000-P,76593.89,BTC-4SEP26,put,76000.0,2026-09-04T08:00:00+00:00,0.03267117417249728,0.0245,0.0255,0.02529324,0.025,76593.89,BTC-4SEP26,0.4036,-0.44038,54.65828,69.8,16.0,0.0009999999999999974,BTC,76528.13,34291.38
2026-08-23T09:36:16.153934+00:00,BTC-26MAR27-65000-P,78511.39,BTC-26MAR27,put,65000.0,2027-03-26T08:00:00+00:00,0.5884548839603139,0.054,0.056,0.054716,0.055,78511.39,BTC-26MAR27,0.4391,-0.2326,184.1808,657.4,11.0,0.0020000000000000018,BTC,76528.13,46257.21
2026-08-23T09:36:16.153934+00:00,BTC-30OCT26-57000-C,77076.73,BTC-30OCT26,call,57000.0,2026-10-30T08:00:00+00:00,0.18599081825189495,0.264,0.272,0.26697112,0.268,77076.73,BTC-30OCT26,0.4946,0.93619,41.58142,0.1,0.0,0.008000000000000007,BTC,76528.13,0.0
2026-08-23T09:36:16.153934+00:00,BTC-25AUG26-74000-P,76517.76,BTC-25AUG26,put,74000.0,2026-08-25T08:00:00+00:00,0.005292666301176262,0.0021,0.0025,0.00237701,0.0023,76517.76,BTC-25AUG26,0.4375,-0.13923,12.35265,94.1,15.5,0.0004000000000000002,BTC,76528.13,4157.03
2026-08-23T09:36:16.153934+00:00,BTC-25DEC26-210000-C,77696.38,BTC-25DEC26,call,210000.0,2026-12-25T08:00:00+00:00,0.33931046233129264,0.0005,0.0011,0.00072012,0.0008,77696.38,BTC-25DEC26,0.6405,0.00666,8.44681,163.0,0.0,0.0006000000000000001,BTC,76526.78,0.0
2026-08-23T09:36:16.153934+00:00,BTC-25DEC26-92000-C,77696.38,BTC-25DEC26,call,92000.0,2026-12-25T08:00:00+00:00,0.33931046233129264,0.0375,0.039,0.03825348,0.03825,77696.38,BTC-25DEC26,0.41869999999999996,0.28478,153.71968,308.7,3.5,0.0015000000000000013,BTC,76526.78,11171.7
2026-08-23T09:36:16.153934+00:00,BTC-25SEP26-240000-P,76761.38,BTC-25SEP26,put,240000.0,2026-09-25T08:00:00+00:00,0.0901660407022714,2.1105,2.1375,2.12668082,2.124,76761.38,BTC-25SEP26,1.196,-0.99862,1.04621,0.0,0.0,0.027000000000000135,BTC,76526.78,0.0
2026-08-23T09:36:16.153934+00:00,BTC-4SEP26-78000-C,76593.89,BTC-4SEP26,call,78000.0,2026-09-04T08:00:00+00:00,0.03267117417249728,0.021,0.022,0.02151703,0.0215,76593.89,BTC-4SEP26,0.4096,0.41987,54.15683,1128.4,17.9,0.0009999999999999974,BTC,76526.78,37901.83
2026-08-23T09:36:16.153934+00:00,BTC-26MAR27-90000-C,78511.39,BTC-26MAR27,call,90000.0,2027-03-26T08:00:00+00:00,0.5884548839603139,0.074,0.0765,0.0754856,0.07525,78511.39,BTC-26MAR27,0.4174,0.3956,232.17776,477.8,5.8,0.0025000000000000022,BTC,76523.19,35407.95
2026-08-23T09:36:16.153934+00:00,BTC-24AUG26-71000-P,76495.97,BTC-24AUG26,put,71000.0,2026-08-24T08:00:00+00:00,0.0025548155140441603,,0.0001,3.922e-05,,76495.97,BTC-24AUG26,0.5652,-0.00415,0.47326,65.7,12.6,,BTC,76523.19,119.53
2026-08-23T09:36:16.153934+00:00,BTC-25SEP26-79000-P,76761.38,BTC-25SEP26,put,79000.0,2026-09-25T08:00:00+00:00,0.0901660407022714,0.063,0.065,0.0644252,0.064,76761.38,BTC-25SEP26,0.39880000000000004,-0.5701,90.59946,6.1,0.0,0.0020000000000000018,BTC,76523.19,0.0
2026-08-23T09:36:16.153934+00:00,BTC-27AUG26-75000-P,76547.465,SYN.BTC-27AUG26,put,75000.0,2026-08-27T08:00:00+00:00,0.010768367875440464,0.0085,0.0095,0.00910959,0.009,76547.465,SYN.BTC-27AUG26,0.4242,-0.30941,28.02198,0.0,0.0,0.0009999999999999992,BTC,76523.19,0.0
2026-08-23T09:36:16.153934+00:00,BTC-25DEC26-86000-C,77696.38,BTC-25DEC26,call,86000.0,2026-12-25T08:00:00+00:00,0.33931046233129264,0.056,0.0575,0.05684561,0.05675,77696.38,BTC-25DEC26,0.4156,0.38345,172.92474,313.0,0.3,0.0015000000000000013,BTC,76523.19,1399.84
2026-08-23T09:36:16.153934+00:00,BTC-25SEP26-95000-P,76761.38,BTC-25SEP26,put,95000.0,2026-09-25T08:00:00+00:00,0.0901660407022714,0.236,0.2455,0.24177672,0.24075,76761.38,BTC-25SEP26,0.46259999999999996,-0.92813,31.60643,147.6,0.1,0.009500000000000008,BTC,76523.19,1807.93
2026-08-23T09:36:16.153934+00:00,BTC-24AUG26-76500-C,76495.97,BTC-24AUG26,call,76500.0,2026-08-24T08:00:00+00:00,0.0025548155140441603,0.0075,0.0085,0.00786638,0.008,76495.97,BTC-24AUG26,0.3912,0.51173,15.4263,114.9,67.7,0.0010000000000000009,BTC,76521.6,42402.52
2026-08-23T09:36:16.153934+00:00,BTC-25JUN27-90000-P,79381.53,BTC-25JUN27,put,90000.0,2027-06-25T08:00:00+00:00,0.8375993055893352,0.236,0.241,0.23802574,0.2385,79381.53,BTC-25JUN27,0.4199,-0.55304,287.48531,0.5,0.0,0.0050000000000000044,BTC,76523.19,0.0
2026-08-23T09:36:16.153934+00:00,BTC-30OCT26-68000-P,77076.73,BTC-30OCT26,put,68000.0,2026-10-30T08:00:00+00:00,0.18599081825189495,0.024,0.025,0.02470448,0.0245,77076.73,BTC-30OCT26,0.4207,-0.21658,97.62001,37.6,1.9,0.0010000000000000009,BTC,76523.19,3401.19
2026-08-23T09:36:16.153934+00:00,BTC-26MAR27-160000-P,78511.42,BTC-26MAR27,put,160000.0,2027-03-26T08:00:00+00:00,0.5884548839603139,1.026,1.063,1.04420501,1.0445,78511.42,BTC-26MAR27,0.494,-0.95424,57.90421,0.1,0.0,0.03699999999999992,BTC,76521.6,0.0
2026-08-23T09:36:16.153934+00:00,BTC-25AUG26-77000-P,76517.76,BTC-25AUG26,put,77000.0,2026-08-25T08:00:00+00:00,0.005292666301176262,0.015,0.0165,0.01591966,0.01575,76517.76,BTC-25AUG26,0.4282,-0.56869,21.89162,81.1,41.1,0.0015000000000000013,BTC,76521.6,41319.35
2026-08-23T09:36:16.153934+00:00,BTC-24AUG26-72500-C,76495.97,BTC-24AUG26,call,72500.0,2026-08-24T08:00:00+00:00,0.0025548155140441603,0.049,0.0555,0.05242977,0.05225,76495.97,BTC-24AUG26,0.5184000000000001,0.98108,1.78688,3.3,0.0,0.006499999999999999,BTC,76521.6,0.0
2026-08-23T09:36:16.153934+00:00,BTC-25DEC26-74000-C,77696.68,BTC-25DEC26,call,74000.0,2026-12-25T08:00:00+00:00,0.33931046233129264,0.1205,0.1225,0.12091856,0.1215,77696.68,BTC-25DEC26,0.4208,0.62665,171.50386,145.5,0.0,0.0020000000000000018,BTC,76521.83,0.0
2026-08-23T09:36:16.153934+00:00,BTC-25SEP26-58000-P,76761.38,BTC-25SEP26,put,58000.0,2026-09-25T08:00:00+00:00,0.0901660407022714,0.0023,0.0027,0.00256873,0.0025,76761.38,BTC-25SEP26,0.547,-0.03667,18.51702,1396.2,5.1,0.0004000000000000002,BTC,76521.83,952.76
2026-08-23T09:36:16.153934+00:00,BTC-25DEC26-54000-C,77696.68,BTC-25DEC26,call,54000.0,2026-12-25T08:00:00+00:00,0.33931046233129264,0.313,0.321,0.31695271,0.317,77696.68,BTC-25DEC26,0.49700000000000005,0.91961,67.58385,33.1,0.0,0.008000000000000007,BTC,76521.83,0.0
2026-08-23T09:36:16.153934+00:00,BTC-25DEC26-200000-C,77696.68,BTC-25DEC26,call,200000.0,2026-12-25T08:00:00+00:00,0.33931046233129264,0.0006,0.0012,0.00086895,0.0009,77696.68,BTC-25DEC26,0.6262,0.00802,9.94979,969.3,0.0,0.0006,BTC,76521.83,0.0
2026-08-23T09:36:16.153934+00:00,BTC-25AUG26-68000-C,76515.82,BTC-25AUG26,call,68000.0,2026-08-25T08:00:00+00:00,0.005292666301176262,0.1085,0.1145,0.11140967,0.1115,76515.82,BTC-25AUG26,0.6955,0.991,1.35421,0.0,0.0,0.006000000000000005,BTC,76521.83,0.0
2026-08-23T09:36:16.153934+00:00,BTC-25SEP26-320000-C,76761.38,BTC-25SEP26,call,320000.0,2026-09-25T08:00:00+00:00,0.0901660407022714,,0.0001,7.559e-05,,76761.38,BTC-25SEP26,1.4015,0.00074,0.58655,293.6,0.0,,BTC,76521.83,0.0
2026-08-23T09:36:16.153934+00:00,BTC-25JUN27-72000-P,79381.53,BTC-25JUN27,put,72000.0,2027-06-25T08:00:00+00:00,0.8375993055893352,0.1055,0.108,0.10653816,0.10675,79381.53,BTC-25JUN27,0.4292,-0.32785,262.60347,6.3,0.0,0.0025000000000000022,BTC,76521.83,0.0
2026-08-23T09:36:16.153934+00:00,BTC-11SEP26-86000-P,76640.0,BTC-11SEP26,put,86000.0,2026-09-11T08:00:00+00:00,0.05183612968242198,0.124,0.132,0.1285871,0.128,76640.0,BTC-11SEP26,0.43729999999999997,-0.86496,37.92156,0.0,0.0,0.008000000000000007,BTC,76521.83,0.0
2026-08-23T09:36:16.153934+00:00,BTC-24AUG26-77500-P,76495.97,BTC-24AUG26,put,77500.0,2026-08-24T08:00:00+00:00,0.0025548155140441603,0.015,0.0175,0.01652475,0.01625,76495.97,BTC-24AUG26,0.41259999999999997,-0.72307,12.95312,77.1,0.0,0.0025000000000000022,BTC,76526.06,0.0
2026-08-23T09:36:16.153934+00:00,BTC-25DEC26-45000-C,77696.38,BTC-25DEC26,call,45000.0,2026-12-25T08:00:00+00:00,0.33931046233129264,0.4235,0.429,0.42606763,0.42625,77696.38,BTC-25DEC26,0.5702,0.96495,35.04355,54.3,0.0,0.005500000000000005,BTC,76526.06,0.0
2026-08-23T09:36:16.153934+00:00,BTC-25JUN27-70000-C,79379.78,BTC-25JUN27,call,70000.0,2027-06-25T08:00:00+00:00,0.8375993055893352,0.212,0.2155,0.21372664,0.21375,79379.78,BTC-25JUN27,0.43170000000000003,0.69741,253.77869,194.6,0.6,0.003500000000000003,BTC,76526.06,10291.64
2026-08-23T09:36:16.153934+00:00,BTC-11SEP26-64000-C,76640.0,BTC-11SEP26,call,64000.0,2026-09-11T08:00:00+00:00,0.05183612968242198,0.1645,0.171,0.16715939,0.16775,76640.0,BTC-11SEP26,0.4877,0.95374,16.92406,0.0,0.0,0.006500000000000006,BTC,76526.06,0.0
2026-08-23T09:36:16.153934+00:00,BTC-25DEC26-68000-P,77696.38,BTC-25DEC26,put,68000.0,2026-12-25T08:00:00+00:00,0.33931046233129264,0.044,0.045,0.04438774,0.0445,77696.38,BTC-25DEC26,0.4325,-0.25566,145.64519,478.7,6.6,0.0010000000000000009,BTC,76527.28,21263.99
2026-08-23T09:36:16.153934+00:00,BTC-24AUG26-69500-C,76495.97,BTC-24AUG26,call,69500.0,2026-08-24T08:00:00+00:00,0.0025548155140441603,0.0885,0.0945,0.09148615,0.0915,76495.97,BTC-24AUG26,0.6895,0.99732,0.31993,0.0,0.0,0.006000000000000005,BTC,76527.28,0.0
2026-08-23T09:36:16.153934+00:00,BTC-26AUG26-74500-P,76542.45,BTC-26AUG26,put,74500.0,2026-08-26T08:00:00+00:00,0.008030517088308363,0.0049,0.0055,0.00534757,0.0052,76542.45,BTC-26AUG26,0.4268,-0.23098,20.88995,5.5,5.4,0.0005999999999999998,BTC,76526.06,2963.19
2026-08-23T09:36:16.153934+00:00,BTC-4SEP26-81000-P,76593.89,BTC-4SEP26,put,81000.0,2026-09-04T08:00:00+00:00,0.03267117417249728,0.064,0.0715,0.06814568,0.06775,76593.89,BTC-4SEP26,0.42219999999999996,-0.75452,43.60319,0.0,0.0,0.007499999999999993,BTC,76527.28,0.0
2026-08-23T09:36:16.153934+00:00,BTC-25DEC26-115000-P,77696.38,BTC-25DEC26,put,115000.0,2026-12-25T08:00:00+00:00,0.33931046233129264,0.4795,0.497,0.48965338,0.48825,77696.38,BTC-25DEC26,0.45159999999999995,-0.9126,71.96539,5.0,0.0,0.017500000000000016,BTC,76527.28,0.0
2026-08-23T09:36:16.153934+00:00,BTC-26MAR27-98000-P,78511.39,BTC-26MAR27,put,98000.0,2027-03-26T08:00:00+00:00,0.5884548839603139,0.29,0.311,0.30047939,0.3005,78511.39,BTC-26MAR27,0.4204,-0.70007,209.55388,0.2,0.0,0.02100000000000002,BTC,76527.28,0.0
2026-08-23T09:36:16.153934+00:00,BTC-28AUG26-100000-P,76556.12,BTC-28AUG26,put,100000.0,2026-08-28T08:00:00+00:00,0.013506218662572565,0.301,0.311,0.30634156,0.306,76556.12,BTC-28AUG26,0.8134,-0.99722,0.75999,0.5,0.0,0.010000000000000009,BTC,76528.15,0.0
2026-08-23T09:36:16.153934+00:00,BTC-25JUN27-78000-P,79379.78,BTC-25JUN27,put,78000.0,2027-06-25T08:00:00+00:00,0.8375993055893352,0.1425,0.146,0.14382842,0.14425,79379.78,BTC-25JUN27,0.42340000000000005,-0.40507,281.81081,10.4,0.0,0.003500000000000003,BTC,76527.28,0.0
2026-08-23T09:36:16.153934+00:00,BTC-30OCT26-48000-P,77076.73,BTC-30OCT26,put,48000.0,2026-10-30T08:00:00+00:00,0.18599081825189495,0.0024,0.0027,0.00252811,0.00255,77076.73,BTC-30OCT26,0.5935,-0.02386,18.69877,173.4,0.4,0.00030000000000000035,BTC,76527.28,86.26
2026-08-23T09:36:16.153934+00:00,BTC-25SEP26-84000-C,76761.68,BTC-25SEP26,call,84000.0,2026-09-25T08:00:00+00:00,0.0901660407022714,0.017,0.0175,0.01731018,0.01725,76761.68,BTC-25SEP26,0.40880000000000005,0.25178,73.58173,3642.2,22.3,0.0005000000000000004,BTC,76528.15,32876.05
2026-08-23T09:36:16.153934+00:00,BTC-4SEP26-61000-P,76593.89,BTC-4SEP26,put,61000.0,2026-09-04T08:00:00+00:00,0.03267117417249728,0.0006,0.0009,0.00070888,0.00075,76593.89,BTC-4SEP26,0.6108,-0.01696,5.82921,137.3,0.9,0.00030000000000000003,BTC,76528.15,55.49
2026-08-23T09:36:16.153934+00:00,BTC-24AUG26-86000-P,76495.97,BTC-24AUG26,put,86000.0,2026-08-24T08:00:00+00:00,0.0025548155140441603,0.1205,0.1275,0.1242849,0.124,76495.97,BTC-24AUG26,0.8486,-0.99649,0.40741,0.0,0.0,0.007000000000000006,BTC,76528.15,0.0
2026-08-23T09:36:16.153934+00:00,BTC-25DEC26-102000-P,77696.38,BTC-25DEC26,put,102000.0,2026-12-25T08:00:00+00:00,0.33931046233129264,0.324,0.339,0.33286778,0.3315,77696.38,BTC-25DEC26,0.42950000000000005,-0.83161,113.92456,7.8,0.0,0.015000000000000013,BTC,76528.61,0.0
2026-08-23T09:36:16.153934+00:00,BTC-25JUN27-120000-C,79379.78,BTC-25JUN27,call,120000.0,2027-06-25T08:00:00+00:00,0.8375993055893352,0.035,0.0375,0.03645895,0.03625,79379.78,BTC-25JUN27,0.4311,0.198,202.3311,295.8,0.4,0.0024999999999999953,BTC,76528.15,1282.15
2026-08-23T09:36:16.153934+00:00,BTC-25SEP26-165000-C,76761.38,BTC-25SEP26,call,165000.0,2026-09-25T08:00:00+00:00,0.0901660407022714,0.0001,0.0003,0.00017876,0.0002,76761.38,BTC-25SEP26,0.8665999999999999,0.00249,1.78611,183.4,0.7,0.00019999999999999998,BTC,76528.61,10.81
2026-08-23T09:36:16.153934+00:00,BTC-28AUG26-98000-P,76556.12,BTC-28AUG26,put,98000.0,2026-08-28T08:00:00+00:00,0.013506218662572565,0.275,0.2845,0.28023539,0.27975,76556.12,BTC-28AUG26,0.7752,-0.99642,0.95393,0.0,0.0,0.009499999999999953,BTC,76528.61,0.0
2026-08-23T09:36:16.153934+00:00,BTC-25SEP26-65000-P,76761.38,BTC-25SEP26,put,65000.0,2026-09-25T08:00:00+00:00,0.0901660407022714,0.0065,0.007,0.00685436,0.00675,76761.38,BTC-25SEP26,0.456,-0.09919,40.24469,823.6,15.6,0.0005000000000000004,BTC,76528.61,8773.69
2026-08-23T09:36:16.153934+00:00,BTC-11SEP26-74000-C,76640.0,BTC-11SEP26,call,74000.0,2026-09-11T08:00:00+00:00,0.05183612968242198,0.055,0.0565,0.05522596,0.05575,76640.0,BTC-11SEP26,0.3962,0.66976,63.26219,15.0,0.0,0.0015000000000000013,BTC,76528.61,0.0
2026-08-23T09:36:16.153934+00:00,BTC-24AUG26-78000-P,76495.97,BTC-24AUG26,put,78000.0,2026-08-24T08:00:00+00:00,0.0025548155140441603,0.0195,0.0235,0.02187872,0.0215,76495.97,BTC-24AUG26,0.4296,-0.80572,10.64279,36.8,0.4,0.004,BTC,76529.1,645.58
2026-08-23T09:36:16.153934+00:00,BTC-25JUN27-106000-P,79379.78,BTC-25JUN27,put,106000.0,2027-06-25T08:00:00+00:00,0.8375993055893352,0.3825,0.4055,0.39386054,0.394,79379.78,BTC-25JUN27,0.4232,-0.7094,249.12984,0.0,0.0,0.02300000000000002,BTC,76528.61,0.0
2026-08-23T09:36:16.153934+00:00,BTC-26MAR27-170000-P,78511.39,BTC-26MAR27,put,170000.0,2027-03-26T08:00:00+00:00,0.5884548839603139,1.151,1.19,1.17083391,1.1705,78511.39,BTC-26MAR27,0.5153,-0.96037,51.55563,0.2,0.0,0.038999999999999924,BTC,76529.1,0.0
2026-08-23T09:36:16.153934+00:00,BTC-26AUG26-68000-P,76540.85,BTC-26AUG26,put,68000.0,2026-08-26T08:00:00+00:00,0.008030517088308363,0.0002,0.0004,0.00029436,0.0003,76540.85,BTC-26AUG26,0.6144,-0.01445,2.51741,0.2,0.2,0.0002,BTC,76529.1,4.61
2026-08-23T09:36:16.153934+00:00,BTC-25SEP26-160000-P,76761.38,BTC-25SEP26,put,160000.0,2026-09-25T08:00:00+00:00,0.0901660407022714,1.0745,1.092,1.08455242,1.08325,76761.38,BTC-25SEP26,0.838,-0.99737,1.87428,0.6,0.0,0.01750000000000007,BTC,76529.1,0.0
2026-08-23T09:36:16.153934+00:00,BTC-25SEP26-80000-P,76761.38,BTC-25SEP26,put,80000.0,2026-09-25T08:00:00+00:00,0.0901660407022714,0.0715,0.0735,0.07289011,0.0725,76761.38,BTC-25SEP26,0.40020000000000006,-0.61006,88.50624,714.3,0.7,0.0020000000000000018,BTC,76529.1,3827.11
2026-08-23T09:36:16.153934+00:00,BTC-24AUG26-75500-P,76495.97,BTC-24AUG26,put,75500.0,2026-08-24T08:00:00+00:00,0.0025548155140441603,0.0025,0.0031,0.00284914,0.0028,76495.97,BTC-24AUG26,0.3824,-0.23703,11.94543,143.9,19.4,0.0005999999999999998,BTC,76527.84,5971.44
2026-08-23T09:36:16.153934+00:00,BTC-25SEP26-180000-C,76761.38,BTC-25SEP26,call,180000.0,2026-09-25T08:00:00+00:00,0.0901660407022714,,0.0002,0.00011759,,76761.38,BTC-25SEP26,0.9192,0.0016,1.1971,753.3,1.0,,BTC,76527.84,15.45
2026-08-23T09:36:16.153934+00:00,BTC-27AUG26-79000-C,76547.465,SYN.BTC-27AUG26,call,79000.0,2026-08-27T08:00:00+00:00,0.010768367875440464,0.006,0.0075,0.00693821,0.00675,76547.465,SYN.BTC-27AUG26,0.4459,0.25851,25.70887,0.0,0.0,0.0014999999999999996,BTC,76527.84,0.0
2026-08-23T09:36:16.153934+00:00,BTC-26MAR27-90000-P,78511.42,BTC-26MAR27,put,90000.0,2027-03-26T08:00:00+00:00,0.5884548839603139,0.2135,0.231,0.22183828,0.22225,78511.42,BTC-26MAR27,0.4174,-0.60432,232.20617,14.1,0.0,0.017500000000000016,BTC,76527.84,0.0
2026-08-23T09:36:16.153934+00:00,BTC-30OCT26-80000-P,77076.73,BTC-30OCT26,put,80000.0,2026-10-30T08:00:00+00:00,0.18599081825189495,0.0895,0.092,0.09113118,0.09075,77076.73,BTC-30OCT26,0.4029,-0.5494,131.70957,2.8,0.0,0.0025000000000000022,BTC,76527.84,0.0
2026-08-23T09:36:16.153934+00:00,BTC-26MAR27-54000-P,78511.39,BTC-26MAR27,put,54000.0,2027-03-26T08:00:00+00:00,0.5884548839603139,0.0225,0.024,0.0232624,0.02325,78511.39,BTC-26MAR27,0.4722,-0.1121,114.88931,83.8,0.1,0.0015000000000000013,BTC,76527.84,177.91
2026-08-23T09:36:16.153934+00:00,BTC-26AUG26-82000-C,76542.45,BTC-26AUG26,call,82000.0,2026-08-26T08:00:00+00:00,0.008030517088308363,0.0012,0.0014,0.00135565,0.0013,76542.45,BTC-26AUG26,0.5095000000000001,0.06992,9.2085,0.2,0.2,0.0002000000000000001,BTC,76527.84,37.09
2026-08-23T09:36:16.153934+00:00,BTC-28AUG26-90000-C,76556.12,BTC-28AUG26,call,90000.0,2026-08-28T08:00:00+00:00,0.013506218662572565,0.0003,0.0004,0.00028717,0.00035,76556.12,BTC-28AUG26,0.6074,0.01225,2.83209,1324.7,17.2,0.00010000000000000005,BTC,76525.84,760.59
2026-08-23T09:36:16.153934+00:00,BTC-26MAR27-60000-P,78511.39,BTC-26MAR27,put,60000.0,2027-03-26T08:00:00+00:00,0.5884548839603139,0.037,0.0385,0.03769695,0.03775,78511.39,BTC-26MAR27,0.4518,-0.171,153.10133,659.6,0.5,0.0015000000000000013,BTC,76525.84,1426.92
2026-08-23T09:36:16.153934+00:00,BTC-25DEC26-65000-C,77696.38,BTC-25DEC26,call,65000.0,2026-12-25T08:00:00+00:00,0.33931046233129264,0.1965,0.199,0.19724701,0.19775,77696.38,BTC-25DEC26,0.4415,0.795,128.69143,952.1,0.0,0.0025000000000000022,BTC,76525.84,0.0
2026-08-23T09:36:16.153934+00:00,BTC-30OCT26-110000-P,77076.73,BTC-30OCT26,put,110000.0,2026-10-30T08:00:00+00:00,0.18599081825189495,0.424,0.4365,0.43145548,0.43025,77076.73,BTC-30OCT26,0.47979999999999995,-0.94654,36.18651,0.0,0.0,0.012500000000000011,BTC,76525.84,0.0
2026-08-23T09:36:16.153934+00:00,BTC-27AUG26-75000-C,76547.465,SYN.BTC-27AUG26,call,75000.0,2026-08-27T08:00:00+00:00,0.010768367875440464,0.0265,0.033,0.0293473,0.02975,76547.465,SYN.BTC-27AUG26,0.4242,0.69073,28.01685,0.0,0.0,0.006500000000000002,BTC,76525.84,0.0
2026-08-23T09:36:16.153934+00:00,BTC-26AUG26-79000-C,76540.85,BTC-26AUG26,call,79000.0,2026-08-26T08:00:00+00:00,0.008030517088308363,0.0048,0.0055,0.00515776,0.00515,76540.85,BTC-26AUG26,0.45380000000000004,0.22778,20.72943,5.1,5.0,0.0007000000000000001,BTC,76525.84,2888.64
2026-08-23T09:36:16.153934+00:00,BTC-24AUG26-65000-C,76495.97,BTC-24AUG26,call,65000.0,2026-08-24T08:00:00+00:00,0.0025548155140441603,0.1475,0.1525,0.15028306,0.15,76495.97,BTC-24AUG26,0.7775,0.99999,0.00252,2.2,0.0,0.0050000000000000044,BTC,76525.55,0.0
2026-08-23T09:36:16.153934+00:00,BTC-28AUG26-53000-C,76556.12,BTC-28AUG26,call,53000.0,2026-08-28T08:00:00+00:00,0.013506218662572565,0.305,0.3105,0.30782271,0.30775,76556.12,BTC-28AUG26,1.1936,0.99676,0.87236,5.1,0.0,0.005500000000000005,BTC,76525.55,0.0
2026-08-23T09:36:16.153934+00:00,BTC-25DEC26-190000-C,77696.38,BTC-25DEC26,call,190000.0,2026-12-25T08:00:00+00:00,0.33931046233129264,0.0008,0.0014,0.00103808,0.0011,77696.38,BTC-25DEC26,0.6093999999999999,0.00968,11.73617,997.3,0.0,0.0006,BTC,76525.55,0.0
2026-08-23T09:36:16.153934+00:00,BTC-25SEP26-105000-P,76761.68,BTC-25SEP26,put,105000.0,2026-09-25T08:00:00+00:00,0.0901660407022714,0.3645,0.374,0.3695066,0.36925,76761.68,BTC-25SEP26,0.526,-0.9714,15.08295,105.2,0.0,0.009500000000000008,BTC,76525.55,0.0
2026-08-23T09:36:16.153934+00:00,BTC-25DEC26-230000-P,77696.38,BTC-25DEC26,put,230000.0,2026-12-25T08:00:00+00:00,0.33931046233129264,1.936,1.975,1.96075578,1.9555,77696.38,BTC-25DEC26,0.6679999999999999,-0.99524,6.26303,0.0,0.0,0.039000000000000146,BTC,76525.55,0.0
2026-08-23T09:36:16.153934+00:00,BTC-25SEP26-72000-C,76761.38,BTC-25SEP26,call,72000.0,2026-09-25T08:00:00+00:00,0.0901660407022714,0.0835,0.0855,0.0845199,0.0845,76761.38,BTC-25SEP26,0.4065,0.7221,77.36586,3290.2,2.3,0.0020000000000000018,BTC,76523.78,15201.38
2026-08-23T09:36:16.153934+00:00,BTC-25AUG26-73500-C,76515.82,BTC-25AUG26,call,73500.0,2026-08-25T08:00:00+00:00,0.005292666301176262,0.0385,0.0445,0.04106495,0.0415,76515.82,BTC-25AUG26,0.4495,0.89645,10.02751,1.0,0.0,0.005999999999999998,BTC,76525.55,0.0
2026-08-23T09:36:16.153934+00:00,BTC-27AUG26-69000-P,76547.465,SYN.BTC-27AUG26,put,69000.0,2026-08-27T08:00:00+00:00,0.010768367875440464,0.0004,0.0007,0.00059676,0.00055,76547.465,SYN.BTC-27AUG26,0.53,-0.02725,4.99254,0.0,0.0,0.0003,BTC,76523.78,0.0
2026-08-23T09:36:16.153934+00:00,BTC-25SEP26-130000-P,76761.38,BTC-25SEP26,put,130000.0,2026-09-25T08:00:00+00:00,0.0901660407022714,0.686,0.699,0.69397974,0.6925,76761.38,BTC-25SEP26,0.6829000000000001,-0.99312,4.4253,21.4,0.0,0.0129999999999999,BTC,76523.78,0.0
2026-08-23T09:36:16.153934+00:00,BTC-25SEP26-70000-P,76761.68,BTC-25SEP26,put,70000.0,2026-09-25T08:00:00+00:00,0.0901660407022714,0.0155,0.0165,0.01597958,0.016,76761.68,BTC-25SEP26,0.41619999999999996,-0.21075,66.62082,2693.2,634.8,0.0010000000000000009,BTC,76523.78,738911.79
2026-08-23T09:36:16.153934+00:00,BTC-26MAR27-150000-C,78511.39,BTC-26MAR27,call,150000.0,2027-03-26T08:00:00+00:00,0.5884548839603139,0.007,0.009,0.00793598,0.008,78511.39,BTC-26MAR27,0.47950000000000004,0.05775,69.68121,1898.9,1.8,0.001999999999999999,BTC,76525.55,1147.94
2026-08-23T09:36:16.153934+00:00,BTC-24AUG26-67500-P,76495.97,BTC-24AUG26,put,67500.0,2026-08-24T08:00:00+00:00,0.0025548155140441603,,0.0001,4.98e-06,,76495.97,BTC-24AUG26,0.755,-0.00047,0.06463,11.0,10.1,,BTC,76522.97,77.23
2026-08-23T09:36:16.153934+00:00,BTC-25DEC26-45000-P,77696.38,BTC-25DEC26,put,45000.0,2026-12-25T08:00:00+00:00,0.33931046233129264,0.0049,0.0055,0.00524378,0.0052,77696.38,BTC-25DEC26,0.5702,-0.03506,35.05053,2861.2,0.0,0.0005999999999999998,BTC,76522.97,0.0
2026-08-23T09:36:16.153934+00:00,BTC-30OCT26-67000-P,77076.73,BTC-30OCT26,put,67000.0,2026-10-30T08:00:00+00:00,0.18599081825189495,0.021,0.022,0.02175902,0.0215,77076.73,BTC-30OCT26,0.4244,-0.19504,91.73473,216.0,0.1,0.0009999999999999974,BTC,76523.78,171.28
2026-08-23T09:36:16.153934+00:00,BTC-25JUN27-125000-C,79379.78,BTC-25JUN27,call,125000.0,2027-06-25T08:00:00+00:00,0.8375993055893352,0.03,0.032,0.03111724,0.031,79379.78,BTC-25JUN27,0.43450000000000005,0.17324,186.21576,7.4,0.8,0.0020000000000000018,BTC,76522.97,1953.98
2026-08-23T09:36:16.153934+00:00,BTC-25AUG26-82000-C,76517.76,BTC-25AUG26,call,82000.0,2026-08-25T08:00:00+00:00,0.005292666301176262,0.0006,0.0009,0.00074027,0.00075,76517.76,BTC-25AUG26,0.5555,0.04632,5.40376,21.1,1.2,0.00030000000000000003,BTC,76522.97,203.72
2026-08-23T09:36:16.153934+00:00,BTC-4SEP26-82000-C,76593.89,BTC-4SEP26,call,82000.0,2026-09-04T08:00:00+00:00,0.03267117417249728,0.008,0.009,0.00844533,0.0085,76593.89,BTC-4SEP26,0.43060000000000004,0.20277,39.10918,213.0,0.1,0.0009999999999999992,BTC,76522.97,69.04
2026-08-23T09:36:16.153934+00:00,BTC-25JUN27-60000-C,79379.78,BTC-25JUN27,call,60000.0,2027-06-25T08:00:00+00:00,0.8375993055893352,0.2945,0.2985,0.29627672,0.2965,79379.78,BTC-25JUN27,0.44920000000000004,0.81252,195.67927,943.9,0.0,0.0040000000000000036,BTC,76522.97,0.0
2026-08-23T09:36:16.153934+00:00,BTC-25AUG26-76500-P,76517.76,BTC-25AUG26,put,76500.0,2026-08-25T08:00:00+00:00,0.005292666301176262,0.0115,0.0125,0.0121732,0.012,76517.76,BTC-25AUG26,0.42200000000000004,-0.48538,22.20714,80.3,10.3,0.0010000000000000009,BTC,76522.97,9195.17
2026-08-23T09:36:16.153934+00:00,BTC-27AUG26-81000-C,76547.465,SYN.BTC-27AUG26,call,81000.0,2026-08-27T08:00:00+00:00,0.010768367875440464,0.0028,0.0035,0.0032066,0.00315,76547.465,SYN.BTC-27AUG26,0.4765,0.13336,17.11429,0.0,0.0,0.0007000000000000001,BTC,76523.41,0.0
2026-08-23T09:36:16.153934+00:00,BTC-4SEP26-72000-P,76593.89,BTC-4SEP26,put,72000.0,2026-09-04T08:00:00+00:00,0.03267117417249728,0.008,0.009,0.00852966,0.0085,76593.89,BTC-4SEP26,0.418,-0.19447,38.13555,162.2,6.7,0.0009999999999999992,BTC,76523.41,4024.81
2026-08-23T09:36:16.153934+00:00,BTC-25AUG26-76500-C,76517.76,BTC-25AUG26,call,76500.0,2026-08-25T08:00:00+00:00,0.005292666301176262,0.012,0.013,0.01232926,0.0125,76517.76,BTC-25AUG26,0.42200000000000004,0.51468,22.20712,17.5,0.0,0.0009999999999999992,BTC,76523.41,0.0
2026-08-23T09:36:16.153934+00:00,BTC-4SEP26-68000-C,76593.89,BTC-4SEP26,call,68000.0,2026-09-04T08:00:00+00:00,0.03267117417249728,0.112,0.1185,0.1149181,0.11525,76593.89,BTC-4SEP26,0.4621,0.92937,18.73165,923.2,0.0,0.006499999999999992,BTC,76523.41,0.0
2026-08-23T09:36:16.153934+00:00,BTC-30OCT26-59000-C,77076.73,BTC-30OCT26,call,59000.0,2026-10-30T08:00:00+00:00,0.18599081825189495,0.2395,0.2475,0.24254952,0.2435,77076.73,BTC-30OCT26,0.4744,0.92082,49.07311,1.1,0.0,0.008000000000000007,BTC,76523.41,0.0
2026-08-23T09:36:16.153934+00:00,BTC-25JUN27-115000-C,79379.78,BTC-25JUN27,call,115000.0,2027-06-25T08:00:00+00:00,0.8375993055893352,0.0415,0.044,0.04309212,0.04275,79379.78,BTC-25JUN27,0.42840000000000006,0.22714,219.22152,19.8,5.0,0.0024999999999999953,BTC,76523.41,16878.5
2026-08-23T09:36:16.153934+00:00,BTC-25SEP26-220000-C,76761.68,BTC-25SEP26,call,220000.0,2026-09-25T08:00:00+00:00,0.0901660407022714,,0.0002,0.0001066,,76761.68,BTC-25SEP26,1.0992,0.00125,0.955,243.5,0.0,,BTC,76524.05,0.0
2026-08-23T09:36:16.153934+00:00,BTC-26MAR27-106000-C,78511.39,BTC-26MAR27,call,106000.0,2027-03-26T08:00:00+00:00,0.5884548839603139,0.0355,0.0375,0.03667982,0.0365,78511.39,BTC-26MAR27,0.4264,0.22583,181.14447,78.1,0.0,0.0020000000000000018,BTC,76523.41,0.0
2026-08-23T09:36:16.153934+00:00,BTC-26AUG26-75000-P,76542.45,BTC-26AUG26,put,75000.0,2026-08-26T08:00:00+00:00,0.008030517088308363,0.0065,0.007,0.00699246,0.00675,76542.45,BTC-26AUG26,0.4218,-0.2853,23.31321,0.8,0.8,0.0005000000000000004,BTC,76524.05,458.79
2026-08-23T09:36:16.153934+00:00,BTC-30OCT26-48000-C,77076.73,BTC-30OCT26,call,48000.0,2026-10-30T08:00:00+00:00,0.18599081825189495,0.3775,0.3835,0.37977303,0.3805,77076.73,BTC-30OCT26,0.5935,0.97613,18.70579,0.1,0.0,0.006000000000000005,BTC,76524.05,0.0
2026-08-23T09:36:16.153934+00:00,BTC-28AUG26-80000-C,76556.12,BTC-28AUG26,call,80000.0,2026-08-28T08:00:00+00:00,0.013506218662572565,0.0055,0.0065,0.0059674,0.006,76556.12,BTC-28AUG26,0.4499,0.20974,25.64101,2244.5,616.2,0.001,BTC,76524.05,420532.32
2026-08-23T09:36:16.153934+00:00,BTC-11SEP26-80000-P,76639.94,BTC-11SEP26,put,80000.0,2026-09-11T08:00:00+00:00,0.05183612968242198,0.062,0.064,0.06339959,0.063,76639.94,BTC-11SEP26,0.40369999999999995,-0.66133,63.88834,7.1,0.0,0.0020000000000000018,BTC,76524.05,0.0
2026-08-23T09:36:16.153934+00:00,BTC-25SEP26-100000-C,76761.38,BTC-25SEP26,call,100000.0,2026-09-25T08:00:00+00:00,0.0901660407022714,0.0026,0.0027,0.00265924,0.00265,76761.38,BTC-25SEP26,0.4988,0.04577,22.16617,5234.9,12.9,0.00010000000000000026,BTC,76524.37,3022.74
2026-08-23T09:36:16.153934+00:00,BTC-26MAR27-98000-C,78511.39,BTC-26MAR27,call,98000.0,2027-03-26T08:00:00+00:00,0.5884548839603139,0.051,0.053,0.0522287,0.052,78511.39,BTC-26MAR27,0.4204,0.29989,209.53649,83.0,2.0,0.0020000000000000018,BTC,76524.05,8335.7
2026-08-23T09:36:16.153934+00:00,BTC-30OCT26-88000-P,77076.73,BTC-30OCT26,put,88000.0,2026-10-30T08:00:00+00:00,0.18599081825189495,0.16,0.172,0.16651233,0.166,77076.73,BTC-30OCT26,0.4102,-0.74468,106.89769,1.0,0.0,0.011999999999999983,BTC,76524.37,0.0
2026-08-23T09:36:16.153934+00:00,BTC-27AUG26-76000-P,76547.465,SYN.BTC-27AUG26,put,76000.0,2026-08-27T08:00:00+00:00,0.010768367875440464,0.0135,0.015,0.01422418,0.01425,76547.465,SYN.BTC-27AUG26,0.426,-0.42311,31.12065,0.0,0.0,0.0014999999999999996,BTC,76524.37,0.0
2026-08-23T09:36:16.153934+00:00,BTC-30OCT26-102000-P,77077.03,BTC-30OCT26,put,102000.0,2026-10-30T08:00:00+00:00,0.18599081825189495,0.3235,0.3365,0.3308177,0.33,77077.03,BTC-30OCT26,0.4507,-0.91009,53.98293,0.0,0.0,0.013000000000000012,BTC,76524.37,0.0
2026-08-23T09:36:16.153934+00:00,BTC-4SEP26-80000-C,76594.06,BTC-4SEP26,call,80000.0,2026-09-04T08:00:00+00:00,0.03267117417249728,0.013,0.014,0.01348493,0.0135,76594.06,BTC-4SEP26,0.4171,0.29677,47.93566,961.2,6.5,0.0010000000000000009,BTC,76525.56,8400.03
2026-08-23T09:36:16.153934+00:00,BTC-11SEP26-78000-C,76640.0,BTC-11SEP26,call,78000.0,2026-09-11T08:00:00+00:00,0.05183612968242198,0.028,0.0285,0.02823311,0.02825,76640.0,BTC-11SEP26,0.3975,0.44267,68.94452,653.0,10.1,0.0005000000000000004,BTC,76524.37,22833.37
2026-08-23T09:36:16.153934+00:00,BTC-25SEP26-60000-P,76761.68,BTC-25SEP26,put,60000.0,2026-09-25T08:00:00+00:00,0.0901660407022714,0.0031,0.0034,0.00329281,0.00325,76761.68,BTC-25SEP26,0.5172,-0.0478,22.94931,5537.4,9.4,0.0002999999999999999,BTC,76525.56,2393.0
2026-08-23T09:36:16.153934+00:00,BTC-25AUG26-72000-C,76517.76,BTC-25AUG26,call,72000.0,2026-08-25T08:00:00+00:00,0.005292666301176262,0.057,0.063,0.05961988,0.06,76517.76,BTC-25AUG26,0.4935,0.95785,5.00852,0.0,0.0,0.005999999999999998,BTC,76525.56,0.0
2026-08-23T09:36:16.153934+00:00,BTC-27AUG26-78000-C,76547.465,SYN.BTC-27AUG26,call,78000.0,2026-08-27T08:00:00+00:00,0.010768367875440464,0.0095,0.011,0.01033487,0.01025,76547.465,SYN.BTC-27AUG26,0.43700000000000006,0.35088,29.4697,0.0,0.0,0.0014999999999999996,BTC,76525.56,0.0
2026-08-23T09:36:16.153934+00:00,BTC-24AUG26-84000-C,76495.97,BTC-24AUG26,call,84000.0,2026-08-24T08:00:00+00:00,0.0025548155140441603,,0.0002,0.00014239,,76495.97,BTC-24AUG26,0.7951999999999999,0.01084,1.10655,34.6,35.3,,BTC,76525.85,342.6
2026-08-23T09:36:16.153934+00:00,BTC-25DEC26-72000-P,77696.68,BTC-25DEC26,put,72000.0,2026-12-25T08:00:00+00:00,0.33931046233129264,0.0615,0.063,0.06246095,0.06225,77696.68,BTC-25DEC26,0.4239,-0.3323,164.48521,341.7,0.0,0.0015000000000000013,BTC,76525.85,0.0
2026-08-23T09:36:16.153934+00:00,BTC-26MAR27-56000-C,78511.39,BTC-26MAR27,call,56000.0,2027-03-26T08:00:00+00:00,0.5884548839603139,0.3085,0.3195,0.31425879,0.314,78511.39,BTC-26MAR27,0.4654,0.86986,127.60791,16.9,0.0,0.01100000000000001,BTC,76525.56,0.0
2026-08-23T09:36:16.153934+00:00,BTC-28AUG26-62000-P,76556.12,BTC-28AUG26,put,62000.0,2026-08-28T08:00:00+00:00,0.013506218662572565,0.0001,0.0003,0.00018172,0.0002,76556.12,BTC-28AUG26,0.7406999999999999,-0.00626,1.57167,1187.9,0.7,0.00019999999999999998,BTC,76525.85,16.24
2026-08-23T09:36:16.153934+00:00,BTC-25JUN27-55000-C,79379.78,BTC-25JUN27,call,55000.0,2027-06-25T08:00:00+00:00,0.8375993055893352,0.3425,0.346,0.34416831,0.34425,79379.78,BTC-25JUN27,0.4623,0.85983,161.96091,2.9,0.0,0.0034999999999999476,BTC,76525.85,0.0
2026-08-23T09:36:16.153934+00:00,BTC-24AUG26-73000-C,76495.97,BTC-24AUG26,call,73000.0,2026-08-24T08:00:00+00:00,0.0025548155140441603,0.0425,0.0485,0.04599712,0.0455,76495.97,BTC-24AUG26,0.4955,0.97118,2.54579,4.7,0.0,0.005999999999999998,BTC,76525.85,0.0
2026-08-23T09:36:16.153934+00:00,BTC-4SEP26-63000-C,76594.06,BTC-4SEP26,call,63000.0,2026-09-04T08:00:00+00:00,0.03267117417249728,0.176,0.1815,0.1784264,0.17875,76594.06,BTC-4SEP26,0.5623,0.97599,7.82862,86.7,0.0,0.005500000000000005,BTC,76525.85,0.0
2026-08-23T09:36:16.153934+00:00,BTC-27AUG26-71000-C,76547.465,SYN.BTC-27AUG26,call,71000.0,2026-08-27T08:00:00+00:00,0.010768367875440464,0.071,0.0775,0.07377739,0.07425,76547.465,SYN.BTC-27AUG26,0.473,0.94132,9.30489,0.0,0.0,0.006500000000000006,BTC,76525.85,0.0
2026-08-23T09:36:16.153934+00:00,BTC-25AUG26-80000-C,76517.76,BTC-25AUG26,call,80000.0,2026-08-25T08:00:00+00:00,0.005292666301176262,0.0017,0.002,0.00186833,0.00185,76517.76,BTC-25AUG26,0.4918,0.11254,10.64689,48.0,2.0,0.00030000000000000014,BTC,76525.85,363.35
2026-08-23T09:36:16.153934+00:00,BTC-25DEC26-56000-C,77696.38,BTC-25DEC26,call,56000.0,2026-12-25T08:00:00+00:00,0.33931046233129264,0.2895,0.298,0.29370276,0.29375,77696.38,BTC-25DEC26,0.4841,0.90383,77.24725,41.5,0.0,0.008500000000000008,BTC,76528.47,0.0
2026-08-23T09:36:16.153934+00:00,BTC-4SEP26-75000-P,76593.89,BTC-4SEP26,put,75000.0,2026-09-04T08:00:00+00:00,0.03267117417249728,0.019,0.02,0.0195877,0.0195,76593.89,BTC-4SEP26,0.4035,-0.37018,52.32277,447.8,0.9,0.0010000000000000009,BTC,76528.47,1266.37
2026-08-23T09:36:16.153934+00:00,BTC-25SEP26-52000-P,76761.68,BTC-25SEP26,put,52000.0,2026-09-25T08:00:00+00:00,0.0901660407022714,0.0012,0.0016,0.00137544,0.0014,76761.68,BTC-25SEP26,0.6498,-0.01803,10.22827,1210.7,0.4,0.0004000000000000002,BTC,76528.47,41.55
2026-08-23T09:36:16.153934+00:00,BTC-26MAR27-86000-P,78511.39,BTC-26MAR27,put,86000.0,2027-03-26T08:00:00+00:00,0.5884548839603139,0.1845,0.188,0.18630866,0.18625,78511.39,BTC-26MAR27,0.4174,-0.54887,238.66172,1.7,0.0,0.003500000000000003,BTC,76525.85,0.0
2026-08-23T09:36:16.153934+00:00,BTC-24AUG26-68000-P,76495.97,BTC-24AUG26,put,68000.0,2026-08-24T08:00:00+00:00,0.0025548155140441603,,0.0001,8.78e-06,,76495.97,BTC-24AUG26,0.7458,-0.0008,0.10614,55.1,15.5,,BTC,76528.5,118.1
2026-08-23T09:36:16.153934+00:00,BTC-26MAR27-40000-P,78511.39,BTC-26MAR27,put,40000.0,2027-03-26T08:00:00+00:00,0.5884548839603139,0.007,0.0075,0.00708906,0.00725,78511.39,BTC-26MAR27,0.5527000000000001,-0.03568,47.31845,1773.2,0.7,0.0004999999999999996,BTC,76528.47,393.07
2026-08-23T09:36:16.153934+00:00,BTC-26MAR27-120000-C,78511.39,BTC-26MAR27,call,120000.0,2027-03-26T08:00:00+00:00,0.5884548839603139,0.0195,0.0215,0.02038829,0.0205,78511.39,BTC-26MAR27,0.4386,0.13773,132.68109,635.3,0.0,0.0019999999999999983,BTC,76528.47,0.0
2026-08-23T09:36:16.153934+00:00,BTC-24AUG26-69000-P,76495.97,BTC-24AUG26,put,69000.0,2026-08-24T08:00:00+00:00,0.0025548155140441603,,0.0001,2.376e-05,,76495.97,BTC-24AUG26,0.7204999999999999,-0.00209,0.2553,37.1,0.0,,BTC,76528.5,0.0
2026-08-23T09:36:16.153934+00:00,BTC-24AUG26-66000-C,76495.97,BTC-24AUG26,call,66000.0,2026-08-24T08:00:00+00:00,0.0025548155140441603,0.135,0.14,0.13721111,0.1375,76495.97,BTC-24AUG26,0.7775,0.99992,0.01181,0.0,0.0,0.0050000000000000044,BTC,76528.5,0.0
2026-08-23T09:36:16.153934+00:00,BTC-25AUG26-81000-C,76517.76,BTC-25AUG26,call,81000.0,2026-08-25T08:00:00+00:00,0.005292666301176262,0.001,0.0012,0.00112749,0.0011,76517.76,BTC-25AUG26,0.5203,0.07052,7.52246,9.6,0.0,0.00019999999999999987,BTC,76528.5,0.0
2026-08-23T09:36:16.153934+00:00,BTC-4SEP26-58000-C,76593.89,BTC-4SEP26,call,58000.0,2026-09-04T08:00:00+00:00,0.03267117417249728,0.241,0.2465,0.24310914,0.24375,76593.89,BTC-4SEP26,0.6640999999999999,0.99134,3.25661,0.0,0.0,0.005500000000000005,BTC,76529.27,0.0
2026-08-23T09:36:16.153934+00:00,BTC-30OCT26-80000-C,77076.73,BTC-30OCT26,call,80000.0,2026-10-30T08:00:00+00:00,0.18599081825189495,0.053,0.054,0.05320604,0.0535,77076.73,BTC-30OCT26,0.4029,0.45058,131.70777,419.3,7.2,0.0010000000000000009,BTC,76528.5,29081.54
2026-08-23T09:36:16.153934+00:00,BTC-27AUG26-82000-C,76547.465,SYN.BTC-27AUG26,call,82000.0,2026-08-27T08:00:00+00:00,0.010768367875440464,0.0018,0.0025,0.00218709,0.00215,76547.465,SYN.BTC-27AUG26,0.4926,0.09461,13.39456,0.0,0.0,0.0007000000000000001,BTC,76529.27,0.0
2026-08-23T09:36:16.153934+00:00,BTC-25JUN27-140000-C,79381.53,BTC-25JUN27,call,140000.0,2027-06-25T08:00:00+00:00,0.8375993055893352,0.019,0.021,0.02006254,0.02,79381.53,BTC-25JUN27,0.4461,0.11831,144.00109,231.7,0.1,0.0020000000000000018,BTC,76529.27,144.97
2026-08-23T09:36:16.153934+00:00,BTC-24AUG26-79000-C,76495.97,BTC-24AUG26,call,79000.0,2026-08-24T08:00:00+00:00,0.0025548155140441603,0.0008,0.0011,0.00098431,0.00095,76495.97,BTC-24AUG26,0.47090000000000004,0.09318,6.44633,47.4,41.5,0.00030000000000000003,BTC,76529.27,5023.63
2026-08-23T09:36:16.153934+00:00,BTC-30OCT26-96000-P,77076.73,BTC-30OCT26,put,96000.0,2026-10-30T08:00:00+00:00,0.18599081825189495,0.25,0.2635,0.25746715,0.25675,77076.73,BTC-30OCT26,0.42979999999999996,-0.86181,73.3997,0.0,0.0,0.013500000000000012,BTC,76529.27,0.0
2026-08-23T09:36:16.153934+00:00,BTC-11SEP26-77000-P,76639.94,BTC-11SEP26,put,77000.0,2026-09-11T08:00:00+00:00,0.05183612968242198,0.0375,0.039,0.03857107,0.03825,76639.94,BTC-11SEP26,0.3973,-0.50038,69.66992,18.0,5.1,0.0015000000000000013,BTC,76529.27,14453.43
2026-08-23T09:36:16.153934+00:00,BTC-25SEP26-190000-C,76761.68,BTC-25SEP26,call,190000.0,2026-09-25T08:00:00+00:00,0.0901660407022714,,0.0002,0.00012412,,76761.68,BTC-25SEP26,0.9748,0.0016,1.19642,772.8,0.0,,BTC,76529.86,0.0
2026-08-23T09:36:16.153934+00:00,BTC-24AUG26-68500-C,76495.97,BTC-24AUG26,call,68500.0,2026-08-24T08:00:00+00:00,0.0025548155140441603,0.102,0.1075,0.10454643,0.10475,76495.97,BTC-24AUG26,0.7454999999999999,0.99848,0.19155,0.0,0.0,0.005500000000000005,BTC,76529.86,0.0
2026-08-23T09:36:16.153934+00:00,BTC-25AUG26-85000-P,76517.76,BTC-25AUG26,put,85000.0,2026-08-25T08:00:00+00:00,0.005292666301176262,0.1085,0.114,0.11118966,0.11125,76517.76,BTC-25AUG26,0.6591,-0.98476,2.13816,0.0,0.0,0.005500000000000005,BTC,76529.86,0.0
2026-08-23T09:36:16.153934+00:00,BTC-26MAR27-56000-P,78511.39,BTC-26MAR27,put,56000.0,2027-03-26T08:00:00+00:00,0.5884548839603139,0.027,0.0285,0.02754491,0.02775,78511.39,BTC-26MAR27,0.4654,-0.13012,127.5962,121.4,0.1,0.0015000000000000013,BTC,76529.27,208.85
2026-08-23T09:36:16.153934+00:00,BTC-26AUG26-70000-P,76540.85,BTC-26AUG26,put,70000.0,2026-08-26T08:00:00+00:00,0.008030517088308363,0.0004,0.0006,0.00051974,0.0005,76540.85,BTC-26AUG26,0.5282,-0.0274,4.3312,15.0,8.0,0.00019999999999999993,BTC,76529.86,434.25
2026-08-23T09:36:16.153934+00:00,BTC-11SEP26-84000-C,76640.0,BTC-11SEP26,call,84000.0,2026-09-11T08:00:00+00:00,0.05183612968242198,0.009,0.0095,0.00924664,0.00925,76640.0,BTC-11SEP26,0.4238,0.1847,46.56796,45.5,0.2,0.0005000000000000004,BTC,76529.86,169.24
2026-08-23T09:36:16.153934+00:00,BTC-25JUN27-56000-C,79379.78,BTC-25JUN27,call,56000.0,2027-06-25T08:00:00+00:00,0.8375993055893352,0.3325,0.3365,0.33416346,0.3345,79379.78,BTC-25JUN27,0.45890000000000003,0.85118,168.63559,3.0,0.0,0.0040000000000000036,BTC,76529.86,0.0
2026-08-23T09:36:16.153934+00:00,BTC-25SEP26-64000-C,76761.38,BTC-25SEP26,call,64000.0,2026-09-25T08:00:00+00:00,0.0901660407022714,0.1695,0.176,0.17210282,0.17275,76761.38,BTC-25SEP26,0.46659999999999996,0.91476,35.97248,686.1,2.7,0.006499999999999978,BTC,76529.91,34905.83
2026-08-23T09:36:16.153934+00:00,BTC-28AUG26-40000-P,76556.12,BTC-28AUG26,put,40000.0,2026-08-28T08:00:00+00:00,0.013506218662572565,,0.0001,1.4e-07,,76556.12,BTC-28AUG26,1.2764,0.0,0.00176,728.3,0.0,,BTC,76529.91,0.0
2026-08-23T09:36:16.153934+00:00,BTC-24AUG26-77000-P,76495.97,BTC-24AUG26,put,77000.0,2026-08-24T08:00:00+00:00,0.0025548155140441603,0.011,0.0125,0.01187891,0.01175,76495.97,BTC-24AUG26,0.40340000000000004,-0.61227,14.81928,31.6,11.6,0.0015000000000000013,BTC,76529.91,9829.26
2026-08-23T09:36:16.153934+00:00,BTC-25JUN27-94000-C,79381.53,BTC-25JUN27,call,94000.0,2027-06-25T08:00:00+00:00,0.8375993055893352,0.088,0.0915,0.08979043,0.08975,79381.53,BTC-25JUN27,0.4194,0.40248,281.36224,0.2,0.0,0.003500000000000003,BTC,76529.91,0.0
2026-08-23T09:36:16.153934+00:00,BTC-4SEP26-53000-P,76594.06,BTC-4SEP26,put,53000.0,2026-09-04T08:00:00+00:00,0.03267117417249728,0.0001,0.0004,0.00020989,0.00025,76594.06,BTC-4SEP26,0.8005,-0.0044,1.78612,85.6,0.3,0.00030000000000000003,BTC,76529.54,4.58
2026-08-23T09:36:16.153934+00:00,BTC-25SEP26-220000-P,76761.68,BTC-25SEP26,put,220000.0,2026-09-25T08:00:00+00:00,0.0901660407022714,1.852,1.876,1.86611324,1.864,76761.68,BTC-25SEP26,1.0992,-0.99875,0.95575,1.8,0.0,0.0239999999999998,BTC,76529.54,0.0
2026-08-23T09:36:16.153934+00:00,BTC-26AUG26-74000-C,76540.85,BTC-26AUG26,call,74000.0,2026-08-26T08:00:00+00:00,0.008030517088308363,0.036,0.038,0.03712518,0.037,76540.85,BTC-26AUG26,0.42979999999999996,0.81798,18.13738,0.0,0.0,0.0020000000000000018,BTC,76529.54,0.0
2026-08-23T09:36:16.153934+00:00,BTC-25DEC26-50000-C,77696.38,BTC-25DEC26,call,50000.0,2026-12-25T08:00:00+00:00,0.33931046233129264,0.3615,0.369,0.3647013,0.36525,77696.38,BTC-25DEC26,0.5262,0.94435,50.85746,260.8,0.0,0.007500000000000007,BTC,76529.54,0.0
2026-08-23T09:36:16.153934+00:00,BTC-30OCT26-45000-P,77076.73,BTC-30OCT26,put,45000.0,2026-10-30T08:00:00+00:00,0.18599081825189495,0.002,0.0022,0.00211524,0.0021,77076.73,BTC-30OCT26,0.644,-0.01886,15.32264,93.0,0.0,0.0002000000000000001,BTC,76529.54,0.0
2026-08-23T09:36:16.153934+00:00,BTC-30OCT26-69000-C,77076.73,BTC-30OCT26,call,69000.0,2026-10-30T08:00:00+00:00,0.18599081825189495,0.132,0.134,0.13276838,0.133,77076.73,BTC-30OCT26,0.41729999999999995,0.76056,103.29682,126.1,0.1,0.0020000000000000018,BTC,76529.54,994.9
2026-08-23T09:36:16.153934+00:00,BTC-25AUG26-87000-P,76517.76,BTC-25AUG26,put,87000.0,2026-08-25T08:00:00+00:00,0.005292666301176262,0.1345,0.141,0.137265,0.13775,76517.76,BTC-25AUG26,0.7529,-0.98947,1.55309,0.0,0.0,0.006499999999999978,BTC,76529.54,0.0
2026-08-23T09:36:16.153934+00:00,BTC-26AUG26-83000-P,76542.45,BTC-26AUG26,put,83000.0,2026-08-26T08:00:00+00:00,0.008030517088308363,0.081,0.0885,0.08535867,0.08475,76542.45,BTC-26AUG26,0.5322,-0.9522,6.82885,0.0,0.0,0.007499999999999993,BTC,76529.54,0.0
2026-08-23T09:36:16.153934+00:00,BTC-24AUG26-73000-P,76495.97,BTC-24AUG26,put,73000.0,2026-08-24T08:00:00+00:00,0.0025548155140441603,0.0003,0.0004,0.00029476,0.00035,76495.97,BTC-24AUG26,0.4955,-0.02871,2.5384,111.8,38.7,0.00010000000000000005,BTC,76529.56,1041.2
2026-08-23T09:36:16.153934+00:00,BTC-25AUG26-88000-C,76517.76,BTC-25AUG26,call,88000.0,2026-08-25T08:00:00+00:00,0.005292666301176262,,0.0001,0.00013693,,76517.76,BTC-25AUG26,0.7805,0.00766,1.17595,8.3,3.1,,BTC,76529.56,48.09
2026-08-23T09:36:16.153934+00:00,BTC-25JUN27-84000-C,79381.53,BTC-25JUN27,call,84000.0,2027-06-25T08:00:00+00:00,0.8375993055893352,0.1275,0.1315,0.12957246,0.1295,79381.53,BTC-25JUN27,0.4203,0.51862,289.75504,12.5,0.0,0.0040000000000000036,BTC,76529.56,0.0
2026-08-23T09:36:16.153934+00:00,BTC-25SEP26-40000-P,76761.38,BTC-25SEP26,put,40000.0,2026-09-25T08:00:00+00:00,0.0901660407022714,0.0004,0.0005,0.00050403,0.00045,76761.38,BTC-25SEP26,0.8987999999999999,-0.00538,3.5591,2356.7,0.9,9.999999999999999e-05,BTC,76529.56,34.64
2026-08-23T09:36:16.153934+00:00,BTC-25SEP26-280000-P,76761.38,BTC-25SEP26,put,280000.0,2026-09-25T08:00:00+00:00,0.0901660407022714,2.629,2.6605,2.64775925,2.64475,76761.38,BTC-25SEP26,1.3252000000000002,-0.99886,0.87687,0.0,0.0,0.03149999999999986,BTC,76529.31,0.0
2026-08-23T09:36:16.153934+00:00,BTC-30OCT26-69000-P,77076.73,BTC-30OCT26,put,69000.0,2026-10-30T08:00:00+00:00,0.18599081825189495,0.0275,0.0285,0.02797881,0.028,77076.73,BTC-30OCT26,0.41729999999999995,-0.23944,103.29711,161.2,0.0,0.0010000000000000009,BTC,76529.56,0.0
2026-08-23T09:36:16.153934+00:00,BTC-25AUG26-69000-P,76515.82,BTC-25AUG26,put,69000.0,2026-08-25T08:00:00+00:00,0.005292666301176262,,0.0003,0.00015157,,76515.82,BTC-25AUG26,0.615,-0.00952,1.42239,61.0,1.1,,BTC,76529.31,16.25
2026-08-23T09:36:16.153934+00:00,BTC-30OCT26-62000-P,77076.73,BTC-30OCT26,put,62000.0,2026-10-30T08:00:00+00:00,0.18599081825189495,0.011,0.012,0.01153999,0.0115,77076.73,BTC-30OCT26,0.4515,-0.11166,63.23266,1099.2,10.1,0.0010000000000000009,BTC,76529.31,8309.05
2026-08-23T09:36:16.153934+00:00,BTC-25JUN27-88000-P,79379.78,BTC-25JUN27,put,88000.0,2027-06-25T08:00:00+00:00,0.8375993055893352,0.2185,0.224,0.22054958,0.22125,79379.78,BTC-25JUN27,0.41950000000000004,-0.52995,289.25305,0.2,0.0,0.005500000000000005,BTC,76529.31,0.0
2026-08-23T09:36:16.153934+00:00,BTC-30OCT26-40000-C,77076.73,BTC-30OCT26,call,40000.0,2026-10-30T08:00:00+00:00,0.18599081825189495,0.4805,0.485,0.48224498,0.48275,77076.73,BTC-30OCT26,0.7056999999999999,0.98954,9.22129,0.1,0.0,0.004500000000000004,BTC,76529.31,0.0
2026-08-23T09:36:16.153934+00:00,BTC-30OCT26-86000-P,77076.73,BTC-30OCT26,put,86000.0,2026-10-30T08:00:00+00:00,0.18599081825189495,0.139,0.151,0.14582173,0.145,77076.73,BTC-30OCT26,0.4072,-0.70294,115.16027,9.6,9.5,0.011999999999999983,BTC,76529.31,102395.01
2026-08-23T09:36:16.153934+00:00,BTC-27AUG26-72000-P,76547.465,SYN.BTC-27AUG26,put,72000.0,2026-08-27T08:00:00+00:00,0.010768367875440464,0.0017,0.002,0.00208602,0.00185,76547.465,SYN.BTC-27AUG26,0.4543,-0.09141,13.0587,0.0,0.0,0.00030000000000000014,BTC,76529.31,0.0
2026-08-23T09:36:16.153934+00:00,BTC-26MAR27-82000-P,78511.39,BTC-26MAR27,put,82000.0,2027-03-26T08:00:00+00:00,0.5884548839603139,0.152,0.1555,0.15329468,0.15375,78511.39,BTC-26MAR27,0.4168,-0.48976,240.40086,4.0,0.0,0.003500000000000003,BTC,76529.31,0.0
2026-08-23T09:36:16.153934+00:00,BTC-25DEC26-64000-C,77696.38,BTC-25DEC26,call,64000.0,2026-12-25T08:00:00+00:00,0.33931046233129264,0.202,0.212,0.2071204,0.207,77696.38,BTC-25DEC26,0.445,0.81037,122.76727,405.5,0.0,0.009999999999999981,BTC,76529.31,0.0
2026-08-23T09:36:16.153934+00:00,BTC-26MAR27-95000-P,78511.42,BTC-26MAR27,put,95000.0,2027-03-26T08:00:00+00:00,0.5884548839603139,0.262,0.28,0.26999968,0.271,78511.42,BTC-26MAR27,0.4191,-0.66653,219.2131,0.4,0.0,0.018000000000000016,BTC,76529.31,0.0
2026-08-23T09:36:16.153934+00:00,BTC-25DEC26-95000-C,77696.38,BTC-25DEC26,call,95000.0,2026-12-25T08:00:00+00:00,0.33931046233129264,0.0305,0.032,0.03139558,0.03125,77696.38,BTC-25DEC26,0.42119999999999996,0.24357,141.94553,1423.0,0.0,0.0015000000000000013,BTC,76529.31,0.0
2026-08-23T09:36:16.153934+00:00,BTC-11SEP26-82000-C,76639.94,BTC-11SEP26,call,82000.0,2026-09-11T08:00:00+00:00,0.05183612968242198,0.013,0.014,0.01343675,0.0135,76639.94,BTC-11SEP26,0.4127,0.2524,55.77615,262.4,0.0,0.0010000000000000009,BTC,76529.31,0.0
2026-08-23T09:36:16.153934+00:00,BTC-25SEP26-95000-C,76761.38,BTC-25SEP26,call,95000.0,2026-09-25T08:00:00+00:00,0.0901660407022714,0.004,0.0043,0.00418295,0.00415,76761.38,BTC-25SEP26,0.46259999999999996,0.0719,31.61847,1831.4,24.4,0.0002999999999999999,BTC,76529.31,9083.85
2026-08-23T09:36:16.153934+00:00,BTC-11SEP26-74000-P,76639.94,BTC-11SEP26,put,74000.0,2026-09-11T08:00:00+00:00,0.05183612968242198,0.02,0.021,0.0207792,0.0205,76639.94,BTC-11SEP26,0.3962,-0.33023,63.26117,90.8,0.1,0.0010000000000000009,BTC,76529.31,164.05
2026-08-23T09:36:16.153934+00:00,BTC-24AUG26-77500-C,76495.97,BTC-24AUG26,call,77500.0,2026-08-24T08:00:00+00:00,0.0025548155140441603,0.003,0.0036,0.00340055,0.0033,76495.97,BTC-24AUG26,0.41259999999999997,0.27729,12.96193,107.3,59.8,0.0005999999999999998,BTC,76529.31,27721.83
2026-08-23T09:36:16.153934+00:00,BTC-25SEP26-35000-C,76761.38,BTC-25SEP26,call,35000.0,2026-09-25T08:00:00+00:00,0.0901660407022714,0.5425,0.5465,0.54437559,0.5445,76761.38,BTC-25SEP26,1.0181,0.99676,2.26098,29.3,0.0,0.0040000000000000036,BTC,76529.31,0.0
2026-08-23T09:36:16.153934+00:00,BTC-25DEC26-240000-P,77696.38,BTC-25DEC26,put,240000.0,2026-12-25T08:00:00+00:00,0.33931046233129264,2.0635,2.1045,2.08943735,2.084,77696.38,BTC-25DEC26,0.6872,-0.99557,5.87561,0.0,0.0,0.040999999999999925,BTC,76529.31,0.0
2026-08-23T09:36:16.153934+00:00,BTC-28AUG26-86000-P,76556.12,BTC-28AUG26,put,86000.0,2026-08-28T08:00:00+00:00,0.013506218662572565,0.1195,0.1275,0.12417888,0.1235,76556.12,BTC-28AUG26,0.5355,-0.96661,6.61879,0.0,0.0,0.008000000000000007,BTC,76527.03,0.0
2026-08-23T09:36:16.153934+00:00,BTC-25JUN27-105000-C,79381.53,BTC-25JUN27,call,105000.0,2027-06-25T08:00:00+00:00,0.8375993055893352,0.059,0.0615,0.06061384,0.06025,79381.53,BTC-25JUN27,0.423,0.29891,252.39052,145.1,4.4,0.0025000000000000022,BTC,76529.31,21280.84
2026-08-23T09:36:16.153934+00:00,BTC-25DEC26-86000-P,77696.38,BTC-25DEC26,put,86000.0,2026-12-25T08:00:00+00:00,0.33931046233129264,0.162,0.165,0.16371558,0.1635,77696.38,BTC-25DEC26,0.4156,-0.61651,172.93514,25.4,2.0,0.0030000000000000027,BTC,76527.03,24516.85
2026-08-23T09:36:16.153934+00:00,BTC-28AUG26-79000-C,76556.12,BTC-28AUG26,call,79000.0,2026-08-28T08:00:00+00:00,0.013506218662572565,0.008,0.009,0.00853123,0.0085,76556.12,BTC-28AUG26,0.43939999999999996,0.28069,30.00833,1136.3,217.8,0.0009999999999999992,BTC,76527.03,195348.68
2026-08-23T09:36:16.153934+00:00,BTC-25SEP26-200000-C,76761.38,BTC-25SEP26,call,200000.0,2026-09-25T08:00:00+00:00,0.0901660407022714,,0.0002,0.00012055,,76761.38,BTC-25SEP26,1.0209000000000001,0.0015,1.12473,1027.4,0.0,,BTC,76527.03,0.0
2026-08-23T09:36:16.153934+00:00,BTC-28AUG26-78000-P,76556.12,BTC-28AUG26,put,78000.0,2026-08-28T08:00:00+00:00,0.013506218662572565,0.0305,0.0315,0.03101777,0.031,76556.12,BTC-28AUG26,0.43119999999999997,-0.6326,33.54084,291.3,26.2,0.0010000000000000009,BTC,76527.03,54062.92
2026-08-23T09:36:16.153934+00:00,BTC-4SEP26-53000-C,76593.89,BTC-4SEP26,call,53000.0,2026-09-04T08:00:00+00:00,0.03267117417249728,0.306,0.311,0.3082346,0.3085,76593.89,BTC-4SEP26,0.8005,0.9956,1.78772,0.0,0.0,0.0050000000000000044,BTC,76526.55,0.0
2026-08-23T09:36:16.153934+00:00,BTC-24AUG26-83000-P,76495.97,BTC-24AUG26,put,83000.0,2026-08-24T08:00:00+00:00,0.0025548155140441603,0.0815,0.0885,0.08519069,0.085,76495.97,BTC-24AUG26,0.7216,-0.98629,1.35569,0.0,0.0,0.006999999999999992,BTC,76527.03,0.0
2026-08-23T09:36:16.153934+00:00,BTC-26MAR27-150000-P,78511.42,BTC-26MAR27,put,150000.0,2027-03-26T08:00:00+00:00,0.5884548839603139,0.902,0.936,0.91852378,0.919,78511.42,BTC-26MAR27,0.47950000000000004,-0.94223,69.70442,0.6,0.0,0.03400000000000003,BTC,76527.03,0.0
2026-08-23T09:36:16.153934+00:00,BTC-27AUG26-85000-P,76547.465,SYN.BTC-27AUG26,put,85000.0,2026-08-27T08:00:00+00:00,0.010768367875440464,0.107,0.1145,0.11112957,0.11075,76547.465,SYN.BTC-27AUG26,0.5429999999999999,-0.96601,5.99692,0.0,0.0,0.007500000000000007,BTC,76526.55,0.0
2026-08-23T09:36:16.153934+00:00,BTC-24AUG26-87000-C,76495.97,BTC-24AUG26,call,87000.0,2026-08-24T08:00:00+00:00,0.0025548155140441603,,0.0001,1.767e-05,,76495.97,BTC-24AUG26,0.8490000000000001,0.00151,0.19014,36.9,0.1,,BTC,76527.03,1.54
2026-08-23T09:36:16.153934+00:00,BTC-25AUG26-70000-P,76515.82,BTC-25AUG26,put,70000.0,2026-08-25T08:00:00+00:00,0.005292666301176262,0.0001,0.0005,0.00022277,0.0003,76515.82,BTC-25AUG26,0.5685,-0.01455,2.05552,38.5,30.4,0.0004,BTC,76526.55,933.94
2026-08-23T09:36:16.153934+00:00,BTC-25SEP26-45000-P,76761.38,BTC-25SEP26,put,45000.0,2026-09-25T08:00:00+00:00,0.0901660407022714,0.0005,0.0008,0.00070844,0.00065,76761.38,BTC-25SEP26,0.7820999999999999,-0.00838,5.2667,2184.1,0.3,0.00030000000000000003,BTC,76525.73,13.67
2026-08-23T09:36:16.153934+00:00,BTC-25DEC26-20000-C,77696.38,BTC-25DEC26,call,20000.0,2026-12-25T08:00:00+00:00,0.33931046233129264,0.742,0.7445,0.74312411,0.74325,77696.38,BTC-25DEC26,0.9317,0.99721,3.87628,2.9,0.0,0.0025000000000000577,BTC,76525.73,0.0
2026-08-23T09:36:16.153934+00:00,BTC-26MAR27-110000-C,78511.39,BTC-26MAR27,call,110000.0,2027-03-26T08:00:00+00:00,0.5884548839603139,0.03,0.0315,0.03079154,0.03075,78511.39,BTC-26MAR27,0.4294,0.19561,166.5038,1119.6,0.0,0.0015000000000000013,BTC,76526.55,0.0
2026-08-23T09:36:16.153934+00:00,BTC-25SEP26-145000-C,76761.68,BTC-25SEP26,call,145000.0,2026-09-25T08:00:00+00:00,0.0901660407022714,0.0002,0.0003,0.00029277,0.00025,76761.68,BTC-25SEP26,0.7722,0.00433,2.93268,476.9,1.0,9.999999999999996e-05,BTC,76525.73,23.1
2026-08-23T09:36:16.153934+00:00,BTC-26MAR27-125000-C,78511.39,BTC-26MAR27,call,125000.0,2027-03-26T08:00:00+00:00,0.5884548839603139,0.016,0.018,0.01690272,0.017,78511.39,BTC-26MAR27,0.44439999999999996,0.11669,118.21886,293.2,0.0,0.0019999999999999983,BTC,76526.55,0.0
2026-08-23T09:36:16.153934+00:00,BTC-25DEC26-150000-P,77696.68,BTC-25DEC26,put,150000.0,2026-12-25T08:00:00+00:00,0.33931046233129264,0.9195,0.943,0.93327205,0.93125,77696.68,BTC-25DEC26,0.5346,-0.97473,26.71049,2.5,0.4,0.023499999999999965,BTC,76525.73,28466.66
2026-08-23T09:36:16.153934+00:00,BTC-25JUN27-120000-P,79379.78,BTC-25JUN27,put,120000.0,2027-06-25T08:00:00+00:00,0.8375993055893352,0.5355,0.562,0.54826749,0.54875,79379.78,BTC-25JUN27,0.4311,-0.80205,202.29114,0.1,0.0,0.02650000000000008,BTC,76525.73,0.0
2026-08-23T09:36:16.153934+00:00,BTC-30OCT26-87000-P,77077.03,BTC-30OCT26,put,87000.0,2026-10-30T08:00:00+00:00,0.18599081825189495,0.1495,0.1615,0.15602141,0.1555,77077.03,BTC-30OCT26,0.40850000000000003,-0.72453,111.10043,0.2,0.2,0.01200000000000001,BTC,76525.73,2277.41
2026-08-23T09:36:16.153934+00:00,BTC-30OCT26-63000-P,77076.73,BTC-30OCT26,put,63000.0,2026-10-30T08:00:00+00:00,0.18599081825189495,0.0125,0.0135,0.01308296,0.013,77076.73,BTC-30OCT26,0.445,-0.12525,68.57788,489.7,0.0,0.0009999999999999992,BTC,76525.73,0.0
2026-08-23T09:36:16.153934+00:00,BTC-11SEP26-60000-P,76640.0,BTC-11SEP26,put,60000.0,2026-09-11T08:00:00+00:00,0.05183612968242198,0.001,0.0014,0.00120207,0.0012,76640.0,BTC-11SEP26,0.5613,-0.02373,9.76858,57.4,1.1,0.00039999999999999996,BTC,76525.73,116.88
2026-08-23T09:36:16.153934+00:00,BTC-25SEP26-160000-C,76761.38,BTC-25SEP26,call,160000.0,2026-09-25T08:00:00+00:00,0.0901660407022714,0.0001,0.0003,0.00018396,0.0002,76761.38,BTC-25SEP26,0.838,0.00262,1.87042,1438.2,0.6,0.00019999999999999998,BTC,76524.54,9.24
2026-08-23T09:36:16.153934+00:00,BTC-25JUN27-64000-P,79381.53,BTC-25JUN27,put,64000.0,2027-06-25T08:00:00+00:00,0.8375993055893352,0.0665,0.0685,0.06728533,0.0675,79381.53,BTC-25JUN27,0.44079999999999997,-0.23074,221.16043,21.3,0.0,0.0020000000000000018,BTC,76524.54,0.0
2026-08-23T09:36:16.153934+00:00,BTC-25AUG26-78500-C,76517.76,BTC-25AUG26,call,78500.0,2026-08-25T08:00:00+00:00,0.005292666301176262,0.0038,0.0043,0.00413733,0.00405,76517.76,BTC-25AUG26,0.4514,0.2267,16.77442,95.3,13.8,0.0005,BTC,76524.54,5063.23
2026-08-23T09:36:16.153934+00:00,BTC-25JUN27-65000-C,79379.78,BTC-25JUN27,call,65000.0,2027-06-25T08:00:00+00:00,0.8375993055893352,0.251,0.2545,0.25261701,0.25275,79379.78,BTC-25JUN27,0.439,0.7578,227.14755,0.0,0.0,0.003500000000000003,BTC,76524.54,0.0
2026-08-23T09:36:16.153934+00:00,BTC-25JUN27-95000-C,79379.78,BTC-25JUN27,call,95000.0,2027-06-25T08:00:00+00:00,0.8375993055893352,0.085,0.088,0.08664571,0.0865,79379.78,BTC-25JUN27,0.41979999999999995,0.39197,279.34918,29.2,0.2,0.002999999999999989,BTC,76523.04,1413.22
2026-08-23T09:36:16.153934+00:00,BTC-25DEC26-98000-C,77696.68,BTC-25DEC26,call,98000.0,2026-12-25T08:00:00+00:00,0.33931046233129264,0.025,0.0265,0.02585896,0.02575,77696.68,BTC-25DEC26,0.42450000000000004,0.20793,129.77224,224.1,6.7,0.0014999999999999979,BTC,76523.04,14034.49
2026-08-23T09:36:16.153934+00:00,BTC-30OCT26-79000-P,77076.73,BTC-30OCT26,put,79000.0,2026-10-30T08:00:00+00:00,0.18599081825189495,0.082,0.084,0.08332872,0.083,77076.73,BTC-30OCT26,0.4031,-0.52084,132.53423,8.6,0.0,0.0020000000000000018,BTC,76523.04,0.0
2026-08-23T09:36:16.153934+00:00,BTC-4SEP26-65000-P,76593.89,BTC-4SEP26,put,65000.0,2026-09-04T08:00:00+00:00,0.03267117417249728,0.0012,0.0014,0.00138177,0.0013,76593.89,BTC-4SEP26,0.5176,-0.03556,10.84511,362.7,7.5,0.0002000000000000001,BTC,76523.04,842.4
2026-08-23T09:36:16.153934+00:00,BTC-30OCT26-98000-C,77076.73,BTC-30OCT26,call,98000.0,2026-10-30T08:00:00+00:00,0.18599081825189495,0.0095,0.0105,0.0099936,0.01,77076.73,BTC-30OCT26,0.4346,0.11802,65.77173,20.6,4.0,0.0010000000000000009,BTC,76523.04,3390.92
2026-08-23T09:36:16.153934+00:00,BTC-26AUG26-85000-P,76542.45,BTC-26AUG26,put,85000.0,2026-08-26T08:00:00+00:00,0.008030517088308363,0.1065,0.114,0.11104158,0.11025,76542.45,BTC-26AUG26,0.5835,-0.97568,3.91915,0.0,0.0,0.007500000000000007,BTC,76523.04,0.0
2026-08-23T09:36:16.153934+00:00,BTC-25DEC26-108000-P,77696.68,BTC-25DEC26,put,108000.0,2026-12-25T08:00:00+00:00,0.33931046233129264,0.3955,0.411,0.40405582,0.40325,77696.68,BTC-25DEC26,0.4391,-0.87658,92.40947,0.1,0.0,0.015499999999999958,BTC,76522.65,0.0
2026-08-23T09:36:16.153934+00:00,BTC-25JUN27-74000-P,79381.53,BTC-25JUN27,put,74000.0,2027-06-25T08:00:00+00:00,0.8375993055893352,0.117,0.12,0.11825391,0.1185,79381.53,BTC-25JUN27,0.42710000000000004,-0.35345,270.24551,9.1,2.0,0.002999999999999989,BTC,76522.65,17779.36
2026-08-23T09:36:16.153934+00:00,BTC-28AUG26-94000-P,76555.82,BTC-28AUG26,put,94000.0,2026-08-28T08:00:00+00:00,0.013506218662572565,0.223,0.231,0.22806833,0.227,76555.82,BTC-28AUG26,0.7045,-0.99307,1.72027,0.0,0.0,0.008000000000000007,BTC,76522.65,0.0
2026-08-23T09:36:16.153934+00:00,BTC-25SEP26-86000-C,76761.68,BTC-25SEP26,call,86000.0,2026-09-25T08:00:00+00:00,0.0901660407022714,0.0125,0.0135,0.01300733,0.013,76761.68,BTC-25SEP26,0.4156,0.19905,64.39249,1129.3,111.5,0.0009999999999999992,BTC,76522.65,108854.31
2026-08-23T09:36:16.153934+00:00,BTC-25DEC26-115000-C,77696.38,BTC-25DEC26,call,115000.0,2026-12-25T08:00:00+00:00,0.33931046233129264,0.009,0.01,0.00953656,0.0095,77696.38,BTC-25DEC26,0.45159999999999995,0.08731,71.90422,2248.6,0.0,0.0010000000000000009,BTC,76522.6,0.0
2026-08-23T09:36:16.153934+00:00,BTC-4SEP26-64000-P,76594.06,BTC-4SEP26,put,64000.0,2026-09-04T08:00:00+00:00,0.03267117417249728,0.001,0.0011,0.0010757,0.00105,76594.06,BTC-4SEP26,0.5336,-0.02781,8.85059,213.3,3.1,0.00010000000000000005,BTC,76522.6,292.71
2026-08-23T09:36:16.153934+00:00,BTC-25AUG26-80500-P,76517.76,BTC-25AUG26,put,80500.0,2026-08-25T08:00:00+00:00,0.005292666301176262,0.0495,0.057,0.05357522,0.05325,76517.76,BTC-25AUG26,0.5063,-0.91128,8.94817,0.0,0.0,0.0075,BTC,76522.6,0.0
2026-08-23T09:36:16.153934+00:00,BTC-26MAR27-140000-P,78511.39,BTC-26MAR27,put,140000.0,2027-03-26T08:00:00+00:00,0.5884548839603139,0.778,0.81,0.79357229,0.794,78511.39,BTC-26MAR27,0.4645,-0.92547,84.91316,0.1,0.0,0.03200000000000003,BTC,76522.65,0.0
2026-08-23T09:36:16.153934+00:00,BTC-26AUG26-76500-C,76542.45,BTC-26AUG26,call,76500.0,2026-08-26T08:00:00+00:00,0.008030517088308363,0.0145,0.016,0.01542812,0.01525,76542.45,BTC-26AUG26,0.42479999999999996,0.51666,27.35268,3.7,3.7,0.0014999999999999996,BTC,76522.6,5259.84
2026-08-23T09:36:16.153934+00:00,BTC-25DEC26-80000-P,77696.38,BTC-25DEC26,put,80000.0,2026-12-25T08:00:00+00:00,0.33931046233129264,0.1125,0.1145,0.11360651,0.1135,77696.38,BTC-25DEC26,0.4168,-0.49894,180.68306,991.5,0.0,0.0020000000000000018,BTC,76522.6,0.0
2026-08-23T09:36:16.153934+00:00,BTC-25SEP26-56000-P,76761.38,BTC-25SEP26,put,56000.0,2026-09-25T08:00:00+00:00,0.0901660407022714,0.0019,0.0022,0.00203835,0.00205,76761.38,BTC-25SEP26,0.5787,-0.02845,15.01702,1483.0,0.7,0.00030000000000000014,BTC,76523.09,109.46
2026-08-23T09:36:16.153934+00:00,BTC-28AUG26-50000-P,76556.12,BTC-28AUG26,put,50000.0,2026-08-28T08:00:00+00:00,0.013506218662572565,,0.0001,3.993e-05,,76556.12,BTC-28AUG26,1.2118,-0.00098,0.29321,2232.2,0.1,,BTC,76523.09,0.76
2026-08-23T09:36:16.153934+00:00,BTC-11SEP26-69000-P,76639.94,BTC-11SEP26,put,69000.0,2026-09-11T08:00:00+00:00,0.05183612968242198,0.006,0.0065,0.00643522,0.00625,76639.94,BTC-11SEP26,0.4239,-0.12708,36.36167,58.9,0.1,0.0004999999999999996,BTC,76522.6,49.77
2026-08-23T09:36:16.153934+00:00,BTC-26MAR27-70000-P,78511.42,BTC-26MAR27,put,70000.0,2027-03-26T08:00:00+00:00,0.5884548839603139,0.076,0.0785,0.07700985,0.07725,78511.42,BTC-26MAR27,0.42969999999999997,-0.30357,210.68489,202.4,1.0,0.0025000000000000022,BTC,76522.6,5820.08
2026-08-23T09:36:16.153934+00:00,BTC-25JUN27-86000-C,79379.78,BTC-25JUN27,call,86000.0,2027-06-25T08:00:00+00:00,0.8375993055893352,0.1185,0.122,0.1204153,0.12025,79379.78,BTC-25JUN27,0.41979999999999995,0.49392,290.00681,8.1,0.1,0.003500000000000003,BTC,76523.09,947.01
2026-08-23T09:36:16.153934+00:00,BTC-27AUG26-82000-P,76547.465,SYN.BTC-27AUG26,put,82000.0,2026-08-27T08:00:00+00:00,0.010768367875440464,0.0705,0.077,0.07339386,0.07375,76547.465,SYN.BTC-27AUG26,0.4926,-0.90571,13.35952,0.0,0.0,0.006500000000000006,BTC,76523.09,0.0
2026-08-23T09:36:16.153934+00:00,BTC-26MAR27-64000-C,78511.39,BTC-26MAR27,call,64000.0,2027-03-26T08:00:00+00:00,0.5884548839603139,0.235,0.2375,0.23565708,0.23625,78511.39,BTC-26MAR27,0.4411,0.78059,178.19455,143.9,0.0,0.0025000000000000022,BTC,76523.09,0.0
2026-08-23T09:36:16.153934+00:00,BTC-25DEC26-82000-P,77696.68,BTC-25DEC26,put,82000.0,2026-12-25T08:00:00+00:00,0.33931046233129264,0.1275,0.1305,0.12924745,0.129,77696.68,BTC-25DEC26,0.41590000000000005,-0.53972,179.78751,158.8,0.0,0.0030000000000000027,BTC,76522.56,0.0
2026-08-23T09:36:16.153934+00:00,BTC-4SEP26-60000-P,76594.06,BTC-4SEP26,put,60000.0,2026-09-04T08:00:00+00:00,0.03267117417249728,0.0004,0.0008,0.00057942,0.0006,76594.06,BTC-4SEP26,0.6303,-0.0138,4.8821,1043.7,0.2,0.0004,BTC,76522.56,12.32
2026-08-23T09:36:16.153934+00:00,BTC-28AUG26-78000-C,76556.12,BTC-28AUG26,call,78000.0,2026-08-28T08:00:00+00:00,0.013506218662572565,0.0115,0.0125,0.01213021,0.012,76556.12,BTC-28AUG26,0.43119999999999997,0.36664,33.5123,1821.7,31.9,0.0010000000000000009,BTC,76522.56,38797.56
2026-08-23T09:36:16.153934+00:00,BTC-4SEP26-61000-C,76593.89,BTC-4SEP26,call,61000.0,2026-09-04T08:00:00+00:00,0.03267117417249728,0.2015,0.2065,0.20428449,0.204,76593.89,BTC-4SEP26,0.6108,0.983,5.83974,5.5,0.0,0.004999999999999977,BTC,76522.56,0.0
2026-08-23T09:36:16.153934+00:00,BTC-25DEC26-90000-P,77696.68,BTC-25DEC26,put,90000.0,2026-12-25T08:00:00+00:00,0.33931046233129264,0.196,0.2105,0.20199084,0.20325,77696.68,BTC-25DEC26,0.41729999999999995,-0.6849,160.91154,615.3,0.5,0.014499999999999985,BTC,76522.56,7496.26
2026-08-23T09:36:16.153934+00:00,BTC-28AUG26-92000-C,76556.12,BTC-28AUG26,call,92000.0,2026-08-28T08:00:00+00:00,0.013506218662572565,0.0002,0.0003,0.00018194,0.00025,76556.12,BTC-28AUG26,0.6412,0.00769,1.88511,468.5,32.3,9.999999999999996e-05,BTC,76524.09,534.31
2026-08-23T09:36:16.153934+00:00,BTC-26MAR27-50000-C,78511.39,BTC-26MAR27,call,50000.0,2027-03-26T08:00:00+00:00,0.5884548839603139,0.3755,0.384,0.37988107,0.37975,78511.39,BTC-26MAR27,0.49090000000000006,0.91731,91.86838,20.6,0.0,0.008500000000000008,BTC,76522.56,0.0
2026-08-23T09:36:16.153934+00:00,BTC-28AUG26-79000-P,76556.12,BTC-28AUG26,put,79000.0,2026-08-28T08:00:00+00:00,0.013506218662572565,0.039,0.0415,0.04048145,0.04025,76556.12,BTC-28AUG26,0.43939999999999996,-0.72003,29.9663,41.7,0.0,0.0025000000000000022,BTC,76524.09,0.0
2026-08-23T09:36:16.153934+00:00,BTC-30OCT26-74000-P,77076.73,BTC-30OCT26,put,74000.0,2026-10-30T08:00:00+00:00,0.18599081825189495,0.0495,0.0505,0.0501872,0.05,77076.73,BTC-30OCT26,0.40549999999999997,-0.37332,125.96865,160.0,0.1,0.0010000000000000009,BTC,76524.09,366.19
2026-08-23T09:36:16.153934+00:00,BTC-25JUN27-140000-P,79381.53,BTC-25JUN27,put,140000.0,2027-06-25T08:00:00+00:00,0.8375993055893352,0.768,0.8005,0.78383918,0.78425,79381.53,BTC-25JUN27,0.4461,-0.88172,143.96134,0.5,0.0,0.03249999999999997,BTC,76524.09,0.0
2026-08-23T09:36:16.153934+00:00,BTC-25DEC26-180000-P,77696.68,BTC-25DEC26,put,180000.0,2026-12-25T08:00:00+00:00,0.33931046233129264,1.301,1.3295,1.31794198,1.31525,77696.68,BTC-25DEC26,0.5903,-0.98834,13.80244,0.1,0.0,0.02849999999999997,BTC,76524.09,0.0
2026-08-23T09:36:16.153934+00:00,BTC-25SEP26-83000-C,76761.38,BTC-25SEP26,call,83000.0,2026-09-25T08:00:00+00:00,0.0901660407022714,0.0195,0.0205,0.02003679,0.02,76761.38,BTC-25SEP26,0.4065,0.2824,77.9699,69.1,8.0,0.0010000000000000009,BTC,76525.5,13193.47
2026-08-23T09:36:16.153934+00:00,BTC-28AUG26-88000-P,76556.12,BTC-28AUG26,put,88000.0,2026-08-28T08:00:00+00:00,0.013506218662572565,0.1455,0.1535,0.14994114,0.1495,76556.12,BTC-28AUG26,0.5646,-0.98141,4.05019,0.0,0.0,0.008000000000000007,BTC,76525.5,0.0
2026-08-23T09:36:16.153934+00:00,BTC-24AUG26-69000-C,76495.97,BTC-24AUG26,call,69000.0,2026-08-24T08:00:00+00:00,0.0025548155140441603,0.0955,0.101,0.0980164,0.09825,76495.97,BTC-24AUG26,0.7204999999999999,0.9979,0.25618,0.0,0.0,0.005500000000000005,BTC,76524.09,0.0
2026-08-23T09:36:16.153934+00:00,BTC-28AUG26-96000-P,76556.12,BTC-28AUG26,put,96000.0,2026-08-28T08:00:00+00:00,0.013506218662572565,0.249,0.257,0.25415746,0.253,76556.12,BTC-28AUG26,0.7484999999999999,-0.99466,1.36444,0.1,0.0,0.008000000000000007,BTC,76525.5,0.0
2026-08-23T09:36:16.153934+00:00,BTC-28AUG26-86000-C,76556.12,BTC-28AUG26,call,86000.0,2026-08-28T08:00:00+00:00,0.013506218662572565,0.0006,0.0009,0.00079003,0.00075,76556.12,BTC-28AUG26,0.5355,0.03325,6.59497,392.3,71.1,0.00030000000000000003,BTC,76525.5,8889.38
2026-08-23T09:36:16.153934+00:00,BTC-25JUN27-76000-C,79379.78,BTC-25JUN27,call,76000.0,2027-06-25T08:00:00+00:00,0.8375993055893352,0.1715,0.175,0.17322406,0.17325,79379.78,BTC-25JUN27,0.4252,0.62076,276.6527,22.3,0.2,0.0034999999999999754,BTC,76525.5,2614.78
2026-08-23T09:36:16.153934+00:00,BTC-25DEC26-35000-P,77696.38,BTC-25DEC26,put,35000.0,2026-12-25T08:00:00+00:00,0.33931046233129264,0.002,0.0025,0.00218532,0.00225,77696.38,BTC-25DEC26,0.6818000000000001,-0.01367,15.83488,2390.0,0.2,0.0005,BTC,76529.01,43.26
2026-08-23T09:36:16.153934+00:00,BTC-25SEP26-150000-P,76761.38,BTC-25SEP26,put,150000.0,2026-09-25T08:00:00+00:00,0.0901660407022714,0.9445,0.961,0.95431251,0.95275,76761.38,BTC-25SEP26,0.785,-0.99679,2.2437,4.5,0.0,0.01649999999999996,BTC,76529.01,0.0
2026-08-23T09:36:16.153934+00:00,BTC-28AUG26-57000-C,76556.12,BTC-28AUG26,call,57000.0,2026-08-28T08:00:00+00:00,0.013506218662572565,0.253,0.258,0.25557232,0.2555,76556.12,BTC-28AUG26,0.9764,0.99608,1.03563,28.5,0.0,0.0050000000000000044,BTC,76529.01,0.0
2026-08-23T09:36:16.153934+00:00,BTC-30OCT26-61000-C,77076.73,BTC-30OCT26,call,61000.0,2026-10-30T08:00:00+00:00,0.18599081825189495,0.216,0.224,0.21880934,0.22,77076.73,BTC-30OCT26,0.45890000000000003,0.90036,58.23408,7.7,0.0,0.008000000000000007,BTC,76529.01,0.0
2026-08-23T09:36:16.153934+00:00,BTC-26AUG26-68000-C,76540.85,BTC-26AUG26,call,68000.0,2026-08-26T08:00:00+00:00,0.008030517088308363,0.1085,0.1155,0.11183042,0.112,76540.85,BTC-26AUG26,0.6144,0.98549,2.52633,0.0,0.0,0.007000000000000006,BTC,76529.01,0.0
2026-08-23T09:36:16.153934+00:00,BTC-26MAR27-50000-P,78511.39,BTC-26MAR27,put,50000.0,2027-03-26T08:00:00+00:00,0.5884548839603139,0.016,0.0175,0.01674367,0.01675,78511.39,BTC-26MAR27,0.49090000000000006,-0.08265,91.84702,2161.0,1.2,0.0015000000000000013,BTC,76529.01,1595.05
2026-08-23T09:36:16.153934+00:00,BTC-30OCT26-92000-P,77076.73,BTC-30OCT26,put,92000.0,2026-10-30T08:00:00+00:00,0.18599081825189495,0.2035,0.2165,0.21061777,0.21,77076.73,BTC-30OCT26,0.41840000000000005,-0.81262,89.513,0.0,0.0,0.013000000000000012,BTC,76529.01,0.0
2026-08-23T09:36:16.153934+00:00,BTC-24AUG26-86000-C,76495.97,BTC-24AUG26,call,86000.0,2026-08-24T08:00:00+00:00,0.0025548155140441603,,0.0001,4.385e-05,,76495.97,BTC-24AUG26,0.8486,0.00349,0.40548,18.3,5.6,,BTC,76529.01,52.04
2026-08-23T09:36:16.153934+00:00,BTC-26MAR27-190000-C,78511.39,BTC-26MAR27,call,190000.0,2027-03-26T08:00:00+00:00,0.5884548839603139,0.0035,0.0043,0.00388476,0.0039,78511.39,BTC-26MAR27,0.5428999999999999,0.02796,38.67879,593.1,3.4,0.0007999999999999999,BTC,76529.01,1020.84
2026-08-23T09:36:16.153934+00:00,BTC-4SEP26-70000-C,76593.89,BTC-4SEP26,call,70000.0,2026-09-04T08:00:00+00:00,0.03267117417249728,0.088,0.0945,0.09083876,0.09125,76593.89,BTC-4SEP26,0.4363,0.88242,27.32042,765.5,0.0,0.006500000000000006,BTC,76529.16,0.0
2026-08-23T09:36:16.153934+00:00,BTC-25DEC26-110000-C,77696.38,BTC-25DEC26,call,110000.0,2026-12-25T08:00:00+00:00,0.33931046233129264,0.012,0.013,0.01253249,0.0125,77696.38,BTC-25DEC26,0.4426,0.11169,86.10808,2642.6,14.3,0.0009999999999999992,BTC,76529.16,16013.12
2026-08-23T09:36:16.153934+00:00,BTC-28AUG26-48000-P,76556.12,BTC-28AUG26,put,48000.0,2026-08-28T08:00:00+00:00,0.013506218662572565,,0.0001,2.623e-05,,76556.12,BTC-28AUG26,1.2752,-0.00063,0.19497,1239.9,0.0,,BTC,76529.16,0.0
2026-08-23T09:36:16.153934+00:00,BTC-24AUG26-72500-P,76495.97,BTC-24AUG26,put,72500.0,2026-08-24T08:00:00+00:00,0.0025548155140441603,0.0002,0.0003,0.00019112,0.00025,76495.97,BTC-24AUG26,0.5184000000000001,-0.01882,1.77795,34.0,37.7,9.999999999999996e-05,BTC,76529.16,725.49
2026-08-23T09:36:16.153934+00:00,BTC-25JUN27-190000-P,79381.53,BTC-25JUN27,put,190000.0,2027-06-25T08:00:00+00:00,0.8375993055893352,1.3775,1.424,1.40068286,1.40075,79381.53,BTC-25JUN27,0.49369999999999997,-0.95583,67.88986,0.0,0.0,0.046499999999999986,BTC,76529.16,0.0
2026-08-23T09:36:16.153934+00:00,BTC-25SEP26-88000-P,76761.68,BTC-25SEP26,put,88000.0,2026-09-25T08:00:00+00:00,0.0901660407022714,0.151,0.16,0.15636884,0.1555,76761.68,BTC-25SEP26,0.4255,-0.84171,55.73339,5.7,0.0,0.009000000000000008,BTC,76530.36,0.0
2026-08-23T09:36:16.153934+00:00,BTC-24AUG26-70000-C,76495.97,BTC-24AUG26,call,70000.0,2026-08-24T08:00:00+00:00,0.0025548155140441603,0.082,0.088,0.08494905,0.085,76495.97,BTC-24AUG26,0.6409,0.99722,0.33072,0.0,0.0,0.0059999999999999915,BTC,76529.16,0.0
2026-08-23T09:36:16.153934+00:00,BTC-25JUN27-102000-P,79379.78,BTC-25JUN27,put,102000.0,2027-06-25T08:00:00+00:00,0.8375993055893352,0.3415,0.3635,0.35235038,0.3525,79379.78,BTC-25JUN27,0.4216,-0.67571,261.45452,0.0,0.0,0.021999999999999964,BTC,76530.36,0.0
2026-08-23T09:36:16.153934+00:00,BTC-27AUG26-80000-C,76547.465,SYN.BTC-27AUG26,call,80000.0,2026-08-27T08:00:00+00:00,0.010768367875440464,0.0042,0.0055,0.00484814,0.00485,76547.465,SYN.BTC-27AUG26,0.46549999999999997,0.18949,21.53362,0.0,0.0,0.0013,BTC,76530.36,0.0
2026-08-23T09:36:16.153934+00:00,BTC-4SEP26-62000-C,76593.89,BTC-4SEP26,call,62000.0,2026-09-04T08:00:00+00:00,0.03267117417249728,0.1885,0.195,0.19137034,0.19175,76593.89,BTC-4SEP26,0.5895,0.97939,6.88044,2.4,0.0,0.006500000000000006,BTC,76530.42,0.0
2026-08-23T09:36:16.153934+00:00,BTC-27AUG26-79000-P,76547.465,SYN.BTC-27AUG26,put,79000.0,2026-08-27T08:00:00+00:00,0.010768367875440464,0.035,0.042,0.03895449,0.0385,76547.465,SYN.BTC-27AUG26,0.4459,-0.74181,25.68931,0.0,0.0,0.006999999999999999,BTC,76530.42,0.0
2026-08-23T09:36:16.153934+00:00,BTC-30OCT26-98000-P,77076.73,BTC-30OCT26,put,98000.0,2026-10-30T08:00:00+00:00,0.18599081825189495,0.2745,0.2865,0.28145189,0.2805,77076.73,BTC-30OCT26,0.4346,-0.88187,65.8182,0.0,0.0,0.011999999999999955,BTC,76530.36,0.0
2026-08-23T09:36:16.153934+00:00,BTC-26MAR27-76000-P,78511.39,BTC-26MAR27,put,76000.0,2027-03-26T08:00:00+00:00,0.5884548839603139,0.11,0.1115,0.11063875,0.11075,78511.39,BTC-26MAR27,0.42,-0.39599,232.2639,31.2,4.0,0.0015000000000000013,BTC,76530.36,33343.44
2026-08-23T09:36:16.153934+00:00,BTC-30OCT26-64000-C,77077.03,BTC-30OCT26,call,64000.0,2026-10-30T08:00:00+00:00,0.18599081825189495,0.182,0.19,0.18465106,0.186,77077.03,BTC-30OCT26,0.44049999999999995,0.85909,74.37728,422.7,6.0,0.008000000000000007,BTC,76530.42,88884.61
2026-08-23T09:36:16.153934+00:00,BTC-25SEP26-76000-C,76761.68,BTC-25SEP26,call,76000.0,2026-09-25T08:00:00+00:00,0.0901660407022714,0.0515,0.053,0.05240075,0.05225,76761.68,BTC-25SEP26,0.3967,0.5586,91.03582,3278.8,45.1,0.0015000000000000013,BTC,76530.42,183122.19
2026-08-23T09:36:16.153934+00:00,BTC-25AUG26-82000-P,76517.76,BTC-25AUG26,put,82000.0,2026-08-25T08:00:00+00:00,0.005292666301176262,0.068,0.0755,0.07246842,0.07175,76517.76,BTC-25AUG26,0.5555,-0.9535,5.42006,0.8,0.0,0.007499999999999993,BTC,76530.42,0.0
2026-08-23T09:36:16.153934+00:00,BTC-25SEP26-110000-C,76761.38,BTC-25SEP26,call,110000.0,2026-09-25T08:00:00+00:00,0.0901660407022714,0.0009,0.0013,0.00114932,0.0011,76761.38,BTC-25SEP26,0.5588000000000001,0.01983,11.08726,1372.7,0.2,0.00039999999999999996,BTC,76530.5,20.09
2026-08-23T09:36:16.153934+00:00,BTC-25DEC26-82000-C,77696.68,BTC-25DEC26,call,82000.0,2026-12-25T08:00:00+00:00,0.33931046233129264,0.073,0.0745,0.07385981,0.07375,77696.68,BTC-25DEC26,0.41590000000000005,0.46046,179.81554,1165.6,1.1,0.0015000000000000013,BTC,76530.5,6355.11
2026-08-23T09:36:16.153934+00:00,BTC-4SEP26-77000-C,76593.89,BTC-4SEP26,call,77000.0,2026-09-04T08:00:00+00:00,0.03267117417249728,0.0265,0.0275,0.02680505,0.027,76593.89,BTC-4SEP26,0.4064,0.48862,55.25219,80.6,1.2,0.0010000000000000009,BTC,76530.5,2925.93
2026-08-23T09:36:16.153934+00:00,BTC-25SEP26-55000-P,76761.38,BTC-25SEP26,put,55000.0,2026-09-25T08:00:00+00:00,0.0901660407022714,0.0016,0.002,0.00181253,0.0018,76761.38,BTC-25SEP26,0.5943999999999999,-0.02503,13.49508,2984.1,0.4,0.00039999999999999996,BTC,76530.5,47.47
2026-08-23T09:36:16.153934+00:00,BTC-25DEC26-130000-P,77696.38,BTC-25DEC26,put,130000.0,2026-12-25T08:00:00+00:00,0.33931046233129264,0.6675,0.6865,0.67828195,0.677,77696.38,BTC-25DEC26,0.4885,-0.95201,45.20707,54.0,0.0,0.019000000000000017,BTC,76530.5,0.0
2026-08-23T09:36:16.153934+00:00,BTC-25DEC26-106000-C,77696.68,BTC-25DEC26,call,106000.0,2026-12-25T08:00:00+00:00,0.33931046233129264,0.015,0.0165,0.01573494,0.01575,77696.68,BTC-25DEC26,0.4355,0.13665,99.16818,741.4,0.1,0.0015000000000000013,BTC,76528.31,131.12
2026-08-23T09:36:16.153934+00:00,BTC-25DEC26-30000-C,77696.38,BTC-25DEC26,call,30000.0,2026-12-25T08:00:00+00:00,0.33931046233129264,0.6135,0.6175,0.6152964,0.6155,77696.38,BTC-25DEC26,0.752,0.99162,10.33692,300.6,0.0,0.0040000000000000036,BTC,76528.31,0.0
2026-08-23T09:36:16.153934+00:00,BTC-25DEC26-180000-C,77696.38,BTC-25DEC26,call,180000.0,2026-12-25T08:00:00+00:00,0.33931046233129264,0.001,0.0016,0.00123739,0.0013,77696.38,BTC-25DEC26,0.5903,0.01168,13.81469,935.4,0.0,0.0006000000000000001,BTC,76528.31,0.0
2026-08-23T09:36:16.153934+00:00,BTC-25SEP26-74000-P,76761.68,BTC-25SEP26,put,74000.0,2026-09-25T08:00:00+00:00,0.0901660407022714,0.031,0.0315,0.03126951,0.03125,76761.68,BTC-25SEP26,0.4004,-0.35606,85.97348,259.8,2.6,0.0005000000000000004,BTC,76528.31,5769.01
2026-08-23T09:36:16.153934+00:00,BTC-25DEC26-106000-P,77696.68,BTC-25DEC26,put,106000.0,2026-12-25T08:00:00+00:00,0.33931046233129264,0.371,0.387,0.38001653,0.379,77696.68,BTC-25DEC26,0.4355,-0.86335,99.16818,0.2,0.0,0.016000000000000014,BTC,76528.31,0.0
2026-08-23T09:36:16.153934+00:00,BTC-30OCT26-94000-C,77076.73,BTC-30OCT26,call,94000.0,2026-10-30T08:00:00+00:00,0.18599081825189495,0.0135,0.0145,0.01417838,0.014,77076.73,BTC-30OCT26,0.4235,0.16044,81.09544,132.2,0.2,0.0010000000000000009,BTC,76528.31,247.14
2026-08-23T09:36:16.153934+00:00,BTC-28AUG26-84000-P,76556.12,BTC-28AUG26,put,84000.0,2026-08-28T08:00:00+00:00,0.013506218662572565,0.0945,0.1025,0.09871314,0.0985,76556.12,BTC-28AUG26,0.5018,-0.94008,10.59557,8.5,0.0,0.007999999999999993,BTC,76528.31,0.0
2026-08-23T09:36:16.153934+00:00,BTC-26MAR27-88000-P,78511.42,BTC-26MAR27,put,88000.0,2027-03-26T08:00:00+00:00,0.5884548839603139,0.202,0.2055,0.20397819,0.20375,78511.42,BTC-26MAR27,0.4181,-0.57677,236.01761,4.5,0.0,0.0034999999999999754,BTC,76528.31,0.0
2026-08-23T09:36:16.153934+00:00,BTC-30OCT26-57000-P,77076.73,BTC-30OCT26,put,57000.0,2026-10-30T08:00:00+00:00,0.18599081825189495,0.006,0.007,0.00649278,0.0065,77076.73,BTC-30OCT26,0.4946,-0.06381,41.58283,206.1,0.0,0.001,BTC,76528.31,0.0
2026-08-23T09:36:16.153934+00:00,BTC-4SEP26-73000-P,76593.89,BTC-4SEP26,put,73000.0,2026-09-04T08:00:00+00:00,0.03267117417249728,0.0105,0.0115,0.01125914,0.011,76593.89,BTC-4SEP26,0.4097,-0.24422,43.48054,31.3,0.6,0.0009999999999999992,BTC,76528.47,493.26
2026-08-23T09:36:16.153934+00:00,BTC-25DEC26-62000-P,77696.38,BTC-25DEC26,put,62000.0,2026-12-25T08:00:00+00:00,0.33931046233129264,0.025,0.0255,0.02539807,0.02525,77696.38,BTC-25DEC26,0.4518,-0.16096,110.64042,978.3,13.7,0.000499999999999997,BTC,76528.31,26131.09
2026-08-23T09:36:16.153934+00:00,BTC-25JUN27-96000-C,79381.53,BTC-25JUN27,call,96000.0,2027-06-25T08:00:00+00:00,0.8375993055893352,0.0815,0.085,0.08362146,0.08325,79381.53,BTC-25JUN27,0.4202,0.38178,277.23393,8.0,8.0,0.003500000000000003,BTC,76528.47,51195.51
2026-08-23T09:36:16.153934+00:00,BTC-25SEP26-45000-C,76761.38,BTC-25SEP26,call,45000.0,2026-09-25T08:00:00+00:00,0.0901660407022714,0.4125,0.417,0.41447981,0.41475,76761.38,BTC-25SEP26,0.7820999999999999,0.99162,5.26599,224.9,0.0,0.004500000000000004,BTC,76528.47,0.0
2026-08-23T09:36:16.153934+00:00,BTC-26MAR27-200000-C,78511.39,BTC-26MAR27,call,200000.0,2027-03-26T08:00:00+00:00,0.5884548839603139,0.0027,0.0038,0.00305784,0.00325,78511.39,BTC-26MAR27,0.5490999999999999,0.02247,32.20499,485.2,0.0,0.0010999999999999998,BTC,76528.47,0.0
2026-08-23T09:36:16.153934+00:00,BTC-30OCT26-60000-P,77076.73,BTC-30OCT26,put,60000.0,2026-10-30T08:00:00+00:00,0.18599081825189495,0.0085,0.0095,0.00902731,0.009,77076.73,BTC-30OCT26,0.4661,-0.08871,53.45019,1190.5,52.9,0.0009999999999999992,BTC,76528.47,37484.63
2026-08-23T09:36:16.153934+00:00,BTC-30OCT26-52000-P,77076.73,BTC-30OCT26,put,52000.0,2026-10-30T08:00:00+00:00,0.18599081825189495,0.0035,0.004,0.00376171,0.00375,77076.73,BTC-30OCT26,0.5455,-0.03652,26.61785,101.7,0.0,0.0005,BTC,76527.79,0.0
2026-08-23T09:36:16.153934+00:00,BTC-25DEC26-140000-P,77696.38,BTC-25DEC26,put,140000.0,2026-12-25T08:00:00+00:00,0.33931046233129264,0.792,0.8145,0.80544951,0.80325,77696.38,BTC-25DEC26,0.5109,-0.96617,34.03114,0.3,0.0,0.022499999999999964,BTC,76527.79,0.0
2026-08-23T09:36:16.153934+00:00,BTC-28AUG26-92000-P,76556.12,BTC-28AUG26,put,92000.0,2026-08-28T08:00:00+00:00,0.013506218662572565,0.1975,0.205,0.20194675,0.20125,76556.12,BTC-28AUG26,0.6412,-0.99229,1.88997,0.5,0.0,0.007499999999999979,BTC,76527.79,0.0
2026-08-23T09:36:16.153934+00:00,BTC-26MAR27-102000-P,78511.39,BTC-26MAR27,put,102000.0,2027-03-26T08:00:00+00:00,0.5884548839603139,0.3325,0.354,0.34274215,0.34325,78511.39,BTC-26MAR27,0.4226,-0.74004,195.50449,0.1,0.0,0.021499999999999964,BTC,76527.79,0.0
2026-08-23T09:36:16.153934+00:00,BTC-25JUN27-104000-P,79381.53,BTC-25JUN27,put,104000.0,2027-06-25T08:00:00+00:00,0.8375993055893352,0.3615,0.384,0.37295163,0.37275,79381.53,BTC-25JUN27,0.4224,-0.69297,255.42811,0.0,0.0,0.02250000000000002,BTC,76527.79,0.0
2026-08-23T09:36:16.153934+00:00,BTC-25SEP26-98000-P,76761.38,BTC-25SEP26,put,98000.0,2026-09-25T08:00:00+00:00,0.0901660407022714,0.274,0.284,0.27970765,0.279,76761.38,BTC-25SEP26,0.4805,-0.94708,24.89005,0.1,0.0,0.009999999999999953,BTC,76528.41,0.0
2026-08-23T09:36:16.153934+00:00,BTC-25JUN27-98000-P,79381.53,BTC-25JUN27,put,98000.0,2027-06-25T08:00:00+00:00,0.8375993055893352,0.3015,0.3225,0.31224565,0.312,79381.53,BTC-25JUN27,0.4201,-0.63849,272.40594,0.0,0.0,0.02100000000000002,BTC,76528.41,0.0
2026-08-23T09:36:16.153934+00:00,BTC-24AUG26-77000-C,76495.97,BTC-24AUG26,call,77000.0,2026-08-24T08:00:00+00:00,0.0025548155140441603,0.005,0.0055,0.00529099,0.00525,76495.97,BTC-24AUG26,0.40340000000000004,0.38678,14.80253,124.7,60.9,0.0004999999999999996,BTC,76527.79,33966.01
2026-08-23T09:36:16.153934+00:00,BTC-25SEP26-40000-C,76761.38,BTC-25SEP26,call,40000.0,2026-09-25T08:00:00+00:00,0.0901660407022714,0.4775,0.4815,0.47941191,0.4795,76761.38,BTC-25SEP26,0.8987999999999999,0.99462,3.56103,34.4,0.0,0.0040000000000000036,BTC,76528.41,0.0
2026-08-23T09:36:16.153934+00:00,BTC-25SEP26-155000-C,76761.68,BTC-25SEP26,call,155000.0,2026-09-25T08:00:00+00:00,0.0901660407022714,0.0001,0.0004,0.00019362,0.00025,76761.68,BTC-25SEP26,0.8099,0.00281,1.99213,351.8,1.1,0.00030000000000000003,BTC,76528.41,17.57
2026-08-23T09:36:16.153934+00:00,BTC-25JUN27-100000-P,79379.78,BTC-25JUN27,put,100000.0,2027-06-25T08:00:00+00:00,0.8375993055893352,0.3215,0.343,0.33200713,0.33225,79379.78,BTC-25JUN27,0.4205,-0.65771,267.09184,0.8,0.0,0.02150000000000002,BTC,76528.41,0.0
2026-08-23T09:36:16.153934+00:00,BTC-25SEP26-68000-P,76761.38,BTC-25SEP26,put,68000.0,2026-09-25T08:00:00+00:00,0.0901660407022714,0.0105,0.0115,0.01118895,0.011,76761.38,BTC-25SEP26,0.4276,-0.15581,55.15762,2063.2,8.4,0.0009999999999999992,BTC,76527.75,6441.48
2026-08-23T09:36:16.153934+00:00,BTC-26MAR27-95000-C,78511.42,BTC-26MAR27,call,95000.0,2027-03-26T08:00:00+00:00,0.5884548839603139,0.0585,0.061,0.05996074,0.05975,78511.42,BTC-26MAR27,0.4191,0.33344,219.20066,498.1,0.4,0.0024999999999999953,BTC,76528.41,1977.88
2026-08-23T09:36:16.153934+00:00,BTC-30OCT26-56000-C,77076.73,BTC-30OCT26,call,56000.0,2026-10-30T08:00:00+00:00,0.18599081825189495,0.276,0.2835,0.27922294,0.27975,77076.73,BTC-30OCT26,0.5034000000000001,0.94317,37.97961,0.0,0.0,0.007499999999999951,BTC,76527.75,0.0
2026-08-23T09:36:16.153934+00:00,BTC-25DEC26-70000-C,77696.38,BTC-25DEC26,call,70000.0,2026-12-25T08:00:00+00:00,0.33931046233129264,0.1515,0.1535,0.15187492,0.1525,77696.38,BTC-25DEC26,0.4277,0.7071,155.76399,1948.1,24.0,0.0020000000000000018,BTC,76527.75,279949.63
2026-08-23T09:36:16.153934+00:00,BTC-25DEC26-30000-P,77696.68,BTC-25DEC26,put,30000.0,2026-12-25T08:00:00+00:00,0.33931046233129264,0.0015,0.0017,0.00141383,0.0016,77696.68,BTC-25DEC26,0.752,-0.00838,10.33688,2135.9,1.6,0.00019999999999999987,BTC,76527.75,219.92
2026-08-23T09:36:16.153934+00:00,BTC-24AUG26-74500-C,76495.97,BTC-24AUG26,call,74500.0,2026-08-24T08:00:00+00:00,0.0025548155140441603,0.025,0.0285,0.02697323,0.02675,76495.97,BTC-24AUG26,0.3982,0.91139,6.20787,22.1,0.1,0.0034999999999999996,BTC,76527.75,285.53
2026-08-23T09:36:16.153934+00:00,BTC-25JUN27-95000-P,79379.78,BTC-25JUN27,put,95000.0,2027-06-25T08:00:00+00:00,0.8375993055893352,0.2815,0.287,0.28349414,0.28425,79379.78,BTC-25JUN27,0.41979999999999995,-0.60798,279.37431,20.2,0.0,0.005500000000000005,BTC,76527.75,0.0
2026-08-23T09:36:16.153934+00:00,BTC-30OCT26-70000-P,77077.03,BTC-30OCT26,put,70000.0,2026-10-30T08:00:00+00:00,0.18599081825189495,0.031,0.0315,0.03151757,0.03125,77077.03,BTC-30OCT26,0.41350000000000003,-0.26366,108.69011,251.9,0.0,0.0005000000000000004,BTC,76527.75,0.0
2026-08-23T09:36:16.153934+00:00,BTC-25JUN27-82000-P,79379.78,BTC-25JUN27,put,82000.0,2027-06-25T08:00:00+00:00,0.8375993055893352,0.171,0.1745,0.17249233,0.17275,79379.78,BTC-25JUN27,0.42119999999999996,-0.45628,288.3215,2.3,0.0,0.0034999999999999754,BTC,76527.75,0.0
2026-08-23T09:36:16.153934+00:00,BTC-25SEP26-180000-P,76761.38,BTC-25SEP26,put,180000.0,2026-09-25T08:00:00+00:00,0.0901660407022714,1.3335,1.353,1.34503211,1.34325,76761.38,BTC-25SEP26,0.9192,-0.9984,1.19674,10.5,0.0,0.019500000000000073,BTC,76527.75,0.0
2026-08-23T09:36:16.153934+00:00,BTC-24AUG26-65000-P,76495.97,BTC-24AUG26,put,65000.0,2026-08-24T08:00:00+00:00,0.0025548155140441603,,0.0001,1.4e-07,,76495.97,BTC-24AUG26,0.7775,-1e-05,0.00251,11.1,0.0,,BTC,76527.75,0.0
2026-08-23T09:36:16.153934+00:00,BTC-30OCT26-68000-C,77076.73,BTC-30OCT26,call,68000.0,2026-10-30T08:00:00+00:00,0.18599081825189495,0.1415,0.1435,0.14246812,0.1425,77076.73,BTC-30OCT26,0.4207,0.7835,97.60109,51.1,1.1,0.0020000000000000018,BTC,76527.75,12490.32
2026-08-23T09:36:16.153934+00:00,BTC-4SEP26-70000-P,76593.89,BTC-4SEP26,put,70000.0,2026-09-04T08:00:00+00:00,0.03267117417249728,0.0044,0.005,0.00476839,0.0047,76593.89,BTC-4SEP26,0.4363,-0.11762,27.32606,100.0,0.6,0.0005999999999999998,BTC,76527.73,209.22
2026-08-23T09:36:16.153934+00:00,BTC-4SEP26-75000-C,76594.06,BTC-4SEP26,call,75000.0,2026-09-04T08:00:00+00:00,0.03267117417249728,0.0395,0.0415,0.04037738,0.0405,76594.06,BTC-4SEP26,0.4035,0.62967,52.32662,556.2,0.6,0.0020000000000000018,BTC,76527.73,2126.87
2026-08-23T09:36:16.153934+00:00,BTC-24AUG26-74000-P,76495.97,BTC-24AUG26,put,74000.0,2026-08-24T08:00:00+00:00,0.0025548155140441603,0.0004,0.0006,0.00054215,0.0005,76495.97,BTC-24AUG26,0.4219,-0.05584,4.35388,111.2,37.3,0.00019999999999999993,BTC,76527.75,2858.29
2026-08-23T09:36:16.153934+00:00,BTC-30OCT26-100000-C,77076.73,BTC-30OCT26,call,100000.0,2026-10-30T08:00:00+00:00,0.18599081825189495,0.008,0.009,0.00858711,0.0085,77076.73,BTC-30OCT26,0.44229999999999997,0.10278,59.56494,621.6,12.3,0.0009999999999999992,BTC,76527.73,9371.58
2026-08-23T09:36:16.153934+00:00,BTC-25DEC26-105000-C,77696.38,BTC-25DEC26,call,105000.0,2026-12-25T08:00:00+00:00,0.33931046233129264,0.016,0.0175,0.01668344,0.01675,77696.38,BTC-25DEC26,0.4337,0.14382,102.66906,885.3,0.1,0.0015000000000000013,BTC,76527.71,142.62
2026-08-23T09:36:16.153934+00:00,BTC-24AUG26-73500-P,76495.97,BTC-24AUG26,put,73500.0,2026-08-24T08:00:00+00:00,0.0025548155140441603,0.0003,0.0005,0.00039644,0.0004,76495.97,BTC-24AUG26,0.4593,-0.03989,3.3251,23.4,6.3,0.00020000000000000004,BTC,76527.73,439.8
2026-08-23T09:36:16.153934+00:00,BTC-25DEC26-52000-C,77696.38,BTC-25DEC26,call,52000.0,2026-12-25T08:00:00+00:00,0.33931046233129264,0.337,0.345,0.34067102,0.341,77696.38,BTC-25DEC26,0.5113,0.93291,58.8547,0.1,0.0,0.007999999999999952,BTC,76527.71,0.0
2026-08-23T09:36:16.153934+00:00,BTC-25SEP26-145000-P,76761.68,BTC-25SEP26,put,145000.0,2026-09-25T08:00:00+00:00,0.0901660407022714,0.88,0.8955,0.88925169,0.88775,76761.68,BTC-25SEP26,0.7722,-0.99567,2.93091,0.2,0.0,0.015499999999999958,BTC,76527.71,0.0
2026-08-23T09:36:16.153934+00:00,BTC-30OCT26-81000-C,77076.73,BTC-30OCT26,call,81000.0,2026-10-30T08:00:00+00:00,0.18599081825189495,0.048,0.049,0.04849293,0.0485,77076.73,BTC-30OCT26,0.4032,0.42247,130.20948,48.2,0.5,0.0010000000000000009,BTC,76527.71,1942.99
2026-08-23T09:36:16.153934+00:00,BTC-30OCT26-55000-C,77076.73,BTC-30OCT26,call,55000.0,2026-10-30T08:00:00+00:00,0.18599081825189495,0.2885,0.296,0.29164713,0.29225,77076.73,BTC-30OCT26,0.5145000000000001,0.94885,34.94076,0.1,0.0,0.007500000000000007,BTC,76527.71,0.0
2026-08-23T09:36:16.153934+00:00,BTC-25DEC26-94000-P,77696.38,BTC-25DEC26,put,94000.0,2026-12-25T08:00:00+00:00,0.33931046233129264,0.237,0.2495,0.24340242,0.24325,77696.38,BTC-25DEC26,0.4205,-0.74321,145.9746,5.3,0.0,0.012500000000000011,BTC,76527.72,0.0
2026-08-23T09:36:16.153934+00:00,BTC-4SEP26-68000-P,76594.06,BTC-4SEP26,put,68000.0,2026-09-04T08:00:00+00:00,0.03267117417249728,0.0025,0.0028,0.00273546,0.00265,76594.06,BTC-4SEP26,0.4621,-0.07059,18.7228,216.5,5.0,0.0002999999999999999,BTC,76527.71,1078.12
2026-08-23T09:36:16.153934+00:00,BTC-25JUN27-66000-C,79381.53,BTC-25JUN27,call,66000.0,2027-06-25T08:00:00+00:00,0.8375993055893352,0.243,0.2465,0.2445177,0.24475,79381.53,BTC-25JUN27,0.4375,0.74607,232.95725,33.6,0.0,0.003500000000000003,BTC,76527.72,0.0
2026-08-23T09:36:16.153934+00:00,BTC-4SEP26-90000-P,76593.89,BTC-4SEP26,put,90000.0,2026-09-04T08:00:00+00:00,0.03267117417249728,0.1715,0.1805,0.1766745,0.176,76593.89,BTC-4SEP26,0.5102,-0.95538,13.04219,7.3,0.0,0.00899999999999998,BTC,76527.71,0.0
2026-08-23T09:36:16.153934+00:00,BTC-26AUG26-77500-C,76542.45,BTC-26AUG26,call,77500.0,2026-08-26T08:00:00+00:00,0.008030517088308363,0.0095,0.0105,0.010102,0.01,76542.45,BTC-26AUG26,0.43329999999999996,0.38535,26.23971,0.1,0.1,0.0010000000000000009,BTC,76527.72,76.4
2026-08-23T09:36:16.153934+00:00,BTC-28AUG26-75000-C,76556.12,BTC-28AUG26,call,75000.0,2026-08-28T08:00:00+00:00,0.013506218662572565,0.0305,0.032,0.03116386,0.03125,76556.12,BTC-28AUG26,0.4214,0.67492,32.04648,3239.6,30.2,0.0015000000000000013,BTC,76527.72,69844.18
2026-08-23T09:36:16.153934+00:00,BTC-25JUN27-66000-P,79381.53,BTC-25JUN27,put,66000.0,2027-06-25T08:00:00+00:00,0.8375993055893352,0.075,0.0775,0.0760124,0.07625,79381.53,BTC-25JUN27,0.4375,-0.25393,232.95725,38.1,0.0,0.0025000000000000022,BTC,76527.72,0.0
2026-08-23T09:36:16.153934+00:00,BTC-24AUG26-76000-P,76495.97,BTC-24AUG26,put,76000.0,2026-08-24T08:00:00+00:00,0.0025548155140441603,0.0045,0.0055,0.00499699,0.005,76495.97,BTC-24AUG26,0.3887,-0.35674,14.42226,135.0,64.0,0.001,BTC,76527.72,29020.28
2026-08-23T09:36:16.153934+00:00,BTC-25DEC26-94000-C,77696.38,BTC-25DEC26,call,94000.0,2026-12-25T08:00:00+00:00,0.33931046233129264,0.033,0.034,0.0335678,0.0335,77696.38,BTC-25DEC26,0.4205,0.2568,145.97898,147.1,4.6,0.0010000000000000009,BTC,76528.42,12967.89
2026-08-23T09:36:16.153934+00:00,BTC-28AUG26-72000-C,76556.12,BTC-28AUG26,call,72000.0,2026-08-28T08:00:00+00:00,0.013506218662572565,0.06,0.0655,0.0624453,0.06275,76556.12,BTC-28AUG26,0.4476,0.88759,17.00255,2995.0,0.1,0.005500000000000005,BTC,76528.42,448.74
2026-08-23T09:36:16.153934+00:00,BTC-25SEP26-56000-C,76761.38,BTC-25SEP26,call,56000.0,2026-09-25T08:00:00+00:00,0.0901660407022714,0.27,0.2755,0.27250939,0.27275,76761.38,BTC-25SEP26,0.5787,0.97159,15.00317,13.4,0.0,0.005500000000000005,BTC,76528.42,0.0
2026-08-23T09:36:16.153934+00:00,BTC-25SEP26-62000-C,76761.68,BTC-25SEP26,call,62000.0,2026-09-25T08:00:00+00:00,0.0901660407022714,0.194,0.2,0.19661903,0.197,76761.68,BTC-25SEP26,0.48969999999999997,0.93688,28.589,597.4,0.0,0.006000000000000005,BTC,76528.42,0.0
2026-08-23T09:36:16.153934+00:00,BTC-30OCT26-105000-C,77076.73,BTC-30OCT26,call,105000.0,2026-10-30T08:00:00+00:00,0.18599081825189495,0.0055,0.0065,0.00596775,0.006,77076.73,BTC-30OCT26,0.4608,0.07309,46.1733,108.9,2.3,0.001,BTC,76528.42,1154.09
2026-08-23T09:36:16.153934+00:00,BTC-30OCT26-55000-P,77076.73,BTC-30OCT26,put,55000.0,2026-10-30T08:00:00+00:00,0.18599081825189495,0.005,0.0055,0.00522066,0.00525,77076.73,BTC-30OCT26,0.5145000000000001,-0.05115,34.93884,309.0,2.0,0.0004999999999999996,BTC,76528.42,848.51
2026-08-23T09:36:16.153934+00:00,BTC-27AUG26-83000-C,76547.465,SYN.BTC-27AUG26,call,83000.0,2026-08-27T08:00:00+00:00,0.010768367875440464,0.0012,0.0018,0.0015234,0.0015,76547.465,SYN.BTC-27AUG26,0.5107,0.0675,10.37697,0.0,0.0,0.0006000000000000001,BTC,76529.02,0.0
2026-08-23T09:36:16.153934+00:00,BTC-4SEP26-74000-P,76593.89,BTC-4SEP26,put,74000.0,2026-09-04T08:00:00+00:00,0.03267117417249728,0.0145,0.0155,0.01501651,0.015,76593.89,BTC-4SEP26,0.4067,-0.30435,48.4849,86.8,0.4,0.0009999999999999992,BTC,76528.42,456.14
2026-08-23T09:36:16.153934+00:00,BTC-25JUN27-160000-P,79381.53,BTC-25JUN27,put,160000.0,2027-06-25T08:00:00+00:00,0.8375993055893352,1.0095,1.0475,1.02820323,1.0285,79381.53,BTC-25JUN27,0.4657,-0.92359,104.39565,0.1,0.0,0.038000000000000034,BTC,76529.02,0.0
2026-08-23T09:36:16.153934+00:00,BTC-25SEP26-70000-C,76761.38,BTC-25SEP26,call,70000.0,2026-09-25T08:00:00+00:00,0.0901660407022714,0.103,0.105,0.10406837,0.104,76761.38,BTC-25SEP26,0.41619999999999996,0.78937,66.60016,11308.2,3.8,0.0020000000000000018,BTC,76529.02,30678.24
2026-08-23T09:36:16.153934+00:00,BTC-25SEP26-260000-P,76761.38,BTC-25SEP26,put,260000.0,2026-09-25T08:00:00+00:00,0.0901660407022714,2.3695,2.3985,2.38722322,2.384,76761.38,BTC-25SEP26,1.2665,-0.99872,0.97595,0.0,0.0,0.028999999999999915,BTC,76528.81,0.0
2026-08-23T09:36:16.153934+00:00,BTC-4SEP26-74000-C,76594.06,BTC-4SEP26,call,74000.0,2026-09-04T08:00:00+00:00,0.03267117417249728,0.048,0.05,0.04886233,0.049,76594.06,BTC-4SEP26,0.4067,0.69565,48.48451,810.2,0.2,0.0020000000000000018,BTC,76529.02,757.68
2026-08-23T09:36:16.153934+00:00,BTC-28AUG26-77000-P,76556.12,BTC-28AUG26,put,77000.0,2026-08-28T08:00:00+00:00,0.013506218662572565,0.022,0.0235,0.02282073,0.02275,76556.12,BTC-28AUG26,0.4251,-0.53314,35.39567,68.2,12.2,0.0015000000000000013,BTC,76528.81,19914.56
2026-08-23T09:36:16.153934+00:00,BTC-26MAR27-85000-C,78511.39,BTC-26MAR27,call,85000.0,2027-03-26T08:00:00+00:00,0.5884548839603139,0.094,0.0965,0.09516382,0.09525,78511.39,BTC-26MAR27,0.41729999999999995,0.46568,239.58805,125.7,0.6,0.0025000000000000022,BTC,76529.02,4567.89
2026-08-23T09:36:16.153934+00:00,BTC-27AUG26-70000-P,76547.465,SYN.BTC-27AUG26,put,70000.0,2026-08-27T08:00:00+00:00,0.010768367875440464,0.0006,0.0009,0.00081953,0.00075,76547.465,SYN.BTC-27AUG26,0.49570000000000003,-0.03808,6.5801,0.0,0.0,0.00030000000000000003,BTC,76528.81,0.0
2026-08-23T09:36:16.153934+00:00,BTC-25JUN27-102000-C,79379.78,BTC-25JUN27,call,102000.0,2027-06-25T08:00:00+00:00,0.8375993055893352,0.0655,0.0685,0.06731311,0.067,79379.78,BTC-25JUN27,0.4216,0.32429,261.45808,8.0,8.0,0.0030000000000000027,BTC,76528.81,43823.67
2026-08-23T09:36:16.153934+00:00,BTC-25DEC26-110000-P,77696.68,BTC-25DEC26,put,110000.0,2026-12-25T08:00:00+00:00,0.33931046233129264,0.42,0.436,0.4282964,0.428,77696.68,BTC-25DEC26,0.4426,-0.88832,86.1016,54.2,0.0,0.016000000000000014,BTC,76528.11,0.0
2026-08-23T09:36:16.153934+00:00,BTC-28AUG26-67000-P,76556.12,BTC-28AUG26,put,67000.0,2026-08-28T08:00:00+00:00,0.013506218662572565,0.0003,0.0005,0.00042982,0.0004,76556.12,BTC-28AUG26,0.5553,-0.01746,3.8395,705.7,3.4,0.00020000000000000004,BTC,76528.11,162.13
2026-08-23T09:36:16.153934+00:00,BTC-26MAR27-52000-P,78511.39,BTC-26MAR27,put,52000.0,2027-03-26T08:00:00+00:00,0.5884548839603139,0.019,0.0205,0.01975042,0.01975,78511.39,BTC-26MAR27,0.48109999999999997,-0.09647,103.03869,126.3,0.1,0.0015000000000000013,BTC,76528.81,150.62
2026-08-23T09:36:16.153934+00:00,BTC-25AUG26-70000-C,76517.76,BTC-25AUG26,call,70000.0,2026-08-25T08:00:00+00:00,0.005292666301176262,0.083,0.0885,0.08533289,0.08575,76517.76,BTC-25AUG26,0.5685,0.98547,2.05165,0.0,0.0,0.005499999999999991,BTC,76528.11,0.0
2026-08-23T09:36:16.153934+00:00,BTC-25AUG26-83000-C,76517.76,BTC-25AUG26,call,83000.0,2026-08-25T08:00:00+00:00,0.005292666301176262,0.0004,0.0007,0.00053748,0.00055,76517.76,BTC-25AUG26,0.5972999999999999,0.03289,4.08921,25.1,1.1,0.0003,BTC,76528.11,67.34
2026-08-23T09:36:16.153934+00:00,BTC-26AUG26-78500-P,76542.45,BTC-26AUG26,put,78500.0,2026-08-26T08:00:00+00:00,0.008030517088308363,0.0305,0.033,0.03210649,0.03175,76542.45,BTC-26AUG26,0.4456,-0.72686,22.82225,0.0,0.0,0.0025000000000000022,BTC,76528.11,0.0
2026-08-23T09:36:16.153934+00:00,BTC-24AUG26-80500-P,76495.97,BTC-24AUG26,put,80500.0,2026-08-24T08:00:00+00:00,0.0025548155140441603,0.0485,0.0555,0.05275779,0.052,76495.97,BTC-24AUG26,0.5607,-0.96213,3.18736,0.0,0.0,0.006999999999999999,BTC,76528.11,0.0
2026-08-23T09:36:16.153934+00:00,BTC-30OCT26-89000-C,77076.73,BTC-30OCT26,call,89000.0,2026-10-30T08:00:00+00:00,0.18599081825189495,0.022,0.023,0.02253646,0.0225,77076.73,BTC-30OCT26,0.41200000000000003,0.23645,102.58338,9.5,5.0,0.0010000000000000009,BTC,76528.11,9244.18
2026-08-23T09:36:16.153934+00:00,BTC-30OCT26-61000-P,77076.73,BTC-30OCT26,put,61000.0,2026-10-30T08:00:00+00:00,0.18599081825189495,0.0095,0.0105,0.01022725,0.01,77076.73,BTC-30OCT26,0.45890000000000003,-0.09964,58.2337,301.2,98.3,0.0010000000000000009,BTC,76528.25,75799.03
2026-08-23T09:36:16.153934+00:00,BTC-4SEP26-79000-C,76593.89,BTC-4SEP26,call,79000.0,2026-09-04T08:00:00+00:00,0.03267117417249728,0.0165,0.0175,0.01706362,0.017,76593.89,BTC-4SEP26,0.4125,0.35501,51.58122,65.4,1.0,0.0010000000000000009,BTC,76528.11,1255.73
2026-08-23T09:36:16.153934+00:00,BTC-25AUG26-84000-P,76517.76,BTC-25AUG26,put,84000.0,2026-08-25T08:00:00+00:00,0.005292666301176262,0.0945,0.101,0.09822405,0.09775,76517.76,BTC-25AUG26,0.6264,-0.97823,2.89707,0.0,0.0,0.006500000000000006,BTC,76528.25,0.0
2026-08-23T09:36:16.153934+00:00,BTC-25JUN27-60000-P,79381.53,BTC-25JUN27,put,60000.0,2027-06-25T08:00:00+00:00,0.8375993055893352,0.0515,0.0535,0.05218099,0.0525,79381.53,BTC-25JUN27,0.44920000000000004,-0.18744,195.66219,156.4,1.0,0.0020000000000000018,BTC,76528.25,3937.89
2026-08-23T09:36:16.153934+00:00,BTC-25DEC26-125000-P,77696.38,BTC-25DEC26,put,125000.0,2026-12-25T08:00:00+00:00,0.33931046233129264,0.6045,0.623,0.61485021,0.61375,77696.38,BTC-25DEC26,0.4739,-0.94327,51.63107,9.1,0.0,0.01849999999999996,BTC,76528.27,0.0
2026-08-23T09:36:16.153934+00:00,BTC-11SEP26-71000-C,76639.94,BTC-11SEP26,call,71000.0,2026-09-11T08:00:00+00:00,0.05183612968242198,0.081,0.085,0.0839475,0.083,76639.94,BTC-11SEP26,0.40850000000000003,0.80881,47.56908,2.1,0.2,0.0040000000000000036,BTC,76528.25,1368.11
2026-08-23T09:36:16.153934+00:00,BTC-11SEP26-80000-C,76640.0,BTC-11SEP26,call,80000.0,2026-09-11T08:00:00+00:00,0.05183612968242198,0.019,0.0195,0.01955825,0.01925,76640.0,BTC-11SEP26,0.40369999999999995,0.33872,63.89232,685.3,2.3,0.0005000000000000004,BTC,76528.25,4019.61
2026-08-23T09:36:16.153934+00:00,BTC-26MAR27-110000-P,78511.39,BTC-26MAR27,put,110000.0,2027-03-26T08:00:00+00:00,0.5884548839603139,0.42,0.4445,0.43188926,0.43225,78511.39,BTC-26MAR27,0.4294,-0.80439,166.50743,4.5,0.0,0.024500000000000022,BTC,76528.25,0.0
2026-08-23T09:36:16.153934+00:00,BTC-25AUG26-75000-P,76517.76,BTC-25AUG26,put,75000.0,2026-08-25T08:00:00+00:00,0.005292666301176262,0.0044,0.0048,0.00473066,0.0046,76517.76,BTC-25AUG26,0.42219999999999996,-0.24693,17.58249,33.7,19.2,0.0003999999999999993,BTC,76528.27,9532.56
2026-08-23T09:36:16.153934+00:00,BTC-26MAR27-52000-C,78511.39,BTC-26MAR27,call,52000.0,2027-03-26T08:00:00+00:00,0.5884548839603139,0.353,0.3615,0.35741332,0.35725,78511.39,BTC-26MAR27,0.48109999999999997,0.90353,103.04074,5.3,0.0,0.008500000000000008,BTC,76528.27,0.0
2026-08-23T09:36:16.153934+00:00,BTC-25SEP26-90000-P,76761.38,BTC-25SEP26,put,90000.0,2026-09-25T08:00:00+00:00,0.0901660407022714,0.1745,0.1835,0.18004572,0.179,76761.38,BTC-25SEP26,0.4341,-0.87548,47.35829,588.2,0.0,0.009000000000000008,BTC,76528.27,0.0
2026-08-23T09:36:16.153934+00:00,BTC-25JUN27-50000-P,79379.78,BTC-25JUN27,put,50000.0,2027-06-25T08:00:00+00:00,0.8375993055893352,0.025,0.0265,0.02573836,0.02575,79379.78,BTC-25JUN27,0.479,-0.10128,128.79194,325.2,0.0,0.0014999999999999979,BTC,76528.27,0.0
2026-08-23T09:36:16.153934+00:00,BTC-25SEP26-320000-P,76761.38,BTC-25SEP26,put,320000.0,2026-09-25T08:00:00+00:00,0.0901660407022714,3.1465,3.1865,3.16881251,3.1665,76761.38,BTC-25SEP26,1.4015,-0.99926,0.5868,25.1,0.0,0.040000000000000036,BTC,76528.21,0.0
2026-08-23T09:36:16.153934+00:00,BTC-30OCT26-105000-P,77076.73,BTC-30OCT26,put,105000.0,2026-10-30T08:00:00+00:00,0.18599081825189495,0.3615,0.374,0.36824449,0.36775,77076.73,BTC-30OCT26,0.4608,-0.92692,46.17164,0.0,0.0,0.012500000000000011,BTC,76528.21,0.0
2026-08-23T09:36:16.153934+00:00,BTC-25AUG26-73000-C,76515.82,BTC-25AUG26,call,73000.0,2026-08-25T08:00:00+00:00,0.005292666301176262,0.0445,0.05,0.04708615,0.04725,76515.82,BTC-25AUG26,0.4596,0.92518,7.86992,0.0,0.0,0.005500000000000005,BTC,76528.21,0.0
2026-08-23T09:36:16.153934+00:00,BTC-27AUG26-68000-P,76547.465,SYN.BTC-27AUG26,put,68000.0,2026-08-27T08:00:00+00:00,0.010768367875440464,0.0002,0.0007,0.00043299,0.00045,76547.465,SYN.BTC-27AUG26,0.5625,-0.0193,3.73447,0.1,0.1,0.0005,BTC,76528.27,3.06
2026-08-23T09:36:16.153934+00:00,BTC-26MAR27-68000-C,78511.39,BTC-26MAR27,call,68000.0,2027-03-26T08:00:00+00:00,0.5884548839603139,0.2,0.203,0.20126283,0.2015,78511.39,BTC-26MAR27,0.433,0.72581,200.84054,96.7,0.0,0.0030000000000000027,BTC,76528.21,0.0
2026-08-23T09:36:16.153934+00:00,BTC-25DEC26-52000-P,77696.38,BTC-25DEC26,put,52000.0,2026-12-25T08:00:00+00:00,0.33931046233129264,0.0095,0.01,0.00994124,0.00975,77696.38,BTC-25DEC26,0.5113,-0.06711,58.86676,530.3,1.0,0.0005000000000000004,BTC,76524.57,761.9
2026-08-23T09:36:16.153934+00:00,BTC-25SEP26-94000-C,76761.38,BTC-25SEP26,call,94000.0,2026-09-25T08:00:00+00:00,0.0901660407022714,0.0044,0.0048,0.00467267,0.0046,76761.38,BTC-25SEP26,0.45649999999999996,0.07965,34.18019,216.4,49.7,0.0003999999999999993,BTC,76524.57,18305.02
2026-08-23T09:36:16.153934+00:00,BTC-30OCT26-83000-P,77076.73,BTC-30OCT26,put,83000.0,2026-10-30T08:00:00+00:00,0.18599081825189495,0.115,0.118,0.11692555,0.1165,77076.73,BTC-30OCT26,0.40399999999999997,-0.63119,125.47641,0.0,0.0,0.002999999999999989,BTC,76524.57,0.0
2026-08-23T09:36:16.153934+00:00,BTC-24AUG26-80000-C,76495.97,BTC-24AUG26,call,80000.0,2026-08-24T08:00:00+00:00,0.0025548155140441603,0.0003,0.0006,0.00050205,0.00045,76495.97,BTC-24AUG26,0.5229,0.04738,3.82043,381.8,140.1,0.0003,BTC,76528.21,12050.63
2026-08-23T09:36:16.153934+00:00,BTC-26AUG26-84000-C,76540.85,BTC-26AUG26,call,84000.0,2026-08-26T08:00:00+00:00,0.008030517088308363,0.0004,0.0009,0.00064154,0.00065,76540.85,BTC-26AUG26,0.5579,0.03362,5.13087,0.1,0.1,0.0005,BTC,76524.57,13.92
2026-08-23T09:36:16.153934+00:00,BTC-25DEC26-96000-C,77696.38,BTC-25DEC26,call,96000.0,2026-12-25T08:00:00+00:00,0.33931046233129264,0.0285,0.03,0.0293899,0.02925,77696.38,BTC-25DEC26,0.42210000000000003,0.23078,137.78135,1351.2,2.7,0.0014999999999999979,BTC,76519.74,6474.12
2026-08-23T09:36:16.153934+00:00,BTC-11SEP26-70000-C,76640.0,BTC-11SEP26,call,70000.0,2026-09-11T08:00:00+00:00,0.05183612968242198,0.0925,0.0985,0.09467728,0.0955,76640.0,BTC-11SEP26,0.4133,0.84485,41.63839,286.2,0.1,0.006000000000000005,BTC,76524.57,790.77
2026-08-23T09:36:16.153934+00:00,BTC-25JUN27-170000-C,79381.53,BTC-25JUN27,call,170000.0,2027-06-25T08:00:00+00:00,0.8375993055893352,0.009,0.011,0.01001687,0.01,79381.53,BTC-25JUN27,0.47450000000000003,0.06234,89.22842,56.1,1.0,0.002,BTC,76519.74,805.98
2026-08-23T09:36:16.153934+00:00,BTC-28AUG26-83000-C,76556.12,BTC-28AUG26,call,83000.0,2026-08-28T08:00:00+00:00,0.013506218662572565,0.0018,0.0022,0.00204533,0.002,76556.12,BTC-28AUG26,0.4878,0.08199,13.48222,617.9,114.5,0.0004000000000000002,BTC,76519.74,27178.85
2026-08-23T09:36:16.153934+00:00,BTC-25DEC26-68000-C,77696.38,BTC-25DEC26,call,68000.0,2026-12-25T08:00:00+00:00,0.33931046233129264,0.1685,0.171,0.16918823,0.16975,77696.38,BTC-25DEC26,0.4325,0.74417,145.67564,936.7,0.2,0.0025000000000000022,BTC,76519.74,2693.11
2026-08-23T09:36:16.153934+00:00,BTC-25JUN27-40000-C,79381.53,BTC-25JUN27,call,40000.0,2027-06-25T08:00:00+00:00,0.8375993055893352,0.5045,0.5115,0.50798424,0.508,79381.53,BTC-25JUN27,0.5287,0.95137,73.3399,17.0,0.0,0.007000000000000006,BTC,76519.74,0.0
2026-08-23T09:36:16.153934+00:00,BTC-28AUG26-74000-C,76556.12,BTC-28AUG26,call,74000.0,2026-08-28T08:00:00+00:00,0.013506218662572565,0.039,0.0415,0.04041622,0.04025,76556.12,BTC-28AUG26,0.4238,0.76477,27.37251,2641.6,8.3,0.0025000000000000022,BTC,76519.74,31897.84
2026-08-23T09:36:16.153934+00:00,BTC-27AUG26-74000-C,76547.465,SYN.BTC-27AUG26,call,74000.0,2026-08-27T08:00:00+00:00,0.010768367875440464,0.036,0.042,0.03890244,0.039,76547.465,SYN.BTC-27AUG26,0.4278,0.78586,23.16737,0.0,0.0,0.006000000000000005,BTC,76519.74,0.0
2026-08-23T09:36:16.153934+00:00,BTC-25SEP26-94000-P,76761.68,BTC-25SEP26,put,94000.0,2026-09-25T08:00:00+00:00,0.0901660407022714,0.2235,0.233,0.22923914,0.22825,76761.68,BTC-25SEP26,0.45649999999999996,-0.92042,34.15362,1.9,0.0,0.009500000000000008,BTC,76518.29,0.0
2026-08-23T09:36:16.153934+00:00,BTC-26MAR27-100000-C,78511.39,BTC-26MAR27,call,100000.0,2027-03-26T08:00:00+00:00,0.5884548839603139,0.0465,0.0485,0.04788894,0.0475,78511.39,BTC-26MAR27,0.42229999999999995,0.27959,202.7434,568.5,7.4,0.0020000000000000018,BTC,76519.74,27532.75
2026-08-23T09:36:16.153934+00:00,BTC-26MAR27-68000-P,78511.39,BTC-26MAR27,put,68000.0,2027-03-26T08:00:00+00:00,0.5884548839603139,0.0665,0.0685,0.06739596,0.0675,78511.39,BTC-26MAR27,0.433,-0.27432,200.86154,65.0,0.0,0.0020000000000000018,BTC,76518.29,0.0
2026-08-23T09:36:16.153934+00:00,BTC-26AUG26-80000-P,76540.85,BTC-26AUG26,put,80000.0,2026-08-26T08:00:00+00:00,0.008030517088308363,0.045,0.0515,0.04849339,0.04825,76540.85,BTC-26AUG26,0.4693,-0.84704,16.20819,0.0,0.0,0.006499999999999999,BTC,76518.29,0.0
2026-08-23T09:36:16.153934+00:00,BTC-24AUG26-78500-P,76495.97,BTC-24AUG26,put,78500.0,2026-08-24T08:00:00+00:00,0.0025548155140441603,0.024,0.031,0.02765149,0.0275,76495.97,BTC-24AUG26,0.4485,-0.86838,8.25009,0.0,0.0,0.006999999999999999,BTC,76518.29,0.0
2026-08-23T09:36:16.153934+00:00,BTC-4SEP26-55000-C,76594.06,BTC-4SEP26,call,55000.0,2026-09-04T08:00:00+00:00,0.03267117417249728,0.2795,0.285,0.2821764,0.28225,76594.06,BTC-4SEP26,0.7465,0.9942,2.28704,0.0,0.0,0.005499999999999949,BTC,76518.29,0.0
2026-08-23T09:36:16.153934+00:00,BTC-25AUG26-88000-P,76517.76,BTC-25AUG26,put,88000.0,2026-08-25T08:00:00+00:00,0.005292666301176262,0.1475,0.154,0.15028422,0.15075,76517.76,BTC-25AUG26,0.7805,-0.99246,1.15893,0.0,0.0,0.006500000000000006,BTC,76507.89,0.0
2026-08-23T09:36:16.153934+00:00,BTC-25JUN27-52000-P,79381.53,BTC-25JUN27,put,52000.0,2027-06-25T08:00:00+00:00,0.8375993055893352,0.029,0.0305,0.02974034,0.02975,79381.53,BTC-25JUN27,0.4711,-0.1157,141.70356,26.4,0.0,0.0014999999999999979,BTC,76507.89,0.0
2026-08-23T09:36:16.153934+00:00,BTC-11SEP26-85000-C,76640.0,BTC-11SEP26,call,85000.0,2026-09-11T08:00:00+00:00,0.05183612968242198,0.0075,0.008,0.00771587,0.00775,76640.0,BTC-11SEP26,0.4304,0.15722,41.99719,137.8,3.5,0.0005000000000000004,BTC,76507.89,2507.03
2026-08-23T09:36:16.153934+00:00,BTC-25SEP26-78000-P,76761.38,BTC-25SEP26,put,78000.0,2026-09-25T08:00:00+00:00,0.0901660407022714,0.0555,0.057,0.05637905,0.05625,76761.38,BTC-25SEP26,0.39659999999999995,-0.52921,91.7559,737.8,16.3,0.0015000000000000013,BTC,76507.89,66999.17
2026-08-23T09:36:16.153934+00:00,BTC-25AUG26-74000-C,76515.82,BTC-25AUG26,call,74000.0,2026-08-25T08:00:00+00:00,0.005292666301176262,0.0325,0.039,0.0352077,0.03575,76515.82,BTC-25AUG26,0.4375,0.85963,12.41696,0.4,0.4,0.006499999999999999,BTC,76507.89,926.34
2026-08-23T09:36:16.153934+00:00,BTC-28AUG26-67000-C,76556.12,BTC-28AUG26,call,67000.0,2026-08-28T08:00:00+00:00,0.013506218662572565,0.1225,0.129,0.12523153,0.12575,76556.12,BTC-28AUG26,0.5553,0.98236,3.87306,1834.5,7.0,0.006500000000000006,BTC,76502.07,66791.45
2026-08-23T09:36:16.153934+00:00,BTC-26MAR27-125000-P,78511.39,BTC-26MAR27,put,125000.0,2027-03-26T08:00:00+00:00,0.5884548839603139,0.5955,0.6235,0.60905922,0.6095,78511.39,BTC-26MAR27,0.44439999999999996,-0.88345,118.09039,0.1,0.0,0.028000000000000025,BTC,76507.89,0.0
2026-08-23T09:36:16.153934+00:00,BTC-26MAR27-115000-C,78511.39,BTC-26MAR27,call,115000.0,2027-03-26T08:00:00+00:00,0.5884548839603139,0.024,0.026,0.02485354,0.025,78511.39,BTC-26MAR27,0.43320000000000003,0.16333,148.60914,770.7,0.0,0.0019999999999999983,BTC,76507.89,0.0
2026-08-23T09:36:16.153934+00:00,BTC-26AUG26-80000-C,76542.45,BTC-26AUG26,call,80000.0,2026-08-26T08:00:00+00:00,0.008030517088308363,0.003,0.0035,0.0032417,0.00325,76542.45,BTC-26AUG26,0.4693,0.15191,16.13182,11.0,11.7,0.0005,BTC,76502.07,3344.5
2026-08-23T09:36:16.153934+00:00,BTC-26MAR27-86000-C,78511.39,BTC-26MAR27,call,86000.0,2027-03-26T08:00:00+00:00,0.5884548839603139,0.0895,0.092,0.09090499,0.09075,78511.39,BTC-26MAR27,0.4174,0.45073,238.55575,133.4,0.1,0.0025000000000000022,BTC,76502.07,721.7
2026-08-23T09:36:16.153934+00:00,BTC-11SEP26-95000-C,76639.94,BTC-11SEP26,call,95000.0,2026-09-11T08:00:00+00:00,0.05183612968242198,0.0016,0.0019,0.00179536,0.00175,76639.94,BTC-11SEP26,0.5189,0.03924,14.81,68.9,56.1,0.0002999999999999999,BTC,76502.07,9126.84
2026-08-23T09:36:16.153934+00:00,BTC-24AUG26-62000-P,76495.97,BTC-24AUG26,put,62000.0,2026-08-24T08:00:00+00:00,0.0025548155140441603,,0.0001,0.0,,76495.97,BTC-24AUG26,0.7781,0.0,1e-05,1.3,0.0,,BTC,76502.07,0.0
2026-08-23T09:36:16.153934+00:00,BTC-28AUG26-46000-C,76556.12,BTC-28AUG26,call,46000.0,2026-08-28T08:00:00+00:00,0.013506218662572565,0.397,0.4015,0.39912629,0.39925,76556.12,BTC-28AUG26,1.2758,0.99978,0.07513,1.8,0.0,0.004500000000000004,BTC,76501.63,0.0
2026-08-23T09:36:16.153934+00:00,BTC-11SEP26-67000-C,76639.94,BTC-11SEP26,call,67000.0,2026-09-11T08:00:00+00:00,0.05183612968242198,0.1275,0.133,0.12980995,0.13025,76639.94,BTC-11SEP26,0.4436,0.9166,26.78037,0.0,0.0,0.005500000000000005,BTC,76501.63,0.0
2026-08-23T09:36:16.153934+00:00,BTC-24AUG26-85000-P,76495.97,BTC-24AUG26,put,85000.0,2026-08-24T08:00:00+00:00,0.0025548155140441603,0.1075,0.1145,0.1112701,0.111,76495.97,BTC-24AUG26,0.8466,-0.99265,0.78645,0.0,0.0,0.007000000000000006,BTC,76502.07,0.0
2026-08-23T09:36:16.153934+00:00,BTC-25JUN27-80000-P,79381.53,BTC-25JUN27,put,80000.0,2027-06-25T08:00:00+00:00,0.8375993055893352,0.1565,0.16,0.1578322,0.15825,79381.53,BTC-25JUN27,0.42219999999999996,-0.43108,285.62647,31.7,21.6,0.003500000000000003,BTC,76501.63,252092.51
2026-08-23T09:36:16.153934+00:00,BTC-4SEP26-79000-P,76593.89,BTC-4SEP26,put,79000.0,2026-09-04T08:00:00+00:00,0.03267117417249728,0.047,0.049,0.04849849,0.048,76593.89,BTC-4SEP26,0.4125,-0.64682,51.46761,1.2,0.0,0.0020000000000000018,BTC,76501.63,0.0
2026-08-23T09:36:16.153934+00:00,BTC-25DEC26-55000-P,77696.38,BTC-25DEC26,put,55000.0,2026-12-25T08:00:00+00:00,0.33931046233129264,0.0125,0.0135,0.01304901,0.013,77696.38,BTC-25DEC26,0.4893,-0.08776,72.16011,2500.3,20.0,0.0009999999999999992,BTC,76501.61,20007.29
2026-08-23T09:36:16.153934+00:00,BTC-25SEP26-98000-C,76761.68,BTC-25SEP26,call,98000.0,2026-09-25T08:00:00+00:00,0.0901660407022714,0.0028,0.0032,0.00303197,0.003,76761.68,BTC-25SEP26,0.4805,0.05264,24.77675,357.4,0.0,0.0004000000000000002,BTC,76501.61,0.0
2026-08-23T09:36:16.153934+00:00,BTC-25JUN27-30000-P,79379.78,BTC-25JUN27,put,30000.0,2027-06-25T08:00:00+00:00,0.8375993055893352,0.0048,0.0055,0.00501721,0.00515,79379.78,BTC-25JUN27,0.5996,-0.02032,35.66697,295.2,2.0,0.0007000000000000001,BTC,76501.61,846.68
2026-08-23T09:36:16.153934+00:00,BTC-25SEP26-100000-P,76761.68,BTC-25SEP26,put,100000.0,2026-09-25T08:00:00+00:00,0.0901660407022714,0.2995,0.3095,0.30538953,0.3045,76761.68,BTC-25SEP26,0.4988,-0.95445,22.07264,336.6,142.0,0.010000000000000009,BTC,76501.61,3204101.17
2026-08-23T09:36:16.153934+00:00,BTC-30OCT26-102000-C,77076.73,BTC-30OCT26,call,102000.0,2026-10-30T08:00:00+00:00,0.18599081825189495,0.007,0.008,0.00746315,0.0075,77076.73,BTC-30OCT26,0.4507,0.08963,53.84009,6.0,0.0,0.001,BTC,76501.61,0.0
2026-08-23T09:36:16.153934+00:00,BTC-25AUG26-69000-C,76517.76,BTC-25AUG26,call,69000.0,2026-08-25T08:00:00+00:00,0.005292666301176262,0.096,0.1015,0.09833154,0.09875,76517.76,BTC-25AUG26,0.615,0.99026,1.44983,0.0,0.0,0.005500000000000005,BTC,76501.61,0.0
2026-08-23T09:36:16.153934+00:00,BTC-25AUG26-71000-P,76515.82,BTC-25AUG26,put,71000.0,2026-08-25T08:00:00+00:00,0.005292666301176262,0.0002,0.0005,0.00039484,0.00035,76515.82,BTC-25AUG26,0.5353,-0.02542,3.29964,92.6,60.3,0.00030000000000000003,BTC,76501.6,2783.54
2026-08-23T09:36:16.153934+00:00,BTC-28AUG26-64000-C,76556.12,BTC-28AUG26,call,64000.0,2026-08-28T08:00:00+00:00,0.013506218662572565,0.1615,0.167,0.16423923,0.16425,76556.12,BTC-28AUG26,0.6661,0.99069,2.22762,764.8,0.8,0.005500000000000005,BTC,76501.6,10600.17
2026-08-23T09:36:16.153934+00:00,BTC-28AUG26-71000-C,76556.12,BTC-28AUG26,call,71000.0,2026-08-28T08:00:00+00:00,0.013506218662572565,0.0715,0.078,0.07442589,0.07475,76556.12,BTC-28AUG26,0.46130000000000004,0.92423,12.69628,1955.2,0.3,0.006500000000000006,BTC,76501.6,1997.41
2026-08-23T09:36:16.153934+00:00,BTC-25SEP26-102000-C,76761.38,BTC-25SEP26,call,102000.0,2026-09-25T08:00:00+00:00,0.0901660407022714,0.0019,0.0024,0.00213725,0.00215,76761.38,BTC-25SEP26,0.5081,0.03692,18.61596,133.5,0.2,0.0004999999999999998,BTC,76501.6,32.75
2026-08-23T09:36:16.153934+00:00,BTC-26MAR27-102000-C,78511.39,BTC-26MAR27,call,102000.0,2027-03-26T08:00:00+00:00,0.5884548839603139,0.0425,0.0445,0.04354245,0.0435,78511.39,BTC-26MAR27,0.4226,0.25957,195.28375,127.1,0.0,0.001999999999999995,BTC,76501.6,0.0
2026-08-23T09:36:16.153934+00:00,BTC-26AUG26-71000-C,76542.45,BTC-26AUG26,call,71000.0,2026-08-26T08:00:00+00:00,0.008030517088308363,0.0705,0.0765,0.07315376,0.0735,76542.45,BTC-26AUG26,0.4972,0.95623,6.35824,0.0,0.0,0.006000000000000005,BTC,76501.6,0.0
2026-08-23T09:36:16.153934+00:00,BTC-25DEC26-78000-P,77696.68,BTC-25DEC26,put,78000.0,2026-12-25T08:00:00+00:00,0.33931046233129264,0.0975,0.1,0.09899966,0.09875,77696.68,BTC-25DEC26,0.41759999999999997,-0.45775,179.62006,339.0,22.8,0.0025000000000000022,BTC,76504.52,162531.06
2026-08-23T09:36:16.153934+00:00,BTC-28AUG26-71000-P,76556.12,BTC-28AUG26,put,71000.0,2026-08-28T08:00:00+00:00,0.013506218662572565,0.0017,0.002,0.00187483,0.00185,76556.12,BTC-28AUG26,0.46130000000000004,-0.07578,12.69744,238.0,9.5,0.00030000000000000014,BTC,76504.52,1591.64
2026-08-23T09:36:16.153934+00:00,BTC-25JUN27-76000-P,79379.78,BTC-25JUN27,put,76000.0,2027-06-25T08:00:00+00:00,0.8375993055893352,0.1295,0.1325,0.13070281,0.131,79379.78,BTC-25JUN27,0.4252,-0.37951,276.63532,31.1,0.0,0.0030000000000000027,BTC,76504.52,0.0
2026-08-23T09:36:16.153934+00:00,BTC-11SEP26-79000-C,76640.0,BTC-11SEP26,call,79000.0,2026-09-11T08:00:00+00:00,0.05183612968242198,0.023,0.024,0.02362592,0.0235,76640.0,BTC-11SEP26,0.4012,0.38781,66.86889,4.7,0.8,0.0010000000000000009,BTC,76504.52,1539.71
2026-08-23T09:36:16.153934+00:00,BTC-25SEP26-80000-C,76761.38,BTC-25SEP26,call,80000.0,2026-09-25T08:00:00+00:00,0.0901660407022714,0.0305,0.031,0.03070588,0.03075,76761.38,BTC-25SEP26,0.40020000000000006,0.38882,88.40203,3989.6,21.0,0.0005000000000000004,BTC,76504.52,52386.51
2026-08-23T09:36:16.153934+00:00,BTC-27AUG26-67000-C,76547.465,SYN.BTC-27AUG26,call,67000.0,2026-08-27T08:00:00+00:00,0.010768367875440464,0.122,0.1275,0.12510684,0.12475,76547.465,SYN.BTC-27AUG26,0.6058,0.9843,3.12928,0.0,0.0,0.005500000000000005,BTC,76504.52,0.0
2026-08-23T09:36:16.153934+00:00,BTC-25JUN27-78000-C,79381.53,BTC-25JUN27,call,78000.0,2027-06-25T08:00:00+00:00,0.8375993055893352,0.1595,0.163,0.16115287,0.16125,79381.53,BTC-25JUN27,0.42340000000000005,0.59462,281.77834,13.2,0.0,0.003500000000000003,BTC,76504.52,0.0
2026-08-23T09:36:16.153934+00:00,BTC-28AUG26-58000-C,76556.12,BTC-28AUG26,call,58000.0,2026-08-28T08:00:00+00:00,0.013506218662572565,0.2395,0.245,0.24254674,0.24225,76556.12,BTC-28AUG26,0.9478,0.99499,1.28943,155.0,0.0,0.005500000000000005,BTC,76504.57,0.0
2026-08-23T09:36:16.153934+00:00,BTC-4SEP26-84000-C,76593.89,BTC-4SEP26,call,84000.0,2026-09-04T08:00:00+00:00,0.03267117417249728,0.005,0.0055,0.00538942,0.00525,76593.89,BTC-4SEP26,0.4483,0.13585,30.20163,19.8,9.4,0.0004999999999999996,BTC,76504.52,5372.81
2026-08-23T09:36:16.153934+00:00,BTC-27AUG26-75500-P,76547.465,SYN.BTC-27AUG26,put,75500.0,2026-08-27T08:00:00+00:00,0.010768367875440464,0.0105,0.012,0.01132796,0.01125,76547.465,SYN.BTC-27AUG26,0.4213,-0.36728,29.92783,0.0,0.0,0.0014999999999999996,BTC,76504.52,0.0
2026-08-23T09:36:16.153934+00:00,BTC-25JUN27-62000-C,79379.78,BTC-25JUN27,call,62000.0,2027-06-25T08:00:00+00:00,0.8375993055893352,0.2765,0.2805,0.27828806,0.2785,79379.78,BTC-25JUN27,0.4448,0.79122,208.76516,116.9,0.0,0.0040000000000000036,BTC,76504.57,0.0
2026-08-23T09:36:16.153934+00:00,BTC-25SEP26-92000-P,76761.38,BTC-25SEP26,put,92000.0,2026-09-25T08:00:00+00:00,0.0901660407022714,0.199,0.208,0.20448429,0.2035,76761.38,BTC-25SEP26,0.4461,-0.90034,40.37031,4.3,0.0,0.00899999999999998,BTC,76504.97,0.0
2026-08-23T09:36:16.153934+00:00,BTC-25AUG26-83000-P,76517.76,BTC-25AUG26,put,83000.0,2026-08-25T08:00:00+00:00,0.005292666301176262,0.081,0.088,0.08533549,0.0845,76517.76,BTC-25AUG26,0.5972999999999999,-0.96767,4.03009,0.0,0.0,0.006999999999999992,BTC,76504.97,0.0
2026-08-23T09:36:16.153934+00:00,BTC-26MAR27-58000-C,78511.39,BTC-26MAR27,call,58000.0,2027-03-26T08:00:00+00:00,0.5884548839603139,0.288,0.299,0.29346339,0.2935,78511.39,BTC-26MAR27,0.4579,0.85031,140.30367,4.3,0.0,0.01100000000000001,BTC,76504.57,0.0
2026-08-23T09:36:16.153934+00:00,BTC-26MAR27-94000-C,78511.39,BTC-26MAR27,call,94000.0,2027-03-26T08:00:00+00:00,0.5884548839603139,0.0615,0.0635,0.06307854,0.0625,78511.39,BTC-26MAR27,0.41979999999999995,0.34537,222.10304,131.9,3.0,0.0020000000000000018,BTC,76504.57,15067.23
2026-08-23T09:36:16.153934+00:00,BTC-28AUG26-53000-P,76556.12,BTC-28AUG26,put,53000.0,2026-08-28T08:00:00+00:00,0.013506218662572565,0.0001,0.0002,0.00014375,0.00015,76556.12,BTC-28AUG26,1.1936,-0.00326,0.87807,1492.7,289.3,0.0001,BTC,76504.97,2206.59
2026-08-23T09:36:16.153934+00:00,BTC-26MAR27-72000-C,78511.39,BTC-26MAR27,call,72000.0,2027-03-26T08:00:00+00:00,0.5884548839603139,0.1695,0.172,0.17043685,0.17075,78511.39,BTC-26MAR27,0.4268,0.66591,219.29657,95.4,0.0,0.0024999999999999745,BTC,76504.97,0.0
2026-08-23T09:36:16.153934+00:00,BTC-25JUN27-50000-C,79379.78,BTC-25JUN27,call,50000.0,2027-06-25T08:00:00+00:00,0.8375993055893352,0.3945,0.3975,0.39581813,0.396,79379.78,BTC-25JUN27,0.479,0.89859,128.87246,17.5,0.0,0.0030000000000000027,BTC,76504.97,0.0
2026-08-23T09:36:16.153934+00:00,BTC-27AUG26-73000-C,76547.465,SYN.BTC-27AUG26,call,73000.0,2026-08-27T08:00:00+00:00,0.010768367875440464,0.0465,0.053,0.04977082,0.04975,76547.465,SYN.BTC-27AUG26,0.43829999999999997,0.85743,17.90452,0.0,0.0,0.006499999999999999,BTC,76504.97,0.0
2026-08-23T09:36:16.153934+00:00,BTC-26AUG26-72000-C,76542.45,BTC-26AUG26,call,72000.0,2026-08-26T08:00:00+00:00,0.008030517088308363,0.0575,0.064,0.06058975,0.06075,76542.45,BTC-26AUG26,0.46799999999999997,0.93048,9.16279,0.0,0.0,0.006499999999999999,BTC,76504.23,0.0
2026-08-23T09:36:16.153934+00:00,BTC-25DEC26-55000-C,77696.38,BTC-25DEC26,call,55000.0,2026-12-25T08:00:00+00:00,0.33931046233129264,0.3015,0.3095,0.30516705,0.3055,77696.38,BTC-25DEC26,0.4893,0.91226,72.14965,44.9,0.0,0.008000000000000007,BTC,76504.23,0.0
2026-08-23T09:36:16.153934+00:00,BTC-24AUG26-75500-C,76495.97,BTC-24AUG26,call,75500.0,2026-08-24T08:00:00+00:00,0.0025548155140441603,0.015,0.017,0.01587007,0.016,76495.97,BTC-24AUG26,0.3824,0.75729,12.09174,1.2,0.0,0.0020000000000000018,BTC,76504.23,0.0
2026-08-23T09:36:16.153934+00:00,BTC-25SEP26-52000-C,76761.68,BTC-25SEP26,call,52000.0,2026-09-25T08:00:00+00:00,0.0901660407022714,0.3215,0.327,0.32395569,0.32425,76761.68,BTC-25SEP26,0.6498,0.98192,10.24654,150.0,0.0,0.005500000000000005,BTC,76504.23,0.0
2026-08-23T09:36:16.153934+00:00,BTC-28AUG26-69000-P,76556.12,BTC-28AUG26,put,69000.0,2026-08-28T08:00:00+00:00,0.013506218662572565,0.0008,0.001,0.00090418,0.0009,76556.12,BTC-28AUG26,0.5099,-0.03717,7.22442,898.9,19.5,0.00019999999999999998,BTC,76504.23,1781.16
2026-08-23T09:36:16.153934+00:00,BTC-25DEC26-240000-C,77696.38,BTC-25DEC26,call,240000.0,2026-12-25T08:00:00+00:00,0.33931046233129264,0.0003,0.0007,0.00049791,0.0005,77696.38,BTC-25DEC26,0.6872,0.00439,5.83535,791.8,0.5,0.0004,BTC,76499.04,30.92
2026-08-23T09:36:16.153934+00:00,BTC-11SEP26-86000-C,76639.94,BTC-11SEP26,call,86000.0,2026-09-11T08:00:00+00:00,0.05183612968242198,0.006,0.007,0.00645766,0.0065,76639.94,BTC-11SEP26,0.43729999999999997,0.13442,37.79098,110.4,3.4,0.001,BTC,76504.23,1691.85
2026-08-23T09:36:16.153934+00:00,BTC-25AUG26-75500-C,76517.76,BTC-25AUG26,call,75500.0,2026-08-25T08:00:00+00:00,0.005292666301176262,0.0185,0.0205,0.01981563,0.0195,76517.76,BTC-25AUG26,0.41840000000000005,0.67631,20.00431,0.8,0.0,0.0020000000000000018,BTC,76499.04,0.0
2026-08-23T09:36:16.153934+00:00,BTC-26MAR27-66000-P,78511.39,BTC-26MAR27,put,66000.0,2027-03-26T08:00:00+00:00,0.5884548839603139,0.058,0.06,0.05875594,0.059,78511.39,BTC-26MAR27,0.4371,-0.24654,190.05326,106.2,0.0,0.001999999999999995,BTC,76499.04,0.0
2026-08-23T09:36:16.153934+00:00,BTC-26AUG26-81000-C,76542.45,BTC-26AUG26,call,81000.0,2026-08-26T08:00:00+00:00,0.008030517088308363,0.0019,0.0022,0.00203334,0.00205,76542.45,BTC-26AUG26,0.4858,0.10055,12.08835,4.8,4.8,0.00030000000000000014,BTC,76499.04,957.84
2026-08-23T09:36:16.153934+00:00,BTC-24AUG26-83000-C,76495.97,BTC-24AUG26,call,83000.0,2026-08-24T08:00:00+00:00,0.0025548155140441603,,0.0002,0.00016734,,76495.97,BTC-24AUG26,0.7216,0.0133,1.31987,61.9,58.7,,BTC,76499.04,1049.28
2026-08-23T09:36:16.153934+00:00,BTC-25DEC26-75000-C,77696.68,BTC-25DEC26,call,75000.0,2026-12-25T08:00:00+00:00,0.33931046233129264,0.1135,0.1155,0.11396276,0.1145,77696.68,BTC-25DEC26,0.41960000000000003,0.60526,174.30427,1956.2,0.3,0.0020000000000000018,BTC,76498.41,2717.09
2026-08-23T09:36:16.153934+00:00,BTC-11SEP26-88000-C,76640.0,BTC-11SEP26,call,88000.0,2026-09-11T08:00:00+00:00,0.05183612968242198,0.0043,0.0048,0.0045806,0.00455,76640.0,BTC-11SEP26,0.452,0.09832,30.2588,86.7,1.0,0.0004999999999999996,BTC,76499.04,461.64
2026-08-23T09:36:16.153934+00:00,BTC-25SEP26-77000-P,76761.68,BTC-25SEP26,put,77000.0,2026-09-25T08:00:00+00:00,0.0901660407022714,0.048,0.05,0.04926719,0.049,76761.68,BTC-25SEP26,0.39770000000000005,-0.48631,91.93678,786.9,85.5,0.0020000000000000018,BTC,76498.41,303208.11
2026-08-23T09:36:16.153934+00:00,BTC-24AUG26-79500-P,76495.97,BTC-24AUG26,put,79500.0,2026-08-24T08:00:00+00:00,0.0025548155140441603,0.0365,0.043,0.03994492,0.03975,76495.97,BTC-24AUG26,0.4936,-0.9375,4.75436,0.0,0.0,0.006499999999999999,BTC,76499.04,0.0
2026-08-23T09:36:16.153934+00:00,BTC-26MAR27-35000-P,78511.39,BTC-26MAR27,put,35000.0,2027-03-26T08:00:00+00:00,0.5884548839603139,0.004,0.0045,0.00428539,0.00425,78511.39,BTC-26MAR27,0.5871,-0.0218,31.37957,614.6,0.2,0.0004999999999999996,BTC,76498.41,64.74
2026-08-23T09:36:16.153934+00:00,BTC-26AUG26-78500-C,76540.85,BTC-26AUG26,call,78500.0,2026-08-26T08:00:00+00:00,0.008030517088308363,0.006,0.007,0.00645327,0.0065,76540.85,BTC-26AUG26,0.4456,0.2696,22.66506,6.9,6.9,0.001,BTC,76498.41,3198.2
2026-08-23T09:36:16.153934+00:00,BTC-25JUN27-30000-C,79379.78,BTC-25JUN27,call,30000.0,2027-06-25T08:00:00+00:00,0.8375993055893352,0.6245,0.6305,0.62706507,0.6275,79379.78,BTC-25JUN27,0.5996,0.97968,35.67048,38.8,0.0,0.005999999999999894,BTC,76498.41,0.0
2026-08-23T09:36:16.153934+00:00,BTC-27AUG26-83000-P,76547.465,SYN.BTC-27AUG26,put,83000.0,2026-08-27T08:00:00+00:00,0.010768367875440464,0.0815,0.09,0.08579367,0.08575,76547.465,SYN.BTC-27AUG26,0.5107,-0.93354,10.24834,0.0,0.0,0.008499999999999994,BTC,76498.41,0.0
2026-08-23T09:36:16.153934+00:00,BTC-4SEP26-81000-C,76593.89,BTC-4SEP26,call,81000.0,2026-09-04T08:00:00+00:00,0.03267117417249728,0.01,0.011,0.01059854,0.0105,76593.89,BTC-4SEP26,0.42219999999999996,0.24352,43.39465,3.2,3.0,0.0009999999999999992,BTC,76498.41,2282.49
2026-08-23T09:36:16.153934+00:00,BTC-30OCT26-73000-C,77076.73,BTC-30OCT26,call,73000.0,2026-10-30T08:00:00+00:00,0.18599081825189495,0.097,0.099,0.09776798,0.098,77076.73,BTC-30OCT26,0.4069,0.65465,122.57062,196.4,0.0,0.0020000000000000018,BTC,76497.73,0.0
2026-08-23T09:36:16.153934+00:00,BTC-25AUG26-68000-P,76515.82,BTC-25AUG26,put,68000.0,2026-08-25T08:00:00+00:00,0.005292666301176262,,0.0002,0.00015985,,76515.82,BTC-25AUG26,0.6955,-0.00916,1.37415,27.4,15.0,,BTC,76497.73,228.59
2026-08-23T09:36:16.153934+00:00,BTC-28AUG26-61000-P,76556.12,BTC-28AUG26,put,61000.0,2026-08-28T08:00:00+00:00,0.013506218662572565,0.0001,0.0003,0.00018153,0.0002,76556.12,BTC-28AUG26,0.7916,-0.00596,1.50411,1548.6,2.7,0.00019999999999999998,BTC,76497.73,41.51
2026-08-23T09:36:16.153934+00:00,BTC-24AUG26-71000-C,76495.97,BTC-24AUG26,call,71000.0,2026-08-24T08:00:00+00:00,0.0025548155140441603,0.069,0.075,0.07188672,0.072,76495.97,BTC-24AUG26,0.5652,0.9957,0.48874,2.0,0.0,0.0059999999999999915,BTC,76497.73,0.0
2026-08-23T09:36:16.153934+00:00,BTC-30OCT26-81000-P,77076.73,BTC-30OCT26,put,81000.0,2026-10-30T08:00:00+00:00,0.18599081825189495,0.0975,0.1,0.09939213,0.09875,77076.73,BTC-30OCT26,0.4032,-0.5785,130.09079,0.0,0.0,0.0025000000000000022,BTC,76497.48,0.0
2026-08-23T09:36:16.153934+00:00,BTC-25SEP26-50000-P,76761.38,BTC-25SEP26,put,50000.0,2026-09-25T08:00:00+00:00,0.0901660407022714,0.001,0.0011,0.00111894,0.00105,76761.38,BTC-25SEP26,0.6849,-0.0144,8.42869,3661.6,0.0,0.00010000000000000005,BTC,76497.48,0.0
2026-08-23T09:36:16.153934+00:00,BTC-26MAR27-64000-P,78511.39,BTC-26MAR27,put,64000.0,2027-03-26T08:00:00+00:00,0.5884548839603139,0.05,0.052,0.05084121,0.051,78511.39,BTC-26MAR27,0.4411,-0.21975,178.28629,125.9,1.0,0.001999999999999995,BTC,76497.48,3918.13
2026-08-23T09:36:16.153934+00:00,BTC-4SEP26-84000-P,76593.89,BTC-4SEP26,put,84000.0,2026-09-04T08:00:00+00:00,0.03267117417249728,0.0975,0.1055,0.10210498,0.1015,76593.89,BTC-4SEP26,0.4483,-0.86442,30.15763,0.0,0.0,0.007999999999999993,BTC,76497.73,0.0
2026-08-23T09:36:16.153934+00:00,BTC-28AUG26-61000-C,76556.12,BTC-28AUG26,call,61000.0,2026-08-28T08:00:00+00:00,0.013506218662572565,0.201,0.206,0.20335921,0.2035,76556.12,BTC-28AUG26,0.7916,0.99404,1.50445,611.6,0.0,0.004999999999999977,BTC,76497.48,0.0
2026-08-23T09:36:16.153934+00:00,BTC-26MAR27-115000-P,78511.39,BTC-26MAR27,put,115000.0,2027-03-26T08:00:00+00:00,0.5884548839603139,0.478,0.5025,0.48963752,0.49025,78511.39,BTC-26MAR27,0.43320000000000003,-0.83677,148.52326,2.2,0.0,0.024499999999999966,BTC,76497.48,0.0
2026-08-23T09:36:16.153934+00:00,BTC-26MAR27-35000-C,78511.42,BTC-26MAR27,call,35000.0,2027-03-26T08:00:00+00:00,0.5884548839603139,0.556,0.5625,0.55848156,0.55925,78511.42,BTC-26MAR27,0.5871,0.9782,31.38107,8.9,0.1,0.00649999999999995,BTC,76497.48,4354.3
2026-08-23T09:36:16.153934+00:00,BTC-25AUG26-73000-P,76517.76,BTC-25AUG26,put,73000.0,2026-08-25T08:00:00+00:00,0.005292666301176262,0.001,0.0013,0.00118561,0.00115,76517.76,BTC-25AUG26,0.4596,-0.07664,8.01186,44.9,0.9,0.0002999999999999999,BTC,76497.36,96.74
2026-08-23T09:36:16.153934+00:00,BTC-25JUN27-54000-P,79381.53,BTC-25JUN27,put,54000.0,2027-06-25T08:00:00+00:00,0.8375993055893352,0.034,0.0355,0.03453707,0.03475,79381.53,BTC-25JUN27,0.4653,-0.13192,155.31326,21.2,0.0,0.0014999999999999944,BTC,76497.36,0.0
2026-08-23T09:36:16.153934+00:00,BTC-30OCT26-77000-C,77076.73,BTC-30OCT26,call,77000.0,2026-10-30T08:00:00+00:00,0.18599081825189495,0.0685,0.0705,0.06974877,0.0695,77076.73,BTC-30OCT26,0.4031,0.53711,132.09265,91.0,32.6,0.001999999999999988,BTC,76497.36,183006.03
2026-08-23T09:36:16.153934+00:00,BTC-25SEP26-140000-P,76761.38,BTC-25SEP26,put,140000.0,2026-09-25T08:00:00+00:00,0.0901660407022714,0.817,0.8305,0.82416008,0.82375,76761.38,BTC-25SEP26,0.7458,-0.99495,3.36638,1.4,0.0,0.013500000000000068,BTC,76497.28,0.0
2026-08-23T09:36:16.153934+00:00,BTC-28AUG26-70000-C,76556.12,BTC-28AUG26,call,70000.0,2026-08-28T08:00:00+00:00,0.013506218662572565,0.084,0.0905,0.08688051,0.08725,76556.12,BTC-28AUG26,0.48310000000000003,0.94771,9.51127,2694.1,1.2,0.006499999999999992,BTC,76497.28,8587.78
2026-08-23T09:36:16.153934+00:00,BTC-11SEP26-84000-P,76640.0,BTC-11SEP26,put,84000.0,2026-09-11T08:00:00+00:00,0.05183612968242198,0.1005,0.109,0.10528004,0.10475,76640.0,BTC-11SEP26,0.4238,-0.81681,46.30916,0.0,0.0,0.008499999999999994,BTC,76497.36,0.0
2026-08-23T09:36:16.153934+00:00,BTC-26MAR27-108000-P,78511.39,BTC-26MAR27,put,108000.0,2027-03-26T08:00:00+00:00,0.5884548839603139,0.398,0.421,0.40926773,0.4095,78511.39,BTC-26MAR27,0.42810000000000004,-0.79008,173.60768,0.1,0.0,0.022999999999999965,BTC,76497.36,0.0
2026-08-23T09:36:16.153934+00:00,BTC-27AUG26-74500-P,76547.465,SYN.BTC-27AUG26,put,74500.0,2026-08-27T08:00:00+00:00,0.010768367875440464,0.0065,0.008,0.00720791,0.00725,76547.465,SYN.BTC-27AUG26,0.4263,-0.26251,25.898,0.0,0.0,0.0015000000000000005,BTC,76497.36,0.0
2026-08-23T09:36:16.153934+00:00,BTC-26MAR27-180000-C,78511.39,BTC-26MAR27,call,180000.0,2027-03-26T08:00:00+00:00,0.5884548839603139,0.0038,0.005,0.0042627,0.0044,78511.39,BTC-26MAR27,0.5236,0.03123,42.38046,507.3,4.5,0.0012000000000000001,BTC,76497.28,1627.8
2026-08-23T09:36:16.153934+00:00,BTC-26MAR27-84000-P,78511.42,BTC-26MAR27,put,84000.0,2027-03-26T08:00:00+00:00,0.5884548839603139,0.168,0.1715,0.16957481,0.16975,78511.42,BTC-26MAR27,0.4175,-0.52009,240.06795,55.2,0.0,0.003500000000000003,BTC,76497.28,0.0
2026-08-23T09:36:16.153934+00:00,BTC-28AUG26-76000-P,76556.12,BTC-28AUG26,put,76000.0,2026-08-28T08:00:00+00:00,0.013506218662572565,0.0155,0.0165,0.01605273,0.016,76556.12,BTC-28AUG26,0.4211,-0.43095,34.96965,256.0,151.2,0.0010000000000000009,BTC,76497.28,182457.67
2026-08-23T09:36:16.153934+00:00,BTC-30OCT26-72000-P,77076.73,BTC-30OCT26,put,72000.0,2026-10-30T08:00:00+00:00,0.18599081825189495,0.0395,0.0405,0.03999337,0.04,77076.73,BTC-30OCT26,0.40869999999999995,-0.31732,118.50137,57.4,0.0,0.0010000000000000009,BTC,76497.28,0.0
2026-08-23T09:36:16.153934+00:00,BTC-24AUG26-62000-C,76495.97,BTC-24AUG26,call,62000.0,2026-08-24T08:00:00+00:00,0.0025548155140441603,0.187,0.1925,0.18950063,0.18975,76495.97,BTC-24AUG26,0.7781,1.0,1e-05,0.0,0.0,0.005500000000000005,BTC,76497.28,0.0
2026-08-23T09:36:16.153934+00:00,BTC-4SEP26-90000-C,76593.89,BTC-4SEP26,call,90000.0,2026-09-04T08:00:00+00:00,0.03267117417249728,0.0014,0.0017,0.00162211,0.00155,76593.89,BTC-4SEP26,0.5102,0.04414,12.92331,90.1,0.2,0.0002999999999999999,BTC,76497.28,44.82
2026-08-23T09:36:16.153934+00:00,BTC-4SEP26-76000-C,76594.06,BTC-4SEP26,call,76000.0,2026-09-04T08:00:00+00:00,0.03267117417249728,0.032,0.034,0.03302678,0.033,76594.06,BTC-4SEP26,0.4036,0.55709,54.68244,162.1,0.5,0.0020000000000000018,BTC,76497.28,1278.91
2026-08-23T09:36:16.153934+00:00,BTC-30OCT26-50000-P,77076.73,BTC-30OCT26,put,50000.0,2026-10-30T08:00:00+00:00,0.18599081825189495,0.003,0.0034,0.00321622,0.0032,77076.73,BTC-30OCT26,0.5737,-0.03054,22.96435,362.1,2.2,0.00039999999999999975,BTC,76497.28,515.68
2026-08-23T09:36:16.153934+00:00,BTC-24AUG26-78500-C,76495.97,BTC-24AUG26,call,78500.0,2026-08-24T08:00:00+00:00,0.0025548155140441603,0.0014,0.0015,0.00145472,0.00145,76495.97,BTC-24AUG26,0.4485,0.12889,8.12896,67.3,100.7,0.00010000000000000005,BTC,76497.28,20901.15
2026-08-23T09:36:16.153934+00:00,BTC-27AUG26-78500-C,76547.465,SYN.BTC-27AUG26,call,78500.0,2026-08-27T08:00:00+00:00,0.010768367875440464,0.0075,0.009,0.00843327,0.00825,76547.465,SYN.BTC-27AUG26,0.43979999999999997,0.29829,27.55224,0.0,0.0,0.0014999999999999996,BTC,76497.28,0.0
2026-08-23T09:36:16.153934+00:00,BTC-26AUG26-75000-C,76542.45,BTC-26AUG26,call,75000.0,2026-08-26T08:00:00+00:00,0.008030517088308363,0.026,0.028,0.027069,0.027,76542.45,BTC-26AUG26,0.4218,0.71077,23.45153,0.0,0.0,0.0020000000000000018,BTC,76497.23,0.0
2026-08-23T09:36:16.153934+00:00,BTC-25SEP26-120000-C,76761.38,BTC-25SEP26,call,120000.0,2026-09-25T08:00:00+00:00,0.0901660407022714,0.0004,0.0008,0.0006711,0.0006,76761.38,BTC-25SEP26,0.6244,0.01107,6.71406,1149.6,0.3,0.0004,BTC,76497.28,16.09
2026-08-23T09:36:16.153934+00:00,BTC-24AUG26-70000-P,76495.97,BTC-24AUG26,put,70000.0,2026-08-24T08:00:00+00:00,0.0025548155140441603,,0.0001,2.898e-05,,76495.97,BTC-24AUG26,0.6409,-0.0029,0.34332,35.3,1.3,,BTC,76497.23,10.05
2026-08-23T09:36:16.153934+00:00,BTC-30OCT26-78000-C,77076.73,BTC-30OCT26,call,78000.0,2026-10-30T08:00:00+00:00,0.18599081825189495,0.0635,0.0645,0.06387591,0.064,77076.73,BTC-30OCT26,0.4031,0.50756,132.64318,325.7,31.2,0.0010000000000000009,BTC,76497.23,153409.38
2026-08-23T09:36:16.153934+00:00,BTC-25SEP26-170000-P,76761.38,BTC-25SEP26,put,170000.0,2026-09-25T08:00:00+00:00,0.0901660407022714,1.2035,1.222,1.21480224,1.21275,76761.38,BTC-25SEP26,0.8878,-0.9978,1.59433,0.0,0.0,0.01849999999999996,BTC,76497.23,0.0
2026-08-23T09:36:16.153934+00:00,BTC-28AUG26-72000-P,76556.12,BTC-28AUG26,put,72000.0,2026-08-28T08:00:00+00:00,0.013506218662572565,0.0027,0.0032,0.0029569,0.00295,76556.12,BTC-28AUG26,0.4476,-0.11397,17.16302,796.7,112.2,0.0005,BTC,76497.23,28703.6
2026-08-23T09:36:16.153934+00:00,BTC-4SEP26-65000-C,76593.89,BTC-4SEP26,call,65000.0,2026-09-04T08:00:00+00:00,0.03267117417249728,0.15,0.156,0.15273282,0.153,76593.89,BTC-4SEP26,0.5176,0.96414,10.91654,298.4,0.0,0.006000000000000005,BTC,76497.23,0.0
2026-08-23T09:36:16.153934+00:00,BTC-4SEP26-66000-C,76593.89,BTC-4SEP26,call,66000.0,2026-09-04T08:00:00+00:00,0.03267117417249728,0.137,0.144,0.14004825,0.1405,76593.89,BTC-4SEP26,0.5004,0.95465,13.2084,459.6,0.0,0.0069999999999999785,BTC,76497.23,0.0
2026-08-23T09:36:16.153934+00:00,BTC-26MAR27-88000-C,78511.42,BTC-26MAR27,call,88000.0,2027-03-26T08:00:00+00:00,0.5884548839603139,0.0815,0.084,0.08310001,0.08275,78511.42,BTC-26MAR27,0.4181,0.42264,235.83897,76.7,8.2,0.0025000000000000022,BTC,76497.23,52374.0
2026-08-23T09:36:16.153934+00:00,BTC-30OCT26-83000-C,77076.73,BTC-30OCT26,call,83000.0,2026-10-30T08:00:00+00:00,0.18599081825189495,0.0395,0.0405,0.04007822,0.04,77076.73,BTC-30OCT26,0.40399999999999997,0.36797,125.33311,67.5,0.0,0.0010000000000000009,BTC,76497.23,0.0
2026-08-23T09:36:16.153934+00:00,BTC-26MAR27-74000-P,78511.39,BTC-26MAR27,put,74000.0,2027-03-26T08:00:00+00:00,0.5884548839603139,0.0975,0.1005,0.0988303,0.099,78511.39,BTC-26MAR27,0.4239,-0.36511,226.49806,54.2,0.0,0.0030000000000000027,BTC,76497.23,0.0
2026-08-23T09:36:16.153934+00:00,BTC-26MAR27-170000-C,78511.39,BTC-26MAR27,call,170000.0,2027-03-26T08:00:00+00:00,0.5884548839603139,0.005,0.006,0.00550107,0.0055,78511.39,BTC-26MAR27,0.5153,0.03952,51.41543,379.5,15.3,0.001,BTC,76497.23,6493.09
2026-08-23T09:36:16.153934+00:00,BTC-28AUG26-73000-P,76556.12,BTC-28AUG26,put,73000.0,2026-08-28T08:00:00+00:00,0.013506218662572565,0.0043,0.0047,0.00453612,0.0045,76556.12,BTC-28AUG26,0.4326,-0.16547,22.13123,398.1,52.9,0.0004000000000000002,BTC,76497.91,19199.58
2026-08-23T09:36:16.153934+00:00,BTC-26MAR27-74000-C,78511.39,BTC-26MAR27,call,74000.0,2027-03-26T08:00:00+00:00,0.5884548839603139,0.155,0.158,0.15627365,0.1565,78511.39,BTC-26MAR27,0.4239,0.6349,226.49795,73.2,0.0,0.0030000000000000027,BTC,76497.91,0.0
2026-08-23T09:36:16.153934+00:00,BTC-25SEP26-81000-C,76761.38,BTC-25SEP26,call,81000.0,2026-09-25T08:00:00+00:00,0.0901660407022714,0.0265,0.027,0.02665827,0.02675,76761.38,BTC-25SEP26,0.4018,0.35021,85.42641,15.3,3.1,0.0005000000000000004,BTC,76497.23,6096.39
2026-08-23T09:36:16.153934+00:00,BTC-25DEC26-64000-P,77696.38,BTC-25DEC26,put,64000.0,2026-12-25T08:00:00+00:00,0.33931046233129264,0.0305,0.0315,0.03083758,0.031,77696.38,BTC-25DEC26,0.445,-0.19005,122.88394,347.3,10.1,0.0010000000000000009,BTC,76497.91,23121.2
2026-08-23T09:36:16.153934+00:00,BTC-28AUG26-84000-C,76555.82,BTC-28AUG26,call,84000.0,2026-08-28T08:00:00+00:00,0.013506218662572565,0.0012,0.0016,0.00144961,0.0014,76555.82,BTC-28AUG26,0.5018,0.05892,10.45176,108.5,7.5,0.0004000000000000002,BTC,76496.61,1567.8
2026-08-23T09:36:16.153934+00:00,BTC-26MAR27-54000-C,78511.42,BTC-26MAR27,call,54000.0,2027-03-26T08:00:00+00:00,0.5884548839603139,0.33,0.341,0.33545079,0.3355,78511.42,BTC-26MAR27,0.4722,0.88767,115.00882,0.1,0.0,0.01100000000000001,BTC,76497.91,0.0
2026-08-23T09:36:16.153934+00:00,BTC-25JUN27-96000-P,79379.78,BTC-25JUN27,put,96000.0,2027-06-25T08:00:00+00:00,0.8375993055893352,0.291,0.2965,0.2930683,0.29375,79379.78,BTC-25JUN27,0.4202,-0.61863,277.03427,0.0,0.0,0.005500000000000005,BTC,76496.61,0.0
2026-08-23T09:36:16.153934+00:00,BTC-27AUG26-73500-C,76547.465,SYN.BTC-27AUG26,call,73500.0,2026-08-27T08:00:00+00:00,0.010768367875440464,0.041,0.048,0.04420517,0.0445,76547.465,SYN.BTC-27AUG26,0.4324,0.82347,20.59347,0.0,0.0,0.006999999999999999,BTC,76497.91,0.0
2026-08-23T09:36:16.153934+00:00,BTC-27AUG26-84000-C,76547.465,SYN.BTC-27AUG26,call,84000.0,2026-08-27T08:00:00+00:00,0.010768367875440464,0.0008,0.0013,0.00107434,0.00105,76547.465,SYN.BTC-27AUG26,0.529,0.04785,7.91154,0.0,0.0,0.0004999999999999999,BTC,76497.91,0.0
2026-08-23T09:36:16.153934+00:00,BTC-25SEP26-115000-C,76761.68,BTC-25SEP26,call,115000.0,2026-09-25T08:00:00+00:00,0.0901660407022714,0.0006,0.001,0.00081999,0.0008,76761.68,BTC-25SEP26,0.5884,0.01396,8.20612,2145.8,0.6,0.0004000000000000001,BTC,76497.91,41.53
2026-08-23T09:36:16.153934+00:00,BTC-28AUG26-60000-C,76556.12,BTC-28AUG26,call,60000.0,2026-08-28T08:00:00+00:00,0.013506218662572565,0.2135,0.2185,0.21642171,0.216,76556.12,BTC-28AUG26,0.843,0.99438,1.42722,425.9,0.0,0.0050000000000000044,BTC,76496.49,0.0
2026-08-23T09:36:16.153934+00:00,BTC-26MAR27-120000-P,78511.42,BTC-26MAR27,put,120000.0,2027-03-26T08:00:00+00:00,0.5884548839603139,0.536,0.5625,0.54885853,0.54925,78511.42,BTC-26MAR27,0.4386,-0.86252,132.45726,1.8,0.0,0.026499999999999968,BTC,76496.61,0.0
2026-08-23T09:36:16.153934+00:00,BTC-25JUN27-84000-P,79379.78,BTC-25JUN27,put,84000.0,2027-06-25T08:00:00+00:00,0.8375993055893352,0.186,0.191,0.18783844,0.1885,79379.78,BTC-25JUN27,0.4203,-0.48184,289.64379,0.1,0.0,0.0050000000000000044,BTC,76496.49,0.0
2026-08-23T09:36:16.153934+00:00,BTC-25AUG26-78000-C,76517.76,BTC-25AUG26,call,78000.0,2026-08-25T08:00:00+00:00,0.005292666301176262,0.005,0.006,0.00547193,0.0055,76517.76,BTC-25AUG26,0.4413,0.28053,18.75758,144.0,24.2,0.001,BTC,76496.49,10656.22
2026-08-23T09:36:16.153934+00:00,BTC-11SEP26-81000-C,76640.0,BTC-11SEP26,call,81000.0,2026-09-11T08:00:00+00:00,0.05183612968242198,0.016,0.017,0.01630841,0.0165,76640.0,BTC-11SEP26,0.40909999999999996,0.29221,59.96128,51.3,0.5,0.0010000000000000009,BTC,76496.49,584.7
2026-08-23T09:36:16.153934+00:00,BTC-27AUG26-75500-C,76547.465,SYN.BTC-27AUG26,call,75500.0,2026-08-27T08:00:00+00:00,0.010768367875440464,0.0225,0.029,0.02503392,0.02575,76547.465,SYN.BTC-27AUG26,0.4213,0.63183,29.94871,0.0,0.0,0.006500000000000002,BTC,76496.49,0.0
2026-08-23T09:36:16.153934+00:00,BTC-30OCT26-78000-P,77076.73,BTC-30OCT26,put,78000.0,2026-10-30T08:00:00+00:00,0.18599081825189495,0.0745,0.0765,0.07585292,0.0755,77076.73,BTC-30OCT26,0.4031,-0.49246,132.6423,53.7,0.6,0.0020000000000000018,BTC,76496.49,3359.67
2026-08-23T09:36:16.153934+00:00,BTC-11SEP26-82000-P,76639.94,BTC-11SEP26,put,82000.0,2026-09-11T08:00:00+00:00,0.05183612968242198,0.079,0.087,0.08337412,0.083,76639.94,BTC-11SEP26,0.4127,-0.7492,55.56211,1.8,0.0,0.007999999999999993,BTC,76496.49,0.0
2026-08-23T09:36:16.153934+00:00,BTC-25AUG26-86000-P,76515.82,BTC-25AUG26,put,86000.0,2026-08-25T08:00:00+00:00,0.005292666301176262,0.1215,0.127,0.12421456,0.12425,76515.82,BTC-25AUG26,0.7027,-0.98802,1.73691,0.0,0.0,0.005500000000000005,BTC,76496.49,0.0
2026-08-23T09:36:16.153934+00:00,BTC-26MAR27-104000-P,78511.39,BTC-26MAR27,put,104000.0,2027-03-26T08:00:00+00:00,0.5884548839603139,0.3535,0.3755,0.3645799,0.3645,78511.39,BTC-26MAR27,0.4243,-0.75817,188.08198,0.1,0.0,0.02200000000000002,BTC,76496.49,0.0
2026-08-23T09:36:16.153934+00:00,BTC-24AUG26-70500-C,76495.97,BTC-24AUG26,call,70500.0,2026-08-24T08:00:00+00:00,0.0025548155140441603,0.0755,0.0815,0.07841246,0.0785,76495.97,BTC-24AUG26,0.5936,0.99691,0.36304,0.4,0.0,0.006000000000000005,BTC,76496.49,0.0
2026-08-23T09:36:16.153934+00:00,BTC-24AUG26-66000-P,76495.97,BTC-24AUG26,put,66000.0,2026-08-24T08:00:00+00:00,0.0025548155140441603,,0.0001,7.6e-07,,76495.97,BTC-24AUG26,0.7775,-8e-05,0.01228,3.8,0.0,,BTC,76496.49,0.0
2026-08-23T09:36:16.153934+00:00,BTC-28AUG26-57000-P,76556.12,BTC-28AUG26,put,57000.0,2026-08-28T08:00:00+00:00,0.013506218662572565,0.0001,0.0002,0.000144,0.00015,76556.12,BTC-28AUG26,0.9764,-0.00396,1.04556,1116.7,0.4,0.0001,BTC,76496.49,6.18
2026-08-23T09:36:16.153934+00:00,BTC-26MAR27-94000-P,78511.39,BTC-26MAR27,put,94000.0,2027-03-26T08:00:00+00:00,0.5884548839603139,0.252,0.2695,0.26038023,0.26075,78511.39,BTC-26MAR27,0.41979999999999995,-0.65478,222.04433,9.1,0.0,0.017500000000000016,BTC,76496.49,0.0
2026-08-23T09:36:16.153934+00:00,BTC-4SEP26-67000-P,76593.89,BTC-4SEP26,put,67000.0,2026-09-04T08:00:00+00:00,0.03267117417249728,0.002,0.0023,0.00212104,0.00215,76593.89,BTC-4SEP26,0.4781,-0.0556,15.53899,586.0,1.1,0.0002999999999999999,BTC,76496.49,187.26
2026-08-23T09:36:16.153934+00:00,BTC-25DEC26-100000-P,77696.38,BTC-25DEC26,put,100000.0,2026-12-25T08:00:00+00:00,0.33931046233129264,0.301,0.3165,0.30971309,0.30875,77696.38,BTC-25DEC26,0.42619999999999997,-0.81367,121.39444,303.2,0.0,0.015500000000000014,BTC,76496.49,0.0
2026-08-23T09:36:16.153934+00:00,BTC-25DEC26-75000-P,77696.38,BTC-25DEC26,put,75000.0,2026-12-25T08:00:00+00:00,0.33931046233129264,0.0785,0.08,0.07925634,0.07925,77696.38,BTC-25DEC26,0.41960000000000003,-0.39476,174.30447,1011.8,0.9,0.0015000000000000013,BTC,76496.49,5324.36
2026-08-23T09:36:16.153934+00:00,BTC-28AUG26-70000-P,76556.12,BTC-28AUG26,put,70000.0,2026-08-28T08:00:00+00:00,0.013506218662572565,0.0011,0.0014,0.00126678,0.00125,76556.12,BTC-28AUG26,0.48310000000000003,-0.0523,9.51296,969.7,1.1,0.0002999999999999999,BTC,76496.49,130.56
2026-08-23T09:36:16.153934+00:00,BTC-28AUG26-60000-P,76556.12,BTC-28AUG26,put,60000.0,2026-08-28T08:00:00+00:00,0.013506218662572565,0.0001,0.0003,0.00018137,0.0002,76556.12,BTC-28AUG26,0.843,-0.00562,1.42738,2454.3,30.2,0.00019999999999999998,BTC,76496.06,460.9
2026-08-23T09:36:16.153934+00:00,BTC-26AUG26-69000-C,76540.85,BTC-26AUG26,call,69000.0,2026-08-26T08:00:00+00:00,0.008030517088308363,0.096,0.102,0.09881945,0.099,76540.85,BTC-26AUG26,0.5624,0.98146,3.11341,0.0,0.0,0.0059999999999999915,BTC,76496.06,0.0
2026-08-23T09:36:16.153934+00:00,BTC-25SEP26-130000-C,76761.38,BTC-25SEP26,call,130000.0,2026-09-25T08:00:00+00:00,0.0901660407022714,0.0003,0.0006,0.00043036,0.00045,76761.38,BTC-25SEP26,0.6829000000000001,0.00684,4.4014,1417.0,0.0,0.0003,BTC,76496.49,0.0
2026-08-23T09:36:16.153934+00:00,BTC-24AUG26-80500-C,76496.05,BTC-24AUG26,call,80500.0,2026-08-24T08:00:00+00:00,0.0025548155140441603,0.0002,0.0005,0.00041588,0.00035,76496.05,BTC-24AUG26,0.5607,0.03644,3.08725,41.1,41.3,0.00030000000000000003,BTC,76496.49,2837.31
2026-08-23T09:36:16.153934+00:00,BTC-26MAR27-76000-C,78511.39,BTC-26MAR27,call,76000.0,2027-03-26T08:00:00+00:00,0.5884548839603139,0.142,0.1445,0.1426076,0.14325,78511.39,BTC-26MAR27,0.42,0.60343,232.24313,528.4,0.0,0.0025000000000000022,BTC,76496.06,0.0
2026-08-23T09:36:16.153934+00:00,BTC-11SEP26-90000-C,76640.0,BTC-11SEP26,call,90000.0,2026-09-11T08:00:00+00:00,0.05183612968242198,0.0031,0.0033,0.00334937,0.0032,76640.0,BTC-11SEP26,0.46880000000000005,0.07295,24.19107,489.2,0.8,0.0002000000000000001,BTC,76496.06,264.38
2026-08-23T09:36:16.153934+00:00,BTC-25JUN27-92000-C,79379.78,BTC-25JUN27,call,92000.0,2027-06-25T08:00:00+00:00,0.8375993055893352,0.095,0.098,0.09672579,0.0965,79379.78,BTC-25JUN27,0.41960000000000003,0.42392,284.65492,14.6,0.0,0.0030000000000000027,BTC,76496.06,0.0
2026-08-23T09:36:16.153934+00:00,BTC-30OCT26-65000-P,77076.73,BTC-30OCT26,put,65000.0,2026-10-30T08:00:00+00:00,0.18599081825189495,0.0165,0.0175,0.01699633,0.017,77076.73,BTC-30OCT26,0.4349,-0.15803,80.25947,409.4,8.4,0.0010000000000000009,BTC,76497.28,10682.0
2026-08-23T09:36:16.153934+00:00,BTC-30OCT26-59000-P,77076.73,BTC-30OCT26,put,59000.0,2026-10-30T08:00:00+00:00,0.18599081825189495,0.0075,0.0085,0.00801931,0.008,77076.73,BTC-30OCT26,0.4744,-0.07945,49.18249,78.1,1.3,0.0010000000000000009,BTC,76497.28,803.44
2026-08-23T09:36:16.153934+00:00,BTC-25SEP26-92000-C,76761.68,BTC-25SEP26,call,92000.0,2026-09-25T08:00:00+00:00,0.0901660407022714,0.0055,0.0065,0.00597242,0.006,76761.68,BTC-25SEP26,0.4461,0.09952,40.32403,791.1,0.2,0.001,BTC,76496.06,103.83
2026-08-23T09:36:16.153934+00:00,BTC-25SEP26-83000-P,76761.68,BTC-25SEP26,put,83000.0,2026-09-25T08:00:00+00:00,0.0901660407022714,0.096,0.105,0.10130293,0.1005,76761.68,BTC-25SEP26,0.4065,-0.71874,77.78699,0.0,0.0,0.008999999999999994,BTC,76496.06,0.0
2026-08-23T09:36:16.153934+00:00,BTC-25SEP26-125000-C,76761.68,BTC-25SEP26,call,125000.0,2026-09-25T08:00:00+00:00,0.0901660407022714,0.0005,0.0007,0.00059198,0.0006,76761.68,BTC-25SEP26,0.6627,0.00938,5.81372,2307.5,0.0,0.00019999999999999998,BTC,76497.28,0.0
2026-08-23T09:36:16.153934+00:00,BTC-26AUG26-83000-C,76540.85,BTC-26AUG26,call,83000.0,2026-08-26T08:00:00+00:00,0.008030517088308363,0.0007,0.001,0.00091004,0.00085,76540.85,BTC-26AUG26,0.5322,0.0467,6.69914,3.7,3.7,0.00030000000000000003,BTC,76497.51,288.75
2026-08-23T09:36:16.153934+00:00,BTC-30OCT26-82000-C,77076.73,BTC-30OCT26,call,82000.0,2026-10-30T08:00:00+00:00,0.18599081825189495,0.0435,0.0445,0.04407743,0.044,77076.73,BTC-30OCT26,0.4033,0.39424,127.97935,1132.9,25.4,0.0010000000000000009,BTC,76497.51,95500.98
2026-08-23T09:36:16.153934+00:00,BTC-25DEC26-120000-P,77696.38,BTC-25DEC26,put,120000.0,2026-12-25T08:00:00+00:00,0.33931046233129264,0.541,0.5605,0.55200065,0.55075,77696.38,BTC-25DEC26,0.4629,-0.93017,60.67509,35.7,0.0,0.019499999999999962,BTC,76497.28,0.0
2026-08-23T09:36:16.153934+00:00,BTC-30OCT26-110000-C,77076.73,BTC-30OCT26,call,110000.0,2026-10-30T08:00:00+00:00,0.18599081825189495,0.0041,0.0045,0.00430841,0.0043,77076.73,BTC-30OCT26,0.47979999999999995,0.05324,36.05586,20.3,1.1,0.0003999999999999993,BTC,76497.51,397.13
2026-08-23T09:36:16.153934+00:00,BTC-28AUG26-56000-C,76556.12,BTC-28AUG26,call,56000.0,2026-08-28T08:00:00+00:00,0.013506218662572565,0.2665,0.271,0.26863491,0.26875,76556.12,BTC-28AUG26,1.0295,0.99623,0.99905,63.3,0.0,0.004500000000000004,BTC,76497.51,0.0
2026-08-23T09:36:16.153934+00:00,BTC-26AUG26-70000-C,76540.85,BTC-26AUG26,call,70000.0,2026-08-26T08:00:00+00:00,0.008030517088308363,0.0825,0.089,0.08592452,0.08575,76540.85,BTC-26AUG26,0.5282,0.97198,4.40982,0.0,0.0,0.006499999999999992,BTC,76497.51,0.0
2026-08-23T09:36:16.153934+00:00,BTC-4SEP26-66000-P,76593.89,BTC-4SEP26,put,66000.0,2026-09-04T08:00:00+00:00,0.03267117417249728,0.0015,0.0019,0.00175333,0.0017,76593.89,BTC-4SEP26,0.5004,-0.04534,13.20772,163.4,1.0,0.00039999999999999996,BTC,76497.51,136.42
2026-08-23T09:36:16.153934+00:00,BTC-24AUG26-80000-P,76495.97,BTC-24AUG26,put,80000.0,2026-08-24T08:00:00+00:00,0.0025548155140441603,0.042,0.05,0.04630769,0.046,76495.97,BTC-24AUG26,0.5229,-0.95425,3.7132,0.0,0.0,0.008,BTC,76497.51,0.0
2026-08-23T09:36:16.153934+00:00,BTC-25DEC26-220000-P,77696.38,BTC-25DEC26,put,220000.0,2026-12-25T08:00:00+00:00,0.33931046233129264,1.809,1.8455,1.83215405,1.82725,77696.38,BTC-25DEC26,0.6563,-0.99432,7.32811,0.0,0.0,0.03649999999999998,BTC,76497.51,0.0
2026-08-23T09:36:16.153934+00:00,BTC-25JUN27-70000-P,79381.53,BTC-25JUN27,put,70000.0,2027-06-25T08:00:00+00:00,0.8375993055893352,0.0945,0.097,0.09561496,0.09575,79381.53,BTC-25JUN27,0.43170000000000003,-0.30291,253.80801,13.6,0.1,0.0025000000000000022,BTC,76499.49,721.26
2026-08-23T09:36:16.153934+00:00,BTC-24AUG26-72000-P,76495.97,BTC-24AUG26,put,72000.0,2026-08-24T08:00:00+00:00,0.0025548155140441603,0.0001,0.0003,9.619e-05,0.0002,76495.97,BTC-24AUG26,0.5227,-0.01041,1.06692,47.7,1.7,0.00019999999999999998,BTC,76499.49,59.22
2026-08-23T09:36:16.153934+00:00,BTC-26MAR27-65000-C,78511.39,BTC-26MAR27,call,65000.0,2027-03-26T08:00:00+00:00,0.5884548839603139,0.226,0.2285,0.22679462,0.22725,78511.39,BTC-26MAR27,0.4391,0.76703,184.27609,367.1,1.5,0.0025000000000000022,BTC,76499.49,27298.98
2026-08-23T09:36:16.153934+00:00,BTC-26MAR27-130000-C,78511.39,BTC-26MAR27,call,130000.0,2027-03-26T08:00:00+00:00,0.5884548839603139,0.0135,0.015,0.01425829,0.01425,78511.39,BTC-26MAR27,0.4512,0.09971,105.52497,1091.9,1.0,0.0014999999999999996,BTC,76499.49,1198.14
2026-08-23T09:36:16.153934+00:00,BTC-25JUN27-180000-C,79379.78,BTC-25JUN27,call,180000.0,2027-06-25T08:00:00+00:00,0.8375993055893352,0.0075,0.0095,0.00824074,0.0085,79379.78,BTC-25JUN27,0.4836,0.05204,77.37961,20.2,0.0,0.002,BTC,76498.84,0.0
2026-08-23T09:36:16.153934+00:00,BTC-24AUG26-67000-P,76495.97,BTC-24AUG26,put,67000.0,2026-08-24T08:00:00+00:00,0.0025548155140441603,,0.0001,2.99e-06,,76495.97,BTC-24AUG26,0.7679,-0.00029,0.04164,9.5,8.2,,BTC,76499.49,62.71
2026-08-23T09:36:16.153934+00:00,BTC-25SEP26-175000-C,76761.38,BTC-25SEP26,call,175000.0,2026-09-25T08:00:00+00:00,0.0901660407022714,,0.0002,0.00011867,,76761.38,BTC-25SEP26,0.893,0.00165,1.22831,1368.4,0.1,,BTC,76499.49,1.54
2026-08-23T09:36:16.153934+00:00,BTC-30OCT26-77000-P,77076.73,BTC-30OCT26,put,77000.0,2026-10-30T08:00:00+00:00,0.18599081825189495,0.068,0.0695,0.06875171,0.06875,77076.73,BTC-30OCT26,0.4031,-0.46281,132.09412,59.4,5.2,0.0015000000000000013,BTC,76498.84,26070.99
2026-08-23T09:36:16.153934+00:00,BTC-28AUG26-74000-P,76556.12,BTC-28AUG26,put,74000.0,2026-08-28T08:00:00+00:00,0.013506218662572565,0.0065,0.0075,0.00705314,0.007,76556.12,BTC-28AUG26,0.4238,-0.23733,27.49529,537.7,161.0,0.001,BTC,76498.84,103145.91
2026-08-23T09:36:16.153934+00:00,BTC-27AUG26-68000-C,76547.465,SYN.BTC-27AUG26,call,68000.0,2026-08-27T08:00:00+00:00,0.010768367875440464,0.109,0.116,0.11211518,0.1125,76547.465,SYN.BTC-27AUG26,0.5625,0.98043,3.77663,0.0,0.0,0.007000000000000006,BTC,76498.84,0.0
2026-08-23T09:36:16.153934+00:00,BTC-26AUG26-79500-P,76540.85,BTC-26AUG26,put,79500.0,2026-08-26T08:00:00+00:00,0.008030517088308363,0.0395,0.046,0.0427825,0.04275,76540.85,BTC-26AUG26,0.46020000000000005,-0.81596,18.24951,0.0,0.0,0.006499999999999999,BTC,76499.13,0.0
2026-08-23T09:36:16.153934+00:00,BTC-28AUG26-50000-C,76556.12,BTC-28AUG26,call,50000.0,2026-08-28T08:00:00+00:00,0.013506218662572565,0.3445,0.3495,0.34690688,0.347,76556.12,BTC-28AUG26,1.2118,0.99902,0.29506,51.0,0.0,0.0050000000000000044,BTC,76499.13,0.0
2026-08-23T09:36:16.153934+00:00,BTC-11SEP26-76000-P,76640.0,BTC-11SEP26,put,76000.0,2026-09-11T08:00:00+00:00,0.05183612968242198,0.031,0.032,0.03172122,0.0315,76640.0,BTC-11SEP26,0.3951,-0.44483,68.96835,129.6,61.5,0.0010000000000000009,BTC,76499.13,145353.92
2026-08-23T09:36:16.153934+00:00,BTC-26MAR27-84000-C,78511.39,BTC-26MAR27,call,84000.0,2027-03-26T08:00:00+00:00,0.5884548839603139,0.0985,0.101,0.09964564,0.09975,78511.39,BTC-26MAR27,0.4175,0.47996,240.07774,263.4,1.8,0.0025000000000000022,BTC,76499.13,14471.43
2026-08-23T09:36:16.153934+00:00,BTC-24AUG26-81000-C,76495.97,BTC-24AUG26,call,81000.0,2026-08-24T08:00:00+00:00,0.0025548155140441603,0.0001,0.0004,0.00027911,0.00025,76495.97,BTC-24AUG26,0.5757,0.02474,2.23839,175.0,55.9,0.00030000000000000003,BTC,76499.13,2713.45
2026-08-23T09:36:16.153934+00:00,BTC-25JUN27-160000-C,79381.53,BTC-25JUN27,call,160000.0,2027-06-25T08:00:00+00:00,0.8375993055893352,0.0115,0.0135,0.0124585,0.0125,79381.53,BTC-25JUN27,0.4657,0.07628,104.21801,516.6,0.0,0.002,BTC,76499.13,0.0
2026-08-23T09:36:16.153934+00:00,BTC-25JUN27-170000-P,79381.53,BTC-25JUN27,put,170000.0,2027-06-25T08:00:00+00:00,0.8375993055893352,1.132,1.1725,1.15174565,1.15225,79381.53,BTC-25JUN27,0.47450000000000003,-0.93775,89.11015,14.7,0.0,0.0405000000000002,BTC,76499.08,0.0
2026-08-23T09:36:16.153934+00:00,BTC-24AUG26-75000-C,76495.97,BTC-24AUG26,call,75000.0,2026-08-24T08:00:00+00:00,0.0025548155140441603,0.0195,0.0225,0.02116463,0.021,76495.97,BTC-24AUG26,0.38880000000000003,0.84577,9.17776,10.8,0.5,0.002999999999999999,BTC,76499.13,1105.06
2026-08-23T09:36:16.153934+00:00,BTC-25SEP26-86000-P,76761.68,BTC-25SEP26,put,86000.0,2026-09-25T08:00:00+00:00,0.0901660407022714,0.1285,0.1365,0.13335538,0.1325,76761.68,BTC-25SEP26,0.4156,-0.80172,64.22024,11.6,0.0,0.008000000000000007,BTC,76499.13,0.0
2026-08-23T09:36:16.153934+00:00,BTC-25SEP26-68000-C,76761.68,BTC-25SEP26,call,68000.0,2026-09-25T08:00:00+00:00,0.0901660407022714,0.123,0.1295,0.12533235,0.12625,76761.68,BTC-25SEP26,0.4276,0.84348,55.30007,927.6,30.7,0.006500000000000006,BTC,76499.13,292435.88
2026-08-23T09:36:16.153934+00:00,BTC-11SEP26-73000-P,76639.94,BTC-11SEP26,put,73000.0,2026-09-11T08:00:00+00:00,0.05183612968242198,0.016,0.017,0.01656625,0.0165,76639.94,BTC-11SEP26,0.39880000000000004,-0.28039,58.79742,26.1,0.0,0.0010000000000000009,BTC,76499.08,0.0
2026-08-23T09:36:16.153934+00:00,BTC-26AUG26-79500-C,76542.45,BTC-26AUG26,call,79500.0,2026-08-26T08:00:00+00:00,0.008030517088308363,0.0038,0.0043,0.00406363,0.00405,76542.45,BTC-26AUG26,0.46020000000000005,0.18407,18.25168,0.1,0.1,0.0005,BTC,76499.08,50.03
2026-08-23T09:36:16.153934+00:00,BTC-25SEP26-280000-C,76761.68,BTC-25SEP26,call,280000.0,2026-09-25T08:00:00+00:00,0.0901660407022714,,0.0002,0.00011444,,76761.68,BTC-25SEP26,1.3252000000000002,0.00114,0.87354,76.2,0.0,,BTC,76499.08,0.0
2026-08-23T09:36:16.153934+00:00,BTC-25DEC26-230000-C,77696.38,BTC-25DEC26,call,230000.0,2026-12-25T08:00:00+00:00,0.33931046233129264,0.0004,0.0008,0.00052214,0.0006,77696.38,BTC-25DEC26,0.6679999999999999,0.00473,6.22688,202.3,0.1,0.0004,BTC,76499.08,4.64
2026-08-23T09:36:16.153934+00:00,BTC-24AUG26-72000-C,76495.97,BTC-24AUG26,call,72000.0,2026-08-24T08:00:00+00:00,0.0025548155140441603,0.0575,0.0605,0.05887112,0.059,76495.97,BTC-24AUG26,0.5227,0.98958,1.0671,86.3,0.0,0.0029999999999999957,BTC,76499.08,0.0
2026-08-23T09:36:16.153934+00:00,BTC-26AUG26-84000-P,76540.85,BTC-26AUG26,put,84000.0,2026-08-26T08:00:00+00:00,0.008030517088308363,0.0955,0.102,0.09815581,0.09875,76540.85,BTC-26AUG26,0.5579,-0.96704,5.04404,0.0,0.0,0.006499999999999992,BTC,76499.08,0.0
2026-08-23T09:36:16.153934+00:00,BTC-25AUG26-85000-C,76515.82,BTC-25AUG26,call,85000.0,2026-08-25T08:00:00+00:00,0.005292666301176262,0.0001,0.0004,0.00025194,0.00025,76515.82,BTC-25AUG26,0.6591,0.01463,2.06334,3.8,2.0,0.00030000000000000003,BTC,76499.08,65.8
2026-08-23T09:36:16.153934+00:00,BTC-27AUG26-85000-C,76547.465,SYN.BTC-27AUG26,call,85000.0,2026-08-27T08:00:00+00:00,0.010768367875440464,0.0005,0.0008,0.0007323,0.00065,76547.465,SYN.BTC-27AUG26,0.5429999999999999,0.0332,5.8779,0.1,0.1,0.00030000000000000003,BTC,76499.08,5.36
2026-08-23T09:36:16.153934+00:00,BTC-25JUN27-98000-C,79379.78,BTC-25JUN27,call,98000.0,2027-06-25T08:00:00+00:00,0.8375993055893352,0.076,0.079,0.077602,0.0775,79379.78,BTC-25JUN27,0.4201,0.36114,272.20826,4.2,2.2,0.0030000000000000027,BTC,76499.12,13588.58
2026-08-23T09:36:16.153934+00:00,BTC-25DEC26-50000-P,77696.38,BTC-25DEC26,put,50000.0,2026-12-25T08:00:00+00:00,0.33931046233129264,0.0075,0.0085,0.00823035,0.008,77696.38,BTC-25DEC26,0.5262,-0.0558,50.94552,2227.0,1.0,0.0010000000000000009,BTC,76499.08,609.22
2026-08-23T09:36:16.153934+00:00,BTC-26AUG26-76000-P,76542.45,BTC-26AUG26,put,76000.0,2026-08-26T08:00:00+00:00,0.008030517088308363,0.011,0.012,0.01179344,0.0115,76542.45,BTC-26AUG26,0.42200000000000004,-0.41822,26.78686,1.0,1.0,0.0010000000000000009,BTC,76499.12,1142.08
2026-08-23T09:36:16.153934+00:00,BTC-27AUG26-71000-P,76547.465,SYN.BTC-27AUG26,put,71000.0,2026-08-27T08:00:00+00:00,0.010768367875440464,0.001,0.0013,0.00128569,0.00115,76547.465,SYN.BTC-27AUG26,0.473,-0.05952,9.40372,0.0,0.0,0.0002999999999999999,BTC,76499.08,0.0
2026-08-23T09:36:16.153934+00:00,BTC-28AUG26-65000-C,76556.12,BTC-28AUG26,call,65000.0,2026-08-28T08:00:00+00:00,0.013506218662572565,0.1485,0.155,0.15121707,0.15175,76556.12,BTC-28AUG26,0.6274000000000001,0.98872,2.63465,1364.1,1.2,0.006500000000000006,BTC,76499.08,14448.08
2026-08-23T09:36:16.153934+00:00,BTC-27AUG26-76500-P,76547.465,SYN.BTC-27AUG26,put,76500.0,2026-08-27T08:00:00+00:00,0.010768367875440464,0.0165,0.018,0.01725748,0.01725,76547.465,SYN.BTC-27AUG26,0.42460000000000003,-0.48529,31.67227,0.0,0.0,0.0014999999999999979,BTC,76499.12,0.0
2026-08-23T09:36:16.153934+00:00,BTC-28AUG26-68000-P,76556.12,BTC-28AUG26,put,68000.0,2026-08-28T08:00:00+00:00,0.013506218662572565,0.0005,0.0007,0.00062948,0.0006,76556.12,BTC-28AUG26,0.5336,-0.02583,5.34493,1262.0,118.3,0.00019999999999999998,BTC,76499.12,7998.0
2026-08-23T09:36:16.153934+00:00,BTC-28AUG26-76000-C,76556.12,BTC-28AUG26,call,76000.0,2026-08-28T08:00:00+00:00,0.013506218662572565,0.0225,0.0235,0.02329049,0.023,76556.12,BTC-28AUG26,0.4211,0.56928,34.9646,1268.7,293.1,0.0010000000000000009,BTC,76499.12,651660.13
2026-08-23T09:36:16.153934+00:00,BTC-4SEP26-55000-P,76593.89,BTC-4SEP26,put,55000.0,2026-09-04T08:00:00+00:00,0.03267117417249728,0.0001,0.0005,0.00026397,0.0003,76593.89,BTC-4SEP26,0.7465,-0.00584,2.29823,201.5,5.1,0.0004,BTC,76499.12,117.74
2026-08-23T09:36:16.153934+00:00,BTC-4SEP26-77000-P,76594.06,BTC-4SEP26,put,77000.0,2026-09-04T08:00:00+00:00,0.03267117417249728,0.031,0.0325,0.03212764,0.03175,76594.06,BTC-4SEP26,0.4064,-0.51375,55.21611,78.1,1.2,0.0015000000000000013,BTC,76499.14,2876.53
2026-08-23T09:36:16.153934+00:00,BTC-25DEC26-54000-P,77696.68,BTC-25DEC26,put,54000.0,2026-12-25T08:00:00+00:00,0.33931046233129264,0.0115,0.0125,0.01196409,0.012,77696.68,BTC-25DEC26,0.49700000000000005,-0.08059,67.68683,1867.4,20.9,0.0010000000000000009,BTC,76499.12,19285.12
2026-08-23T09:36:16.153934+00:00,BTC-11SEP26-75000-C,76639.94,BTC-11SEP26,call,75000.0,2026-09-11T08:00:00+00:00,0.05183612968242198,0.047,0.048,0.04724239,0.0475,76639.94,BTC-11SEP26,0.3953,0.61259,66.84412,66.6,2.9,0.0010000000000000009,BTC,76499.14,10285.25
2026-08-23T09:36:16.153934+00:00,BTC-25DEC26-92000-P,77696.38,BTC-25DEC26,put,92000.0,2026-12-25T08:00:00+00:00,0.33931046233129264,0.216,0.227,0.22234694,0.2215,77696.38,BTC-25DEC26,0.41869999999999996,-0.71581,153.50883,5.6,0.0,0.01100000000000001,BTC,76499.14,0.0
2026-08-23T09:36:16.153934+00:00,BTC-28AUG26-40000-C,76556.12,BTC-28AUG26,call,40000.0,2026-08-28T08:00:00+00:00,0.013506218662572565,0.4765,0.4795,0.47749369,0.478,76556.12,BTC-28AUG26,1.2764,1.0,0.00178,24.1,0.0,0.0030000000000000027,BTC,76499.14,0.0
2026-08-23T09:36:16.153934+00:00,BTC-26MAR27-78000-P,78511.39,BTC-26MAR27,put,78000.0,2027-03-26T08:00:00+00:00,0.5884548839603139,0.123,0.126,0.12389157,0.1245,78511.39,BTC-26MAR27,0.41840000000000005,-0.42806,236.46375,187.6,3.0,0.0030000000000000027,BTC,76499.21,27874.64
2026-08-23T09:36:16.153934+00:00,BTC-24AUG26-64000-C,76495.97,BTC-24AUG26,call,64000.0,2026-08-24T08:00:00+00:00,0.0025548155140441603,0.1605,0.1665,0.16335551,0.1635,76495.97,BTC-24AUG26,0.7779,1.0,0.00047,0.0,0.0,0.006000000000000005,BTC,76499.21,0.0
2026-08-23T09:36:16.153934+00:00,BTC-25SEP26-54000-C,76761.68,BTC-25SEP26,call,54000.0,2026-09-25T08:00:00+00:00,0.0901660407022714,0.2955,0.301,0.29821148,0.29825,76761.68,BTC-25SEP26,0.6148,0.97719,12.47613,7.4,0.0,0.005500000000000005,BTC,76499.14,0.0
2026-08-23T09:36:16.153934+00:00,BTC-25DEC26-108000-C,77696.38,BTC-25DEC26,call,108000.0,2026-12-25T08:00:00+00:00,0.33931046233129264,0.0135,0.0145,0.01403307,0.014,77696.38,BTC-25DEC26,0.4391,0.12315,92.2371,128.9,0.2,0.0010000000000000009,BTC,76499.21,215.41
2026-08-23T09:36:16.153934+00:00,BTC-25DEC26-60000-P,77696.38,BTC-25DEC26,put,60000.0,2026-12-25T08:00:00+00:00,0.33931046233129264,0.0205,0.022,0.02121126,0.02125,77696.38,BTC-25DEC26,0.46259999999999996,-0.13695,99.2754,6605.2,10.9,0.0014999999999999979,BTC,76499.21,17282.77
2026-08-23T09:36:16.153934+00:00,BTC-25JUN27-58000-C,79381.53,BTC-25JUN27,call,58000.0,2027-06-25T08:00:00+00:00,0.8375993055893352,0.3135,0.317,0.31483654,0.31525,79381.53,BTC-25JUN27,0.4536,0.83233,182.30168,13.9,0.0,0.003500000000000003,BTC,76499.06,0.0
2026-08-23T09:36:16.153934+00:00,BTC-25DEC26-250000-P,77696.38,BTC-25DEC26,put,250000.0,2026-12-25T08:00:00+00:00,0.33931046233129264,2.1905,2.233,2.21812949,2.21175,77696.38,BTC-25DEC26,0.7065,-0.9958,5.60707,10.0,0.0,0.04249999999999998,BTC,76499.21,0.0
2026-08-23T09:36:16.153934+00:00,BTC-11SEP26-69000-C,76639.94,BTC-11SEP26,call,69000.0,2026-09-11T08:00:00+00:00,0.05183612968242198,0.1035,0.1095,0.10612207,0.1065,76639.94,BTC-11SEP26,0.4239,0.87223,36.48535,1.2,0.0,0.006000000000000005,BTC,76499.06,0.0
2026-08-23T09:36:16.153934+00:00,BTC-24AUG26-79000-P,76495.97,BTC-24AUG26,put,79000.0,2026-08-24T08:00:00+00:00,0.0025548155140441603,0.032,0.0355,0.03371737,0.03375,76495.97,BTC-24AUG26,0.47090000000000004,-0.91034,6.25767,6.4,0.0,0.003499999999999996,BTC,76499.06,0.0
2026-08-23T09:36:16.153934+00:00,BTC-25SEP26-85000-C,76761.68,BTC-25SEP26,call,85000.0,2026-09-25T08:00:00+00:00,0.0901660407022714,0.0145,0.0155,0.01499598,0.015,76761.68,BTC-25SEP26,0.41200000000000003,0.22315,68.83257,1551.9,141.0,0.0009999999999999992,BTC,76499.06,166286.83
2026-08-23T09:36:16.153934+00:00,BTC-26MAR27-190000-P,78511.39,BTC-26MAR27,put,190000.0,2027-03-26T08:00:00+00:00,0.5884548839603139,1.401,1.446,1.42396264,1.4235,78511.39,BTC-26MAR27,0.5428999999999999,-0.97211,38.58916,0.9,0.0,0.04499999999999993,BTC,76499.06,0.0
2026-08-23T09:36:16.153934+00:00,BTC-11SEP26-78000-P,76640.0,BTC-11SEP26,put,78000.0,2026-09-11T08:00:00+00:00,0.05183612968242198,0.0455,0.0465,0.04597841,0.046,76640.0,BTC-11SEP26,0.3975,-0.55902,68.87281,32.7,0.0,0.0010000000000000009,BTC,76498.97,0.0
2026-08-23T09:36:16.153934+00:00,BTC-25DEC26-160000-C,77696.38,BTC-25DEC26,call,160000.0,2026-12-25T08:00:00+00:00,0.33931046233129264,0.0016,0.0024,0.0019326,0.002,77696.38,BTC-25DEC26,0.551,0.01842,20.44473,1261.1,0.4,0.0007999999999999997,BTC,76499.06,60.48
2026-08-23T09:36:16.153934+00:00,BTC-11SEP26-77000-C,76639.94,BTC-11SEP26,call,77000.0,2026-09-11T08:00:00+00:00,0.05183612968242198,0.0335,0.0345,0.03387379,0.034,76639.94,BTC-11SEP26,0.3973,0.49763,69.63483,105.1,25.1,0.0010000000000000009,BTC,76498.97,73778.36
2026-08-23T09:36:16.153934+00:00,BTC-27AUG26-77000-C,76547.465,SYN.BTC-27AUG26,call,77000.0,2026-08-27T08:00:00+00:00,0.010768367875440464,0.014,0.0155,0.01499642,0.01475,76547.465,SYN.BTC-27AUG26,0.4282,0.45635,31.50391,0.0,0.0,0.0014999999999999996,BTC,76498.97,0.0
2026-08-23T09:36:16.153934+00:00,BTC-25DEC26-88000-P,77696.38,BTC-25DEC26,put,88000.0,2026-12-25T08:00:00+00:00,0.33931046233129264,0.1765,0.1905,0.1824018,0.1835,77696.38,BTC-25DEC26,0.41619999999999996,-0.65254,167.25952,4.5,0.0,0.014000000000000012,BTC,76498.97,0.0
2026-08-23T09:36:16.153934+00:00,BTC-25DEC26-96000-P,77696.68,BTC-25DEC26,put,96000.0,2026-12-25T08:00:00+00:00,0.33931046233129264,0.257,0.271,0.26496568,0.264,77696.68,BTC-25DEC26,0.42210000000000003,-0.76958,137.62512,11.3,0.0,0.014000000000000012,BTC,76498.97,0.0
2026-08-23T09:36:16.153934+00:00,BTC-25SEP26-96000-P,76761.68,BTC-25SEP26,put,96000.0,2026-09-25T08:00:00+00:00,0.0901660407022714,0.2485,0.2585,0.25439703,0.2535,76761.68,BTC-25SEP26,0.4693,-0.93545,29.07949,1.0,0.0,0.010000000000000009,BTC,76498.97,0.0
2026-08-23T09:36:16.153934+00:00,BTC-25DEC26-90000-C,77696.38,BTC-25DEC26,call,90000.0,2026-12-25T08:00:00+00:00,0.33931046233129264,0.043,0.044,0.04363855,0.0435,77696.38,BTC-25DEC26,0.41729999999999995,0.31468,160.771,3524.6,0.0,0.0010000000000000009,BTC,76498.97,0.0
2026-08-23T09:36:16.153934+00:00,BTC-26MAR27-66000-C,78511.39,BTC-26MAR27,call,66000.0,2027-03-26T08:00:00+00:00,0.5884548839603139,0.217,0.22,0.21809731,0.2185,78511.39,BTC-26MAR27,0.4371,0.75346,190.05743,23.9,0.0,0.0030000000000000027,BTC,76498.08,0.0
2026-08-23T09:36:16.153934+00:00,BTC-25JUN27-62000-P,79381.53,BTC-25JUN27,put,62000.0,2027-06-25T08:00:00+00:00,0.8375993055893352,0.0585,0.0605,0.05938914,0.0595,79381.53,BTC-25JUN27,0.4448,-0.20884,208.78339,67.8,0.0,0.001999999999999995,BTC,76498.08,0.0
2026-08-23T09:36:16.153934+00:00,BTC-26AUG26-69000-P,76540.85,BTC-26AUG26,put,69000.0,2026-08-26T08:00:00+00:00,0.008030517088308363,0.0002,0.0005,0.00034903,0.00035,76540.85,BTC-26AUG26,0.5624,-0.01846,3.10303,22.7,22.7,0.00030000000000000003,BTC,76498.97,880.75
2026-08-23T09:36:16.153934+00:00,BTC-26MAR27-200000-P,78511.39,BTC-26MAR27,put,200000.0,2027-03-26T08:00:00+00:00,0.5884548839603139,1.5265,1.5745,1.55050824,1.5505,78511.39,BTC-26MAR27,0.5490999999999999,-0.97753,32.18888,1.0,0.0,0.04800000000000004,BTC,76498.08,0.0
2026-08-23T09:36:16.153934+00:00,BTC-26MAR27-45000-C,78511.39,BTC-26MAR27,call,45000.0,2027-03-26T08:00:00+00:00,0.5884548839603139,0.434,0.442,0.43780653,0.438,78511.39,BTC-26MAR27,0.5192,0.94479,67.23124,3.3,0.0,0.008000000000000007,BTC,76498.08,0.0
2026-08-23T09:36:16.153934+00:00,BTC-25SEP26-30000-P,76761.68,BTC-25SEP26,put,30000.0,2026-09-25T08:00:00+00:00,0.0901660407022714,0.0001,0.0004,0.00028259,0.00025,76761.68,BTC-25SEP26,1.1847,-0.00241,1.73355,2550.8,0.0,0.00030000000000000003,BTC,76498.08,0.0
2026-08-23T09:36:16.153934+00:00,BTC-11SEP26-70000-P,76640.0,BTC-11SEP26,put,70000.0,2026-09-11T08:00:00+00:00,0.05183612968242198,0.0075,0.0085,0.00803844,0.008,76640.0,BTC-11SEP26,0.4133,-0.15619,41.80321,68.3,0.1,0.0010000000000000009,BTC,76497.58,64.85
2026-08-23T09:36:16.153934+00:00,BTC-4SEP26-80000-P,76593.89,BTC-4SEP26,put,80000.0,2026-09-04T08:00:00+00:00,0.03267117417249728,0.0565,0.0585,0.05797594,0.0575,76593.89,BTC-4SEP26,0.4171,-0.70514,47.77164,31.3,0.0,0.0020000000000000018,BTC,76497.58,0.0
2026-08-23T09:36:16.153934+00:00,BTC-30OCT26-95000-C,77076.73,BTC-30OCT26,call,95000.0,2026-10-30T08:00:00+00:00,0.18599081825189495,0.0125,0.0135,0.0129775,0.013,77076.73,BTC-30OCT26,0.42619999999999997,0.14809,76.87661,576.1,0.0,0.0009999999999999992,BTC,76497.58,0.0
2026-08-23T09:36:16.153934+00:00,BTC-4SEP26-85000-C,76593.89,BTC-4SEP26,call,85000.0,2026-09-04T08:00:00+00:00,0.03267117417249728,0.0039,0.0042,0.00418779,0.00405,76593.89,BTC-4SEP26,0.4535,0.10898,25.86732,218.1,120.5,0.0002999999999999999,BTC,76497.58,52032.53
2026-08-23T09:36:16.153934+00:00,BTC-25SEP26-260000-C,76761.38,BTC-25SEP26,call,260000.0,2026-09-25T08:00:00+00:00,0.0901660407022714,,0.0002,0.00012447,,76761.38,BTC-25SEP26,1.2665,0.00128,0.97216,293.4,0.0,,BTC,76497.58,0.0
2026-08-23T09:36:16.153934+00:00,BTC-26MAR27-160000-C,78511.39,BTC-26MAR27,call,160000.0,2027-03-26T08:00:00+00:00,0.5884548839603139,0.0055,0.007,0.00624468,0.00625,78511.39,BTC-26MAR27,0.494,0.04564,57.76347,862.4,2.0,0.0015000000000000005,BTC,76497.51,1078.15
2026-08-23T09:36:16.153934+00:00,BTC-4SEP26-82000-P,76593.89,BTC-4SEP26,put,82000.0,2026-09-04T08:00:00+00:00,0.03267117417249728,0.0745,0.082,0.07904861,0.07825,76593.89,BTC-4SEP26,0.43060000000000004,-0.79864,38.92853,0.0,0.0,0.007500000000000007,BTC,76497.58,0.0
2026-08-23T09:36:16.153934+00:00,BTC-30OCT26-50000-C,77076.73,BTC-30OCT26,call,50000.0,2026-10-30T08:00:00+00:00,0.18599081825189495,0.352,0.358,0.35451301,0.355,77076.73,BTC-30OCT26,0.5737,0.96947,22.95822,0.1,0.0,0.006000000000000005,BTC,76497.51,0.0
2026-08-23T09:36:16.153934+00:00,BTC-25AUG26-71000-C,76517.76,BTC-25AUG26,call,71000.0,2026-08-25T08:00:00+00:00,0.005292666301176262,0.07,0.075,0.0724351,0.0725,76517.76,BTC-25AUG26,0.5353,0.97466,3.2904,1.0,0.0,0.0049999999999999906,BTC,76497.58,0.0
2026-08-23T09:36:16.153934+00:00,BTC-25DEC26-66000-P,77696.38,BTC-25DEC26,put,66000.0,2026-12-25T08:00:00+00:00,0.33931046233129264,0.0365,0.038,0.03717289,0.03725,77696.38,BTC-25DEC26,0.4388,-0.22179,134.68244,369.5,2.1,0.0015000000000000013,BTC,76497.51,6121.7
2026-08-23T09:36:16.153934+00:00,BTC-25SEP26-82000-C,76761.68,BTC-25SEP26,call,82000.0,2026-09-25T08:00:00+00:00,0.0901660407022714,0.0225,0.0235,0.02312377,0.023,76761.68,BTC-25SEP26,0.40399999999999997,0.31434,81.83697,4466.6,8.0,0.0010000000000000009,BTC,76497.51,14204.96
2026-08-23T09:36:16.153934+00:00,BTC-30OCT26-96000-C,77076.73,BTC-30OCT26,call,96000.0,2026-10-30T08:00:00+00:00,0.18599081825189495,0.0115,0.0125,0.01195699,0.012,77076.73,BTC-30OCT26,0.42979999999999996,0.13762,73.15713,17.3,0.0,0.0010000000000000009,BTC,76494.95,0.0
2026-08-23T09:36:16.153934+00:00,BTC-26MAR27-92000-P,78511.39,BTC-26MAR27,put,92000.0,2027-03-26T08:00:00+00:00,0.5884548839603139,0.2325,0.2505,0.24067629,0.2415,78511.39,BTC-26MAR27,0.418,-0.63076,227.33717,0.6,0.0,0.017999999999999988,BTC,76494.95,0.0
2026-08-23T09:36:16.153934+00:00,BTC-25DEC26-190000-P,77696.38,BTC-25DEC26,put,190000.0,2026-12-25T08:00:00+00:00,0.33931046233129264,1.428,1.4585,1.44644847,1.44325,77696.38,BTC-25DEC26,0.6093999999999999,-0.99031,11.73552,0.0,0.0,0.03049999999999997,BTC,76497.51,0.0
2026-08-23T09:36:16.153934+00:00,BTC-26AUG26-75500-C,76540.85,BTC-26AUG26,call,75500.0,2026-08-26T08:00:00+00:00,0.008030517088308363,0.0215,0.0235,0.02262327,0.0225,76540.85,BTC-26AUG26,0.419,0.64893,25.43368,0.0,0.0,0.0020000000000000018,BTC,76494.95,0.0
2026-08-23T09:36:16.153934+00:00,BTC-27AUG26-77500-P,76547.465,SYN.BTC-27AUG26,put,77500.0,2026-08-27T08:00:00+00:00,0.010768367875440464,0.024,0.026,0.02484939,0.025,76547.465,SYN.BTC-27AUG26,0.431,-0.60048,30.68146,0.0,0.0,0.0019999999999999983,BTC,76494.95,0.0
2026-08-23T09:36:16.153934+00:00,BTC-25DEC26-35000-C,77696.38,BTC-25DEC26,call,35000.0,2026-12-25T08:00:00+00:00,0.33931046233129264,0.5495,0.5545,0.55171498,0.552,77696.38,BTC-25DEC26,0.6818000000000001,0.98628,15.87525,77.8,0.0,0.0050000000000000044,BTC,76494.95,0.0
2026-08-23T09:36:16.153934+00:00,BTC-24AUG26-63000-P,76495.97,BTC-24AUG26,put,63000.0,2026-08-24T08:00:00+00:00,0.0025548155140441603,,0.0001,0.0,,76495.97,BTC-24AUG26,0.7779,0.0,7e-05,1.7,0.0,,BTC,76494.95,0.0
2026-08-23T09:36:16.153934+00:00,BTC-25DEC26-160000-P,77696.38,BTC-25DEC26,put,160000.0,2026-12-25T08:00:00+00:00,0.33931046233129264,1.0465,1.0715,1.06122556,1.059,77696.38,BTC-25DEC26,0.551,-0.98158,20.43703,0.1,0.0,0.02499999999999991,BTC,76494.95,0.0
2026-08-23T09:36:16.153934+00:00,BTC-25DEC26-120000-C,77696.38,BTC-25DEC26,call,120000.0,2026-12-25T08:00:00+00:00,0.33931046233129264,0.007,0.008,0.00753093,0.0075,77696.38,BTC-25DEC26,0.4629,0.06979,60.65084,5872.0,53.5,0.001,BTC,76494.95,33476.79
2026-08-23T09:36:16.153934+00:00,BTC-26MAR27-72000-P,78511.42,BTC-26MAR27,put,72000.0,2027-03-26T08:00:00+00:00,0.5884548839603139,0.0865,0.089,0.087519,0.08775,78511.42,BTC-26MAR27,0.4268,-0.33423,219.30459,144.8,1.0,0.0025000000000000022,BTC,76495.1,6593.31
2026-08-23T09:36:16.153934+00:00,BTC-26AUG26-75500-P,76540.85,BTC-26AUG26,put,75500.0,2026-08-26T08:00:00+00:00,0.008030517088308363,0.0085,0.0095,0.00907955,0.009,76540.85,BTC-26AUG26,0.419,-0.35142,25.44203,6.9,6.9,0.0009999999999999992,BTC,76495.1,6276.75
2026-08-23T09:36:16.153934+00:00,BTC-25DEC26-150000-C,77696.38,BTC-25DEC26,call,150000.0,2026-12-25T08:00:00+00:00,0.33931046233129264,0.0024,0.0029,0.0026849,0.00265,77696.38,BTC-25DEC26,0.5346,0.02515,26.59281,1655.0,20.7,0.0005,BTC,76495.1,4606.91
2026-08-23T09:36:16.153934+00:00,BTC-25AUG26-76000-P,76517.76,BTC-25AUG26,put,76000.0,2026-08-25T08:00:00+00:00,0.005292666301176262,0.0085,0.0095,0.00907913,0.009,76517.76,BTC-25AUG26,0.4193,-0.4056,21.58068,55.3,10.9,0.0009999999999999992,BTC,76495.1,12326.25
2026-08-23T09:36:16.153934+00:00,BTC-30OCT26-58000-P,77076.73,BTC-30OCT26,put,58000.0,2026-10-30T08:00:00+00:00,0.18599081825189495,0.0065,0.0075,0.0070303,0.007,77076.73,BTC-30OCT26,0.48119999999999996,-0.07023,44.76122,137.9,0.0,0.001,BTC,76496.23,0.0
2026-08-23T09:36:16.153934+00:00,BTC-25JUN27-190000-C,79379.78,BTC-25JUN27,call,190000.0,2027-06-25T08:00:00+00:00,0.8375993055893352,0.006,0.008,0.006986,0.007,79379.78,BTC-25JUN27,0.49369999999999997,0.04406,67.7326,11.2,1.6,0.002,BTC,76496.23,863.18
2026-08-23T09:36:16.153934+00:00,BTC-26MAR27-58000-P,78511.39,BTC-26MAR27,put,58000.0,2027-03-26T08:00:00+00:00,0.5884548839603139,0.0315,0.033,0.03222401,0.03225,78511.39,BTC-26MAR27,0.4579,-0.14976,140.33285,134.7,0.1,0.0015000000000000013,BTC,76496.23,243.66
2026-08-23T09:36:16.153934+00:00,BTC-28AUG26-54000-P,76556.12,BTC-28AUG26,put,54000.0,2026-08-28T08:00:00+00:00,0.013506218662572565,0.0001,0.0002,0.0001438,0.00015,76556.12,BTC-28AUG26,1.138,-0.00342,0.91658,1732.0,0.0,0.0001,BTC,76496.23,0.0
2026-08-23T09:36:16.153934+00:00,BTC-28AUG26-81000-C,76555.82,BTC-28AUG26,call,81000.0,2026-08-28T08:00:00+00:00,0.013506218662572565,0.0039,0.0044,0.00417513,0.00415,76555.82,BTC-28AUG26,0.4621,0.15285,21.00863,1332.7,465.1,0.0005000000000000004,BTC,76496.23,255309.67
2026-08-23T09:36:16.153934+00:00,BTC-4SEP26-67000-C,76593.89,BTC-4SEP26,call,67000.0,2026-09-04T08:00:00+00:00,0.03267117417249728,0.1245,0.131,0.12735982,0.12775,76593.89,BTC-4SEP26,0.4781,0.94442,15.53421,980.0,0.0,0.006500000000000006,BTC,76496.23,0.0
2026-08-23T09:36:16.153934+00:00,BTC-28AUG26-95000-C,76556.12,BTC-28AUG26,call,95000.0,2026-08-28T08:00:00+00:00,0.013506218662572565,0.0001,0.0003,0.00018009,0.0002,76556.12,BTC-28AUG26,0.7371,0.00663,1.65316,152.6,2.0,0.00019999999999999998,BTC,76496.23,36.99
2026-08-23T09:36:16.153934+00:00,BTC-25JUN27-100000-C,79379.78,BTC-25JUN27,call,100000.0,2027-06-25T08:00:00+00:00,0.8375993055893352,0.0705,0.0735,0.07216668,0.072,79379.78,BTC-25JUN27,0.4205,0.3419,266.86671,163.0,60.9,0.0030000000000000027,BTC,76499.44,348615.8
2026-08-23T09:36:16.153934+00:00,BTC-24AUG26-68000-C,76495.97,BTC-24AUG26,call,68000.0,2026-08-24T08:00:00+00:00,0.0025548155140441603,0.1085,0.114,0.11107399,0.11125,76495.97,BTC-24AUG26,0.7458,0.99917,0.10909,0.0,0.0,0.005500000000000005,BTC,76499.44,0.0
2026-08-23T09:36:16.153934+00:00,BTC-26AUG26-71000-P,76540.85,BTC-26AUG26,put,71000.0,2026-08-26T08:00:00+00:00,0.008030517088308363,0.0007,0.0009,0.00081463,0.0008,76540.85,BTC-26AUG26,0.4972,-0.04382,6.36387,5.4,5.4,0.00019999999999999998,BTC,76499.44,499.31
2026-08-23T09:36:16.153934+00:00,BTC-25SEP26-88000-C,76761.38,BTC-25SEP26,call,88000.0,2026-09-25T08:00:00+00:00,0.0901660407022714,0.0095,0.0105,0.00996618,0.01,76761.38,BTC-25SEP26,0.4255,0.15753,55.5354,1098.3,9.8,0.0010000000000000009,BTC,76499.44,8511.78
2026-08-23T09:36:16.153934+00:00,BTC-25DEC26-66000-C,77696.38,BTC-25DEC26,call,66000.0,2026-12-25T08:00:00+00:00,0.33931046233129264,0.187,0.189,0.18771454,0.188,77696.38,BTC-25DEC26,0.4388,0.77824,134.67615,280.6,2.0,0.0020000000000000018,BTC,76499.44,30116.16
2026-08-23T09:36:16.153934+00:00,BTC-25DEC26-102000-C,77696.38,BTC-25DEC26,call,102000.0,2026-12-25T08:00:00+00:00,0.33931046233129264,0.0195,0.0205,0.02006852,0.02,77696.38,BTC-25DEC26,0.42950000000000005,0.16788,113.65642,374.1,6.1,0.0010000000000000009,BTC,76499.44,9337.0
2026-08-23T09:36:16.153934+00:00,BTC-28AUG26-69000-C,76556.12,BTC-28AUG26,call,69000.0,2026-08-28T08:00:00+00:00,0.013506218662572565,0.097,0.1035,0.09958057,0.10025,76556.12,BTC-28AUG26,0.5099,0.9627,7.24379,2442.3,1.1,0.006499999999999992,BTC,76499.44,8838.25
2026-08-23T09:36:16.153934+00:00,BTC-26MAR27-104000-C,78511.39,BTC-26MAR27,call,104000.0,2027-03-26T08:00:00+00:00,0.5884548839603139,0.039,0.0405,0.03990569,0.03975,78511.39,BTC-26MAR27,0.4243,0.24186,188.10074,115.9,4.3,0.0015000000000000013,BTC,76496.82,13440.83
2026-08-23T09:36:16.153934+00:00,BTC-30OCT26-84000-C,77076.73,BTC-30OCT26,call,84000.0,2026-10-30T08:00:00+00:00,0.18599081825189495,0.036,0.037,0.03643271,0.0365,77076.73,BTC-30OCT26,0.40490000000000004,0.34283,122.2337,522.8,0.3,0.0010000000000000009,BTC,76496.65,836.45
2026-08-23T09:36:16.153934+00:00,BTC-28AUG26-95000-P,76556.12,BTC-28AUG26,put,95000.0,2026-08-28T08:00:00+00:00,0.013506218662572565,0.236,0.244,0.24113289,0.24,76556.12,BTC-28AUG26,0.7371,-0.99335,1.65634,0.3,0.0,0.008000000000000007,BTC,76496.82,0.0
2026-08-23T09:36:16.153934+00:00,BTC-25DEC26-170000-C,77696.68,BTC-25DEC26,call,170000.0,2026-12-25T08:00:00+00:00,0.33931046233129264,0.0012,0.002,0.00155256,0.0016,77696.68,BTC-25DEC26,0.5724,0.01463,16.77884,2383.4,2.0,0.0008000000000000001,BTC,76496.82,292.84
2026-08-23T09:36:16.153934+00:00,BTC-25SEP26-65000-C,76761.38,BTC-25SEP26,call,65000.0,2026-09-25T08:00:00+00:00,0.0901660407022714,0.1575,0.164,0.16007967,0.16075,76761.38,BTC-25SEP26,0.456,0.90018,40.41218,1295.0,0.0,0.006500000000000006,BTC,76496.82,0.0
2026-08-23T09:36:16.153934+00:00,BTC-30OCT26-85000-P,77076.73,BTC-30OCT26,put,85000.0,2026-10-30T08:00:00+00:00,0.18599081825189495,0.1295,0.1405,0.13587478,0.135,77076.73,BTC-30OCT26,0.40590000000000004,-0.68115,118.74307,0.0,0.0,0.01100000000000001,BTC,76496.65,0.0
2026-08-23T09:36:16.153934+00:00,BTC-26MAR27-130000-P,78511.39,BTC-26MAR27,put,130000.0,2027-03-26T08:00:00+00:00,0.5884548839603139,0.656,0.685,0.67010105,0.6705,78511.39,BTC-26MAR27,0.4512,-0.9003,105.51444,0.4,0.0,0.029000000000000026,BTC,76496.65,0.0
2026-08-23T09:36:16.153934+00:00,BTC-27AUG26-76000-C,76547.465,SYN.BTC-27AUG26,call,76000.0,2026-08-27T08:00:00+00:00,0.010768367875440464,0.0205,0.022,0.0213984,0.02125,76547.465,SYN.BTC-27AUG26,0.426,0.57337,31.15557,0.0,0.0,0.0014999999999999979,BTC,76496.65,0.0
2026-08-23T09:36:16.153934+00:00,BTC-26MAR27-80000-P,78511.39,BTC-26MAR27,put,80000.0,2027-03-26T08:00:00+00:00,0.5884548839603139,0.137,0.1405,0.13867411,0.13875,78511.39,BTC-26MAR27,0.4191,-0.45907,239.11004,139.0,0.2,0.003500000000000003,BTC,76496.65,2113.96
2026-08-23T09:36:16.153934+00:00,BTC-27AUG26-78500-P,76547.465,SYN.BTC-27AUG26,put,78500.0,2026-08-27T08:00:00+00:00,0.010768367875440464,0.03,0.0375,0.0339178,0.03375,76547.465,SYN.BTC-27AUG26,0.43979999999999997,-0.70174,27.5489,0.0,0.0,0.0075,BTC,76496.65,0.0
2026-08-23T09:36:16.153934+00:00,BTC-28AUG26-62000-C,76556.12,BTC-28AUG26,call,62000.0,2026-08-28T08:00:00+00:00,0.013506218662572565,0.1875,0.193,0.19029673,0.19025,76556.12,BTC-28AUG26,0.7406999999999999,0.99366,1.58966,842.5,0.0,0.005500000000000005,BTC,76496.65,0.0
2026-08-23T09:36:16.153934+00:00,BTC-4SEP26-63000-P,76593.89,BTC-4SEP26,put,63000.0,2026-09-04T08:00:00+00:00,0.03267117417249728,0.0008,0.0012,0.00096307,0.001,76593.89,BTC-4SEP26,0.5623,-0.02422,7.88,713.3,0.0,0.00039999999999999986,BTC,76496.71,0.0
2026-08-23T09:36:16.153934+00:00,BTC-4SEP26-69000-C,76593.89,BTC-4SEP26,call,69000.0,2026-09-04T08:00:00+00:00,0.03267117417249728,0.1,0.106,0.10271902,0.103,76593.89,BTC-4SEP26,0.4483,0.90822,22.81789,402.0,0.0,0.0059999999999999915,BTC,76496.71,0.0
2026-08-23T09:36:16.153934+00:00,BTC-30OCT26-52000-C,77076.73,BTC-30OCT26,call,52000.0,2026-10-30T08:00:00+00:00,0.18599081825189495,0.3265,0.333,0.32911037,0.32975,77076.73,BTC-30OCT26,0.5455,0.96339,26.66332,0.1,0.0,0.006500000000000006,BTC,76496.74,0.0
2026-08-23T09:36:16.153934+00:00,BTC-25SEP26-300000-C,76761.68,BTC-25SEP26,call,300000.0,2026-09-25T08:00:00+00:00,0.0901660407022714,,0.0002,0.00012612,,76761.68,BTC-25SEP26,1.3972,0.00119,0.91114,191.9,0.0,,BTC,76496.71,0.0
2026-08-23T09:36:16.153934+00:00,BTC-11SEP26-68000-C,76640.0,BTC-11SEP26,call,68000.0,2026-09-11T08:00:00+00:00,0.05183612968242198,0.1155,0.1215,0.11790111,0.1185,76640.0,BTC-11SEP26,0.4353,0.89548,31.63424,1.1,0.0,0.0059999999999999915,BTC,76496.74,0.0
2026-08-23T09:36:16.153934+00:00,BTC-26MAR27-40000-C,78511.39,BTC-26MAR27,call,40000.0,2027-03-26T08:00:00+00:00,0.5884548839603139,0.4945,0.5015,0.49759898,0.498,78511.39,BTC-26MAR27,0.5527000000000001,0.96424,47.38291,81.3,0.0,0.006999999999999951,BTC,76496.74,0.0
2026-08-23T09:36:16.153934+00:00,BTC-11SEP26-71000-P,76640.0,BTC-11SEP26,put,71000.0,2026-09-11T08:00:00+00:00,0.05183612968242198,0.01,0.0105,0.01035668,0.01025,76640.0,BTC-11SEP26,0.40850000000000003,-0.19236,47.72607,354.0,0.1,0.0005000000000000004,BTC,76496.74,80.09
2026-08-23T09:36:16.153934+00:00,BTC-25SEP26-135000-C,76761.38,BTC-25SEP26,call,135000.0,2026-09-25T08:00:00+00:00,0.0901660407022714,0.0002,0.0005,0.00039435,0.00035,76761.38,BTC-25SEP26,0.7181000000000001,0.00603,3.93826,286.5,0.2,0.00030000000000000003,BTC,76496.74,4.56
2026-08-23T09:36:16.153934+00:00,BTC-25JUN27-64000-C,79381.53,BTC-25JUN27,call,64000.0,2027-06-25T08:00:00+00:00,0.8375993055893352,0.2595,0.263,0.26098743,0.26125,79381.53,BTC-25JUN27,0.44079999999999997,0.76898,221.23083,53.1,0.0,0.003500000000000003,BTC,76496.65,0.0
2026-08-23T09:36:16.153934+00:00,BTC-25SEP26-72000-P,76761.68,BTC-25SEP26,put,72000.0,2026-09-25T08:00:00+00:00,0.0901660407022714,0.022,0.023,0.02248571,0.0225,76761.68,BTC-25SEP26,0.4065,-0.27895,77.47691,502.3,29.2,0.0010000000000000009,BTC,76496.74,45128.98
2026-08-23T09:36:16.153934+00:00,BTC-26MAR27-85000-P,78511.39,BTC-26MAR27,put,85000.0,2027-03-26T08:00:00+00:00,0.5884548839603139,0.176,0.1795,0.17783024,0.17775,78511.39,BTC-26MAR27,0.41729999999999995,-0.53484,239.45797,0.9,0.1,0.003500000000000003,BTC,76496.65,1313.33
2026-08-23T09:36:16.153934+00:00,BTC-25JUN27-180000-P,79381.53,BTC-25JUN27,put,180000.0,2027-06-25T08:00:00+00:00,0.8375993055893352,1.2545,1.2985,1.27595356,1.2765,79381.53,BTC-25JUN27,0.4836,-0.94794,77.40151,0.0,0.0,0.04400000000000004,BTC,76496.65,0.0
2026-08-23T09:36:16.153934+00:00,BTC-28AUG26-55000-C,76556.12,BTC-28AUG26,call,55000.0,2026-08-28T08:00:00+00:00,0.013506218662572565,0.279,0.2845,0.2816975,0.28175,76556.12,BTC-28AUG26,1.0834000000000001,0.99641,0.95572,7.7,0.0,0.005499999999999949,BTC,76496.74,0.0
2026-08-23T09:36:16.153934+00:00,BTC-25SEP26-62000-P,76761.38,BTC-25SEP26,put,62000.0,2026-09-25T08:00:00+00:00,0.0901660407022714,0.004,0.0043,0.00431181,0.00415,76761.38,BTC-25SEP26,0.48969999999999997,-0.06345,28.6935,1097.0,3.9,0.0002999999999999999,BTC,76496.65,1249.38
2026-08-23T09:36:16.153934+00:00,BTC-11SEP26-65000-P,76640.0,BTC-11SEP26,put,65000.0,2026-09-11T08:00:00+00:00,0.05183612968242198,0.0024,0.0028,0.00263724,0.0026,76640.0,BTC-11SEP26,0.46990000000000004,-0.0555,19.55536,533.5,0.0,0.0004000000000000002,BTC,76496.65,0.0
2026-08-23T09:36:16.153934+00:00,BTC-25JUN27-65000-P,79379.78,BTC-25JUN27,put,65000.0,2027-06-25T08:00:00+00:00,0.8375993055893352,0.0705,0.073,0.07151331,0.07175,79379.78,BTC-25JUN27,0.439,-0.24252,227.22519,2.5,0.0,0.0025000000000000022,BTC,76496.65,0.0
2026-08-23T09:36:16.153934+00:00,BTC-26MAR27-55000-C,78511.39,BTC-26MAR27,call,55000.0,2027-03-26T08:00:00+00:00,0.5884548839603139,0.319,0.33,0.32471515,0.3245,78511.39,BTC-26MAR27,0.4683,0.87906,121.19678,28.6,0.0,0.01100000000000001,BTC,76496.65,0.0
2026-08-23T09:36:16.153934+00:00,BTC-30OCT26-75000-P,77076.73,BTC-30OCT26,put,75000.0,2026-10-30T08:00:00+00:00,0.18599081825189495,0.0555,0.0565,0.05585526,0.056,77076.73,BTC-30OCT26,0.4039,-0.4034,128.76119,25.4,0.0,0.0010000000000000009,BTC,76496.65,0.0
2026-08-23T09:36:16.153934+00:00,BTC-26MAR27-62000-C,78511.39,BTC-26MAR27,call,62000.0,2027-03-26T08:00:00+00:00,0.5884548839603139,0.2485,0.2585,0.25423031,0.2535,78511.39,BTC-26MAR27,0.4464,0.80527,165.98385,52.2,0.0,0.010000000000000009,BTC,76496.65,0.0
2026-08-23T09:36:16.153934+00:00,BTC-28AUG26-110000-C,76556.12,BTC-28AUG26,call,110000.0,2026-08-28T08:00:00+00:00,0.013506218662572565,,0.0001,1.004e-05,,76556.12,BTC-28AUG26,0.9107999999999999,0.00038,0.1212,317.5,0.0,,BTC,76496.65,0.0
2026-08-23T09:36:16.153934+00:00,BTC-30OCT26-92000-C,77076.73,BTC-30OCT26,call,92000.0,2026-10-30T08:00:00+00:00,0.18599081825189495,0.0165,0.0175,0.01700387,0.017,77076.73,BTC-30OCT26,0.41840000000000005,0.18673,89.28072,51.2,0.0,0.0010000000000000009,BTC,76496.65,0.0
2026-08-23T09:36:16.153934+00:00,BTC-25JUN27-52000-C,79381.53,BTC-25JUN27,call,52000.0,2027-06-25T08:00:00+00:00,0.8375993055893352,0.3735,0.377,0.3746233,0.37525,79381.53,BTC-25JUN27,0.4711,0.88423,141.74405,1.1,0.0,0.003500000000000003,BTC,76496.65,0.0
2026-08-23T09:36:16.153934+00:00,BTC-4SEP26-58000-P,76594.06,BTC-4SEP26,put,58000.0,2026-09-04T08:00:00+00:00,0.03267117417249728,0.0002,0.0006,0.00036512,0.0004,76594.06,BTC-4SEP26,0.6640999999999999,-0.00875,3.28503,344.0,2.0,0.00039999999999999996,BTC,76496.65,61.25
2026-08-23T09:36:16.153934+00:00,BTC-26AUG26-73000-C,76542.45,BTC-26AUG26,call,73000.0,2026-08-26T08:00:00+00:00,0.008030517088308363,0.046,0.052,0.04842965,0.049,76542.45,BTC-26AUG26,0.4434,0.88716,13.13501,0.0,0.0,0.005999999999999998,BTC,76496.65,0.0
2026-08-23T09:36:16.153934+00:00,BTC-25SEP26-50000-C,76761.38,BTC-25SEP26,call,50000.0,2026-09-25T08:00:00+00:00,0.0901660407022714,0.3475,0.3525,0.34975379,0.35,76761.38,BTC-25SEP26,0.6849,0.98561,8.42819,30.4,0.0,0.0050000000000000044,BTC,76496.65,0.0
2026-08-23T09:36:16.153934+00:00,BTC-26AUG26-77500-P,76542.45,BTC-26AUG26,put,77500.0,2026-08-26T08:00:00+00:00,0.008030517088308363,0.0215,0.0235,0.02268958,0.0225,76542.45,BTC-26AUG26,0.43329999999999996,-0.61895,26.13775,0.1,0.3,0.0020000000000000018,BTC,76496.65,424.78
2026-08-23T09:36:16.153934+00:00,BTC-25SEP26-96000-C,76761.68,BTC-25SEP26,call,96000.0,2026-09-25T08:00:00+00:00,0.0901660407022714,0.0036,0.0039,0.00377595,0.00375,76761.68,BTC-25SEP26,0.4693,0.0645,29.06286,300.3,2.1,0.0002999999999999999,BTC,76496.65,705.33
2026-08-23T09:36:16.153934+00:00,BTC-26MAR27-112000-C,78511.39,BTC-26MAR27,call,112000.0,2027-03-26T08:00:00+00:00,0.5884548839603139,0.0275,0.029,0.02829566,0.02825,78511.39,BTC-26MAR27,0.4311,0.18185,159.12222,62.8,0.0,0.0015000000000000013,BTC,76496.65,0.0
2026-08-23T09:36:16.153934+00:00,BTC-30OCT26-89000-P,77076.73,BTC-30OCT26,put,89000.0,2026-10-30T08:00:00+00:00,0.18599081825189495,0.171,0.183,0.17722817,0.177,77076.73,BTC-30OCT26,0.41200000000000003,-0.76429,102.36436,0.0,0.0,0.011999999999999983,BTC,76496.65,0.0
2026-08-23T09:36:16.153934+00:00,BTC-25AUG26-75500-P,76517.76,BTC-25AUG26,put,75500.0,2026-08-25T08:00:00+00:00,0.005292666301176262,0.006,0.007,0.00658972,0.0065,76517.76,BTC-25AUG26,0.41840000000000005,-0.3237,20.0009,86.8,88.1,0.001,BTC,76496.65,41455.0
2026-08-23T09:36:16.153934+00:00,BTC-25AUG26-79500-P,76517.76,BTC-25AUG26,put,79500.0,2026-08-25T08:00:00+00:00,0.005292666301176262,0.0375,0.0445,0.04148054,0.041,76517.76,BTC-25AUG26,0.478,-0.86022,12.37573,0.0,0.0,0.006999999999999999,BTC,76496.65,0.0
2026-08-23T09:36:16.153934+00:00,BTC-11SEP26-60000-C,76639.94,BTC-11SEP26,call,60000.0,2026-09-11T08:00:00+00:00,0.05183612968242198,0.216,0.222,0.21832106,0.219,76639.94,BTC-11SEP26,0.5613,0.9761,9.82412,0.0,0.0,0.006000000000000005,BTC,76496.65,0.0
2026-08-23T09:36:16.153934+00:00,BTC-11SEP26-73000-C,76640.0,BTC-11SEP26,call,73000.0,2026-09-11T08:00:00+00:00,0.05183612968242198,0.063,0.065,0.06406103,0.064,76640.0,BTC-11SEP26,0.39880000000000004,0.71954,58.80296,14.0,0.1,0.0020000000000000018,BTC,76496.65,551.78
2026-08-23T09:36:16.153934+00:00,BTC-25AUG26-78000-P,76517.76,BTC-25AUG26,put,78000.0,2026-08-25T08:00:00+00:00,0.005292666301176262,0.0235,0.026,0.02492066,0.02475,76517.76,BTC-25AUG26,0.4413,-0.71922,18.76276,31.5,0.0,0.0024999999999999988,BTC,76496.65,0.0
2026-08-23T09:36:16.153934+00:00,BTC-24AUG26-81000-P,76495.97,BTC-24AUG26,put,81000.0,2026-08-24T08:00:00+00:00,0.0025548155140441603,0.0555,0.0625,0.05915731,0.059,76495.97,BTC-24AUG26,0.5757,-0.97546,2.2235,0.0,0.0,0.006999999999999999,BTC,76496.65,0.0
2026-08-23T09:36:16.153934+00:00,BTC-30OCT26-65000-C,77076.73,BTC-30OCT26,call,65000.0,2026-10-30T08:00:00+00:00,0.18599081825189495,0.171,0.179,0.17368216,0.175,77076.73,BTC-30OCT26,0.4349,0.842,80.25147,425.2,0.0,0.00799999999999998,BTC,76497.88,0.0
2026-08-23T09:36:16.153934+00:00,BTC-28AUG26-85000-C,76556.12,BTC-28AUG26,call,85000.0,2026-08-28T08:00:00+00:00,0.013506218662572565,0.001,0.0012,0.00103421,0.0011,76556.12,BTC-28AUG26,0.5158,0.04297,8.12631,1447.7,10.4,0.00019999999999999987,BTC,76496.65,1340.72
2026-08-23T09:36:16.153934+00:00,BTC-25SEP26-76000-P,76761.68,BTC-25SEP26,put,76000.0,2026-09-25T08:00:00+00:00,0.0901660407022714,0.042,0.043,0.04247577,0.0425,76761.68,BTC-25SEP26,0.3967,-0.44293,91.04409,1177.6,73.0,0.000999999999999994,BTC,76497.88,223135.19
2026-08-23T09:36:16.153934+00:00,BTC-27AUG26-74500-C,76547.465,SYN.BTC-27AUG26,call,74500.0,2026-08-27T08:00:00+00:00,0.010768367875440464,0.031,0.0365,0.03397737,0.03375,76547.465,SYN.BTC-27AUG26,0.4263,0.7376,25.89063,0.0,0.0,0.005499999999999998,BTC,76497.88,0.0
2026-08-23T09:36:16.153934+00:00,BTC-28AUG26-100000-C,76556.12,BTC-28AUG26,call,100000.0,2026-08-28T08:00:00+00:00,0.013506218662572565,,0.0001,7.546e-05,,76556.12,BTC-28AUG26,0.8134,0.00273,0.74863,202.6,1.0,,BTC,76497.88,7.69
2026-08-23T09:36:16.153934+00:00,BTC-25DEC26-76000-C,77696.38,BTC-25DEC26,call,76000.0,2026-12-25T08:00:00+00:00,0.33931046233129264,0.1065,0.1085,0.10729322,0.1075,77696.38,BTC-25DEC26,0.41850000000000004,0.58422,176.58638,446.9,0.3,0.0020000000000000018,BTC,76497.88,2510.7
2026-08-23T09:36:16.153934+00:00,BTC-26AUG26-85000-C,76540.85,BTC-26AUG26,call,85000.0,2026-08-26T08:00:00+00:00,0.008030517088308363,0.0003,0.0005,0.00046166,0.0004,76540.85,BTC-26AUG26,0.5835,0.02393,3.86356,1.3,1.3,0.00020000000000000004,BTC,76497.88,49.54
2026-08-23T09:36:16.153934+00:00,BTC-25JUN27-86000-P,79381.53,BTC-25JUN27,put,86000.0,2027-06-25T08:00:00+00:00,0.8375993055893352,0.202,0.207,0.20387809,0.2045,79381.53,BTC-25JUN27,0.41979999999999995,-0.50641,289.91051,0.2,0.0,0.004999999999999977,BTC,76497.88,0.0
2026-08-23T09:36:16.153934+00:00,BTC-25JUN27-92000-P,79381.53,BTC-25JUN27,put,92000.0,2027-06-25T08:00:00+00:00,0.8375993055893352,0.2535,0.259,0.25577901,0.25625,79381.53,BTC-25JUN27,0.41960000000000003,-0.57607,284.66112,0.2,0.0,0.005500000000000005,BTC,76497.88,0.0
2026-08-23T09:36:16.153934+00:00,BTC-28AUG26-82000-C,76555.82,BTC-28AUG26,call,82000.0,2026-08-28T08:00:00+00:00,0.013506218662572565,0.0027,0.0031,0.00288904,0.0029,76555.82,BTC-28AUG26,0.47340000000000004,0.11104,16.84659,1117.5,98.6,0.00039999999999999975,BTC,76497.94,27526.01
2026-08-23T09:36:16.153934+00:00,BTC-25SEP26-66000-C,76761.38,BTC-25SEP26,call,66000.0,2026-09-25T08:00:00+00:00,0.0901660407022714,0.1455,0.152,0.14821341,0.14875,76761.38,BTC-25SEP26,0.44530000000000003,0.88426,44.96135,972.6,1.1,0.006500000000000006,BTC,76497.94,13329.29
2026-08-23T09:36:16.153934+00:00,BTC-26AUG26-86000-P,76540.85,BTC-26AUG26,put,86000.0,2026-08-26T08:00:00+00:00,0.008030517088308363,0.121,0.127,0.12396823,0.124,76540.85,BTC-26AUG26,0.6047,-0.98314,2.87186,0.0,0.0,0.006000000000000005,BTC,76497.94,0.0
2026-08-23T09:36:16.153934+00:00,BTC-11SEP26-79000-P,76639.94,BTC-11SEP26,put,79000.0,2026-09-11T08:00:00+00:00,0.05183612968242198,0.053,0.055,0.05441924,0.054,76639.94,BTC-11SEP26,0.4012,-0.6125,66.84788,20.4,0.0,0.0020000000000000018,BTC,76498.03,0.0
2026-08-23T09:36:16.153934+00:00,BTC-11SEP26-66000-C,76640.0,BTC-11SEP26,call,66000.0,2026-09-11T08:00:00+00:00,0.05183612968242198,0.1395,0.145,0.1420645,0.14225,76640.0,BTC-11SEP26,0.4559,0.93222,22.86168,0.1,0.0,0.005499999999999977,BTC,76498.03,0.0
2026-08-23T09:36:16.153934+00:00,BTC-25DEC26-88000-C,77696.38,BTC-25DEC26,call,88000.0,2026-12-25T08:00:00+00:00,0.33931046233129264,0.049,0.0505,0.04979067,0.04975,77696.38,BTC-25DEC26,0.41619999999999996,0.34744,167.25418,2953.5,0.2,0.0015000000000000013,BTC,76498.03,821.17
2026-08-23T09:36:16.153934+00:00,BTC-30OCT26-72000-C,77076.73,BTC-30OCT26,call,72000.0,2026-10-30T08:00:00+00:00,0.18599081825189495,0.105,0.107,0.10586075,0.106,77076.73,BTC-30OCT26,0.40869999999999995,0.68279,118.48976,269.3,0.0,0.0020000000000000018,BTC,76498.03,0.0
2026-08-23T09:36:16.153934+00:00,BTC-24AUG26-82000-C,76495.97,BTC-24AUG26,call,82000.0,2026-08-24T08:00:00+00:00,0.0025548155140441603,0.0001,0.0003,0.00018512,0.0002,76495.97,BTC-24AUG26,0.6375,0.01609,1.55409,92.1,71.2,0.00019999999999999998,BTC,76498.03,1741.22
2026-08-23T09:36:16.153934+00:00,BTC-26AUG26-76000-C,76540.85,BTC-26AUG26,call,76000.0,2026-08-26T08:00:00+00:00,0.008030517088308363,0.018,0.0195,0.01880434,0.01875,76540.85,BTC-26AUG26,0.42200000000000004,0.58177,26.78685,0.0,0.0,0.0015000000000000013,BTC,76498.03,0.0
2026-08-23T09:36:16.153934+00:00,BTC-25JUN27-56000-P,79381.53,BTC-25JUN27,put,56000.0,2027-06-25T08:00:00+00:00,0.8375993055893352,0.039,0.041,0.03967412,0.04,79381.53,BTC-25JUN27,0.45890000000000003,-0.14907,168.75409,84.2,0.0,0.0020000000000000018,BTC,76498.03,0.0
2026-08-23T09:36:16.153934+00:00,BTC-26MAR27-105000-P,78511.39,BTC-26MAR27,put,105000.0,2027-03-26T08:00:00+00:00,0.5884548839603139,0.364,0.387,0.37580659,0.3755,78511.39,BTC-26MAR27,0.426,-0.7663,184.5955,0.5,0.0,0.02300000000000002,BTC,76498.03,0.0
2026-08-23T09:36:16.153934+00:00,BTC-28AUG26-80000-P,76556.12,BTC-28AUG26,put,80000.0,2026-08-28T08:00:00+00:00,0.013506218662572565,0.0475,0.054,0.05098028,0.05075,76556.12,BTC-28AUG26,0.4499,-0.79242,25.47167,37.9,0.0,0.006499999999999999,BTC,76498.03,0.0
2026-08-23T09:36:16.153934+00:00,BTC-30OCT26-63000-C,77077.03,BTC-30OCT26,call,63000.0,2026-10-30T08:00:00+00:00,0.18599081825189495,0.193,0.201,0.19571692,0.197,77077.03,BTC-30OCT26,0.445,0.8744,68.68827,153.2,0.0,0.008000000000000007,BTC,76498.03,0.0
2026-08-23T09:36:16.153934+00:00,BTC-28AUG26-52000-P,76556.12,BTC-28AUG26,put,52000.0,2026-08-28T08:00:00+00:00,0.013506218662572565,,0.0001,9.137e-05,,76556.12,BTC-28AUG26,1.1944,-0.00215,0.60222,1147.4,0.0,,BTC,76498.03,0.0
2026-08-23T09:36:16.153934+00:00,BTC-30OCT26-73000-P,77076.73,BTC-30OCT26,put,73000.0,2026-10-30T08:00:00+00:00,0.18599081825189495,0.044,0.0455,0.04487467,0.04475,77076.73,BTC-30OCT26,0.4069,-0.34528,122.56387,20.9,0.1,0.0015000000000000013,BTC,76498.03,320.66
2026-08-23T09:36:16.153934+00:00,BTC-30OCT26-56000-P,77076.73,BTC-30OCT26,put,56000.0,2026-10-30T08:00:00+00:00,0.18599081825189495,0.0055,0.006,0.00577054,0.00575,77076.73,BTC-30OCT26,0.5034000000000001,-0.05703,38.06793,453.4,0.5,0.0005000000000000004,BTC,76498.03,250.29
2026-08-23T09:36:16.153934+00:00,BTC-26AUG26-79000-P,76542.45,BTC-26AUG26,put,79000.0,2026-08-26T08:00:00+00:00,0.008030517088308363,0.036,0.0385,0.0373438,0.03725,76542.45,BTC-26AUG26,0.45380000000000004,-0.77589,20.52509,0.0,0.0,0.0025000000000000022,BTC,76498.03,0.0
2026-08-23T09:36:16.153934+00:00,BTC-27AUG26-74000-P,76547.465,SYN.BTC-27AUG26,put,74000.0,2026-08-27T08:00:00+00:00,0.010768367875440464,0.005,0.006,0.00560123,0.0055,76547.465,SYN.BTC-27AUG26,0.4278,-0.21586,23.26675,0.0,0.0,0.001,BTC,76498.03,0.0
2026-08-23T09:36:16.153934+00:00,BTC-25DEC26-85000-C,77696.68,BTC-25DEC26,call,85000.0,2026-12-25T08:00:00+00:00,0.33931046233129264,0.06,0.0615,0.06071844,0.06075,77696.68,BTC-25DEC26,0.4155,0.40137,175.07819,2257.4,4.7,0.0015000000000000013,BTC,76498.03,22821.19
2026-08-23T09:36:16.153934+00:00,BTC-25DEC26-98000-P,77696.38,BTC-25DEC26,put,98000.0,2026-12-25T08:00:00+00:00,0.33931046233129264,0.279,0.2935,0.2871759,0.28625,77696.38,BTC-25DEC26,0.42450000000000004,-0.79255,129.55273,1.2,0.0,0.014499999999999957,BTC,76498.03,0.0
2026-08-23T09:36:16.153934+00:00,BTC-28AUG26-85000-P,76556.12,BTC-28AUG26,put,85000.0,2026-08-28T08:00:00+00:00,0.013506218662572565,0.107,0.1145,0.1113604,0.11075,76556.12,BTC-28AUG26,0.5158,-0.95702,8.12778,30.7,0.0,0.007500000000000007,BTC,76498.03,0.0
2026-08-23T09:36:16.153934+00:00,BTC-25SEP26-200000-P,76761.38,BTC-25SEP26,put,200000.0,2026-09-25T08:00:00+00:00,0.0901660407022714,1.5925,1.614,1.60558113,1.60325,76761.38,BTC-25SEP26,1.0209000000000001,-0.99851,1.11969,0.1,0.0,0.021500000000000075,BTC,76498.03,0.0
2026-08-23T09:36:16.153934+00:00,BTC-28AUG26-68000-C,76556.12,BTC-28AUG26,call,68000.0,2026-08-28T08:00:00+00:00,0.013506218662572565,0.109,0.1155,0.11236853,0.11225,76556.12,BTC-28AUG26,0.5336,0.9742,5.34072,1526.9,1.7,0.006500000000000006,BTC,76498.03,14897.02
2026-08-23T09:36:16.153934+00:00,BTC-28AUG26-52000-C,76556.12,BTC-28AUG26,call,52000.0,2026-08-28T08:00:00+00:00,0.013506218662572565,0.318,0.3235,0.32083299,0.32075,76556.12,BTC-28AUG26,1.1944,0.99785,0.60215,51.0,0.0,0.005500000000000005,BTC,76498.44,0.0
2026-08-23T09:36:16.153934+00:00,BTC-25DEC26-78000-C,77696.38,BTC-25DEC26,call,78000.0,2026-12-25T08:00:00+00:00,0.33931046233129264,0.094,0.096,0.09509434,0.095,77696.38,BTC-25DEC26,0.41759999999999997,0.54222,179.61734,933.2,30.4,0.0020000000000000018,BTC,76498.44,219124.89
2026-08-23T09:36:16.153934+00:00,BTC-28AUG26-54000-C,76556.12,BTC-28AUG26,call,54000.0,2026-08-28T08:00:00+00:00,0.013506218662572565,0.292,0.2975,0.2947601,0.29475,76556.12,BTC-28AUG26,1.138,0.99658,0.91573,10.2,0.0,0.005500000000000005,BTC,76498.44,0.0
2026-08-23T09:36:16.153934+00:00,BTC-11SEP26-66000-P,76640.0,BTC-11SEP26,put,66000.0,2026-09-11T08:00:00+00:00,0.05183612968242198,0.003,0.0034,0.0032336,0.0032,76640.0,BTC-11SEP26,0.4559,-0.06776,22.85707,249.1,1.0,0.00039999999999999975,BTC,76498.35,269.37
2026-08-23T09:36:16.153934+00:00,BTC-24AUG26-84000-P,76495.97,BTC-24AUG26,put,84000.0,2026-08-24T08:00:00+00:00,0.0025548155140441603,0.0945,0.1015,0.09823831,0.098,76495.97,BTC-24AUG26,0.7951999999999999,-0.98948,1.07614,4.6,0.0,0.007000000000000006,BTC,76498.35,0.0
2026-08-23T09:36:16.153934+00:00,ETH-28AUG26-2020-P,2410.75,ETH-28AUG26,put,2020.0,2026-08-28T08:00:00+00:00,0.013506218662572565,0.0006,0.001,0.000772,0.0008,2410.75,ETH-28AUG26,0.775,-0.02241,0.14933,871.0,164.0,0.0004000000000000001,ETH,2407.45,393.25
2026-08-23T09:36:16.153934+00:00,ETH-24AUG26-2150-P,2408.44,ETH-24AUG26,put,2150.0,2026-08-24T08:00:00+00:00,0.0025548155140441603,0.0001,0.0003,0.000181,0.0002,2408.44,ETH-24AUG26,0.9842,-0.01049,0.03382,23.0,25.0,0.00019999999999999998,ETH,2407.45,21.4
2026-08-23T09:36:16.153934+00:00,ETH-4SEP26-3000-P,2410.66,ETH-4SEP26,put,3000.0,2026-09-04T08:00:00+00:00,0.03267117417249728,0.243,0.2515,0.247601,0.24725,2410.66,ETH-4SEP26,0.7359,-0.94262,0.5013,0.0,0.0,0.008500000000000008,ETH,2407.45,0.0
2026-08-23T09:36:16.153934+00:00,ETH-25DEC26-6500-C,2431.97,ETH-25DEC26,call,6500.0,2026-12-25T08:00:00+00:00,0.33931046233129264,0.0016,0.0026,0.002022,0.0021,2431.97,ETH-25DEC26,0.7136,0.01551,0.55227,1804.0,0.0,0.0009999999999999998,ETH,2407.4,0.0
2026-08-23T09:36:16.153934+00:00,ETH-28AUG26-1000-P,2410.74,ETH-28AUG26,put,1000.0,2026-08-28T08:00:00+00:00,0.013506218662572565,,0.0001,1e-06,,2410.74,ETH-28AUG26,1.9306,-3e-05,0.00033,3125.0,0.0,,ETH,2407.4,0.0
2026-08-23T09:36:16.153934+00:00,ETH-25SEP26-1500-P,2413.01,ETH-25SEP26,put,1500.0,2026-09-25T08:00:00+00:00,0.0901660407022714,0.0014,0.0018,0.001625,0.0016,2413.01,ETH-25SEP26,0.7947,-0.01738,0.31145,14467.0,580.0,0.00039999999999999996,ETH,2407.45,2402.35
2026-08-23T09:36:16.153934+00:00,ETH-25DEC26-2400-P,2431.97,ETH-25DEC26,put,2400.0,2026-12-25T08:00:00+00:00,0.33931046233129264,0.118,0.121,0.119455,0.1195,2431.97,ETH-25DEC26,0.5476,-0.42054,5.54005,1715.0,0.0,0.0030000000000000027,ETH,2407.4,0.0
2026-08-23T09:36:16.153934+00:00,ETH-25SEP26-1950-P,2413.02,ETH-25SEP26,put,1950.0,2026-09-25T08:00:00+00:00,0.0901660407022714,0.009,0.01,0.009512,0.0095,2413.02,ETH-25SEP26,0.602,-0.10245,1.29444,1664.0,26.0,0.0010000000000000009,ETH,2407.45,565.0
2026-08-23T09:36:16.153934+00:00,ETH-30OCT26-3200-P,2419.68,ETH-30OCT26,put,3200.0,2026-10-30T08:00:00+00:00,0.18599081825189495,0.334,0.3505,0.341697,0.34225,2419.68,ETH-30OCT26,0.5820000000000001,-0.83851,2.5548,0.0,0.0,0.01649999999999996,ETH,2407.4,0.0
2026-08-23T09:36:16.153934+00:00,ETH-24AUG26-2050-P,2408.44,ETH-24AUG26,put,2050.0,2026-08-24T08:00:00+00:00,0.0025548155140441603,,0.0001,0.000148,,2408.44,ETH-24AUG26,1.3090000000000002,-0.00679,0.02308,766.0,516.0,,ETH,2407.4,127.32
2026-08-23T09:36:16.153934+00:00,ETH-30OCT26-1400-P,2419.68,ETH-30OCT26,put,1400.0,2026-10-30T08:00:00+00:00,0.18599081825189495,0.0031,0.004,0.003531,0.00355,2419.68,ETH-30OCT26,0.7145,-0.02689,0.64838,2549.0,0.0,0.0009000000000000002,ETH,2407.38,0.0
2026-08-23T09:36:16.153934+00:00,ETH-25AUG26-2220-C,2409.17,ETH-25AUG26,call,2220.0,2026-08-25T08:00:00+00:00,0.005292666301176262,0.0765,0.0825,0.079261,0.0795,2409.17,ETH-25AUG26,0.6478,0.96037,0.14983,0.0,0.0,0.006000000000000005,ETH,2407.38,0.0
2026-08-23T09:36:16.153934+00:00,ETH-25SEP26-12000-C,2413.01,ETH-25SEP26,call,12000.0,2026-09-25T08:00:00+00:00,0.0901660407022714,,0.0002,9.6e-05,,2413.01,ETH-25SEP26,1.5791,0.00083,0.02058,1341.0,0.0,,ETH,2407.4,0.0
2026-08-23T09:36:16.153934+00:00,ETH-25JUN27-2900-P,2483.71,ETH-25JUN27,put,2900.0,2027-06-25T08:00:00+00:00,0.8375993055893352,0.2965,0.324,0.312466,0.31025,2483.71,ETH-25JUN27,0.5590999999999999,-0.51878,9.05986,282.0,0.0,0.027500000000000024,ETH,2407.38,0.0
2026-08-23T09:36:16.153934+00:00,ETH-30OCT26-2150-C,2419.67,ETH-30OCT26,call,2150.0,2026-10-30T08:00:00+00:00,0.18599081825189495,0.154,0.157,0.155407,0.1555,2419.67,ETH-30OCT26,0.5482,0.73144,3.44165,1036.0,0.0,0.0030000000000000027,ETH,2407.38,0.0
2026-08-23T09:36:16.153934+00:00,ETH-28AUG26-1400-C,2410.75,ETH-28AUG26,call,1400.0,2026-08-28T08:00:00+00:00,0.013506218662572565,0.417,0.4215,0.419397,0.41925,2410.75,ETH-28AUG26,1.6954,0.99785,0.01896,118.0,0.0,0.004500000000000004,ETH,2407.36,0.0
2026-08-23T09:36:16.153934+00:00,ETH-25JUN27-4800-P,2483.71,ETH-25JUN27,put,4800.0,2027-06-25T08:00:00+00:00,0.8375993055893352,0.9515,0.9915,0.971262,0.9715,2483.71,ETH-25JUN27,0.5865,-0.83117,5.72773,0.0,0.0,0.040000000000000036,ETH,2407.38,0.0
2026-08-23T09:36:16.153934+00:00,ETH-26AUG26-2700-P,2409.64,ETH-26AUG26,put,2700.0,2026-08-26T08:00:00+00:00,0.008030517088308363,0.1185,0.1255,0.122126,0.122,2409.64,ETH-26AUG26,0.7817000000000001,-0.94429,0.24263,0.0,0.0,0.007000000000000006,ETH,2407.36,0.0
2026-08-23T09:36:16.153934+00:00,ETH-28AUG26-2800-C,2410.74,ETH-28AUG26,call,2800.0,2026-08-28T08:00:00+00:00,0.013506218662572565,0.0019,0.0024,0.002132,0.00215,2410.74,ETH-28AUG26,0.7894,0.05622,0.31709,8078.0,1666.0,0.0004999999999999998,ETH,2407.36,11874.74
2026-08-23T09:36:16.153934+00:00,ETH-26MAR27-4200-P,2456.67,ETH-26MAR27,put,4200.0,2027-03-26T08:00:00+00:00,0.5884548839603139,0.7225,0.759,0.741499,0.74075,2456.67,ETH-26MAR27,0.5803,-0.837,4.64176,1.0,0.0,0.03649999999999998,ETH,2407.36,0.0
2026-08-23T09:36:16.153934+00:00,ETH-26AUG26-2620-P,2409.64,ETH-26AUG26,put,2620.0,2026-08-26T08:00:00+00:00,0.008030517088308363,0.0865,0.0945,0.090357,0.0905,2409.64,ETH-26AUG26,0.7186,-0.89805,0.38427,0.0,0.0,0.008000000000000007,ETH,2407.36,0.0
2026-08-23T09:36:16.153934+00:00,ETH-25SEP26-5800-C,2413.01,ETH-25SEP26,call,5800.0,2026-09-25T08:00:00+00:00,0.0901660407022714,0.0002,0.0005,0.000258,0.00035,2413.01,ETH-25SEP26,1.0090999999999999,0.00305,0.06728,4883.0,0.0,0.00030000000000000003,ETH,2407.36,0.0
2026-08-23T09:36:16.153934+00:00,ETH-26MAR27-1000-P,2456.67,ETH-26MAR27,put,1000.0,2027-03-26T08:00:00+00:00,0.5884548839603139,0.0065,0.008,0.007303,0.00725,2456.67,ETH-26MAR27,0.7165,-0.02812,1.21514,7333.0,0.0,0.0015000000000000005,ETH,2407.36,0.0
2026-08-23T09:36:16.153934+00:00,ETH-25JUN27-3500-P,2483.71,ETH-25JUN27,put,3500.0,2027-06-25T08:00:00+00:00,0.8375993055893352,0.4885,0.515,0.500846,0.50175,2483.71,ETH-25JUN27,0.5650999999999999,-0.65715,8.35657,303.0,0.0,0.026500000000000024,ETH,2407.36,0.0
2026-08-23T09:36:16.153934+00:00,ETH-27AUG26-2800-C,2410.19,SYN.ETH-27AUG26,call,2800.0,2026-08-27T08:00:00+00:00,0.010768367875440464,0.0012,0.0018,0.001264,0.0015,2410.19,SYN.ETH-27AUG26,0.8006,0.03882,0.21031,0.0,0.0,0.0006000000000000001,ETH,2407.36,0.0
2026-08-23T09:36:16.153934+00:00,ETH-30OCT26-1750-C,2419.67,ETH-30OCT26,call,1750.0,2026-10-30T08:00:00+00:00,0.18599081825189495,0.2835,0.293,0.288339,0.28825,2419.67,ETH-30OCT26,0.6082,0.91394,1.63917,102.0,0.0,0.009500000000000008,ETH,2407.29,0.0
2026-08-23T09:36:16.153934+00:00,ETH-25JUN27-3400-C,2483.71,ETH-25JUN27,call,3400.0,2027-06-25T08:00:00+00:00,0.8375993055893352,0.0965,0.1005,0.098696,0.0985,2483.71,ETH-25JUN27,0.5638000000000001,0.36291,8.52854,253.0,0.0,0.0040000000000000036,ETH,2407.29,0.0
2026-08-23T09:36:16.153934+00:00,ETH-26MAR27-2800-P,2456.66,ETH-26MAR27,put,2800.0,2027-03-26T08:00:00+00:00,0.5884548839603139,0.2495,0.2685,0.258709,0.259,2456.66,ETH-26MAR27,0.5553,-0.5376,7.48576,12.0,0.0,0.019000000000000017,ETH,2407.29,0.0
2026-08-23T09:36:16.153934+00:00,ETH-24AUG26-2360-P,2408.45,ETH-24AUG26,put,2360.0,2026-08-24T08:00:00+00:00,0.0025548155140441603,0.0029,0.0034,0.00319,0.00315,2408.45,ETH-24AUG26,0.5141,-0.21529,0.35567,1481.0,256.0,0.0005,ETH,2407.29,2930.63
2026-08-23T09:36:16.153934+00:00,ETH-25DEC26-2400-C,2431.98,ETH-25DEC26,call,2400.0,2026-12-25T08:00:00+00:00,0.33931046233129264,0.1315,0.134,0.132597,0.13275,2431.98,ETH-25DEC26,0.5476,0.57941,5.53996,12384.0,21.0,0.0025000000000000022,ETH,2407.35,6471.34
2026-08-23T09:36:16.153934+00:00,ETH-25SEP26-8500-P,2413.01,ETH-25SEP26,put,8500.0,2026-09-25T08:00:00+00:00,0.0901660407022714,2.5035,2.545,2.522772,2.52425,2413.01,ETH-25SEP26,1.3154,-0.9986,0.03312,0.0,0.0,0.04150000000000009,ETH,2407.29,0.0
2026-08-23T09:36:16.153934+00:00,ETH-24AUG26-2420-P,2408.44,ETH-24AUG26,put,2420.0,2026-08-24T08:00:00+00:00,0.0025548155140441603,0.013,0.014,0.013687,0.0135,2408.44,ETH-24AUG26,0.5502,-0.56593,0.47858,126.0,13.0,0.0010000000000000009,ETH,2407.35,463.51
2026-08-23T09:36:16.153934+00:00,ETH-25AUG26-2500-C,2409.17,ETH-25AUG26,call,2500.0,2026-08-25T08:00:00+00:00,0.005292666301176262,0.0055,0.0065,0.005863,0.006,2409.17,ETH-25AUG26,0.6454000000000001,0.2209,0.51999,291.0,25.0,0.001,ETH,2407.35,423.93
2026-08-23T09:36:16.153934+00:00,ETH-25SEP26-2400-C,2413.01,ETH-25SEP26,call,2400.0,2026-09-25T08:00:00+00:00,0.0901660407022714,0.066,0.068,0.067223,0.067,2413.01,ETH-25SEP26,0.5403,0.54502,2.87245,15736.0,162.0,0.0020000000000000018,ETH,2407.35,28461.14
2026-08-23T09:36:16.153934+00:00,ETH-26MAR27-2900-C,2456.66,ETH-26MAR27,call,2900.0,2027-03-26T08:00:00+00:00,0.5884548839603139,0.106,0.1095,0.107506,0.10775,2456.66,ETH-26MAR27,0.5562,0.43024,7.40388,2247.0,0.0,0.003500000000000003,ETH,2407.35,0.0
2026-08-23T09:36:16.153934+00:00,ETH-25JUN27-2200-P,2483.71,ETH-25JUN27,put,2200.0,2027-06-25T08:00:00+00:00,0.8375993055893352,0.137,0.1415,0.139242,0.13925,2483.71,ETH-25JUN27,0.5611999999999999,-0.31115,8.03342,345.0,0.0,0.004499999999999976,ETH,2407.35,0.0
2026-08-23T09:36:16.153934+00:00,ETH-28AUG26-1650-C,2410.74,ETH-28AUG26,call,1650.0,2026-08-28T08:00:00+00:00,0.013506218662572565,0.313,0.318,0.31571,0.3155,2410.74,ETH-28AUG26,1.2308,0.99674,0.02761,1604.0,0.0,0.0050000000000000044,ETH,2407.35,0.0
2026-08-23T09:36:16.153934+00:00,ETH-11SEP26-2450-C,2411.26,ETH-11SEP26,call,2450.0,2026-09-11T08:00:00+00:00,0.05183612968242198,0.0415,0.0425,0.042113,0.042,2411.26,ETH-11SEP26,0.5434,0.47275,2.18527,180.0,2.0,0.0010000000000000009,ETH,2407.42,195.32
2026-08-23T09:36:16.153934+00:00,ETH-25DEC26-8000-P,2431.98,ETH-25DEC26,put,8000.0,2026-12-25T08:00:00+00:00,0.33931046233129264,2.257,2.3215,2.290338,2.28925,2431.98,ETH-25DEC26,0.7548999999999999,-0.99356,0.25639,0.0,0.0,0.06449999999999978,ETH,2407.42,0.0
2026-08-23T09:36:16.153934+00:00,ETH-30OCT26-2500-C,2419.67,ETH-30OCT26,call,2500.0,2026-10-30T08:00:00+00:00,0.18599081825189495,0.078,0.0795,0.078853,0.07875,2419.67,ETH-30OCT26,0.5415,0.49055,4.16256,1686.0,13.0,0.0015000000000000013,ETH,2407.35,2502.94
2026-08-23T09:36:16.153934+00:00,ETH-26MAR27-3300-P,2456.67,ETH-26MAR27,put,3300.0,2027-03-26T08:00:00+00:00,0.5884548839603139,0.4035,0.4275,0.415715,0.4155,2456.67,ETH-26MAR27,0.5621,-0.68044,6.73644,1.0,0.0,0.023999999999999966,ETH,2407.42,0.0
2026-08-23T09:36:16.153934+00:00,ETH-24AUG26-2600-C,2408.44,ETH-24AUG26,call,2600.0,2026-08-24T08:00:00+00:00,0.0025548155140441603,0.0002,0.0006,0.000337,0.0004,2408.44,ETH-24AUG26,0.7576,0.02354,0.0676,1016.0,121.0,0.00039999999999999996,ETH,2407.42,231.92
2026-08-23T09:36:16.153934+00:00,ETH-28AUG26-3600-P,2410.75,ETH-28AUG26,put,3600.0,2026-08-28T08:00:00+00:00,0.013506218662572565,0.4885,0.498,0.493382,0.49325,2410.75,ETH-28AUG26,1.1531,-0.99828,0.01548,17.0,1.0,0.009500000000000008,ETH,2407.42,1187.03
2026-08-23T09:36:16.153934+00:00,ETH-27AUG26-2420-P,2410.19,SYN.ETH-27AUG26,put,2420.0,2026-08-27T08:00:00+00:00,0.010768367875440464,0.026,0.028,0.02684,0.027,2410.19,SYN.ETH-27AUG26,0.5967,-0.51491,0.99702,0.0,0.0,0.0020000000000000018,ETH,2407.35,0.0
2026-08-23T09:36:16.153934+00:00,ETH-25DEC26-1400-C,2431.98,ETH-25DEC26,call,1400.0,2026-12-25T08:00:00+00:00,0.33931046233129264,0.4295,0.4375,0.433847,0.4335,2431.98,ETH-25DEC26,0.6561,0.94898,1.48496,946.0,0.0,0.008000000000000007,ETH,2407.35,0.0
2026-08-23T09:36:16.153934+00:00,ETH-25AUG26-2280-P,2409.17,ETH-25AUG26,put,2280.0,2026-08-25T08:00:00+00:00,0.005292666301176262,0.0019,0.0021,0.002108,0.002,2409.17,ETH-25AUG26,0.6012,-0.10069,0.30904,484.0,122.0,0.00019999999999999987,ETH,2407.36,1512.79
2026-08-23T09:36:16.153934+00:00,ETH-26MAR27-2600-P,2456.67,ETH-26MAR27,put,2600.0,2027-03-26T08:00:00+00:00,0.5884548839603139,0.2015,0.2065,0.204103,0.204,2456.67,ETH-26MAR27,0.5545,-0.46851,7.49573,626.0,0.0,0.004999999999999977,ETH,2407.35,0.0
2026-08-23T09:36:16.153934+00:00,ETH-11SEP26-2550-P,2411.26,ETH-11SEP26,put,2550.0,2026-09-11T08:00:00+00:00,0.05183612968242198,0.0835,0.0865,0.085571,0.085,2411.26,ETH-11SEP26,0.5546,-0.64854,2.03669,0.0,0.0,0.002999999999999989,ETH,2407.36,0.0
2026-08-23T09:36:16.153934+00:00,ETH-24AUG26-2340-P,2408.45,ETH-24AUG26,put,2340.0,2026-08-24T08:00:00+00:00,0.0025548155140441603,0.0016,0.0019,0.001748,0.00175,2408.45,ETH-24AUG26,0.5164,-0.13322,0.26169,822.0,581.0,0.0002999999999999999,ETH,2407.36,7447.37
2026-08-23T09:36:16.153934+00:00,ETH-25SEP26-4600-C,2413.02,ETH-25SEP26,call,4600.0,2026-09-25T08:00:00+00:00,0.0901660407022714,0.0005,0.001,0.000715,0.00075,2413.02,ETH-25SEP26,0.86,0.00892,0.17471,4377.0,353.0,0.0005,ETH,2407.35,769.37
2026-08-23T09:36:16.153934+00:00,ETH-26MAR27-2800-C,2456.67,ETH-26MAR27,call,2800.0,2027-03-26T08:00:00+00:00,0.5884548839603139,0.1175,0.121,0.118932,0.11925,2456.67,ETH-26MAR27,0.5553,0.46241,7.4858,4922.0,8.0,0.003500000000000003,ETH,2407.36,2232.36
2026-08-23T09:36:16.153934+00:00,ETH-24AUG26-2260-P,2408.44,ETH-24AUG26,put,2260.0,2026-08-24T08:00:00+00:00,0.0025548155140441603,0.0001,0.0004,0.000228,0.00025,2408.44,ETH-24AUG26,0.6164999999999999,-0.02007,0.05906,890.0,642.0,0.00030000000000000003,ETH,2407.36,1603.58
2026-08-23T09:36:16.153934+00:00,ETH-25AUG26-2640-P,2409.17,ETH-25AUG26,put,2640.0,2026-08-25T08:00:00+00:00,0.005292666301176262,0.0935,0.101,0.09713,0.09725,2409.17,ETH-25AUG26,0.7746,-0.94509,0.19467,0.0,0.0,0.007500000000000007,ETH,2407.38,0.0
2026-08-23T09:36:16.153934+00:00,ETH-28AUG26-1900-P,2410.74,ETH-28AUG26,put,1900.0,2026-08-28T08:00:00+00:00,0.013506218662572565,0.0001,0.0006,0.000363,0.00035,2410.74,ETH-28AUG26,0.8996,-0.00997,0.07444,6592.0,2.0,0.0004999999999999999,ETH,2407.36,2.18
2026-08-23T09:36:16.153934+00:00,ETH-25SEP26-3800-P,2413.01,ETH-25SEP26,put,3800.0,2026-09-25T08:00:00+00:00,0.0901660407022714,0.569,0.586,0.577035,0.5775,2413.01,ETH-25SEP26,0.7461,-0.97227,0.46184,943.0,75.0,0.017000000000000015,ETH,2407.36,102324.96
2026-08-23T09:36:16.153934+00:00,ETH-27AUG26-2220-C,2410.19,SYN.ETH-27AUG26,call,2220.0,2026-08-27T08:00:00+00:00,0.010768367875440464,0.0785,0.0855,0.081682,0.082,2410.19,SYN.ETH-27AUG26,0.6098,0.90792,0.41308,0.0,0.0,0.007000000000000006,ETH,2407.38,0.0
2026-08-23T09:36:16.153934+00:00,ETH-24AUG26-2560-C,2408.44,ETH-24AUG26,call,2560.0,2026-08-24T08:00:00+00:00,0.0025548155140441603,0.0004,0.0009,0.000601,0.00065,2408.44,ETH-24AUG26,0.6949,0.04216,0.10939,44.0,25.0,0.0005,ETH,2407.38,65.39
2026-08-23T09:36:16.153934+00:00,ETH-25SEP26-3200-C,2413.01,ETH-25SEP26,call,3200.0,2026-09-25T08:00:00+00:00,0.0901660407022714,0.0065,0.007,0.006644,0.00675,2413.01,ETH-25SEP26,0.6335000000000001,0.08236,1.10123,10096.0,21.0,0.0005000000000000004,ETH,2407.38,356.38
2026-08-23T09:36:16.153934+00:00,ETH-25SEP26-1000-P,2413.01,ETH-25SEP26,put,1000.0,2026-09-25T08:00:00+00:00,0.0901660407022714,0.0001,0.0005,0.000256,0.0003,2413.01,ETH-25SEP26,1.1034,-0.00238,0.05377,9970.0,0.0,0.0004,ETH,2407.38,0.0
2026-08-23T09:36:16.153934+00:00,ETH-27AUG26-2100-P,2410.19,SYN.ETH-27AUG26,put,2100.0,2026-08-27T08:00:00+00:00,0.010768367875440464,0.0006,0.0011,0.000824,0.00085,2410.19,SYN.ETH-27AUG26,0.7103,-0.02848,0.16299,0.0,0.0,0.0005000000000000001,ETH,2407.38,0.0
2026-08-23T09:36:16.153934+00:00,ETH-4SEP26-3000-C,2410.66,ETH-4SEP26,call,3000.0,2026-09-04T08:00:00+00:00,0.03267117417249728,0.0029,0.0033,0.003103,0.0031,2410.66,ETH-4SEP26,0.7359,0.05722,0.50015,620.0,101.0,0.0004000000000000002,ETH,2407.39,820.57
2026-08-23T09:36:16.153934+00:00,ETH-25SEP26-1000-C,2413.02,ETH-25SEP26,call,1000.0,2026-09-25T08:00:00+00:00,0.0901660407022714,0.5835,0.588,0.585829,0.58575,2413.02,ETH-25SEP26,1.1034,0.99762,0.05376,125.0,0.0,0.0044999999999999485,ETH,2407.38,0.0
2026-08-23T09:36:16.153934+00:00,ETH-25AUG26-2260-P,2409.17,ETH-25AUG26,put,2260.0,2026-08-25T08:00:00+00:00,0.005292666301176262,0.0013,0.0015,0.001505,0.0014,2409.17,ETH-25AUG26,0.6163000000000001,-0.07434,0.24636,622.0,86.0,0.0002000000000000001,ETH,2407.38,440.87
2026-08-23T09:36:16.153934+00:00,ETH-4SEP26-2800-C,2410.66,ETH-4SEP26,call,2800.0,2026-09-04T08:00:00+00:00,0.03267117417249728,0.006,0.007,0.006462,0.0065,2410.66,ETH-4SEP26,0.6607999999999999,0.11609,0.85154,3662.0,1563.0,0.001,ETH,2407.39,29039.68
2026-08-23T09:36:16.153934+00:00,ETH-25DEC26-1800-C,2431.98,ETH-25DEC26,call,1800.0,2026-12-25T08:00:00+00:00,0.33931046233129264,0.2845,0.296,0.28932,0.29025,2431.98,ETH-25DEC26,0.58,0.85518,3.22673,2437.0,0.0,0.01150000000000001,ETH,2407.46,0.0
2026-08-23T09:36:16.153934+00:00,ETH-26MAR27-4800-P,2456.67,ETH-26MAR27,put,4800.0,2027-03-26T08:00:00+00:00,0.5884548839603139,0.951,0.994,0.973576,0.9725,2456.67,ETH-26MAR27,0.5942000000000001,-0.89274,3.48049,0.0,0.0,0.04300000000000004,ETH,2407.46,0.0
2026-08-23T09:36:16.153934+00:00,ETH-30OCT26-2250-P,2419.67,ETH-30OCT26,put,2250.0,2026-10-30T08:00:00+00:00,0.18599081825189495,0.0585,0.0595,0.059165,0.059,2419.67,ETH-30OCT26,0.5428999999999999,-0.33477,3.80126,963.0,0.0,0.000999999999999994,ETH,2407.46,0.0
2026-08-23T09:36:16.153934+00:00,ETH-26AUG26-2580-C,2409.66,ETH-26AUG26,call,2580.0,2026-08-26T08:00:00+00:00,0.008030517088308363,0.004,0.0046,0.004318,0.0043,2409.66,ETH-26AUG26,0.6884999999999999,0.14036,0.4814,2.0,2.0,0.0005999999999999998,ETH,2407.46,18.58
2026-08-23T09:36:16.153934+00:00,ETH-25SEP26-5200-C,2413.01,ETH-25SEP26,call,5200.0,2026-09-25T08:00:00+00:00,0.0901660407022714,0.0003,0.0006,0.000447,0.00045,2413.01,ETH-25SEP26,0.9486,0.00534,0.11109,2190.0,0.0,0.0003,ETH,2407.46,0.0
2026-08-23T09:36:16.153934+00:00,ETH-30OCT26-2900-C,2419.67,ETH-30OCT26,call,2900.0,2026-10-30T08:00:00+00:00,0.18599081825189495,0.0335,0.035,0.034461,0.03425,2419.67,ETH-30OCT26,0.5592,0.26414,3.41298,267.0,0.0,0.0015000000000000013,ETH,2407.47,0.0
2026-08-23T09:36:16.153934+00:00,ETH-28AUG26-3400-C,2410.75,ETH-28AUG26,call,3400.0,2026-08-28T08:00:00+00:00,0.013506218662572565,0.0001,0.0002,0.000139,0.00015,2410.75,ETH-28AUG26,1.0804,0.00373,0.03116,1291.0,0.0,0.0001,ETH,2407.46,0.0
2026-08-23T09:36:16.153934+00:00,ETH-25JUN27-4400-P,2483.71,ETH-25JUN27,put,4400.0,2027-06-25T08:00:00+00:00,0.8375993055893352,0.804,0.8385,0.821053,0.82125,2483.71,ETH-25JUN27,0.5796,-0.79177,6.51975,1.0,0.0,0.034499999999999975,ETH,2407.46,0.0
2026-08-23T09:36:16.153934+00:00,ETH-28AUG26-2000-C,2410.75,ETH-28AUG26,call,2000.0,2026-08-28T08:00:00+00:00,0.013506218662572565,0.168,0.1735,0.171073,0.17075,2410.75,ETH-28AUG26,0.7985,0.98021,0.13447,7535.0,75.0,0.005499999999999977,ETH,2407.46,29971.6
2026-08-23T09:36:16.153934+00:00,ETH-25DEC26-1500-P,2431.98,ETH-25DEC26,put,1500.0,2026-12-25T08:00:00+00:00,0.33931046233129264,0.012,0.0135,0.012684,0.01275,2431.98,ETH-25DEC26,0.632,-0.06735,1.84661,15651.0,0.0,0.0014999999999999996,ETH,2407.47,0.0
2026-08-23T09:36:16.153934+00:00,ETH-26MAR27-4200-C,2456.67,ETH-26MAR27,call,4200.0,2027-03-26T08:00:00+00:00,0.5884548839603139,0.0305,0.033,0.031833,0.03175,2456.67,ETH-26MAR27,0.5803,0.16303,4.64257,2916.0,0.0,0.0025000000000000022,ETH,2407.47,0.0
2026-08-23T09:36:16.153934+00:00,ETH-30OCT26-1000-C,2419.68,ETH-30OCT26,call,1000.0,2026-10-30T08:00:00+00:00,0.18599081825189495,0.5845,0.5905,0.587534,0.5875,2419.68,ETH-30OCT26,0.8801000000000001,0.99408,0.1754,0.0,0.0,0.006000000000000005,ETH,2407.57,0.0
2026-08-23T09:36:16.153934+00:00,ETH-25JUN27-3100-P,2483.7,ETH-25JUN27,put,3100.0,2027-06-25T08:00:00+00:00,0.8375993055893352,0.361,0.3845,0.372113,0.37275,2483.7,ETH-25JUN27,0.5607,-0.56961,8.93166,0.0,0.0,0.02350000000000002,ETH,2407.47,0.0
2026-08-23T09:36:16.153934+00:00,ETH-25SEP26-9000-P,2413.01,ETH-25SEP26,put,9000.0,2026-09-25T08:00:00+00:00,0.0901660407022714,2.7075,2.7545,2.729985,2.731,2413.01,ETH-25SEP26,1.3675,-0.99865,0.03216,0.0,0.0,0.04700000000000015,ETH,2407.47,0.0
2026-08-23T09:36:16.153934+00:00,ETH-4SEP26-1800-P,2410.66,ETH-4SEP26,put,1800.0,2026-09-04T08:00:00+00:00,0.03267117417249728,0.0007,0.0012,0.000945,0.00095,2410.66,ETH-4SEP26,0.7925,-0.01745,0.18784,1133.0,0.0,0.0004999999999999999,ETH,2407.57,0.0
2026-08-23T09:36:16.153934+00:00,ETH-26AUG26-2520-C,2409.64,ETH-26AUG26,call,2520.0,2026-08-26T08:00:00+00:00,0.008030517088308363,0.007,0.008,0.007488,0.0075,2409.64,ETH-26AUG26,0.6473,0.22802,0.65243,0.0,0.0,0.001,ETH,2407.57,0.0
2026-08-23T09:36:16.153934+00:00,ETH-26AUG26-2620-C,2409.64,ETH-26AUG26,call,2620.0,2026-08-26T08:00:00+00:00,0.008030517088308363,0.0028,0.0033,0.003058,0.00305,2409.64,ETH-26AUG26,0.7186,0.10209,0.38468,2.0,2.0,0.0005,ETH,2407.57,15.39
2026-08-23T09:36:16.153934+00:00,ETH-28AUG26-1700-P,2410.74,ETH-28AUG26,put,1700.0,2026-08-28T08:00:00+00:00,0.013506218662572565,,0.0003,0.000217,,2410.74,ETH-28AUG26,1.1916,-0.00479,0.03898,16598.0,357.0,,ETH,2407.57,257.12
2026-08-23T09:36:16.153934+00:00,ETH-25SEP26-2300-P,2413.01,ETH-25SEP26,put,2300.0,2026-09-25T08:00:00+00:00,0.0901660407022714,0.042,0.0435,0.042688,0.04275,2413.01,ETH-25SEP26,0.5422,-0.3538,2.69473,1748.0,63.0,0.0014999999999999944,ETH,2407.57,7318.95
2026-08-23T09:36:16.153934+00:00,ETH-25JUN27-2100-P,2483.71,ETH-25JUN27,put,2100.0,2027-06-25T08:00:00+00:00,0.8375993055893352,0.118,0.122,0.120055,0.12,2483.71,ETH-25JUN27,0.5631,-0.27992,7.65249,579.0,0.0,0.0040000000000000036,ETH,2407.57,0.0
2026-08-23T09:36:16.153934+00:00,ETH-4SEP26-2080-C,2410.66,ETH-4SEP26,call,2080.0,2026-09-04T08:00:00+00:00,0.03267117417249728,0.1385,0.1445,0.141381,0.1415,2410.66,ETH-4SEP26,0.6076,0.91882,0.65512,102.0,0.0,0.005999999999999978,ETH,2407.72,0.0
2026-08-23T09:36:16.153934+00:00,ETH-25DEC26-1000-C,2431.98,ETH-25DEC26,call,1000.0,2026-12-25T08:00:00+00:00,0.33931046233129264,0.5885,0.5945,0.591737,0.5915,2431.98,ETH-25DEC26,0.7889,0.98473,0.54506,55.0,0.0,0.006000000000000005,ETH,2407.72,0.0
2026-08-23T09:36:16.153934+00:00,ETH-25DEC26-2800-P,2431.98,ETH-25DEC26,put,2800.0,2026-12-25T08:00:00+00:00,0.33931046233129264,0.2165,0.233,0.226364,0.22475,2431.98,ETH-25DEC26,0.5539000000000001,-0.6085,5.44282,2392.0,0.0,0.016500000000000015,ETH,2407.72,0.0
2026-08-23T09:36:16.153934+00:00,ETH-24AUG26-2260-C,2408.44,ETH-24AUG26,call,2260.0,2026-08-24T08:00:00+00:00,0.0025548155140441603,0.059,0.065,0.061846,0.062,2408.44,ETH-24AUG26,0.6164999999999999,0.98008,0.05869,0.0,0.0,0.006000000000000005,ETH,2407.72,0.0
2026-08-23T09:36:16.153934+00:00,ETH-30OCT26-1800-P,2419.67,ETH-30OCT26,put,1800.0,2026-10-30T08:00:00+00:00,0.18599081825189495,0.0135,0.0145,0.013807,0.014,2419.67,ETH-30OCT26,0.5977,-0.10096,1.84472,1295.0,0.0,0.0010000000000000009,ETH,2407.77,0.0
2026-08-23T09:36:16.153934+00:00,ETH-25DEC26-4400-P,2431.97,ETH-25DEC26,put,4400.0,2026-12-25T08:00:00+00:00,0.33931046233129264,0.8025,0.8345,0.819513,0.8185,2431.97,ETH-25DEC26,0.6219,-0.92717,1.96139,20.0,0.0,0.03200000000000003,ETH,2407.77,0.0
2026-08-23T09:36:16.153934+00:00,ETH-25AUG26-2540-P,2409.17,ETH-25AUG26,put,2540.0,2026-08-25T08:00:00+00:00,0.005292666301176262,0.0545,0.0615,0.057972,0.058,2409.17,ETH-25AUG26,0.6767,-0.85323,0.40268,170.0,0.0,0.006999999999999999,ETH,2407.72,0.0
2026-08-23T09:36:16.153934+00:00,ETH-28AUG26-2200-C,2410.74,ETH-28AUG26,call,2200.0,2026-08-28T08:00:00+00:00,0.013506218662572565,0.0865,0.0935,0.090675,0.09,2410.74,ETH-28AUG26,0.6157,0.90552,0.4717,6964.0,101.0,0.007000000000000006,ETH,2407.72,23311.09
2026-08-23T09:36:16.153934+00:00,ETH-24AUG26-2620-C,2408.44,ETH-24AUG26,call,2620.0,2026-08-24T08:00:00+00:00,0.0025548155140441603,0.0001,0.0004,0.000236,0.00025,2408.44,ETH-24AUG26,0.7785,0.0169,0.05103,115.0,116.0,0.00030000000000000003,ETH,2407.77,194.92
2026-08-23T09:36:16.153934+00:00,ETH-25SEP26-3400-C,2413.01,ETH-25SEP26,call,3400.0,2026-09-25T08:00:00+00:00,0.0901660407022714,0.0041,0.0046,0.004356,0.00435,2413.01,ETH-25SEP26,0.6714,0.05482,0.80421,7668.0,7.0,0.0004999999999999996,ETH,2407.77,73.33
2026-08-23T09:36:16.153934+00:00,ETH-25SEP26-4400-P,2413.02,ETH-25SEP26,put,4400.0,2026-09-25T08:00:00+00:00,0.0901660407022714,0.815,0.835,0.8244,0.825,2413.02,ETH-25SEP26,0.8342,-0.98846,0.21875,281.0,0.0,0.020000000000000018,ETH,2407.77,0.0
2026-08-23T09:36:16.153934+00:00,ETH-28AUG26-2350-P,2410.74,ETH-28AUG26,put,2350.0,2026-08-28T08:00:00+00:00,0.013506218662572565,0.0155,0.0165,0.016043,0.016,2410.74,ETH-28AUG26,0.585,-0.3409,1.0278,744.0,22.0,0.0010000000000000009,ETH,2407.77,1103.28
2026-08-23T09:36:16.153934+00:00,ETH-26AUG26-2540-P,2409.64,ETH-26AUG26,put,2540.0,2026-08-26T08:00:00+00:00,0.008030517088308363,0.0565,0.0635,0.060269,0.06,2409.64,ETH-26AUG26,0.6587000000000001,-0.80603,0.59344,0.0,0.0,0.006999999999999999,ETH,2407.86,0.0
2026-08-23T09:36:16.153934+00:00,ETH-11SEP26-1800-C,2411.26,ETH-11SEP26,call,1800.0,2026-09-11T08:00:00+00:00,0.05183612968242198,0.253,0.2585,0.255472,0.25575,2411.26,ETH-11SEP26,0.7117,0.97028,0.37074,0.0,0.0,0.005500000000000005,ETH,2407.86,0.0
2026-08-23T09:36:16.153934+00:00,ETH-4SEP26-2650-C,2410.66,ETH-4SEP26,call,2650.0,2026-09-04T08:00:00+00:00,0.03267117417249728,0.012,0.013,0.012506,0.0125,2410.66,ETH-4SEP26,0.6099,0.21088,1.25919,2.0,1.0,0.0009999999999999992,ETH,2407.86,33.86
2026-08-23T09:36:16.153934+00:00,ETH-24AUG26-1900-P,2408.44,ETH-24AUG26,put,1900.0,2026-08-24T08:00:00+00:00,0.0025548155140441603,,0.0001,4e-06,,2408.44,ETH-24AUG26,1.348,-0.00022,0.001,348.0,72.0,,ETH,2407.86,17.21
2026-08-23T09:36:16.153934+00:00,ETH-25DEC26-7000-P,2431.98,ETH-25DEC26,put,7000.0,2026-12-25T08:00:00+00:00,0.33931046233129264,1.8515,1.9045,1.879824,1.878,2431.98,ETH-25DEC26,0.7301000000000001,-0.98846,0.42777,0.0,0.0,0.05300000000000016,ETH,2407.86,0.0
2026-08-23T09:36:16.153934+00:00,ETH-25JUN27-4000-C,2483.7,ETH-25JUN27,call,4000.0,2027-06-25T08:00:00+00:00,0.8375993055893352,0.0625,0.0665,0.064416,0.0645,2483.7,ETH-25JUN27,0.5729,0.259,7.3608,4457.0,38.0,0.0040000000000000036,ETH,2407.86,5932.21
2026-08-23T09:36:16.153934+00:00,ETH-27AUG26-2520-P,2410.19,SYN.ETH-27AUG26,put,2520.0,2026-08-27T08:00:00+00:00,0.010768367875440464,0.052,0.0605,0.055794,0.05625,2410.19,SYN.ETH-27AUG26,0.6413,-0.73739,0.81556,0.0,0.0,0.0085,ETH,2407.86,0.0
2026-08-23T09:36:16.153934+00:00,ETH-28AUG26-2120-P,2410.74,ETH-28AUG26,put,2120.0,2026-08-28T08:00:00+00:00,0.013506218662572565,0.0013,0.0018,0.001574,0.00155,2410.74,ETH-28AUG26,0.6761,-0.04689,0.27455,1332.0,1.0,0.0005,ETH,2407.86,4.33
2026-08-23T09:36:16.153934+00:00,ETH-26MAR27-1800-C,2456.67,ETH-26MAR27,call,1800.0,2027-03-26T08:00:00+00:00,0.5884548839603139,0.314,0.327,0.320279,0.3205,2456.67,ETH-26MAR27,0.5760000000000001,0.82244,4.90446,3622.0,1.0,0.013000000000000012,ETH,2407.86,764.34
2026-08-23T09:36:16.153934+00:00,ETH-24AUG26-2660-C,2408.44,ETH-24AUG26,call,2660.0,2026-08-24T08:00:00+00:00,0.0025548155140441603,,0.0003,0.000168,,2408.44,ETH-24AUG26,0.8565,0.01146,0.03651,272.0,272.0,,ETH,2407.86,320.41
2026-08-23T09:36:16.153934+00:00,ETH-27AUG26-2650-P,2410.19,SYN.ETH-27AUG26,put,2650.0,2026-08-27T08:00:00+00:00,0.010768367875440464,0.099,0.107,0.103235,0.103,2410.19,SYN.ETH-27AUG26,0.7165,-0.89208,0.46395,0.0,0.0,0.007999999999999993,ETH,2407.86,0.0
2026-08-23T09:36:16.153934+00:00,ETH-26AUG26-2540-C,2409.64,ETH-26AUG26,call,2540.0,2026-08-26T08:00:00+00:00,0.008030517088308363,0.0055,0.0065,0.006169,0.006,2409.64,ETH-26AUG26,0.6587000000000001,0.19417,0.59383,0.0,0.0,0.001,ETH,2407.88,0.0
2026-08-23T09:36:16.153934+00:00,ETH-27AUG26-2300-P,2410.19,SYN.ETH-27AUG26,put,2300.0,2026-08-27T08:00:00+00:00,0.010768367875440464,0.007,0.008,0.00752,0.0075,2410.19,SYN.ETH-27AUG26,0.5856,-0.21151,0.72397,1.0,1.0,0.001,ETH,2407.86,18.09
2026-08-23T09:36:16.153934+00:00,ETH-11SEP26-2100-C,2411.24,ETH-11SEP26,call,2100.0,2026-09-11T08:00:00+00:00,0.05183612968242198,0.135,0.142,0.138041,0.1385,2411.24,ETH-11SEP26,0.5713,0.87022,1.16036,1.0,0.0,0.0069999999999999785,ETH,2407.88,0.0
2026-08-23T09:36:16.153934+00:00,ETH-25JUN27-1900-C,2483.71,ETH-25JUN27,call,1900.0,2027-06-25T08:00:00+00:00,0.8375993055893352,0.313,0.333,0.321765,0.323,2483.71,ETH-25JUN27,0.5695,0.7807,6.72067,115.0,0.0,0.020000000000000018,ETH,2407.88,0.0
2026-08-23T09:36:16.153934+00:00,ETH-26AUG26-2100-C,2409.66,ETH-26AUG26,call,2100.0,2026-08-26T08:00:00+00:00,0.008030517088308363,0.1265,0.132,0.129006,0.12925,2409.66,ETH-26AUG26,0.7584000000000001,0.98022,0.10357,0.0,0.0,0.005500000000000005,ETH,2407.89,0.0
2026-08-23T09:36:16.153934+00:00,ETH-26MAR27-2000-P,2456.67,ETH-26MAR27,put,2000.0,2027-03-26T08:00:00+00:00,0.5884548839603139,0.0785,0.081,0.079521,0.07975,2456.67,ETH-26MAR27,0.5647,-0.24468,5.92235,1709.0,14.0,0.0025000000000000022,ETH,2407.89,2573.1
2026-08-23T09:36:16.153934+00:00,ETH-25JUN27-3900-C,2483.71,ETH-25JUN27,call,3900.0,2027-06-25T08:00:00+00:00,0.8375993055893352,0.067,0.071,0.068938,0.069,2483.71,ETH-25JUN27,0.5710999999999999,0.27374,7.57032,10.0,10.0,0.00399999999999999,ETH,2407.89,1744.77
2026-08-23T09:36:16.153934+00:00,ETH-27AUG26-2480-P,2410.19,SYN.ETH-27AUG26,put,2480.0,2026-08-27T08:00:00+00:00,0.010768367875440464,0.0385,0.048,0.043168,0.04325,2410.19,SYN.ETH-27AUG26,0.6234000000000001,-0.6584,0.91821,0.0,0.0,0.009500000000000001,ETH,2407.89,0.0
2026-08-23T09:36:16.153934+00:00,ETH-25SEP26-2100-P,2413.02,ETH-25SEP26,put,2100.0,2026-09-25T08:00:00+00:00,0.0901660407022714,0.018,0.019,0.018413,0.0185,2413.02,ETH-25SEP26,0.5655,-0.18321,1.92313,30894.0,5.0,0.0010000000000000009,ETH,2407.89,215.54
2026-08-23T09:36:16.153934+00:00,ETH-24AUG26-2320-C,2408.45,ETH-24AUG26,call,2320.0,2026-08-24T08:00:00+00:00,0.0025548155140441603,0.0345,0.041,0.037654,0.03775,2408.45,ETH-24AUG26,0.5272,0.92219,0.1771,147.0,0.0,0.006499999999999999,ETH,2407.89,0.0
2026-08-23T09:36:16.153934+00:00,ETH-11SEP26-2400-P,2411.24,ETH-11SEP26,put,2400.0,2026-09-11T08:00:00+00:00,0.05183612968242198,0.046,0.0475,0.046741,0.04675,2411.24,ETH-11SEP26,0.5413,-0.46021,2.17995,9.0,3.0,0.0015000000000000013,ETH,2407.89,344.02
2026-08-23T09:36:16.153934+00:00,ETH-25AUG26-2250-P,2409.17,ETH-25AUG26,put,2250.0,2026-08-25T08:00:00+00:00,0.005292666301176262,0.0011,0.0013,0.001287,0.0012,2409.17,ETH-25AUG26,0.6259,-0.06363,0.21856,22.0,23.0,0.00019999999999999987,ETH,2407.89,133.13
2026-08-23T09:36:16.153934+00:00,ETH-4SEP26-2050-P,2410.67,ETH-4SEP26,put,2050.0,2026-09-04T08:00:00+00:00,0.03267117417249728,0.0032,0.0037,0.003454,0.00345,2410.67,ETH-4SEP26,0.6214,-0.0669,0.56514,1117.0,121.0,0.0005,ETH,2407.89,1125.61
2026-08-23T09:36:16.153934+00:00,ETH-25SEP26-16000-P,2413.01,ETH-25SEP26,put,16000.0,2026-09-25T08:00:00+00:00,0.0901660407022714,5.5835,5.674,5.630852,5.62875,2413.01,ETH-25SEP26,1.6499000000000001,-0.99982,0.00495,30.0,0.0,0.09050000000000047,ETH,2407.89,0.0
2026-08-23T09:36:16.153934+00:00,ETH-25SEP26-2050-P,2413.01,ETH-25SEP26,put,2050.0,2026-09-25T08:00:00+00:00,0.0901660407022714,0.014,0.0155,0.014754,0.01475,2413.01,ETH-25SEP26,0.5756,-0.1516,1.70197,2091.0,3.0,0.0014999999999999996,ETH,2407.89,97.07
2026-08-23T09:36:16.153934+00:00,ETH-25AUG26-2320-P,2409.17,ETH-25AUG26,put,2320.0,2026-08-25T08:00:00+00:00,0.005292666301176262,0.0039,0.0041,0.004216,0.004,2409.17,ETH-25AUG26,0.5805,-0.17997,0.45981,548.0,131.0,0.00020000000000000052,ETH,2407.89,1920.19
2026-08-23T09:36:16.153934+00:00,ETH-25JUN27-6000-C,2483.71,ETH-25JUN27,call,6000.0,2027-06-25T08:00:00+00:00,0.8375993055893352,0.0185,0.02,0.019614,0.01925,2483.71,ETH-25JUN27,0.6038,0.09354,3.79976,63.0,13.0,0.0015000000000000013,ETH,2407.89,641.83
2026-08-23T09:36:16.153934+00:00,ETH-11SEP26-3000-P,2411.26,ETH-11SEP26,put,3000.0,2026-09-11T08:00:00+00:00,0.05183612968242198,0.245,0.2545,0.249723,0.24975,2411.26,ETH-11SEP26,0.6629,-0.91487,0.85552,0.0,0.0,0.009500000000000008,ETH,2407.89,0.0
2026-08-23T09:36:16.153934+00:00,ETH-27AUG26-2580-C,2410.19,SYN.ETH-27AUG26,call,2580.0,2026-08-27T08:00:00+00:00,0.010768367875440464,0.0055,0.007,0.006235,0.00625,2410.19,SYN.ETH-27AUG26,0.6701,0.17273,0.63948,0.0,0.0,0.0015000000000000005,ETH,2407.89,0.0
2026-08-23T09:36:16.153934+00:00,ETH-26MAR27-4500-P,2456.67,ETH-26MAR27,put,4500.0,2027-03-26T08:00:00+00:00,0.5884548839603139,0.838,0.874,0.85656,0.856,2456.67,ETH-26MAR27,0.5867,-0.86849,4.02006,0.0,0.0,0.03600000000000003,ETH,2407.89,0.0
2026-08-23T09:36:16.153934+00:00,ETH-25SEP26-1600-C,2413.01,ETH-25SEP26,call,1600.0,2026-09-25T08:00:00+00:00,0.0901660407022714,0.3355,0.342,0.339346,0.33875,2413.01,ETH-25SEP26,0.7487,0.97379,0.4407,3424.0,0.0,0.006500000000000006,ETH,2407.89,0.0
2026-08-23T09:36:16.153934+00:00,ETH-26MAR27-3000-P,2456.67,ETH-26MAR27,put,3000.0,2027-03-26T08:00:00+00:00,0.5884548839603139,0.309,0.33,0.318392,0.3195,2456.67,ETH-26MAR27,0.5572,-0.60001,7.28341,352.0,0.0,0.02100000000000002,ETH,2407.89,0.0
2026-08-23T09:36:16.153934+00:00,ETH-4SEP26-1750-C,2410.66,ETH-4SEP26,call,1750.0,2026-09-04T08:00:00+00:00,0.03267117417249728,0.2725,0.2775,0.274797,0.275,2410.66,ETH-4SEP26,0.8306,0.9864,0.15175,0.0,0.0,0.0050000000000000044,ETH,2407.89,0.0
2026-08-23T09:36:16.153934+00:00,ETH-25JUN27-3900-P,2483.7,ETH-25JUN27,put,3900.0,2027-06-25T08:00:00+00:00,0.8375993055893352,0.624,0.6545,0.639176,0.63925,2483.7,ETH-25JUN27,0.5710999999999999,-0.72626,7.57032,0.0,0.0,0.03049999999999997,ETH,2407.91,0.0
2026-08-23T09:36:16.153934+00:00,ETH-25DEC26-5200-P,2431.97,ETH-25DEC26,put,5200.0,2026-12-25T08:00:00+00:00,0.33931046233129264,1.129,1.1615,1.143234,1.14525,2431.97,ETH-25DEC26,0.6605,-0.96263,1.15545,0.0,0.0,0.03249999999999997,ETH,2407.89,0.0
2026-08-23T09:36:16.153934+00:00,ETH-25DEC26-4800-C,2431.98,ETH-25DEC26,call,4800.0,2026-12-25T08:00:00+00:00,0.33931046233129264,0.0065,0.0075,0.007023,0.007,2431.98,ETH-25DEC26,0.6409999999999999,0.05119,1.48916,2766.0,0.0,0.001,ETH,2407.89,0.0
2026-08-23T09:36:16.153934+00:00,ETH-25JUN27-4400-C,2483.7,ETH-25JUN27,call,4400.0,2027-06-25T08:00:00+00:00,0.8375993055893352,0.0475,0.0515,0.049502,0.0495,2483.7,ETH-25JUN27,0.5796,0.20833,6.52274,173.0,20.0,0.003999999999999997,ETH,2407.91,2484.59
2026-08-23T09:36:16.153934+00:00,ETH-25JUN27-2000-P,2483.71,ETH-25JUN27,put,2000.0,2027-06-25T08:00:00+00:00,0.8375993055893352,0.1005,0.1045,0.102526,0.1025,2483.71,ETH-25JUN27,0.5657,-0.24912,7.21256,1803.0,2.0,0.00399999999999999,ETH,2407.91,520.52
2026-08-23T09:36:16.153934+00:00,ETH-4SEP26-1600-C,2410.66,ETH-4SEP26,call,1600.0,2026-09-04T08:00:00+00:00,0.03267117417249728,0.3345,0.339,0.336777,0.33675,2410.66,ETH-4SEP26,0.9806999999999999,0.99182,0.09747,18.0,0.0,0.004500000000000004,ETH,2407.91,0.0
2026-08-23T09:36:16.153934+00:00,ETH-25SEP26-2050-C,2413.01,ETH-25SEP26,call,2050.0,2026-09-25T08:00:00+00:00,0.0901660407022714,0.164,0.167,0.165178,0.1655,2413.01,ETH-25SEP26,0.5756,0.84841,1.7019,19.0,0.0,0.0030000000000000027,ETH,2407.91,0.0
2026-08-23T09:36:16.153934+00:00,ETH-25DEC26-2700-P,2431.98,ETH-25DEC26,put,2700.0,2026-12-25T08:00:00+00:00,0.33931046233129264,0.1875,0.2015,0.196831,0.1945,2431.98,ETH-25DEC26,0.5517,-0.56529,5.57778,494.0,0.0,0.014000000000000012,ETH,2407.91,0.0
2026-08-23T09:36:16.153934+00:00,ETH-25SEP26-7500-C,2413.01,ETH-25SEP26,call,7500.0,2026-09-25T08:00:00+00:00,0.0901660407022714,,,0.000142,,2413.01,ETH-25SEP26,1.2001,0.00151,0.03562,1322.0,0.0,,ETH,2407.94,0.0
2026-08-23T09:36:16.153934+00:00,ETH-25SEP26-6800-P,2413.02,ETH-25SEP26,put,6800.0,2026-09-25T08:00:00+00:00,0.0901660407022714,1.8035,1.8355,1.81828,1.8195,2413.02,ETH-25SEP26,1.1287,-0.99805,0.04488,0.0,0.0,0.031999999999999806,ETH,2407.94,0.0
2026-08-23T09:36:16.153934+00:00,ETH-24AUG26-2550-P,2408.44,ETH-24AUG26,put,2550.0,2026-08-24T08:00:00+00:00,0.0025548155140441603,0.0555,0.063,0.059465,0.05925,2408.44,ETH-24AUG26,0.6729999999999999,-0.95164,0.12218,3.0,3.0,0.0075,ETH,2407.94,514.64
2026-08-23T09:36:16.153934+00:00,ETH-24AUG26-2420-C,2408.44,ETH-24AUG26,call,2420.0,2026-08-24T08:00:00+00:00,0.0025548155140441603,0.0085,0.0095,0.00887,0.009,2408.44,ETH-24AUG26,0.5502,0.43821,0.47953,653.0,851.0,0.0009999999999999992,ETH,2407.94,19556.29
2026-08-23T09:36:16.153934+00:00,ETH-26AUG26-2200-P,2409.64,ETH-26AUG26,put,2200.0,2026-08-26T08:00:00+00:00,0.008030517088308363,0.0012,0.0015,0.001336,0.00135,2409.64,ETH-26AUG26,0.6423000000000001,-0.05361,0.23541,5.0,5.0,0.00030000000000000014,ETH,2407.96,25.37
2026-08-23T09:36:16.153934+00:00,ETH-25DEC26-7000-C,2431.98,ETH-25DEC26,call,7000.0,2026-12-25T08:00:00+00:00,0.33931046233129264,0.0012,0.002,0.001487,0.0016,2431.98,ETH-25DEC26,0.7301000000000001,0.01154,0.4279,2920.0,0.0,0.0008000000000000001,ETH,2407.94,0.0
2026-08-23T09:36:16.153934+00:00,ETH-26AUG26-2100-P,2409.66,ETH-26AUG26,put,2100.0,2026-08-26T08:00:00+00:00,0.008030517088308363,0.0003,0.0008,0.000505,0.00055,2409.66,ETH-26AUG26,0.7584000000000001,-0.01975,0.10347,132.0,2.0,0.0005,ETH,2407.96,3.82
2026-08-23T09:36:16.153934+00:00,ETH-25SEP26-2250-P,2413.02,ETH-25SEP26,put,2250.0,2026-09-25T08:00:00+00:00,0.0901660407022714,0.0345,0.0355,0.034932,0.035,2413.02,ETH-25SEP26,0.5452,-0.30521,2.53979,1378.0,5.0,0.000999999999999994,ETH,2407.96,448.74
2026-08-23T09:36:16.153934+00:00,ETH-11SEP26-2350-C,2411.24,ETH-11SEP26,call,2350.0,2026-09-11T08:00:00+00:00,0.05183612968242198,0.061,0.0635,0.062143,0.06225,2411.24,ETH-11SEP26,0.5398,0.60697,2.1117,21.0,0.0,0.0025000000000000022,ETH,2407.94,0.0
2026-08-23T09:36:16.153934+00:00,ETH-26AUG26-2520-P,2409.64,ETH-26AUG26,put,2520.0,2026-08-26T08:00:00+00:00,0.008030517088308363,0.05,0.0565,0.053287,0.05325,2409.64,ETH-26AUG26,0.6473,-0.77085,0.65438,0.0,0.0,0.006499999999999999,ETH,2407.94,0.0
2026-08-23T09:36:16.153934+00:00,ETH-28AUG26-2250-C,2410.74,ETH-28AUG26,call,2250.0,2026-08-28T08:00:00+00:00,0.013506218662572565,0.068,0.075,0.072265,0.0715,2410.74,ETH-28AUG26,0.595,0.84937,0.65522,3758.0,69.0,0.006999999999999992,ETH,2407.96,11914.94
2026-08-23T09:36:16.153934+00:00,ETH-25AUG26-2620-C,2409.16,ETH-25AUG26,call,2620.0,2026-08-25T08:00:00+00:00,0.005292666301176262,0.0014,0.0018,0.001575,0.0016,2409.16,ETH-25AUG26,0.7551000000000001,0.06698,0.22744,0.0,0.0,0.00039999999999999996,ETH,2407.96,0.0
2026-08-23T09:36:16.153934+00:00,ETH-25DEC26-1800-P,2431.98,ETH-25DEC26,put,1800.0,2026-12-25T08:00:00+00:00,0.33931046233129264,0.029,0.0295,0.029463,0.02925,2431.98,ETH-25DEC26,0.58,-0.14468,3.22526,5281.0,85.0,0.000499999999999997,ETH,2407.96,6222.74
2026-08-23T09:36:16.153934+00:00,ETH-27AUG26-2360-C,2410.19,SYN.ETH-27AUG26,call,2360.0,2026-08-27T08:00:00+00:00,0.010768367875440464,0.0315,0.0395,0.035811,0.0355,2410.19,SYN.ETH-27AUG26,0.5852,0.64731,0.92912,0.0,0.0,0.008,ETH,2407.94,0.0
2026-08-23T09:36:16.153934+00:00,ETH-25JUN27-1400-P,2483.71,ETH-25JUN27,put,1400.0,2027-06-25T08:00:00+00:00,0.8375993055893352,0.031,0.0345,0.032723,0.03275,2483.71,ETH-25JUN27,0.6122,-0.09625,3.88052,1784.0,0.0,0.003500000000000003,ETH,2407.94,0.0
2026-08-23T09:36:16.153934+00:00,ETH-25JUN27-1600-C,2483.7,ETH-25JUN27,call,1600.0,2027-06-25T08:00:00+00:00,0.8375993055893352,0.399,0.4155,0.405436,0.40725,2483.7,ETH-25JUN27,0.5895,0.861,5.03694,393.0,0.0,0.01649999999999996,ETH,2407.94,0.0
2026-08-23T09:36:16.153934+00:00,ETH-25AUG26-2240-C,2409.17,ETH-25AUG26,call,2240.0,2026-08-25T08:00:00+00:00,0.005292666301176262,0.0685,0.0745,0.071289,0.0715,2409.17,ETH-25AUG26,0.6342,0.94551,0.19352,0.0,0.0,0.0059999999999999915,ETH,2407.94,0.0
2026-08-23T09:36:16.153934+00:00,ETH-25DEC26-5000-C,2431.97,ETH-25DEC26,call,5000.0,2026-12-25T08:00:00+00:00,0.33931046233129264,0.0055,0.0065,0.005959,0.006,2431.97,ETH-25DEC26,0.6515000000000001,0.04379,1.31403,4552.0,0.0,0.001,ETH,2407.94,0.0
2026-08-23T09:36:16.153934+00:00,ETH-26MAR27-2900-P,2456.66,ETH-26MAR27,put,2900.0,2027-03-26T08:00:00+00:00,0.5884548839603139,0.2785,0.2985,0.28799,0.2885,2456.66,ETH-26MAR27,0.5562,-0.56951,7.40678,258.0,0.0,0.019999999999999962,ETH,2407.93,0.0
2026-08-23T09:36:16.153934+00:00,ETH-25JUN27-4500-C,2483.71,ETH-25JUN27,call,4500.0,2027-06-25T08:00:00+00:00,0.8375993055893352,0.0445,0.048,0.046422,0.04625,2483.71,ETH-25JUN27,0.5811999999999999,0.19741,6.31655,1431.0,160.0,0.003500000000000003,ETH,2407.93,18161.8
2026-08-23T09:36:16.153934+00:00,ETH-25SEP26-4500-C,2413.01,ETH-25SEP26,call,4500.0,2026-09-25T08:00:00+00:00,0.0901660407022714,0.0006,0.0011,0.000818,0.00085,2413.01,ETH-25SEP26,0.8482999999999999,0.01023,0.19698,8217.0,527.0,0.0005000000000000001,ETH,2407.93,1270.77
2026-08-23T09:36:16.153934+00:00,ETH-28AUG26-1100-P,2410.74,ETH-28AUG26,put,1100.0,2026-08-28T08:00:00+00:00,0.013506218662572565,,0.0015,9e-06,,2410.74,ETH-28AUG26,1.9306,-0.00015,0.00166,2338.0,0.0,,ETH,2407.93,0.0
2026-08-23T09:36:16.153934+00:00,ETH-26MAR27-4400-P,2456.67,ETH-26MAR27,put,4400.0,2027-03-26T08:00:00+00:00,0.5884548839603139,0.7975,0.8365,0.817966,0.817,2456.67,ETH-26MAR27,0.5845,-0.85884,4.21987,0.0,0.0,0.039000000000000035,ETH,2407.93,0.0
2026-08-23T09:36:16.153934+00:00,ETH-30OCT26-1600-P,2419.67,ETH-30OCT26,put,1600.0,2026-10-30T08:00:00+00:00,0.18599081825189495,0.0065,0.0075,0.007022,0.007,2419.67,ETH-30OCT26,0.65,-0.0531,1.12934,2223.0,0.0,0.001,ETH,2407.93,0.0
2026-08-23T09:36:16.153934+00:00,ETH-24AUG26-2180-C,2408.44,ETH-24AUG26,call,2180.0,2026-08-24T08:00:00+00:00,0.0025548155140441603,0.092,0.098,0.095016,0.095,2408.44,ETH-24AUG26,0.8787999999999999,0.98837,0.03698,1.0,0.0,0.006000000000000005,ETH,2407.93,0.0
2026-08-23T09:36:16.153934+00:00,ETH-27AUG26-2380-C,2410.19,SYN.ETH-27AUG26,call,2380.0,2026-08-27T08:00:00+00:00,0.010768367875440464,0.027,0.035,0.031001,0.031,2410.19,SYN.ETH-27AUG26,0.5889,0.59403,0.9701,0.0,0.0,0.008000000000000004,ETH,2407.93,0.0
2026-08-23T09:36:16.153934+00:00,ETH-25JUN27-4200-C,2483.71,ETH-25JUN27,call,4200.0,2027-06-25T08:00:00+00:00,0.8375993055893352,0.0545,0.058,0.056338,0.05625,2483.71,ETH-25JUN27,0.5761999999999999,0.23205,6.9393,554.0,14.0,0.003500000000000003,ETH,2407.93,1961.66
2026-08-23T09:36:16.153934+00:00,ETH-24AUG26-2380-C,2408.44,ETH-24AUG26,call,2380.0,2026-08-24T08:00:00+00:00,0.0025548155140441603,0.0165,0.019,0.017329,0.01775,2408.44,ETH-24AUG26,0.5185,0.68074,0.43466,322.0,93.0,0.0024999999999999988,ETH,2407.93,3135.49
2026-08-23T09:36:16.153934+00:00,ETH-25SEP26-7000-C,2413.01,ETH-25SEP26,call,7000.0,2026-09-25T08:00:00+00:00,0.0901660407022714,,0.0002,0.000146,,2413.01,ETH-25SEP26,1.1383,0.00162,0.03795,2032.0,5.0,,ETH,2407.93,1.2
2026-08-23T09:36:16.153934+00:00,ETH-27AUG26-2700-P,2410.19,SYN.ETH-27AUG26,put,2700.0,2026-08-27T08:00:00+00:00,0.010768367875440464,0.1195,0.1265,0.122923,0.123,2410.19,SYN.ETH-27AUG26,0.752,-0.92146,0.36672,0.0,0.0,0.007000000000000006,ETH,2407.93,0.0
2026-08-23T09:36:16.153934+00:00,ETH-25SEP26-11000-P,2413.01,ETH-25SEP26,put,11000.0,2026-09-25T08:00:00+00:00,0.0901660407022714,3.531,3.5895,3.558839,3.56025,2413.01,ETH-25SEP26,1.5478,-0.99878,0.02931,0.0,0.0,0.058499999999999996,ETH,2407.92,0.0
2026-08-23T09:36:16.153934+00:00,ETH-11SEP26-2250-C,2411.24,ETH-11SEP26,call,2250.0,2026-09-11T08:00:00+00:00,0.05183612968242198,0.087,0.09,0.088413,0.0885,2411.24,ETH-11SEP26,0.5438000000000001,0.73283,1.80623,1.0,0.0,0.0030000000000000027,ETH,2407.92,0.0
2026-08-23T09:36:16.153934+00:00,ETH-25SEP26-3300-P,2413.02,ETH-25SEP26,put,3300.0,2026-09-25T08:00:00+00:00,0.0901660407022714,0.366,0.3805,0.373047,0.37325,2413.02,ETH-25SEP26,0.655,-0.93222,0.94935,3.0,0.0,0.014500000000000013,ETH,2407.92,0.0
2026-08-23T09:36:16.153934+00:00,ETH-26AUG26-2240-C,2409.64,ETH-26AUG26,call,2240.0,2026-08-26T08:00:00+00:00,0.008030517088308363,0.0695,0.0755,0.072686,0.0725,2409.64,ETH-26AUG26,0.6143,0.91226,0.34407,0.0,0.0,0.0059999999999999915,ETH,2408.32,0.0
2026-08-23T09:36:16.153934+00:00,ETH-26AUG26-2240-P,2409.64,ETH-26AUG26,put,2240.0,2026-08-26T08:00:00+00:00,0.008030517088308363,0.0021,0.0025,0.002285,0.0023,2409.64,ETH-26AUG26,0.6143,-0.08774,0.34407,100.0,100.0,0.0004000000000000002,ETH,2408.32,1187.19
2026-08-23T09:36:16.153934+00:00,ETH-26MAR27-1000-C,2456.67,ETH-26MAR27,call,1000.0,2027-03-26T08:00:00+00:00,0.5884548839603139,0.596,0.6045,0.600239,0.60025,2456.67,ETH-26MAR27,0.7165,0.97194,1.21366,270.0,0.0,0.008500000000000063,ETH,2408.32,0.0
2026-08-23T09:36:16.153934+00:00,ETH-25JUN27-3300-C,2483.71,ETH-25JUN27,call,3300.0,2027-06-25T08:00:00+00:00,0.8375993055893352,0.104,0.1085,0.106358,0.10625,2483.71,ETH-25JUN27,0.5626,0.38444,8.68996,2274.0,4.0,0.004500000000000004,ETH,2408.32,1006.7
2026-08-23T09:36:16.153934+00:00,ETH-25AUG26-2800-P,2409.17,ETH-25AUG26,put,2800.0,2026-08-25T08:00:00+00:00,0.005292666301176262,0.1585,0.1665,0.162618,0.1625,2409.17,ETH-25AUG26,0.9422,-0.98447,0.06838,0.0,0.0,0.008000000000000007,ETH,2408.32,0.0
2026-08-23T09:36:16.153934+00:00,ETH-25JUN27-1500-C,2483.7,ETH-25JUN27,call,1500.0,2027-06-25T08:00:00+00:00,0.8375993055893352,0.43,0.446,0.436544,0.438,2483.7,ETH-25JUN27,0.5998,0.88363,4.45195,50.0,0.0,0.016000000000000014,ETH,2408.32,0.0
2026-08-23T09:36:16.153934+00:00,ETH-25SEP26-8000-C,2413.01,ETH-25SEP26,call,8000.0,2026-09-25T08:00:00+00:00,0.0901660407022714,,,0.000142,,2413.01,ETH-25SEP26,1.2598,0.00145,0.03432,1092.0,0.0,,ETH,2408.32,0.0
2026-08-23T09:36:16.153934+00:00,ETH-26AUG26-2560-P,2409.66,ETH-26AUG26,put,2560.0,2026-08-26T08:00:00+00:00,0.008030517088308363,0.064,0.071,0.067558,0.0675,2409.66,ETH-26AUG26,0.6738,-0.8332,0.53993,0.0,0.0,0.006999999999999992,ETH,2408.56,0.0
2026-08-23T09:36:16.153934+00:00,ETH-25DEC26-6500-P,2431.98,ETH-25DEC26,put,6500.0,2026-12-25T08:00:00+00:00,0.33931046233129264,1.6575,1.6985,1.674763,1.678,2431.98,ETH-25DEC26,0.7136,-0.98445,0.55372,0.0,0.0,0.040999999999999925,ETH,2408.32,0.0
2026-08-23T09:36:16.153934+00:00,ETH-25SEP26-4200-P,2413.02,ETH-25SEP26,put,4200.0,2026-09-25T08:00:00+00:00,0.0901660407022714,0.733,0.7495,0.741818,0.74125,2413.02,ETH-25SEP26,0.8081,-0.98463,0.28043,551.0,0.0,0.01650000000000007,ETH,2408.56,0.0
2026-08-23T09:36:16.153934+00:00,ETH-26MAR27-3600-C,2456.67,ETH-26MAR27,call,3600.0,2027-03-26T08:00:00+00:00,0.5884548839603139,0.053,0.056,0.054455,0.0545,2456.67,ETH-26MAR27,0.5678,0.25514,6.05707,2292.0,0.0,0.0030000000000000027,ETH,2408.56,0.0
2026-08-23T09:36:16.153934+00:00,ETH-26AUG26-2320-C,2409.64,ETH-26AUG26,call,2320.0,2026-08-26T08:00:00+00:00,0.008030517088308363,0.043,0.046,0.044396,0.0445,2409.64,ETH-26AUG26,0.5898,0.77343,0.65033,0.0,0.0,0.0030000000000000027,ETH,2408.65,0.0
2026-08-23T09:36:16.153934+00:00,ETH-24AUG26-2580-P,2408.44,ETH-24AUG26,put,2580.0,2026-08-24T08:00:00+00:00,0.0025548155140441603,0.0685,0.0755,0.071677,0.072,2408.44,ETH-24AUG26,0.7206999999999999,-0.96902,0.08499,1.0,0.0,0.006999999999999992,ETH,2408.56,0.0
2026-08-23T09:36:16.153934+00:00,ETH-26AUG26-2280-P,2409.64,ETH-26AUG26,put,2280.0,2026-08-26T08:00:00+00:00,0.008030517088308363,0.0038,0.0043,0.004076,0.00405,2409.64,ETH-26AUG26,0.5976,-0.14323,0.48822,67.0,67.0,0.0005,ETH,2408.65,826.46
2026-08-23T09:36:16.153934+00:00,ETH-24AUG26-2080-C,2408.44,ETH-24AUG26,call,2080.0,2026-08-24T08:00:00+00:00,0.0025548155140441603,0.1335,0.139,0.136507,0.13625,2408.44,ETH-24AUG26,1.2059,0.99273,0.0245,0.0,0.0,0.005500000000000005,ETH,2408.65,0.0
2026-08-23T09:36:16.153934+00:00,ETH-4SEP26-2400-C,2410.67,ETH-4SEP26,call,2400.0,2026-09-04T08:00:00+00:00,0.03267117417249728,0.0415,0.043,0.042265,0.04225,2410.67,ETH-4SEP26,0.5564,0.53917,1.73103,1793.0,13.0,0.0014999999999999944,ETH,2408.65,1242.24
2026-08-23T09:36:16.153934+00:00,ETH-26MAR27-3400-P,2456.67,ETH-26MAR27,put,3400.0,2027-03-26T08:00:00+00:00,0.5884548839603139,0.437,0.4635,0.449626,0.45025,2456.67,ETH-26MAR27,0.5633,-0.70361,6.52079,6.0,0.0,0.026500000000000024,ETH,2408.65,0.0
2026-08-23T09:36:16.153934+00:00,ETH-27AUG26-2300-C,2410.19,SYN.ETH-27AUG26,call,2300.0,2026-08-27T08:00:00+00:00,0.010768367875440464,0.049,0.057,0.053238,0.053,2410.19,SYN.ETH-27AUG26,0.5856,0.78988,0.72131,0.0,0.0,0.008,ETH,2408.65,0.0
2026-08-23T09:36:16.153934+00:00,ETH-28AUG26-2450-C,2410.75,ETH-28AUG26,call,2450.0,2026-08-28T08:00:00+00:00,0.013506218662572565,0.0205,0.0215,0.020933,0.021,2410.75,ETH-28AUG26,0.6062,0.42515,1.09848,835.0,345.0,0.0009999999999999974,ETH,2408.65,18797.85
2026-08-23T09:36:16.153934+00:00,ETH-26AUG26-2380-C,2409.66,ETH-26AUG26,call,2380.0,2026-08-26T08:00:00+00:00,0.008030517088308363,0.026,0.0285,0.027741,0.02725,2409.66,ETH-26AUG26,0.5917,0.60471,0.83177,0.0,0.0,0.0025000000000000022,ETH,2408.47,0.0
2026-08-23T09:36:16.153934+00:00,ETH-30OCT26-1400-C,2419.68,ETH-30OCT26,call,1400.0,2026-10-30T08:00:00+00:00,0.18599081825189495,0.421,0.428,0.42494,0.4245,2419.68,ETH-30OCT26,0.7145,0.97323,0.64633,50.0,0.0,0.007000000000000006,ETH,2408.65,0.0
2026-08-23T09:36:16.153934+00:00,ETH-25DEC26-2600-C,2431.98,ETH-25DEC26,call,2600.0,2026-12-25T08:00:00+00:00,0.33931046233129264,0.099,0.101,0.099971,0.1,2431.98,ETH-25DEC26,0.5499,0.4812,5.64916,6785.0,35.0,0.0020000000000000018,ETH,2408.65,8540.74
2026-08-23T09:36:16.153934+00:00,ETH-25JUN27-2400-C,2483.71,ETH-25JUN27,call,2400.0,2027-06-25T08:00:00+00:00,0.8375993055893352,0.214,0.2185,0.215871,0.21625,2483.71,ETH-25JUN27,0.5590999999999999,0.62682,8.6115,914.0,0.0,0.004500000000000004,ETH,2408.47,0.0
2026-08-23T09:36:16.153934+00:00,ETH-25JUN27-5000-C,2483.71,ETH-25JUN27,call,5000.0,2027-06-25T08:00:00+00:00,0.8375993055893352,0.0325,0.036,0.034421,0.03425,2483.71,ETH-25JUN27,0.5903,0.15289,5.3709,1344.0,40.0,0.003499999999999996,ETH,2408.47,3249.53
2026-08-23T09:36:16.153934+00:00,ETH-25JUN27-2500-P,2483.71,ETH-25JUN27,put,2500.0,2027-06-25T08:00:00+00:00,0.8375993055893352,0.2035,0.2085,0.205747,0.206,2483.71,ETH-25JUN27,0.5585,-0.40384,8.80908,47.0,40.0,0.0050000000000000044,ETH,2408.47,19799.89
2026-08-23T09:36:16.153934+00:00,ETH-30OCT26-1850-P,2419.67,ETH-30OCT26,put,1850.0,2026-10-30T08:00:00+00:00,0.18599081825189495,0.016,0.017,0.016433,0.0165,2419.67,ETH-30OCT26,0.588,-0.11767,2.06028,1260.0,0.0,0.0010000000000000009,ETH,2408.47,0.0
2026-08-23T09:36:16.153934+00:00,ETH-25AUG26-2550-C,2409.17,ETH-25AUG26,call,2550.0,2026-08-25T08:00:00+00:00,0.005292666301176262,0.003,0.0036,0.003262,0.0033,2409.17,ETH-25AUG26,0.6862,0.1341,0.37879,0.0,0.0,0.0005999999999999998,ETH,2408.47,0.0
2026-08-23T09:36:16.153934+00:00,ETH-28AUG26-1750-P,2410.74,ETH-28AUG26,put,1750.0,2026-08-28T08:00:00+00:00,0.013506218662572565,0.0001,0.0004,0.000217,0.00025,2410.74,ETH-28AUG26,1.1015000000000001,-0.0051,0.04124,23214.0,1.0,0.00030000000000000003,ETH,2408.47,0.71
2026-08-23T09:36:16.153934+00:00,ETH-26AUG26-2340-C,2409.64,ETH-26AUG26,call,2340.0,2026-08-26T08:00:00+00:00,0.008030517088308363,0.037,0.0395,0.038289,0.03825,2409.64,ETH-26AUG26,0.5879,0.72196,0.72456,68.0,68.0,0.0025000000000000022,ETH,2408.43,5228.9
2026-08-23T09:36:16.153934+00:00,ETH-25DEC26-4200-C,2431.98,ETH-25DEC26,call,4200.0,2026-12-25T08:00:00+00:00,0.33931046233129264,0.012,0.0135,0.012715,0.01275,2431.98,ETH-25DEC26,0.6131,0.08851,2.27338,4622.0,0.0,0.0014999999999999996,ETH,2408.43,0.0
2026-08-23T09:36:16.153934+00:00,ETH-30OCT26-2550-C,2419.67,ETH-30OCT26,call,2550.0,2026-10-30T08:00:00+00:00,0.18599081825189495,0.07,0.0715,0.0711,0.07075,2419.67,ETH-30OCT26,0.5424,0.45791,4.14269,575.0,11.0,0.0014999999999999875,ETH,2408.43,1893.87
2026-08-23T09:36:16.153934+00:00,ETH-25SEP26-8500-C,2413.02,ETH-25SEP26,call,8500.0,2026-09-25T08:00:00+00:00,0.0901660407022714,,0.0006,0.000142,,2413.02,ETH-25SEP26,1.3154,0.0014,0.03325,1253.0,0.0,,ETH,2408.43,0.0
2026-08-23T09:36:16.153934+00:00,ETH-24AUG26-2300-C,2408.44,ETH-24AUG26,call,2300.0,2026-08-24T08:00:00+00:00,0.0025548155140441603,0.0425,0.0485,0.045577,0.0455,2408.44,ETH-24AUG26,0.5536,0.95265,0.12011,26.0,0.0,0.005999999999999998,ETH,2408.55,0.0
2026-08-23T09:36:16.153934+00:00,ETH-26MAR27-5000-P,2456.67,ETH-26MAR27,put,5000.0,2027-03-26T08:00:00+00:00,0.5884548839603139,1.028,1.0715,1.052132,1.04975,2456.67,ETH-26MAR27,0.5979,-0.9064,3.15249,0.0,0.0,0.04349999999999987,ETH,2408.55,0.0
2026-08-23T09:36:16.153934+00:00,ETH-25AUG26-2100-P,2409.16,ETH-25AUG26,put,2100.0,2026-08-25T08:00:00+00:00,0.005292666301176262,0.0001,0.0004,0.000337,0.00025,2409.16,ETH-25AUG26,0.8787999999999999,-0.01443,0.06418,296.0,26.0,0.00030000000000000003,ETH,2408.55,325.47
2026-08-23T09:36:16.153934+00:00,ETH-25AUG26-2340-C,2409.17,ETH-25AUG26,call,2340.0,2026-08-25T08:00:00+00:00,0.005292666301176262,0.0335,0.036,0.034697,0.03475,2409.17,ETH-25AUG26,0.5785,0.76475,0.53892,0.0,0.0,0.0024999999999999953,ETH,2408.55,0.0
2026-08-23T09:36:16.153934+00:00,ETH-25SEP26-4500-P,2413.01,ETH-25SEP26,put,4500.0,2026-09-25T08:00:00+00:00,0.0901660407022714,0.8585,0.8765,0.86574,0.8675,2413.01,ETH-25SEP26,0.8482999999999999,-0.98975,0.19737,6.0,0.0,0.017999999999999905,ETH,2408.55,0.0
2026-08-23T09:36:16.153934+00:00,ETH-25AUG26-2560-C,2409.16,ETH-25AUG26,call,2560.0,2026-08-25T08:00:00+00:00,0.005292666301176262,0.0027,0.0032,0.002929,0.00295,2409.16,ETH-25AUG26,0.696,0.12151,0.35371,869.0,2.0,0.0005,ETH,2408.55,14.74
2026-08-23T09:36:16.153934+00:00,ETH-30OCT26-3200-C,2419.67,ETH-30OCT26,call,3200.0,2026-10-30T08:00:00+00:00,0.18599081825189495,0.0185,0.0195,0.019203,0.019,2419.67,ETH-30OCT26,0.5820000000000001,0.16195,2.56085,1478.0,1.0,0.0010000000000000009,ETH,2408.55,51.28
2026-08-23T09:36:16.153934+00:00,ETH-28AUG26-1400-P,2410.74,ETH-28AUG26,put,1400.0,2026-08-28T08:00:00+00:00,0.013506218662572565,,0.0012,0.000131,,2410.74,ETH-28AUG26,1.6954,-0.00213,0.01883,7849.0,20.0,,ETH,2408.55,4.78
2026-08-23T09:36:16.153934+00:00,ETH-26MAR27-800-C,2456.66,ETH-26MAR27,call,800.0,2027-03-26T08:00:00+00:00,0.5884548839603139,0.675,0.682,0.678468,0.6785,2456.66,ETH-26MAR27,0.7876000000000001,0.98458,0.73122,0.0,0.0,0.007000000000000006,ETH,2408.59,0.0
2026-08-23T09:36:16.153934+00:00,ETH-26MAR27-4400-C,2456.67,ETH-26MAR27,call,4400.0,2027-03-26T08:00:00+00:00,0.5884548839603139,0.0255,0.028,0.026887,0.02675,2456.67,ETH-26MAR27,0.5845,0.14129,4.22354,1278.0,10.0,0.0025000000000000022,ETH,2408.59,690.5
2026-08-23T09:36:16.153934+00:00,ETH-25DEC26-3000-P,2431.97,ETH-25DEC26,put,3000.0,2026-12-25T08:00:00+00:00,0.33931046233129264,0.279,0.2985,0.290022,0.28875,2431.97,ETH-25DEC26,0.5596,-0.68429,5.04047,781.0,0.0,0.019499999999999962,ETH,2408.59,0.0
2026-08-23T09:36:16.153934+00:00,ETH-24AUG26-1900-C,2408.44,ETH-24AUG26,call,1900.0,2026-08-24T08:00:00+00:00,0.0025548155140441603,0.2085,0.2135,0.211098,0.211,2408.44,ETH-24AUG26,1.348,0.99979,0.00098,0.0,0.0,0.0050000000000000044,ETH,2408.63,0.0
2026-08-23T09:36:16.153934+00:00,ETH-25SEP26-2500-P,2413.01,ETH-25SEP26,put,2500.0,2026-09-25T08:00:00+00:00,0.0901660407022714,0.0845,0.0865,0.085622,0.0855,2413.01,ETH-25SEP26,0.5418999999999999,-0.55338,2.8665,3423.0,235.0,0.001999999999999988,ETH,2408.59,47862.86
2026-08-23T09:36:16.153934+00:00,ETH-25SEP26-13000-C,2413.01,ETH-25SEP26,call,13000.0,2026-09-25T08:00:00+00:00,0.0901660407022714,,0.0003,5.8e-05,,2413.01,ETH-25SEP26,1.5911000000000002,0.00051,0.01316,1873.0,0.0,,ETH,2408.63,0.0
2026-08-23T09:36:16.153934+00:00,ETH-4SEP26-2250-P,2410.66,ETH-4SEP26,put,2250.0,2026-09-04T08:00:00+00:00,0.03267117417249728,0.0135,0.015,0.014355,0.01425,2410.66,ETH-4SEP26,0.5588000000000001,-0.23056,1.32569,1331.0,1.0,0.0014999999999999996,ETH,2408.63,34.88
2026-08-23T09:36:16.153934+00:00,ETH-25SEP26-7200-P,2413.01,ETH-25SEP26,put,7200.0,2026-09-25T08:00:00+00:00,0.0901660407022714,1.9675,2.0025,1.984016,1.985,2413.01,ETH-25SEP26,1.1622,-0.99844,0.03662,0.0,0.0,0.03499999999999992,ETH,2408.63,0.0
2026-08-23T09:36:16.153934+00:00,ETH-25JUN27-1900-P,2483.71,ETH-25JUN27,put,1900.0,2027-06-25T08:00:00+00:00,0.8375993055893352,0.085,0.0885,0.086753,0.08675,2483.71,ETH-25JUN27,0.5695,-0.21912,6.71966,3338.0,0.0,0.0034999999999999892,ETH,2408.63,0.0
2026-08-23T09:36:16.153934+00:00,ETH-25AUG26-2700-P,2409.16,ETH-25AUG26,put,2700.0,2026-08-25T08:00:00+00:00,0.005292666301176262,0.118,0.1255,0.121495,0.12175,2409.16,ETH-25AUG26,0.8348,-0.9672,0.12839,0.0,0.0,0.007500000000000007,ETH,2408.63,0.0
2026-08-23T09:36:16.153934+00:00,ETH-25DEC26-4500-C,2431.97,ETH-25DEC26,call,4500.0,2026-12-25T08:00:00+00:00,0.33931046233129264,0.0085,0.01,0.009276,0.00925,2431.97,ETH-25DEC26,0.6264,0.06645,1.82847,2993.0,0.0,0.0014999999999999996,ETH,2408.63,0.0
2026-08-23T09:36:16.153934+00:00,ETH-30OCT26-1000-P,2419.68,ETH-30OCT26,put,1000.0,2026-10-30T08:00:00+00:00,0.18599081825189495,0.0005,0.0012,0.000813,0.00085,2419.68,ETH-30OCT26,0.8801000000000001,-0.0059,0.17483,1971.0,0.0,0.0006999999999999999,ETH,2408.63,0.0
2026-08-23T09:36:16.153934+00:00,ETH-25JUN27-1400-C,2483.71,ETH-25JUN27,call,1400.0,2027-06-25T08:00:00+00:00,0.8375993055893352,0.463,0.4745,0.469047,0.46875,2483.71,ETH-25JUN27,0.6122,0.90384,3.8791,50.0,0.0,0.011499999999999955,ETH,2408.63,0.0
2026-08-23T09:36:16.153934+00:00,ETH-26MAR27-2300-C,2456.67,ETH-26MAR27,call,2300.0,2027-03-26T08:00:00+00:00,0.5884548839603139,0.196,0.1995,0.197393,0.19775,2456.67,ETH-26MAR27,0.5562,0.64379,7.02918,7621.0,0.0,0.003500000000000003,ETH,2408.63,0.0
2026-08-23T09:36:16.153934+00:00,ETH-4SEP26-2500-C,2410.67,ETH-4SEP26,call,2500.0,2026-09-04T08:00:00+00:00,0.03267117417249728,0.0255,0.0265,0.025996,0.026,2410.67,ETH-4SEP26,0.5714,0.38331,1.66446,3252.0,6.0,0.0010000000000000009,ETH,2408.63,380.34
2026-08-23T09:36:16.153934+00:00,ETH-28AUG26-1850-C,2410.74,ETH-28AUG26,call,1850.0,2026-08-28T08:00:00+00:00,0.013506218662572565,0.2305,0.2355,0.232848,0.233,2410.74,ETH-28AUG26,0.9419,0.99336,0.05214,4642.0,0.0,0.004999999999999977,ETH,2408.63,0.0
2026-08-23T09:36:16.153934+00:00,ETH-25SEP26-6400-C,2413.01,ETH-25SEP26,call,6400.0,2026-09-25T08:00:00+00:00,0.0901660407022714,0.0001,0.0004,0.000216,0.00025,2413.01,ETH-25SEP26,1.0897,0.00243,0.05493,1918.0,0.0,0.00030000000000000003,ETH,2408.63,0.0
2026-08-23T09:36:16.153934+00:00,ETH-25DEC26-3500-P,2431.98,ETH-25DEC26,put,3500.0,2026-12-25T08:00:00+00:00,0.33931046233129264,0.4555,0.478,0.467957,0.46675,2431.98,ETH-25DEC26,0.5797,-0.818,3.74555,51.0,0.0,0.022499999999999964,ETH,2408.63,0.0
2026-08-23T09:36:16.153934+00:00,ETH-26MAR27-6000-C,2456.67,ETH-26MAR27,call,6000.0,2027-03-26T08:00:00+00:00,0.5884548839603139,0.0075,0.01,0.008686,0.00875,2456.67,ETH-26MAR27,0.6219,0.05134,1.98641,5150.0,14.0,0.0025000000000000005,ETH,2408.58,306.58
2026-08-23T09:36:16.153934+00:00,ETH-26AUG26-2500-P,2409.64,ETH-26AUG26,put,2500.0,2026-08-26T08:00:00+00:00,0.008030517088308363,0.0425,0.0505,0.046546,0.0465,2409.64,ETH-26AUG26,0.6349,-0.72996,0.7142,0.0,0.0,0.008,ETH,2408.66,0.0
2026-08-23T09:36:16.153934+00:00,ETH-11SEP26-2700-P,2411.24,ETH-11SEP26,put,2700.0,2026-09-11T08:00:00+00:00,0.05183612968242198,0.13,0.141,0.135173,0.1355,2411.24,ETH-11SEP26,0.5836,-0.78285,1.61438,0.0,0.0,0.010999999999999982,ETH,2408.66,0.0
2026-08-23T09:36:16.153934+00:00,ETH-24AUG26-2120-C,2408.44,ETH-24AUG26,call,2120.0,2026-08-24T08:00:00+00:00,0.0025548155140441603,0.117,0.1225,0.119907,0.11975,2408.44,ETH-24AUG26,1.0735,0.99153,0.02802,0.0,0.0,0.005499999999999991,ETH,2408.66,0.0
2026-08-23T09:36:16.153934+00:00,ETH-28AUG26-1200-C,2410.75,ETH-28AUG26,call,1200.0,2026-08-28T08:00:00+00:00,0.013506218662572565,0.5005,0.504,0.502268,0.50225,2410.75,ETH-28AUG26,1.9306,0.99936,0.00621,69.0,0.0,0.0035000000000000586,ETH,2408.58,0.0
2026-08-23T09:36:16.153934+00:00,ETH-4SEP26-2500-P,2410.67,ETH-4SEP26,put,2500.0,2026-09-04T08:00:00+00:00,0.03267117417249728,0.061,0.064,0.063078,0.0625,2410.67,ETH-4SEP26,0.5714,-0.61663,1.66457,1916.0,0.0,0.0030000000000000027,ETH,2408.66,0.0
2026-08-23T09:36:16.153934+00:00,ETH-25AUG26-2300-P,2409.16,ETH-25AUG26,put,2300.0,2026-08-25T08:00:00+00:00,0.005292666301176262,0.0027,0.0029,0.002962,0.0028,2409.16,ETH-25AUG26,0.5881000000000001,-0.13261,0.3759,111.0,50.0,0.00019999999999999966,ETH,2408.66,585.17
2026-08-23T09:36:16.153934+00:00,ETH-26MAR27-3500-P,2456.67,ETH-26MAR27,put,3500.0,2027-03-26T08:00:00+00:00,0.5884548839603139,0.4715,0.497,0.484446,0.48425,2456.67,ETH-26MAR27,0.5655,-0.72504,6.29209,24.0,0.0,0.025500000000000023,ETH,2408.66,0.0
2026-08-23T09:36:16.153934+00:00,ETH-30OCT26-3400-P,2419.68,ETH-30OCT26,put,3400.0,2026-10-30T08:00:00+00:00,0.18599081825189495,0.4105,0.4285,0.418688,0.4195,2419.68,ETH-30OCT26,0.6007,-0.88128,2.07335,0.0,0.0,0.018000000000000016,ETH,2408.66,0.0
2026-08-23T09:36:16.153934+00:00,ETH-25SEP26-3500-P,2413.01,ETH-25SEP26,put,3500.0,2026-09-25T08:00:00+00:00,0.0901660407022714,0.4485,0.4605,0.454063,0.4545,2413.01,ETH-25SEP26,0.6889,-0.95469,0.69105,1133.0,0.0,0.01200000000000001,ETH,2408.66,0.0
2026-08-23T09:36:16.153934+00:00,ETH-4SEP26-1900-P,2410.66,ETH-4SEP26,put,1900.0,2026-09-04T08:00:00+00:00,0.03267117417249728,0.0012,0.0016,0.001431,0.0014,2410.66,ETH-4SEP26,0.7114,-0.02751,0.27608,837.0,25.0,0.0004000000000000002,ETH,2408.7,96.97
2026-08-23T09:36:16.153934+00:00,ETH-25DEC26-5200-C,2431.97,ETH-25DEC26,call,5200.0,2026-12-25T08:00:00+00:00,0.33931046233129264,0.0046,0.0055,0.005041,0.00505,2431.97,ETH-25DEC26,0.6605,0.03743,1.15734,8897.0,1.0,0.0008999999999999998,ETH,2408.66,12.06
2026-08-23T09:36:16.153934+00:00,ETH-25SEP26-6500-C,2413.01,ETH-25SEP26,call,6500.0,2026-09-25T08:00:00+00:00,0.0901660407022714,0.0001,0.0003,0.000202,0.0002,2413.01,ETH-25SEP26,1.0983,0.00226,0.05142,1339.0,0.0,0.00019999999999999998,ETH,2408.7,0.0
2026-08-23T09:36:16.153934+00:00,ETH-30OCT26-2250-C,2419.68,ETH-30OCT26,call,2250.0,2026-10-30T08:00:00+00:00,0.18599081825189495,0.128,0.1305,0.129286,0.12925,2419.68,ETH-30OCT26,0.5428999999999999,0.6662,3.79928,785.0,0.0,0.0025000000000000022,ETH,2408.7,0.0
2026-08-23T09:36:16.153934+00:00,ETH-4SEP26-2350-C,2410.66,ETH-4SEP26,call,2350.0,2026-09-04T08:00:00+00:00,0.03267117417249728,0.052,0.0545,0.053266,0.05325,2410.66,ETH-4SEP26,0.5538000000000001,0.62123,1.65849,756.0,0.0,0.0025000000000000022,ETH,2408.7,0.0
2026-08-23T09:36:16.153934+00:00,ETH-30OCT26-1900-P,2419.67,ETH-30OCT26,put,1900.0,2026-10-30T08:00:00+00:00,0.18599081825189495,0.019,0.02,0.019464,0.0195,2419.67,ETH-30OCT26,0.5786,-0.13674,2.28737,846.0,16.0,0.0010000000000000009,ETH,2408.7,709.71
2026-08-23T09:36:16.153934+00:00,ETH-30OCT26-2900-P,2419.68,ETH-30OCT26,put,2900.0,2026-10-30T08:00:00+00:00,0.18599081825189495,0.227,0.24,0.232971,0.2335,2419.68,ETH-30OCT26,0.5592,-0.73507,3.42014,0.0,0.0,0.012999999999999984,ETH,2408.7,0.0
2026-08-23T09:36:16.153934+00:00,ETH-11SEP26-3200-C,2411.26,ETH-11SEP26,call,3200.0,2026-09-11T08:00:00+00:00,0.05183612968242198,0.003,0.0036,0.003274,0.0033,2411.26,ETH-11SEP26,0.7217,0.0508,0.57377,2261.0,0.0,0.0005999999999999998,ETH,2408.7,0.0
2026-08-23T09:36:16.153934+00:00,ETH-25SEP26-8000-P,2413.01,ETH-25SEP26,put,8000.0,2026-09-25T08:00:00+00:00,0.0901660407022714,2.2975,2.336,2.315558,2.31675,2413.01,ETH-25SEP26,1.2598,-0.99854,0.03442,0.0,0.0,0.03849999999999998,ETH,2408.74,0.0
2026-08-23T09:36:16.153934+00:00,ETH-25SEP26-6800-C,2413.02,ETH-25SEP26,call,6800.0,2026-09-25T08:00:00+00:00,0.0901660407022714,,0.0002,0.000176,,2413.02,ETH-25SEP26,1.1287,0.00195,0.04499,1458.0,5.0,,ETH,2408.74,1.2
2026-08-23T09:36:16.153934+00:00,ETH-25DEC26-4600-P,2431.98,ETH-25DEC26,put,4600.0,2026-12-25T08:00:00+00:00,0.33931046233129264,0.888,0.916,0.899977,0.902,2431.98,ETH-25DEC26,0.6322,-0.9388,1.71511,0.0,0.0,0.028000000000000025,ETH,2408.74,0.0
2026-08-23T09:36:16.153934+00:00,ETH-26MAR27-900-C,2456.67,ETH-26MAR27,call,900.0,2027-03-26T08:00:00+00:00,0.5884548839603139,0.635,0.643,0.639152,0.639,2456.67,ETH-26MAR27,0.7494,0.97905,0.94988,68.0,0.0,0.008000000000000007,ETH,2408.74,0.0
2026-08-23T09:36:16.153934+00:00,ETH-25AUG26-2420-C,2409.17,ETH-25AUG26,call,2420.0,2026-08-25T08:00:00+00:00,0.005292666301176262,0.0145,0.0155,0.015215,0.015,2409.17,ETH-25AUG26,0.5976,0.4714,0.69749,57.0,60.0,0.0009999999999999992,ETH,2408.74,1949.82
2026-08-23T09:36:16.153934+00:00,ETH-28AUG26-2500-C,2410.74,ETH-28AUG26,call,2500.0,2026-08-28T08:00:00+00:00,0.013506218662572565,0.014,0.0145,0.014297,0.01425,2410.74,ETH-28AUG26,0.6173,0.32076,1.00336,34304.0,69.0,0.0005000000000000004,ETH,2408.74,2390.38
2026-08-23T09:36:16.153934+00:00,ETH-25SEP26-3600-C,2413.01,ETH-25SEP26,call,3600.0,2026-09-25T08:00:00+00:00,0.0901660407022714,0.0026,0.0032,0.002973,0.0029,2413.01,ETH-25SEP26,0.7069,0.03784,0.59726,2794.0,10.0,0.0006000000000000003,ETH,2408.74,89.71
2026-08-23T09:36:16.153934+00:00,ETH-24AUG26-2350-P,2408.45,ETH-24AUG26,put,2350.0,2026-08-24T08:00:00+00:00,0.0025548155140441603,0.0022,0.0025,0.002382,0.00235,2408.45,ETH-24AUG26,0.5151,-0.1652,0.30223,699.0,655.0,0.0002999999999999999,ETH,2408.74,7931.34
2026-08-23T09:36:16.153934+00:00,ETH-25SEP26-4600-P,2413.02,ETH-25SEP26,put,4600.0,2026-09-25T08:00:00+00:00,0.0901660407022714,0.8975,0.9175,0.90708,0.9075,2413.02,ETH-25SEP26,0.86,-0.99103,0.17578,38.0,0.0,0.020000000000000018,ETH,2408.74,0.0
2026-08-23T09:36:16.153934+00:00,ETH-26AUG26-2380-P,2409.66,ETH-26AUG26,put,2380.0,2026-08-26T08:00:00+00:00,0.008030517088308363,0.015,0.016,0.01544,0.0155,2409.66,ETH-26AUG26,0.5917,-0.39444,0.83138,0.0,0.0,0.0010000000000000009,ETH,2408.72,0.0
2026-08-23T09:36:16.153934+00:00,ETH-26MAR27-900-P,2456.66,ETH-26MAR27,put,900.0,2027-03-26T08:00:00+00:00,0.5884548839603139,0.005,0.006,0.005509,0.0055,2456.66,ETH-26MAR27,0.7494,-0.02095,0.94987,828.0,1.0,0.001,ETH,2408.72,16.84
2026-08-23T09:36:16.153934+00:00,ETH-25JUN27-2600-P,2483.71,ETH-25JUN27,put,2600.0,2027-06-25T08:00:00+00:00,0.8375993055893352,0.2265,0.2335,0.230839,0.23,2483.71,ETH-25JUN27,0.5588000000000001,-0.43364,8.94912,0.0,0.0,0.007000000000000006,ETH,2408.72,0.0
2026-08-23T09:36:16.153934+00:00,ETH-25AUG26-2240-P,2409.17,ETH-25AUG26,put,2240.0,2026-08-25T08:00:00+00:00,0.005292666301176262,0.0009,0.0012,0.001089,0.00105,2409.17,ETH-25AUG26,0.6342,-0.05361,0.19107,39.0,8.0,0.0002999999999999999,ETH,2408.72,53.52
2026-08-23T09:36:16.153934+00:00,ETH-26AUG26-2420-P,2409.64,ETH-26AUG26,put,2420.0,2026-08-26T08:00:00+00:00,0.008030517088308363,0.023,0.0245,0.023776,0.02375,2409.64,ETH-26AUG26,0.6018,-0.51794,0.86085,20.0,0.0,0.0015000000000000013,ETH,2408.7,0.0
2026-08-23T09:36:16.153934+00:00,ETH-26AUG26-2300-P,2409.64,ETH-26AUG26,put,2300.0,2026-08-26T08:00:00+00:00,0.008030517088308363,0.005,0.006,0.005498,0.0055,2409.64,ETH-26AUG26,0.5953,-0.1821,0.57092,111.0,116.0,0.001,ETH,2408.7,1601.07
2026-08-23T09:36:16.153934+00:00,ETH-25SEP26-15000-P,2413.01,ETH-25SEP26,put,15000.0,2026-09-25T08:00:00+00:00,0.0901660407022714,5.173,5.256,5.216436,5.2145,2413.01,ETH-25SEP26,1.6418000000000001,-0.99973,0.00733,0.0,0.0,0.08300000000000018,ETH,2408.72,0.0
2026-08-23T09:36:16.153934+00:00,ETH-30OCT26-3100-P,2419.68,ETH-30OCT26,put,3100.0,2026-10-30T08:00:00+00:00,0.18599081825189495,0.2965,0.3125,0.304364,0.3045,2419.68,ETH-30OCT26,0.5739,-0.80932,2.84017,0.0,0.0,0.016000000000000014,ETH,2408.72,0.0
2026-08-23T09:36:16.153934+00:00,ETH-25SEP26-12000-P,2413.01,ETH-25SEP26,put,12000.0,2026-09-25T08:00:00+00:00,0.0901660407022714,3.943,4.0075,3.97322,3.97525,2413.01,ETH-25SEP26,1.5791,-0.99917,0.02066,0.0,0.0,0.06450000000000022,ETH,2408.7,0.0
2026-08-23T09:36:16.153934+00:00,ETH-24AUG26-2160-C,2408.44,ETH-24AUG26,call,2160.0,2026-08-24T08:00:00+00:00,0.0025548155140441603,0.1005,0.106,0.10332,0.10325,2408.44,ETH-24AUG26,0.9490999999999999,0.9894,0.03411,0.0,0.0,0.005499999999999991,ETH,2408.7,0.0
2026-08-23T09:36:16.153934+00:00,ETH-30OCT26-2300-P,2419.68,ETH-30OCT26,put,2300.0,2026-10-30T08:00:00+00:00,0.18599081825189495,0.067,0.0685,0.067987,0.06775,2419.68,ETH-30OCT26,0.541,-0.36847,3.93768,574.0,0.0,0.0015000000000000013,ETH,2408.7,0.0
2026-08-23T09:36:16.153934+00:00,ETH-26AUG26-2480-C,2409.64,ETH-26AUG26,call,2480.0,2026-08-26T08:00:00+00:00,0.008030517088308363,0.0105,0.0115,0.010991,0.011,2409.64,ETH-26AUG26,0.6248,0.31601,0.76836,0.0,0.0,0.0009999999999999992,ETH,2408.72,0.0
2026-08-23T09:36:16.153934+00:00,ETH-25AUG26-2580-P,2409.17,ETH-25AUG26,put,2580.0,2026-08-25T08:00:00+00:00,0.005292666301176262,0.0695,0.0765,0.073289,0.073,2409.17,ETH-25AUG26,0.7149,-0.90042,0.30667,18.0,0.0,0.006999999999999992,ETH,2408.7,0.0
2026-08-23T09:36:16.153934+00:00,ETH-4SEP26-2600-P,2410.66,ETH-4SEP26,put,2600.0,2026-09-04T08:00:00+00:00,0.03267117417249728,0.0895,0.0995,0.094466,0.0945,2410.66,ETH-4SEP26,0.5956,-0.74035,1.4133,0.0,0.0,0.010000000000000009,ETH,2408.72,0.0
2026-08-23T09:36:16.153934+00:00,ETH-30OCT26-3600-P,2419.68,ETH-30OCT26,put,3600.0,2026-10-30T08:00:00+00:00,0.18599081825189495,0.489,0.508,0.497754,0.4985,2419.68,ETH-30OCT26,0.6218,-0.91072,1.6858,0.0,0.0,0.019000000000000017,ETH,2408.7,0.0
2026-08-23T09:36:16.153934+00:00,ETH-25AUG26-2520-C,2409.16,ETH-25AUG26,call,2520.0,2026-08-25T08:00:00+00:00,0.005292666301176262,0.0043,0.0049,0.00462,0.0046,2409.16,ETH-25AUG26,0.6609,0.18316,0.46498,107.0,13.0,0.0005999999999999998,ETH,2408.72,127.27
2026-08-23T09:36:16.153934+00:00,ETH-26AUG26-2700-C,2409.64,ETH-26AUG26,call,2700.0,2026-08-26T08:00:00+00:00,0.008030517088308363,0.0014,0.0019,0.001627,0.00165,2409.64,ETH-26AUG26,0.7817000000000001,0.05667,0.24603,6.0,5.0,0.0005,ETH,2408.65,33.38
2026-08-23T09:36:16.153934+00:00,ETH-25DEC26-3000-C,2431.97,ETH-25DEC26,call,3000.0,2026-12-25T08:00:00+00:00,0.33931046233129264,0.0555,0.057,0.056449,0.05625,2431.97,ETH-25DEC26,0.5596,0.31578,5.04133,7022.0,6.0,0.0015000000000000013,ETH,2408.72,820.77
2026-08-23T09:36:16.153934+00:00,ETH-24AUG26-2080-P,2408.44,ETH-24AUG26,put,2080.0,2026-08-24T08:00:00+00:00,0.0025548155140441603,0.0001,,0.000151,,2408.44,ETH-24AUG26,1.2059,-0.00724,0.02443,494.0,494.0,,ETH,2408.65,117.11
2026-08-23T09:36:16.153934+00:00,ETH-25DEC26-4200-P,2431.98,ETH-25DEC26,put,4200.0,2026-12-25T08:00:00+00:00,0.33931046233129264,0.7235,0.754,0.739717,0.73875,2431.98,ETH-25DEC26,0.6131,-0.91144,2.27476,62.0,0.0,0.03049999999999997,ETH,2408.72,0.0
2026-08-23T09:36:16.153934+00:00,ETH-26MAR27-2100-C,2456.66,ETH-26MAR27,call,2100.0,2027-03-26T08:00:00+00:00,0.5884548839603139,0.2395,0.243,0.240807,0.24125,2456.66,ETH-26MAR27,0.5609000000000001,0.71924,6.35677,908.0,0.0,0.003500000000000003,ETH,2408.65,0.0
2026-08-23T09:36:16.153934+00:00,ETH-26MAR27-1300-C,2456.67,ETH-26MAR27,call,1300.0,2027-03-26T08:00:00+00:00,0.5884548839603139,0.482,0.4925,0.487537,0.48725,2456.67,ETH-26MAR27,0.6469,0.9371,2.33086,18.0,0.0,0.01050000000000001,ETH,2408.65,0.0
2026-08-23T09:36:16.153934+00:00,ETH-25DEC26-2200-P,2431.97,ETH-25DEC26,put,2200.0,2026-12-25T08:00:00+00:00,0.33931046233129264,0.0785,0.0805,0.079356,0.0795,2431.97,ETH-25DEC26,0.5499,-0.31766,5.05403,9260.0,1.0,0.0020000000000000018,ETH,2408.65,183.55
2026-08-23T09:36:16.153934+00:00,ETH-24AUG26-2460-P,2408.44,ETH-24AUG26,put,2460.0,2026-08-24T08:00:00+00:00,0.0025548155140441603,0.022,0.03,0.025381,0.026,2408.44,ETH-24AUG26,0.5731,-0.75898,0.37908,17.0,0.0,0.008,ETH,2408.65,0.0
2026-08-23T09:36:16.153934+00:00,ETH-4SEP26-2150-C,2410.66,ETH-4SEP26,call,2150.0,2026-09-04T08:00:00+00:00,0.03267117417249728,0.111,0.119,0.115083,0.115,2410.66,ETH-4SEP26,0.5817,0.87379,0.90358,221.0,0.0,0.007999999999999993,ETH,2408.67,0.0
2026-08-23T09:36:16.153934+00:00,ETH-27AUG26-2320-P,2410.19,SYN.ETH-27AUG26,put,2320.0,2026-08-27T08:00:00+00:00,0.010768367875440464,0.009,0.0105,0.009591,0.00975,2410.19,SYN.ETH-27AUG26,0.585,-0.25295,0.80004,0.0,0.0,0.0015000000000000013,ETH,2408.67,0.0
2026-08-23T09:36:16.153934+00:00,ETH-25SEP26-1500-C,2413.01,ETH-25SEP26,call,1500.0,2026-09-25T08:00:00+00:00,0.0901660407022714,0.3765,0.383,0.379984,0.37975,2413.01,ETH-25SEP26,0.7947,0.9827,0.31036,969.0,0.0,0.006500000000000006,ETH,2408.67,0.0
2026-08-23T09:36:16.153934+00:00,ETH-30OCT26-2200-P,2419.68,ETH-30OCT26,put,2200.0,2026-10-30T08:00:00+00:00,0.18599081825189495,0.0505,0.0515,0.051154,0.051,2419.68,ETH-30OCT26,0.5452,-0.30012,3.63163,460.0,1.0,0.000999999999999994,ETH,2408.67,123.99
2026-08-23T09:36:16.153934+00:00,ETH-26AUG26-2650-C,2409.64,ETH-26AUG26,call,2650.0,2026-08-26T08:00:00+00:00,0.008030517088308363,0.0022,0.0026,0.002388,0.0024,2409.64,ETH-26AUG26,0.7417,0.08201,0.32718,0.0,0.0,0.00039999999999999975,ETH,2408.67,0.0
2026-08-23T09:36:16.153934+00:00,ETH-25AUG26-2660-C,2409.16,ETH-25AUG26,call,2660.0,2026-08-25T08:00:00+00:00,0.005292666301176262,0.0009,0.0013,0.001086,0.0011,2409.16,ETH-25AUG26,0.7965000000000001,0.04706,0.17223,1.0,1.0,0.00039999999999999996,ETH,2408.67,3.37
2026-08-23T09:36:16.153934+00:00,ETH-28AUG26-3000-P,2410.75,ETH-28AUG26,put,3000.0,2026-08-28T08:00:00+00:00,0.013506218662572565,0.2415,0.2495,0.245157,0.2455,2410.75,ETH-28AUG26,0.8916,-0.98007,0.1353,5.0,0.0,0.008000000000000007,ETH,2408.67,0.0
2026-08-23T09:36:16.153934+00:00,ETH-11SEP26-3200-P,2411.26,ETH-11SEP26,put,3200.0,2026-09-11T08:00:00+00:00,0.05183612968242198,0.325,0.335,0.330392,0.33,2411.26,ETH-11SEP26,0.7217,-0.9492,0.57375,0.0,0.0,0.010000000000000009,ETH,2408.67,0.0
2026-08-23T09:36:16.153934+00:00,ETH-24AUG26-2680-P,2408.44,ETH-24AUG26,put,2680.0,2026-08-24T08:00:00+00:00,0.0025548155140441603,0.109,0.116,0.112928,0.1125,2408.44,ETH-24AUG26,0.9034,-0.98958,0.0336,0.0,0.0,0.007000000000000006,ETH,2408.67,0.0
2026-08-23T09:36:16.153934+00:00,ETH-25DEC26-2100-C,2431.97,ETH-25DEC26,call,2100.0,2026-12-25T08:00:00+00:00,0.33931046233129264,0.199,0.2015,0.199771,0.20025,2431.97,ETH-25DEC26,0.5542,0.7314,4.67507,1668.0,1.0,0.0025000000000000022,ETH,2408.67,478.3
2026-08-23T09:36:16.153934+00:00,ETH-30OCT26-2500-P,2419.67,ETH-30OCT26,put,2500.0,2026-10-30T08:00:00+00:00,0.18599081825189495,0.11,0.113,0.112051,0.1115,2419.67,ETH-30OCT26,0.5415,-0.50847,4.16518,16.0,0.0,0.0030000000000000027,ETH,2408.67,0.0
2026-08-23T09:36:16.153934+00:00,ETH-24AUG26-2650-P,2408.44,ETH-24AUG26,put,2650.0,2026-08-24T08:00:00+00:00,0.0025548155140441603,0.0965,0.104,0.100499,0.10025,2408.44,ETH-24AUG26,0.8382,-0.98707,0.04054,0.0,0.0,0.007499999999999993,ETH,2408.68,0.0
2026-08-23T09:36:16.153934+00:00,ETH-24AUG26-2240-C,2408.44,ETH-24AUG26,call,2240.0,2026-08-24T08:00:00+00:00,0.0025548155140441603,0.067,0.073,0.070112,0.07,2408.44,ETH-24AUG26,0.6709,0.98488,0.0464,0.0,0.0,0.0059999999999999915,ETH,2408.68,0.0
2026-08-23T09:36:16.153934+00:00,ETH-11SEP26-2650-P,2411.26,ETH-11SEP26,put,2650.0,2026-09-11T08:00:00+00:00,0.05183612968242198,0.113,0.1235,0.117725,0.11825,2411.26,ETH-11SEP26,0.5722999999999999,-0.74412,1.76723,0.0,0.0,0.010499999999999995,ETH,2408.67,0.0
2026-08-23T09:36:16.153934+00:00,ETH-26MAR27-4800-C,2456.67,ETH-26MAR27,call,4800.0,2027-03-26T08:00:00+00:00,0.5884548839603139,0.0185,0.021,0.019672,0.01975,2456.67,ETH-26MAR27,0.5942000000000001,0.10748,3.48762,2951.0,10.0,0.0025000000000000022,ETH,2408.68,509.26
2026-08-23T09:36:16.153934+00:00,ETH-25SEP26-3100-C,2413.01,ETH-25SEP26,call,3100.0,2026-09-25T08:00:00+00:00,0.0901660407022714,0.008,0.009,0.008473,0.0085,2413.01,ETH-25SEP26,0.6159,0.10392,1.30858,5252.0,25.0,0.0009999999999999992,ETH,2408.68,543.02
2026-08-23T09:36:16.153934+00:00,ETH-11SEP26-2100-P,2411.24,ETH-11SEP26,put,2100.0,2026-09-11T08:00:00+00:00,0.05183612968242198,0.0085,0.0095,0.008963,0.009,2411.24,ETH-11SEP26,0.5713,-0.12915,1.15689,1056.0,10.0,0.0009999999999999992,ETH,2408.68,243.65
2026-08-23T09:36:16.153934+00:00,ETH-30OCT26-2850-C,2419.67,ETH-30OCT26,call,2850.0,2026-10-30T08:00:00+00:00,0.18599081825189495,0.0375,0.0385,0.03815,0.038,2419.67,ETH-30OCT26,0.5559000000000001,0.28743,3.55971,102.0,102.0,0.0010000000000000009,ETH,2408.68,8771.65
2026-08-23T09:36:16.153934+00:00,ETH-25SEP26-1600-P,2413.02,ETH-25SEP26,put,1600.0,2026-09-25T08:00:00+00:00,0.0901660407022714,0.0021,0.0028,0.00243,0.00245,2413.02,ETH-25SEP26,0.7487,-0.02612,0.43955,7500.0,18.0,0.0007000000000000001,ETH,2408.68,115.71
2026-08-23T09:36:16.153934+00:00,ETH-25DEC26-3300-C,2431.98,ETH-25DEC26,call,3300.0,2026-12-25T08:00:00+00:00,0.33931046233129264,0.0365,0.038,0.037328,0.03725,2431.98,ETH-25DEC26,0.5707,0.22648,4.26743,2234.0,3.0,0.0015000000000000013,ETH,2408.68,278.96
2026-08-23T09:36:16.153934+00:00,ETH-28AUG26-3400-P,2410.75,ETH-28AUG26,put,3400.0,2026-08-28T08:00:00+00:00,0.013506218662572565,0.406,0.415,0.410495,0.4105,2410.75,ETH-28AUG26,1.0804,-0.99623,0.03147,1.0,0.0,0.008999999999999952,ETH,2408.68,0.0
2026-08-23T09:36:16.153934+00:00,ETH-28AUG26-2400-C,2410.74,ETH-28AUG26,call,2400.0,2026-08-28T08:00:00+00:00,0.013506218662572565,0.029,0.0305,0.029743,0.02975,2410.74,ETH-28AUG26,0.5936,0.54157,1.11212,18597.0,1217.0,0.0014999999999999979,ETH,2408.69,101752.74
2026-08-23T09:36:16.153934+00:00,ETH-28AUG26-2400-P,2410.74,ETH-28AUG26,put,2400.0,2026-08-28T08:00:00+00:00,0.013506218662572565,0.0245,0.026,0.025288,0.02525,2410.74,ETH-28AUG26,0.5936,-0.45843,1.11212,723.0,156.0,0.0014999999999999979,ETH,2408.69,9762.82
2026-08-23T09:36:16.153934+00:00,ETH-30OCT26-2150-P,2419.67,ETH-30OCT26,put,2150.0,2026-10-30T08:00:00+00:00,0.18599081825189495,0.0435,0.0445,0.043958,0.044,2419.67,ETH-30OCT26,0.5482,-0.26772,3.43825,1091.0,1.0,0.0010000000000000009,ETH,2408.69,105.08
2026-08-23T09:36:16.153934+00:00,ETH-27AUG26-2240-P,2410.19,SYN.ETH-27AUG26,put,2240.0,2026-08-27T08:00:00+00:00,0.010768367875440464,0.0031,0.004,0.003508,0.00355,2410.19,SYN.ETH-27AUG26,0.5986,-0.112,0.47659,0.0,0.0,0.0009000000000000002,ETH,2408.69,0.0
2026-08-23T09:36:16.153934+00:00,ETH-25DEC26-1200-C,2431.98,ETH-25DEC26,call,1200.0,2026-12-25T08:00:00+00:00,0.33931046233129264,0.508,0.516,0.511868,0.512,2431.98,ETH-25DEC26,0.7143,0.97168,0.9195,341.0,0.0,0.008000000000000007,ETH,2408.69,0.0
2026-08-23T09:36:16.153934+00:00,ETH-25DEC26-3500-C,2431.98,ETH-25DEC26,call,3500.0,2026-12-25T08:00:00+00:00,0.33931046233129264,0.028,0.0295,0.028789,0.02875,2431.98,ETH-25DEC26,0.5797,0.18202,3.74594,29029.0,116.0,0.0014999999999999979,ETH,2408.69,7803.36
2026-08-23T09:36:16.153934+00:00,ETH-27AUG26-2540-C,2410.19,SYN.ETH-27AUG26,call,2540.0,2026-08-27T08:00:00+00:00,0.010768367875440464,0.008,0.0095,0.008727,0.00875,2410.19,SYN.ETH-27AUG26,0.6523,0.23099,0.76157,0.0,0.0,0.0014999999999999996,ETH,2408.68,0.0
2026-08-23T09:36:16.153934+00:00,ETH-26MAR27-2500-P,2456.67,ETH-26MAR27,put,2500.0,2027-03-26T08:00:00+00:00,0.5884548839603139,0.1765,0.181,0.178927,0.17875,2456.67,ETH-26MAR27,0.5545,-0.43149,7.41246,576.0,0.0,0.004500000000000004,ETH,2408.68,0.0
2026-08-23T09:36:16.153934+00:00,ETH-25DEC26-1200-P,2431.98,ETH-25DEC26,put,1200.0,2026-12-25T08:00:00+00:00,0.33931046233129264,0.005,0.0055,0.005297,0.00525,2431.98,ETH-25DEC26,0.7143,-0.02832,0.91952,7240.0,0.0,0.0004999999999999996,ETH,2408.68,0.0
2026-08-23T09:36:16.153934+00:00,ETH-25SEP26-4400-C,2413.01,ETH-25SEP26,call,4400.0,2026-09-25T08:00:00+00:00,0.0901660407022714,0.0007,0.0012,0.000921,0.00095,2413.01,ETH-25SEP26,0.8342,0.01159,0.21966,4344.0,363.0,0.0004999999999999999,ETH,2408.68,962.12
2026-08-23T09:36:16.153934+00:00,ETH-30OCT26-4000-C,2419.68,ETH-30OCT26,call,4000.0,2026-10-30T08:00:00+00:00,0.18599081825189495,0.005,0.006,0.005576,0.0055,2419.68,ETH-30OCT26,0.6583,0.05188,1.10921,813.0,0.0,0.001,ETH,2408.68,0.0
2026-08-23T09:36:16.153934+00:00,ETH-25JUN27-5500-C,2483.71,ETH-25JUN27,call,5500.0,2027-06-25T08:00:00+00:00,0.8375993055893352,0.0245,0.0275,0.025935,0.026,2483.71,ETH-25JUN27,0.5982,0.11957,4.53877,536.0,23.0,0.002999999999999999,ETH,2408.66,1456.04
2026-08-23T09:36:16.153934+00:00,ETH-25JUN27-4600-C,2483.71,ETH-25JUN27,call,4600.0,2027-06-25T08:00:00+00:00,0.8375993055893352,0.042,0.0435,0.043192,0.04275,2483.71,ETH-25JUN27,0.5811999999999999,0.18629,6.09822,31.0,10.0,0.0014999999999999944,ETH,2408.66,1090.45
2026-08-23T09:36:16.153934+00:00,ETH-11SEP26-2300-P,2411.24,ETH-11SEP26,put,2300.0,2026-09-11T08:00:00+00:00,0.05183612968242198,0.0275,0.029,0.028362,0.02825,2411.24,ETH-11SEP26,0.5405,-0.32685,1.98179,87.0,60.0,0.0015000000000000013,ETH,2408.66,4810.92
2026-08-23T09:36:16.153934+00:00,ETH-30OCT26-2400-C,2419.67,ETH-30OCT26,call,2400.0,2026-10-30T08:00:00+00:00,0.18599081825189495,0.0955,0.0975,0.096485,0.0965,2419.67,ETH-30OCT26,0.5401,0.56093,4.11746,1798.0,0.0,0.0020000000000000018,ETH,2408.66,0.0
2026-08-23T09:36:16.153934+00:00,ETH-26MAR27-1300-P,2456.67,ETH-26MAR27,put,1300.0,2027-03-26T08:00:00+00:00,0.5884548839603139,0.016,0.018,0.016719,0.017,2456.67,ETH-26MAR27,0.6469,-0.06289,2.33066,1549.0,0.0,0.0019999999999999983,ETH,2408.73,0.0
2026-08-23T09:36:16.153934+00:00,ETH-25AUG26-2540-C,2409.16,ETH-25AUG26,call,2540.0,2026-08-25T08:00:00+00:00,0.005292666301176262,0.0034,0.0039,0.003645,0.00365,2409.16,ETH-25AUG26,0.6767,0.14877,0.40644,362.0,2.0,0.0005,ETH,2408.66,15.69
2026-08-23T09:36:16.153934+00:00,ETH-25JUN27-4500-P,2483.7,ETH-25JUN27,put,4500.0,2027-06-25T08:00:00+00:00,0.8375993055893352,0.84,0.8765,0.858235,0.85825,2483.7,ETH-25JUN27,0.5811999999999999,-0.80243,6.32166,1.0,0.0,0.03649999999999998,ETH,2408.73,0.0
2026-08-23T09:36:16.153934+00:00,ETH-30OCT26-2100-C,2419.67,ETH-30OCT26,call,2100.0,2026-10-30T08:00:00+00:00,0.18599081825189495,0.165,0.174,0.169747,0.1695,2419.67,ETH-30OCT26,0.5524,0.76284,3.22531,1550.0,0.0,0.00899999999999998,ETH,2408.73,0.0
2026-08-23T09:36:16.153934+00:00,ETH-25AUG26-2380-P,2409.17,ETH-25AUG26,put,2380.0,2026-08-25T08:00:00+00:00,0.005292666301176262,0.011,0.0115,0.011392,0.01125,2409.17,ETH-25AUG26,0.5806,-0.37464,0.66447,101.0,24.0,0.0005000000000000004,ETH,2408.73,781.82
2026-08-23T09:36:16.153934+00:00,ETH-25DEC26-2700-C,2431.98,ETH-25DEC26,call,2700.0,2026-12-25T08:00:00+00:00,0.33931046233129264,0.0855,0.0875,0.086615,0.0865,2431.98,ETH-25DEC26,0.5517,0.43513,5.5807,6481.0,40.0,0.001999999999999988,ETH,2408.73,8197.14
2026-08-23T09:36:16.153934+00:00,ETH-30OCT26-2000-P,2419.68,ETH-30OCT26,put,2000.0,2026-10-30T08:00:00+00:00,0.18599081825189495,0.0265,0.0275,0.027208,0.027,2419.68,ETH-30OCT26,0.5633,-0.18216,2.76089,515.0,7.0,0.0010000000000000009,ETH,2408.73,458.87
2026-08-23T09:36:16.153934+00:00,ETH-4SEP26-2550-C,2410.67,ETH-4SEP26,call,2550.0,2026-09-04T08:00:00+00:00,0.03267117417249728,0.0195,0.021,0.020278,0.02025,2410.67,ETH-4SEP26,0.5821000000000001,0.31662,1.55232,809.0,40.0,0.0015000000000000013,ETH,2408.75,1900.6
2026-08-23T09:36:16.153934+00:00,ETH-28AUG26-1600-P,2410.74,ETH-28AUG26,put,1600.0,2026-08-28T08:00:00+00:00,0.013506218662572565,,0.0002,0.000147,,2410.74,ETH-28AUG26,1.3216999999999999,-0.003,0.02565,12505.0,20.0,,ETH,2408.73,4.87
2026-08-23T09:36:16.153934+00:00,ETH-25JUN27-1800-C,2483.71,ETH-25JUN27,call,1800.0,2027-06-25T08:00:00+00:00,0.8375993055893352,0.3395,0.359,0.347886,0.34925,2483.71,ETH-25JUN27,0.5742,0.8095,6.18294,1495.0,0.0,0.019499999999999962,ETH,2408.75,0.0
2026-08-23T09:36:16.153934+00:00,ETH-26AUG26-2650-P,2409.64,ETH-26AUG26,put,2650.0,2026-08-26T08:00:00+00:00,0.008030517088308363,0.098,0.106,0.102137,0.102,2409.64,ETH-26AUG26,0.7417,-0.9179,0.32746,0.0,0.0,0.007999999999999993,ETH,2408.75,0.0
2026-08-23T09:36:16.153934+00:00,ETH-27AUG26-2600-P,2410.19,SYN.ETH-27AUG26,put,2600.0,2026-08-27T08:00:00+00:00,0.010768367875440464,0.08,0.0875,0.084195,0.08375,2410.19,SYN.ETH-27AUG26,0.6862999999999999,-0.84688,0.59143,0.0,0.0,0.007499999999999993,ETH,2408.75,0.0
2026-08-23T09:36:16.153934+00:00,ETH-30OCT26-3000-C,2419.68,ETH-30OCT26,call,3000.0,2026-10-30T08:00:00+00:00,0.18599081825189495,0.0275,0.0285,0.028188,0.028,2419.68,ETH-30OCT26,0.5661,0.22469,3.12961,1543.0,10.0,0.0010000000000000009,ETH,2408.75,738.97
2026-08-23T09:36:16.153934+00:00,ETH-25AUG26-2000-P,2409.16,ETH-25AUG26,put,2000.0,2026-08-25T08:00:00+00:00,0.005292666301176262,,0.0001,0.000166,,2409.16,ETH-25AUG26,1.0473000000000001,-0.00642,0.03163,1489.0,341.0,,ETH,2408.75,215.75
2026-08-23T09:36:16.153934+00:00,ETH-24AUG26-2380-P,2408.44,ETH-24AUG26,put,2380.0,2026-08-24T08:00:00+00:00,0.0025548155140441603,0.005,0.006,0.005537,0.0055,2408.44,ETH-24AUG26,0.5185,-0.31455,0.43191,799.0,492.0,0.001,ETH,2408.82,8538.27
2026-08-23T09:36:16.153934+00:00,ETH-25SEP26-2000-C,2413.02,ETH-25SEP26,call,2000.0,2026-09-25T08:00:00+00:00,0.0901660407022714,0.178,0.187,0.183009,0.1825,2413.02,ETH-25SEP26,0.5884,0.87555,1.48808,29207.0,3.0,0.009000000000000008,ETH,2408.82,1380.2
2026-08-23T09:36:16.153934+00:00,ETH-25SEP26-2250-C,2413.01,ETH-25SEP26,call,2250.0,2026-09-25T08:00:00+00:00,0.0901660407022714,0.1015,0.104,0.102471,0.10275,2413.01,ETH-25SEP26,0.5452,0.69552,2.53793,361.0,1.0,0.0024999999999999883,ETH,2408.82,259.66
2026-08-23T09:36:16.153934+00:00,ETH-25DEC26-4500-P,2431.98,ETH-25DEC26,put,4500.0,2026-12-25T08:00:00+00:00,0.33931046233129264,0.8465,0.874,0.859635,0.86025,2431.98,ETH-25DEC26,0.6264,-0.93352,1.82931,3.0,0.0,0.02749999999999997,ETH,2408.82,0.0
2026-08-23T09:36:16.153934+00:00,ETH-30OCT26-2600-P,2419.67,ETH-30OCT26,put,2600.0,2026-10-30T08:00:00+00:00,0.18599081825189495,0.1365,0.14,0.138627,0.13825,2419.67,ETH-30OCT26,0.5439,-0.57422,4.09396,188.0,0.0,0.003500000000000003,ETH,2408.82,0.0
2026-08-23T09:36:16.153934+00:00,ETH-25DEC26-2900-P,2431.98,ETH-25DEC26,put,2900.0,2026-12-25T08:00:00+00:00,0.33931046233129264,0.2485,0.267,0.257496,0.25775,2431.98,ETH-25DEC26,0.5566,-0.64776,5.26335,173.0,0.0,0.018500000000000016,ETH,2408.82,0.0
2026-08-23T09:36:16.153934+00:00,ETH-25JUN27-2000-C,2483.71,ETH-25JUN27,call,2000.0,2027-06-25T08:00:00+00:00,0.8375993055893352,0.2885,0.309,0.297276,0.29875,2483.71,ETH-25JUN27,0.5657,0.75111,7.21175,1757.0,0.0,0.020500000000000018,ETH,2408.82,0.0
2026-08-23T09:36:16.153934+00:00,ETH-25DEC26-4800-P,2431.98,ETH-25DEC26,put,4800.0,2026-12-25T08:00:00+00:00,0.33931046233129264,0.9625,0.994,0.980739,0.97825,2431.98,ETH-25DEC26,0.6409999999999999,-0.94871,1.49214,77.0,0.0,0.03149999999999997,ETH,2408.82,0.0
2026-08-23T09:36:16.153934+00:00,ETH-30OCT26-4000-P,2419.68,ETH-30OCT26,put,4000.0,2026-10-30T08:00:00+00:00,0.18599081825189495,0.649,0.6705,0.658694,0.65975,2419.68,ETH-30OCT26,0.6583,-0.9481,1.10959,0.0,0.0,0.021499999999999964,ETH,2408.82,0.0
2026-08-23T09:36:16.153934+00:00,ETH-25AUG26-2750-P,2409.17,ETH-25AUG26,put,2750.0,2026-08-25T08:00:00+00:00,0.005292666301176262,0.1385,0.1455,0.142052,0.142,2409.17,ETH-25AUG26,0.8991,-0.97641,0.09758,0.0,0.0,0.0069999999999999785,ETH,2408.82,0.0
2026-08-23T09:36:16.153934+00:00,ETH-25SEP26-2150-P,2413.02,ETH-25SEP26,put,2150.0,2026-09-25T08:00:00+00:00,0.0901660407022714,0.0225,0.0235,0.02289,0.023,2413.02,ETH-25SEP26,0.5567,-0.21875,2.13999,1746.0,3.0,0.0010000000000000009,ETH,2408.82,169.95
2026-08-23T09:36:16.153934+00:00,ETH-27AUG26-2800-P,2410.19,SYN.ETH-27AUG26,put,2800.0,2026-08-27T08:00:00+00:00,0.010768367875440464,0.159,0.167,0.162998,0.163,2410.19,SYN.ETH-27AUG26,0.8006,-0.96034,0.21415,0.0,0.0,0.008000000000000007,ETH,2409.11,0.0
2026-08-23T09:36:16.153934+00:00,ETH-24AUG26-2320-P,2408.44,ETH-24AUG26,put,2320.0,2026-08-24T08:00:00+00:00,0.0025548155140441603,0.0009,0.001,0.00095,0.00095,2408.44,ETH-24AUG26,0.5272,-0.07564,0.17334,802.0,476.0,0.00010000000000000005,ETH,2409.11,1930.0
2026-08-23T09:36:16.153934+00:00,ETH-25JUN27-3000-C,2483.71,ETH-25JUN27,call,3000.0,2027-06-25T08:00:00+00:00,0.8375993055893352,0.1315,0.1365,0.133954,0.134,2483.71,ETH-25JUN27,0.5598,0.45577,9.0207,1259.0,122.0,0.0050000000000000044,ETH,2409.11,39560.88
2026-08-23T09:36:16.153934+00:00,ETH-27AUG26-2200-C,2410.19,SYN.ETH-27AUG26,call,2200.0,2026-08-27T08:00:00+00:00,0.010768367875440464,0.0865,0.0925,0.08938,0.0895,2410.19,SYN.ETH-27AUG26,0.6204999999999999,0.92732,0.34579,0.0,0.0,0.006000000000000005,ETH,2409.11,0.0
2026-08-23T09:36:16.153934+00:00,ETH-25DEC26-5000-P,2431.98,ETH-25DEC26,put,5000.0,2026-12-25T08:00:00+00:00,0.33931046233129264,1.0425,1.078,1.061914,1.06025,2431.98,ETH-25DEC26,0.6515000000000001,-0.95609,1.31764,2.0,0.0,0.03550000000000009,ETH,2409.11,0.0
2026-08-23T09:36:16.153934+00:00,ETH-30OCT26-2600-C,2419.67,ETH-30OCT26,call,2600.0,2026-10-30T08:00:00+00:00,0.18599081825189495,0.063,0.0645,0.0641,0.06375,2419.67,ETH-30OCT26,0.5439,0.42582,4.09417,1476.0,0.0,0.0015000000000000013,ETH,2409.11,0.0
2026-08-23T09:36:16.153934+00:00,ETH-26MAR27-3800-P,2456.67,ETH-26MAR27,put,3800.0,2027-03-26T08:00:00+00:00,0.5884548839603139,0.575,0.6075,0.592031,0.59125,2456.67,ETH-26MAR27,0.5714,-0.78066,5.57533,1.0,0.0,0.032500000000000084,ETH,2409.04,0.0
2026-08-23T09:36:16.153934+00:00,ETH-25DEC26-2300-P,2431.98,ETH-25DEC26,put,2300.0,2026-12-25T08:00:00+00:00,0.33931046233129264,0.097,0.099,0.098046,0.098,2431.98,ETH-25DEC26,0.5476,-0.36838,5.34586,5070.0,1.0,0.0020000000000000018,ETH,2409.11,228.53
2026-08-23T09:36:16.153934+00:00,ETH-25SEP26-6000-P,2413.01,ETH-25SEP26,put,6000.0,2026-09-25T08:00:00+00:00,0.0901660407022714,1.4735,1.5005,1.486779,1.487,2413.01,ETH-25SEP26,1.0269,-0.99743,0.05779,0.0,0.0,0.026999999999999913,ETH,2409.04,0.0
2026-08-23T09:36:16.153934+00:00,ETH-25DEC26-2100-P,2431.98,ETH-25DEC26,put,2100.0,2026-12-25T08:00:00+00:00,0.33931046233129264,0.0625,0.064,0.063272,0.06325,2431.98,ETH-25DEC26,0.5542,-0.26843,4.67434,3875.0,0.0,0.0015000000000000013,ETH,2409.04,0.0
2026-08-23T09:36:16.153934+00:00,ETH-4SEP26-2650-P,2410.66,ETH-4SEP26,put,2650.0,2026-09-04T08:00:00+00:00,0.03267117417249728,0.1075,0.1155,0.111812,0.1115,2410.66,ETH-4SEP26,0.6099,-0.78764,1.26505,0.0,0.0,0.008000000000000007,ETH,2409.03,0.0
2026-08-23T09:36:16.153934+00:00,ETH-27AUG26-2260-C,2410.19,SYN.ETH-27AUG26,call,2260.0,2026-08-27T08:00:00+00:00,0.010768367875440464,0.0625,0.0705,0.066848,0.0665,2410.19,SYN.ETH-27AUG26,0.5924,0.86094,0.5544,0.0,0.0,0.007999999999999993,ETH,2409.04,0.0
2026-08-23T09:36:16.153934+00:00,ETH-27AUG26-2480-C,2410.19,SYN.ETH-27AUG26,call,2480.0,2026-08-27T08:00:00+00:00,0.010768367875440464,0.0135,0.015,0.014204,0.01425,2410.19,SYN.ETH-27AUG26,0.6234000000000001,0.34418,0.92116,0.0,0.0,0.0014999999999999996,ETH,2409.03,0.0
2026-08-23T09:36:16.153934+00:00,ETH-26MAR27-2200-C,2456.67,ETH-26MAR27,call,2200.0,2027-03-26T08:00:00+00:00,0.5884548839603139,0.217,0.2205,0.218156,0.21875,2456.67,ETH-26MAR27,0.5581,0.68192,6.72822,4080.0,0.0,0.003500000000000003,ETH,2409.03,0.0
2026-08-23T09:36:16.153934+00:00,ETH-26AUG26-2360-C,2409.66,ETH-26AUG26,call,2360.0,2026-08-26T08:00:00+00:00,0.008030517088308363,0.031,0.034,0.032711,0.0325,2409.66,ETH-26AUG26,0.5882000000000001,0.66707,0.78512,0.0,0.0,0.0030000000000000027,ETH,2409.04,0.0
2026-08-23T09:36:16.153934+00:00,ETH-25DEC26-3100-C,2431.98,ETH-25DEC26,call,3100.0,2026-12-25T08:00:00+00:00,0.33931046233129264,0.048,0.05,0.049076,0.049,2431.98,ETH-25DEC26,0.5631,0.28296,4.79709,2334.0,2.0,0.0020000000000000018,ETH,2409.03,237.28
2026-08-23T09:36:16.153934+00:00,ETH-30OCT26-2050-C,2419.68,ETH-30OCT26,call,2050.0,2026-10-30T08:00:00+00:00,0.18599081825189495,0.1795,0.189,0.184832,0.18425,2419.68,ETH-30OCT26,0.5573,0.79164,2.99627,479.0,0.0,0.009500000000000008,ETH,2409.03,0.0
2026-08-23T09:36:16.153934+00:00,ETH-28AUG26-1950-C,2410.74,ETH-28AUG26,call,1950.0,2026-08-28T08:00:00+00:00,0.013506218662572565,0.189,0.194,0.191588,0.1915,2410.74,ETH-28AUG26,0.8411,0.98693,0.09426,5606.0,1.0,0.0050000000000000044,ETH,2409.03,480.4
2026-08-23T09:36:16.153934+00:00,ETH-26MAR27-1600-C,2456.67,ETH-26MAR27,call,1600.0,2027-03-26T08:00:00+00:00,0.5884548839603139,0.376,0.3885,0.383053,0.38225,2456.67,ETH-26MAR27,0.5981000000000001,0.87798,3.81779,892.0,0.0,0.012500000000000011,ETH,2409.1,0.0
2026-08-23T09:36:16.153934+00:00,ETH-25DEC26-3200-C,2431.98,ETH-25DEC26,call,3200.0,2026-12-25T08:00:00+00:00,0.33931046233129264,0.042,0.0435,0.04278,0.04275,2431.98,ETH-25DEC26,0.5669,0.25332,4.53713,67836.0,1.0,0.0014999999999999944,ETH,2409.03,111.99
2026-08-23T09:36:16.153934+00:00,ETH-25DEC26-4400-C,2431.97,ETH-25DEC26,call,4400.0,2026-12-25T08:00:00+00:00,0.33931046233129264,0.0095,0.011,0.010273,0.01025,2431.97,ETH-25DEC26,0.6219,0.07303,1.96667,3397.0,0.0,0.0014999999999999996,ETH,2409.1,0.0
2026-08-23T09:36:16.153934+00:00,ETH-26MAR27-4000-C,2456.67,ETH-26MAR27,call,4000.0,2027-03-26T08:00:00+00:00,0.5884548839603139,0.0365,0.039,0.037848,0.03775,2456.67,ETH-26MAR27,0.5759000000000001,0.18919,5.10513,2348.0,2.0,0.0025000000000000022,ETH,2409.1,186.85
2026-08-23T09:36:16.153934+00:00,ETH-25SEP26-7400-P,2413.01,ETH-25SEP26,put,7400.0,2026-09-25T08:00:00+00:00,0.0901660407022714,2.0505,2.086,2.066902,2.06825,2413.01,ETH-25SEP26,1.1877,-0.99847,0.03608,0.0,0.0,0.035499999999999865,ETH,2409.1,0.0
2026-08-23T09:36:16.153934+00:00,ETH-25AUG26-2660-P,2409.17,ETH-25AUG26,put,2660.0,2026-08-25T08:00:00+00:00,0.005292666301176262,0.102,0.1085,0.105224,0.10525,2409.17,ETH-25AUG26,0.7965000000000001,-0.9526,0.17327,0.0,0.0,0.006500000000000006,ETH,2409.1,0.0
2026-08-23T09:36:16.153934+00:00,ETH-30OCT26-2100-P,2419.68,ETH-30OCT26,put,2100.0,2026-10-30T08:00:00+00:00,0.18599081825189495,0.037,0.038,0.037634,0.0375,2419.68,ETH-30OCT26,0.5524,-0.23692,3.22413,912.0,2.0,0.0010000000000000009,ETH,2409.1,180.8
2026-08-23T09:36:16.153934+00:00,ETH-24AUG26-2400-P,2408.44,ETH-24AUG26,put,2400.0,2026-08-24T08:00:00+00:00,0.0025548155140441603,0.008,0.0095,0.008932,0.00875,2408.44,ETH-24AUG26,0.5262,-0.43369,0.4787,1091.0,379.0,0.0014999999999999996,ETH,2409.13,8727.84
2026-08-23T09:36:16.153934+00:00,ETH-4SEP26-2100-C,2410.66,ETH-4SEP26,call,2100.0,2026-09-04T08:00:00+00:00,0.03267117417249728,0.1295,0.137,0.133711,0.13325,2410.66,ETH-4SEP26,0.599,0.90887,0.71474,1462.0,0.0,0.007500000000000007,ETH,2409.13,0.0
2026-08-23T09:36:16.153934+00:00,ETH-25AUG26-2560-P,2409.17,ETH-25AUG26,put,2560.0,2026-08-25T08:00:00+00:00,0.005292666301176262,0.062,0.0695,0.065557,0.06575,2409.17,ETH-25AUG26,0.696,-0.8775,0.35582,0.0,0.0,0.007500000000000007,ETH,2409.13,0.0
2026-08-23T09:36:16.153934+00:00,ETH-28AUG26-1300-C,2410.74,ETH-28AUG26,call,1300.0,2026-08-28T08:00:00+00:00,0.013506218662572565,0.459,0.4625,0.46089,0.46075,2410.74,ETH-28AUG26,1.9272999999999998,0.99796,0.01813,51.0,0.0,0.003500000000000003,ETH,2409.13,0.0
2026-08-23T09:36:16.153934+00:00,ETH-25SEP26-2800-P,2413.01,ETH-25SEP26,put,2800.0,2026-09-25T08:00:00+00:00,0.0901660407022714,0.1735,0.1865,0.179863,0.18,2413.01,ETH-25SEP26,0.5689,-0.78278,2.13164,1337.0,0.0,0.013000000000000012,ETH,2409.13,0.0
2026-08-23T09:36:16.153934+00:00,ETH-28AUG26-1500-C,2410.74,ETH-28AUG26,call,1500.0,2026-08-28T08:00:00+00:00,0.013506218662572565,0.3755,0.38,0.37793,0.37775,2410.74,ETH-28AUG26,1.5112999999999999,0.99738,0.02269,442.0,0.0,0.004500000000000004,ETH,2409.13,0.0
2026-08-23T09:36:16.153934+00:00,ETH-25SEP26-6200-C,2413.02,ETH-25SEP26,call,6200.0,2026-09-25T08:00:00+00:00,0.0901660407022714,0.0001,0.0004,0.000216,0.00025,2413.02,ETH-25SEP26,1.0588,0.0025,0.0563,2024.0,0.0,0.00030000000000000003,ETH,2409.09,0.0
2026-08-23T09:36:16.153934+00:00,ETH-11SEP26-2150-P,2411.24,ETH-11SEP26,put,2150.0,2026-09-11T08:00:00+00:00,0.05183612968242198,0.0115,0.0125,0.012049,0.012,2411.24,ETH-11SEP26,0.5590999999999999,-0.16626,1.37069,1646.0,0.0,0.0010000000000000009,ETH,2409.09,0.0
2026-08-23T09:36:16.153934+00:00,ETH-11SEP26-2150-C,2411.26,ETH-11SEP26,call,2150.0,2026-09-11T08:00:00+00:00,0.05183612968242198,0.119,0.122,0.120392,0.1205,2411.26,ETH-11SEP26,0.5590999999999999,0.83371,1.37084,0.0,0.0,0.0030000000000000027,ETH,2409.09,0.0
2026-08-23T09:36:16.153934+00:00,ETH-28AUG26-2800-P,2410.75,ETH-28AUG26,put,2800.0,2026-08-28T08:00:00+00:00,0.013506218662572565,0.1595,0.1675,0.163601,0.1635,2410.75,ETH-28AUG26,0.7894,-0.94294,0.32104,0.0,0.0,0.008000000000000007,ETH,2409.09,0.0
2026-08-23T09:36:16.153934+00:00,ETH-25AUG26-2500-P,2409.16,ETH-25AUG26,put,2500.0,2026-08-25T08:00:00+00:00,0.005292666301176262,0.0405,0.048,0.043587,0.04425,2409.16,ETH-25AUG26,0.6454000000000001,-0.77399,0.52712,29.0,0.0,0.0075,ETH,2409.09,0.0
2026-08-23T09:36:16.153934+00:00,ETH-26MAR27-4600-C,2456.67,ETH-26MAR27,call,4600.0,2027-03-26T08:00:00+00:00,0.5884548839603139,0.0215,0.024,0.022833,0.02275,2456.67,ETH-26MAR27,0.5887,0.12273,3.83335,1208.0,0.0,0.0025000000000000022,ETH,2409.08,0.0
2026-08-23T09:36:16.153934+00:00,ETH-25SEP26-1700-P,2413.02,ETH-25SEP26,put,1700.0,2026-09-25T08:00:00+00:00,0.0901660407022714,0.0031,0.0035,0.003345,0.0033,2413.02,ETH-25SEP26,0.6940000000000001,-0.03694,0.5857,7688.0,5.0,0.0004000000000000002,ETH,2409.08,40.14
2026-08-23T09:36:16.153934+00:00,ETH-27AUG26-2460-C,2410.19,SYN.ETH-27AUG26,call,2460.0,2026-08-27T08:00:00+00:00,0.010768367875440464,0.0155,0.0175,0.016649,0.0165,2410.19,SYN.ETH-27AUG26,0.6138,0.38941,0.95973,0.0,0.0,0.0020000000000000018,ETH,2409.08,0.0
2026-08-23T09:36:16.153934+00:00,ETH-30OCT26-3600-C,2419.68,ETH-30OCT26,call,3600.0,2026-10-30T08:00:00+00:00,0.18599081825189495,0.0095,0.0105,0.009948,0.01,2419.68,ETH-30OCT26,0.6218,0.08937,1.68724,3019.0,49.0,0.0010000000000000009,ETH,2409.08,1105.93
2026-08-23T09:36:16.153934+00:00,ETH-26MAR27-2000-C,2456.67,ETH-26MAR27,call,2000.0,2027-03-26T08:00:00+00:00,0.5884548839603139,0.2575,0.2755,0.265394,0.2665,2456.67,ETH-26MAR27,0.5647,0.7557,5.92053,1848.0,0.0,0.018000000000000016,ETH,2409.08,0.0
2026-08-23T09:36:16.153934+00:00,ETH-25SEP26-5600-P,2413.01,ETH-25SEP26,put,5600.0,2026-09-25T08:00:00+00:00,0.0901660407022714,1.3085,1.3315,1.321135,1.32,2413.01,ETH-25SEP26,1.0007,-0.99597,0.08642,0.0,0.0,0.02299999999999991,ETH,2409.08,0.0
2026-08-23T09:36:16.153934+00:00,ETH-4SEP26-2200-C,2410.66,ETH-4SEP26,call,2200.0,2026-09-04T08:00:00+00:00,0.03267117417249728,0.0945,0.1015,0.097381,0.098,2410.66,ETH-4SEP26,0.5678,0.82838,1.11024,1243.0,0.0,0.007000000000000006,ETH,2409.08,0.0
2026-08-23T09:36:16.153934+00:00,ETH-24AUG26-2280-C,2408.44,ETH-24AUG26,call,2280.0,2026-08-24T08:00:00+00:00,0.0025548155140441603,0.0505,0.0565,0.053684,0.0535,2408.44,ETH-24AUG26,0.5887,0.9697,0.08347,0.0,0.0,0.005999999999999998,ETH,2409.08,0.0
2026-08-23T09:36:16.153934+00:00,ETH-25SEP26-5500-C,2413.02,ETH-25SEP26,call,5500.0,2026-09-25T08:00:00+00:00,0.0901660407022714,0.0002,0.0005,0.000346,0.00035,2413.02,ETH-25SEP26,0.9826,0.00411,0.08794,2065.0,0.0,0.00030000000000000003,ETH,2409.08,0.0
2026-08-23T09:36:16.153934+00:00,ETH-24AUG26-2180-P,2408.44,ETH-24AUG26,put,2180.0,2026-08-24T08:00:00+00:00,0.0025548155140441603,0.0001,0.0003,0.000182,0.0002,2408.44,ETH-24AUG26,0.8787999999999999,-0.01129,0.03605,174.0,0.0,0.00019999999999999998,ETH,2409.13,0.0
2026-08-23T09:36:16.153934+00:00,ETH-25JUN27-5000-P,2483.71,ETH-25JUN27,put,5000.0,2027-06-25T08:00:00+00:00,0.8375993055893352,1.026,1.0675,1.047547,1.04675,2483.71,ETH-25JUN27,0.5903,-0.847,5.37496,0.0,0.0,0.04149999999999987,ETH,2409.13,0.0
2026-08-23T09:36:16.153934+00:00,ETH-30OCT26-3100-C,2419.67,ETH-30OCT26,call,3100.0,2026-10-30T08:00:00+00:00,0.18599081825189495,0.0225,0.0235,0.023197,0.023,2419.67,ETH-30OCT26,0.5739,0.19081,2.84179,36.0,16.0,0.0010000000000000009,ETH,2409.08,864.19
2026-08-23T09:36:16.153934+00:00,ETH-25AUG26-2600-P,2409.17,ETH-25AUG26,put,2600.0,2026-08-25T08:00:00+00:00,0.005292666301176262,0.0775,0.0845,0.081155,0.081,2409.17,ETH-25AUG26,0.7351000000000001,-0.91747,0.26683,50.0,0.0,0.007000000000000006,ETH,2409.13,0.0
2026-08-23T09:36:16.153934+00:00,ETH-25JUN27-3500-C,2483.7,ETH-25JUN27,call,3500.0,2027-06-25T08:00:00+00:00,0.8375993055893352,0.0895,0.0935,0.091658,0.0915,2483.7,ETH-25JUN27,0.5650999999999999,0.34337,8.36755,2806.0,0.0,0.0040000000000000036,ETH,2409.13,0.0
2026-08-23T09:36:16.153934+00:00,ETH-25JUN27-3600-P,2483.71,ETH-25JUN27,put,3600.0,2027-06-25T08:00:00+00:00,0.8375993055893352,0.5215,0.549,0.53466,0.53525,2483.71,ETH-25JUN27,0.5665,-0.67558,8.18268,0.0,0.0,0.02750000000000008,ETH,2409.13,0.0
2026-08-23T09:36:16.153934+00:00,ETH-25SEP26-1700-C,2413.01,ETH-25SEP26,call,1700.0,2026-09-25T08:00:00+00:00,0.0901660407022714,0.295,0.3025,0.298819,0.29875,2413.01,ETH-25SEP26,0.6940000000000001,0.96306,0.58571,2203.0,1.0,0.007500000000000007,ETH,2409.13,725.03
2026-08-23T09:36:16.153934+00:00,ETH-26MAR27-1400-P,2456.67,ETH-26MAR27,put,1400.0,2027-03-26T08:00:00+00:00,0.5884548839603139,0.0205,0.0225,0.021481,0.0215,2456.67,ETH-26MAR27,0.6286,-0.07953,2.79185,1700.0,0.0,0.0019999999999999983,ETH,2409.13,0.0
2026-08-23T09:36:16.153934+00:00,ETH-24AUG26-2660-P,2408.44,ETH-24AUG26,put,2660.0,2026-08-24T08:00:00+00:00,0.0025548155140441603,0.1005,0.108,0.104636,0.10425,2408.44,ETH-24AUG26,0.8565,-0.98816,0.03756,0.0,0.0,0.007499999999999993,ETH,2409.3,0.0
2026-08-23T09:36:16.153934+00:00,ETH-4SEP26-2450-C,2410.67,ETH-4SEP26,call,2450.0,2026-09-04T08:00:00+00:00,0.03267117417249728,0.0325,0.034,0.033284,0.03325,2410.67,ETH-4SEP26,0.5632,0.4596,1.73097,292.0,11.0,0.0015000000000000013,ETH,2409.3,990.9
2026-08-23T09:36:16.153934+00:00,ETH-25SEP26-7500-P,2413.01,ETH-25SEP26,put,7500.0,2026-09-25T08:00:00+00:00,0.0901660407022714,2.094,2.128,2.108344,2.111,2413.01,ETH-25SEP26,1.2001,-0.99848,0.03582,0.0,0.0,0.03400000000000025,ETH,2409.3,0.0
2026-08-23T09:36:16.153934+00:00,ETH-28AUG26-2700-P,2410.74,ETH-28AUG26,put,2700.0,2026-08-28T08:00:00+00:00,0.013506218662572565,0.12,0.1275,0.123722,0.12375,2410.74,ETH-28AUG26,0.7273999999999999,-0.9018,0.48549,0.0,0.0,0.007500000000000007,ETH,2409.3,0.0
2026-08-23T09:36:16.153934+00:00,ETH-26MAR27-1800-P,2456.67,ETH-26MAR27,put,1800.0,2027-03-26T08:00:00+00:00,0.5884548839603139,0.0515,0.0545,0.052993,0.053,2456.67,ETH-26MAR27,0.5760000000000001,-0.17719,4.9011,4716.0,6.0,0.0030000000000000027,ETH,2409.3,742.4
2026-08-23T09:36:16.153934+00:00,ETH-25SEP26-2200-C,2413.01,ETH-25SEP26,call,2200.0,2026-09-25T08:00:00+00:00,0.0901660407022714,0.1155,0.118,0.116618,0.11675,2413.01,ETH-25SEP26,0.55,0.74071,2.34902,8104.0,3.0,0.0024999999999999883,ETH,2409.3,889.61
2026-08-23T09:36:16.153934+00:00,ETH-24AUG26-2140-P,2408.44,ETH-24AUG26,put,2140.0,2026-08-24T08:00:00+00:00,0.0025548155140441603,0.0001,0.0002,0.00016,0.00015,2408.44,ETH-24AUG26,1.0037,-0.00885,0.02916,27.0,1.0,0.0001,ETH,2409.41,0.48
2026-08-23T09:36:16.153934+00:00,ETH-26MAR27-3500-C,2456.67,ETH-26MAR27,call,3500.0,2027-03-26T08:00:00+00:00,0.5884548839603139,0.058,0.061,0.059724,0.0595,2456.67,ETH-26MAR27,0.5655,0.27517,6.29629,4204.0,0.0,0.0029999999999999957,ETH,2409.3,0.0
2026-08-23T09:36:16.153934+00:00,ETH-30OCT26-3800-P,2419.67,ETH-30OCT26,put,3800.0,2026-10-30T08:00:00+00:00,0.18599081825189495,0.568,0.5875,0.57783,0.57775,2419.67,ETH-30OCT26,0.6403,-0.93234,1.36615,0.0,0.0,0.019500000000000073,ETH,2409.41,0.0
2026-08-23T09:36:16.153934+00:00,ETH-25SEP26-5500-P,2413.02,ETH-25SEP26,put,5500.0,2026-09-25T08:00:00+00:00,0.0901660407022714,1.268,1.293,1.279694,1.2805,2413.02,ETH-25SEP26,0.9826,-0.99589,0.08804,1.0,0.0,0.02499999999999991,ETH,2409.41,0.0
2026-08-23T09:36:16.153934+00:00,ETH-27AUG26-2220-P,2410.19,SYN.ETH-27AUG26,put,2220.0,2026-08-27T08:00:00+00:00,0.010768367875440464,0.0024,0.0032,0.002771,0.0028,2410.19,SYN.ETH-27AUG26,0.6098,-0.09019,0.40703,0.0,0.0,0.0008000000000000004,ETH,2409.41,0.0
2026-08-23T09:36:16.153934+00:00,ETH-30OCT26-2200-C,2419.67,ETH-30OCT26,call,2200.0,2026-10-30T08:00:00+00:00,0.18599081825189495,0.1405,0.1435,0.14194,0.142,2419.67,ETH-30OCT26,0.5452,0.70025,3.63049,1295.0,0.0,0.002999999999999975,ETH,2409.41,0.0
2026-08-23T09:36:16.153934+00:00,ETH-25JUN27-1500-P,2483.71,ETH-25JUN27,put,1500.0,2027-06-25T08:00:00+00:00,0.8375993055893352,0.039,0.042,0.040482,0.0405,2483.71,ETH-25JUN27,0.5998,-0.11621,4.44954,463.0,0.0,0.0030000000000000027,ETH,2409.42,0.0
2026-08-23T09:36:16.153934+00:00,ETH-28AUG26-2600-P,2410.74,ETH-28AUG26,put,2600.0,2026-08-28T08:00:00+00:00,0.013506218662572565,0.0825,0.089,0.085712,0.08575,2410.74,ETH-28AUG26,0.6727,-0.82109,0.73289,67.0,0.0,0.006499999999999992,ETH,2409.42,0.0
2026-08-23T09:36:16.153934+00:00,ETH-26MAR27-3600-P,2456.67,ETH-26MAR27,put,3600.0,2027-03-26T08:00:00+00:00,0.5884548839603139,0.504,0.5325,0.519883,0.51825,2456.67,ETH-26MAR27,0.5678,-0.74457,6.06308,1.0,0.0,0.02849999999999997,ETH,2409.41,0.0
2026-08-23T09:36:16.153934+00:00,ETH-25SEP26-2900-C,2413.01,ETH-25SEP26,call,2900.0,2026-09-25T08:00:00+00:00,0.0901660407022714,0.014,0.015,0.014521,0.0145,2413.01,ETH-25SEP26,0.5832999999999999,0.16911,1.8292,9003.0,16.0,0.0009999999999999992,ETH,2409.42,599.2
2026-08-23T09:36:16.153934+00:00,ETH-26MAR27-1900-C,2456.66,ETH-26MAR27,call,1900.0,2027-03-26T08:00:00+00:00,0.5884548839603139,0.285,0.302,0.292042,0.2935,2456.66,ETH-26MAR27,0.5704,0.79031,5.43223,2452.0,1.0,0.017000000000000015,ETH,2409.42,727.81
2026-08-23T09:36:16.153934+00:00,ETH-27AUG26-2400-P,2410.19,SYN.ETH-27AUG26,put,2400.0,2026-08-27T08:00:00+00:00,0.010768367875440464,0.0215,0.0235,0.022468,0.0225,2410.19,SYN.ETH-27AUG26,0.5937,-0.45589,0.99238,1.0,1.0,0.0020000000000000018,ETH,2409.44,50.84
2026-08-23T09:36:16.153934+00:00,ETH-27AUG26-2320-C,2410.19,SYN.ETH-27AUG26,call,2320.0,2026-08-27T08:00:00+00:00,0.010768367875440464,0.0425,0.051,0.047011,0.04675,2410.19,SYN.ETH-27AUG26,0.585,0.74864,0.79763,0.0,0.0,0.008499999999999994,ETH,2409.44,0.0
2026-08-23T09:36:16.153934+00:00,ETH-25SEP26-5400-P,2413.02,ETH-25SEP26,put,5400.0,2026-09-25T08:00:00+00:00,0.0901660407022714,1.229,1.2515,1.238283,1.24025,2413.02,ETH-25SEP26,0.9717,-0.9955,0.09545,4.0,0.0,0.022499999999999964,ETH,2409.44,0.0
2026-08-23T09:36:16.153934+00:00,ETH-28AUG26-3600-C,2410.74,ETH-28AUG26,call,3600.0,2026-08-28T08:00:00+00:00,0.013506218662572565,,0.0002,6.4e-05,,2410.74,ETH-28AUG26,1.1531,0.00175,0.01574,1705.0,0.0,,ETH,2409.44,0.0
2026-08-23T09:36:16.153934+00:00,ETH-25SEP26-1900-P,2413.01,ETH-25SEP26,put,1900.0,2026-09-25T08:00:00+00:00,0.0901660407022714,0.007,0.008,0.007553,0.0075,2413.01,ETH-25SEP26,0.6153,-0.08232,1.10182,20562.0,234.0,0.001,ETH,2409.44,4323.51
2026-08-23T09:36:16.153934+00:00,ETH-27AUG26-2100-C,2410.19,SYN.ETH-27AUG26,call,2100.0,2026-08-27T08:00:00+00:00,0.010768367875440464,0.1265,0.1325,0.129524,0.1295,2410.19,SYN.ETH-27AUG26,0.7103,0.97225,0.15962,0.0,0.0,0.006000000000000005,ETH,2409.44,0.0
2026-08-23T09:36:16.153934+00:00,ETH-25AUG26-2200-P,2409.17,ETH-25AUG26,put,2200.0,2026-08-25T08:00:00+00:00,0.005292666301176262,0.0004,0.0007,0.000561,0.00055,2409.17,ETH-25AUG26,0.6689,-0.02828,0.11359,22.0,21.0,0.0003,ETH,2409.44,80.67
2026-08-23T09:36:16.153934+00:00,ETH-25SEP26-3400-P,2413.01,ETH-25SEP26,put,3400.0,2026-09-25T08:00:00+00:00,0.0901660407022714,0.406,0.4185,0.413408,0.41225,2413.01,ETH-25SEP26,0.6714,-0.94478,0.80939,870.0,0.0,0.012499999999999956,ETH,2409.43,0.0
2026-08-23T09:36:16.153934+00:00,ETH-26MAR27-1900-P,2456.67,ETH-26MAR27,put,1900.0,2027-03-26T08:00:00+00:00,0.5884548839603139,0.0645,0.067,0.065463,0.06575,2456.67,ETH-26MAR27,0.5704,-0.20968,5.43217,2685.0,12.0,0.0025000000000000022,ETH,2409.44,1912.05
2026-08-23T09:36:16.153934+00:00,ETH-28AUG26-3800-C,2410.74,ETH-28AUG26,call,3800.0,2026-08-28T08:00:00+00:00,0.013506218662572565,,0.0002,4.5e-05,,2410.74,ETH-28AUG26,1.2531,0.00115,0.01077,2520.0,0.0,,ETH,2409.43,0.0
2026-08-23T09:36:16.153934+00:00,ETH-4SEP26-1850-P,2410.66,ETH-4SEP26,put,1850.0,2026-09-04T08:00:00+00:00,0.03267117417249728,0.0009,0.0013,0.001139,0.0011,2410.66,ETH-4SEP26,0.7495,-0.02131,0.22279,1532.0,27.0,0.00039999999999999996,ETH,2409.43,78.48
2026-08-23T09:36:16.153934+00:00,ETH-30OCT26-2700-C,2419.67,ETH-30OCT26,call,2700.0,2026-10-30T08:00:00+00:00,0.18599081825189495,0.051,0.0525,0.052027,0.05175,2419.67,ETH-30OCT26,0.5477000000000001,0.36589,3.92968,1023.0,107.0,0.0015000000000000013,ETH,2409.43,13366.96
2026-08-23T09:36:16.153934+00:00,ETH-28AUG26-2700-C,2410.75,ETH-28AUG26,call,2700.0,2026-08-28T08:00:00+00:00,0.013506218662572565,0.0035,0.004,0.003734,0.00375,2410.75,ETH-28AUG26,0.7273999999999999,0.09844,0.48643,107.0,89.0,0.0005,ETH,2409.43,1000.7
2026-08-23T09:36:16.153934+00:00,ETH-24AUG26-2500-C,2408.45,ETH-24AUG26,call,2500.0,2026-08-24T08:00:00+00:00,0.0025548155140441603,0.0015,0.0021,0.001758,0.0018,2408.45,ETH-24AUG26,0.6139,0.12189,0.24613,251.0,151.0,0.0005999999999999998,ETH,2409.43,912.49
2026-08-23T09:36:16.153934+00:00,ETH-24AUG26-2140-C,2408.44,ETH-24AUG26,call,2140.0,2026-08-24T08:00:00+00:00,0.0025548155140441603,0.1085,0.1145,0.111603,0.1115,2408.44,ETH-24AUG26,1.0037,0.99117,0.02908,0.0,0.0,0.006000000000000005,ETH,2409.43,0.0
2026-08-23T09:36:16.153934+00:00,ETH-25SEP26-7400-C,2413.02,ETH-25SEP26,call,7400.0,2026-09-25T08:00:00+00:00,0.0901660407022714,,,0.000142,,2413.02,ETH-25SEP26,1.1877,0.00153,0.03613,1014.0,0.0,,ETH,2409.43,0.0
2026-08-23T09:36:16.153934+00:00,ETH-25SEP26-5200-P,2413.01,ETH-25SEP26,put,5200.0,2026-09-25T08:00:00+00:00,0.0901660407022714,1.1465,1.168,1.155468,1.15725,2413.01,ETH-25SEP26,0.9486,-0.99462,0.11188,3.0,0.0,0.021499999999999853,ETH,2409.43,0.0
2026-08-23T09:36:16.153934+00:00,ETH-24AUG26-2200-P,2408.45,ETH-24AUG26,put,2200.0,2026-08-24T08:00:00+00:00,0.0025548155140441603,0.0001,0.0003,0.000182,0.0002,2408.45,ETH-24AUG26,0.8085,-0.01208,0.03823,199.0,189.0,0.00019999999999999998,ETH,2409.44,287.25
2026-08-23T09:36:16.153934+00:00,ETH-4SEP26-1850-C,2410.67,ETH-4SEP26,call,1850.0,2026-09-04T08:00:00+00:00,0.03267117417249728,0.231,0.2365,0.233698,0.23375,2410.67,ETH-4SEP26,0.7495,0.97869,0.2228,70.0,0.0,0.005499999999999977,ETH,2409.44,0.0
2026-08-23T09:36:16.153934+00:00,ETH-25SEP26-14000-P,2413.01,ETH-25SEP26,put,14000.0,2026-09-25T08:00:00+00:00,0.0901660407022714,4.763,4.842,4.802015,4.8025,2413.01,ETH-25SEP26,1.6041999999999998,-0.99967,0.00874,0.0,0.0,0.07899999999999974,ETH,2409.44,0.0
2026-08-23T09:36:16.153934+00:00,ETH-28AUG26-2020-C,2410.74,ETH-28AUG26,call,2020.0,2026-08-28T08:00:00+00:00,0.013506218662572565,0.16,0.1655,0.162855,0.16275,2410.74,ETH-28AUG26,0.775,0.97805,0.14686,0.0,0.0,0.005500000000000005,ETH,2409.44,0.0
2026-08-23T09:36:16.153934+00:00,ETH-25DEC26-2600-P,2431.97,ETH-25DEC26,put,2600.0,2026-12-25T08:00:00+00:00,0.33931046233129264,0.167,0.1705,0.169067,0.16875,2431.97,ETH-25DEC26,0.5499,-0.51841,5.65123,1061.0,0.0,0.003500000000000003,ETH,2409.44,0.0
2026-08-23T09:36:16.153934+00:00,ETH-4SEP26-2300-C,2410.66,ETH-4SEP26,call,2300.0,2026-09-04T08:00:00+00:00,0.03267117417249728,0.065,0.068,0.066196,0.0665,2410.66,ETH-4SEP26,0.5543,0.70068,1.5149,2514.0,8.0,0.0030000000000000027,ETH,2409.44,1175.2
2026-08-23T09:36:16.153934+00:00,ETH-25SEP26-6400-P,2413.01,ETH-25SEP26,put,6400.0,2026-09-25T08:00:00+00:00,0.0901660407022714,1.641,1.667,1.652549,1.654,2413.01,ETH-25SEP26,1.0897,-0.99756,0.05508,0.0,0.0,0.026000000000000023,ETH,2409.44,0.0
2026-08-23T09:36:16.153934+00:00,ETH-28AUG26-2050-P,2410.74,ETH-28AUG26,put,2050.0,2026-08-28T08:00:00+00:00,0.013506218662572565,0.0007,0.0012,0.000947,0.00095,2410.74,ETH-28AUG26,0.7448,-0.0272,0.17586,1866.0,101.0,0.0004999999999999999,ETH,2409.44,314.8
2026-08-23T09:36:16.153934+00:00,ETH-27AUG26-2280-P,2410.19,SYN.ETH-27AUG26,put,2280.0,2026-08-27T08:00:00+00:00,0.010768367875440464,0.005,0.0065,0.005819,0.00575,2410.19,SYN.ETH-27AUG26,0.5868,-0.17014,0.63368,0.0,0.0,0.0014999999999999996,ETH,2409.33,0.0
2026-08-23T09:36:16.153934+00:00,ETH-27AUG26-2150-P,2410.19,SYN.ETH-27AUG26,put,2150.0,2026-08-27T08:00:00+00:00,0.010768367875440464,0.001,0.0016,0.001276,0.0013,2410.19,SYN.ETH-27AUG26,0.6598,-0.0434,0.23042,0.0,0.0,0.0006000000000000001,ETH,2409.33,0.0
2026-08-23T09:36:16.153934+00:00,ETH-11SEP26-2350-P,2411.24,ETH-11SEP26,put,2350.0,2026-09-11T08:00:00+00:00,0.05183612968242198,0.036,0.0375,0.036746,0.03675,2411.24,ETH-11SEP26,0.5398,-0.39101,2.10999,818.0,5.0,0.0015000000000000013,ETH,2409.33,489.81
2026-08-23T09:36:16.153934+00:00,ETH-26AUG26-2480-P,2409.64,ETH-26AUG26,put,2480.0,2026-08-26T08:00:00+00:00,0.008030517088308363,0.038,0.0415,0.04019,0.03975,2409.64,ETH-26AUG26,0.6248,-0.68237,0.77023,0.0,0.0,0.003500000000000003,ETH,2409.33,0.0
2026-08-23T09:36:16.153934+00:00,ETH-25AUG26-2360-P,2409.16,ETH-25AUG26,put,2360.0,2026-08-25T08:00:00+00:00,0.005292666301176262,0.008,0.0085,0.008352,0.00825,2409.16,ETH-25AUG26,0.5777,-0.29878,0.60847,91.0,39.0,0.0005000000000000004,ETH,2409.33,1140.09
2026-08-23T09:36:16.153934+00:00,ETH-25SEP26-6600-P,2413.01,ETH-25SEP26,put,6600.0,2026-09-25T08:00:00+00:00,0.0901660407022714,1.721,1.752,1.73542,1.7365,2413.01,ETH-25SEP26,1.1128,-0.99777,0.05076,0.0,0.0,0.030999999999999917,ETH,2409.33,0.0
2026-08-23T09:36:16.153934+00:00,ETH-25SEP26-2800-C,2413.01,ETH-25SEP26,call,2800.0,2026-09-25T08:00:00+00:00,0.0901660407022714,0.019,0.02,0.019467,0.0195,2413.01,ETH-25SEP26,0.5689,0.21735,2.13254,11003.0,313.0,0.0010000000000000009,ETH,2409.29,15202.31
2026-08-23T09:36:16.153934+00:00,ETH-28AUG26-1950-P,2410.75,ETH-28AUG26,put,1950.0,2026-08-28T08:00:00+00:00,0.013506218662572565,0.0003,0.0008,0.000468,0.00055,2410.75,ETH-28AUG26,0.8411,-0.01303,0.09404,4797.0,2.0,0.0005,ETH,2409.29,3.4
2026-08-23T09:36:16.153934+00:00,ETH-25DEC26-2900-C,2431.98,ETH-25DEC26,call,2900.0,2026-12-25T08:00:00+00:00,0.33931046233129264,0.064,0.066,0.065043,0.065,2431.98,ETH-25DEC26,0.5566,0.35245,5.26539,2325.0,0.0,0.0020000000000000018,ETH,2409.29,0.0
2026-08-23T09:36:16.153934+00:00,ETH-4SEP26-2800-P,2410.66,ETH-4SEP26,put,2800.0,2026-09-04T08:00:00+00:00,0.03267117417249728,0.1635,0.1715,0.167993,0.1675,2410.66,ETH-4SEP26,0.6607999999999999,-0.88253,0.85938,0.0,0.0,0.008000000000000007,ETH,2409.29,0.0
2026-08-23T09:36:16.153934+00:00,ETH-26MAR27-2700-P,2456.67,ETH-26MAR27,put,2700.0,2027-03-26T08:00:00+00:00,0.5884548839603139,0.228,0.233,0.230694,0.2305,2456.67,ETH-26MAR27,0.5547,-0.503,7.52535,147.0,0.0,0.0050000000000000044,ETH,2409.29,0.0
2026-08-23T09:36:16.153934+00:00,ETH-24AUG26-2400-C,2408.45,ETH-24AUG26,call,2400.0,2026-08-24T08:00:00+00:00,0.0025548155140441603,0.0115,0.013,0.01242,0.01225,2408.45,ETH-24AUG26,0.5262,0.56697,0.47859,547.0,149.0,0.0014999999999999996,ETH,2409.26,4351.38
2026-08-23T09:36:16.153934+00:00,ETH-11SEP26-2500-P,2411.26,ETH-11SEP26,put,2500.0,2026-09-11T08:00:00+00:00,0.05183612968242198,0.069,0.0725,0.071201,0.07075,2411.26,ETH-11SEP26,0.5482,-0.58781,2.13884,20.0,0.0,0.0034999999999999892,ETH,2409.29,0.0
2026-08-23T09:36:16.153934+00:00,ETH-25SEP26-3500-C,2413.01,ETH-25SEP26,call,3500.0,2026-09-25T08:00:00+00:00,0.0901660407022714,0.0033,0.0038,0.003568,0.00355,2413.01,ETH-25SEP26,0.6889,0.04545,0.69293,15811.0,433.0,0.0005,ETH,2409.26,4098.34
2026-08-23T09:36:16.153934+00:00,ETH-25SEP26-1800-C,2413.01,ETH-25SEP26,call,1800.0,2026-09-25T08:00:00+00:00,0.0901660407022714,0.255,0.263,0.259171,0.259,2413.01,ETH-25SEP26,0.6567000000000001,0.94383,0.82024,6268.0,0.0,0.008000000000000007,ETH,2409.26,0.0
2026-08-23T09:36:16.153934+00:00,ETH-26AUG26-2460-C,2409.64,ETH-26AUG26,call,2460.0,2026-08-26T08:00:00+00:00,0.008030517088308363,0.013,0.014,0.01335,0.0135,2409.64,ETH-26AUG26,0.6162,0.36855,0.81469,1.0,1.0,0.0010000000000000009,ETH,2409.26,28.67
2026-08-23T09:36:16.153934+00:00,ETH-26MAR27-3400-C,2456.67,ETH-26MAR27,call,3400.0,2027-03-26T08:00:00+00:00,0.5884548839603139,0.064,0.067,0.065611,0.0655,2456.67,ETH-26MAR27,0.5633,0.2966,6.52473,1880.0,0.0,0.0030000000000000027,ETH,2409.26,0.0
2026-08-23T09:36:16.153934+00:00,ETH-27AUG26-2240-C,2410.19,SYN.ETH-27AUG26,call,2240.0,2026-08-27T08:00:00+00:00,0.010768367875440464,0.071,0.0775,0.07412,0.07425,2410.19,SYN.ETH-27AUG26,0.5986,0.88868,0.47464,0.0,0.0,0.006500000000000006,ETH,2409.27,0.0
2026-08-23T09:36:16.153934+00:00,ETH-25JUN27-900-P,2483.71,ETH-25JUN27,put,900.0,2027-06-25T08:00:00+00:00,0.8375993055893352,0.0085,0.0105,0.009541,0.0095,2483.71,ETH-25JUN27,0.7095,-0.02947,1.52546,837.0,0.0,0.002,ETH,2409.27,0.0
2026-08-23T09:36:16.153934+00:00,ETH-27AUG26-2500-C,2410.19,SYN.ETH-27AUG26,call,2500.0,2026-08-27T08:00:00+00:00,0.010768367875440464,0.011,0.0125,0.011823,0.01175,2410.19,SYN.ETH-27AUG26,0.6255,0.30101,0.87147,0.0,0.0,0.0015000000000000013,ETH,2409.27,0.0
2026-08-23T09:36:16.153934+00:00,ETH-28AUG26-2080-P,2410.75,ETH-28AUG26,put,2080.0,2026-08-28T08:00:00+00:00,0.013506218662572565,0.0009,0.0014,0.001158,0.00115,2410.75,ETH-28AUG26,0.7136,-0.03375,0.21026,869.0,119.0,0.0005,ETH,2409.27,462.47
2026-08-23T09:36:16.153934+00:00,ETH-4SEP26-1600-P,2410.67,ETH-4SEP26,put,1600.0,2026-09-04T08:00:00+00:00,0.03267117417249728,0.0001,0.0006,0.00051,0.00035,2410.67,ETH-4SEP26,0.9806999999999999,-0.00811,0.09673,996.0,20.0,0.0004999999999999999,ETH,2409.27,33.44
2026-08-23T09:36:16.153934+00:00,ETH-24AUG26-2280-P,2408.44,ETH-24AUG26,put,2280.0,2026-08-24T08:00:00+00:00,0.0025548155140441603,0.0003,0.0005,0.000371,0.0004,2408.44,ETH-24AUG26,0.5887,-0.03018,0.08322,1542.0,341.0,0.00020000000000000004,ETH,2409.36,1073.18
2026-08-23T09:36:16.153934+00:00,ETH-25AUG26-2400-C,2409.16,ETH-25AUG26,call,2400.0,2026-08-25T08:00:00+00:00,0.005292666301176262,0.018,0.0195,0.018963,0.01875,2409.16,ETH-25AUG26,0.5871,0.54989,0.69395,533.0,134.0,0.0015000000000000013,ETH,2409.27,5565.97
2026-08-23T09:36:16.153934+00:00,ETH-25JUN27-1300-C,2483.71,ETH-25JUN27,call,1300.0,2027-06-25T08:00:00+00:00,0.8375993055893352,0.497,0.5115,0.502846,0.50425,2483.71,ETH-25JUN27,0.6271,0.92157,3.33212,108.0,0.0,0.014499999999999957,ETH,2409.36,0.0
2026-08-23T09:36:16.153934+00:00,ETH-28AUG26-1600-C,2410.74,ETH-28AUG26,call,1600.0,2026-08-28T08:00:00+00:00,0.013506218662572565,0.334,0.3385,0.33645,0.33625,2410.74,ETH-28AUG26,1.3216999999999999,0.99701,0.02554,885.0,0.0,0.004500000000000004,ETH,2409.36,0.0
2026-08-23T09:36:16.153934+00:00,ETH-24AUG26-2440-P,2408.44,ETH-24AUG26,put,2440.0,2026-08-24T08:00:00+00:00,0.0025548155140441603,0.0175,0.02,0.01903,0.01875,2408.44,ETH-24AUG26,0.5559000000000001,-0.66558,0.44301,67.0,30.0,0.0024999999999999988,ETH,2409.36,1753.97
2026-08-23T09:36:16.153934+00:00,ETH-25SEP26-1850-P,2413.02,ETH-25SEP26,put,1850.0,2026-09-25T08:00:00+00:00,0.0901660407022714,0.0055,0.0065,0.006106,0.006,2413.02,ETH-25SEP26,0.6325999999999999,-0.06718,0.94342,6619.0,0.0,0.001,ETH,2409.36,0.0
2026-08-23T09:36:16.153934+00:00,ETH-25DEC26-1500-C,2431.98,ETH-25DEC26,call,1500.0,2026-12-25T08:00:00+00:00,0.33931046233129264,0.392,0.4015,0.395897,0.39675,2431.98,ETH-25DEC26,0.632,0.93292,1.84235,756.0,2.0,0.009500000000000008,ETH,2409.36,1905.43
2026-08-23T09:36:16.153934+00:00,ETH-30OCT26-3400-C,2419.68,ETH-30OCT26,call,3400.0,2026-10-30T08:00:00+00:00,0.18599081825189495,0.013,0.014,0.013537,0.0135,2419.68,ETH-30OCT26,0.6007,0.11888,2.07577,1373.0,0.0,0.0010000000000000009,ETH,2409.36,0.0
2026-08-23T09:36:16.153934+00:00,ETH-24AUG26-2250-C,2408.44,ETH-24AUG26,call,2250.0,2026-08-24T08:00:00+00:00,0.0025548155140441603,0.063,0.069,0.065986,0.066,2408.44,ETH-24AUG26,0.6476000000000001,0.98287,0.05165,0.0,0.0,0.006000000000000005,ETH,2409.44,0.0
2026-08-23T09:36:16.153934+00:00,ETH-27AUG26-2600-C,2410.19,SYN.ETH-27AUG26,call,2600.0,2026-08-27T08:00:00+00:00,0.010768367875440464,0.0049,0.006,0.005442,0.00545,2410.19,SYN.ETH-27AUG26,0.6862999999999999,0.15381,0.59332,0.0,0.0,0.0011000000000000003,ETH,2409.44,0.0
2026-08-23T09:36:16.153934+00:00,ETH-28AUG26-1300-P,2410.74,ETH-28AUG26,put,1300.0,2026-08-28T08:00:00+00:00,0.013506218662572565,,0.01,0.000144,,2410.74,ETH-28AUG26,1.9272999999999998,-0.00204,0.0181,9049.0,30.0,,ETH,2409.44,7.24
2026-08-23T09:36:16.153934+00:00,ETH-25SEP26-5000-P,2413.02,ETH-25SEP26,put,5000.0,2026-09-25T08:00:00+00:00,0.0901660407022714,1.062,1.0845,1.072611,1.07325,2413.02,ETH-25SEP26,0.9127,-0.99411,0.12137,2.0,0.0,0.022499999999999964,ETH,2409.44,0.0
2026-08-23T09:36:16.153934+00:00,ETH-28AUG26-1450-C,2410.75,ETH-28AUG26,call,1450.0,2026-08-28T08:00:00+00:00,0.013506218662572565,0.3965,0.4005,0.398671,0.3985,2410.75,ETH-28AUG26,1.6105,0.99755,0.02139,51.0,0.0,0.0040000000000000036,ETH,2409.44,0.0
2026-08-23T09:36:16.153934+00:00,ETH-26AUG26-2580-P,2409.64,ETH-26AUG26,put,2580.0,2026-08-26T08:00:00+00:00,0.008030517088308363,0.071,0.0785,0.075017,0.07475,2409.64,ETH-26AUG26,0.6884999999999999,-0.85674,0.48846,0.0,0.0,0.007500000000000007,ETH,2409.44,0.0
2026-08-23T09:36:16.153934+00:00,ETH-25DEC26-11000-P,2431.97,ETH-25DEC26,put,11000.0,2026-12-25T08:00:00+00:00,0.33931046233129264,3.4695,3.5345,3.523443,3.502,2431.97,ETH-25DEC26,0.8523000000000001,-0.99736,0.11554,359.0,0.0,0.06499999999999995,ETH,2409.44,0.0
2026-08-23T09:36:16.153934+00:00,ETH-25AUG26-2420-P,2409.17,ETH-25AUG26,put,2420.0,2026-08-25T08:00:00+00:00,0.005292666301176262,0.019,0.02,0.019732,0.0195,2409.17,ETH-25AUG26,0.5976,-0.52606,0.69799,215.0,4.0,0.0010000000000000009,ETH,2409.45,209.77
2026-08-23T09:36:16.153934+00:00,ETH-25DEC26-2800-C,2431.97,ETH-25DEC26,call,2800.0,2026-12-25T08:00:00+00:00,0.33931046233129264,0.074,0.076,0.075029,0.075,2431.97,ETH-25DEC26,0.5539000000000001,0.39234,5.44992,7147.0,50.0,0.0020000000000000018,ETH,2409.45,8619.85
2026-08-23T09:36:16.153934+00:00,ETH-30OCT26-1800-C,2419.67,ETH-30OCT26,call,1800.0,2026-10-30T08:00:00+00:00,0.18599081825189495,0.265,0.2745,0.269904,0.26975,2419.67,ETH-30OCT26,0.5977,0.89956,1.83913,102.0,0.0,0.009500000000000008,ETH,2409.45,0.0
2026-08-23T09:36:16.153934+00:00,ETH-4SEP26-2350-P,2410.67,ETH-4SEP26,put,2350.0,2026-09-04T08:00:00+00:00,0.03267117417249728,0.0275,0.0285,0.028123,0.028,2410.67,ETH-4SEP26,0.5538000000000001,-0.37759,1.65741,134.0,50.0,0.0010000000000000009,ETH,2409.44,3041.41
2026-08-23T09:36:16.153934+00:00,ETH-25JUN27-1800-P,2483.71,ETH-25JUN27,put,1800.0,2027-06-25T08:00:00+00:00,0.8375993055893352,0.0705,0.0745,0.072611,0.0725,2483.71,ETH-25JUN27,0.5742,-0.19035,6.1818,882.0,3.0,0.0040000000000000036,ETH,2409.44,512.12
2026-08-23T09:36:16.153934+00:00,ETH-24AUG26-2250-P,2408.44,ETH-24AUG26,put,2250.0,2026-08-24T08:00:00+00:00,0.0025548155140441603,0.0001,0.0004,0.000216,0.00025,2408.44,ETH-24AUG26,0.6476000000000001,-0.01709,0.05153,149.0,158.0,0.00030000000000000003,ETH,2409.44,311.25
2026-08-23T09:36:16.153934+00:00,ETH-25DEC26-3400-P,2431.98,ETH-25DEC26,put,3400.0,2026-12-25T08:00:00+00:00,0.33931046233129264,0.419,0.4405,0.430815,0.42975,2431.98,ETH-25DEC26,0.5753,-0.79671,4.00905,89.0,0.0,0.02150000000000002,ETH,2409.44,0.0
2026-08-23T09:36:16.153934+00:00,ETH-24AUG26-2460-C,2408.45,ETH-24AUG26,call,2460.0,2026-08-24T08:00:00+00:00,0.0025548155140441603,0.0036,0.0043,0.003956,0.00395,2408.45,ETH-24AUG26,0.5731,0.24406,0.38177,415.0,65.0,0.0007000000000000001,ETH,2409.44,869.08
2026-08-23T09:36:16.153934+00:00,ETH-24AUG26-2500-P,2408.44,ETH-24AUG26,put,2500.0,2026-08-24T08:00:00+00:00,0.0025548155140441603,0.036,0.043,0.039792,0.0395,2408.44,ETH-24AUG26,0.6139,-0.87811,0.24613,104.0,0.0,0.006999999999999999,ETH,2409.44,0.0
2026-08-23T09:36:16.153934+00:00,ETH-28AUG26-1800-P,2410.75,ETH-28AUG26,put,1800.0,2026-08-28T08:00:00+00:00,0.013506218662572565,0.0001,0.0005,0.000305,0.0003,2410.75,ETH-28AUG26,1.0556,-0.00718,0.05588,6598.0,0.0,0.0004,ETH,2409.44,0.0
2026-08-23T09:36:16.153934+00:00,ETH-25DEC26-1000-P,2431.98,ETH-25DEC26,put,1000.0,2026-12-25T08:00:00+00:00,0.33931046233129264,0.0027,0.0032,0.002928,0.00295,2431.98,ETH-25DEC26,0.7889,-0.01522,0.54378,18836.0,1.0,0.0005,ETH,2409.44,7.95
2026-08-23T09:36:16.153934+00:00,ETH-26AUG26-2440-P,2409.66,ETH-26AUG26,put,2440.0,2026-08-26T08:00:00+00:00,0.008030517088308363,0.027,0.0295,0.028721,0.02825,2409.66,ETH-26AUG26,0.6073,-0.57539,0.84653,0.0,0.0,0.0024999999999999988,ETH,2409.44,0.0
2026-08-23T09:36:16.153934+00:00,ETH-25SEP26-14000-C,2413.01,ETH-25SEP26,call,14000.0,2026-09-25T08:00:00+00:00,0.0901660407022714,,0.0003,3.6e-05,,2413.01,ETH-25SEP26,1.6041999999999998,0.00033,0.00874,1212.0,0.0,,ETH,2409.5,0.0
2026-08-23T09:36:16.153934+00:00,ETH-27AUG26-2700-C,2410.19,SYN.ETH-27AUG26,call,2700.0,2026-08-27T08:00:00+00:00,0.010768367875440464,0.0023,0.0031,0.002679,0.0027,2410.19,SYN.ETH-27AUG26,0.752,0.0797,0.37104,0.0,0.0,0.0007999999999999999,ETH,2409.5,0.0
2026-08-23T09:36:16.153934+00:00,ETH-25JUN27-3700-P,2483.7,ETH-25JUN27,put,3700.0,2027-06-25T08:00:00+00:00,0.8375993055893352,0.555,0.5835,0.569064,0.56925,2483.7,ETH-25JUN27,0.5681,-0.69324,7.99072,0.0,0.0,0.02849999999999997,ETH,2409.5,0.0
2026-08-23T09:36:16.153934+00:00,ETH-24AUG26-2540-P,2408.44,ETH-24AUG26,put,2540.0,2026-08-24T08:00:00+00:00,0.0025548155140441603,0.052,0.0595,0.055465,0.05575,2408.44,ETH-24AUG26,0.6633,-0.93954,0.14584,41.0,4.0,0.0075,ETH,2409.51,616.62
2026-08-23T09:36:16.153934+00:00,ETH-28AUG26-2000-P,2410.75,ETH-28AUG26,put,2000.0,2026-08-28T08:00:00+00:00,0.013506218662572565,0.0005,0.0009,0.000694,0.0007,2410.75,ETH-28AUG26,0.7985,-0.01938,0.13219,2888.0,1023.0,0.00039999999999999996,ETH,2409.5,2545.49
2026-08-23T09:36:16.153934+00:00,ETH-26AUG26-2800-P,2409.64,ETH-26AUG26,put,2800.0,2026-08-26T08:00:00+00:00,0.008030517088308363,0.159,0.1665,0.162855,0.16275,2409.64,ETH-26AUG26,0.8679000000000001,-0.97009,0.14666,0.0,0.0,0.007500000000000007,ETH,2409.5,0.0
2026-08-23T09:36:16.153934+00:00,ETH-25AUG26-2550-P,2409.17,ETH-25AUG26,put,2550.0,2026-08-25T08:00:00+00:00,0.005292666301176262,0.0585,0.065,0.06174,0.06175,2409.17,ETH-25AUG26,0.6862,-0.86412,0.3824,0.0,0.0,0.006499999999999999,ETH,2409.51,0.0
2026-08-23T09:36:16.153934+00:00,ETH-25SEP26-1850-C,2413.01,ETH-25SEP26,call,1850.0,2026-09-25T08:00:00+00:00,0.0901660407022714,0.2355,0.243,0.239416,0.23925,2413.01,ETH-25SEP26,0.6325999999999999,0.93286,0.94302,2289.0,0.0,0.007500000000000007,ETH,2409.51,0.0
2026-08-23T09:36:16.153934+00:00,ETH-25SEP26-10000-C,2413.01,ETH-25SEP26,call,10000.0,2026-09-25T08:00:00+00:00,0.0901660407022714,0.0001,0.005,0.000142,0.00255,2413.01,ETH-25SEP26,1.4627000000000001,0.00129,0.03077,1554.0,7.0,0.0049,ETH,2409.51,1.69
2026-08-23T09:36:16.153934+00:00,ETH-25JUN27-2300-C,2483.71,ETH-25JUN27,call,2300.0,2027-06-25T08:00:00+00:00,0.8375993055893352,0.232,0.2375,0.233897,0.23475,2483.71,ETH-25JUN27,0.5598,0.65818,8.35422,224.0,0.0,0.005499999999999977,ETH,2409.39,0.0
2026-08-23T09:36:16.153934+00:00,ETH-25JUN27-2700-C,2483.71,ETH-25JUN27,call,2700.0,2027-06-25T08:00:00+00:00,0.8375993055893352,0.1675,0.172,0.169829,0.16975,2483.71,ETH-25JUN27,0.5587,0.53735,9.03766,316.0,0.0,0.004499999999999976,ETH,2409.39,0.0
2026-08-23T09:36:16.153934+00:00,ETH-4SEP26-1950-P,2410.66,ETH-4SEP26,put,1950.0,2026-09-04T08:00:00+00:00,0.03267117417249728,0.0016,0.0021,0.001871,0.00185,2410.66,ETH-4SEP26,0.6779999999999999,-0.03612,0.3458,803.0,10.0,0.0004999999999999998,ETH,2409.51,45.98
2026-08-23T09:36:16.153934+00:00,ETH-25AUG26-2340-P,2409.16,ETH-25AUG26,put,2340.0,2026-08-25T08:00:00+00:00,0.005292666301176262,0.0055,0.006,0.006006,0.00575,2409.16,ETH-25AUG26,0.5785,-0.2329,0.53612,270.0,18.0,0.0005000000000000004,ETH,2409.39,341.01
2026-08-23T09:36:16.153934+00:00,ETH-25SEP26-16000-C,2413.01,ETH-25SEP26,call,16000.0,2026-09-25T08:00:00+00:00,0.0901660407022714,,0.0001,2e-05,,2413.01,ETH-25SEP26,1.6499000000000001,0.00018,0.00498,7426.0,0.0,,ETH,2409.39,0.0
2026-08-23T09:36:16.153934+00:00,ETH-25AUG26-2100-C,2409.17,ETH-25AUG26,call,2100.0,2026-08-25T08:00:00+00:00,0.005292666301176262,0.126,0.1315,0.12865,0.12875,2409.17,ETH-25AUG26,0.8787999999999999,0.98579,0.06337,0.0,0.0,0.005500000000000005,ETH,2409.39,0.0
2026-08-23T09:36:16.153934+00:00,ETH-25DEC26-3300-P,2431.97,ETH-25DEC26,put,3300.0,2026-12-25T08:00:00+00:00,0.33931046233129264,0.383,0.4035,0.394258,0.39325,2431.97,ETH-25DEC26,0.5707,-0.77325,4.27173,10.0,0.0,0.020500000000000018,ETH,2409.39,0.0
2026-08-23T09:36:16.153934+00:00,ETH-25DEC26-3400-C,2431.98,ETH-25DEC26,call,3400.0,2026-12-25T08:00:00+00:00,0.33931046233129264,0.032,0.0335,0.032766,0.03275,2431.98,ETH-25DEC26,0.5753,0.20328,4.00875,13324.0,0.0,0.0015000000000000013,ETH,2409.39,0.0
2026-08-23T09:36:16.153934+00:00,ETH-25SEP26-6200-P,2413.02,ETH-25SEP26,put,6200.0,2026-09-25T08:00:00+00:00,0.0901660407022714,1.556,1.5835,1.569664,1.56975,2413.02,ETH-25SEP26,1.0588,-0.9975,0.05632,0.0,0.0,0.027499999999999858,ETH,2409.35,0.0
2026-08-23T09:36:16.153934+00:00,ETH-25DEC26-2000-C,2431.97,ETH-25DEC26,call,2000.0,2026-12-25T08:00:00+00:00,0.33931046233129264,0.222,0.2335,0.227334,0.22775,2431.97,ETH-25DEC26,0.5606,0.77755,4.22532,10829.0,3.0,0.01150000000000001,ETH,2409.35,1642.24
2026-08-23T09:36:16.153934+00:00,ETH-28AUG26-1700-C,2410.74,ETH-28AUG26,call,1700.0,2026-08-28T08:00:00+00:00,0.013506218662572565,0.2925,0.2975,0.29504,0.295,2410.74,ETH-28AUG26,1.1916,0.99529,0.03847,932.0,1.0,0.0050000000000000044,ETH,2409.35,716.86
2026-08-23T09:36:16.153934+00:00,ETH-28AUG26-2550-P,2410.74,ETH-28AUG26,put,2550.0,2026-08-28T08:00:00+00:00,0.013506218662572565,0.064,0.072,0.067933,0.068,2410.74,ETH-28AUG26,0.6461,-0.75866,0.87425,0.0,0.0,0.007999999999999993,ETH,2409.35,0.0
2026-08-23T09:36:16.153934+00:00,ETH-24AUG26-2640-P,2408.44,ETH-24AUG26,put,2640.0,2026-08-24T08:00:00+00:00,0.0025548155140441603,0.093,0.0995,0.096366,0.09625,2408.44,ETH-24AUG26,0.8205,-0.98531,0.04526,0.0,0.0,0.006500000000000006,ETH,2409.36,0.0
2026-08-23T09:36:16.153934+00:00,ETH-25JUN27-5500-P,2483.71,ETH-25JUN27,put,5500.0,2027-06-25T08:00:00+00:00,0.8375993055893352,1.2165,1.2645,1.240373,1.2405,2483.71,ETH-25JUN27,0.5982,-0.88033,4.5427,0.0,0.0,0.04800000000000004,ETH,2409.36,0.0
2026-08-23T09:36:16.153934+00:00,ETH-30OCT26-1850-C,2419.67,ETH-30OCT26,call,1850.0,2026-10-30T08:00:00+00:00,0.18599081825189495,0.247,0.2565,0.251866,0.25175,2419.67,ETH-30OCT26,0.588,0.88255,2.05812,1174.0,0.0,0.009500000000000008,ETH,2409.35,0.0
2026-08-23T09:36:16.153934+00:00,ETH-25JUN27-3800-P,2483.71,ETH-25JUN27,put,3800.0,2027-06-25T08:00:00+00:00,0.8375993055893352,0.589,0.6195,0.603972,0.60425,2483.71,ETH-25JUN27,0.5698,-0.70993,7.78954,2.0,0.0,0.030500000000000083,ETH,2409.36,0.0
2026-08-23T09:36:16.153934+00:00,ETH-25DEC26-800-P,2431.98,ETH-25DEC26,put,800.0,2026-12-25T08:00:00+00:00,0.33931046233129264,0.0011,0.0015,0.001288,0.0013,2431.98,ETH-25DEC26,0.8591,-0.00671,0.26605,6765.0,2.0,0.00039999999999999996,ETH,2409.36,7.23
2026-08-23T09:36:16.153934+00:00,ETH-25JUN27-3000-P,2483.71,ETH-25JUN27,put,3000.0,2027-06-25T08:00:00+00:00,0.8375993055893352,0.3255,0.3535,0.34183,0.3395,2483.71,ETH-25JUN27,0.5598,-0.54417,9.02166,218.0,10.0,0.02799999999999997,ETH,2409.36,8386.97
2026-08-23T09:36:16.153934+00:00,ETH-26MAR27-800-P,2456.67,ETH-26MAR27,put,800.0,2027-03-26T08:00:00+00:00,0.5884548839603139,0.0034,0.005,0.004119,0.0042,2456.67,ETH-26MAR27,0.7876000000000001,-0.0154,0.73054,2791.0,12.0,0.0016000000000000003,ETH,2409.36,142.26
2026-08-23T09:36:16.153934+00:00,ETH-30OCT26-2300-C,2419.67,ETH-30OCT26,call,2300.0,2026-10-30T08:00:00+00:00,0.18599081825189495,0.1165,0.119,0.117444,0.11775,2419.67,ETH-30OCT26,0.541,0.63188,3.9373,1020.0,0.0,0.0024999999999999883,ETH,2409.36,0.0
2026-08-23T09:36:16.153934+00:00,ETH-25DEC26-2000-P,2431.97,ETH-25DEC26,put,2000.0,2026-12-25T08:00:00+00:00,0.33931046233129264,0.049,0.0505,0.049716,0.04975,2431.97,ETH-25DEC26,0.5606,-0.22246,4.22541,8999.0,4.0,0.0015000000000000013,ETH,2409.36,468.22
2026-08-23T09:36:16.153934+00:00,ETH-28AUG26-2200-P,2410.74,ETH-28AUG26,put,2200.0,2026-08-28T08:00:00+00:00,0.013506218662572565,0.003,0.0034,0.003258,0.0032,2410.74,ETH-28AUG26,0.6157,-0.09288,0.46606,4480.0,5.0,0.00039999999999999975,ETH,2409.39,55.59
2026-08-23T09:36:16.153934+00:00,ETH-25DEC26-800-C,2431.98,ETH-25DEC26,call,800.0,2026-12-25T08:00:00+00:00,0.33931046233129264,0.67,0.6755,0.672335,0.67275,2431.98,ETH-25DEC26,0.8591,0.99329,0.26604,171.0,0.0,0.005499999999999949,ETH,2409.39,0.0
2026-08-23T09:36:16.153934+00:00,ETH-30OCT26-2750-P,2419.67,ETH-30OCT26,put,2750.0,2026-10-30T08:00:00+00:00,0.18599081825189495,0.1775,0.191,0.183467,0.18425,2419.67,ETH-30OCT26,0.5506,-0.66181,3.81948,0.0,0.0,0.013500000000000012,ETH,2409.39,0.0
2026-08-23T09:36:16.153934+00:00,ETH-26MAR27-4500-C,2456.66,ETH-26MAR27,call,4500.0,2027-03-26T08:00:00+00:00,0.5884548839603139,0.0235,0.026,0.024775,0.02475,2456.66,ETH-26MAR27,0.5867,0.13179,4.02858,2394.0,10.0,0.0024999999999999988,ETH,2409.39,642.2
2026-08-23T09:36:16.153934+00:00,ETH-25DEC26-5500-C,2431.97,ETH-25DEC26,call,5500.0,2026-12-25T08:00:00+00:00,0.33931046233129264,0.0035,0.0047,0.004015,0.0041,2431.97,ETH-25DEC26,0.6744,0.03018,0.96962,1617.0,0.0,0.0012000000000000001,ETH,2409.39,0.0
2026-08-23T09:36:16.153934+00:00,ETH-25DEC26-4000-C,2431.97,ETH-25DEC26,call,4000.0,2026-12-25T08:00:00+00:00,0.33931046233129264,0.015,0.016,0.015748,0.0155,2431.97,ETH-25DEC26,0.6028,0.10762,2.62469,16989.0,10.0,0.0010000000000000009,ETH,2409.39,349.19
2026-08-23T09:36:16.153934+00:00,ETH-26AUG26-2220-P,2409.64,ETH-26AUG26,put,2220.0,2026-08-26T08:00:00+00:00,0.008030517088308363,0.0016,0.002,0.001725,0.0018,2409.64,ETH-26AUG26,0.6262,-0.06677,0.27972,0.0,0.0,0.00039999999999999996,ETH,2409.39,0.0
2026-08-23T09:36:16.153934+00:00,ETH-24AUG26-2120-P,2408.44,ETH-24AUG26,put,2120.0,2026-08-24T08:00:00+00:00,0.0025548155140441603,0.0001,0.0002,0.00016,0.00015,2408.44,ETH-24AUG26,1.0735,-0.00831,0.02759,521.0,0.0,0.0001,ETH,2409.38,0.0
2026-08-23T09:36:16.153934+00:00,ETH-25SEP26-1200-C,2413.02,ETH-25SEP26,call,1200.0,2026-09-25T08:00:00+00:00,0.0901660407022714,0.5005,0.506,0.503128,0.50325,2413.02,ETH-25SEP26,0.9429000000000001,0.9955,0.09552,138.0,0.0,0.00550000000000006,ETH,2409.38,0.0
2026-08-23T09:36:16.153934+00:00,ETH-26AUG26-2200-C,2409.66,ETH-26AUG26,call,2200.0,2026-08-26T08:00:00+00:00,0.008030517088308363,0.0855,0.0915,0.088336,0.0885,2409.66,ETH-26AUG26,0.6423000000000001,0.94749,0.23168,0.0,0.0,0.0059999999999999915,ETH,2409.38,0.0
2026-08-23T09:36:16.153934+00:00,ETH-25AUG26-2900-P,2409.17,ETH-25AUG26,put,2900.0,2026-08-25T08:00:00+00:00,0.005292666301176262,0.2005,0.2075,0.203937,0.204,2409.17,ETH-25AUG26,1.0301,-0.99243,0.03662,0.0,0.0,0.0069999999999999785,ETH,2409.38,0.0
2026-08-23T09:36:16.153934+00:00,ETH-11SEP26-1800-P,2411.24,ETH-11SEP26,put,1800.0,2026-09-11T08:00:00+00:00,0.05183612968242198,0.0018,0.0022,0.001976,0.002,2411.24,ETH-11SEP26,0.7117,-0.02943,0.36796,122.0,104.0,0.0004000000000000002,ETH,2409.38,553.03
2026-08-23T09:36:16.153934+00:00,ETH-25SEP26-3000-C,2413.01,ETH-25SEP26,call,3000.0,2026-09-25T08:00:00+00:00,0.0901660407022714,0.0105,0.0115,0.010992,0.011,2413.01,ETH-25SEP26,0.599,0.13212,1.55158,32431.0,461.0,0.0009999999999999992,ETH,2409.47,13954.7
2026-08-23T09:36:16.153934+00:00,ETH-25SEP26-4000-P,2413.01,ETH-25SEP26,put,4000.0,2026-09-25T08:00:00+00:00,0.0901660407022714,0.652,0.668,0.659336,0.66,2413.01,ETH-25SEP26,0.7783,-0.97944,0.35943,140.0,0.0,0.016000000000000014,ETH,2409.47,0.0
2026-08-23T09:36:16.153934+00:00,ETH-25SEP26-2150-C,2413.01,ETH-25SEP26,call,2150.0,2026-09-25T08:00:00+00:00,0.0901660407022714,0.1305,0.1335,0.131871,0.132,2413.01,ETH-25SEP26,0.5567,0.78163,2.13826,113.0,0.0,0.0030000000000000027,ETH,2409.47,0.0
2026-08-23T09:36:16.153934+00:00,ETH-25SEP26-6500-P,2413.02,ETH-25SEP26,put,6500.0,2026-09-25T08:00:00+00:00,0.0901660407022714,1.6815,1.7085,1.693978,1.695,2413.02,ETH-25SEP26,1.0983,-0.99774,0.05136,0.0,0.0,0.026999999999999913,ETH,2409.47,0.0
2026-08-23T09:36:16.153934+00:00,ETH-25JUN27-4600-P,2483.71,ETH-25JUN27,put,4600.0,2027-06-25T08:00:00+00:00,0.8375993055893352,0.8725,0.9145,0.895268,0.8935,2483.71,ETH-25JUN27,0.5811999999999999,-0.81352,6.10434,0.0,0.0,0.041999999999999926,ETH,2409.6,0.0
2026-08-23T09:36:16.153934+00:00,ETH-24AUG26-2580-C,2408.44,ETH-24AUG26,call,2580.0,2026-08-24T08:00:00+00:00,0.0025548155140441603,0.0003,0.0007,0.000426,0.0005,2408.44,ETH-24AUG26,0.7206999999999999,0.03171,0.08666,660.0,661.0,0.0004,ETH,2409.6,873.16
2026-08-23T09:36:16.153934+00:00,ETH-26AUG26-2300-C,2409.66,ETH-26AUG26,call,2300.0,2026-08-26T08:00:00+00:00,0.008030517088308363,0.0465,0.054,0.050998,0.05025,2409.66,ETH-26AUG26,0.5953,0.81933,0.56821,0.0,0.0,0.0075,ETH,2409.47,0.0
2026-08-23T09:36:16.153934+00:00,ETH-24AUG26-2050-C,2408.45,ETH-24AUG26,call,2050.0,2026-08-24T08:00:00+00:00,0.0025548155140441603,0.146,0.1515,0.148961,0.14875,2408.45,ETH-24AUG26,1.3090000000000002,0.99349,0.02222,0.0,0.0,0.005500000000000005,ETH,2409.6,0.0
2026-08-23T09:36:16.153934+00:00,ETH-25SEP26-5800-P,2413.02,ETH-25SEP26,put,5800.0,2026-09-25T08:00:00+00:00,0.0901660407022714,1.3925,1.418,1.403935,1.40525,2413.02,ETH-25SEP26,1.0090999999999999,-0.99693,0.06772,0.0,0.0,0.025499999999999856,ETH,2409.6,0.0
2026-08-23T09:36:16.153934+00:00,ETH-25JUN27-1200-C,2483.71,ETH-25JUN27,call,1200.0,2027-06-25T08:00:00+00:00,0.8375993055893352,0.5325,0.5455,0.537636,0.539,2483.71,ETH-25JUN27,0.6437,0.93704,2.81468,55.0,0.0,0.013000000000000012,ETH,2409.72,0.0
2026-08-23T09:36:16.153934+00:00,ETH-24AUG26-2520-P,2408.45,ETH-24AUG26,put,2520.0,2026-08-24T08:00:00+00:00,0.0025548155140441603,0.0445,0.051,0.047533,0.04775,2408.45,ETH-24AUG26,0.6382,-0.91382,0.19127,31.0,2.0,0.006499999999999999,ETH,2409.72,307.83
2026-08-23T09:36:16.153934+00:00,ETH-26AUG26-2260-P,2409.64,ETH-26AUG26,put,2260.0,2026-08-26T08:00:00+00:00,0.008030517088308363,0.0028,0.0033,0.003048,0.00305,2409.64,ETH-26AUG26,0.6048,-0.11033,0.40713,0.0,0.0,0.0005,ETH,2409.6,0.0
2026-08-23T09:36:16.153934+00:00,ETH-30OCT26-1200-C,2419.68,ETH-30OCT26,call,1200.0,2026-10-30T08:00:00+00:00,0.18599081825189495,0.502,0.509,0.505841,0.5055,2419.68,ETH-30OCT26,0.7936,0.98686,0.35308,0.0,0.0,0.007000000000000006,ETH,2409.72,0.0
2026-08-23T09:36:16.153934+00:00,ETH-30OCT26-1700-C,2419.67,ETH-30OCT26,call,1700.0,2026-10-30T08:00:00+00:00,0.18599081825189495,0.3025,0.311,0.307328,0.30675,2419.67,ETH-30OCT26,0.623,0.92654,1.45559,26.0,0.0,0.008500000000000008,ETH,2409.72,0.0
2026-08-23T09:36:16.153934+00:00,ETH-25DEC26-1300-P,2431.97,ETH-25DEC26,put,1300.0,2026-12-25T08:00:00+00:00,0.33931046233129264,0.0065,0.0075,0.007029,0.007,2431.97,ETH-25DEC26,0.6818000000000001,-0.03776,1.16613,2151.0,10.0,0.001,ETH,2409.72,156.77
2026-08-23T09:36:16.153934+00:00,ETH-4SEP26-2400-P,2410.66,ETH-4SEP26,put,2400.0,2026-09-04T08:00:00+00:00,0.03267117417249728,0.037,0.0385,0.037864,0.03775,2410.66,ETH-4SEP26,0.5564,-0.45932,1.73098,282.0,48.0,0.0015000000000000013,ETH,2409.72,4708.95
2026-08-23T09:36:16.153934+00:00,ETH-25SEP26-2600-C,2413.01,ETH-25SEP26,call,2600.0,2026-09-25T08:00:00+00:00,0.0901660407022714,0.0355,0.037,0.036237,0.03625,2413.01,ETH-25SEP26,0.5478999999999999,0.35691,2.70548,16611.0,17.0,0.0015000000000000013,ETH,2409.72,1320.23
2026-08-23T09:36:16.153934+00:00,ETH-26MAR27-1200-P,2456.67,ETH-26MAR27,put,1200.0,2027-03-26T08:00:00+00:00,0.5884548839603139,0.012,0.014,0.01287,0.013,2456.67,ETH-26MAR27,0.6676000000000001,-0.04885,1.91018,1660.0,0.0,0.002,ETH,2409.72,0.0
2026-08-23T09:36:16.153934+00:00,ETH-24AUG26-2340-C,2408.44,ETH-24AUG26,call,2340.0,2026-08-24T08:00:00+00:00,0.0025548155140441603,0.0265,0.0335,0.030149,0.03,2408.44,ETH-24AUG26,0.5164,0.87432,0.25137,52.0,0.0,0.007000000000000003,ETH,2409.72,0.0
2026-08-23T09:36:16.153934+00:00,ETH-25SEP26-7000-P,2413.01,ETH-25SEP26,put,7000.0,2026-09-25T08:00:00+00:00,0.0901660407022714,1.889,1.9175,1.901135,1.90325,2413.01,ETH-25SEP26,1.1383,-0.99837,0.03817,0.0,0.0,0.02849999999999997,ETH,2409.72,0.0
2026-08-23T09:36:16.153934+00:00,ETH-25SEP26-1900-C,2413.01,ETH-25SEP26,call,1900.0,2026-09-25T08:00:00+00:00,0.0901660407022714,0.2165,0.224,0.220142,0.22025,2413.01,ETH-25SEP26,0.6153,0.91772,1.10141,11246.0,41.0,0.007500000000000007,ETH,2409.72,20812.8
2026-08-23T09:36:16.153934+00:00,ETH-25DEC26-2300-C,2431.98,ETH-25DEC26,call,2300.0,2026-12-25T08:00:00+00:00,0.33931046233129264,0.1515,0.154,0.152307,0.15275,2431.98,ETH-25DEC26,0.5476,0.6319,5.34577,8039.0,29.0,0.0025000000000000022,ETH,2409.72,10928.99
2026-08-23T09:36:16.153934+00:00,ETH-28AUG26-2050-C,2410.74,ETH-28AUG26,call,2050.0,2026-08-28T08:00:00+00:00,0.013506218662572565,0.148,0.1535,0.150586,0.15075,2410.74,ETH-28AUG26,0.7448,0.97286,0.17551,16678.0,2.0,0.005500000000000005,ETH,2409.72,693.28
2026-08-23T09:36:16.153934+00:00,ETH-30OCT26-3000-P,2419.68,ETH-30OCT26,put,3000.0,2026-10-30T08:00:00+00:00,0.18599081825189495,0.261,0.276,0.268027,0.2685,2419.68,ETH-30OCT26,0.5661,-0.77488,3.13414,72.0,0.0,0.015000000000000013,ETH,2409.72,0.0
2026-08-23T09:36:16.153934+00:00,ETH-30OCT26-2650-C,2419.67,ETH-30OCT26,call,2650.0,2026-10-30T08:00:00+00:00,0.18599081825189495,0.057,0.058,0.05782,0.0575,2419.67,ETH-30OCT26,0.5461,0.39557,4.02416,170.0,5.0,0.0010000000000000009,ETH,2409.6,704.3
2026-08-23T09:36:16.153934+00:00,ETH-4SEP26-2700-P,2410.66,ETH-4SEP26,put,2700.0,2026-09-04T08:00:00+00:00,0.03267117417249728,0.125,0.135,0.130002,0.13,2410.66,ETH-4SEP26,0.6263000000000001,-0.82576,1.12123,0.0,0.0,0.010000000000000009,ETH,2409.72,0.0
2026-08-23T09:36:16.153934+00:00,ETH-28AUG26-1800-C,2410.74,ETH-28AUG26,call,1800.0,2026-08-28T08:00:00+00:00,0.013506218662572565,0.251,0.256,0.253646,0.2535,2410.74,ETH-28AUG26,1.0556,0.99284,0.05574,5389.0,0.0,0.0050000000000000044,ETH,2409.6,0.0
2026-08-23T09:36:16.153934+00:00,ETH-11SEP26-2200-C,2411.26,ETH-11SEP26,call,2200.0,2026-09-11T08:00:00+00:00,0.05183612968242198,0.1025,0.1055,0.103761,0.104,2411.26,ETH-11SEP26,0.5498,0.78854,1.59026,0.0,0.0,0.0030000000000000027,ETH,2409.6,0.0
2026-08-23T09:36:16.153934+00:00,ETH-24AUG26-2540-C,2408.45,ETH-24AUG26,call,2540.0,2026-08-24T08:00:00+00:00,0.0025548155140441603,0.0006,0.001,0.000823,0.0008,2408.45,ETH-24AUG26,0.6633,0.06067,0.1462,1012.0,446.0,0.0004000000000000001,ETH,2409.69,2688.05
2026-08-23T09:36:16.153934+00:00,ETH-30OCT26-4200-C,2419.68,ETH-30OCT26,call,4200.0,2026-10-30T08:00:00+00:00,0.18599081825189495,0.0041,0.0047,0.004416,0.0044,2419.68,ETH-30OCT26,0.6787000000000001,0.04141,0.92588,16.0,0.0,0.0005999999999999998,ETH,2409.6,0.0
2026-08-23T09:36:16.153934+00:00,ETH-26MAR27-3700-C,2456.67,ETH-26MAR27,call,3700.0,2027-03-26T08:00:00+00:00,0.5884548839603139,0.048,0.051,0.049518,0.0495,2456.67,ETH-26MAR27,0.5693,0.23663,5.81978,1530.0,2.0,0.0029999999999999957,ETH,2409.6,233.88
2026-08-23T09:36:16.153934+00:00,ETH-26MAR27-5000-C,2456.67,ETH-26MAR27,call,5000.0,2027-03-26T08:00:00+00:00,0.5884548839603139,0.0155,0.018,0.016815,0.01675,2456.67,ETH-26MAR27,0.5979,0.09376,3.15821,2071.0,2.0,0.0024999999999999988,ETH,2409.69,76.48
2026-08-23T09:36:16.153934+00:00,ETH-25AUG26-2300-C,2409.17,ETH-25AUG26,call,2300.0,2026-08-25T08:00:00+00:00,0.005292666301176262,0.044,0.0515,0.048257,0.04775,2409.17,ETH-25AUG26,0.5881000000000001,0.86971,0.37146,0.0,0.0,0.0075,ETH,2409.69,0.0
2026-08-23T09:36:16.153934+00:00,ETH-26MAR27-1200-C,2456.67,ETH-26MAR27,call,1200.0,2027-03-26T08:00:00+00:00,0.5884548839603139,0.52,0.5295,0.524394,0.52475,2456.67,ETH-26MAR27,0.6676000000000001,0.95114,1.91028,68.0,0.0,0.009499999999999953,ETH,2409.69,0.0
2026-08-23T09:36:16.153934+00:00,ETH-25AUG26-2900-C,2409.17,ETH-25AUG26,call,2900.0,2026-08-25T08:00:00+00:00,0.005292666301176262,0.0002,0.0003,0.000178,0.00025,2409.17,ETH-25AUG26,1.0301,0.0076,0.03674,4.0,2.0,9.999999999999996e-05,ETH,2409.69,2.17
2026-08-23T09:36:16.153934+00:00,ETH-25SEP26-2700-P,2413.01,ETH-25SEP26,put,2700.0,2026-09-25T08:00:00+00:00,0.0901660407022714,0.14,0.152,0.145418,0.146,2413.01,ETH-25SEP26,0.557,-0.72017,2.441,557.0,0.0,0.011999999999999983,ETH,2409.64,0.0
2026-08-23T09:36:16.153934+00:00,ETH-11SEP26-2450-P,2411.26,ETH-11SEP26,put,2450.0,2026-09-11T08:00:00+00:00,0.05183612968242198,0.0575,0.059,0.058188,0.05825,2411.26,ETH-11SEP26,0.5434,-0.52403,2.18852,112.0,10.0,0.0014999999999999944,ETH,2409.69,1504.46
2026-08-23T09:36:16.153934+00:00,ETH-4SEP26-2550-P,2410.66,ETH-4SEP26,put,2550.0,2026-09-04T08:00:00+00:00,0.03267117417249728,0.076,0.079,0.078101,0.0775,2410.66,ETH-4SEP26,0.5821000000000001,-0.68222,1.55521,0.0,0.0,0.0030000000000000027,ETH,2409.69,0.0
2026-08-23T09:36:16.153934+00:00,ETH-26MAR27-2500-C,2456.67,ETH-26MAR27,call,2500.0,2027-03-26T08:00:00+00:00,0.5884548839603139,0.16,0.163,0.161269,0.1615,2456.67,ETH-26MAR27,0.5545,0.56888,7.4142,9383.0,0.0,0.0030000000000000027,ETH,2409.64,0.0
2026-08-23T09:36:16.153934+00:00,ETH-25AUG26-2250-C,2409.17,ETH-25AUG26,call,2250.0,2026-08-25T08:00:00+00:00,0.005292666301176262,0.0645,0.0705,0.067336,0.0675,2409.17,ETH-25AUG26,0.6259,0.93845,0.21304,0.0,0.0,0.0059999999999999915,ETH,2409.64,0.0
2026-08-23T09:36:16.153934+00:00,ETH-25SEP26-2300-C,2413.01,ETH-25SEP26,call,2300.0,2026-09-25T08:00:00+00:00,0.0901660407022714,0.0885,0.091,0.089506,0.08975,2413.01,ETH-25SEP26,0.5422,0.64829,2.6914,14421.0,101.0,0.0025000000000000022,ETH,2409.63,23509.8
2026-08-23T09:36:16.153934+00:00,ETH-25SEP26-1400-P,2413.02,ETH-25SEP26,put,1400.0,2026-09-25T08:00:00+00:00,0.0901660407022714,0.0007,0.0013,0.001045,0.001,2413.02,ETH-25SEP26,0.8392000000000001,-0.01104,0.21067,9780.0,16.0,0.0006,ETH,2409.63,53.03
2026-08-23T09:36:16.153934+00:00,ETH-26MAR27-1500-P,2456.67,ETH-26MAR27,put,1500.0,2027-03-26T08:00:00+00:00,0.5884548839603139,0.026,0.0285,0.02726,0.02725,2456.67,ETH-26MAR27,0.612,-0.09905,3.28809,4074.0,1.0,0.0025000000000000022,ETH,2409.64,63.49
2026-08-23T09:36:16.153934+00:00,ETH-25JUN27-2700-P,2483.71,ETH-25JUN27,put,2700.0,2027-06-25T08:00:00+00:00,0.8375993055893352,0.252,0.2595,0.256917,0.25575,2483.71,ETH-25JUN27,0.5587,-0.46257,9.03845,6.0,6.0,0.007500000000000007,ETH,2409.64,3742.23
2026-08-23T09:36:16.153934+00:00,ETH-25JUN27-2900-C,2483.71,ETH-25JUN27,call,2900.0,2027-06-25T08:00:00+00:00,0.8375993055893352,0.1425,0.147,0.144853,0.14475,2483.71,ETH-25JUN27,0.5590999999999999,0.48195,9.06914,283.0,0.0,0.004500000000000004,ETH,2409.64,0.0
2026-08-23T09:36:16.153934+00:00,ETH-25JUN27-1700-P,2483.71,ETH-25JUN27,put,1700.0,2027-06-25T08:00:00+00:00,0.8375993055893352,0.0585,0.062,0.060251,0.06025,2483.71,ETH-25JUN27,0.5807,-0.16346,5.61464,2993.0,0.0,0.003499999999999996,ETH,2409.63,0.0
2026-08-23T09:36:16.153934+00:00,ETH-30OCT26-1200-P,2419.67,ETH-30OCT26,put,1200.0,2026-10-30T08:00:00+00:00,0.18599081825189495,0.0014,0.0022,0.001776,0.0018,2419.67,ETH-30OCT26,0.7936,-0.01315,0.35316,2171.0,0.0,0.0008000000000000001,ETH,2409.63,0.0
2026-08-23T09:36:16.153934+00:00,ETH-27AUG26-2580-P,2410.19,SYN.ETH-27AUG26,put,2580.0,2026-08-27T08:00:00+00:00,0.010768367875440464,0.073,0.081,0.07669,0.077,2410.19,SYN.ETH-27AUG26,0.6701,-0.82475,0.64576,0.0,0.0,0.008000000000000007,ETH,2409.63,0.0
2026-08-23T09:36:16.153934+00:00,ETH-26MAR27-1500-C,2456.67,ETH-26MAR27,call,1500.0,2027-03-26T08:00:00+00:00,0.5884548839603139,0.4105,0.4225,0.416665,0.4165,2456.67,ETH-26MAR27,0.612,0.90094,3.28814,243.0,0.0,0.01200000000000001,ETH,2409.63,0.0
2026-08-23T09:36:16.153934+00:00,ETH-4SEP26-2250-C,2410.66,ETH-4SEP26,call,2250.0,2026-09-04T08:00:00+00:00,0.03267117417249728,0.08,0.083,0.080982,0.0815,2410.66,ETH-4SEP26,0.5588000000000001,0.77076,1.32197,573.0,0.0,0.0030000000000000027,ETH,2409.63,0.0
2026-08-23T09:36:16.153934+00:00,ETH-24AUG26-2000-P,2408.44,ETH-24AUG26,put,2000.0,2026-08-24T08:00:00+00:00,0.0025548155140441603,,0.0002,5.8e-05,,2408.44,ETH-24AUG26,1.3451,-0.0027,0.01011,3243.0,206.0,,ETH,2409.63,50.16
2026-08-23T09:36:16.153934+00:00,ETH-25AUG26-2520-P,2409.17,ETH-25AUG26,put,2520.0,2026-08-25T08:00:00+00:00,0.005292666301176262,0.047,0.054,0.050645,0.0505,2409.17,ETH-25AUG26,0.6609,-0.81491,0.46812,1.0,0.0,0.006999999999999999,ETH,2409.63,0.0
2026-08-23T09:36:16.153934+00:00,ETH-25AUG26-2400-P,2409.17,ETH-25AUG26,put,2400.0,2026-08-25T08:00:00+00:00,0.005292666301176262,0.0145,0.0155,0.015177,0.015,2409.17,ETH-25AUG26,0.5871,-0.44871,0.69362,36.0,35.0,0.0009999999999999992,ETH,2409.63,1487.54
2026-08-23T09:36:16.153934+00:00,ETH-11SEP26-2400-C,2411.26,ETH-11SEP26,call,2400.0,2026-09-11T08:00:00+00:00,0.05183612968242198,0.0505,0.0525,0.051402,0.0515,2411.26,ETH-11SEP26,0.5413,0.54223,2.18014,537.0,1.0,0.001999999999999995,ETH,2409.63,130.68
2026-08-23T09:36:16.153934+00:00,ETH-30OCT26-2450-P,2419.67,ETH-30OCT26,put,2450.0,2026-10-30T08:00:00+00:00,0.18599081825189495,0.0985,0.101,0.099644,0.09975,2419.67,ETH-30OCT26,0.5396,-0.47362,4.15848,15.0,15.0,0.0025000000000000022,ETH,2409.65,3714.19
2026-08-23T09:36:16.153934+00:00,ETH-25SEP26-3800-C,2413.02,ETH-25SEP26,call,3800.0,2026-09-25T08:00:00+00:00,0.0901660407022714,0.0019,0.0025,0.002212,0.0022,2413.02,ETH-25SEP26,0.7461,0.02801,0.46615,2030.0,0.0,0.0006000000000000001,ETH,2409.65,0.0
2026-08-23T09:36:16.153934+00:00,ETH-25SEP26-3300-C,2413.02,ETH-25SEP26,call,3300.0,2026-09-25T08:00:00+00:00,0.0901660407022714,0.005,0.006,0.005438,0.0055,2413.02,ETH-25SEP26,0.655,0.06827,0.95526,19345.0,2168.0,0.001,ETH,2409.65,32842.79
2026-08-23T09:36:16.153934+00:00,ETH-30OCT26-1950-P,2419.67,ETH-30OCT26,put,1950.0,2026-10-30T08:00:00+00:00,0.18599081825189495,0.0225,0.0235,0.023025,0.023,2419.67,ETH-30OCT26,0.5703,-0.15787,2.51955,866.0,2.0,0.0010000000000000009,ETH,2409.65,107.97
2026-08-23T09:36:16.153934+00:00,ETH-24AUG26-2220-P,2408.44,ETH-24AUG26,put,2220.0,2026-08-24T08:00:00+00:00,0.0025548155140441603,0.0001,0.0003,0.000183,0.0002,2408.44,ETH-24AUG26,0.7383,-0.01304,0.04083,453.0,146.0,0.00019999999999999998,ETH,2409.59,246.1
2026-08-23T09:36:16.153934+00:00,ETH-26MAR27-3300-C,2456.67,ETH-26MAR27,call,3300.0,2027-03-26T08:00:00+00:00,0.5884548839603139,0.071,0.0735,0.072406,0.07225,2456.67,ETH-26MAR27,0.5621,0.32032,6.7497,2191.0,0.0,0.0025000000000000022,ETH,2409.65,0.0
2026-08-23T09:36:16.153934+00:00,ETH-25JUN27-4200-P,2483.71,ETH-25JUN27,put,4200.0,2027-06-25T08:00:00+00:00,0.8375993055893352,0.7305,0.7645,0.747364,0.7475,2483.71,ETH-25JUN27,0.5761999999999999,-0.76754,6.95096,0.0,0.0,0.03399999999999992,ETH,2409.65,0.0
2026-08-23T09:36:16.153934+00:00,ETH-28AUG26-2120-C,2410.75,ETH-28AUG26,call,2120.0,2026-08-28T08:00:00+00:00,0.013506218662572565,0.119,0.125,0.122176,0.122,2410.75,ETH-28AUG26,0.6761,0.95399,0.27054,84.0,0.0,0.006000000000000005,ETH,2409.59,0.0
2026-08-23T09:36:16.153934+00:00,ETH-24AUG26-2450-P,2408.44,ETH-24AUG26,put,2450.0,2026-08-24T08:00:00+00:00,0.0025548155140441603,0.0205,0.023,0.02216,0.02175,2408.44,ETH-24AUG26,0.5670000000000001,-0.71098,0.41577,400.0,0.0,0.0024999999999999988,ETH,2409.59,0.0
2026-08-23T09:36:16.153934+00:00,ETH-25SEP26-2200-P,2413.01,ETH-25SEP26,put,2200.0,2026-09-25T08:00:00+00:00,0.0901660407022714,0.028,0.029,0.028357,0.0285,2413.01,ETH-25SEP26,0.55,-0.25891,2.34768,7122.0,2.0,0.0010000000000000009,ETH,2409.59,133.53
2026-08-23T09:36:16.153934+00:00,ETH-25DEC26-1300-C,2431.98,ETH-25DEC26,call,1300.0,2026-12-25T08:00:00+00:00,0.33931046233129264,0.469,0.476,0.47248,0.4725,2431.98,ETH-25DEC26,0.6818000000000001,0.96223,1.16617,50.0,0.0,0.007000000000000006,ETH,2409.59,0.0
2026-08-23T09:36:16.153934+00:00,ETH-24AUG26-2350-C,2408.44,ETH-24AUG26,call,2350.0,2026-08-24T08:00:00+00:00,0.0025548155140441603,0.022,0.03,0.02663,0.026,2408.44,ETH-24AUG26,0.5151,0.83799,0.29842,0.0,0.0,0.008,ETH,2409.57,0.0
2026-08-23T09:36:16.153934+00:00,ETH-25AUG26-2580-C,2409.17,ETH-25AUG26,call,2580.0,2026-08-25T08:00:00+00:00,0.005292666301176262,0.0021,0.0026,0.002358,0.00235,2409.17,ETH-25AUG26,0.7149,0.10059,0.30899,2.0,2.0,0.0005,ETH,2409.57,13.96
2026-08-23T09:36:16.153934+00:00,ETH-25SEP26-3200-P,2413.01,ETH-25SEP26,put,3200.0,2026-09-25T08:00:00+00:00,0.0901660407022714,0.327,0.34,0.33281,0.3335,2413.01,ETH-25SEP26,0.6335000000000001,-0.91688,1.10984,1323.0,0.0,0.013000000000000012,ETH,2409.57,0.0
2026-08-23T09:36:16.153934+00:00,ETH-28AUG26-2550-C,2410.75,ETH-28AUG26,call,2550.0,2026-08-28T08:00:00+00:00,0.013506218662572565,0.01,0.0105,0.010167,0.01025,2410.75,ETH-28AUG26,0.6461,0.24174,0.87506,310.0,254.0,0.0005000000000000004,ETH,2409.57,7804.2
2026-08-23T09:36:16.153934+00:00,ETH-28AUG26-2600-C,2410.74,ETH-28AUG26,call,2600.0,2026-08-28T08:00:00+00:00,0.013506218662572565,0.007,0.0075,0.007205,0.00725,2410.74,ETH-28AUG26,0.6727,0.17916,0.73357,7825.0,626.0,0.0004999999999999996,ETH,2409.57,12603.35
2026-08-23T09:36:16.153934+00:00,ETH-27AUG26-2520-C,2410.19,SYN.ETH-27AUG26,call,2520.0,2026-08-27T08:00:00+00:00,0.010768367875440464,0.0095,0.011,0.010234,0.01025,2410.19,SYN.ETH-27AUG26,0.6413,0.26587,0.82112,0.0,0.0,0.0014999999999999996,ETH,2409.54,0.0
2026-08-23T09:36:16.153934+00:00,ETH-26MAR27-3000-C,2456.67,ETH-26MAR27,call,3000.0,2027-03-26T08:00:00+00:00,0.5884548839603139,0.0955,0.099,0.097202,0.09725,2456.67,ETH-26MAR27,0.5572,0.40063,7.29168,3853.0,0.0,0.003500000000000003,ETH,2409.57,0.0
2026-08-23T09:36:16.153934+00:00,ETH-4SEP26-2450-P,2410.66,ETH-4SEP26,put,2450.0,2026-09-04T08:00:00+00:00,0.03267117417249728,0.0485,0.0505,0.049624,0.0495,2410.66,ETH-4SEP26,0.5632,-0.54004,1.73124,5.0,0.0,0.0020000000000000018,ETH,2409.57,0.0
2026-08-23T09:36:16.153934+00:00,ETH-25SEP26-1200-P,2413.01,ETH-25SEP26,put,1200.0,2026-09-25T08:00:00+00:00,0.0901660407022714,0.0005,0.0007,0.00044,0.0006,2413.01,ETH-25SEP26,0.9429000000000001,-0.0045,0.09541,11709.0,80.0,0.00019999999999999998,ETH,2409.54,155.58
2026-08-23T09:36:16.153934+00:00,ETH-30OCT26-1700-P,2419.67,ETH-30OCT26,put,1700.0,2026-10-30T08:00:00+00:00,0.18599081825189495,0.0095,0.0105,0.009903,0.01,2419.67,ETH-30OCT26,0.623,-0.07348,1.45573,1260.0,2.0,0.0010000000000000009,ETH,2409.54,46.95
2026-08-23T09:36:16.153934+00:00,ETH-25DEC26-1900-P,2431.98,ETH-25DEC26,put,1900.0,2026-12-25T08:00:00+00:00,0.33931046233129264,0.038,0.0395,0.038511,0.03875,2431.98,ETH-25DEC26,0.5690999999999999,-0.18079,3.73133,5184.0,20.0,0.0015000000000000013,ETH,2409.54,1907.77
2026-08-23T09:36:16.153934+00:00,ETH-25AUG26-2360-C,2409.17,ETH-25AUG26,call,2360.0,2026-08-25T08:00:00+00:00,0.005292666301176262,0.0275,0.03,0.028741,0.02875,2409.17,ETH-25AUG26,0.5777,0.7018,0.60786,2.0,0.0,0.0024999999999999988,ETH,2409.54,0.0
2026-08-23T09:36:16.153934+00:00,ETH-24AUG26-2480-P,2408.44,ETH-24AUG26,put,2480.0,2026-08-24T08:00:00+00:00,0.0025548155140441603,0.029,0.037,0.032359,0.033,2408.44,ETH-24AUG26,0.5922,-0.82645,0.31194,720.0,30.0,0.007999999999999997,ETH,2409.48,2941.13
2026-08-23T09:36:16.153934+00:00,ETH-24AUG26-2200-C,2408.44,ETH-24AUG26,call,2200.0,2026-08-24T08:00:00+00:00,0.0025548155140441603,0.0835,0.0895,0.086713,0.0865,2408.44,ETH-24AUG26,0.8085,0.98795,0.03813,0.0,0.0,0.0059999999999999915,ETH,2409.48,0.0
2026-08-23T09:36:16.153934+00:00,ETH-27AUG26-2200-P,2410.19,SYN.ETH-27AUG26,put,2200.0,2026-08-27T08:00:00+00:00,0.010768367875440464,0.0018,0.0026,0.002172,0.0022,2410.19,SYN.ETH-27AUG26,0.6204999999999999,-0.07205,0.34356,0.0,0.0,0.0007999999999999999,ETH,2409.48,0.0
2026-08-23T09:36:16.153934+00:00,ETH-25SEP26-7200-C,2413.02,ETH-25SEP26,call,7200.0,2026-09-25T08:00:00+00:00,0.0901660407022714,,,0.000142,,2413.02,ETH-25SEP26,1.1622,0.00156,0.03675,1160.0,0.0,,ETH,2409.48,0.0
2026-08-23T09:36:16.153934+00:00,ETH-25AUG26-2700-C,2409.16,ETH-25AUG26,call,2700.0,2026-08-25T08:00:00+00:00,0.005292666301176262,0.0006,0.0009,0.000754,0.00075,2409.16,ETH-25AUG26,0.8348,0.03316,0.12957,68.0,35.0,0.00030000000000000003,ETH,2409.48,110.37
2026-08-23T09:36:16.153934+00:00,ETH-28AUG26-1550-C,2410.74,ETH-28AUG26,call,1550.0,2026-08-28T08:00:00+00:00,0.013506218662572565,0.355,0.3595,0.35719,0.35725,2410.74,ETH-28AUG26,1.4150999999999998,0.99722,0.02397,131.0,0.0,0.004500000000000004,ETH,2409.48,0.0
2026-08-23T09:36:16.153934+00:00,ETH-11SEP26-2800-C,2411.26,ETH-11SEP26,call,2800.0,2026-09-11T08:00:00+00:00,0.05183612968242198,0.01,0.011,0.010501,0.0105,2411.26,ETH-11SEP26,0.6053999999999999,0.15619,1.31608,1867.0,7.0,0.0009999999999999992,ETH,2409.48,182.64
2026-08-23T09:36:16.153934+00:00,ETH-25JUN27-3200-C,2483.71,ETH-25JUN27,call,3200.0,2027-06-25T08:00:00+00:00,0.8375993055893352,0.1125,0.117,0.11478,0.11475,2483.71,ETH-25JUN27,0.5616,0.4073,8.83151,1269.0,0.0,0.004500000000000004,ETH,2409.48,0.0
2026-08-23T09:36:16.153934+00:00,ETH-28AUG26-3200-C,2410.74,ETH-28AUG26,call,3200.0,2026-08-28T08:00:00+00:00,0.013506218662572565,0.0001,0.0005,0.000237,0.0003,2410.74,ETH-28AUG26,0.9639,0.00684,0.05354,2786.0,36.0,0.0004,ETH,2409.46,25.8
2026-08-23T09:36:16.153934+00:00,ETH-26AUG26-2600-P,2409.66,ETH-26AUG26,put,2600.0,2026-08-26T08:00:00+00:00,0.008030517088308363,0.079,0.0865,0.082621,0.08275,2409.66,ETH-26AUG26,0.7031999999999999,-0.87788,0.43752,0.0,0.0,0.007499999999999993,ETH,2409.46,0.0
2026-08-23T09:36:16.153934+00:00,ETH-26AUG26-2560-C,2409.66,ETH-26AUG26,call,2560.0,2026-08-26T08:00:00+00:00,0.008030517088308363,0.0048,0.0055,0.005159,0.00515,2409.66,ETH-26AUG26,0.6738,0.16829,0.54315,0.0,0.0,0.0007000000000000001,ETH,2409.46,0.0
2026-08-23T09:36:16.153934+00:00,ETH-4SEP26-1700-C,2410.66,ETH-4SEP26,call,1700.0,2026-09-04T08:00:00+00:00,0.03267117417249728,0.293,0.298,0.295475,0.2955,2410.66,ETH-4SEP26,0.8855,0.98835,0.1328,18.0,0.0,0.0050000000000000044,ETH,2409.46,0.0
2026-08-23T09:36:16.153934+00:00,ETH-4SEP26-2000-P,2410.67,ETH-4SEP26,put,2000.0,2026-09-04T08:00:00+00:00,0.03267117417249728,0.0023,0.0027,0.002494,0.0025,2410.67,ETH-4SEP26,0.6469,-0.04836,0.43797,1249.0,12.0,0.0004000000000000002,ETH,2409.46,67.45
2026-08-23T09:36:16.153934+00:00,ETH-11SEP26-2500-C,2411.24,ETH-11SEP26,call,2500.0,2026-09-11T08:00:00+00:00,0.05183612968242198,0.0335,0.035,0.03439,0.03425,2411.24,ETH-11SEP26,0.5482,0.4124,2.13921,1138.0,23.0,0.0015000000000000013,ETH,2409.46,2168.93
2026-08-23T09:36:16.153934+00:00,ETH-28AUG26-1000-C,2410.75,ETH-28AUG26,call,1000.0,2026-08-28T08:00:00+00:00,0.013506218662572565,0.583,0.587,0.585191,0.585,2410.75,ETH-28AUG26,1.9306,0.99997,0.00032,50.0,0.0,0.0040000000000000036,ETH,2409.28,0.0
2026-08-23T09:36:16.153934+00:00,ETH-25SEP26-6600-C,2413.01,ETH-25SEP26,call,6600.0,2026-09-25T08:00:00+00:00,0.0901660407022714,0.0001,0.0003,0.000201,0.0002,2413.01,ETH-25SEP26,1.1128,0.00222,0.05064,1495.0,0.0,0.00019999999999999998,ETH,2409.28,0.0
2026-08-23T09:36:16.153934+00:00,ETH-27AUG26-2650-C,2410.19,SYN.ETH-27AUG26,call,2650.0,2026-08-27T08:00:00+00:00,0.010768367875440464,0.0033,0.0042,0.003737,0.00375,2410.19,SYN.ETH-27AUG26,0.7165,0.10944,0.46885,0.0,0.0,0.0008999999999999998,ETH,2409.28,0.0
2026-08-23T09:36:16.153934+00:00,ETH-30OCT26-1600-C,2419.68,ETH-30OCT26,call,1600.0,2026-10-30T08:00:00+00:00,0.18599081825189495,0.341,0.349,0.345775,0.345,2419.68,ETH-30OCT26,0.65,0.94711,1.12642,68.0,0.0,0.007999999999999952,ETH,2409.28,0.0
2026-08-23T09:36:16.153934+00:00,ETH-4SEP26-2600-C,2410.66,ETH-4SEP26,call,2600.0,2026-09-04T08:00:00+00:00,0.03267117417249728,0.0155,0.0165,0.015901,0.016,2410.66,ETH-4SEP26,0.5956,0.26024,1.41521,6701.0,31.0,0.0010000000000000009,ETH,2409.28,1234.52
2026-08-23T09:36:16.153934+00:00,ETH-26MAR27-3100-C,2456.67,ETH-26MAR27,call,3100.0,2027-03-26T08:00:00+00:00,0.5884548839603139,0.0865,0.0895,0.087974,0.088,2456.67,ETH-26MAR27,0.5585,0.37185,7.13373,1813.0,0.0,0.0030000000000000027,ETH,2409.28,0.0
2026-08-23T09:36:16.153934+00:00,ETH-11SEP26-2300-C,2411.26,ETH-11SEP26,call,2300.0,2026-09-11T08:00:00+00:00,0.05183612968242198,0.073,0.076,0.074496,0.0745,2411.26,ETH-11SEP26,0.5405,0.67389,1.98043,74.0,0.0,0.0030000000000000027,ETH,2409.34,0.0
2026-08-23T09:36:16.153934+00:00,ETH-11SEP26-3000-C,2411.26,ETH-11SEP26,call,3000.0,2026-09-11T08:00:00+00:00,0.05183612968242198,0.005,0.006,0.00555,0.0055,2411.26,ETH-11SEP26,0.6629,0.08584,0.8614,4845.0,195.0,0.001,ETH,2409.34,3011.7
2026-08-23T09:36:16.153934+00:00,ETH-25SEP26-2400-P,2413.02,ETH-25SEP26,put,2400.0,2026-09-25T08:00:00+00:00,0.0901660407022714,0.061,0.0625,0.061848,0.06175,2413.02,ETH-25SEP26,0.5403,-0.45291,2.87309,3413.0,162.0,0.0015000000000000013,ETH,2409.34,23287.11
2026-08-23T09:36:16.153934+00:00,ETH-25SEP26-2900-P,2413.01,ETH-25SEP26,put,2900.0,2026-09-25T08:00:00+00:00,0.0901660407022714,0.2115,0.223,0.21636,0.21725,2413.01,ETH-25SEP26,0.5832999999999999,-0.83107,1.82777,49.0,0.0,0.01150000000000001,ETH,2409.34,0.0
2026-08-23T09:36:16.153934+00:00,ETH-25JUN27-6000-P,2483.71,ETH-25JUN27,put,6000.0,2027-06-25T08:00:00+00:00,0.8375993055893352,1.408,1.466,1.435365,1.437,2483.71,ETH-25JUN27,0.6038,-0.90633,3.80592,0.0,0.0,0.05800000000000005,ETH,2409.34,0.0
2026-08-23T09:36:16.153934+00:00,ETH-24AUG26-2550-C,2408.45,ETH-24AUG26,call,2550.0,2026-08-24T08:00:00+00:00,0.0025548155140441603,0.0005,0.0009,0.000671,0.0007,2408.45,ETH-24AUG26,0.6729999999999999,0.04989,0.12523,318.0,215.0,0.00039999999999999996,ETH,2409.32,504.27
2026-08-23T09:36:16.153934+00:00,ETH-25SEP26-15000-C,2413.01,ETH-25SEP26,call,15000.0,2026-09-25T08:00:00+00:00,0.0901660407022714,,0.0002,3e-05,,2413.01,ETH-25SEP26,1.6418000000000001,0.00027,0.00734,878.0,0.0,,ETH,2409.32,0.0
2026-08-23T09:36:16.153934+00:00,ETH-25AUG26-2220-P,2409.17,ETH-25AUG26,put,2220.0,2026-08-25T08:00:00+00:00,0.005292666301176262,0.0006,0.0009,0.000759,0.00075,2409.17,ETH-25AUG26,0.6478,-0.03813,0.14527,39.0,39.0,0.00030000000000000003,ETH,2409.32,141.24
2026-08-23T09:36:16.153934+00:00,ETH-24AUG26-2600-P,2408.45,ETH-24AUG26,put,2600.0,2026-08-24T08:00:00+00:00,0.0025548155140441603,0.076,0.083,0.079892,0.0795,2408.45,ETH-24AUG26,0.7576,-0.97525,0.0705,0.0,0.0,0.007000000000000006,ETH,2409.32,0.0
2026-08-23T09:36:16.153934+00:00,ETH-28AUG26-2150-P,2410.74,ETH-28AUG26,put,2150.0,2026-08-28T08:00:00+00:00,0.013506218662572565,0.0018,0.0022,0.002015,0.002,2410.74,ETH-28AUG26,0.6496999999999999,-0.0591,0.33003,1600.0,30.0,0.0004000000000000002,ETH,2409.33,151.26
2026-08-23T09:36:16.153934+00:00,ETH-25SEP26-5600-C,2413.01,ETH-25SEP26,call,5600.0,2026-09-25T08:00:00+00:00,0.0901660407022714,0.0002,0.0005,0.000344,0.00035,2413.01,ETH-25SEP26,1.0007,0.00402,0.08628,7183.0,20.0,0.00030000000000000003,ETH,2409.33,19.33
2026-08-23T09:36:16.153934+00:00,ETH-25JUN27-3100-C,2483.71,ETH-25JUN27,call,3100.0,2027-06-25T08:00:00+00:00,0.8375993055893352,0.1215,0.1265,0.123975,0.124,2483.71,ETH-25JUN27,0.5607,0.43096,8.94074,117.0,0.0,0.0050000000000000044,ETH,2409.32,0.0
2026-08-23T09:36:16.153934+00:00,ETH-24AUG26-2440-C,2408.45,ETH-24AUG26,call,2440.0,2026-08-24T08:00:00+00:00,0.0025548155140441603,0.0055,0.0065,0.005909,0.006,2408.45,ETH-24AUG26,0.5559000000000001,0.33451,0.4429,192.0,180.0,0.001,ETH,2409.32,3790.86
2026-08-23T09:36:16.153934+00:00,ETH-4SEP26-2000-C,2410.66,ETH-4SEP26,call,2000.0,2026-09-04T08:00:00+00:00,0.03267117417249728,0.17,0.176,0.172828,0.173,2410.66,ETH-4SEP26,0.6469,0.95158,0.43836,4162.0,0.0,0.005999999999999978,ETH,2409.33,0.0
2026-08-23T09:36:16.153934+00:00,ETH-26MAR27-2700-C,2456.67,ETH-26MAR27,call,2700.0,2027-03-26T08:00:00+00:00,0.5884548839603139,0.13,0.1335,0.131623,0.13175,2456.67,ETH-26MAR27,0.5547,0.497,7.5253,3034.0,0.0,0.003500000000000003,ETH,2409.33,0.0
2026-08-23T09:36:16.153934+00:00,ETH-25SEP26-3000-P,2413.01,ETH-25SEP26,put,3000.0,2026-09-25T08:00:00+00:00,0.0901660407022714,0.2475,0.261,0.254273,0.25425,2413.01,ETH-25SEP26,0.599,-0.86799,1.55056,7522.0,2.0,0.013500000000000012,ETH,2409.58,1192.44
2026-08-23T09:36:16.153934+00:00,ETH-26AUG26-2340-P,2409.64,ETH-26AUG26,put,2340.0,2026-08-26T08:00:00+00:00,0.008030517088308363,0.009,0.01,0.009389,0.0095,2409.64,ETH-26AUG26,0.5879,-0.27582,0.72187,21.0,21.0,0.0010000000000000009,ETH,2409.33,533.05
2026-08-23T09:36:16.153934+00:00,ETH-25DEC26-3600-P,2431.97,ETH-25DEC26,put,3600.0,2026-12-25T08:00:00+00:00,0.33931046233129264,0.4965,0.5175,0.505581,0.507,2431.97,ETH-25DEC26,0.5837,-0.83683,3.49444,93.0,0.0,0.020999999999999963,ETH,2409.58,0.0
2026-08-23T09:36:16.153934+00:00,ETH-25SEP26-5000-C,2413.02,ETH-25SEP26,call,5000.0,2026-09-25T08:00:00+00:00,0.0901660407022714,0.0002,0.0007,0.000476,0.00045,2413.02,ETH-25SEP26,0.9127,0.00589,0.12134,4592.0,10.0,0.0005,ETH,2409.58,12.11
2026-08-23T09:36:16.153934+00:00,ETH-25JUN27-2200-C,2483.7,ETH-25JUN27,call,2200.0,2027-06-25T08:00:00+00:00,0.8375993055893352,0.252,0.257,0.253467,0.2545,2483.7,ETH-25JUN27,0.5611999999999999,0.68948,8.03369,1051.0,0.0,0.0050000000000000044,ETH,2409.58,0.0
2026-08-23T09:36:16.153934+00:00,ETH-28AUG26-2250-P,2410.75,ETH-28AUG26,put,2250.0,2026-08-28T08:00:00+00:00,0.013506218662572565,0.005,0.006,0.005589,0.0055,2410.75,ETH-28AUG26,0.595,-0.14848,0.64927,1722.0,42.0,0.001,ETH,2409.58,823.77
2026-08-23T09:36:16.153934+00:00,ETH-25DEC26-3600-C,2431.98,ETH-25DEC26,call,3600.0,2026-12-25T08:00:00+00:00,0.33931046233129264,0.0245,0.0255,0.025293,0.025,2431.98,ETH-25DEC26,0.5837,0.16324,3.49584,2321.0,16.0,0.0009999999999999974,ETH,2409.58,936.52
2026-08-23T09:36:16.153934+00:00,ETH-24AUG26-2620-P,2408.44,ETH-24AUG26,put,2620.0,2026-08-24T08:00:00+00:00,0.0025548155140441603,0.084,0.0915,0.088095,0.08775,2408.44,ETH-24AUG26,0.7785,-0.98261,0.05229,0.0,0.0,0.007499999999999993,ETH,2409.58,0.0
2026-08-23T09:36:16.153934+00:00,ETH-25JUN27-900-C,2483.71,ETH-25JUN27,call,900.0,2027-06-25T08:00:00+00:00,0.8375993055893352,0.643,0.6535,0.647178,0.64825,2483.71,ETH-25JUN27,0.7095,0.97054,1.52507,0.0,0.0,0.010499999999999954,ETH,2409.58,0.0
2026-08-23T09:36:16.153934+00:00,ETH-25DEC26-9000-C,2431.98,ETH-25DEC26,call,9000.0,2026-12-25T08:00:00+00:00,0.33931046233129264,0.0004,0.0009,0.00058,0.00065,2431.98,ETH-25DEC26,0.7912,0.00455,0.18868,1986.0,0.0,0.0005,ETH,2409.78,0.0
2026-08-23T09:36:16.153934+00:00,ETH-25AUG26-2440-P,2409.17,ETH-25AUG26,put,2440.0,2026-08-25T08:00:00+00:00,0.005292666301176262,0.023,0.0255,0.024786,0.02425,2409.17,ETH-25AUG26,0.6041,-0.5984,0.67805,97.0,41.0,0.0024999999999999988,ETH,2409.78,2243.0
2026-08-23T09:36:16.153934+00:00,ETH-30OCT26-2350-C,2419.67,ETH-30OCT26,call,2350.0,2026-10-30T08:00:00+00:00,0.18599081825189495,0.1055,0.108,0.106545,0.10675,2419.67,ETH-30OCT26,0.5402,0.59678,4.04418,196.0,0.0,0.0025000000000000022,ETH,2409.78,0.0
2026-08-23T09:36:16.153934+00:00,ETH-25SEP26-2700-C,2413.01,ETH-25SEP26,call,2700.0,2026-09-25T08:00:00+00:00,0.0901660407022714,0.026,0.027,0.026465,0.0265,2413.01,ETH-25SEP26,0.557,0.27984,2.44104,9427.0,189.0,0.0010000000000000009,ETH,2409.88,11832.09
2026-08-23T09:36:16.153934+00:00,ETH-25SEP26-11000-C,2413.02,ETH-25SEP26,call,11000.0,2026-09-25T08:00:00+00:00,0.0901660407022714,0.0001,0.0002,0.000142,0.00015,2413.02,ETH-25SEP26,1.5478,0.00123,0.02949,2766.0,0.0,0.0001,ETH,2409.88,0.0
2026-08-23T09:36:16.153934+00:00,ETH-30OCT26-2750-C,2419.67,ETH-30OCT26,call,2750.0,2026-10-30T08:00:00+00:00,0.18599081825189495,0.046,0.0475,0.046949,0.04675,2419.67,ETH-30OCT26,0.5506,0.3384,3.82097,9.0,6.0,0.0015000000000000013,ETH,2409.88,680.55
2026-08-23T09:36:16.153934+00:00,ETH-26AUG26-2260-C,2409.66,ETH-26AUG26,call,2260.0,2026-08-26T08:00:00+00:00,0.008030517088308363,0.061,0.068,0.065149,0.0645,2409.66,ETH-26AUG26,0.6048,0.89001,0.40628,0.0,0.0,0.007000000000000006,ETH,2409.88,0.0
2026-08-23T09:36:16.153934+00:00,ETH-28AUG26-2100-P,2410.75,ETH-28AUG26,put,2100.0,2026-08-28T08:00:00+00:00,0.013506218662572565,0.0011,0.0016,0.001323,0.00135,2410.75,ETH-28AUG26,0.6923,-0.03878,0.23561,2995.0,108.0,0.0005,ETH,2409.88,494.96
2026-08-23T09:36:16.153934+00:00,ETH-25JUN27-3700-C,2483.7,ETH-25JUN27,call,3700.0,2027-06-25T08:00:00+00:00,0.8375993055893352,0.0775,0.081,0.079351,0.07925,2483.7,ETH-25JUN27,0.5681,0.30687,7.99323,0.0,0.0,0.003500000000000003,ETH,2409.88,0.0
2026-08-23T09:36:16.153934+00:00,ETH-25SEP26-10000-P,2413.01,ETH-25SEP26,put,10000.0,2026-09-25T08:00:00+00:00,0.0901660407022714,3.1255,3.171,3.144412,3.14825,2413.01,ETH-25SEP26,1.4627000000000001,-0.99871,0.03079,0.0,0.0,0.04549999999999965,ETH,2409.79,0.0
2026-08-23T09:36:16.153934+00:00,ETH-25DEC26-2200-C,2431.98,ETH-25DEC26,call,2200.0,2026-12-25T08:00:00+00:00,0.33931046233129264,0.174,0.1765,0.174736,0.17525,2431.98,ETH-25DEC26,0.5499,0.68279,5.05304,52421.0,0.0,0.0025000000000000022,ETH,2409.79,0.0
2026-08-23T09:36:16.153934+00:00,ETH-4SEP26-2150-P,2410.67,ETH-4SEP26,put,2150.0,2026-09-04T08:00:00+00:00,0.03267117417249728,0.0065,0.0075,0.006973,0.007,2410.67,ETH-4SEP26,0.5817,-0.1253,0.89946,931.0,204.0,0.001,ETH,2409.88,3238.97
2026-08-23T09:36:16.153934+00:00,ETH-26MAR27-2100-P,2456.67,ETH-26MAR27,put,2100.0,2027-03-26T08:00:00+00:00,0.5884548839603139,0.094,0.0975,0.09564,0.09575,2456.67,ETH-26MAR27,0.5609000000000001,-0.28042,6.35581,707.0,0.0,0.003500000000000003,ETH,2409.79,0.0
2026-08-23T09:36:16.153934+00:00,ETH-11SEP26-2700-C,2411.24,ETH-11SEP26,call,2700.0,2026-09-11T08:00:00+00:00,0.05183612968242198,0.015,0.016,0.015417,0.0155,2411.24,ETH-11SEP26,0.5836,0.21831,1.62018,259.0,21.0,0.0010000000000000009,ETH,2409.79,732.25
2026-08-23T09:36:16.153934+00:00,ETH-27AUG26-2280-C,2410.19,SYN.ETH-27AUG26,call,2280.0,2026-08-27T08:00:00+00:00,0.010768367875440464,0.0555,0.063,0.059835,0.05925,2410.19,SYN.ETH-27AUG26,0.5868,0.83036,0.63252,0.0,0.0,0.0075,ETH,2409.81,0.0
2026-08-23T09:36:16.153934+00:00,ETH-24AUG26-2450-C,2408.45,ETH-24AUG26,call,2450.0,2026-08-24T08:00:00+00:00,0.0025548155140441603,0.0045,0.0055,0.004887,0.005,2408.45,ETH-24AUG26,0.5670000000000001,0.28975,0.4163,351.0,84.0,0.001,ETH,2409.79,1280.72
2026-08-23T09:36:16.153934+00:00,ETH-25AUG26-2620-P,2409.17,ETH-25AUG26,put,2620.0,2026-08-25T08:00:00+00:00,0.005292666301176262,0.086,0.093,0.089109,0.0895,2409.17,ETH-25AUG26,0.7551000000000001,-0.93132,0.23197,0.0,0.0,0.007000000000000006,ETH,2409.81,0.0
2026-08-23T09:36:16.153934+00:00,ETH-25AUG26-2200-C,2409.17,ETH-25AUG26,call,2200.0,2026-08-25T08:00:00+00:00,0.005292666301176262,0.0845,0.0905,0.087364,0.0875,2409.17,ETH-25AUG26,0.6689,0.97188,0.11305,0.0,0.0,0.0059999999999999915,ETH,2409.81,0.0
2026-08-23T09:36:16.153934+00:00,ETH-25AUG26-2480-C,2409.17,ETH-25AUG26,call,2480.0,2026-08-25T08:00:00+00:00,0.005292666301176262,0.007,0.008,0.007415,0.0075,2409.17,ETH-25AUG26,0.6293,0.27675,0.58683,1428.0,1404.0,0.001,ETH,2409.81,35745.35
2026-08-23T09:36:16.153934+00:00,ETH-25JUN27-2500-C,2483.7,ETH-25JUN27,call,2500.0,2027-06-25T08:00:00+00:00,0.8375993055893352,0.197,0.2015,0.199184,0.19925,2483.7,ETH-25JUN27,0.5585,0.59659,8.81171,3092.0,10.0,0.004500000000000004,ETH,2409.81,4589.24
2026-08-23T09:36:16.153934+00:00,ETH-25DEC26-4000-P,2431.98,ETH-25DEC26,put,4000.0,2026-12-25T08:00:00+00:00,0.33931046233129264,0.6485,0.6725,0.660512,0.6605,2431.98,ETH-25DEC26,0.6028,-0.89231,2.62641,223.0,0.0,0.02400000000000002,ETH,2409.81,0.0
2026-08-23T09:36:16.153934+00:00,ETH-25AUG26-2650-P,2409.17,ETH-25AUG26,put,2650.0,2026-08-25T08:00:00+00:00,0.005292666301176262,0.098,0.105,0.101161,0.1015,2409.17,ETH-25AUG26,0.7842,-0.94826,0.18581,0.0,0.0,0.006999999999999992,ETH,2409.81,0.0
2026-08-23T09:36:16.153934+00:00,ETH-25JUN27-800-P,2483.71,ETH-25JUN27,put,800.0,2027-06-25T08:00:00+00:00,0.8375993055893352,0.006,0.008,0.007032,0.007,2483.71,ETH-25JUN27,0.7364,-0.02174,1.18253,689.0,1.0,0.002,ETH,2409.81,19.25
2026-08-23T09:36:16.153934+00:00,ETH-26MAR27-6000-P,2456.67,ETH-26MAR27,put,6000.0,2027-03-26T08:00:00+00:00,0.5884548839603139,1.422,1.475,1.451066,1.4485,2456.67,ETH-26MAR27,0.6219,-0.94851,1.99196,1.0,0.0,0.05300000000000016,ETH,2409.79,0.0
2026-08-23T09:36:16.153934+00:00,ETH-25SEP26-3100-P,2413.01,ETH-25SEP26,put,3100.0,2026-09-25T08:00:00+00:00,0.0901660407022714,0.288,0.2995,0.293197,0.29375,2413.01,ETH-25SEP26,0.6159,-0.8957,1.31263,0.0,0.0,0.01150000000000001,ETH,2409.79,0.0
2026-08-23T09:36:16.153934+00:00,ETH-24AUG26-2520-C,2408.45,ETH-24AUG26,call,2520.0,2026-08-24T08:00:00+00:00,0.0025548155140441603,0.001,0.0014,0.001195,0.0012,2408.45,ETH-24AUG26,0.6382,0.08635,0.19156,102.0,9.0,0.00039999999999999996,ETH,2409.79,48.21
2026-08-23T09:36:16.153934+00:00,ETH-25DEC26-1600-C,2431.98,ETH-25DEC26,call,1600.0,2026-12-25T08:00:00+00:00,0.33931046233129264,0.3545,0.3645,0.358936,0.3595,2431.98,ETH-25DEC26,0.6111,0.91249,2.25542,619.0,0.0,0.010000000000000009,ETH,2409.79,0.0
2026-08-23T09:36:16.153934+00:00,ETH-24AUG26-2100-C,2408.44,ETH-24AUG26,call,2100.0,2026-08-24T08:00:00+00:00,0.0025548155140441603,0.1255,0.131,0.128194,0.12825,2408.44,ETH-24AUG26,1.128,0.99284,0.02419,0.0,0.0,0.005500000000000005,ETH,2409.79,0.0
2026-08-23T09:36:16.153934+00:00,ETH-27AUG26-2540-P,2410.19,SYN.ETH-27AUG26,put,2540.0,2026-08-27T08:00:00+00:00,0.010768367875440464,0.0585,0.066,0.062585,0.06225,2410.19,SYN.ETH-27AUG26,0.6523,-0.76717,0.76521,0.0,0.0,0.0075,ETH,2409.77,0.0
2026-08-23T09:36:16.153934+00:00,ETH-26MAR27-3100-P,2456.67,ETH-26MAR27,put,3100.0,2027-03-26T08:00:00+00:00,0.5884548839603139,0.339,0.359,0.349871,0.349,2456.67,ETH-26MAR27,0.5585,-0.62797,7.13634,99.0,0.0,0.019999999999999962,ETH,2409.77,0.0
2026-08-23T09:36:16.153934+00:00,ETH-30OCT26-4400-C,2419.68,ETH-30OCT26,call,4400.0,2026-10-30T08:00:00+00:00,0.18599081825189495,0.003,0.0041,0.003538,0.00355,2419.68,ETH-30OCT26,0.6976,0.03333,0.77549,21.0,3.0,0.0011000000000000003,ETH,2409.77,27.21
2026-08-23T09:36:16.153934+00:00,ETH-25JUN27-3400-P,2483.7,ETH-25JUN27,put,3400.0,2027-06-25T08:00:00+00:00,0.8375993055893352,0.4555,0.482,0.467621,0.46875,2483.7,ETH-25JUN27,0.5638000000000001,-0.63633,8.54368,2.0,0.0,0.026499999999999968,ETH,2409.77,0.0
2026-08-23T09:36:16.153934+00:00,ETH-24AUG26-2640-C,2408.44,ETH-24AUG26,call,2640.0,2026-08-24T08:00:00+00:00,0.0025548155140441603,0.0001,0.0004,0.000203,0.00025,2408.44,ETH-24AUG26,0.8205,0.01483,0.04563,445.0,445.0,0.00030000000000000003,ETH,2409.77,617.87
2026-08-23T09:36:16.153934+00:00,ETH-25AUG26-2750-C,2409.17,ETH-25AUG26,call,2750.0,2026-08-25T08:00:00+00:00,0.005292666301176262,0.0004,0.0007,0.000557,0.00055,2409.17,ETH-25AUG26,0.8991,0.02381,0.09835,0.0,0.0,0.0003,ETH,2409.78,0.0
2026-08-23T09:36:16.153934+00:00,ETH-26AUG26-2440-C,2409.64,ETH-26AUG26,call,2440.0,2026-08-26T08:00:00+00:00,0.008030517088308363,0.0155,0.0165,0.016122,0.016,2409.64,ETH-26AUG26,0.6073,0.42545,0.84688,83.0,83.0,0.0010000000000000009,ETH,2409.77,3178.62
2026-08-23T09:36:16.153934+00:00,ETH-25SEP26-13000-P,2413.01,ETH-25SEP26,put,13000.0,2026-09-25T08:00:00+00:00,0.0901660407022714,4.351,4.425,4.387609,4.388,2413.01,ETH-25SEP26,1.5911000000000002,-0.99949,0.01321,0.0,0.0,0.07399999999999984,ETH,2409.78,0.0
2026-08-23T09:36:16.153934+00:00,ETH-25DEC26-3800-P,2431.98,ETH-25DEC26,put,3800.0,2026-12-25T08:00:00+00:00,0.33931046233129264,0.568,0.5935,0.582347,0.58075,2431.98,ETH-25DEC26,0.5931000000000001,-0.86793,3.03305,26.0,0.0,0.025500000000000078,ETH,2409.78,0.0
2026-08-23T09:36:16.153934+00:00,ETH-25JUN27-1200-P,2483.7,ETH-25JUN27,put,1200.0,2027-06-25T08:00:00+00:00,0.8375993055893352,0.0195,0.022,0.020786,0.02075,2483.7,ETH-25JUN27,0.6437,-0.06295,2.81456,522.0,1.0,0.0024999999999999988,ETH,2409.78,48.14
2026-08-23T09:36:16.153934+00:00,ETH-26AUG26-2460-P,2409.64,ETH-26AUG26,put,2460.0,2026-08-26T08:00:00+00:00,0.008030517088308363,0.0325,0.035,0.034249,0.03375,2409.64,ETH-26AUG26,0.6162,-0.63017,0.81568,0.0,0.0,0.0025000000000000022,ETH,2409.78,0.0
2026-08-23T09:36:16.153934+00:00,ETH-25SEP26-1300-P,2413.02,ETH-25SEP26,put,1300.0,2026-09-25T08:00:00+00:00,0.0901660407022714,0.0008,0.001,0.000767,0.0009,2413.02,ETH-25SEP26,0.903,-0.00776,0.15476,3441.0,1.0,0.00019999999999999998,ETH,2409.79,2.18
2026-08-23T09:36:16.153934+00:00,ETH-4SEP26-2700-C,2410.66,ETH-4SEP26,call,2700.0,2026-09-04T08:00:00+00:00,0.03267117417249728,0.0095,0.0105,0.009953,0.01,2410.66,ETH-4SEP26,0.6263000000000001,0.17435,1.12171,656.0,26.0,0.0010000000000000009,ETH,2409.78,723.81
2026-08-23T09:36:16.153934+00:00,ETH-24AUG26-2240-P,2408.44,ETH-24AUG26,put,2240.0,2026-08-24T08:00:00+00:00,0.0025548155140441603,0.0001,0.0003,0.00019,0.0002,2408.44,ETH-24AUG26,0.6709,-0.01473,0.04537,236.0,22.0,0.00019999999999999998,ETH,2409.78,42.12
2026-08-23T09:36:16.153934+00:00,ETH-25SEP26-1400-C,2413.01,ETH-25SEP26,call,1400.0,2026-09-25T08:00:00+00:00,0.0901660407022714,0.418,0.424,0.420847,0.421,2413.01,ETH-25SEP26,0.8392000000000001,0.98897,0.21063,1550.0,0.0,0.006000000000000005,ETH,2409.79,0.0
2026-08-23T09:36:16.153934+00:00,ETH-28AUG26-1450-P,2410.74,ETH-28AUG26,put,1450.0,2026-08-28T08:00:00+00:00,0.013506218662572565,,,0.000146,,2410.74,ETH-28AUG26,1.6105,-0.00245,0.02134,8378.0,40.0,,ETH,2409.79,9.64
2026-08-23T09:36:16.153934+00:00,ETH-28AUG26-3200-P,2410.74,ETH-28AUG26,put,3200.0,2026-08-28T08:00:00+00:00,0.013506218662572565,0.3235,0.3325,0.32763,0.328,2410.74,ETH-28AUG26,0.9639,-0.99314,0.05368,3.0,0.0,0.009000000000000008,ETH,2409.79,0.0
2026-08-23T09:36:16.153934+00:00,ETH-24AUG26-2700-P,2408.44,ETH-24AUG26,put,2700.0,2026-08-24T08:00:00+00:00,0.0025548155140441603,0.117,0.1245,0.121198,0.12075,2408.44,ETH-24AUG26,0.929,-0.99171,0.02752,0.0,0.0,0.007499999999999993,ETH,2409.79,0.0
2026-08-23T09:36:16.153934+00:00,ETH-26MAR27-5500-C,2456.66,ETH-26MAR27,call,5500.0,2027-03-26T08:00:00+00:00,0.5884548839603139,0.011,0.013,0.01189,0.012,2456.66,ETH-26MAR27,0.6099,0.06865,2.49564,2768.0,8.0,0.002,ETH,2409.79,217.55
2026-08-23T09:36:16.153934+00:00,ETH-25SEP26-3600-P,2413.01,ETH-25SEP26,put,3600.0,2026-09-25T08:00:00+00:00,0.0901660407022714,0.4875,0.5015,0.49491,0.4945,2413.01,ETH-25SEP26,0.7069,-0.96202,0.59928,907.0,1.0,0.013999999999999957,ETH,2409.9,1188.96
2026-08-23T09:36:16.153934+00:00,ETH-25AUG26-2600-C,2409.17,ETH-25AUG26,call,2600.0,2026-08-25T08:00:00+00:00,0.005292666301176262,0.0017,0.0021,0.001923,0.0019,2409.17,ETH-25AUG26,0.7351000000000001,0.08323,0.26854,561.0,8.0,0.00039999999999999996,ETH,2409.9,81.23
2026-08-23T09:36:16.153934+00:00,ETH-25AUG26-2480-P,2409.17,ETH-25AUG26,put,2480.0,2026-08-25T08:00:00+00:00,0.005292666301176262,0.035,0.038,0.036837,0.0365,2409.17,ETH-25AUG26,0.6293,-0.72296,0.58716,112.0,0.0,0.0029999999999999957,ETH,2409.9,0.0
2026-08-23T09:36:16.153934+00:00,ETH-25SEP26-1300-C,2413.02,ETH-25SEP26,call,1300.0,2026-09-25T08:00:00+00:00,0.0901660407022714,0.46,0.465,0.462011,0.4625,2413.02,ETH-25SEP26,0.903,0.99225,0.15469,68.0,0.0,0.0050000000000000044,ETH,2409.94,0.0
2026-08-23T09:36:16.153934+00:00,ETH-25DEC26-1600-P,2431.97,ETH-25DEC26,put,1600.0,2026-12-25T08:00:00+00:00,0.33931046233129264,0.016,0.0175,0.016842,0.01675,2431.97,ETH-25DEC26,0.6111,-0.08751,2.25539,7673.0,20.0,0.0015000000000000013,ETH,2409.9,818.26
2026-08-23T09:36:16.153934+00:00,ETH-30OCT26-2050-P,2419.68,ETH-30OCT26,put,2050.0,2026-10-30T08:00:00+00:00,0.18599081825189495,0.0315,0.0325,0.032055,0.032,2419.68,ETH-30OCT26,0.5573,-0.20796,2.99379,225.0,0.0,0.0010000000000000009,ETH,2409.94,0.0
2026-08-23T09:36:16.153934+00:00,ETH-11SEP26-2650-C,2411.24,ETH-11SEP26,call,2650.0,2026-09-11T08:00:00+00:00,0.05183612968242198,0.018,0.0195,0.018706,0.01875,2411.24,ETH-11SEP26,0.5722999999999999,0.25706,1.77225,15.0,12.0,0.0015000000000000013,ETH,2409.94,515.39
2026-08-23T09:36:16.153934+00:00,ETH-25AUG26-2320-C,2409.17,ETH-25AUG26,call,2320.0,2026-08-25T08:00:00+00:00,0.005292666301176262,0.037,0.0445,0.041209,0.04075,2409.17,ETH-25AUG26,0.5805,0.8253,0.45148,36.0,36.0,0.0075,ETH,2409.94,3088.24
2026-08-23T09:36:16.153934+00:00,ETH-25DEC26-11000-C,2431.98,ETH-25DEC26,call,11000.0,2026-12-25T08:00:00+00:00,0.33931046233129264,0.0002,0.0005,0.000342,0.00035,2431.98,ETH-25DEC26,0.8523000000000001,0.00264,0.11563,2144.0,0.0,0.00030000000000000003,ETH,2409.94,0.0
2026-08-23T09:36:16.153934+00:00,ETH-25JUN27-1000-C,2483.71,ETH-25JUN27,call,1000.0,2027-06-25T08:00:00+00:00,0.8375993055893352,0.6055,0.617,0.609931,0.61125,2483.71,ETH-25JUN27,0.6846,0.96134,1.90745,70.0,0.0,0.011499999999999955,ETH,2409.94,0.0
2026-08-23T09:36:16.153934+00:00,ETH-25JUN27-2300-P,2483.71,ETH-25JUN27,put,2300.0,2027-06-25T08:00:00+00:00,0.8375993055893352,0.1575,0.1625,0.159935,0.16,2483.71,ETH-25JUN27,0.5598,-0.34164,8.35462,315.0,0.0,0.0050000000000000044,ETH,2409.94,0.0
2026-08-23T09:36:16.153934+00:00,ETH-24AUG26-2100-P,2408.44,ETH-24AUG26,put,2100.0,2026-08-24T08:00:00+00:00,0.0025548155140441603,0.0001,0.0002,0.000143,0.00015,2408.44,ETH-24AUG26,1.128,-0.00715,0.02415,34.0,7.0,0.0001,ETH,2409.94,1.7
2026-08-23T09:36:16.153934+00:00,ETH-30OCT26-2400-P,2419.68,ETH-30OCT26,put,2400.0,2026-10-30T08:00:00+00:00,0.18599081825189495,0.0875,0.089,0.088356,0.08825,2419.68,ETH-30OCT26,0.5401,-0.43822,4.11814,196.0,0.0,0.0015000000000000013,ETH,2410.02,0.0
2026-08-23T09:36:16.153934+00:00,ETH-4SEP26-2900-P,2410.66,ETH-4SEP26,put,2900.0,2026-09-04T08:00:00+00:00,0.03267117417249728,0.203,0.211,0.207413,0.207,2410.66,ETH-4SEP26,0.6983,-0.91827,0.65909,0.0,0.0,0.00799999999999998,ETH,2410.02,0.0
2026-08-23T09:36:16.153934+00:00,ETH-28AUG26-1500-P,2410.74,ETH-28AUG26,put,1500.0,2026-08-28T08:00:00+00:00,0.013506218662572565,,,0.000146,,2410.74,ETH-28AUG26,1.5112999999999999,-0.0026,0.02256,5671.0,16.0,,ETH,2410.02,3.88
2026-08-23T09:36:16.153934+00:00,ETH-28AUG26-2100-C,2410.75,ETH-28AUG26,call,2100.0,2026-08-28T08:00:00+00:00,0.013506218662572565,0.127,0.133,0.130221,0.13,2410.75,ETH-28AUG26,0.6923,0.96128,0.23535,8226.0,150.0,0.006000000000000005,ETH,2410.02,47133.41
2026-08-23T09:36:16.153934+00:00,ETH-25JUN27-3200-P,2483.71,ETH-25JUN27,put,3200.0,2027-06-25T08:00:00+00:00,0.8375993055893352,0.385,0.416,0.40318,0.4005,2483.71,ETH-25JUN27,0.5616,-0.59251,8.83471,0.0,0.0,0.030999999999999972,ETH,2410.02,0.0
2026-08-23T09:36:16.153934+00:00,ETH-25SEP26-9000-C,2413.01,ETH-25SEP26,call,9000.0,2026-09-25T08:00:00+00:00,0.0901660407022714,,0.0005,0.000142,,2413.01,ETH-25SEP26,1.3675,0.00136,0.03244,1519.0,0.0,,ETH,2409.99,0.0
2026-08-23T09:36:16.153934+00:00,ETH-11SEP26-2000-P,2411.26,ETH-11SEP26,put,2000.0,2026-09-11T08:00:00+00:00,0.05183612968242198,0.0048,0.0055,0.005171,0.00515,2411.26,ETH-11SEP26,0.6088,-0.07707,0.79433,2548.0,1066.0,0.0007000000000000001,ETH,2409.99,13480.1
2026-08-23T09:36:16.153934+00:00,ETH-25AUG26-2280-C,2409.17,ETH-25AUG26,call,2280.0,2026-08-25T08:00:00+00:00,0.005292666301176262,0.0525,0.059,0.055705,0.05575,2409.17,ETH-25AUG26,0.6012,0.90384,0.29902,57.0,0.0,0.006499999999999999,ETH,2409.99,0.0
2026-08-23T09:36:16.153934+00:00,ETH-25JUN27-2100-C,2483.71,ETH-25JUN27,call,2100.0,2027-06-25T08:00:00+00:00,0.8375993055893352,0.273,0.2785,0.274542,0.27575,2483.71,ETH-25JUN27,0.5631,0.72076,7.65142,142.0,0.0,0.005500000000000005,ETH,2409.99,0.0
2026-08-23T09:36:16.153934+00:00,ETH-30OCT26-1950-C,2419.67,ETH-30OCT26,call,1950.0,2026-10-30T08:00:00+00:00,0.18599081825189495,0.212,0.222,0.21713,0.217,2419.67,ETH-30OCT26,0.5703,0.84229,2.5183,690.0,0.0,0.010000000000000009,ETH,2409.99,0.0
2026-08-23T09:36:16.153934+00:00,ETH-30OCT26-2650-P,2419.67,ETH-30OCT26,put,2650.0,2026-10-30T08:00:00+00:00,0.18599081825189495,0.1475,0.16,0.153011,0.15375,2419.67,ETH-30OCT26,0.5461,-0.60428,4.02501,0.0,0.0,0.012500000000000011,ETH,2409.99,0.0
2026-08-23T09:36:16.153934+00:00,ETH-26MAR27-3200-C,2456.67,ETH-26MAR27,call,3200.0,2027-03-26T08:00:00+00:00,0.5884548839603139,0.078,0.081,0.079719,0.0795,2456.67,ETH-26MAR27,0.5600999999999999,0.34529,6.95426,4275.0,0.0,0.0030000000000000027,ETH,2409.99,0.0
2026-08-23T09:36:16.153934+00:00,ETH-24AUG26-2360-C,2408.44,ETH-24AUG26,call,2360.0,2026-08-24T08:00:00+00:00,0.0025548155140441603,0.0225,0.025,0.023287,0.02375,2408.44,ETH-24AUG26,0.5141,0.79724,0.34345,897.0,30.0,0.0025000000000000022,ETH,2409.99,1069.78
2026-08-23T09:36:16.153934+00:00,ETH-30OCT26-4200-P,2419.68,ETH-30OCT26,put,4200.0,2026-10-30T08:00:00+00:00,0.18599081825189495,0.7295,0.7525,0.74019,0.741,2419.68,ETH-30OCT26,0.6787000000000001,-0.95856,0.92662,0.0,0.0,0.02299999999999991,ETH,2409.99,0.0
2026-08-23T09:36:16.153934+00:00,ETH-25DEC26-3800-C,2431.98,ETH-25DEC26,call,3800.0,2026-12-25T08:00:00+00:00,0.33931046233129264,0.019,0.0205,0.019822,0.01975,2431.98,ETH-25DEC26,0.5931000000000001,0.13212,3.03421,2811.0,10.0,0.0015000000000000013,ETH,2409.99,509.12
2026-08-23T09:36:16.153934+00:00,ETH-25SEP26-4800-C,2413.02,ETH-25SEP26,call,4800.0,2026-09-25T08:00:00+00:00,0.0901660407022714,0.0003,0.0008,0.000503,0.00055,2413.02,ETH-25SEP26,0.8737,0.00645,0.13158,1689.0,0.0,0.0005,ETH,2410.0,0.0
2026-08-23T09:36:16.153934+00:00,ETH-26MAR27-2400-C,2456.67,ETH-26MAR27,call,2400.0,2027-03-26T08:00:00+00:00,0.5884548839603139,0.177,0.1805,0.178514,0.17875,2456.67,ETH-26MAR27,0.5552,0.60641,7.25825,2109.0,1.0,0.003500000000000003,ETH,2409.99,447.82
2026-08-23T09:36:16.153934+00:00,ETH-26MAR27-4000-P,2456.67,ETH-26MAR27,put,4000.0,2027-03-26T08:00:00+00:00,0.5884548839603139,0.648,0.681,0.666102,0.6645,2456.67,ETH-26MAR27,0.5759000000000001,-0.81061,5.11037,0.0,0.0,0.03300000000000003,ETH,2410.0,0.0
2026-08-23T09:36:16.153934+00:00,ETH-24AUG26-2650-C,2408.44,ETH-24AUG26,call,2650.0,2026-08-24T08:00:00+00:00,0.0025548155140441603,0.0001,0.0003,0.000184,0.0002,2408.44,ETH-24AUG26,0.8382,0.01329,0.04151,25.0,31.0,0.00019999999999999998,ETH,2410.0,35.89
2026-08-23T09:36:16.153934+00:00,ETH-11SEP26-2550-C,2411.24,ETH-11SEP26,call,2550.0,2026-09-11T08:00:00+00:00,0.05183612968242198,0.0275,0.0285,0.028024,0.028,2411.24,ETH-11SEP26,0.5546,0.35484,2.04597,124.0,10.0,0.0010000000000000009,ETH,2410.0,636.09
2026-08-23T09:36:16.153934+00:00,ETH-4SEP26-2900-C,2410.66,ETH-4SEP26,call,2900.0,2026-09-04T08:00:00+00:00,0.03267117417249728,0.0042,0.0046,0.004397,0.0044,2410.66,ETH-4SEP26,0.6983,0.08176,0.65925,315.0,1.0,0.0004000000000000002,ETH,2410.0,13.38
2026-08-23T09:36:16.153934+00:00,ETH-28AUG26-1200-P,2410.75,ETH-28AUG26,put,1200.0,2026-08-28T08:00:00+00:00,0.013506218662572565,,0.0048,4.1e-05,,2410.75,ETH-28AUG26,1.9306,-0.00063,0.00616,7106.0,41.0,,ETH,2410.15,16.81
2026-08-23T09:36:16.153934+00:00,ETH-4SEP26-2300-P,2410.67,ETH-4SEP26,put,2300.0,2026-09-04T08:00:00+00:00,0.03267117417249728,0.0195,0.021,0.020312,0.02025,2410.67,ETH-4SEP26,0.5543,-0.29857,1.51346,845.0,25.0,0.0015000000000000013,ETH,2410.0,1467.21
2026-08-23T09:36:16.153934+00:00,ETH-25SEP26-4000-C,2413.01,ETH-25SEP26,call,4000.0,2026-09-25T08:00:00+00:00,0.0901660407022714,0.0014,0.0019,0.001628,0.00165,2413.01,ETH-25SEP26,0.7783,0.0206,0.36015,21323.0,31.0,0.0005,ETH,2410.15,127.76
2026-08-23T09:36:16.153934+00:00,ETH-25SEP26-2100-C,2413.01,ETH-25SEP26,call,2100.0,2026-09-25T08:00:00+00:00,0.0901660407022714,0.147,0.15,0.148116,0.1485,2413.01,ETH-25SEP26,0.5655,0.81809,1.91616,5794.0,2.0,0.0030000000000000027,ETH,2410.15,716.46
2026-08-23T09:36:16.153934+00:00,ETH-25DEC26-2500-P,2431.98,ETH-25DEC26,put,2500.0,2026-12-25T08:00:00+00:00,0.33931046233129264,0.1415,0.1445,0.143059,0.143,2431.98,ETH-25DEC26,0.5478999999999999,-0.46965,5.64234,1348.0,3.0,0.0030000000000000027,ETH,2410.15,1014.9
2026-08-23T09:36:16.153934+00:00,ETH-4SEP26-2100-P,2410.66,ETH-4SEP26,put,2100.0,2026-09-04T08:00:00+00:00,0.03267117417249728,0.0046,0.005,0.00486,0.0048,2410.66,ETH-4SEP26,0.599,-0.09059,0.71187,1414.0,60.0,0.0004000000000000002,ETH,2410.15,833.33
2026-08-23T09:36:16.153934+00:00,ETH-4SEP26-2080-P,2410.67,ETH-4SEP26,put,2080.0,2026-09-04T08:00:00+00:00,0.03267117417249728,0.004,0.0045,0.004233,0.00425,2410.67,ETH-4SEP26,0.6076,-0.07967,0.64653,769.0,10.0,0.0004999999999999996,ETH,2410.15,96.99
2026-08-23T09:36:16.153934+00:00,ETH-26MAR27-4600-P,2456.67,ETH-26MAR27,put,4600.0,2027-03-26T08:00:00+00:00,0.5884548839603139,0.874,0.9135,0.895325,0.89375,2456.67,ETH-26MAR27,0.5887,-0.87705,3.83974,0.0,0.0,0.03949999999999998,ETH,2410.15,0.0
2026-08-23T09:36:16.153934+00:00,ETH-26MAR27-3700-P,2456.67,ETH-26MAR27,put,3700.0,2027-03-26T08:00:00+00:00,0.5884548839603139,0.541,0.57,0.555653,0.5555,2456.67,ETH-26MAR27,0.5693,-0.7632,5.82353,0.0,0.0,0.028999999999999915,ETH,2410.25,0.0
2026-08-23T09:36:16.153934+00:00,ETH-26MAR27-2200-P,2456.67,ETH-26MAR27,put,2200.0,2027-03-26T08:00:00+00:00,0.5884548839603139,0.112,0.1155,0.113695,0.11375,2456.67,ETH-26MAR27,0.5581,-0.31767,6.72786,1732.0,0.0,0.003500000000000003,ETH,2410.25,0.0
2026-08-23T09:36:16.153934+00:00,ETH-25DEC26-1700-C,2431.98,ETH-25DEC26,call,1700.0,2026-12-25T08:00:00+00:00,0.33931046233129264,0.3185,0.3295,0.32334,0.324,2431.98,ETH-25DEC26,0.5941,0.88693,2.72036,365.0,0.0,0.01100000000000001,ETH,2410.25,0.0
2026-08-23T09:36:16.153934+00:00,ETH-30OCT26-2850-P,2419.67,ETH-30OCT26,put,2850.0,2026-10-30T08:00:00+00:00,0.18599081825189495,0.209,0.223,0.215997,0.216,2419.67,ETH-30OCT26,0.5559000000000001,-0.71181,3.56614,0.0,0.0,0.014000000000000012,ETH,2410.25,0.0
2026-08-23T09:36:16.153934+00:00,ETH-26AUG26-2800-C,2409.66,ETH-26AUG26,call,2800.0,2026-08-26T08:00:00+00:00,0.008030517088308363,0.0007,0.0011,0.000856,0.0009,2409.66,ETH-26AUG26,0.8679000000000001,0.03019,0.14784,31.0,11.0,0.0004000000000000001,ETH,2410.25,22.9
2026-08-23T09:36:16.153934+00:00,ETH-24AUG26-2150-C,2408.44,ETH-24AUG26,call,2150.0,2026-08-24T08:00:00+00:00,0.0025548155140441603,0.1045,0.11,0.107472,0.10725,2408.44,ETH-24AUG26,0.9842,0.99006,0.03226,0.0,0.0,0.005500000000000005,ETH,2410.25,0.0
2026-08-23T09:36:16.153934+00:00,ETH-25SEP26-6000-C,2413.02,ETH-25SEP26,call,6000.0,2026-09-25T08:00:00+00:00,0.0901660407022714,0.0001,0.0004,0.000217,0.00025,2413.02,ETH-25SEP26,1.0269,0.00258,0.05792,3173.0,0.0,0.00030000000000000003,ETH,2410.19,0.0
2026-08-23T09:36:16.153934+00:00,ETH-28AUG26-1650-P,2410.75,ETH-28AUG26,put,1650.0,2026-08-28T08:00:00+00:00,0.013506218662572565,,0.0002,0.000147,,2410.75,ETH-28AUG26,1.2308,-0.00318,0.02701,7111.0,26.0,,ETH,2410.19,11.25
2026-08-23T09:36:16.153934+00:00,ETH-4SEP26-1700-P,2410.66,ETH-4SEP26,put,1700.0,2026-09-04T08:00:00+00:00,0.03267117417249728,0.0005,0.0008,0.000691,0.00065,2410.66,ETH-4SEP26,0.8855,-0.01158,0.13213,845.0,10.0,0.00030000000000000003,ETH,2410.19,24.1
2026-08-23T09:36:16.153934+00:00,ETH-4SEP26-2050-C,2410.67,ETH-4SEP26,call,2050.0,2026-09-04T08:00:00+00:00,0.03267117417249728,0.15,0.156,0.153047,0.153,2410.67,ETH-4SEP26,0.6214,0.93419,0.5585,0.0,0.0,0.006000000000000005,ETH,2410.19,0.0
2026-08-23T09:36:16.153934+00:00,ETH-27AUG26-2340-C,2410.19,SYN.ETH-27AUG26,call,2340.0,2026-08-27T08:00:00+00:00,0.010768367875440464,0.037,0.045,0.041154,0.041,2410.19,SYN.ETH-27AUG26,0.5838,0.70341,0.86586,0.0,0.0,0.008,ETH,2410.2,0.0
2026-08-23T09:36:16.153934+00:00,ETH-30OCT26-4400-P,2419.68,ETH-30OCT26,put,4400.0,2026-10-30T08:00:00+00:00,0.18599081825189495,0.81,0.8335,0.821968,0.82175,2419.68,ETH-30OCT26,0.6976,-0.96663,0.77641,0.0,0.0,0.023499999999999965,ETH,2410.2,0.0
2026-08-23T09:36:16.153934+00:00,ETH-25DEC26-3200-P,2431.97,ETH-25DEC26,put,3200.0,2026-12-25T08:00:00+00:00,0.33931046233129264,0.3475,0.3675,0.358591,0.3575,2431.97,ETH-25DEC26,0.5669,-0.74629,4.54274,261.0,0.0,0.020000000000000018,ETH,2410.2,0.0
2026-08-23T09:36:16.153934+00:00,ETH-25SEP26-5400-C,2413.01,ETH-25SEP26,call,5400.0,2026-09-25T08:00:00+00:00,0.0901660407022714,0.0003,0.0006,0.000377,0.00045,2413.01,ETH-25SEP26,0.9717,0.0045,0.09554,1730.0,0.0,0.0003,ETH,2410.2,0.0
2026-08-23T09:36:16.153934+00:00,ETH-25DEC26-10000-C,2431.98,ETH-25DEC26,call,10000.0,2026-12-25T08:00:00+00:00,0.33931046233129264,0.0003,0.0007,0.000514,0.0005,2431.98,ETH-25DEC26,0.8355,0.00388,0.1636,1703.0,0.0,0.0004,ETH,2410.2,0.0
2026-08-23T09:36:16.153934+00:00,ETH-25AUG26-2650-C,2409.17,ETH-25AUG26,call,2650.0,2026-08-25T08:00:00+00:00,0.005292666301176262,0.001,0.0014,0.001175,0.0012,2409.17,ETH-25AUG26,0.7842,0.05206,0.18676,19.0,3.0,0.00039999999999999996,ETH,2410.2,12.54
2026-08-23T09:36:16.153934+00:00,ETH-27AUG26-2400-C,2410.19,SYN.ETH-27AUG26,call,2400.0,2026-08-27T08:00:00+00:00,0.010768367875440464,0.0255,0.0275,0.026696,0.0265,2410.19,SYN.ETH-27AUG26,0.5937,0.546,0.99204,50.0,50.0,0.0020000000000000018,ETH,2410.2,2933.32
2026-08-23T09:36:16.153934+00:00,ETH-28AUG26-3000-C,2410.74,ETH-28AUG26,call,3000.0,2026-08-28T08:00:00+00:00,0.013506218662572565,0.0005,0.001,0.000726,0.00075,2410.74,ETH-28AUG26,0.8916,0.02018,0.13682,3034.0,118.0,0.0005,ETH,2410.2,301.41
2026-08-23T09:36:16.153934+00:00,ETH-25JUN27-2800-C,2483.71,ETH-25JUN27,call,2800.0,2027-06-25T08:00:00+00:00,0.8375993055893352,0.1545,0.1595,0.156891,0.157,2483.71,ETH-25JUN27,0.5589999999999999,0.50944,9.07812,1200.0,0.0,0.0050000000000000044,ETH,2410.2,0.0
2026-08-23T09:36:16.153934+00:00,ETH-25SEP26-4800-P,2413.01,ETH-25SEP26,put,4800.0,2026-09-25T08:00:00+00:00,0.0901660407022714,0.9795,1.0005,0.989753,0.99,2413.01,ETH-25SEP26,0.8737,-0.99354,0.13169,110.0,0.0,0.020999999999999908,ETH,2410.2,0.0
2026-08-23T09:36:16.153934+00:00,ETH-28AUG26-2150-C,2410.75,ETH-28AUG26,call,2150.0,2026-08-28T08:00:00+00:00,0.013506218662572565,0.107,0.113,0.110173,0.11,2410.75,ETH-28AUG26,0.6496999999999999,0.94146,0.32768,5199.0,1.0,0.006000000000000005,ETH,2410.2,234.94
2026-08-23T09:36:16.153934+00:00,ETH-25DEC26-5500-P,2431.98,ETH-25DEC26,put,5500.0,2026-12-25T08:00:00+00:00,0.33931046233129264,1.2435,1.2855,1.265565,1.2645,2431.98,ETH-25DEC26,0.6744,-0.96974,0.97195,0.0,0.0,0.04200000000000004,ETH,2410.2,0.0
2026-08-23T09:36:16.153934+00:00,ETH-30OCT26-2350-P,2419.68,ETH-30OCT26,put,2350.0,2026-10-30T08:00:00+00:00,0.18599081825189495,0.077,0.0785,0.077752,0.07775,2419.68,ETH-30OCT26,0.5402,-0.40277,4.04412,6.0,3.0,0.0015000000000000013,ETH,2410.2,557.03
2026-08-23T09:36:16.153934+00:00,ETH-25SEP26-4200-C,2413.02,ETH-25SEP26,call,4200.0,2026-09-25T08:00:00+00:00,0.0901660407022714,0.001,0.0015,0.001224,0.00125,2413.02,ETH-25SEP26,0.8081,0.01547,0.28216,2641.0,0.0,0.0005,ETH,2410.2,0.0
2026-08-23T09:36:16.153934+00:00,ETH-28AUG26-2500-P,2410.75,ETH-28AUG26,put,2500.0,2026-08-28T08:00:00+00:00,0.013506218662572565,0.0495,0.0525,0.051323,0.051,2410.75,ETH-28AUG26,0.6173,-0.67629,1.0077,131.0,0.0,0.0029999999999999957,ETH,2410.2,0.0
2026-08-23T09:36:16.153934+00:00,ETH-30OCT26-2700-P,2419.67,ETH-30OCT26,put,2700.0,2026-10-30T08:00:00+00:00,0.18599081825189495,0.162,0.174,0.167882,0.168,2419.67,ETH-30OCT26,0.5477000000000001,-0.63368,3.93224,0.0,0.0,0.011999999999999983,ETH,2410.2,0.0
2026-08-23T09:36:16.153934+00:00,ETH-25AUG26-2680-P,2409.16,ETH-25AUG26,put,2680.0,2026-08-25T08:00:00+00:00,0.005292666301176262,0.1095,0.1175,0.113337,0.1135,2409.16,ETH-25AUG26,0.8149,-0.96002,0.15104,0.0,0.0,0.007999999999999993,ETH,2410.2,0.0
2026-08-23T09:36:16.153934+00:00,ETH-25JUN27-2800-P,2483.71,ETH-25JUN27,put,2800.0,2027-06-25T08:00:00+00:00,0.8375993055893352,0.269,0.295,0.284242,0.282,2483.71,ETH-25JUN27,0.5589999999999999,-0.49056,9.07812,666.0,0.0,0.025999999999999968,ETH,2410.2,0.0
2026-08-23T09:36:16.153934+00:00,ETH-27AUG26-2560-C,2410.19,SYN.ETH-27AUG26,call,2560.0,2026-08-27T08:00:00+00:00,0.010768367875440464,0.0065,0.008,0.007239,0.00725,2410.19,SYN.ETH-27AUG26,0.6563,0.2013,0.70356,0.0,0.0,0.0015000000000000005,ETH,2410.16,0.0
2026-08-23T09:36:16.153934+00:00,ETH-28AUG26-1850-P,2410.74,ETH-28AUG26,put,1850.0,2026-08-28T08:00:00+00:00,0.013506218662572565,0.0001,0.0005,0.000247,0.0003,2410.74,ETH-28AUG26,0.9419,-0.00653,0.05141,3807.0,3.0,0.0004,ETH,2410.16,2.89
2026-08-23T09:36:16.153934+00:00,ETH-25JUN27-2600-C,2483.71,ETH-25JUN27,call,2600.0,2027-06-25T08:00:00+00:00,0.8375993055893352,0.1815,0.1865,0.184013,0.184,2483.71,ETH-25JUN27,0.5588000000000001,0.56683,8.95295,321.0,0.0,0.0050000000000000044,ETH,2410.2,0.0
2026-08-23T09:36:16.153934+00:00,ETH-24AUG26-2300-P,2408.44,ETH-24AUG26,put,2300.0,2026-08-24T08:00:00+00:00,0.0025548155140441603,0.0005,0.0006,0.000568,0.00055,2408.44,ETH-24AUG26,0.5536,-0.04506,0.11546,1062.0,577.0,9.999999999999994e-05,ETH,2410.2,2841.99
2026-08-23T09:36:16.153934+00:00,ETH-25JUN27-1300-P,2483.71,ETH-25JUN27,put,1300.0,2027-06-25T08:00:00+00:00,0.8375993055893352,0.025,0.0275,0.026259,0.02625,2483.71,ETH-25JUN27,0.6271,-0.07833,3.33026,1674.0,0.0,0.0024999999999999988,ETH,2410.2,0.0
2026-08-23T09:36:16.153934+00:00,ETH-26MAR27-5500-P,2456.67,ETH-26MAR27,put,5500.0,2027-03-26T08:00:00+00:00,0.5884548839603139,1.228,1.273,1.250738,1.2505,2456.67,ETH-26MAR27,0.6099,-0.9313,2.49745,0.0,0.0,0.04499999999999993,ETH,2410.16,0.0
2026-08-23T09:36:16.153934+00:00,ETH-26MAR27-1400-C,2456.67,ETH-26MAR27,call,1400.0,2027-03-26T08:00:00+00:00,0.5884548839603139,0.4455,0.457,0.451592,0.45125,2456.67,ETH-26MAR27,0.6286,0.92059,2.78986,31.0,0.0,0.01150000000000001,ETH,2410.16,0.0
2026-08-23T09:36:16.153934+00:00,ETH-26AUG26-2400-C,2409.66,ETH-26AUG26,call,2400.0,2026-08-26T08:00:00+00:00,0.008030517088308363,0.0225,0.024,0.023333,0.02325,2409.66,ETH-26AUG26,0.5963,0.54792,0.8559,50.0,50.0,0.0015000000000000013,ETH,2410.16,2257.28
2026-08-23T09:36:16.153934+00:00,ETH-25AUG26-2460-C,2409.17,ETH-25AUG26,call,2460.0,2026-08-25T08:00:00+00:00,0.005292666301176262,0.009,0.01,0.009423,0.0095,2409.17,ETH-25AUG26,0.6156,0.33639,0.63987,308.0,195.0,0.0010000000000000009,ETH,2410.16,5407.4
2026-08-23T09:36:16.153934+00:00,ETH-25JUN27-2400-P,2483.7,ETH-25JUN27,put,2400.0,2027-06-25T08:00:00+00:00,0.8375993055893352,0.18,0.1845,0.182171,0.18225,2483.7,ETH-25JUN27,0.5590999999999999,-0.37264,8.61378,23.0,5.0,0.004500000000000004,ETH,2410.16,2134.82
2026-08-23T09:36:16.153934+00:00,ETH-25AUG26-2680-C,2409.17,ETH-25AUG26,call,2680.0,2026-08-25T08:00:00+00:00,0.005292666301176262,0.0008,0.0011,0.000897,0.00095,2409.17,ETH-25AUG26,0.8149,0.03996,0.15099,63.0,10.0,0.00030000000000000003,ETH,2410.16,45.81
2026-08-23T09:36:16.153934+00:00,ETH-25SEP26-1950-C,2413.01,ETH-25SEP26,call,1950.0,2026-09-25T08:00:00+00:00,0.0901660407022714,0.1975,0.2055,0.201379,0.2015,2413.01,ETH-25SEP26,0.602,0.89864,1.28587,3752.0,0.0,0.00799999999999998,ETH,2410.16,0.0
2026-08-23T09:36:16.153934+00:00,ETH-4SEP26-1900-C,2410.66,ETH-4SEP26,call,1900.0,2026-09-04T08:00:00+00:00,0.03267117417249728,0.2105,0.216,0.213249,0.21325,2410.66,ETH-4SEP26,0.7114,0.97281,0.27354,408.0,0.0,0.005500000000000005,ETH,2410.16,0.0
2026-08-23T09:36:16.153934+00:00,ETH-28AUG26-2080-C,2410.74,ETH-28AUG26,call,2080.0,2026-08-28T08:00:00+00:00,0.013506218662572565,0.1355,0.141,0.138352,0.13825,2410.74,ETH-28AUG26,0.7136,0.96658,0.20863,42.0,0.0,0.005499999999999977,ETH,2410.31,0.0
2026-08-23T09:36:16.153934+00:00,ETH-26MAR27-1600-P,2456.67,ETH-26MAR27,put,1600.0,2027-03-26T08:00:00+00:00,0.5884548839603139,0.0335,0.0355,0.034355,0.0345,2456.67,ETH-26MAR27,0.5981000000000001,-0.1218,3.81486,1255.0,14.0,0.001999999999999995,ETH,2410.31,1179.24
2026-08-23T09:36:16.153934+00:00,ETH-25JUN27-3800-C,2483.71,ETH-25JUN27,call,3800.0,2027-06-25T08:00:00+00:00,0.8375993055893352,0.072,0.076,0.073996,0.074,2483.71,ETH-25JUN27,0.5698,0.29036,7.79664,428.0,0.0,0.0040000000000000036,ETH,2410.31,0.0
2026-08-23T09:36:16.153934+00:00,ETH-27AUG26-2380-P,2410.19,SYN.ETH-27AUG26,put,2380.0,2026-08-27T08:00:00+00:00,0.010768367875440464,0.0175,0.0195,0.018475,0.0185,2410.19,SYN.ETH-27AUG26,0.5889,-0.40016,0.96725,0.0,0.0,0.0019999999999999983,ETH,2410.16,0.0
2026-08-23T09:36:16.153934+00:00,ETH-25AUG26-2380-C,2409.17,ETH-25AUG26,call,2380.0,2026-08-25T08:00:00+00:00,0.005292666301176262,0.022,0.0245,0.02348,0.02325,2409.17,ETH-25AUG26,0.5806,0.63112,0.66147,232.0,190.0,0.0025000000000000022,ETH,2410.31,8347.89
2026-08-23T09:36:16.153934+00:00,ETH-30OCT26-1500-C,2419.68,ETH-30OCT26,call,1500.0,2026-10-30T08:00:00+00:00,0.18599081825189495,0.381,0.3885,0.385179,0.38475,2419.68,ETH-30OCT26,0.6838,0.96184,0.86668,50.0,0.0,0.007500000000000007,ETH,2410.53,0.0
2026-08-23T09:36:16.153934+00:00,ETH-25DEC26-2500-C,2431.98,ETH-25DEC26,call,2500.0,2026-12-25T08:00:00+00:00,0.33931046233129264,0.114,0.1165,0.115082,0.11525,2431.98,ETH-25DEC26,0.5478999999999999,0.53062,5.64323,28043.0,0.0,0.0025000000000000022,ETH,2410.53,0.0
2026-08-23T09:36:16.153934+00:00,ETH-25AUG26-2800-C,2409.17,ETH-25AUG26,call,2800.0,2026-08-25T08:00:00+00:00,0.005292666301176262,0.0003,0.0005,0.000367,0.0004,2409.17,ETH-25AUG26,0.9422,0.016,0.07019,146.0,152.0,0.00020000000000000004,ETH,2410.53,317.21
2026-08-23T09:36:16.153934+00:00,ETH-25AUG26-2260-C,2409.17,ETH-25AUG26,call,2260.0,2026-08-25T08:00:00+00:00,0.005292666301176262,0.0605,0.0665,0.063403,0.0635,2409.17,ETH-25AUG26,0.6163000000000001,0.92976,0.23611,0.0,0.0,0.006000000000000005,ETH,2410.53,0.0
2026-08-23T09:36:16.153934+00:00,ETH-30OCT26-2800-C,2419.67,ETH-30OCT26,call,2800.0,2026-10-30T08:00:00+00:00,0.18599081825189495,0.0415,0.0425,0.042312,0.042,2419.67,ETH-30OCT26,0.5531,0.31287,3.70176,2878.0,37.0,0.0010000000000000009,ETH,2410.64,3610.39
2026-08-23T09:36:16.153934+00:00,ETH-26MAR27-2400-P,2456.67,ETH-26MAR27,put,2400.0,2027-03-26T08:00:00+00:00,0.5884548839603139,0.1535,0.1575,0.155466,0.1555,2456.67,ETH-26MAR27,0.5552,-0.39328,7.25914,424.0,7.0,0.0040000000000000036,ETH,2410.64,2519.98
2026-08-23T09:36:16.153934+00:00,ETH-28AUG26-2350-C,2410.75,ETH-28AUG26,call,2350.0,2026-08-28T08:00:00+00:00,0.013506218662572565,0.04,0.0425,0.041239,0.04125,2410.75,ETH-28AUG26,0.585,0.66523,1.02162,6411.0,1645.0,0.0025000000000000022,ETH,2410.64,171488.4
2026-08-23T09:36:16.153934+00:00,ETH-28AUG26-1550-P,2410.74,ETH-28AUG26,put,1550.0,2026-08-28T08:00:00+00:00,0.013506218662572565,,0.0003,0.000146,,2410.74,ETH-28AUG26,1.4150999999999998,-0.00276,0.02382,6122.0,11.0,,ETH,2410.64,2.67
2026-08-23T09:36:16.153934+00:00,ETH-27AUG26-2150-C,2410.19,SYN.ETH-27AUG26,call,2150.0,2026-08-27T08:00:00+00:00,0.010768367875440464,0.106,0.112,0.10923,0.109,2410.19,SYN.ETH-27AUG26,0.6598,0.95696,0.22892,0.0,0.0,0.006000000000000005,ETH,2410.64,0.0
2026-08-23T09:36:16.153934+00:00,ETH-26AUG26-2420-C,2409.66,ETH-26AUG26,call,2420.0,2026-08-26T08:00:00+00:00,0.008030517088308363,0.0185,0.02,0.019476,0.01925,2409.66,ETH-26AUG26,0.6018,0.4884,0.862,51.0,51.0,0.0015000000000000013,ETH,2410.84,2069.81
2026-08-23T09:36:16.153934+00:00,ETH-27AUG26-2260-P,2410.19,SYN.ETH-27AUG26,put,2260.0,2026-08-27T08:00:00+00:00,0.010768367875440464,0.0041,0.005,0.004534,0.00455,2410.19,SYN.ETH-27AUG26,0.5924,-0.13686,0.54867,0.0,0.0,0.0008999999999999998,ETH,2410.84,0.0
2026-08-23T09:36:16.153934+00:00,ETH-25DEC26-6000-P,2431.98,ETH-25DEC26,put,6000.0,2026-12-25T08:00:00+00:00,0.33931046233129264,1.449,1.4915,1.469992,1.47025,2431.98,ETH-25DEC26,0.6962999999999999,-0.97826,0.73719,0.0,0.0,0.04249999999999998,ETH,2410.85,0.0
2026-08-23T09:36:16.153934+00:00,ETH-26AUG26-2360-P,2409.66,ETH-26AUG26,put,2360.0,2026-08-26T08:00:00+00:00,0.008030517088308363,0.0115,0.0125,0.012111,0.012,2409.66,ETH-26AUG26,0.5882000000000001,-0.32797,0.78089,0.0,0.0,0.0010000000000000009,ETH,2410.85,0.0
2026-08-23T09:36:16.153934+00:00,ETH-26MAR27-1700-C,2456.67,ETH-26MAR27,call,1700.0,2027-03-26T08:00:00+00:00,0.5884548839603139,0.3445,0.357,0.350969,0.35075,2456.67,ETH-26MAR27,0.5867,0.8522,4.35833,1261.0,0.0,0.012500000000000011,ETH,2410.85,0.0
2026-08-23T09:36:16.153934+00:00,ETH-25AUG26-2150-C,2409.17,ETH-25AUG26,call,2150.0,2026-08-25T08:00:00+00:00,0.005292666301176262,0.105,0.111,0.108002,0.108,2409.17,ETH-25AUG26,0.779,0.98026,0.084,0.0,0.0,0.006000000000000005,ETH,2410.82,0.0
2026-08-23T09:36:16.153934+00:00,ETH-25JUN27-1000-P,2483.71,ETH-25JUN27,put,1000.0,2027-06-25T08:00:00+00:00,0.8375993055893352,0.0115,0.0135,0.012556,0.0125,2483.71,ETH-25JUN27,0.6846,-0.03859,1.90581,4751.0,0.0,0.002,ETH,2410.85,0.0
2026-08-23T09:36:16.153934+00:00,ETH-27AUG26-2420-C,2410.19,SYN.ETH-27AUG26,call,2420.0,2026-08-27T08:00:00+00:00,0.010768367875440464,0.022,0.0235,0.02277,0.02275,2410.19,SYN.ETH-27AUG26,0.5967,0.49293,0.9986,0.0,0.0,0.0015000000000000013,ETH,2410.85,0.0
2026-08-23T09:36:16.153934+00:00,ETH-25AUG26-2640-C,2409.17,ETH-25AUG26,call,2640.0,2026-08-25T08:00:00+00:00,0.005292666301176262,0.0011,0.0015,0.001294,0.0013,2409.17,ETH-25AUG26,0.7746,0.05756,0.20225,0.0,0.0,0.00039999999999999996,ETH,2410.82,0.0
2026-08-23T09:36:16.153934+00:00,ETH-25AUG26-2150-P,2409.16,ETH-25AUG26,put,2150.0,2026-08-25T08:00:00+00:00,0.005292666301176262,0.0003,0.0006,0.000445,0.00045,2409.16,ETH-25AUG26,0.779,-0.01973,0.08396,18.0,5.0,0.0003,ETH,2410.82,5.08
2026-08-23T09:36:16.153934+00:00,ETH-25SEP26-2000-P,2413.02,ETH-25SEP26,put,2000.0,2026-09-25T08:00:00+00:00,0.0901660407022714,0.0115,0.0125,0.011863,0.012,2413.02,ETH-25SEP26,0.5884,-0.12343,1.48074,17536.0,333.0,0.0010000000000000009,ETH,2410.8,9749.12
2026-08-23T09:36:16.153934+00:00,ETH-28AUG26-3800-P,2410.74,ETH-28AUG26,put,3800.0,2026-08-28T08:00:00+00:00,0.013506218662572565,0.572,0.5815,0.576324,0.57675,2410.74,ETH-28AUG26,1.2531,-0.99883,0.01091,0.0,0.0,0.009500000000000064,ETH,2410.8,0.0
2026-08-23T09:36:16.153934+00:00,ETH-30OCT26-2550-P,2419.68,ETH-30OCT26,put,2550.0,2026-10-30T08:00:00+00:00,0.18599081825189495,0.123,0.126,0.124963,0.1245,2419.68,ETH-30OCT26,0.5424,-0.54048,4.14839,5.0,0.0,0.0030000000000000027,ETH,2410.8,0.0
2026-08-23T09:36:16.153934+00:00,ETH-25DEC26-1400-P,2431.98,ETH-25DEC26,put,1400.0,2026-12-25T08:00:00+00:00,0.33931046233129264,0.009,0.01,0.009514,0.0095,2431.98,ETH-25DEC26,0.6561,-0.05062,1.47792,13697.0,0.0,0.0010000000000000009,ETH,2410.8,0.0
2026-08-23T09:36:16.153934+00:00,ETH-30OCT26-2000-C,2419.68,ETH-30OCT26,call,2000.0,2026-10-30T08:00:00+00:00,0.18599081825189495,0.1955,0.2055,0.200649,0.2005,2419.68,ETH-30OCT26,0.5633,0.8188,2.75414,759.0,0.0,0.009999999999999981,ETH,2410.8,0.0
2026-08-23T09:36:16.153934+00:00,ETH-28AUG26-1900-C,2410.74,ETH-28AUG26,call,1900.0,2026-08-28T08:00:00+00:00,0.013506218662572565,0.2095,0.215,0.212224,0.21225,2410.74,ETH-28AUG26,0.8996,0.9904,0.07218,7438.0,0.0,0.005500000000000005,ETH,2410.8,0.0
2026-08-23T09:36:16.153934+00:00,ETH-24AUG26-2560-P,2408.44,ETH-24AUG26,put,2560.0,2026-08-24T08:00:00+00:00,0.0025548155140441603,0.0595,0.067,0.063547,0.06325,2408.44,ETH-24AUG26,0.6949,-0.95408,0.11726,20.0,0.0,0.007500000000000007,ETH,2410.8,0.0
2026-08-23T09:36:16.153934+00:00,ETH-4SEP26-1800-C,2410.66,ETH-4SEP26,call,1800.0,2026-09-04T08:00:00+00:00,0.03267117417249728,0.2515,0.257,0.254246,0.25425,2410.66,ETH-4SEP26,0.7925,0.98299,0.18406,32.0,0.0,0.005500000000000005,ETH,2410.8,0.0
2026-08-23T09:36:16.153934+00:00,ETH-28AUG26-2300-C,2410.75,ETH-28AUG26,call,2300.0,2026-08-28T08:00:00+00:00,0.013506218662572565,0.0545,0.057,0.055563,0.05575,2410.75,ETH-28AUG26,0.5851,0.77087,0.84986,6072.0,30.0,0.0025000000000000022,ETH,2410.41,4818.98
2026-08-23T09:36:16.153934+00:00,ETH-25SEP26-1800-P,2413.01,ETH-25SEP26,put,1800.0,2026-09-25T08:00:00+00:00,0.0901660407022714,0.0047,0.0055,0.005139,0.0051,2413.01,ETH-25SEP26,0.6567000000000001,-0.0558,0.81651,11472.0,8.0,0.0007999999999999995,ETH,2410.41,92.22
2026-08-23T09:36:16.153934+00:00,ETH-27AUG26-2440-P,2410.19,SYN.ETH-27AUG26,put,2440.0,2026-08-27T08:00:00+00:00,0.010768367875440464,0.029,0.036,0.031854,0.0325,2410.19,SYN.ETH-27AUG26,0.6047,-0.55742,0.9886,0.0,0.0,0.006999999999999996,ETH,2410.8,0.0
2026-08-23T09:36:16.153934+00:00,ETH-25DEC26-9000-P,2431.98,ETH-25DEC26,put,9000.0,2026-12-25T08:00:00+00:00,0.33931046233129264,2.6605,2.735,2.701299,2.69775,2431.98,ETH-25DEC26,0.7912,-0.99544,0.18896,0.0,0.0,0.07450000000000001,ETH,2410.41,0.0
2026-08-23T09:36:16.153934+00:00,ETH-25JUN27-3600-C,2483.7,ETH-25JUN27,call,3600.0,2027-06-25T08:00:00+00:00,0.8375993055893352,0.083,0.087,0.085209,0.085,2483.7,ETH-25JUN27,0.5665,0.3249,8.19359,116.0,0.0,0.00399999999999999,ETH,2410.41,0.0
2026-08-23T09:36:16.153934+00:00,ETH-24AUG26-2800-P,2408.44,ETH-24AUG26,put,2800.0,2026-08-24T08:00:00+00:00,0.0025548155140441603,0.159,0.1665,0.162626,0.16275,2408.44,ETH-24AUG26,1.0224,-0.99794,0.00793,0.0,0.0,0.007500000000000007,ETH,2410.41,0.0
2026-08-23T09:36:16.153934+00:00,ETH-25JUN27-4800-C,2483.71,ETH-25JUN27,call,4800.0,2027-06-25T08:00:00+00:00,0.8375993055893352,0.037,0.0405,0.038661,0.03875,2483.71,ETH-25JUN27,0.5865,0.16945,5.74874,20.0,20.0,0.003500000000000003,ETH,2410.41,1938.52
2026-08-23T09:36:16.153934+00:00,ETH-25JUN27-4000-P,2483.71,ETH-25JUN27,put,4000.0,2027-06-25T08:00:00+00:00,0.8375993055893352,0.66,0.69,0.674916,0.675,2483.71,ETH-25JUN27,0.5729,-0.7403,7.37967,0.0,0.0,0.029999999999999916,ETH,2410.41,0.0
2026-08-23T09:36:16.153934+00:00,ETH-25DEC26-4600-C,2431.98,ETH-25DEC26,call,4600.0,2026-12-25T08:00:00+00:00,0.33931046233129264,0.008,0.009,0.008499,0.0085,2431.98,ETH-25DEC26,0.6322,0.06139,1.72036,10851.0,0.0,0.0009999999999999992,ETH,2410.28,0.0
2026-08-23T09:36:16.153934+00:00,ETH-24AUG26-2700-C,2408.44,ETH-24AUG26,call,2700.0,2026-08-24T08:00:00+00:00,0.0025548155140441603,,0.0001,0.000121,,2408.44,ETH-24AUG26,0.929,0.00851,0.02816,1238.0,637.0,,ETH,2410.41,317.22
2026-08-23T09:36:16.153934+00:00,ETH-25DEC26-10000-P,2431.98,ETH-25DEC26,put,10000.0,2026-12-25T08:00:00+00:00,0.33931046233129264,3.065,3.1535,3.112423,3.10925,2431.98,ETH-25DEC26,0.8355,-0.99612,0.16367,0.0,0.0,0.08850000000000025,ETH,2410.28,0.0
2026-08-23T09:36:16.153934+00:00,ETH-24AUG26-2220-C,2408.45,ETH-24AUG26,call,2220.0,2026-08-24T08:00:00+00:00,0.0025548155140441603,0.0755,0.0815,0.078409,0.0785,2408.45,ETH-24AUG26,0.7383,0.98716,0.04029,0.0,0.0,0.006000000000000005,ETH,2410.28,0.0
2026-08-23T09:36:16.153934+00:00,ETH-4SEP26-1950-C,2410.67,ETH-4SEP26,call,1950.0,2026-09-04T08:00:00+00:00,0.03267117417249728,0.1905,0.196,0.192947,0.19325,2410.67,ETH-4SEP26,0.6779999999999999,0.9641,0.34424,3308.0,0.0,0.005500000000000005,ETH,2410.28,0.0
2026-08-23T09:36:16.153934+00:00,ETH-26MAR27-3200-P,2456.67,ETH-26MAR27,put,3200.0,2027-03-26T08:00:00+00:00,0.5884548839603139,0.371,0.3945,0.382322,0.38275,2456.67,ETH-26MAR27,0.5600999999999999,-0.65444,6.95858,20.0,0.0,0.02350000000000002,ETH,2410.57,0.0
2026-08-23T09:36:16.153934+00:00,ETH-26MAR27-2600-C,2456.67,ETH-26MAR27,call,2600.0,2027-03-26T08:00:00+00:00,0.5884548839603139,0.1445,0.1475,0.145739,0.146,2456.67,ETH-26MAR27,0.5545,0.53286,7.50455,3209.0,0.0,0.0030000000000000027,ETH,2410.57,0.0
2026-08-23T09:36:16.153934+00:00,ETH-25SEP26-2500-C,2413.02,ETH-25SEP26,call,2500.0,2026-09-25T08:00:00+00:00,0.0901660407022714,0.049,0.05,0.049554,0.0495,2413.02,ETH-25SEP26,0.5418999999999999,0.44869,2.8709,25255.0,99.0,0.0010000000000000009,ETH,2410.57,12229.05
2026-08-23T09:36:16.153934+00:00,ETH-25JUN27-3300-P,2483.71,ETH-25JUN27,put,3300.0,2027-06-25T08:00:00+00:00,0.8375993055893352,0.423,0.448,0.435021,0.4355,2483.71,ETH-25JUN27,0.5626,-0.61485,8.70328,0.0,0.0,0.025000000000000022,ETH,2410.57,0.0
2026-08-23T09:36:16.153934+00:00,ETH-25AUG26-2000-C,2409.16,ETH-25AUG26,call,2000.0,2026-08-25T08:00:00+00:00,0.005292666301176262,0.1675,0.1725,0.169987,0.17,2409.16,ETH-25AUG26,1.0473000000000001,0.99374,0.03097,0.0,0.0,0.004999999999999977,ETH,2410.57,0.0
2026-08-23T09:36:16.153934+00:00,ETH-24AUG26-2680-C,2408.44,ETH-24AUG26,call,2680.0,2026-08-24T08:00:00+00:00,0.0025548155140441603,,0.0003,0.000156,,2408.44,ETH-24AUG26,0.9034,0.0108,0.03468,4.0,3.0,,ETH,2410.57,0.96
2026-08-23T09:36:16.153934+00:00,ETH-25JUN27-1700-C,2483.7,ETH-25JUN27,call,1700.0,2027-06-25T08:00:00+00:00,0.8375993055893352,0.369,0.386,0.375788,0.3775,2483.7,ETH-25JUN27,0.5807,0.83668,5.61326,673.0,0.0,0.017000000000000015,ETH,2410.57,0.0
2026-08-23T09:36:16.153934+00:00,ETH-25SEP26-2600-P,2413.01,ETH-25SEP26,put,2600.0,2026-09-25T08:00:00+00:00,0.0901660407022714,0.112,0.115,0.113747,0.1135,2413.01,ETH-25SEP26,0.5478999999999999,-0.64212,2.70922,8432.0,1.0,0.0030000000000000027,ETH,2410.57,264.34
2026-08-23T09:36:16.153934+00:00,ETH-11SEP26-2600-C,2411.24,ETH-11SEP26,call,2600.0,2026-09-11T08:00:00+00:00,0.05183612968242198,0.0225,0.0235,0.022871,0.023,2411.24,ETH-11SEP26,0.5629,0.30333,1.92099,962.0,0.0,0.0010000000000000009,ETH,2410.57,0.0
2026-08-23T09:36:16.153934+00:00,ETH-26AUG26-2400-P,2409.64,ETH-26AUG26,put,2400.0,2026-08-26T08:00:00+00:00,0.008030517088308363,0.0185,0.02,0.019332,0.01925,2409.64,ETH-26AUG26,0.5963,-0.4511,0.85576,0.0,0.0,0.0015000000000000013,ETH,2410.57,0.0
2026-08-23T09:36:16.153934+00:00,ETH-28AUG26-2300-P,2410.74,ETH-28AUG26,put,2300.0,2026-08-28T08:00:00+00:00,0.013506218662572565,0.009,0.01,0.009627,0.0095,2410.74,ETH-28AUG26,0.5851,-0.22886,0.84934,3144.0,624.0,0.0010000000000000009,ETH,2410.55,17793.6
2026-08-23T09:36:16.153934+00:00,ETH-26AUG26-2500-C,2409.64,ETH-26AUG26,call,2500.0,2026-08-26T08:00:00+00:00,0.008030517088308363,0.0085,0.0095,0.009046,0.009,2409.64,ETH-26AUG26,0.6349,0.27438,0.72034,31.0,32.0,0.0009999999999999992,ETH,2410.55,839.38
2026-08-23T09:36:16.153934+00:00,ETH-30OCT26-3800-C,2419.67,ETH-30OCT26,call,3800.0,2026-10-30T08:00:00+00:00,0.18599081825189495,0.007,0.0075,0.007367,0.00725,2419.67,ETH-30OCT26,0.6403,0.06792,1.37101,17.0,1.0,0.0004999999999999996,ETH,2410.55,18.17
2026-08-23T09:36:16.153934+00:00,ETH-24AUG26-2480-C,2408.45,ETH-24AUG26,call,2480.0,2026-08-24T08:00:00+00:00,0.0025548155140441603,0.0023,0.003,0.00263,0.00265,2408.45,ETH-24AUG26,0.5922,0.17737,0.3164,79.0,41.0,0.0007000000000000001,ETH,2410.55,303.15
2026-08-23T09:36:16.153934+00:00,ETH-25DEC26-8000-C,2431.97,ETH-25DEC26,call,8000.0,2026-12-25T08:00:00+00:00,0.33931046233129264,0.0005,0.0013,0.00081,0.0009,2431.97,ETH-25DEC26,0.7548999999999999,0.0065,0.25912,2874.0,0.0,0.0007999999999999999,ETH,2410.55,0.0
2026-08-23T09:36:16.153934+00:00,ETH-25JUN27-1600-P,2483.71,ETH-25JUN27,put,1600.0,2027-06-25T08:00:00+00:00,0.8375993055893352,0.048,0.0515,0.049636,0.04975,2483.71,ETH-25JUN27,0.5895,-0.13854,5.03119,1977.0,6.0,0.003499999999999996,ETH,2410.55,697.31
2026-08-23T09:36:16.153934+00:00,ETH-30OCT26-1900-C,2419.67,ETH-30OCT26,call,1900.0,2026-10-30T08:00:00+00:00,0.18599081825189495,0.229,0.239,0.234233,0.234,2419.67,ETH-30OCT26,0.5786,0.86396,2.28108,275.0,0.0,0.009999999999999981,ETH,2410.58,0.0
2026-08-23T09:36:16.153934+00:00,ETH-25DEC26-3100-P,2431.97,ETH-25DEC26,put,3100.0,2026-12-25T08:00:00+00:00,0.33931046233129264,0.313,0.3325,0.323768,0.32275,2431.97,ETH-25DEC26,0.5631,-0.71639,4.8054,0.0,0.0,0.019500000000000017,ETH,2410.58,0.0
2026-08-23T09:36:16.153934+00:00,ETH-27AUG26-2340-P,2410.19,SYN.ETH-27AUG26,put,2340.0,2026-08-27T08:00:00+00:00,0.010768367875440464,0.0115,0.013,0.012032,0.01225,2410.19,SYN.ETH-27AUG26,0.5838,-0.29559,0.86467,1.0,1.0,0.0014999999999999996,ETH,2410.55,27.79
2026-08-23T09:36:16.153934+00:00,ETH-27AUG26-2500-P,2410.19,SYN.ETH-27AUG26,put,2500.0,2026-08-27T08:00:00+00:00,0.010768367875440464,0.0455,0.0525,0.049085,0.049,2410.19,SYN.ETH-27AUG26,0.6255,-0.69605,0.87567,0.0,0.0,0.006999999999999999,ETH,2410.58,0.0
2026-08-23T09:36:16.153934+00:00,ETH-26MAR27-3800-C,2456.67,ETH-26MAR27,call,3800.0,2027-03-26T08:00:00+00:00,0.5884548839603139,0.0435,0.0465,0.04519,0.045,2456.67,ETH-26MAR27,0.5714,0.21982,5.58616,1282.0,10.0,0.0030000000000000027,ETH,2410.58,1099.35
2026-08-23T09:36:16.153934+00:00,ETH-28AUG26-2450-P,2410.74,ETH-28AUG26,put,2450.0,2026-08-28T08:00:00+00:00,0.013506218662572565,0.0365,0.038,0.037218,0.03725,2410.74,ETH-28AUG26,0.6062,-0.57062,1.10142,566.0,0.0,0.0015000000000000013,ETH,2410.58,0.0
2026-08-23T09:36:16.153934+00:00,ETH-27AUG26-2460-P,2410.19,SYN.ETH-27AUG26,put,2460.0,2026-08-27T08:00:00+00:00,0.010768367875440464,0.0335,0.042,0.037315,0.03775,2410.19,SYN.ETH-27AUG26,0.6138,-0.60704,0.96268,0.0,0.0,0.0085,ETH,2410.58,0.0
2026-08-23T09:36:16.153934+00:00,ETH-25AUG26-2460-P,2409.17,ETH-25AUG26,put,2460.0,2026-08-25T08:00:00+00:00,0.005292666301176262,0.0285,0.0315,0.030543,0.03,2409.17,ETH-25AUG26,0.6156,-0.66247,0.6408,16.0,0.0,0.002999999999999999,ETH,2410.62,0.0
2026-08-23T09:36:16.153934+00:00,ETH-27AUG26-2440-C,2410.19,SYN.ETH-27AUG26,call,2440.0,2026-08-27T08:00:00+00:00,0.010768367875440464,0.0185,0.0205,0.019486,0.0195,2410.19,SYN.ETH-27AUG26,0.6047,0.44182,0.98821,1.0,1.0,0.0020000000000000018,ETH,2410.58,55.7
2026-08-23T09:36:16.153934+00:00,ETH-26MAR27-2300-P,2456.67,ETH-26MAR27,put,2300.0,2027-03-26T08:00:00+00:00,0.5884548839603139,0.132,0.1355,0.133639,0.13375,2456.67,ETH-26MAR27,0.5562,-0.3554,7.03005,1594.0,0.0,0.003500000000000003,ETH,2410.62,0.0
2026-08-23T09:36:16.153934+00:00,ETH-26MAR27-1700-P,2456.67,ETH-26MAR27,put,1700.0,2027-03-26T08:00:00+00:00,0.5884548839603139,0.042,0.044,0.042977,0.043,2456.67,ETH-26MAR27,0.5867,-0.14786,4.359,1576.0,0.0,0.001999999999999995,ETH,2410.62,0.0
2026-08-23T09:36:16.153934+00:00,ETH-26AUG26-2320-P,2409.66,ETH-26AUG26,put,2320.0,2026-08-26T08:00:00+00:00,0.008030517088308363,0.0065,0.0075,0.007195,0.007,2409.66,ETH-26AUG26,0.5898,-0.22218,0.64355,4.0,4.0,0.001,ETH,2410.62,81.55
2026-08-23T09:36:16.153934+00:00,ETH-26AUG26-2280-C,2409.64,ETH-26AUG26,call,2280.0,2026-08-26T08:00:00+00:00,0.008030517088308363,0.0545,0.061,0.057876,0.05775,2409.64,ETH-26AUG26,0.5976,0.85994,0.48117,0.0,0.0,0.006499999999999999,ETH,2410.85,0.0
2026-08-23T09:36:16.153934+00:00,ETH-24AUG26-2000-C,2408.44,ETH-24AUG26,call,2000.0,2026-08-24T08:00:00+00:00,0.0025548155140441603,0.167,0.1725,0.169632,0.16975,2408.44,ETH-24AUG26,1.3451,0.99735,0.00995,0.0,0.0,0.005499999999999977,ETH,2410.62,0.0
2026-08-23T09:36:16.153934+00:00,ETH-25DEC26-1900-C,2431.98,ETH-25DEC26,call,1900.0,2026-12-25T08:00:00+00:00,0.33931046233129264,0.2515,0.264,0.257248,0.25775,2431.98,ETH-25DEC26,0.5690999999999999,0.81967,3.72752,3876.0,1.0,0.012500000000000011,ETH,2410.85,640.84
2026-08-23T09:36:16.153934+00:00,ETH-11SEP26-2250-P,2411.26,ETH-11SEP26,put,2250.0,2026-09-11T08:00:00+00:00,0.05183612968242198,0.021,0.022,0.021543,0.0215,2411.26,ETH-11SEP26,0.5438000000000001,-0.26397,1.79731,481.0,7.0,0.0009999999999999974,ETH,2410.85,346.49
2026-08-23T09:36:16.153934+00:00,ETH-30OCT26-2450-C,2419.68,ETH-30OCT26,call,2450.0,2026-10-30T08:00:00+00:00,0.18599081825189495,0.086,0.088,0.08711,0.087,2419.68,ETH-30OCT26,0.5396,0.52729,4.16006,243.0,22.0,0.0020000000000000018,ETH,2410.85,4778.86
2026-08-23T09:36:16.153934+00:00,ETH-4SEP26-1750-P,2410.66,ETH-4SEP26,put,1750.0,2026-09-04T08:00:00+00:00,0.03267117417249728,0.0005,0.001,0.000754,0.00075,2410.66,ETH-4SEP26,0.8306,-0.0133,0.14896,730.0,0.0,0.0005,ETH,2410.85,0.0
2026-08-23T09:36:16.153934+00:00,ETH-11SEP26-2800-P,2411.24,ETH-11SEP26,put,2800.0,2026-09-11T08:00:00+00:00,0.05183612968242198,0.1665,0.1765,0.171729,0.1715,2411.24,ETH-11SEP26,0.6053999999999999,-0.84291,1.32179,0.0,0.0,0.009999999999999981,ETH,2410.88,0.0
2026-08-23T09:36:16.153934+00:00,ETH-24AUG26-2160-P,2408.44,ETH-24AUG26,put,2160.0,2026-08-24T08:00:00+00:00,0.0025548155140441603,0.0001,0.0003,0.000181,0.0002,2408.44,ETH-24AUG26,0.9490999999999999,-0.0102,0.033,14.0,2.0,0.00019999999999999998,ETH,2410.85,0.97
2026-08-23T09:36:16.153934+00:00,ETH-28AUG26-1750-C,2410.74,ETH-28AUG26,call,1750.0,2026-08-28T08:00:00+00:00,0.013506218662572565,0.272,0.2765,0.274299,0.27425,2410.74,ETH-28AUG26,1.1015000000000001,0.995,0.04053,4111.0,0.0,0.004500000000000004,ETH,2410.88,0.0
2026-08-23T09:36:16.153934+00:00,ETH-11SEP26-2200-P,2411.26,ETH-11SEP26,put,2200.0,2026-09-11T08:00:00+00:00,0.05183612968242198,0.0155,0.0165,0.016155,0.016,2411.26,ETH-11SEP26,0.5498,-0.21037,1.58621,1348.0,0.0,0.0010000000000000009,ETH,2410.88,0.0
2026-08-23T09:36:16.153934+00:00,ETH-24AUG26-2800-C,2408.44,ETH-24AUG26,call,2800.0,2026-08-24T08:00:00+00:00,0.0025548155140441603,,0.0002,2.8e-05,,2408.44,ETH-24AUG26,1.0224,0.00206,0.00794,1184.0,1476.0,,ETH,2410.88,1644.31
2026-08-23T09:36:16.153934+00:00,ETH-30OCT26-1750-P,2419.68,ETH-30OCT26,put,1750.0,2026-10-30T08:00:00+00:00,0.18599081825189495,0.011,0.012,0.011578,0.0115,2419.68,ETH-30OCT26,0.6082,-0.08514,1.62845,776.0,0.0,0.0010000000000000009,ETH,2410.89,0.0
2026-08-23T09:36:16.153934+00:00,ETH-25DEC26-1700-P,2431.97,ETH-25DEC26,put,1700.0,2026-12-25T08:00:00+00:00,0.33931046233129264,0.0215,0.023,0.022365,0.02225,2431.97,ETH-25DEC26,0.5941,-0.11291,2.71838,13997.0,1.0,0.0015000000000000013,ETH,2410.89,54.46
2026-08-23T09:36:16.153934+00:00,ETH-30OCT26-1500-P,2419.68,ETH-30OCT26,put,1500.0,2026-10-30T08:00:00+00:00,0.18599081825189495,0.0047,0.0055,0.005098,0.0051,2419.68,ETH-30OCT26,0.6838,-0.03811,0.86598,2617.0,2.0,0.0007999999999999995,ETH,2410.89,26.49
2026-08-23T09:36:16.153934+00:00,ETH-27AUG26-2360-P,2410.19,SYN.ETH-27AUG26,put,2360.0,2026-08-27T08:00:00+00:00,0.010768367875440464,0.014,0.016,0.014987,0.015,2410.19,SYN.ETH-27AUG26,0.5852,-0.34565,0.9232,0.0,0.0,0.002,ETH,2410.88,0.0
2026-08-23T09:36:16.153934+00:00,ETH-4SEP26-2200-P,2410.66,ETH-4SEP26,put,2200.0,2026-09-04T08:00:00+00:00,0.03267117417249728,0.0095,0.0105,0.010013,0.01,2410.66,ETH-4SEP26,0.5678,-0.16986,1.10371,1583.0,1.0,0.0010000000000000009,ETH,2410.89,25.37
2026-08-23T09:36:16.153934+00:00,ETH-25AUG26-2440-C,2409.17,ETH-25AUG26,call,2440.0,2026-08-25T08:00:00+00:00,0.005292666301176262,0.0115,0.0125,0.011968,0.012,2409.17,ETH-25AUG26,0.6041,0.40529,0.67991,97.0,98.0,0.0010000000000000009,ETH,2410.86,2535.1
2026-08-23T09:36:16.153934+00:00,ETH-11SEP26-2000-C,2411.26,ETH-11SEP26,call,2000.0,2026-09-11T08:00:00+00:00,0.05183612968242198,0.1715,0.1795,0.175722,0.1755,2411.26,ETH-11SEP26,0.6088,0.92327,0.79197,4.0,0.0,0.00799999999999998,ETH,2410.89,0.0
2026-08-23T09:36:16.153934+00:00,ETH-25DEC26-6000-C,2431.97,ETH-25DEC26,call,6000.0,2026-12-25T08:00:00+00:00,0.33931046233129264,0.0024,0.0034,0.002847,0.0029,2431.97,ETH-25DEC26,0.6962999999999999,0.02174,0.73731,10401.0,0.0,0.001,ETH,2410.86,0.0
2026-08-23T09:36:16.153934+00:00,ETH-30OCT26-2800-P,2419.68,ETH-30OCT26,put,2800.0,2026-10-30T08:00:00+00:00,0.18599081825189495,0.193,0.2065,0.199495,0.19975,2419.68,ETH-30OCT26,0.5531,-0.68695,3.70317,10.0,10.0,0.013499999999999984,ETH,2410.86,4702.6
2026-08-23T09:36:16.153934+00:00,ETH-27AUG26-2560-P,2410.19,SYN.ETH-27AUG26,put,2560.0,2026-08-27T08:00:00+00:00,0.010768367875440464,0.0655,0.073,0.069396,0.06925,2410.19,SYN.ETH-27AUG26,0.6563,-0.79766,0.70593,0.0,0.0,0.007499999999999993,ETH,2410.89,0.0
2026-08-23T09:36:16.153934+00:00,ETH-11SEP26-2600-P,2411.24,ETH-11SEP26,put,2600.0,2026-09-11T08:00:00+00:00,0.05183612968242198,0.099,0.1025,0.101154,0.10075,2411.24,ETH-11SEP26,0.5629,-0.69638,1.92204,0.0,0.0,0.0034999999999999892,ETH,2410.86,0.0
2026-08-23T09:36:16.153934+00:00,ETH-28AUG26-1100-C,2410.75,ETH-28AUG26,call,1100.0,2026-08-28T08:00:00+00:00,0.013506218662572565,0.542,0.5455,0.543718,0.54375,2410.75,ETH-28AUG26,1.9306,0.99985,0.00163,204.0,0.0,0.0034999999999999476,ETH,2410.86,0.0
2026-08-23T09:36:16.153934+00:00,ETH-26AUG26-2220-C,2409.66,ETH-26AUG26,call,2220.0,2026-08-26T08:00:00+00:00,0.008030517088308363,0.0775,0.0835,0.080426,0.0805,2409.66,ETH-26AUG26,0.6262,0.93438,0.27608,0.0,0.0,0.006000000000000005,ETH,2410.86,0.0
2026-08-23T09:36:16.153934+00:00,ETH-26AUG26-2600-C,2409.66,ETH-26AUG26,call,2600.0,2026-08-26T08:00:00+00:00,0.008030517088308363,0.0033,0.0039,0.003622,0.0036,2409.66,ETH-26AUG26,0.7031999999999999,0.1237,0.4417,277.0,277.0,0.0005999999999999998,ETH,2410.88,3263.45
2026-08-23T09:36:16.153934+00:00,ETH-25JUN27-800-C,2483.71,ETH-25JUN27,call,800.0,2027-06-25T08:00:00+00:00,0.8375993055893352,0.681,0.6915,0.684932,0.68625,2483.71,ETH-25JUN27,0.7364,0.97829,1.18172,118.0,0.0,0.010499999999999954,ETH,2410.88,0.0
