timestamp,instrument_name,underlying,underlying_name,option_type,strike,expiry_datetime,time_to_maturity,bid_price,ask_price,mark_price,mid_price,futures_price,futures_instrument_name,implied_volatility,delta,vega,open_interest,volume,bid_ask_spread,currency,index_price,volume_usd
2026-10-11T00:11:49.854723+00:00,BTC-12OCT26-84500-C,82963.55,BTC-12OCT26,call,84500.0,2026-10-12T08:00:00+00:00,0.003627973777378508,0.0007,0.0009,0.00077989,0.0008,82963.55,BTC-12OCT26,0.24670000000000003,0.10986,9.39073,353.1,4.1,0.00019999999999999998,BTC,82949.06,268.92
2026-10-11T00:11:49.854723+00:00,BTC-26MAR27-40000-C,84972.83,BTC-26MAR27,call,40000.0,2027-03-26T08:00:00+00:00,0.4553733536541752,0.5315,0.5335,0.53231153,0.5325,84972.83,BTC-26MAR27,0.5909,0.98162,25.85196,82.1,0.0,0.0020000000000000018,BTC,82949.06,0.0
2026-10-11T00:11:49.854723+00:00,BTC-24SEP27-125000-P,87264.62,BTC-24SEP27,put,125000.0,2027-09-24T08:00:00+00:00,0.9536621969122177,0.467,0.4885,0.477034,0.47775,87264.62,BTC-24SEP27,0.3993,-0.76615,261.25696,0.0,0.0,0.021499999999999964,BTC,82949.06,0.0
2026-10-11T00:11:49.854723+00:00,BTC-24SEP27-180000-P,87264.62,BTC-24SEP27,put,180000.0,2027-09-24T08:00:00+00:00,0.9536621969122177,1.059,1.0925,1.07452574,1.07575,87264.62,BTC-24SEP27,0.44179999999999997,-0.92811,116.82575,0.1,0.0,0.033500000000000085,BTC,82949.06,0.0
2026-10-11T00:11:49.854723+00:00,BTC-25JUN27-64000-C,86158.09,BTC-25JUN27,call,64000.0,2027-06-25T08:00:00+00:00,0.7045177752831965,0.2895,0.2925,0.29135658,0.291,86158.09,BTC-25JUN27,0.4233,0.84475,172.56235,33.8,0.0,0.0030000000000000027,BTC,82949.06,0.0
2026-10-11T00:11:49.854723+00:00,BTC-26MAR27-85000-P,84972.83,BTC-26MAR27,put,85000.0,2027-03-26T08:00:00+00:00,0.4553733536541752,0.102,0.1035,0.10290566,0.10275,84972.83,BTC-26MAR27,0.3825,-0.44914,226.97192,60.4,3.4,0.0015000000000000013,BTC,82949.06,29260.33
2026-10-11T00:11:49.854723+00:00,BTC-26MAR27-55000-C,84972.83,BTC-26MAR27,call,55000.0,2027-03-26T08:00:00+00:00,0.4553733536541752,0.3595,0.367,0.36325133,0.36325,84972.83,BTC-26MAR27,0.4777,0.9345,73.15877,29.5,0.0,0.007500000000000007,BTC,82949.06,0.0
2026-10-11T00:11:49.854723+00:00,BTC-25JUN27-65000-P,86158.07,BTC-25JUN27,put,65000.0,2027-06-25T08:00:00+00:00,0.7045177752831965,0.036,0.0375,0.03664933,0.03675,86158.07,BTC-25JUN27,0.4205,-0.16486,179.47832,38.2,0.0,0.0015000000000000013,BTC,82949.06,0.0
2026-10-11T00:11:49.854723+00:00,BTC-26MAR27-62000-C,84972.83,BTC-26MAR27,call,62000.0,2027-03-26T08:00:00+00:00,0.4553733536541752,0.284,0.2925,0.28879478,0.28825,84972.83,BTC-26MAR27,0.4385,0.8874,109.67844,51.3,0.0,0.008500000000000008,BTC,82949.06,0.0
2026-10-11T00:11:49.854723+00:00,BTC-25JUN27-150000-P,86158.07,BTC-25JUN27,put,150000.0,2027-06-25T08:00:00+00:00,0.7045177752831965,0.7425,0.7655,0.7530912,0.754,86158.07,BTC-25JUN27,0.4252,-0.91539,112.1829,1.1,0.0,0.02299999999999991,BTC,82949.01,0.0
2026-10-11T00:11:49.854723+00:00,BTC-25JUN27-125000-P,86158.09,BTC-25JUN27,put,125000.0,2027-06-25T08:00:00+00:00,0.7045177752831965,0.469,0.488,0.47788947,0.4785,86158.09,BTC-25JUN27,0.39990000000000003,-0.82652,185.44914,0.0,0.0,0.019000000000000017,BTC,82949.01,0.0
2026-10-11T00:11:49.854723+00:00,BTC-12OCT26-81000-P,82962.1,BTC-12OCT26,put,81000.0,2026-10-12T08:00:00+00:00,0.003627973777378508,0.0004,0.0006,0.0004748,0.0005,82962.1,BTC-12OCT26,0.2663,-0.06679,6.47286,67.7,24.3,0.00019999999999999993,BTC,82949.01,2431.4
2026-10-11T00:11:49.854723+00:00,BTC-11OCT26-79000-C,82946.49,BTC-11OCT26,call,79000.0,2026-10-11T08:00:00+00:00,0.0008901229902464066,0.0445,0.05,0.04756164,0.04725,82946.49,BTC-11OCT26,0.4752,0.99971,0.02617,0.0,0.0,0.005500000000000005,BTC,82949.4,0.0
2026-10-11T00:11:49.854723+00:00,BTC-30OCT26-84000-P,83214.18,BTC-30OCT26,put,84000.0,2026-10-30T08:00:00+00:00,0.052909287945756334,0.0345,0.0355,0.0350811,0.035,83214.18,BTC-30OCT26,0.32659999999999995,-0.53476,76.09852,869.0,1.3,0.000999999999999994,BTC,82949.01,3928.33
2026-10-11T00:11:49.854723+00:00,BTC-26MAR27-82000-C,84972.83,BTC-26MAR27,call,82000.0,2027-03-26T08:00:00+00:00,0.4553733536541752,0.119,0.1205,0.11957839,0.11975,84972.83,BTC-26MAR27,0.3834,0.60526,220.82167,1248.6,0.0,0.0015000000000000013,BTC,82949.01,0.0
2026-10-11T00:11:49.854723+00:00,BTC-30OCT26-67000-C,83215.87,BTC-30OCT26,call,67000.0,2026-10-30T08:00:00+00:00,0.052909287945756334,0.194,0.1985,0.19627291,0.19625,83215.87,BTC-30OCT26,0.517,0.97006,13.00818,108.4,0.0,0.004500000000000004,BTC,82949.4,0.0
2026-10-11T00:11:49.854723+00:00,BTC-25JUN27-88000-C,86158.07,BTC-25JUN27,call,88000.0,2027-06-25T08:00:00+00:00,0.7045177752831965,0.1185,0.121,0.11964782,0.11975,86158.07,BTC-25JUN27,0.3859,0.53852,287.25624,57.9,0.1,0.0025000000000000022,BTC,82949.4,978.45
2026-10-11T00:11:49.854723+00:00,BTC-25DEC26-74000-P,83885.17,BTC-25DEC26,put,74000.0,2026-12-25T08:00:00+00:00,0.206228932025154,0.0235,0.024,0.02388676,0.02375,83885.17,BTC-25DEC26,0.3936,-0.21454,111.20739,320.5,26.1,0.0005000000000000004,BTC,82949.4,52774.15
2026-10-11T00:11:49.854723+00:00,BTC-25JUN27-45000-C,86158.07,BTC-25JUN27,call,45000.0,2027-06-25T08:00:00+00:00,0.7045177752831965,0.485,0.488,0.48641616,0.4865,86158.07,BTC-25JUN27,0.5118,0.95785,65.04263,15.4,0.0,0.0030000000000000027,BTC,82949.4,0.0
2026-10-11T00:11:49.854723+00:00,BTC-27NOV26-88000-C,83555.46,BTC-27NOV26,call,88000.0,2026-11-27T08:00:00+00:00,0.12956910998545518,0.0305,0.031,0.0309509,0.03075,83555.46,BTC-27NOV26,0.36229999999999996,0.36993,113.59041,1351.6,2.0,0.0005000000000000004,BTC,82949.4,4867.33
2026-10-11T00:11:49.854723+00:00,BTC-25JUN27-54000-C,86158.07,BTC-25JUN27,call,54000.0,2027-06-25T08:00:00+00:00,0.7045177752831965,0.3855,0.3935,0.38994705,0.3895,86158.07,BTC-25JUN27,0.4608,0.91938,108.17747,1.0,0.0,0.008000000000000007,BTC,82949.4,0.0
2026-10-11T00:11:49.854723+00:00,BTC-25DEC26-84000-C,83886.62,BTC-25DEC26,call,84000.0,2026-12-25T08:00:00+00:00,0.206228932025154,0.066,0.067,0.06628156,0.0665,83886.62,BTC-25DEC26,0.3697,0.53026,151.59127,1275.5,0.0,0.0010000000000000009,BTC,82949.4,0.0
2026-10-11T00:11:49.854723+00:00,BTC-11OCT26-85500-C,82946.44,BTC-11OCT26,call,85500.0,2026-10-11T08:00:00+00:00,0.0008901229902464066,,0.0001,3.51e-06,,82946.44,BTC-11OCT26,0.3357,0.00126,0.10269,109.9,17.0,,BTC,82949.4,140.73
2026-10-11T00:11:49.854723+00:00,BTC-23OCT26-70000-C,83119.68,BTC-23OCT26,call,70000.0,2026-10-23T08:00:00+00:00,0.03374433243583162,0.1565,0.161,0.15886681,0.15875,83119.68,BTC-23OCT26,0.5028,0.97164,9.91883,0.0,0.0,0.004500000000000004,BTC,82949.4,0.0
2026-10-11T00:11:49.854723+00:00,BTC-27NOV26-73000-P,83555.37,BTC-27NOV26,put,73000.0,2026-11-27T08:00:00+00:00,0.12956910998545518,0.0125,0.0135,0.01294362,0.013,83555.37,BTC-27NOV26,0.40399999999999997,-0.15842,72.72885,102.2,0.2,0.0009999999999999992,BTC,82949.4,222.93
2026-10-11T00:11:49.854723+00:00,BTC-25DEC26-104000-C,83886.62,BTC-25DEC26,call,104000.0,2026-12-25T08:00:00+00:00,0.206228932025154,0.0095,0.0105,0.01002206,0.01,83886.62,BTC-25DEC26,0.3824,0.125,78.44837,175.8,0.0,0.0010000000000000009,BTC,82949.4,0.0
2026-10-11T00:11:49.854723+00:00,BTC-24SEP27-60000-C,87263.12,BTC-24SEP27,call,60000.0,2027-09-24T08:00:00+00:00,0.9536621969122177,0.346,0.3495,0.34738302,0.34775,87263.12,BTC-24SEP27,0.42969999999999997,0.86484,185.24,0.0,0.0,0.003500000000000003,BTC,82949.4,0.0
2026-10-11T00:11:49.854723+00:00,BTC-27NOV26-70000-C,83555.37,BTC-27NOV26,call,70000.0,2026-11-27T08:00:00+00:00,0.12956910998545518,0.167,0.174,0.17094529,0.1705,83555.37,BTC-27NOV26,0.42719999999999997,0.89023,56.48908,3.3,0.0,0.0069999999999999785,BTC,82949.4,0.0
2026-10-11T00:11:49.854723+00:00,BTC-16OCT26-88000-P,83024.57,BTC-16OCT26,put,88000.0,2026-10-16T08:00:00+00:00,0.014579376925906912,0.058,0.064,0.06103704,0.061,83024.57,BTC-16OCT26,0.31620000000000004,-0.9338,12.89732,17.3,0.0,0.005999999999999998,BTC,82949.4,0.0
2026-10-11T00:11:49.854723+00:00,BTC-30OCT26-106000-P,83214.18,BTC-30OCT26,put,106000.0,2026-10-30T08:00:00+00:00,0.052909287945756334,0.271,0.2775,0.27401658,0.27425,83214.18,BTC-30OCT26,0.409,-0.9942,3.15774,0.0,0.0,0.006500000000000006,BTC,82949.4,0.0
2026-10-11T00:11:49.854723+00:00,BTC-30OCT26-90000-P,83215.87,BTC-30OCT26,put,90000.0,2026-10-30T08:00:00+00:00,0.052909287945756334,0.084,0.091,0.08784024,0.0875,83215.87,BTC-30OCT26,0.3317,-0.83858,46.858,45.6,0.0,0.006999999999999992,BTC,82949.4,0.0
2026-10-11T00:11:49.854723+00:00,BTC-16OCT26-75000-P,83024.57,BTC-16OCT26,put,75000.0,2026-10-16T08:00:00+00:00,0.014579376925906912,0.0008,0.0009,0.00083792,0.00085,83024.57,BTC-16OCT26,0.4752,-0.03595,7.92162,335.3,12.9,9.999999999999994e-05,BTC,82949.6,938.9
2026-10-11T00:11:49.854723+00:00,BTC-25JUN27-105000-P,86158.09,BTC-25JUN27,put,105000.0,2027-06-25T08:00:00+00:00,0.7045177752831965,0.27,0.286,0.27772614,0.278,86158.09,BTC-25JUN27,0.38630000000000003,-0.67277,261.09994,2.1,0.0,0.01599999999999996,BTC,82949.6,0.0
2026-10-11T00:11:49.854723+00:00,BTC-12OCT26-80500-P,82962.1,BTC-12OCT26,put,80500.0,2026-10-12T08:00:00+00:00,0.003627973777378508,0.0003,0.0005,0.00036518,0.0004,82962.1,BTC-12OCT26,0.3019,-0.0479,4.98189,83.0,6.0,0.00020000000000000004,BTC,82949.6,506.27
2026-10-11T00:11:49.854723+00:00,BTC-26MAR27-112000-P,84972.83,BTC-26MAR27,put,112000.0,2027-03-26T08:00:00+00:00,0.4553733536541752,0.334,0.348,0.34089565,0.341,84972.83,BTC-26MAR27,0.39,-0.82055,150.22393,0.1,0.0,0.013999999999999957,BTC,82949.6,0.0
2026-10-11T00:11:49.854723+00:00,BTC-25DEC26-58000-C,83886.62,BTC-25DEC26,call,58000.0,2026-12-25T08:00:00+00:00,0.206228932025154,0.31,0.316,0.31316179,0.313,83886.62,BTC-25DEC26,0.5112,0.95592,35.52765,40.3,0.0,0.006000000000000005,BTC,82949.6,0.0
2026-10-11T00:11:49.854723+00:00,BTC-30OCT26-79000-C,83214.18,BTC-30OCT26,call,79000.0,2026-10-30T08:00:00+00:00,0.052909287945756334,0.0625,0.064,0.06328082,0.06325,83214.18,BTC-30OCT26,0.35509999999999997,0.75089,60.73192,263.5,0.0,0.0015000000000000013,BTC,82949.6,0.0
2026-10-11T00:11:49.854723+00:00,BTC-27NOV26-112000-C,83555.46,BTC-27NOV26,call,112000.0,2026-11-27T08:00:00+00:00,0.12956910998545518,0.0015,0.0016,0.0016162,0.00155,83555.46,BTC-27NOV26,0.41450000000000004,0.02951,20.19474,10.5,0.4,0.00010000000000000005,BTC,82949.5,59.56
2026-10-11T00:11:49.854723+00:00,BTC-25JUN27-90000-C,86158.09,BTC-25JUN27,call,90000.0,2027-06-25T08:00:00+00:00,0.7045177752831965,0.109,0.1115,0.110252,0.11025,86158.09,BTC-25JUN27,0.38530000000000003,0.51076,288.50127,796.3,0.0,0.0025000000000000022,BTC,82949.5,0.0
2026-10-11T00:11:49.854723+00:00,BTC-26MAR27-78000-C,84972.83,BTC-26MAR27,call,78000.0,2027-03-26T08:00:00+00:00,0.4553733536541752,0.145,0.147,0.14617157,0.146,84972.83,BTC-26MAR27,0.38789999999999997,0.67648,206.06124,647.6,0.0,0.0020000000000000018,BTC,82949.5,0.0
2026-10-11T00:11:49.854723+00:00,BTC-23OCT26-74000-P,83119.68,BTC-23OCT26,put,74000.0,2026-10-23T08:00:00+00:00,0.03374433243583162,0.0022,0.0025,0.00232493,0.00235,83119.68,BTC-23OCT26,0.4296,-0.06531,19.43898,500.4,0.3,0.0002999999999999999,BTC,82949.5,61.9
2026-10-11T00:11:49.854723+00:00,BTC-27NOV26-68000-P,83555.46,BTC-27NOV26,put,68000.0,2026-11-27T08:00:00+00:00,0.12956910998545518,0.0065,0.007,0.00672589,0.00675,83555.46,BTC-27NOV26,0.44420000000000004,-0.08568,47.0971,248.3,0.0,0.0005000000000000004,BTC,82949.45,0.0
2026-10-11T00:11:49.854723+00:00,BTC-25DEC26-95000-P,83886.62,BTC-25DEC26,put,95000.0,2026-12-25T08:00:00+00:00,0.206228932025154,0.152,0.161,0.15635677,0.1565,83886.62,BTC-25DEC26,0.3703,-0.7439,122.64444,144.0,0.0,0.009000000000000008,BTC,82949.5,0.0
2026-10-11T00:11:49.854723+00:00,BTC-27NOV26-81000-P,83555.37,BTC-27NOV26,put,81000.0,2026-11-27T08:00:00+00:00,0.12956910998545518,0.038,0.0385,0.03836495,0.03825,83555.37,BTC-27NOV26,0.3696,-0.38211,114.74875,567.2,0.0,0.0005000000000000004,BTC,82949.45,0.0
2026-10-11T00:11:49.854723+00:00,BTC-13OCT26-86000-C,82970.5,BTC-13OCT26,call,86000.0,2026-10-13T08:00:00+00:00,0.006365824564510609,0.0005,0.0006,0.00055553,0.00055,82970.5,BTC-13OCT26,0.2837,0.05812,7.69406,23.3,19.6,9.999999999999994e-05,BTC,82949.45,991.12
2026-10-11T00:11:49.854723+00:00,BTC-23OCT26-79000-C,83119.68,BTC-23OCT26,call,79000.0,2026-10-23T08:00:00+00:00,0.03374433243583162,0.054,0.06,0.05706045,0.057,83119.68,BTC-23OCT26,0.3471,0.79644,43.21507,0.0,0.0,0.005999999999999998,BTC,82949.45,0.0
2026-10-11T00:11:49.854723+00:00,BTC-25JUN27-55000-P,86158.07,BTC-25JUN27,put,55000.0,2027-06-25T08:00:00+00:00,0.7045177752831965,0.0175,0.019,0.01821249,0.01825,86158.07,BTC-25JUN27,0.45799999999999996,-0.08701,114.55955,37.0,0.0,0.0014999999999999979,BTC,82949.45,0.0
2026-10-11T00:11:49.854723+00:00,BTC-26MAR27-96000-C,84972.83,BTC-26MAR27,call,96000.0,2027-03-26T08:00:00+00:00,0.4553733536541752,0.055,0.0565,0.05575606,0.05575,84972.83,BTC-26MAR27,0.38,0.36411,215.42635,260.7,0.0,0.0015000000000000013,BTC,82949.45,0.0
2026-10-11T00:11:49.854723+00:00,BTC-30OCT26-60000-C,83215.87,BTC-30OCT26,call,60000.0,2026-10-30T08:00:00+00:00,0.052909287945756334,0.2775,0.2815,0.27938856,0.2795,83215.87,BTC-30OCT26,0.6167,0.99125,4.54029,13.7,0.0,0.003999999999999948,BTC,82949.45,0.0
2026-10-11T00:11:49.854723+00:00,BTC-30OCT26-76000-P,83215.87,BTC-30OCT26,put,76000.0,2026-10-30T08:00:00+00:00,0.052909287945756334,0.0065,0.007,0.00671232,0.00675,83215.87,BTC-30OCT26,0.3845,-0.1424,43.11219,974.3,1.2,0.0005000000000000004,BTC,82949.45,697.5
2026-10-11T00:11:49.854723+00:00,BTC-30OCT26-45000-C,83215.87,BTC-30OCT26,call,45000.0,2026-10-30T08:00:00+00:00,0.052909287945756334,0.4575,0.461,0.45924754,0.45925,83215.87,BTC-30OCT26,0.8475,0.99942,0.3885,0.9,0.0,0.003500000000000003,BTC,82949.45,0.0
2026-10-11T00:11:49.854723+00:00,BTC-30OCT26-66000-C,83215.87,BTC-30OCT26,call,66000.0,2026-10-30T08:00:00+00:00,0.052909287945756334,0.206,0.2105,0.20808258,0.20825,83215.87,BTC-30OCT26,0.5325,0.97459,11.3438,79.8,0.0,0.004500000000000004,BTC,82949.45,0.0
2026-10-11T00:11:49.854723+00:00,BTC-24SEP27-108000-C,87263.12,BTC-24SEP27,call,108000.0,2027-09-24T08:00:00+00:00,0.9536621969122177,0.075,0.0775,0.07633048,0.07625,87263.12,BTC-24SEP27,0.3921,0.35752,318.15994,0.0,0.0,0.0025000000000000022,BTC,82949.45,0.0
2026-10-11T00:11:49.854723+00:00,BTC-25DEC26-70000-P,83886.62,BTC-25DEC26,put,70000.0,2026-12-25T08:00:00+00:00,0.206228932025154,0.0145,0.0155,0.01495569,0.015,83886.62,BTC-25DEC26,0.4103,-0.14366,86.3152,2727.3,26.1,0.0009999999999999992,BTC,82949.45,33184.96
2026-10-11T00:11:49.854723+00:00,BTC-30OCT26-58000-C,83215.87,BTC-30OCT26,call,58000.0,2026-10-30T08:00:00+00:00,0.052909287945756334,0.3015,0.3055,0.30327563,0.3035,83215.87,BTC-30OCT26,0.6401,0.99421,3.15454,0.0,0.0,0.0040000000000000036,BTC,82949.45,0.0
2026-10-11T00:11:49.854723+00:00,BTC-30OCT26-90000-C,83215.87,BTC-30OCT26,call,90000.0,2026-10-30T08:00:00+00:00,0.052909287945756334,0.006,0.0065,0.00627223,0.00625,83215.87,BTC-30OCT26,0.3317,0.16142,46.8582,15159.1,3.2,0.0004999999999999996,BTC,82949.2,1689.56
2026-10-11T00:11:49.854723+00:00,BTC-27NOV26-98000-C,83555.46,BTC-27NOV26,call,98000.0,2026-11-27T08:00:00+00:00,0.12956910998545518,0.008,0.0085,0.00827454,0.00825,83555.46,BTC-27NOV26,0.3718,0.1305,63.81705,855.7,6.4,0.0005000000000000004,BTC,82949.2,4489.67
2026-10-11T00:11:49.854723+00:00,BTC-25DEC26-125000-C,83886.62,BTC-25DEC26,call,125000.0,2026-12-25T08:00:00+00:00,0.206228932025154,0.0017,0.0022,0.00194574,0.00195,83886.62,BTC-25DEC26,0.4351,0.0275,24.11989,520.9,0.0,0.0005000000000000002,BTC,82949.2,0.0
2026-10-11T00:11:49.854723+00:00,BTC-25JUN27-40000-P,86158.07,BTC-25JUN27,put,40000.0,2027-06-25T08:00:00+00:00,0.7045177752831965,0.0055,0.0065,0.00597813,0.006,86158.07,BTC-25JUN27,0.5461,-0.02855,47.23333,1251.1,0.0,0.001,BTC,82949.2,0.0
2026-10-11T00:11:49.854723+00:00,BTC-30OCT26-94000-P,83215.87,BTC-30OCT26,put,94000.0,2026-10-30T08:00:00+00:00,0.052909287945756334,0.1285,0.1345,0.13182072,0.1315,83215.87,BTC-30OCT26,0.3418,-0.93448,24.42853,0.1,0.0,0.006000000000000005,BTC,82949.2,0.0
2026-10-11T00:11:49.854723+00:00,BTC-25DEC26-100000-C,83885.17,BTC-25DEC26,call,100000.0,2026-12-25T08:00:00+00:00,0.206228932025154,0.014,0.015,0.01453693,0.0145,83885.17,BTC-25DEC26,0.37479999999999997,0.17189,97.11988,5883.0,2.0,0.0009999999999999992,BTC,82949.2,2312.83
2026-10-11T00:11:49.854723+00:00,BTC-24SEP27-102000-P,87263.12,BTC-24SEP27,put,102000.0,2027-09-24T08:00:00+00:00,0.9536621969122177,0.2585,0.2645,0.26200822,0.2615,87263.12,BTC-24SEP27,0.391,-0.58614,332.12704,0.0,0.0,0.006000000000000005,BTC,82949.48,0.0
2026-10-11T00:11:49.854723+00:00,BTC-26MAR27-62000-P,84972.83,BTC-26MAR27,put,62000.0,2027-03-26T08:00:00+00:00,0.4553733536541752,0.018,0.019,0.01846511,0.0185,84972.83,BTC-26MAR27,0.4385,-0.11261,109.68174,444.4,0.0,0.0010000000000000009,BTC,82949.48,0.0
2026-10-11T00:11:49.854723+00:00,BTC-27NOV26-80000-C,83555.46,BTC-27NOV26,call,80000.0,2026-11-27T08:00:00+00:00,0.12956910998545518,0.0755,0.077,0.07629202,0.07625,83555.46,BTC-27NOV26,0.3722,0.65228,111.17447,1146.9,0.0,0.0015000000000000013,BTC,82949.48,0.0
2026-10-11T00:11:49.854723+00:00,BTC-23OCT26-84000-C,83119.57,BTC-23OCT26,call,84000.0,2026-10-23T08:00:00+00:00,0.03374433243583162,0.018,0.019,0.01838954,0.0185,83119.57,BTC-23OCT26,0.31629999999999997,0.43953,60.2329,553.6,2.0,0.0010000000000000009,BTC,82949.48,2981.44
2026-10-11T00:11:49.854723+00:00,BTC-25JUN27-135000-P,86158.09,BTC-25JUN27,put,135000.0,2027-06-25T08:00:00+00:00,0.7045177752831965,0.5765,0.597,0.58596631,0.58675,86158.09,BTC-25JUN27,0.409,-0.87205,151.36338,0.0,0.0,0.020499999999999963,BTC,82949.48,0.0
2026-10-11T00:11:49.854723+00:00,BTC-25JUN27-94000-P,86158.09,BTC-25JUN27,put,94000.0,2027-06-25T08:00:00+00:00,0.7045177752831965,0.1825,0.1865,0.18433472,0.1845,86158.09,BTC-25JUN27,0.3843,-0.54323,286.91051,0.1,0.0,0.0040000000000000036,BTC,82949.48,0.0
2026-10-11T00:11:49.854723+00:00,BTC-27NOV26-92000-C,83555.46,BTC-27NOV26,call,92000.0,2026-11-27T08:00:00+00:00,0.12956910998545518,0.018,0.019,0.01846724,0.0185,83555.46,BTC-27NOV26,0.36369999999999997,0.25152,95.91565,464.6,0.0,0.0010000000000000009,BTC,82949.48,0.0
2026-10-11T00:11:49.854723+00:00,BTC-25DEC26-58000-P,83886.62,BTC-25DEC26,put,58000.0,2026-12-25T08:00:00+00:00,0.206228932025154,0.0044,0.0048,0.00458366,0.0046,83886.62,BTC-25DEC26,0.5112,-0.04408,35.52826,1823.1,0.0,0.0003999999999999993,BTC,82949.48,0.0
2026-10-11T00:11:49.854723+00:00,BTC-30OCT26-100000-P,83215.87,BTC-30OCT26,put,100000.0,2026-10-30T08:00:00+00:00,0.052909287945756334,0.1995,0.2055,0.20219319,0.2025,83215.87,BTC-30OCT26,0.36340000000000006,-0.98442,7.49038,1.3,0.0,0.005999999999999978,BTC,82949.48,0.0
2026-10-11T00:11:49.854723+00:00,BTC-14OCT26-84500-P,82996.96,BTC-14OCT26,put,84500.0,2026-10-14T08:00:00+00:00,0.00910367535164271,0.0205,0.0225,0.02170342,0.0215,82996.96,BTC-14OCT26,0.2652,-0.7569,24.79847,0.0,0.0,0.0019999999999999983,BTC,82949.48,0.0
2026-10-11T00:11:49.854723+00:00,BTC-11OCT26-81500-P,82946.49,BTC-11OCT26,put,81500.0,2026-10-11T08:00:00+00:00,0.0008901229902464066,,0.0001,7.856e-05,,82946.49,BTC-11OCT26,0.2973,-0.02344,1.37014,113.2,42.0,,BTC,82949.48,2031.56
2026-10-11T00:11:49.854723+00:00,BTC-25DEC26-220000-C,83885.17,BTC-25DEC26,call,220000.0,2026-12-25T08:00:00+00:00,0.206228932025154,0.0001,0.0002,0.0001436,0.00015,83885.17,BTC-25DEC26,0.6889,0.00173,2.11312,252.8,1.0,0.0001,BTC,82949.48,8.3
2026-10-11T00:11:49.854723+00:00,BTC-26MAR27-80000-C,84972.83,BTC-26MAR27,call,80000.0,2027-03-26T08:00:00+00:00,0.4553733536541752,0.1315,0.1335,0.13236586,0.1325,84972.83,BTC-26MAR27,0.38530000000000003,0.64127,214.33049,1562.0,0.0,0.0020000000000000018,BTC,82949.48,0.0
2026-10-11T00:11:49.854723+00:00,BTC-25DEC26-56000-P,83886.62,BTC-25DEC26,put,56000.0,2026-12-25T08:00:00+00:00,0.206228932025154,0.0037,0.004,0.0038823,0.00385,83886.62,BTC-25DEC26,0.5331,-0.03674,30.6391,622.1,0.1,0.0002999999999999999,BTC,82949.48,32.36
2026-10-11T00:11:49.854723+00:00,BTC-25DEC26-140000-C,83885.17,BTC-25DEC26,call,140000.0,2026-12-25T08:00:00+00:00,0.206228932025154,0.0007,0.0011,0.00086082,0.0009,83885.17,BTC-25DEC26,0.4781,0.01225,12.11297,1419.4,0.5,0.0004000000000000001,BTC,82949.48,37.22
2026-10-11T00:11:49.854723+00:00,BTC-30OCT26-71000-C,83215.87,BTC-30OCT26,call,71000.0,2026-10-30T08:00:00+00:00,0.052909287945756334,0.1475,0.1525,0.14958361,0.15,83215.87,BTC-30OCT26,0.45840000000000003,0.9404,22.68951,939.4,0.0,0.0050000000000000044,BTC,82949.48,0.0
2026-10-11T00:11:49.854723+00:00,BTC-30OCT26-106000-C,83214.18,BTC-30OCT26,call,106000.0,2026-10-30T08:00:00+00:00,0.052909287945756334,0.0001,0.0003,0.00016981,0.0002,83214.18,BTC-30OCT26,0.409,0.0058,3.16056,592.5,1.3,0.00019999999999999998,BTC,82949.48,19.04
2026-10-11T00:11:49.854723+00:00,BTC-25DEC26-76000-P,83886.62,BTC-25DEC26,put,76000.0,2026-12-25T08:00:00+00:00,0.206228932025154,0.0295,0.0305,0.02988684,0.03,83886.62,BTC-25DEC26,0.3864,-0.25777,123.05914,439.2,0.0,0.0010000000000000009,BTC,82949.48,0.0
2026-10-11T00:11:49.854723+00:00,BTC-25DEC26-250000-C,83886.62,BTC-25DEC26,call,250000.0,2026-12-25T08:00:00+00:00,0.206228932025154,,0.0002,0.00010939,,83886.62,BTC-25DEC26,0.7521,0.00124,1.5648,1282.4,0.0,,BTC,82949.48,0.0
2026-10-11T00:11:49.854723+00:00,BTC-25JUN27-85000-C,86158.09,BTC-25JUN27,call,85000.0,2027-06-25T08:00:00+00:00,0.7045177752831965,0.134,0.136,0.13514461,0.135,86158.09,BTC-25JUN27,0.3874,0.58093,282.64758,163.0,0.0,0.0020000000000000018,BTC,82949.48,0.0
2026-10-11T00:11:49.854723+00:00,BTC-25JUN27-45000-P,86158.07,BTC-25JUN27,put,45000.0,2027-06-25T08:00:00+00:00,0.7045177752831965,0.008,0.0095,0.00872199,0.00875,86158.07,BTC-25JUN27,0.5118,-0.04215,65.04154,161.7,0.0,0.0014999999999999996,BTC,82949.48,0.0
2026-10-11T00:11:49.854723+00:00,BTC-25JUN27-106000-C,86158.07,BTC-25JUN27,call,106000.0,2027-06-25T08:00:00+00:00,0.7045177752831965,0.056,0.0575,0.05673435,0.05675,86158.07,BTC-25JUN27,0.387,0.31731,257.7895,42.3,30.0,0.0015000000000000013,BTC,82948.88,138255.21
2026-10-11T00:11:49.854723+00:00,BTC-26MAR27-70000-C,84972.83,BTC-26MAR27,call,70000.0,2027-03-26T08:00:00+00:00,0.4553733536541752,0.2055,0.215,0.21110038,0.21025,84972.83,BTC-26MAR27,0.406,0.80075,160.22167,770.5,0.0,0.009500000000000008,BTC,82949.48,0.0
2026-10-11T00:11:49.854723+00:00,BTC-13OCT26-81500-P,82970.5,BTC-13OCT26,put,81500.0,2026-10-13T08:00:00+00:00,0.006365824564510609,0.0024,0.0028,0.0025691,0.0026,82970.5,BTC-13OCT26,0.2758,-0.20456,18.79176,13.7,13.1,0.0004000000000000002,BTC,82948.88,3804.28
2026-10-11T00:11:49.854723+00:00,BTC-12OCT26-79500-C,82962.1,BTC-12OCT26,call,79500.0,2026-10-12T08:00:00+00:00,0.003627973777378508,0.0395,0.0445,0.041894,0.042,82962.1,BTC-12OCT26,0.3544,0.97764,2.65973,0.0,0.0,0.0049999999999999975,BTC,82948.88,0.0
2026-10-11T00:11:49.854723+00:00,BTC-27NOV26-92000-P,83555.37,BTC-27NOV26,put,92000.0,2026-11-27T08:00:00+00:00,0.12956910998545518,0.1155,0.1235,0.11953233,0.1195,83555.37,BTC-27NOV26,0.36369999999999997,-0.74849,95.91251,2.1,0.0,0.007999999999999993,BTC,82948.88,0.0
2026-10-11T00:11:49.854723+00:00,BTC-30OCT26-40000-P,83215.87,BTC-30OCT26,put,40000.0,2026-10-30T08:00:00+00:00,0.052909287945756334,,0.0001,1.389e-05,,83215.87,BTC-30OCT26,0.9414,-0.00024,0.17285,226.8,0.0,,BTC,82948.88,0.0
2026-10-11T00:11:49.854723+00:00,BTC-16OCT26-82000-C,83024.57,BTC-16OCT26,call,82000.0,2026-10-16T08:00:00+00:00,0.014579376925906912,0.021,0.023,0.02212321,0.022,83024.57,BTC-16OCT26,0.3169,0.63447,37.71179,53.9,0.0,0.0019999999999999983,BTC,82949.39,0.0
2026-10-11T00:11:49.854723+00:00,BTC-25JUN27-108000-C,86158.09,BTC-25JUN27,call,108000.0,2027-06-25T08:00:00+00:00,0.7045177752831965,0.0515,0.053,0.05230155,0.05225,86158.09,BTC-25JUN27,0.38799999999999996,0.29787,250.71784,35.2,0.0,0.0015000000000000013,BTC,82949.39,0.0
2026-10-11T00:11:49.854723+00:00,BTC-14OCT26-81000-C,82996.9,BTC-14OCT26,call,81000.0,2026-10-14T08:00:00+00:00,0.00910367535164271,0.024,0.03,0.02700596,0.027,82996.9,BTC-14OCT26,0.2938,0.81128,21.40706,0.0,0.0,0.005999999999999998,BTC,82949.39,0.0
2026-10-11T00:11:49.854723+00:00,BTC-23OCT26-82000-C,83119.57,BTC-23OCT26,call,82000.0,2026-10-23T08:00:00+00:00,0.03374433243583162,0.0305,0.0315,0.0309456,0.031,83119.57,BTC-23OCT26,0.3243,0.60153,58.94973,218.5,2.1,0.0010000000000000009,BTC,82949.39,5309.53
2026-10-11T00:11:49.854723+00:00,BTC-25JUN27-115000-P,86158.09,BTC-25JUN27,put,115000.0,2027-06-25T08:00:00+00:00,0.7045177752831965,0.366,0.3835,0.37408604,0.37475,86158.09,BTC-25JUN27,0.39130000000000004,-0.76253,223.59676,1.0,0.0,0.017500000000000016,BTC,82949.39,0.0
2026-10-11T00:11:49.854723+00:00,BTC-26MAR27-45000-P,84972.83,BTC-26MAR27,put,45000.0,2027-03-26T08:00:00+00:00,0.4553733536541752,0.0045,0.005,0.00481035,0.00475,84972.83,BTC-26MAR27,0.5517,-0.02917,38.13109,254.0,0.6,0.0005000000000000004,BTC,82949.39,231.31
2026-10-11T00:11:49.854723+00:00,BTC-30OCT26-95000-P,83215.87,BTC-30OCT26,put,95000.0,2026-10-30T08:00:00+00:00,0.052909287945756334,0.1405,0.146,0.14335551,0.14325,83215.87,BTC-30OCT26,0.34619999999999995,-0.94768,20.47402,201.3,0.0,0.005499999999999977,BTC,82949.39,0.0
2026-10-11T00:11:49.854723+00:00,BTC-27NOV26-108000-C,83555.46,BTC-27NOV26,call,108000.0,2026-11-27T08:00:00+00:00,0.12956910998545518,0.0023,0.0025,0.0024918,0.0024,83555.46,BTC-27NOV26,0.40149999999999997,0.04429,28.1555,104.8,0.0,0.0002000000000000001,BTC,82949.29,0.0
2026-10-11T00:11:49.854723+00:00,BTC-27NOV26-83000-C,83555.37,BTC-27NOV26,call,83000.0,2026-11-27T08:00:00+00:00,0.12956910998545518,0.0555,0.0565,0.05567338,0.056,83555.37,BTC-27NOV26,0.3654,0.54635,119.21677,110.5,0.0,0.0010000000000000009,BTC,82949.29,0.0
2026-10-11T00:11:49.854723+00:00,BTC-27NOV26-98000-P,83555.37,BTC-27NOV26,put,98000.0,2026-11-27T08:00:00+00:00,0.12956910998545518,0.1765,0.185,0.18114822,0.18075,83555.37,BTC-27NOV26,0.3718,-0.86951,63.81263,0.0,0.0,0.008500000000000008,BTC,82949.29,0.0
2026-10-11T00:11:49.854723+00:00,BTC-27NOV26-78000-P,83555.46,BTC-27NOV26,put,78000.0,2026-11-27T08:00:00+00:00,0.12956910998545518,0.0255,0.026,0.02583046,0.02575,83555.46,BTC-27NOV26,0.3786,-0.28335,101.86177,418.8,0.0,0.0005000000000000004,BTC,82949.29,0.0
2026-10-11T00:11:49.854723+00:00,BTC-14OCT26-74000-C,82996.9,BTC-14OCT26,call,74000.0,2026-10-14T08:00:00+00:00,0.00910367535164271,0.1055,0.111,0.1086839,0.10825,82996.9,BTC-14OCT26,0.5589,0.98527,2.95327,0.0,0.0,0.005500000000000005,BTC,82949.29,0.0
2026-10-11T00:11:49.854723+00:00,BTC-25DEC26-65000-P,83885.17,BTC-25DEC26,put,65000.0,2026-12-25T08:00:00+00:00,0.206228932025154,0.0085,0.009,0.00872507,0.00875,83885.17,BTC-25DEC26,0.4446,-0.0863,59.97709,834.8,5.5,0.0004999999999999987,BTC,82949.29,4088.7
2026-10-11T00:11:49.854723+00:00,BTC-12OCT26-81500-P,82963.55,BTC-12OCT26,put,81500.0,2026-10-12T08:00:00+00:00,0.003627973777378508,0.0007,0.0009,0.00076775,0.0008,82963.55,BTC-12OCT26,0.2408,-0.1089,9.33148,52.6,42.1,0.00019999999999999998,BTC,82949.29,3068.47
2026-10-11T00:11:49.854723+00:00,BTC-27NOV26-104000-C,83555.46,BTC-27NOV26,call,104000.0,2026-11-27T08:00:00+00:00,0.12956910998545518,0.0037,0.0041,0.00391467,0.0039,83555.46,BTC-27NOV26,0.3881,0.06727,39.17597,69.8,0.0,0.0004000000000000002,BTC,82949.29,0.0
2026-10-11T00:11:49.854723+00:00,BTC-13OCT26-75000-C,82972.23,BTC-13OCT26,call,75000.0,2026-10-13T08:00:00+00:00,0.006365824564510609,0.0935,0.0985,0.09622156,0.096,82972.23,BTC-13OCT26,0.5604,0.98873,1.95813,0.0,0.0,0.0050000000000000044,BTC,82949.29,0.0
2026-10-11T00:11:49.854723+00:00,BTC-11OCT26-85500-P,82946.49,BTC-11OCT26,put,85500.0,2026-10-11T08:00:00+00:00,0.0008901229902464066,0.0285,0.034,0.03080817,0.03125,82946.49,BTC-11OCT26,0.3357,-0.99874,0.10275,0.1,0.1,0.005500000000000001,BTC,82949.29,281.03
2026-10-11T00:11:49.854723+00:00,BTC-25JUN27-130000-C,86158.07,BTC-25JUN27,call,130000.0,2027-06-25T08:00:00+00:00,0.7045177752831965,0.0225,0.0235,0.0226871,0.023,86158.07,BTC-25JUN27,0.4047,0.14903,167.94536,765.7,0.0,0.0010000000000000009,BTC,82949.09,0.0
2026-10-11T00:11:49.854723+00:00,BTC-12OCT26-83000-P,82963.55,BTC-12OCT26,put,83000.0,2026-10-12T08:00:00+00:00,0.003627973777378508,0.0049,0.0055,0.00529664,0.0052,82963.55,BTC-12OCT26,0.21030000000000001,-0.51175,19.93262,36.2,2.0,0.0005999999999999998,BTC,82949.09,1282.12
2026-10-11T00:11:49.854723+00:00,BTC-27NOV26-90000-P,83555.46,BTC-27NOV26,put,90000.0,2026-11-27T08:00:00+00:00,0.12956910998545518,0.097,0.105,0.1011074,0.101,83555.46,BTC-27NOV26,0.3624,-0.69291,105.7063,9.6,0.0,0.007999999999999993,BTC,82949.09,0.0
2026-10-11T00:11:49.854723+00:00,BTC-25DEC26-40000-C,83886.62,BTC-25DEC26,call,40000.0,2026-12-25T08:00:00+00:00,0.206228932025154,0.5235,0.5255,0.52434922,0.5245,83886.62,BTC-25DEC26,0.7471,0.99065,9.57335,253.2,0.0,0.0020000000000000018,BTC,82949.09,0.0
2026-10-11T00:11:49.854723+00:00,BTC-27NOV26-86000-C,83555.46,BTC-27NOV26,call,86000.0,2026-11-27T08:00:00+00:00,0.12956910998545518,0.039,0.04,0.03955668,0.0395,83555.46,BTC-27NOV26,0.3632,0.43837,118.59262,212.7,24.7,0.0010000000000000009,BTC,82949.09,78670.19
2026-10-11T00:11:49.854723+00:00,BTC-25DEC26-135000-P,83886.62,BTC-25DEC26,put,135000.0,2026-12-25T08:00:00+00:00,0.206228932025154,0.6035,0.617,0.61043491,0.61025,83886.62,BTC-25DEC26,0.4633,-0.98444,14.89325,0.7,0.0,0.013499999999999956,BTC,82949.09,0.0
2026-10-11T00:11:49.854723+00:00,BTC-26MAR27-105000-C,84972.83,BTC-26MAR27,call,105000.0,2027-03-26T08:00:00+00:00,0.4553733536541752,0.033,0.034,0.03337077,0.0335,84972.83,BTC-26MAR27,0.3835,0.24571,180.59623,244.2,0.0,0.0010000000000000009,BTC,82949.09,0.0
2026-10-11T00:11:49.854723+00:00,BTC-26MAR27-100000-P,84971.51,BTC-26MAR27,put,100000.0,2027-03-26T08:00:00+00:00,0.4553733536541752,0.2145,0.2275,0.22120015,0.221,84971.51,BTC-26MAR27,0.38079999999999997,-0.69325,201.42785,13.0,0.0,0.013000000000000012,BTC,82949.09,0.0
2026-10-11T00:11:49.854723+00:00,BTC-24SEP27-160000-P,87264.62,BTC-24SEP27,put,160000.0,2027-09-24T08:00:00+00:00,0.9536621969122177,0.838,0.867,0.85134108,0.8525,87264.62,BTC-24SEP27,0.4251,-0.89476,155.26757,0.0,0.0,0.029000000000000026,BTC,82949.04,0.0
2026-10-11T00:11:49.854723+00:00,BTC-25JUN27-130000-P,86158.07,BTC-25JUN27,put,130000.0,2027-06-25T08:00:00+00:00,0.7045177752831965,0.5225,0.542,0.5315706,0.53225,86158.07,BTC-25JUN27,0.4047,-0.85097,167.94471,3.9,0.0,0.019500000000000073,BTC,82949.04,0.0
2026-10-11T00:11:49.854723+00:00,BTC-25DEC26-20000-P,83885.17,BTC-25DEC26,put,20000.0,2026-12-25T08:00:00+00:00,0.206228932025154,0.0001,0.0003,0.00017938,0.0002,83885.17,BTC-25DEC26,1.1238,-0.00109,1.39243,945.3,0.0,0.00019999999999999998,BTC,82949.04,0.0
2026-10-11T00:11:49.854723+00:00,BTC-30OCT26-74000-C,83215.87,BTC-30OCT26,call,74000.0,2026-10-30T08:00:00+00:00,0.052909287945756334,0.1125,0.1185,0.11530129,0.1155,83215.87,BTC-30OCT26,0.41090000000000004,0.90128,33.28877,615.7,0.0,0.0059999999999999915,BTC,82949.04,0.0
2026-10-11T00:11:49.854723+00:00,BTC-24SEP27-200000-P,87264.62,BTC-24SEP27,put,200000.0,2027-09-24T08:00:00+00:00,0.9536621969122177,1.282,1.3205,1.30046412,1.30125,87264.62,BTC-24SEP27,0.46020000000000005,-0.94741,91.52566,0.0,0.0,0.03849999999999998,BTC,82949.04,0.0
2026-10-11T00:11:49.854723+00:00,BTC-27NOV26-99000-P,83555.46,BTC-27NOV26,put,99000.0,2026-11-27T08:00:00+00:00,0.12956910998545518,0.187,0.196,0.19211325,0.1915,83555.46,BTC-27NOV26,0.37420000000000003,-0.88329,59.01467,0.0,0.0,0.009000000000000008,BTC,82949.04,0.0
2026-10-11T00:11:49.854723+00:00,BTC-25JUN27-80000-C,86158.09,BTC-25JUN27,call,80000.0,2027-06-25T08:00:00+00:00,0.7045177752831965,0.1635,0.166,0.16475416,0.16475,86158.09,BTC-25JUN27,0.3914,0.65173,267.47217,183.3,0.0,0.0025000000000000022,BTC,82949.04,0.0
2026-10-11T00:11:49.854723+00:00,BTC-16OCT26-95000-P,83024.57,BTC-16OCT26,put,95000.0,2026-10-16T08:00:00+00:00,0.014579376925906912,0.142,0.1475,0.14432439,0.14475,83024.57,BTC-16OCT26,0.4181,-0.99589,1.21724,0.1,0.0,0.005500000000000005,BTC,82949.04,0.0
2026-10-11T00:11:49.854723+00:00,BTC-26MAR27-140000-C,84972.83,BTC-26MAR27,call,140000.0,2027-03-26T08:00:00+00:00,0.4553733536541752,0.006,0.007,0.00650076,0.0065,84972.83,BTC-26MAR27,0.43090000000000006,0.05805,66.57815,975.2,0.0,0.001,BTC,82949.04,0.0
2026-10-11T00:11:49.854723+00:00,BTC-27NOV26-73000-C,83555.46,BTC-27NOV26,call,73000.0,2026-11-27T08:00:00+00:00,0.12956910998545518,0.1355,0.143,0.1392724,0.13925,83555.46,BTC-27NOV26,0.40399999999999997,0.84158,72.72952,0.6,0.0,0.007499999999999979,BTC,82948.99,0.0
2026-10-11T00:11:49.854723+00:00,BTC-23OCT26-78000-P,83119.68,BTC-23OCT26,put,78000.0,2026-10-23T08:00:00+00:00,0.03374433243583162,0.0055,0.006,0.00570423,0.00575,83119.68,BTC-23OCT26,0.359,-0.15952,37.09056,1291.1,13.4,0.0005000000000000004,BTC,82948.99,7199.81
2026-10-11T00:11:49.854723+00:00,BTC-25DEC26-62000-C,83886.62,BTC-25DEC26,call,62000.0,2026-12-25T08:00:00+00:00,0.206228932025154,0.2645,0.271,0.26736581,0.26775,83886.62,BTC-25DEC26,0.47,0.93609,47.69027,247.1,0.0,0.006500000000000006,BTC,82949.04,0.0
2026-10-11T00:11:49.854723+00:00,BTC-24SEP27-92000-C,87264.62,BTC-24SEP27,call,92000.0,2027-09-24T08:00:00+00:00,0.9536621969122177,0.1285,0.131,0.12963726,0.12975,87264.62,BTC-24SEP27,0.39030000000000004,0.52075,339.62186,28.1,0.0,0.0025000000000000022,BTC,82948.99,0.0
2026-10-11T00:11:49.854723+00:00,BTC-25JUN27-135000-C,86158.09,BTC-25JUN27,call,135000.0,2027-06-25T08:00:00+00:00,0.7045177752831965,0.0185,0.0195,0.01904884,0.019,86158.09,BTC-25JUN27,0.409,0.12795,151.35787,24.4,0.0,0.0010000000000000009,BTC,82948.99,0.0
2026-10-11T00:11:49.854723+00:00,BTC-25JUN27-82000-C,86158.09,BTC-25JUN27,call,82000.0,2027-06-25T08:00:00+00:00,0.7045177752831965,0.151,0.1535,0.15233207,0.15225,86158.09,BTC-25JUN27,0.3896,0.62355,274.6538,68.3,0.0,0.0025000000000000022,BTC,82948.99,0.0
2026-10-11T00:11:49.854723+00:00,BTC-30OCT26-71000-P,83215.87,BTC-30OCT26,put,71000.0,2026-10-30T08:00:00+00:00,0.052909287945756334,0.0027,0.0029,0.0028206,0.0028,83215.87,BTC-30OCT26,0.45840000000000003,-0.05959,22.68783,2515.5,6.1,0.00019999999999999966,BTC,82948.99,1366.91
2026-10-11T00:11:49.854723+00:00,BTC-25JUN27-110000-C,86158.07,BTC-25JUN27,call,110000.0,2027-06-25T08:00:00+00:00,0.7045177752831965,0.047,0.048,0.04780203,0.0475,86158.07,BTC-25JUN27,0.3876,0.27828,242.7923,289.7,0.0,0.0010000000000000009,BTC,82948.99,0.0
2026-10-11T00:11:49.854723+00:00,BTC-25JUN27-85000-P,86158.09,BTC-25JUN27,put,85000.0,2027-06-25T08:00:00+00:00,0.7045177752831965,0.121,0.1235,0.12172228,0.12225,86158.09,BTC-25JUN27,0.3874,-0.41907,282.64747,17.3,0.0,0.0025000000000000022,BTC,82948.99,0.0
2026-10-11T00:11:49.854723+00:00,BTC-26MAR27-108000-C,84971.51,BTC-26MAR27,call,108000.0,2027-03-26T08:00:00+00:00,0.4553733536541752,0.0275,0.029,0.02829114,0.02825,84971.51,BTC-26MAR27,0.3861,0.21483,167.52225,97.8,0.0,0.0015000000000000013,BTC,82948.99,0.0
2026-10-11T00:11:49.854723+00:00,BTC-27NOV26-74000-C,83555.37,BTC-27NOV26,call,74000.0,2026-11-27T08:00:00+00:00,0.12956910998545518,0.1255,0.1325,0.12906493,0.129,83555.37,BTC-27NOV26,0.3962,0.82189,78.42391,0.4,0.0,0.007000000000000006,BTC,82948.99,0.0
2026-10-11T00:11:49.854723+00:00,BTC-25JUN27-104000-C,86158.09,BTC-25JUN27,call,104000.0,2027-06-25T08:00:00+00:00,0.7045177752831965,0.0605,0.0625,0.06151561,0.0615,86158.09,BTC-25JUN27,0.386,0.33771,264.38321,185.9,0.0,0.0020000000000000018,BTC,82948.99,0.0
2026-10-11T00:11:49.854723+00:00,BTC-11OCT26-93000-P,82946.44,BTC-11OCT26,put,93000.0,2026-10-11T08:00:00+00:00,0.0008901229902464066,0.119,0.1245,0.12122612,0.12175,82946.44,BTC-11OCT26,0.4603,-1.0,0.0,0.0,0.0,0.005500000000000005,BTC,82948.99,0.0
2026-10-11T00:11:49.854723+00:00,BTC-25DEC26-60000-C,83886.62,BTC-25DEC26,call,60000.0,2026-12-25T08:00:00+00:00,0.206228932025154,0.287,0.2935,0.29020867,0.29025,83886.62,BTC-25DEC26,0.491,0.94674,41.32883,784.1,0.0,0.006500000000000006,BTC,82948.99,0.0
2026-10-11T00:11:49.854723+00:00,BTC-13OCT26-82500-C,82972.23,BTC-13OCT26,call,82500.0,2026-10-13T08:00:00+00:00,0.006365824564510609,0.0105,0.012,0.01121915,0.01125,82972.23,BTC-13OCT26,0.2545,0.61491,25.31554,0.0,0.0,0.0014999999999999996,BTC,82948.54,0.0
2026-10-11T00:11:49.854723+00:00,BTC-13OCT26-88000-P,82970.5,BTC-13OCT26,put,88000.0,2026-10-13T08:00:00+00:00,0.006365824564510609,0.0575,0.064,0.06081289,0.06075,82970.5,BTC-13OCT26,0.34740000000000004,-0.98242,2.87358,0.0,0.0,0.006499999999999999,BTC,82948.54,0.0
2026-10-11T00:11:49.854723+00:00,BTC-24SEP27-74000-P,87264.62,BTC-24SEP27,put,74000.0,2027-09-24T08:00:00+00:00,0.9536621969122177,0.079,0.0815,0.08016685,0.08025,87264.62,BTC-24SEP27,0.4021,-0.26892,281.29362,25.1,0.0,0.0025000000000000022,BTC,82948.54,0.0
2026-10-11T00:11:49.854723+00:00,BTC-26MAR27-55000-P,84972.83,BTC-26MAR27,put,55000.0,2027-03-26T08:00:00+00:00,0.4553733536541752,0.0105,0.011,0.01053953,0.01075,84972.83,BTC-26MAR27,0.4777,-0.06551,73.16714,1160.5,0.0,0.0004999999999999987,BTC,82948.54,0.0
2026-10-11T00:11:49.854723+00:00,BTC-25JUN27-150000-C,86158.09,BTC-25JUN27,call,150000.0,2027-06-25T08:00:00+00:00,0.7045177752831965,0.012,0.0125,0.01207178,0.01225,86158.09,BTC-25JUN27,0.4252,0.0846,112.17831,218.9,0.0,0.0005000000000000004,BTC,82948.79,0.0
2026-10-11T00:11:49.854723+00:00,BTC-30OCT26-54000-C,83215.87,BTC-30OCT26,call,54000.0,2026-10-30T08:00:00+00:00,0.052909287945756334,0.3495,0.3535,0.35120572,0.3515,83215.87,BTC-30OCT26,0.7011,0.99712,1.68684,0.1,0.0,0.0040000000000000036,BTC,82948.79,0.0
2026-10-11T00:11:49.854723+00:00,BTC-23OCT26-82000-P,83119.68,BTC-23OCT26,put,82000.0,2026-10-23T08:00:00+00:00,0.03374433243583162,0.017,0.018,0.01749211,0.0175,83119.68,BTC-23OCT26,0.3243,-0.39854,58.95188,571.8,0.1,0.0009999999999999974,BTC,82948.79,145.17
2026-10-11T00:11:49.854723+00:00,BTC-30OCT26-91000-C,83215.87,BTC-30OCT26,call,91000.0,2026-10-30T08:00:00+00:00,0.052909287945756334,0.0046,0.005,0.00475213,0.0048,83215.87,BTC-30OCT26,0.332,0.1288,40.2471,1684.8,0.1,0.0004000000000000002,BTC,82948.79,37.18
2026-10-11T00:11:49.854723+00:00,BTC-30OCT26-82000-P,83215.87,BTC-30OCT26,put,82000.0,2026-10-30T08:00:00+00:00,0.052909287945756334,0.0235,0.024,0.02385796,0.02375,83215.87,BTC-30OCT26,0.3358,-0.40933,74.40784,775.1,7.4,0.0005000000000000004,BTC,82948.79,15942.6
2026-10-11T00:11:49.854723+00:00,BTC-26MAR27-106000-P,84972.83,BTC-26MAR27,put,106000.0,2027-03-26T08:00:00+00:00,0.4553733536541752,0.2725,0.286,0.27910506,0.27925,84972.83,BTC-26MAR27,0.3845,-0.76489,176.31032,0.1,0.0,0.013499999999999956,BTC,82948.79,0.0
2026-10-11T00:11:49.854723+00:00,BTC-16OCT26-78000-C,83024.7,BTC-16OCT26,call,78000.0,2026-10-16T08:00:00+00:00,0.014579376925906912,0.06,0.065,0.062442,0.0625,83024.7,BTC-16OCT26,0.3884,0.91212,15.9982,2.4,0.0,0.0050000000000000044,BTC,82948.54,0.0
2026-10-11T00:11:49.854723+00:00,BTC-23OCT26-89000-C,83119.57,BTC-23OCT26,call,89000.0,2026-10-23T08:00:00+00:00,0.03374433243583162,0.0036,0.0039,0.00376854,0.00375,83119.57,BTC-23OCT26,0.3222,0.13028,32.35865,372.4,9.8,0.0002999999999999999,BTC,82948.54,2995.74
2026-10-11T00:11:49.854723+00:00,BTC-12OCT26-86000-C,82962.1,BTC-12OCT26,call,86000.0,2026-10-12T08:00:00+00:00,0.003627973777378508,0.0001,0.0003,0.00018653,0.0002,82962.1,BTC-12OCT26,0.3074,0.02662,3.07874,118.2,0.2,0.00019999999999999998,BTC,82948.54,4.98
2026-10-11T00:11:49.854723+00:00,BTC-12OCT26-77000-C,82962.1,BTC-12OCT26,call,77000.0,2026-10-12T08:00:00+00:00,0.003627973777378508,0.0695,0.074,0.07188955,0.07175,82962.1,BTC-12OCT26,0.4758,0.99555,0.65187,0.0,0.0,0.00449999999999999,BTC,82948.54,0.0
2026-10-11T00:11:49.854723+00:00,BTC-25DEC26-210000-P,83885.17,BTC-25DEC26,put,210000.0,2026-12-25T08:00:00+00:00,0.206228932025154,1.4925,1.5135,1.50356766,1.503,83885.17,BTC-25DEC26,0.6596,-0.99821,2.18641,0.0,0.0,0.02100000000000013,BTC,82948.54,0.0
2026-10-11T00:11:49.854723+00:00,BTC-30OCT26-54000-P,83215.87,BTC-30OCT26,put,54000.0,2026-10-30T08:00:00+00:00,0.052909287945756334,0.0001,0.0002,0.00014653,0.00015,83215.87,BTC-30OCT26,0.7011,-0.00288,1.68686,193.0,0.1,0.0001,BTC,82948.54,0.83
2026-10-11T00:11:49.854723+00:00,BTC-13OCT26-75000-P,82970.5,BTC-13OCT26,put,75000.0,2026-10-13T08:00:00+00:00,0.006365824564510609,0.0001,0.0003,0.00017603,0.0002,82970.5,BTC-13OCT26,0.5604,-0.01127,1.95891,2.0,0.0,0.00019999999999999998,BTC,82948.54,0.0
2026-10-11T00:11:49.854723+00:00,BTC-25DEC26-80000-C,83886.62,BTC-25DEC26,call,80000.0,2026-12-25T08:00:00+00:00,0.206228932025154,0.0915,0.093,0.0921815,0.09225,83886.62,BTC-25DEC26,0.376,0.64174,142.32868,8639.3,0.0,0.0015000000000000013,BTC,82948.54,0.0
2026-10-11T00:11:49.854723+00:00,BTC-24SEP27-80000-P,87264.62,BTC-24SEP27,put,80000.0,2027-09-24T08:00:00+00:00,0.9536621969122177,0.1075,0.1105,0.10918851,0.109,87264.62,BTC-24SEP27,0.39649999999999996,-0.33798,311.63116,337.7,0.0,0.0030000000000000027,BTC,82948.54,0.0
2026-10-11T00:11:49.854723+00:00,BTC-25DEC26-105000-P,83886.62,BTC-25DEC26,put,105000.0,2026-12-25T08:00:00+00:00,0.206228932025154,0.2555,0.266,0.26084782,0.26075,83886.62,BTC-25DEC26,0.3843,-0.88468,74.11311,107.5,0.0,0.01050000000000001,BTC,82948.54,0.0
2026-10-11T00:11:49.854723+00:00,BTC-25DEC26-200000-P,83885.17,BTC-25DEC26,put,200000.0,2026-12-25T08:00:00+00:00,0.206228932025154,1.375,1.394,1.38437382,1.3845,83885.17,BTC-25DEC26,0.6346,-0.99795,2.47488,0.0,0.0,0.018999999999999906,BTC,82948.54,0.0
2026-10-11T00:11:49.854723+00:00,BTC-27NOV26-106000-C,83555.37,BTC-27NOV26,call,106000.0,2026-11-27T08:00:00+00:00,0.12956910998545518,0.0029,0.0033,0.00310934,0.0031,83555.37,BTC-27NOV26,0.3946,0.05444,33.19732,31.3,0.0,0.0004000000000000002,BTC,82948.79,0.0
2026-10-11T00:11:49.854723+00:00,BTC-27NOV26-102000-P,83555.46,BTC-27NOV26,put,102000.0,2026-11-27T08:00:00+00:00,0.12956910998545518,0.221,0.2295,0.22590665,0.22525,83555.46,BTC-27NOV26,0.38530000000000003,-0.91443,47.0528,5.0,0.0,0.008500000000000008,BTC,82948.79,0.0
2026-10-11T00:11:49.854723+00:00,BTC-23OCT26-88000-C,83119.68,BTC-23OCT26,call,88000.0,2026-10-23T08:00:00+00:00,0.03374433243583162,0.005,0.0055,0.00528473,0.00525,83119.68,BTC-23OCT26,0.3191,0.17254,39.01943,160.5,6.4,0.0004999999999999996,BTC,82948.79,2649.35
2026-10-11T00:11:49.854723+00:00,BTC-27NOV26-67000-P,83555.46,BTC-27NOV26,put,67000.0,2026-11-27T08:00:00+00:00,0.12956910998545518,0.0055,0.0065,0.00597068,0.006,83555.46,BTC-27NOV26,0.45409999999999995,-0.07608,43.05494,281.7,0.1,0.001,BTC,82948.79,49.57
2026-10-11T00:11:49.854723+00:00,BTC-11OCT26-84500-C,82946.44,BTC-11OCT26,call,84500.0,2026-10-11T08:00:00+00:00,0.0008901229902464066,,0.0001,6.944e-05,,82946.44,BTC-11OCT26,0.30469999999999997,0.02084,1.2409,138.2,45.6,,BTC,82948.79,711.29
2026-10-11T00:11:49.854723+00:00,BTC-23OCT26-86000-P,83119.57,BTC-23OCT26,put,86000.0,2026-10-23T08:00:00+00:00,0.03374433243583162,0.043,0.046,0.04450112,0.0445,83119.57,BTC-23OCT26,0.3105,-0.71527,51.83076,69.6,0.0,0.0030000000000000027,BTC,82948.74,0.0
2026-10-11T00:11:49.854723+00:00,BTC-30OCT26-64000-P,83215.87,BTC-30OCT26,put,64000.0,2026-10-30T08:00:00+00:00,0.052909287945756334,0.0008,0.0009,0.00084417,0.00085,83215.87,BTC-30OCT26,0.5578,-0.01744,8.2493,1274.4,32.9,9.999999999999994e-05,BTC,82948.79,2454.8
2026-10-11T00:11:49.854723+00:00,BTC-30OCT26-75000-C,83215.87,BTC-30OCT26,call,75000.0,2026-10-30T08:00:00+00:00,0.052909287945756334,0.1015,0.107,0.10415441,0.10425,83215.87,BTC-30OCT26,0.3957,0.88241,37.75851,1174.7,0.0,0.005499999999999991,BTC,82948.74,0.0
2026-10-11T00:11:49.854723+00:00,BTC-26MAR27-60000-C,84972.83,BTC-26MAR27,call,60000.0,2027-03-26T08:00:00+00:00,0.4553733536541752,0.305,0.313,0.30933686,0.309,84972.83,BTC-26MAR27,0.4465,0.90409,97.63142,647.9,0.0,0.008000000000000007,BTC,82948.74,0.0
2026-10-11T00:11:49.854723+00:00,BTC-25DEC26-170000-P,83886.62,BTC-25DEC26,put,170000.0,2026-12-25T08:00:00+00:00,0.206228932025154,1.019,1.035,1.026838,1.027,83886.62,BTC-25DEC26,0.5523,-0.99642,4.08349,0.1,0.0,0.016000000000000014,BTC,82948.74,0.0
2026-10-11T00:11:49.854723+00:00,BTC-12OCT26-80000-P,82962.1,BTC-12OCT26,put,80000.0,2026-10-12T08:00:00+00:00,0.003627973777378508,0.0003,0.0004,0.00030194,0.00035,82962.1,BTC-12OCT26,0.33909999999999996,-0.037,4.04182,103.5,13.2,0.00010000000000000005,BTC,82948.74,405.25
2026-10-11T00:11:49.854723+00:00,BTC-30OCT26-85000-C,83215.87,BTC-30OCT26,call,85000.0,2026-10-30T08:00:00+00:00,0.052909287945756334,0.02,0.021,0.02059796,0.0205,83215.87,BTC-30OCT26,0.3248,0.40271,74.10648,2245.0,6.0,0.0010000000000000009,BTC,82948.74,9740.13
2026-10-11T00:11:49.854723+00:00,BTC-30OCT26-66000-P,83215.87,BTC-30OCT26,put,66000.0,2026-10-30T08:00:00+00:00,0.052909287945756334,0.0011,0.0013,0.00123246,0.0012,83215.87,BTC-30OCT26,0.5325,-0.02539,11.33575,668.5,4.7,0.00019999999999999987,BTC,82948.74,476.62
2026-10-11T00:11:49.854723+00:00,BTC-24SEP27-104000-P,87263.12,BTC-24SEP27,put,104000.0,2027-09-24T08:00:00+00:00,0.9536621969122177,0.2695,0.288,0.2786656,0.27875,87263.12,BTC-24SEP27,0.39049999999999996,-0.60614,327.9727,0.0,0.0,0.01849999999999996,BTC,82948.74,0.0
2026-10-11T00:11:49.854723+00:00,BTC-16OCT26-76000-P,83024.7,BTC-16OCT26,put,76000.0,2026-10-16T08:00:00+00:00,0.014579376925906912,0.0011,0.0012,0.00111918,0.00115,83024.7,BTC-16OCT26,0.4486,-0.04864,10.11802,1234.8,2.0,9.999999999999983e-05,BTC,82948.74,182.86
2026-10-11T00:11:49.854723+00:00,BTC-11OCT26-76000-P,82946.44,BTC-11OCT26,put,76000.0,2026-10-11T08:00:00+00:00,0.0008901229902464066,,0.0001,0.0,,82946.44,BTC-11OCT26,0.6037,0.0,7e-05,27.7,1.0,,BTC,82948.74,8.27
2026-10-11T00:11:49.854723+00:00,BTC-11OCT26-79000-P,82946.44,BTC-11OCT26,put,79000.0,2026-10-11T08:00:00+00:00,0.0008901229902464066,,0.0001,1.04e-06,,82946.44,BTC-11OCT26,0.4752,-0.00029,0.02618,109.2,43.4,,BTC,82948.74,953.8
2026-10-11T00:11:49.854723+00:00,BTC-25DEC26-72000-C,83886.62,BTC-25DEC26,call,72000.0,2026-12-25T08:00:00+00:00,0.206228932025154,0.157,0.164,0.16062733,0.1605,83886.62,BTC-25DEC26,0.4014,0.82355,98.74591,1201.7,0.0,0.007000000000000006,BTC,82948.74,0.0
2026-10-11T00:11:49.854723+00:00,BTC-25DEC26-40000-P,83886.62,BTC-25DEC26,put,40000.0,2026-12-25T08:00:00+00:00,0.206228932025154,0.0011,0.0012,0.00119189,0.00115,83886.62,BTC-25DEC26,0.7471,-0.00935,9.57393,5001.6,4.4,9.999999999999983e-05,BTC,82948.74,442.14
2026-10-11T00:11:49.854723+00:00,BTC-24SEP27-70000-P,87264.62,BTC-24SEP27,put,70000.0,2027-09-24T08:00:00+00:00,0.9536621969122177,0.063,0.065,0.06418855,0.064,87264.62,BTC-24SEP27,0.4077,-0.22586,256.21458,8.3,0.0,0.0020000000000000018,BTC,82948.74,0.0
2026-10-11T00:11:49.854723+00:00,BTC-25DEC26-135000-C,83886.62,BTC-25DEC26,call,135000.0,2026-12-25T08:00:00+00:00,0.206228932025154,0.0009,0.0013,0.00109089,0.0011,83886.62,BTC-25DEC26,0.4633,0.01556,14.89186,1525.7,3.0,0.00039999999999999996,BTC,82948.74,273.06
2026-10-11T00:11:49.854723+00:00,BTC-11OCT26-87000-C,82946.44,BTC-11OCT26,call,87000.0,2026-10-11T08:00:00+00:00,0.0008901229902464066,,0.0001,1e-08,,82946.44,BTC-11OCT26,0.35350000000000004,0.0,0.00036,93.6,0.0,,BTC,82948.74,0.0
2026-10-11T00:11:49.854723+00:00,BTC-11OCT26-94000-C,82946.49,BTC-11OCT26,call,94000.0,2026-10-11T08:00:00+00:00,0.0008901229902464066,,0.0001,0.0,,82946.49,BTC-11OCT26,0.4603,0.0,0.0,0.0,0.0,,BTC,82948.74,0.0
2026-10-11T00:11:49.854723+00:00,BTC-14OCT26-92000-C,82996.96,BTC-14OCT26,call,92000.0,2026-10-14T08:00:00+00:00,0.00910367535164271,,0.0001,3.836e-05,,82996.96,BTC-14OCT26,0.39549999999999996,0.00337,0.80433,0.0,0.0,,BTC,82948.74,0.0
2026-10-11T00:11:49.854723+00:00,BTC-24SEP27-135000-C,87263.12,BTC-24SEP27,call,135000.0,2027-09-24T08:00:00+00:00,0.9536621969122177,0.0325,0.0345,0.03354516,0.0335,87263.12,BTC-24SEP27,0.4065,0.18401,226.786,100.1,0.0,0.0020000000000000018,BTC,82948.74,0.0
2026-10-11T00:11:49.854723+00:00,BTC-25DEC26-104000-P,83886.62,BTC-25DEC26,put,104000.0,2026-12-25T08:00:00+00:00,0.206228932025154,0.2445,0.255,0.24981301,0.24975,83886.62,BTC-25DEC26,0.3824,-0.87501,78.44162,0.3,0.0,0.01050000000000001,BTC,82948.74,0.0
2026-10-11T00:11:49.854723+00:00,BTC-30OCT26-76000-C,83215.87,BTC-30OCT26,call,76000.0,2026-10-30T08:00:00+00:00,0.052909287945756334,0.0905,0.0965,0.09338822,0.0935,83215.87,BTC-30OCT26,0.3845,0.85759,43.11502,514.5,0.0,0.006000000000000005,BTC,82948.74,0.0
2026-10-11T00:11:49.854723+00:00,BTC-12OCT26-82500-P,82963.55,BTC-12OCT26,put,82500.0,2026-10-12T08:00:00+00:00,0.003627973777378508,0.0026,0.003,0.00273451,0.0028,82963.55,BTC-12OCT26,0.20989999999999998,-0.32744,18.04524,17.1,3.0,0.0004000000000000002,BTC,82948.74,712.2
2026-10-11T00:11:49.854723+00:00,BTC-24SEP27-120000-C,87264.62,BTC-24SEP27,call,120000.0,2027-09-24T08:00:00+00:00,0.9536621969122177,0.051,0.053,0.05205241,0.052,87264.62,BTC-24SEP27,0.397,0.26516,279.3016,12.7,0.0,0.0020000000000000018,BTC,82948.74,0.0
2026-10-11T00:11:49.854723+00:00,BTC-25JUN27-68000-P,86158.09,BTC-25JUN27,put,68000.0,2027-06-25T08:00:00+00:00,0.7045177752831965,0.044,0.0455,0.0446775,0.04475,86158.09,BTC-25JUN27,0.4118,-0.19561,199.83369,22.6,0.0,0.0015000000000000013,BTC,82948.74,0.0
2026-10-11T00:11:49.854723+00:00,BTC-25DEC26-85000-P,83886.62,BTC-25DEC26,put,85000.0,2026-12-25T08:00:00+00:00,0.206228932025154,0.0735,0.0745,0.07408081,0.074,83886.62,BTC-25DEC26,0.3689,-0.49796,152.02642,608.6,0.0,0.0010000000000000009,BTC,82948.74,0.0
2026-10-11T00:11:49.854723+00:00,BTC-27NOV26-95000-C,83555.46,BTC-27NOV26,call,95000.0,2026-11-27T08:00:00+00:00,0.12956910998545518,0.012,0.0125,0.01239352,0.01225,83555.46,BTC-27NOV26,0.36719999999999997,0.18275,79.70062,1102.6,0.2,0.0005000000000000004,BTC,82948.74,198.24
2026-10-11T00:11:49.854723+00:00,BTC-25DEC26-84000-P,83886.62,BTC-25DEC26,put,84000.0,2026-12-25T08:00:00+00:00,0.206228932025154,0.067,0.068,0.06765117,0.0675,83886.62,BTC-25DEC26,0.3697,-0.46975,151.59104,265.3,0.0,0.0010000000000000009,BTC,82948.74,0.0
2026-10-11T00:11:49.854723+00:00,BTC-30OCT26-70000-C,83215.87,BTC-30OCT26,call,70000.0,2026-10-30T08:00:00+00:00,0.052909287945756334,0.159,0.164,0.16111722,0.1615,83215.87,BTC-30OCT26,0.47119999999999995,0.95047,19.60063,3746.9,0.0,0.0050000000000000044,BTC,82948.74,0.0
2026-10-11T00:11:49.854723+00:00,BTC-30OCT26-86000-C,83215.87,BTC-30OCT26,call,86000.0,2026-10-30T08:00:00+00:00,0.052909287945756334,0.016,0.017,0.01656868,0.0165,83215.87,BTC-30OCT26,0.3261,0.34422,70.48941,1521.5,21.2,0.0010000000000000009,BTC,82948.74,28345.57
2026-10-11T00:11:49.854723+00:00,BTC-12OCT26-78000-P,82962.1,BTC-12OCT26,put,78000.0,2026-10-12T08:00:00+00:00,0.003627973777378508,,0.0001,0.00011136,,82962.1,BTC-12OCT26,0.4542,-0.01169,1.52636,69.1,10.3,,BTC,82948.74,368.36
2026-10-11T00:11:49.854723+00:00,BTC-23OCT26-100000-P,83119.68,BTC-23OCT26,put,100000.0,2026-10-23T08:00:00+00:00,0.03374433243583162,0.1995,0.2065,0.20325049,0.203,83119.68,BTC-23OCT26,0.3973,-0.99372,2.7039,0.0,0.0,0.0069999999999999785,BTC,82948.74,0.0
2026-10-11T00:11:49.854723+00:00,BTC-27NOV26-120000-C,83555.46,BTC-27NOV26,call,120000.0,2026-11-27T08:00:00+00:00,0.12956910998545518,0.0008,0.0009,0.00086682,0.00085,83555.46,BTC-27NOV26,0.4506,0.01577,11.89426,122.9,0.0,9.999999999999994e-05,BTC,82948.74,0.0
2026-10-11T00:11:49.854723+00:00,BTC-13OCT26-78000-P,82970.5,BTC-13OCT26,put,78000.0,2026-10-13T08:00:00+00:00,0.006365824564510609,0.0004,0.0005,0.00046311,0.00045,82970.5,BTC-13OCT26,0.4279,-0.03387,4.98139,0.4,0.1,9.999999999999999e-05,BTC,82948.74,4.14
2026-10-11T00:11:49.854723+00:00,BTC-26MAR27-180000-P,84972.83,BTC-26MAR27,put,180000.0,2027-03-26T08:00:00+00:00,0.4553733536541752,1.1095,1.132,1.1204411,1.12075,84972.83,BTC-26MAR27,0.4946,-0.98131,26.22043,0.1,0.0,0.022499999999999964,BTC,82948.74,0.0
2026-10-11T00:11:49.854723+00:00,BTC-11OCT26-88000-P,82946.44,BTC-11OCT26,put,88000.0,2026-10-11T08:00:00+00:00,0.0008901229902464066,0.0585,0.064,0.06094515,0.06125,82946.44,BTC-11OCT26,0.35359999999999997,-1.0,0.0,0.0,0.0,0.005499999999999998,BTC,82948.74,0.0
2026-10-11T00:11:49.854723+00:00,BTC-25JUN27-72000-C,86158.07,BTC-25JUN27,call,72000.0,2027-06-25T08:00:00+00:00,0.7045177752831965,0.2205,0.2235,0.22222072,0.222,86158.07,BTC-25JUN27,0.4031,0.75794,225.944,87.4,0.0,0.0030000000000000027,BTC,82948.74,0.0
2026-10-11T00:11:49.854723+00:00,BTC-16OCT26-82000-P,83024.57,BTC-16OCT26,put,82000.0,2026-10-16T08:00:00+00:00,0.014579376925906912,0.0095,0.01,0.00980109,0.00975,83024.57,BTC-16OCT26,0.3169,-0.3656,37.7139,352.4,2.6,0.0005000000000000004,BTC,82948.74,2207.93
2026-10-11T00:11:49.854723+00:00,BTC-11OCT26-91000-P,82946.49,BTC-11OCT26,put,91000.0,2026-10-11T08:00:00+00:00,0.0008901229902464066,0.095,0.1,0.09711373,0.0975,82946.49,BTC-11OCT26,0.4603,-1.0,0.0,0.0,0.0,0.0050000000000000044,BTC,82948.74,0.0
2026-10-11T00:11:49.854723+00:00,BTC-12OCT26-88000-P,82962.1,BTC-12OCT26,put,88000.0,2026-10-12T08:00:00+00:00,0.003627973777378508,0.059,0.064,0.06075004,0.0615,82962.1,BTC-12OCT26,0.3207,-0.99883,0.19499,0.0,0.0,0.0050000000000000044,BTC,82948.74,0.0
2026-10-11T00:11:49.854723+00:00,BTC-24SEP27-84000-C,87264.62,BTC-24SEP27,call,84000.0,2027-09-24T08:00:00+00:00,0.9536621969122177,0.1675,0.171,0.16917963,0.16925,87264.62,BTC-24SEP27,0.39399999999999996,0.61464,325.94087,502.6,0.0,0.003500000000000003,BTC,82948.74,0.0
2026-10-11T00:11:49.854723+00:00,BTC-16OCT26-89000-P,83024.7,BTC-16OCT26,put,89000.0,2026-10-16T08:00:00+00:00,0.014579376925906912,0.0705,0.0755,0.07259522,0.073,83024.7,BTC-16OCT26,0.32299999999999995,-0.961,8.46613,7.6,0.0,0.0050000000000000044,BTC,82948.74,0.0
2026-10-11T00:11:49.854723+00:00,BTC-25JUN27-110000-P,86158.09,BTC-25JUN27,put,110000.0,2027-06-25T08:00:00+00:00,0.7045177752831965,0.317,0.3335,0.32454961,0.32525,86158.09,BTC-25JUN27,0.3876,-0.72173,242.79131,5.3,0.0,0.016500000000000015,BTC,82948.74,0.0
2026-10-11T00:11:49.854723+00:00,BTC-24SEP27-150000-C,87264.62,BTC-24SEP27,call,150000.0,2027-09-24T08:00:00+00:00,0.9536621969122177,0.022,0.0235,0.02276928,0.02275,87264.62,BTC-24SEP27,0.41840000000000005,0.13111,181.39346,27.7,0.0,0.0015000000000000013,BTC,82948.74,0.0
2026-10-11T00:11:49.854723+00:00,BTC-11OCT26-74000-P,82946.44,BTC-11OCT26,put,74000.0,2026-10-11T08:00:00+00:00,0.0008901229902464066,,0.0001,0.0,,82946.44,BTC-11OCT26,0.67,0.0,0.0,13.9,0.0,,BTC,82948.74,0.0
2026-10-11T00:11:49.854723+00:00,BTC-23OCT26-75000-P,83119.57,BTC-23OCT26,put,75000.0,2026-10-23T08:00:00+00:00,0.03374433243583162,0.0027,0.003,0.00288452,0.00285,83119.57,BTC-23OCT26,0.4117,-0.08128,22.98057,369.8,6.3,0.0002999999999999999,BTC,82948.74,1607.68
2026-10-11T00:11:49.854723+00:00,BTC-13OCT26-80000-C,82972.23,BTC-13OCT26,call,80000.0,2026-10-13T08:00:00+00:00,0.006365824564510609,0.034,0.0395,0.03681031,0.03675,82972.23,BTC-13OCT26,0.3337,0.91677,10.14354,0.0,0.0,0.005499999999999998,BTC,82948.74,0.0
2026-10-11T00:11:49.854723+00:00,BTC-12OCT26-92000-C,82962.1,BTC-12OCT26,call,92000.0,2026-10-12T08:00:00+00:00,0.003627973777378508,,0.0001,8e-08,,82962.1,BTC-12OCT26,0.4092,1e-05,0.00317,0.0,0.0,,BTC,82948.74,0.0
2026-10-11T00:11:49.854723+00:00,BTC-27NOV26-110000-C,83555.46,BTC-27NOV26,call,110000.0,2026-11-27T08:00:00+00:00,0.12956910998545518,0.0018,0.0022,0.00200076,0.002,83555.46,BTC-27NOV26,0.408,0.03606,23.82224,357.6,0.0,0.0004000000000000002,BTC,82948.99,0.0
2026-10-11T00:11:49.854723+00:00,BTC-16OCT26-92000-C,83024.57,BTC-16OCT26,call,92000.0,2026-10-16T08:00:00+00:00,0.014579376925906912,0.0001,0.0002,0.00014569,0.00015,83024.57,BTC-16OCT26,0.3618,0.00998,2.66735,623.7,5.8,0.0001,BTC,82948.99,59.57
2026-10-11T00:11:49.854723+00:00,BTC-23OCT26-79000-P,83119.68,BTC-23OCT26,put,79000.0,2026-10-23T08:00:00+00:00,0.03374433243583162,0.007,0.008,0.0075138,0.0075,83119.68,BTC-23OCT26,0.3471,-0.20361,43.22109,109.1,0.1,0.001,BTC,82948.99,70.14
2026-10-11T00:11:49.854723+00:00,BTC-25DEC26-130000-C,83886.62,BTC-25DEC26,call,130000.0,2026-12-25T08:00:00+00:00,0.206228932025154,0.0012,0.0014,0.00139029,0.0013,83886.62,BTC-25DEC26,0.4471,0.01993,18.39348,1569.6,0.0,0.0002000000000000001,BTC,82948.99,0.0
2026-10-11T00:11:49.854723+00:00,BTC-26MAR27-92000-C,84972.83,BTC-26MAR27,call,92000.0,2027-03-26T08:00:00+00:00,0.4553733536541752,0.069,0.0705,0.06981617,0.06975,84972.83,BTC-26MAR27,0.3795,0.42775,225.06904,419.8,0.0,0.0014999999999999875,BTC,82948.99,0.0
2026-10-11T00:11:49.854723+00:00,BTC-12OCT26-79500-P,82962.1,BTC-12OCT26,put,79500.0,2026-10-12T08:00:00+00:00,0.003627973777378508,0.0001,0.0003,0.00017953,0.0002,82962.1,BTC-12OCT26,0.3544,-0.02243,2.66623,6.0,1.9,0.00019999999999999998,BTC,82948.99,82.8
2026-10-11T00:11:49.854723+00:00,BTC-30OCT26-87000-C,83215.87,BTC-30OCT26,call,87000.0,2026-10-30T08:00:00+00:00,0.052909287945756334,0.0125,0.013,0.0128058,0.01275,83215.87,BTC-30OCT26,0.3226,0.2871,65.23575,881.2,170.4,0.0004999999999999987,BTC,82948.99,175020.3
2026-10-11T00:11:49.854723+00:00,BTC-25JUN27-58000-P,86158.07,BTC-25JUN27,put,58000.0,2027-06-25T08:00:00+00:00,0.7045177752831965,0.0215,0.023,0.02221544,0.02225,86158.07,BTC-25JUN27,0.4429,-0.10563,132.11441,101.6,0.0,0.0015000000000000013,BTC,82948.99,0.0
2026-10-11T00:11:49.854723+00:00,BTC-27NOV26-71000-C,83555.46,BTC-27NOV26,call,71000.0,2026-11-27T08:00:00+00:00,0.12956910998545518,0.157,0.164,0.16020971,0.1605,83555.46,BTC-27NOV26,0.4193,0.87577,61.66681,0.2,0.0,0.007000000000000006,BTC,82948.99,0.0
2026-10-11T00:11:49.854723+00:00,BTC-13OCT26-87000-P,82972.23,BTC-13OCT26,put,87000.0,2026-10-13T08:00:00+00:00,0.006365824564510609,0.046,0.052,0.04887985,0.049,82972.23,BTC-13OCT26,0.3147,-0.96951,4.56748,0.0,0.0,0.005999999999999998,BTC,82948.99,0.0
2026-10-11T00:11:49.854723+00:00,BTC-24SEP27-112000-C,87264.62,BTC-24SEP27,call,112000.0,2027-09-24T08:00:00+00:00,0.9536621969122177,0.0655,0.068,0.06682424,0.06675,87264.62,BTC-24SEP27,0.39280000000000004,0.32329,306.144,0.0,0.0,0.0025000000000000022,BTC,82948.99,0.0
2026-10-11T00:11:49.854723+00:00,BTC-11OCT26-84000-C,82946.44,BTC-11OCT26,call,84000.0,2026-10-11T08:00:00+00:00,0.0008901229902464066,0.0001,0.0002,0.00014906,0.00015,82946.44,BTC-11OCT26,0.2534,0.04779,2.46196,135.6,53.8,0.0001,BTC,82948.99,1467.51
2026-10-11T00:11:49.854723+00:00,BTC-26MAR27-96000-P,84972.83,BTC-26MAR27,put,96000.0,2027-03-26T08:00:00+00:00,0.4553733536541752,0.179,0.1915,0.18556818,0.18525,84972.83,BTC-26MAR27,0.38,-0.6359,215.42376,6.8,0.0,0.012500000000000011,BTC,82948.99,0.0
2026-10-11T00:11:49.854723+00:00,BTC-30OCT26-88000-C,83215.87,BTC-30OCT26,call,88000.0,2026-10-30T08:00:00+00:00,0.052909287945756334,0.0095,0.0105,0.01004784,0.01,83215.87,BTC-30OCT26,0.324,0.23811,59.26943,1724.3,7.7,0.0010000000000000009,BTC,82948.99,6397.71
2026-10-11T00:11:49.854723+00:00,BTC-23OCT26-88000-P,83119.68,BTC-23OCT26,put,88000.0,2026-10-23T08:00:00+00:00,0.03374433243583162,0.0605,0.0675,0.06401758,0.064,83119.68,BTC-23OCT26,0.3191,-0.82748,39.01538,0.0,0.0,0.007000000000000006,BTC,82948.99,0.0
2026-10-11T00:11:49.854723+00:00,BTC-30OCT26-62000-C,83215.87,BTC-30OCT26,call,62000.0,2026-10-30T08:00:00+00:00,0.052909287945756334,0.253,0.258,0.25551363,0.2555,83215.87,BTC-30OCT26,0.5856,0.98783,6.05604,13.5,0.0,0.0050000000000000044,BTC,82948.99,0.0
2026-10-11T00:11:49.854723+00:00,BTC-25JUN27-74000-C,86158.09,BTC-25JUN27,call,74000.0,2027-06-25T08:00:00+00:00,0.7045177752831965,0.205,0.208,0.20687372,0.2065,86158.09,BTC-25JUN27,0.40009999999999996,0.73267,238.0087,23.4,0.0,0.0030000000000000027,BTC,82949.04,0.0
2026-10-11T00:11:49.854723+00:00,BTC-23OCT26-83000-C,83119.57,BTC-23OCT26,call,83000.0,2026-10-23T08:00:00+00:00,0.03374433243583162,0.0235,0.0245,0.0241772,0.024,83119.57,BTC-23OCT26,0.32030000000000003,0.5214,60.84563,324.8,0.2,0.0010000000000000009,BTC,82949.04,371.66
2026-10-11T00:11:49.854723+00:00,BTC-25JUN27-68000-C,86158.09,BTC-25JUN27,call,68000.0,2027-06-25T08:00:00+00:00,0.7045177752831965,0.2535,0.2565,0.25541537,0.255,86158.09,BTC-25JUN27,0.4118,0.80439,199.83321,14.8,0.0,0.0030000000000000027,BTC,82949.04,0.0
2026-10-11T00:11:49.854723+00:00,BTC-11OCT26-90000-C,82946.49,BTC-11OCT26,call,90000.0,2026-10-11T08:00:00+00:00,0.0008901229902464066,,0.0001,0.0,,82946.49,BTC-11OCT26,0.4526,0.0,0.0,2.5,0.0,,BTC,82949.04,0.0
2026-10-11T00:11:49.854723+00:00,BTC-26MAR27-65000-P,84972.83,BTC-26MAR27,put,65000.0,2027-03-26T08:00:00+00:00,0.4553733536541752,0.023,0.024,0.02345631,0.0235,84972.83,BTC-26MAR27,0.42450000000000004,-0.14046,127.95598,897.5,0.0,0.0010000000000000009,BTC,82949.04,0.0
2026-10-11T00:11:49.854723+00:00,BTC-30OCT26-57000-C,83215.87,BTC-30OCT26,call,57000.0,2026-10-30T08:00:00+00:00,0.052909287945756334,0.3135,0.3175,0.31528165,0.3155,83215.87,BTC-30OCT26,0.6648000000000001,0.9946,2.96399,0.1,0.0,0.0040000000000000036,BTC,82949.04,0.0
2026-10-11T00:11:49.854723+00:00,BTC-16OCT26-76000-C,83024.7,BTC-16OCT26,call,76000.0,2026-10-16T08:00:00+00:00,0.014579376925906912,0.0825,0.088,0.08571041,0.08525,83024.7,BTC-16OCT26,0.4486,0.95135,10.11893,0.0,0.0,0.005499999999999991,BTC,82949.04,0.0
2026-10-11T00:11:49.854723+00:00,BTC-23OCT26-73000-P,83119.68,BTC-23OCT26,put,73000.0,2026-10-23T08:00:00+00:00,0.03374433243583162,0.0018,0.002,0.0019026,0.0019,83119.68,BTC-23OCT26,0.4485,-0.05305,16.51286,28.0,0.6,0.0002000000000000001,BTC,82949.04,90.38
2026-10-11T00:11:49.854723+00:00,BTC-25DEC26-210000-C,83886.62,BTC-25DEC26,call,210000.0,2026-12-25T08:00:00+00:00,0.206228932025154,0.0001,0.0002,0.00014363,0.00015,83886.62,BTC-25DEC26,0.6596,0.00179,2.18632,162.5,0.0,0.0001,BTC,82949.04,0.0
2026-10-11T00:11:49.854723+00:00,BTC-25DEC26-92000-C,83886.62,BTC-25DEC26,call,92000.0,2026-12-25T08:00:00+00:00,0.206228932025154,0.0315,0.032,0.03187949,0.03175,83886.62,BTC-25DEC26,0.36829999999999996,0.31987,136.25585,811.4,1.0,0.0005000000000000004,BTC,82949.04,2613.77
2026-10-11T00:11:49.854723+00:00,BTC-14OCT26-77000-P,82996.9,BTC-14OCT26,put,77000.0,2026-10-14T08:00:00+00:00,0.00910367535164271,0.0005,0.0007,0.00058151,0.0006,82996.9,BTC-14OCT26,0.43770000000000003,-0.03473,6.08198,0.1,0.1,0.00019999999999999998,BTC,82949.04,4.97
2026-10-11T00:11:49.854723+00:00,BTC-12OCT26-90000-P,82962.1,BTC-12OCT26,put,90000.0,2026-10-12T08:00:00+00:00,0.003627973777378508,0.083,0.088,0.08485227,0.0855,82962.1,BTC-12OCT26,0.37,-0.99986,0.02625,0.0,0.0,0.0049999999999999906,BTC,82949.04,0.0
2026-10-11T00:11:49.854723+00:00,BTC-24SEP27-210000-P,87264.62,BTC-24SEP27,put,210000.0,2027-09-24T08:00:00+00:00,0.9536621969122177,1.3945,1.435,1.41379589,1.41475,87264.62,BTC-24SEP27,0.46759999999999996,-0.9549,80.94853,0.0,0.0,0.04049999999999998,BTC,82949.04,0.0
2026-10-11T00:11:49.854723+00:00,BTC-25JUN27-112000-P,86158.09,BTC-25JUN27,put,112000.0,2027-06-25T08:00:00+00:00,0.7045177752831965,0.3365,0.3535,0.34427245,0.345,86158.09,BTC-25JUN27,0.3895,-0.73842,235.38907,0.0,0.0,0.01699999999999996,BTC,82949.04,0.0
2026-10-11T00:11:49.854723+00:00,BTC-26MAR27-90000-C,84972.83,BTC-26MAR27,call,90000.0,2027-03-26T08:00:00+00:00,0.4553733536541752,0.0775,0.079,0.07791394,0.07825,84972.83,BTC-26MAR27,0.37929999999999997,0.4616,227.77271,951.3,44.0,0.0015000000000000013,BTC,82949.04,285096.01
2026-10-11T00:11:49.854723+00:00,BTC-25DEC26-86000-C,83886.62,BTC-25DEC26,call,86000.0,2026-12-25T08:00:00+00:00,0.206228932025154,0.055,0.056,0.0554594,0.0555,83886.62,BTC-25DEC26,0.36729999999999996,0.4738,151.70021,1025.4,2.0,0.0010000000000000009,BTC,82949.04,9202.35
2026-10-11T00:11:49.854723+00:00,BTC-27NOV26-84000-C,83555.37,BTC-27NOV26,call,84000.0,2026-11-27T08:00:00+00:00,0.12956910998545518,0.0495,0.0505,0.04990391,0.05,83555.37,BTC-27NOV26,0.3649,0.51008,119.98828,105.4,1.2,0.0010000000000000009,BTC,82949.04,4755.9
2026-10-11T00:11:49.854723+00:00,BTC-25JUN27-90000-P,86158.09,BTC-25JUN27,put,90000.0,2027-06-25T08:00:00+00:00,0.7045177752831965,0.1545,0.1565,0.15486365,0.1555,86158.09,BTC-25JUN27,0.38530000000000003,-0.48919,288.502,87.0,0.1,0.0020000000000000018,BTC,82949.04,1294.51
2026-10-11T00:11:49.854723+00:00,BTC-30OCT26-68000-P,83215.87,BTC-30OCT26,put,68000.0,2026-10-30T08:00:00+00:00,0.052909287945756334,0.0016,0.0019,0.00173142,0.00175,83215.87,BTC-30OCT26,0.504,-0.03599,15.13813,1488.6,2.5,0.0002999999999999999,BTC,82949.04,355.54
2026-10-11T00:11:49.854723+00:00,BTC-24SEP27-96000-C,87264.62,BTC-24SEP27,call,96000.0,2027-09-24T08:00:00+00:00,0.9536621969122177,0.112,0.115,0.11360421,0.1135,87264.62,BTC-24SEP27,0.39039999999999997,0.47624,339.47662,1.4,0.0,0.0030000000000000027,BTC,82949.04,0.0
2026-10-11T00:11:49.854723+00:00,BTC-26MAR27-160000-P,84971.51,BTC-26MAR27,put,160000.0,2027-03-26T08:00:00+00:00,0.4553733536541752,0.8735,0.8965,0.88632594,0.885,84971.51,BTC-26MAR27,0.46159999999999995,-0.96964,39.42108,0.1,0.0,0.02299999999999991,BTC,82949.04,0.0
2026-10-11T00:11:49.854723+00:00,BTC-25DEC26-74000-C,83885.17,BTC-25DEC26,call,74000.0,2026-12-25T08:00:00+00:00,0.206228932025154,0.138,0.145,0.14172782,0.1415,83885.17,BTC-25DEC26,0.3936,0.78556,111.17976,137.7,0.0,0.0069999999999999785,BTC,82949.04,0.0
2026-10-11T00:11:49.854723+00:00,BTC-16OCT26-79000-P,83024.57,BTC-16OCT26,put,79000.0,2026-10-16T08:00:00+00:00,0.014579376925906912,0.0027,0.003,0.00279159,0.00285,83024.57,BTC-16OCT26,0.36469999999999997,-0.12511,20.65416,678.3,34.3,0.0002999999999999999,BTC,82949.04,9434.77
2026-10-11T00:11:49.854723+00:00,BTC-23OCT26-83000-P,83119.68,BTC-23OCT26,put,83000.0,2026-10-23T08:00:00+00:00,0.03374433243583162,0.022,0.023,0.02275477,0.0225,83119.68,BTC-23OCT26,0.32030000000000003,-0.4786,60.84392,496.1,1.0,0.0010000000000000009,BTC,82949.04,1986.22
2026-10-11T00:11:49.854723+00:00,BTC-16OCT26-94000-P,83024.7,BTC-16OCT26,put,94000.0,2026-10-16T08:00:00+00:00,0.014579376925906912,0.13,0.1355,0.13228281,0.13275,83024.7,BTC-16OCT26,0.3908,-0.99543,1.33937,0.0,0.0,0.005500000000000005,BTC,82949.04,0.0
2026-10-11T00:11:49.854723+00:00,BTC-25DEC26-54000-C,83885.17,BTC-25DEC26,call,54000.0,2026-12-25T08:00:00+00:00,0.206228932025154,0.357,0.3625,0.35957917,0.35975,83885.17,BTC-25DEC26,0.5563,0.96923,26.47808,32.2,0.0,0.005500000000000005,BTC,82949.04,0.0
2026-10-11T00:11:49.854723+00:00,BTC-25DEC26-200000-C,83885.17,BTC-25DEC26,call,200000.0,2026-12-25T08:00:00+00:00,0.206228932025154,0.0001,0.0002,0.00016046,0.00015,83885.17,BTC-25DEC26,0.6346,0.00205,2.47477,962.4,0.0,0.0001,BTC,82949.04,0.0
2026-10-11T00:11:49.854723+00:00,BTC-13OCT26-85500-P,82972.23,BTC-13OCT26,put,85500.0,2026-10-13T08:00:00+00:00,0.006365824564510609,0.0285,0.0345,0.0314165,0.0315,82972.23,BTC-13OCT26,0.2777,-0.91016,10.73976,0.0,0.0,0.006000000000000002,BTC,82949.04,0.0
2026-10-11T00:11:49.854723+00:00,BTC-12OCT26-83500-P,82962.1,BTC-12OCT26,put,83500.0,2026-10-12T08:00:00+00:00,0.003627973777378508,0.008,0.0095,0.00910191,0.00875,82962.1,BTC-12OCT26,0.2165,-0.68756,17.69426,21.0,0.0,0.0014999999999999996,BTC,82949.04,0.0
2026-10-11T00:11:49.854723+00:00,BTC-27NOV26-71000-P,83555.46,BTC-27NOV26,put,71000.0,2026-11-27T08:00:00+00:00,0.12956910998545518,0.0095,0.0105,0.00994472,0.01,83555.46,BTC-27NOV26,0.4193,-0.12422,61.66223,38.4,0.7,0.0010000000000000009,BTC,82949.04,600.28
2026-10-11T00:11:49.854723+00:00,BTC-12OCT26-84000-C,82962.1,BTC-12OCT26,call,84000.0,2026-10-12T08:00:00+00:00,0.003627973777378508,0.0013,0.0016,0.00139016,0.00145,82962.1,BTC-12OCT26,0.2291,0.18553,13.36252,141.6,8.8,0.00030000000000000014,BTC,82949.04,1065.4
2026-10-11T00:11:49.854723+00:00,BTC-24SEP27-135000-P,87264.62,BTC-24SEP27,put,135000.0,2027-09-24T08:00:00+00:00,0.9536621969122177,0.5695,0.5935,0.58062007,0.5815,87264.62,BTC-24SEP27,0.4065,-0.816,226.78268,0.0,0.0,0.02400000000000002,BTC,82949.04,0.0
2026-10-11T00:11:49.854723+00:00,BTC-24SEP27-150000-P,87264.62,BTC-24SEP27,put,150000.0,2027-09-24T08:00:00+00:00,0.9536621969122177,0.729,0.756,0.74174141,0.7425,87264.62,BTC-24SEP27,0.41840000000000005,-0.86889,181.39168,0.0,0.0,0.027000000000000024,BTC,82949.04,0.0
2026-10-11T00:11:49.854723+00:00,BTC-25JUN27-72000-P,86158.09,BTC-25JUN27,put,72000.0,2027-06-25T08:00:00+00:00,0.7045177752831965,0.057,0.059,0.05791004,0.058,86158.09,BTC-25JUN27,0.4031,-0.24206,225.94354,54.5,0.0,0.001999999999999995,BTC,82949.04,0.0
2026-10-11T00:11:49.854723+00:00,BTC-25DEC26-45000-C,83886.62,BTC-25DEC26,call,45000.0,2026-12-25T08:00:00+00:00,0.206228932025154,0.463,0.467,0.4652433,0.465,83886.62,BTC-25DEC26,0.6722,0.98582,13.75184,94.5,0.0,0.0040000000000000036,BTC,82949.04,0.0
2026-10-11T00:11:49.854723+00:00,BTC-25JUN27-70000-C,86158.07,BTC-25JUN27,call,70000.0,2027-06-25T08:00:00+00:00,0.7045177752831965,0.2365,0.2395,0.23847921,0.238,86158.07,BTC-25JUN27,0.4072,0.78184,213.16916,207.3,0.0,0.0030000000000000027,BTC,82949.04,0.0
2026-10-11T00:11:49.854723+00:00,BTC-16OCT26-83000-C,83024.57,BTC-16OCT26,call,83000.0,2026-10-16T08:00:00+00:00,0.014579376925906912,0.0145,0.0155,0.01497756,0.015,83024.57,BTC-16OCT26,0.308,0.51056,39.98972,599.0,6.4,0.0009999999999999992,BTC,82949.04,7562.57
2026-10-11T00:11:49.854723+00:00,BTC-12OCT26-78000-C,82962.1,BTC-12OCT26,call,78000.0,2026-10-12T08:00:00+00:00,0.003627973777378508,0.0575,0.0625,0.05990669,0.06,82962.1,BTC-12OCT26,0.4542,0.98832,1.52429,0.0,0.0,0.0049999999999999975,BTC,82949.04,0.0
2026-10-11T00:11:49.854723+00:00,BTC-25DEC26-68000-P,83886.62,BTC-25DEC26,put,68000.0,2026-12-25T08:00:00+00:00,0.206228932025154,0.0115,0.0125,0.01196215,0.012,83886.62,BTC-25DEC26,0.4224,-0.11704,74.89511,738.6,3.0,0.0010000000000000009,BTC,82949.04,2901.69
2026-10-11T00:11:49.854723+00:00,BTC-26MAR27-98000-P,84972.83,BTC-26MAR27,put,98000.0,2027-03-26T08:00:00+00:00,0.4553733536541752,0.1965,0.2095,0.20312201,0.203,84972.83,BTC-26MAR27,0.38049999999999995,-0.66527,208.90555,1.6,0.0,0.012999999999999984,BTC,82949.04,0.0
2026-10-11T00:11:49.854723+00:00,BTC-25DEC26-115000-P,83886.62,BTC-25DEC26,put,115000.0,2026-12-25T08:00:00+00:00,0.206228932025154,0.3695,0.3805,0.37500929,0.375,83886.62,BTC-25DEC26,0.41100000000000003,-0.94479,42.52111,5.0,0.0,0.01100000000000001,BTC,82949.04,0.0
2026-10-11T00:11:49.854723+00:00,BTC-13OCT26-82000-C,82972.23,BTC-13OCT26,call,82000.0,2026-10-13T08:00:00+00:00,0.006365824564510609,0.015,0.0165,0.01546212,0.01575,82972.23,BTC-13OCT26,0.2641,0.71618,22.43518,0.0,0.0,0.0015000000000000013,BTC,82949.04,0.0
2026-10-11T00:11:49.854723+00:00,BTC-25JUN27-78000-P,86158.07,BTC-25JUN27,put,78000.0,2027-06-25T08:00:00+00:00,0.7045177752831965,0.0825,0.0845,0.08338122,0.0835,86158.07,BTC-25JUN27,0.39399999999999996,-0.32056,258.89518,106.5,0.1,0.0020000000000000018,BTC,82948.89,692.36
2026-10-11T00:11:49.854723+00:00,BTC-30OCT26-48000-P,83215.87,BTC-30OCT26,put,48000.0,2026-10-30T08:00:00+00:00,0.052909287945756334,,0.0001,4.13e-05,,83215.87,BTC-30OCT26,0.7803,-0.0008,0.52751,196.8,0.0,,BTC,82948.89,0.0
2026-10-11T00:11:49.854723+00:00,BTC-25DEC26-102000-P,83886.62,BTC-25DEC26,put,102000.0,2026-12-25T08:00:00+00:00,0.206228932025154,0.223,0.2335,0.22797437,0.22825,83886.62,BTC-25DEC26,0.3782,-0.85362,87.41096,7.8,0.0,0.01050000000000001,BTC,82948.89,0.0
2026-10-11T00:11:49.854723+00:00,BTC-25JUN27-120000-C,86158.07,BTC-25JUN27,call,120000.0,2027-06-25T08:00:00+00:00,0.7045177752831965,0.0315,0.033,0.03229671,0.03225,86158.07,BTC-25JUN27,0.3946,0.20206,203.78314,302.1,0.0,0.0015000000000000013,BTC,82948.89,0.0
2026-10-11T00:11:49.854723+00:00,BTC-16OCT26-85000-C,83024.57,BTC-16OCT26,call,85000.0,2026-10-16T08:00:00+00:00,0.014579376925906912,0.0055,0.006,0.00578229,0.00575,83024.57,BTC-16OCT26,0.302,0.26546,32.87296,633.2,20.6,0.0005000000000000004,BTC,82949.04,9595.61
2026-10-11T00:11:49.854723+00:00,BTC-25JUN27-106000-P,86158.07,BTC-25JUN27,put,106000.0,2027-06-25T08:00:00+00:00,0.7045177752831965,0.279,0.2955,0.28705474,0.28725,86158.07,BTC-25JUN27,0.387,-0.68268,257.79171,0.0,0.0,0.01649999999999996,BTC,82949.04,0.0
2026-10-11T00:11:49.854723+00:00,BTC-12OCT26-84000-P,82962.1,BTC-12OCT26,put,84000.0,2026-10-12T08:00:00+00:00,0.003627973777378508,0.0125,0.0145,0.01391826,0.0135,82962.1,BTC-12OCT26,0.2291,-0.81456,13.35843,0.0,0.0,0.002,BTC,82949.04,0.0
2026-10-11T00:11:49.854723+00:00,BTC-23OCT26-92000-P,83119.68,BTC-23OCT26,put,92000.0,2026-10-23T08:00:00+00:00,0.03374433243583162,0.1045,0.111,0.10826311,0.10775,83119.68,BTC-23OCT26,0.33840000000000003,-0.94539,16.89457,0.0,0.0,0.006500000000000006,BTC,82949.04,0.0
2026-10-11T00:11:49.854723+00:00,BTC-26MAR27-170000-P,84972.83,BTC-26MAR27,put,170000.0,2027-03-26T08:00:00+00:00,0.4553733536541752,0.9895,1.014,1.00346119,1.00175,84972.83,BTC-26MAR27,0.4833,-0.97513,33.37398,0.4,0.0,0.024499999999999966,BTC,82949.04,0.0
2026-10-11T00:11:49.854723+00:00,BTC-11OCT26-82000-C,82946.49,BTC-11OCT26,call,82000.0,2026-10-11T08:00:00+00:00,0.0008901229902464066,0.0095,0.013,0.01154893,0.01125,82946.49,BTC-11OCT26,0.2373,0.94731,2.65834,19.3,0.0,0.0034999999999999996,BTC,82949.04,0.0
2026-10-11T00:11:49.854723+00:00,BTC-30OCT26-104000-P,83215.87,BTC-30OCT26,put,104000.0,2026-10-30T08:00:00+00:00,0.052909287945756334,0.247,0.2535,0.25003551,0.25025,83215.87,BTC-30OCT26,0.39270000000000005,-0.99228,4.06699,0.0,0.0,0.006500000000000006,BTC,82949.04,0.0
2026-10-11T00:11:49.854723+00:00,BTC-24SEP27-84000-P,87264.62,BTC-24SEP27,put,84000.0,2027-09-24T08:00:00+00:00,0.9536621969122177,0.13,0.133,0.13180402,0.1315,87264.62,BTC-24SEP27,0.39399999999999996,-0.38537,325.94102,501.1,0.0,0.0030000000000000027,BTC,82949.04,0.0
2026-10-11T00:11:49.854723+00:00,BTC-30OCT26-91000-P,83215.87,BTC-30OCT26,put,91000.0,2026-10-30T08:00:00+00:00,0.052909287945756334,0.095,0.101,0.09833756,0.098,83215.87,BTC-30OCT26,0.332,-0.87115,40.25693,3.5,0.0,0.006000000000000005,BTC,82949.04,0.0
2026-10-11T00:11:49.854723+00:00,BTC-14OCT26-73000-P,82996.9,BTC-14OCT26,put,73000.0,2026-10-14T08:00:00+00:00,0.00910367535164271,0.0002,0.0003,0.00024167,0.00025,82996.9,BTC-14OCT26,0.6029,-0.01195,2.46414,0.1,0.1,9.999999999999996e-05,BTC,82949.04,1.65
2026-10-11T00:11:49.854723+00:00,BTC-24SEP27-86000-P,87264.62,BTC-24SEP27,put,86000.0,2027-09-24T08:00:00+00:00,0.9536621969122177,0.1425,0.1455,0.14368516,0.144,87264.62,BTC-24SEP27,0.3922,-0.40921,331.23432,4.8,0.3,0.0030000000000000027,BTC,82949.04,3596.59
2026-10-11T00:11:49.854723+00:00,BTC-11OCT26-93000-C,82946.49,BTC-11OCT26,call,93000.0,2026-10-11T08:00:00+00:00,0.0008901229902464066,,0.0001,0.0,,82946.49,BTC-11OCT26,0.4603,0.0,0.0,0.0,0.0,,BTC,82949.04,0.0
2026-10-11T00:11:49.854723+00:00,BTC-13OCT26-92000-C,82972.23,BTC-13OCT26,call,92000.0,2026-10-13T08:00:00+00:00,0.006365824564510609,,0.0001,6.93e-06,,82972.23,BTC-13OCT26,0.40759999999999996,0.00079,0.1805,11.2,0.0,,BTC,82949.04,0.0
2026-10-11T00:11:49.854723+00:00,BTC-12OCT26-90000-C,82962.1,BTC-12OCT26,call,90000.0,2026-10-12T08:00:00+00:00,0.003627973777378508,,0.0001,7.3e-07,,82962.1,BTC-12OCT26,0.37,0.00013,0.02613,0.3,0.0,,BTC,82949.04,0.0
2026-10-11T00:11:49.854723+00:00,BTC-12OCT26-85500-P,82962.1,BTC-12OCT26,put,85500.0,2026-10-12T08:00:00+00:00,0.003627973777378508,0.029,0.034,0.03091953,0.0315,82962.1,BTC-12OCT26,0.29109999999999997,-0.95639,4.61808,0.0,0.0,0.005000000000000001,BTC,82949.04,0.0
2026-10-11T00:11:49.854723+00:00,BTC-24SEP27-76000-P,87264.62,BTC-24SEP27,put,76000.0,2027-09-24T08:00:00+00:00,0.9536621969122177,0.088,0.0905,0.08915743,0.08925,87264.62,BTC-24SEP27,0.3998,-0.29148,292.4945,25.6,0.1,0.0025000000000000022,BTC,82949.04,738.01
2026-10-11T00:11:49.854723+00:00,BTC-13OCT26-81000-C,82972.23,BTC-13OCT26,call,81000.0,2026-10-13T08:00:00+00:00,0.006365824564510609,0.0225,0.0275,0.025529,0.025,82972.23,BTC-13OCT26,0.2915,0.85247,15.26778,0.0,0.0,0.005000000000000001,BTC,82949.04,0.0
2026-10-11T00:11:49.854723+00:00,BTC-26MAR27-90000-P,84971.51,BTC-26MAR27,put,90000.0,2027-03-26T08:00:00+00:00,0.4553733536541752,0.1365,0.138,0.1371128,0.13725,84971.51,BTC-26MAR27,0.37929999999999997,-0.53837,227.77775,44.7,1.4,0.0015000000000000013,BTC,82949.04,16103.11
2026-10-11T00:11:49.854723+00:00,BTC-30OCT26-80000-P,83215.87,BTC-30OCT26,put,80000.0,2026-10-30T08:00:00+00:00,0.052909287945756334,0.015,0.016,0.0156635,0.0155,83215.87,BTC-30OCT26,0.3472,-0.29675,66.24697,2790.9,5.3,0.0010000000000000009,BTC,82949.04,7405.81
2026-10-11T00:11:49.854723+00:00,BTC-26MAR27-54000-P,84972.83,BTC-26MAR27,put,54000.0,2027-03-26T08:00:00+00:00,0.4553733536541752,0.009,0.01,0.0096934,0.0095,84972.83,BTC-26MAR27,0.4836,-0.06031,68.60275,78.7,0.0,0.0010000000000000009,BTC,82949.04,0.0
2026-10-11T00:11:49.854723+00:00,BTC-13OCT26-84500-P,82970.5,BTC-13OCT26,put,84500.0,2026-10-13T08:00:00+00:00,0.006365824564510609,0.0195,0.0215,0.02068213,0.0205,82970.5,BTC-13OCT26,0.2623,-0.8049,18.26151,0.0,0.0,0.0019999999999999983,BTC,82949.04,0.0
2026-10-11T00:11:49.854723+00:00,BTC-27NOV26-93000-C,83555.46,BTC-27NOV26,call,93000.0,2026-11-27T08:00:00+00:00,0.12956910998545518,0.0155,0.0165,0.01604357,0.016,83555.46,BTC-27NOV26,0.36340000000000006,0.2257,90.39076,231.1,1.0,0.0010000000000000009,BTC,82949.04,1281.82
2026-10-11T00:11:49.854723+00:00,BTC-14OCT26-82500-P,82996.96,BTC-14OCT26,put,82500.0,2026-10-14T08:00:00+00:00,0.00910367535164271,0.007,0.008,0.00760915,0.0075,82996.96,BTC-14OCT26,0.2721,-0.40342,30.6687,1.5,1.5,0.001,BTC,82949.04,933.59
2026-10-11T00:11:49.854723+00:00,BTC-24SEP27-108000-P,87264.62,BTC-24SEP27,put,108000.0,2027-09-24T08:00:00+00:00,0.9536621969122177,0.3045,0.3235,0.3139904,0.314,87264.62,BTC-24SEP27,0.3921,-0.64252,318.13953,0.0,0.0,0.019000000000000017,BTC,82949.04,0.0
2026-10-11T00:11:49.854723+00:00,BTC-11OCT26-73000-C,82946.49,BTC-11OCT26,call,73000.0,2026-10-11T08:00:00+00:00,0.0008901229902464066,0.1175,0.1225,0.11989777,0.12,82946.49,BTC-11OCT26,0.7441,1.0,0.0,0.0,0.0,0.0050000000000000044,BTC,82949.04,0.0
2026-10-11T00:11:49.854723+00:00,BTC-26MAR27-60000-P,84972.83,BTC-26MAR27,put,60000.0,2027-03-26T08:00:00+00:00,0.4553733536541752,0.015,0.016,0.01546943,0.0155,84972.83,BTC-26MAR27,0.4465,-0.0959,97.62409,968.2,0.0,0.0010000000000000009,BTC,82949.04,0.0
2026-10-11T00:11:49.854723+00:00,BTC-25DEC26-65000-C,83886.62,BTC-25DEC26,call,65000.0,2026-12-25T08:00:00+00:00,0.206228932025154,0.2305,0.2375,0.23385573,0.234,83886.62,BTC-25DEC26,0.4446,0.91369,59.98309,916.8,0.0,0.0069999999999999785,BTC,82949.04,0.0
2026-10-11T00:11:49.854723+00:00,BTC-12OCT26-92000-P,82962.1,BTC-12OCT26,put,92000.0,2026-10-12T08:00:00+00:00,0.003627973777378508,0.107,0.112,0.10895943,0.1095,82962.1,BTC-12OCT26,0.4092,-0.99999,0.00315,0.0,0.0,0.0050000000000000044,BTC,82949.04,0.0
2026-10-11T00:11:49.854723+00:00,BTC-30OCT26-110000-P,83215.87,BTC-30OCT26,put,110000.0,2026-10-30T08:00:00+00:00,0.052909287945756334,0.318,0.325,0.3220049,0.3215,83215.87,BTC-30OCT26,0.4338,-0.99698,1.76292,0.2,0.0,0.007000000000000006,BTC,82949.04,0.0
2026-10-11T00:11:49.854723+00:00,BTC-24SEP27-140000-P,87263.12,BTC-24SEP27,put,140000.0,2027-09-24T08:00:00+00:00,0.9536621969122177,0.622,0.647,0.63367479,0.6345,87263.12,BTC-24SEP27,0.4103,-0.83626,210.5576,0.0,0.0,0.025000000000000022,BTC,82949.04,0.0
2026-10-11T00:11:49.854723+00:00,BTC-11OCT26-86000-P,82946.44,BTC-11OCT26,put,86000.0,2026-10-11T08:00:00+00:00,0.0008901229902464066,0.0345,0.04,0.03683359,0.03725,82946.44,BTC-11OCT26,0.35350000000000004,-0.99969,0.02785,0.0,0.0,0.005499999999999998,BTC,82949.04,0.0
2026-10-11T00:11:49.854723+00:00,BTC-24SEP27-86000-C,87264.62,BTC-24SEP27,call,86000.0,2027-09-24T08:00:00+00:00,0.9536621969122177,0.157,0.1595,0.15814114,0.15825,87264.62,BTC-24SEP27,0.3922,0.59079,331.23511,2.8,0.0,0.0025000000000000022,BTC,82949.69,0.0
2026-10-11T00:11:49.854723+00:00,BTC-25DEC26-190000-C,83886.62,BTC-25DEC26,call,190000.0,2026-12-25T08:00:00+00:00,0.206228932025154,0.0001,0.0003,0.00017972,0.0002,83886.62,BTC-25DEC26,0.6075,0.00237,2.81679,1025.9,0.0,0.00019999999999999998,BTC,82949.69,0.0
2026-10-11T00:11:49.854723+00:00,BTC-25DEC26-230000-P,83886.62,BTC-25DEC26,put,230000.0,2026-12-25T08:00:00+00:00,0.206228932025154,1.7305,1.754,1.74198893,1.74225,83886.62,BTC-25DEC26,0.7167,-0.99833,2.04812,0.0,0.0,0.023500000000000076,BTC,82949.69,0.0
2026-10-11T00:11:49.854723+00:00,BTC-26MAR27-150000-C,84972.83,BTC-26MAR27,call,150000.0,2027-03-26T08:00:00+00:00,0.4553733536541752,0.0045,0.0048,0.00451968,0.00465,84972.83,BTC-26MAR27,0.4459,0.04115,50.58305,1864.7,0.0,0.0002999999999999999,BTC,82949.69,0.0
2026-10-11T00:11:49.854723+00:00,BTC-13OCT26-76000-P,82970.5,BTC-13OCT26,put,76000.0,2026-10-13T08:00:00+00:00,0.006365824564510609,0.0002,0.0003,0.00024048,0.00025,82970.5,BTC-13OCT26,0.5179,-0.01599,2.64967,27.4,12.4,9.999999999999996e-05,BTC,82949.69,309.46
2026-10-11T00:11:49.854723+00:00,BTC-11OCT26-78000-C,82946.44,BTC-11OCT26,call,78000.0,2026-10-11T08:00:00+00:00,0.0008901229902464066,0.0575,0.062,0.05961684,0.05975,82946.44,BTC-11OCT26,0.49310000000000004,0.99999,0.00152,0.0,0.0,0.004499999999999997,BTC,82949.69,0.0
2026-10-11T00:11:49.854723+00:00,BTC-25DEC26-45000-P,83886.62,BTC-25DEC26,put,45000.0,2026-12-25T08:00:00+00:00,0.206228932025154,0.0016,0.0017,0.0016913,0.00165,83886.62,BTC-25DEC26,0.6722,-0.01418,13.75184,2731.8,0.1,9.999999999999983e-05,BTC,82949.49,14.89
2026-10-11T00:11:49.854723+00:00,BTC-30OCT26-67000-P,83215.87,BTC-30OCT26,put,67000.0,2026-10-30T08:00:00+00:00,0.052909287945756334,0.0013,0.0016,0.00144021,0.00145,83215.87,BTC-30OCT26,0.517,-0.02994,13.0062,733.8,4.8,0.00030000000000000014,BTC,82949.49,596.85
2026-10-11T00:11:49.854723+00:00,BTC-25JUN27-125000-C,86158.07,BTC-25JUN27,call,125000.0,2027-06-25T08:00:00+00:00,0.7045177752831965,0.0265,0.0275,0.02703996,0.027,86158.07,BTC-25JUN27,0.39990000000000003,0.17348,185.45303,641.2,60.0,0.0010000000000000009,BTC,82949.49,130499.19
2026-10-11T00:11:49.854723+00:00,BTC-25JUN27-60000-C,86158.07,BTC-25JUN27,call,60000.0,2027-06-25T08:00:00+00:00,0.7045177752831965,0.328,0.3305,0.32929509,0.32925,86158.07,BTC-25JUN27,0.4357,0.87939,145.23193,969.8,0.0,0.0025000000000000022,BTC,82949.49,0.0
2026-10-11T00:11:49.854723+00:00,BTC-12OCT26-78500-P,82962.1,BTC-12OCT26,put,78500.0,2026-10-12T08:00:00+00:00,0.003627973777378508,0.0001,0.0002,0.00013434,0.00015,82962.1,BTC-12OCT26,0.4239,-0.0148,1.87036,28.7,10.6,0.0001,BTC,82949.49,97.9
2026-10-11T00:11:49.854723+00:00,BTC-23OCT26-94000-C,83119.68,BTC-23OCT26,call,94000.0,2026-10-23T08:00:00+00:00,0.03374433243583162,0.0006,0.0008,0.00071209,0.0007,83119.68,BTC-23OCT26,0.34850000000000003,0.02938,10.21462,131.5,2.9,0.0002000000000000001,BTC,82949.49,191.27
2026-10-11T00:11:49.854723+00:00,BTC-27NOV26-79000-P,83555.46,BTC-27NOV26,put,79000.0,2026-11-27T08:00:00+00:00,0.12956910998545518,0.029,0.03,0.02941728,0.0295,83555.46,BTC-27NOV26,0.374,-0.31434,106.78308,194.6,0.1,0.0009999999999999974,BTC,82949.49,244.35
2026-10-11T00:11:49.854723+00:00,BTC-24SEP27-190000-C,87264.62,BTC-24SEP27,call,190000.0,2027-09-24T08:00:00+00:00,0.9536621969122177,0.009,0.0105,0.00975368,0.00975,87264.62,BTC-24SEP27,0.4496,0.06032,101.97349,10.7,0.0,0.0015000000000000013,BTC,82949.49,0.0
2026-10-11T00:11:49.854723+00:00,BTC-14OCT26-89000-C,82996.9,BTC-14OCT26,call,89000.0,2026-10-14T08:00:00+00:00,0.00910367535164271,0.0001,0.0002,0.00016762,0.00015,82996.9,BTC-14OCT26,0.3345,0.01505,3.00778,0.0,0.0,0.0001,BTC,82949.49,0.0
2026-10-11T00:11:49.854723+00:00,BTC-30OCT26-59000-C,83215.87,BTC-30OCT26,call,59000.0,2026-10-30T08:00:00+00:00,0.052909287945756334,0.2895,0.2935,0.29134964,0.2915,83215.87,BTC-30OCT26,0.6336999999999999,0.99254,3.94784,1.0,0.0,0.0040000000000000036,BTC,82949.49,0.0
2026-10-11T00:11:49.854723+00:00,BTC-25JUN27-115000-C,86158.07,BTC-25JUN27,call,115000.0,2027-06-25T08:00:00+00:00,0.7045177752831965,0.0385,0.04,0.03930449,0.03925,86158.07,BTC-25JUN27,0.39130000000000004,0.23746,223.59166,150.1,0.0,0.0015000000000000013,BTC,82949.61,0.0
2026-10-11T00:11:49.854723+00:00,BTC-26MAR27-106000-C,84972.83,BTC-26MAR27,call,106000.0,2027-03-26T08:00:00+00:00,0.4553733536541752,0.031,0.032,0.03160418,0.0315,84972.83,BTC-26MAR27,0.3845,0.23517,176.34192,94.5,0.0,0.0010000000000000009,BTC,82949.61,0.0
2026-10-11T00:11:49.854723+00:00,BTC-13OCT26-83500-P,82970.5,BTC-13OCT26,put,83500.0,2026-10-13T08:00:00+00:00,0.006365824564510609,0.0105,0.012,0.01169342,0.01125,82970.5,BTC-13OCT26,0.25329999999999997,-0.61849,25.24181,0.0,0.0,0.0014999999999999996,BTC,82949.61,0.0
2026-10-11T00:11:49.854723+00:00,BTC-30OCT26-48000-C,83215.87,BTC-30OCT26,call,48000.0,2026-10-30T08:00:00+00:00,0.052909287945756334,0.4215,0.425,0.42320502,0.42325,83215.87,BTC-30OCT26,0.7803,0.9992,0.52742,8.5,0.0,0.003500000000000003,BTC,82949.61,0.0
2026-10-11T00:11:49.854723+00:00,BTC-23OCT26-75000-C,83119.68,BTC-23OCT26,call,75000.0,2026-10-23T08:00:00+00:00,0.03374433243583162,0.0975,0.103,0.10055539,0.10025,83119.68,BTC-23OCT26,0.4117,0.91873,22.97807,0.0,0.0,0.005499999999999991,BTC,82949.46,0.0
2026-10-11T00:11:49.854723+00:00,BTC-26MAR27-98000-C,84972.83,BTC-26MAR27,call,98000.0,2027-03-26T08:00:00+00:00,0.4553733536541752,0.049,0.0505,0.04977214,0.04975,84972.83,BTC-26MAR27,0.38049999999999995,0.33473,208.90641,247.2,0.0,0.0015000000000000013,BTC,82949.61,0.0
2026-10-11T00:11:49.854723+00:00,BTC-30OCT26-88000-P,83215.87,BTC-30OCT26,put,88000.0,2026-10-30T08:00:00+00:00,0.052909287945756334,0.0645,0.0715,0.067581,0.068,83215.87,BTC-30OCT26,0.324,-0.76187,59.27186,924.8,0.0,0.006999999999999992,BTC,82949.46,0.0
2026-10-11T00:11:49.854723+00:00,BTC-25JUN27-116000-P,86158.09,BTC-25JUN27,put,116000.0,2027-06-25T08:00:00+00:00,0.7045177752831965,0.376,0.3935,0.38419656,0.38475,86158.09,BTC-25JUN27,0.3921,-0.76999,219.67526,0.0,0.0,0.017500000000000016,BTC,82949.46,0.0
2026-10-11T00:11:49.854723+00:00,BTC-14OCT26-80500-C,82996.9,BTC-14OCT26,call,80500.0,2026-10-14T08:00:00+00:00,0.00910367535164271,0.03,0.035,0.03232329,0.0325,82996.9,BTC-14OCT26,0.308,0.85397,18.1397,0.0,0.0,0.0050000000000000044,BTC,82949.46,0.0
2026-10-11T00:11:49.854723+00:00,BTC-30OCT26-102000-P,83214.18,BTC-30OCT26,put,102000.0,2026-10-30T08:00:00+00:00,0.052909287945756334,0.222,0.2295,0.22609926,0.22575,83214.18,BTC-30OCT26,0.37939999999999996,-0.98892,5.58131,0.0,0.0,0.007500000000000007,BTC,82949.46,0.0
2026-10-11T00:11:49.854723+00:00,BTC-16OCT26-70000-C,83024.7,BTC-16OCT26,call,70000.0,2026-10-16T08:00:00+00:00,0.014579376925906912,0.155,0.1595,0.15710352,0.15725,83024.7,BTC-16OCT26,0.6122,0.99047,2.56271,0.2,0.0,0.004500000000000004,BTC,82949.46,0.0
2026-10-11T00:11:49.854723+00:00,BTC-27NOV26-88000-P,83555.37,BTC-27NOV26,put,88000.0,2026-11-27T08:00:00+00:00,0.12956910998545518,0.083,0.085,0.08414359,0.084,83555.37,BTC-27NOV26,0.36229999999999996,-0.63008,113.58918,35.8,0.0,0.0020000000000000018,BTC,82949.46,0.0
2026-10-11T00:11:49.854723+00:00,BTC-25DEC26-72000-P,83885.17,BTC-25DEC26,put,72000.0,2026-12-25T08:00:00+00:00,0.206228932025154,0.0185,0.0195,0.01894414,0.019,83885.17,BTC-25DEC26,0.4014,-0.17645,98.74647,782.8,25.0,0.0010000000000000009,BTC,82949.46,39884.76
2026-10-11T00:11:49.854723+00:00,BTC-26MAR27-56000-C,84972.83,BTC-26MAR27,call,56000.0,2027-03-26T08:00:00+00:00,0.4553733536541752,0.3485,0.356,0.35241767,0.35225,84972.83,BTC-26MAR27,0.4721,0.9289,77.94915,14.4,0.0,0.007500000000000007,BTC,82949.46,0.0
2026-10-11T00:11:49.854723+00:00,BTC-11OCT26-79500-C,82946.49,BTC-11OCT26,call,79500.0,2026-10-11T08:00:00+00:00,0.0008901229902464066,0.0385,0.044,0.0415358,0.04125,82946.49,BTC-11OCT26,0.45549999999999996,0.99913,0.07302,0.0,0.0,0.005499999999999998,BTC,82949.46,0.0
2026-10-11T00:11:49.854723+00:00,BTC-27NOV26-105000-P,83555.46,BTC-27NOV26,put,105000.0,2026-11-27T08:00:00+00:00,0.12956910998545518,0.255,0.265,0.26019933,0.26,83555.46,BTC-27NOV26,0.39280000000000004,-0.93877,36.41312,3.9,0.0,0.010000000000000009,BTC,82949.46,0.0
2026-10-11T00:11:49.854723+00:00,BTC-24SEP27-72000-C,87264.62,BTC-24SEP27,call,72000.0,2027-09-24T08:00:00+00:00,0.9536621969122177,0.2455,0.249,0.24657021,0.24725,87264.62,BTC-24SEP27,0.40409999999999996,0.75312,269.08205,0.0,0.0,0.003500000000000003,BTC,82949.46,0.0
2026-10-11T00:11:49.854723+00:00,BTC-11OCT26-75000-C,82946.44,BTC-11OCT26,call,75000.0,2026-10-11T08:00:00+00:00,0.0008901229902464066,0.0935,0.098,0.09578538,0.09575,82946.44,BTC-11OCT26,0.6109,1.0,0.0,0.0,0.0,0.004500000000000004,BTC,82949.46,0.0
2026-10-11T00:11:49.854723+00:00,BTC-25JUN27-55000-C,86158.07,BTC-25JUN27,call,55000.0,2027-06-25T08:00:00+00:00,0.7045177752831965,0.375,0.383,0.3798387,0.379,86158.07,BTC-25JUN27,0.45799999999999996,0.91298,114.56528,3.7,0.0,0.008000000000000007,BTC,82949.46,0.0
2026-10-11T00:11:49.854723+00:00,BTC-12OCT26-79000-C,82962.1,BTC-12OCT26,call,79000.0,2026-10-12T08:00:00+00:00,0.003627973777378508,0.0455,0.0505,0.04787993,0.048,82962.1,BTC-12OCT26,0.3833,0.98339,2.06566,0.0,0.0,0.0050000000000000044,BTC,82949.46,0.0
2026-10-11T00:11:49.854723+00:00,BTC-27NOV26-93000-P,83555.37,BTC-27NOV26,put,93000.0,2026-11-27T08:00:00+00:00,0.12956910998545518,0.125,0.1335,0.12907676,0.12925,83555.37,BTC-27NOV26,0.36340000000000006,-0.77426,90.40284,50.0,0.0,0.008500000000000008,BTC,82950.76,0.0
2026-10-11T00:11:49.854723+00:00,BTC-27NOV26-108000-P,83555.37,BTC-27NOV26,put,108000.0,2026-11-27T08:00:00+00:00,0.12956910998545518,0.2905,0.2995,0.29504647,0.295,83555.37,BTC-27NOV26,0.40149999999999997,-0.9557,28.16097,0.0,0.0,0.009000000000000008,BTC,82950.76,0.0
2026-10-11T00:11:49.854723+00:00,BTC-14OCT26-78000-C,82996.9,BTC-14OCT26,call,78000.0,2026-10-14T08:00:00+00:00,0.00910367535164271,0.0585,0.0635,0.0609696,0.061,82996.9,BTC-14OCT26,0.3954,0.95185,7.92686,0.0,0.0,0.0049999999999999975,BTC,82949.46,0.0
2026-10-11T00:11:49.854723+00:00,BTC-12OCT26-77000-P,82962.1,BTC-12OCT26,put,77000.0,2026-10-12T08:00:00+00:00,0.003627973777378508,,0.0002,4.031e-05,,82962.1,BTC-12OCT26,0.4758,-0.00445,0.65082,11.6,6.7,,BTC,82950.76,156.19
2026-10-11T00:11:49.854723+00:00,BTC-25DEC26-56000-C,83886.62,BTC-25DEC26,call,56000.0,2026-12-25T08:00:00+00:00,0.206228932025154,0.3335,0.339,0.33630256,0.33625,83886.62,BTC-25DEC26,0.5331,0.96326,30.6414,42.2,0.0,0.005500000000000005,BTC,82950.76,0.0
2026-10-11T00:11:49.854723+00:00,BTC-24SEP27-170000-P,87264.62,BTC-24SEP27,put,170000.0,2027-09-24T08:00:00+00:00,0.9536621969122177,0.948,0.979,0.96243309,0.9635,87264.62,BTC-24SEP27,0.433,-0.91388,133.95657,4.3,0.0,0.031000000000000028,BTC,82950.76,0.0
2026-10-11T00:11:49.854723+00:00,BTC-13OCT26-84000-P,82970.5,BTC-13OCT26,put,84000.0,2026-10-13T08:00:00+00:00,0.006365824564510609,0.0145,0.0165,0.01584135,0.0155,82970.5,BTC-13OCT26,0.25489999999999996,-0.72326,22.16241,1.0,0.0,0.002,BTC,82950.76,0.0
2026-10-11T00:11:49.854723+00:00,BTC-26MAR27-86000-P,84972.83,BTC-26MAR27,put,86000.0,2027-03-26T08:00:00+00:00,0.4553733536541752,0.1085,0.11,0.10903639,0.10925,84972.83,BTC-26MAR27,0.3807,-0.4674,228.07283,38.1,1.4,0.0015000000000000013,BTC,82950.76,12801.4
2026-10-11T00:11:49.854723+00:00,BTC-13OCT26-83000-P,82972.23,BTC-13OCT26,put,83000.0,2026-10-13T08:00:00+00:00,0.006365824564510609,0.008,0.0085,0.00822495,0.00825,82972.23,BTC-13OCT26,0.2523,-0.50131,26.41608,6.7,1.8,0.0005000000000000004,BTC,82950.76,1325.16
2026-10-11T00:11:49.854723+00:00,BTC-26MAR27-40000-P,84972.83,BTC-26MAR27,put,40000.0,2027-03-26T08:00:00+00:00,0.4553733536541752,0.0029,0.0032,0.00306658,0.00305,84972.83,BTC-26MAR27,0.5909,-0.01838,25.85401,1954.2,1.7,0.00030000000000000035,BTC,82950.41,431.29
2026-10-11T00:11:49.854723+00:00,BTC-23OCT26-76000-P,83119.57,BTC-23OCT26,put,76000.0,2026-10-23T08:00:00+00:00,0.03374433243583162,0.0034,0.0035,0.00348814,0.00345,83119.57,BTC-23OCT26,0.3906,-0.09967,26.73968,41.9,3.7,0.00010000000000000026,BTC,82950.41,1157.31
2026-10-11T00:11:49.854723+00:00,BTC-16OCT26-92000-P,83024.7,BTC-16OCT26,put,92000.0,2026-10-16T08:00:00+00:00,0.014579376925906912,0.106,0.1115,0.10827209,0.10875,83024.7,BTC-16OCT26,0.3618,-0.99002,2.6679,0.1,0.0,0.005500000000000005,BTC,82950.41,0.0
2026-10-11T00:11:49.854723+00:00,BTC-26MAR27-120000-C,84972.83,BTC-26MAR27,call,120000.0,2027-03-26T08:00:00+00:00,0.4553733536541752,0.0145,0.0155,0.01502155,0.015,84972.83,BTC-26MAR27,0.3987,0.12553,118.42568,834.6,0.0,0.0009999999999999992,BTC,82950.41,0.0
2026-10-11T00:11:49.854723+00:00,BTC-30OCT26-80000-C,83215.87,BTC-30OCT26,call,80000.0,2026-10-30T08:00:00+00:00,0.052909287945756334,0.0535,0.055,0.05426971,0.05425,83215.87,BTC-30OCT26,0.3472,0.70334,66.23844,1431.3,0.0,0.0015000000000000013,BTC,82950.41,0.0
2026-10-11T00:11:49.854723+00:00,BTC-25JUN27-140000-C,86158.09,BTC-25JUN27,call,140000.0,2027-06-25T08:00:00+00:00,0.7045177752831965,0.016,0.017,0.01633255,0.0165,86158.09,BTC-25JUN27,0.41490000000000005,0.11132,137.2009,378.3,0.0,0.0010000000000000009,BTC,82950.27,0.0
2026-10-11T00:11:49.854723+00:00,BTC-12OCT26-73000-P,82962.1,BTC-12OCT26,put,73000.0,2026-10-12T08:00:00+00:00,0.003627973777378508,,0.0001,2.01e-06,,82962.1,BTC-12OCT26,0.6065999999999999,-0.00022,0.04074,26.0,0.0,,BTC,82950.27,0.0
2026-10-11T00:11:49.854723+00:00,BTC-27NOV26-67000-C,83555.37,BTC-27NOV26,call,67000.0,2026-11-27T08:00:00+00:00,0.12956910998545518,0.2015,0.208,0.20410806,0.20475,83555.37,BTC-27NOV26,0.45409999999999995,0.92393,43.04975,0.6,0.0,0.006499999999999978,BTC,82950.27,0.0
2026-10-11T00:11:49.854723+00:00,BTC-30OCT26-96000-P,83215.87,BTC-30OCT26,put,96000.0,2026-10-30T08:00:00+00:00,0.052909287945756334,0.1515,0.158,0.15497944,0.15475,83215.87,BTC-30OCT26,0.3497,-0.95871,16.93296,0.4,0.0,0.006500000000000006,BTC,82950.27,0.0
2026-10-11T00:11:49.854723+00:00,BTC-26MAR27-56000-P,84972.83,BTC-26MAR27,put,56000.0,2027-03-26T08:00:00+00:00,0.4553733536541752,0.011,0.012,0.01147474,0.0115,84972.83,BTC-26MAR27,0.4721,-0.07111,77.95022,132.1,0.0,0.0010000000000000009,BTC,82950.27,0.0
2026-10-11T00:11:49.854723+00:00,BTC-25JUN27-56000-C,86158.07,BTC-25JUN27,call,56000.0,2027-06-25T08:00:00+00:00,0.7045177752831965,0.3645,0.3725,0.36925233,0.3685,86158.07,BTC-25JUN27,0.4512,0.90769,119.70884,2.9,0.0,0.008000000000000007,BTC,82950.27,0.0
2026-10-11T00:11:49.854723+00:00,BTC-14OCT26-86000-P,82996.96,BTC-14OCT26,put,86000.0,2026-10-14T08:00:00+00:00,0.00910367535164271,0.0355,0.0405,0.03735371,0.038,82996.96,BTC-14OCT26,0.28059999999999996,-0.90561,13.32398,0.0,0.0,0.0050000000000000044,BTC,82950.27,0.0
2026-10-11T00:11:49.854723+00:00,BTC-13OCT26-85500-C,82970.5,BTC-13OCT26,call,85500.0,2026-10-13T08:00:00+00:00,0.006365824564510609,0.0008,0.001,0.00090839,0.0009,82970.5,BTC-13OCT26,0.2777,0.08992,10.7454,20.9,2.4,0.00019999999999999998,BTC,82950.27,175.71
2026-10-11T00:11:49.854723+00:00,BTC-25JUN27-94000-C,86158.09,BTC-25JUN27,call,94000.0,2027-06-25T08:00:00+00:00,0.7045177752831965,0.0925,0.0945,0.09329589,0.0935,86158.09,BTC-25JUN27,0.3843,0.4568,286.91415,30.1,0.0,0.0020000000000000018,BTC,82950.27,0.0
2026-10-11T00:11:49.854723+00:00,BTC-25JUN27-200000-P,86158.07,BTC-25JUN27,put,200000.0,2027-06-25T08:00:00+00:00,0.7045177752831965,1.3105,1.3425,1.32533035,1.3265,86158.07,BTC-25JUN27,0.47909999999999997,-0.97077,48.17939,2.1,0.0,0.03200000000000003,BTC,82950.27,0.0
2026-10-11T00:11:49.854723+00:00,BTC-12OCT26-91000-P,82962.1,BTC-12OCT26,put,91000.0,2026-10-12T08:00:00+00:00,0.003627973777378508,0.095,0.1,0.09690595,0.0975,82962.1,BTC-12OCT26,0.4075,-0.99991,0.01729,0.0,0.0,0.0050000000000000044,BTC,82950.27,0.0
2026-10-11T00:11:49.854723+00:00,BTC-27NOV26-78000-C,83555.46,BTC-27NOV26,call,78000.0,2026-11-27T08:00:00+00:00,0.12956910998545518,0.0915,0.0935,0.09231875,0.0925,83555.46,BTC-27NOV26,0.3786,0.71676,101.84232,243.3,0.0,0.0020000000000000018,BTC,82950.12,0.0
2026-10-11T00:11:49.854723+00:00,BTC-12OCT26-74000-P,82962.1,BTC-12OCT26,put,74000.0,2026-10-12T08:00:00+00:00,0.003627973777378508,,0.0001,7.78e-06,,82962.1,BTC-12OCT26,0.6032,-0.00078,0.1334,1.4,0.5,,BTC,82950.12,4.14
2026-10-11T00:11:49.854723+00:00,BTC-24SEP27-200000-C,87264.62,BTC-24SEP27,call,200000.0,2027-09-24T08:00:00+00:00,0.9536621969122177,0.008,0.009,0.00850129,0.0085,87264.62,BTC-24SEP27,0.46020000000000005,0.05259,91.52034,30.0,0.0,0.0009999999999999992,BTC,82950.12,0.0
2026-10-11T00:11:49.854723+00:00,BTC-12OCT26-82500-C,82962.1,BTC-12OCT26,call,82500.0,2026-10-12T08:00:00+00:00,0.003627973777378508,0.0075,0.009,0.00828726,0.00825,82962.1,BTC-12OCT26,0.20989999999999998,0.67263,18.03904,7.8,0.1,0.0014999999999999996,BTC,82950.12,70.44
2026-10-11T00:11:49.854723+00:00,BTC-24SEP27-118000-P,87264.62,BTC-24SEP27,put,118000.0,2027-09-24T08:00:00+00:00,0.9536621969122177,0.3975,0.4185,0.40757327,0.408,87264.62,BTC-24SEP27,0.3958,-0.72148,286.21778,0.0,0.0,0.020999999999999963,BTC,82950.12,0.0
2026-10-11T00:11:49.854723+00:00,BTC-23OCT26-96000-P,83119.68,BTC-23OCT26,put,96000.0,2026-10-23T08:00:00+00:00,0.03374433243583162,0.153,0.159,0.15537809,0.156,83119.68,BTC-23OCT26,0.3636,-0.98314,6.3934,0.2,0.0,0.006000000000000005,BTC,82949.77,0.0
2026-10-11T00:11:49.854723+00:00,BTC-27NOV26-62000-P,83555.46,BTC-27NOV26,put,62000.0,2026-11-27T08:00:00+00:00,0.12956910998545518,0.0033,0.0038,0.00358339,0.00355,83555.46,BTC-27NOV26,0.5138,-0.04403,28.02337,378.7,0.0,0.0005,BTC,82949.77,0.0
2026-10-11T00:11:49.854723+00:00,BTC-16OCT26-86000-P,83024.7,BTC-16OCT26,put,86000.0,2026-10-16T08:00:00+00:00,0.014579376925906912,0.036,0.042,0.03922789,0.039,83024.7,BTC-16OCT26,0.3043,-0.82644,25.71347,124.6,1.5,0.006000000000000005,BTC,82949.77,5092.04
2026-10-11T00:11:49.854723+00:00,BTC-25DEC26-50000-C,83886.62,BTC-25DEC26,call,50000.0,2026-12-25T08:00:00+00:00,0.206228932025154,0.4035,0.409,0.4063792,0.40625,83886.62,BTC-25DEC26,0.6049,0.97833,19.74578,259.8,0.0,0.005499999999999949,BTC,82949.77,0.0
2026-10-11T00:11:49.854723+00:00,BTC-24SEP27-74000-C,87264.62,BTC-24SEP27,call,74000.0,2027-09-24T08:00:00+00:00,0.9536621969122177,0.231,0.2345,0.23214061,0.23275,87264.62,BTC-24SEP27,0.4021,0.73108,281.29432,1.4,0.0,0.0034999999999999754,BTC,82949.77,0.0
2026-10-11T00:11:49.854723+00:00,BTC-23OCT26-78000-C,83119.68,BTC-23OCT26,call,78000.0,2026-10-23T08:00:00+00:00,0.03374433243583162,0.0645,0.07,0.06728194,0.06725,83119.68,BTC-23OCT26,0.359,0.8404,37.10043,1.8,0.0,0.005500000000000005,BTC,82949.72,0.0
2026-10-11T00:11:49.854723+00:00,BTC-30OCT26-45000-P,83215.87,BTC-30OCT26,put,45000.0,2026-10-30T08:00:00+00:00,0.052909287945756334,,0.0001,3.155e-05,,83215.87,BTC-30OCT26,0.8475,-0.00058,0.38828,353.7,0.0,,BTC,82949.77,0.0
2026-10-11T00:11:49.854723+00:00,BTC-30OCT26-69000-C,83215.87,BTC-30OCT26,call,69000.0,2026-10-30T08:00:00+00:00,0.052909287945756334,0.1705,0.1755,0.17282825,0.173,83215.87,BTC-30OCT26,0.4886,0.95751,17.32817,585.5,0.0,0.004999999999999977,BTC,82949.72,0.0
2026-10-11T00:11:49.854723+00:00,BTC-14OCT26-84000-P,82996.9,BTC-14OCT26,put,84000.0,2026-10-14T08:00:00+00:00,0.00910367535164271,0.016,0.018,0.0173364,0.017,82996.9,BTC-14OCT26,0.2656,-0.67762,28.41305,0.0,0.0,0.0019999999999999983,BTC,82949.72,0.0
2026-10-11T00:11:49.854723+00:00,BTC-25JUN27-84000-C,86158.09,BTC-25JUN27,call,84000.0,2027-06-25T08:00:00+00:00,0.7045177752831965,0.14,0.142,0.14067502,0.141,86158.09,BTC-25JUN27,0.38799999999999996,0.59515,280.35677,556.3,0.0,0.001999999999999974,BTC,82949.72,0.0
2026-10-11T00:11:49.854723+00:00,BTC-14OCT26-81500-C,82996.9,BTC-14OCT26,call,81500.0,2026-10-14T08:00:00+00:00,0.00910367535164271,0.0215,0.023,0.02208804,0.02225,82996.9,BTC-14OCT26,0.2848,0.75284,25.01779,0.0,0.0,0.0015000000000000013,BTC,82949.72,0.0
2026-10-11T00:11:49.854723+00:00,BTC-30OCT26-69000-P,83215.87,BTC-30OCT26,put,69000.0,2026-10-30T08:00:00+00:00,0.052909287945756334,0.0019,0.0022,0.00203039,0.00205,83215.87,BTC-30OCT26,0.4886,-0.04249,17.32817,2309.7,3.9,0.00030000000000000014,BTC,82949.72,650.83
2026-10-11T00:11:49.854723+00:00,BTC-24SEP27-104000-C,87263.12,BTC-24SEP27,call,104000.0,2027-09-24T08:00:00+00:00,0.9536621969122177,0.0855,0.088,0.08684493,0.08675,87263.12,BTC-24SEP27,0.39049999999999996,0.39386,327.97187,5.7,0.0,0.0024999999999999883,BTC,82949.72,0.0
2026-10-11T00:11:49.854723+00:00,BTC-11OCT26-82500-C,82946.44,BTC-11OCT26,call,82500.0,2026-10-11T08:00:00+00:00,0.0008901229902464066,0.0049,0.0065,0.00573579,0.0057,82946.44,BTC-11OCT26,0.16949999999999998,0.85753,5.56874,57.1,0.3,0.0015999999999999999,BTC,82949.72,140.83
2026-10-11T00:11:49.854723+00:00,BTC-27NOV26-82000-P,83555.46,BTC-27NOV26,put,82000.0,2026-11-27T08:00:00+00:00,0.12956910998545518,0.043,0.0435,0.0434697,0.04325,83555.46,BTC-27NOV26,0.3674,-0.41752,117.45379,166.7,1.5,0.0005000000000000004,BTC,82949.97,5636.42
2026-10-11T00:11:49.854723+00:00,BTC-13OCT26-80000-P,82970.5,BTC-13OCT26,put,80000.0,2026-10-13T08:00:00+00:00,0.006365824564510609,0.001,0.0011,0.00102841,0.00105,82970.5,BTC-13OCT26,0.3337,-0.08315,10.13484,20.7,23.6,0.00010000000000000005,BTC,82949.97,2952.08
2026-10-11T00:11:49.854723+00:00,BTC-30OCT26-62000-P,83215.87,BTC-30OCT26,put,62000.0,2026-10-30T08:00:00+00:00,0.052909287945756334,0.0006,0.0007,0.00059382,0.00065,83215.87,BTC-30OCT26,0.5856,-0.01217,6.05536,1363.1,9.2,0.00010000000000000005,BTC,82949.97,493.87
2026-10-11T00:11:49.854723+00:00,BTC-13OCT26-77000-P,82972.23,BTC-13OCT26,put,77000.0,2026-10-13T08:00:00+00:00,0.006365824564510609,0.0003,0.0004,0.00033703,0.00035,82972.23,BTC-13OCT26,0.47509999999999997,-0.02335,3.65358,50.6,0.0,0.00010000000000000005,BTC,82949.97,0.0
2026-10-11T00:11:49.854723+00:00,BTC-25JUN27-88000-P,86158.07,BTC-25JUN27,put,88000.0,2027-06-25T08:00:00+00:00,0.7045177752831965,0.1405,0.143,0.14104588,0.14175,86158.07,BTC-25JUN27,0.3859,-0.46146,287.25735,30.4,0.1,0.0024999999999999745,BTC,82949.77,1169.97
2026-10-11T00:11:49.854723+00:00,BTC-30OCT26-40000-C,83215.87,BTC-30OCT26,call,40000.0,2026-10-30T08:00:00+00:00,0.052909287945756334,0.5185,0.5205,0.519317,0.5195,83215.87,BTC-30OCT26,0.9414,0.99976,0.17275,0.3,0.0,0.0020000000000000018,BTC,82949.77,0.0
2026-10-11T00:11:49.854723+00:00,BTC-11OCT26-73000-P,82946.44,BTC-11OCT26,put,73000.0,2026-10-11T08:00:00+00:00,0.0008901229902464066,,0.0001,0.0,,82946.44,BTC-11OCT26,0.7441,0.0,0.0,26.6,0.0,,BTC,82949.77,0.0
2026-10-11T00:11:49.854723+00:00,BTC-23OCT26-85000-P,83119.68,BTC-23OCT26,put,85000.0,2026-10-23T08:00:00+00:00,0.03374433243583162,0.0355,0.037,0.03646856,0.03625,83119.68,BTC-23OCT26,0.3161,-0.63927,57.17995,30.7,0.0,0.0015000000000000013,BTC,82949.77,0.0
2026-10-11T00:11:49.854723+00:00,BTC-30OCT26-86000-P,83215.87,BTC-30OCT26,put,86000.0,2026-10-30T08:00:00+00:00,0.052909287945756334,0.0485,0.0505,0.05006701,0.0495,83215.87,BTC-30OCT26,0.3261,-0.65572,70.49415,446.5,0.0,0.0020000000000000018,BTC,82949.77,0.0
2026-10-11T00:11:49.854723+00:00,BTC-26MAR27-82000-P,84972.83,BTC-26MAR27,put,82000.0,2027-03-26T08:00:00+00:00,0.4553733536541752,0.084,0.0855,0.08462624,0.08475,84972.83,BTC-26MAR27,0.3834,-0.39475,220.82132,77.5,0.0,0.0015000000000000013,BTC,82949.77,0.0
2026-10-11T00:11:49.854723+00:00,BTC-25DEC26-64000-C,83886.62,BTC-25DEC26,call,64000.0,2026-12-25T08:00:00+00:00,0.206228932025154,0.2415,0.2485,0.24502173,0.245,83886.62,BTC-25DEC26,0.45399999999999996,0.92145,55.87488,404.8,0.0,0.007000000000000006,BTC,82949.77,0.0
2026-10-11T00:11:49.854723+00:00,BTC-26MAR27-95000-P,84971.51,BTC-26MAR27,put,95000.0,2027-03-26T08:00:00+00:00,0.4553733536541752,0.1705,0.183,0.17688137,0.17675,84971.51,BTC-26MAR27,0.37920000000000004,-0.62091,218.23978,10.3,0.0,0.012499999999999983,BTC,82949.77,0.0
2026-10-11T00:11:49.854723+00:00,BTC-25DEC26-95000-C,83886.62,BTC-25DEC26,call,95000.0,2026-12-25T08:00:00+00:00,0.206228932025154,0.0235,0.024,0.02385542,0.02375,83886.62,BTC-25DEC26,0.3703,0.2561,122.64534,2336.8,0.2,0.0005000000000000004,BTC,82949.77,389.29
2026-10-11T00:11:49.854723+00:00,BTC-27NOV26-105000-C,83555.46,BTC-27NOV26,call,105000.0,2026-11-27T08:00:00+00:00,0.12956910998545518,0.0034,0.0037,0.00354896,0.00355,83555.46,BTC-27NOV26,0.39280000000000004,0.06123,36.4151,32.0,1.5,0.00030000000000000035,BTC,82950.72,424.31
2026-10-11T00:11:49.854723+00:00,BTC-27NOV26-94000-C,83555.46,BTC-27NOV26,call,94000.0,2026-11-27T08:00:00+00:00,0.12956910998545518,0.0135,0.0145,0.01403763,0.014,83555.46,BTC-27NOV26,0.36460000000000004,0.20281,84.93898,599.1,0.0,0.0010000000000000009,BTC,82950.72,0.0
2026-10-11T00:11:49.854723+00:00,BTC-26MAR27-75000-C,84972.83,BTC-26MAR27,call,75000.0,2027-03-26T08:00:00+00:00,0.4553733536541752,0.168,0.17,0.16864745,0.169,84972.83,BTC-26MAR27,0.39270000000000005,0.72691,190.73605,1.7,0.0,0.0020000000000000018,BTC,82949.77,0.0
2026-10-11T00:11:49.854723+00:00,BTC-13OCT26-73000-P,82972.23,BTC-13OCT26,put,73000.0,2026-10-13T08:00:00+00:00,0.006365824564510609,,0.0002,5.908e-05,,82972.23,BTC-13OCT26,0.6081,-0.00386,0.75982,5.3,2.5,,BTC,82950.72,20.7
2026-10-11T00:11:49.854723+00:00,BTC-25DEC26-240000-P,83886.62,BTC-25DEC26,put,240000.0,2026-12-25T08:00:00+00:00,0.206228932025154,1.848,1.873,1.86119957,1.8605,83886.62,BTC-25DEC26,0.7432,-0.99838,1.99088,0.0,0.0,0.02499999999999991,BTC,82950.72,0.0
2026-10-11T00:11:49.854723+00:00,BTC-24SEP27-72000-P,87264.62,BTC-24SEP27,put,72000.0,2027-09-24T08:00:00+00:00,0.9536621969122177,0.0705,0.0725,0.07167683,0.0715,87264.62,BTC-24SEP27,0.40409999999999996,-0.24686,269.07869,22.1,0.0,0.0020000000000000018,BTC,82950.72,0.0
2026-10-11T00:11:49.854723+00:00,BTC-14OCT26-86000-C,82996.9,BTC-14OCT26,call,86000.0,2026-10-14T08:00:00+00:00,0.00910367535164271,0.001,0.0013,0.00117118,0.00115,82996.9,BTC-14OCT26,0.28059999999999996,0.09439,13.32487,102.6,102.6,0.0002999999999999999,BTC,82950.72,9174.88
2026-10-11T00:11:49.854723+00:00,BTC-25JUN27-105000-C,86158.09,BTC-25JUN27,call,105000.0,2027-06-25T08:00:00+00:00,0.7045177752831965,0.058,0.06,0.05901255,0.059,86158.09,BTC-25JUN27,0.38630000000000003,0.32722,261.09323,163.5,0.0,0.001999999999999995,BTC,82949.97,0.0
2026-10-11T00:11:49.854723+00:00,BTC-11OCT26-82000-P,82946.44,BTC-11OCT26,put,82000.0,2026-10-11T08:00:00+00:00,0.0008901229902464066,0.0001,0.0002,0.00015691,0.00015,82946.44,BTC-11OCT26,0.2373,-0.05262,2.65576,237.3,24.1,0.0001,BTC,82950.72,1379.57
2026-10-11T00:11:49.854723+00:00,BTC-25DEC26-86000-P,83886.62,BTC-25DEC26,put,86000.0,2026-12-25T08:00:00+00:00,0.206228932025154,0.0805,0.0815,0.08067114,0.081,83886.62,BTC-25DEC26,0.36729999999999996,-0.52617,151.70253,108.9,0.0,0.0010000000000000009,BTC,82949.97,0.0
2026-10-11T00:11:49.854723+00:00,BTC-13OCT26-82000-P,82972.23,BTC-13OCT26,put,82000.0,2026-10-13T08:00:00+00:00,0.006365824564510609,0.0036,0.004,0.00378568,0.0038,82972.23,BTC-13OCT26,0.2641,-0.28362,22.42801,19.1,0.1,0.0004000000000000002,BTC,82949.97,37.28
2026-10-11T00:11:49.854723+00:00,BTC-24SEP27-110000-C,87264.62,BTC-24SEP27,call,110000.0,2027-09-24T08:00:00+00:00,0.9536621969122177,0.07,0.0725,0.07132741,0.07125,87264.62,BTC-24SEP27,0.3922,0.33985,312.29869,200.9,0.0,0.0024999999999999883,BTC,82949.97,0.0
2026-10-11T00:11:49.854723+00:00,BTC-24SEP27-50000-P,87263.12,BTC-24SEP27,put,50000.0,2027-09-24T08:00:00+00:00,0.9536621969122177,0.0175,0.0185,0.0182091,0.018,87263.12,BTC-24SEP27,0.4668,-0.07363,118.979,740.4,0.0,0.0009999999999999974,BTC,82949.97,0.0
2026-10-11T00:11:49.854723+00:00,BTC-16OCT26-75000-C,83024.7,BTC-16OCT26,call,75000.0,2026-10-16T08:00:00+00:00,0.014579376925906912,0.095,0.1,0.09747401,0.0975,83024.7,BTC-16OCT26,0.4752,0.96401,7.92736,0.2,0.0,0.0050000000000000044,BTC,82949.72,0.0
2026-10-11T00:11:49.854723+00:00,BTC-26MAR27-150000-P,84971.51,BTC-26MAR27,put,150000.0,2027-03-26T08:00:00+00:00,0.4553733536541752,0.758,0.779,0.76985111,0.7685,84971.51,BTC-26MAR27,0.4459,-0.95886,50.57186,0.6,0.0,0.02100000000000002,BTC,82949.72,0.0
2026-10-11T00:11:49.854723+00:00,BTC-27NOV26-84000-P,83555.46,BTC-27NOV26,put,84000.0,2026-11-27T08:00:00+00:00,0.12956910998545518,0.055,0.056,0.0552242,0.0555,83555.46,BTC-27NOV26,0.3649,-0.48982,119.99127,86.9,0.1,0.0010000000000000009,BTC,82949.97,474.69
2026-10-11T00:11:49.854723+00:00,BTC-25DEC26-20000-C,83886.62,BTC-25DEC26,call,20000.0,2026-12-25T08:00:00+00:00,0.206228932025154,0.761,0.7625,0.76175805,0.76175,83886.62,BTC-25DEC26,1.1238,0.99891,1.39257,5.1,0.0,0.0014999999999999458,BTC,82949.72,0.0
2026-10-11T00:11:49.854723+00:00,BTC-26MAR27-110000-C,84972.83,BTC-26MAR27,call,110000.0,2027-03-26T08:00:00+00:00,0.4553733536541752,0.0245,0.026,0.02529524,0.02525,84972.83,BTC-26MAR27,0.3876,0.19599,158.63195,1464.4,0.1,0.0014999999999999979,BTC,82949.72,207.44
2026-10-11T00:11:49.854723+00:00,BTC-23OCT26-87000-P,83119.68,BTC-23OCT26,put,87000.0,2026-10-23T08:00:00+00:00,0.03374433243583162,0.0525,0.0555,0.05399896,0.054,83119.68,BTC-23OCT26,0.3156,-0.77583,45.71126,2.3,0.0,0.0030000000000000027,BTC,82949.72,0.0
2026-10-11T00:11:49.854723+00:00,BTC-26MAR27-125000-C,84972.83,BTC-26MAR27,call,125000.0,2027-03-26T08:00:00+00:00,0.4553733536541752,0.0115,0.0125,0.0120156,0.012,84972.83,BTC-26MAR27,0.4071,0.10252,102.50551,433.7,0.0,0.0010000000000000009,BTC,82949.72,0.0
2026-10-11T00:11:49.854723+00:00,BTC-25DEC26-150000-P,83885.17,BTC-25DEC26,put,150000.0,2026-12-25T08:00:00+00:00,0.206228932025154,0.781,0.796,0.78869658,0.7885,83885.17,BTC-25DEC26,0.5035000000000001,-0.99238,8.00287,4.4,0.0,0.015000000000000013,BTC,82949.72,0.0
2026-10-11T00:11:49.854723+00:00,BTC-25JUN27-120000-P,86158.07,BTC-25JUN27,put,120000.0,2027-06-25T08:00:00+00:00,0.7045177752831965,0.417,0.435,0.42511224,0.426,86158.07,BTC-25JUN27,0.3946,-0.79796,203.76908,0.9,0.0,0.018000000000000016,BTC,82949.72,0.0
2026-10-11T00:11:49.854723+00:00,BTC-25JUN27-114000-P,86158.09,BTC-25JUN27,put,114000.0,2027-06-25T08:00:00+00:00,0.7045177752831965,0.356,0.3735,0.36405804,0.36475,86158.09,BTC-25JUN27,0.3907,-0.75475,227.54262,0.0,0.0,0.017500000000000016,BTC,82949.72,0.0
2026-10-11T00:11:49.854723+00:00,BTC-30OCT26-87000-P,83214.18,BTC-30OCT26,put,87000.0,2026-10-30T08:00:00+00:00,0.052909287945756334,0.057,0.059,0.05832155,0.058,83214.18,BTC-30OCT26,0.3226,-0.71286,65.23926,429.3,1.8,0.001999999999999995,BTC,82949.72,8925.57
2026-10-11T00:11:49.854723+00:00,BTC-30OCT26-63000-P,83215.87,BTC-30OCT26,put,63000.0,2026-10-30T08:00:00+00:00,0.052909287945756334,0.0007,0.0008,0.00072869,0.00075,83215.87,BTC-30OCT26,0.5740999999999999,-0.01493,7.22069,1274.5,5.2,0.00010000000000000005,BTC,82949.72,340.92
2026-10-11T00:11:49.854723+00:00,BTC-25JUN27-64000-P,86158.09,BTC-25JUN27,put,64000.0,2027-06-25T08:00:00+00:00,0.7045177752831965,0.0335,0.035,0.03419153,0.03425,86158.09,BTC-25JUN27,0.4233,-0.15526,172.57156,63.9,0.0,0.0015000000000000013,BTC,82949.72,0.0
2026-10-11T00:11:49.854723+00:00,BTC-25JUN27-95000-C,86158.07,BTC-25JUN27,call,95000.0,2027-06-25T08:00:00+00:00,0.7045177752831965,0.0885,0.0905,0.08960158,0.0895,86158.07,BTC-25JUN27,0.3846,0.4439,285.74563,57.8,0.0,0.0020000000000000018,BTC,82949.72,0.0
2026-10-11T00:11:49.854723+00:00,BTC-25JUN27-65000-C,86158.07,BTC-25JUN27,call,65000.0,2027-06-25T08:00:00+00:00,0.7045177752831965,0.2805,0.2835,0.28220759,0.282,86158.07,BTC-25JUN27,0.4205,0.83518,179.45303,9.0,0.0,0.002999999999999947,BTC,82949.72,0.0
2026-10-11T00:11:49.854723+00:00,BTC-25DEC26-98000-C,83885.17,BTC-25DEC26,call,98000.0,2026-12-25T08:00:00+00:00,0.206228932025154,0.0175,0.018,0.01782494,0.01775,83885.17,BTC-25DEC26,0.3735,0.20282,107.588,987.0,1.1,0.000499999999999997,BTC,82949.72,1592.67
2026-10-11T00:11:49.854723+00:00,BTC-30OCT26-79000-P,83215.87,BTC-30OCT26,put,79000.0,2026-10-30T08:00:00+00:00,0.052909287945756334,0.012,0.013,0.01265718,0.0125,83215.87,BTC-30OCT26,0.35509999999999997,-0.24888,60.70353,1653.7,1.2,0.0009999999999999992,BTC,82949.72,1219.38
2026-10-11T00:11:49.854723+00:00,BTC-16OCT26-79000-C,83024.7,BTC-16OCT26,call,79000.0,2026-10-16T08:00:00+00:00,0.014579376925906912,0.048,0.054,0.05124827,0.051,83024.7,BTC-16OCT26,0.36469999999999997,0.87491,20.65292,11.6,0.0,0.005999999999999998,BTC,82949.72,0.0
2026-10-11T00:11:49.854723+00:00,BTC-30OCT26-98000-C,83215.87,BTC-30OCT26,call,98000.0,2026-10-30T08:00:00+00:00,0.052909287945756334,0.0007,0.0008,0.00075354,0.00075,83215.87,BTC-30OCT26,0.3555,0.02509,11.22462,2002.5,39.3,0.00010000000000000005,BTC,82949.72,2336.15
2026-10-11T00:11:49.854723+00:00,BTC-25DEC26-108000-P,83885.17,BTC-25DEC26,put,108000.0,2026-12-25T08:00:00+00:00,0.206228932025154,0.289,0.3,0.29448143,0.2945,83885.17,BTC-25DEC26,0.3909,-0.90889,62.44889,0.1,0.0,0.01100000000000001,BTC,82949.72,0.0
2026-10-11T00:11:49.854723+00:00,BTC-16OCT26-80000-P,83024.7,BTC-16OCT26,put,80000.0,2026-10-16T08:00:00+00:00,0.014579376925906912,0.004,0.0043,0.00416203,0.00415,83024.7,BTC-16OCT26,0.3444,-0.18065,26.37151,2262.0,13.2,0.0002999999999999999,BTC,82949.72,4809.15
2026-10-11T00:11:49.854723+00:00,BTC-25JUN27-74000-P,86158.09,BTC-25JUN27,put,74000.0,2027-06-25T08:00:00+00:00,0.7045177752831965,0.0645,0.0665,0.06577663,0.0655,86158.09,BTC-25JUN27,0.40009999999999996,-0.26733,238.00562,21.6,0.0,0.0020000000000000018,BTC,82949.72,0.0
2026-10-11T00:11:49.854723+00:00,BTC-27NOV26-66000-C,83555.46,BTC-27NOV26,call,66000.0,2026-11-27T08:00:00+00:00,0.12956910998545518,0.212,0.219,0.2154651,0.2155,83555.46,BTC-27NOV26,0.4654,0.93205,39.48259,0.1,0.0,0.007000000000000006,BTC,82949.72,0.0
2026-10-11T00:11:49.854723+00:00,BTC-25DEC26-115000-C,83886.62,BTC-25DEC26,call,115000.0,2026-12-25T08:00:00+00:00,0.206228932025154,0.004,0.0041,0.0040866,0.00405,83886.62,BTC-25DEC26,0.41100000000000003,0.05521,42.51926,2324.4,0.8,0.00010000000000000026,BTC,82949.72,265.52
2026-10-11T00:11:49.854723+00:00,BTC-24SEP27-106000-C,87264.62,BTC-24SEP27,call,106000.0,2027-09-24T08:00:00+00:00,0.9536621969122177,0.08,0.0825,0.08133481,0.08125,87264.62,BTC-24SEP27,0.3911,0.37517,323.29599,14.1,14.0,0.0025000000000000022,BTC,82949.72,94225.79
2026-10-11T00:11:49.854723+00:00,BTC-26MAR27-140000-P,84972.83,BTC-26MAR27,put,140000.0,2027-03-26T08:00:00+00:00,0.4553733536541752,0.643,0.6625,0.65414343,0.65275,84972.83,BTC-26MAR27,0.43090000000000006,-0.94196,66.57113,10.9,0.0,0.019499999999999962,BTC,82949.72,0.0
2026-10-11T00:11:49.854723+00:00,BTC-12OCT26-85500-C,82962.1,BTC-12OCT26,call,85500.0,2026-10-12T08:00:00+00:00,0.003627973777378508,0.0003,0.0004,0.00031056,0.00035,82962.1,BTC-12OCT26,0.29109999999999997,0.04368,4.62479,144.4,6.2,0.00010000000000000005,BTC,82949.72,164.18
2026-10-11T00:11:49.854723+00:00,BTC-11OCT26-83000-C,82946.49,BTC-11OCT26,call,83000.0,2026-10-11T08:00:00+00:00,0.0008901229902464066,0.0014,0.0018,0.00160749,0.0016,82946.49,BTC-11OCT26,0.1613,0.44774,9.77893,244.1,14.1,0.00039999999999999996,BTC,82949.72,2354.8
2026-10-11T00:11:49.854723+00:00,BTC-25DEC26-80000-P,83886.62,BTC-25DEC26,put,80000.0,2026-12-25T08:00:00+00:00,0.206228932025154,0.0455,0.0465,0.04586684,0.046,83886.62,BTC-25DEC26,0.376,-0.35823,142.32565,2365.8,22.9,0.0010000000000000009,BTC,82949.72,88245.81
2026-10-11T00:11:49.854723+00:00,BTC-25JUN27-116000-C,86158.09,BTC-25JUN27,call,116000.0,2027-06-25T08:00:00+00:00,0.7045177752831965,0.037,0.0385,0.03780821,0.03775,86158.09,BTC-25JUN27,0.3921,0.23,219.66801,9.9,0.0,0.0015000000000000013,BTC,82950.72,0.0
2026-10-11T00:11:49.854723+00:00,BTC-26MAR27-70000-P,84971.51,BTC-26MAR27,put,70000.0,2027-03-26T08:00:00+00:00,0.4553733536541752,0.0345,0.0355,0.03492172,0.035,84971.51,BTC-26MAR27,0.406,-0.19925,160.22251,530.8,0.0,0.000999999999999994,BTC,82950.72,0.0
2026-10-11T00:11:49.854723+00:00,BTC-25JUN27-86000-C,86158.07,BTC-25JUN27,call,86000.0,2027-06-25T08:00:00+00:00,0.7045177752831965,0.129,0.131,0.12989423,0.13,86158.07,BTC-25JUN27,0.3871,0.56678,284.54989,42.8,0.0,0.0020000000000000018,BTC,82950.72,0.0
2026-10-11T00:11:49.854723+00:00,BTC-27NOV26-100000-C,83555.46,BTC-27NOV26,call,100000.0,2026-11-27T08:00:00+00:00,0.12956910998545518,0.006,0.0065,0.00626794,0.00625,83555.46,BTC-27NOV26,0.3746,0.10305,53.97008,579.5,50.3,0.0004999999999999996,BTC,82950.72,25771.29
2026-10-11T00:11:49.854723+00:00,BTC-14OCT26-81000-P,82996.96,BTC-14OCT26,put,81000.0,2026-10-14T08:00:00+00:00,0.00910367535164271,0.0028,0.0032,0.00294532,0.003,82996.96,BTC-14OCT26,0.2938,-0.18885,21.41398,10.1,10.1,0.0004000000000000002,BTC,82950.72,3089.74
2026-10-11T00:11:49.854723+00:00,BTC-26MAR27-64000-C,84972.83,BTC-26MAR27,call,64000.0,2027-03-26T08:00:00+00:00,0.4553733536541752,0.2635,0.272,0.2682529,0.26775,84972.83,BTC-26MAR27,0.4276,0.86995,121.37036,137.9,0.0,0.008500000000000008,BTC,82950.72,0.0
2026-10-11T00:11:49.854723+00:00,BTC-25DEC26-82000-P,83886.62,BTC-25DEC26,put,82000.0,2026-12-25T08:00:00+00:00,0.206228932025154,0.0555,0.0565,0.05598302,0.056,83886.62,BTC-25DEC26,0.3722,-0.41328,148.42329,881.4,2.0,0.0010000000000000009,BTC,82950.72,9204.41
2026-10-11T00:11:49.854723+00:00,BTC-25DEC26-90000-P,83885.17,BTC-25DEC26,put,90000.0,2026-12-25T08:00:00+00:00,0.206228932025154,0.1075,0.115,0.11147592,0.11125,83885.17,BTC-25DEC26,0.3679,-0.63209,143.61987,652.3,0.0,0.007500000000000007,BTC,82950.95,0.0
2026-10-11T00:11:49.854723+00:00,BTC-26MAR27-50000-C,84972.83,BTC-26MAR27,call,50000.0,2027-03-26T08:00:00+00:00,0.4553733536541752,0.4155,0.422,0.41863772,0.41875,84972.83,BTC-26MAR27,0.5115999999999999,0.95619,53.20964,21.6,0.0,0.006500000000000006,BTC,82950.95,0.0
2026-10-11T00:11:49.854723+00:00,BTC-23OCT26-94000-P,83119.68,BTC-23OCT26,put,94000.0,2026-10-23T08:00:00+00:00,0.03374433243583162,0.1285,0.135,0.13163127,0.13175,83119.68,BTC-23OCT26,0.34850000000000003,-0.97062,10.21247,0.2,0.0,0.006500000000000006,BTC,82950.95,0.0
2026-10-11T00:11:49.854723+00:00,BTC-30OCT26-74000-P,83215.87,BTC-30OCT26,put,74000.0,2026-10-30T08:00:00+00:00,0.052909287945756334,0.0044,0.0048,0.00459054,0.0046,83215.87,BTC-30OCT26,0.41090000000000004,-0.09867,33.27657,1268.0,0.1,0.0003999999999999993,BTC,82950.95,41.3
2026-10-11T00:11:49.854723+00:00,BTC-24SEP27-90000-C,87263.12,BTC-24SEP27,call,90000.0,2027-09-24T08:00:00+00:00,0.9536621969122177,0.137,0.14,0.13861312,0.1385,87263.12,BTC-24SEP27,0.3909,0.54383,338.03389,15.0,0.0,0.0030000000000000027,BTC,82950.95,0.0
2026-10-11T00:11:49.854723+00:00,BTC-24SEP27-130000-C,87263.12,BTC-24SEP27,call,130000.0,2027-09-24T08:00:00+00:00,0.9536621969122177,0.0375,0.0395,0.03855143,0.0385,87263.12,BTC-24SEP27,0.4028,0.20716,243.71967,46.3,0.0,0.0020000000000000018,BTC,82951.45,0.0
2026-10-11T00:11:49.854723+00:00,BTC-25JUN27-140000-P,86158.09,BTC-25JUN27,put,140000.0,2027-06-25T08:00:00+00:00,0.7045177752831965,0.6315,0.653,0.641284,0.64225,86158.09,BTC-25JUN27,0.41490000000000005,-0.88868,137.19714,3.4,0.0,0.021500000000000075,BTC,82951.45,0.0
2026-10-11T00:11:49.854723+00:00,BTC-25DEC26-180000-P,83885.17,BTC-25DEC26,put,180000.0,2026-12-25T08:00:00+00:00,0.206228932025154,1.137,1.1545,1.14599318,1.14575,83885.17,BTC-25DEC26,0.578,-0.99725,3.21881,0.1,0.0,0.01750000000000007,BTC,82951.45,0.0
2026-10-11T00:11:49.854723+00:00,BTC-12OCT26-83500-C,82962.1,BTC-12OCT26,call,83500.0,2026-10-12T08:00:00+00:00,0.003627973777378508,0.0025,0.0029,0.00260075,0.0027,82962.1,BTC-12OCT26,0.2165,0.31322,17.70911,90.6,1.4,0.00039999999999999975,BTC,82951.45,291.14
2026-10-11T00:11:49.854723+00:00,BTC-24SEP27-112000-P,87263.12,BTC-24SEP27,put,112000.0,2027-09-24T08:00:00+00:00,0.9536621969122177,0.341,0.3605,0.35032342,0.35075,87263.12,BTC-24SEP27,0.39280000000000004,-0.6767,306.1567,0.0,0.0,0.019499999999999962,BTC,82951.45,0.0
2026-10-11T00:11:49.854723+00:00,BTC-14OCT26-88000-P,82996.96,BTC-14OCT26,put,88000.0,2026-10-14T08:00:00+00:00,0.00910367535164271,0.0585,0.0635,0.06057295,0.061,82996.96,BTC-14OCT26,0.3134,-0.97394,4.79357,0.0,0.0,0.0049999999999999975,BTC,82951.45,0.0
2026-10-11T00:11:49.854723+00:00,BTC-27NOV26-110000-P,83555.46,BTC-27NOV26,put,110000.0,2026-11-27T08:00:00+00:00,0.12956910998545518,0.314,0.3235,0.31849162,0.31875,83555.46,BTC-27NOV26,0.408,-0.96393,23.83233,0.0,0.0,0.009500000000000008,BTC,82951.45,0.0
2026-10-11T00:11:49.854723+00:00,BTC-13OCT26-79000-C,82970.5,BTC-13OCT26,call,79000.0,2026-10-13T08:00:00+00:00,0.006365824564510609,0.046,0.051,0.04847745,0.0485,82970.5,BTC-13OCT26,0.37770000000000004,0.9499,6.84061,0.0,0.0,0.0049999999999999975,BTC,82951.15,0.0
2026-10-11T00:11:49.854723+00:00,BTC-25JUN27-76000-C,86158.07,BTC-25JUN27,call,76000.0,2027-06-25T08:00:00+00:00,0.7045177752831965,0.19,0.193,0.19208181,0.1915,86158.07,BTC-25JUN27,0.3968,0.70651,249.01901,73.2,0.0,0.0030000000000000027,BTC,82951.15,0.0
2026-10-11T00:11:49.854723+00:00,BTC-25DEC26-35000-P,83886.62,BTC-25DEC26,put,35000.0,2026-12-25T08:00:00+00:00,0.206228932025154,0.0007,0.0008,0.00079147,0.00075,83886.62,BTC-25DEC26,0.8245999999999999,-0.00585,6.34052,2149.6,0.2,0.00010000000000000005,BTC,82951.15,14.06
2026-10-11T00:11:49.854723+00:00,BTC-13OCT26-84000-C,82972.23,BTC-13OCT26,call,84000.0,2026-10-13T08:00:00+00:00,0.006365824564510609,0.0033,0.0036,0.00341234,0.00345,82972.23,BTC-13OCT26,0.25489999999999996,0.27715,22.17892,7.9,3.1,0.0002999999999999999,BTC,82951.15,877.45
2026-10-11T00:11:49.854723+00:00,BTC-24SEP27-98000-P,87264.62,BTC-24SEP27,put,98000.0,2027-09-24T08:00:00+00:00,0.9536621969122177,0.226,0.2315,0.22918043,0.22875,87264.62,BTC-24SEP27,0.39,-0.54544,337.87944,0.0,0.0,0.005500000000000005,BTC,82950.6,0.0
2026-10-11T00:11:49.854723+00:00,BTC-30OCT26-61000-C,83215.87,BTC-30OCT26,call,61000.0,2026-10-30T08:00:00+00:00,0.052909287945756334,0.2655,0.27,0.26744087,0.26775,83215.87,BTC-30OCT26,0.6004999999999999,0.98965,5.25769,17.7,0.0,0.004500000000000004,BTC,82950.6,0.0
2026-10-11T00:11:49.854723+00:00,BTC-26MAR27-50000-P,84972.83,BTC-26MAR27,put,50000.0,2027-03-26T08:00:00+00:00,0.4553733536541752,0.007,0.0075,0.00708153,0.00725,84972.83,BTC-26MAR27,0.5115999999999999,-0.04381,53.2103,2331.0,0.0,0.0004999999999999996,BTC,82950.6,0.0
2026-10-11T00:11:49.854723+00:00,BTC-30OCT26-92000-P,83215.87,BTC-30OCT26,put,92000.0,2026-10-30T08:00:00+00:00,0.052909287945756334,0.1055,0.112,0.10929747,0.10875,83215.87,BTC-30OCT26,0.3356,-0.89624,34.51953,2.6,0.0,0.006500000000000006,BTC,82950.6,0.0
2026-10-11T00:11:49.854723+00:00,BTC-14OCT26-91000-P,82996.9,BTC-14OCT26,put,91000.0,2026-10-14T08:00:00+00:00,0.00910367535164271,0.0945,0.0995,0.0964895,0.097,82996.9,BTC-14OCT26,0.3776,-0.9944,1.2677,0.0,0.0,0.0050000000000000044,BTC,82950.6,0.0
2026-10-11T00:11:49.854723+00:00,BTC-23OCT26-100000-C,83119.68,BTC-23OCT26,call,100000.0,2026-10-23T08:00:00+00:00,0.03374433243583162,0.0001,0.0002,0.00014499,0.00015,83119.68,BTC-23OCT26,0.3973,0.00628,2.70284,361.8,0.1,0.0001,BTC,82951.55,0.83
2026-10-11T00:11:49.854723+00:00,BTC-26MAR27-190000-C,84972.83,BTC-26MAR27,call,190000.0,2027-03-26T08:00:00+00:00,0.4553733536541752,0.0017,0.0019,0.00175397,0.0018,84972.83,BTC-26MAR27,0.5133,0.01581,22.72065,730.7,1.8,0.0002000000000000001,BTC,82951.55,268.78
2026-10-11T00:11:49.854723+00:00,BTC-14OCT26-87000-C,82996.96,BTC-14OCT26,call,87000.0,2026-10-14T08:00:00+00:00,0.00910367535164271,0.0005,0.0007,0.00058194,0.0006,82996.96,BTC-14OCT26,0.297,0.04986,8.15065,0.1,0.1,0.00019999999999999998,BTC,82951.55,4.14
2026-10-11T00:11:49.854723+00:00,BTC-13OCT26-78000-C,82970.5,BTC-13OCT26,call,78000.0,2026-10-13T08:00:00+00:00,0.006365824564510609,0.058,0.063,0.06035046,0.0605,82970.5,BTC-13OCT26,0.4279,0.96614,4.97884,0.0,0.0,0.0049999999999999975,BTC,82951.55,0.0
2026-10-11T00:11:49.854723+00:00,BTC-25DEC26-110000-C,83886.62,BTC-25DEC26,call,110000.0,2026-12-25T08:00:00+00:00,0.206228932025154,0.006,0.0065,0.00604579,0.00625,83886.62,BTC-25DEC26,0.39770000000000005,0.07933,56.2959,2968.3,0.7,0.0004999999999999996,BTC,82951.55,347.63
2026-10-11T00:11:49.854723+00:00,BTC-24SEP27-65000-P,87264.62,BTC-24SEP27,put,65000.0,2027-09-24T08:00:00+00:00,0.9536621969122177,0.0465,0.049,0.04784394,0.04775,87264.62,BTC-24SEP27,0.4174,-0.17714,221.44389,4.9,0.0,0.0025000000000000022,BTC,82951.55,0.0
2026-10-11T00:11:49.854723+00:00,BTC-25JUN27-190000-P,86158.09,BTC-25JUN27,put,190000.0,2027-06-25T08:00:00+00:00,0.7045177752831965,1.196,1.226,1.21023075,1.211,86158.09,BTC-25JUN27,0.4714,-0.96409,57.09125,0.6,0.0,0.030000000000000027,BTC,82950.95,0.0
2026-10-11T00:11:49.854723+00:00,BTC-11OCT26-84000-P,82946.44,BTC-11OCT26,put,84000.0,2026-10-11T08:00:00+00:00,0.0008901229902464066,0.011,0.016,0.01286943,0.0135,82946.44,BTC-11OCT26,0.2534,-0.95205,2.46618,0.4,0.0,0.005000000000000001,BTC,82951.55,0.0
2026-10-11T00:11:49.854723+00:00,BTC-25JUN27-102000-P,86158.07,BTC-25JUN27,put,102000.0,2027-06-25T08:00:00+00:00,0.7045177752831965,0.243,0.259,0.25072999,0.251,86158.07,BTC-25JUN27,0.38530000000000003,-0.64055,270.50491,0.0,0.0,0.016000000000000014,BTC,82950.95,0.0
2026-10-11T00:11:49.854723+00:00,BTC-14OCT26-83000-C,82996.96,BTC-14OCT26,call,83000.0,2026-10-14T08:00:00+00:00,0.00910367535164271,0.0095,0.0105,0.0101664,0.01,82996.96,BTC-14OCT26,0.2675,0.505,31.59773,1.2,1.2,0.0010000000000000009,BTC,82950.95,918.53
2026-10-11T00:11:49.854723+00:00,BTC-26MAR27-76000-P,84972.83,BTC-26MAR27,put,76000.0,2027-03-26T08:00:00+00:00,0.4553733536541752,0.0545,0.0555,0.05515318,0.055,84972.83,BTC-26MAR27,0.3901,-0.2893,196.12226,725.9,7.5,0.0010000000000000009,BTC,82950.95,34816.86
2026-10-11T00:11:49.854723+00:00,BTC-30OCT26-98000-P,83215.87,BTC-30OCT26,put,98000.0,2026-10-30T08:00:00+00:00,0.052909287945756334,0.175,0.1815,0.17846093,0.17825,83215.87,BTC-30OCT26,0.3555,-0.9749,11.22755,27.0,0.0,0.006500000000000006,BTC,82950.95,0.0
2026-10-11T00:11:49.854723+00:00,BTC-30OCT26-64000-C,83214.18,BTC-30OCT26,call,64000.0,2026-10-30T08:00:00+00:00,0.052909287945756334,0.2295,0.2345,0.23172914,0.232,83214.18,BTC-30OCT26,0.5578,0.98257,8.24813,416.9,0.0,0.004999999999999977,BTC,82951.0,0.0
2026-10-11T00:11:49.854723+00:00,BTC-25DEC26-82000-C,83885.17,BTC-25DEC26,call,82000.0,2026-12-25T08:00:00+00:00,0.206228932025154,0.078,0.079,0.07845554,0.0785,83885.17,BTC-25DEC26,0.3722,0.58675,148.42265,1319.4,0.0,0.0010000000000000009,BTC,82951.0,0.0
2026-10-11T00:11:49.854723+00:00,BTC-16OCT26-81000-C,83024.7,BTC-16OCT26,call,81000.0,2026-10-16T08:00:00+00:00,0.014579376925906912,0.03,0.0315,0.03078587,0.03075,83024.7,BTC-16OCT26,0.3295,0.73959,32.55276,86.7,0.0,0.0015000000000000013,BTC,82950.95,0.0
2026-10-11T00:11:49.854723+00:00,BTC-11OCT26-84500-P,82946.44,BTC-11OCT26,put,84500.0,2026-10-11T08:00:00+00:00,0.0008901229902464066,0.0165,0.0215,0.01881791,0.019,82946.44,BTC-11OCT26,0.30469999999999997,-0.97912,1.24159,0.7,0.4,0.0049999999999999975,BTC,82951.0,630.28
2026-10-11T00:11:49.854723+00:00,BTC-12OCT26-89000-C,82962.1,BTC-12OCT26,call,89000.0,2026-10-12T08:00:00+00:00,0.003627973777378508,,0.0001,1.01e-06,,82962.1,BTC-12OCT26,0.3292,0.00021,0.03887,63.0,0.0,,BTC,82951.0,0.0
2026-10-11T00:11:49.854723+00:00,BTC-27NOV26-115000-P,83555.46,BTC-27NOV26,put,115000.0,2026-11-27T08:00:00+00:00,0.12956910998545518,0.3725,0.3825,0.37757978,0.3775,83555.46,BTC-27NOV26,0.4275,-0.97714,16.31103,0.2,0.0,0.010000000000000009,BTC,82951.0,0.0
2026-10-11T00:11:49.854723+00:00,BTC-11OCT26-81000-C,82946.49,BTC-11OCT26,call,81000.0,2026-10-11T08:00:00+00:00,0.0008901229902464066,0.0215,0.025,0.02348814,0.02325,82946.49,BTC-11OCT26,0.3488,0.98903,0.71443,32.4,0.0,0.003500000000000003,BTC,82951.0,0.0
2026-10-11T00:11:49.854723+00:00,BTC-13OCT26-86000-P,82972.23,BTC-13OCT26,put,86000.0,2026-10-13T08:00:00+00:00,0.006365824564510609,0.035,0.04,0.03709,0.0375,82972.23,BTC-13OCT26,0.2837,-0.94175,7.70684,0.0,0.0,0.0049999999999999975,BTC,82951.0,0.0
2026-10-11T00:11:49.854723+00:00,BTC-14OCT26-82000-P,82996.96,BTC-14OCT26,put,82000.0,2026-10-14T08:00:00+00:00,0.00910367535164271,0.005,0.006,0.00541656,0.0055,82996.96,BTC-14OCT26,0.273,-0.3166,28.19882,1.1,1.1,0.001,BTC,82951.0,539.16
2026-10-11T00:11:49.854723+00:00,BTC-25JUN27-108000-P,86158.09,BTC-25JUN27,put,108000.0,2027-06-25T08:00:00+00:00,0.7045177752831965,0.298,0.3145,0.30583553,0.30625,86158.09,BTC-25JUN27,0.38799999999999996,-0.70215,250.70951,0.2,0.0,0.016500000000000015,BTC,82951.0,0.0
2026-10-11T00:11:49.854723+00:00,BTC-27NOV26-64000-C,83555.37,BTC-27NOV26,call,64000.0,2026-11-27T08:00:00+00:00,0.12956910998545518,0.2355,0.242,0.23842268,0.23875,83555.37,BTC-27NOV26,0.48950000000000005,0.94535,33.30213,0.2,0.0,0.006500000000000006,BTC,82951.0,0.0
2026-10-11T00:11:49.854723+00:00,BTC-13OCT26-76000-C,82970.5,BTC-13OCT26,call,76000.0,2026-10-13T08:00:00+00:00,0.006365824564510609,0.082,0.0865,0.08423328,0.08425,82970.5,BTC-13OCT26,0.5179,0.98401,2.64894,0.0,0.0,0.00449999999999999,BTC,82951.0,0.0
2026-10-11T00:11:49.854723+00:00,BTC-12OCT26-75000-P,82962.1,BTC-12OCT26,put,75000.0,2026-10-12T08:00:00+00:00,0.003627973777378508,,0.0001,9.45e-06,,82962.1,BTC-12OCT26,0.5461,-0.00102,0.17151,1.3,2.0,,BTC,82950.9,16.56
2026-10-11T00:11:49.854723+00:00,BTC-25DEC26-130000-P,83886.62,BTC-25DEC26,put,130000.0,2026-12-25T08:00:00+00:00,0.206228932025154,0.545,0.5575,0.55112897,0.55125,83886.62,BTC-25DEC26,0.4471,-0.98007,18.39359,57.0,0.0,0.012499999999999956,BTC,82950.9,0.0
2026-10-11T00:11:49.854723+00:00,BTC-25DEC26-106000-C,83885.17,BTC-25DEC26,call,106000.0,2026-12-25T08:00:00+00:00,0.206228932025154,0.008,0.0085,0.00838015,0.00825,83885.17,BTC-25DEC26,0.3868,0.10678,70.1443,614.3,0.0,0.0005000000000000004,BTC,82950.9,0.0
2026-10-11T00:11:49.854723+00:00,BTC-25DEC26-30000-C,83886.62,BTC-25DEC26,call,30000.0,2026-12-25T08:00:00+00:00,0.206228932025154,0.642,0.644,0.64279649,0.643,83886.62,BTC-25DEC26,0.8929,0.99691,3.5831,300.8,0.0,0.0020000000000000018,BTC,82950.9,0.0
2026-10-11T00:11:49.854723+00:00,BTC-27NOV26-75000-P,83555.46,BTC-27NOV26,put,75000.0,2026-11-27T08:00:00+00:00,0.12956910998545518,0.0165,0.0175,0.01694443,0.017,83555.46,BTC-27NOV26,0.3909,-0.20101,84.49048,2203.5,45.1,0.0010000000000000009,BTC,82950.9,67155.26
2026-10-11T00:11:49.854723+00:00,BTC-25DEC26-180000-C,83886.62,BTC-25DEC26,call,180000.0,2026-12-25T08:00:00+00:00,0.206228932025154,0.0001,0.0003,0.00020116,0.0002,83886.62,BTC-25DEC26,0.578,0.00275,3.21867,941.1,0.1,0.00019999999999999998,BTC,82950.9,1.65
2026-10-11T00:11:49.854723+00:00,BTC-25DEC26-106000-P,83885.17,BTC-25DEC26,put,106000.0,2026-12-25T08:00:00+00:00,0.206228932025154,0.2665,0.2775,0.27201323,0.272,83885.17,BTC-25DEC26,0.3868,-0.89322,70.14326,0.2,0.0,0.01100000000000001,BTC,82950.65,0.0
2026-10-11T00:11:49.854723+00:00,BTC-30OCT26-94000-C,83215.87,BTC-30OCT26,call,94000.0,2026-10-30T08:00:00+00:00,0.052909287945756334,0.0021,0.0023,0.00218302,0.0022,83215.87,BTC-30OCT26,0.3418,0.06552,24.43013,1555.4,0.7,0.0002000000000000001,BTC,82950.65,125.96
2026-10-11T00:11:49.854723+00:00,BTC-26MAR27-88000-P,84971.51,BTC-26MAR27,put,88000.0,2027-03-26T08:00:00+00:00,0.4553733536541752,0.122,0.1235,0.12271929,0.12275,84971.51,BTC-26MAR27,0.38020000000000004,-0.5032,228.82564,69.2,0.0,0.0015000000000000013,BTC,82950.65,0.0
2026-10-11T00:11:49.854723+00:00,BTC-30OCT26-57000-P,83215.87,BTC-30OCT26,put,57000.0,2026-10-30T08:00:00+00:00,0.052909287945756334,0.0002,0.0004,0.00027472,0.0003,83215.87,BTC-30OCT26,0.6648000000000001,-0.00541,2.97105,213.8,0.0,0.0002,BTC,82950.65,0.0
2026-10-11T00:11:49.854723+00:00,BTC-13OCT26-81500-C,82970.5,BTC-13OCT26,call,81500.0,2026-10-13T08:00:00+00:00,0.006365824564510609,0.0195,0.0215,0.02027191,0.0205,82970.5,BTC-13OCT26,0.2758,0.79583,18.76851,0.0,0.0,0.0019999999999999983,BTC,82950.65,0.0
2026-10-11T00:11:49.854723+00:00,BTC-24SEP27-180000-C,87264.62,BTC-24SEP27,call,180000.0,2027-09-24T08:00:00+00:00,0.9536621969122177,0.011,0.0125,0.01175919,0.01175,87264.62,BTC-24SEP27,0.44179999999999997,0.07187,116.80537,53.2,0.0,0.0015000000000000013,BTC,82950.6,0.0
2026-10-11T00:11:49.854723+00:00,BTC-25DEC26-62000-P,83886.62,BTC-25DEC26,put,62000.0,2026-12-25T08:00:00+00:00,0.206228932025154,0.006,0.007,0.00647195,0.0065,83886.62,BTC-25DEC26,0.47,-0.06392,47.69431,1557.6,0.0,0.001,BTC,82950.6,0.0
2026-10-11T00:11:49.854723+00:00,BTC-24SEP27-140000-C,87263.12,BTC-24SEP27,call,140000.0,2027-09-24T08:00:00+00:00,0.9536621969122177,0.0285,0.03,0.02930081,0.02925,87263.12,BTC-24SEP27,0.4103,0.16374,210.56723,508.7,0.0,0.0014999999999999979,BTC,82950.6,0.0
2026-10-11T00:11:49.854723+00:00,BTC-25JUN27-96000-C,86158.09,BTC-25JUN27,call,96000.0,2027-06-25T08:00:00+00:00,0.7045177752831965,0.085,0.087,0.08598858,0.086,86158.09,BTC-25JUN27,0.3848,0.43123,284.30684,151.5,0.0,0.001999999999999988,BTC,82950.6,0.0
2026-10-11T00:11:49.854723+00:00,BTC-14OCT26-84000-C,82996.96,BTC-14OCT26,call,84000.0,2026-10-14T08:00:00+00:00,0.00910367535164271,0.005,0.0055,0.00525114,0.00525,82996.96,BTC-14OCT26,0.2656,0.32256,28.42003,2.6,2.6,0.0004999999999999996,BTC,82950.6,1149.92
2026-10-11T00:11:49.854723+00:00,BTC-23OCT26-90000-C,83119.68,BTC-23OCT26,call,90000.0,2026-10-23T08:00:00+00:00,0.03374433243583162,0.0025,0.0029,0.0026738,0.0027,83119.68,BTC-23OCT26,0.326,0.09731,26.27449,496.6,2.5,0.00039999999999999975,BTC,82950.55,545.98
2026-10-11T00:11:49.854723+00:00,BTC-26MAR27-200000-C,84972.83,BTC-26MAR27,call,200000.0,2027-03-26T08:00:00+00:00,0.4553733536541752,0.0012,0.0016,0.0013924,0.0014,84972.83,BTC-26MAR27,0.5249,0.01259,18.67929,504.6,2.4,0.0004000000000000002,BTC,82950.55,293.94
2026-10-11T00:11:49.854723+00:00,BTC-13OCT26-77000-C,82970.5,BTC-13OCT26,call,77000.0,2026-10-13T08:00:00+00:00,0.006365824564510609,0.07,0.0745,0.0722771,0.07225,82970.5,BTC-13OCT26,0.47509999999999997,0.97665,3.6547,0.0,0.0,0.00449999999999999,BTC,82950.55,0.0
2026-10-11T00:11:49.854723+00:00,BTC-30OCT26-60000-P,83215.87,BTC-30OCT26,put,60000.0,2026-10-30T08:00:00+00:00,0.052909287945756334,0.0004,0.0005,0.0004339,0.00045,83215.87,BTC-30OCT26,0.6167,-0.00878,4.55309,1485.2,0.0,9.999999999999999e-05,BTC,82950.55,0.0
2026-10-11T00:11:49.854723+00:00,BTC-30OCT26-52000-P,83215.87,BTC-30OCT26,put,52000.0,2026-10-30T08:00:00+00:00,0.052909287945756334,,0.0002,6.861e-05,,83215.87,BTC-30OCT26,0.7040000000000001,-0.00142,0.89055,164.7,0.0,,BTC,82950.55,0.0
2026-10-11T00:11:49.854723+00:00,BTC-25DEC26-140000-P,83886.62,BTC-25DEC26,put,140000.0,2026-12-25T08:00:00+00:00,0.206228932025154,0.6635,0.6765,0.66981017,0.67,83886.62,BTC-25DEC26,0.4781,-0.98772,12.14605,0.3,0.0,0.013000000000000012,BTC,82950.55,0.0
2026-10-11T00:11:49.854723+00:00,BTC-26MAR27-102000-P,84972.83,BTC-26MAR27,put,102000.0,2027-03-26T08:00:00+00:00,0.4553733536541752,0.2335,0.2465,0.23992187,0.24,84972.83,BTC-26MAR27,0.3815,-0.71917,193.36106,0.1,0.0,0.012999999999999984,BTC,82950.55,0.0
2026-10-11T00:11:49.854723+00:00,BTC-24SEP27-92000-P,87264.62,BTC-24SEP27,put,92000.0,2027-09-24T08:00:00+00:00,0.9536621969122177,0.1825,0.186,0.18394016,0.18425,87264.62,BTC-24SEP27,0.39030000000000004,-0.47922,339.62664,0.0,0.0,0.003500000000000003,BTC,82950.55,0.0
2026-10-11T00:11:49.854723+00:00,BTC-24SEP27-102000-C,87263.12,BTC-24SEP27,call,102000.0,2027-09-24T08:00:00+00:00,0.9536621969122177,0.0925,0.094,0.09310717,0.09325,87263.12,BTC-24SEP27,0.391,0.41385,332.12664,6.8,0.0,0.0015000000000000013,BTC,82950.55,0.0
2026-10-11T00:11:49.854723+00:00,BTC-25JUN27-104000-P,86158.09,BTC-25JUN27,put,104000.0,2027-06-25T08:00:00+00:00,0.7045177752831965,0.261,0.277,0.2686224,0.269,86158.09,BTC-25JUN27,0.386,-0.6623,264.38059,0.0,0.0,0.016000000000000014,BTC,82950.55,0.0
2026-10-11T00:11:49.854723+00:00,BTC-25JUN27-98000-P,86158.09,BTC-25JUN27,put,98000.0,2027-06-25T08:00:00+00:00,0.7045177752831965,0.2145,0.219,0.21653441,0.21675,86158.09,BTC-25JUN27,0.3848,-0.59372,280.60275,0.1,0.0,0.004500000000000004,BTC,82949.8,0.0
2026-10-11T00:11:49.854723+00:00,BTC-25JUN27-100000-P,86158.07,BTC-25JUN27,put,100000.0,2027-06-25T08:00:00+00:00,0.7045177752831965,0.2315,0.236,0.23327804,0.23375,86158.07,BTC-25JUN27,0.3847,-0.61785,275.91925,2.5,0.0,0.004499999999999976,BTC,82949.8,0.0
2026-10-11T00:11:49.854723+00:00,BTC-16OCT26-86000-C,83024.7,BTC-16OCT26,call,86000.0,2026-10-16T08:00:00+00:00,0.014579376925906912,0.0032,0.0035,0.0033706,0.00335,83024.7,BTC-16OCT26,0.3043,0.17358,25.71545,380.7,78.9,0.0002999999999999999,BTC,82950.55,20251.49
2026-10-11T00:11:49.854723+00:00,BTC-27NOV26-94000-P,83555.46,BTC-27NOV26,put,94000.0,2026-11-27T08:00:00+00:00,0.12956910998545518,0.135,0.1435,0.13903891,0.13925,83555.46,BTC-27NOV26,0.36460000000000004,-0.79712,84.95833,4.0,0.0,0.00849999999999998,BTC,82950.55,0.0
2026-10-11T00:11:49.854723+00:00,BTC-13OCT26-91000-C,82970.5,BTC-13OCT26,call,91000.0,2026-10-13T08:00:00+00:00,0.006365824564510609,,0.0001,8.94e-06,,82970.5,BTC-13OCT26,0.37560000000000004,0.00109,0.2415,1.1,0.0,,BTC,82949.8,0.0
2026-10-11T00:11:49.854723+00:00,BTC-16OCT26-95000-C,83024.7,BTC-16OCT26,call,95000.0,2026-10-16T08:00:00+00:00,0.014579376925906912,,0.0001,6.343e-05,,83024.7,BTC-16OCT26,0.4181,0.00411,1.21783,313.4,0.0,,BTC,82949.8,0.0
2026-10-11T00:11:49.854723+00:00,BTC-26MAR27-95000-C,84971.51,BTC-26MAR27,call,95000.0,2027-03-26T08:00:00+00:00,0.4553733536541752,0.0585,0.0595,0.05883813,0.059,84971.51,BTC-26MAR27,0.37920000000000004,0.37908,218.23716,460.7,0.0,0.000999999999999994,BTC,82949.8,0.0
2026-10-11T00:11:49.854723+00:00,BTC-30OCT26-56000-C,83215.87,BTC-30OCT26,call,56000.0,2026-10-30T08:00:00+00:00,0.052909287945756334,0.3255,0.3295,0.32721734,0.3275,83215.87,BTC-30OCT26,0.6659999999999999,0.99609,2.22184,0.5,0.0,0.0040000000000000036,BTC,82951.08,0.0
2026-10-11T00:11:49.854723+00:00,BTC-25DEC26-70000-C,83886.62,BTC-25DEC26,call,70000.0,2026-12-25T08:00:00+00:00,0.206228932025154,0.177,0.1845,0.18048102,0.18075,83886.62,BTC-25DEC26,0.4103,0.85633,86.32092,1884.7,0.0,0.007500000000000007,BTC,82951.08,0.0
2026-10-11T00:11:49.854723+00:00,BTC-25DEC26-30000-P,83885.17,BTC-25DEC26,put,30000.0,2026-12-25T08:00:00+00:00,0.206228932025154,0.0003,0.0005,0.0004285,0.0004,83885.17,BTC-25DEC26,0.8929,-0.00309,3.5835,2298.2,1.2,0.00020000000000000004,BTC,82951.08,49.59
2026-10-11T00:11:49.854723+00:00,BTC-25JUN27-95000-P,86158.07,BTC-25JUN27,put,95000.0,2027-06-25T08:00:00+00:00,0.7045177752831965,0.1905,0.1945,0.19224721,0.1925,86158.07,BTC-25JUN27,0.3846,-0.55611,285.7434,40.2,0.0,0.0040000000000000036,BTC,82951.08,0.0
2026-10-11T00:11:49.854723+00:00,BTC-24SEP27-70000-C,87264.62,BTC-24SEP27,call,70000.0,2027-09-24T08:00:00+00:00,0.9536621969122177,0.2605,0.264,0.26200156,0.26225,87264.62,BTC-24SEP27,0.4077,0.77416,256.2103,9.1,0.0,0.003500000000000003,BTC,82951.08,0.0
2026-10-11T00:11:49.854723+00:00,BTC-30OCT26-70000-P,83214.18,BTC-30OCT26,put,70000.0,2026-10-30T08:00:00+00:00,0.052909287945756334,0.0022,0.0025,0.00233679,0.00235,83214.18,BTC-30OCT26,0.47119999999999995,-0.04953,19.60173,3212.1,6.2,0.0002999999999999999,BTC,82951.08,1207.47
2026-10-11T00:11:49.854723+00:00,BTC-25JUN27-82000-P,86158.07,BTC-25JUN27,put,82000.0,2027-06-25T08:00:00+00:00,0.7045177752831965,0.103,0.1055,0.10408936,0.10425,86158.07,BTC-25JUN27,0.3896,-0.37645,274.6533,54.4,0.0,0.0025000000000000022,BTC,82951.59,0.0
2026-10-11T00:11:49.854723+00:00,BTC-12OCT26-78500-C,82962.1,BTC-12OCT26,call,78500.0,2026-10-12T08:00:00+00:00,0.003627973777378508,0.0515,0.0565,0.05390272,0.054,82962.1,BTC-12OCT26,0.4239,0.98516,1.87481,0.0,0.0,0.0050000000000000044,BTC,82951.59,0.0
2026-10-11T00:11:49.854723+00:00,BTC-25JUN27-200000-C,86158.09,BTC-25JUN27,call,200000.0,2027-06-25T08:00:00+00:00,0.7045177752831965,0.0036,0.0044,0.00397113,0.004,86158.09,BTC-25JUN27,0.47909999999999997,0.02924,48.18534,234.4,0.0,0.0008000000000000004,BTC,82951.59,0.0
2026-10-11T00:11:49.854723+00:00,BTC-30OCT26-68000-C,83215.87,BTC-30OCT26,call,68000.0,2026-10-30T08:00:00+00:00,0.052909287945756334,0.1825,0.1875,0.1845467,0.185,83215.87,BTC-30OCT26,0.504,0.96402,15.13597,449.7,0.1,0.0050000000000000044,BTC,82951.59,1538.49
2026-10-11T00:11:49.854723+00:00,BTC-23OCT26-87000-C,83119.57,BTC-23OCT26,call,87000.0,2026-10-23T08:00:00+00:00,0.03374433243583162,0.007,0.0075,0.00729717,0.00725,83119.57,BTC-23OCT26,0.3156,0.22429,45.72638,270.4,8.3,0.0004999999999999996,BTC,82951.79,4835.8
2026-10-11T00:11:49.854723+00:00,BTC-27NOV26-75000-C,83555.46,BTC-27NOV26,call,75000.0,2026-11-27T08:00:00+00:00,0.12956910998545518,0.119,0.1205,0.11933703,0.11975,83555.46,BTC-27NOV26,0.3909,0.799,84.48851,288.8,0.0,0.0015000000000000013,BTC,82951.59,0.0
2026-10-11T00:11:49.854723+00:00,BTC-30OCT26-100000-C,83215.87,BTC-30OCT26,call,100000.0,2026-10-30T08:00:00+00:00,0.052909287945756334,0.0004,0.0005,0.00045095,0.00045,83215.87,BTC-30OCT26,0.36340000000000006,0.01558,7.49153,14562.0,5.3,9.999999999999999e-05,BTC,82951.79,241.22
2026-10-11T00:11:49.854723+00:00,BTC-11OCT26-75000-P,82946.49,BTC-11OCT26,put,75000.0,2026-10-11T08:00:00+00:00,0.0008901229902464066,,0.0001,0.0,,82946.49,BTC-11OCT26,0.6109,0.0,0.0,16.5,0.0,,BTC,82951.79,0.0
2026-10-11T00:11:49.854723+00:00,BTC-25DEC26-105000-C,83886.62,BTC-25DEC26,call,105000.0,2026-12-25T08:00:00+00:00,0.206228932025154,0.009,0.0095,0.0091358,0.00925,83886.62,BTC-25DEC26,0.3843,0.11537,74.13887,1061.6,0.1,0.0005000000000000004,BTC,82951.79,74.65
2026-10-11T00:11:49.854723+00:00,BTC-11OCT26-80000-P,82946.49,BTC-11OCT26,put,80000.0,2026-10-11T08:00:00+00:00,0.0008901229902464066,,0.0001,8.57e-06,,82946.49,BTC-11OCT26,0.4278,-0.00222,0.1724,613.0,20.6,,BTC,82951.79,541.47
2026-10-11T00:11:49.854723+00:00,BTC-24SEP27-160000-C,87264.62,BTC-24SEP27,call,160000.0,2027-09-24T08:00:00+00:00,0.9536621969122177,0.017,0.0185,0.01777081,0.01775,87264.62,BTC-24SEP27,0.4251,0.10524,155.27112,3.1,0.0,0.0014999999999999979,BTC,82951.79,0.0
2026-10-11T00:11:49.854723+00:00,BTC-14OCT26-83500-P,82996.96,BTC-14OCT26,put,83500.0,2026-10-14T08:00:00+00:00,0.00910367535164271,0.013,0.014,0.01340022,0.0135,82996.96,BTC-14OCT26,0.264,-0.58915,30.80784,0.0,0.0,0.0010000000000000009,BTC,82951.79,0.0
2026-10-11T00:11:49.854723+00:00,BTC-24SEP27-116000-P,87264.62,BTC-24SEP27,put,116000.0,2027-09-24T08:00:00+00:00,0.9536621969122177,0.3785,0.3985,0.38815646,0.3885,87264.62,BTC-24SEP27,0.3946,-0.70741,293.02281,0.0,0.0,0.020000000000000018,BTC,82951.79,0.0
2026-10-11T00:11:49.854723+00:00,BTC-25DEC26-52000-C,83886.62,BTC-25DEC26,call,52000.0,2026-12-25T08:00:00+00:00,0.206228932025154,0.38,0.3855,0.3828848,0.38275,83886.62,BTC-25DEC26,0.5781000000000001,0.97455,22.60602,0.1,0.0,0.005500000000000005,BTC,82951.79,0.0
2026-10-11T00:11:49.854723+00:00,BTC-12OCT26-84500-P,82962.1,BTC-12OCT26,put,84500.0,2026-10-12T08:00:00+00:00,0.003627973777378508,0.0165,0.0225,0.01933495,0.0195,82962.1,BTC-12OCT26,0.24670000000000003,-0.89003,9.39499,4.0,0.0,0.005999999999999998,BTC,82951.79,0.0
2026-10-11T00:11:49.854723+00:00,BTC-11OCT26-92000-P,82946.49,BTC-11OCT26,put,92000.0,2026-10-11T08:00:00+00:00,0.0008901229902464066,0.107,0.112,0.10916993,0.1095,82946.49,BTC-11OCT26,0.4603,-1.0,0.0,0.0,0.0,0.0050000000000000044,BTC,82951.79,0.0
2026-10-11T00:11:49.854723+00:00,BTC-24SEP27-116000-C,87263.12,BTC-24SEP27,call,116000.0,2027-09-24T08:00:00+00:00,0.9536621969122177,0.0575,0.06,0.05881802,0.05875,87263.12,BTC-24SEP27,0.3946,0.29259,293.02095,2.3,0.0,0.0024999999999999953,BTC,82951.79,0.0
2026-10-11T00:11:49.854723+00:00,BTC-16OCT26-94000-C,83024.7,BTC-16OCT26,call,94000.0,2026-10-16T08:00:00+00:00,0.014579376925906912,,0.0002,6.67e-05,,83024.7,BTC-16OCT26,0.3908,0.00458,1.34133,122.9,2.4,,BTC,82951.79,19.86
2026-10-11T00:11:49.854723+00:00,BTC-12OCT26-87000-C,82962.1,BTC-12OCT26,call,87000.0,2026-10-12T08:00:00+00:00,0.003627973777378508,,0.0002,3.498e-05,,82962.1,BTC-12OCT26,0.31170000000000003,0.00585,0.83087,54.5,0.8,,BTC,82951.79,6.63
2026-10-11T00:11:49.854723+00:00,BTC-30OCT26-81000-C,83215.87,BTC-30OCT26,call,81000.0,2026-10-30T08:00:00+00:00,0.052909287945756334,0.045,0.047,0.04598046,0.046,83215.87,BTC-30OCT26,0.3411,0.64952,70.96103,798.2,0.2,0.0020000000000000018,BTC,82951.79,722.67
2026-10-11T00:11:49.854723+00:00,BTC-30OCT26-55000-C,83215.87,BTC-30OCT26,call,55000.0,2026-10-30T08:00:00+00:00,0.052909287945756334,0.3375,0.3415,0.33921149,0.3395,83215.87,BTC-30OCT26,0.6842,0.9966,1.96067,0.1,0.0,0.0040000000000000036,BTC,82951.79,0.0
2026-10-11T00:11:49.854723+00:00,BTC-25DEC26-94000-P,83886.62,BTC-25DEC26,put,94000.0,2026-12-25T08:00:00+00:00,0.206228932025154,0.1425,0.1515,0.14679027,0.147,83886.62,BTC-25DEC26,0.369,-0.72405,127.37413,5.9,0.0,0.009000000000000008,BTC,82951.79,0.0
2026-10-11T00:11:49.854723+00:00,BTC-24SEP27-100000-P,87264.62,BTC-24SEP27,put,100000.0,2027-09-24T08:00:00+00:00,0.9536621969122177,0.242,0.248,0.24534305,0.245,87264.62,BTC-24SEP27,0.39030000000000004,-0.56617,335.40508,0.0,0.0,0.006000000000000005,BTC,82951.79,0.0
2026-10-11T00:11:49.854723+00:00,BTC-27NOV26-60000-C,83555.46,BTC-27NOV26,call,60000.0,2026-11-27T08:00:00+00:00,0.12956910998545518,0.282,0.288,0.28484858,0.285,83555.46,BTC-27NOV26,0.5384,0.96448,23.53093,0.8,0.0,0.006000000000000005,BTC,82951.79,0.0
2026-10-11T00:11:49.854723+00:00,BTC-25JUN27-66000-C,86158.09,BTC-25JUN27,call,66000.0,2027-06-25T08:00:00+00:00,0.7045177752831965,0.2715,0.2745,0.27313629,0.273,86158.09,BTC-25JUN27,0.4175,0.82525,186.31169,25.7,0.0,0.0030000000000000027,BTC,82951.79,0.0
2026-10-11T00:11:49.854723+00:00,BTC-14OCT26-92000-P,82996.96,BTC-14OCT26,put,92000.0,2026-10-14T08:00:00+00:00,0.00910367535164271,0.1065,0.1115,0.10851269,0.109,82996.96,BTC-14OCT26,0.39549999999999996,-0.99663,0.80539,0.0,0.0,0.0050000000000000044,BTC,82951.79,0.0
2026-10-11T00:11:49.854723+00:00,BTC-25JUN27-66000-P,86158.09,BTC-25JUN27,put,66000.0,2027-06-25T08:00:00+00:00,0.7045177752831965,0.0385,0.04,0.03918484,0.03925,86158.09,BTC-25JUN27,0.4175,-0.17475,186.31169,63.5,0.0,0.0015000000000000013,BTC,82951.79,0.0
2026-10-11T00:11:49.854723+00:00,BTC-14OCT26-80000-P,82996.96,BTC-14OCT26,put,80000.0,2026-10-14T08:00:00+00:00,0.00910367535164271,0.0015,0.0019,0.0017016,0.0017,82996.96,BTC-14OCT26,0.32189999999999996,-0.11212,15.09951,0.9,0.9,0.00039999999999999996,BTC,82951.79,126.12
2026-10-11T00:11:49.854723+00:00,BTC-25DEC26-94000-C,83886.62,BTC-25DEC26,call,94000.0,2026-12-25T08:00:00+00:00,0.206228932025154,0.026,0.0265,0.02621,0.02625,83886.62,BTC-25DEC26,0.369,0.27595,127.37413,744.6,1.0,0.0005000000000000004,BTC,82951.79,2114.51
2026-10-11T00:11:49.854723+00:00,BTC-27NOV26-68000-C,83555.37,BTC-27NOV26,call,68000.0,2026-11-27T08:00:00+00:00,0.12956910998545518,0.19,0.1965,0.19289517,0.19325,83555.37,BTC-27NOV26,0.44420000000000004,0.91435,47.08764,0.0,0.0,0.006500000000000006,BTC,82951.79,0.0
2026-10-11T00:11:49.854723+00:00,BTC-24SEP27-170000-C,87264.62,BTC-24SEP27,call,170000.0,2027-09-24T08:00:00+00:00,0.9536621969122177,0.0135,0.015,0.01426468,0.01425,87264.62,BTC-24SEP27,0.433,0.08612,133.96417,4.2,0.0,0.0014999999999999996,BTC,82951.79,0.0
2026-10-11T00:11:49.854723+00:00,BTC-30OCT26-105000-C,83215.87,BTC-30OCT26,call,105000.0,2026-10-30T08:00:00+00:00,0.052909287945756334,0.0001,0.0003,0.00018163,0.0002,83215.87,BTC-30OCT26,0.3979,0.00632,3.40761,2338.2,0.1,0.00019999999999999998,BTC,82951.79,1.65
2026-10-11T00:11:49.854723+00:00,BTC-30OCT26-55000-P,83215.87,BTC-30OCT26,put,55000.0,2026-10-30T08:00:00+00:00,0.052909287945756334,0.0001,0.0003,0.00016972,0.0002,83215.87,BTC-30OCT26,0.6842,-0.0034,1.96067,312.9,0.0,0.00019999999999999998,BTC,82951.79,0.0
2026-10-11T00:11:49.854723+00:00,BTC-25JUN27-160000-P,86158.09,BTC-25JUN27,put,160000.0,2027-06-25T08:00:00+00:00,0.7045177752831965,0.855,0.8795,0.86633645,0.86725,86158.09,BTC-25JUN27,0.4363,-0.93401,92.80387,0.2,0.0,0.024499999999999966,BTC,82952.18,0.0
2026-10-11T00:11:49.854723+00:00,BTC-14OCT26-79500-P,82996.96,BTC-14OCT26,put,79500.0,2026-10-14T08:00:00+00:00,0.00910367535164271,0.0012,0.0015,0.00131596,0.00135,82996.96,BTC-14OCT26,0.3367,-0.08768,12.61476,0.0,0.0,0.00030000000000000014,BTC,82951.79,0.0
2026-10-11T00:11:49.854723+00:00,BTC-30OCT26-93000-C,83215.87,BTC-30OCT26,call,93000.0,2026-10-30T08:00:00+00:00,0.052909287945756334,0.0027,0.003,0.00283786,0.00285,83215.87,BTC-30OCT26,0.3385,0.08269,29.18728,772.0,2.0,0.0002999999999999999,BTC,82952.18,453.34
2026-10-11T00:11:49.854723+00:00,BTC-27NOV26-85000-P,83555.46,BTC-27NOV26,put,85000.0,2026-11-27T08:00:00+00:00,0.12956910998545518,0.0615,0.0625,0.06185126,0.062,83555.46,BTC-27NOV26,0.3644,-0.52578,119.78341,314.3,0.0,0.0010000000000000009,BTC,82951.79,0.0
2026-10-11T00:11:49.854723+00:00,BTC-24SEP27-82000-P,87264.62,BTC-24SEP27,put,82000.0,2027-09-24T08:00:00+00:00,0.9536621969122177,0.1185,0.1215,0.12007309,0.12,87264.62,BTC-24SEP27,0.3948,-0.36159,319.4143,3.7,0.0,0.0030000000000000027,BTC,82952.18,0.0
2026-10-11T00:11:49.854723+00:00,BTC-23OCT26-95000-P,83119.57,BTC-23OCT26,put,95000.0,2026-10-23T08:00:00+00:00,0.03374433243583162,0.141,0.147,0.14349425,0.144,83119.57,BTC-23OCT26,0.3575,-0.9773,8.23068,0.1,0.0,0.006000000000000005,BTC,82952.18,0.0
2026-10-11T00:11:49.854723+00:00,BTC-26MAR27-85000-C,84972.83,BTC-26MAR27,call,85000.0,2027-03-26T08:00:00+00:00,0.4553733536541752,0.102,0.103,0.10255118,0.1025,84972.83,BTC-26MAR27,0.3825,0.55086,226.97257,648.1,0.0,0.0010000000000000009,BTC,82952.18,0.0
2026-10-11T00:11:49.854723+00:00,BTC-13OCT26-73000-C,82970.5,BTC-13OCT26,call,73000.0,2026-10-13T08:00:00+00:00,0.006365824564510609,0.1175,0.1225,0.12021005,0.12,82970.5,BTC-13OCT26,0.6081,0.99614,0.75977,0.0,0.0,0.0050000000000000044,BTC,82952.18,0.0
2026-10-11T00:11:49.854723+00:00,BTC-25JUN27-102000-C,86158.07,BTC-25JUN27,call,102000.0,2027-06-25T08:00:00+00:00,0.7045177752831965,0.066,0.0675,0.06683678,0.06675,86158.07,BTC-25JUN27,0.38530000000000003,0.35945,270.50519,53.1,0.0,0.0015000000000000013,BTC,82952.18,0.0
2026-10-11T00:11:49.854723+00:00,BTC-25DEC26-110000-P,83885.17,BTC-25DEC26,put,110000.0,2026-12-25T08:00:00+00:00,0.206228932025154,0.3125,0.3225,0.31736314,0.3175,83885.17,BTC-25DEC26,0.39770000000000005,-0.92068,56.29148,81.6,0.0,0.010000000000000009,BTC,82952.18,0.0
2026-10-11T00:11:49.854723+00:00,BTC-26MAR27-52000-P,84972.83,BTC-26MAR27,put,52000.0,2027-03-26T08:00:00+00:00,0.4553733536541752,0.008,0.009,0.0084777,0.0085,84972.83,BTC-26MAR27,0.4999,-0.05221,61.22831,323.6,0.1,0.0009999999999999992,BTC,82952.18,66.2
2026-10-11T00:11:49.854723+00:00,BTC-27NOV26-87000-P,83555.37,BTC-27NOV26,put,87000.0,2026-11-27T08:00:00+00:00,0.12956910998545518,0.076,0.077,0.07626502,0.0765,83555.37,BTC-27NOV26,0.3627,-0.59624,116.5253,32.8,0.0,0.0010000000000000009,BTC,82952.18,0.0
2026-10-11T00:11:49.854723+00:00,BTC-13OCT26-83500-C,82972.23,BTC-13OCT26,call,83500.0,2026-10-13T08:00:00+00:00,0.006365824564510609,0.005,0.0055,0.00529077,0.00525,82972.23,BTC-13OCT26,0.25329999999999997,0.38205,25.25358,5.3,2.8,0.0004999999999999996,BTC,82952.18,1224.7
2026-10-11T00:11:49.854723+00:00,BTC-23OCT26-81000-C,83119.68,BTC-23OCT26,call,81000.0,2026-10-23T08:00:00+00:00,0.03374433243583162,0.038,0.0395,0.03888267,0.03875,83119.68,BTC-23OCT26,0.332,0.67535,54.94834,12.1,0.1,0.0015000000000000013,BTC,82952.18,297.23
2026-10-11T00:11:49.854723+00:00,BTC-14OCT26-82000-C,82996.9,BTC-14OCT26,call,82000.0,2026-10-14T08:00:00+00:00,0.00910367535164271,0.017,0.0185,0.01742857,0.01775,82996.9,BTC-14OCT26,0.273,0.6835,28.19548,0.0,0.0,0.0014999999999999979,BTC,82952.18,0.0
2026-10-11T00:11:49.854723+00:00,BTC-30OCT26-89000-C,83215.87,BTC-30OCT26,call,89000.0,2026-10-30T08:00:00+00:00,0.052909287945756334,0.0075,0.0085,0.00799606,0.008,83215.87,BTC-30OCT26,0.3285,0.19745,53.19374,856.0,14.9,0.0010000000000000009,BTC,82952.18,9874.5
2026-10-11T00:11:49.854723+00:00,BTC-30OCT26-61000-P,83215.87,BTC-30OCT26,put,61000.0,2026-10-30T08:00:00+00:00,0.052909287945756334,0.0005,0.0006,0.00050363,0.00055,83215.87,BTC-30OCT26,0.6004999999999999,-0.01037,5.26597,297.3,0.0,9.999999999999994e-05,BTC,82952.18,0.0
2026-10-11T00:11:49.854723+00:00,BTC-25JUN27-60000-P,86158.09,BTC-25JUN27,put,60000.0,2027-06-25T08:00:00+00:00,0.7045177752831965,0.025,0.0265,0.02570285,0.02575,86158.09,BTC-25JUN27,0.4357,-0.12062,145.23988,241.4,0.0,0.0014999999999999979,BTC,82952.18,0.0
2026-10-11T00:11:49.854723+00:00,BTC-25DEC26-125000-P,83886.62,BTC-25DEC26,put,125000.0,2026-12-25T08:00:00+00:00,0.206228932025154,0.486,0.497,0.49207909,0.4915,83886.62,BTC-25DEC26,0.4351,-0.9725,24.1185,9.3,0.0,0.01100000000000001,BTC,82952.18,0.0
2026-10-11T00:11:49.854723+00:00,BTC-27NOV26-58000-C,83555.37,BTC-27NOV26,call,58000.0,2026-11-27T08:00:00+00:00,0.12956910998545518,0.3055,0.311,0.30827724,0.30825,83555.37,BTC-27NOV26,0.5643,0.97117,19.80695,1.9,0.0,0.005500000000000005,BTC,82952.18,0.0
2026-10-11T00:11:49.854723+00:00,BTC-25JUN27-112000-C,86158.07,BTC-25JUN27,call,112000.0,2027-06-25T08:00:00+00:00,0.7045177752831965,0.0435,0.045,0.04431129,0.04425,86158.07,BTC-25JUN27,0.3895,0.26156,235.38051,0.0,0.0,0.0015000000000000013,BTC,82952.18,0.0
2026-10-11T00:11:49.854723+00:00,BTC-26MAR27-110000-P,84972.83,BTC-26MAR27,put,110000.0,2027-03-26T08:00:00+00:00,0.4553733536541752,0.313,0.327,0.31987162,0.32,84972.83,BTC-26MAR27,0.3876,-0.80398,158.65135,5.1,0.0,0.014000000000000012,BTC,82952.18,0.0
2026-10-11T00:11:49.854723+00:00,BTC-26MAR27-52000-C,84972.83,BTC-26MAR27,call,52000.0,2027-03-26T08:00:00+00:00,0.4553733536541752,0.393,0.4,0.39649614,0.3965,84972.83,BTC-26MAR27,0.4999,0.94779,61.22794,6.0,0.0,0.007000000000000006,BTC,82952.18,0.0
2026-10-11T00:11:49.854723+00:00,BTC-24SEP27-220000-P,87264.62,BTC-24SEP27,put,220000.0,2027-09-24T08:00:00+00:00,0.9536621969122177,1.5065,1.55,1.52765481,1.52825,87264.62,BTC-24SEP27,0.478,-0.95966,73.96713,0.0,0.0,0.043500000000000094,BTC,82952.18,0.0
2026-10-11T00:11:49.854723+00:00,BTC-13OCT26-85000-C,82970.5,BTC-13OCT26,call,85000.0,2026-10-13T08:00:00+00:00,0.006365824564510609,0.0013,0.0016,0.00143237,0.00145,82970.5,BTC-13OCT26,0.2701,0.13442,14.33422,14.9,4.3,0.00030000000000000014,BTC,82952.18,553.62
2026-10-11T00:11:49.854723+00:00,BTC-25JUN27-50000-P,86158.07,BTC-25JUN27,put,50000.0,2027-06-25T08:00:00+00:00,0.7045177752831965,0.012,0.0135,0.0127178,0.01275,86158.07,BTC-25JUN27,0.48340000000000005,-0.06134,87.67911,343.9,0.0,0.0014999999999999996,BTC,82952.18,0.0
2026-10-11T00:11:49.854723+00:00,BTC-12OCT26-86000-P,82962.1,BTC-12OCT26,put,86000.0,2026-10-12T08:00:00+00:00,0.003627973777378508,0.034,0.04,0.03682245,0.037,82962.1,BTC-12OCT26,0.3074,-0.9734,3.07653,0.0,0.0,0.005999999999999998,BTC,82952.18,0.0
2026-10-11T00:11:49.854723+00:00,BTC-30OCT26-105000-P,83215.87,BTC-30OCT26,put,105000.0,2026-10-30T08:00:00+00:00,0.052909287945756334,0.259,0.2655,0.26201098,0.26225,83215.87,BTC-30OCT26,0.3979,-0.99368,3.40758,0.3,0.0,0.006500000000000006,BTC,82952.18,0.0
2026-10-11T00:11:49.854723+00:00,BTC-26MAR27-68000-C,84972.83,BTC-26MAR27,call,68000.0,2027-03-26T08:00:00+00:00,0.4553733536541752,0.224,0.2335,0.22924168,0.22875,84972.83,BTC-26MAR27,0.4111,0.82684,146.87163,191.1,0.0,0.009500000000000008,BTC,82952.18,0.0
2026-10-11T00:11:49.854723+00:00,BTC-25DEC26-52000-P,83886.62,BTC-25DEC26,put,52000.0,2026-12-25T08:00:00+00:00,0.206228932025154,0.0025,0.003,0.00278028,0.00275,83886.62,BTC-25DEC26,0.5781000000000001,-0.02545,22.60606,439.4,0.2,0.0005,BTC,82952.18,45.58
2026-10-11T00:11:49.854723+00:00,BTC-11OCT26-86500-P,82946.49,BTC-11OCT26,put,86500.0,2026-10-11T08:00:00+00:00,0.0008901229902464066,0.0405,0.046,0.04286094,0.04325,82946.49,BTC-11OCT26,0.35350000000000004,-0.99996,0.00369,0.0,0.0,0.005499999999999998,BTC,82952.18,0.0
2026-10-11T00:11:49.854723+00:00,BTC-12OCT26-72000-C,82962.1,BTC-12OCT26,call,72000.0,2026-10-12T08:00:00+00:00,0.003627973777378508,0.13,0.1345,0.13211989,0.13225,82962.1,BTC-12OCT26,0.6433,0.99988,0.02309,0.0,0.0,0.004500000000000004,BTC,82952.18,0.0
2026-10-11T00:11:49.854723+00:00,BTC-14OCT26-77000-C,82996.96,BTC-14OCT26,call,77000.0,2026-10-14T08:00:00+00:00,0.00910367535164271,0.0705,0.075,0.07283669,0.07275,82996.96,BTC-14OCT26,0.43770000000000003,0.96528,6.08037,0.0,0.0,0.004500000000000004,BTC,82952.18,0.0
2026-10-11T00:11:49.854723+00:00,BTC-11OCT26-88000-C,82946.44,BTC-11OCT26,call,88000.0,2026-10-11T08:00:00+00:00,0.0008901229902464066,,0.0001,0.0,,82946.44,BTC-11OCT26,0.35359999999999997,0.0,0.0,19.3,0.0,,BTC,82952.18,0.0
2026-10-11T00:11:49.854723+00:00,BTC-30OCT26-83000-P,83215.87,BTC-30OCT26,put,83000.0,2026-10-30T08:00:00+00:00,0.052909287945756334,0.0285,0.029,0.02899652,0.02875,83215.87,BTC-30OCT26,0.3301,-0.47095,76.18752,833.7,3.3,0.0005000000000000004,BTC,82952.18,8129.48
2026-10-11T00:11:49.854723+00:00,BTC-14OCT26-75000-C,82996.9,BTC-14OCT26,call,75000.0,2026-10-14T08:00:00+00:00,0.00910367535164271,0.0935,0.099,0.09673478,0.09625,82996.9,BTC-14OCT26,0.5252,0.9796,3.90063,0.0,0.0,0.005500000000000005,BTC,82952.18,0.0
2026-10-11T00:11:49.854723+00:00,BTC-11OCT26-77000-C,82946.44,BTC-11OCT26,call,77000.0,2026-10-11T08:00:00+00:00,0.0008901229902464066,0.0695,0.074,0.07167303,0.07175,82946.44,BTC-11OCT26,0.5854,0.99999,0.00107,0.0,0.0,0.00449999999999999,BTC,82952.18,0.0
2026-10-11T00:11:49.854723+00:00,BTC-25DEC26-96000-C,83886.62,BTC-25DEC26,call,96000.0,2026-12-25T08:00:00+00:00,0.206228932025154,0.021,0.022,0.02155089,0.0215,83886.62,BTC-25DEC26,0.37060000000000004,0.23665,117.56118,1508.2,5.8,0.0009999999999999974,BTC,82952.18,10319.39
2026-10-11T00:11:49.854723+00:00,BTC-27NOV26-69000-P,83555.46,BTC-27NOV26,put,69000.0,2026-11-27T08:00:00+00:00,0.12956910998545518,0.007,0.008,0.00771064,0.0075,83555.46,BTC-27NOV26,0.4365,-0.09708,51.67261,130.5,0.4,0.001,BTC,82952.18,248.26
2026-10-11T00:11:49.854723+00:00,BTC-24SEP27-125000-C,87263.12,BTC-24SEP27,call,125000.0,2027-09-24T08:00:00+00:00,0.9536621969122177,0.0435,0.0455,0.04455723,0.0445,87263.12,BTC-24SEP27,0.3993,0.23383,261.24883,82.3,28.0,0.0020000000000000018,BTC,82952.18,101504.51
2026-10-11T00:11:49.854723+00:00,BTC-25JUN27-170000-C,86158.09,BTC-25JUN27,call,170000.0,2027-06-25T08:00:00+00:00,0.7045177752831965,0.0065,0.008,0.00723994,0.00725,86158.09,BTC-25JUN27,0.4472,0.05235,77.38969,153.0,0.0,0.0015000000000000005,BTC,82952.18,0.0
2026-10-11T00:11:49.854723+00:00,BTC-12OCT26-75000-C,82962.1,BTC-12OCT26,call,75000.0,2026-10-12T08:00:00+00:00,0.003627973777378508,0.093,0.098,0.09596649,0.0955,82962.1,BTC-12OCT26,0.5461,0.99898,0.1709,0.0,0.0,0.0050000000000000044,BTC,82952.18,0.0
2026-10-11T00:11:49.854723+00:00,BTC-12OCT26-74000-C,82962.1,BTC-12OCT26,call,74000.0,2026-10-12T08:00:00+00:00,0.003627973777378508,0.105,0.1105,0.10801874,0.10775,82962.1,BTC-12OCT26,0.6032,0.99923,0.13284,0.0,0.0,0.005500000000000005,BTC,82952.18,0.0
2026-10-11T00:11:49.854723+00:00,BTC-24SEP27-80000-C,87264.62,BTC-24SEP27,call,80000.0,2027-09-24T08:00:00+00:00,0.9536621969122177,0.191,0.1945,0.19240338,0.19275,87264.62,BTC-24SEP27,0.39649999999999996,0.66207,311.62901,34.5,0.1,0.003500000000000003,BTC,82952.18,1589.5
2026-10-11T00:11:49.854723+00:00,BTC-25DEC26-68000-C,83886.62,BTC-25DEC26,call,68000.0,2026-12-25T08:00:00+00:00,0.206228932025154,0.198,0.2055,0.20132961,0.20175,83886.62,BTC-25DEC26,0.4224,0.88297,74.89303,1023.2,0.0,0.007499999999999979,BTC,82952.18,0.0
2026-10-11T00:11:49.854723+00:00,BTC-24SEP27-76000-C,87263.12,BTC-24SEP27,call,76000.0,2027-09-24T08:00:00+00:00,0.9536621969122177,0.217,0.2205,0.21821156,0.21875,87263.12,BTC-24SEP27,0.3998,0.70855,292.4911,7.8,0.0,0.003500000000000003,BTC,82952.18,0.0
2026-10-11T00:11:49.854723+00:00,BTC-27NOV26-102000-C,83555.46,BTC-27NOV26,call,102000.0,2026-11-27T08:00:00+00:00,0.12956910998545518,0.0048,0.0055,0.00516057,0.00515,83555.46,BTC-27NOV26,0.38530000000000003,0.08563,47.07915,541.4,0.1,0.0007000000000000001,BTC,82952.18,41.35
2026-10-11T00:11:49.854723+00:00,BTC-25JUN27-40000-C,86158.09,BTC-25JUN27,call,40000.0,2027-06-25T08:00:00+00:00,0.7045177752831965,0.54,0.543,0.54170629,0.5415,86158.09,BTC-25JUN27,0.5461,0.97145,47.23988,24.1,0.0,0.0030000000000000027,BTC,82952.18,0.0
2026-10-11T00:11:49.854723+00:00,BTC-14OCT26-79000-P,82996.9,BTC-14OCT26,put,79000.0,2026-10-14T08:00:00+00:00,0.00910367535164271,0.001,0.0012,0.00106933,0.0011,82996.9,BTC-14OCT26,0.35509999999999997,-0.0704,10.68179,0.1,0.1,0.00019999999999999987,BTC,82952.18,9.13
2026-10-11T00:11:49.854723+00:00,BTC-27NOV26-100000-P,83555.37,BTC-27NOV26,put,100000.0,2026-11-27T08:00:00+00:00,0.12956910998545518,0.1985,0.207,0.20307782,0.20275,83555.37,BTC-27NOV26,0.3746,-0.8969,53.99041,26.1,0.0,0.00849999999999998,BTC,82952.18,0.0
2026-10-11T00:11:49.854723+00:00,BTC-11OCT26-89000-P,82946.49,BTC-11OCT26,put,89000.0,2026-10-11T08:00:00+00:00,0.0008901229902464066,0.071,0.076,0.07300135,0.0735,82946.49,BTC-11OCT26,0.3971,-1.0,0.0,0.0,0.0,0.0050000000000000044,BTC,82952.18,0.0
2026-10-11T00:11:49.854723+00:00,BTC-12OCT26-85000-C,82963.55,BTC-12OCT26,call,85000.0,2026-10-12T08:00:00+00:00,0.003627973777378508,0.0004,0.0006,0.00049016,0.0005,82963.55,BTC-12OCT26,0.27,0.069,6.634,281.3,55.9,0.00019999999999999993,BTC,82952.18,1956.05
2026-10-11T00:11:49.854723+00:00,BTC-26MAR27-100000-C,84972.83,BTC-26MAR27,call,100000.0,2027-03-26T08:00:00+00:00,0.4553733536541752,0.0435,0.045,0.04431252,0.04425,84972.83,BTC-26MAR27,0.38079999999999997,0.30674,201.42601,1352.1,69.0,0.0015000000000000013,BTC,82952.18,250720.35
2026-10-11T00:11:49.854723+00:00,BTC-26MAR27-68000-P,84972.83,BTC-26MAR27,put,68000.0,2027-03-26T08:00:00+00:00,0.4553733536541752,0.029,0.03,0.02952526,0.0295,84972.83,BTC-26MAR27,0.4111,-0.17317,146.87291,581.1,1.0,0.0009999999999999974,BTC,82951.98,2518.65
2026-10-11T00:11:49.854723+00:00,BTC-24SEP27-88000-C,87264.62,BTC-24SEP27,call,88000.0,2027-09-24T08:00:00+00:00,0.9536621969122177,0.1465,0.1495,0.14811566,0.148,87264.62,BTC-24SEP27,0.39149999999999996,0.56722,335.25447,19.2,0.1,0.0030000000000000027,BTC,82951.98,1222.39
2026-10-11T00:11:49.854723+00:00,BTC-13OCT26-90000-P,82972.23,BTC-13OCT26,put,90000.0,2026-10-13T08:00:00+00:00,0.006365824564510609,0.083,0.0875,0.08477159,0.08525,82972.23,BTC-13OCT26,0.3686,-0.99699,0.60669,0.0,0.0,0.00449999999999999,BTC,82951.98,0.0
2026-10-11T00:11:49.854723+00:00,BTC-11OCT26-83000-P,82946.44,BTC-11OCT26,put,83000.0,2026-10-11T08:00:00+00:00,0.0008901229902464066,0.002,0.0024,0.00227166,0.0022,82946.44,BTC-11OCT26,0.1613,-0.55044,9.77449,32.1,11.5,0.00039999999999999975,BTC,82951.98,3675.33
2026-10-11T00:11:49.854723+00:00,BTC-24SEP27-120000-P,87264.62,BTC-24SEP27,put,120000.0,2027-09-24T08:00:00+00:00,0.9536621969122177,0.417,0.438,0.42723011,0.4275,87264.62,BTC-24SEP27,0.397,-0.73482,279.32132,0.0,0.0,0.02100000000000002,BTC,82951.98,0.0
2026-10-11T00:11:49.854723+00:00,BTC-27NOV26-87000-C,83555.46,BTC-27NOV26,call,87000.0,2026-11-27T08:00:00+00:00,0.12956910998545518,0.0345,0.0355,0.03504043,0.035,83555.46,BTC-27NOV26,0.3627,0.40376,116.52444,431.2,3.0,0.000999999999999994,BTC,82951.98,8514.42
2026-10-11T00:11:49.854723+00:00,BTC-14OCT26-88000-C,82996.96,BTC-14OCT26,call,88000.0,2026-10-14T08:00:00+00:00,0.00910367535164271,0.0002,0.0004,0.00029315,0.0003,82996.96,BTC-14OCT26,0.3134,0.02605,4.79043,0.0,0.0,0.0002,BTC,82951.98,0.0
2026-10-11T00:11:49.854723+00:00,BTC-27NOV26-97000-P,83555.37,BTC-27NOV26,put,97000.0,2026-11-27T08:00:00+00:00,0.12956910998545518,0.1655,0.174,0.17042886,0.16975,83555.37,BTC-27NOV26,0.37079999999999996,-0.85324,69.13722,0.0,0.0,0.00849999999999998,BTC,82951.98,0.0
2026-10-11T00:11:49.854723+00:00,BTC-24SEP27-110000-P,87264.62,BTC-24SEP27,put,110000.0,2027-09-24T08:00:00+00:00,0.9536621969122177,0.3225,0.342,0.33190697,0.33225,87264.62,BTC-24SEP27,0.3922,-0.66013,312.31504,0.2,0.0,0.019500000000000017,BTC,82951.98,0.0
2026-10-11T00:11:49.854723+00:00,BTC-16OCT26-100000-P,83024.57,BTC-16OCT26,put,100000.0,2026-10-16T08:00:00+00:00,0.014579376925906912,0.202,0.208,0.20449511,0.205,83024.57,BTC-16OCT26,0.47479999999999994,-0.99935,0.22803,1.1,0.0,0.005999999999999978,BTC,82951.98,0.0
2026-10-11T00:11:49.854723+00:00,BTC-25JUN27-52000-P,86158.09,BTC-25JUN27,put,52000.0,2027-06-25T08:00:00+00:00,0.7045177752831965,0.014,0.015,0.01470398,0.0145,86158.09,BTC-25JUN27,0.4728,-0.07074,97.92227,52.4,0.0,0.0009999999999999992,BTC,82951.98,0.0
2026-10-11T00:11:49.854723+00:00,BTC-27NOV26-97000-C,83555.46,BTC-27NOV26,call,97000.0,2026-11-27T08:00:00+00:00,0.12956910998545518,0.009,0.01,0.00952328,0.0095,83555.46,BTC-27NOV26,0.37079999999999996,0.14677,69.13847,323.3,0.1,0.0010000000000000009,BTC,82951.98,74.35
2026-10-11T00:11:49.854723+00:00,BTC-16OCT26-78000-P,83024.7,BTC-16OCT26,put,78000.0,2026-10-16T08:00:00+00:00,0.014579376925906912,0.0018,0.0021,0.00194046,0.00195,83024.7,BTC-16OCT26,0.3884,-0.08777,15.98192,1975.9,28.4,0.0002999999999999999,BTC,82951.98,5927.25
2026-10-11T00:11:49.854723+00:00,BTC-24SEP27-114000-P,87264.62,BTC-24SEP27,put,114000.0,2027-09-24T08:00:00+00:00,0.9536621969122177,0.3595,0.3795,0.36923987,0.3695,87264.62,BTC-24SEP27,0.39409999999999995,-0.69209,299.8643,0.0,0.0,0.020000000000000018,BTC,82951.98,0.0
2026-10-11T00:11:49.854723+00:00,BTC-27NOV26-77000-P,83555.37,BTC-27NOV26,put,77000.0,2026-11-27T08:00:00+00:00,0.12956910998545518,0.022,0.023,0.02243252,0.0225,83555.37,BTC-27NOV26,0.38170000000000004,-0.25352,96.32096,345.3,45.0,0.0010000000000000009,BTC,82951.98,83778.67
2026-10-11T00:11:49.854723+00:00,BTC-27NOV26-77000-C,83555.46,BTC-27NOV26,call,77000.0,2026-11-27T08:00:00+00:00,0.12956910998545518,0.1005,0.102,0.10088891,0.10125,83555.46,BTC-27NOV26,0.38170000000000004,0.74649,96.32021,79.5,0.0,0.0014999999999999875,BTC,82951.98,0.0
2026-10-11T00:11:49.854723+00:00,BTC-26MAR27-125000-P,84972.83,BTC-26MAR27,put,125000.0,2027-03-26T08:00:00+00:00,0.4553733536541752,0.4755,0.4905,0.48312513,0.483,84972.83,BTC-26MAR27,0.4071,-0.89748,102.50728,0.1,0.0,0.015000000000000013,BTC,82951.98,0.0
2026-10-11T00:11:49.854723+00:00,BTC-26MAR27-115000-C,84972.83,BTC-26MAR27,call,115000.0,2027-03-26T08:00:00+00:00,0.4553733536541752,0.019,0.02,0.01952902,0.0195,84972.83,BTC-26MAR27,0.3937,0.15725,137.98321,580.6,0.0,0.0010000000000000009,BTC,82951.93,0.0
2026-10-11T00:11:49.854723+00:00,BTC-14OCT26-81500-P,82996.9,BTC-14OCT26,put,81500.0,2026-10-14T08:00:00+00:00,0.00910367535164271,0.0038,0.0043,0.00405171,0.00405,82996.9,BTC-14OCT26,0.2848,-0.24695,25.00424,0.4,0.4,0.0005,BTC,82951.93,141.69
2026-10-11T00:11:49.854723+00:00,BTC-26MAR27-86000-C,84972.83,BTC-26MAR27,call,86000.0,2027-03-26T08:00:00+00:00,0.4553733536541752,0.0965,0.0975,0.09691303,0.097,84972.83,BTC-26MAR27,0.3807,0.53258,228.06901,599.6,0.0,0.0010000000000000009,BTC,82951.93,0.0
2026-10-11T00:11:49.854723+00:00,BTC-27NOV26-62000-C,83555.46,BTC-27NOV26,call,62000.0,2026-11-27T08:00:00+00:00,0.12956910998545518,0.2585,0.265,0.26156127,0.26175,83555.46,BTC-27NOV26,0.5138,0.95602,27.99916,0.1,0.0,0.006500000000000006,BTC,82951.93,0.0
2026-10-11T00:11:49.854723+00:00,BTC-27NOV26-80000-P,83555.37,BTC-27NOV26,put,80000.0,2026-11-27T08:00:00+00:00,0.12956910998545518,0.033,0.034,0.03373993,0.0335,83555.37,BTC-27NOV26,0.3722,-0.34747,111.14959,564.8,10.8,0.0010000000000000009,BTC,82951.93,31572.85
2026-10-11T00:11:49.854723+00:00,BTC-13OCT26-80500-P,82972.23,BTC-13OCT26,put,80500.0,2026-10-13T08:00:00+00:00,0.006365824564510609,0.0012,0.0013,0.00128331,0.00125,82972.23,BTC-13OCT26,0.30820000000000003,-0.10691,12.19655,20.2,16.0,0.00010000000000000005,BTC,82951.93,2134.03
2026-10-11T00:11:49.854723+00:00,BTC-12OCT26-81000-C,82963.55,BTC-12OCT26,call,81000.0,2026-10-12T08:00:00+00:00,0.003627973777378508,0.022,0.0255,0.02410841,0.02375,82963.55,BTC-12OCT26,0.2663,0.93289,6.49313,37.7,0.2,0.0034999999999999996,BTC,82951.93,380.78
2026-10-11T00:11:49.854723+00:00,BTC-25JUN27-80000-P,86158.09,BTC-25JUN27,put,80000.0,2027-06-25T08:00:00+00:00,0.7045177752831965,0.0925,0.0945,0.09329785,0.0935,86158.09,BTC-25JUN27,0.3914,-0.34829,267.47361,241.8,0.0,0.0020000000000000018,BTC,82951.93,0.0
2026-10-11T00:11:49.854723+00:00,BTC-13OCT26-85000-P,82972.23,BTC-13OCT26,put,85000.0,2026-10-13T08:00:00+00:00,0.006365824564510609,0.023,0.029,0.02591411,0.026,82972.23,BTC-13OCT26,0.2701,-0.86573,14.32119,0.0,0.0,0.006000000000000002,BTC,82951.93,0.0
2026-10-11T00:11:49.854723+00:00,BTC-25DEC26-55000-P,83886.62,BTC-25DEC26,put,55000.0,2026-12-25T08:00:00+00:00,0.206228932025154,0.0033,0.0037,0.00357993,0.0035,83886.62,BTC-25DEC26,0.5444,-0.03352,28.42081,3189.9,0.0,0.0004000000000000002,BTC,82951.93,0.0
2026-10-11T00:11:49.854723+00:00,BTC-16OCT26-84000-C,83024.7,BTC-16OCT26,call,84000.0,2026-10-16T08:00:00+00:00,0.014579376925906912,0.009,0.01,0.00959261,0.0095,83024.7,BTC-16OCT26,0.304,0.38245,38.25331,208.3,11.1,0.0010000000000000009,BTC,82951.93,8532.77
2026-10-11T00:11:49.854723+00:00,BTC-25JUN27-30000-P,86158.07,BTC-25JUN27,put,30000.0,2027-06-25T08:00:00+00:00,0.7045177752831965,0.0024,0.0028,0.00258389,0.0026,86158.07,BTC-25JUN27,0.6286999999999999,-0.01184,22.33631,530.7,7.5,0.0004000000000000002,BTC,82951.93,1618.03
2026-10-11T00:11:49.854723+00:00,BTC-13OCT26-84500-C,82970.5,BTC-13OCT26,call,84500.0,2026-10-13T08:00:00+00:00,0.006365824564510609,0.0021,0.0024,0.00222675,0.00225,82970.5,BTC-13OCT26,0.2623,0.19552,18.28314,40.7,2.1,0.0002999999999999999,BTC,82951.93,382.46
2026-10-11T00:11:49.854723+00:00,BTC-12OCT26-91000-C,82962.1,BTC-12OCT26,call,91000.0,2026-10-12T08:00:00+00:00,0.003627973777378508,,0.0001,5e-07,,82962.1,BTC-12OCT26,0.4075,9e-05,0.01724,0.0,0.0,,BTC,82951.93,0.0
2026-10-11T00:11:49.854723+00:00,BTC-27NOV26-72000-C,83555.37,BTC-27NOV26,call,72000.0,2026-11-27T08:00:00+00:00,0.12956910998545518,0.146,0.153,0.14951039,0.1495,83555.37,BTC-27NOV26,0.40990000000000004,0.86048,66.81423,38.0,0.0,0.007000000000000006,BTC,82951.93,0.0
2026-10-11T00:11:49.854723+00:00,BTC-13OCT26-82500-P,82970.5,BTC-13OCT26,put,82500.0,2026-10-13T08:00:00+00:00,0.006365824564510609,0.0055,0.006,0.00556907,0.00575,82970.5,BTC-13OCT26,0.2545,-0.38436,25.29488,77.4,76.7,0.0005000000000000004,BTC,82951.93,45167.72
2026-10-11T00:11:49.854723+00:00,BTC-30OCT26-102000-C,83215.87,BTC-30OCT26,call,102000.0,2026-10-30T08:00:00+00:00,0.052909287945756334,0.0003,0.0004,0.00032217,0.00035,83215.87,BTC-30OCT26,0.37939999999999996,0.01108,5.58166,596.1,0.5,0.00010000000000000005,BTC,82951.93,16.51
2026-10-11T00:11:49.854723+00:00,BTC-12OCT26-89000-P,82962.1,BTC-12OCT26,put,89000.0,2026-10-12T08:00:00+00:00,0.003627973777378508,0.071,0.076,0.07279865,0.0735,82962.1,BTC-12OCT26,0.3292,-0.99979,0.03875,0.0,0.0,0.0050000000000000044,BTC,82951.93,0.0
2026-10-11T00:11:49.854723+00:00,BTC-23OCT26-74000-C,83119.57,BTC-23OCT26,call,74000.0,2026-10-23T08:00:00+00:00,0.03374433243583162,0.1095,0.1145,0.11202686,0.112,83119.57,BTC-23OCT26,0.4296,0.93467,19.44279,0.0,0.0,0.0050000000000000044,BTC,82951.93,0.0
2026-10-11T00:11:49.854723+00:00,BTC-27NOV26-83000-P,83555.37,BTC-27NOV26,put,83000.0,2026-11-27T08:00:00+00:00,0.12956910998545518,0.0485,0.0495,0.04902558,0.049,83555.37,BTC-27NOV26,0.3654,-0.45345,119.21594,183.5,0.4,0.0010000000000000009,BTC,82951.93,1625.73
2026-10-11T00:11:49.854723+00:00,BTC-14OCT26-83500-C,82996.96,BTC-14OCT26,call,83500.0,2026-10-14T08:00:00+00:00,0.00910367535164271,0.007,0.008,0.00733928,0.0075,82996.96,BTC-14OCT26,0.264,0.41081,30.8038,0.5,0.5,0.001,BTC,82951.93,289.75
2026-10-11T00:11:49.854723+00:00,BTC-24SEP27-210000-C,87263.12,BTC-24SEP27,call,210000.0,2027-09-24T08:00:00+00:00,0.9536621969122177,0.0065,0.008,0.00723491,0.00725,87263.12,BTC-24SEP27,0.46759999999999996,0.04511,80.95662,20.6,0.0,0.0015000000000000005,BTC,82951.93,0.0
2026-10-11T00:11:49.854723+00:00,BTC-27NOV26-79000-C,83555.37,BTC-27NOV26,call,79000.0,2026-11-27T08:00:00+00:00,0.12956910998545518,0.0835,0.085,0.08393747,0.08425,83555.37,BTC-27NOV26,0.374,0.68579,106.76951,134.0,0.0,0.0015000000000000013,BTC,82951.93,0.0
2026-10-11T00:11:49.854723+00:00,BTC-14OCT26-85000-P,82996.96,BTC-14OCT26,put,85000.0,2026-10-14T08:00:00+00:00,0.00910367535164271,0.0255,0.0275,0.02659481,0.0265,82996.96,BTC-14OCT26,0.2685,-0.82052,20.74454,0.0,0.0,0.0020000000000000018,BTC,82951.73,0.0
2026-10-11T00:11:49.854723+00:00,BTC-26MAR27-102000-C,84972.83,BTC-26MAR27,call,102000.0,2027-03-26T08:00:00+00:00,0.4553733536541752,0.039,0.04,0.0394965,0.0395,84972.83,BTC-26MAR27,0.3815,0.28084,193.36725,114.4,0.0,0.0010000000000000009,BTC,82951.73,0.0
2026-10-11T00:11:49.854723+00:00,BTC-24SEP27-82000-C,87263.12,BTC-24SEP27,call,82000.0,2027-09-24T08:00:00+00:00,0.9536621969122177,0.179,0.1825,0.18036833,0.18075,87263.12,BTC-24SEP27,0.3948,0.63841,319.4139,32.8,0.0,0.003500000000000003,BTC,82951.73,0.0
2026-10-11T00:11:49.854723+00:00,BTC-25DEC26-78000-P,83885.17,BTC-25DEC26,put,78000.0,2026-12-25T08:00:00+00:00,0.206228932025154,0.0365,0.0375,0.03705764,0.037,83885.17,BTC-25DEC26,0.3799,-0.30571,133.62203,1349.4,1.0,0.0010000000000000009,BTC,82951.73,3032.12
2026-10-11T00:11:49.854723+00:00,BTC-25JUN27-76000-P,86158.07,BTC-25JUN27,put,76000.0,2027-06-25T08:00:00+00:00,0.7045177752831965,0.073,0.075,0.07419831,0.074,86158.07,BTC-25JUN27,0.3968,-0.2935,249.01865,73.7,0.0,0.0020000000000000018,BTC,82951.73,0.0
2026-10-11T00:11:49.854723+00:00,BTC-11OCT26-86000-C,82946.49,BTC-11OCT26,call,86000.0,2026-10-11T08:00:00+00:00,0.0008901229902464066,,0.0001,8.3e-07,,82946.49,BTC-11OCT26,0.35350000000000004,0.0003,0.02773,91.9,0.0,,BTC,82951.73,0.0
2026-10-11T00:11:49.854723+00:00,BTC-23OCT26-85000-C,83119.68,BTC-23OCT26,call,85000.0,2026-10-23T08:00:00+00:00,0.03374433243583162,0.0135,0.014,0.01382888,0.01375,83119.68,BTC-23OCT26,0.3161,0.3609,57.18952,391.0,5.2,0.0005000000000000004,BTC,82951.73,5657.5
2026-10-11T00:11:49.854723+00:00,BTC-27NOV26-81000-C,83555.37,BTC-27NOV26,call,81000.0,2026-11-27T08:00:00+00:00,0.12956910998545518,0.068,0.0695,0.06894895,0.06875,83555.37,BTC-27NOV26,0.3696,0.61804,114.74046,310.0,0.0,0.0015000000000000013,BTC,82951.73,0.0
2026-10-11T00:11:49.854723+00:00,BTC-25JUN27-78000-C,86158.09,BTC-25JUN27,call,78000.0,2027-06-25T08:00:00+00:00,0.7045177752831965,0.176,0.179,0.17805112,0.1775,86158.09,BTC-25JUN27,0.39399999999999996,0.67941,258.89921,104.2,0.1,0.0030000000000000027,BTC,82951.73,1461.86
2026-10-11T00:11:49.854723+00:00,BTC-11OCT26-94000-P,82946.49,BTC-11OCT26,put,94000.0,2026-10-11T08:00:00+00:00,0.0008901229902464066,0.13,0.1365,0.13328232,0.13325,82946.49,BTC-11OCT26,0.4603,-1.0,0.0,0.0,0.0,0.006500000000000006,BTC,82951.73,0.0
2026-10-11T00:11:49.854723+00:00,BTC-14OCT26-87000-P,82996.96,BTC-14OCT26,put,87000.0,2026-10-14T08:00:00+00:00,0.00910367535164271,0.046,0.052,0.0488131,0.049,82996.96,BTC-14OCT26,0.297,-0.95011,8.15396,0.0,0.0,0.005999999999999998,BTC,82951.73,0.0
2026-10-11T00:11:49.854723+00:00,BTC-24SEP27-190000-P,87264.62,BTC-24SEP27,put,190000.0,2027-09-24T08:00:00+00:00,0.9536621969122177,1.1705,1.206,1.18711837,1.18825,87264.62,BTC-24SEP27,0.4496,-0.93968,101.97711,0.0,0.0,0.035499999999999865,BTC,82951.73,0.0
2026-10-11T00:11:49.854723+00:00,BTC-27NOV26-96000-P,83555.37,BTC-27NOV26,put,96000.0,2026-11-27T08:00:00+00:00,0.12956910998545518,0.155,0.1645,0.15972703,0.15975,83555.37,BTC-27NOV26,0.36810000000000004,-0.83664,74.20601,0.0,0.0,0.009500000000000008,BTC,82951.73,0.0
2026-10-11T00:11:49.854723+00:00,BTC-25JUN27-62000-C,86158.07,BTC-25JUN27,call,62000.0,2027-06-25T08:00:00+00:00,0.7045177752831965,0.3085,0.3115,0.3100762,0.31,86158.07,BTC-25JUN27,0.4293,0.8628,158.81484,123.0,0.0,0.0030000000000000027,BTC,82951.73,0.0
2026-10-11T00:11:49.854723+00:00,BTC-14OCT26-79500-C,82996.9,BTC-14OCT26,call,79500.0,2026-10-14T08:00:00+00:00,0.00910367535164271,0.0405,0.046,0.04344955,0.04325,82996.9,BTC-14OCT26,0.3367,0.91225,12.6215,0.0,0.0,0.005499999999999998,BTC,82951.73,0.0
2026-10-11T00:11:49.854723+00:00,BTC-23OCT26-80000-C,83119.57,BTC-23OCT26,call,80000.0,2026-10-23T08:00:00+00:00,0.03374433243583162,0.0465,0.0485,0.04751443,0.0475,83119.57,BTC-23OCT26,0.33770000000000006,0.74145,49.39853,1.2,0.0,0.0020000000000000018,BTC,82951.73,0.0
2026-10-11T00:11:49.854723+00:00,BTC-24SEP27-94000-C,87264.62,BTC-24SEP27,call,94000.0,2027-09-24T08:00:00+00:00,0.9536621969122177,0.12,0.1225,0.12135662,0.12125,87264.62,BTC-24SEP27,0.39030000000000004,0.49824,340.08937,1.1,0.0,0.0025000000000000022,BTC,82951.73,0.0
2026-10-11T00:11:49.854723+00:00,BTC-27NOV26-104000-P,83555.46,BTC-27NOV26,put,104000.0,2026-11-27T08:00:00+00:00,0.12956910998545518,0.2435,0.2535,0.24859694,0.2485,83555.46,BTC-27NOV26,0.3881,-0.93269,39.19784,0.0,0.0,0.010000000000000009,BTC,82951.73,0.0
2026-10-11T00:11:49.854723+00:00,BTC-11OCT26-81000-P,82946.44,BTC-11OCT26,put,81000.0,2026-10-11T08:00:00+00:00,0.0008901229902464066,,0.0001,3.993e-05,,82946.44,BTC-11OCT26,0.3488,-0.01092,0.71048,103.4,19.7,,BTC,82951.53,581.41
2026-10-11T00:11:49.854723+00:00,BTC-26MAR27-58000-C,84972.83,BTC-26MAR27,call,58000.0,2027-03-26T08:00:00+00:00,0.4553733536541752,0.3265,0.3345,0.33087746,0.3305,84972.83,BTC-26MAR27,0.4604,0.91681,87.82736,4.3,0.0,0.008000000000000007,BTC,82951.53,0.0
2026-10-11T00:11:49.854723+00:00,BTC-26MAR27-94000-C,84972.83,BTC-26MAR27,call,94000.0,2027-03-26T08:00:00+00:00,0.4553733536541752,0.0615,0.063,0.06232789,0.06225,84972.83,BTC-26MAR27,0.37929999999999997,0.39495,220.85125,212.5,0.0,0.0015000000000000013,BTC,82951.53,0.0
2026-10-11T00:11:49.854723+00:00,BTC-26MAR27-72000-C,84972.83,BTC-26MAR27,call,72000.0,2027-03-26T08:00:00+00:00,0.4553733536541752,0.188,0.1975,0.19342104,0.19275,84972.83,BTC-26MAR27,0.3998,0.77299,172.8946,89.1,0.1,0.009500000000000008,BTC,82951.53,1583.01
2026-10-11T00:11:49.854723+00:00,BTC-25JUN27-50000-C,86158.07,BTC-25JUN27,call,50000.0,2027-06-25T08:00:00+00:00,0.7045177752831965,0.4285,0.4355,0.43237799,0.432,86158.07,BTC-25JUN27,0.48340000000000005,0.93865,87.68745,20.2,0.0,0.007000000000000006,BTC,82951.53,0.0
2026-10-11T00:11:49.854723+00:00,BTC-25DEC26-55000-C,83886.62,BTC-25DEC26,call,55000.0,2026-12-25T08:00:00+00:00,0.206228932025154,0.345,0.351,0.34792126,0.348,83886.62,BTC-25DEC26,0.5444,0.96648,28.42092,127.4,0.0,0.006000000000000005,BTC,82951.53,0.0
2026-10-11T00:11:49.854723+00:00,BTC-27NOV26-99000-C,83555.46,BTC-27NOV26,call,99000.0,2026-11-27T08:00:00+00:00,0.12956910998545518,0.007,0.0075,0.00727147,0.00725,83555.46,BTC-27NOV26,0.37420000000000003,0.11676,59.03605,46.4,0.2,0.0004999999999999996,BTC,82951.53,115.74
2026-10-11T00:11:49.854723+00:00,BTC-25DEC26-240000-C,83886.62,BTC-25DEC26,call,240000.0,2026-12-25T08:00:00+00:00,0.206228932025154,0.0001,0.0002,0.00014354,0.00015,83886.62,BTC-25DEC26,0.7432,0.00162,1.99029,780.5,0.0,0.0001,BTC,82951.73,0.0
2026-10-11T00:11:49.854723+00:00,BTC-24SEP27-50000-C,87264.62,BTC-24SEP27,call,50000.0,2027-09-24T08:00:00+00:00,0.9536621969122177,0.4405,0.449,0.44521839,0.44475,87264.62,BTC-24SEP27,0.4668,0.92638,118.97954,1.6,0.0,0.008500000000000008,BTC,82951.73,0.0
2026-10-11T00:11:49.854723+00:00,BTC-12OCT26-76000-C,82962.1,BTC-12OCT26,call,76000.0,2026-10-12T08:00:00+00:00,0.003627973777378508,0.0815,0.086,0.0839145,0.08375,82962.1,BTC-12OCT26,0.4874,0.99865,0.22095,0.0,0.0,0.00449999999999999,BTC,82951.73,0.0
2026-10-11T00:11:49.854723+00:00,BTC-23OCT26-73000-C,83119.68,BTC-23OCT26,call,73000.0,2026-10-23T08:00:00+00:00,0.03374433243583162,0.121,0.126,0.12363558,0.1235,83119.68,BTC-23OCT26,0.4485,0.94696,16.50911,0.0,0.0,0.0050000000000000044,BTC,82951.73,0.0
2026-10-11T00:11:49.854723+00:00,BTC-26MAR27-66000-P,84972.83,BTC-26MAR27,put,66000.0,2027-03-26T08:00:00+00:00,0.4553733536541752,0.025,0.026,0.02543623,0.0255,84972.83,BTC-26MAR27,0.4205,-0.15101,134.3371,98.4,0.0,0.0009999999999999974,BTC,82952.08,0.0
2026-10-11T00:11:49.854723+00:00,BTC-25DEC26-75000-C,83885.17,BTC-25DEC26,call,75000.0,2026-12-25T08:00:00+00:00,0.206228932025154,0.1285,0.136,0.13238848,0.13225,83885.17,BTC-25DEC26,0.38789999999999997,0.76532,117.01774,1925.5,0.0,0.007500000000000007,BTC,82952.08,0.0
2026-10-11T00:11:49.854723+00:00,BTC-25JUN27-114000-C,86158.09,BTC-25JUN27,call,114000.0,2027-06-25T08:00:00+00:00,0.7045177752831965,0.0405,0.0415,0.04088328,0.041,86158.09,BTC-25JUN27,0.3907,0.24526,227.54688,6.0,0.0,0.0010000000000000009,BTC,82951.73,0.0
2026-10-11T00:11:49.854723+00:00,BTC-23OCT26-92000-C,83119.68,BTC-23OCT26,call,92000.0,2026-10-23T08:00:00+00:00,0.03374433243583162,0.0013,0.0015,0.00140604,0.0014,83119.68,BTC-23OCT26,0.33840000000000003,0.05459,16.89042,435.3,1.1,0.0002000000000000001,BTC,82951.73,134.64
2026-10-11T00:11:49.854723+00:00,BTC-11OCT26-77000-P,82946.44,BTC-11OCT26,put,77000.0,2026-10-11T08:00:00+00:00,0.0008901229902464066,,0.0001,4e-08,,82946.44,BTC-11OCT26,0.5854,-1e-05,0.00105,40.2,8.6,,BTC,82952.08,71.02
2026-10-11T00:11:49.854723+00:00,BTC-26MAR27-35000-P,84972.83,BTC-26MAR27,put,35000.0,2027-03-26T08:00:00+00:00,0.4553733536541752,0.0019,0.0022,0.00199284,0.00205,84972.83,BTC-26MAR27,0.6395000000000001,-0.01159,17.38614,618.9,0.1,0.00030000000000000014,BTC,82952.08,17.38
2026-10-11T00:11:49.854723+00:00,BTC-11OCT26-80500-P,82946.49,BTC-11OCT26,put,80500.0,2026-10-11T08:00:00+00:00,0.0008901229902464066,,0.0001,1.372e-05,,82946.49,BTC-11OCT26,0.3779,-0.00382,0.28072,492.2,19.5,,BTC,82952.08,466.47
2026-10-11T00:11:49.854723+00:00,BTC-16OCT26-89000-C,83024.7,BTC-16OCT26,call,89000.0,2026-10-16T08:00:00+00:00,0.014579376925906912,0.0005,0.0007,0.00060338,0.0006,83024.7,BTC-16OCT26,0.32299999999999995,0.039,8.46408,498.3,19.7,0.00019999999999999998,BTC,82952.08,1184.77
2026-10-11T00:11:49.854723+00:00,BTC-25JUN27-30000-C,86158.07,BTC-25JUN27,call,30000.0,2027-06-25T08:00:00+00:00,0.7045177752831965,0.653,0.6555,0.65438001,0.65425,86158.07,BTC-25JUN27,0.6286999999999999,0.98816,22.33838,87.4,0.0,0.0024999999999999467,BTC,82952.08,0.0
2026-10-11T00:11:49.854723+00:00,BTC-30OCT26-73000-C,83215.87,BTC-30OCT26,call,73000.0,2026-10-30T08:00:00+00:00,0.052909287945756334,0.124,0.1295,0.12660625,0.12675,83215.87,BTC-30OCT26,0.4263,0.91688,29.30098,573.5,0.3,0.005500000000000005,BTC,82951.98,3103.08
2026-10-11T00:11:49.854723+00:00,BTC-30OCT26-81000-P,83215.87,BTC-30OCT26,put,81000.0,2026-10-30T08:00:00+00:00,0.052909287945756334,0.019,0.0195,0.01939167,0.01925,83215.87,BTC-30OCT26,0.3411,-0.35051,70.96137,797.7,0.0,0.0005000000000000004,BTC,82951.98,0.0
2026-10-11T00:11:49.854723+00:00,BTC-13OCT26-91000-P,82970.5,BTC-13OCT26,put,91000.0,2026-10-13T08:00:00+00:00,0.006365824564510609,0.095,0.1,0.09680704,0.0975,82970.5,BTC-13OCT26,0.37560000000000004,-0.99891,0.2412,0.0,0.0,0.0050000000000000044,BTC,82951.98,0.0
2026-10-11T00:11:49.854723+00:00,BTC-14OCT26-74000-P,82996.96,BTC-14OCT26,put,74000.0,2026-10-14T08:00:00+00:00,0.00910367535164271,0.0002,0.0004,0.00028282,0.0003,82996.96,BTC-14OCT26,0.5589,-0.01475,2.95561,0.2,0.2,0.0002,BTC,82951.98,4.97
2026-10-11T00:11:49.854723+00:00,BTC-26MAR27-64000-P,84972.83,BTC-26MAR27,put,64000.0,2027-03-26T08:00:00+00:00,0.4553733536541752,0.021,0.022,0.02146098,0.0215,84972.83,BTC-26MAR27,0.4276,-0.13005,121.37306,124.7,0.1,0.0009999999999999974,BTC,82951.98,186.12
2026-10-11T00:11:49.854723+00:00,BTC-24SEP27-115000-C,87264.62,BTC-24SEP27,call,115000.0,2027-09-24T08:00:00+00:00,0.9536621969122177,0.0595,0.062,0.06081956,0.06075,87264.62,BTC-24SEP27,0.3944,0.30024,296.5092,0.0,0.0,0.0025000000000000022,BTC,82951.98,0.0
2026-10-11T00:11:49.854723+00:00,BTC-26MAR27-115000-P,84972.83,BTC-26MAR27,put,115000.0,2027-03-26T08:00:00+00:00,0.4553733536541752,0.366,0.38,0.37294978,0.373,84972.83,BTC-26MAR27,0.3937,-0.84276,137.98121,3.0,0.0,0.014000000000000012,BTC,82951.98,0.0
2026-10-11T00:11:49.854723+00:00,BTC-26MAR27-35000-C,84971.51,BTC-26MAR27,call,35000.0,2027-03-26T08:00:00+00:00,0.4553733536541752,0.589,0.591,0.59008217,0.59,84971.51,BTC-26MAR27,0.6395000000000001,0.98841,17.38624,21.8,0.0,0.0020000000000000018,BTC,82951.98,0.0
2026-10-11T00:11:49.854723+00:00,BTC-23OCT26-86000-C,83119.68,BTC-23OCT26,call,86000.0,2026-10-23T08:00:00+00:00,0.03374433243583162,0.0095,0.01,0.00983039,0.00975,83119.68,BTC-23OCT26,0.3105,0.28477,51.83362,108.1,1.8,0.0005000000000000004,BTC,82951.98,1412.71
2026-10-11T00:11:49.854723+00:00,BTC-13OCT26-79500-P,82970.5,BTC-13OCT26,put,79500.0,2026-10-13T08:00:00+00:00,0.006365824564510609,0.0008,0.0009,0.00083894,0.00085,82970.5,BTC-13OCT26,0.3589,-0.06613,8.50743,21.5,13.8,9.999999999999994e-05,BTC,82951.98,1258.54
2026-10-11T00:11:49.854723+00:00,BTC-25JUN27-54000-P,86158.09,BTC-25JUN27,put,54000.0,2027-06-25T08:00:00+00:00,0.7045177752831965,0.016,0.0175,0.01671404,0.01675,86158.09,BTC-25JUN27,0.4608,-0.08064,108.19715,50.6,0.0,0.0015000000000000013,BTC,82951.98,0.0
2026-10-11T00:11:49.854723+00:00,BTC-30OCT26-115000-P,83215.87,BTC-30OCT26,put,115000.0,2026-10-30T08:00:00+00:00,0.052909287945756334,0.378,0.386,0.38207922,0.382,83215.87,BTC-30OCT26,0.4877,-0.99765,1.40748,34.6,0.0,0.008000000000000007,BTC,82951.98,0.0
2026-10-11T00:11:49.854723+00:00,BTC-30OCT26-77000-C,83215.87,BTC-30OCT26,call,77000.0,2026-10-30T08:00:00+00:00,0.052909287945756334,0.0795,0.086,0.0828643,0.08275,83215.87,BTC-30OCT26,0.37270000000000003,0.8285,48.72816,205.7,0.0,0.006499999999999992,BTC,82951.98,0.0
2026-10-11T00:11:49.854723+00:00,BTC-14OCT26-90000-P,82996.96,BTC-14OCT26,put,90000.0,2026-10-14T08:00:00+00:00,0.00910367535164271,0.0825,0.0875,0.08446204,0.085,82996.96,BTC-14OCT26,0.34869999999999995,-0.99218,1.70073,0.0,0.0,0.0049999999999999906,BTC,82951.98,0.0
2026-10-11T00:11:49.854723+00:00,BTC-27NOV26-106000-P,83555.37,BTC-27NOV26,put,106000.0,2026-11-27T08:00:00+00:00,0.12956910998545518,0.2665,0.276,0.27172781,0.27125,83555.37,BTC-27NOV26,0.3946,-0.94549,33.23533,0.0,0.0,0.009500000000000008,BTC,82951.98,0.0
2026-10-11T00:11:49.854723+00:00,BTC-30OCT26-104000-C,83215.87,BTC-30OCT26,call,104000.0,2026-10-30T08:00:00+00:00,0.052909287945756334,0.0002,0.0003,0.00022359,0.00025,83215.87,BTC-30OCT26,0.39270000000000005,0.00772,4.06554,489.7,0.0,9.999999999999996e-05,BTC,82951.98,0.0
2026-10-11T00:11:49.854723+00:00,BTC-24SEP27-90000-P,87264.62,BTC-24SEP27,put,90000.0,2027-09-24T08:00:00+00:00,0.9536621969122177,0.1685,0.172,0.16999639,0.17025,87264.62,BTC-24SEP27,0.3909,-0.45616,338.03796,2.8,0.0,0.0034999999999999754,BTC,82951.98,0.0
2026-10-11T00:11:49.854723+00:00,BTC-27NOV26-91000-P,83555.46,BTC-27NOV26,put,91000.0,2026-11-27T08:00:00+00:00,0.12956910998545518,0.106,0.1145,0.11013514,0.11025,83555.46,BTC-27NOV26,0.3628,-0.72164,100.99537,0.2,0.0,0.008500000000000008,BTC,82951.98,0.0
2026-10-11T00:11:49.854723+00:00,BTC-26MAR27-108000-P,84972.83,BTC-26MAR27,put,108000.0,2027-03-26T08:00:00+00:00,0.4553733536541752,0.2925,0.306,0.29932977,0.29925,84972.83,BTC-26MAR27,0.3861,-0.78519,167.51285,0.1,0.0,0.013500000000000012,BTC,82951.98,0.0
2026-10-11T00:11:49.854723+00:00,BTC-14OCT26-76000-C,82996.9,BTC-14OCT26,call,76000.0,2026-10-14T08:00:00+00:00,0.00910367535164271,0.0815,0.087,0.08477978,0.08425,82996.9,BTC-14OCT26,0.4833,0.97324,4.89961,0.0,0.0,0.005499999999999991,BTC,82951.98,0.0
2026-10-11T00:11:49.854723+00:00,BTC-26MAR27-180000-C,84972.83,BTC-26MAR27,call,180000.0,2027-03-26T08:00:00+00:00,0.4553733536541752,0.0018,0.0023,0.00204338,0.00205,84972.83,BTC-26MAR27,0.4946,0.01869,26.21626,691.4,0.0,0.0005,BTC,82951.98,0.0
2026-10-11T00:11:49.854723+00:00,BTC-26MAR27-84000-P,84971.51,BTC-26MAR27,put,84000.0,2027-03-26T08:00:00+00:00,0.4553733536541752,0.0955,0.097,0.09642067,0.09625,84971.51,BTC-26MAR27,0.3821,-0.4311,225.41174,427.7,0.0,0.0015000000000000013,BTC,82951.98,0.0
2026-10-11T00:11:49.854723+00:00,BTC-23OCT26-81000-P,83119.68,BTC-23OCT26,put,81000.0,2026-10-23T08:00:00+00:00,0.03374433243583162,0.013,0.014,0.01339813,0.0135,83119.68,BTC-23OCT26,0.332,-0.3246,54.9431,122.7,0.6,0.0010000000000000009,BTC,82951.98,687.51
2026-10-11T00:11:49.854723+00:00,BTC-24SEP27-100000-C,87264.62,BTC-24SEP27,call,100000.0,2027-09-24T08:00:00+00:00,0.9536621969122177,0.0985,0.1005,0.09936163,0.0995,87264.62,BTC-24SEP27,0.39030000000000004,0.43383,335.40367,87.8,0.0,0.0020000000000000018,BTC,82951.98,0.0
2026-10-11T00:11:49.854723+00:00,BTC-24SEP27-96000-P,87263.12,BTC-24SEP27,put,96000.0,2027-09-24T08:00:00+00:00,0.9536621969122177,0.212,0.2155,0.21374637,0.21375,87263.12,BTC-24SEP27,0.39039999999999997,-0.52374,339.49151,0.0,0.0,0.003500000000000003,BTC,82951.98,0.0
2026-10-11T00:11:49.854723+00:00,BTC-14OCT26-78000-P,82996.9,BTC-14OCT26,put,78000.0,2026-10-14T08:00:00+00:00,0.00910367535164271,0.0007,0.0009,0.00076306,0.0008,82996.9,BTC-14OCT26,0.3954,-0.04825,7.9391,0.1,0.1,0.00019999999999999998,BTC,82951.98,6.64
2026-10-11T00:11:49.854723+00:00,BTC-16OCT26-85000-P,83024.57,BTC-16OCT26,put,85000.0,2026-10-16T08:00:00+00:00,0.014579376925906912,0.0285,0.0305,0.02959472,0.0295,83024.57,BTC-16OCT26,0.302,-0.73433,32.88531,51.6,0.2,0.0019999999999999983,BTC,82951.98,541.75
2026-10-11T00:11:49.854723+00:00,BTC-30OCT26-72000-P,83215.87,BTC-30OCT26,put,72000.0,2026-10-30T08:00:00+00:00,0.052909287945756334,0.0031,0.0032,0.00313207,0.00315,83215.87,BTC-30OCT26,0.43670000000000003,-0.068,25.14274,2534.0,15.2,0.00010000000000000026,BTC,82951.98,4041.53
2026-10-11T00:11:49.854723+00:00,BTC-30OCT26-50000-P,83215.87,BTC-30OCT26,put,50000.0,2026-10-30T08:00:00+00:00,0.052909287945756334,,0.0001,4.657e-05,,83215.87,BTC-30OCT26,0.7332,-0.00095,0.61775,501.8,0.0,,BTC,82951.98,0.0
2026-10-11T00:11:49.854723+00:00,BTC-23OCT26-89000-P,83119.68,BTC-23OCT26,put,89000.0,2026-10-23T08:00:00+00:00,0.03374433243583162,0.0715,0.078,0.07453244,0.07475,83119.68,BTC-23OCT26,0.3222,-0.86969,32.36426,0.0,0.0,0.006500000000000006,BTC,82951.98,0.0
2026-10-11T00:11:49.854723+00:00,BTC-14OCT26-85500-P,82996.9,BTC-14OCT26,put,85500.0,2026-10-14T08:00:00+00:00,0.00910367535164271,0.029,0.035,0.03186254,0.032,82996.9,BTC-14OCT26,0.27449999999999997,-0.86885,16.85683,0.0,0.0,0.006000000000000002,BTC,82951.98,0.0
2026-10-11T00:11:49.854723+00:00,BTC-30OCT26-78000-C,83215.87,BTC-30OCT26,call,78000.0,2026-10-30T08:00:00+00:00,0.052909287945756334,0.072,0.074,0.07283217,0.073,83215.87,BTC-30OCT26,0.3635,0.7927,54.76582,484.1,0.4,0.0020000000000000018,BTC,82951.98,2336.1
2026-10-11T00:11:49.854723+00:00,BTC-12OCT26-80000-C,82962.1,BTC-12OCT26,call,80000.0,2026-10-12T08:00:00+00:00,0.003627973777378508,0.034,0.0375,0.03598946,0.03575,82962.1,BTC-12OCT26,0.33909999999999996,0.9625,4.08497,21.7,0.0,0.003499999999999996,BTC,82951.98,0.0
2026-10-11T00:11:49.854723+00:00,BTC-26MAR27-88000-C,84971.51,BTC-26MAR27,call,88000.0,2027-03-26T08:00:00+00:00,0.4553733536541752,0.0865,0.088,0.08705818,0.08725,84971.51,BTC-26MAR27,0.38020000000000004,0.49681,228.8254,399.4,0.0,0.0015000000000000013,BTC,82951.98,0.0
2026-10-11T00:11:49.854723+00:00,BTC-30OCT26-83000-C,83215.87,BTC-30OCT26,call,83000.0,2026-10-30T08:00:00+00:00,0.052909287945756334,0.031,0.032,0.03155046,0.0315,83215.87,BTC-30OCT26,0.3301,0.52898,76.18748,750.4,10.6,0.0010000000000000009,BTC,82951.98,27320.05
2026-10-11T00:11:49.854723+00:00,BTC-26MAR27-74000-P,84972.83,BTC-26MAR27,put,74000.0,2027-03-26T08:00:00+00:00,0.4553733536541752,0.047,0.0485,0.04764301,0.04775,84972.83,BTC-26MAR27,0.39520000000000005,-0.25735,185.07015,229.8,1.0,0.0015000000000000013,BTC,82951.98,3941.79
2026-10-11T00:11:49.854723+00:00,BTC-26MAR27-170000-C,84972.83,BTC-26MAR27,call,170000.0,2027-03-26T08:00:00+00:00,0.4553733536541752,0.0026,0.0029,0.00275224,0.00275,84972.83,BTC-26MAR27,0.4833,0.02486,33.36405,1021.9,0.0,0.0002999999999999999,BTC,82951.98,0.0
2026-10-11T00:11:49.854723+00:00,BTC-27NOV26-85000-C,83555.46,BTC-27NOV26,call,85000.0,2026-11-27T08:00:00+00:00,0.12956910998545518,0.044,0.045,0.04456286,0.0445,83555.46,BTC-27NOV26,0.3644,0.47425,119.78433,685.4,0.2,0.0010000000000000009,BTC,82951.98,701.81
2026-10-11T00:11:49.854723+00:00,BTC-26MAR27-74000-C,84972.83,BTC-26MAR27,call,74000.0,2027-03-26T08:00:00+00:00,0.4553733536541752,0.176,0.178,0.17674617,0.177,84972.83,BTC-26MAR27,0.39520000000000005,0.74265,185.07015,66.8,0.0,0.0020000000000000018,BTC,82951.98,0.0
2026-10-11T00:11:49.854723+00:00,BTC-25DEC26-64000-P,83886.62,BTC-25DEC26,put,64000.0,2026-12-25T08:00:00+00:00,0.206228932025154,0.0075,0.0085,0.00797,0.008,83886.62,BTC-25DEC26,0.45399999999999996,-0.07856,55.88013,376.4,0.0,0.0010000000000000009,BTC,82951.98,0.0
2026-10-11T00:11:49.854723+00:00,BTC-11OCT26-86500-C,82946.49,BTC-11OCT26,call,86500.0,2026-10-11T08:00:00+00:00,0.0008901229902464066,,0.0001,8e-08,,82946.49,BTC-11OCT26,0.35350000000000004,3e-05,0.0036,66.3,0.0,,BTC,82951.98,0.0
2026-10-11T00:11:49.854723+00:00,BTC-26MAR27-54000-C,84971.51,BTC-26MAR27,call,54000.0,2027-03-26T08:00:00+00:00,0.4553733536541752,0.3705,0.3775,0.37417409,0.374,84971.51,BTC-26MAR27,0.4836,0.93966,68.63612,0.1,0.0,0.007000000000000006,BTC,82951.98,0.0
2026-10-11T00:11:49.854723+00:00,BTC-25JUN27-96000-P,86158.07,BTC-25JUN27,put,96000.0,2027-06-25T08:00:00+00:00,0.7045177752831965,0.1985,0.202,0.200241,0.20025,86158.07,BTC-25JUN27,0.3848,-0.5688,284.29737,0.1,0.0,0.003500000000000003,BTC,82951.98,0.0
2026-10-11T00:11:49.854723+00:00,BTC-27NOV26-91000-C,83555.46,BTC-27NOV26,call,91000.0,2026-11-27T08:00:00+00:00,0.12956910998545518,0.0205,0.0215,0.02103815,0.021,83555.46,BTC-27NOV26,0.3628,0.27836,100.99537,227.9,0.0,0.0009999999999999974,BTC,82951.98,0.0
2026-10-11T00:11:49.854723+00:00,BTC-16OCT26-87000-P,83024.7,BTC-16OCT26,put,87000.0,2026-10-16T08:00:00+00:00,0.014579376925906912,0.0475,0.0525,0.04979219,0.05,83024.7,BTC-16OCT26,0.3078,-0.89207,18.59894,85.6,0.0,0.0049999999999999975,BTC,82951.98,0.0
2026-10-11T00:11:49.854723+00:00,BTC-11OCT26-85000-P,82946.44,BTC-11OCT26,put,85000.0,2026-10-11T08:00:00+00:00,0.0008901229902464066,0.0225,0.028,0.02478831,0.02525,82946.44,BTC-11OCT26,0.3098,-0.99592,0.29807,0.0,0.0,0.005500000000000001,BTC,82951.98,0.0
2026-10-11T00:11:49.854723+00:00,BTC-11OCT26-80500-C,82946.49,BTC-11OCT26,call,80500.0,2026-10-11T08:00:00+00:00,0.0008901229902464066,0.028,0.0305,0.02949003,0.02925,82946.49,BTC-11OCT26,0.3779,0.99618,0.28058,34.6,0.0,0.0024999999999999988,BTC,82951.98,0.0
2026-10-11T00:11:49.854723+00:00,BTC-25JUN27-84000-P,86158.07,BTC-25JUN27,put,84000.0,2027-06-25T08:00:00+00:00,0.7045177752831965,0.115,0.117,0.11564589,0.116,86158.07,BTC-25JUN27,0.38799999999999996,-0.40486,280.35344,507.5,0.0,0.0020000000000000018,BTC,82951.98,0.0
2026-10-11T00:11:49.854723+00:00,BTC-26MAR27-120000-P,84971.51,BTC-26MAR27,put,120000.0,2027-03-26T08:00:00+00:00,0.4553733536541752,0.42,0.435,0.42728669,0.4275,84971.51,BTC-26MAR27,0.3987,-0.8745,118.40796,9.9,0.0,0.015000000000000013,BTC,82951.98,0.0
2026-10-11T00:11:49.854723+00:00,BTC-30OCT26-78000-P,83215.87,BTC-30OCT26,put,78000.0,2026-10-30T08:00:00+00:00,0.052909287945756334,0.01,0.0105,0.01019111,0.01025,83215.87,BTC-30OCT26,0.3635,-0.2073,54.76582,2472.5,21.5,0.0005000000000000004,BTC,82951.98,17857.42
2026-10-11T00:11:49.854723+00:00,BTC-11OCT26-76000-C,82946.44,BTC-11OCT26,call,76000.0,2026-10-11T08:00:00+00:00,0.0008901229902464066,0.0815,0.086,0.08372919,0.08375,82946.44,BTC-11OCT26,0.6037,1.0,7e-05,0.0,0.0,0.00449999999999999,BTC,82951.98,0.0
2026-10-11T00:11:49.854723+00:00,BTC-11OCT26-83500-C,82946.44,BTC-11OCT26,call,83500.0,2026-10-11T08:00:00+00:00,0.0008901229902464066,0.0003,0.0004,0.00037981,0.00035,82946.44,BTC-11OCT26,0.1973,0.13046,5.2375,91.4,16.2,0.00010000000000000005,BTC,82951.98,1019.71
2026-10-11T00:11:49.854723+00:00,BTC-16OCT26-80000-C,83024.7,BTC-16OCT26,call,80000.0,2026-10-16T08:00:00+00:00,0.014579376925906912,0.0375,0.0435,0.04057386,0.0405,83024.7,BTC-16OCT26,0.3444,0.81948,26.35932,14.2,0.0,0.005999999999999998,BTC,82951.98,0.0
2026-10-11T00:11:49.854723+00:00,BTC-26MAR27-104000-P,84972.83,BTC-26MAR27,put,104000.0,2027-03-26T08:00:00+00:00,0.4553733536541752,0.2525,0.266,0.25926836,0.25925,84972.83,BTC-26MAR27,0.3829,-0.74305,184.92172,3.9,0.0,0.013500000000000012,BTC,82951.98,0.0
2026-10-11T00:11:49.854723+00:00,BTC-24SEP27-94000-P,87264.62,BTC-24SEP27,put,94000.0,2027-09-24T08:00:00+00:00,0.9536621969122177,0.197,0.2005,0.19857915,0.19875,87264.62,BTC-24SEP27,0.39030000000000004,-0.50176,340.08936,0.0,0.0,0.003500000000000003,BTC,82951.98,0.0
2026-10-11T00:11:49.854723+00:00,BTC-14OCT26-75000-P,82996.9,BTC-14OCT26,put,75000.0,2026-10-14T08:00:00+00:00,0.00910367535164271,0.0003,0.0005,0.00038234,0.0004,82996.9,BTC-14OCT26,0.5252,-0.02043,3.90437,14.3,14.3,0.00020000000000000004,BTC,82951.98,405.63
2026-10-11T00:11:49.854723+00:00,BTC-24SEP27-78000-P,87264.62,BTC-24SEP27,put,78000.0,2027-09-24T08:00:00+00:00,0.9536621969122177,0.0975,0.1,0.09882725,0.09875,87264.62,BTC-24SEP27,0.39799999999999996,-0.31451,302.63317,0.1,0.0,0.0025000000000000022,BTC,82951.98,0.0
2026-10-11T00:11:49.854723+00:00,BTC-12OCT26-82000-P,82962.1,BTC-12OCT26,put,82000.0,2026-10-12T08:00:00+00:00,0.003627973777378508,0.0013,0.0016,0.00140957,0.00145,82962.1,BTC-12OCT26,0.22210000000000002,-0.19026,13.56853,26.5,19.0,0.00030000000000000014,BTC,82951.98,3633.54
2026-10-11T00:11:49.854723+00:00,BTC-26MAR27-94000-P,84972.83,BTC-26MAR27,put,94000.0,2027-03-26T08:00:00+00:00,0.4553733536541752,0.162,0.1745,0.16860225,0.16825,84972.83,BTC-26MAR27,0.37929999999999997,-0.60505,220.85176,18.8,0.0,0.012499999999999983,BTC,82951.98,0.0
2026-10-11T00:11:49.854723+00:00,BTC-11OCT26-85000-C,82946.49,BTC-11OCT26,call,85000.0,2026-10-11T08:00:00+00:00,0.0008901229902464066,,0.0001,1.175e-05,,82946.49,BTC-11OCT26,0.3098,0.00408,0.29807,68.8,4.5,,BTC,82951.98,39.69
2026-10-11T00:11:49.854723+00:00,BTC-25DEC26-100000-P,83886.62,BTC-25DEC26,put,100000.0,2026-12-25T08:00:00+00:00,0.206228932025154,0.202,0.212,0.20664361,0.207,83886.62,BTC-25DEC26,0.37479999999999997,-0.82803,97.14707,303.1,0.0,0.009999999999999981,BTC,82951.98,0.0
2026-10-11T00:11:49.854723+00:00,BTC-25DEC26-75000-P,83886.62,BTC-25DEC26,put,75000.0,2026-12-25T08:00:00+00:00,0.206228932025154,0.026,0.027,0.02646849,0.0265,83886.62,BTC-25DEC26,0.38789999999999997,-0.23469,117.01969,2466.3,31.2,0.0010000000000000009,BTC,82951.98,70891.51
2026-10-11T00:11:49.854723+00:00,BTC-12OCT26-76000-P,82962.1,BTC-12OCT26,put,76000.0,2026-10-12T08:00:00+00:00,0.003627973777378508,,0.0001,1.136e-05,,82962.1,BTC-12OCT26,0.4874,-0.00135,0.22089,0.7,0.1,,BTC,82951.98,0.83
2026-10-11T00:11:49.854723+00:00,BTC-27NOV26-76000-P,83555.46,BTC-27NOV26,put,76000.0,2026-11-27T08:00:00+00:00,0.12956910998545518,0.019,0.02,0.01943957,0.0195,83555.46,BTC-27NOV26,0.38539999999999996,-0.22586,90.43355,176.7,0.0,0.0010000000000000009,BTC,82951.98,0.0
2026-10-11T00:11:49.854723+00:00,BTC-11OCT26-80000-C,82946.44,BTC-11OCT26,call,80000.0,2026-10-11T08:00:00+00:00,0.0008901229902464066,0.0325,0.038,0.03551298,0.03525,82946.44,BTC-11OCT26,0.4278,0.99779,0.17121,0.0,0.0,0.005499999999999998,BTC,82951.98,0.0
2026-10-11T00:11:49.854723+00:00,BTC-27NOV26-120000-P,83555.46,BTC-27NOV26,put,120000.0,2026-11-27T08:00:00+00:00,0.12956910998545518,0.432,0.442,0.43703868,0.437,83555.46,BTC-27NOV26,0.4506,-0.98422,11.90065,8.8,0.0,0.010000000000000009,BTC,82951.98,0.0
2026-10-11T00:11:49.854723+00:00,BTC-16OCT26-83000-P,83024.7,BTC-16OCT26,put,83000.0,2026-10-16T08:00:00+00:00,0.014579376925906912,0.014,0.015,0.01470029,0.0145,83024.7,BTC-16OCT26,0.308,-0.48907,39.9875,922.2,2.5,0.0009999999999999992,BTC,82951.98,3185.63
2026-10-11T00:11:49.854723+00:00,BTC-26MAR27-76000-C,84972.83,BTC-26MAR27,call,76000.0,2027-03-26T08:00:00+00:00,0.4553733536541752,0.16,0.162,0.16071859,0.161,84972.83,BTC-26MAR27,0.3901,0.7107,196.12108,541.7,0.0,0.0020000000000000018,BTC,82951.98,0.0
2026-10-11T00:11:49.854723+00:00,BTC-13OCT26-79500-C,82970.5,BTC-13OCT26,call,79500.0,2026-10-13T08:00:00+00:00,0.006365824564510609,0.0395,0.045,0.04264719,0.04225,82970.5,BTC-13OCT26,0.3589,0.93381,8.51298,0.0,0.0,0.005499999999999998,BTC,82951.98,0.0
2026-10-11T00:11:49.854723+00:00,BTC-12OCT26-82000-C,82962.1,BTC-12OCT26,call,82000.0,2026-10-12T08:00:00+00:00,0.003627973777378508,0.011,0.015,0.01298927,0.013,82962.1,BTC-12OCT26,0.22210000000000002,0.80974,13.56853,28.4,0.0,0.004,BTC,82951.98,0.0
2026-10-11T00:11:49.854723+00:00,BTC-25JUN27-92000-C,86158.07,BTC-25JUN27,call,92000.0,2027-06-25T08:00:00+00:00,0.7045177752831965,0.1005,0.1025,0.10155673,0.1015,86158.07,BTC-25JUN27,0.385,0.4835,288.35049,45.2,0.0,0.001999999999999988,BTC,82951.98,0.0
2026-10-11T00:11:49.854723+00:00,BTC-12OCT26-80500-C,82962.1,BTC-12OCT26,call,80500.0,2026-10-12T08:00:00+00:00,0.003627973777378508,0.028,0.0315,0.03002575,0.02975,82962.1,BTC-12OCT26,0.3019,0.95154,5.02539,40.5,0.0,0.0034999999999999996,BTC,82951.98,0.0
2026-10-11T00:11:49.854723+00:00,BTC-30OCT26-65000-P,83215.87,BTC-30OCT26,put,65000.0,2026-10-30T08:00:00+00:00,0.052909287945756334,0.0009,0.0011,0.00103249,0.001,83215.87,BTC-30OCT26,0.5462,-0.02111,9.70501,2256.4,52.6,0.0002000000000000001,BTC,82951.98,5165.78
2026-10-11T00:11:49.854723+00:00,BTC-30OCT26-59000-P,83215.87,BTC-30OCT26,put,59000.0,2026-10-30T08:00:00+00:00,0.052909287945756334,0.0003,0.0004,0.00037756,0.00035,83215.87,BTC-30OCT26,0.6336999999999999,-0.0074,3.9189,309.7,2.0,0.00010000000000000005,BTC,82951.98,66.36
2026-10-11T00:11:49.854723+00:00,BTC-23OCT26-84000-P,83119.68,BTC-23OCT26,put,84000.0,2026-10-23T08:00:00+00:00,0.03374433243583162,0.0285,0.0295,0.02899816,0.029,83119.68,BTC-23OCT26,0.31629999999999997,-0.56028,60.23499,35.8,0.0,0.0009999999999999974,BTC,82951.98,0.0
2026-10-11T00:11:49.854723+00:00,BTC-13OCT26-83000-C,82970.5,BTC-13OCT26,call,83000.0,2026-10-13T08:00:00+00:00,0.006365824564510609,0.008,0.0085,0.00784867,0.00825,82970.5,BTC-13OCT26,0.2523,0.49874,26.41216,1.6,1.0,0.0005000000000000004,BTC,82951.98,663.6
2026-10-11T00:11:49.854723+00:00,BTC-30OCT26-82000-C,83215.87,BTC-30OCT26,call,82000.0,2026-10-30T08:00:00+00:00,0.052909287945756334,0.038,0.039,0.03842933,0.0385,83215.87,BTC-30OCT26,0.3358,0.59084,74.40004,1616.3,3.3,0.0010000000000000009,BTC,82951.98,10524.25
2026-10-11T00:11:49.854723+00:00,BTC-25DEC26-120000-P,83886.62,BTC-25DEC26,put,120000.0,2026-12-25T08:00:00+00:00,0.206228932025154,0.427,0.439,0.43327945,0.433,83886.62,BTC-25DEC26,0.42210000000000003,-0.96174,31.66912,35.9,0.0,0.01200000000000001,BTC,82951.98,0.0
2026-10-11T00:11:49.854723+00:00,BTC-14OCT26-82500-C,82996.9,BTC-14OCT26,call,82500.0,2026-10-14T08:00:00+00:00,0.00910367535164271,0.013,0.014,0.01359684,0.0135,82996.9,BTC-14OCT26,0.2721,0.59698,30.6582,0.0,0.0,0.0010000000000000009,BTC,82951.98,0.0
2026-10-11T00:11:49.854723+00:00,BTC-30OCT26-110000-C,83215.87,BTC-30OCT26,call,110000.0,2026-10-30T08:00:00+00:00,0.052909287945756334,,0.0002,8.844e-05,,83215.87,BTC-30OCT26,0.4338,0.00302,1.76338,1352.7,30.1,,BTC,82951.98,249.4
2026-10-11T00:11:49.854723+00:00,BTC-25JUN27-70000-P,86158.09,BTC-25JUN27,put,70000.0,2027-06-25T08:00:00+00:00,0.7045177752831965,0.05,0.052,0.05095494,0.051,86158.09,BTC-25JUN27,0.4072,-0.2182,213.1844,139.5,0.0,0.001999999999999995,BTC,82951.98,0.0
2026-10-11T00:11:49.854723+00:00,BTC-25DEC26-220000-P,83886.62,BTC-25DEC26,put,220000.0,2026-12-25T08:00:00+00:00,0.206228932025154,1.6115,1.6335,1.62277829,1.6225,83886.62,BTC-25DEC26,0.6889,-0.99828,2.1121,0.0,0.0,0.02200000000000002,BTC,82951.98,0.0
2026-10-11T00:11:49.854723+00:00,BTC-26MAR27-65000-C,84972.83,BTC-26MAR27,call,65000.0,2027-03-26T08:00:00+00:00,0.4553733536541752,0.2535,0.262,0.25847935,0.25775,84972.83,BTC-26MAR27,0.42450000000000004,0.85952,127.96965,229.7,0.0,0.008500000000000008,BTC,82951.98,0.0
2026-10-11T00:11:49.854723+00:00,BTC-26MAR27-130000-C,84972.83,BTC-26MAR27,call,130000.0,2027-03-26T08:00:00+00:00,0.4553733536541752,0.009,0.0095,0.00937543,0.00925,84972.83,BTC-26MAR27,0.4121,0.08231,87.12483,1232.8,0.0,0.0005000000000000004,BTC,82951.98,0.0
2026-10-11T00:11:49.854723+00:00,BTC-25JUN27-180000-C,86158.07,BTC-25JUN27,call,180000.0,2027-06-25T08:00:00+00:00,0.7045177752831965,0.0055,0.0065,0.00586506,0.006,86158.07,BTC-25JUN27,0.4587,0.04267,65.68867,66.7,0.0,0.001,BTC,82951.98,0.0
2026-10-11T00:11:49.854723+00:00,BTC-11OCT26-82500-P,82946.49,BTC-11OCT26,put,82500.0,2026-10-11T08:00:00+00:00,0.0008901229902464066,0.0003,0.0005,0.00037187,0.0004,82946.49,BTC-11OCT26,0.16949999999999998,-0.14172,5.54314,114.9,12.0,0.00020000000000000004,BTC,82951.98,1460.94
2026-10-11T00:11:49.854723+00:00,BTC-30OCT26-77000-P,83215.87,BTC-30OCT26,put,77000.0,2026-10-30T08:00:00+00:00,0.052909287945756334,0.008,0.0085,0.00820582,0.00825,83215.87,BTC-30OCT26,0.37270000000000003,-0.17152,48.73177,1261.9,2.1,0.0005000000000000004,BTC,82951.98,1479.8
2026-10-11T00:11:49.854723+00:00,BTC-14OCT26-85500-C,82996.9,BTC-14OCT26,call,85500.0,2026-10-14T08:00:00+00:00,0.00910367535164271,0.0015,0.0019,0.00170432,0.0017,82996.9,BTC-14OCT26,0.27449999999999997,0.13112,16.85423,2.2,2.2,0.00039999999999999996,BTC,82951.98,274.61
2026-10-11T00:11:49.854723+00:00,BTC-27NOV26-60000-P,83555.37,BTC-27NOV26,put,60000.0,2026-11-27T08:00:00+00:00,0.12956910998545518,0.0027,0.0032,0.0029345,0.00295,83555.37,BTC-27NOV26,0.5384,-0.03552,23.53175,263.3,1.0,0.0005,BTC,82951.98,232.32
2026-10-11T00:11:49.854723+00:00,BTC-24SEP27-114000-C,87264.62,BTC-24SEP27,call,114000.0,2027-09-24T08:00:00+00:00,0.9536621969122177,0.0615,0.064,0.06282106,0.06275,87264.62,BTC-24SEP27,0.39409999999999995,0.3079,299.85743,0.0,0.0,0.0025000000000000022,BTC,82951.98,0.0
2026-10-11T00:11:49.854723+00:00,BTC-24SEP27-78000-C,87263.12,BTC-24SEP27,call,78000.0,2027-09-24T08:00:00+00:00,0.9536621969122177,0.2035,0.207,0.20496175,0.20525,87263.12,BTC-24SEP27,0.39799999999999996,0.68549,302.63318,17.2,0.0,0.003500000000000003,BTC,82951.98,0.0
2026-10-11T00:11:49.854723+00:00,BTC-14OCT26-90000-C,82996.9,BTC-14OCT26,call,90000.0,2026-10-14T08:00:00+00:00,0.00910367535164271,,0.0002,8.497e-05,,82996.9,BTC-14OCT26,0.34869999999999995,0.00781,1.7002,1.0,1.0,,BTC,82951.98,8.3
2026-10-11T00:11:49.854723+00:00,BTC-14OCT26-83000-P,82996.96,BTC-14OCT26,put,83000.0,2026-10-14T08:00:00+00:00,0.00910367535164271,0.0095,0.011,0.01020302,0.01025,82996.96,BTC-14OCT26,0.2675,-0.49519,31.59424,1.0,1.0,0.0014999999999999996,BTC,82951.98,993.08
2026-10-11T00:11:49.854723+00:00,BTC-26MAR27-84000-C,84972.83,BTC-26MAR27,call,84000.0,2027-03-26T08:00:00+00:00,0.4553733536541752,0.107,0.1085,0.10783507,0.10775,84972.83,BTC-26MAR27,0.3821,0.56889,225.41167,331.3,0.1,0.0015000000000000013,BTC,82951.98,896.01
2026-10-11T00:11:49.854723+00:00,BTC-16OCT26-90000-P,83024.57,BTC-16OCT26,put,90000.0,2026-10-16T08:00:00+00:00,0.014579376925906912,0.081,0.0875,0.08443354,0.08425,83024.57,BTC-16OCT26,0.3398,-0.97416,6.0247,3.1,0.0,0.006499999999999992,BTC,82951.98,0.0
2026-10-11T00:11:49.854723+00:00,BTC-25JUN27-160000-C,86158.09,BTC-25JUN27,call,160000.0,2027-06-25T08:00:00+00:00,0.7045177752831965,0.0085,0.01,0.00924907,0.00925,86158.09,BTC-25JUN27,0.4363,0.06596,92.7763,703.6,0.0,0.0014999999999999996,BTC,82951.98,0.0
2026-10-11T00:11:49.854723+00:00,BTC-25JUN27-170000-P,86158.09,BTC-25JUN27,put,170000.0,2027-06-25T08:00:00+00:00,0.7045177752831965,0.9685,0.9945,0.98039527,0.9815,86158.09,BTC-25JUN27,0.4472,-0.94767,77.36561,15.2,0.0,0.026000000000000023,BTC,82951.98,0.0
2026-10-11T00:11:49.854723+00:00,BTC-13OCT26-74000-P,82970.5,BTC-13OCT26,put,74000.0,2026-10-13T08:00:00+00:00,0.006365824564510609,,0.0002,0.00014068,,82970.5,BTC-13OCT26,0.6075,-0.00853,1.53452,8.4,0.4,,BTC,82951.98,8.29
2026-10-11T00:11:49.854723+00:00,BTC-14OCT26-84500-C,82996.96,BTC-14OCT26,call,84500.0,2026-10-14T08:00:00+00:00,0.00910367535164271,0.0033,0.0038,0.00359384,0.00355,82996.96,BTC-14OCT26,0.2652,0.24316,24.79681,0.9,0.9,0.0005,BTC,82951.98,268.24
2026-10-11T00:11:49.854723+00:00,BTC-27NOV26-74000-P,83555.37,BTC-27NOV26,put,74000.0,2026-11-27T08:00:00+00:00,0.12956910998545518,0.0145,0.015,0.01470424,0.01475,83555.37,BTC-27NOV26,0.3962,-0.17803,78.4056,117.8,0.1,0.0004999999999999987,BTC,82951.98,124.18
2026-10-11T00:11:49.854723+00:00,BTC-25DEC26-230000-C,83886.62,BTC-25DEC26,call,230000.0,2026-12-25T08:00:00+00:00,0.206228932025154,0.0001,0.0002,0.00014357,0.00015,83886.62,BTC-25DEC26,0.7167,0.00167,2.04749,191.0,0.0,0.0001,BTC,82951.98,0.0
2026-10-11T00:11:49.854723+00:00,BTC-11OCT26-78000-P,82946.44,BTC-11OCT26,put,78000.0,2026-10-11T08:00:00+00:00,0.0008901229902464066,,0.0001,5e-08,,82946.44,BTC-11OCT26,0.49310000000000004,-1e-05,0.00148,96.0,3.1,,BTC,82951.98,25.63
2026-10-11T00:11:49.854723+00:00,BTC-24SEP27-98000-C,87264.62,BTC-24SEP27,call,98000.0,2027-09-24T08:00:00+00:00,0.9536621969122177,0.1045,0.1075,0.10611864,0.106,87264.62,BTC-24SEP27,0.39,0.45456,337.88277,0.6,0.0,0.0030000000000000027,BTC,82951.88,0.0
2026-10-11T00:11:49.854723+00:00,BTC-13OCT26-79000-P,82972.23,BTC-13OCT26,put,79000.0,2026-10-13T08:00:00+00:00,0.006365824564510609,0.0006,0.0007,0.00064283,0.00065,82972.23,BTC-13OCT26,0.37770000000000004,-0.05024,6.85482,9.8,3.9,0.00010000000000000005,BTC,82951.88,215.23
2026-10-11T00:11:49.854723+00:00,BTC-27NOV26-95000-P,83555.37,BTC-27NOV26,put,95000.0,2026-11-27T08:00:00+00:00,0.12956910998545518,0.145,0.154,0.1493629,0.1495,83555.37,BTC-27NOV26,0.36719999999999997,-0.81703,79.76413,0.1,0.0,0.009000000000000008,BTC,82951.88,0.0
2026-10-11T00:11:49.854723+00:00,BTC-25JUN27-98000-C,86158.07,BTC-25JUN27,call,98000.0,2027-06-25T08:00:00+00:00,0.7045177752831965,0.078,0.08,0.07906839,0.079,86158.07,BTC-25JUN27,0.3848,0.40624,280.58779,154.7,0.1,0.0020000000000000018,BTC,82951.88,645.65
2026-10-11T00:11:49.854723+00:00,BTC-25DEC26-50000-P,83886.62,BTC-25DEC26,put,50000.0,2026-12-25T08:00:00+00:00,0.206228932025154,0.0022,0.0025,0.00243254,0.00235,83886.62,BTC-25DEC26,0.6049,-0.02168,19.75125,2222.2,0.1,0.0002999999999999999,BTC,82951.88,19.8
2026-10-11T00:11:49.854723+00:00,BTC-11OCT26-74000-C,82946.49,BTC-11OCT26,call,74000.0,2026-10-11T08:00:00+00:00,0.0008901229902464066,0.1055,0.11,0.10784158,0.10775,82946.49,BTC-11OCT26,0.67,1.0,0.0,0.0,0.0,0.004500000000000004,BTC,82951.88,0.0
2026-10-11T00:11:49.854723+00:00,BTC-16OCT26-70000-P,83024.57,BTC-16OCT26,put,70000.0,2026-10-16T08:00:00+00:00,0.014579376925906912,0.0002,0.0003,0.00024317,0.00025,83024.57,BTC-16OCT26,0.6122,-0.00953,2.56345,187.9,6.7,9.999999999999996e-05,BTC,82951.88,141.52
2026-10-11T00:11:49.854723+00:00,BTC-24SEP27-60000-P,87263.12,BTC-24SEP27,put,60000.0,2027-09-24T08:00:00+00:00,0.9536621969122177,0.034,0.036,0.03497187,0.035,87263.12,BTC-24SEP27,0.42969999999999997,-0.13517,185.24572,22.0,0.0,0.001999999999999995,BTC,82951.68,0.0
2026-10-11T00:11:49.854723+00:00,BTC-13OCT26-92000-P,82970.5,BTC-13OCT26,put,92000.0,2026-10-13T08:00:00+00:00,0.006365824564510609,0.107,0.112,0.10885775,0.1095,82970.5,BTC-13OCT26,0.40759999999999996,-0.9992,0.18059,0.0,0.0,0.0050000000000000044,BTC,82951.68,0.0
2026-10-11T00:11:49.854723+00:00,BTC-25DEC26-54000-P,83885.17,BTC-25DEC26,put,54000.0,2026-12-25T08:00:00+00:00,0.206228932025154,0.003,0.0033,0.00331678,0.00315,83885.17,BTC-25DEC26,0.5563,-0.03073,26.4537,1950.1,40.8,0.0002999999999999999,BTC,82951.68,10544.35
2026-10-11T00:11:49.854723+00:00,BTC-25DEC26-92000-P,83886.62,BTC-25DEC26,put,92000.0,2026-12-25T08:00:00+00:00,0.206228932025154,0.123,0.133,0.12861763,0.128,83886.62,BTC-25DEC26,0.36829999999999996,-0.68006,136.26658,23.4,0.0,0.010000000000000009,BTC,82951.68,0.0
2026-10-11T00:11:49.854723+00:00,BTC-26MAR27-78000-P,84972.83,BTC-26MAR27,put,78000.0,2027-03-26T08:00:00+00:00,0.4553733536541752,0.0635,0.065,0.06414391,0.06425,84972.83,BTC-26MAR27,0.38789999999999997,-0.32356,206.06665,462.8,7.0,0.0015000000000000013,BTC,82951.78,37572.5
2026-10-11T00:11:49.854723+00:00,BTC-27NOV26-90000-C,83555.46,BTC-27NOV26,call,90000.0,2026-11-27T08:00:00+00:00,0.12956910998545518,0.0235,0.0245,0.02397851,0.024,83555.46,BTC-27NOV26,0.3624,0.30728,105.7398,3230.6,0.9,0.0010000000000000009,BTC,82951.68,1727.8
2026-10-11T00:11:49.854723+00:00,BTC-25DEC26-108000-C,83886.62,BTC-25DEC26,call,108000.0,2026-12-25T08:00:00+00:00,0.206228932025154,0.0065,0.0075,0.00700621,0.007,83886.62,BTC-25DEC26,0.3909,0.09108,62.43353,166.1,0.4,0.001,BTC,82951.78,231.52
2026-10-11T00:11:49.854723+00:00,BTC-14OCT26-89000-P,82996.9,BTC-14OCT26,put,89000.0,2026-10-14T08:00:00+00:00,0.00910367535164271,0.0705,0.0755,0.07249605,0.073,82996.9,BTC-14OCT26,0.3345,-0.98482,3.0294,0.0,0.0,0.0050000000000000044,BTC,82951.78,0.0
2026-10-11T00:11:49.854723+00:00,BTC-25DEC26-60000-P,83886.62,BTC-25DEC26,put,60000.0,2026-12-25T08:00:00+00:00,0.206228932025154,0.005,0.006,0.00547268,0.0055,83886.62,BTC-25DEC26,0.491,-0.05328,41.34156,6688.4,15.0,0.001,BTC,82951.78,6828.6
2026-10-11T00:11:49.854723+00:00,BTC-24SEP27-106000-P,87264.62,BTC-24SEP27,put,106000.0,2027-09-24T08:00:00+00:00,0.9536621969122177,0.287,0.3055,0.29607511,0.29625,87264.62,BTC-24SEP27,0.3911,-0.62482,323.3085,0.0,0.0,0.018500000000000016,BTC,82952.33,0.0
2026-10-11T00:11:49.854723+00:00,BTC-25JUN27-58000-C,86158.07,BTC-25JUN27,call,58000.0,2027-06-25T08:00:00+00:00,0.7045177752831965,0.3475,0.3505,0.34902127,0.349,86158.07,BTC-25JUN27,0.4429,0.89434,132.13988,13.8,0.0,0.0030000000000000027,BTC,82951.78,0.0
2026-10-11T00:11:49.854723+00:00,BTC-25DEC26-250000-P,83886.62,BTC-25DEC26,put,250000.0,2026-12-25T08:00:00+00:00,0.206228932025154,1.965,1.993,1.98037609,1.979,83886.62,BTC-25DEC26,0.7521,-0.99876,1.56463,10.0,0.0,0.028000000000000025,BTC,82952.33,0.0
2026-10-11T00:11:49.854723+00:00,BTC-13OCT26-87000-C,82970.5,BTC-13OCT26,call,87000.0,2026-10-13T08:00:00+00:00,0.006365824564510609,0.0002,0.0004,0.00029266,0.0003,82970.5,BTC-13OCT26,0.3147,0.03044,4.55963,7.2,1.3,0.0002,BTC,82952.33,23.16
2026-10-11T00:11:49.854723+00:00,BTC-26MAR27-190000-P,84972.83,BTC-26MAR27,put,190000.0,2027-03-26T08:00:00+00:00,0.4553733536541752,1.226,1.25,1.23784045,1.238,84972.83,BTC-26MAR27,0.5133,-0.9842,22.71568,0.9,0.0,0.02400000000000002,BTC,82952.33,0.0
2026-10-11T00:11:49.854723+00:00,BTC-14OCT26-76000-P,82996.96,BTC-14OCT26,put,76000.0,2026-10-14T08:00:00+00:00,0.00910367535164271,0.0004,0.0006,0.00047597,0.0005,82996.96,BTC-14OCT26,0.4833,-0.02679,4.90479,8.0,8.0,0.00019999999999999993,BTC,82952.33,314.69
2026-10-11T00:11:49.854723+00:00,BTC-25DEC26-160000-C,83886.62,BTC-25DEC26,call,160000.0,2026-12-25T08:00:00+00:00,0.206228932025154,0.0003,0.0004,0.00037905,0.00035,83886.62,BTC-25DEC26,0.5311,0.00529,5.79775,1393.6,0.0,0.00010000000000000005,BTC,82952.08,0.0
2026-10-11T00:11:49.854723+00:00,BTC-27NOV26-82000-C,83555.46,BTC-27NOV26,call,82000.0,2026-11-27T08:00:00+00:00,0.12956910998545518,0.0615,0.0625,0.0620856,0.062,83555.46,BTC-27NOV26,0.3674,0.58264,117.4494,114.9,6.6,0.0010000000000000009,BTC,82952.33,34233.44
2026-10-11T00:11:49.854723+00:00,BTC-25DEC26-88000-P,83886.62,BTC-25DEC26,put,88000.0,2026-12-25T08:00:00+00:00,0.206228932025154,0.095,0.096,0.09552346,0.0955,83886.62,BTC-25DEC26,0.3678,-0.58038,148.93122,153.8,0.0,0.0010000000000000009,BTC,82952.08,0.0
2026-10-11T00:11:49.854723+00:00,BTC-13OCT26-89000-P,82970.5,BTC-13OCT26,put,89000.0,2026-10-13T08:00:00+00:00,0.006365824564510609,0.0695,0.0755,0.0727472,0.0725,82970.5,BTC-13OCT26,0.34909999999999997,-0.9938,1.15882,0.0,0.0,0.0059999999999999915,BTC,82952.08,0.0
2026-10-11T00:11:49.854723+00:00,BTC-25DEC26-96000-P,83885.17,BTC-25DEC26,put,96000.0,2026-12-25T08:00:00+00:00,0.206228932025154,0.1605,0.171,0.16597331,0.16575,83885.17,BTC-25DEC26,0.37060000000000004,-0.76341,117.54316,51.0,0.0,0.01050000000000001,BTC,82952.08,0.0
2026-10-11T00:11:49.854723+00:00,BTC-13OCT26-74000-C,82970.5,BTC-13OCT26,call,74000.0,2026-10-13T08:00:00+00:00,0.006365824564510609,0.106,0.1105,0.10823893,0.10825,82970.5,BTC-13OCT26,0.6075,0.99148,1.53435,0.0,0.0,0.004500000000000004,BTC,82952.08,0.0
2026-10-11T00:11:49.854723+00:00,BTC-25DEC26-90000-C,83886.62,BTC-25DEC26,call,90000.0,2026-12-25T08:00:00+00:00,0.206228932025154,0.038,0.039,0.03857991,0.0385,83886.62,BTC-25DEC26,0.3679,0.36785,143.6084,3982.3,0.0,0.0010000000000000009,BTC,82952.08,0.0
2026-10-11T00:11:49.854723+00:00,BTC-26MAR27-66000-C,84972.83,BTC-26MAR27,call,66000.0,2027-03-26T08:00:00+00:00,0.4553733536541752,0.2435,0.2525,0.2486904,0.248,84972.83,BTC-26MAR27,0.4205,0.84899,134.33808,23.9,0.0,0.009000000000000008,BTC,82952.08,0.0
2026-10-11T00:11:49.854723+00:00,BTC-25JUN27-62000-P,86158.09,BTC-25JUN27,put,62000.0,2027-06-25T08:00:00+00:00,0.7045177752831965,0.029,0.0305,0.02969756,0.02975,86158.09,BTC-25JUN27,0.4293,-0.13722,158.82771,115.8,0.0,0.0014999999999999979,BTC,82952.08,0.0
2026-10-11T00:11:49.854723+00:00,BTC-12OCT26-88000-C,82962.1,BTC-12OCT26,call,88000.0,2026-10-12T08:00:00+00:00,0.003627973777378508,,0.0001,6.31e-06,,82962.1,BTC-12OCT26,0.3207,0.00117,0.1942,94.5,0.4,,BTC,82952.08,3.31
2026-10-11T00:11:49.854723+00:00,BTC-24SEP27-118000-C,87264.62,BTC-24SEP27,call,118000.0,2027-09-24T08:00:00+00:00,0.9536621969122177,0.054,0.0565,0.0553152,0.05525,87264.62,BTC-24SEP27,0.3958,0.27852,286.22605,0.1,0.0,0.0025000000000000022,BTC,82952.08,0.0
2026-10-11T00:11:49.854723+00:00,BTC-27NOV26-89000-C,83555.46,BTC-27NOV26,call,89000.0,2026-11-27T08:00:00+00:00,0.12956910998545518,0.027,0.0275,0.02735089,0.02725,83555.46,BTC-27NOV26,0.3629,0.3382,110.02196,538.2,2.1,0.0005000000000000004,BTC,82952.08,4698.89
2026-10-11T00:11:49.854723+00:00,BTC-26MAR27-200000-P,84972.83,BTC-26MAR27,put,200000.0,2027-03-26T08:00:00+00:00,0.4553733536541752,1.3425,1.368,1.35516764,1.35525,84972.83,BTC-26MAR27,0.5249,-0.98741,18.67664,1.0,0.0,0.025500000000000078,BTC,82952.08,0.0
2026-10-11T00:11:49.854723+00:00,BTC-26MAR27-45000-C,84972.83,BTC-26MAR27,call,45000.0,2027-03-26T08:00:00+00:00,0.4553733536541752,0.474,0.4765,0.47521092,0.47525,84972.83,BTC-26MAR27,0.5517,0.97082,38.13967,4.8,0.0,0.0025000000000000022,BTC,82952.08,0.0
2026-10-11T00:11:49.854723+00:00,BTC-16OCT26-81000-P,83024.7,BTC-16OCT26,put,81000.0,2026-10-16T08:00:00+00:00,0.014579376925906912,0.006,0.0065,0.0064189,0.00625,83024.7,BTC-16OCT26,0.3295,-0.2601,32.53138,513.0,1.7,0.0004999999999999996,BTC,82952.08,1046.41
2026-10-11T00:11:49.854723+00:00,BTC-30OCT26-95000-C,83215.87,BTC-30OCT26,call,95000.0,2026-10-30T08:00:00+00:00,0.052909287945756334,0.0016,0.0018,0.00170038,0.0017,83215.87,BTC-30OCT26,0.34619999999999995,0.05232,20.47284,25030.3,13.5,0.00019999999999999987,BTC,82952.08,1931.9
2026-10-11T00:11:49.854723+00:00,BTC-26MAR27-160000-C,84972.83,BTC-26MAR27,call,160000.0,2027-03-26T08:00:00+00:00,0.4553733536541752,0.003,0.0036,0.00330574,0.0033,84972.83,BTC-26MAR27,0.46159999999999995,0.03034,39.39868,1034.7,0.0,0.0005999999999999998,BTC,82952.08,0.0
2026-10-11T00:11:49.854723+00:00,BTC-23OCT26-96000-C,83119.68,BTC-23OCT26,call,96000.0,2026-10-23T08:00:00+00:00,0.03374433243583162,0.0003,0.0005,0.00039681,0.0004,83119.68,BTC-23OCT26,0.3636,0.01688,6.39893,27.1,5.6,0.00020000000000000004,BTC,82952.08,185.77
2026-10-11T00:11:49.854723+00:00,BTC-30OCT26-50000-C,83215.87,BTC-30OCT26,call,50000.0,2026-10-30T08:00:00+00:00,0.052909287945756334,0.3975,0.401,0.39917545,0.39925,83215.87,BTC-30OCT26,0.7332,0.99905,0.61782,1.1,0.0,0.003500000000000003,BTC,82952.08,0.0
2026-10-11T00:11:49.854723+00:00,BTC-14OCT26-85000-C,82996.9,BTC-14OCT26,call,85000.0,2026-10-14T08:00:00+00:00,0.00910367535164271,0.0022,0.0027,0.00246092,0.00245,82996.9,BTC-14OCT26,0.2685,0.17938,20.73755,1.2,1.2,0.0005,BTC,82952.08,228.33
2026-10-11T00:11:49.854723+00:00,BTC-11OCT26-83500-P,82946.49,BTC-11OCT26,put,83500.0,2026-10-11T08:00:00+00:00,0.0008901229902464066,0.0055,0.009,0.00707209,0.00725,82946.49,BTC-11OCT26,0.1973,-0.86946,5.23986,24.9,0.1,0.0034999999999999996,BTC,82952.08,53.96
2026-10-11T00:11:49.854723+00:00,BTC-13OCT26-89000-C,82970.5,BTC-13OCT26,call,89000.0,2026-10-13T08:00:00+00:00,0.006365824564510609,,0.0002,5.456e-05,,82970.5,BTC-13OCT26,0.34909999999999997,0.0062,1.15882,1.8,0.4,,BTC,82952.08,3.3
2026-10-11T00:11:49.854723+00:00,BTC-25DEC26-66000-P,83886.62,BTC-25DEC26,put,66000.0,2026-12-25T08:00:00+00:00,0.206228932025154,0.0095,0.01,0.00972044,0.00975,83886.62,BTC-25DEC26,0.4374,-0.09579,64.80071,401.4,0.0,0.0005000000000000004,BTC,82952.08,0.0
2026-10-11T00:11:49.854723+00:00,BTC-30OCT26-96000-C,83215.87,BTC-30OCT26,call,96000.0,2026-10-30T08:00:00+00:00,0.052909287945756334,0.0013,0.0014,0.00130689,0.00135,83215.87,BTC-30OCT26,0.3497,0.04126,16.92088,1850.8,0.8,0.00010000000000000005,BTC,82952.08,89.31
2026-10-11T00:11:49.854723+00:00,BTC-16OCT26-84000-P,83024.7,BTC-16OCT26,put,84000.0,2026-10-16T08:00:00+00:00,0.014579376925906912,0.0205,0.022,0.02136019,0.02125,83024.7,BTC-16OCT26,0.304,-0.61753,38.25374,267.5,2.0,0.0014999999999999979,BTC,82952.08,3848.12
2026-10-11T00:11:49.854723+00:00,BTC-23OCT26-80000-P,83119.57,BTC-23OCT26,put,80000.0,2026-10-23T08:00:00+00:00,0.03374433243583162,0.0095,0.0105,0.00999884,0.01,83119.57,BTC-23OCT26,0.33770000000000006,-0.2586,49.40324,809.8,2.8,0.0010000000000000009,BTC,82952.08,2570.05
2026-10-11T00:11:49.854723+00:00,BTC-26MAR27-92000-P,84972.83,BTC-26MAR27,put,92000.0,2027-03-26T08:00:00+00:00,0.4553733536541752,0.152,0.1535,0.15255278,0.15275,84972.83,BTC-26MAR27,0.3795,-0.57229,225.06298,20.9,0.0,0.0015000000000000013,BTC,82951.93,0.0
2026-10-11T00:11:49.854723+00:00,BTC-25DEC26-190000-P,83886.62,BTC-25DEC26,put,190000.0,2026-12-25T08:00:00+00:00,0.206228932025154,1.2555,1.275,1.26518242,1.26525,83886.62,BTC-25DEC26,0.6075,-0.99763,2.81545,0.0,0.0,0.01949999999999985,BTC,82951.93,0.0
2026-10-11T00:11:49.854723+00:00,BTC-27NOV26-64000-P,83555.46,BTC-27NOV26,put,64000.0,2026-11-27T08:00:00+00:00,0.12956910998545518,0.0041,0.0046,0.004381,0.00435,83555.46,BTC-27NOV26,0.48950000000000005,-0.05461,33.28296,58.6,0.5,0.0004999999999999996,BTC,82951.93,173.66
2026-10-11T00:11:49.854723+00:00,BTC-25DEC26-35000-C,83886.62,BTC-25DEC26,call,35000.0,2026-12-25T08:00:00+00:00,0.206228932025154,0.5825,0.5845,0.58355413,0.5835,83886.62,BTC-25DEC26,0.8245999999999999,0.99414,6.34255,87.9,0.0,0.0020000000000000018,BTC,82952.03,0.0
2026-10-11T00:11:49.854723+00:00,BTC-25DEC26-160000-P,83886.62,BTC-25DEC26,put,160000.0,2026-12-25T08:00:00+00:00,0.206228932025154,0.9,0.916,0.90774974,0.908,83886.62,BTC-25DEC26,0.5311,-0.99471,5.79743,0.1,0.0,0.016000000000000014,BTC,82952.03,0.0
2026-10-11T00:11:49.854723+00:00,BTC-27NOV26-89000-P,83555.46,BTC-27NOV26,put,89000.0,2026-11-27T08:00:00+00:00,0.12956910998545518,0.091,0.0935,0.09251168,0.09225,83555.46,BTC-27NOV26,0.3629,-0.66181,110.02041,48.6,0.0,0.0025000000000000022,BTC,82951.93,0.0
2026-10-11T00:11:49.854723+00:00,BTC-25DEC26-120000-C,83886.62,BTC-25DEC26,call,120000.0,2026-12-25T08:00:00+00:00,0.206228932025154,0.0025,0.003,0.00275144,0.00275,83886.62,BTC-25DEC26,0.42210000000000003,0.03825,31.6657,5956.0,0.0,0.0005,BTC,82952.03,0.0
2026-10-11T00:11:49.854723+00:00,BTC-11OCT26-90000-P,82946.49,BTC-11OCT26,put,90000.0,2026-10-11T08:00:00+00:00,0.0008901229902464066,0.083,0.088,0.08505754,0.0855,82946.49,BTC-11OCT26,0.4526,-1.0,0.0,0.0,0.0,0.0049999999999999906,BTC,82952.03,0.0
2026-10-11T00:11:49.854723+00:00,BTC-26MAR27-72000-P,84971.51,BTC-26MAR27,put,72000.0,2027-03-26T08:00:00+00:00,0.4553733536541752,0.04,0.0415,0.04078013,0.04075,84971.51,BTC-26MAR27,0.3998,-0.22701,172.8959,599.8,0.0,0.0015000000000000013,BTC,82951.89,0.0
2026-10-11T00:11:49.854723+00:00,BTC-12OCT26-73000-C,82962.1,BTC-12OCT26,call,73000.0,2026-10-12T08:00:00+00:00,0.003627973777378508,0.118,0.1225,0.12006687,0.12025,82962.1,BTC-12OCT26,0.6065999999999999,0.99978,0.04062,0.0,0.0,0.004500000000000004,BTC,82952.03,0.0
2026-10-11T00:11:49.854723+00:00,BTC-24SEP27-65000-C,87263.12,BTC-24SEP27,call,65000.0,2027-09-24T08:00:00+00:00,0.9536621969122177,0.3015,0.3055,0.30295602,0.3035,87263.12,BTC-24SEP27,0.4174,0.82288,221.43403,2.1,0.0,0.0040000000000000036,BTC,82951.89,0.0
2026-10-11T00:11:49.854723+00:00,BTC-25DEC26-150000-C,83886.62,BTC-25DEC26,call,150000.0,2026-12-25T08:00:00+00:00,0.206228932025154,0.0004,0.0007,0.00053656,0.00055,83886.62,BTC-25DEC26,0.5035000000000001,0.00762,7.99897,1771.7,0.0,0.0003,BTC,82951.89,0.0
2026-10-11T00:11:49.854723+00:00,BTC-24SEP27-88000-P,87264.62,BTC-24SEP27,put,88000.0,2027-09-24T08:00:00+00:00,0.9536621969122177,0.1555,0.1585,0.1565793,0.157,87264.62,BTC-24SEP27,0.39149999999999996,-0.43279,335.25343,1.3,0.0,0.0030000000000000027,BTC,82951.89,0.0
2026-10-11T00:11:49.854723+00:00,BTC-30OCT26-58000-P,83215.87,BTC-30OCT26,put,58000.0,2026-10-30T08:00:00+00:00,0.052909287945756334,0.0002,0.0004,0.00028613,0.0003,83215.87,BTC-30OCT26,0.6401,-0.00579,3.15666,355.6,0.0,0.0002,BTC,82952.03,0.0
2026-10-11T00:11:49.854723+00:00,BTC-25JUN27-190000-C,86158.07,BTC-25JUN27,call,190000.0,2027-06-25T08:00:00+00:00,0.7045177752831965,0.0044,0.0055,0.00493949,0.00495,86158.07,BTC-25JUN27,0.4714,0.0359,57.07028,67.0,0.0,0.0010999999999999994,BTC,82951.89,0.0
2026-10-11T00:11:49.854723+00:00,BTC-26MAR27-58000-P,84972.83,BTC-26MAR27,put,58000.0,2027-03-26T08:00:00+00:00,0.4553733536541752,0.013,0.014,0.01347228,0.0135,84972.83,BTC-26MAR27,0.4604,-0.0832,87.83568,150.9,0.0,0.0010000000000000009,BTC,82951.29,0.0
2026-10-11T00:11:49.854723+00:00,BTC-12OCT26-87000-P,82962.1,BTC-12OCT26,put,87000.0,2026-10-12T08:00:00+00:00,0.003627973777378508,0.046,0.052,0.0487248,0.049,82962.1,BTC-12OCT26,0.31170000000000003,-0.99417,0.82769,0.0,0.0,0.005999999999999998,BTC,82951.89,0.0
2026-10-11T00:11:49.854723+00:00,BTC-11OCT26-89000-C,82946.44,BTC-11OCT26,call,89000.0,2026-10-11T08:00:00+00:00,0.0008901229902464066,,0.0001,0.0,,82946.44,BTC-11OCT26,0.3971,0.0,0.0,24.9,0.0,,BTC,82951.29,0.0
2026-10-11T00:11:49.854723+00:00,BTC-13OCT26-90000-C,82970.5,BTC-13OCT26,call,90000.0,2026-10-13T08:00:00+00:00,0.006365824564510609,,0.0002,2.622e-05,,82970.5,BTC-13OCT26,0.3686,0.003,0.60604,2.8,0.0,,BTC,82951.29,0.0
2026-10-11T00:11:49.854723+00:00,BTC-16OCT26-88000-C,83024.57,BTC-16OCT26,call,88000.0,2026-10-16T08:00:00+00:00,0.014579376925906912,0.001,0.0012,0.00109005,0.0011,83024.57,BTC-16OCT26,0.31620000000000004,0.06617,12.8911,263.1,11.4,0.00019999999999999987,BTC,82951.29,1247.88
2026-10-11T00:11:49.854723+00:00,BTC-13OCT26-81000-P,82972.23,BTC-13OCT26,put,81000.0,2026-10-13T08:00:00+00:00,0.006365824564510609,0.0017,0.0018,0.00179984,0.00175,82972.23,BTC-13OCT26,0.2915,-0.14752,15.26533,32.3,12.0,0.00010000000000000005,BTC,82951.29,2273.26
2026-10-11T00:11:49.854723+00:00,BTC-27NOV26-96000-C,83555.37,BTC-27NOV26,call,96000.0,2026-11-27T08:00:00+00:00,0.12956910998545518,0.0105,0.011,0.01078955,0.01075,83555.37,BTC-27NOV26,0.36810000000000004,0.16337,74.20856,363.7,0.0,0.0004999999999999987,BTC,82951.29,0.0
2026-10-11T00:11:49.854723+00:00,BTC-25JUN27-100000-C,86158.07,BTC-25JUN27,call,100000.0,2027-06-25T08:00:00+00:00,0.7045177752831965,0.0715,0.0735,0.07259843,0.0725,86158.07,BTC-25JUN27,0.3847,0.38208,275.89134,162.7,0.0,0.0020000000000000018,BTC,82951.29,0.0
2026-10-11T00:11:49.854723+00:00,BTC-27NOV26-72000-P,83555.37,BTC-27NOV26,put,72000.0,2026-11-27T08:00:00+00:00,0.12956910998545518,0.011,0.0115,0.0112135,0.01125,83555.37,BTC-27NOV26,0.40990000000000004,-0.13955,66.82223,128.4,0.0,0.0005000000000000004,BTC,82951.54,0.0
2026-10-11T00:11:49.854723+00:00,BTC-25DEC26-66000-C,83886.62,BTC-25DEC26,call,66000.0,2026-12-25T08:00:00+00:00,0.206228932025154,0.2195,0.227,0.22293003,0.22325,83886.62,BTC-25DEC26,0.4374,0.9042,64.80562,267.2,0.0,0.007500000000000007,BTC,82951.54,0.0
2026-10-11T00:11:49.854723+00:00,BTC-23OCT26-105000-C,83119.57,BTC-23OCT26,call,105000.0,2026-10-23T08:00:00+00:00,0.03374433243583162,,0.0001,6.472e-05,,83119.57,BTC-23OCT26,0.45,0.00268,1.26148,59.7,0.0,,BTC,82951.54,0.0
2026-10-11T00:11:49.854723+00:00,BTC-25DEC26-102000-C,83886.62,BTC-25DEC26,call,102000.0,2026-12-25T08:00:00+00:00,0.206228932025154,0.0115,0.012,0.01202556,0.01175,83886.62,BTC-25DEC26,0.3782,0.14646,87.44072,544.7,0.2,0.0005000000000000004,BTC,82951.1,199.02
2026-10-11T00:11:49.854723+00:00,BTC-23OCT26-70000-P,83119.68,BTC-23OCT26,put,70000.0,2026-10-23T08:00:00+00:00,0.03374433243583162,0.001,0.0011,0.00104067,0.00105,83119.68,BTC-23OCT26,0.5028,-0.0284,9.92926,420.8,3.2,0.00010000000000000005,BTC,82951.54,274.17
2026-10-11T00:11:49.854723+00:00,BTC-26MAR27-104000-C,84972.83,BTC-26MAR27,call,104000.0,2027-03-26T08:00:00+00:00,0.4553733536541752,0.0345,0.036,0.03530523,0.03525,84972.83,BTC-26MAR27,0.3829,0.25692,184.90844,136.7,0.0,0.0014999999999999944,BTC,82951.1,0.0
2026-10-11T00:11:49.854723+00:00,BTC-23OCT26-95000-C,83119.68,BTC-23OCT26,call,95000.0,2026-10-23T08:00:00+00:00,0.03374433243583162,0.0005,0.0006,0.00054402,0.00055,83119.68,BTC-23OCT26,0.3575,0.02268,8.22435,36.4,1.0,9.999999999999994e-05,BTC,82951.1,41.5
2026-10-11T00:11:49.854723+00:00,BTC-27NOV26-66000-P,83555.46,BTC-27NOV26,put,66000.0,2026-11-27T08:00:00+00:00,0.12956910998545518,0.005,0.0055,0.00535962,0.00525,83555.46,BTC-27NOV26,0.4654,-0.06793,39.47518,201.6,0.1,0.0004999999999999996,BTC,82951.1,41.31
2026-10-11T00:11:49.854723+00:00,BTC-11OCT26-87000-P,82946.49,BTC-11OCT26,put,87000.0,2026-10-11T08:00:00+00:00,0.0008901229902464066,0.0465,0.052,0.04888896,0.04925,82946.49,BTC-11OCT26,0.35350000000000004,-1.0,0.00035,0.0,0.0,0.005499999999999998,BTC,82951.1,0.0
2026-10-11T00:11:49.854723+00:00,BTC-30OCT26-84000-C,83215.87,BTC-30OCT26,call,84000.0,2026-10-30T08:00:00+00:00,0.052909287945756334,0.025,0.026,0.02561762,0.0255,83215.87,BTC-30OCT26,0.32659999999999995,0.46531,76.09849,1399.8,3.2,0.0009999999999999974,BTC,82951.1,6579.38
2026-10-11T00:11:49.854723+00:00,BTC-25DEC26-170000-C,83885.17,BTC-25DEC26,call,170000.0,2026-12-25T08:00:00+00:00,0.206228932025154,0.0002,0.0004,0.00025665,0.0003,83885.17,BTC-25DEC26,0.5523,0.00357,4.08062,2018.6,5.0,0.0002,BTC,82951.15,124.07
2026-10-11T00:11:49.854723+00:00,BTC-27NOV26-112000-P,83555.46,BTC-27NOV26,put,112000.0,2026-11-27T08:00:00+00:00,0.12956910998545518,0.3375,0.347,0.34204326,0.34225,83555.46,BTC-27NOV26,0.41450000000000004,-0.97024,20.33762,0.0,0.0,0.009499999999999953,BTC,82951.15,0.0
2026-10-11T00:11:49.854723+00:00,BTC-30OCT26-85000-P,83215.87,BTC-30OCT26,put,85000.0,2026-10-30T08:00:00+00:00,0.052909287945756334,0.0415,0.0425,0.04207887,0.042,83215.87,BTC-30OCT26,0.3248,-0.59733,74.10295,890.2,0.0,0.0010000000000000009,BTC,82951.1,0.0
2026-10-11T00:11:49.854723+00:00,BTC-26MAR27-130000-P,84972.83,BTC-26MAR27,put,130000.0,2027-03-26T08:00:00+00:00,0.4553733536541752,0.5315,0.5475,0.53932934,0.5395,84972.83,BTC-26MAR27,0.4121,-0.9177,87.11561,0.5,0.0,0.016000000000000014,BTC,82951.15,0.0
2026-10-11T00:11:49.854723+00:00,BTC-27NOV26-58000-P,83555.37,BTC-27NOV26,put,58000.0,2026-11-27T08:00:00+00:00,0.12956910998545518,0.0022,0.0027,0.00242697,0.00245,83555.37,BTC-27NOV26,0.5643,-0.02884,19.81541,328.2,26.5,0.0005,BTC,82951.15,5059.48
2026-10-11T00:11:49.854723+00:00,BTC-11OCT26-79500-P,82946.49,BTC-11OCT26,put,79500.0,2026-10-11T08:00:00+00:00,0.0008901229902464066,,0.0001,3.3e-06,,82946.49,BTC-11OCT26,0.45549999999999996,-0.00086,0.07217,65.3,2.2,,BTC,82950.56,18.19
2026-10-11T00:11:49.854723+00:00,BTC-26MAR27-80000-P,84972.83,BTC-26MAR27,put,80000.0,2027-03-26T08:00:00+00:00,0.4553733536541752,0.073,0.0745,0.07387596,0.07375,84972.83,BTC-26MAR27,0.38530000000000003,-0.35874,214.32853,423.2,0.0,0.0015000000000000013,BTC,82950.56,0.0
2026-10-11T00:11:49.854723+00:00,BTC-27NOV26-86000-P,83555.46,BTC-27NOV26,put,86000.0,2026-11-27T08:00:00+00:00,0.12956910998545518,0.0685,0.0695,0.06881318,0.069,83555.46,BTC-27NOV26,0.3632,-0.5615,118.60378,317.4,0.2,0.0010000000000000009,BTC,82950.56,1174.62
2026-10-11T00:11:49.854723+00:00,BTC-30OCT26-52000-C,83215.87,BTC-30OCT26,call,52000.0,2026-10-30T08:00:00+00:00,0.052909287945756334,0.3735,0.3765,0.37516265,0.375,83215.87,BTC-30OCT26,0.7040000000000001,0.99858,0.89069,0.1,0.0,0.0030000000000000027,BTC,82951.15,0.0
2026-10-11T00:11:49.854723+00:00,BTC-25JUN27-180000-P,86158.09,BTC-25JUN27,put,180000.0,2027-06-25T08:00:00+00:00,0.7045177752831965,1.082,1.11,1.09508836,1.096,86158.09,BTC-25JUN27,0.4587,-0.95734,65.67411,0.0,0.0,0.028000000000000025,BTC,82950.56,0.0
2026-10-11T00:11:49.854723+00:00,BTC-12OCT26-85000-P,82962.1,BTC-12OCT26,put,85000.0,2026-10-12T08:00:00+00:00,0.003627973777378508,0.0235,0.027,0.02507217,0.02525,82962.1,BTC-12OCT26,0.27,-0.9312,6.61879,9.3,2.0,0.0034999999999999996,BTC,82950.56,4308.26
2026-10-11T00:11:49.854723+00:00,BTC-30OCT26-75000-P,83215.87,BTC-30OCT26,put,75000.0,2026-10-30T08:00:00+00:00,0.052909287945756334,0.005,0.006,0.00546109,0.0055,83215.87,BTC-30OCT26,0.3957,-0.11768,37.77779,1951.6,2.0,0.001,BTC,82950.56,912.14
2026-10-11T00:11:49.854723+00:00,BTC-30OCT26-92000-C,83215.87,BTC-30OCT26,call,92000.0,2026-10-30T08:00:00+00:00,0.052909287945756334,0.0035,0.0039,0.00369461,0.0037,83215.87,BTC-30OCT26,0.3356,0.10367,34.49615,2242.5,0.4,0.00039999999999999975,BTC,82950.56,122.41
2026-10-11T00:11:49.854723+00:00,BTC-25JUN27-52000-C,86158.09,BTC-25JUN27,call,52000.0,2027-06-25T08:00:00+00:00,0.7045177752831965,0.407,0.4145,0.41115058,0.41075,86158.09,BTC-25JUN27,0.4728,0.92923,97.94296,1.1,0.0,0.007500000000000007,BTC,82950.46,0.0
2026-10-11T00:11:49.854723+00:00,BTC-26MAR27-112000-C,84972.83,BTC-26MAR27,call,112000.0,2027-03-26T08:00:00+00:00,0.4553733536541752,0.022,0.0235,0.02278152,0.02275,84972.83,BTC-26MAR27,0.39,0.17938,150.18348,99.3,0.0,0.0015000000000000013,BTC,82950.46,0.0
2026-10-11T00:11:49.854723+00:00,BTC-30OCT26-89000-P,83215.87,BTC-30OCT26,put,89000.0,2026-10-30T08:00:00+00:00,0.052909287945756334,0.074,0.0805,0.07754666,0.07725,83215.87,BTC-30OCT26,0.3285,-0.80273,53.16316,22.8,0.0,0.006500000000000006,BTC,82950.46,0.0
2026-10-11T00:11:49.854723+00:00,BTC-12OCT26-72000-P,82962.1,BTC-12OCT26,put,72000.0,2026-10-12T08:00:00+00:00,0.003627973777378508,,0.0001,1.12e-06,,82962.1,BTC-12OCT26,0.6433,-0.00012,0.02308,13.2,0.0,,BTC,82950.46,0.0
2026-10-11T00:11:49.854723+00:00,BTC-13OCT26-93000-P,82972.23,BTC-13OCT26,put,93000.0,2026-10-13T08:00:00+00:00,0.006365824564510609,0.119,0.124,0.12090994,0.1215,82972.23,BTC-13OCT26,0.44380000000000003,-0.99932,0.15621,0.0,0.0,0.0050000000000000044,BTC,82950.46,0.0
2026-10-11T00:11:49.854723+00:00,BTC-11OCT26-91000-C,82946.49,BTC-11OCT26,call,91000.0,2026-10-11T08:00:00+00:00,0.0008901229902464066,,0.0001,0.0,,82946.49,BTC-11OCT26,0.4603,0.0,0.0,2.4,0.0,,BTC,82950.27,0.0
2026-10-11T00:11:49.854723+00:00,BTC-30OCT26-65000-C,83215.87,BTC-30OCT26,call,65000.0,2026-10-30T08:00:00+00:00,0.052909287945756334,0.217,0.222,0.21990003,0.2195,83215.87,BTC-30OCT26,0.5462,0.9789,9.70168,391.9,0.0,0.0050000000000000044,BTC,82950.46,0.0
2026-10-11T00:11:49.854723+00:00,BTC-12OCT26-81500-C,82962.1,BTC-12OCT26,call,81500.0,2026-10-12T08:00:00+00:00,0.003627973777378508,0.0165,0.02,0.01837441,0.01825,82962.1,BTC-12OCT26,0.2408,0.89022,9.38034,28.7,0.0,0.0034999999999999996,BTC,82950.27,0.0
2026-10-11T00:11:49.854723+00:00,BTC-16OCT26-87000-C,83024.7,BTC-16OCT26,call,87000.0,2026-10-16T08:00:00+00:00,0.014579376925906912,0.0017,0.0021,0.00189005,0.0019,83024.7,BTC-16OCT26,0.3078,0.10786,18.58917,740.5,3.6,0.00039999999999999996,BTC,82950.27,562.8
2026-10-11T00:11:49.854723+00:00,BTC-25DEC26-76000-C,83886.62,BTC-25DEC26,call,76000.0,2026-12-25T08:00:00+00:00,0.206228932025154,0.123,0.1245,0.12388576,0.12375,83886.62,BTC-25DEC26,0.3864,0.74229,123.04128,476.7,0.0,0.0015000000000000013,BTC,82950.27,0.0
2026-10-11T00:11:49.854723+00:00,BTC-12OCT26-83000-C,82962.1,BTC-12OCT26,call,83000.0,2026-10-12T08:00:00+00:00,0.003627973777378508,0.0046,0.0055,0.00482244,0.00505,82962.1,BTC-12OCT26,0.21030000000000001,0.48732,19.92022,110.1,13.5,0.0008999999999999998,BTC,82950.27,5249.95
2026-10-11T00:11:49.854723+00:00,BTC-25JUN27-86000-P,86158.09,BTC-25JUN27,put,86000.0,2027-06-25T08:00:00+00:00,0.7045177752831965,0.1275,0.1295,0.12807869,0.1285,86158.09,BTC-25JUN27,0.3871,-0.43328,284.54108,2.0,0.0,0.0020000000000000018,BTC,82950.27,0.0
2026-10-11T00:11:49.854723+00:00,BTC-14OCT26-80500-P,82996.96,BTC-14OCT26,put,80500.0,2026-10-14T08:00:00+00:00,0.00910367535164271,0.0021,0.0025,0.00223833,0.0023,82996.96,BTC-14OCT26,0.308,-0.14622,18.15345,0.1,0.1,0.0004000000000000002,BTC,82950.27,21.56
2026-10-11T00:11:49.854723+00:00,BTC-13OCT26-88000-C,82970.5,BTC-13OCT26,call,88000.0,2026-10-13T08:00:00+00:00,0.006365824564510609,0.0001,0.0003,0.00017297,0.0002,82970.5,BTC-13OCT26,0.34740000000000004,0.01771,2.89098,50.9,50.3,0.00019999999999999998,BTC,82950.27,999.94
2026-10-11T00:11:49.854723+00:00,BTC-23OCT26-76000-C,83119.68,BTC-23OCT26,call,76000.0,2026-10-23T08:00:00+00:00,0.03374433243583162,0.0865,0.092,0.08912796,0.08925,83119.68,BTC-23OCT26,0.3906,0.90028,26.7485,0.0,0.0,0.005500000000000005,BTC,82950.27,0.0
2026-10-11T00:11:49.854723+00:00,BTC-25JUN27-92000-P,86158.09,BTC-25JUN27,put,92000.0,2027-06-25T08:00:00+00:00,0.7045177752831965,0.1675,0.1715,0.16938197,0.1695,86158.09,BTC-25JUN27,0.385,-0.51655,288.33823,0.3,0.0,0.0040000000000000036,BTC,82950.27,0.0
2026-10-11T00:11:49.854723+00:00,BTC-23OCT26-105000-P,83119.68,BTC-23OCT26,put,105000.0,2026-10-23T08:00:00+00:00,0.03374433243583162,0.2595,0.267,0.2633255,0.26325,83119.68,BTC-23OCT26,0.45,-0.99732,1.26085,0.0,0.0,0.007500000000000007,BTC,82950.27,0.0
2026-10-11T00:11:49.854723+00:00,BTC-27NOV26-70000-P,83555.46,BTC-27NOV26,put,70000.0,2026-11-27T08:00:00+00:00,0.12956910998545518,0.0085,0.009,0.00871221,0.00875,83555.46,BTC-27NOV26,0.42719999999999997,-0.10934,56.33295,247.6,0.1,0.0004999999999999987,BTC,82950.27,74.47
2026-10-11T00:11:49.854723+00:00,BTC-27NOV26-76000-C,83555.46,BTC-27NOV26,call,76000.0,2026-11-27T08:00:00+00:00,0.12956910998545518,0.1095,0.111,0.10986406,0.11025,83555.46,BTC-27NOV26,0.38539999999999996,0.77408,90.4448,27.5,0.0,0.0015000000000000013,BTC,82950.27,0.0
2026-10-11T00:11:49.854723+00:00,BTC-24SEP27-115000-P,87264.62,BTC-24SEP27,put,115000.0,2027-09-24T08:00:00+00:00,0.9536621969122177,0.369,0.389,0.37869819,0.379,87264.62,BTC-24SEP27,0.3944,-0.69979,296.48832,0.0,0.0,0.020000000000000018,BTC,82950.27,0.0
2026-10-11T00:11:49.854723+00:00,BTC-24SEP27-220000-C,87263.12,BTC-24SEP27,call,220000.0,2027-09-24T08:00:00+00:00,0.9536621969122177,0.006,0.007,0.0064957,0.0065,87263.12,BTC-24SEP27,0.478,0.04033,73.95159,42.0,0.0,0.001,BTC,82950.27,0.0
2026-10-11T00:11:49.854723+00:00,BTC-25DEC26-88000-C,83886.62,BTC-25DEC26,call,88000.0,2026-12-25T08:00:00+00:00,0.206228932025154,0.046,0.047,0.04646958,0.0465,83886.62,BTC-25DEC26,0.3678,0.41956,148.92333,4636.6,4.1,0.0010000000000000009,BTC,82950.53,15376.85
2026-10-11T00:11:49.854723+00:00,BTC-30OCT26-72000-C,83215.87,BTC-30OCT26,call,72000.0,2026-10-30T08:00:00+00:00,0.052909287945756334,0.1355,0.141,0.13787766,0.13825,83215.87,BTC-30OCT26,0.43670000000000003,0.93194,25.15878,645.1,0.0,0.005499999999999977,BTC,82950.27,0.0
2026-10-11T00:11:49.854723+00:00,BTC-25JUN27-56000-P,86158.09,BTC-25JUN27,put,56000.0,2027-06-25T08:00:00+00:00,0.7045177752831965,0.0185,0.02,0.01923291,0.01925,86158.09,BTC-25JUN27,0.4512,-0.09236,119.74309,85.6,0.0,0.0015000000000000013,BTC,82950.53,0.0
2026-10-11T00:11:49.854723+00:00,BTC-26MAR27-105000-P,84972.83,BTC-26MAR27,put,105000.0,2027-03-26T08:00:00+00:00,0.4553733536541752,0.2625,0.276,0.26910278,0.26925,84972.83,BTC-26MAR27,0.3835,-0.75432,180.5819,2.8,0.0,0.013500000000000012,BTC,82950.27,0.0
2026-10-11T00:11:49.854723+00:00,BTC-23OCT26-90000-P,83119.68,BTC-23OCT26,put,90000.0,2026-10-23T08:00:00+00:00,0.03374433243583162,0.0825,0.089,0.08546876,0.08575,83119.68,BTC-23OCT26,0.326,-0.9026,26.29096,0.3,0.0,0.006499999999999992,BTC,82950.53,0.0
2026-10-11T00:11:49.854723+00:00,BTC-30OCT26-63000-C,83214.18,BTC-30OCT26,call,63000.0,2026-10-30T08:00:00+00:00,0.052909287945756334,0.2415,0.246,0.24363108,0.24375,83214.18,BTC-30OCT26,0.5740999999999999,0.98502,7.24168,144.3,0.0,0.004500000000000004,BTC,82950.53,0.0
2026-10-11T00:11:49.854723+00:00,BTC-30OCT26-73000-P,83215.87,BTC-30OCT26,put,73000.0,2026-10-30T08:00:00+00:00,0.052909287945756334,0.0037,0.0041,0.00387809,0.0039,83215.87,BTC-30OCT26,0.4263,-0.08319,29.31757,2231.4,0.0,0.0004000000000000002,BTC,82950.53,0.0
2026-10-11T00:11:49.854723+00:00,BTC-30OCT26-93000-P,83215.87,BTC-30OCT26,put,93000.0,2026-10-30T08:00:00+00:00,0.052909287945756334,0.117,0.124,0.12045814,0.1205,83215.87,BTC-30OCT26,0.3385,-0.91735,29.17306,2.2,0.0,0.006999999999999992,BTC,82950.53,0.0
2026-10-11T00:11:49.854723+00:00,BTC-13OCT26-93000-C,82970.5,BTC-13OCT26,call,93000.0,2026-10-13T08:00:00+00:00,0.006365824564510609,,0.0001,6.39e-06,,82970.5,BTC-13OCT26,0.44380000000000003,0.00068,0.15619,0.0,0.0,,BTC,82950.53,0.0
2026-10-11T00:11:49.854723+00:00,BTC-30OCT26-56000-P,83215.87,BTC-30OCT26,put,56000.0,2026-10-30T08:00:00+00:00,0.052909287945756334,0.0001,0.0003,0.000193,0.0002,83215.87,BTC-30OCT26,0.6659999999999999,-0.00392,2.22862,487.9,0.0,0.00019999999999999998,BTC,82950.56,0.0
2026-10-11T00:11:49.854723+00:00,BTC-14OCT26-80000-C,82996.9,BTC-14OCT26,call,80000.0,2026-10-14T08:00:00+00:00,0.00910367535164271,0.0355,0.0405,0.03781088,0.038,82996.9,BTC-14OCT26,0.32189999999999996,0.88786,15.09728,0.0,0.0,0.0050000000000000044,BTC,82950.51,0.0
2026-10-11T00:11:49.854723+00:00,BTC-24SEP27-130000-P,87264.62,BTC-24SEP27,put,130000.0,2027-09-24T08:00:00+00:00,0.9536621969122177,0.5175,0.5405,0.52832727,0.529,87264.62,BTC-24SEP27,0.4028,-0.79287,243.69801,4.0,0.0,0.02300000000000002,BTC,82950.56,0.0
2026-10-11T00:11:49.854723+00:00,BTC-14OCT26-79000-C,82996.9,BTC-14OCT26,call,79000.0,2026-10-14T08:00:00+00:00,0.00910367535164271,0.0465,0.0515,0.04922724,0.049,82996.9,BTC-14OCT26,0.35509999999999997,0.92937,10.70573,0.0,0.0,0.0049999999999999975,BTC,82950.51,0.0
2026-10-11T00:11:49.854723+00:00,BTC-30OCT26-115000-C,83215.87,BTC-30OCT26,call,115000.0,2026-10-30T08:00:00+00:00,0.052909287945756334,,0.0001,7.565e-05,,83215.87,BTC-30OCT26,0.4877,0.00235,1.4065,378.3,0.0,,BTC,82950.56,0.0
2026-10-11T00:11:49.854723+00:00,BTC-27NOV26-69000-C,83555.46,BTC-27NOV26,call,69000.0,2026-11-27T08:00:00+00:00,0.12956910998545518,0.178,0.1855,0.18191182,0.18175,83555.46,BTC-27NOV26,0.4365,0.90306,51.61634,0.0,0.0,0.007500000000000007,BTC,82950.51,0.0
2026-10-11T00:11:49.854723+00:00,BTC-13OCT26-80500-C,82970.5,BTC-13OCT26,call,80500.0,2026-10-13T08:00:00+00:00,0.006365824564510609,0.028,0.033,0.03103884,0.0305,82970.5,BTC-13OCT26,0.30820000000000003,0.89285,12.21447,0.0,0.0,0.005000000000000001,BTC,82950.51,0.0
2026-10-11T00:11:49.854723+00:00,BTC-25DEC26-85000-C,83886.62,BTC-25DEC26,call,85000.0,2026-12-25T08:00:00+00:00,0.206228932025154,0.0605,0.0615,0.06079013,0.061,83886.62,BTC-25DEC26,0.3689,0.50197,152.02153,3486.8,0.0,0.0010000000000000009,BTC,82950.51,0.0
2026-10-11T00:11:49.854723+00:00,BTC-12OCT26-79000-P,82962.1,BTC-12OCT26,put,79000.0,2026-10-12T08:00:00+00:00,0.003627973777378508,0.0001,0.0002,0.00013851,0.00015,82962.1,BTC-12OCT26,0.3833,-0.01669,2.07234,53.8,12.4,0.0001,BTC,82950.51,482.35
2026-10-11T00:11:49.854723+00:00,BTC-25DEC26-98000-P,83886.62,BTC-25DEC26,put,98000.0,2026-12-25T08:00:00+00:00,0.206228932025154,0.1805,0.1915,0.18608949,0.186,83886.62,BTC-25DEC26,0.3735,-0.79712,107.60208,4.4,0.1,0.01100000000000001,BTC,82950.51,1565.63
2026-10-11T00:11:49.854723+00:00,BTC-14OCT26-91000-C,82996.96,BTC-14OCT26,call,91000.0,2026-10-14T08:00:00+00:00,0.00910367535164271,,0.0002,6.38e-05,,82996.96,BTC-14OCT26,0.3776,0.00559,1.26378,0.0,0.0,,BTC,82950.51,0.0
2026-10-11T00:11:49.854723+00:00,BTC-16OCT26-100000-C,83024.7,BTC-16OCT26,call,100000.0,2026-10-16T08:00:00+00:00,0.014579376925906912,,0.0001,9.9e-06,,83024.7,BTC-16OCT26,0.47479999999999994,0.00065,0.22759,361.3,0.0,,BTC,82950.51,0.0
2026-10-11T00:11:49.854723+00:00,BTC-25DEC26-78000-C,83886.62,BTC-25DEC26,call,78000.0,2026-12-25T08:00:00+00:00,0.206228932025154,0.1065,0.108,0.10721442,0.10725,83886.62,BTC-25DEC26,0.3799,0.69422,133.62964,1636.3,0.5,0.0015000000000000013,BTC,82950.51,4413.74
2026-10-11T00:11:49.854723+00:00,BTC-16OCT26-90000-C,83024.57,BTC-16OCT26,call,90000.0,2026-10-16T08:00:00+00:00,0.014579376925906912,0.0003,0.0005,0.00039685,0.0004,83024.57,BTC-16OCT26,0.3398,0.02579,6.01513,1092.9,0.5,0.00020000000000000004,BTC,82950.51,21.51
2026-10-11T00:11:49.854723+00:00,BTC-27NOV26-115000-C,83555.46,BTC-27NOV26,call,115000.0,2026-11-27T08:00:00+00:00,0.12956910998545518,0.0011,0.0014,0.00124842,0.00125,83555.46,BTC-27NOV26,0.4275,0.02285,16.30614,67.7,1.0,0.0002999999999999999,BTC,82950.51,91.07
2026-10-11T00:11:49.854723+00:00,BTC-11OCT26-92000-C,82946.49,BTC-11OCT26,call,92000.0,2026-10-11T08:00:00+00:00,0.0008901229902464066,,0.0001,0.0,,82946.49,BTC-11OCT26,0.4603,0.0,0.0,0.0,0.0,,BTC,82950.53,0.0
2026-10-11T00:11:49.854723+00:00,BTC-11OCT26-81500-C,82946.49,BTC-11OCT26,call,81500.0,2026-10-11T08:00:00+00:00,0.0008901229902464066,0.0155,0.019,0.01749867,0.01725,82946.49,BTC-11OCT26,0.2973,0.97688,1.35042,14.8,0.0,0.0034999999999999996,BTC,82950.53,0.0
2026-10-11T00:11:49.854723+00:00,BTC-26MAR27-75000-P,84972.83,BTC-26MAR27,put,75000.0,2027-03-26T08:00:00+00:00,0.4553733536541752,0.051,0.052,0.05131317,0.0515,84972.83,BTC-26MAR27,0.39270000000000005,-0.27311,190.73635,51.3,0.6,0.0010000000000000009,BTC,82950.51,2603.75
2026-10-11T00:11:49.854723+00:00,BTC-14OCT26-73000-C,82996.9,BTC-14OCT26,call,73000.0,2026-10-14T08:00:00+00:00,0.00910367535164271,0.1185,0.123,0.12069138,0.12075,82996.9,BTC-14OCT26,0.6029,0.98803,2.4681,0.0,0.0,0.004500000000000004,BTC,82950.53,0.0
2026-10-11T00:11:49.854723+00:00,ETH-25JUN27-1700-C,2585.91,ETH-25JUN27,call,1700.0,2027-06-25T08:00:00+00:00,0.7045177752831965,0.3795,0.388,0.383758,0.38375,2585.91,ETH-25JUN27,0.5766,0.86618,4.68589,692.0,0.0,0.008500000000000008,ETH,2505.97,0.0
2026-10-11T00:11:49.854723+00:00,ETH-11OCT26-2760-C,2505.81,ETH-11OCT26,call,2760.0,2026-10-11T08:00:00+00:00,0.0008901229902464066,,0.0001,0.0,,2505.81,ETH-11OCT26,0.6252,0.0,0.0,4.0,0.0,,ETH,2505.97,0.0
2026-10-11T00:11:49.854723+00:00,ETH-25DEC26-6500-C,2526.9,ETH-25DEC26,call,6500.0,2026-12-25T08:00:00+00:00,0.206228932025154,0.0004,0.0009,0.000614,0.00065,2526.9,ETH-25DEC26,0.7737999999999999,0.006,0.1953,1902.0,0.0,0.0005,ETH,2505.97,0.0
2026-10-11T00:11:49.854723+00:00,ETH-14OCT26-2520-P,2506.1,ETH-14OCT26,put,2520.0,2026-10-14T08:00:00+00:00,0.00910367535164271,0.0165,0.0175,0.017053,0.017,2506.1,ETH-14OCT26,0.3696,-0.55536,0.94474,25.0,25.0,0.0010000000000000009,ETH,2505.97,1021.64
2026-10-11T00:11:49.854723+00:00,ETH-25DEC26-2400-P,2526.9,ETH-25DEC26,put,2400.0,2026-12-25T08:00:00+00:00,0.206228932025154,0.065,0.0665,0.065797,0.06575,2526.9,ETH-25DEC26,0.503,-0.36702,4.32265,9845.0,1.0,0.0015000000000000013,ETH,2505.97,160.65
2026-10-11T00:11:49.854723+00:00,ETH-30OCT26-3200-P,2509.54,ETH-30OCT26,put,3200.0,2026-10-30T08:00:00+00:00,0.052909287945756334,0.272,0.282,0.276877,0.277,2509.54,ETH-30OCT26,0.565,-0.96443,0.45213,35.0,0.0,0.009999999999999953,ETH,2505.97,0.0
2026-10-11T00:11:49.854723+00:00,ETH-30OCT26-1400-P,2509.54,ETH-30OCT26,put,1400.0,2026-10-30T08:00:00+00:00,0.052909287945756334,0.0001,0.0003,0.000179,0.0002,2509.54,ETH-30OCT26,0.9440999999999999,-0.00259,0.04631,4904.0,0.0,0.00019999999999999998,ETH,2505.97,0.0
2026-10-11T00:11:49.854723+00:00,ETH-16OCT26-2800-P,2506.47,ETH-16OCT26,put,2800.0,2026-10-16T08:00:00+00:00,0.014579376925906912,0.1145,0.1215,0.118106,0.118,2506.47,ETH-16OCT26,0.5169,-0.95931,0.26446,259.0,0.0,0.006999999999999992,ETH,2505.97,0.0
2026-10-11T00:11:49.854723+00:00,ETH-13OCT26-2440-C,2506.09,ETH-13OCT26,call,2440.0,2026-10-13T08:00:00+00:00,0.006365824564510609,0.029,0.031,0.030118,0.03,2506.09,ETH-13OCT26,0.4093,0.79808,0.56292,100.0,0.0,0.0019999999999999983,ETH,2505.97,0.0
2026-10-11T00:11:49.854723+00:00,ETH-27NOV26-3100-P,2517.12,ETH-27NOV26,put,3100.0,2026-11-27T08:00:00+00:00,0.12956910998545518,0.239,0.2515,0.244618,0.24525,2517.12,ETH-27NOV26,0.5102,-0.85126,2.10139,19.0,0.0,0.012500000000000011,ETH,2505.97,0.0
2026-10-11T00:11:49.854723+00:00,ETH-24SEP27-2300-P,2616.66,ETH-24SEP27,put,2300.0,2027-09-24T08:00:00+00:00,0.9536621969122177,0.1405,0.144,0.141963,0.14225,2616.66,ETH-24SEP27,0.544,-0.30557,8.96124,26.0,0.0,0.0034999999999999754,ETH,2505.97,0.0
2026-10-11T00:11:49.854723+00:00,ETH-25JUN27-2900-P,2585.91,ETH-25JUN27,put,2900.0,2027-06-25T08:00:00+00:00,0.7045177752831965,0.251,0.257,0.2541,0.254,2585.91,ETH-25JUN27,0.5316,-0.51342,8.65706,508.0,0.0,0.006000000000000005,ETH,2505.97,0.0
2026-10-11T00:11:49.854723+00:00,ETH-30OCT26-2150-C,2509.56,ETH-30OCT26,call,2150.0,2026-10-30T08:00:00+00:00,0.052909287945756334,0.1465,0.1525,0.149485,0.1495,2509.56,ETH-30OCT26,0.5484,0.90124,1.00418,988.0,0.0,0.006000000000000005,ETH,2505.97,0.0
2026-10-11T00:11:49.854723+00:00,ETH-25JUN27-4800-P,2585.89,ETH-25JUN27,put,4800.0,2027-06-25T08:00:00+00:00,0.7045177752831965,0.871,0.9005,0.885393,0.88575,2585.89,ETH-25JUN27,0.5679,-0.85516,4.94495,0.0,0.0,0.02949999999999997,ETH,2505.97,0.0
2026-10-11T00:11:49.854723+00:00,ETH-24SEP27-2600-C,2616.66,ETH-24SEP27,call,2600.0,2027-09-24T08:00:00+00:00,0.9536621969122177,0.209,0.2125,0.210808,0.21075,2616.66,ETH-24SEP27,0.5406,0.60879,9.81619,3.0,0.0,0.003500000000000003,ETH,2505.98,0.0
2026-10-11T00:11:49.854723+00:00,ETH-23OCT26-2450-P,2508.06,ETH-23OCT26,put,2450.0,2026-10-23T08:00:00+00:00,0.03374433243583162,0.021,0.022,0.02143,0.0215,2508.06,ETH-23OCT26,0.4372,-0.37002,1.74002,255.0,0.0,0.0009999999999999974,ETH,2505.97,0.0
2026-10-11T00:11:49.854723+00:00,ETH-26MAR27-4200-P,2554.51,ETH-26MAR27,put,4200.0,2027-03-26T08:00:00+00:00,0.4553733536541752,0.653,0.677,0.665177,0.665,2554.51,ETH-26MAR27,0.5595,-0.87026,3.64286,7.0,0.0,0.02400000000000002,ETH,2505.98,0.0
2026-10-11T00:11:49.854723+00:00,ETH-23OCT26-2550-P,2508.06,ETH-23OCT26,put,2550.0,2026-10-23T08:00:00+00:00,0.03374433243583162,0.0395,0.041,0.040306,0.04025,2508.06,ETH-23OCT26,0.4227,-0.56923,1.81077,1873.0,10.0,0.0015000000000000013,ETH,2505.98,990.28
2026-10-11T00:11:49.854723+00:00,ETH-14OCT26-2480-C,2506.1,ETH-14OCT26,call,2480.0,2026-10-14T08:00:00+00:00,0.00910367535164271,0.0195,0.021,0.020207,0.02025,2506.1,ETH-14OCT26,0.3803,0.62048,0.91011,0.0,0.0,0.0015000000000000013,ETH,2505.98,0.0
2026-10-11T00:11:49.854723+00:00,ETH-24SEP27-1900-C,2616.66,ETH-24SEP27,call,1900.0,2027-09-24T08:00:00+00:00,0.9536621969122177,0.344,0.36,0.352253,0.352,2616.66,ETH-24SEP27,0.5578,0.80506,7.04641,0.0,0.0,0.016000000000000014,ETH,2505.98,0.0
2026-10-11T00:11:49.854723+00:00,ETH-26MAR27-1000-P,2554.51,ETH-26MAR27,put,1000.0,2027-03-26T08:00:00+00:00,0.4553733536541752,0.0039,0.0045,0.004123,0.0042,2554.51,ETH-26MAR27,0.7587,-0.01843,0.77898,6116.0,0.0,0.0005999999999999998,ETH,2505.98,0.0
2026-10-11T00:11:49.854723+00:00,ETH-25JUN27-3500-P,2585.89,ETH-25JUN27,put,3500.0,2027-06-25T08:00:00+00:00,0.7045177752831965,0.4195,0.442,0.431276,0.43075,2585.89,ETH-25JUN27,0.5378000000000001,-0.6717,7.84668,678.0,0.0,0.02250000000000002,ETH,2505.98,0.0
2026-10-11T00:11:49.854723+00:00,ETH-30OCT26-1750-C,2509.56,ETH-30OCT26,call,1750.0,2026-10-30T08:00:00+00:00,0.052909287945756334,0.3015,0.306,0.303756,0.30375,2509.56,ETH-30OCT26,0.7646,0.9837,0.23484,102.0,0.0,0.004500000000000004,ETH,2505.98,0.0
2026-10-11T00:11:49.854723+00:00,ETH-14OCT26-2320-P,2506.1,ETH-14OCT26,put,2320.0,2026-10-14T08:00:00+00:00,0.00910367535164271,0.0015,0.0019,0.001648,0.0017,2506.1,ETH-14OCT26,0.5552,-0.06902,0.3176,0.0,0.0,0.00039999999999999996,ETH,2505.98,0.0
2026-10-11T00:11:49.854723+00:00,ETH-25JUN27-3400-C,2585.89,ETH-25JUN27,call,3400.0,2027-06-25T08:00:00+00:00,0.7045177752831965,0.0835,0.086,0.084786,0.08475,2585.89,ETH-25JUN27,0.5362,0.35091,8.04976,647.0,0.0,0.0024999999999999883,ETH,2505.98,0.0
2026-10-11T00:11:49.854723+00:00,ETH-24SEP27-3900-P,2616.66,ETH-24SEP27,put,3900.0,2027-09-24T08:00:00+00:00,0.9536621969122177,0.558,0.588,0.575011,0.573,2616.66,ETH-24SEP27,0.5478000000000001,-0.68372,9.09627,0.0,0.0,0.029999999999999916,ETH,2505.98,0.0
2026-10-11T00:11:49.854723+00:00,ETH-12OCT26-2280-P,2505.84,ETH-12OCT26,put,2280.0,2026-10-12T08:00:00+00:00,0.003627973777378508,0.0003,0.0004,0.000332,0.00035,2505.84,ETH-12OCT26,0.7670999999999999,-0.01931,0.0709,494.0,37.0,0.00010000000000000005,ETH,2505.98,26.22
2026-10-11T00:11:49.854723+00:00,ETH-26MAR27-2800-P,2554.53,ETH-26MAR27,put,2800.0,2027-03-26T08:00:00+00:00,0.4553733536541752,0.1985,0.2005,0.199684,0.1995,2554.53,ETH-26MAR27,0.5227,-0.53334,6.85531,481.0,0.0,0.0020000000000000018,ETH,2505.98,0.0
2026-10-11T00:11:49.854723+00:00,ETH-25DEC26-2400-C,2526.88,ETH-25DEC26,call,2400.0,2026-12-25T08:00:00+00:00,0.206228932025154,0.1155,0.117,0.116013,0.11625,2526.88,ETH-25DEC26,0.503,0.63297,4.32266,12761.0,0.0,0.0015000000000000013,ETH,2505.98,0.0
2026-10-11T00:11:49.854723+00:00,ETH-27NOV26-2300-C,2517.12,ETH-27NOV26,call,2300.0,2026-11-27T08:00:00+00:00,0.12956910998545518,0.116,0.1245,0.121069,0.12025,2517.12,ETH-27NOV26,0.5074000000000001,0.72073,3.04709,76.0,0.0,0.008499999999999994,ETH,2505.98,0.0
2026-10-11T00:11:49.854723+00:00,ETH-26MAR27-2900-C,2554.53,ETH-26MAR27,call,2900.0,2027-03-26T08:00:00+00:00,0.4553733536541752,0.0905,0.0925,0.09143,0.0915,2554.53,ETH-26MAR27,0.5231,0.42752,6.7655,2843.0,0.0,0.0020000000000000018,ETH,2505.98,0.0
2026-10-11T00:11:49.854723+00:00,ETH-25JUN27-2200-P,2585.89,ETH-25JUN27,put,2200.0,2027-06-25T08:00:00+00:00,0.7045177752831965,0.1005,0.103,0.101766,0.10175,2585.89,ETH-25JUN27,0.5407,-0.27995,7.30822,378.0,0.0,0.0024999999999999883,ETH,2505.98,0.0
2026-10-11T00:11:49.854723+00:00,ETH-23OCT26-2700-C,2508.06,ETH-23OCT26,call,2700.0,2026-10-23T08:00:00+00:00,0.03374433243583162,0.0075,0.0085,0.007863,0.008,2508.06,ETH-23OCT26,0.4325,0.18734,1.23977,2626.0,236.0,0.0010000000000000009,ETH,2505.98,4385.18
2026-10-11T00:11:49.854723+00:00,ETH-25DEC26-8000-P,2526.88,ETH-25DEC26,put,8000.0,2026-12-25T08:00:00+00:00,0.206228932025154,2.1485,2.1825,2.166165,2.1655,2526.88,ETH-25DEC26,0.8338,-0.99784,0.07817,73.0,0.0,0.03400000000000025,ETH,2505.98,0.0
2026-10-11T00:11:49.854723+00:00,ETH-30OCT26-2500-C,2509.56,ETH-30OCT26,call,2500.0,2026-10-30T08:00:00+00:00,0.052909287945756334,0.0425,0.044,0.043195,0.04325,2509.56,ETH-30OCT26,0.4506,0.53532,2.29452,6338.0,11.0,0.0014999999999999944,ETH,2505.98,1131.99
2026-10-11T00:11:49.854723+00:00,ETH-24SEP27-3600-P,2616.66,ETH-24SEP27,put,3600.0,2027-09-24T08:00:00+00:00,0.9536621969122177,0.4625,0.491,0.479054,0.47675,2616.66,ETH-24SEP27,0.5444,-0.63079,9.64473,0.0,0.0,0.02849999999999997,ETH,2505.98,0.0
2026-10-11T00:11:49.854723+00:00,ETH-27NOV26-2400-C,2517.12,ETH-27NOV26,call,2400.0,2026-11-27T08:00:00+00:00,0.12956910998545518,0.0945,0.096,0.095167,0.09525,2517.12,ETH-27NOV26,0.49570000000000003,0.63914,3.39355,465.0,0.0,0.0015000000000000013,ETH,2505.98,0.0
2026-10-11T00:11:49.854723+00:00,ETH-27NOV26-3500-P,2517.12,ETH-27NOV26,put,3500.0,2026-11-27T08:00:00+00:00,0.12956910998545518,0.3895,0.402,0.395644,0.39575,2517.12,ETH-27NOV26,0.562,-0.93671,1.1256,6.0,0.0,0.012500000000000011,ETH,2505.98,0.0
2026-10-11T00:11:49.854723+00:00,ETH-13OCT26-2350-C,2506.09,ETH-13OCT26,call,2350.0,2026-10-13T08:00:00+00:00,0.006365824564510609,0.0605,0.066,0.06347,0.06325,2506.09,ETH-13OCT26,0.5346,0.93685,0.24785,0.0,0.0,0.005500000000000005,ETH,2505.98,0.0
2026-10-11T00:11:49.854723+00:00,ETH-23OCT26-3000-C,2508.08,ETH-23OCT26,call,3000.0,2026-10-23T08:00:00+00:00,0.03374433243583162,0.0012,0.0015,0.001358,0.00135,2508.08,ETH-23OCT26,0.5288,0.03637,0.36749,722.0,90.0,0.00030000000000000014,ETH,2505.98,231.76
2026-10-11T00:11:49.854723+00:00,ETH-26MAR27-3300-P,2554.51,ETH-26MAR27,put,3300.0,2027-03-26T08:00:00+00:00,0.4553733536541752,0.3345,0.357,0.34772,0.34575,2554.51,ETH-26MAR27,0.5293,-0.70473,5.9523,139.0,0.0,0.022499999999999964,ETH,2505.98,0.0
2026-10-11T00:11:49.854723+00:00,ETH-14OCT26-2640-P,2506.1,ETH-14OCT26,put,2640.0,2026-10-14T08:00:00+00:00,0.00910367535164271,0.0515,0.059,0.055257,0.05525,2506.1,ETH-14OCT26,0.4172,-0.90104,0.41646,0.0,0.0,0.0075,ETH,2505.98,0.0
2026-10-11T00:11:49.854723+00:00,ETH-12OCT26-2500-C,2505.84,ETH-12OCT26,call,2500.0,2026-10-12T08:00:00+00:00,0.003627973777378508,0.008,0.009,0.008493,0.0085,2505.84,ETH-12OCT26,0.3029,0.5546,0.5962,451.0,16.0,0.0009999999999999992,ETH,2505.98,223.18
2026-10-11T00:11:49.854723+00:00,ETH-14OCT26-2700-C,2506.12,ETH-14OCT26,call,2700.0,2026-10-14T08:00:00+00:00,0.00910367535164271,0.0008,0.001,0.000924,0.0009,2506.12,ETH-14OCT26,0.4689,0.05017,0.2473,121.0,121.0,0.00019999999999999998,ETH,2505.98,307.59
2026-10-11T00:11:49.854723+00:00,ETH-11OCT26-2280-P,2505.81,ETH-11OCT26,put,2280.0,2026-10-11T08:00:00+00:00,0.0008901229902464066,,0.0001,0.0,,2505.81,ETH-11OCT26,0.7786,-2e-05,7e-05,0.0,0.0,,ETH,2505.98,0.0
2026-10-11T00:11:49.854723+00:00,ETH-14OCT26-2420-C,2506.12,ETH-14OCT26,call,2420.0,2026-10-14T08:00:00+00:00,0.00910367535164271,0.0355,0.0415,0.038691,0.0385,2506.12,ETH-14OCT26,0.4267,0.81032,0.64822,0.0,0.0,0.006000000000000005,ETH,2505.98,0.0
2026-10-11T00:11:49.854723+00:00,ETH-14OCT26-2620-C,2506.1,ETH-14OCT26,call,2620.0,2026-10-14T08:00:00+00:00,0.00910367535164271,0.0022,0.0026,0.002376,0.0024,2506.1,ETH-14OCT26,0.4011,0.1267,0.49688,1.0,1.0,0.00039999999999999975,ETH,2505.98,3.74
2026-10-11T00:11:49.854723+00:00,ETH-25DEC26-1400-C,2526.88,ETH-25DEC26,call,1400.0,2026-12-25T08:00:00+00:00,0.206228932025154,0.446,0.452,0.449277,0.449,2526.88,ETH-25DEC26,0.7171,0.9759,0.65046,1387.0,0.0,0.006000000000000005,ETH,2505.98,0.0
2026-10-11T00:11:49.854723+00:00,ETH-26MAR27-2600-P,2554.51,ETH-26MAR27,put,2600.0,2027-03-26T08:00:00+00:00,0.4553733536541752,0.1495,0.1515,0.150503,0.1505,2554.51,ETH-26MAR27,0.5232,-0.44961,6.82445,1827.0,5.0,0.0020000000000000018,ETH,2505.98,1874.39
2026-10-11T00:11:49.854723+00:00,ETH-26MAR27-2800-C,2554.51,ETH-26MAR27,call,2800.0,2027-03-26T08:00:00+00:00,0.4553733536541752,0.103,0.1045,0.103583,0.10375,2554.51,ETH-26MAR27,0.5227,0.46668,6.85544,8740.0,9.0,0.0015000000000000013,ETH,2506.0,2331.33
2026-10-11T00:11:49.854723+00:00,ETH-23OCT26-3100-C,2508.06,ETH-23OCT26,call,3100.0,2026-10-23T08:00:00+00:00,0.03374433243583162,0.0008,0.0009,0.000889,0.00085,2508.06,ETH-23OCT26,0.5661999999999999,0.02362,0.25681,3469.0,20.0,9.999999999999994e-05,ETH,2506.0,34.96
2026-10-11T00:11:49.854723+00:00,ETH-13OCT26-2750-C,2506.09,ETH-13OCT26,call,2750.0,2026-10-13T08:00:00+00:00,0.006365824564510609,0.0002,0.0004,0.000287,0.0003,2506.09,ETH-13OCT26,0.5508,0.01823,0.08947,2.0,0.0,0.0002,ETH,2506.0,0.0
2026-10-11T00:11:49.854723+00:00,ETH-12OCT26-2620-C,2505.84,ETH-12OCT26,call,2620.0,2026-10-12T08:00:00+00:00,0.003627973777378508,0.0004,0.0006,0.00047,0.0005,2505.84,ETH-12OCT26,0.43170000000000003,0.04454,0.14181,836.0,694.0,0.00019999999999999993,ETH,2506.0,641.5
2026-10-11T00:11:49.854723+00:00,ETH-24SEP27-1500-P,2616.68,ETH-24SEP27,put,1500.0,2027-09-24T08:00:00+00:00,0.9536621969122177,0.037,0.0395,0.03819,0.03825,2616.68,ETH-24SEP27,0.5921,-0.10543,4.66175,896.0,0.0,0.0025000000000000022,ETH,2506.0,0.0
2026-10-11T00:11:49.854723+00:00,ETH-16OCT26-2700-P,2506.47,ETH-16OCT26,put,2700.0,2026-10-16T08:00:00+00:00,0.014579376925906912,0.0755,0.0835,0.07947,0.0795,2506.47,ETH-16OCT26,0.4525,-0.90884,0.49622,1908.0,0.0,0.008000000000000007,ETH,2506.0,0.0
2026-10-11T00:11:49.854723+00:00,ETH-23OCT26-2400-C,2508.06,ETH-23OCT26,call,2400.0,2026-10-23T08:00:00+00:00,0.03374433243583162,0.057,0.0595,0.058449,0.05825,2508.06,ETH-23OCT26,0.45280000000000004,0.71619,1.56151,38.0,32.0,0.0024999999999999953,ETH,2506.0,4320.04
2026-10-11T00:11:49.854723+00:00,ETH-27NOV26-2000-C,2517.12,ETH-27NOV26,call,2000.0,2026-11-27T08:00:00+00:00,0.12956910998545518,0.2135,0.221,0.217389,0.21725,2517.12,ETH-27NOV26,0.5690999999999999,0.88966,1.70806,9.0,1.0,0.007500000000000007,ETH,2506.0,532.15
2026-10-11T00:11:49.854723+00:00,ETH-11OCT26-2380-P,2505.81,ETH-11OCT26,put,2380.0,2026-10-11T08:00:00+00:00,0.0008901229902464066,,0.0001,6.4e-05,,2505.81,ETH-11OCT26,0.7313,-0.00866,0.01752,686.0,696.0,,ETH,2506.0,338.34
2026-10-11T00:11:49.854723+00:00,ETH-25DEC26-1800-C,2526.88,ETH-25DEC26,call,1800.0,2026-12-25T08:00:00+00:00,0.206228932025154,0.295,0.303,0.298626,0.299,2526.88,ETH-25DEC26,0.5893999999999999,0.91937,1.71667,2431.0,0.0,0.008000000000000007,ETH,2506.0,0.0
2026-10-11T00:11:49.854723+00:00,ETH-16OCT26-2550-C,2506.47,ETH-16OCT26,call,2550.0,2026-10-16T08:00:00+00:00,0.014579376925906912,0.012,0.013,0.012316,0.0125,2506.47,ETH-16OCT26,0.40740000000000004,0.37247,1.1453,2136.0,256.0,0.0009999999999999992,ETH,2506.0,6373.53
2026-10-11T00:11:49.854723+00:00,ETH-11OCT26-2320-P,2505.83,ETH-11OCT26,put,2320.0,2026-10-11T08:00:00+00:00,0.0008901229902464066,,0.0001,2e-06,,2505.83,ETH-11OCT26,0.7622,-0.00032,0.00089,11.0,10.0,,ETH,2506.0,4.99
2026-10-11T00:11:49.854723+00:00,ETH-14OCT26-2800-P,2506.1,ETH-14OCT26,put,2800.0,2026-10-14T08:00:00+00:00,0.00910367535164271,0.114,0.121,0.117713,0.1175,2506.1,ETH-14OCT26,0.5707,-0.97772,0.12685,0.0,0.0,0.006999999999999992,ETH,2506.0,0.0
2026-10-11T00:11:49.854723+00:00,ETH-11OCT26-3000-P,2505.83,ETH-11OCT26,put,3000.0,2026-10-11T08:00:00+00:00,0.0008901229902464066,0.1935,0.2015,0.197208,0.1975,2505.83,ETH-11OCT26,0.8843000000000001,-1.0,0.0,0.0,0.0,0.008000000000000007,ETH,2506.01,0.0
2026-10-11T00:11:49.854723+00:00,ETH-30OCT26-2250-P,2509.56,ETH-30OCT26,put,2250.0,2026-10-30T08:00:00+00:00,0.052909287945756334,0.01,0.011,0.010413,0.0105,2509.56,ETH-30OCT26,0.5077,-0.16037,1.40706,3729.0,30.0,0.0009999999999999992,ETH,2506.0,820.88
2026-10-11T00:11:49.854723+00:00,ETH-26MAR27-4800-P,2554.51,ETH-26MAR27,put,4800.0,2027-03-26T08:00:00+00:00,0.4553733536541752,0.876,0.9045,0.891542,0.89025,2554.51,ETH-26MAR27,0.5853,-0.91907,2.58607,40.0,0.0,0.02849999999999997,ETH,2506.0,0.0
2026-10-11T00:11:49.854723+00:00,ETH-13OCT26-2640-C,2506.09,ETH-13OCT26,call,2640.0,2026-10-13T08:00:00+00:00,0.006365824564510609,0.0008,0.0011,0.000968,0.00095,2506.09,ETH-13OCT26,0.4277,0.06569,0.25556,2.0,1.0,0.00030000000000000003,ETH,2506.01,1.49
2026-10-11T00:11:49.854723+00:00,ETH-30OCT26-2900-C,2509.56,ETH-30OCT26,call,2900.0,2026-10-30T08:00:00+00:00,0.052909287945756334,0.005,0.006,0.005516,0.0055,2509.56,ETH-30OCT26,0.4853,0.10762,1.06877,5040.0,1.0,0.001,ETH,2506.0,12.52
2026-10-11T00:11:49.854723+00:00,ETH-27NOV26-3800-C,2517.12,ETH-27NOV26,call,3800.0,2026-11-27T08:00:00+00:00,0.12956910998545518,0.0027,0.0029,0.002854,0.0028,2517.12,ETH-27NOV26,0.5993999999999999,0.03588,0.71481,1616.0,0.0,0.00019999999999999966,ETH,2506.01,0.0
2026-10-11T00:11:49.854723+00:00,ETH-25JUN27-4400-P,2585.89,ETH-25JUN27,put,4400.0,2027-06-25T08:00:00+00:00,0.7045177752831965,0.7255,0.753,0.739955,0.73925,2585.89,ETH-25JUN27,0.5579,-0.81609,5.77447,1.0,0.0,0.02749999999999997,ETH,2506.01,0.0
2026-10-11T00:11:49.854723+00:00,ETH-13OCT26-2620-C,2506.09,ETH-13OCT26,call,2620.0,2026-10-13T08:00:00+00:00,0.006365824564510609,0.0012,0.0014,0.001288,0.0013,2506.09,ETH-13OCT26,0.4058,0.08741,0.31769,91.0,7.0,0.0002000000000000001,ETH,2506.01,18.53
2026-10-11T00:11:49.854723+00:00,ETH-24SEP27-4400-P,2616.68,ETH-24SEP27,put,4400.0,2027-09-24T08:00:00+00:00,0.9536621969122177,0.7245,0.758,0.743726,0.74125,2616.68,ETH-24SEP27,0.556,-0.75343,8.06355,0.0,0.0,0.033499999999999974,ETH,2506.01,0.0
2026-10-11T00:11:49.854723+00:00,ETH-25DEC26-1500-P,2526.88,ETH-25DEC26,put,1500.0,2026-12-25T08:00:00+00:00,0.206228932025154,0.0043,0.0047,0.004474,0.0045,2526.88,ETH-25DEC26,0.6811,-0.03286,0.84207,16724.0,67.0,0.0004000000000000002,ETH,2506.01,802.62
2026-10-11T00:11:49.854723+00:00,ETH-26MAR27-4200-C,2554.51,ETH-26MAR27,call,4200.0,2027-03-26T08:00:00+00:00,0.4553733536541752,0.0205,0.0215,0.021026,0.021,2554.51,ETH-26MAR27,0.5595,0.12975,3.64306,4912.0,0.0,0.0009999999999999974,ETH,2506.01,0.0
2026-10-11T00:11:49.854723+00:00,ETH-30OCT26-1000-C,2509.54,ETH-30OCT26,call,1000.0,2026-10-30T08:00:00+00:00,0.052909287945756334,0.6,0.603,0.601556,0.6015,2509.54,ETH-30OCT26,1.2457,0.9996,0.00832,0.0,0.0,0.0030000000000000027,ETH,2506.01,0.0
2026-10-11T00:11:49.854723+00:00,ETH-25JUN27-3100-P,2585.91,ETH-25JUN27,put,3100.0,2027-06-25T08:00:00+00:00,0.7045177752831965,0.3025,0.3175,0.309311,0.31,2585.91,ETH-25JUN27,0.5324,-0.57226,8.51948,210.0,0.0,0.015000000000000013,ETH,2506.01,0.0
2026-10-11T00:11:49.854723+00:00,ETH-12OCT26-2100-C,2505.85,ETH-12OCT26,call,2100.0,2026-10-12T08:00:00+00:00,0.003627973777378508,0.1595,0.1635,0.161967,0.1615,2505.85,ETH-12OCT26,0.914,0.9994,0.00317,0.0,0.0,0.0040000000000000036,ETH,2506.01,0.0
2026-10-11T00:11:49.854723+00:00,ETH-27NOV26-2700-C,2517.12,ETH-27NOV26,call,2700.0,2026-11-27T08:00:00+00:00,0.12956910998545518,0.041,0.0425,0.04175,0.04175,2517.12,ETH-27NOV26,0.4868,0.37736,3.44358,3558.0,0.0,0.0015000000000000013,ETH,2506.01,0.0
2026-10-11T00:11:49.854723+00:00,ETH-13OCT26-2900-P,2506.09,ETH-13OCT26,put,2900.0,2026-10-13T08:00:00+00:00,0.006365824564510609,0.154,0.1615,0.157202,0.15775,2506.09,ETH-13OCT26,0.6002000000000001,-0.99876,0.00822,0.0,0.0,0.007500000000000007,ETH,2506.01,0.0
2026-10-11T00:11:49.854723+00:00,ETH-16OCT26-2650-C,2506.47,ETH-16OCT26,call,2650.0,2026-10-16T08:00:00+00:00,0.014579376925906912,0.0036,0.004,0.003783,0.0038,2506.47,ETH-16OCT26,0.4269,0.14586,0.69263,2433.0,617.0,0.0004000000000000002,ETH,2506.01,4756.0
2026-10-11T00:11:49.854723+00:00,ETH-16OCT26-2400-P,2506.47,ETH-16OCT26,put,2400.0,2026-10-16T08:00:00+00:00,0.014579376925906912,0.0065,0.0075,0.006963,0.007,2506.47,ETH-16OCT26,0.4661,-0.21208,0.8774,4901.0,9.0,0.001,ETH,2506.01,147.78
2026-10-11T00:11:49.854723+00:00,ETH-24SEP27-2200-P,2616.66,ETH-24SEP27,put,2200.0,2027-09-24T08:00:00+00:00,0.9536621969122177,0.1225,0.1255,0.123844,0.124,2616.66,ETH-24SEP27,0.5461,-0.27696,8.55928,246.0,0.0,0.0030000000000000027,ETH,2506.01,0.0
2026-10-11T00:11:49.854723+00:00,ETH-25JUN27-2100-P,2585.89,ETH-25JUN27,put,2100.0,2027-06-25T08:00:00+00:00,0.7045177752831965,0.0855,0.0875,0.086344,0.0865,2585.89,ETH-25JUN27,0.545,-0.2471,6.85695,852.0,0.0,0.001999999999999988,ETH,2506.01,0.0
2026-10-11T00:11:49.854723+00:00,ETH-25DEC26-1000-C,2526.88,ETH-25DEC26,call,1000.0,2026-12-25T08:00:00+00:00,0.206228932025154,0.603,0.6075,0.605091,0.60525,2526.88,ETH-25DEC26,0.877,0.99423,0.18848,77.0,0.0,0.0045000000000000595,ETH,2506.01,0.0
2026-10-11T00:11:49.854723+00:00,ETH-25DEC26-2800-P,2526.88,ETH-25DEC26,put,2800.0,2026-12-25T08:00:00+00:00,0.206228932025154,0.1575,0.16,0.158755,0.15875,2526.88,ETH-25DEC26,0.49939999999999996,-0.63268,4.3238,3542.0,0.0,0.0025000000000000022,ETH,2506.0,0.0
2026-10-11T00:11:49.854723+00:00,ETH-13OCT26-2540-P,2506.09,ETH-13OCT26,put,2540.0,2026-10-13T08:00:00+00:00,0.006365824564510609,0.0185,0.02,0.019506,0.01925,2506.09,ETH-13OCT26,0.3586,-0.67559,0.71902,0.0,0.0,0.0015000000000000013,ETH,2505.99,0.0
2026-10-11T00:11:49.854723+00:00,ETH-11OCT26-2460-P,2505.81,ETH-11OCT26,put,2460.0,2026-10-11T08:00:00+00:00,0.0008901229902464066,0.0004,0.0006,0.000458,0.0005,2505.81,ETH-11OCT26,0.4379,-0.07724,0.1079,1110.0,159.0,0.00019999999999999993,ETH,2506.0,184.01
2026-10-11T00:11:49.854723+00:00,ETH-30OCT26-1800-P,2509.56,ETH-30OCT26,put,1800.0,2026-10-30T08:00:00+00:00,0.052909287945756334,0.0013,0.0015,0.001367,0.0014,2509.56,ETH-30OCT26,0.7382,-0.0206,0.28667,3426.0,0.0,0.0002000000000000001,ETH,2506.0,0.0
2026-10-11T00:11:49.854723+00:00,ETH-27NOV26-3100-C,2517.12,ETH-27NOV26,call,3100.0,2026-11-27T08:00:00+00:00,0.12956910998545518,0.0125,0.0135,0.013047,0.013,2517.12,ETH-27NOV26,0.5102,0.14875,2.10145,2085.0,3.0,0.0009999999999999992,ETH,2506.0,100.28
2026-10-11T00:11:49.854723+00:00,ETH-24SEP27-3300-P,2616.68,ETH-24SEP27,put,3300.0,2027-09-24T08:00:00+00:00,0.9536621969122177,0.3725,0.399,0.388005,0.38575,2616.68,ETH-24SEP27,0.5413,-0.56923,10.04396,0.0,0.0,0.026500000000000024,ETH,2506.0,0.0
2026-10-11T00:11:49.854723+00:00,ETH-25DEC26-4400-P,2526.9,ETH-25DEC26,put,4400.0,2026-12-25T08:00:00+00:00,0.206228932025154,0.737,0.755,0.744871,0.746,2526.9,ETH-25DEC26,0.6258,-0.96476,0.89188,20.0,0.0,0.018000000000000016,ETH,2505.99,0.0
2026-10-11T00:11:49.854723+00:00,ETH-13OCT26-2640-P,2506.09,ETH-13OCT26,put,2640.0,2026-10-13T08:00:00+00:00,0.006365824564510609,0.051,0.059,0.054406,0.055,2506.09,ETH-13OCT26,0.4277,-0.93433,0.25551,0.0,0.0,0.008,ETH,2505.99,0.0
2026-10-11T00:11:49.854723+00:00,ETH-12OCT26-2800-P,2505.84,ETH-12OCT26,put,2800.0,2026-10-12T08:00:00+00:00,0.003627973777378508,0.114,0.1215,0.1174,0.11775,2505.84,ETH-12OCT26,0.5931000000000001,-0.999,0.00508,0.0,0.0,0.007499999999999993,ETH,2505.99,0.0
2026-10-11T00:11:49.854723+00:00,ETH-24SEP27-4300-C,2616.68,ETH-24SEP27,call,4300.0,2027-09-24T08:00:00+00:00,0.9536621969122177,0.0645,0.0675,0.066063,0.066,2616.68,ETH-24SEP27,0.5544,0.25905,8.27575,11.0,0.0,0.0030000000000000027,ETH,2505.99,0.0
2026-10-11T00:11:49.854723+00:00,ETH-12OCT26-2200-P,2505.85,ETH-12OCT26,put,2200.0,2026-10-12T08:00:00+00:00,0.003627973777378508,0.0001,0.0002,0.00014,0.00015,2505.85,ETH-12OCT26,0.9020999999999999,-0.00768,0.03189,1349.0,1051.0,0.0001,ETH,2505.99,273.04
2026-10-11T00:11:49.854723+00:00,ETH-25DEC26-7000-P,2526.88,ETH-25DEC26,put,7000.0,2026-12-25T08:00:00+00:00,0.206228932025154,1.7575,1.7885,1.770571,1.773,2526.88,ETH-25DEC26,0.7848999999999999,-0.99631,0.12648,0.0,0.0,0.030999999999999917,ETH,2505.99,0.0
2026-10-11T00:11:49.854723+00:00,ETH-23OCT26-2650-P,2508.06,ETH-23OCT26,put,2650.0,2026-10-23T08:00:00+00:00,0.03374433243583162,0.067,0.069,0.068012,0.068,2508.06,ETH-23OCT26,0.42579999999999996,-0.74662,1.47494,2796.0,0.0,0.0020000000000000018,ETH,2505.99,0.0
2026-10-11T00:11:49.854723+00:00,ETH-25JUN27-4000-C,2585.91,ETH-25JUN27,call,4000.0,2027-06-25T08:00:00+00:00,0.7045177752831965,0.0515,0.053,0.051958,0.05225,2585.91,ETH-25JUN27,0.5489,0.23698,6.70309,4712.0,0.0,0.0015000000000000013,ETH,2505.99,0.0
2026-10-11T00:11:49.854723+00:00,ETH-12OCT26-2560-C,2505.84,ETH-12OCT26,call,2560.0,2026-10-12T08:00:00+00:00,0.003627973777378508,0.0014,0.0016,0.001513,0.0015,2505.84,ETH-12OCT26,0.33490000000000003,0.14684,0.34677,1097.0,24.0,0.0002000000000000001,ETH,2505.99,81.55
2026-10-11T00:11:49.854723+00:00,ETH-16OCT26-2500-C,2506.49,ETH-16OCT26,call,2500.0,2026-10-16T08:00:00+00:00,0.014579376925906912,0.021,0.022,0.021342,0.0215,2506.49,ETH-16OCT26,0.41609999999999997,0.53048,1.20401,1123.0,37.0,0.0009999999999999974,ETH,2505.99,1658.91
2026-10-11T00:11:49.854723+00:00,ETH-13OCT26-2320-C,2506.09,ETH-13OCT26,call,2320.0,2026-10-13T08:00:00+00:00,0.006365824564510609,0.072,0.0775,0.075225,0.07475,2506.09,ETH-13OCT26,0.5917,0.95135,0.20175,0.0,0.0,0.005500000000000005,ETH,2505.99,0.0
2026-10-11T00:11:49.854723+00:00,ETH-26MAR27-1800-C,2554.51,ETH-26MAR27,call,1800.0,2027-03-26T08:00:00+00:00,0.4553733536541752,0.3245,0.332,0.327311,0.32825,2554.51,ETH-26MAR27,0.5731,0.86399,3.76325,3251.0,0.0,0.007500000000000007,ETH,2505.99,0.0
2026-10-11T00:11:49.854723+00:00,ETH-16OCT26-3100-C,2506.49,ETH-16OCT26,call,3100.0,2026-10-16T08:00:00+00:00,0.014579376925906912,0.0002,0.0003,0.000229,0.00025,2506.49,ETH-16OCT26,0.7198,0.00817,0.06758,2482.0,22.0,9.999999999999996e-05,ETH,2505.99,10.95
2026-10-11T00:11:49.854723+00:00,ETH-25JUN27-1900-C,2585.89,ETH-25JUN27,call,1900.0,2027-06-25T08:00:00+00:00,0.7045177752831965,0.3215,0.3295,0.325752,0.3255,2585.89,ETH-25JUN27,0.5573,0.81397,5.81555,373.0,0.0,0.008000000000000007,ETH,2505.99,0.0
2026-10-11T00:11:49.854723+00:00,ETH-12OCT26-2650-P,2505.84,ETH-12OCT26,put,2650.0,2026-10-12T08:00:00+00:00,0.003627973777378508,0.0545,0.061,0.057824,0.05775,2505.84,ETH-12OCT26,0.47859999999999997,-0.97299,0.09406,3.0,0.0,0.006499999999999999,ETH,2505.99,0.0
2026-10-11T00:11:49.854723+00:00,ETH-26MAR27-2000-P,2554.51,ETH-26MAR27,put,2000.0,2027-03-26T08:00:00+00:00,0.4553733536541752,0.049,0.0505,0.049851,0.04975,2554.51,ETH-26MAR27,0.5503,-0.19918,4.81581,2668.0,2.0,0.0015000000000000013,ETH,2505.99,251.05
2026-10-11T00:11:49.854723+00:00,ETH-25JUN27-3900-C,2585.89,ETH-25JUN27,call,3900.0,2027-06-25T08:00:00+00:00,0.7045177752831965,0.055,0.057,0.056063,0.056,2585.89,ETH-25JUN27,0.5462,0.25246,6.93543,451.0,0.0,0.0020000000000000018,ETH,2505.99,0.0
2026-10-11T00:11:49.854723+00:00,ETH-16OCT26-2000-P,2506.49,ETH-16OCT26,put,2000.0,2026-10-16T08:00:00+00:00,0.014579376925906912,0.0004,0.0007,0.000513,0.00055,2506.49,ETH-16OCT26,0.8661,-0.01355,0.10499,2342.0,79.0,0.0003,ETH,2505.99,120.67
2026-10-11T00:11:49.854723+00:00,ETH-27NOV26-2150-C,2517.12,ETH-27NOV26,call,2150.0,2026-11-27T08:00:00+00:00,0.12956910998545518,0.161,0.1695,0.166271,0.16525,2517.12,ETH-27NOV26,0.5325,0.82071,2.37234,6.0,0.0,0.008500000000000008,ETH,2505.99,0.0
2026-10-11T00:11:49.854723+00:00,ETH-27NOV26-3400-C,2517.12,ETH-27NOV26,call,3400.0,2026-11-27T08:00:00+00:00,0.12956910998545518,0.006,0.0065,0.006266,0.00625,2517.12,ETH-27NOV26,0.5465,0.07643,1.30163,1442.0,401.0,0.0004999999999999996,ETH,2505.99,6019.06
2026-10-11T00:11:49.854723+00:00,ETH-12OCT26-2580-C,2505.84,ETH-12OCT26,call,2580.0,2026-10-12T08:00:00+00:00,0.003627973777378508,0.0009,0.001,0.000952,0.00095,2505.84,ETH-12OCT26,0.3643,0.09367,0.25235,1261.0,25.0,0.00010000000000000005,ETH,2505.99,43.68
2026-10-11T00:11:49.854723+00:00,ETH-11OCT26-2200-C,2505.81,ETH-11OCT26,call,2200.0,2026-10-11T08:00:00+00:00,0.0008901229902464066,0.1195,0.1245,0.122047,0.122,2505.81,ETH-11OCT26,0.8175,1.0,0.0,0.0,0.0,0.0050000000000000044,ETH,2505.99,0.0
2026-10-11T00:11:49.854723+00:00,ETH-27NOV26-3000-C,2517.12,ETH-27NOV26,call,3000.0,2026-11-27T08:00:00+00:00,0.12956910998545518,0.017,0.018,0.017447,0.0175,2517.12,ETH-27NOV26,0.5032,0.19,2.4595,17782.0,1.0,0.0009999999999999974,ETH,2505.99,39.88
2026-10-11T00:11:49.854723+00:00,ETH-13OCT26-2600-C,2506.09,ETH-13OCT26,call,2600.0,2026-10-13T08:00:00+00:00,0.006365824564510609,0.0017,0.0019,0.001797,0.0018,2506.09,ETH-13OCT26,0.3871,0.1198,0.39946,123.0,19.0,0.0002000000000000001,ETH,2505.99,54.53
2026-10-11T00:11:49.854723+00:00,ETH-25JUN27-6000-C,2585.89,ETH-25JUN27,call,6000.0,2027-06-25T08:00:00+00:00,0.7045177752831965,0.014,0.0155,0.014762,0.01475,2585.89,ETH-25JUN27,0.6004,0.07816,3.17138,2666.0,0.0,0.0014999999999999996,ETH,2505.99,0.0
2026-10-11T00:11:49.854723+00:00,ETH-14OCT26-2560-C,2506.12,ETH-14OCT26,call,2560.0,2026-10-14T08:00:00+00:00,0.00910367535164271,0.0055,0.0065,0.006075,0.006,2506.12,ETH-14OCT26,0.3726,0.28077,0.80601,77.0,77.0,0.001,ETH,2505.99,981.05
2026-10-11T00:11:49.854723+00:00,ETH-26MAR27-4500-P,2554.51,ETH-26MAR27,put,4500.0,2027-03-26T08:00:00+00:00,0.4553733536541752,0.7625,0.79,0.777609,0.77625,2554.51,ETH-26MAR27,0.5722,-0.89844,3.06074,0.0,0.0,0.02750000000000008,ETH,2505.99,0.0
2026-10-11T00:11:49.854723+00:00,ETH-11OCT26-2580-C,2505.83,ETH-11OCT26,call,2580.0,2026-10-11T08:00:00+00:00,0.0008901229902464066,,0.0001,7.3e-05,,2505.83,ETH-11OCT26,0.4518,0.01526,0.02865,320.0,101.0,,ETH,2505.99,77.64
2026-10-11T00:11:49.854723+00:00,ETH-27NOV26-4200-P,2517.12,ETH-27NOV26,put,4200.0,2026-11-27T08:00:00+00:00,0.12956910998545518,0.6625,0.6775,0.670144,0.67,2517.12,ETH-27NOV26,0.6524,-0.98039,0.43148,0.0,0.0,0.015000000000000013,ETH,2505.99,0.0
2026-10-11T00:11:49.854723+00:00,ETH-27NOV26-1600-P,2517.12,ETH-27NOV26,put,1600.0,2026-11-27T08:00:00+00:00,0.12956910998545518,0.0028,0.0033,0.00305,0.00305,2517.12,ETH-27NOV26,0.7079000000000001,-0.02838,0.58898,462.0,0.0,0.0005,ETH,2505.99,0.0
2026-10-11T00:11:49.854723+00:00,ETH-27NOV26-2300-P,2517.12,ETH-27NOV26,put,2300.0,2026-11-27T08:00:00+00:00,0.12956910998545518,0.0345,0.0355,0.034816,0.035,2517.12,ETH-27NOV26,0.5074000000000001,-0.27926,3.04704,1345.0,5.0,0.000999999999999994,ETH,2505.99,429.68
2026-10-11T00:11:49.854723+00:00,ETH-26MAR27-3000-P,2554.51,ETH-26MAR27,put,3000.0,2027-03-26T08:00:00+00:00,0.4553733536541752,0.2475,0.2615,0.255166,0.2545,2554.51,ETH-26MAR27,0.5242,-0.60924,6.61987,405.0,0.0,0.014000000000000012,ETH,2505.99,0.0
2026-10-11T00:11:49.854723+00:00,ETH-16OCT26-2750-C,2506.47,ETH-16OCT26,call,2750.0,2026-10-16T08:00:00+00:00,0.014579376925906912,0.0013,0.0016,0.001464,0.00145,2506.47,ETH-16OCT26,0.4836,0.05953,0.35834,3609.0,2500.0,0.00030000000000000014,ETH,2505.99,8253.79
2026-10-11T00:11:49.854723+00:00,ETH-13OCT26-2560-C,2506.09,ETH-13OCT26,call,2560.0,2026-10-13T08:00:00+00:00,0.006365824564510609,0.0038,0.0041,0.003948,0.00395,2506.09,ETH-13OCT26,0.36329999999999996,0.23581,0.61555,30.0,24.0,0.00030000000000000035,ETH,2505.99,173.64
2026-10-11T00:11:49.854723+00:00,ETH-12OCT26-2100-P,2505.85,ETH-12OCT26,put,2100.0,2026-10-12T08:00:00+00:00,0.003627973777378508,,0.0002,9e-06,,2505.85,ETH-12OCT26,0.914,-0.0006,0.00317,1476.0,0.0,,ETH,2505.99,0.0
2026-10-11T00:11:49.854723+00:00,ETH-14OCT26-2420-P,2506.1,ETH-14OCT26,put,2420.0,2026-10-14T08:00:00+00:00,0.00910367535164271,0.0042,0.0046,0.004331,0.0044,2506.1,ETH-14OCT26,0.4267,-0.18965,0.64815,0.0,0.0,0.0004000000000000002,ETH,2505.99,0.0
2026-10-11T00:11:49.854723+00:00,ETH-25JUN27-3900-P,2585.91,ETH-25JUN27,put,3900.0,2027-06-25T08:00:00+00:00,0.7045177752831965,0.552,0.5755,0.564242,0.56375,2585.91,ETH-25JUN27,0.5462,-0.74754,6.9355,50.0,0.0,0.023499999999999965,ETH,2505.99,0.0
2026-10-11T00:11:49.854723+00:00,ETH-25DEC26-5200-P,2526.9,ETH-25DEC26,put,5200.0,2026-12-25T08:00:00+00:00,0.206228932025154,1.049,1.072,1.059507,1.0605,2526.9,ETH-25DEC26,0.6912,-0.98388,0.46251,0.0,0.0,0.02300000000000013,ETH,2505.99,0.0
2026-10-11T00:11:49.854723+00:00,ETH-25DEC26-4800-C,2526.88,ETH-25DEC26,call,4800.0,2026-12-25T08:00:00+00:00,0.206228932025154,0.0021,0.0027,0.002393,0.0024,2526.88,ETH-25DEC26,0.6609,0.02346,0.63601,3493.0,0.0,0.0006000000000000003,ETH,2505.99,0.0
2026-10-11T00:11:49.854723+00:00,ETH-27NOV26-4800-C,2517.12,ETH-27NOV26,call,4800.0,2026-11-27T08:00:00+00:00,0.12956910998545518,0.0005,0.0009,0.000682,0.0007,2517.12,ETH-27NOV26,0.7138,0.00859,0.21142,368.0,0.0,0.00039999999999999996,ETH,2505.99,0.0
2026-10-11T00:11:49.854723+00:00,ETH-25JUN27-4400-C,2585.91,ETH-25JUN27,call,4400.0,2027-06-25T08:00:00+00:00,0.7045177752831965,0.0375,0.0395,0.03842,0.0385,2585.91,ETH-25JUN27,0.5579,0.18391,5.77432,173.0,0.0,0.0020000000000000018,ETH,2505.99,0.0
2026-10-11T00:11:49.854723+00:00,ETH-25JUN27-2000-P,2585.89,ETH-25JUN27,put,2000.0,2027-06-25T08:00:00+00:00,0.7045177752831965,0.0715,0.0735,0.072531,0.0725,2585.89,ETH-25JUN27,0.5502,-0.21561,6.3545,1839.0,2.0,0.0020000000000000018,ETH,2505.99,361.97
2026-10-11T00:11:49.854723+00:00,ETH-25DEC26-2700-P,2526.88,ETH-25DEC26,put,2700.0,2026-12-25T08:00:00+00:00,0.206228932025154,0.1305,0.132,0.131291,0.13125,2526.88,ETH-25DEC26,0.49770000000000003,-0.57144,4.50582,4676.0,0.0,0.0015000000000000013,ETH,2505.99,0.0
2026-10-11T00:11:49.854723+00:00,ETH-27NOV26-2650-P,2517.12,ETH-27NOV26,put,2650.0,2026-11-27T08:00:00+00:00,0.12956910998545518,0.1,0.1015,0.101071,0.10075,2517.12,ETH-27NOV26,0.4863,-0.58169,3.53972,795.0,0.0,0.0015000000000000013,ETH,2505.99,0.0
2026-10-11T00:11:49.854723+00:00,ETH-13OCT26-2400-C,2506.09,ETH-13OCT26,call,2400.0,2026-10-13T08:00:00+00:00,0.006365824564510609,0.041,0.047,0.044453,0.044,2506.09,ETH-13OCT26,0.4612,0.88377,0.391,0.0,0.0,0.005999999999999998,ETH,2505.99,0.0
2026-10-11T00:11:49.854723+00:00,ETH-11OCT26-2440-P,2505.81,ETH-11OCT26,put,2440.0,2026-10-11T08:00:00+00:00,0.0008901229902464066,0.0003,0.0004,0.000314,0.00035,2505.81,ETH-11OCT26,0.5367999999999999,-0.04706,0.07323,984.0,820.0,0.00010000000000000005,ETH,2505.99,689.22
2026-10-11T00:11:49.854723+00:00,ETH-24SEP27-4600-C,2616.68,ETH-24SEP27,call,4600.0,2027-09-24T08:00:00+00:00,0.9536621969122177,0.054,0.057,0.05556,0.0555,2616.68,ETH-24SEP27,0.56,0.22427,7.65233,20.0,0.0,0.0030000000000000027,ETH,2505.99,0.0
2026-10-11T00:11:49.854723+00:00,ETH-25DEC26-7000-C,2526.88,ETH-25DEC26,call,7000.0,2026-12-25T08:00:00+00:00,0.206228932025154,0.0003,0.0006,0.000367,0.00045,2526.88,ETH-25DEC26,0.7848999999999999,0.00369,0.12648,3957.0,3.0,0.0003,ETH,2505.99,3.76
2026-10-11T00:11:49.854723+00:00,ETH-11OCT26-2400-C,2505.81,ETH-11OCT26,call,2400.0,2026-10-11T08:00:00+00:00,0.0008901229902464066,0.039,0.0455,0.042394,0.04225,2505.81,ETH-11OCT26,0.7121999999999999,0.97965,0.03663,0.0,0.0,0.006499999999999999,ETH,2505.99,0.0
2026-10-11T00:11:49.854723+00:00,ETH-14OCT26-2600-P,2506.12,ETH-14OCT26,put,2600.0,2026-10-14T08:00:00+00:00,0.00910367535164271,0.0375,0.044,0.04064,0.04075,2506.12,ETH-14OCT26,0.38780000000000003,-0.83533,0.59281,15.0,15.0,0.006499999999999999,ETH,2506.0,1647.35
2026-10-11T00:11:49.854723+00:00,ETH-12OCT26-2740-P,2505.85,ETH-12OCT26,put,2740.0,2026-10-12T08:00:00+00:00,0.003627973777378508,0.09,0.0975,0.093516,0.09375,2505.85,ETH-12OCT26,0.5891,-0.99379,0.02645,0.0,0.0,0.007500000000000007,ETH,2506.0,0.0
2026-10-11T00:11:49.854723+00:00,ETH-25DEC26-1800-P,2526.88,ETH-25DEC26,put,1800.0,2026-12-25T08:00:00+00:00,0.206228932025154,0.0105,0.0115,0.010964,0.011,2526.88,ETH-25DEC26,0.5893999999999999,-0.08063,1.71673,6143.0,32.0,0.0009999999999999992,ETH,2506.0,882.03
2026-10-11T00:11:49.854723+00:00,ETH-27NOV26-3600-C,2517.12,ETH-27NOV26,call,3600.0,2026-11-27T08:00:00+00:00,0.12956910998545518,0.0039,0.0044,0.004159,0.00415,2517.12,ETH-27NOV26,0.5737,0.05167,0.95949,7231.0,750.0,0.0005000000000000004,ETH,2506.0,6975.44
2026-10-11T00:11:49.854723+00:00,ETH-25JUN27-1400-P,2585.89,ETH-25JUN27,put,1400.0,2027-06-25T08:00:00+00:00,0.7045177752831965,0.0215,0.023,0.022197,0.02225,2585.89,ETH-25JUN27,0.6221,-0.07553,3.08993,1864.0,0.0,0.0015000000000000013,ETH,2506.0,0.0
2026-10-11T00:11:49.854723+00:00,ETH-23OCT26-2450-C,2508.06,ETH-23OCT26,call,2450.0,2026-10-23T08:00:00+00:00,0.03374433243583162,0.044,0.0455,0.044575,0.04475,2508.06,ETH-23OCT26,0.4372,0.63019,1.73977,231.0,0.0,0.0015000000000000013,ETH,2506.01,0.0
2026-10-11T00:11:49.854723+00:00,ETH-13OCT26-2400-P,2506.09,ETH-13OCT26,put,2400.0,2026-10-13T08:00:00+00:00,0.006365824564510609,0.002,0.0023,0.002124,0.00215,2506.09,ETH-13OCT26,0.4612,-0.11626,0.39107,37.0,4.0,0.0002999999999999999,ETH,2506.0,22.71
2026-10-11T00:11:49.854723+00:00,ETH-25JUN27-1600-C,2585.91,ETH-25JUN27,call,1600.0,2027-06-25T08:00:00+00:00,0.7045177752831965,0.41,0.418,0.414949,0.414,2585.91,ETH-25JUN27,0.5895,0.88827,4.12868,358.0,0.0,0.008000000000000007,ETH,2506.01,0.0
2026-10-11T00:11:49.854723+00:00,ETH-27NOV26-2950-C,2517.12,ETH-27NOV26,call,2950.0,2026-11-27T08:00:00+00:00,0.12956910998545518,0.0195,0.0205,0.020053,0.02,2517.12,ETH-27NOV26,0.4986,0.21356,2.63791,1027.0,10.0,0.0010000000000000009,ETH,2506.01,474.36
2026-10-11T00:11:49.854723+00:00,ETH-27NOV26-2750-C,2517.12,ETH-27NOV26,call,2750.0,2026-11-27T08:00:00+00:00,0.12956910998545518,0.0355,0.0365,0.036107,0.036,2517.12,ETH-27NOV26,0.48840000000000006,0.33898,3.31714,3419.0,115.0,0.0010000000000000009,ETH,2506.01,9812.53
2026-10-11T00:11:49.854723+00:00,ETH-25DEC26-5000-C,2526.9,ETH-25DEC26,call,5000.0,2026-12-25T08:00:00+00:00,0.206228932025154,0.0017,0.0023,0.001989,0.002,2526.9,ETH-25DEC26,0.6772,0.01949,0.54373,4259.0,0.0,0.0006000000000000001,ETH,2506.01,0.0
2026-10-11T00:11:49.854723+00:00,ETH-26MAR27-3900-C,2554.51,ETH-26MAR27,call,3900.0,2027-03-26T08:00:00+00:00,0.4553733536541752,0.028,0.029,0.028536,0.0285,2554.51,ETH-26MAR27,0.5487,0.16925,4.35129,42.0,0.0,0.0010000000000000009,ETH,2506.01,0.0
2026-10-11T00:11:49.854723+00:00,ETH-26MAR27-2900-P,2554.53,ETH-26MAR27,put,2900.0,2027-03-26T08:00:00+00:00,0.4553733536541752,0.2255,0.2275,0.226677,0.2265,2554.53,ETH-26MAR27,0.5231,-0.57247,6.76558,319.0,5.0,0.0020000000000000018,ETH,2506.01,2861.84
2026-10-11T00:11:49.854723+00:00,ETH-25JUN27-4500-C,2585.89,ETH-25JUN27,call,4500.0,2027-06-25T08:00:00+00:00,0.7045177752831965,0.035,0.0365,0.035782,0.03575,2585.89,ETH-25JUN27,0.5603,0.17301,5.55631,2911.0,0.0,0.0014999999999999944,ETH,2506.01,0.0
2026-10-11T00:11:49.854723+00:00,ETH-23OCT26-3200-P,2508.06,ETH-23OCT26,put,3200.0,2026-10-23T08:00:00+00:00,0.03374433243583162,0.2725,0.2815,0.276489,0.277,2508.06,ETH-23OCT26,0.6009,-0.98426,0.18193,0.0,0.0,0.008999999999999952,ETH,2506.01,0.0
2026-10-11T00:11:49.854723+00:00,ETH-27NOV26-2900-C,2517.12,ETH-27NOV26,call,2900.0,2026-11-27T08:00:00+00:00,0.12956910998545518,0.0225,0.0235,0.023069,0.023,2517.12,ETH-27NOV26,0.4941,0.23981,2.81636,4276.0,22.0,0.0010000000000000009,ETH,2506.01,1260.74
2026-10-11T00:11:49.854723+00:00,ETH-26MAR27-4400-P,2554.51,ETH-26MAR27,put,4400.0,2027-03-26T08:00:00+00:00,0.4553733536541752,0.725,0.7525,0.739965,0.73875,2554.51,ETH-26MAR27,0.5682,-0.88988,3.24511,2.0,0.0,0.02749999999999997,ETH,2506.01,0.0
2026-10-11T00:11:49.854723+00:00,ETH-30OCT26-1600-P,2509.56,ETH-30OCT26,put,1600.0,2026-10-30T08:00:00+00:00,0.052909287945756334,0.0005,0.0007,0.00059,0.0006,2509.56,ETH-30OCT26,0.8543999999999999,-0.00847,0.13312,3668.0,0.0,0.00019999999999999998,ETH,2506.01,0.0
2026-10-11T00:11:49.854723+00:00,ETH-14OCT26-2700-P,2506.1,ETH-14OCT26,put,2700.0,2026-10-14T08:00:00+00:00,0.00910367535164271,0.0745,0.0815,0.078291,0.078,2506.1,ETH-14OCT26,0.4689,-0.94982,0.24734,0.0,0.0,0.007000000000000006,ETH,2506.01,0.0
2026-10-11T00:11:49.854723+00:00,ETH-11OCT26-2100-C,2505.81,ETH-11OCT26,call,2100.0,2026-10-11T08:00:00+00:00,0.0008901229902464066,0.159,0.1645,0.161954,0.16175,2505.81,ETH-11OCT26,0.9845,1.0,0.0,0.0,0.0,0.005500000000000005,ETH,2506.01,0.0
2026-10-11T00:11:49.854723+00:00,ETH-25JUN27-4200-C,2585.89,ETH-25JUN27,call,4200.0,2027-06-25T08:00:00+00:00,0.7045177752831965,0.0435,0.0455,0.044549,0.0445,2585.89,ETH-25JUN27,0.5533,0.20847,6.23061,574.0,0.0,0.0020000000000000018,ETH,2506.01,0.0
2026-10-11T00:11:49.854723+00:00,ETH-27NOV26-4800-P,2517.12,ETH-27NOV26,put,4800.0,2026-11-27T08:00:00+00:00,0.12956910998545518,0.8995,0.9165,0.907631,0.908,2517.12,ETH-27NOV26,0.7138,-0.99141,0.21143,0.0,0.0,0.017000000000000015,ETH,2506.01,0.0
2026-10-11T00:11:49.854723+00:00,ETH-12OCT26-2350-P,2505.84,ETH-12OCT26,put,2350.0,2026-10-12T08:00:00+00:00,0.003627973777378508,0.0006,0.0007,0.000621,0.00065,2505.84,ETH-12OCT26,0.6183,-0.0406,0.13158,4002.0,10.0,0.00010000000000000005,ETH,2506.01,12.53
2026-10-11T00:11:49.854723+00:00,ETH-24SEP27-3200-C,2616.66,ETH-24SEP27,call,3200.0,2027-09-24T08:00:00+00:00,0.9536621969122177,0.1345,0.138,0.136072,0.13625,2616.66,ETH-24SEP27,0.5404,0.45332,10.12799,2507.0,0.0,0.003500000000000003,ETH,2506.01,0.0
2026-10-11T00:11:49.854723+00:00,ETH-27NOV26-2500-P,2517.12,ETH-27NOV26,put,2500.0,2026-11-27T08:00:00+00:00,0.12956910998545518,0.066,0.067,0.066549,0.0665,2517.12,ETH-27NOV26,0.4889,-0.44955,3.58685,2427.0,302.0,0.0010000000000000009,ETH,2506.01,51557.26
2026-10-11T00:11:49.854723+00:00,ETH-26MAR27-1000-C,2554.51,ETH-26MAR27,call,1000.0,2027-03-26T08:00:00+00:00,0.4553733536541752,0.6095,0.6155,0.612659,0.6125,2554.51,ETH-26MAR27,0.7587,0.98157,0.77889,269.0,0.0,0.006000000000000005,ETH,2506.01,0.0
2026-10-11T00:11:49.854723+00:00,ETH-25JUN27-3300-C,2585.89,ETH-25JUN27,call,3300.0,2027-06-25T08:00:00+00:00,0.7045177752831965,0.091,0.0935,0.092361,0.09225,2585.89,ETH-25JUN27,0.5342,0.37474,8.23139,2273.0,0.0,0.0025000000000000022,ETH,2506.01,0.0
2026-10-11T00:11:49.854723+00:00,ETH-27NOV26-4000-C,2517.12,ETH-27NOV26,call,4000.0,2026-11-27T08:00:00+00:00,0.12956910998545518,0.0019,0.0023,0.0021,0.0021,2517.12,ETH-27NOV26,0.6274000000000001,0.02635,0.5535,2049.0,0.0,0.00039999999999999996,ETH,2506.01,0.0
2026-10-11T00:11:49.854723+00:00,ETH-12OCT26-2650-C,2505.84,ETH-12OCT26,call,2650.0,2026-10-12T08:00:00+00:00,0.003627973777378508,0.0002,0.0004,0.000294,0.0003,2505.84,ETH-12OCT26,0.47859999999999997,0.02703,0.09413,94.0,43.0,0.0002,ETH,2506.01,42.18
2026-10-11T00:11:49.854723+00:00,ETH-25JUN27-1500-C,2585.91,ETH-25JUN27,call,1500.0,2027-06-25T08:00:00+00:00,0.7045177752831965,0.4425,0.451,0.447164,0.44675,2585.91,ETH-25JUN27,0.6033,0.90797,3.5847,51.0,0.0,0.008500000000000008,ETH,2506.01,0.0
2026-10-11T00:11:49.854723+00:00,ETH-13OCT26-2380-C,2506.09,ETH-13OCT26,call,2380.0,2026-10-13T08:00:00+00:00,0.006365824564510609,0.0485,0.0545,0.052024,0.0515,2506.09,ETH-13OCT26,0.4941,0.90811,0.32971,18.0,0.0,0.005999999999999998,ETH,2506.01,0.0
2026-10-11T00:11:49.854723+00:00,ETH-25DEC26-6500-P,2526.88,ETH-25DEC26,put,6500.0,2026-12-25T08:00:00+00:00,0.206228932025154,1.5595,1.5885,1.572946,1.574,2526.88,ETH-25DEC26,0.7737999999999999,-0.994,0.1953,0.0,0.0,0.028999999999999915,ETH,2506.01,0.0
2026-10-11T00:11:49.854723+00:00,ETH-16OCT26-2200-C,2506.49,ETH-16OCT26,call,2200.0,2026-10-16T08:00:00+00:00,0.014579376925906912,0.121,0.1265,0.123858,0.12375,2506.49,ETH-16OCT26,0.659,0.95336,0.29528,0.0,0.0,0.005500000000000005,ETH,2506.01,0.0
2026-10-11T00:11:49.854723+00:00,ETH-13OCT26-2580-C,2506.09,ETH-13OCT26,call,2580.0,2026-10-13T08:00:00+00:00,0.006365824564510609,0.0025,0.0028,0.002634,0.00265,2506.09,ETH-13OCT26,0.37329999999999997,0.16828,0.50262,110.0,2.0,0.0002999999999999999,ETH,2506.01,10.27
2026-10-11T00:11:49.854723+00:00,ETH-26MAR27-3600-C,2554.51,ETH-26MAR27,call,3600.0,2027-03-26T08:00:00+00:00,0.4553733536541752,0.039,0.04,0.039539,0.0395,2554.51,ETH-26MAR27,0.5384,0.22296,5.14501,2424.0,387.0,0.0010000000000000009,ETH,2506.01,37188.04
2026-10-11T00:11:49.854723+00:00,ETH-11OCT26-2500-C,2505.81,ETH-11OCT26,call,2500.0,2026-10-11T08:00:00+00:00,0.0008901229902464066,0.004,0.0048,0.004391,0.0044,2505.81,ETH-11OCT26,0.26039999999999996,0.61929,0.28395,847.0,80.0,0.0007999999999999995,ETH,2506.01,644.43
2026-10-11T00:11:49.854723+00:00,ETH-11OCT26-2340-P,2505.81,ETH-11OCT26,put,2340.0,2026-10-11T08:00:00+00:00,0.0008901229902464066,,0.0002,5e-06,,2505.81,ETH-11OCT26,0.7315999999999999,-0.0008,0.00204,153.0,107.0,,ETH,2506.01,29.45
2026-10-11T00:11:49.854723+00:00,ETH-12OCT26-2360-C,2505.84,ETH-12OCT26,call,2360.0,2026-10-12T08:00:00+00:00,0.003627973777378508,0.055,0.062,0.058873,0.0585,2505.84,ETH-12OCT26,0.5942000000000001,0.95491,0.14324,0.0,0.0,0.006999999999999999,ETH,2506.01,0.0
2026-10-11T00:11:49.854723+00:00,ETH-26MAR27-3400-P,2554.51,ETH-26MAR27,put,3400.0,2027-03-26T08:00:00+00:00,0.4553733536541752,0.37,0.39,0.380718,0.38,2554.51,ETH-26MAR27,0.5323,-0.73104,5.69064,13.0,0.0,0.020000000000000018,ETH,2506.01,0.0
2026-10-11T00:11:49.854723+00:00,ETH-30OCT26-1400-C,2509.54,ETH-30OCT26,call,1400.0,2026-10-30T08:00:00+00:00,0.052909287945756334,0.4405,0.444,0.442312,0.44225,2509.54,ETH-30OCT26,0.9440999999999999,0.99741,0.04631,50.0,0.0,0.003500000000000003,ETH,2506.01,0.0
2026-10-11T00:11:49.854723+00:00,ETH-25DEC26-2600-C,2526.88,ETH-25DEC26,call,2600.0,2026-12-25T08:00:00+00:00,0.206228932025154,0.077,0.078,0.07753,0.0775,2526.88,ETH-25DEC26,0.4975,0.49475,4.57909,10139.0,0.0,0.0010000000000000009,ETH,2506.01,0.0
2026-10-11T00:11:49.854723+00:00,ETH-25JUN27-2400-C,2585.89,ETH-25JUN27,call,2400.0,2027-06-25T08:00:00+00:00,0.7045177752831965,0.2085,0.211,0.209722,0.20975,2585.89,ETH-25JUN27,0.5354,0.65201,8.02532,944.0,0.0,0.0025000000000000022,ETH,2506.01,0.0
2026-10-11T00:11:49.854723+00:00,ETH-25JUN27-5000-C,2585.89,ETH-25JUN27,call,5000.0,2027-06-25T08:00:00+00:00,0.7045177752831965,0.025,0.0265,0.025688,0.02575,2585.89,ETH-25JUN27,0.5733,0.12941,4.57863,7165.0,0.0,0.0014999999999999979,ETH,2506.01,0.0
2026-10-11T00:11:49.854723+00:00,ETH-14OCT26-2500-C,2506.1,ETH-14OCT26,call,2500.0,2026-10-14T08:00:00+00:00,0.00910367535164271,0.015,0.0165,0.015404,0.01575,2506.1,ETH-14OCT26,0.3722,0.53459,0.95037,0.0,0.0,0.0015000000000000013,ETH,2506.01,0.0
2026-10-11T00:11:49.854723+00:00,ETH-25JUN27-2500-P,2585.89,ETH-25JUN27,put,2500.0,2027-06-25T08:00:00+00:00,0.7045177752831965,0.157,0.16,0.158233,0.1585,2585.89,ETH-25JUN27,0.5337,-0.38229,8.28216,3298.0,0.0,0.0030000000000000027,ETH,2506.01,0.0
2026-10-11T00:11:49.854723+00:00,ETH-30OCT26-1850-P,2509.56,ETH-30OCT26,put,1850.0,2026-10-30T08:00:00+00:00,0.052909287945756334,0.0016,0.0019,0.001723,0.00175,2509.56,ETH-30OCT26,0.7127,-0.02611,0.34991,1379.0,0.0,0.0002999999999999999,ETH,2506.01,0.0
2026-10-11T00:11:49.854723+00:00,ETH-12OCT26-2250-C,2505.85,ETH-12OCT26,call,2250.0,2026-10-12T08:00:00+00:00,0.003627973777378508,0.0995,0.1045,0.102337,0.102,2505.85,ETH-12OCT26,0.8189,0.98641,0.05247,0.0,0.0,0.0049999999999999906,ETH,2506.01,0.0
2026-10-11T00:11:49.854723+00:00,ETH-30OCT26-3050-C,2509.54,ETH-30OCT26,call,3050.0,2026-10-30T08:00:00+00:00,0.052909287945756334,0.0027,0.0031,0.00291,0.0029,2509.54,ETH-30OCT26,0.5222,0.05899,0.67874,1739.0,10.0,0.00039999999999999975,ETH,2506.01,72.32
2026-10-11T00:11:49.854723+00:00,ETH-25DEC26-4200-C,2526.88,ETH-25DEC26,call,4200.0,2026-12-25T08:00:00+00:00,0.206228932025154,0.0042,0.0048,0.00449,0.0045,2526.88,ETH-25DEC26,0.6062,0.04389,1.06645,6511.0,1.0,0.0005999999999999998,ETH,2506.01,10.79
2026-10-11T00:11:49.854723+00:00,ETH-11OCT26-2620-P,2505.81,ETH-11OCT26,put,2620.0,2026-10-11T08:00:00+00:00,0.0008901229902464066,0.0425,0.0495,0.045568,0.046,2505.81,ETH-11OCT26,0.504,-0.99849,0.00366,0.0,0.0,0.006999999999999999,ETH,2506.01,0.0
2026-10-11T00:11:49.854723+00:00,ETH-16OCT26-3200-P,2506.49,ETH-16OCT26,put,3200.0,2026-10-16T08:00:00+00:00,0.014579376925906912,0.273,0.2815,0.27683,0.27725,2506.49,ETH-16OCT26,0.7717,-0.99499,0.04388,0.0,0.0,0.008499999999999952,ETH,2506.01,0.0
2026-10-11T00:11:49.854723+00:00,ETH-12OCT26-2640-P,2505.85,ETH-12OCT26,put,2640.0,2026-10-12T08:00:00+00:00,0.003627973777378508,0.0505,0.057,0.053878,0.05375,2505.85,ETH-12OCT26,0.46259999999999996,-0.96834,0.10733,5.0,0.0,0.006499999999999999,ETH,2506.01,0.0
2026-10-11T00:11:49.854723+00:00,ETH-26MAR27-8000-P,2554.51,ETH-26MAR27,put,8000.0,2027-03-26T08:00:00+00:00,0.4553733536541752,2.108,2.1575,2.133667,2.13275,2554.51,ETH-26MAR27,0.6931,-0.98631,0.60362,0.0,0.0,0.0495000000000001,ETH,2506.01,0.0
2026-10-11T00:11:49.854723+00:00,ETH-25JUN27-6500-P,2585.89,ETH-25JUN27,put,6500.0,2027-06-25T08:00:00+00:00,0.7045177752831965,1.503,1.546,1.525334,1.5245,2585.89,ETH-25JUN27,0.6138,-0.9371,2.68359,0.0,0.0,0.04300000000000015,ETH,2506.01,0.0
2026-10-11T00:11:49.854723+00:00,ETH-12OCT26-2380-P,2505.84,ETH-12OCT26,put,2380.0,2026-10-12T08:00:00+00:00,0.003627973777378508,0.0008,0.0009,0.000807,0.00085,2505.84,ETH-12OCT26,0.5464,-0.05673,0.17198,4399.0,140.0,9.999999999999994e-05,ETH,2506.01,254.38
2026-10-11T00:11:49.854723+00:00,ETH-16OCT26-2600-C,2506.47,ETH-16OCT26,call,2600.0,2026-10-16T08:00:00+00:00,0.014579376925906912,0.0065,0.007,0.006743,0.00675,2506.47,ETH-16OCT26,0.4103,0.2374,0.93536,2753.0,92.0,0.0005000000000000004,ETH,2506.01,1326.26
2026-10-11T00:11:49.854723+00:00,ETH-30OCT26-2550-C,2509.56,ETH-30OCT26,call,2550.0,2026-10-30T08:00:00+00:00,0.052909287945756334,0.0335,0.0345,0.033826,0.034,2509.56,ETH-30OCT26,0.4475,0.45862,2.29111,2432.0,17.0,0.0010000000000000009,ETH,2506.01,1330.99
2026-10-11T00:11:49.854723+00:00,ETH-27NOV26-2600-C,2517.12,ETH-27NOV26,call,2600.0,2026-11-27T08:00:00+00:00,0.12956910998545518,0.055,0.0565,0.055688,0.05575,2517.12,ETH-27NOV26,0.4865,0.46125,3.59875,1467.0,0.0,0.0015000000000000013,ETH,2506.01,0.0
2026-10-11T00:11:49.854723+00:00,ETH-26MAR27-5000-P,2554.51,ETH-26MAR27,put,5000.0,2027-03-26T08:00:00+00:00,0.4553733536541752,0.953,0.9835,0.96809,0.96825,2554.51,ETH-26MAR27,0.5943,-0.92969,2.32328,21.0,0.0,0.030500000000000083,ETH,2506.01,0.0
2026-10-11T00:11:49.854723+00:00,ETH-12OCT26-2400-C,2505.84,ETH-12OCT26,call,2400.0,2026-10-12T08:00:00+00:00,0.003627973777378508,0.0395,0.0465,0.043199,0.043,2505.84,ETH-12OCT26,0.495,0.92831,0.2063,0.0,0.0,0.006999999999999999,ETH,2506.01,0.0
2026-10-11T00:11:49.854723+00:00,ETH-12OCT26-2760-C,2505.84,ETH-12OCT26,call,2760.0,2026-10-12T08:00:00+00:00,0.003627973777378508,,0.0002,3.9e-05,,2505.84,ETH-12OCT26,0.5929,0.0036,0.01626,58.0,0.0,,ETH,2506.01,0.0
2026-10-11T00:11:49.854723+00:00,ETH-14OCT26-2600-C,2506.12,ETH-14OCT26,call,2600.0,2026-10-14T08:00:00+00:00,0.00910367535164271,0.003,0.0034,0.003176,0.0032,2506.12,ETH-14OCT26,0.38780000000000003,0.16473,0.59295,0.0,0.0,0.00039999999999999975,ETH,2506.01,0.0
2026-10-11T00:11:49.854723+00:00,ETH-30OCT26-3200-C,2509.56,ETH-30OCT26,call,3200.0,2026-10-30T08:00:00+00:00,0.052909287945756334,0.0016,0.0019,0.001753,0.00175,2509.56,ETH-30OCT26,0.565,0.03556,0.45204,15841.0,82.0,0.0002999999999999999,ETH,2506.01,387.85
2026-10-11T00:11:49.854723+00:00,ETH-14OCT26-2660-C,2506.1,ETH-14OCT26,call,2660.0,2026-10-14T08:00:00+00:00,0.00910367535164271,0.0013,0.0016,0.001457,0.00145,2506.1,ETH-14OCT26,0.43560000000000004,0.07883,0.35156,2.0,2.0,0.00030000000000000014,ETH,2506.01,6.51
2026-10-11T00:11:49.854723+00:00,ETH-26MAR27-800-C,2554.53,ETH-26MAR27,call,800.0,2027-03-26T08:00:00+00:00,0.4553733536541752,0.6865,0.6915,0.688918,0.689,2554.53,ETH-26MAR27,0.8281000000000001,0.99078,0.42826,0.0,0.0,0.0050000000000000044,ETH,2506.01,0.0
2026-10-11T00:11:49.854723+00:00,ETH-26MAR27-4400-C,2554.51,ETH-26MAR27,call,4400.0,2027-03-26T08:00:00+00:00,0.4553733536541752,0.017,0.018,0.017521,0.0175,2554.51,ETH-26MAR27,0.5682,0.11012,3.24498,1182.0,0.0,0.0009999999999999974,ETH,2506.01,0.0
2026-10-11T00:11:49.854723+00:00,ETH-25DEC26-3000-P,2526.9,ETH-25DEC26,put,3000.0,2026-12-25T08:00:00+00:00,0.206228932025154,0.212,0.2275,0.220292,0.21975,2526.9,ETH-25DEC26,0.507,-0.73567,3.75501,841.0,0.0,0.015500000000000014,ETH,2506.01,0.0
2026-10-11T00:11:49.854723+00:00,ETH-25JUN27-4100-C,2585.89,ETH-25JUN27,call,4100.0,2027-06-25T08:00:00+00:00,0.7045177752831965,0.047,0.049,0.048058,0.048,2585.89,ETH-25JUN27,0.551,0.22215,6.46489,20.0,0.0,0.0020000000000000018,ETH,2506.01,0.0
2026-10-11T00:11:49.854723+00:00,ETH-24SEP27-5500-P,2616.68,ETH-24SEP27,put,5500.0,2027-09-24T08:00:00+00:00,0.9536621969122177,1.112,1.155,1.136695,1.1335,2616.68,ETH-24SEP27,0.5768,-0.85004,5.95903,0.0,0.0,0.04299999999999993,ETH,2506.01,0.0
2026-10-11T00:11:49.854723+00:00,ETH-13OCT26-2800-P,2506.09,ETH-13OCT26,put,2800.0,2026-10-13T08:00:00+00:00,0.006365824564510609,0.114,0.1215,0.117431,0.11775,2506.09,ETH-13OCT26,0.5868,-0.9905,0.05095,0.0,0.0,0.007499999999999993,ETH,2506.01,0.0
2026-10-11T00:11:49.854723+00:00,ETH-23OCT26-3000-P,2508.06,ETH-23OCT26,put,3000.0,2026-10-23T08:00:00+00:00,0.03374433243583162,0.1935,0.202,0.197507,0.19775,2508.06,ETH-23OCT26,0.5288,-0.96362,0.36755,0.0,0.0,0.008500000000000008,ETH,2506.03,0.0
2026-10-11T00:11:49.854723+00:00,ETH-25JUN27-1900-P,2585.89,ETH-25JUN27,put,1900.0,2027-06-25T08:00:00+00:00,0.7045177752831965,0.0595,0.0615,0.060506,0.0605,2585.89,ETH-25JUN27,0.5573,-0.18601,5.81537,3368.0,0.0,0.0020000000000000018,ETH,2506.03,0.0
2026-10-11T00:11:49.854723+00:00,ETH-11OCT26-2580-P,2505.81,ETH-11OCT26,put,2580.0,2026-10-11T08:00:00+00:00,0.0008901229902464066,0.0265,0.0335,0.029672,0.03,2505.81,ETH-11OCT26,0.4518,-0.98477,0.02859,180.0,0.0,0.007000000000000003,ETH,2506.03,0.0
2026-10-11T00:11:49.854723+00:00,ETH-14OCT26-2680-C,2506.1,ETH-14OCT26,call,2680.0,2026-10-14T08:00:00+00:00,0.00910367535164271,0.001,0.0013,0.001164,0.00115,2506.1,ETH-14OCT26,0.4531,0.06304,0.29605,0.0,0.0,0.0002999999999999999,ETH,2506.03,0.0
2026-10-11T00:11:49.854723+00:00,ETH-16OCT26-3000-P,2506.49,ETH-16OCT26,put,3000.0,2026-10-16T08:00:00+00:00,0.014579376925906912,0.1935,0.2015,0.197242,0.1975,2506.49,ETH-16OCT26,0.6564,-0.98706,0.10091,10.0,0.0,0.008000000000000007,ETH,2506.03,0.0
2026-10-11T00:11:49.854723+00:00,ETH-27NOV26-3400-P,2517.12,ETH-27NOV26,put,3400.0,2026-11-27T08:00:00+00:00,0.12956910998545518,0.351,0.364,0.357021,0.3575,2517.12,ETH-27NOV26,0.5465,-0.92357,1.30163,3.0,0.0,0.013000000000000012,ETH,2506.03,0.0
2026-10-11T00:11:49.854723+00:00,ETH-25DEC26-4500-C,2526.9,ETH-25DEC26,call,4500.0,2026-12-25T08:00:00+00:00,0.206228932025154,0.0029,0.0036,0.003245,0.00325,2526.9,ETH-25DEC26,0.6352,0.03176,0.81881,3348.0,0.0,0.0007000000000000001,ETH,2506.03,0.0
2026-10-11T00:11:49.854723+00:00,ETH-30OCT26-1000-P,2509.54,ETH-30OCT26,put,1000.0,2026-10-30T08:00:00+00:00,0.052909287945756334,,0.0001,3.2e-05,,2509.54,ETH-30OCT26,1.2457,-0.0004,0.00833,2771.0,0.0,,ETH,2506.03,0.0
2026-10-11T00:11:49.854723+00:00,ETH-14OCT26-2520-C,2506.12,ETH-14OCT26,call,2520.0,2026-10-14T08:00:00+00:00,0.00910367535164271,0.011,0.012,0.011511,0.0115,2506.12,ETH-14OCT26,0.3696,0.44482,0.94482,0.0,0.0,0.0010000000000000009,ETH,2506.03,0.0
2026-10-11T00:11:49.854723+00:00,ETH-24SEP27-1000-C,2616.66,ETH-24SEP27,call,1000.0,2027-09-24T08:00:00+00:00,0.9536621969122177,0.626,0.6355,0.630539,0.63075,2616.66,ETH-24SEP27,0.6761,0.963,2.06721,0.0,0.0,0.009499999999999953,ETH,2506.03,0.0
2026-10-11T00:11:49.854723+00:00,ETH-25JUN27-1400-C,2585.89,ETH-25JUN27,call,1400.0,2027-06-25T08:00:00+00:00,0.7045177752831965,0.4765,0.4835,0.480799,0.48,2585.89,ETH-25JUN27,0.6221,0.92448,3.08979,50.0,0.0,0.007000000000000006,ETH,2506.03,0.0
2026-10-11T00:11:49.854723+00:00,ETH-26MAR27-2300-C,2554.51,ETH-26MAR27,call,2300.0,2027-03-26T08:00:00+00:00,0.4553733536541752,0.19,0.1915,0.190617,0.19075,2554.51,ETH-26MAR27,0.5309,0.68156,6.15403,5130.0,0.0,0.0015000000000000013,ETH,2506.03,0.0
2026-10-11T00:11:49.854723+00:00,ETH-12OCT26-2380-C,2505.85,ETH-12OCT26,call,2380.0,2026-10-12T08:00:00+00:00,0.003627973777378508,0.0475,0.054,0.051026,0.05075,2505.85,ETH-12OCT26,0.5464,0.94326,0.172,101.0,0.0,0.006499999999999999,ETH,2506.03,0.0
2026-10-11T00:11:49.854723+00:00,ETH-26MAR27-6000-C,2554.51,ETH-26MAR27,call,6000.0,2027-03-26T08:00:00+00:00,0.4553733536541752,0.005,0.006,0.005494,0.0055,2554.51,ETH-26MAR27,0.6332,0.0372,1.40059,5632.0,0.0,0.001,ETH,2506.03,0.0
2026-10-11T00:11:49.854723+00:00,ETH-25DEC26-3500-P,2526.88,ETH-25DEC26,put,3500.0,2026-12-25T08:00:00+00:00,0.206228932025154,0.3895,0.4055,0.397626,0.3975,2526.88,ETH-25DEC26,0.5424,-0.88474,2.23172,62.0,0.0,0.016000000000000014,ETH,2506.03,0.0
2026-10-11T00:11:49.854723+00:00,ETH-24SEP27-2400-C,2616.66,ETH-24SEP27,call,2400.0,2027-09-24T08:00:00+00:00,0.9536621969122177,0.243,0.2475,0.244149,0.24525,2616.66,ETH-24SEP27,0.542,0.66569,9.30529,68.0,0.0,0.004500000000000004,ETH,2506.03,0.0
2026-10-11T00:11:49.854723+00:00,ETH-24SEP27-2000-P,2616.68,ETH-24SEP27,put,2000.0,2027-09-24T08:00:00+00:00,0.9536621969122177,0.091,0.0935,0.092131,0.09225,2616.68,ETH-24SEP27,0.5532,-0.22138,7.59609,761.0,0.0,0.0025000000000000022,ETH,2506.03,0.0
2026-10-11T00:11:49.854723+00:00,ETH-14OCT26-2200-C,2506.1,ETH-14OCT26,call,2200.0,2026-10-14T08:00:00+00:00,0.00910367535164271,0.12,0.125,0.12286,0.1225,2506.1,ETH-14OCT26,0.7193999999999999,0.97337,0.14733,0.0,0.0,0.0050000000000000044,ETH,2506.03,0.0
2026-10-11T00:11:49.854723+00:00,ETH-12OCT26-2760-P,2505.84,ETH-12OCT26,put,2760.0,2026-10-12T08:00:00+00:00,0.003627973777378508,0.098,0.1055,0.101466,0.10175,2505.84,ETH-12OCT26,0.5929,-0.9964,0.01627,1.0,0.0,0.007499999999999993,ETH,2506.03,0.0
2026-10-11T00:11:49.854723+00:00,ETH-24SEP27-1600-C,2616.66,ETH-24SEP27,call,1600.0,2027-09-24T08:00:00+00:00,0.9536621969122177,0.4275,0.442,0.434922,0.43475,2616.66,ETH-24SEP27,0.5818,0.87486,5.26622,0.0,0.0,0.014500000000000013,ETH,2506.03,0.0
2026-10-11T00:11:49.854723+00:00,ETH-12OCT26-2750-P,2505.84,ETH-12OCT26,put,2750.0,2026-10-12T08:00:00+00:00,0.003627973777378508,0.094,0.1015,0.097488,0.09775,2505.84,ETH-12OCT26,0.5904,-0.99529,0.02069,0.0,0.0,0.007500000000000007,ETH,2506.03,0.0
2026-10-11T00:11:49.854723+00:00,ETH-30OCT26-3400-P,2509.54,ETH-30OCT26,put,3400.0,2026-10-30T08:00:00+00:00,0.052909287945756334,0.351,0.3615,0.355819,0.35625,2509.54,ETH-30OCT26,0.6209,-0.98003,0.27922,1.0,0.0,0.01050000000000001,ETH,2506.03,0.0
2026-10-11T00:11:49.854723+00:00,ETH-26MAR27-3500-P,2554.51,ETH-26MAR27,put,3500.0,2027-03-26T08:00:00+00:00,0.4553733536541752,0.4125,0.424,0.414361,0.41825,2554.51,ETH-26MAR27,0.535,-0.75535,5.41683,24.0,0.0,0.01150000000000001,ETH,2506.03,0.0
2026-10-11T00:11:49.854723+00:00,ETH-11OCT26-2420-C,2505.81,ETH-11OCT26,call,2420.0,2026-10-11T08:00:00+00:00,0.0008901229902464066,0.031,0.0375,0.034468,0.03425,2505.81,ETH-11OCT26,0.6244,0.97021,0.05042,8.0,0.0,0.006499999999999999,ETH,2506.03,0.0
2026-10-11T00:11:49.854723+00:00,ETH-12OCT26-2400-P,2505.85,ETH-12OCT26,put,2400.0,2026-10-12T08:00:00+00:00,0.003627973777378508,0.0009,0.0011,0.000962,0.001,2505.85,ETH-12OCT26,0.495,-0.07169,0.2063,1433.0,70.0,0.0002000000000000001,ETH,2506.03,157.54
2026-10-11T00:11:49.854723+00:00,ETH-24SEP27-2700-P,2616.68,ETH-24SEP27,put,2700.0,2027-09-24T08:00:00+00:00,0.9536621969122177,0.2255,0.23,0.227584,0.22775,2616.68,ETH-24SEP27,0.5399,-0.41907,9.9873,481.0,0.0,0.004500000000000004,ETH,2506.03,0.0
2026-10-11T00:11:49.854723+00:00,ETH-25DEC26-5200-C,2526.9,ETH-25DEC26,call,5200.0,2026-12-25T08:00:00+00:00,0.206228932025154,0.0014,0.0019,0.001641,0.00165,2526.9,ETH-25DEC26,0.6912,0.01612,0.46251,9570.0,0.0,0.0005,ETH,2506.03,0.0
2026-10-11T00:11:49.854723+00:00,ETH-27NOV26-4400-C,2517.12,ETH-27NOV26,call,4400.0,2026-11-27T08:00:00+00:00,0.12956910998545518,0.001,0.0014,0.001191,0.0012,2517.12,ETH-27NOV26,0.6761,0.01491,0.34146,1175.0,1.0,0.00039999999999999996,ETH,2506.03,2.24
2026-10-11T00:11:49.854723+00:00,ETH-30OCT26-2250-C,2509.54,ETH-30OCT26,call,2250.0,2026-10-30T08:00:00+00:00,0.052909287945756334,0.11,0.1165,0.113842,0.11325,2509.54,ETH-30OCT26,0.5077,0.8396,1.40721,603.0,0.0,0.006500000000000006,ETH,2506.03,0.0
2026-10-11T00:11:49.854723+00:00,ETH-24SEP27-3800-C,2616.66,ETH-24SEP27,call,3800.0,2027-09-24T08:00:00+00:00,0.9536621969122177,0.089,0.092,0.090371,0.0905,2616.66,ETH-24SEP27,0.5468,0.33309,9.29189,1012.0,0.0,0.0030000000000000027,ETH,2506.03,0.0
2026-10-11T00:11:49.854723+00:00,ETH-24SEP27-3100-P,2616.66,ETH-24SEP27,put,3100.0,2027-09-24T08:00:00+00:00,0.9536621969122177,0.323,0.3385,0.330867,0.33075,2616.66,ETH-24SEP27,0.5398,-0.52301,10.18101,100.0,0.0,0.015500000000000014,ETH,2506.03,0.0
2026-10-11T00:11:49.854723+00:00,ETH-30OCT26-1900-P,2509.56,ETH-30OCT26,put,1900.0,2026-10-30T08:00:00+00:00,0.052909287945756334,0.0019,0.0023,0.00208,0.0021,2509.56,ETH-30OCT26,0.682,-0.03205,0.41499,1259.0,0.0,0.00039999999999999996,ETH,2506.03,0.0
2026-10-11T00:11:49.854723+00:00,ETH-30OCT26-2900-P,2509.54,ETH-30OCT26,put,2900.0,2026-10-30T08:00:00+00:00,0.052909287945756334,0.1565,0.1655,0.161097,0.161,2509.54,ETH-30OCT26,0.4853,-0.8924,1.06866,145.0,0.0,0.009000000000000008,ETH,2506.03,0.0
2026-10-11T00:11:49.854723+00:00,ETH-24SEP27-2400-P,2616.68,ETH-24SEP27,put,2400.0,2027-09-24T08:00:00+00:00,0.9536621969122177,0.1595,0.1635,0.161342,0.1615,2616.68,ETH-24SEP27,0.542,-0.33432,9.30528,489.0,0.0,0.0040000000000000036,ETH,2506.03,0.0
2026-10-11T00:11:49.854723+00:00,ETH-11OCT26-3000-C,2505.81,ETH-11OCT26,call,3000.0,2026-10-11T08:00:00+00:00,0.0008901229902464066,,0.0001,0.0,,2505.81,ETH-11OCT26,0.8843000000000001,0.0,0.0,17.0,0.0,,ETH,2506.03,0.0
2026-10-11T00:11:49.854723+00:00,ETH-13OCT26-2800-C,2506.09,ETH-13OCT26,call,2800.0,2026-10-13T08:00:00+00:00,0.006365824564510609,0.0001,0.0002,0.000148,0.00015,2506.09,ETH-13OCT26,0.5868,0.0095,0.05095,0.0,0.0,0.0001,ETH,2506.03,0.0
2026-10-11T00:11:49.854723+00:00,ETH-26MAR27-900-C,2554.51,ETH-26MAR27,call,900.0,2027-03-26T08:00:00+00:00,0.4553733536541752,0.648,0.6535,0.650634,0.65075,2554.51,ETH-26MAR27,0.7907,0.98684,0.5832,68.0,0.0,0.005499999999999949,ETH,2506.03,0.0
2026-10-11T00:11:49.854723+00:00,ETH-25DEC26-4600-P,2526.88,ETH-25DEC26,put,4600.0,2026-12-25T08:00:00+00:00,0.206228932025154,0.814,0.834,0.823317,0.824,2526.88,ETH-25DEC26,0.6431999999999999,-0.97156,0.74712,0.0,0.0,0.020000000000000018,ETH,2506.03,0.0
2026-10-11T00:11:49.854723+00:00,ETH-23OCT26-3400-P,2508.06,ETH-23OCT26,put,3400.0,2026-10-23T08:00:00+00:00,0.03374433243583162,0.3515,0.361,0.355924,0.35625,2508.06,ETH-23OCT26,0.6638,-0.99252,0.09525,0.0,0.0,0.009500000000000008,ETH,2506.04,0.0
2026-10-11T00:11:49.854723+00:00,ETH-27NOV26-1800-C,2517.12,ETH-27NOV26,call,1800.0,2026-11-27T08:00:00+00:00,0.12956910998545518,0.287,0.294,0.290861,0.2905,2517.12,ETH-27NOV26,0.6321,0.94375,1.02634,0.0,0.0,0.007000000000000006,ETH,2506.04,0.0
2026-10-11T00:11:49.854723+00:00,ETH-13OCT26-2620-P,2506.09,ETH-13OCT26,put,2620.0,2026-10-13T08:00:00+00:00,0.006365824564510609,0.043,0.051,0.046745,0.047,2506.09,ETH-13OCT26,0.4058,-0.91249,0.31795,0.0,0.0,0.008,ETH,2506.04,0.0
2026-10-11T00:11:49.854723+00:00,ETH-26MAR27-900-P,2554.53,ETH-26MAR27,put,900.0,2027-03-26T08:00:00+00:00,0.4553733536541752,0.0026,0.0029,0.002952,0.00275,2554.53,ETH-26MAR27,0.7907,-0.01315,0.58319,919.0,2.0,0.0002999999999999999,ETH,2506.04,14.71
2026-10-11T00:11:49.854723+00:00,ETH-27NOV26-3150-P,2517.12,ETH-27NOV26,put,3150.0,2026-11-27T08:00:00+00:00,0.12956910998545518,0.257,0.269,0.262964,0.263,2517.12,ETH-27NOV26,0.5169,-0.86691,1.94867,18.0,0.0,0.01200000000000001,ETH,2506.04,0.0
2026-10-11T00:11:49.854723+00:00,ETH-25JUN27-2600-P,2585.89,ETH-25JUN27,put,2600.0,2027-06-25T08:00:00+00:00,0.7045177752831965,0.179,0.182,0.180105,0.1805,2585.89,ETH-25JUN27,0.5325,-0.41626,8.47073,404.0,0.0,0.0030000000000000027,ETH,2506.04,0.0
2026-10-11T00:11:49.854723+00:00,ETH-11OCT26-2340-C,2505.81,ETH-11OCT26,call,2340.0,2026-10-11T08:00:00+00:00,0.0008901229902464066,0.063,0.069,0.066182,0.066,2505.81,ETH-11OCT26,0.7315999999999999,0.9992,0.00203,0.0,0.0,0.006000000000000005,ETH,2506.04,0.0
2026-10-11T00:11:49.854723+00:00,ETH-12OCT26-2540-P,2505.85,ETH-12OCT26,put,2540.0,2026-10-12T08:00:00+00:00,0.003627973777378508,0.015,0.017,0.016276,0.016,2505.85,ETH-12OCT26,0.31379999999999997,-0.75977,0.46924,22.0,0.0,0.0020000000000000018,ETH,2506.04,0.0
2026-10-11T00:11:49.854723+00:00,ETH-30OCT26-3100-P,2509.54,ETH-30OCT26,put,3100.0,2026-10-30T08:00:00+00:00,0.052909287945756334,0.2335,0.2425,0.237699,0.238,2509.54,ETH-30OCT26,0.536,-0.95071,0.58876,0.0,0.0,0.00899999999999998,ETH,2506.04,0.0
2026-10-11T00:11:49.854723+00:00,ETH-12OCT26-2520-P,2505.84,ETH-12OCT26,put,2520.0,2026-10-12T08:00:00+00:00,0.003627973777378508,0.0095,0.011,0.010401,0.01025,2505.84,ETH-12OCT26,0.3,-0.61842,0.57515,43.0,15.0,0.0014999999999999996,ETH,2506.04,376.02
2026-10-11T00:11:49.854723+00:00,ETH-14OCT26-2660-P,2506.12,ETH-14OCT26,put,2660.0,2026-10-14T08:00:00+00:00,0.00910367535164271,0.059,0.067,0.062863,0.063,2506.12,ETH-14OCT26,0.43560000000000004,-0.92116,0.3516,0.0,0.0,0.008000000000000007,ETH,2506.04,0.0
2026-10-11T00:11:49.854723+00:00,ETH-30OCT26-2300-P,2509.54,ETH-30OCT26,put,2300.0,2026-10-30T08:00:00+00:00,0.052909287945756334,0.013,0.014,0.013537,0.0135,2509.54,ETH-30OCT26,0.4893,-0.20302,1.63115,21208.0,510.0,0.0010000000000000009,ETH,2506.04,18413.99
2026-10-11T00:11:49.854723+00:00,ETH-11OCT26-2300-P,2505.81,ETH-11OCT26,put,2300.0,2026-10-11T08:00:00+00:00,0.0008901229902464066,,0.0001,1e-06,,2505.81,ETH-11OCT26,0.7786,-0.0001,0.0003,550.0,10.0,,ETH,2506.04,2.49
2026-10-11T00:11:49.854723+00:00,ETH-30OCT26-3600-P,2509.54,ETH-30OCT26,put,3600.0,2026-10-30T08:00:00+00:00,0.052909287945756334,0.43,0.441,0.435109,0.4355,2509.54,ETH-30OCT26,0.6695,-0.98825,0.17705,91.0,0.0,0.01100000000000001,ETH,2506.04,0.0
2026-10-11T00:11:49.854723+00:00,ETH-16OCT26-3400-C,2506.49,ETH-16OCT26,call,3400.0,2026-10-16T08:00:00+00:00,0.014579376925906912,,0.0001,2.8e-05,,2506.49,ETH-16OCT26,0.8079000000000001,0.00105,0.01064,1782.0,0.0,,ETH,2506.03,0.0
2026-10-11T00:11:49.854723+00:00,ETH-11OCT26-2750-C,2505.81,ETH-11OCT26,call,2750.0,2026-10-11T08:00:00+00:00,0.0008901229902464066,,0.0001,0.0,,2505.81,ETH-11OCT26,0.6252,0.0,0.0,0.0,0.0,,ETH,2506.04,0.0
2026-10-11T00:11:49.854723+00:00,ETH-12OCT26-2350-C,2505.84,ETH-12OCT26,call,2350.0,2026-10-12T08:00:00+00:00,0.003627973777378508,0.059,0.066,0.062811,0.0625,2505.84,ETH-12OCT26,0.6183,0.9594,0.1316,10.0,0.0,0.007000000000000006,ETH,2506.04,0.0
2026-10-11T00:11:49.854723+00:00,ETH-27NOV26-2100-P,2517.12,ETH-27NOV26,put,2100.0,2026-11-27T08:00:00+00:00,0.12956910998545518,0.0165,0.0175,0.016939,0.017,2517.12,ETH-27NOV26,0.542,-0.15244,2.13607,2494.0,0.0,0.0010000000000000009,ETH,2506.03,0.0
2026-10-11T00:11:49.854723+00:00,ETH-25DEC26-3000-C,2526.9,ETH-25DEC26,call,3000.0,2026-12-25T08:00:00+00:00,0.206228932025154,0.0325,0.0335,0.033062,0.033,2526.9,ETH-25DEC26,0.507,0.26433,3.7551,13441.0,1.0,0.0010000000000000009,ETH,2506.03,78.47
2026-10-11T00:11:49.854723+00:00,ETH-23OCT26-2400-P,2508.06,ETH-23OCT26,put,2400.0,2026-10-23T08:00:00+00:00,0.03374433243583162,0.015,0.016,0.015368,0.0155,2508.06,ETH-23OCT26,0.45280000000000004,-0.28389,1.56171,4331.0,270.0,0.0010000000000000009,ETH,2506.03,11519.11
2026-10-11T00:11:49.854723+00:00,ETH-25DEC26-4200-P,2526.88,ETH-25DEC26,put,4200.0,2026-12-25T08:00:00+00:00,0.206228932025154,0.659,0.6765,0.666612,0.66775,2526.88,ETH-25DEC26,0.6062,-0.9561,1.06652,62.0,0.0,0.01749999999999996,ETH,2506.03,0.0
2026-10-11T00:11:49.854723+00:00,ETH-26MAR27-2100-C,2554.53,ETH-26MAR27,call,2100.0,2027-03-26T08:00:00+00:00,0.4553733536541752,0.2345,0.243,0.239483,0.23875,2554.53,ETH-26MAR27,0.5422,0.76372,5.31504,854.0,0.0,0.008500000000000008,ETH,2506.03,0.0
2026-10-11T00:11:49.854723+00:00,ETH-26MAR27-1300-C,2554.51,ETH-26MAR27,call,1300.0,2027-03-26T08:00:00+00:00,0.4553733536541752,0.4965,0.504,0.500573,0.50025,2554.51,ETH-26MAR27,0.6709,0.95709,1.57286,36.0,0.0,0.007500000000000007,ETH,2506.03,0.0
2026-10-11T00:11:49.854723+00:00,ETH-25DEC26-2200-P,2526.9,ETH-25DEC26,put,2200.0,2026-12-25T08:00:00+00:00,0.206228932025154,0.037,0.038,0.037545,0.0375,2526.9,ETH-25DEC26,0.5178,-0.23989,3.56765,10275.0,206.0,0.0010000000000000009,ETH,2506.03,19509.34
2026-10-11T00:11:49.854723+00:00,ETH-12OCT26-2460-C,2505.85,ETH-12OCT26,call,2460.0,2026-10-12T08:00:00+00:00,0.003627973777378508,0.017,0.0235,0.020508,0.02025,2505.85,ETH-12OCT26,0.3515,0.81171,0.40712,33.0,0.0,0.006499999999999999,ETH,2506.03,0.0
2026-10-11T00:11:49.854723+00:00,ETH-24SEP27-4200-P,2616.66,ETH-24SEP27,put,4200.0,2027-09-24T08:00:00+00:00,0.9536621969122177,0.6565,0.689,0.675164,0.67275,2616.66,ETH-24SEP27,0.5525,-0.72805,8.48247,0.0,0.0,0.03249999999999997,ETH,2506.03,0.0
2026-10-11T00:11:49.854723+00:00,ETH-27NOV26-2900-P,2517.12,ETH-27NOV26,put,2900.0,2026-11-27T08:00:00+00:00,0.12956910998545518,0.1695,0.182,0.175184,0.17575,2517.12,ETH-27NOV26,0.4941,-0.76018,2.81648,848.0,0.0,0.012499999999999983,ETH,2506.03,0.0
2026-10-11T00:11:49.854723+00:00,ETH-30OCT26-2200-P,2509.54,ETH-30OCT26,put,2200.0,2026-10-30T08:00:00+00:00,0.052909287945756334,0.0075,0.0085,0.007945,0.008,2509.54,ETH-30OCT26,0.5257999999999999,-0.12535,1.19093,6026.0,1.0,0.0010000000000000009,ETH,2506.03,18.7
2026-10-11T00:11:49.854723+00:00,ETH-27NOV26-2200-C,2517.12,ETH-27NOV26,call,2200.0,2026-11-27T08:00:00+00:00,0.12956910998545518,0.145,0.1545,0.150396,0.14975,2517.12,ETH-27NOV26,0.5226,0.79096,2.60508,1.0,0.0,0.009500000000000008,ETH,2506.03,0.0
2026-10-11T00:11:49.854723+00:00,ETH-12OCT26-2440-P,2505.84,ETH-12OCT26,put,2440.0,2026-10-12T08:00:00+00:00,0.003627973777378508,0.0014,0.0017,0.001521,0.00155,2505.84,ETH-12OCT26,0.39270000000000005,-0.12741,0.31472,698.0,8.0,0.0002999999999999999,ETH,2506.03,30.75
2026-10-11T00:11:49.854723+00:00,ETH-24SEP27-3900-C,2616.66,ETH-24SEP27,call,3900.0,2027-09-24T08:00:00+00:00,0.9536621969122177,0.083,0.086,0.084573,0.0845,2616.66,ETH-24SEP27,0.5478000000000001,0.31628,9.09639,91.0,0.0,0.002999999999999989,ETH,2506.03,0.0
2026-10-11T00:11:49.854723+00:00,ETH-23OCT26-2800-C,2508.06,ETH-23OCT26,call,2800.0,2026-10-23T08:00:00+00:00,0.03374433243583162,0.0037,0.0041,0.003924,0.0039,2508.06,ETH-23OCT26,0.45649999999999996,0.10195,0.82026,805.0,0.0,0.0004000000000000002,ETH,2506.03,0.0
2026-10-11T00:11:49.854723+00:00,ETH-25DEC26-2100-C,2526.9,ETH-25DEC26,call,2100.0,2026-12-25T08:00:00+00:00,0.206228932025154,0.1915,0.201,0.196859,0.19625,2526.9,ETH-25DEC26,0.5313,0.81256,3.08906,1562.0,2.0,0.009500000000000008,ETH,2506.03,975.71
2026-10-11T00:11:49.854723+00:00,ETH-30OCT26-2500-P,2509.56,ETH-30OCT26,put,2500.0,2026-10-30T08:00:00+00:00,0.052909287945756334,0.039,0.04,0.039386,0.0395,2509.56,ETH-30OCT26,0.4506,-0.46466,2.29452,4933.0,184.0,0.0010000000000000009,ETH,2506.03,18649.19
2026-10-11T00:11:49.854723+00:00,ETH-11OCT26-2400-P,2505.81,ETH-11OCT26,put,2400.0,2026-10-11T08:00:00+00:00,0.0008901229902464066,0.0001,0.0003,0.00016,0.0002,2505.81,ETH-11OCT26,0.7121999999999999,-0.02039,0.03669,589.0,307.0,0.00019999999999999998,ETH,2506.03,226.61
2026-10-11T00:11:49.854723+00:00,ETH-12OCT26-2800-C,2505.85,ETH-12OCT26,call,2800.0,2026-10-12T08:00:00+00:00,0.003627973777378508,,0.0001,1e-05,,2505.85,ETH-12OCT26,0.5931000000000001,0.001,0.0051,512.0,0.0,,ETH,2506.03,0.0
2026-10-11T00:11:49.854723+00:00,ETH-27NOV26-1800-P,2517.12,ETH-27NOV26,put,1800.0,2026-11-27T08:00:00+00:00,0.12956910998545518,0.0055,0.0065,0.005967,0.006,2517.12,ETH-27NOV26,0.6321,-0.05625,1.02632,1419.0,0.0,0.001,ETH,2506.03,0.0
2026-10-11T00:11:49.854723+00:00,ETH-24SEP27-3500-P,2616.66,ETH-24SEP27,put,3500.0,2027-09-24T08:00:00+00:00,0.9536621969122177,0.4315,0.46,0.44801,0.44575,2616.66,ETH-24SEP27,0.5431,-0.61138,9.79783,0.0,0.0,0.028500000000000025,ETH,2506.03,0.0
2026-10-11T00:11:49.854723+00:00,ETH-26MAR27-4800-C,2554.51,ETH-26MAR27,call,4800.0,2027-03-26T08:00:00+00:00,0.4553733536541752,0.012,0.013,0.012513,0.0125,2554.51,ETH-26MAR27,0.5853,0.08092,2.58581,3470.0,2.0,0.0009999999999999992,ETH,2506.03,61.27
2026-10-11T00:11:49.854723+00:00,ETH-27NOV26-3150-C,2517.12,ETH-27NOV26,call,3150.0,2026-11-27T08:00:00+00:00,0.12956910998545518,0.011,0.012,0.011529,0.0115,2517.12,ETH-27NOV26,0.5169,0.13309,1.94865,1182.0,0.0,0.0010000000000000009,ETH,2506.03,0.0
2026-10-11T00:11:49.854723+00:00,ETH-30OCT26-2850-C,2509.56,ETH-30OCT26,call,2850.0,2026-10-30T08:00:00+00:00,0.052909287945756334,0.0065,0.0075,0.006923,0.007,2509.56,ETH-30OCT26,0.4729,0.13255,1.23797,2445.0,4.0,0.001,ETH,2506.03,64.83
2026-10-11T00:11:49.854723+00:00,ETH-25DEC26-3300-C,2526.88,ETH-25DEC26,call,3300.0,2026-12-25T08:00:00+00:00,0.206228932025154,0.0175,0.0185,0.018037,0.018,2526.88,ETH-25DEC26,0.5261,0.15927,2.78462,5233.0,0.0,0.0009999999999999974,ETH,2506.03,0.0
2026-10-11T00:11:49.854723+00:00,ETH-11OCT26-2650-P,2505.81,ETH-11OCT26,put,2650.0,2026-10-11T08:00:00+00:00,0.0008901229902464066,0.0545,0.0615,0.057536,0.058,2505.81,ETH-11OCT26,0.5747,-0.99945,0.00145,0.0,0.0,0.006999999999999999,ETH,2506.03,0.0
2026-10-11T00:11:49.854723+00:00,ETH-23OCT26-3100-P,2508.06,ETH-23OCT26,put,3100.0,2026-10-23T08:00:00+00:00,0.03374433243583162,0.233,0.2415,0.236909,0.23725,2508.06,ETH-23OCT26,0.5661999999999999,-0.97639,0.25669,0.0,0.0,0.00849999999999998,ETH,2506.03,0.0
2026-10-11T00:11:49.854723+00:00,ETH-30OCT26-2150-P,2509.56,ETH-30OCT26,put,2150.0,2026-10-30T08:00:00+00:00,0.052909287945756334,0.006,0.0065,0.006208,0.00625,2509.56,ETH-30OCT26,0.5484,-0.09878,1.00432,4324.0,2.0,0.0004999999999999996,ETH,2506.03,30.06
2026-10-11T00:11:49.854723+00:00,ETH-27NOV26-2500-C,2517.12,ETH-27NOV26,call,2500.0,2026-11-27T08:00:00+00:00,0.12956910998545518,0.073,0.074,0.073347,0.0735,2517.12,ETH-27NOV26,0.4889,0.55047,3.58686,2393.0,0.0,0.0010000000000000009,ETH,2506.03,0.0
2026-10-11T00:11:49.854723+00:00,ETH-14OCT26-2440-P,2506.1,ETH-14OCT26,put,2440.0,2026-10-14T08:00:00+00:00,0.00910367535164271,0.0055,0.006,0.005566,0.00575,2506.1,ETH-14OCT26,0.4064,-0.23925,0.7421,0.0,0.0,0.0005000000000000004,ETH,2506.03,0.0
2026-10-11T00:11:49.854723+00:00,ETH-12OCT26-2900-C,2505.84,ETH-12OCT26,call,2900.0,2026-10-12T08:00:00+00:00,0.003627973777378508,,0.0001,1e-06,,2505.84,ETH-12OCT26,0.6322,7e-05,0.00041,208.0,0.0,,ETH,2506.03,0.0
2026-10-11T00:11:49.854723+00:00,ETH-14OCT26-2900-C,2506.12,ETH-14OCT26,call,2900.0,2026-10-14T08:00:00+00:00,0.00910367535164271,0.0002,0.0003,0.000229,0.00025,2506.12,ETH-14OCT26,0.6576000000000001,0.01091,0.06874,0.0,0.0,9.999999999999996e-05,ETH,2506.03,0.0
2026-10-11T00:11:49.854723+00:00,ETH-25DEC26-1200-C,2526.88,ETH-25DEC26,call,1200.0,2026-12-25T08:00:00+00:00,0.206228932025154,0.524,0.5295,0.526841,0.52675,2526.88,ETH-25DEC26,0.7929,0.9877,0.36639,341.0,0.0,0.005499999999999949,ETH,2506.03,0.0
2026-10-11T00:11:49.854723+00:00,ETH-27NOV26-2450-P,2517.12,ETH-27NOV26,put,2450.0,2026-11-27T08:00:00+00:00,0.12956910998545518,0.0565,0.0575,0.057151,0.057,2517.12,ETH-27NOV26,0.49219999999999997,-0.40471,3.5122,1530.0,1.0,0.0010000000000000009,ETH,2506.03,145.82
2026-10-11T00:11:49.854723+00:00,ETH-12OCT26-2750-C,2505.85,ETH-12OCT26,call,2750.0,2026-10-12T08:00:00+00:00,0.003627973777378508,,0.0002,5.2e-05,,2505.85,ETH-12OCT26,0.5904,0.00472,0.02071,1.0,0.0,,ETH,2506.03,0.0
2026-10-11T00:11:49.854723+00:00,ETH-25DEC26-3500-C,2526.88,ETH-25DEC26,call,3500.0,2026-12-25T08:00:00+00:00,0.206228932025154,0.012,0.013,0.012524,0.0125,2526.88,ETH-25DEC26,0.5424,0.11525,2.23158,32982.0,19.0,0.0009999999999999992,ETH,2506.03,568.49
2026-10-11T00:11:49.854723+00:00,ETH-24SEP27-4100-P,2616.66,ETH-24SEP27,put,4100.0,2027-09-24T08:00:00+00:00,0.9536621969122177,0.6275,0.6545,0.641443,0.641,2616.66,ETH-24SEP27,0.551,-0.71404,8.69235,0.0,0.0,0.027000000000000024,ETH,2506.03,0.0
2026-10-11T00:11:49.854723+00:00,ETH-11OCT26-2900-P,2505.81,ETH-11OCT26,put,2900.0,2026-10-11T08:00:00+00:00,0.0008901229902464066,0.154,0.1605,0.157301,0.15725,2505.81,ETH-11OCT26,0.7509,-1.0,0.0,0.0,0.0,0.006500000000000006,ETH,2506.03,0.0
2026-10-11T00:11:49.854723+00:00,ETH-26MAR27-7000-P,2554.51,ETH-26MAR27,put,7000.0,2027-03-26T08:00:00+00:00,0.4553733536541752,1.721,1.7645,1.743523,1.74275,2554.51,ETH-26MAR27,0.6692,-0.97755,0.92065,0.0,0.0,0.04349999999999987,ETH,2506.03,0.0
2026-10-11T00:11:49.854723+00:00,ETH-26MAR27-2500-P,2554.51,ETH-26MAR27,put,2500.0,2027-03-26T08:00:00+00:00,0.4553733536541752,0.1275,0.1295,0.128641,0.1285,2554.51,ETH-26MAR27,0.5246999999999999,-0.40595,6.68727,2214.0,0.0,0.0020000000000000018,ETH,2506.03,0.0
2026-10-11T00:11:49.854723+00:00,ETH-25DEC26-1200-P,2526.88,ETH-25DEC26,put,1200.0,2026-12-25T08:00:00+00:00,0.206228932025154,0.0015,0.002,0.001734,0.00175,2526.88,ETH-25DEC26,0.7929,-0.0123,0.36639,6729.0,0.0,0.0005,ETH,2506.03,0.0
2026-10-11T00:11:49.854723+00:00,ETH-30OCT26-4000-C,2509.54,ETH-30OCT26,call,4000.0,2026-10-30T08:00:00+00:00,0.052909287945756334,0.0002,0.0003,0.000241,0.00025,2509.54,ETH-30OCT26,0.7539,0.00466,0.07835,3704.0,0.0,9.999999999999996e-05,ETH,2506.03,0.0
2026-10-11T00:11:49.854723+00:00,ETH-25JUN27-5500-C,2585.89,ETH-25JUN27,call,5500.0,2027-06-25T08:00:00+00:00,0.7045177752831965,0.0185,0.02,0.019179,0.01925,2585.89,ETH-25JUN27,0.5870000000000001,0.09945,3.79526,1686.0,0.0,0.0015000000000000013,ETH,2506.03,0.0
2026-10-11T00:11:49.854723+00:00,ETH-25JUN27-4600-C,2585.89,ETH-25JUN27,call,4600.0,2027-06-25T08:00:00+00:00,0.7045177752831965,0.0325,0.034,0.03332,0.03325,2585.89,ETH-25JUN27,0.5625,0.16274,5.34186,203.0,0.0,0.0015000000000000013,ETH,2506.03,0.0
2026-10-11T00:11:49.854723+00:00,ETH-25JUN27-5200-C,2585.89,ETH-25JUN27,call,5200.0,2027-06-25T08:00:00+00:00,0.7045177752831965,0.022,0.0235,0.022776,0.02275,2585.89,ETH-25JUN27,0.5788,0.11617,4.24506,23.0,0.0,0.0015000000000000013,ETH,2506.03,0.0
2026-10-11T00:11:49.854723+00:00,ETH-12OCT26-2700-P,2505.84,ETH-12OCT26,put,2700.0,2026-10-12T08:00:00+00:00,0.003627973777378508,0.0745,0.0815,0.077656,0.078,2505.84,ETH-12OCT26,0.5639,-0.98537,0.05593,0.0,0.0,0.007000000000000006,ETH,2506.03,0.0
2026-10-11T00:11:49.854723+00:00,ETH-11OCT26-2350-C,2505.81,ETH-11OCT26,call,2350.0,2026-10-11T08:00:00+00:00,0.0008901229902464066,0.059,0.065,0.062197,0.062,2505.81,ETH-11OCT26,0.7315999999999999,0.99847,0.0037,5.0,0.0,0.006000000000000005,ETH,2506.03,0.0
2026-10-11T00:11:49.854723+00:00,ETH-30OCT26-2400-C,2509.56,ETH-30OCT26,call,2400.0,2026-10-30T08:00:00+00:00,0.052909287945756334,0.066,0.068,0.067052,0.067,2509.56,ETH-30OCT26,0.46399999999999997,0.68135,2.06125,3601.0,0.0,0.0020000000000000018,ETH,2506.03,0.0
2026-10-11T00:11:49.854723+00:00,ETH-26MAR27-1300-P,2554.51,ETH-26MAR27,put,1300.0,2027-03-26T08:00:00+00:00,0.4553733536541752,0.009,0.01,0.009477,0.0095,2554.51,ETH-26MAR27,0.6709,-0.04291,1.57288,1865.0,0.0,0.0010000000000000009,ETH,2506.03,0.0
2026-10-11T00:11:49.854723+00:00,ETH-27NOV26-2350-C,2517.12,ETH-27NOV26,call,2350.0,2026-11-27T08:00:00+00:00,0.12956910998545518,0.107,0.1085,0.107643,0.10775,2517.12,ETH-27NOV26,0.501,0.68119,3.23613,62.0,0.0,0.0015000000000000013,ETH,2506.03,0.0
2026-10-11T00:11:49.854723+00:00,ETH-25JUN27-4500-P,2585.91,ETH-25JUN27,put,4500.0,2027-06-25T08:00:00+00:00,0.7045177752831965,0.761,0.789,0.775989,0.775,2585.91,ETH-25JUN27,0.5603,-0.82698,5.55683,1.0,0.0,0.028000000000000025,ETH,2506.03,0.0
2026-10-11T00:11:49.854723+00:00,ETH-11OCT26-2460-C,2505.81,ETH-11OCT26,call,2460.0,2026-10-11T08:00:00+00:00,0.0008901229902464066,0.015,0.022,0.018747,0.0185,2505.81,ETH-11OCT26,0.4379,0.92261,0.10805,19.0,0.0,0.006999999999999999,ETH,2506.03,0.0
2026-10-11T00:11:49.854723+00:00,ETH-30OCT26-2100-C,2509.56,ETH-30OCT26,call,2100.0,2026-10-30T08:00:00+00:00,0.052909287945756334,0.165,0.171,0.168244,0.168,2509.56,ETH-30OCT26,0.5770000000000001,0.92049,0.85447,1498.0,0.0,0.006000000000000005,ETH,2506.03,0.0
2026-10-11T00:11:49.854723+00:00,ETH-25JUN27-5200-P,2585.89,ETH-25JUN27,put,5200.0,2027-06-25T08:00:00+00:00,0.7045177752831965,1.016,1.0495,1.033682,1.03275,2585.89,ETH-25JUN27,0.5788,-0.88383,4.24506,0.0,0.0,0.033500000000000085,ETH,2506.03,0.0
2026-10-11T00:11:49.854723+00:00,ETH-25DEC26-2700-C,2526.88,ETH-25DEC26,call,2700.0,2026-12-25T08:00:00+00:00,0.206228932025154,0.062,0.0635,0.062783,0.06275,2526.88,ETH-25DEC26,0.49770000000000003,0.42856,4.50585,7735.0,0.0,0.0015000000000000013,ETH,2506.03,0.0
2026-10-11T00:11:49.854723+00:00,ETH-30OCT26-2000-P,2509.54,ETH-30OCT26,put,2000.0,2026-10-30T08:00:00+00:00,0.052909287945756334,0.003,0.0033,0.003124,0.00315,2509.54,ETH-30OCT26,0.6246,-0.04937,0.58954,7174.0,30.0,0.0002999999999999999,ETH,2506.03,224.45
2026-10-11T00:11:49.854723+00:00,ETH-16OCT26-2550-P,2506.47,ETH-16OCT26,put,2550.0,2026-10-16T08:00:00+00:00,0.014579376925906912,0.029,0.0305,0.029675,0.02975,2506.47,ETH-16OCT26,0.40740000000000004,-0.62704,1.14577,3085.0,8.0,0.0014999999999999979,ETH,2506.03,555.89
2026-10-11T00:11:49.854723+00:00,ETH-11OCT26-2560-P,2505.81,ETH-11OCT26,put,2560.0,2026-10-11T08:00:00+00:00,0.0008901229902464066,0.0185,0.0255,0.021791,0.022,2505.81,ETH-11OCT26,0.4,-0.96345,0.0596,599.0,0.0,0.006999999999999999,ETH,2506.03,0.0
2026-10-11T00:11:49.854723+00:00,ETH-14OCT26-2340-P,2506.12,ETH-14OCT26,put,2340.0,2026-10-14T08:00:00+00:00,0.00910367535164271,0.0018,0.0022,0.001935,0.002,2506.12,ETH-14OCT26,0.5275,-0.08263,0.36423,0.0,0.0,0.0004000000000000002,ETH,2506.03,0.0
2026-10-11T00:11:49.854723+00:00,ETH-25JUN27-1800-C,2585.91,ETH-25JUN27,call,1800.0,2027-06-25T08:00:00+00:00,0.7045177752831965,0.349,0.3575,0.353983,0.35325,2585.91,ETH-25JUN27,0.5659000000000001,0.84136,5.25361,1751.0,0.0,0.008500000000000008,ETH,2506.03,0.0
2026-10-11T00:11:49.854723+00:00,ETH-24SEP27-2500-P,2616.68,ETH-24SEP27,put,2500.0,2027-09-24T08:00:00+00:00,0.9536621969122177,0.1805,0.1845,0.182251,0.1825,2616.68,ETH-24SEP27,0.5411,-0.36294,9.58987,235.0,0.0,0.0040000000000000036,ETH,2506.03,0.0
2026-10-11T00:11:49.854723+00:00,ETH-30OCT26-3000-C,2509.54,ETH-30OCT26,call,3000.0,2026-10-30T08:00:00+00:00,0.052909287945756334,0.0033,0.0037,0.003514,0.0035,2509.54,ETH-30OCT26,0.508,0.07092,0.78312,14894.0,3.0,0.0004000000000000002,ETH,2506.03,24.31
2026-10-11T00:11:49.854723+00:00,ETH-30OCT26-3050-P,2509.56,ETH-30OCT26,put,3050.0,2026-10-30T08:00:00+00:00,0.052909287945756334,0.214,0.223,0.218262,0.2185,2509.56,ETH-30OCT26,0.5222,-0.94101,0.67872,0.0,0.0,0.009000000000000008,ETH,2506.03,0.0
2026-10-11T00:11:49.854723+00:00,ETH-24SEP27-5400-P,2616.66,ETH-24SEP27,put,5400.0,2027-09-24T08:00:00+00:00,0.9536621969122177,1.076,1.118,1.100203,1.097,2616.66,ETH-24SEP27,0.5749,-0.84355,6.12873,0.0,0.0,0.04200000000000004,ETH,2506.03,0.0
2026-10-11T00:11:49.854723+00:00,ETH-25DEC26-4500-P,2526.88,ETH-25DEC26,put,4500.0,2026-12-25T08:00:00+00:00,0.206228932025154,0.7755,0.7945,0.78409,0.785,2526.88,ETH-25DEC26,0.6352,-0.96824,0.81877,2.0,0.0,0.019000000000000017,ETH,2506.03,0.0
2026-10-11T00:11:49.854723+00:00,ETH-30OCT26-2600-P,2509.56,ETH-30OCT26,put,2600.0,2026-10-30T08:00:00+00:00,0.052909287945756334,0.061,0.063,0.062171,0.062,2509.56,ETH-30OCT26,0.4465,-0.61537,2.2065,3552.0,40.0,0.0020000000000000018,ETH,2506.03,6580.12
2026-10-11T00:11:49.854723+00:00,ETH-24SEP27-7000-P,2616.66,ETH-24SEP27,put,7000.0,2027-09-24T08:00:00+00:00,0.9536621969122177,1.6615,1.718,1.693465,1.68975,2616.66,ETH-24SEP27,0.603,-0.9156,3.95667,0.0,0.0,0.056499999999999995,ETH,2506.03,0.0
2026-10-11T00:11:49.854723+00:00,ETH-25DEC26-2900-P,2526.88,ETH-25DEC26,put,2900.0,2026-12-25T08:00:00+00:00,0.206228932025154,0.187,0.1905,0.188491,0.18875,2526.88,ETH-25DEC26,0.5022,-0.68774,4.0625,960.0,0.0,0.003500000000000003,ETH,2506.05,0.0
2026-10-11T00:11:49.854723+00:00,ETH-25JUN27-2000-C,2585.91,ETH-25JUN27,call,2000.0,2027-06-25T08:00:00+00:00,0.7045177752831965,0.2945,0.303,0.299106,0.29875,2585.91,ETH-25JUN27,0.5502,0.78442,6.35425,1741.0,0.0,0.008500000000000008,ETH,2506.05,0.0
2026-10-11T00:11:49.854723+00:00,ETH-25DEC26-4800-P,2526.88,ETH-25DEC26,put,4800.0,2026-12-25T08:00:00+00:00,0.206228932025154,0.892,0.9135,0.901961,0.90275,2526.88,ETH-25DEC26,0.6609,-0.97654,0.63601,77.0,0.0,0.021499999999999964,ETH,2506.05,0.0
2026-10-11T00:11:49.854723+00:00,ETH-30OCT26-2950-C,2509.56,ETH-30OCT26,call,2950.0,2026-10-30T08:00:00+00:00,0.052909287945756334,0.0042,0.0046,0.00435,0.0044,2509.56,ETH-30OCT26,0.4955,0.08677,0.91245,2833.0,21.0,0.0004000000000000002,ETH,2506.05,193.68
2026-10-11T00:11:49.854723+00:00,ETH-23OCT26-2800-P,2508.06,ETH-23OCT26,put,2800.0,2026-10-23T08:00:00+00:00,0.03374433243583162,0.1165,0.1245,0.120329,0.1205,2508.06,ETH-23OCT26,0.45649999999999996,-0.89806,0.82017,196.0,0.0,0.007999999999999993,ETH,2506.05,0.0
2026-10-11T00:11:49.854723+00:00,ETH-30OCT26-4000-P,2509.54,ETH-30OCT26,put,4000.0,2026-10-30T08:00:00+00:00,0.052909287945756334,0.5885,0.6005,0.594146,0.5945,2509.54,ETH-30OCT26,0.7539,-0.99534,0.07836,0.0,0.0,0.01200000000000001,ETH,2506.05,0.0
2026-10-11T00:11:49.854723+00:00,ETH-23OCT26-2200-P,2508.06,ETH-23OCT26,put,2200.0,2026-10-23T08:00:00+00:00,0.03374433243583162,0.0042,0.0046,0.004343,0.0044,2508.06,ETH-23OCT26,0.5502,-0.089,0.7422,1783.0,97.0,0.0004000000000000002,ETH,2506.05,1025.24
2026-10-11T00:11:49.854723+00:00,ETH-13OCT26-2520-P,2506.09,ETH-13OCT26,put,2520.0,2026-10-13T08:00:00+00:00,0.006365824564510609,0.0135,0.015,0.01441,0.01425,2506.09,ETH-13OCT26,0.3578,-0.5706,0.78498,30.0,30.0,0.0014999999999999996,ETH,2506.05,1033.95
2026-10-11T00:11:49.854723+00:00,ETH-25JUN27-3000-C,2585.89,ETH-25JUN27,call,3000.0,2027-06-25T08:00:00+00:00,0.7045177752831965,0.1195,0.1225,0.121037,0.121,2585.89,ETH-25JUN27,0.5318999999999999,0.45652,8.61089,3363.0,2.0,0.0030000000000000027,ETH,2506.05,590.39
2026-10-11T00:11:49.854723+00:00,ETH-25DEC26-5000-P,2526.88,ETH-25DEC26,put,5000.0,2026-12-25T08:00:00+00:00,0.206228932025154,0.97,0.9925,0.980706,0.98125,2526.88,ETH-25DEC26,0.6772,-0.98051,0.54372,1.0,0.0,0.022500000000000075,ETH,2506.05,0.0
2026-10-11T00:11:49.854723+00:00,ETH-30OCT26-2600-C,2509.56,ETH-30OCT26,call,2600.0,2026-10-30T08:00:00+00:00,0.052909287945756334,0.0255,0.0265,0.026133,0.026,2509.56,ETH-30OCT26,0.4465,0.38467,2.2066,6375.0,325.0,0.0010000000000000009,ETH,2506.05,19178.19
2026-10-11T00:11:49.854723+00:00,ETH-26MAR27-3800-P,2554.51,ETH-26MAR27,put,3800.0,2027-03-26T08:00:00+00:00,0.4553733536541752,0.5065,0.529,0.519107,0.51775,2554.51,ETH-26MAR27,0.5440999999999999,-0.81533,4.59777,1.0,0.0,0.022500000000000075,ETH,2506.05,0.0
2026-10-11T00:11:49.854723+00:00,ETH-25DEC26-2300-P,2526.88,ETH-25DEC26,put,2300.0,2026-12-25T08:00:00+00:00,0.206228932025154,0.0495,0.051,0.05021,0.05025,2526.88,ETH-25DEC26,0.5094,-0.30072,3.99552,7919.0,0.0,0.0014999999999999944,ETH,2506.05,0.0
2026-10-11T00:11:49.854723+00:00,ETH-25DEC26-2100-P,2526.88,ETH-25DEC26,put,2100.0,2026-12-25T08:00:00+00:00,0.206228932025154,0.0275,0.0285,0.02792,0.028,2526.88,ETH-25DEC26,0.5313,-0.18744,3.08906,3219.0,3.0,0.0010000000000000009,ETH,2506.05,210.2
2026-10-11T00:11:49.854723+00:00,ETH-13OCT26-2520-C,2506.09,ETH-13OCT26,call,2520.0,2026-10-13T08:00:00+00:00,0.006365824564510609,0.0085,0.009,0.008856,0.00875,2506.09,ETH-13OCT26,0.3578,0.4294,0.78498,157.0,58.0,0.0004999999999999987,ETH,2506.05,919.23
2026-10-11T00:11:49.854723+00:00,ETH-27NOV26-3050-C,2517.12,ETH-27NOV26,call,3050.0,2026-11-27T08:00:00+00:00,0.12956910998545518,0.0145,0.0155,0.01504,0.015,2517.12,ETH-27NOV26,0.5062,0.16792,2.27547,758.0,0.0,0.0009999999999999992,ETH,2506.05,0.0
2026-10-11T00:11:49.854723+00:00,ETH-11OCT26-2620-C,2505.81,ETH-11OCT26,call,2620.0,2026-10-11T08:00:00+00:00,0.0008901229902464066,,0.0001,7e-06,,2505.81,ETH-11OCT26,0.504,0.0015,0.00364,281.0,10.0,,ETH,2506.05,2.49
2026-10-11T00:11:49.854723+00:00,ETH-26MAR27-2200-C,2554.51,ETH-26MAR27,call,2200.0,2027-03-26T08:00:00+00:00,0.4553733536541752,0.212,0.2155,0.213959,0.21375,2554.51,ETH-26MAR27,0.5355,0.72376,5.76657,4113.0,0.0,0.003500000000000003,ETH,2506.05,0.0
2026-10-11T00:11:49.854723+00:00,ETH-11OCT26-2740-P,2505.81,ETH-11OCT26,put,2740.0,2026-10-11T08:00:00+00:00,0.0008901229902464066,0.09,0.0965,0.09345,0.09325,2505.81,ETH-11OCT26,0.6252,-1.0,0.0,0.0,0.0,0.006500000000000006,ETH,2506.05,0.0
2026-10-11T00:11:49.854723+00:00,ETH-30OCT26-2050-C,2509.54,ETH-30OCT26,call,2050.0,2026-10-30T08:00:00+00:00,0.052909287945756334,0.184,0.1895,0.187003,0.18675,2509.54,ETH-30OCT26,0.5975,0.93823,0.70364,479.0,0.0,0.005500000000000005,ETH,2506.05,0.0
2026-10-11T00:11:49.854723+00:00,ETH-25DEC26-3100-C,2526.88,ETH-25DEC26,call,3100.0,2026-12-25T08:00:00+00:00,0.206228932025154,0.0265,0.027,0.026614,0.02675,2526.88,ETH-25DEC26,0.5108,0.22216,3.41792,6880.0,0.0,0.0005000000000000004,ETH,2506.05,0.0
2026-10-11T00:11:49.854723+00:00,ETH-13OCT26-2420-C,2506.09,ETH-13OCT26,call,2420.0,2026-10-13T08:00:00+00:00,0.006365824564510609,0.034,0.04,0.037132,0.037,2506.09,ETH-13OCT26,0.434,0.84809,0.47003,0.0,0.0,0.005999999999999998,ETH,2506.05,0.0
2026-10-11T00:11:49.854723+00:00,ETH-26MAR27-1600-C,2554.51,ETH-26MAR27,call,1600.0,2027-03-26T08:00:00+00:00,0.4553733536541752,0.3885,0.3975,0.39364,0.393,2554.51,ETH-26MAR27,0.6051,0.91144,2.76695,872.0,0.0,0.009000000000000008,ETH,2506.05,0.0
2026-10-11T00:11:49.854723+00:00,ETH-25DEC26-3200-C,2526.88,ETH-25DEC26,call,3200.0,2026-12-25T08:00:00+00:00,0.206228932025154,0.0215,0.0225,0.021891,0.022,2526.88,ETH-25DEC26,0.5186,0.18822,3.09705,69534.0,1.0,0.0010000000000000009,ETH,2506.05,52.41
2026-10-11T00:11:49.854723+00:00,ETH-25DEC26-4400-C,2526.9,ETH-25DEC26,call,4400.0,2026-12-25T08:00:00+00:00,0.206228932025154,0.0033,0.0039,0.0036,0.0036,2526.9,ETH-25DEC26,0.6258,0.03523,0.89181,3831.0,0.0,0.0005999999999999998,ETH,2506.05,0.0
2026-10-11T00:11:49.854723+00:00,ETH-11OCT26-2520-C,2505.83,ETH-11OCT26,call,2520.0,2026-10-11T08:00:00+00:00,0.0008901229902464066,0.0009,0.0013,0.001128,0.0011,2505.83,ETH-11OCT26,0.2677,0.24085,0.2319,138.0,126.0,0.00039999999999999996,ETH,2506.05,529.02
2026-10-11T00:11:49.854723+00:00,ETH-26MAR27-4000-C,2554.51,ETH-26MAR27,call,4000.0,2027-03-26T08:00:00+00:00,0.4553733536541752,0.0255,0.026,0.025685,0.02575,2554.51,ETH-26MAR27,0.5521,0.15458,4.10164,5485.0,0.0,0.0005000000000000004,ETH,2506.04,0.0
2026-10-11T00:11:49.854723+00:00,ETH-23OCT26-2550-C,2508.06,ETH-23OCT26,call,2550.0,2026-10-23T08:00:00+00:00,0.03374433243583162,0.023,0.024,0.02358,0.0235,2508.06,ETH-23OCT26,0.4227,0.43081,1.81077,439.0,10.0,0.0010000000000000009,ETH,2506.04,510.99
2026-10-11T00:11:49.854723+00:00,ETH-11OCT26-2520-P,2505.81,ETH-11OCT26,put,2520.0,2026-10-11T08:00:00+00:00,0.0008901229902464066,0.006,0.0075,0.006782,0.00675,2505.81,ETH-11OCT26,0.2677,-0.75931,0.23182,148.0,13.0,0.0014999999999999996,ETH,2506.04,237.46
2026-10-11T00:11:49.854723+00:00,ETH-30OCT26-2100-P,2509.54,ETH-30OCT26,put,2100.0,2026-10-30T08:00:00+00:00,0.052909287945756334,0.0047,0.0055,0.005044,0.0051,2509.54,ETH-30OCT26,0.5770000000000001,-0.0795,0.85436,5589.0,0.0,0.0007999999999999995,ETH,2506.04,0.0
2026-10-11T00:11:49.854723+00:00,ETH-16OCT26-2200-P,2506.49,ETH-16OCT26,put,2200.0,2026-10-16T08:00:00+00:00,0.014579376925906912,0.0015,0.0017,0.00158,0.0016,2506.49,ETH-16OCT26,0.659,-0.04654,0.2948,1316.0,11.0,0.00019999999999999987,ETH,2506.04,38.66
2026-10-11T00:11:49.854723+00:00,ETH-12OCT26-2580-P,2505.84,ETH-12OCT26,put,2580.0,2026-10-12T08:00:00+00:00,0.003627973777378508,0.027,0.0345,0.030546,0.03075,2505.84,ETH-12OCT26,0.3643,-0.90627,0.2524,2.0,0.0,0.007500000000000003,ETH,2506.04,0.0
2026-10-11T00:11:49.854723+00:00,ETH-14OCT26-2900-P,2506.1,ETH-14OCT26,put,2900.0,2026-10-14T08:00:00+00:00,0.00910367535164271,0.154,0.1615,0.157401,0.15775,2506.1,ETH-14OCT26,0.6576000000000001,-0.9891,0.06872,0.0,0.0,0.007500000000000007,ETH,2506.04,0.0
2026-10-11T00:11:49.854723+00:00,ETH-27NOV26-3200-C,2517.12,ETH-27NOV26,call,3200.0,2026-11-27T08:00:00+00:00,0.12956910998545518,0.0095,0.0105,0.010041,0.01,2517.12,ETH-27NOV26,0.5212,0.11796,1.79126,4967.0,4.0,0.0010000000000000009,ETH,2506.04,100.17
2026-10-11T00:11:49.854723+00:00,ETH-14OCT26-2340-C,2506.1,ETH-14OCT26,call,2340.0,2026-10-14T08:00:00+00:00,0.00910367535164271,0.065,0.071,0.068217,0.068,2506.1,ETH-14OCT26,0.5275,0.91718,0.36486,0.0,0.0,0.0059999999999999915,ETH,2505.89,0.0
2026-10-11T00:11:49.854723+00:00,ETH-11OCT26-2800-P,2505.81,ETH-11OCT26,put,2800.0,2026-10-11T08:00:00+00:00,0.0008901229902464066,0.114,0.1205,0.117394,0.11725,2505.81,ETH-11OCT26,0.6256,-1.0,0.0,0.0,0.0,0.006499999999999992,ETH,2506.04,0.0
2026-10-11T00:11:49.854723+00:00,ETH-13OCT26-2500-P,2506.09,ETH-13OCT26,put,2500.0,2026-10-13T08:00:00+00:00,0.006365824564510609,0.01,0.0105,0.010393,0.01025,2506.09,ETH-13OCT26,0.3638,-0.46,0.7935,0.0,0.0,0.0005000000000000004,ETH,2506.04,0.0
2026-10-11T00:11:49.854723+00:00,ETH-24SEP27-4800-P,2616.68,ETH-24SEP27,put,4800.0,2027-09-24T08:00:00+00:00,0.9536621969122177,0.8635,0.8995,0.884167,0.8815,2616.68,ETH-24SEP27,0.5638000000000001,-0.79564,7.24945,55.0,0.0,0.03599999999999992,ETH,2505.89,0.0
2026-10-11T00:11:49.854723+00:00,ETH-23OCT26-2600-C,2508.06,ETH-23OCT26,call,2600.0,2026-10-23T08:00:00+00:00,0.03374433243583162,0.016,0.017,0.016569,0.0165,2508.06,ETH-23OCT26,0.42310000000000003,0.3355,1.67978,553.0,256.0,0.0010000000000000009,ETH,2505.89,9060.91
2026-10-11T00:11:49.854723+00:00,ETH-27NOV26-3600-P,2517.12,ETH-27NOV26,put,3600.0,2026-11-27T08:00:00+00:00,0.12956910998545518,0.4275,0.4405,0.43437,0.434,2517.12,ETH-27NOV26,0.5737,-0.94834,0.95945,10.0,0.0,0.013000000000000012,ETH,2505.89,0.0
2026-10-11T00:11:49.854723+00:00,ETH-26MAR27-4600-C,2554.51,ETH-26MAR27,call,4600.0,2027-03-26T08:00:00+00:00,0.4553733536541752,0.0145,0.0155,0.014779,0.015,2554.51,ETH-26MAR27,0.5771000000000001,0.09423,2.89685,1905.0,0.0,0.0009999999999999992,ETH,2505.89,0.0
2026-10-11T00:11:49.854723+00:00,ETH-27NOV26-4400-P,2517.12,ETH-27NOV26,put,4400.0,2026-11-27T08:00:00+00:00,0.12956910998545518,0.7415,0.758,0.749228,0.74975,2517.12,ETH-27NOV26,0.6761,-0.98509,0.34143,0.0,0.0,0.01649999999999996,ETH,2505.89,0.0
2026-10-11T00:11:49.854723+00:00,ETH-30OCT26-3600-C,2509.54,ETH-30OCT26,call,3600.0,2026-10-30T08:00:00+00:00,0.052909287945756334,0.0005,0.0007,0.000595,0.0006,2509.54,ETH-30OCT26,0.6695,0.01173,0.17686,8965.0,0.0,0.00019999999999999998,ETH,2505.89,0.0
2026-10-11T00:11:49.854723+00:00,ETH-26MAR27-2000-C,2554.51,ETH-26MAR27,call,2000.0,2027-03-26T08:00:00+00:00,0.4553733536541752,0.2615,0.271,0.266922,0.26625,2554.51,ETH-26MAR27,0.5503,0.80077,4.8162,1849.0,0.0,0.009500000000000008,ETH,2505.87,0.0
2026-10-11T00:11:49.854723+00:00,ETH-24SEP27-6000-P,2616.66,ETH-24SEP27,put,6000.0,2027-09-24T08:00:00+00:00,0.9536621969122177,1.294,1.3405,1.320631,1.31725,2616.66,ETH-24SEP27,0.586,-0.87766,5.18319,0.0,0.0,0.046499999999999986,ETH,2505.87,0.0
2026-10-11T00:11:49.854723+00:00,ETH-25JUN27-5000-P,2585.89,ETH-25JUN27,put,5000.0,2027-06-25T08:00:00+00:00,0.7045177752831965,0.942,0.9755,0.95925,0.95875,2585.89,ETH-25JUN27,0.5733,-0.8706,4.57838,0.0,0.0,0.033500000000000085,ETH,2505.87,0.0
2026-10-11T00:11:49.854723+00:00,ETH-30OCT26-3100-C,2509.56,ETH-30OCT26,call,3100.0,2026-10-30T08:00:00+00:00,0.052909287945756334,0.0023,0.0026,0.002422,0.00245,2509.56,ETH-30OCT26,0.536,0.04923,0.58812,5135.0,51.0,0.0002999999999999999,ETH,2505.87,254.88
2026-10-11T00:11:49.854723+00:00,ETH-27NOV26-3300-P,2517.12,ETH-27NOV26,put,3300.0,2026-11-27T08:00:00+00:00,0.12956910998545518,0.313,0.325,0.319043,0.319,2517.12,ETH-27NOV26,0.5359,-0.90443,1.53852,0.0,0.0,0.01200000000000001,ETH,2505.87,0.0
2026-10-11T00:11:49.854723+00:00,ETH-27NOV26-2250-P,2517.12,ETH-27NOV26,put,2250.0,2026-11-27T08:00:00+00:00,0.12956910998545518,0.0285,0.0295,0.029066,0.029,2517.12,ETH-27NOV26,0.5132,-0.24221,2.83148,767.0,2.0,0.0009999999999999974,ETH,2505.87,142.89
2026-10-11T00:11:49.854723+00:00,ETH-25JUN27-3500-C,2585.91,ETH-25JUN27,call,3500.0,2027-06-25T08:00:00+00:00,0.7045177752831965,0.0765,0.079,0.077782,0.07775,2585.91,ETH-25JUN27,0.5378000000000001,0.32828,7.84644,2214.0,0.0,0.0025000000000000022,ETH,2505.87,0.0
2026-10-11T00:11:49.854723+00:00,ETH-14OCT26-2460-C,2506.1,ETH-14OCT26,call,2460.0,2026-10-14T08:00:00+00:00,0.00910367535164271,0.025,0.027,0.02574,0.026,2506.1,ETH-14OCT26,0.3911,0.69652,0.83558,0.0,0.0,0.0019999999999999983,ETH,2505.87,0.0
2026-10-11T00:11:49.854723+00:00,ETH-12OCT26-2500-P,2505.84,ETH-12OCT26,put,2500.0,2026-10-12T08:00:00+00:00,0.003627973777378508,0.0055,0.0065,0.006163,0.006,2505.84,ETH-12OCT26,0.3029,-0.44651,0.59624,610.0,2.0,0.001,ETH,2505.87,39.91
2026-10-11T00:11:49.854723+00:00,ETH-25JUN27-3600-P,2585.89,ETH-25JUN27,put,3600.0,2027-06-25T08:00:00+00:00,0.7045177752831965,0.452,0.4745,0.463747,0.46325,2585.89,ETH-25JUN27,0.5399,-0.6926,7.63154,0.0,0.0,0.022499999999999964,ETH,2505.87,0.0
2026-10-11T00:11:49.854723+00:00,ETH-11OCT26-2500-P,2505.81,ETH-11OCT26,put,2500.0,2026-10-11T08:00:00+00:00,0.0008901229902464066,0.0018,0.0023,0.002065,0.00205,2505.81,ETH-11OCT26,0.26039999999999996,-0.38352,0.28425,1865.0,141.0,0.0005,ETH,2505.87,863.56
2026-10-11T00:11:49.854723+00:00,ETH-14OCT26-2800-C,2506.1,ETH-14OCT26,call,2800.0,2026-10-14T08:00:00+00:00,0.00910367535164271,0.0004,0.0005,0.000443,0.00045,2506.1,ETH-14OCT26,0.5707,0.02221,0.1265,20.0,20.0,9.999999999999999e-05,ETH,2505.87,9.99
2026-10-11T00:11:49.854723+00:00,ETH-14OCT26-2300-C,2506.1,ETH-14OCT26,call,2300.0,2026-10-14T08:00:00+00:00,0.00910367535164271,0.0805,0.086,0.083656,0.08325,2506.1,ETH-14OCT26,0.5827,0.94179,0.27812,0.0,0.0,0.005499999999999991,ETH,2505.87,0.0
2026-10-11T00:11:49.854723+00:00,ETH-26MAR27-1400-P,2554.51,ETH-26MAR27,put,1400.0,2027-03-26T08:00:00+00:00,0.4553733536541752,0.012,0.0125,0.012457,0.01225,2554.51,ETH-26MAR27,0.6496,-0.05585,1.94155,1995.0,0.0,0.0005000000000000004,ETH,2505.87,0.0
2026-10-11T00:11:49.854723+00:00,ETH-14OCT26-2380-C,2506.1,ETH-14OCT26,call,2380.0,2026-10-14T08:00:00+00:00,0.00910367535164271,0.05,0.056,0.053063,0.053,2506.1,ETH-14OCT26,0.4718,0.87852,0.4824,16.0,16.0,0.005999999999999998,ETH,2505.86,1956.03
2026-10-11T00:11:49.854723+00:00,ETH-26MAR27-1800-P,2554.51,ETH-26MAR27,put,1800.0,2027-03-26T08:00:00+00:00,0.4553733536541752,0.0315,0.0325,0.031947,0.032,2554.51,ETH-26MAR27,0.5731,-0.13607,3.76395,3083.0,4.0,0.0010000000000000009,ETH,2505.86,315.35
2026-10-11T00:11:49.854723+00:00,ETH-26MAR27-3500-C,2554.51,ETH-26MAR27,call,3500.0,2027-03-26T08:00:00+00:00,0.4553733536541752,0.0435,0.045,0.044236,0.04425,2554.51,ETH-26MAR27,0.535,0.24458,5.4154,4832.0,0.0,0.0015000000000000013,ETH,2505.86,0.0
2026-10-11T00:11:49.854723+00:00,ETH-30OCT26-3800-P,2509.56,ETH-30OCT26,put,3800.0,2026-10-30T08:00:00+00:00,0.052909287945756334,0.509,0.521,0.514558,0.515,2509.56,ETH-30OCT26,0.7084999999999999,-0.99313,0.11067,0.0,0.0,0.01200000000000001,ETH,2505.86,0.0
2026-10-11T00:11:49.854723+00:00,ETH-27NOV26-2100-C,2517.12,ETH-27NOV26,call,2100.0,2026-11-27T08:00:00+00:00,0.12956910998545518,0.1785,0.186,0.182649,0.18225,2517.12,ETH-27NOV26,0.542,0.84745,2.13686,1.0,0.0,0.007500000000000007,ETH,2505.86,0.0
2026-10-11T00:11:49.854723+00:00,ETH-30OCT26-2200-C,2509.56,ETH-30OCT26,call,2200.0,2026-10-30T08:00:00+00:00,0.052909287945756334,0.128,0.134,0.131297,0.131,2509.56,ETH-30OCT26,0.5257999999999999,0.87453,1.19163,1278.0,0.0,0.006000000000000005,ETH,2505.86,0.0
2026-10-11T00:11:49.854723+00:00,ETH-25JUN27-1500-P,2585.89,ETH-25JUN27,put,1500.0,2027-06-25T08:00:00+00:00,0.7045177752831965,0.027,0.028,0.027232,0.0275,2585.89,ETH-25JUN27,0.6033,-0.09205,3.58499,654.0,0.0,0.0010000000000000009,ETH,2505.86,0.0
2026-10-11T00:11:49.854723+00:00,ETH-26MAR27-3600-P,2554.51,ETH-26MAR27,put,3600.0,2027-03-26T08:00:00+00:00,0.4553733536541752,0.4365,0.4585,0.448811,0.4475,2554.51,ETH-26MAR27,0.5384,-0.77713,5.14337,1.0,0.0,0.02200000000000002,ETH,2505.85,0.0
2026-10-11T00:11:49.854723+00:00,ETH-26MAR27-1900-C,2554.53,ETH-26MAR27,call,1900.0,2027-03-26T08:00:00+00:00,0.4553733536541752,0.291,0.3,0.296302,0.2955,2554.53,ETH-26MAR27,0.5608,0.83423,4.29305,4251.0,0.0,0.009000000000000008,ETH,2505.85,0.0
2026-10-11T00:11:49.854723+00:00,ETH-12OCT26-2440-C,2505.84,ETH-12OCT26,call,2440.0,2026-10-12T08:00:00+00:00,0.003627973777378508,0.0245,0.0305,0.027796,0.0275,2505.84,ETH-12OCT26,0.39270000000000005,0.8718,0.31595,163.0,0.0,0.005999999999999998,ETH,2505.85,0.0
2026-10-11T00:11:49.854723+00:00,ETH-24SEP27-2100-P,2616.68,ETH-24SEP27,put,2100.0,2027-09-24T08:00:00+00:00,0.9536621969122177,0.106,0.109,0.107295,0.1075,2616.68,ETH-24SEP27,0.5494,-0.24886,8.1028,430.0,0.0,0.0030000000000000027,ETH,2505.85,0.0
2026-10-11T00:11:49.854723+00:00,ETH-26MAR27-1900-P,2554.51,ETH-26MAR27,put,1900.0,2027-03-26T08:00:00+00:00,0.4553733536541752,0.0395,0.0405,0.040085,0.04,2554.51,ETH-26MAR27,0.5608,-0.16577,4.2931,3518.0,4.0,0.0010000000000000009,ETH,2505.85,395.39
2026-10-11T00:11:49.854723+00:00,ETH-12OCT26-2560-P,2505.85,ETH-12OCT26,put,2560.0,2026-10-12T08:00:00+00:00,0.003627973777378508,0.02,0.0265,0.023126,0.02325,2505.85,ETH-12OCT26,0.33490000000000003,-0.85409,0.34518,2.0,0.0,0.006499999999999999,ETH,2505.85,0.0
2026-10-11T00:11:49.854723+00:00,ETH-11OCT26-2100-P,2505.81,ETH-11OCT26,put,2100.0,2026-10-11T08:00:00+00:00,0.0008901229902464066,,0.0001,0.0,,2505.81,ETH-11OCT26,0.9845,0.0,0.0,615.0,0.0,,ETH,2505.85,0.0
2026-10-11T00:11:49.854723+00:00,ETH-27NOV26-2250-C,2517.12,ETH-27NOV26,call,2250.0,2026-11-27T08:00:00+00:00,0.12956910998545518,0.1305,0.1395,0.135184,0.135,2517.12,ETH-27NOV26,0.5132,0.75776,2.8316,126.0,0.0,0.009000000000000008,ETH,2505.85,0.0
2026-10-11T00:11:49.854723+00:00,ETH-25JUN27-6500-C,2585.89,ETH-25JUN27,call,6500.0,2027-06-25T08:00:00+00:00,0.7045177752831965,0.011,0.0125,0.011703,0.01175,2585.89,ETH-25JUN27,0.6138,0.06289,2.6832,938.0,5.0,0.0015000000000000013,ETH,2505.85,131.04
2026-10-11T00:11:49.854723+00:00,ETH-30OCT26-2700-C,2509.56,ETH-30OCT26,call,2700.0,2026-10-30T08:00:00+00:00,0.052909287945756334,0.015,0.0155,0.015172,0.01525,2509.56,ETH-30OCT26,0.4501,0.25615,1.8583,5751.0,83.0,0.0005000000000000004,ETH,2505.85,2820.68
2026-10-11T00:11:49.854723+00:00,ETH-16OCT26-2850-C,2506.49,ETH-16OCT26,call,2850.0,2026-10-16T08:00:00+00:00,0.014579376925906912,0.0007,0.0009,0.00078,0.0008,2506.49,ETH-16OCT26,0.5578,0.03053,0.20895,835.0,1.0,0.00019999999999999998,ETH,2505.85,1.25
2026-10-11T00:11:49.854723+00:00,ETH-11OCT26-2780-C,2505.81,ETH-11OCT26,call,2780.0,2026-10-11T08:00:00+00:00,0.0008901229902464066,,0.0001,0.0,,2505.81,ETH-11OCT26,0.6252,0.0,0.0,24.0,0.0,,ETH,2505.85,0.0
2026-10-11T00:11:49.854723+00:00,ETH-16OCT26-2750-P,2506.47,ETH-16OCT26,put,2750.0,2026-10-16T08:00:00+00:00,0.014579376925906912,0.095,0.1025,0.098616,0.09875,2506.47,ETH-16OCT26,0.4836,-0.94054,0.35797,773.0,2.0,0.007499999999999993,ETH,2505.85,515.93
2026-10-11T00:11:49.854723+00:00,ETH-24SEP27-4200-C,2616.68,ETH-24SEP27,call,4200.0,2027-09-24T08:00:00+00:00,0.9536621969122177,0.0685,0.0715,0.070077,0.07,2616.68,ETH-24SEP27,0.5525,0.2719,8.48108,24.0,0.0,0.002999999999999989,ETH,2505.83,0.0
2026-10-11T00:11:49.854723+00:00,ETH-25DEC26-2600-P,2526.9,ETH-25DEC26,put,2600.0,2026-12-25T08:00:00+00:00,0.206228932025154,0.1055,0.107,0.106463,0.10625,2526.9,ETH-25DEC26,0.4975,-0.50537,4.57871,1479.0,0.0,0.0015000000000000013,ETH,2505.83,0.0
2026-10-11T00:11:49.854723+00:00,ETH-16OCT26-2900-C,2506.47,ETH-16OCT26,call,2900.0,2026-10-16T08:00:00+00:00,0.014579376925906912,0.0005,0.0006,0.000565,0.00055,2506.47,ETH-16OCT26,0.5886,0.02183,0.15782,5737.0,6.0,9.999999999999994e-05,ETH,2505.83,5.99
2026-10-11T00:11:49.854723+00:00,ETH-12OCT26-2240-P,2505.84,ETH-12OCT26,put,2240.0,2026-10-12T08:00:00+00:00,0.003627973777378508,0.0002,0.0003,0.000236,0.00025,2505.84,ETH-12OCT26,0.8466,-0.01309,0.05077,779.0,799.0,9.999999999999996e-05,ETH,2505.83,208.63
2026-10-11T00:11:49.854723+00:00,ETH-23OCT26-3400-C,2508.06,ETH-23OCT26,call,3400.0,2026-10-23T08:00:00+00:00,0.03374433243583162,0.0002,0.0004,0.000289,0.0003,2508.06,ETH-23OCT26,0.6638,0.00746,0.09493,485.0,1.0,0.0002,ETH,2505.81,0.75
2026-10-11T00:11:49.854723+00:00,ETH-25DEC26-2900-C,2526.88,ETH-25DEC26,call,2900.0,2026-12-25T08:00:00+00:00,0.206228932025154,0.0405,0.0415,0.040835,0.041,2526.88,ETH-25DEC26,0.5022,0.31212,4.06138,5757.0,300.0,0.0010000000000000009,ETH,2505.81,29637.39
2026-10-11T00:11:49.854723+00:00,ETH-27NOV26-4000-P,2517.12,ETH-27NOV26,put,4000.0,2026-11-27T08:00:00+00:00,0.12956910998545518,0.5845,0.5985,0.591224,0.5915,2517.12,ETH-27NOV26,0.6274000000000001,-0.97368,0.55297,0.0,0.0,0.014000000000000012,ETH,2505.81,0.0
2026-10-11T00:11:49.854723+00:00,ETH-26MAR27-2700-P,2554.51,ETH-26MAR27,put,2700.0,2027-03-26T08:00:00+00:00,0.4553733536541752,0.173,0.175,0.174218,0.174,2554.51,ETH-26MAR27,0.5226,-0.4924,6.87736,1441.0,1.0,0.0020000000000000018,ETH,2505.81,435.95
2026-10-11T00:11:49.854723+00:00,ETH-24SEP27-2800-P,2616.66,ETH-24SEP27,put,2800.0,2027-09-24T08:00:00+00:00,0.9536621969122177,0.248,0.256,0.251867,0.252,2616.66,ETH-24SEP27,0.5394,-0.44637,10.1047,1382.0,0.0,0.008000000000000007,ETH,2505.81,0.0
2026-10-11T00:11:49.854723+00:00,ETH-13OCT26-2560-P,2506.09,ETH-13OCT26,put,2560.0,2026-10-13T08:00:00+00:00,0.006365824564510609,0.0245,0.0265,0.025463,0.0255,2506.09,ETH-13OCT26,0.36329999999999996,-0.76486,0.61445,0.0,0.0,0.0019999999999999983,ETH,2505.81,0.0
2026-10-11T00:11:49.854723+00:00,ETH-13OCT26-2250-P,2506.09,ETH-13OCT26,put,2250.0,2026-10-13T08:00:00+00:00,0.006365824564510609,0.0005,0.0007,0.000587,0.0006,2506.09,ETH-13OCT26,0.7095999999999999,-0.02674,0.12358,1.0,1.0,0.00019999999999999998,ETH,2505.79,1.0
2026-10-11T00:11:49.854723+00:00,ETH-24SEP27-2300-C,2616.68,ETH-24SEP27,call,2300.0,2027-09-24T08:00:00+00:00,0.9536621969122177,0.262,0.2665,0.262986,0.26425,2616.68,ETH-24SEP27,0.544,0.69438,8.9612,21.0,0.0,0.004500000000000004,ETH,2505.79,0.0
2026-10-11T00:11:49.854723+00:00,ETH-24SEP27-4000-C,2616.68,ETH-24SEP27,call,4000.0,2027-09-24T08:00:00+00:00,0.9536621969122177,0.078,0.081,0.079452,0.0795,2616.68,ETH-24SEP27,0.5496,0.3008,8.89768,722.0,0.0,0.0030000000000000027,ETH,2505.79,0.0
2026-10-11T00:11:49.854723+00:00,ETH-26MAR27-3400-C,2554.51,ETH-26MAR27,call,3400.0,2027-03-26T08:00:00+00:00,0.4553733536541752,0.049,0.0505,0.049739,0.04975,2554.51,ETH-26MAR27,0.5323,0.26884,5.6887,4177.0,0.0,0.0015000000000000013,ETH,2505.8,0.0
2026-10-11T00:11:49.854723+00:00,ETH-12OCT26-2250-P,2505.84,ETH-12OCT26,put,2250.0,2026-10-12T08:00:00+00:00,0.003627973777378508,0.0002,0.0003,0.000239,0.00025,2505.84,ETH-12OCT26,0.8189,-0.01367,0.05272,538.0,0.0,9.999999999999996e-05,ETH,2505.79,0.0
2026-10-11T00:11:49.854723+00:00,ETH-13OCT26-2500-C,2506.09,ETH-13OCT26,call,2500.0,2026-10-13T08:00:00+00:00,0.006365824564510609,0.0125,0.013,0.012819,0.01275,2506.09,ETH-13OCT26,0.3638,0.5382,0.79375,3.0,0.0,0.0004999999999999987,ETH,2505.79,0.0
2026-10-11T00:11:49.854723+00:00,ETH-24SEP27-1800-C,2616.68,ETH-24SEP27,call,1800.0,2027-09-24T08:00:00+00:00,0.9536621969122177,0.3705,0.386,0.378428,0.37825,2616.68,ETH-24SEP27,0.5644,0.82998,6.46849,0.0,0.0,0.015500000000000014,ETH,2505.8,0.0
2026-10-11T00:11:49.854723+00:00,ETH-25JUN27-900-P,2585.89,ETH-25JUN27,put,900.0,2027-06-25T08:00:00+00:00,0.7045177752831965,0.0055,0.0065,0.006252,0.006,2585.89,ETH-25JUN27,0.7347,-0.02172,1.1273,925.0,0.0,0.001,ETH,2505.8,0.0
2026-10-11T00:11:49.854723+00:00,ETH-14OCT26-2560-P,2506.1,ETH-14OCT26,put,2560.0,2026-10-14T08:00:00+00:00,0.00910367535164271,0.0265,0.0285,0.027579,0.0275,2506.1,ETH-14OCT26,0.3726,-0.72021,0.80447,0.0,0.0,0.0020000000000000018,ETH,2505.8,0.0
2026-10-11T00:11:49.854723+00:00,ETH-11OCT26-2660-P,2505.81,ETH-11OCT26,put,2660.0,2026-10-11T08:00:00+00:00,0.0008901229902464066,0.0585,0.0655,0.061526,0.062,2505.81,ETH-11OCT26,0.5975,-0.99961,0.00105,0.0,0.0,0.006999999999999999,ETH,2505.8,0.0
2026-10-11T00:11:49.854723+00:00,ETH-24SEP27-2200-C,2616.68,ETH-24SEP27,call,2200.0,2027-09-24T08:00:00+00:00,0.9536621969122177,0.2745,0.2925,0.283084,0.2835,2616.68,ETH-24SEP27,0.5461,0.72298,8.55938,1.0,0.0,0.01799999999999996,ETH,2505.8,0.0
2026-10-11T00:11:49.854723+00:00,ETH-24SEP27-1900-P,2616.66,ETH-24SEP27,put,1900.0,2027-09-24T08:00:00+00:00,0.9536621969122177,0.0775,0.0795,0.078364,0.0785,2616.66,ETH-24SEP27,0.5578,-0.19499,7.04685,0.0,0.0,0.0020000000000000018,ETH,2505.8,0.0
2026-10-11T00:11:49.854723+00:00,ETH-30OCT26-3300-C,2509.54,ETH-30OCT26,call,3300.0,2026-10-30T08:00:00+00:00,0.052909287945756334,0.0012,0.0014,0.001301,0.0013,2509.54,ETH-30OCT26,0.5929,0.0262,0.35093,3575.0,0.0,0.0002000000000000001,ETH,2505.8,0.0
2026-10-11T00:11:49.854723+00:00,ETH-25JUN27-1300-C,2585.91,ETH-25JUN27,call,1300.0,2027-06-25T08:00:00+00:00,0.7045177752831965,0.511,0.5175,0.514746,0.51425,2585.91,ETH-25JUN27,0.6381,0.93958,2.60026,108.0,0.0,0.00649999999999995,ETH,2505.8,0.0
2026-10-11T00:11:49.854723+00:00,ETH-12OCT26-2480-P,2505.85,ETH-12OCT26,put,2480.0,2026-10-12T08:00:00+00:00,0.003627973777378508,0.0034,0.0038,0.003593,0.0036,2505.85,ETH-12OCT26,0.321,-0.29433,0.51978,82.0,36.0,0.0004000000000000002,ETH,2505.8,331.95
2026-10-11T00:11:49.854723+00:00,ETH-14OCT26-2100-C,2506.1,ETH-14OCT26,call,2100.0,2026-10-14T08:00:00+00:00,0.00910367535164271,0.1595,0.1645,0.162431,0.162,2506.1,ETH-14OCT26,0.8497,0.98679,0.08116,0.0,0.0,0.0050000000000000044,ETH,2505.82,0.0
2026-10-11T00:11:49.854723+00:00,ETH-11OCT26-2480-P,2505.81,ETH-11OCT26,put,2480.0,2026-10-11T08:00:00+00:00,0.0008901229902464066,0.0007,0.0009,0.000758,0.0008,2505.81,ETH-11OCT26,0.3336,-0.14978,0.17341,1341.0,138.0,0.00019999999999999998,ETH,2505.8,558.57
2026-10-11T00:11:49.854723+00:00,ETH-14OCT26-2250-P,2506.1,ETH-14OCT26,put,2250.0,2026-10-14T08:00:00+00:00,0.00910367535164271,0.0009,0.0011,0.000976,0.001,2506.1,ETH-14OCT26,0.6496,-0.0385,0.1997,21.0,21.0,0.0002000000000000001,ETH,2505.82,36.92
2026-10-11T00:11:49.854723+00:00,ETH-25DEC26-1500-C,2526.88,ETH-25DEC26,call,1500.0,2026-12-25T08:00:00+00:00,0.206228932025154,0.4075,0.414,0.410859,0.41075,2526.88,ETH-25DEC26,0.6811,0.96712,0.84254,749.0,0.0,0.006500000000000006,ETH,2505.82,0.0
2026-10-11T00:11:49.854723+00:00,ETH-16OCT26-2400-C,2506.47,ETH-16OCT26,call,2400.0,2026-10-16T08:00:00+00:00,0.014579376925906912,0.0485,0.0505,0.049449,0.0495,2506.47,ETH-16OCT26,0.4661,0.78764,0.87798,376.0,0.0,0.0020000000000000018,ETH,2505.82,0.0
2026-10-11T00:11:49.854723+00:00,ETH-30OCT26-3400-C,2509.54,ETH-30OCT26,call,3400.0,2026-10-30T08:00:00+00:00,0.052909287945756334,0.0009,0.0011,0.001,0.001,2509.54,ETH-30OCT26,0.6209,0.01993,0.2787,9052.0,0.0,0.0002000000000000001,ETH,2505.82,0.0
2026-10-11T00:11:49.854723+00:00,ETH-27NOV26-2750-P,2517.12,ETH-27NOV26,put,2750.0,2026-11-27T08:00:00+00:00,0.12956910998545518,0.1235,0.134,0.128629,0.12875,2517.12,ETH-27NOV26,0.48840000000000006,-0.66122,3.31601,1289.0,0.0,0.01050000000000001,ETH,2505.82,0.0
2026-10-11T00:11:49.854723+00:00,ETH-12OCT26-2300-P,2505.84,ETH-12OCT26,put,2300.0,2026-10-12T08:00:00+00:00,0.003627973777378508,0.0003,0.0005,0.000378,0.0004,2505.84,ETH-12OCT26,0.7208,-0.02307,0.08239,4223.0,2.0,0.00020000000000000004,ETH,2505.8,1.5
2026-10-11T00:11:49.854723+00:00,ETH-12OCT26-2540-C,2505.85,ETH-12OCT26,call,2540.0,2026-10-12T08:00:00+00:00,0.003627973777378508,0.0025,0.0029,0.002643,0.0027,2505.85,ETH-12OCT26,0.31379999999999997,0.23818,0.46686,1022.0,7.0,0.00039999999999999975,ETH,2505.8,46.61
2026-10-11T00:11:49.854723+00:00,ETH-24SEP27-3300-C,2616.68,ETH-24SEP27,call,3300.0,2027-09-24T08:00:00+00:00,0.9536621969122177,0.125,0.1285,0.126865,0.12675,2616.68,ETH-24SEP27,0.5413,0.4307,10.04278,150.0,0.0,0.003500000000000003,ETH,2505.8,0.0
2026-10-11T00:11:49.854723+00:00,ETH-13OCT26-2360-P,2506.09,ETH-13OCT26,put,2360.0,2026-10-13T08:00:00+00:00,0.006365824564510609,0.0013,0.0015,0.001373,0.0014,2506.09,ETH-13OCT26,0.5241,-0.07279,0.27655,46.0,0.0,0.0002000000000000001,ETH,2505.8,0.0
2026-10-11T00:11:49.854723+00:00,ETH-25DEC26-11000-P,2526.9,ETH-25DEC26,put,11000.0,2026-12-25T08:00:00+00:00,0.206228932025154,3.3265,3.3595,3.353255,3.343,2526.9,ETH-25DEC26,0.9531999999999999,-0.99927,0.02911,774.0,0.0,0.03300000000000036,ETH,2505.8,0.0
2026-10-11T00:11:49.854723+00:00,ETH-25DEC26-2800-C,2526.9,ETH-25DEC26,call,2800.0,2026-12-25T08:00:00+00:00,0.206228932025154,0.05,0.0515,0.050673,0.05075,2526.9,ETH-25DEC26,0.49939999999999996,0.36719,4.32293,10885.0,0.0,0.0014999999999999944,ETH,2505.81,0.0
2026-10-11T00:11:49.854723+00:00,ETH-27NOV26-4200-C,2517.12,ETH-27NOV26,call,4200.0,2026-11-27T08:00:00+00:00,0.12956910998545518,0.0014,0.0015,0.001563,0.00145,2517.12,ETH-27NOV26,0.6524,0.01959,0.43106,812.0,0.0,0.00010000000000000005,ETH,2505.81,0.0
2026-10-11T00:11:49.854723+00:00,ETH-30OCT26-1800-C,2509.56,ETH-30OCT26,call,1800.0,2026-10-30T08:00:00+00:00,0.052909287945756334,0.2815,0.2865,0.28411,0.284,2509.56,ETH-30OCT26,0.7382,0.97934,0.28732,110.0,1.0,0.0050000000000000044,ETH,2505.81,700.33
2026-10-11T00:11:49.854723+00:00,ETH-25JUN27-1800-P,2585.89,ETH-25JUN27,put,1800.0,2027-06-25T08:00:00+00:00,0.7045177752831965,0.0495,0.051,0.050065,0.05025,2585.89,ETH-25JUN27,0.5659000000000001,-0.1587,5.25436,1776.0,1.0,0.0014999999999999944,ETH,2505.81,122.61
2026-10-11T00:11:49.854723+00:00,ETH-23OCT26-2350-C,2508.06,ETH-23OCT26,call,2350.0,2026-10-23T08:00:00+00:00,0.03374433243583162,0.073,0.075,0.07392,0.074,2508.06,ETH-23OCT26,0.4703,0.78672,1.34006,0.0,0.0,0.0020000000000000018,ETH,2505.81,0.0
2026-10-11T00:11:49.854723+00:00,ETH-25DEC26-3400-P,2526.88,ETH-25DEC26,put,3400.0,2026-12-25T08:00:00+00:00,0.206228932025154,0.352,0.3685,0.360554,0.36025,2526.88,ETH-25DEC26,0.5346,-0.86456,2.49766,89.0,0.0,0.016500000000000015,ETH,2505.81,0.0
2026-10-11T00:11:49.854723+00:00,ETH-13OCT26-2460-C,2506.09,ETH-13OCT26,call,2460.0,2026-10-13T08:00:00+00:00,0.006365824564510609,0.0225,0.0245,0.023595,0.0235,2506.09,ETH-13OCT26,0.38909999999999995,0.72924,0.66182,0.0,0.0,0.0020000000000000018,ETH,2505.8,0.0
2026-10-11T00:11:49.854723+00:00,ETH-23OCT26-2850-C,2508.08,ETH-23OCT26,call,2850.0,2026-10-23T08:00:00+00:00,0.03374433243583162,0.0027,0.0031,0.002904,0.0029,2508.08,ETH-23OCT26,0.4731,0.07664,0.66307,3271.0,0.0,0.00039999999999999975,ETH,2505.8,0.0
2026-10-11T00:11:49.854723+00:00,ETH-13OCT26-2600-P,2506.09,ETH-13OCT26,put,2600.0,2026-10-13T08:00:00+00:00,0.006365824564510609,0.0355,0.043,0.039273,0.03925,2506.09,ETH-13OCT26,0.3871,-0.88077,0.39802,0.0,0.0,0.0075,ETH,2505.8,0.0
2026-10-11T00:11:49.854723+00:00,ETH-25DEC26-1000-P,2526.88,ETH-25DEC26,put,1000.0,2026-12-25T08:00:00+00:00,0.206228932025154,0.0007,0.001,0.000834,0.00085,2526.88,ETH-25DEC26,0.877,-0.00577,0.18862,18356.0,0.0,0.00030000000000000003,ETH,2505.8,0.0
2026-10-11T00:11:49.854723+00:00,ETH-27NOV26-2200-P,2517.12,ETH-27NOV26,put,2200.0,2026-11-27T08:00:00+00:00,0.12956910998545518,0.024,0.025,0.024414,0.0245,2517.12,ETH-27NOV26,0.5226,-0.20921,2.60604,3135.0,15.0,0.0010000000000000009,ETH,2505.8,929.84
2026-10-11T00:11:49.854723+00:00,ETH-12OCT26-2660-C,2505.85,ETH-12OCT26,call,2660.0,2026-10-12T08:00:00+00:00,0.003627973777378508,0.0002,0.0004,0.00028,0.0003,2505.85,ETH-12OCT26,0.5011,0.0246,0.08696,271.0,216.0,0.0002,ETH,2505.8,110.07
2026-10-11T00:11:49.854723+00:00,ETH-25JUN27-3700-P,2585.91,ETH-25JUN27,put,3700.0,2027-06-25T08:00:00+00:00,0.7045177752831965,0.485,0.5085,0.496561,0.49675,2585.91,ETH-25JUN27,0.5413,-0.71263,7.39988,0.0,0.0,0.023499999999999965,ETH,2505.8,0.0
2026-10-11T00:11:49.854723+00:00,ETH-16OCT26-2450-C,2506.47,ETH-16OCT26,call,2450.0,2026-10-16T08:00:00+00:00,0.014579376925906912,0.0335,0.035,0.03395,0.03425,2506.47,ETH-16OCT26,0.436,0.67643,1.08729,268.0,54.0,0.0015000000000000013,ETH,2505.8,4087.94
2026-10-11T00:11:49.854723+00:00,ETH-12OCT26-2680-C,2505.85,ETH-12OCT26,call,2680.0,2026-10-12T08:00:00+00:00,0.003627973777378508,0.0001,0.0003,0.000185,0.0002,2505.85,ETH-12OCT26,0.5202,0.01643,0.06175,20.0,19.0,0.00019999999999999998,ETH,2505.8,4.99
2026-10-11T00:11:49.854723+00:00,ETH-11OCT26-2900-C,2505.81,ETH-11OCT26,call,2900.0,2026-10-11T08:00:00+00:00,0.0008901229902464066,,0.0001,0.0,,2505.81,ETH-11OCT26,0.7509,0.0,0.0,1.0,0.0,,ETH,2505.8,0.0
2026-10-11T00:11:49.854723+00:00,ETH-13OCT26-2200-P,2506.09,ETH-13OCT26,put,2200.0,2026-10-13T08:00:00+00:00,0.006365824564510609,0.0003,0.0005,0.000387,0.0004,2506.09,ETH-13OCT26,0.7807999999999999,-0.01696,0.0841,80.0,12.0,0.00020000000000000004,ETH,2505.8,14.03
2026-10-11T00:11:49.854723+00:00,ETH-12OCT26-2640-C,2505.84,ETH-12OCT26,call,2640.0,2026-10-12T08:00:00+00:00,0.003627973777378508,0.0003,0.0005,0.00034,0.0004,2505.84,ETH-12OCT26,0.46259999999999996,0.03148,0.10678,392.0,1.0,0.00020000000000000004,ETH,2505.81,0.75
2026-10-11T00:11:49.854723+00:00,ETH-25JUN27-2300-C,2585.89,ETH-25JUN27,call,2300.0,2027-06-25T08:00:00+00:00,0.7045177752831965,0.2285,0.231,0.229602,0.22975,2585.89,ETH-25JUN27,0.5379,0.68619,7.69995,251.0,0.0,0.0025000000000000022,ETH,2505.81,0.0
2026-10-11T00:11:49.854723+00:00,ETH-25JUN27-2700-C,2585.89,ETH-25JUN27,call,2700.0,2027-06-25T08:00:00+00:00,0.7045177752831965,0.158,0.1605,0.15935,0.15925,2585.89,ETH-25JUN27,0.5318999999999999,0.5503,8.59235,618.0,1.0,0.0025000000000000022,ETH,2505.81,392.39
2026-10-11T00:11:49.854723+00:00,ETH-13OCT26-2660-C,2506.09,ETH-13OCT26,call,2660.0,2026-10-13T08:00:00+00:00,0.006365824564510609,0.0006,0.0008,0.000698,0.0007,2506.09,ETH-13OCT26,0.4443,0.04775,0.19871,6.0,0.0,0.0002000000000000001,ETH,2505.81,0.0
2026-10-11T00:11:49.854723+00:00,ETH-12OCT26-2360-P,2505.85,ETH-12OCT26,put,2360.0,2026-10-12T08:00:00+00:00,0.003627973777378508,0.0006,0.0008,0.000673,0.0007,2505.85,ETH-12OCT26,0.5942000000000001,-0.04545,0.1441,444.0,3.0,0.0002000000000000001,ETH,2505.81,4.76
2026-10-11T00:11:49.854723+00:00,ETH-25DEC26-3300-P,2526.9,ETH-25DEC26,put,3300.0,2026-12-25T08:00:00+00:00,0.206228932025154,0.316,0.332,0.32399,0.324,2526.9,ETH-25DEC26,0.5261,-0.84081,2.78344,13.0,0.0,0.016000000000000014,ETH,2505.8,0.0
2026-10-11T00:11:49.854723+00:00,ETH-25DEC26-3400-C,2526.88,ETH-25DEC26,call,3400.0,2026-12-25T08:00:00+00:00,0.206228932025154,0.0145,0.0155,0.015026,0.015,2526.88,ETH-25DEC26,0.5346,0.13544,2.49765,14527.0,18.0,0.0009999999999999992,ETH,2505.8,650.55
2026-10-11T00:11:49.854723+00:00,ETH-27NOV26-2800-P,2517.12,ETH-27NOV26,put,2800.0,2026-11-27T08:00:00+00:00,0.12956910998545518,0.138,0.149,0.143468,0.1435,2517.12,ETH-27NOV26,0.48960000000000004,-0.6973,3.16373,1098.0,0.0,0.010999999999999982,ETH,2505.8,0.0
2026-10-11T00:11:49.854723+00:00,ETH-25DEC26-2000-C,2526.9,ETH-25DEC26,call,2000.0,2026-12-25T08:00:00+00:00,0.206228932025154,0.224,0.234,0.228957,0.229,2526.9,ETH-25DEC26,0.5466,0.85668,2.59566,10234.0,0.0,0.010000000000000009,ETH,2505.8,0.0
2026-10-11T00:11:49.854723+00:00,ETH-12OCT26-2700-C,2505.84,ETH-12OCT26,call,2700.0,2026-10-12T08:00:00+00:00,0.003627973777378508,0.0001,0.0003,0.000173,0.0002,2505.84,ETH-12OCT26,0.5639,0.01446,0.05533,5.0,1.0,0.00019999999999999998,ETH,2505.8,0.75
2026-10-11T00:11:49.854723+00:00,ETH-25JUN27-5500-P,2585.89,ETH-25JUN27,put,5500.0,2027-06-25T08:00:00+00:00,0.7045177752831965,1.1295,1.164,1.146098,1.14675,2585.89,ETH-25JUN27,0.5870000000000001,-0.90059,3.7938,0.0,0.0,0.034499999999999975,ETH,2505.8,0.0
2026-10-11T00:11:49.854723+00:00,ETH-30OCT26-1850-C,2509.56,ETH-30OCT26,call,1850.0,2026-10-30T08:00:00+00:00,0.052909287945756334,0.262,0.267,0.264542,0.2645,2509.56,ETH-30OCT26,0.7127,0.97384,0.35048,1008.0,0.0,0.0050000000000000044,ETH,2505.8,0.0
2026-10-11T00:11:49.854723+00:00,ETH-11OCT26-2260-C,2505.81,ETH-11OCT26,call,2260.0,2026-10-11T08:00:00+00:00,0.0008901229902464066,0.095,0.101,0.098103,0.098,2505.81,ETH-11OCT26,0.7787000000000001,1.0,1e-05,0.0,0.0,0.006000000000000005,ETH,2505.8,0.0
2026-10-11T00:11:49.854723+00:00,ETH-27NOV26-2000-P,2517.12,ETH-27NOV26,put,2000.0,2026-11-27T08:00:00+00:00,0.12956910998545518,0.0115,0.0125,0.011951,0.012,2517.12,ETH-27NOV26,0.5690999999999999,-0.11044,1.70896,2391.0,40.0,0.0010000000000000009,ETH,2505.8,1196.41
2026-10-11T00:11:49.854723+00:00,ETH-25JUN27-3800-P,2585.89,ETH-25JUN27,put,3800.0,2027-06-25T08:00:00+00:00,0.7045177752831965,0.5145,0.542,0.530083,0.52825,2585.89,ETH-25JUN27,0.5434,-0.7311,7.16231,2.0,0.0,0.02750000000000008,ETH,2505.29,0.0
2026-10-11T00:11:49.854723+00:00,ETH-27NOV26-2950-P,2517.12,ETH-27NOV26,put,2950.0,2026-11-27T08:00:00+00:00,0.12956910998545518,0.1865,0.1985,0.192032,0.1925,2517.12,ETH-27NOV26,0.4986,-0.78662,2.63634,942.0,0.0,0.01200000000000001,ETH,2505.29,0.0
2026-10-11T00:11:49.854723+00:00,ETH-25DEC26-800-P,2526.88,ETH-25DEC26,put,800.0,2026-12-25T08:00:00+00:00,0.206228932025154,0.0002,0.0004,0.000289,0.0003,2526.88,ETH-25DEC26,0.9521,-0.00202,0.07343,7343.0,0.0,0.0002,ETH,2505.29,0.0
2026-10-11T00:11:49.854723+00:00,ETH-12OCT26-2660-P,2505.85,ETH-12OCT26,put,2660.0,2026-10-12T08:00:00+00:00,0.003627973777378508,0.0585,0.066,0.0618,0.06225,2505.85,ETH-12OCT26,0.5011,-0.97542,0.0869,1.0,0.0,0.0075,ETH,2505.29,0.0
2026-10-11T00:11:49.854723+00:00,ETH-12OCT26-2900-P,2505.84,ETH-12OCT26,put,2900.0,2026-10-12T08:00:00+00:00,0.003627973777378508,0.154,0.1615,0.157297,0.15775,2505.84,ETH-12OCT26,0.6322,-0.99994,0.0004,0.0,0.0,0.007500000000000007,ETH,2505.29,0.0
2026-10-11T00:11:49.854723+00:00,ETH-25JUN27-3000-P,2585.89,ETH-25JUN27,put,3000.0,2027-06-25T08:00:00+00:00,0.7045177752831965,0.2745,0.2885,0.281174,0.2815,2585.89,ETH-25JUN27,0.5318999999999999,-0.54378,8.60728,371.0,0.0,0.013999999999999957,ETH,2505.29,0.0
2026-10-11T00:11:49.854723+00:00,ETH-26MAR27-800-P,2554.51,ETH-26MAR27,put,800.0,2027-03-26T08:00:00+00:00,0.4553733536541752,0.0018,0.0024,0.00209,0.0021,2554.51,ETH-26MAR27,0.8281000000000001,-0.00924,0.42867,2526.0,0.0,0.0005999999999999998,ETH,2505.27,0.0
2026-10-11T00:11:49.854723+00:00,ETH-30OCT26-2300-C,2509.56,ETH-30OCT26,call,2300.0,2026-10-30T08:00:00+00:00,0.052909287945756334,0.096,0.098,0.097042,0.097,2509.56,ETH-30OCT26,0.4893,0.79612,1.63466,1100.0,0.0,0.0020000000000000018,ETH,2505.27,0.0
2026-10-11T00:11:49.854723+00:00,ETH-14OCT26-2360-P,2506.1,ETH-14OCT26,put,2360.0,2026-10-14T08:00:00+00:00,0.00910367535164271,0.0021,0.0026,0.002284,0.00235,2506.1,ETH-14OCT26,0.49920000000000003,-0.10064,0.42142,0.0,0.0,0.0005,ETH,2505.27,0.0
2026-10-11T00:11:49.854723+00:00,ETH-25DEC26-2000-P,2526.9,ETH-25DEC26,put,2000.0,2026-12-25T08:00:00+00:00,0.206228932025154,0.02,0.021,0.020444,0.0205,2526.9,ETH-25DEC26,0.5466,-0.14352,2.59749,9636.0,122.0,0.0010000000000000009,ETH,2505.27,6362.31
2026-10-11T00:11:49.854723+00:00,ETH-25DEC26-800-C,2526.88,ETH-25DEC26,call,800.0,2026-12-25T08:00:00+00:00,0.206228932025154,0.682,0.686,0.683694,0.684,2526.88,ETH-25DEC26,0.9521,0.99798,0.07343,171.0,0.0,0.0040000000000000036,ETH,2505.27,0.0
2026-10-11T00:11:49.854723+00:00,ETH-30OCT26-2750-P,2509.56,ETH-30OCT26,put,2750.0,2026-10-30T08:00:00+00:00,0.052909287945756334,0.103,0.112,0.107363,0.1075,2509.56,ETH-30OCT26,0.45530000000000004,-0.79514,1.63932,1047.0,10.0,0.009000000000000008,ETH,2505.27,2780.71
2026-10-11T00:11:49.854723+00:00,ETH-25DEC26-5500-C,2526.9,ETH-25DEC26,call,5500.0,2026-12-25T08:00:00+00:00,0.206228932025154,0.0011,0.0015,0.001279,0.0013,2526.9,ETH-25DEC26,0.7128,0.01253,0.37202,2165.0,0.0,0.00039999999999999996,ETH,2505.27,0.0
2026-10-11T00:11:49.854723+00:00,ETH-26MAR27-4500-C,2554.53,ETH-26MAR27,call,4500.0,2027-03-26T08:00:00+00:00,0.4553733536541752,0.0155,0.0165,0.016019,0.016,2554.53,ETH-26MAR27,0.5722,0.10141,3.05633,4389.0,0.0,0.0010000000000000009,ETH,2505.27,0.0
2026-10-11T00:11:49.854723+00:00,ETH-25DEC26-4000-C,2526.9,ETH-25DEC26,call,4000.0,2026-12-25T08:00:00+00:00,0.206228932025154,0.0055,0.0065,0.005897,0.006,2526.9,ETH-25DEC26,0.5895,0.05684,1.31009,16148.0,83.0,0.001,ETH,2505.27,1249.28
2026-10-11T00:11:49.854723+00:00,ETH-24SEP27-3000-C,2616.66,ETH-24SEP27,call,3000.0,2027-09-24T08:00:00+00:00,0.9536621969122177,0.1555,0.159,0.157056,0.15725,2616.66,ETH-24SEP27,0.5394,0.50138,10.19474,246.0,0.0,0.003500000000000003,ETH,2505.27,0.0
2026-10-11T00:11:49.854723+00:00,ETH-11OCT26-2700-C,2505.81,ETH-11OCT26,call,2700.0,2026-10-11T08:00:00+00:00,0.0008901229902464066,,0.0001,0.0,,2505.81,ETH-11OCT26,0.6252,3e-05,9e-05,162.0,0.0,,ETH,2505.27,0.0
2026-10-11T00:11:49.854723+00:00,ETH-23OCT26-2600-P,2508.06,ETH-23OCT26,put,2600.0,2026-10-23T08:00:00+00:00,0.03374433243583162,0.052,0.0545,0.053231,0.05325,2508.06,ETH-23OCT26,0.42310000000000003,-0.66587,1.6766,1407.0,126.0,0.0025000000000000022,ETH,2505.3,18134.83
2026-10-11T00:11:49.854723+00:00,ETH-27NOV26-3500-C,2517.12,ETH-27NOV26,call,3500.0,2026-11-27T08:00:00+00:00,0.12956910998545518,0.0048,0.0055,0.00516,0.00515,2517.12,ETH-27NOV26,0.562,0.06309,1.12252,2448.0,5.0,0.0007000000000000001,ETH,2505.3,58.89
2026-10-11T00:11:49.854723+00:00,ETH-11OCT26-2600-P,2505.81,ETH-11OCT26,put,2600.0,2026-10-11T08:00:00+00:00,0.0008901229902464066,0.0345,0.0415,0.037608,0.038,2505.81,ETH-11OCT26,0.49060000000000004,-0.99455,0.01162,12.0,0.0,0.006999999999999999,ETH,2505.3,0.0
2026-10-11T00:11:49.854723+00:00,ETH-16OCT26-2000-C,2506.47,ETH-16OCT26,call,2000.0,2026-10-16T08:00:00+00:00,0.014579376925906912,0.2,0.2045,0.202585,0.20225,2506.47,ETH-16OCT26,0.8661,0.98634,0.10573,18.0,0.0,0.004499999999999976,ETH,2505.3,0.0
2026-10-11T00:11:49.854723+00:00,ETH-11OCT26-2600-C,2505.81,ETH-11OCT26,call,2600.0,2026-10-11T08:00:00+00:00,0.0008901229902464066,,0.0001,2.8e-05,,2505.81,ETH-11OCT26,0.49060000000000004,0.00545,0.01162,125.0,57.0,,ETH,2505.3,41.6
2026-10-11T00:11:49.854723+00:00,ETH-25JUN27-4600-P,2585.89,ETH-25JUN27,put,4600.0,2027-06-25T08:00:00+00:00,0.7045177752831965,0.7985,0.827,0.812197,0.81275,2585.89,ETH-25JUN27,0.5625,-0.83743,5.33647,0.0,0.0,0.02849999999999997,ETH,2505.3,0.0
2026-10-11T00:11:49.854723+00:00,ETH-25JUN27-1200-C,2585.89,ETH-25JUN27,call,1200.0,2027-06-25T08:00:00+00:00,0.7045177752831965,0.5455,0.5525,0.549664,0.549,2585.89,ETH-25JUN27,0.6577,0.95213,2.16221,55.0,0.0,0.007000000000000006,ETH,2505.3,0.0
2026-10-11T00:11:49.854723+00:00,ETH-30OCT26-1200-C,2509.54,ETH-30OCT26,call,1200.0,2026-10-30T08:00:00+00:00,0.052909287945756334,0.52,0.5235,0.52189,0.52175,2509.54,ETH-30OCT26,1.0637999999999999,0.99914,0.01689,0.0,0.0,0.0034999999999999476,ETH,2505.3,0.0
2026-10-11T00:11:49.854723+00:00,ETH-13OCT26-2300-P,2506.06,ETH-13OCT26,put,2300.0,2026-10-13T08:00:00+00:00,0.006365824564510609,0.0007,0.001,0.000827,0.00085,2506.06,ETH-13OCT26,0.6245,-0.04083,0.17509,20.0,10.0,0.00030000000000000003,ETH,2505.3,14.97
2026-10-11T00:11:49.854723+00:00,ETH-30OCT26-1700-C,2509.56,ETH-30OCT26,call,1700.0,2026-10-30T08:00:00+00:00,0.052909287945756334,0.321,0.3255,0.323481,0.32325,2509.56,ETH-30OCT26,0.7944,0.9868,0.19578,74.0,0.0,0.004500000000000004,ETH,2505.3,0.0
2026-10-11T00:11:49.854723+00:00,ETH-25DEC26-1300-P,2526.9,ETH-25DEC26,put,1300.0,2026-12-25T08:00:00+00:00,0.206228932025154,0.0022,0.0027,0.002435,0.00245,2526.9,ETH-25DEC26,0.755,-0.0175,0.49584,4083.0,120.0,0.0005,ETH,2505.3,747.77
2026-10-11T00:11:49.854723+00:00,ETH-16OCT26-3200-C,2506.49,ETH-16OCT26,call,3200.0,2026-10-16T08:00:00+00:00,0.014579376925906912,0.0001,0.0002,0.000144,0.00015,2506.49,ETH-16OCT26,0.7717,0.00497,0.04352,1771.0,0.0,0.0001,ETH,2505.3,0.0
2026-10-11T00:11:49.854723+00:00,ETH-26MAR27-1200-P,2554.51,ETH-26MAR27,put,1200.0,2027-03-26T08:00:00+00:00,0.4553733536541752,0.007,0.008,0.007478,0.0075,2554.51,ETH-26MAR27,0.7017,-0.03353,1.28599,1754.0,0.0,0.001,ETH,2505.3,0.0
2026-10-11T00:11:49.854723+00:00,ETH-23OCT26-2000-C,2508.06,ETH-23OCT26,call,2000.0,2026-10-23T08:00:00+00:00,0.03374433243583162,0.2015,0.2065,0.204197,0.204,2508.06,ETH-23OCT26,0.6866,0.96817,0.32921,0.0,0.0,0.004999999999999977,ETH,2505.3,0.0
2026-10-11T00:11:49.854723+00:00,ETH-25DEC26-2300-C,2526.88,ETH-25DEC26,call,2300.0,2026-12-25T08:00:00+00:00,0.206228932025154,0.1395,0.141,0.14,0.14025,2526.88,ETH-25DEC26,0.5094,0.69884,3.997,34082.0,0.0,0.0014999999999999736,ETH,2505.3,0.0
2026-10-11T00:11:49.854723+00:00,ETH-12OCT26-2720-P,2505.85,ETH-12OCT26,put,2720.0,2026-10-12T08:00:00+00:00,0.003627973777378508,0.0825,0.0895,0.085595,0.086,2505.85,ETH-12OCT26,0.5891,-0.98933,0.04254,0.0,0.0,0.006999999999999992,ETH,2505.3,0.0
2026-10-11T00:11:49.854723+00:00,ETH-13OCT26-2100-P,2506.09,ETH-13OCT26,put,2100.0,2026-10-13T08:00:00+00:00,0.006365824564510609,0.0001,0.0003,0.000178,0.0002,2506.09,ETH-13OCT26,0.9201,-0.00733,0.04055,1905.0,1.0,0.00019999999999999998,ETH,2505.3,0.25
2026-10-11T00:11:49.854723+00:00,ETH-30OCT26-3000-P,2509.54,ETH-30OCT26,put,3000.0,2026-10-30T08:00:00+00:00,0.052909287945756334,0.1945,0.2035,0.198943,0.199,2509.54,ETH-30OCT26,0.508,-0.92944,0.77975,158.0,10.0,0.00899999999999998,ETH,2505.33,5137.96
2026-10-11T00:11:49.854723+00:00,ETH-30OCT26-2650-C,2509.56,ETH-30OCT26,call,2650.0,2026-10-30T08:00:00+00:00,0.052909287945756334,0.0195,0.0205,0.020079,0.02,2509.56,ETH-30OCT26,0.4486,0.31588,2.05292,3123.0,2.0,0.0010000000000000009,ETH,2505.33,92.29
2026-10-11T00:11:49.854723+00:00,ETH-11OCT26-2750-P,2505.81,ETH-11OCT26,put,2750.0,2026-10-11T08:00:00+00:00,0.0008901229902464066,0.094,0.1005,0.097441,0.09725,2505.81,ETH-11OCT26,0.6252,-1.0,0.0,0.0,0.0,0.006500000000000006,ETH,2505.33,0.0
2026-10-11T00:11:49.854723+00:00,ETH-13OCT26-2700-P,2506.09,ETH-13OCT26,put,2700.0,2026-10-13T08:00:00+00:00,0.006365824564510609,0.0745,0.082,0.077845,0.07825,2506.09,ETH-13OCT26,0.49439999999999995,-0.96981,0.13668,0.0,0.0,0.007500000000000007,ETH,2505.33,0.0
2026-10-11T00:11:49.854723+00:00,ETH-24SEP27-3400-P,2616.68,ETH-24SEP27,put,3400.0,2027-09-24T08:00:00+00:00,0.9536621969122177,0.4015,0.4295,0.417712,0.4155,2616.68,ETH-24SEP27,0.5422,-0.591,9.92847,0.0,0.0,0.02799999999999997,ETH,2505.33,0.0
2026-10-11T00:11:49.854723+00:00,ETH-11OCT26-2260-P,2505.81,ETH-11OCT26,put,2260.0,2026-10-11T08:00:00+00:00,0.0008901229902464066,,0.0001,0.0,,2505.81,ETH-11OCT26,0.7787000000000001,0.0,1e-05,110.0,110.0,,ETH,2505.34,27.36
2026-10-11T00:11:49.854723+00:00,ETH-30OCT26-4200-C,2509.54,ETH-30OCT26,call,4200.0,2026-10-30T08:00:00+00:00,0.052909287945756334,0.0001,0.0003,0.000144,0.0002,2509.54,ETH-30OCT26,0.7824,0.00278,0.04935,1445.0,0.0,0.00019999999999999998,ETH,2505.34,0.0
2026-10-11T00:11:49.854723+00:00,ETH-23OCT26-2650-C,2508.06,ETH-23OCT26,call,2650.0,2026-10-23T08:00:00+00:00,0.03374433243583162,0.011,0.012,0.011414,0.0115,2508.06,ETH-23OCT26,0.42579999999999996,0.25197,1.47004,1497.0,302.0,0.0010000000000000009,ETH,2505.34,7528.36
2026-10-11T00:11:49.854723+00:00,ETH-26MAR27-3700-C,2554.51,ETH-26MAR27,call,3700.0,2027-03-26T08:00:00+00:00,0.4553733536541752,0.0345,0.036,0.035306,0.03525,2554.51,ETH-26MAR27,0.5413,0.20274,4.86592,1730.0,1.0,0.0014999999999999944,ETH,2505.34,84.72
2026-10-11T00:11:49.854723+00:00,ETH-26MAR27-5000-C,2554.51,ETH-26MAR27,call,5000.0,2027-03-26T08:00:00+00:00,0.4553733536541752,0.0105,0.0115,0.010768,0.011,2554.51,ETH-26MAR27,0.5943,0.07022,2.32021,9707.0,1.0,0.0009999999999999992,ETH,2505.34,26.32
2026-10-11T00:11:49.854723+00:00,ETH-24SEP27-3700-P,2616.68,ETH-24SEP27,put,3700.0,2027-09-24T08:00:00+00:00,0.9536621969122177,0.494,0.523,0.510501,0.5085,2616.68,ETH-24SEP27,0.5454,-0.64959,9.46957,1.0,0.0,0.029000000000000026,ETH,2505.34,0.0
2026-10-11T00:11:49.854723+00:00,ETH-26MAR27-1200-C,2554.51,ETH-26MAR27,call,1200.0,2027-03-26T08:00:00+00:00,0.4553733536541752,0.534,0.541,0.537721,0.5375,2554.51,ETH-26MAR27,0.7017,0.96647,1.28586,68.0,0.0,0.007000000000000006,ETH,2505.34,0.0
2026-10-11T00:11:49.854723+00:00,ETH-13OCT26-2540-C,2506.09,ETH-13OCT26,call,2540.0,2026-10-13T08:00:00+00:00,0.006365824564510609,0.0055,0.0065,0.005971,0.006,2506.09,ETH-13OCT26,0.3586,0.32103,0.71561,118.0,64.0,0.001,ETH,2505.34,775.74
2026-10-11T00:11:49.854723+00:00,ETH-24SEP27-3100-C,2616.68,ETH-24SEP27,call,3100.0,2027-09-24T08:00:00+00:00,0.9536621969122177,0.1445,0.148,0.14616,0.14625,2616.68,ETH-24SEP27,0.5398,0.47677,10.17771,23.0,0.0,0.003500000000000003,ETH,2505.34,0.0
2026-10-11T00:11:49.854723+00:00,ETH-16OCT26-2650-P,2506.47,ETH-16OCT26,put,2650.0,2026-10-16T08:00:00+00:00,0.014579376925906912,0.057,0.0655,0.061039,0.06125,2506.47,ETH-16OCT26,0.4269,-0.85522,0.68897,618.0,0.0,0.0085,ETH,2505.34,0.0
2026-10-11T00:11:49.854723+00:00,ETH-13OCT26-2420-P,2506.09,ETH-13OCT26,put,2420.0,2026-10-13T08:00:00+00:00,0.006365824564510609,0.0027,0.0029,0.002784,0.0028,2506.09,ETH-13OCT26,0.434,-0.15414,0.47444,1.0,0.0,0.00019999999999999966,ETH,2505.34,0.0
2026-10-11T00:11:49.854723+00:00,ETH-24SEP27-5200-C,2616.68,ETH-24SEP27,call,5200.0,2027-09-24T08:00:00+00:00,0.9536621969122177,0.039,0.0415,0.040291,0.04025,2616.68,ETH-24SEP27,0.5710000000000001,0.17035,6.47524,10.0,0.0,0.0025000000000000022,ETH,2505.34,0.0
2026-10-11T00:11:49.854723+00:00,ETH-12OCT26-2480-C,2505.85,ETH-12OCT26,call,2480.0,2026-10-12T08:00:00+00:00,0.003627973777378508,0.013,0.015,0.013905,0.014,2505.85,ETH-12OCT26,0.321,0.70233,0.52238,196.0,0.0,0.002,ETH,2505.34,0.0
2026-10-11T00:11:49.854723+00:00,ETH-26MAR27-2500-C,2554.51,ETH-26MAR27,call,2500.0,2027-03-26T08:00:00+00:00,0.4553733536541752,0.149,0.151,0.14998,0.15,2554.51,ETH-26MAR27,0.5246999999999999,0.59377,6.68666,10737.0,0.0,0.0020000000000000018,ETH,2505.34,0.0
2026-10-11T00:11:49.854723+00:00,ETH-24SEP27-1000-P,2616.66,ETH-24SEP27,put,1000.0,2027-09-24T08:00:00+00:00,0.9536621969122177,0.012,0.013,0.012703,0.0125,2616.66,ETH-24SEP27,0.6761,-0.03704,2.06829,33.0,5.0,0.0009999999999999992,ETH,2505.34,156.57
2026-10-11T00:11:49.854723+00:00,ETH-26MAR27-1500-P,2554.51,ETH-26MAR27,put,1500.0,2027-03-26T08:00:00+00:00,0.4553733536541752,0.0155,0.0165,0.015969,0.016,2554.51,ETH-26MAR27,0.6278,-0.07112,2.34319,4216.0,0.0,0.0010000000000000009,ETH,2505.34,0.0
2026-10-11T00:11:49.854723+00:00,ETH-27NOV26-2850-C,2517.12,ETH-27NOV26,call,2850.0,2026-11-27T08:00:00+00:00,0.12956910998545518,0.0265,0.0275,0.026912,0.027,2517.12,ETH-27NOV26,0.4927,0.27,2.99591,2032.0,1.0,0.0010000000000000009,ETH,2505.34,66.38
2026-10-11T00:11:49.854723+00:00,ETH-11OCT26-2680-C,2505.81,ETH-11OCT26,call,2680.0,2026-10-11T08:00:00+00:00,0.0008901229902464066,,0.0001,1e-06,,2505.81,ETH-11OCT26,0.6252,0.00014,0.00042,155.0,0.0,,ETH,2505.34,0.0
2026-10-11T00:11:49.854723+00:00,ETH-24SEP27-2000-C,2616.66,ETH-24SEP27,call,2000.0,2027-09-24T08:00:00+00:00,0.9536621969122177,0.3195,0.336,0.327804,0.32775,2616.66,ETH-24SEP27,0.5532,0.77846,7.59701,1.0,0.0,0.016500000000000015,ETH,2505.34,0.0
2026-10-11T00:11:49.854723+00:00,ETH-11OCT26-2700-P,2505.81,ETH-11OCT26,put,2700.0,2026-10-11T08:00:00+00:00,0.0008901229902464066,0.074,0.0805,0.077487,0.07725,2505.81,ETH-11OCT26,0.6252,-0.99997,9e-05,0.0,0.0,0.006500000000000006,ETH,2505.34,0.0
2026-10-11T00:11:49.854723+00:00,ETH-24SEP27-3800-P,2616.66,ETH-24SEP27,put,3800.0,2027-09-24T08:00:00+00:00,0.9536621969122177,0.525,0.555,0.542593,0.54,2616.66,ETH-24SEP27,0.5468,-0.6671,9.28705,0.0,0.0,0.030000000000000027,ETH,2505.34,0.0
2026-10-11T00:11:49.854723+00:00,ETH-25JUN27-2700-P,2585.89,ETH-25JUN27,put,2700.0,2027-06-25T08:00:00+00:00,0.7045177752831965,0.202,0.205,0.203474,0.2035,2585.89,ETH-25JUN27,0.5318999999999999,-0.44986,8.59123,47.0,13.0,0.002999999999999975,ETH,2505.34,6587.95
2026-10-11T00:11:49.854723+00:00,ETH-13OCT26-2340-P,2506.09,ETH-13OCT26,put,2340.0,2026-10-13T08:00:00+00:00,0.006365824564510609,0.001,0.0013,0.001129,0.00115,2506.09,ETH-13OCT26,0.5558,-0.05909,0.23524,2.0,0.0,0.0002999999999999999,ETH,2505.34,0.0
2026-10-11T00:11:49.854723+00:00,ETH-25JUN27-2900-C,2585.89,ETH-25JUN27,call,2900.0,2027-06-25T08:00:00+00:00,0.7045177752831965,0.131,0.134,0.132634,0.1325,2585.89,ETH-25JUN27,0.5316,0.48634,8.65463,587.0,0.0,0.0030000000000000027,ETH,2505.34,0.0
2026-10-11T00:11:49.854723+00:00,ETH-25JUN27-1700-P,2585.89,ETH-25JUN27,put,1700.0,2027-06-25T08:00:00+00:00,0.7045177752831965,0.0405,0.042,0.041169,0.04125,2585.89,ETH-25JUN27,0.5766,-0.13395,4.68767,3952.0,0.0,0.0015000000000000013,ETH,2505.34,0.0
2026-10-11T00:11:49.854723+00:00,ETH-13OCT26-2350-P,2506.09,ETH-13OCT26,put,2350.0,2026-10-13T08:00:00+00:00,0.006365824564510609,0.001,0.0014,0.00119,0.0012,2506.09,ETH-13OCT26,0.5346,-0.06396,0.25024,0.0,0.0,0.00039999999999999996,ETH,2505.34,0.0
2026-10-11T00:11:49.854723+00:00,ETH-11OCT26-2250-C,2505.81,ETH-11OCT26,call,2250.0,2026-10-11T08:00:00+00:00,0.0008901229902464066,0.0995,0.1045,0.102094,0.102,2505.81,ETH-11OCT26,0.7803,1.0,1e-05,0.0,0.0,0.0049999999999999906,ETH,2505.34,0.0
2026-10-11T00:11:49.854723+00:00,ETH-30OCT26-1200-P,2509.56,ETH-30OCT26,put,1200.0,2026-10-30T08:00:00+00:00,0.052909287945756334,,0.0002,6.1e-05,,2509.56,ETH-30OCT26,1.0637999999999999,-0.00086,0.01689,2735.0,0.0,,ETH,2505.34,0.0
2026-10-11T00:11:49.854723+00:00,ETH-11OCT26-2380-C,2505.81,ETH-11OCT26,call,2380.0,2026-10-11T08:00:00+00:00,0.0008901229902464066,0.047,0.0535,0.050279,0.05025,2505.81,ETH-11OCT26,0.7313,0.99106,0.01799,18.0,0.0,0.006499999999999999,ETH,2505.34,0.0
2026-10-11T00:11:49.854723+00:00,ETH-26MAR27-1500-C,2554.51,ETH-26MAR27,call,1500.0,2027-03-26T08:00:00+00:00,0.4553733536541752,0.424,0.4325,0.428772,0.42825,2554.51,ETH-26MAR27,0.6278,0.92888,2.34319,208.0,0.0,0.008500000000000008,ETH,2505.34,0.0
2026-10-11T00:11:49.854723+00:00,ETH-11OCT26-2640-C,2505.81,ETH-11OCT26,call,2640.0,2026-10-11T08:00:00+00:00,0.0008901229902464066,,0.0001,3e-06,,2505.81,ETH-11OCT26,0.5483,0.00066,0.00171,93.0,8.0,,ETH,2505.34,2.0
2026-10-11T00:11:49.854723+00:00,ETH-30OCT26-2450-P,2509.56,ETH-30OCT26,put,2450.0,2026-10-30T08:00:00+00:00,0.052909287945756334,0.03,0.031,0.030526,0.0305,2509.56,ETH-30OCT26,0.4557,-0.3903,2.21517,2850.0,22.0,0.0010000000000000009,ETH,2505.34,1762.64
2026-10-11T00:11:49.854723+00:00,ETH-23OCT26-2300-P,2508.06,ETH-23OCT26,put,2300.0,2026-10-23T08:00:00+00:00,0.03374433243583162,0.0075,0.008,0.007859,0.00775,2508.06,ETH-23OCT26,0.4932,-0.15919,1.11715,2219.0,66.0,0.0005000000000000004,ETH,2505.33,1381.38
2026-10-11T00:11:49.854723+00:00,ETH-27NOV26-2600-P,2517.12,ETH-27NOV26,put,2600.0,2026-11-27T08:00:00+00:00,0.12956910998545518,0.0875,0.089,0.088619,0.08825,2517.12,ETH-27NOV26,0.4865,-0.53939,3.59716,475.0,40.0,0.0015000000000000013,ETH,2505.33,9070.81
2026-10-11T00:11:49.854723+00:00,ETH-24SEP27-4400-C,2616.68,ETH-24SEP27,call,4400.0,2027-09-24T08:00:00+00:00,0.9536621969122177,0.061,0.0635,0.062206,0.06225,2616.68,ETH-24SEP27,0.556,0.24642,8.05861,160.0,0.0,0.0025000000000000022,ETH,2505.33,0.0
2026-10-11T00:11:49.854723+00:00,ETH-24SEP27-6500-C,2616.68,ETH-24SEP27,call,6500.0,2027-09-24T08:00:00+00:00,0.9536621969122177,0.0215,0.0235,0.022519,0.0225,2616.68,ETH-24SEP27,0.5958,0.10152,4.53448,309.0,0.0,0.0020000000000000018,ETH,2505.33,0.0
2026-10-11T00:11:49.854723+00:00,ETH-27NOV26-3000-P,2517.12,ETH-27NOV26,put,3000.0,2026-11-27T08:00:00+00:00,0.12956910998545518,0.2035,0.215,0.20929,0.20925,2517.12,ETH-27NOV26,0.5032,-0.81039,2.45575,623.0,0.0,0.01150000000000001,ETH,2505.33,0.0
2026-10-11T00:11:49.854723+00:00,ETH-13OCT26-2900-C,2506.09,ETH-13OCT26,call,2900.0,2026-10-13T08:00:00+00:00,0.006365824564510609,,0.0001,1.7e-05,,2506.09,ETH-13OCT26,0.6002000000000001,0.00122,0.00807,4.0,3.0,,ETH,2505.33,0.75
2026-10-11T00:11:49.854723+00:00,ETH-24SEP27-1800-P,2616.68,ETH-24SEP27,put,1800.0,2027-09-24T08:00:00+00:00,0.9536621969122177,0.065,0.0675,0.066322,0.06625,2616.68,ETH-24SEP27,0.5644,-0.1701,6.46933,185.0,0.0,0.0025000000000000022,ETH,2505.33,0.0
2026-10-11T00:11:49.854723+00:00,ETH-23OCT26-2900-C,2508.06,ETH-23OCT26,call,2900.0,2026-10-23T08:00:00+00:00,0.03374433243583162,0.0022,0.0023,0.002199,0.00225,2508.06,ETH-23OCT26,0.49079999999999996,0.05836,0.53697,1100.0,65.0,9.999999999999983e-05,ETH,2505.33,266.85
2026-10-11T00:11:49.854723+00:00,ETH-13OCT26-2750-P,2506.09,ETH-13OCT26,put,2750.0,2026-10-13T08:00:00+00:00,0.006365824564510609,0.0945,0.1015,0.097618,0.098,2506.09,ETH-13OCT26,0.5508,-0.98204,0.0883,0.0,0.0,0.007000000000000006,ETH,2505.33,0.0
2026-10-11T00:11:49.854723+00:00,ETH-13OCT26-2700-C,2506.09,ETH-13OCT26,call,2700.0,2026-10-13T08:00:00+00:00,0.006365824564510609,0.0004,0.0006,0.000465,0.0005,2506.09,ETH-13OCT26,0.49439999999999995,0.03023,0.13683,103.0,1.0,0.00019999999999999993,ETH,2505.33,1.01
2026-10-11T00:11:49.854723+00:00,ETH-30OCT26-1950-P,2509.56,ETH-30OCT26,put,1950.0,2026-10-30T08:00:00+00:00,0.052909287945756334,0.0024,0.0028,0.002578,0.0026,2509.56,ETH-30OCT26,0.6548,-0.04025,0.49999,1431.0,0.0,0.0004000000000000002,ETH,2505.33,0.0
2026-10-11T00:11:49.854723+00:00,ETH-12OCT26-2600-P,2505.84,ETH-12OCT26,put,2600.0,2026-10-12T08:00:00+00:00,0.003627973777378508,0.0345,0.042,0.038209,0.03825,2505.84,ETH-12OCT26,0.3951,-0.93955,0.18067,17.0,0.0,0.0075,ETH,2505.33,0.0
2026-10-11T00:11:49.854723+00:00,ETH-16OCT26-2300-P,2506.49,ETH-16OCT26,put,2300.0,2026-10-16T08:00:00+00:00,0.014579376925906912,0.003,0.0033,0.00306,0.00315,2506.49,ETH-16OCT26,0.5564,-0.09535,0.51283,5429.0,484.0,0.0002999999999999999,ETH,2505.33,3447.55
2026-10-11T00:11:49.854723+00:00,ETH-11OCT26-2740-C,2505.83,ETH-11OCT26,call,2740.0,2026-10-11T08:00:00+00:00,0.0008901229902464066,,0.0001,0.0,,2505.83,ETH-11OCT26,0.6252,0.0,0.0,100.0,0.0,,ETH,2505.33,0.0
2026-10-11T00:11:49.854723+00:00,ETH-26MAR27-3300-C,2554.51,ETH-26MAR27,call,3300.0,2027-03-26T08:00:00+00:00,0.4553733536541752,0.0555,0.0565,0.055887,0.056,2554.51,ETH-26MAR27,0.5293,0.29505,5.94874,2487.0,0.0,0.0010000000000000009,ETH,2505.33,0.0
2026-10-11T00:11:49.854723+00:00,ETH-25JUN27-4200-P,2585.89,ETH-25JUN27,put,4200.0,2027-06-25T08:00:00+00:00,0.7045177752831965,0.656,0.6815,0.668742,0.66875,2585.89,ETH-25JUN27,0.5533,-0.7917,6.22607,3.0,0.0,0.025499999999999967,ETH,2505.33,0.0
2026-10-11T00:11:49.854723+00:00,ETH-16OCT26-2450-P,2506.47,ETH-16OCT26,put,2450.0,2026-10-16T08:00:00+00:00,0.014579376925906912,0.011,0.012,0.011412,0.0115,2506.47,ETH-16OCT26,0.436,-0.3248,1.08879,894.0,349.0,0.0010000000000000009,ETH,2505.33,11731.23
2026-10-11T00:11:49.854723+00:00,ETH-16OCT26-2850-P,2506.47,ETH-16OCT26,put,2850.0,2026-10-16T08:00:00+00:00,0.014579376925906912,0.134,0.142,0.137829,0.138,2506.47,ETH-16OCT26,0.5578,-0.96969,0.20767,433.0,0.0,0.00799999999999998,ETH,2505.33,0.0
2026-10-11T00:11:49.854723+00:00,ETH-25DEC26-1300-C,2526.88,ETH-25DEC26,call,1300.0,2026-12-25T08:00:00+00:00,0.206228932025154,0.485,0.491,0.487969,0.488,2526.88,ETH-25DEC26,0.755,0.98251,0.49579,50.0,0.0,0.006000000000000005,ETH,2505.33,0.0
2026-10-11T00:11:49.854723+00:00,ETH-27NOV26-2550-C,2517.12,ETH-27NOV26,call,2550.0,2026-11-27T08:00:00+00:00,0.12956910998545518,0.0635,0.0645,0.064064,0.064,2517.12,ETH-27NOV26,0.4876,0.50491,3.61451,1305.0,0.0,0.0010000000000000009,ETH,2505.33,0.0
2026-10-11T00:11:49.854723+00:00,ETH-26MAR27-3000-C,2554.51,ETH-26MAR27,call,3000.0,2027-03-26T08:00:00+00:00,0.4553733536541752,0.08,0.0815,0.080773,0.08075,2554.51,ETH-26MAR27,0.5242,0.39049,6.61684,9004.0,0.0,0.0015000000000000013,ETH,2505.33,0.0
2026-10-11T00:11:49.854723+00:00,ETH-12OCT26-2200-C,2505.84,ETH-12OCT26,call,2200.0,2026-10-12T08:00:00+00:00,0.003627973777378508,0.1195,0.1245,0.122191,0.122,2505.84,ETH-12OCT26,0.9020999999999999,0.99221,0.0323,0.0,0.0,0.0050000000000000044,ETH,2505.33,0.0
2026-10-11T00:11:49.854723+00:00,ETH-13OCT26-2660-P,2506.09,ETH-13OCT26,put,2660.0,2026-10-13T08:00:00+00:00,0.006365824564510609,0.0585,0.066,0.062117,0.06225,2506.09,ETH-13OCT26,0.4443,-0.95273,0.19706,0.0,0.0,0.0075,ETH,2505.33,0.0
2026-10-11T00:11:49.854723+00:00,ETH-30OCT26-1700-P,2509.56,ETH-30OCT26,put,1700.0,2026-10-30T08:00:00+00:00,0.052909287945756334,0.0008,0.001,0.00089,0.0009,2509.56,ETH-30OCT26,0.7944,-0.01319,0.1957,1523.0,0.0,0.00019999999999999998,ETH,2505.34,0.0
2026-10-11T00:11:49.854723+00:00,ETH-16OCT26-2900-P,2506.49,ETH-16OCT26,put,2900.0,2026-10-16T08:00:00+00:00,0.014579376925906912,0.154,0.1625,0.157561,0.15825,2506.49,ETH-16OCT26,0.5886,-0.97833,0.1568,0.0,0.0,0.008500000000000008,ETH,2505.34,0.0
2026-10-11T00:11:49.854723+00:00,ETH-25DEC26-1900-P,2526.88,ETH-25DEC26,put,1900.0,2026-12-25T08:00:00+00:00,0.206228932025154,0.0145,0.0155,0.014956,0.015,2526.88,ETH-25DEC26,0.5661,-0.10818,2.13214,4947.0,0.0,0.0009999999999999992,ETH,2505.34,0.0
2026-10-11T00:11:49.854723+00:00,ETH-16OCT26-2300-C,2506.47,ETH-16OCT26,call,2300.0,2026-10-16T08:00:00+00:00,0.014579376925906912,0.0825,0.088,0.085442,0.08525,2506.47,ETH-16OCT26,0.5564,0.90465,0.51281,28.0,0.0,0.005499999999999991,ETH,2505.34,0.0
2026-10-11T00:11:49.854723+00:00,ETH-25JUN27-4100-P,2585.89,ETH-25JUN27,put,4100.0,2027-06-25T08:00:00+00:00,0.7045177752831965,0.621,0.646,0.633579,0.6335,2585.89,ETH-25JUN27,0.551,-0.77803,6.46016,0.0,0.0,0.025000000000000022,ETH,2505.34,0.0
2026-10-11T00:11:49.854723+00:00,ETH-25JUN27-3200-C,2585.89,ETH-25JUN27,call,3200.0,2027-06-25T08:00:00+00:00,0.7045177752831965,0.0995,0.1025,0.100974,0.101,2585.89,ETH-25JUN27,0.5332,0.40026,8.38773,1382.0,1.0,0.002999999999999989,ETH,2505.34,246.95
2026-10-11T00:11:49.854723+00:00,ETH-24SEP27-2600-P,2616.66,ETH-24SEP27,put,2600.0,2027-09-24T08:00:00+00:00,0.9536621969122177,0.202,0.2065,0.204434,0.20425,2616.66,ETH-24SEP27,0.5406,-0.39141,9.81491,1700.0,0.0,0.004499999999999976,ETH,2505.34,0.0
2026-10-11T00:11:49.854723+00:00,ETH-11OCT26-2680-P,2505.81,ETH-11OCT26,put,2680.0,2026-10-11T08:00:00+00:00,0.0008901229902464066,0.0665,0.0735,0.069507,0.07,2505.81,ETH-11OCT26,0.6252,-0.99985,0.00042,0.0,0.0,0.006999999999999992,ETH,2505.34,0.0
2026-10-11T00:11:49.854723+00:00,ETH-27NOV26-3800-P,2517.12,ETH-27NOV26,put,3800.0,2026-11-27T08:00:00+00:00,0.12956910998545518,0.506,0.5195,0.512522,0.51275,2517.12,ETH-27NOV26,0.5993999999999999,-0.96422,0.71284,0.0,0.0,0.013499999999999956,ETH,2505.34,0.0
2026-10-11T00:11:49.854723+00:00,ETH-23OCT26-2500-C,2508.06,ETH-23OCT26,call,2500.0,2026-10-23T08:00:00+00:00,0.03374433243583162,0.0325,0.0335,0.032875,0.033,2508.06,ETH-23OCT26,0.42700000000000005,0.53039,1.83251,170.0,0.0,0.0010000000000000009,ETH,2505.34,0.0
2026-10-11T00:11:49.854723+00:00,ETH-14OCT26-2640-C,2506.1,ETH-14OCT26,call,2640.0,2026-10-14T08:00:00+00:00,0.00910367535164271,0.0017,0.002,0.001832,0.00185,2506.1,ETH-14OCT26,0.4172,0.09788,0.41297,2.0,2.0,0.00030000000000000014,ETH,2505.34,8.48
2026-10-11T00:11:49.854723+00:00,ETH-13OCT26-2320-P,2506.09,ETH-13OCT26,put,2320.0,2026-10-13T08:00:00+00:00,0.006365824564510609,0.0009,0.0011,0.000973,0.001,2506.09,ETH-13OCT26,0.5917,-0.04923,0.20359,17.0,10.0,0.0002000000000000001,ETH,2505.34,17.56
2026-10-11T00:11:49.854723+00:00,ETH-11OCT26-2250-P,2505.81,ETH-11OCT26,put,2250.0,2026-10-11T08:00:00+00:00,0.0008901229902464066,,0.0001,0.0,,2505.81,ETH-11OCT26,0.7803,0.0,1e-05,285.0,10.0,,ETH,2505.34,2.49
2026-10-11T00:11:49.854723+00:00,ETH-12OCT26-2620-P,2505.84,ETH-12OCT26,put,2620.0,2026-10-12T08:00:00+00:00,0.003627973777378508,0.0425,0.05,0.046028,0.04625,2505.84,ETH-12OCT26,0.43170000000000003,-0.95639,0.13936,16.0,0.0,0.0075,ETH,2505.34,0.0
2026-10-11T00:11:49.854723+00:00,ETH-14OCT26-2400-P,2506.1,ETH-14OCT26,put,2400.0,2026-10-14T08:00:00+00:00,0.00910367535164271,0.0033,0.0037,0.00341,0.0035,2506.1,ETH-14OCT26,0.4482,-0.15237,0.56317,4.0,4.0,0.0004000000000000002,ETH,2505.34,29.06
2026-10-11T00:11:49.854723+00:00,ETH-30OCT26-1600-C,2509.54,ETH-30OCT26,call,1600.0,2026-10-30T08:00:00+00:00,0.052909287945756334,0.361,0.365,0.363028,0.363,2509.54,ETH-30OCT26,0.8543999999999999,0.99149,0.13357,70.0,0.0,0.0040000000000000036,ETH,2505.34,0.0
2026-10-11T00:11:49.854723+00:00,ETH-12OCT26-2320-P,2505.84,ETH-12OCT26,put,2320.0,2026-10-12T08:00:00+00:00,0.003627973777378508,0.0004,0.0005,0.000443,0.00045,2505.84,ETH-12OCT26,0.6765000000000001,-0.02834,0.09787,392.0,38.0,9.999999999999999e-05,ETH,2505.34,28.53
2026-10-11T00:11:49.854723+00:00,ETH-16OCT26-3400-P,2506.47,ETH-16OCT26,put,3400.0,2026-10-16T08:00:00+00:00,0.014579376925906912,0.353,0.3615,0.356506,0.35725,2506.47,ETH-16OCT26,0.8079000000000001,-0.99896,0.01054,0.0,0.0,0.008500000000000008,ETH,2505.34,0.0
2026-10-11T00:11:49.854723+00:00,ETH-24SEP27-4100-C,2616.66,ETH-24SEP27,call,4100.0,2027-09-24T08:00:00+00:00,0.9536621969122177,0.073,0.076,0.074572,0.0745,2616.66,ETH-24SEP27,0.551,0.28577,8.68714,271.0,0.0,0.0030000000000000027,ETH,2505.34,0.0
2026-10-11T00:11:49.854723+00:00,ETH-11OCT26-2560-C,2505.81,ETH-11OCT26,call,2560.0,2026-10-11T08:00:00+00:00,0.0008901229902464066,0.0001,0.0002,0.000174,0.00015,2505.81,ETH-11OCT26,0.4,0.03475,0.05717,4066.0,139.0,0.0001,ETH,2505.34,159.37
2026-10-11T00:11:49.854723+00:00,ETH-11OCT26-2540-C,2505.81,ETH-11OCT26,call,2540.0,2026-10-11T08:00:00+00:00,0.0008901229902464066,0.0003,0.0005,0.000361,0.0004,2505.81,ETH-11OCT26,0.3258,0.07658,0.10705,1184.0,818.0,0.00020000000000000004,ETH,2505.34,879.43
2026-10-11T00:11:49.854723+00:00,ETH-11OCT26-2360-P,2505.81,ETH-11OCT26,put,2360.0,2026-10-11T08:00:00+00:00,0.0008901229902464066,,0.0001,1.9e-05,,2505.81,ETH-11OCT26,0.7315999999999999,-0.00292,0.00665,22.0,10.0,,ETH,2505.34,2.51
2026-10-11T00:11:49.854723+00:00,ETH-26MAR27-3100-C,2554.51,ETH-26MAR27,call,3100.0,2027-03-26T08:00:00+00:00,0.4553733536541752,0.0705,0.072,0.07133,0.07125,2554.51,ETH-26MAR27,0.5254,0.35605,6.42502,2895.0,1.0,0.0015000000000000013,ETH,2505.34,173.46
2026-10-11T00:11:49.854723+00:00,ETH-14OCT26-2380-P,2506.1,ETH-14OCT26,put,2380.0,2026-10-14T08:00:00+00:00,0.00910367535164271,0.0026,0.003,0.002742,0.0028,2506.1,ETH-14OCT26,0.4718,-0.12239,0.48483,14.0,14.0,0.0004000000000000002,ETH,2505.34,101.19
2026-10-11T00:11:49.854723+00:00,ETH-13OCT26-2440-P,2506.06,ETH-13OCT26,put,2440.0,2026-10-13T08:00:00+00:00,0.006365824564510609,0.0037,0.0038,0.003748,0.00375,2506.06,ETH-13OCT26,0.4093,-0.20418,0.56646,88.0,99.0,9.999999999999983e-05,ETH,2505.34,1119.52
2026-10-11T00:11:49.854723+00:00,ETH-24SEP27-1600-P,2616.66,ETH-24SEP27,put,1600.0,2027-09-24T08:00:00+00:00,0.9536621969122177,0.0455,0.0475,0.046384,0.0465,2616.66,ETH-24SEP27,0.5818,-0.12525,5.26798,11.0,0.0,0.0020000000000000018,ETH,2505.34,0.0
2026-10-11T00:11:49.854723+00:00,ETH-14OCT26-2200-P,2506.1,ETH-14OCT26,put,2200.0,2026-10-14T08:00:00+00:00,0.00910367535164271,0.0006,0.0008,0.000715,0.0007,2506.1,ETH-14OCT26,0.7193999999999999,-0.02683,0.14821,171.0,171.0,0.0002000000000000001,ETH,2505.34,220.7
2026-10-11T00:11:49.854723+00:00,ETH-13OCT26-2250-C,2506.09,ETH-13OCT26,call,2250.0,2026-10-13T08:00:00+00:00,0.006365824564510609,0.1,0.105,0.102771,0.1025,2506.09,ETH-13OCT26,0.7095999999999999,0.97305,0.12438,0.0,0.0,0.0049999999999999906,ETH,2505.34,0.0
2026-10-11T00:11:49.854723+00:00,ETH-25JUN27-6000-P,2585.89,ETH-25JUN27,put,6000.0,2027-06-25T08:00:00+00:00,0.7045177752831965,1.3145,1.3535,1.335038,1.334,2585.89,ETH-25JUN27,0.6004,-0.92192,3.16823,1.0,0.0,0.038999999999999924,ETH,2505.34,0.0
2026-10-11T00:11:49.854723+00:00,ETH-14OCT26-2460-P,2506.12,ETH-14OCT26,put,2460.0,2026-10-14T08:00:00+00:00,0.00910367535164271,0.007,0.008,0.007341,0.0075,2506.12,ETH-14OCT26,0.3911,-0.3055,0.83788,3.0,3.0,0.001,ETH,2505.34,52.6
2026-10-11T00:11:49.854723+00:00,ETH-25JUN27-3100-C,2585.89,ETH-25JUN27,call,3100.0,2027-06-25T08:00:00+00:00,0.7045177752831965,0.109,0.112,0.110503,0.1105,2585.89,ETH-25JUN27,0.5324,0.42752,8.51646,336.0,0.0,0.0030000000000000027,ETH,2505.34,0.0
2026-10-11T00:11:49.854723+00:00,ETH-26MAR27-2700-C,2554.51,ETH-26MAR27,call,2700.0,2027-03-26T08:00:00+00:00,0.4553733536541752,0.1165,0.118,0.117263,0.11725,2554.51,ETH-26MAR27,0.5226,0.50746,6.87654,3384.0,0.0,0.0014999999999999875,ETH,2505.34,0.0
2026-10-11T00:11:49.854723+00:00,ETH-14OCT26-2620-P,2506.1,ETH-14OCT26,put,2620.0,2026-10-14T08:00:00+00:00,0.00910367535164271,0.0445,0.0515,0.047821,0.048,2506.1,ETH-14OCT26,0.4011,-0.87465,0.49302,0.0,0.0,0.006999999999999999,ETH,2505.34,0.0
2026-10-11T00:11:49.854723+00:00,ETH-25DEC26-3600-P,2526.9,ETH-25DEC26,put,3600.0,2026-12-25T08:00:00+00:00,0.206228932025154,0.427,0.4435,0.435196,0.43525,2526.9,ETH-25DEC26,0.5505,-0.90175,1.98821,244.0,0.0,0.016500000000000015,ETH,2505.34,0.0
2026-10-11T00:11:49.854723+00:00,ETH-26MAR27-8000-C,2554.51,ETH-26MAR27,call,8000.0,2027-03-26T08:00:00+00:00,0.4553733536541752,0.0019,0.002,0.001951,0.00195,2554.51,ETH-26MAR27,0.6931,0.01367,0.60277,522.0,0.0,0.00010000000000000005,ETH,2505.34,0.0
2026-10-11T00:11:49.854723+00:00,ETH-12OCT26-2320-C,2505.84,ETH-12OCT26,call,2320.0,2026-10-12T08:00:00+00:00,0.003627973777378508,0.071,0.0775,0.074606,0.07425,2505.84,ETH-12OCT26,0.6765000000000001,0.97166,0.09785,0.0,0.0,0.006500000000000006,ETH,2505.34,0.0
2026-10-11T00:11:49.854723+00:00,ETH-25JUN27-2200-C,2585.91,ETH-25JUN27,call,2200.0,2027-06-25T08:00:00+00:00,0.7045177752831965,0.2475,0.2545,0.250998,0.251,2585.91,ETH-25JUN27,0.5407,0.71986,7.30871,1093.0,0.0,0.007000000000000006,ETH,2505.34,0.0
2026-10-11T00:11:49.854723+00:00,ETH-25DEC26-3600-C,2526.88,ETH-25DEC26,call,3600.0,2026-12-25T08:00:00+00:00,0.206228932025154,0.01,0.011,0.01052,0.0105,2526.88,ETH-25DEC26,0.5505,0.09826,1.98826,2730.0,0.0,0.0009999999999999992,ETH,2505.34,0.0
2026-10-11T00:11:49.854723+00:00,ETH-11OCT26-2820-P,2505.81,ETH-11OCT26,put,2820.0,2026-10-11T08:00:00+00:00,0.0008901229902464066,0.122,0.1285,0.125376,0.12525,2505.81,ETH-11OCT26,0.6288,-1.0,0.0,0.0,0.0,0.006500000000000006,ETH,2505.34,0.0
2026-10-11T00:11:49.854723+00:00,ETH-25DEC26-9000-C,2526.88,ETH-25DEC26,call,9000.0,2026-12-25T08:00:00+00:00,0.206228932025154,0.0001,0.0002,0.000193,0.00015,2526.88,ETH-25DEC26,0.8984000000000001,0.00181,0.06654,2085.0,5.0,0.0001,ETH,2505.34,2.5
2026-10-11T00:11:49.854723+00:00,ETH-25JUN27-900-C,2585.89,ETH-25JUN27,call,900.0,2027-06-25T08:00:00+00:00,0.7045177752831965,0.655,0.6605,0.658211,0.65775,2585.89,ETH-25JUN27,0.7347,0.97827,1.12764,1.0,0.0,0.005499999999999949,ETH,2505.34,0.0
2026-10-11T00:11:49.854723+00:00,ETH-11OCT26-2280-C,2505.81,ETH-11OCT26,call,2280.0,2026-10-11T08:00:00+00:00,0.0008901229902464066,0.087,0.093,0.090122,0.09,2505.81,ETH-11OCT26,0.7786,0.99998,7e-05,0.0,0.0,0.006000000000000005,ETH,2505.34,0.0
2026-10-11T00:11:49.854723+00:00,ETH-30OCT26-2350-C,2509.56,ETH-30OCT26,call,2350.0,2026-10-30T08:00:00+00:00,0.052909287945756334,0.0805,0.0825,0.081472,0.0815,2509.56,ETH-30OCT26,0.4763,0.74259,1.86265,713.0,0.0,0.0020000000000000018,ETH,2505.34,0.0
2026-10-11T00:11:49.854723+00:00,ETH-30OCT26-2750-C,2509.56,ETH-30OCT26,call,2750.0,2026-10-30T08:00:00+00:00,0.052909287945756334,0.011,0.012,0.011553,0.0115,2509.56,ETH-30OCT26,0.45530000000000004,0.20498,1.63997,3386.0,17.0,0.0010000000000000009,ETH,2505.34,434.08
2026-10-11T00:11:49.854723+00:00,ETH-25JUN27-3700-C,2585.91,ETH-25JUN27,call,3700.0,2027-06-25T08:00:00+00:00,0.7045177752831965,0.0645,0.067,0.065724,0.06575,2585.91,ETH-25JUN27,0.5413,0.28724,7.39691,339.0,0.0,0.0025000000000000022,ETH,2505.34,0.0
2026-10-11T00:11:49.854723+00:00,ETH-13OCT26-2380-P,2506.09,ETH-13OCT26,put,2380.0,2026-10-13T08:00:00+00:00,0.006365824564510609,0.0016,0.0019,0.001714,0.00175,2506.09,ETH-13OCT26,0.4941,-0.09299,0.33248,0.0,0.0,0.0002999999999999999,ETH,2505.34,0.0
2026-10-11T00:11:49.854723+00:00,ETH-11OCT26-2720-P,2505.81,ETH-11OCT26,put,2720.0,2026-10-11T08:00:00+00:00,0.0008901229902464066,0.082,0.0885,0.085469,0.08525,2505.81,ETH-11OCT26,0.6252,-1.0,2e-05,0.0,0.0,0.006499999999999992,ETH,2505.34,0.0
2026-10-11T00:11:49.854723+00:00,ETH-25DEC26-2200-C,2526.88,ETH-25DEC26,call,2200.0,2026-12-25T08:00:00+00:00,0.206228932025154,0.165,0.1685,0.16691,0.16675,2526.88,ETH-25DEC26,0.5178,0.75975,3.56957,51016.0,0.0,0.003500000000000003,ETH,2505.34,0.0
2026-10-11T00:11:49.854723+00:00,ETH-26MAR27-2100-P,2554.51,ETH-26MAR27,put,2100.0,2027-03-26T08:00:00+00:00,0.4553733536541752,0.061,0.062,0.061558,0.0615,2554.51,ETH-26MAR27,0.5422,-0.23647,5.31615,1373.0,225.0,0.0010000000000000009,ETH,2505.34,35184.27
2026-10-11T00:11:49.854723+00:00,ETH-23OCT26-2850-P,2508.06,ETH-23OCT26,put,2850.0,2026-10-23T08:00:00+00:00,0.03374433243583162,0.1355,0.1435,0.139245,0.1395,2508.06,ETH-23OCT26,0.4731,-0.92371,0.66064,9.0,0.0,0.00799999999999998,ETH,2505.34,0.0
2026-10-11T00:11:49.854723+00:00,ETH-24SEP27-4800-C,2616.68,ETH-24SEP27,call,4800.0,2027-09-24T08:00:00+00:00,0.9536621969122177,0.0485,0.051,0.049781,0.04975,2616.68,ETH-24SEP27,0.5638000000000001,0.20421,7.24411,13.0,0.0,0.0024999999999999953,ETH,2505.34,0.0
2026-10-11T00:11:49.854723+00:00,ETH-27NOV26-2850-P,2517.12,ETH-27NOV26,put,2850.0,2026-11-27T08:00:00+00:00,0.12956910998545518,0.1535,0.1655,0.159163,0.1595,2517.12,ETH-27NOV26,0.4927,-0.72997,2.99613,482.0,0.0,0.01200000000000001,ETH,2505.34,0.0
2026-10-11T00:11:49.854723+00:00,ETH-13OCT26-2460-P,2506.09,ETH-13OCT26,put,2460.0,2026-10-13T08:00:00+00:00,0.006365824564510609,0.005,0.0055,0.005208,0.00525,2506.09,ETH-13OCT26,0.38909999999999995,-0.27241,0.66372,17.0,10.0,0.0004999999999999996,ETH,2505.34,132.82
2026-10-11T00:11:49.854723+00:00,ETH-12OCT26-2720-C,2505.84,ETH-12OCT26,call,2720.0,2026-10-12T08:00:00+00:00,0.003627973777378508,0.0001,0.0002,0.000131,0.00015,2505.84,ETH-12OCT26,0.5891,0.01074,0.04276,150.0,150.0,0.0001,ETH,2505.34,37.65
2026-10-11T00:11:49.854723+00:00,ETH-13OCT26-2200-C,2506.09,ETH-13OCT26,call,2200.0,2026-10-13T08:00:00+00:00,0.006365824564510609,0.1195,0.125,0.122522,0.12225,2506.09,ETH-13OCT26,0.7807999999999999,0.98293,0.08456,0.0,0.0,0.005500000000000005,ETH,2505.34,0.0
2026-10-11T00:11:49.854723+00:00,ETH-11OCT26-2820-C,2505.81,ETH-11OCT26,call,2820.0,2026-10-11T08:00:00+00:00,0.0008901229902464066,,0.0001,0.0,,2505.81,ETH-11OCT26,0.6288,0.0,0.0,507.0,0.0,,ETH,2505.33,0.0
2026-10-11T00:11:49.854723+00:00,ETH-26MAR27-7000-C,2554.51,ETH-26MAR27,call,7000.0,2027-03-26T08:00:00+00:00,0.4553733536541752,0.003,0.0036,0.003271,0.0033,2554.51,ETH-26MAR27,0.6692,0.02243,0.91985,7047.0,0.0,0.0005999999999999998,ETH,2505.33,0.0
2026-10-11T00:11:49.854723+00:00,ETH-11OCT26-2320-C,2505.81,ETH-11OCT26,call,2320.0,2026-10-11T08:00:00+00:00,0.0008901229902464066,0.071,0.077,0.074161,0.074,2505.81,ETH-11OCT26,0.7622,0.99966,0.00091,0.0,0.0,0.006000000000000005,ETH,2505.33,0.0
2026-10-11T00:11:49.854723+00:00,ETH-25JUN27-2500-C,2585.91,ETH-25JUN27,call,2500.0,2027-06-25T08:00:00+00:00,0.7045177752831965,0.19,0.193,0.191451,0.1915,2585.91,ETH-25JUN27,0.5337,0.6175,8.28145,3226.0,0.0,0.0030000000000000027,ETH,2505.34,0.0
2026-10-11T00:11:49.854723+00:00,ETH-23OCT26-2750-C,2508.08,ETH-23OCT26,call,2750.0,2026-10-23T08:00:00+00:00,0.03374433243583162,0.005,0.0055,0.005513,0.00525,2508.08,ETH-23OCT26,0.4435,0.13707,1.01069,504.0,63.0,0.0004999999999999996,ETH,2505.34,756.62
2026-10-11T00:11:49.854723+00:00,ETH-11OCT26-2640-P,2505.81,ETH-11OCT26,put,2640.0,2026-10-11T08:00:00+00:00,0.0008901229902464066,0.0505,0.0575,0.053546,0.054,2505.81,ETH-11OCT26,0.5483,-0.99934,0.00172,0.0,0.0,0.006999999999999999,ETH,2505.34,0.0
2026-10-11T00:11:49.854723+00:00,ETH-25DEC26-4000-P,2526.88,ETH-25DEC26,put,4000.0,2026-12-25T08:00:00+00:00,0.206228932025154,0.5805,0.598,0.588871,0.58925,2526.88,ETH-25DEC26,0.5895,-0.94314,1.31052,529.0,0.0,0.01749999999999996,ETH,2505.34,0.0
2026-10-11T00:11:49.854723+00:00,ETH-25JUN27-800-P,2585.89,ETH-25JUN27,put,800.0,2027-06-25T08:00:00+00:00,0.7045177752831965,0.0045,0.0046,0.004712,0.00455,2585.89,ETH-25JUN27,0.7687999999999999,-0.01618,0.8774,688.0,0.0,0.00010000000000000026,ETH,2505.34,0.0
2026-10-11T00:11:49.854723+00:00,ETH-24SEP27-3000-P,2616.68,ETH-24SEP27,put,3000.0,2027-09-24T08:00:00+00:00,0.9536621969122177,0.299,0.307,0.303547,0.303,2616.68,ETH-24SEP27,0.5394,-0.49861,10.19485,539.0,0.0,0.008000000000000007,ETH,2505.34,0.0
2026-10-11T00:11:49.854723+00:00,ETH-26MAR27-6000-P,2554.51,ETH-26MAR27,put,6000.0,2027-03-26T08:00:00+00:00,0.4553733536541752,1.3365,1.374,1.354281,1.35525,2554.51,ETH-26MAR27,0.6332,-0.96285,1.39894,1.0,0.0,0.03750000000000009,ETH,2505.34,0.0
2026-10-11T00:11:49.854723+00:00,ETH-24SEP27-5000-C,2616.68,ETH-24SEP27,call,5000.0,2027-09-24T08:00:00+00:00,0.9536621969122177,0.0435,0.046,0.044777,0.04475,2616.68,ETH-24SEP27,0.5677,0.18649,6.8554,1729.0,0.0,0.0025000000000000022,ETH,2505.34,0.0
2026-10-11T00:11:49.854723+00:00,ETH-11OCT26-2780-P,2505.81,ETH-11OCT26,put,2780.0,2026-10-11T08:00:00+00:00,0.0008901229902464066,0.106,0.1125,0.109413,0.10925,2505.81,ETH-11OCT26,0.6252,-1.0,0.0,0.0,0.0,0.006500000000000006,ETH,2505.34,0.0
2026-10-11T00:11:49.854723+00:00,ETH-25DEC26-1600-C,2526.88,ETH-25DEC26,call,1600.0,2026-12-25T08:00:00+00:00,0.206228932025154,0.3695,0.3765,0.372782,0.373,2526.88,ETH-25DEC26,0.6465000000000001,0.95562,1.07572,620.0,0.0,0.007000000000000006,ETH,2505.34,0.0
2026-10-11T00:11:49.854723+00:00,ETH-11OCT26-2540-P,2505.81,ETH-11OCT26,put,2540.0,2026-10-11T08:00:00+00:00,0.0008901229902464066,0.0105,0.018,0.013997,0.01425,2505.81,ETH-11OCT26,0.3258,-0.92331,0.10717,1082.0,0.0,0.007499999999999998,ETH,2505.34,0.0
2026-10-11T00:11:49.854723+00:00,ETH-26MAR27-3100-P,2554.51,ETH-26MAR27,put,3100.0,2027-03-26T08:00:00+00:00,0.4553733536541752,0.2745,0.293,0.28487,0.28375,2554.51,ETH-26MAR27,0.5254,-0.64392,6.42533,445.0,0.0,0.01849999999999996,ETH,2505.34,0.0
2026-10-11T00:11:49.854723+00:00,ETH-30OCT26-4400-C,2509.56,ETH-30OCT26,call,4400.0,2026-10-30T08:00:00+00:00,0.052909287945756334,,0.0002,8.5e-05,,2509.56,ETH-30OCT26,0.8062999999999999,0.00167,0.03098,1995.0,0.0,,ETH,2505.34,0.0
2026-10-11T00:11:49.854723+00:00,ETH-25JUN27-3400-P,2585.91,ETH-25JUN27,put,3400.0,2027-06-25T08:00:00+00:00,0.7045177752831965,0.388,0.41,0.399608,0.399,2585.91,ETH-25JUN27,0.5362,-0.64929,8.04614,30.0,0.0,0.021999999999999964,ETH,2505.34,0.0
2026-10-11T00:11:49.854723+00:00,ETH-14OCT26-2440-C,2506.1,ETH-14OCT26,call,2440.0,2026-10-14T08:00:00+00:00,0.00910367535164271,0.0315,0.033,0.031945,0.03225,2506.1,ETH-14OCT26,0.4064,0.75858,0.74549,18.0,18.0,0.0015000000000000013,ETH,2505.34,1371.75
2026-10-11T00:11:49.854723+00:00,ETH-23OCT26-2300-C,2508.06,ETH-23OCT26,call,2300.0,2026-10-23T08:00:00+00:00,0.03374433243583162,0.0875,0.0935,0.090812,0.0905,2508.06,ETH-23OCT26,0.4932,0.84079,1.11726,0.0,0.0,0.006000000000000005,ETH,2505.34,0.0
2026-10-11T00:11:49.854723+00:00,ETH-25DEC26-3800-P,2526.88,ETH-25DEC26,put,3800.0,2026-12-25T08:00:00+00:00,0.206228932025154,0.503,0.5205,0.51159,0.51175,2526.88,ETH-25DEC26,0.57,-0.9261,1.60617,113.0,0.0,0.01749999999999996,ETH,2505.34,0.0
2026-10-11T00:11:49.854723+00:00,ETH-24SEP27-3600-C,2616.66,ETH-24SEP27,call,3600.0,2027-09-24T08:00:00+00:00,0.9536621969122177,0.1015,0.105,0.103265,0.10325,2616.66,ETH-24SEP27,0.5444,0.36902,9.6404,161.0,0.0,0.0034999999999999892,ETH,2505.34,0.0
2026-10-11T00:11:49.854723+00:00,ETH-25JUN27-1200-P,2585.91,ETH-25JUN27,put,1200.0,2027-06-25T08:00:00+00:00,0.7045177752831965,0.013,0.0145,0.013719,0.01375,2585.91,ETH-25JUN27,0.6577,-0.04787,2.16209,588.0,0.0,0.0015000000000000013,ETH,2505.34,0.0
2026-10-11T00:11:49.854723+00:00,ETH-24SEP27-6000-C,2616.68,ETH-24SEP27,call,6000.0,2027-09-24T08:00:00+00:00,0.9536621969122177,0.027,0.0285,0.027649,0.02775,2616.68,ETH-24SEP27,0.586,0.12228,5.18004,714.0,0.0,0.0015000000000000013,ETH,2505.34,0.0
2026-10-11T00:11:49.854723+00:00,ETH-23OCT26-2500-P,2508.06,ETH-23OCT26,put,2500.0,2026-10-23T08:00:00+00:00,0.03374433243583162,0.029,0.0305,0.029665,0.02975,2508.06,ETH-23OCT26,0.42700000000000005,-0.46965,1.83251,942.0,0.0,0.0014999999999999979,ETH,2505.34,0.0
2026-10-11T00:11:49.854723+00:00,ETH-14OCT26-2680-P,2506.1,ETH-14OCT26,put,2680.0,2026-10-14T08:00:00+00:00,0.00910367535164271,0.067,0.0745,0.07055,0.07075,2506.1,ETH-14OCT26,0.4531,-0.93775,0.29305,0.0,0.0,0.007499999999999993,ETH,2505.34,0.0
2026-10-11T00:11:49.854723+00:00,ETH-27NOV26-2150-P,2517.12,ETH-27NOV26,put,2150.0,2026-11-27T08:00:00+00:00,0.12956910998545518,0.02,0.021,0.020425,0.0205,2517.12,ETH-27NOV26,0.5325,-0.17968,2.37494,597.0,2.0,0.0010000000000000009,ETH,2505.34,101.45
2026-10-11T00:11:49.854723+00:00,ETH-11OCT26-2720-C,2505.81,ETH-11OCT26,call,2720.0,2026-10-11T08:00:00+00:00,0.0008901229902464066,,0.0001,0.0,,2505.81,ETH-11OCT26,0.6252,0.0,2e-05,399.0,0.0,,ETH,2505.34,0.0
2026-10-11T00:11:49.854723+00:00,ETH-27NOV26-3300-C,2517.12,ETH-27NOV26,call,3300.0,2026-11-27T08:00:00+00:00,0.12956910998545518,0.0075,0.0085,0.008016,0.008,2517.12,ETH-27NOV26,0.5359,0.09538,1.53596,3580.0,0.0,0.0010000000000000009,ETH,2505.34,0.0
2026-10-11T00:11:49.854723+00:00,ETH-26MAR27-5500-C,2554.53,ETH-26MAR27,call,5500.0,2027-03-26T08:00:00+00:00,0.4553733536541752,0.007,0.0075,0.007485,0.00725,2554.53,ETH-26MAR27,0.6135,0.04997,1.7773,3254.0,0.0,0.0004999999999999996,ETH,2505.34,0.0
2026-10-11T00:11:49.854723+00:00,ETH-23OCT26-2750-P,2508.06,ETH-23OCT26,put,2750.0,2026-10-23T08:00:00+00:00,0.03374433243583162,0.0985,0.1055,0.101982,0.102,2508.06,ETH-23OCT26,0.4435,-0.86292,1.01075,211.0,25.0,0.006999999999999992,ETH,2505.34,6363.24
2026-10-11T00:11:49.854723+00:00,ETH-11OCT26-2480-C,2505.81,ETH-11OCT26,call,2480.0,2026-10-11T08:00:00+00:00,0.0008901229902464066,0.007,0.014,0.011066,0.0105,2505.81,ETH-11OCT26,0.3336,0.84652,0.17621,589.0,0.0,0.007,ETH,2505.34,0.0
2026-10-11T00:11:49.854723+00:00,ETH-11OCT26-2440-C,2505.81,ETH-11OCT26,call,2440.0,2026-10-11T08:00:00+00:00,0.0008901229902464066,0.023,0.03,0.026584,0.0265,2505.81,ETH-11OCT26,0.5367999999999999,0.95118,0.07532,4.0,0.0,0.006999999999999999,ETH,2505.34,0.0
2026-10-11T00:11:49.854723+00:00,ETH-25DEC26-1600-P,2526.9,ETH-25DEC26,put,1600.0,2026-12-25T08:00:00+00:00,0.206228932025154,0.0055,0.0065,0.005972,0.006,2526.9,ETH-25DEC26,0.6465000000000001,-0.04438,1.0757,8315.0,0.0,0.001,ETH,2505.33,0.0
2026-10-11T00:11:49.854723+00:00,ETH-30OCT26-2050-P,2509.54,ETH-30OCT26,put,2050.0,2026-10-30T08:00:00+00:00,0.052909287945756334,0.0037,0.0041,0.003879,0.0039,2509.54,ETH-30OCT26,0.5975,-0.06205,0.70587,1161.0,68.0,0.0004000000000000002,ETH,2505.33,644.93
2026-10-11T00:11:49.854723+00:00,ETH-24SEP27-2900-P,2616.66,ETH-24SEP27,put,2900.0,2027-09-24T08:00:00+00:00,0.9536621969122177,0.2725,0.2805,0.277178,0.2765,2616.66,ETH-24SEP27,0.5392,-0.47301,10.17153,327.0,0.0,0.008000000000000007,ETH,2505.33,0.0
2026-10-11T00:11:49.854723+00:00,ETH-13OCT26-2480-P,2506.09,ETH-13OCT26,put,2480.0,2026-10-13T08:00:00+00:00,0.006365824564510609,0.007,0.0075,0.007284,0.00725,2506.09,ETH-13OCT26,0.3715,-0.3595,0.7472,62.0,48.0,0.0004999999999999996,ETH,2505.33,1009.89
2026-10-11T00:11:49.854723+00:00,ETH-14OCT26-2360-C,2506.1,ETH-14OCT26,call,2360.0,2026-10-14T08:00:00+00:00,0.00910367535164271,0.0575,0.0635,0.060586,0.0605,2506.1,ETH-14OCT26,0.49920000000000003,0.89954,0.42086,0.0,0.0,0.005999999999999998,ETH,2505.33,0.0
2026-10-11T00:11:49.854723+00:00,ETH-24SEP27-5500-C,2616.66,ETH-24SEP27,call,5500.0,2027-09-24T08:00:00+00:00,0.9536621969122177,0.0335,0.036,0.034795,0.03475,2616.66,ETH-24SEP27,0.5768,0.14983,5.95378,174.0,0.0,0.0024999999999999953,ETH,2505.33,0.0
2026-10-11T00:11:49.854723+00:00,ETH-24SEP27-2800-C,2616.68,ETH-24SEP27,call,2800.0,2027-09-24T08:00:00+00:00,0.9536621969122177,0.18,0.1835,0.181809,0.18175,2616.68,ETH-24SEP27,0.5394,0.55348,10.10316,437.0,0.0,0.003500000000000003,ETH,2505.33,0.0
2026-10-11T00:11:49.854723+00:00,ETH-25DEC26-11000-C,2526.88,ETH-25DEC26,call,11000.0,2026-12-25T08:00:00+00:00,0.206228932025154,,0.0001,7.8e-05,,2526.88,ETH-25DEC26,0.9531999999999999,0.00073,0.02906,2175.0,0.0,,ETH,2505.33,0.0
2026-10-11T00:11:49.854723+00:00,ETH-25JUN27-1000-C,2585.89,ETH-25JUN27,call,1000.0,2027-06-25T08:00:00+00:00,0.7045177752831965,0.618,0.624,0.621764,0.621,2585.89,ETH-25JUN27,0.7101999999999999,0.97068,1.44904,101.0,0.0,0.006000000000000005,ETH,2505.33,0.0
2026-10-11T00:11:49.854723+00:00,ETH-14OCT26-2580-C,2506.1,ETH-14OCT26,call,2580.0,2026-10-14T08:00:00+00:00,0.00910367535164271,0.0041,0.0046,0.004339,0.00435,2506.1,ETH-14OCT26,0.3774,0.21314,0.69484,52.0,52.0,0.0004999999999999996,ETH,2505.33,572.14
2026-10-11T00:11:49.854723+00:00,ETH-25JUN27-2300-P,2585.89,ETH-25JUN27,put,2300.0,2027-06-25T08:00:00+00:00,0.7045177752831965,0.118,0.1205,0.119041,0.11925,2585.89,ETH-25JUN27,0.5379,-0.31394,7.70004,1035.0,0.0,0.0025000000000000022,ETH,2505.33,0.0
2026-10-11T00:11:49.854723+00:00,ETH-13OCT26-2340-C,2506.09,ETH-13OCT26,call,2340.0,2026-10-13T08:00:00+00:00,0.006365824564510609,0.064,0.07,0.0674,0.067,2506.09,ETH-13OCT26,0.5558,0.94104,0.2348,0.0,0.0,0.006000000000000005,ETH,2505.33,0.0
2026-10-11T00:11:49.854723+00:00,ETH-30OCT26-2400-P,2509.54,ETH-30OCT26,put,2400.0,2026-10-30T08:00:00+00:00,0.052909287945756334,0.023,0.024,0.023395,0.0235,2509.54,ETH-30OCT26,0.46399999999999997,-0.31963,2.06322,10134.0,286.0,0.0010000000000000009,ETH,2505.33,17951.87
2026-10-11T00:11:49.854723+00:00,ETH-16OCT26-3000-C,2506.47,ETH-16OCT26,call,3000.0,2026-10-16T08:00:00+00:00,0.014579376925906912,0.0003,0.0004,0.000349,0.00035,2506.47,ETH-16OCT26,0.6564,0.01283,0.10017,2683.0,30.0,0.00010000000000000005,ETH,2505.33,14.97
2026-10-11T00:11:49.854723+00:00,ETH-27NOV26-3200-P,2517.12,ETH-27NOV26,put,3200.0,2026-11-27T08:00:00+00:00,0.12956910998545518,0.275,0.2875,0.28134,0.28125,2517.12,ETH-27NOV26,0.5212,-0.88234,1.78749,3.0,0.0,0.012499999999999956,ETH,2505.33,0.0
2026-10-11T00:11:49.854723+00:00,ETH-16OCT26-3100-P,2506.49,ETH-16OCT26,put,3100.0,2026-10-16T08:00:00+00:00,0.014579376925906912,0.2335,0.2415,0.237019,0.2375,2506.49,ETH-16OCT26,0.7198,-0.99185,0.06744,0.0,0.0,0.00799999999999998,ETH,2505.33,0.0
2026-10-11T00:11:49.854723+00:00,ETH-23OCT26-2200-C,2508.06,ETH-23OCT26,call,2200.0,2026-10-23T08:00:00+00:00,0.03374433243583162,0.124,0.13,0.127167,0.127,2508.06,ETH-23OCT26,0.5502,0.91038,0.74569,0.0,0.0,0.006000000000000005,ETH,2505.34,0.0
2026-10-11T00:11:49.854723+00:00,ETH-13OCT26-2360-C,2506.09,ETH-13OCT26,call,2360.0,2026-10-13T08:00:00+00:00,0.006365824564510609,0.0565,0.062,0.059663,0.05925,2506.09,ETH-13OCT26,0.5241,0.92671,0.27792,0.0,0.0,0.005499999999999998,ETH,2505.34,0.0
2026-10-11T00:11:49.854723+00:00,ETH-25JUN27-3200-P,2585.89,ETH-25JUN27,put,3200.0,2027-06-25T08:00:00+00:00,0.7045177752831965,0.324,0.349,0.338454,0.3365,2585.89,ETH-25JUN27,0.5332,-0.59973,8.38784,48.0,0.0,0.024999999999999967,ETH,2505.34,0.0
2026-10-11T00:11:49.854723+00:00,ETH-27NOV26-4600-C,2517.12,ETH-27NOV26,call,4600.0,2026-11-27T08:00:00+00:00,0.12956910998545518,0.0007,0.0011,0.000886,0.0009,2517.12,ETH-27NOV26,0.6948000000000001,0.01112,0.26488,1380.0,1.0,0.0004000000000000001,ETH,2505.34,1.75
2026-10-11T00:11:49.854723+00:00,ETH-24SEP27-3700-C,2616.68,ETH-24SEP27,call,3700.0,2027-09-24T08:00:00+00:00,0.9536621969122177,0.095,0.0985,0.096495,0.09675,2616.68,ETH-24SEP27,0.5454,0.35041,9.46951,50.0,0.0,0.003500000000000003,ETH,2505.34,0.0
2026-10-11T00:11:49.854723+00:00,ETH-25JUN27-2100-C,2585.89,ETH-25JUN27,call,2100.0,2027-06-25T08:00:00+00:00,0.7045177752831965,0.2695,0.2785,0.274248,0.274,2585.89,ETH-25JUN27,0.545,0.75273,6.85784,142.0,0.0,0.009000000000000008,ETH,2505.35,0.0
2026-10-11T00:11:49.854723+00:00,ETH-30OCT26-1950-C,2509.56,ETH-30OCT26,call,1950.0,2026-10-30T08:00:00+00:00,0.052909287945756334,0.2225,0.228,0.225549,0.22525,2509.56,ETH-30OCT26,0.6548,0.95976,0.49989,744.0,0.0,0.005500000000000005,ETH,2505.35,0.0
2026-10-11T00:11:49.854723+00:00,ETH-16OCT26-2700-C,2506.47,ETH-16OCT26,call,2700.0,2026-10-16T08:00:00+00:00,0.014579376925906912,0.0021,0.0024,0.002266,0.00225,2506.47,ETH-16OCT26,0.4525,0.09042,0.49306,1661.0,47.0,0.0002999999999999999,ETH,2505.34,183.62
2026-10-11T00:11:49.854723+00:00,ETH-30OCT26-2650-P,2509.56,ETH-30OCT26,put,2650.0,2026-10-30T08:00:00+00:00,0.052909287945756334,0.075,0.077,0.076041,0.076,2509.56,ETH-30OCT26,0.4486,-0.68397,2.05339,6856.0,0.0,0.0020000000000000018,ETH,2505.35,0.0
2026-10-11T00:11:49.854723+00:00,ETH-26MAR27-3200-C,2554.51,ETH-26MAR27,call,3200.0,2027-03-26T08:00:00+00:00,0.4553733536541752,0.0625,0.064,0.063188,0.06325,2554.51,ETH-26MAR27,0.5276,0.32454,6.20148,1991.0,1.0,0.0015000000000000013,ETH,2505.34,159.28
2026-10-11T00:11:49.854723+00:00,ETH-13OCT26-2680-P,2506.09,ETH-13OCT26,put,2680.0,2026-10-13T08:00:00+00:00,0.006365824564510609,0.0665,0.074,0.06991,0.07025,2506.09,ETH-13OCT26,0.461,-0.96514,0.1539,0.0,0.0,0.007499999999999993,ETH,2505.35,0.0
2026-10-11T00:11:49.854723+00:00,ETH-23OCT26-2000-P,2508.06,ETH-23OCT26,put,2000.0,2026-10-23T08:00:00+00:00,0.03374433243583162,0.0015,0.0018,0.00163,0.00165,2508.06,ETH-23OCT26,0.6866,-0.03183,0.32921,553.0,6.0,0.0002999999999999999,ETH,2505.35,20.93
2026-10-11T00:11:49.854723+00:00,ETH-30OCT26-4200-P,2509.54,ETH-30OCT26,put,4200.0,2026-10-30T08:00:00+00:00,0.052909287945756334,0.668,0.68,0.673744,0.674,2509.54,ETH-30OCT26,0.7824,-0.99722,0.04937,0.0,0.0,0.01200000000000001,ETH,2505.35,0.0
2026-10-11T00:11:49.854723+00:00,ETH-25DEC26-3800-C,2526.88,ETH-25DEC26,call,3800.0,2026-12-25T08:00:00+00:00,0.206228932025154,0.0075,0.008,0.007765,0.00775,2526.88,ETH-25DEC26,0.57,0.07389,1.60615,6036.0,0.0,0.0005000000000000004,ETH,2505.35,0.0
2026-10-11T00:11:49.854723+00:00,ETH-24SEP27-2100-C,2616.66,ETH-24SEP27,call,2100.0,2027-09-24T08:00:00+00:00,0.9536621969122177,0.296,0.3135,0.304751,0.30475,2616.66,ETH-24SEP27,0.5494,0.75101,8.10328,6.0,0.0,0.017500000000000016,ETH,2505.35,0.0
2026-10-11T00:11:49.854723+00:00,ETH-26MAR27-2400-C,2554.51,ETH-26MAR27,call,2400.0,2027-03-26T08:00:00+00:00,0.4553733536541752,0.1685,0.1705,0.169241,0.1695,2554.51,ETH-26MAR27,0.5271,0.63785,6.46319,13635.0,0.0,0.0020000000000000018,ETH,2505.35,0.0
2026-10-11T00:11:49.854723+00:00,ETH-26MAR27-4000-P,2554.51,ETH-26MAR27,put,4000.0,2027-03-26T08:00:00+00:00,0.4553733536541752,0.579,0.6025,0.591543,0.59075,2554.51,ETH-26MAR27,0.5521,-0.84555,4.09859,0.0,0.0,0.023500000000000076,ETH,2505.35,0.0
2026-10-11T00:11:49.854723+00:00,ETH-14OCT26-2580-P,2506.1,ETH-14OCT26,put,2580.0,2026-10-14T08:00:00+00:00,0.00910367535164271,0.0325,0.0345,0.033823,0.0335,2506.1,ETH-14OCT26,0.3774,-0.78683,0.6949,0.0,0.0,0.0020000000000000018,ETH,2505.35,0.0
2026-10-11T00:11:49.854723+00:00,ETH-14OCT26-2300-P,2506.1,ETH-14OCT26,put,2300.0,2026-10-14T08:00:00+00:00,0.00910367535164271,0.0013,0.0016,0.001413,0.00145,2506.1,ETH-14OCT26,0.5827,-0.05861,0.27953,11.0,11.0,0.00030000000000000014,ETH,2505.35,33.01
2026-10-11T00:11:49.854723+00:00,ETH-27NOV26-2550-P,2517.12,ETH-27NOV26,put,2550.0,2026-11-27T08:00:00+00:00,0.12956910998545518,0.076,0.0775,0.077131,0.07675,2517.12,ETH-27NOV26,0.4876,-0.49507,3.61451,334.0,0.0,0.0015000000000000013,ETH,2505.35,0.0
2026-10-11T00:11:49.854723+00:00,ETH-12OCT26-2680-P,2505.85,ETH-12OCT26,put,2680.0,2026-10-12T08:00:00+00:00,0.003627973777378508,0.0665,0.0735,0.069687,0.07,2505.85,ETH-12OCT26,0.5202,-0.9838,0.06098,5.0,0.0,0.006999999999999992,ETH,2505.35,0.0
2026-10-11T00:11:49.854723+00:00,ETH-24SEP27-3400-C,2616.66,ETH-24SEP27,call,3400.0,2027-09-24T08:00:00+00:00,0.9536621969122177,0.1165,0.12,0.118355,0.11825,2616.66,ETH-24SEP27,0.5422,0.40901,9.92862,2.0,0.0,0.0034999999999999892,ETH,2505.35,0.0
2026-10-11T00:11:49.854723+00:00,ETH-11OCT26-2760-P,2505.81,ETH-11OCT26,put,2760.0,2026-10-11T08:00:00+00:00,0.0008901229902464066,0.098,0.1045,0.101431,0.10125,2505.81,ETH-11OCT26,0.6252,-1.0,0.0,0.0,0.0,0.006499999999999992,ETH,2505.35,0.0
2026-10-11T00:11:49.854723+00:00,ETH-25DEC26-2500-P,2526.88,ETH-25DEC26,put,2500.0,2026-12-25T08:00:00+00:00,0.206228932025154,0.084,0.085,0.084565,0.0845,2526.88,ETH-25DEC26,0.4991,-0.43671,4.5204,3675.0,398.0,0.0010000000000000009,ETH,2505.34,85780.54
2026-10-11T00:11:49.854723+00:00,ETH-12OCT26-2740-C,2505.85,ETH-12OCT26,call,2740.0,2026-10-12T08:00:00+00:00,0.003627973777378508,,0.0001,7e-05,,2505.85,ETH-12OCT26,0.5891,0.00612,0.02607,0.0,0.0,,ETH,2505.34,0.0
2026-10-11T00:11:49.854723+00:00,ETH-26MAR27-4600-P,2554.51,ETH-26MAR27,put,4600.0,2027-03-26T08:00:00+00:00,0.4553733536541752,0.8005,0.8285,0.815515,0.8145,2554.51,ETH-26MAR27,0.5771000000000001,-0.90584,2.89502,0.0,0.0,0.028000000000000025,ETH,2505.35,0.0
2026-10-11T00:11:49.854723+00:00,ETH-26MAR27-3700-P,2554.51,ETH-26MAR27,put,3700.0,2027-03-26T08:00:00+00:00,0.4553733536541752,0.4725,0.4945,0.483725,0.4835,2554.51,ETH-26MAR27,0.5413,-0.79718,4.86732,0.0,0.0,0.02200000000000002,ETH,2505.34,0.0
2026-10-11T00:11:49.854723+00:00,ETH-12OCT26-2600-C,2505.84,ETH-12OCT26,call,2600.0,2026-10-12T08:00:00+00:00,0.003627973777378508,0.0006,0.0007,0.000632,0.00065,2505.84,ETH-12OCT26,0.3951,0.06056,0.18087,1091.0,224.0,0.00010000000000000005,ETH,2505.34,315.26
2026-10-11T00:11:49.854723+00:00,ETH-25DEC26-1700-C,2526.88,ETH-25DEC26,call,1700.0,2026-12-25T08:00:00+00:00,0.206228932025154,0.331,0.3395,0.335317,0.33525,2526.88,ETH-25DEC26,0.6164000000000001,0.94003,1.36651,365.0,0.0,0.008500000000000008,ETH,2505.34,0.0
2026-10-11T00:11:49.854723+00:00,ETH-26MAR27-2200-P,2554.51,ETH-26MAR27,put,2200.0,2027-03-26T08:00:00+00:00,0.4553733536541752,0.0745,0.076,0.075181,0.07525,2554.51,ETH-26MAR27,0.5355,-0.27642,5.7673,2374.0,0.0,0.0015000000000000013,ETH,2505.34,0.0
2026-10-11T00:11:49.854723+00:00,ETH-30OCT26-2850-P,2509.56,ETH-30OCT26,put,2850.0,2026-10-30T08:00:00+00:00,0.052909287945756334,0.138,0.147,0.142581,0.1425,2509.56,ETH-30OCT26,0.4729,-0.86794,1.23445,114.0,0.0,0.00899999999999998,ETH,2505.34,0.0
2026-10-11T00:11:49.854723+00:00,ETH-11OCT26-2800-C,2505.81,ETH-11OCT26,call,2800.0,2026-10-11T08:00:00+00:00,0.0008901229902464066,,0.0001,0.0,,2505.81,ETH-11OCT26,0.6256,0.0,0.0,750.0,0.0,,ETH,2505.34,0.0
2026-10-11T00:11:49.854723+00:00,ETH-11OCT26-2850-P,2505.81,ETH-11OCT26,put,2850.0,2026-10-11T08:00:00+00:00,0.0008901229902464066,0.134,0.1405,0.137348,0.13725,2505.81,ETH-11OCT26,0.674,-1.0,0.0,0.0,0.0,0.006500000000000006,ETH,2505.34,0.0
2026-10-11T00:11:49.854723+00:00,ETH-11OCT26-2300-C,2505.83,ETH-11OCT26,call,2300.0,2026-10-11T08:00:00+00:00,0.0008901229902464066,0.079,0.085,0.082141,0.082,2505.83,ETH-11OCT26,0.7786,0.9999,0.00031,0.0,0.0,0.006000000000000005,ETH,2505.34,0.0
2026-10-11T00:11:49.854723+00:00,ETH-24SEP27-6500-P,2616.68,ETH-24SEP27,put,6500.0,2027-09-24T08:00:00+00:00,0.9536621969122177,1.477,1.5285,1.506583,1.50275,2616.68,ETH-24SEP27,0.5958,-0.89848,4.53439,0.0,0.0,0.05149999999999988,ETH,2505.34,0.0
2026-10-11T00:11:49.854723+00:00,ETH-24SEP27-2700-C,2616.66,ETH-24SEP27,call,2700.0,2027-09-24T08:00:00+00:00,0.9536621969122177,0.194,0.1975,0.195742,0.19575,2616.66,ETH-24SEP27,0.5399,0.58072,9.98549,45.0,0.0,0.003500000000000003,ETH,2505.34,0.0
2026-10-11T00:11:49.854723+00:00,ETH-13OCT26-2580-P,2506.09,ETH-13OCT26,put,2580.0,2026-10-13T08:00:00+00:00,0.006365824564510609,0.0295,0.0355,0.032131,0.0325,2506.09,ETH-13OCT26,0.37329999999999997,-0.83369,0.49856,0.0,0.0,0.005999999999999998,ETH,2505.34,0.0
2026-10-11T00:11:49.854723+00:00,ETH-30OCT26-4400-P,2509.54,ETH-30OCT26,put,4400.0,2026-10-30T08:00:00+00:00,0.052909287945756334,0.747,0.76,0.753381,0.7535,2509.54,ETH-30OCT26,0.8062999999999999,-0.99833,0.03098,0.0,0.0,0.013000000000000012,ETH,2505.34,0.0
2026-10-11T00:11:49.854723+00:00,ETH-25DEC26-3200-P,2526.9,ETH-25DEC26,put,3200.0,2026-12-25T08:00:00+00:00,0.206228932025154,0.2815,0.296,0.28827,0.28875,2526.9,ETH-25DEC26,0.5186,-0.81206,3.09326,311.0,0.0,0.014500000000000013,ETH,2505.35,0.0
2026-10-11T00:11:49.854723+00:00,ETH-25DEC26-10000-C,2526.88,ETH-25DEC26,call,10000.0,2026-12-25T08:00:00+00:00,0.206228932025154,,0.0001,7.8e-05,,2526.88,ETH-25DEC26,0.8991,0.00078,0.03065,1741.0,2.0,,ETH,2505.35,0.5
2026-10-11T00:11:49.854723+00:00,ETH-13OCT26-2680-C,2506.09,ETH-13OCT26,call,2680.0,2026-10-13T08:00:00+00:00,0.006365824564510609,0.0004,0.0006,0.000511,0.0005,2506.09,ETH-13OCT26,0.461,0.03486,0.15389,46.0,0.0,0.00019999999999999993,ETH,2505.35,0.0
2026-10-11T00:11:49.854723+00:00,ETH-12OCT26-2420-P,2505.84,ETH-12OCT26,put,2420.0,2026-10-12T08:00:00+00:00,0.003627973777378508,0.0011,0.0013,0.001174,0.0012,2505.84,ETH-12OCT26,0.44270000000000004,-0.09482,0.25442,575.0,25.0,0.00019999999999999987,ETH,2505.35,80.33
2026-10-11T00:11:49.854723+00:00,ETH-14OCT26-2540-P,2506.12,ETH-14OCT26,put,2540.0,2026-10-14T08:00:00+00:00,0.00910367535164271,0.021,0.023,0.02196,0.022,2506.12,ETH-14OCT26,0.3701,-0.64404,0.89066,0.0,0.0,0.0019999999999999983,ETH,2505.35,0.0
2026-10-11T00:11:49.854723+00:00,ETH-25JUN27-2800-C,2585.89,ETH-25JUN27,call,2800.0,2027-06-25T08:00:00+00:00,0.7045177752831965,0.144,0.1465,0.145319,0.14525,2585.89,ETH-25JUN27,0.5314,0.51766,8.65134,1561.0,0.0,0.0025000000000000022,ETH,2505.33,0.0
2026-10-11T00:11:49.854723+00:00,ETH-25DEC26-5500-P,2526.88,ETH-25DEC26,put,5500.0,2026-12-25T08:00:00+00:00,0.206228932025154,1.1665,1.1915,1.177867,1.179,2526.88,ETH-25DEC26,0.7128,-0.98747,0.37214,0.0,0.0,0.02499999999999991,ETH,2505.33,0.0
2026-10-11T00:11:49.854723+00:00,ETH-11OCT26-2200-P,2505.81,ETH-11OCT26,put,2200.0,2026-10-11T08:00:00+00:00,0.0008901229902464066,,0.0001,0.0,,2505.81,ETH-11OCT26,0.8175,0.0,0.0,2352.0,0.0,,ETH,2505.33,0.0
2026-10-11T00:11:49.854723+00:00,ETH-30OCT26-2350-P,2509.54,ETH-30OCT26,put,2350.0,2026-10-30T08:00:00+00:00,0.052909287945756334,0.0175,0.0185,0.017891,0.018,2509.54,ETH-30OCT26,0.4763,-0.25737,1.8625,3677.0,18.0,0.0009999999999999974,ETH,2505.33,806.54
2026-10-11T00:11:49.854723+00:00,ETH-24SEP27-5000-P,2616.68,ETH-24SEP27,put,5000.0,2027-09-24T08:00:00+00:00,0.9536621969122177,0.933,0.9715,0.955595,0.95225,2616.68,ETH-24SEP27,0.5677,-0.81351,6.85553,0.0,0.0,0.03849999999999998,ETH,2505.33,0.0
2026-10-11T00:11:49.854723+00:00,ETH-24SEP27-4300-P,2616.66,ETH-24SEP27,put,4300.0,2027-09-24T08:00:00+00:00,0.9536621969122177,0.6905,0.723,0.709367,0.70675,2616.66,ETH-24SEP27,0.5544,-0.74113,8.27041,0.0,0.0,0.03249999999999997,ETH,2505.33,0.0
2026-10-11T00:11:49.854723+00:00,ETH-30OCT26-2700-P,2509.56,ETH-30OCT26,put,2700.0,2026-10-30T08:00:00+00:00,0.052909287945756334,0.09,0.0925,0.091057,0.09125,2509.56,ETH-30OCT26,0.4501,-0.74447,1.85554,3775.0,1.0,0.0025000000000000022,ETH,2505.35,235.79
2026-10-11T00:11:49.854723+00:00,ETH-16OCT26-2500-P,2506.49,ETH-16OCT26,put,2500.0,2026-10-16T08:00:00+00:00,0.014579376925906912,0.018,0.019,0.018753,0.0185,2506.49,ETH-16OCT26,0.41609999999999997,-0.47117,1.20397,35505.0,17.0,0.0010000000000000009,ETH,2505.33,880.45
2026-10-11T00:11:49.854723+00:00,ETH-25JUN27-2800-P,2585.89,ETH-25JUN27,put,2800.0,2027-06-25T08:00:00+00:00,0.7045177752831965,0.225,0.232,0.228114,0.2285,2585.89,ETH-25JUN27,0.5314,-0.48233,8.6514,955.0,0.0,0.007000000000000006,ETH,2505.35,0.0
2026-10-11T00:11:49.854723+00:00,ETH-11OCT26-2850-C,2505.81,ETH-11OCT26,call,2850.0,2026-10-11T08:00:00+00:00,0.0008901229902464066,,0.0001,0.0,,2505.81,ETH-11OCT26,0.674,0.0,0.0,4.0,0.0,,ETH,2505.35,0.0
2026-10-11T00:11:49.854723+00:00,ETH-27NOV26-2650-C,2517.12,ETH-27NOV26,call,2650.0,2026-11-27T08:00:00+00:00,0.12956910998545518,0.0475,0.049,0.048276,0.04825,2517.12,ETH-27NOV26,0.4863,0.41774,3.53766,2798.0,0.0,0.0015000000000000013,ETH,2505.35,0.0
2026-10-11T00:11:49.854723+00:00,ETH-25JUN27-2600-C,2585.89,ETH-25JUN27,call,2600.0,2027-06-25T08:00:00+00:00,0.7045177752831965,0.1735,0.176,0.174653,0.17475,2585.89,ETH-25JUN27,0.5325,0.58351,8.46947,404.0,0.0,0.0025000000000000022,ETH,2505.35,0.0
2026-10-11T00:11:49.854723+00:00,ETH-25JUN27-1300-P,2585.89,ETH-25JUN27,put,1300.0,2027-06-25T08:00:00+00:00,0.7045177752831965,0.017,0.018,0.017472,0.0175,2585.89,ETH-25JUN27,0.6381,-0.06045,2.60107,1689.0,0.0,0.0009999999999999974,ETH,2505.35,0.0
2026-10-11T00:11:49.854723+00:00,ETH-26MAR27-5500-P,2554.51,ETH-26MAR27,put,5500.0,2027-03-26T08:00:00+00:00,0.4553733536541752,1.143,1.176,1.16054,1.1595,2554.51,ETH-26MAR27,0.6135,-0.95002,1.77749,0.0,0.0,0.03299999999999992,ETH,2505.35,0.0
2026-10-11T00:11:49.854723+00:00,ETH-26MAR27-1400-C,2554.51,ETH-26MAR27,call,1400.0,2027-03-26T08:00:00+00:00,0.4553733536541752,0.46,0.468,0.464407,0.464,2554.51,ETH-26MAR27,0.6496,0.94412,1.94217,31.0,0.0,0.008000000000000007,ETH,2505.35,0.0
2026-10-11T00:11:49.854723+00:00,ETH-25JUN27-2400-P,2585.91,ETH-25JUN27,put,2400.0,2027-06-25T08:00:00+00:00,0.7045177752831965,0.1365,0.1395,0.137832,0.138,2585.91,ETH-25JUN27,0.5354,-0.34819,8.02504,423.0,0.0,0.0030000000000000027,ETH,2505.35,0.0
2026-10-11T00:11:49.854723+00:00,ETH-24SEP27-5200-P,2616.66,ETH-24SEP27,put,5200.0,2027-09-24T08:00:00+00:00,0.9536621969122177,1.0045,1.0445,1.027542,1.0245,2616.66,ETH-24SEP27,0.5710000000000001,-0.82965,6.4752,0.0,0.0,0.040000000000000036,ETH,2505.35,0.0
2026-10-11T00:11:49.854723+00:00,ETH-16OCT26-2600-P,2506.47,ETH-16OCT26,put,2600.0,2026-10-16T08:00:00+00:00,0.014579376925906912,0.043,0.0455,0.04405,0.04425,2506.47,ETH-16OCT26,0.4103,-0.76383,0.93238,3987.0,2.0,0.0025000000000000022,ETH,2505.35,240.36
2026-10-11T00:11:49.854723+00:00,ETH-11OCT26-2420-P,2505.81,ETH-11OCT26,put,2420.0,2026-10-11T08:00:00+00:00,0.0008901229902464066,0.0002,0.0003,0.000216,0.00025,2505.81,ETH-11OCT26,0.6244,-0.0307,0.05156,525.0,51.0,9.999999999999996e-05,ETH,2505.35,70.97
2026-10-11T00:11:49.854723+00:00,ETH-24SEP27-1500-C,2616.66,ETH-24SEP27,call,1500.0,2027-09-24T08:00:00+00:00,0.9536621969122177,0.4585,0.4715,0.464945,0.465,2616.66,ETH-24SEP27,0.5921,0.89448,4.66336,1.0,0.0,0.012999999999999956,ETH,2505.35,0.0
2026-10-11T00:11:49.854723+00:00,ETH-12OCT26-2520-C,2505.85,ETH-12OCT26,call,2520.0,2026-10-12T08:00:00+00:00,0.003627973777378508,0.0046,0.005,0.00475,0.0048,2505.85,ETH-12OCT26,0.3,0.3758,0.572,461.0,20.0,0.0004000000000000002,ETH,2505.35,153.19
2026-10-11T00:11:49.854723+00:00,ETH-23OCT26-3200-C,2508.06,ETH-23OCT26,call,3200.0,2026-10-23T08:00:00+00:00,0.03374433243583162,0.0005,0.0007,0.000598,0.0006,2508.06,ETH-23OCT26,0.6009,0.0156,0.18047,198.0,1.0,0.00019999999999999998,ETH,2505.35,1.26
2026-10-11T00:11:49.854723+00:00,ETH-27NOV26-1600-C,2517.12,ETH-27NOV26,call,1600.0,2026-11-27T08:00:00+00:00,0.12956910998545518,0.3645,0.37,0.3674,0.36725,2517.12,ETH-27NOV26,0.7079000000000001,0.97156,0.58986,18.0,0.0,0.005500000000000005,ETH,2505.35,0.0
2026-10-11T00:11:49.854723+00:00,ETH-26MAR27-1600-P,2554.51,ETH-26MAR27,put,1600.0,2027-03-26T08:00:00+00:00,0.4553733536541752,0.0195,0.0205,0.019983,0.02,2554.51,ETH-26MAR27,0.6051,-0.08864,2.76811,3053.0,3.0,0.0010000000000000009,ETH,2505.35,150.24
2026-10-11T00:11:49.854723+00:00,ETH-25JUN27-3800-C,2585.89,ETH-25JUN27,call,3800.0,2027-06-25T08:00:00+00:00,0.7045177752831965,0.0595,0.0615,0.060575,0.0605,2585.89,ETH-25JUN27,0.5434,0.26893,7.16311,489.0,0.0,0.0020000000000000018,ETH,2505.34,0.0
2026-10-11T00:11:49.854723+00:00,ETH-13OCT26-2300-C,2506.09,ETH-13OCT26,call,2300.0,2026-10-13T08:00:00+00:00,0.006365824564510609,0.08,0.0855,0.083059,0.08275,2506.09,ETH-13OCT26,0.6245,0.95932,0.17457,0.0,0.0,0.005500000000000005,ETH,2505.34,0.0
2026-10-11T00:11:49.854723+00:00,ETH-27NOV26-2800-C,2517.12,ETH-27NOV26,call,2800.0,2026-11-27T08:00:00+00:00,0.12956910998545518,0.0305,0.0315,0.031081,0.031,2517.12,ETH-27NOV26,0.48960000000000004,0.30237,3.16162,4631.0,371.0,0.0010000000000000009,ETH,2505.34,27565.69
2026-10-11T00:11:49.854723+00:00,ETH-14OCT26-2750-P,2506.1,ETH-14OCT26,put,2750.0,2026-10-14T08:00:00+00:00,0.00910367535164271,0.0945,0.102,0.097921,0.09825,2506.1,ETH-14OCT26,0.5178,-0.96859,0.16895,0.0,0.0,0.007499999999999993,ETH,2505.34,0.0
2026-10-11T00:11:49.854723+00:00,ETH-24SEP27-7000-C,2616.68,ETH-24SEP27,call,7000.0,2027-09-24T08:00:00+00:00,0.9536621969122177,0.018,0.0185,0.018319,0.01825,2616.68,ETH-24SEP27,0.603,0.08433,3.95306,636.0,2.0,0.0005000000000000004,ETH,2505.34,90.19
2026-10-11T00:11:49.854723+00:00,ETH-30OCT26-1500-C,2509.54,ETH-30OCT26,call,1500.0,2026-10-30T08:00:00+00:00,0.052909287945756334,0.4005,0.4045,0.402669,0.4025,2509.54,ETH-30OCT26,0.9146,0.9946,0.08942,52.0,0.0,0.0040000000000000036,ETH,2505.34,0.0
2026-10-11T00:11:49.854723+00:00,ETH-25DEC26-2500-C,2526.88,ETH-25DEC26,call,2500.0,2026-12-25T08:00:00+00:00,0.206228932025154,0.0945,0.096,0.095207,0.09525,2526.88,ETH-25DEC26,0.4991,0.56331,4.52041,29398.0,439.0,0.0015000000000000013,ETH,2505.34,100693.89
2026-10-11T00:11:49.854723+00:00,ETH-30OCT26-2800-C,2509.56,ETH-30OCT26,call,2800.0,2026-10-30T08:00:00+00:00,0.052909287945756334,0.0085,0.0095,0.008928,0.009,2509.56,ETH-30OCT26,0.4639,0.16481,1.43179,4919.0,106.0,0.0009999999999999992,ETH,2505.34,2318.23
2026-10-11T00:11:49.854723+00:00,ETH-26MAR27-3900-P,2554.51,ETH-26MAR27,put,3900.0,2027-03-26T08:00:00+00:00,0.4553733536541752,0.5425,0.566,0.555248,0.55425,2554.51,ETH-26MAR27,0.5487,-0.83089,4.34808,0.0,0.0,0.023499999999999965,ETH,2505.34,0.0
2026-10-11T00:11:49.854723+00:00,ETH-26MAR27-2400-P,2554.51,ETH-26MAR27,put,2400.0,2027-03-26T08:00:00+00:00,0.4553733536541752,0.108,0.1095,0.108755,0.10875,2554.51,ETH-26MAR27,0.5271,-0.36214,6.46319,1460.0,0.0,0.0015000000000000013,ETH,2505.34,0.0
2026-10-11T00:11:49.854723+00:00,ETH-30OCT26-3300-P,2509.54,ETH-30OCT26,put,3300.0,2026-10-30T08:00:00+00:00,0.052909287945756334,0.3115,0.322,0.316273,0.31675,2509.54,ETH-30OCT26,0.5929,-0.97387,0.35006,0.0,0.0,0.01050000000000001,ETH,2505.34,0.0
2026-10-11T00:11:49.854723+00:00,ETH-27NOV26-2350-P,2517.12,ETH-27NOV26,put,2350.0,2026-11-27T08:00:00+00:00,0.12956910998545518,0.041,0.042,0.041253,0.0415,2517.12,ETH-27NOV26,0.501,-0.31936,3.23758,747.0,1.0,0.0010000000000000009,ETH,2505.34,100.43
2026-10-11T00:11:49.854723+00:00,ETH-12OCT26-2420-C,2505.84,ETH-12OCT26,call,2420.0,2026-10-12T08:00:00+00:00,0.003627973777378508,0.032,0.038,0.03543,0.035,2505.84,ETH-12OCT26,0.44270000000000004,0.90523,0.25432,110.0,0.0,0.005999999999999998,ETH,2505.34,0.0
2026-10-11T00:11:49.854723+00:00,ETH-25DEC26-6000-P,2526.88,ETH-25DEC26,put,6000.0,2026-12-25T08:00:00+00:00,0.206228932025154,1.364,1.389,1.375342,1.3765,2526.88,ETH-25DEC26,0.7462000000000001,-0.9914,0.26805,100.0,0.0,0.02499999999999991,ETH,2505.34,0.0
2026-10-11T00:11:49.854723+00:00,ETH-13OCT26-2480-C,2506.09,ETH-13OCT26,call,2480.0,2026-10-13T08:00:00+00:00,0.006365824564510609,0.017,0.0185,0.01769,0.01775,2506.09,ETH-13OCT26,0.3715,0.64068,0.74708,1.0,0.0,0.0014999999999999979,ETH,2505.34,0.0
2026-10-11T00:11:49.854723+00:00,ETH-26MAR27-1700-C,2554.51,ETH-26MAR27,call,1700.0,2027-03-26T08:00:00+00:00,0.4553733536541752,0.3545,0.364,0.359945,0.35925,2554.51,ETH-26MAR27,0.5887,0.88933,3.25603,1244.0,0.0,0.009500000000000008,ETH,2505.34,0.0
2026-10-11T00:11:49.854723+00:00,ETH-25JUN27-1000-P,2585.89,ETH-25JUN27,put,1000.0,2027-06-25T08:00:00+00:00,0.7045177752831965,0.008,0.009,0.008476,0.0085,2585.89,ETH-25JUN27,0.7101999999999999,-0.02932,1.44902,4824.0,0.0,0.0009999999999999992,ETH,2505.34,0.0
2026-10-11T00:11:49.854723+00:00,ETH-12OCT26-2460-P,2505.84,ETH-12OCT26,put,2460.0,2026-10-12T08:00:00+00:00,0.003627973777378508,0.0021,0.0024,0.002215,0.00225,2505.84,ETH-12OCT26,0.3515,-0.19165,0.41124,315.0,11.0,0.0002999999999999999,ETH,2505.34,67.69
2026-10-11T00:11:49.854723+00:00,ETH-24SEP27-2900-C,2616.66,ETH-24SEP27,call,2900.0,2027-09-24T08:00:00+00:00,0.9536621969122177,0.167,0.171,0.168904,0.169,2616.66,ETH-24SEP27,0.5392,0.527,10.1716,328.0,0.0,0.0040000000000000036,ETH,2505.34,0.0
2026-10-11T00:11:49.854723+00:00,ETH-27NOV26-2400-P,2517.12,ETH-27NOV26,put,2400.0,2026-11-27T08:00:00+00:00,0.12956910998545518,0.0485,0.049,0.048642,0.04875,2517.12,ETH-27NOV26,0.49570000000000003,-0.36137,3.39431,2195.0,1.0,0.0005000000000000004,ETH,2505.34,120.2
2026-10-11T00:11:49.854723+00:00,ETH-24SEP27-3200-P,2616.68,ETH-24SEP27,put,3200.0,2027-09-24T08:00:00+00:00,0.9536621969122177,0.346,0.37,0.358996,0.358,2616.68,ETH-24SEP27,0.5404,-0.54689,10.12449,101.0,0.0,0.02400000000000002,ETH,2505.34,0.0
2026-10-11T00:11:49.854723+00:00,ETH-30OCT26-2550-P,2509.54,ETH-30OCT26,put,2550.0,2026-10-30T08:00:00+00:00,0.052909287945756334,0.049,0.0505,0.04994,0.04975,2509.54,ETH-30OCT26,0.4475,-0.54239,2.2898,3510.0,2.0,0.0015000000000000013,ETH,2505.34,264.31
2026-10-11T00:11:49.854723+00:00,ETH-13OCT26-2100-C,2506.09,ETH-13OCT26,call,2100.0,2026-10-13T08:00:00+00:00,0.006365824564510609,0.1595,0.1645,0.162216,0.162,2506.09,ETH-13OCT26,0.9201,0.9927,0.04039,0.0,0.0,0.0050000000000000044,ETH,2505.34,0.0
2026-10-11T00:11:49.854723+00:00,ETH-25DEC26-1400-P,2526.88,ETH-25DEC26,put,1400.0,2026-12-25T08:00:00+00:00,0.206228932025154,0.003,0.0036,0.003318,0.0033,2526.88,ETH-25DEC26,0.7171,-0.02412,0.65093,13810.0,0.0,0.0005999999999999998,ETH,2505.34,0.0
2026-10-11T00:11:49.854723+00:00,ETH-23OCT26-2700-P,2508.06,ETH-23OCT26,put,2700.0,2026-10-23T08:00:00+00:00,0.03374433243583162,0.081,0.088,0.084397,0.0845,2508.06,ETH-23OCT26,0.4325,-0.81376,1.23475,311.0,15.0,0.006999999999999992,ETH,2505.34,3159.61
2026-10-11T00:11:49.854723+00:00,ETH-14OCT26-2500-P,2506.1,ETH-14OCT26,put,2500.0,2026-10-14T08:00:00+00:00,0.00910367535164271,0.0125,0.0135,0.012966,0.013,2506.1,ETH-14OCT26,0.3722,-0.46814,0.95048,0.0,0.0,0.0009999999999999992,ETH,2505.34,0.0
2026-10-11T00:11:49.854723+00:00,ETH-30OCT26-2000-C,2509.54,ETH-30OCT26,call,2000.0,2026-10-30T08:00:00+00:00,0.052909287945756334,0.203,0.209,0.206172,0.206,2509.54,ETH-30OCT26,0.6246,0.95041,0.59145,738.0,0.0,0.005999999999999978,ETH,2505.34,0.0
2026-10-11T00:11:49.854723+00:00,ETH-14OCT26-2320-C,2506.1,ETH-14OCT26,call,2320.0,2026-10-14T08:00:00+00:00,0.00910367535164271,0.073,0.0785,0.07591,0.07575,2506.1,ETH-14OCT26,0.5552,0.9303,0.31985,0.0,0.0,0.005500000000000005,ETH,2505.34,0.0
2026-10-11T00:11:49.854723+00:00,ETH-24SEP27-5400-C,2616.66,ETH-24SEP27,call,5400.0,2027-09-24T08:00:00+00:00,0.9536621969122177,0.0355,0.0375,0.036519,0.0365,2616.66,ETH-24SEP27,0.5749,0.15633,6.12387,18.0,0.0,0.0020000000000000018,ETH,2505.34,0.0
2026-10-11T00:11:49.854723+00:00,ETH-27NOV26-2700-P,2517.12,ETH-27NOV26,put,2700.0,2026-11-27T08:00:00+00:00,0.12956910998545518,0.113,0.1165,0.114408,0.11475,2517.12,ETH-27NOV26,0.4868,-0.62319,3.44107,1489.0,150.0,0.003500000000000003,ETH,2505.34,43736.67
2026-10-11T00:11:49.854723+00:00,ETH-25DEC26-9000-P,2526.88,ETH-25DEC26,put,9000.0,2026-12-25T08:00:00+00:00,0.206228932025154,2.5425,2.5845,2.561884,2.5635,2526.88,ETH-25DEC26,0.8984000000000001,-0.99819,0.06654,0.0,0.0,0.041999999999999815,ETH,2505.34,0.0
2026-10-11T00:11:49.854723+00:00,ETH-25JUN27-3600-C,2585.91,ETH-25JUN27,call,3600.0,2027-06-25T08:00:00+00:00,0.7045177752831965,0.0705,0.0725,0.071581,0.0715,2585.91,ETH-25JUN27,0.5399,0.30723,7.62812,3340.0,0.0,0.0020000000000000018,ETH,2505.34,0.0
2026-10-11T00:11:49.854723+00:00,ETH-25JUN27-4800-C,2585.89,ETH-25JUN27,call,4800.0,2027-06-25T08:00:00+00:00,0.7045177752831965,0.0285,0.03,0.029173,0.02925,2585.89,ETH-25JUN27,0.5679,0.14476,4.94208,135.0,0.0,0.0014999999999999979,ETH,2505.34,0.0
2026-10-11T00:11:49.854723+00:00,ETH-25JUN27-4000-P,2585.89,ETH-25JUN27,put,4000.0,2027-06-25T08:00:00+00:00,0.7045177752831965,0.5825,0.611,0.598808,0.59675,2585.89,ETH-25JUN27,0.5489,-0.76316,6.69941,19.0,0.0,0.02849999999999997,ETH,2505.34,0.0
2026-10-11T00:11:49.854723+00:00,ETH-12OCT26-2300-C,2505.84,ETH-12OCT26,call,2300.0,2026-10-12T08:00:00+00:00,0.003627973777378508,0.0795,0.085,0.082522,0.08225,2505.84,ETH-12OCT26,0.7208,0.97677,0.08284,0.0,0.0,0.005500000000000005,ETH,2505.34,0.0
2026-10-11T00:11:49.854723+00:00,ETH-25DEC26-4600-C,2526.88,ETH-25DEC26,call,4600.0,2026-12-25T08:00:00+00:00,0.206228932025154,0.0026,0.0032,0.002897,0.0029,2526.88,ETH-25DEC26,0.6431999999999999,0.02837,0.74549,11128.0,0.0,0.0006000000000000003,ETH,2505.34,0.0
2026-10-11T00:11:49.854723+00:00,ETH-25DEC26-10000-P,2526.88,ETH-25DEC26,put,10000.0,2026-12-25T08:00:00+00:00,0.206228932025154,2.9335,2.9845,2.957512,2.959,2526.88,ETH-25DEC26,0.8991,-0.99922,0.03065,0.0,0.0,0.051000000000000156,ETH,2505.34,0.0
2026-10-11T00:11:49.854723+00:00,ETH-26MAR27-3200-P,2554.51,ETH-26MAR27,put,3200.0,2027-03-26T08:00:00+00:00,0.4553733536541752,0.3055,0.325,0.315874,0.31525,2554.51,ETH-26MAR27,0.5276,-0.67544,6.20179,121.0,0.0,0.019500000000000017,ETH,2505.34,0.0
2026-10-11T00:11:49.854723+00:00,ETH-26MAR27-2600-C,2554.51,ETH-26MAR27,call,2600.0,2027-03-26T08:00:00+00:00,0.4553733536541752,0.132,0.1335,0.132695,0.13275,2554.51,ETH-26MAR27,0.5232,0.55019,6.82358,3584.0,300.0,0.0015000000000000013,ETH,2505.34,97428.31
2026-10-11T00:11:49.854723+00:00,ETH-25JUN27-3300-P,2585.89,ETH-25JUN27,put,3300.0,2027-06-25T08:00:00+00:00,0.7045177752831965,0.357,0.379,0.368512,0.368,2585.89,ETH-25JUN27,0.5342,-0.62548,8.22794,69.0,0.0,0.02200000000000002,ETH,2505.34,0.0
2026-10-11T00:11:49.854723+00:00,ETH-12OCT26-2340-P,2505.84,ETH-12OCT26,put,2340.0,2026-10-12T08:00:00+00:00,0.003627973777378508,0.0005,0.0007,0.000569,0.0006,2505.84,ETH-12OCT26,0.6412,-0.03703,0.12198,971.0,0.0,0.00019999999999999998,ETH,2505.34,0.0
2026-10-11T00:11:49.854723+00:00,ETH-27NOV26-2450-C,2517.12,ETH-27NOV26,call,2450.0,2026-11-27T08:00:00+00:00,0.12956910998545518,0.0835,0.0845,0.083812,0.084,2517.12,ETH-27NOV26,0.49219999999999997,0.59468,3.51249,431.0,0.0,0.0010000000000000009,ETH,2505.34,0.0
2026-10-11T00:11:49.854723+00:00,ETH-23OCT26-2350-P,2508.08,ETH-23OCT26,put,2350.0,2026-10-23T08:00:00+00:00,0.03374433243583162,0.0105,0.0115,0.010903,0.011,2508.08,ETH-23OCT26,0.4703,-0.214,1.34236,43.0,21.0,0.0009999999999999992,ETH,2505.34,603.55
2026-10-11T00:11:49.854723+00:00,ETH-30OCT26-3800-C,2509.56,ETH-30OCT26,call,3800.0,2026-10-30T08:00:00+00:00,0.052909287945756334,0.0003,0.0004,0.000349,0.00035,2509.56,ETH-30OCT26,0.7084999999999999,0.00685,0.11028,4715.0,53.0,0.00010000000000000005,ETH,2505.34,26.43
2026-10-11T00:11:49.854723+00:00,ETH-24SEP27-3500-C,2616.66,ETH-24SEP27,call,3500.0,2027-09-24T08:00:00+00:00,0.9536621969122177,0.1085,0.1125,0.110438,0.1105,2616.66,ETH-24SEP27,0.5431,0.38843,9.79366,13.0,0.0,0.0040000000000000036,ETH,2505.34,0.0
2026-10-11T00:11:49.854723+00:00,ETH-25DEC26-8000-C,2526.9,ETH-25DEC26,call,8000.0,2026-12-25T08:00:00+00:00,0.206228932025154,0.0002,0.0004,0.000218,0.0003,2526.9,ETH-25DEC26,0.8338,0.00216,0.07795,2889.0,1.0,0.0002,ETH,2505.34,0.75
2026-10-11T00:11:49.854723+00:00,ETH-25JUN27-1600-P,2585.89,ETH-25JUN27,put,1600.0,2027-06-25T08:00:00+00:00,0.7045177752831965,0.033,0.0345,0.033689,0.03375,2585.89,ETH-25JUN27,0.5895,-0.11183,4.13022,1979.0,0.0,0.0015000000000000013,ETH,2505.34,0.0
2026-10-11T00:11:49.854723+00:00,ETH-14OCT26-2480-P,2506.1,ETH-14OCT26,put,2480.0,2026-10-14T08:00:00+00:00,0.00910367535164271,0.0095,0.0105,0.009789,0.01,2506.1,ETH-14OCT26,0.3803,-0.38201,0.91152,0.0,0.0,0.0010000000000000009,ETH,2505.34,0.0
2026-10-11T00:11:49.854723+00:00,ETH-30OCT26-1900-C,2509.56,ETH-30OCT26,call,1900.0,2026-10-30T08:00:00+00:00,0.052909287945756334,0.242,0.2475,0.244975,0.24475,2509.56,ETH-30OCT26,0.682,0.96782,0.41623,274.0,0.0,0.005500000000000005,ETH,2505.29,0.0
2026-10-11T00:11:49.854723+00:00,ETH-27NOV26-3050-P,2517.12,ETH-27NOV26,put,3050.0,2026-11-27T08:00:00+00:00,0.12956910998545518,0.221,0.2335,0.226747,0.22725,2517.12,ETH-27NOV26,0.5062,-0.83246,2.27148,49.0,0.0,0.012500000000000011,ETH,2505.29,0.0
2026-10-11T00:11:49.854723+00:00,ETH-24SEP27-2500-C,2616.66,ETH-24SEP27,call,2500.0,2027-09-24T08:00:00+00:00,0.9536621969122177,0.2255,0.23,0.226842,0.22775,2616.66,ETH-24SEP27,0.5411,0.63686,9.58886,20.0,0.0,0.004500000000000004,ETH,2505.29,0.0
2026-10-11T00:11:49.854723+00:00,ETH-14OCT26-2400-C,2506.1,ETH-14OCT26,call,2400.0,2026-10-14T08:00:00+00:00,0.00910367535164271,0.0425,0.0485,0.045751,0.0455,2506.1,ETH-14OCT26,0.4482,0.8477,0.56294,0.0,0.0,0.005999999999999998,ETH,2505.29,0.0
2026-10-11T00:11:49.854723+00:00,ETH-25DEC26-3100-P,2526.9,ETH-25DEC26,put,3100.0,2026-12-25T08:00:00+00:00,0.206228932025154,0.2465,0.261,0.253419,0.25375,2526.9,ETH-25DEC26,0.5108,-0.77821,3.41374,45.0,0.0,0.014500000000000013,ETH,2505.29,0.0
2026-10-11T00:11:49.854723+00:00,ETH-26MAR27-3800-C,2554.51,ETH-26MAR27,call,3800.0,2027-03-26T08:00:00+00:00,0.4553733536541752,0.031,0.032,0.031541,0.0315,2554.51,ETH-26MAR27,0.5440999999999999,0.18452,4.59453,1784.0,1.0,0.0010000000000000009,ETH,2505.29,78.83
2026-10-11T00:11:49.854723+00:00,ETH-12OCT26-2280-C,2505.85,ETH-12OCT26,call,2280.0,2026-10-12T08:00:00+00:00,0.003627973777378508,0.0875,0.093,0.090457,0.09025,2505.85,ETH-12OCT26,0.7670999999999999,0.98041,0.07171,0.0,0.0,0.005500000000000005,ETH,2505.29,0.0
2026-10-11T00:11:49.854723+00:00,ETH-26MAR27-2300-P,2554.51,ETH-26MAR27,put,2300.0,2027-03-26T08:00:00+00:00,0.4553733536541752,0.09,0.0915,0.090986,0.09075,2554.51,ETH-26MAR27,0.5309,-0.31865,6.15445,2353.0,0.0,0.0015000000000000013,ETH,2505.29,0.0
2026-10-11T00:11:49.854723+00:00,ETH-26MAR27-1700-P,2554.51,ETH-26MAR27,put,1700.0,2027-03-26T08:00:00+00:00,0.4553733536541752,0.025,0.0255,0.025435,0.02525,2554.51,ETH-26MAR27,0.5887,-0.11068,3.25612,1635.0,0.0,0.000499999999999997,ETH,2505.29,0.0
2026-10-11T00:11:49.854723+00:00,ETH-24SEP27-4000-P,2616.66,ETH-24SEP27,put,4000.0,2027-09-24T08:00:00+00:00,0.9536621969122177,0.59,0.621,0.608107,0.6055,2616.66,ETH-24SEP27,0.5496,-0.69933,8.89408,28.0,0.0,0.031000000000000028,ETH,2505.29,0.0
2026-10-11T00:11:49.854723+00:00,ETH-12OCT26-2240-C,2505.85,ETH-12OCT26,call,2240.0,2026-10-12T08:00:00+00:00,0.003627973777378508,0.1035,0.1085,0.106324,0.106,2505.85,ETH-12OCT26,0.8466,0.98681,0.05111,1.0,0.0,0.0050000000000000044,ETH,2505.29,0.0
2026-10-11T00:11:49.854723+00:00,ETH-25DEC26-1900-C,2526.88,ETH-25DEC26,call,1900.0,2026-12-25T08:00:00+00:00,0.206228932025154,0.2585,0.268,0.263043,0.26325,2526.88,ETH-25DEC26,0.5661,0.89181,2.13222,2686.0,0.0,0.009500000000000008,ETH,2505.29,0.0
2026-10-11T00:11:49.854723+00:00,ETH-30OCT26-2450-C,2509.54,ETH-30OCT26,call,2450.0,2026-10-30T08:00:00+00:00,0.052909287945756334,0.0535,0.055,0.054259,0.05425,2509.54,ETH-30OCT26,0.4557,0.60977,2.21505,1475.0,0.0,0.0015000000000000013,ETH,2505.29,0.0
2026-10-11T00:11:49.854723+00:00,ETH-14OCT26-2100-P,2506.12,ETH-14OCT26,put,2100.0,2026-10-14T08:00:00+00:00,0.00910367535164271,0.0003,0.0005,0.000383,0.0004,2506.12,ETH-14OCT26,0.8497,-0.01327,0.08146,337.0,358.0,0.00020000000000000004,ETH,2505.29,346.55
2026-10-11T00:11:49.854723+00:00,ETH-30OCT26-1750-P,2509.54,ETH-30OCT26,put,1750.0,2026-10-30T08:00:00+00:00,0.052909287945756334,0.001,0.0012,0.00109,0.0011,2509.54,ETH-30OCT26,0.7646,-0.01637,0.23566,641.0,0.0,0.00019999999999999987,ETH,2505.29,0.0
2026-10-11T00:11:49.854723+00:00,ETH-25DEC26-1700-P,2526.9,ETH-25DEC26,put,1700.0,2026-12-25T08:00:00+00:00,0.206228932025154,0.0075,0.0085,0.008081,0.008,2526.9,ETH-25DEC26,0.6164000000000001,-0.05996,1.36638,13112.0,0.0,0.0010000000000000009,ETH,2505.32,0.0
2026-10-11T00:11:49.854723+00:00,ETH-14OCT26-2750-C,2506.1,ETH-14OCT26,call,2750.0,2026-10-14T08:00:00+00:00,0.00910367535164271,0.0005,0.0007,0.000603,0.0006,2506.1,ETH-14OCT26,0.5178,0.0314,0.16887,0.0,0.0,0.00019999999999999998,ETH,2505.29,0.0
2026-10-11T00:11:49.854723+00:00,ETH-30OCT26-1500-P,2509.54,ETH-30OCT26,put,1500.0,2026-10-30T08:00:00+00:00,0.052909287945756334,0.0003,0.0005,0.000384,0.0004,2509.54,ETH-30OCT26,0.9146,-0.0054,0.08943,2686.0,0.0,0.00020000000000000004,ETH,2505.32,0.0
2026-10-11T00:11:49.854723+00:00,ETH-24SEP27-4600-P,2616.66,ETH-24SEP27,put,4600.0,2027-09-24T08:00:00+00:00,0.9536621969122177,0.7935,0.828,0.813513,0.81075,2616.66,ETH-24SEP27,0.56,-0.77589,7.64706,0.0,0.0,0.034499999999999975,ETH,2505.32,0.0
2026-10-11T00:11:49.854723+00:00,ETH-12OCT26-2340-C,2505.84,ETH-12OCT26,call,2340.0,2026-10-12T08:00:00+00:00,0.003627973777378508,0.063,0.07,0.066751,0.0665,2505.84,ETH-12OCT26,0.6412,0.96298,0.12197,0.0,0.0,0.007000000000000006,ETH,2505.32,0.0
2026-10-11T00:11:49.854723+00:00,ETH-11OCT26-2660-C,2505.81,ETH-11OCT26,call,2660.0,2026-10-11T08:00:00+00:00,0.0008901229902464066,,0.0001,2e-06,,2505.81,ETH-11OCT26,0.5975,0.00037,0.00101,61.0,57.0,,ETH,2505.32,14.31
2026-10-11T00:11:49.854723+00:00,ETH-14OCT26-2250-C,2506.12,ETH-14OCT26,call,2250.0,2026-10-14T08:00:00+00:00,0.00910367535164271,0.1,0.1055,0.10317,0.10275,2506.12,ETH-14OCT26,0.6496,0.96128,0.20058,0.0,0.0,0.005499999999999991,ETH,2505.32,0.0
2026-10-11T00:11:49.854723+00:00,ETH-30OCT26-2950-P,2509.56,ETH-30OCT26,put,2950.0,2026-10-30T08:00:00+00:00,0.052909287945756334,0.1755,0.1845,0.179854,0.18,2509.56,ETH-30OCT26,0.4955,-0.91359,0.90938,137.0,0.0,0.009000000000000008,ETH,2505.32,0.0
2026-10-11T00:11:49.854723+00:00,ETH-25DEC26-6000-C,2526.9,ETH-25DEC26,call,6000.0,2026-12-25T08:00:00+00:00,0.206228932025154,0.0007,0.0011,0.000882,0.0009,2526.9,ETH-25DEC26,0.7462000000000001,0.0086,0.26804,10687.0,10.0,0.0004000000000000001,ETH,2505.32,20.06
2026-10-11T00:11:49.854723+00:00,ETH-30OCT26-2800-P,2509.54,ETH-30OCT26,put,2800.0,2026-10-30T08:00:00+00:00,0.052909287945756334,0.1205,0.129,0.124662,0.12475,2509.54,ETH-30OCT26,0.4639,-0.83519,1.43181,619.0,0.0,0.008500000000000008,ETH,2505.32,0.0
2026-10-11T00:11:49.854723+00:00,ETH-23OCT26-2900-P,2508.06,ETH-23OCT26,put,2900.0,2026-10-23T08:00:00+00:00,0.03374433243583162,0.1545,0.163,0.158476,0.15875,2508.06,ETH-23OCT26,0.49079999999999996,-0.94164,0.537,0.0,0.0,0.008500000000000008,ETH,2505.32,0.0
2026-10-11T00:11:49.854723+00:00,ETH-16OCT26-2800-C,2506.47,ETH-16OCT26,call,2800.0,2026-10-16T08:00:00+00:00,0.014579376925906912,0.0009,0.0011,0.001006,0.001,2506.47,ETH-16OCT26,0.5169,0.04037,0.26271,6697.0,1005.0,0.0002000000000000001,ETH,2505.32,1505.89
2026-10-11T00:11:49.854723+00:00,ETH-11OCT26-2350-P,2505.81,ETH-11OCT26,put,2350.0,2026-10-11T08:00:00+00:00,0.0008901229902464066,,0.0001,1e-05,,2505.81,ETH-11OCT26,0.7315999999999999,-0.00156,0.00376,321.0,67.0,,ETH,2505.32,29.91
2026-10-11T00:11:49.854723+00:00,ETH-11OCT26-2360-C,2505.81,ETH-11OCT26,call,2360.0,2026-10-11T08:00:00+00:00,0.0008901229902464066,0.055,0.0615,0.058215,0.05825,2505.81,ETH-11OCT26,0.7315999999999999,0.99711,0.00657,0.0,0.0,0.006499999999999999,ETH,2505.32,0.0
2026-10-11T00:11:49.854723+00:00,ETH-14OCT26-2540-C,2506.12,ETH-14OCT26,call,2540.0,2026-10-14T08:00:00+00:00,0.00910367535164271,0.008,0.009,0.008437,0.0085,2506.12,ETH-14OCT26,0.3701,0.35598,0.89069,53.0,53.0,0.0009999999999999992,ETH,2505.32,845.74
2026-10-11T00:11:49.854723+00:00,ETH-25JUN27-800-C,2585.89,ETH-25JUN27,call,800.0,2027-06-25T08:00:00+00:00,0.7045177752831965,0.6925,0.697,0.695342,0.69475,2585.89,ETH-25JUN27,0.7687999999999999,0.98382,0.8774,122.0,0.0,0.0044999999999999485,ETH,2505.32,0.0
2026-10-11T00:11:49.854723+00:00,ETH-11OCT26-2650-C,2505.81,ETH-11OCT26,call,2650.0,2026-10-11T08:00:00+00:00,0.0008901229902464066,,0.0001,3e-06,,2505.81,ETH-11OCT26,0.5747,0.00051,0.00134,80.0,80.0,,ETH,2505.32,19.96
2026-10-11T00:11:49.854723+00:00,ETH-27NOV26-4600-P,2517.1,ETH-27NOV26,put,4600.0,2026-11-27T08:00:00+00:00,0.12956910998545518,0.8195,0.837,0.828379,0.82825,2517.1,ETH-27NOV26,0.6948000000000001,-0.98888,0.26487,0.0,0.0,0.01749999999999996,ETH,2505.32,0.0
