timestamp,instrument_name,underlying,underlying_name,option_type,strike,expiry_datetime,time_to_maturity,bid_price,ask_price,mark_price,mid_price,futures_price,futures_instrument_name,implied_volatility,delta,vega,open_interest,volume,bid_ask_spread,currency,index_price,volume_usd
2026-10-03T00:23:29.731568+00:00,BTC-24SEP27-60000-C,89025.06,BTC-24SEP27,call,60000.0,2027-09-24T08:00:00+00:00,0.9755428254503511,0.3555,0.3595,0.35778084,0.3575,89025.06,BTC-24SEP27,0.425,0.87484,181.23078,0.0,0.0,0.0040000000000000036,BTC,84529.38,0.0
2026-10-03T00:23:29.731568+00:00,BTC-27NOV26-70000-C,85253.63,BTC-27NOV26,call,70000.0,2026-11-27T08:00:00+00:00,0.15144973852358862,0.1835,0.189,0.18646629,0.18625,85253.63,BTC-27NOV26,0.4102,0.90565,55.81219,3.3,0.0,0.005500000000000005,BTC,84529.38,0.0
2026-10-03T00:23:29.731568+00:00,BTC-16OCT26-88000-P,84723.62,BTC-16OCT26,put,88000.0,2026-10-16T08:00:00+00:00,0.03646000546404036,0.0465,0.0495,0.04819472,0.048,84723.62,BTC-16OCT26,0.31,-0.72946,53.5622,0.2,0.0,0.0030000000000000027,BTC,84529.03,0.0
2026-10-03T00:23:29.731568+00:00,BTC-4OCT26-93000-P,84561.91,BTC-4OCT26,put,93000.0,2026-10-04T08:00:00+00:00,0.0036057960184551425,0.0975,0.1025,0.09978396,0.1,84561.91,BTC-4OCT26,0.447,-0.99979,0.04012,0.0,0.0,0.0049999999999999906,BTC,84529.03,0.0
2026-10-03T00:23:29.731568+00:00,BTC-9OCT26-81000-P,84615.72,BTC-9OCT26,put,81000.0,2026-10-09T08:00:00+00:00,0.017295049954115647,0.0024,0.0028,0.00255677,0.0026,84615.72,BTC-9OCT26,0.2979,-0.12839,23.34666,1121.4,737.1,0.0004000000000000002,BTC,84529.03,130003.06
2026-10-03T00:23:29.731568+00:00,BTC-4OCT26-78000-P,84562.27,BTC-4OCT26,put,78000.0,2026-10-04T08:00:00+00:00,0.0036057960184551425,,0.0001,4.033e-05,,84562.27,BTC-4OCT26,0.5128,-0.00417,0.62536,5.2,0.1,,BTC,84529.03,1.73
2026-10-03T00:23:29.731568+00:00,BTC-30OCT26-106000-P,84909.94,BTC-30OCT26,put,106000.0,2026-10-30T08:00:00+00:00,0.07478991648388979,0.2465,0.2535,0.24963003,0.25,84909.94,BTC-30OCT26,0.41700000000000004,-0.97047,15.59928,0.0,0.0,0.007000000000000006,BTC,84529.03,0.0
2026-10-03T00:23:29.731568+00:00,BTC-30OCT26-90000-P,84910.3,BTC-30OCT26,put,90000.0,2026-10-30T08:00:00+00:00,0.07478991648388979,0.072,0.078,0.07451954,0.075,84910.3,BTC-30OCT26,0.33020000000000005,-0.72551,77.43744,43.1,25.2,0.006000000000000005,BTC,84529.03,130021.36
2026-10-03T00:23:29.731568+00:00,BTC-16OCT26-75000-P,84723.62,BTC-16OCT26,put,75000.0,2026-10-16T08:00:00+00:00,0.03646000546404036,0.0014,0.0016,0.00152371,0.0015,84723.62,BTC-16OCT26,0.39159999999999995,-0.04774,16.08441,95.6,25.4,0.0002000000000000001,BTC,84529.25,4900.24
2026-10-03T00:23:29.731568+00:00,BTC-25JUN27-105000-P,87844.41,BTC-25JUN27,put,105000.0,2027-06-25T08:00:00+00:00,0.7263984038213298,0.253,0.272,0.26130186,0.2625,87844.41,BTC-25JUN27,0.3856,-0.64738,278.15747,2.1,0.0,0.019000000000000017,BTC,84529.03,0.0
2026-10-03T00:23:29.731568+00:00,BTC-26MAR27-112000-P,86687.42,BTC-26MAR27,put,112000.0,2027-03-26T08:00:00+00:00,0.4772539821923087,0.314,0.326,0.31913151,0.32,86687.42,BTC-26MAR27,0.38630000000000003,-0.79565,169.88767,0.1,0.0,0.01200000000000001,BTC,84529.25,0.0
2026-10-03T00:23:29.731568+00:00,BTC-25DEC26-58000-C,85603.12,BTC-25DEC26,call,58000.0,2026-12-25T08:00:00+00:00,0.22810956056328743,0.324,0.329,0.32660425,0.3265,85603.12,BTC-25DEC26,0.4978,0.96044,34.9319,40.3,0.0,0.0050000000000000044,BTC,84529.25,0.0
2026-10-03T00:23:29.731568+00:00,BTC-3OCT26-85000-P,84549.97,BTC-3OCT26,put,85000.0,2026-10-03T08:00:00+00:00,0.0008679452313230411,0.0048,0.0065,0.0057974,0.00565,84549.97,BTC-3OCT26,0.18469999999999998,-0.83466,6.19019,232.2,301.5,0.0017000000000000001,BTC,84529.25,70105.55
2026-10-03T00:23:29.731568+00:00,BTC-3OCT26-81000-P,84549.97,BTC-3OCT26,put,81000.0,2026-10-03T08:00:00+00:00,0.0008679452313230411,,0.0001,6.07e-06,,84549.97,BTC-3OCT26,0.4903,-0.00145,0.11793,178.5,68.7,,BTC,84529.25,1118.46
2026-10-03T00:23:29.731568+00:00,BTC-3OCT26-88000-P,84549.97,BTC-3OCT26,put,88000.0,2026-10-03T08:00:00+00:00,0.0008679452313230411,0.039,0.0435,0.0408081,0.04125,84549.97,BTC-3OCT26,0.45899999999999996,-0.99842,0.12751,0.0,0.0,0.004499999999999997,BTC,84529.25,0.0
2026-10-03T00:23:29.731568+00:00,BTC-30OCT26-79000-C,84909.94,BTC-30OCT26,call,79000.0,2026-10-30T08:00:00+00:00,0.07478991648388979,0.0805,0.0825,0.0813492,0.0815,84909.94,BTC-30OCT26,0.34630000000000005,0.7907,66.81412,268.9,0.2,0.0020000000000000018,BTC,84529.56,1547.13
2026-10-03T00:23:29.731568+00:00,BTC-27NOV26-112000-C,85253.96,BTC-27NOV26,call,112000.0,2026-11-27T08:00:00+00:00,0.15144973852358862,0.003,0.0034,0.00320461,0.0032,85253.96,BTC-27NOV26,0.4086,0.05094,34.74115,8.8,1.5,0.00039999999999999975,BTC,84529.25,515.23
2026-10-03T00:23:29.731568+00:00,BTC-9OCT26-85000-C,84615.72,BTC-9OCT26,call,85000.0,2026-10-09T08:00:00+00:00,0.017295049954115647,0.0115,0.0125,0.01213487,0.012,84615.72,BTC-9OCT26,0.2717,0.45666,44.1456,568.5,113.5,0.0010000000000000009,BTC,84529.56,199540.96
2026-10-03T00:23:29.731568+00:00,BTC-25JUN27-90000-C,87844.41,BTC-25JUN27,call,90000.0,2027-06-25T08:00:00+00:00,0.7263984038213298,0.118,0.121,0.11977074,0.1195,87844.41,BTC-25JUN27,0.38420000000000004,0.53576,297.58505,749.8,93.1,0.0030000000000000027,BTC,84529.25,987901.66
2026-10-03T00:23:29.731568+00:00,BTC-6OCT26-82000-P,84587.28,BTC-6OCT26,put,82000.0,2026-10-06T08:00:00+00:00,0.009081497592719345,0.001,0.0013,0.00112173,0.00115,84587.28,BTC-6OCT26,0.25379999999999997,-0.09742,13.88287,2.7,2.8,0.0002999999999999999,BTC,84529.56,257.59
2026-10-03T00:23:29.731568+00:00,BTC-6OCT26-75000-P,84587.28,BTC-6OCT26,put,75000.0,2026-10-06T08:00:00+00:00,0.009081497592719345,,0.0002,5.314e-05,,84587.28,BTC-6OCT26,0.47600000000000003,-0.00375,0.90147,0.0,0.0,,BTC,84529.56,0.0
2026-10-03T00:23:29.731568+00:00,BTC-26MAR27-78000-C,86687.42,BTC-26MAR27,call,78000.0,2027-03-26T08:00:00+00:00,0.4772539821923087,0.1565,0.1585,0.15744184,0.1575,86687.42,BTC-26MAR27,0.381,0.70288,207.3804,647.6,0.0,0.0020000000000000018,BTC,84529.56,0.0
2026-10-03T00:23:29.731568+00:00,BTC-6OCT26-76000-C,84587.57,BTC-6OCT26,call,76000.0,2026-10-06T08:00:00+00:00,0.009081497592719345,0.0995,0.1035,0.10159372,0.1015,84587.57,BTC-6OCT26,0.4429,0.99472,1.22458,0.0,0.0,0.00399999999999999,BTC,84529.56,0.0
2026-10-03T00:23:29.731568+00:00,BTC-27NOV26-68000-P,85253.96,BTC-27NOV26,put,68000.0,2026-11-27T08:00:00+00:00,0.15144973852358862,0.0055,0.0065,0.00597437,0.006,85253.96,BTC-27NOV26,0.4279,-0.07485,46.90847,182.2,0.5,0.001,BTC,84529.56,246.24
2026-10-03T00:23:29.731568+00:00,BTC-3OCT26-91000-C,84549.97,BTC-3OCT26,call,91000.0,2026-10-03T08:00:00+00:00,0.0008679452313230411,,0.0001,0.0,,84549.97,BTC-3OCT26,0.494,0.0,3e-05,142.5,125.9,,BTC,84529.48,2997.59
2026-10-03T00:23:29.731568+00:00,BTC-5OCT26-81000-C,84576.49,BTC-5OCT26,call,81000.0,2026-10-05T08:00:00+00:00,0.006343646805587244,0.0405,0.044,0.04256737,0.04225,84576.49,BTC-5OCT26,0.2918,0.96925,4.67906,0.0,0.0,0.003499999999999996,BTC,84529.48,0.0
2026-10-03T00:23:29.731568+00:00,BTC-9OCT26-82000-C,84616.07,BTC-9OCT26,call,82000.0,2026-10-09T08:00:00+00:00,0.017295049954115647,0.0325,0.037,0.03498167,0.03475,84616.07,BTC-9OCT26,0.2827,0.80597,30.59714,304.8,3.4,0.004499999999999997,BTC,84529.48,16150.88
2026-10-03T00:23:29.731568+00:00,BTC-25DEC26-95000-P,85603.12,BTC-25DEC26,put,95000.0,2026-12-25T08:00:00+00:00,0.22810956056328743,0.137,0.1445,0.14073331,0.14075,85603.12,BTC-25DEC26,0.3644,-0.69537,143.18364,143.3,0.1,0.007499999999999979,BTC,84529.48,1095.99
2026-10-03T00:23:29.731568+00:00,BTC-27NOV26-81000-P,85253.63,BTC-27NOV26,put,81000.0,2026-11-27T08:00:00+00:00,0.15144973852358862,0.0325,0.0335,0.03293266,0.033,85253.63,BTC-27NOV26,0.3588,-0.33132,120.38486,355.2,7.0,0.0010000000000000009,BTC,84529.48,17026.05
2026-10-03T00:23:29.731568+00:00,BTC-23OCT26-79000-C,84817.45,BTC-23OCT26,call,79000.0,2026-10-23T08:00:00+00:00,0.05562496097396506,0.0735,0.0785,0.0763394,0.076,84817.45,BTC-23OCT26,0.33630000000000004,0.82516,51.55387,0.0,0.0,0.0050000000000000044,BTC,84529.48,0.0
2026-10-03T00:23:29.731568+00:00,BTC-9OCT26-78000-C,84616.07,BTC-9OCT26,call,78000.0,2026-10-09T08:00:00+00:00,0.017295049954115647,0.0765,0.081,0.07905642,0.07875,84616.07,BTC-9OCT26,0.3664,0.95666,10.23715,28.2,0.0,0.004500000000000004,BTC,84529.53,0.0
2026-10-03T00:23:29.731568+00:00,BTC-5OCT26-95000-C,84576.19,BTC-5OCT26,call,95000.0,2026-10-05T08:00:00+00:00,0.006343646805587244,,0.0002,6.77e-06,,84576.19,BTC-5OCT26,0.45399999999999996,0.0007,0.16312,0.0,0.0,,BTC,84529.53,0.0
2026-10-03T00:23:29.731568+00:00,BTC-25JUN27-55000-P,87844.68,BTC-25JUN27,put,55000.0,2027-06-25T08:00:00+00:00,0.7263984038213298,0.0155,0.017,0.01623792,0.01625,87844.68,BTC-25JUN27,0.4509,-0.07923,110.53297,36.9,0.0,0.0015000000000000013,BTC,84529.53,0.0
2026-10-03T00:23:29.731568+00:00,BTC-26MAR27-96000-C,86687.42,BTC-26MAR27,call,96000.0,2027-03-26T08:00:00+00:00,0.4772539821923087,0.062,0.0635,0.06280359,0.06275,86687.42,BTC-26MAR27,0.3736,0.39506,230.6785,280.8,101.5,0.0015000000000000013,BTC,84529.53,649097.11
2026-10-03T00:23:29.731568+00:00,BTC-30OCT26-60000-C,84910.3,BTC-30OCT26,call,60000.0,2026-10-30T08:00:00+00:00,0.07478991648388979,0.292,0.2955,0.29415782,0.29375,84910.3,BTC-30OCT26,0.5931000000000001,0.98683,7.86238,13.7,0.0,0.003500000000000003,BTC,84529.48,0.0
2026-10-03T00:23:29.731568+00:00,BTC-30OCT26-76000-P,84909.94,BTC-30OCT26,put,76000.0,2026-10-30T08:00:00+00:00,0.07478991648388979,0.006,0.007,0.00654516,0.0065,84909.94,BTC-30OCT26,0.3685,-0.12505,47.83043,889.6,51.7,0.001,BTC,84529.48,27975.26
2026-10-03T00:23:29.731568+00:00,BTC-5OCT26-83500-C,84576.19,BTC-5OCT26,call,83500.0,2026-10-05T08:00:00+00:00,0.006343646805587244,0.0125,0.016,0.01441713,0.01425,84576.19,BTC-5OCT26,0.1911,0.80211,18.74358,9.2,8.9,0.0034999999999999996,BTC,84529.48,32542.1
2026-10-03T00:23:29.731568+00:00,BTC-30OCT26-45000-C,84910.3,BTC-30OCT26,call,45000.0,2026-10-30T08:00:00+00:00,0.07478991648388979,0.4685,0.4715,0.47015232,0.47,84910.3,BTC-30OCT26,0.8284999999999999,0.99822,1.32699,0.9,0.0,0.002999999999999947,BTC,84529.48,0.0
2026-10-03T00:23:29.731568+00:00,BTC-30OCT26-66000-C,84910.3,BTC-30OCT26,call,66000.0,2026-10-30T08:00:00+00:00,0.07478991648388979,0.2225,0.226,0.22423376,0.22425,84910.3,BTC-30OCT26,0.4989,0.97221,14.83312,76.9,0.0,0.003500000000000003,BTC,84529.48,0.0
2026-10-03T00:23:29.731568+00:00,BTC-4OCT26-81000-C,84562.27,BTC-4OCT26,call,81000.0,2026-10-04T08:00:00+00:00,0.0036057960184551425,0.0405,0.0435,0.04226016,0.042,84562.27,BTC-4OCT26,0.3433,0.98205,2.24262,7.6,7.6,0.0029999999999999957,BTC,84529.48,46095.76
2026-10-03T00:23:29.731568+00:00,BTC-24SEP27-108000-C,89025.06,BTC-24SEP27,call,108000.0,2027-09-24T08:00:00+00:00,0.9755428254503511,0.081,0.084,0.08258962,0.0825,89025.06,BTC-24SEP27,0.389,0.37805,334.38233,0.0,0.0,0.0030000000000000027,BTC,84529.48,0.0
2026-10-03T00:23:29.731568+00:00,BTC-30OCT26-58000-C,84910.3,BTC-30OCT26,call,58000.0,2026-10-30T08:00:00+00:00,0.07478991648388979,0.3155,0.319,0.31751492,0.31725,84910.3,BTC-30OCT26,0.6191,0.99024,6.06303,0.0,0.0,0.003500000000000003,BTC,84529.48,0.0
2026-10-03T00:23:29.731568+00:00,BTC-25DEC26-70000-P,85603.12,BTC-25DEC26,put,70000.0,2026-12-25T08:00:00+00:00,0.22810956056328743,0.013,0.014,0.01346311,0.0135,85603.12,BTC-25DEC26,0.405,-0.12783,85.5167,2336.1,833.1,0.0010000000000000009,BTC,84529.48,840385.83
2026-10-03T00:23:29.731568+00:00,BTC-30OCT26-90000-C,84910.3,BTC-30OCT26,call,90000.0,2026-10-30T08:00:00+00:00,0.07478991648388979,0.014,0.015,0.01457546,0.0145,84910.3,BTC-30OCT26,0.33020000000000005,0.27451,77.44049,14314.3,853.2,0.0009999999999999992,BTC,84529.48,1283196.89
2026-10-03T00:23:29.731568+00:00,BTC-27NOV26-98000-C,85253.96,BTC-27NOV26,call,98000.0,2026-11-27T08:00:00+00:00,0.15144973852358862,0.0125,0.0135,0.01302544,0.013,85253.96,BTC-27NOV26,0.3638,0.1806,87.27014,734.7,36.5,0.0009999999999999992,BTC,84529.48,53916.58
2026-10-03T00:23:29.731568+00:00,BTC-25DEC26-125000-C,85603.12,BTC-25DEC26,call,125000.0,2026-12-25T08:00:00+00:00,0.22810956056328743,0.003,0.0034,0.00321017,0.0032,85603.12,BTC-25DEC26,0.431,0.04134,36.19788,516.6,0.0,0.00039999999999999975,BTC,84529.48,0.0
2026-10-03T00:23:29.731568+00:00,BTC-25JUN27-40000-P,87844.68,BTC-25JUN27,put,40000.0,2027-06-25T08:00:00+00:00,0.7263984038213298,0.0049,0.006,0.00543276,0.00545,87844.68,BTC-25JUN27,0.5396,-0.02619,45.51516,1251.8,0.0,0.0011000000000000003,BTC,84529.48,0.0
2026-10-03T00:23:29.731568+00:00,BTC-30OCT26-94000-P,84910.3,BTC-30OCT26,put,94000.0,2026-10-30T08:00:00+00:00,0.07478991648388979,0.111,0.1175,0.11407606,0.11425,84910.3,BTC-30OCT26,0.3435,-0.84969,54.23557,0.1,0.0,0.006499999999999992,BTC,84529.48,0.0
2026-10-03T00:23:29.731568+00:00,BTC-9OCT26-81000-C,84616.07,BTC-9OCT26,call,81000.0,2026-10-09T08:00:00+00:00,0.017295049954115647,0.0425,0.047,0.04528965,0.04475,84616.07,BTC-9OCT26,0.2979,0.87162,23.34457,100.3,0.0,0.004499999999999997,BTC,84529.48,0.0
2026-10-03T00:23:29.731568+00:00,BTC-25DEC26-100000-C,85603.32,BTC-25DEC26,call,100000.0,2026-12-25T08:00:00+00:00,0.22810956056328743,0.0195,0.0205,0.01989347,0.02,85603.32,BTC-25DEC26,0.3701,0.21458,119.36868,5844.8,57.0,0.0010000000000000009,BTC,84529.48,121708.19
2026-10-03T00:23:29.731568+00:00,BTC-24SEP27-102000-P,89025.06,BTC-24SEP27,put,102000.0,2027-09-24T08:00:00+00:00,0.9755428254503511,0.2435,0.2495,0.24563223,0.2465,89025.06,BTC-24SEP27,0.3871,-0.56532,346.19337,0.0,0.0,0.006000000000000005,BTC,84529.48,0.0
2026-10-03T00:23:29.731568+00:00,BTC-26MAR27-62000-P,86687.42,BTC-26MAR27,put,62000.0,2027-03-26T08:00:00+00:00,0.4772539821923087,0.0155,0.0165,0.01597298,0.016,86687.42,BTC-26MAR27,0.4282,-0.10015,105.25329,443.5,0.0,0.0010000000000000009,BTC,84529.48,0.0
2026-10-03T00:23:29.731568+00:00,BTC-4OCT26-95000-C,84562.27,BTC-4OCT26,call,95000.0,2026-10-04T08:00:00+00:00,0.0036057960184551425,,0.0001,8.5e-07,,84562.27,BTC-4OCT26,0.5232,0.00011,0.02257,40.0,40.0,,BTC,84529.48,341.13
2026-10-03T00:23:29.731568+00:00,BTC-27NOV26-80000-C,85253.96,BTC-27NOV26,call,80000.0,2026-11-27T08:00:00+00:00,0.15144973852358862,0.09,0.0915,0.09061385,0.09075,85253.96,BTC-27NOV26,0.3614,0.69932,115.51333,1146.6,0.2,0.0015000000000000013,BTC,84529.48,1591.43
2026-10-03T00:23:29.731568+00:00,BTC-23OCT26-84000-C,84817.71,BTC-23OCT26,call,84000.0,2026-10-23T08:00:00+00:00,0.05562496097396506,0.0345,0.0355,0.0346302,0.035,84817.71,BTC-23OCT26,0.3157,0.56641,78.72276,20.1,3.7,0.000999999999999994,BTC,84529.48,16057.76
2026-10-03T00:23:29.731568+00:00,BTC-4OCT26-87500-P,84562.27,BTC-4OCT26,put,87500.0,2026-10-04T08:00:00+00:00,0.0036057960184551425,0.0335,0.037,0.03491791,0.03525,84562.27,BTC-4OCT26,0.2925,-0.9735,3.11674,11.4,11.4,0.003499999999999996,BTC,84529.48,14829.98
2026-10-03T00:23:29.731568+00:00,BTC-25JUN27-135000-P,87844.41,BTC-25JUN27,put,135000.0,2027-06-25T08:00:00+00:00,0.7263984038213298,0.5495,0.574,0.55926823,0.56175,87844.41,BTC-25JUN27,0.40909999999999996,-0.8549,170.77923,0.0,0.0,0.024499999999999966,BTC,84529.48,0.0
2026-10-03T00:23:29.731568+00:00,BTC-25JUN27-94000-P,87844.41,BTC-25JUN27,put,94000.0,2027-06-25T08:00:00+00:00,0.7263984038213298,0.17,0.1735,0.17228779,0.17175,87844.41,BTC-25JUN27,0.3835,-0.51741,298.50125,0.1,0.0,0.0034999999999999754,BTC,84529.48,0.0
2026-10-03T00:23:29.731568+00:00,BTC-27NOV26-92000-C,85253.96,BTC-27NOV26,call,92000.0,2026-11-27T08:00:00+00:00,0.15144973852358862,0.0255,0.0265,0.02604931,0.026,85253.96,BTC-27NOV26,0.35409999999999997,0.31436,117.79711,457.4,78.0,0.0010000000000000009,BTC,84529.48,212979.33
2026-10-03T00:23:29.731568+00:00,BTC-25DEC26-58000-P,85603.12,BTC-25DEC26,put,58000.0,2026-12-25T08:00:00+00:00,0.22810956056328743,0.0039,0.0044,0.00414727,0.00415,85603.12,BTC-25DEC26,0.4978,-0.03956,34.93059,1835.3,8.5,0.0005000000000000004,BTC,84529.48,3201.06
2026-10-03T00:23:29.731568+00:00,BTC-30OCT26-100000-P,84910.3,BTC-30OCT26,put,100000.0,2026-10-30T08:00:00+00:00,0.07478991648388979,0.177,0.184,0.18040535,0.1805,84910.3,BTC-30OCT26,0.3771,-0.93747,28.57901,1.3,0.0,0.007000000000000006,BTC,84529.48,0.0
2026-10-03T00:23:29.731568+00:00,BTC-25DEC26-220000-C,85603.32,BTC-25DEC26,call,220000.0,2026-12-25T08:00:00+00:00,0.22810956056328743,0.0001,0.0004,0.00021159,0.00025,85603.32,BTC-25DEC26,0.6645,0.00244,3.1104,252.9,0.1,0.00030000000000000003,BTC,84529.48,0.86
2026-10-03T00:23:29.731568+00:00,BTC-26MAR27-80000-C,86687.42,BTC-26MAR27,call,80000.0,2027-03-26T08:00:00+00:00,0.4772539821923087,0.1425,0.1445,0.14338897,0.1435,86687.42,BTC-26MAR27,0.379,0.66911,217.18633,1098.8,7.0,0.0020000000000000018,BTC,84529.48,88907.59
2026-10-03T00:23:29.731568+00:00,BTC-25DEC26-56000-P,85603.12,BTC-25DEC26,put,56000.0,2026-12-25T08:00:00+00:00,0.22810956056328743,0.0033,0.0038,0.0035003,0.00355,85603.12,BTC-25DEC26,0.5177,-0.03293,30.05433,519.3,3.1,0.0005,BTC,84529.48,956.2
2026-10-03T00:23:29.731568+00:00,BTC-25DEC26-140000-C,85603.32,BTC-25DEC26,call,140000.0,2026-12-25T08:00:00+00:00,0.22810956056328743,0.0013,0.0018,0.00153449,0.00155,85603.32,BTC-25DEC26,0.47450000000000003,0.01986,19.68492,1418.6,0.2,0.0005,BTC,84529.48,27.66
2026-10-03T00:23:29.731568+00:00,BTC-6OCT26-95000-C,84587.57,BTC-6OCT26,call,95000.0,2026-10-06T08:00:00+00:00,0.009081497592719345,,0.0002,2.413e-05,,84587.57,BTC-6OCT26,0.4218,0.00207,0.52756,0.1,0.1,,BTC,84529.48,0.86
2026-10-03T00:23:29.731568+00:00,BTC-5OCT26-74000-P,84576.19,BTC-5OCT26,put,74000.0,2026-10-05T08:00:00+00:00,0.006343646805587244,,0.0001,3.162e-05,,84576.19,BTC-5OCT26,0.5947,-0.00223,0.47202,2.0,2.0,,BTC,84529.48,17.37
2026-10-03T00:23:29.731568+00:00,BTC-30OCT26-71000-C,84910.3,BTC-30OCT26,call,71000.0,2026-10-30T08:00:00+00:00,0.07478991648388979,0.164,0.1685,0.16674783,0.16625,84910.3,BTC-30OCT26,0.4276,0.94387,26.26039,944.4,175.1,0.004500000000000004,BTC,84529.23,2597389.66
2026-10-03T00:23:29.731568+00:00,BTC-3OCT26-76000-P,84549.97,BTC-3OCT26,put,76000.0,2026-10-03T08:00:00+00:00,0.0008679452313230411,,0.0001,4e-08,,84549.97,BTC-3OCT26,0.8416,-1e-05,0.00091,40.6,0.0,,BTC,84529.48,0.0
2026-10-03T00:23:29.731568+00:00,BTC-5OCT26-79000-C,84576.49,BTC-5OCT26,call,79000.0,2026-10-05T08:00:00+00:00,0.006343646805587244,0.064,0.0675,0.06610952,0.06575,84576.49,BTC-5OCT26,0.39899999999999997,0.98467,2.6004,3.9,3.9,0.003500000000000003,BTC,84529.48,31576.69
2026-10-03T00:23:29.731568+00:00,BTC-30OCT26-106000-C,84909.94,BTC-30OCT26,call,106000.0,2026-10-30T08:00:00+00:00,0.07478991648388979,0.0012,0.0013,0.00125145,0.00125,84909.94,BTC-30OCT26,0.41700000000000004,0.02953,15.6002,140.4,53.7,0.00010000000000000005,BTC,84529.23,8311.64
2026-10-03T00:23:29.731568+00:00,BTC-25DEC26-76000-P,85603.12,BTC-25DEC26,put,76000.0,2026-12-25T08:00:00+00:00,0.22810956056328743,0.026,0.027,0.02643536,0.0265,85603.12,BTC-25DEC26,0.3811,-0.22825,123.6583,455.2,25.9,0.0010000000000000009,BTC,84529.23,50488.02
2026-10-03T00:23:29.731568+00:00,BTC-25DEC26-250000-C,85603.12,BTC-25DEC26,call,250000.0,2026-12-25T08:00:00+00:00,0.22810956056328743,,0.0002,0.00012886,,85603.12,BTC-25DEC26,0.7126,0.00145,1.93651,1282.4,0.0,,BTC,84529.23,0.0
2026-10-03T00:23:29.731568+00:00,BTC-25JUN27-85000-C,87844.41,BTC-25JUN27,call,85000.0,2027-06-25T08:00:00+00:00,0.7263984038213298,0.144,0.1465,0.14528926,0.14525,87844.41,BTC-25JUN27,0.3856,0.6043,288.51451,163.2,0.0,0.0025000000000000022,BTC,84529.23,0.0
2026-10-03T00:23:29.731568+00:00,BTC-25JUN27-45000-P,87844.68,BTC-25JUN27,put,45000.0,2027-06-25T08:00:00+00:00,0.7263984038213298,0.007,0.0085,0.00773443,0.00775,87844.68,BTC-25JUN27,0.5034000000000001,-0.0381,62.03082,162.6,0.0,0.0015000000000000005,BTC,84529.23,0.0
2026-10-03T00:23:29.731568+00:00,BTC-25JUN27-106000-C,87844.68,BTC-25JUN27,call,106000.0,2027-06-25T08:00:00+00:00,0.7263984038213298,0.0625,0.0645,0.0635143,0.0635,87844.68,BTC-25JUN27,0.3862,0.34237,275.14783,18.7,3.1,0.0020000000000000018,BTC,84529.23,17575.46
2026-10-03T00:23:29.731568+00:00,BTC-26MAR27-70000-C,86687.42,BTC-26MAR27,call,70000.0,2027-03-26T08:00:00+00:00,0.4772539821923087,0.218,0.2265,0.22347735,0.22225,86687.42,BTC-26MAR27,0.3993,0.81933,157.56268,770.4,0.0,0.008500000000000008,BTC,84529.5,0.0
2026-10-03T00:23:29.731568+00:00,BTC-9OCT26-92000-P,84616.07,BTC-9OCT26,put,92000.0,2026-10-09T08:00:00+00:00,0.017295049954115647,0.0855,0.0905,0.08776504,0.088,84616.07,BTC-9OCT26,0.3337,-0.9702,7.53214,0.0,0.0,0.0049999999999999906,BTC,84529.5,0.0
2026-10-03T00:23:29.731568+00:00,BTC-6OCT26-96000-C,84587.57,BTC-6OCT26,call,96000.0,2026-10-06T08:00:00+00:00,0.009081497592719345,,0.0002,1.32e-05,,84587.57,BTC-6OCT26,0.4328,0.00115,0.3098,0.1,0.1,,BTC,84529.5,0.86
2026-10-03T00:23:29.731568+00:00,BTC-27NOV26-92000-P,85253.63,BTC-27NOV26,put,92000.0,2026-11-27T08:00:00+00:00,0.15144973852358862,0.1015,0.109,0.10517643,0.10525,85253.63,BTC-27NOV26,0.35409999999999997,-0.68566,117.7926,2.1,0.0,0.007499999999999993,BTC,84529.5,0.0
2026-10-03T00:23:29.731568+00:00,BTC-30OCT26-40000-P,84910.3,BTC-30OCT26,put,40000.0,2026-10-30T08:00:00+00:00,0.07478991648388979,,0.0001,8.786e-05,,84910.3,BTC-30OCT26,0.9414,-0.00114,0.88053,226.9,20.4,,BTC,84529.5,175.83
2026-10-03T00:23:29.731568+00:00,BTC-6OCT26-83000-P,84587.57,BTC-6OCT26,put,83000.0,2026-10-06T08:00:00+00:00,0.009081497592719345,0.0023,0.0027,0.0024673,0.0025,84587.57,BTC-6OCT26,0.2353,-0.19599,22.29948,66.1,66.3,0.0004000000000000002,BTC,84529.5,9095.7
2026-10-03T00:23:29.731568+00:00,BTC-16OCT26-82000-C,84723.62,BTC-16OCT26,call,82000.0,2026-10-16T08:00:00+00:00,0.03646000546404036,0.042,0.0435,0.04286792,0.04275,84723.62,BTC-16OCT26,0.31170000000000003,0.71861,54.60605,17.8,0.2,0.0014999999999999944,BTC,84529.5,890.62
2026-10-03T00:23:29.731568+00:00,BTC-25JUN27-108000-C,87844.41,BTC-25JUN27,call,108000.0,2027-06-25T08:00:00+00:00,0.7263984038213298,0.0575,0.0595,0.05863247,0.0585,87844.41,BTC-25JUN27,0.3868,0.3222,268.59411,35.2,0.0,0.001999999999999995,BTC,84529.37,0.0
2026-10-03T00:23:29.731568+00:00,BTC-23OCT26-82000-C,84817.71,BTC-23OCT26,call,82000.0,2026-10-23T08:00:00+00:00,0.05562496097396506,0.0485,0.05,0.04919515,0.04925,84817.71,BTC-23OCT26,0.3207,0.68587,71.00132,0.0,0.0,0.0015000000000000013,BTC,84529.37,0.0
2026-10-03T00:23:29.731568+00:00,BTC-25JUN27-115000-P,87844.41,BTC-25JUN27,put,115000.0,2027-06-25T08:00:00+00:00,0.7263984038213298,0.3465,0.3645,0.35410017,0.3555,87844.41,BTC-25JUN27,0.39149999999999996,-0.73895,243.43712,1.0,0.0,0.018000000000000016,BTC,84529.37,0.0
2026-10-03T00:23:29.731568+00:00,BTC-30OCT26-95000-P,84910.3,BTC-30OCT26,put,95000.0,2026-10-30T08:00:00+00:00,0.07478991648388979,0.122,0.128,0.12470054,0.125,84910.3,BTC-30OCT26,0.3477,-0.87134,48.78792,201.3,0.0,0.006000000000000005,BTC,84529.37,0.0
2026-10-03T00:23:29.731568+00:00,BTC-26MAR27-45000-P,86687.42,BTC-26MAR27,put,45000.0,2027-03-26T08:00:00+00:00,0.4772539821923087,0.0038,0.0044,0.00408726,0.0041,86687.42,BTC-26MAR27,0.5367999999999999,-0.02542,35.50684,252.7,0.3,0.0006000000000000003,BTC,84529.52,107.96
2026-10-03T00:23:29.731568+00:00,BTC-27NOV26-108000-C,85253.96,BTC-27NOV26,call,108000.0,2026-11-27T08:00:00+00:00,0.15144973852358862,0.0044,0.0048,0.00459727,0.0046,85253.96,BTC-27NOV26,0.3942,0.07154,45.31197,103.1,0.4,0.0003999999999999993,BTC,84529.52,189.92
2026-10-03T00:23:29.731568+00:00,BTC-27NOV26-83000-C,85253.63,BTC-27NOV26,call,83000.0,2026-11-27T08:00:00+00:00,0.15144973852358862,0.068,0.0695,0.06855797,0.06875,85253.63,BTC-27NOV26,0.3547,0.60371,127.90394,102.4,2.5,0.0015000000000000013,BTC,84529.52,14363.96
2026-10-03T00:23:29.731568+00:00,BTC-5OCT26-79000-P,84576.49,BTC-5OCT26,put,79000.0,2026-10-05T08:00:00+00:00,0.006343646805587244,0.0001,0.0003,0.00017524,0.0002,84576.49,BTC-5OCT26,0.39899999999999997,-0.01535,2.60285,36.6,6.6,0.00019999999999999998,BTC,84529.52,172.29
2026-10-03T00:23:29.731568+00:00,BTC-27NOV26-98000-P,85253.63,BTC-27NOV26,put,98000.0,2026-11-27T08:00:00+00:00,0.15144973852358862,0.159,0.167,0.1625304,0.163,85253.63,BTC-27NOV26,0.3638,-0.81942,87.263,0.0,0.0,0.008000000000000007,BTC,84529.52,0.0
2026-10-03T00:23:29.731568+00:00,BTC-4OCT26-83000-P,84561.91,BTC-4OCT26,put,83000.0,2026-10-04T08:00:00+00:00,0.0036057960184551425,0.0003,0.0004,0.0003519,0.00035,84561.91,BTC-4OCT26,0.2057,-0.06483,6.42646,62.9,48.9,0.00010000000000000005,BTC,84529.27,1802.53
2026-10-03T00:23:29.731568+00:00,BTC-27NOV26-78000-P,85253.96,BTC-27NOV26,put,78000.0,2026-11-27T08:00:00+00:00,0.15144973852358862,0.0215,0.0225,0.02203355,0.022,85253.96,BTC-27NOV26,0.3657,-0.24331,103.94531,201.9,0.6,0.0010000000000000009,BTC,84529.52,984.98
2026-10-03T00:23:29.731568+00:00,BTC-25DEC26-65000-P,85603.32,BTC-25DEC26,put,65000.0,2026-12-25T08:00:00+00:00,0.22810956056328743,0.008,0.0085,0.00798524,0.00825,85603.32,BTC-25DEC26,0.4378,-0.07767,59.45894,891.8,0.5,0.0005000000000000004,BTC,84529.27,322.32
2026-10-03T00:23:29.731568+00:00,BTC-4OCT26-78000-C,84561.91,BTC-4OCT26,call,78000.0,2026-10-04T08:00:00+00:00,0.0036057960184551425,0.0755,0.0795,0.07764205,0.0775,84561.91,BTC-4OCT26,0.5128,0.99584,0.62352,0.0,0.0,0.0040000000000000036,BTC,84529.27,0.0
2026-10-03T00:23:29.731568+00:00,BTC-27NOV26-104000-C,85253.96,BTC-27NOV26,call,104000.0,2026-11-27T08:00:00+00:00,0.15144973852358862,0.0065,0.0075,0.00696621,0.007,85253.96,BTC-27NOV26,0.3829,0.10403,59.94545,20.1,3.7,0.001,BTC,84529.27,2513.09
2026-10-03T00:23:29.731568+00:00,BTC-9OCT26-68000-P,84616.07,BTC-9OCT26,put,68000.0,2026-10-09T08:00:00+00:00,0.017295049954115647,0.0001,0.0002,0.00014216,0.00015,84616.07,BTC-9OCT26,0.6573,-0.00506,1.6274,801.6,105.2,0.0001,BTC,84529.27,1827.72
2026-10-03T00:23:29.731568+00:00,BTC-25JUN27-130000-C,87844.68,BTC-25JUN27,call,130000.0,2027-06-25T08:00:00+00:00,0.7263984038213298,0.0255,0.0275,0.02648073,0.0265,87844.68,BTC-25JUN27,0.4044,0.16739,187.64822,771.7,1.0,0.0020000000000000018,BTC,84529.27,2367.69
2026-10-03T00:23:29.731568+00:00,BTC-27NOV26-90000-P,85253.96,BTC-27NOV26,put,90000.0,2026-11-27T08:00:00+00:00,0.15144973852358862,0.087,0.0895,0.08857012,0.08825,85253.96,BTC-27NOV26,0.3538,-0.62724,125.61063,6.9,0.3,0.0025000000000000022,BTC,84529.27,2105.19
2026-10-03T00:23:29.731568+00:00,BTC-25DEC26-40000-C,85603.12,BTC-25DEC26,call,40000.0,2026-12-25T08:00:00+00:00,0.22810956056328743,0.5325,0.535,0.53397864,0.53375,85603.12,BTC-25DEC26,0.7331,0.99055,10.37467,253.2,0.0,0.0025000000000000577,BTC,84528.83,0.0
2026-10-03T00:23:29.731568+00:00,BTC-27NOV26-86000-C,85253.96,BTC-27NOV26,call,86000.0,2026-11-27T08:00:00+00:00,0.15144973852358862,0.05,0.0515,0.0508592,0.05075,85253.96,BTC-27NOV26,0.35369999999999996,0.50215,132.40078,177.7,6.6,0.0014999999999999944,BTC,84528.83,34984.8
2026-10-03T00:23:29.731568+00:00,BTC-25DEC26-135000-P,85603.12,BTC-25DEC26,put,135000.0,2026-12-25T08:00:00+00:00,0.22810956056328743,0.573,0.5865,0.5789796,0.57975,85603.12,BTC-25DEC26,0.46090000000000003,-0.97492,23.96379,0.7,0.0,0.013500000000000068,BTC,84528.83,0.0
2026-10-03T00:23:29.731568+00:00,BTC-26MAR27-105000-C,86687.42,BTC-26MAR27,call,105000.0,2027-03-26T08:00:00+00:00,0.4772539821923087,0.0385,0.0395,0.03887389,0.039,86687.42,BTC-26MAR27,0.37920000000000004,0.27414,199.58176,244.7,0.8,0.0010000000000000009,BTC,84528.83,2732.14
2026-10-03T00:23:29.731568+00:00,BTC-26MAR27-100000-P,86687.1,BTC-26MAR27,put,100000.0,2027-03-26T08:00:00+00:00,0.4772539821923087,0.1995,0.2125,0.20430874,0.206,86687.1,BTC-26MAR27,0.3757,-0.66291,218.77663,12.7,0.0,0.012999999999999984,BTC,84528.73,0.0
2026-10-03T00:23:29.731568+00:00,BTC-6OCT26-88000-P,84587.57,BTC-6OCT26,put,88000.0,2026-10-06T08:00:00+00:00,0.009081497592719345,0.039,0.044,0.04105943,0.0415,84587.57,BTC-6OCT26,0.2707,-0.93573,10.13477,0.0,0.0,0.0049999999999999975,BTC,84528.83,0.0
2026-10-03T00:23:29.731568+00:00,BTC-24SEP27-160000-P,89025.41,BTC-24SEP27,put,160000.0,2027-09-24T08:00:00+00:00,0.9755428254503511,0.8065,0.839,0.81749294,0.82275,89025.41,BTC-24SEP27,0.4238,-0.88314,172.68181,0.0,0.0,0.03249999999999997,BTC,84528.73,0.0
2026-10-03T00:23:29.731568+00:00,BTC-25JUN27-130000-P,87844.68,BTC-25JUN27,put,130000.0,2027-06-25T08:00:00+00:00,0.7263984038213298,0.4985,0.5155,0.50635989,0.507,87844.68,BTC-25JUN27,0.4044,-0.83261,187.64244,3.9,0.0,0.01699999999999996,BTC,84528.73,0.0
2026-10-03T00:23:29.731568+00:00,BTC-25DEC26-20000-P,85603.32,BTC-25DEC26,put,20000.0,2026-12-25T08:00:00+00:00,0.22810956056328743,0.0002,0.0003,0.00028092,0.00025,85603.32,BTC-25DEC26,1.1328,-0.00155,2.05923,933.2,0.1,9.999999999999996e-05,BTC,84528.73,1.73
2026-10-03T00:23:29.731568+00:00,BTC-6OCT26-78000-P,84587.57,BTC-6OCT26,put,78000.0,2026-10-06T08:00:00+00:00,0.009081497592719345,0.0001,0.0003,0.00017554,0.0002,84587.57,BTC-6OCT26,0.3874,-0.01343,2.77642,0.2,0.2,0.00019999999999999998,BTC,84528.73,4.25
2026-10-03T00:23:29.731568+00:00,BTC-30OCT26-74000-C,84910.3,BTC-30OCT26,call,74000.0,2026-10-30T08:00:00+00:00,0.07478991648388979,0.1305,0.1355,0.13314063,0.133,84910.3,BTC-30OCT26,0.39030000000000004,0.91011,37.68763,655.7,3.2,0.0050000000000000044,BTC,84528.73,37973.45
2026-10-03T00:23:29.731568+00:00,BTC-9OCT26-100000-C,84616.07,BTC-9OCT26,call,100000.0,2026-10-09T08:00:00+00:00,0.017295049954115647,,0.0002,6.477e-05,,84616.07,BTC-9OCT26,0.4658,0.00351,1.17268,327.8,47.6,,BTC,84528.23,1234.38
2026-10-03T00:23:29.731568+00:00,BTC-24SEP27-200000-P,89025.41,BTC-24SEP27,put,200000.0,2027-09-24T08:00:00+00:00,0.9755428254503511,1.241,1.2795,1.25602361,1.26025,89025.41,BTC-24SEP27,0.45549999999999996,-0.94219,101.75955,0.0,0.0,0.03849999999999998,BTC,84528.23,0.0
2026-10-03T00:23:29.731568+00:00,BTC-5OCT26-96000-P,84576.49,BTC-5OCT26,put,96000.0,2026-10-05T08:00:00+00:00,0.006343646805587244,0.133,0.1375,0.13507166,0.13525,84576.49,BTC-5OCT26,0.4764,-0.99955,0.10887,0.0,0.0,0.004500000000000004,BTC,84528.23,0.0
2026-10-03T00:23:29.731568+00:00,BTC-27NOV26-99000-P,85253.96,BTC-27NOV26,put,99000.0,2026-11-27T08:00:00+00:00,0.15144973852358862,0.1695,0.1775,0.1729481,0.1735,85253.96,BTC-27NOV26,0.36700000000000005,-0.83525,82.30327,0.0,0.0,0.00799999999999998,BTC,84528.23,0.0
2026-10-03T00:23:29.731568+00:00,BTC-25JUN27-80000-C,87844.41,BTC-25JUN27,call,80000.0,2027-06-25T08:00:00+00:00,0.7263984038213298,0.174,0.1765,0.17538548,0.17525,87844.41,BTC-25JUN27,0.3889,0.67286,270.27288,185.0,15.5,0.0025000000000000022,BTC,84528.23,252306.42
2026-10-03T00:23:29.731568+00:00,BTC-3OCT26-80000-P,84549.97,BTC-3OCT26,put,80000.0,2026-10-03T08:00:00+00:00,0.0008679452313230411,,0.0001,3.36e-06,,84549.97,BTC-3OCT26,0.5897,-0.00071,0.06093,634.6,19.4,,BTC,84528.23,290.44
2026-10-03T00:23:29.731568+00:00,BTC-16OCT26-95000-P,84723.62,BTC-16OCT26,put,95000.0,2026-10-16T08:00:00+00:00,0.03646000546404036,0.12,0.1255,0.12247796,0.12275,84723.62,BTC-16OCT26,0.34590000000000004,-0.95544,15.21807,0.0,0.0,0.005500000000000005,BTC,84528.23,0.0
2026-10-03T00:23:29.731568+00:00,BTC-26MAR27-140000-C,86687.42,BTC-26MAR27,call,140000.0,2027-03-26T08:00:00+00:00,0.4772539821923087,0.0075,0.0085,0.00810938,0.008,86687.42,BTC-26MAR27,0.4264,0.06954,80.02944,903.4,1.3,0.0010000000000000009,BTC,84528.23,1061.86
2026-10-03T00:23:29.731568+00:00,BTC-27NOV26-73000-C,85253.96,BTC-27NOV26,call,73000.0,2026-11-27T08:00:00+00:00,0.15144973852358862,0.1515,0.1575,0.15502478,0.1545,85253.96,BTC-27NOV26,0.391,0.86332,72.67231,0.6,0.0,0.006000000000000005,BTC,84528.23,0.0
2026-10-03T00:23:29.731568+00:00,BTC-23OCT26-78000-P,84817.45,BTC-23OCT26,put,78000.0,2026-10-23T08:00:00+00:00,0.05562496097396506,0.006,0.0065,0.00618977,0.00625,84817.45,BTC-23OCT26,0.34590000000000004,-0.14292,45.16534,504.7,502.6,0.0004999999999999996,BTC,84528.23,300131.21
2026-10-03T00:23:29.731568+00:00,BTC-25DEC26-62000-C,85603.12,BTC-25DEC26,call,62000.0,2026-12-25T08:00:00+00:00,0.22810956056328743,0.2785,0.284,0.28170408,0.28125,85603.12,BTC-25DEC26,0.4619,0.94204,47.41444,247.1,0.0,0.005499999999999949,BTC,84528.23,0.0
2026-10-03T00:23:29.731568+00:00,BTC-24SEP27-92000-C,89025.41,BTC-24SEP27,call,92000.0,2027-09-24T08:00:00+00:00,0.9755428254503511,0.1365,0.14,0.13836621,0.13825,89025.41,BTC-24SEP27,0.38789999999999997,0.54213,348.94108,1.1,0.1,0.003500000000000003,BTC,84528.48,1205.81
2026-10-03T00:23:29.731568+00:00,BTC-25JUN27-135000-C,87844.41,BTC-25JUN27,call,135000.0,2027-06-25T08:00:00+00:00,0.7263984038213298,0.0215,0.0235,0.02247063,0.0225,87844.41,BTC-25JUN27,0.40909999999999996,0.14509,170.7673,12.8,12.3,0.0020000000000000018,BTC,84528.23,25891.31
2026-10-03T00:23:29.731568+00:00,BTC-30OCT26-71000-P,84910.3,BTC-30OCT26,put,71000.0,2026-10-30T08:00:00+00:00,0.07478991648388979,0.0028,0.003,0.00292594,0.0029,84910.3,BTC-30OCT26,0.4276,-0.05615,26.26569,1392.1,313.2,0.0002000000000000001,BTC,84528.23,93977.96
2026-10-03T00:23:29.731568+00:00,BTC-25JUN27-82000-C,87844.41,BTC-25JUN27,call,82000.0,2027-06-25T08:00:00+00:00,0.7263984038213298,0.1615,0.164,0.1628069,0.16275,87844.41,BTC-25JUN27,0.3874,0.64563,278.6467,68.3,5.0,0.0025000000000000022,BTC,84528.48,71368.07
2026-10-03T00:23:29.731568+00:00,BTC-25JUN27-110000-C,87844.68,BTC-25JUN27,call,110000.0,2027-06-25T08:00:00+00:00,0.7263984038213298,0.0535,0.055,0.05433931,0.05425,87844.68,BTC-25JUN27,0.3881,0.30353,261.77086,293.5,0.2,0.0015000000000000013,BTC,84528.48,1089.4
2026-10-03T00:23:29.731568+00:00,BTC-9OCT26-92000-C,84615.72,BTC-9OCT26,call,92000.0,2026-10-09T08:00:00+00:00,0.017295049954115647,0.0004,0.0006,0.00049868,0.0005,84615.72,BTC-9OCT26,0.3337,0.02977,7.52555,968.8,588.5,0.00019999999999999993,BTC,84529.11,98876.08
2026-10-03T00:23:29.731568+00:00,BTC-25JUN27-85000-P,87844.41,BTC-25JUN27,put,85000.0,2027-06-25T08:00:00+00:00,0.7263984038213298,0.1115,0.114,0.11290256,0.11275,87844.41,BTC-25JUN27,0.3856,-0.39571,288.51429,16.6,0.5,0.0025000000000000022,BTC,84528.48,4380.81
2026-10-03T00:23:29.731568+00:00,BTC-26MAR27-108000-C,86687.1,BTC-26MAR27,call,108000.0,2027-03-26T08:00:00+00:00,0.4772539821923087,0.0325,0.034,0.03327978,0.03325,86687.1,BTC-26MAR27,0.3821,0.24183,187.00308,98.0,0.0,0.0015000000000000013,BTC,84529.11,0.0
2026-10-03T00:23:29.731568+00:00,BTC-27NOV26-74000-C,85253.63,BTC-27NOV26,call,74000.0,2026-11-27T08:00:00+00:00,0.15144973852358862,0.1415,0.1475,0.14497101,0.1445,85253.63,BTC-27NOV26,0.3858,0.84555,78.89836,0.4,0.0,0.006000000000000005,BTC,84529.11,0.0
2026-10-03T00:23:29.731568+00:00,BTC-25JUN27-104000-C,87844.41,BTC-25JUN27,call,104000.0,2027-06-25T08:00:00+00:00,0.7263984038213298,0.0675,0.07,0.06876346,0.06875,87844.41,BTC-25JUN27,0.38549999999999995,0.36342,281.09881,185.9,0.0,0.0025000000000000022,BTC,84529.11,0.0
2026-10-03T00:23:29.731568+00:00,BTC-25DEC26-60000-C,85603.12,BTC-25DEC26,call,60000.0,2026-12-25T08:00:00+00:00,0.22810956056328743,0.301,0.3065,0.30420581,0.30375,85603.12,BTC-25DEC26,0.4824,0.95125,41.33901,784.1,0.0,0.005500000000000005,BTC,84529.11,0.0
2026-10-03T00:23:29.731568+00:00,BTC-5OCT26-82500-C,84576.19,BTC-5OCT26,call,82500.0,2026-10-05T08:00:00+00:00,0.006343646805587244,0.0235,0.027,0.02522181,0.02525,84576.19,BTC-5OCT26,0.22510000000000002,0.9183,10.17768,8.7,8.7,0.0034999999999999996,BTC,84529.11,40126.79
2026-10-03T00:23:29.731568+00:00,BTC-3OCT26-84000-P,84549.97,BTC-3OCT26,put,84000.0,2026-10-03T08:00:00+00:00,0.0008679452313230411,0.0003,0.0005,0.00033357,0.0004,84549.97,BTC-3OCT26,0.1895,-0.1222,5.04574,252.2,785.3,0.00020000000000000004,BTC,84529.11,85677.53
2026-10-03T00:23:29.731568+00:00,BTC-24SEP27-74000-P,89025.41,BTC-24SEP27,put,74000.0,2027-09-24T08:00:00+00:00,0.9755428254503511,0.0725,0.0755,0.07389514,0.074,89025.41,BTC-24SEP27,0.39909999999999995,-0.25273,281.12073,25.0,0.0,0.0030000000000000027,BTC,84529.09,0.0
2026-10-03T00:23:29.731568+00:00,BTC-26MAR27-55000-P,86687.42,BTC-26MAR27,put,55000.0,2027-03-26T08:00:00+00:00,0.4772539821923087,0.0085,0.0095,0.00897803,0.009,86687.42,BTC-26MAR27,0.465,-0.05745,68.97052,1159.9,0.5,0.0009999999999999992,BTC,84529.09,391.83
2026-10-03T00:23:29.731568+00:00,BTC-25JUN27-150000-C,87844.41,BTC-25JUN27,call,150000.0,2027-06-25T08:00:00+00:00,0.7263984038213298,0.0135,0.0155,0.01436539,0.0145,87844.41,BTC-25JUN27,0.4244,0.09717,128.70035,219.3,0.0,0.002,BTC,84529.09,0.0
2026-10-03T00:23:29.731568+00:00,BTC-4OCT26-94000-P,84562.27,BTC-4OCT26,put,94000.0,2026-10-04T08:00:00+00:00,0.0036057960184551425,0.1095,0.114,0.11160905,0.11175,84562.27,BTC-4OCT26,0.479,-0.99988,0.02467,0.0,0.0,0.004500000000000004,BTC,84529.14,0.0
2026-10-03T00:23:29.731568+00:00,BTC-30OCT26-54000-C,84910.3,BTC-30OCT26,call,54000.0,2026-10-30T08:00:00+00:00,0.07478991648388979,0.3625,0.366,0.36441786,0.36425,84910.3,BTC-30OCT26,0.6845,0.99397,3.96479,0.1,0.0,0.003500000000000003,BTC,84529.09,0.0
2026-10-03T00:23:29.731568+00:00,BTC-23OCT26-82000-P,84817.45,BTC-23OCT26,put,82000.0,2026-10-23T08:00:00+00:00,0.05562496097396506,0.0155,0.0165,0.01597631,0.016,84817.45,BTC-23OCT26,0.3207,-0.31416,71.00383,22.8,22.7,0.0010000000000000009,BTC,84529.09,25562.0
2026-10-03T00:23:29.731568+00:00,BTC-30OCT26-91000-C,84910.3,BTC-30OCT26,call,91000.0,2026-10-30T08:00:00+00:00,0.07478991648388979,0.0115,0.0125,0.01206827,0.012,84910.3,BTC-30OCT26,0.3321,0.23668,71.66421,1969.5,246.7,0.0010000000000000009,BTC,84529.09,396603.47
2026-10-03T00:23:29.731568+00:00,BTC-30OCT26-82000-P,84910.3,BTC-30OCT26,put,82000.0,2026-10-30T08:00:00+00:00,0.07478991648388979,0.021,0.0215,0.02113097,0.02125,84910.3,BTC-30OCT26,0.3328,-0.33411,84.53742,504.8,47.9,0.000499999999999997,BTC,84529.09,75744.68
2026-10-03T00:23:29.731568+00:00,BTC-26MAR27-106000-P,86687.42,BTC-26MAR27,put,106000.0,2027-03-26T08:00:00+00:00,0.4772539821923087,0.2535,0.2685,0.25966487,0.261,86687.42,BTC-26MAR27,0.38,-0.73713,195.4146,0.1,0.0,0.015000000000000013,BTC,84529.14,0.0
2026-10-03T00:23:29.731568+00:00,BTC-9OCT26-95000-P,84616.07,BTC-9OCT26,put,95000.0,2026-10-09T08:00:00+00:00,0.017295049954115647,0.1205,0.1255,0.12290386,0.123,84616.07,BTC-9OCT26,0.37939999999999996,-0.98911,3.19446,0.7,0.0,0.0050000000000000044,BTC,84529.14,0.0
2026-10-03T00:23:29.731568+00:00,BTC-4OCT26-82000-C,84561.91,BTC-4OCT26,call,82000.0,2026-10-04T08:00:00+00:00,0.0036057960184551425,0.0285,0.0325,0.03046481,0.0305,84561.91,BTC-4OCT26,0.2667,0.97321,3.14477,0.0,0.0,0.004,BTC,84528.67,0.0
2026-10-03T00:23:29.731568+00:00,BTC-16OCT26-78000-C,84723.27,BTC-16OCT26,call,78000.0,2026-10-16T08:00:00+00:00,0.03646000546404036,0.08,0.0845,0.08258156,0.08225,84723.27,BTC-16OCT26,0.3468,0.89997,28.40692,0.1,0.1,0.004500000000000004,BTC,84529.14,857.88
2026-10-03T00:23:29.731568+00:00,BTC-23OCT26-89000-C,84817.71,BTC-23OCT26,call,89000.0,2026-10-23T08:00:00+00:00,0.05562496097396506,0.012,0.0125,0.01218515,0.01225,84817.71,BTC-23OCT26,0.319,0.27353,66.5932,25.1,24.3,0.0005000000000000004,BTC,84529.14,38277.48
2026-10-03T00:23:29.731568+00:00,BTC-4OCT26-76000-P,84561.91,BTC-4OCT26,put,76000.0,2026-10-04T08:00:00+00:00,0.0036057960184551425,,0.0001,3.233e-05,,84561.91,BTC-4OCT26,0.6446999999999999,-0.00275,0.42959,5.8,5.0,,BTC,84528.67,43.27
2026-10-03T00:23:29.731568+00:00,BTC-30OCT26-54000-P,84910.3,BTC-30OCT26,put,54000.0,2026-10-30T08:00:00+00:00,0.07478991648388979,0.0003,0.0005,0.00038431,0.0004,84910.3,BTC-30OCT26,0.6845,-0.00603,3.96528,191.5,0.0,0.00020000000000000004,BTC,84528.67,0.0
2026-10-03T00:23:29.731568+00:00,BTC-25DEC26-210000-P,85603.32,BTC-25DEC26,put,210000.0,2026-12-25T08:00:00+00:00,0.22810956056328743,1.445,1.467,1.45338473,1.456,85603.32,BTC-25DEC26,0.6359,-0.99746,3.21931,0.0,0.0,0.02200000000000002,BTC,84528.67,0.0
2026-10-03T00:23:29.731568+00:00,BTC-4OCT26-85500-P,84561.91,BTC-4OCT26,put,85500.0,2026-10-04T08:00:00+00:00,0.0036057960184551425,0.01,0.0135,0.01173828,0.01175,84561.91,BTC-4OCT26,0.1635,-0.86857,10.82575,66.3,69.9,0.0034999999999999996,BTC,84528.73,29073.26
2026-10-03T00:23:29.731568+00:00,BTC-6OCT26-92000-C,84587.28,BTC-6OCT26,call,92000.0,2026-10-06T08:00:00+00:00,0.009081497592719345,,0.0003,9.634e-05,,84587.28,BTC-6OCT26,0.36579999999999996,0.00838,1.84015,9.2,9.2,,BTC,84528.67,543.42
2026-10-03T00:23:29.731568+00:00,BTC-9OCT26-70000-P,84615.72,BTC-9OCT26,put,70000.0,2026-10-09T08:00:00+00:00,0.017295049954115647,0.0001,0.0002,0.00014213,0.00015,84615.72,BTC-9OCT26,0.5784,-0.00571,1.81045,123.7,10.2,0.0001,BTC,84528.73,256.42
2026-10-03T00:23:29.731568+00:00,BTC-25DEC26-80000-C,85603.12,BTC-25DEC26,call,80000.0,2026-12-25T08:00:00+00:00,0.22810956056328743,0.105,0.107,0.10602943,0.106,85603.12,BTC-25DEC26,0.3715,0.68088,146.0886,8727.2,0.9,0.0020000000000000018,BTC,84528.73,8814.52
2026-10-03T00:23:29.731568+00:00,BTC-24SEP27-80000-P,89025.41,BTC-24SEP27,put,80000.0,2027-09-24T08:00:00+00:00,0.9755428254503511,0.0995,0.103,0.1011024,0.10125,89025.41,BTC-24SEP27,0.3936,-0.31946,314.32083,300.4,0.1,0.0034999999999999892,BTC,84528.73,782.5
2026-10-03T00:23:29.731568+00:00,BTC-25DEC26-105000-P,85603.12,BTC-25DEC26,put,105000.0,2026-12-25T08:00:00+00:00,0.22810956056328743,0.235,0.2445,0.23957305,0.23975,85603.12,BTC-25DEC26,0.379,-0.8502,95.27375,107.5,1.0,0.009500000000000008,BTC,84528.73,18947.8
2026-10-03T00:23:29.731568+00:00,BTC-4OCT26-81000-P,84562.27,BTC-4OCT26,put,81000.0,2026-10-04T08:00:00+00:00,0.0036057960184551425,,0.0002,0.00013529,,84562.27,BTC-4OCT26,0.3433,-0.01798,2.2462,30.7,33.6,,BTC,84528.94,1140.85
2026-10-03T00:23:29.731568+00:00,BTC-25DEC26-200000-P,85603.32,BTC-25DEC26,put,200000.0,2026-12-25T08:00:00+00:00,0.22810956056328743,1.329,1.3495,1.3365671,1.33925,85603.32,BTC-25DEC26,0.6056,-0.99735,3.34472,0.0,0.0,0.020499999999999963,BTC,84528.94,0.0
2026-10-03T00:23:29.731568+00:00,BTC-27NOV26-106000-C,85253.63,BTC-27NOV26,call,106000.0,2026-11-27T08:00:00+00:00,0.15144973852358862,0.005,0.006,0.00550203,0.0055,85253.63,BTC-27NOV26,0.3861,0.08471,51.51252,29.4,0.0,0.001,BTC,84528.73,0.0
2026-10-03T00:23:29.731568+00:00,BTC-6OCT26-80000-C,84587.57,BTC-6OCT26,call,80000.0,2026-10-06T08:00:00+00:00,0.009081497592719345,0.052,0.057,0.05461414,0.0545,84587.57,BTC-6OCT26,0.3179,0.96812,5.76964,0.0,0.0,0.0050000000000000044,BTC,84528.94,0.0
2026-10-03T00:23:29.731568+00:00,BTC-27NOV26-102000-P,85253.96,BTC-27NOV26,put,102000.0,2026-11-27T08:00:00+00:00,0.15144973852358862,0.2015,0.2095,0.20491981,0.2055,85253.96,BTC-27NOV26,0.37579999999999997,-0.87554,68.1142,4.0,2.0,0.00799999999999998,BTC,84528.94,32934.66
2026-10-03T00:23:29.731568+00:00,BTC-23OCT26-88000-C,84817.45,BTC-23OCT26,call,88000.0,2026-10-23T08:00:00+00:00,0.05562496097396506,0.015,0.0155,0.01523185,0.01525,84817.45,BTC-23OCT26,0.3169,0.32432,71.95842,34.0,31.6,0.0005000000000000004,BTC,84528.94,71471.12
2026-10-03T00:23:29.731568+00:00,BTC-27NOV26-67000-P,85253.96,BTC-27NOV26,put,67000.0,2026-11-27T08:00:00+00:00,0.15144973852358862,0.005,0.006,0.00547455,0.0055,85253.96,BTC-27NOV26,0.44,-0.06786,43.50539,181.6,0.0,0.001,BTC,84528.94,0.0
2026-10-03T00:23:29.731568+00:00,BTC-23OCT26-86000-P,84817.71,BTC-23OCT26,put,86000.0,2026-10-23T08:00:00+00:00,0.05562496097396506,0.0365,0.0375,0.03742845,0.037,84817.71,BTC-23OCT26,0.316,-0.5591,78.95261,52.2,46.0,0.0010000000000000009,BTC,84528.94,131743.5
2026-10-03T00:23:29.731568+00:00,BTC-30OCT26-64000-P,84910.3,BTC-30OCT26,put,64000.0,2026-10-30T08:00:00+00:00,0.07478991648388979,0.0011,0.0013,0.0011899,0.0012,84910.3,BTC-30OCT26,0.5279,-0.0212,11.81577,559.3,0.0,0.00019999999999999987,BTC,84528.94,0.0
2026-10-03T00:23:29.731568+00:00,BTC-30OCT26-75000-C,84910.3,BTC-30OCT26,call,75000.0,2026-10-30T08:00:00+00:00,0.07478991648388979,0.1195,0.124,0.12218151,0.12175,84910.3,BTC-30OCT26,0.3784,0.89443,42.40436,1166.5,0.4,0.004500000000000004,BTC,84528.94,4528.94
2026-10-03T00:23:29.731568+00:00,BTC-3OCT26-83500-C,84549.97,BTC-3OCT26,call,83500.0,2026-10-03T08:00:00+00:00,0.0008679452313230411,0.0105,0.014,0.01256259,0.01225,84549.97,BTC-3OCT26,0.2522,0.95342,2.42699,7.8,0.0,0.0034999999999999996,BTC,84528.92,0.0
2026-10-03T00:23:29.731568+00:00,BTC-25DEC26-170000-P,85603.12,BTC-25DEC26,put,170000.0,2026-12-25T08:00:00+00:00,0.22810956056328743,0.978,0.995,0.98648712,0.9865,85603.12,BTC-25DEC26,0.5571,-0.99274,8.22559,0.1,0.0,0.017000000000000015,BTC,84528.92,0.0
2026-10-03T00:23:29.731568+00:00,BTC-26MAR27-60000-C,86687.42,BTC-26MAR27,call,60000.0,2027-03-26T08:00:00+00:00,0.4772539821923087,0.316,0.325,0.32135139,0.3205,86687.42,BTC-26MAR27,0.43729999999999997,0.91446,93.65935,647.9,0.0,0.009000000000000008,BTC,84528.92,0.0
2026-10-03T00:23:29.731568+00:00,BTC-6OCT26-87500-C,84587.57,BTC-6OCT26,call,87500.0,2026-10-06T08:00:00+00:00,0.009081497592719345,0.001,0.0012,0.00106386,0.0011,84587.57,BTC-6OCT26,0.2644,0.09149,13.2539,3.3,3.3,0.00019999999999999987,BTC,84528.92,794.77
2026-10-03T00:23:29.731568+00:00,BTC-4OCT26-81500-C,84562.27,BTC-4OCT26,call,81500.0,2026-10-04T08:00:00+00:00,0.0036057960184551425,0.034,0.0385,0.03637364,0.03625,84562.27,BTC-4OCT26,0.3094,0.977,2.76749,0.0,0.0,0.004499999999999997,BTC,84528.92,0.0
2026-10-03T00:23:29.731568+00:00,BTC-30OCT26-85000-C,84910.3,BTC-30OCT26,call,85000.0,2026-10-30T08:00:00+00:00,0.07478991648388979,0.035,0.036,0.03536524,0.0355,84910.3,BTC-30OCT26,0.32880000000000004,0.51324,92.61849,2032.9,15.7,0.000999999999999994,BTC,84528.92,59493.0
2026-10-03T00:23:29.731568+00:00,BTC-30OCT26-66000-P,84910.3,BTC-30OCT26,put,66000.0,2026-10-30T08:00:00+00:00,0.07478991648388979,0.0014,0.0016,0.00152608,0.0015,84910.3,BTC-30OCT26,0.4989,-0.0278,14.83668,538.6,0.5,0.0002000000000000001,BTC,84528.92,62.48
2026-10-03T00:23:29.731568+00:00,BTC-24SEP27-104000-P,89025.06,BTC-24SEP27,put,104000.0,2027-09-24T08:00:00+00:00,0.9755428254503511,0.2595,0.266,0.26205251,0.26275,89025.06,BTC-24SEP27,0.38799999999999996,-0.58473,342.95315,0.0,0.0,0.006500000000000006,BTC,84528.92,0.0
2026-10-03T00:23:29.731568+00:00,BTC-16OCT26-76000-P,84723.27,BTC-16OCT26,put,76000.0,2026-10-16T08:00:00+00:00,0.03646000546404036,0.0019,0.002,0.00193232,0.00195,84723.27,BTC-16OCT26,0.3759,-0.06069,19.44963,548.1,713.9,0.00010000000000000005,BTC,84528.92,161793.19
2026-10-03T00:23:29.731568+00:00,BTC-4OCT26-75000-C,84562.27,BTC-4OCT26,call,75000.0,2026-10-04T08:00:00+00:00,0.0036057960184551425,0.111,0.1145,0.11310665,0.11275,84562.27,BTC-4OCT26,0.7073,0.99779,0.35319,0.0,0.0,0.003500000000000003,BTC,84528.92,0.0
2026-10-03T00:23:29.731568+00:00,BTC-3OCT26-82000-P,84549.97,BTC-3OCT26,put,82000.0,2026-10-03T08:00:00+00:00,0.0008679452313230411,,0.0001,1.015e-05,,84549.97,BTC-3OCT26,0.3788,-0.003,0.2278,74.1,42.3,,BTC,84528.92,723.05
2026-10-03T00:23:29.731568+00:00,BTC-25DEC26-72000-C,85603.12,BTC-25DEC26,call,72000.0,2026-12-25T08:00:00+00:00,0.22810956056328743,0.1735,0.178,0.17586528,0.17575,85603.12,BTC-25DEC26,0.39630000000000004,0.84341,98.1165,1214.3,0.0,0.004500000000000004,BTC,84528.92,0.0
2026-10-03T00:23:29.731568+00:00,BTC-25DEC26-40000-P,85603.12,BTC-25DEC26,put,40000.0,2026-12-25T08:00:00+00:00,0.22810956056328743,0.0011,0.0013,0.00124969,0.0012,85603.12,BTC-25DEC26,0.7331,-0.00945,10.37534,4958.5,0.3,0.00019999999999999987,BTC,84528.92,30.3
2026-10-03T00:23:29.731568+00:00,BTC-24SEP27-70000-P,89025.41,BTC-24SEP27,put,70000.0,2027-09-24T08:00:00+00:00,0.9755428254503511,0.0575,0.06,0.05890994,0.05875,89025.41,BTC-24SEP27,0.4042,-0.2114,254.48494,3.1,0.5,0.0024999999999999953,BTC,84528.92,2428.59
2026-10-03T00:23:29.731568+00:00,BTC-9OCT26-90000-C,84616.07,BTC-9OCT26,call,90000.0,2026-10-09T08:00:00+00:00,0.017295049954115647,0.0011,0.0012,0.00112456,0.00115,84616.07,BTC-9OCT26,0.3057,0.06496,14.10684,1765.6,592.9,9.999999999999983e-05,BTC,84528.42,233897.79
2026-10-03T00:23:29.731568+00:00,BTC-9OCT26-86000-C,84615.72,BTC-9OCT26,call,86000.0,2026-10-09T08:00:00+00:00,0.017295049954115647,0.0075,0.008,0.0077828,0.00775,84615.72,BTC-9OCT26,0.27440000000000003,0.33294,40.4543,806.1,87.6,0.0005000000000000004,BTC,84528.42,115168.96
2026-10-03T00:23:29.731568+00:00,BTC-4OCT26-92000-C,84562.27,BTC-4OCT26,call,92000.0,2026-10-04T08:00:00+00:00,0.0036057960184551425,,0.0001,2.38e-06,,84562.27,BTC-4OCT26,0.4144,0.00037,0.06812,0.8,0.1,,BTC,84528.92,0.85
2026-10-03T00:23:29.731568+00:00,BTC-25DEC26-135000-C,85603.12,BTC-25DEC26,call,135000.0,2026-12-25T08:00:00+00:00,0.22810956056328743,0.0017,0.0021,0.0019398,0.0019,85603.12,BTC-25DEC26,0.46090000000000003,0.02507,23.95985,1462.5,13.0,0.00039999999999999996,BTC,84528.42,2749.23
2026-10-03T00:23:29.731568+00:00,BTC-24SEP27-135000-C,89025.06,BTC-24SEP27,call,135000.0,2027-09-24T08:00:00+00:00,0.9755428254503511,0.036,0.0385,0.037289,0.03725,89025.06,BTC-24SEP27,0.4042,0.19965,245.98457,100.0,0.0,0.0025000000000000022,BTC,84528.42,0.0
2026-10-03T00:23:29.731568+00:00,BTC-9OCT26-89000-C,84615.72,BTC-9OCT26,call,89000.0,2026-10-09T08:00:00+00:00,0.017295049954115647,0.0017,0.0018,0.00181228,0.00175,84615.72,BTC-9OCT26,0.2953,0.10011,19.55041,285.5,140.0,0.00010000000000000005,BTC,84528.42,72391.61
2026-10-03T00:23:29.731568+00:00,BTC-30OCT26-76000-C,84910.3,BTC-30OCT26,call,76000.0,2026-10-30T08:00:00+00:00,0.07478991648388979,0.109,0.1135,0.11148127,0.11125,84910.3,BTC-30OCT26,0.3685,0.87495,47.83113,495.5,0.0,0.004500000000000004,BTC,84528.42,0.0
2026-10-03T00:23:29.731568+00:00,BTC-25DEC26-104000-P,85603.12,BTC-25DEC26,put,104000.0,2026-12-25T08:00:00+00:00,0.22810956056328743,0.2245,0.234,0.22893299,0.22925,85603.12,BTC-25DEC26,0.3763,-0.83966,99.64877,1.3,1.0,0.009500000000000008,BTC,84528.37,18310.07
2026-10-03T00:23:29.731568+00:00,BTC-24SEP27-120000-C,89025.41,BTC-24SEP27,call,120000.0,2027-09-24T08:00:00+00:00,0.9755428254503511,0.056,0.0585,0.05707399,0.05725,89025.41,BTC-24SEP27,0.3944,0.28384,298.03193,12.1,0.0,0.0025000000000000022,BTC,84528.37,0.0
2026-10-03T00:23:29.731568+00:00,BTC-25JUN27-68000-P,87844.41,BTC-25JUN27,put,68000.0,2027-06-25T08:00:00+00:00,0.7263984038213298,0.0395,0.0415,0.04052354,0.0405,87844.41,BTC-25JUN27,0.40700000000000003,-0.18101,197.21566,26.6,0.0,0.0020000000000000018,BTC,84528.37,0.0
2026-10-03T00:23:29.731568+00:00,BTC-4OCT26-95000-P,84562.27,BTC-4OCT26,put,95000.0,2026-10-04T08:00:00+00:00,0.0036057960184551425,0.1215,0.1255,0.12343465,0.1235,84562.27,BTC-4OCT26,0.5232,-0.99989,0.0225,0.0,0.0,0.0040000000000000036,BTC,84528.37,0.0
2026-10-03T00:23:29.731568+00:00,BTC-9OCT26-100000-P,84616.07,BTC-9OCT26,put,100000.0,2026-10-09T08:00:00+00:00,0.017295049954115647,0.1795,0.1845,0.18187603,0.182,84616.07,BTC-9OCT26,0.4658,-0.99649,1.17249,10.8,7.0,0.0050000000000000044,BTC,84528.37,90187.27
2026-10-03T00:23:29.731568+00:00,BTC-25DEC26-85000-P,85603.12,BTC-25DEC26,put,85000.0,2026-12-25T08:00:00+00:00,0.22810956056328743,0.065,0.066,0.06556263,0.0655,85603.12,BTC-25DEC26,0.3639,-0.44925,161.83887,595.0,25.1,0.0010000000000000009,BTC,84528.37,143773.72
2026-10-03T00:23:29.731568+00:00,BTC-6OCT26-91000-P,84587.28,BTC-6OCT26,put,91000.0,2026-10-06T08:00:00+00:00,0.009081497592719345,0.074,0.078,0.07600046,0.076,84587.28,BTC-6OCT26,0.3546,-0.98405,3.21937,0.0,0.0,0.0040000000000000036,BTC,84528.22,0.0
2026-10-03T00:23:29.731568+00:00,BTC-5OCT26-82000-C,84576.19,BTC-5OCT26,call,82000.0,2026-10-05T08:00:00+00:00,0.006343646805587244,0.0285,0.0325,0.03093212,0.0305,84576.19,BTC-5OCT26,0.24559999999999998,0.94392,7.6112,0.0,0.0,0.004,BTC,84528.22,0.0
2026-10-03T00:23:29.731568+00:00,BTC-27NOV26-95000-C,85253.96,BTC-27NOV26,call,95000.0,2026-11-27T08:00:00+00:00,0.15144973852358862,0.018,0.019,0.01850668,0.0185,85253.96,BTC-27NOV26,0.3589,0.24036,103.25541,1086.1,3.0,0.0010000000000000009,BTC,84528.22,5879.94
2026-10-03T00:23:29.731568+00:00,BTC-25DEC26-84000-P,85603.12,BTC-25DEC26,put,84000.0,2026-12-25T08:00:00+00:00,0.22810956056328743,0.0595,0.0605,0.05986238,0.06,85603.12,BTC-25DEC26,0.365,-0.42248,160.07056,159.5,0.2,0.0010000000000000009,BTC,84528.22,844.63
2026-10-03T00:23:29.731568+00:00,BTC-30OCT26-70000-C,84910.3,BTC-30OCT26,call,70000.0,2026-10-30T08:00:00+00:00,0.07478991648388979,0.1755,0.18,0.17813317,0.17775,84910.3,BTC-30OCT26,0.44079999999999997,0.95168,23.31272,3758.5,250.1,0.004500000000000004,BTC,84528.22,4002895.78
2026-10-03T00:23:29.731568+00:00,BTC-30OCT26-86000-C,84910.3,BTC-30OCT26,call,86000.0,2026-10-30T08:00:00+00:00,0.07478991648388979,0.0295,0.0305,0.03003975,0.03,84910.3,BTC-30OCT26,0.3287,0.46137,92.2338,1276.6,3.0,0.0010000000000000009,BTC,84528.22,9713.61
2026-10-03T00:23:29.731568+00:00,BTC-23OCT26-100000-P,84817.45,BTC-23OCT26,put,100000.0,2026-10-23T08:00:00+00:00,0.05562496097396506,0.178,0.1835,0.18039675,0.18075,84817.45,BTC-23OCT26,0.38670000000000004,-0.96078,16.97008,0.0,0.0,0.005500000000000005,BTC,84528.22,0.0
2026-10-03T00:23:29.731568+00:00,BTC-27NOV26-120000-C,85253.96,BTC-27NOV26,call,120000.0,2026-11-27T08:00:00+00:00,0.15144973852358862,0.0015,0.0019,0.00174034,0.0017,85253.96,BTC-27NOV26,0.44,0.02804,21.35009,120.1,1.2,0.00039999999999999996,BTC,84528.22,191.38
2026-10-03T00:23:29.731568+00:00,BTC-26MAR27-180000-P,86687.42,BTC-26MAR27,put,180000.0,2027-03-26T08:00:00+00:00,0.4772539821923087,1.0705,1.095,1.07912007,1.08275,86687.42,BTC-26MAR27,0.49090000000000006,-0.9764,33.36242,0.1,0.0,0.024499999999999966,BTC,84528.22,0.0
2026-10-03T00:23:29.731568+00:00,BTC-4OCT26-83500-P,84561.91,BTC-4OCT26,put,83500.0,2026-10-04T08:00:00+00:00,0.0036057960184551425,0.0005,0.0006,0.00053429,0.00055,84561.91,BTC-4OCT26,0.1707,-0.10809,9.4307,43.0,55.1,9.999999999999994e-05,BTC,84528.22,5202.86
2026-10-03T00:23:29.731568+00:00,BTC-25JUN27-72000-C,87844.68,BTC-25JUN27,call,72000.0,2027-06-25T08:00:00+00:00,0.7263984038213298,0.2315,0.2345,0.23324619,0.233,87844.68,BTC-25JUN27,0.39909999999999995,0.77479,224.74048,87.2,0.0,0.002999999999999975,BTC,84528.22,0.0
2026-10-03T00:23:29.731568+00:00,BTC-16OCT26-82000-P,84723.62,BTC-16OCT26,put,82000.0,2026-10-16T08:00:00+00:00,0.03646000546404036,0.0105,0.011,0.01072503,0.01075,84723.62,BTC-16OCT26,0.31170000000000003,-0.28157,54.62149,179.9,2.3,0.0004999999999999987,BTC,84528.22,1955.92
2026-10-03T00:23:29.731568+00:00,BTC-6OCT26-80000-P,84587.57,BTC-6OCT26,put,80000.0,2026-10-06T08:00:00+00:00,0.009081497592719345,0.0003,0.0005,0.00038058,0.0004,84587.57,BTC-6OCT26,0.3179,-0.03191,5.77399,100.2,105.2,0.00020000000000000004,BTC,84528.22,4332.92
2026-10-03T00:23:29.731568+00:00,BTC-24SEP27-84000-C,89025.41,BTC-24SEP27,call,84000.0,2027-09-24T08:00:00+00:00,0.9755428254503511,0.1765,0.1805,0.17888167,0.1785,89025.41,BTC-24SEP27,0.3914,0.63438,330.79184,502.3,0.2,0.0040000000000000036,BTC,84528.22,3144.55
2026-10-03T00:23:29.731568+00:00,BTC-6OCT26-89000-C,84587.57,BTC-6OCT26,call,89000.0,2026-10-06T08:00:00+00:00,0.009081497592719345,0.0003,0.0005,0.00041994,0.0004,84587.57,BTC-6OCT26,0.29710000000000003,0.03736,6.57159,3.3,5.3,0.00020000000000000004,BTC,84528.22,1355.45
2026-10-03T00:23:29.731568+00:00,BTC-16OCT26-89000-P,84723.27,BTC-16OCT26,put,89000.0,2026-10-16T08:00:00+00:00,0.03646000546404036,0.0555,0.0605,0.05751308,0.058,84723.27,BTC-16OCT26,0.3125,-0.78687,47.0445,7.7,1.1,0.0049999999999999975,BTC,84528.22,3951.59
2026-10-03T00:23:29.731568+00:00,BTC-25JUN27-110000-P,87844.41,BTC-25JUN27,put,110000.0,2027-06-25T08:00:00+00:00,0.7263984038213298,0.299,0.3175,0.30654476,0.30825,87844.41,BTC-25JUN27,0.3881,-0.69644,261.78939,5.3,0.0,0.018500000000000016,BTC,84528.22,0.0
2026-10-03T00:23:29.731568+00:00,BTC-3OCT26-86500-C,84549.97,BTC-3OCT26,call,86500.0,2026-10-03T08:00:00+00:00,0.0008679452313230411,0.0001,0.0002,6.244e-05,0.00015,84549.97,BTC-3OCT26,0.3614,0.01628,1.01148,129.1,192.4,0.0001,BTC,84528.22,99312.67
2026-10-03T00:23:29.731568+00:00,BTC-3OCT26-75000-P,84549.97,BTC-3OCT26,put,75000.0,2026-10-03T08:00:00+00:00,0.0008679452313230411,,0.0001,0.0,,84549.97,BTC-3OCT26,0.8417,0.0,8e-05,19.9,0.0,,BTC,84528.12,0.0
2026-10-03T00:23:29.731568+00:00,BTC-24SEP27-150000-C,89025.41,BTC-24SEP27,call,150000.0,2027-09-24T08:00:00+00:00,0.9755428254503511,0.024,0.0265,0.02527264,0.02525,89025.41,BTC-24SEP27,0.41479999999999995,0.14269,198.3061,23.9,0.2,0.0024999999999999988,BTC,84528.12,505.21
2026-10-03T00:23:29.731568+00:00,BTC-23OCT26-75000-P,84817.71,BTC-23OCT26,put,75000.0,2026-10-23T08:00:00+00:00,0.05562496097396506,0.003,0.0034,0.00319561,0.0032,84817.71,BTC-23OCT26,0.3774,-0.07698,28.89374,3.7,1.6,0.00039999999999999975,BTC,84528.12,494.0
2026-10-03T00:23:29.731568+00:00,BTC-27NOV26-110000-C,85253.96,BTC-27NOV26,call,110000.0,2026-11-27T08:00:00+00:00,0.15144973852358862,0.0036,0.0041,0.00383918,0.00385,85253.96,BTC-27NOV26,0.4017,0.06036,39.72072,263.2,4.4,0.0005000000000000004,BTC,84528.12,1721.58
2026-10-03T00:23:29.731568+00:00,BTC-16OCT26-92000-C,84723.62,BTC-16OCT26,call,92000.0,2026-10-16T08:00:00+00:00,0.03646000546404036,0.0028,0.003,0.00289339,0.0029,84723.62,BTC-16OCT26,0.3285,0.09987,28.3725,276.4,256.2,0.0002000000000000001,BTC,84528.12,163682.95
2026-10-03T00:23:29.731568+00:00,BTC-23OCT26-79000-P,84817.45,BTC-23OCT26,put,79000.0,2026-10-23T08:00:00+00:00,0.05562496097396506,0.0075,0.008,0.00775052,0.00775,84817.45,BTC-23OCT26,0.33630000000000004,-0.17494,51.56978,50.0,21.9,0.0005000000000000004,BTC,84528.12,11692.25
2026-10-03T00:23:29.731568+00:00,BTC-25DEC26-130000-C,85603.12,BTC-25DEC26,call,130000.0,2026-12-25T08:00:00+00:00,0.22810956056328743,0.0022,0.0026,0.00243879,0.0024,85603.12,BTC-25DEC26,0.44520000000000004,0.0316,29.04878,1572.0,5.0,0.00039999999999999975,BTC,84528.12,1092.08
2026-10-03T00:23:29.731568+00:00,BTC-4OCT26-80500-C,84561.91,BTC-4OCT26,call,80500.0,2026-10-04T08:00:00+00:00,0.0036057960184551425,0.046,0.0495,0.04813904,0.04775,84561.91,BTC-4OCT26,0.3699,0.987,1.7002,0.0,0.0,0.003500000000000003,BTC,84528.12,0.0
2026-10-03T00:23:29.731568+00:00,BTC-26MAR27-92000-C,86687.42,BTC-26MAR27,call,92000.0,2027-03-26T08:00:00+00:00,0.4772539821923087,0.077,0.0785,0.07782172,0.07775,86687.42,BTC-26MAR27,0.3729,0.45939,237.75195,419.5,0.1,0.0015000000000000013,BTC,84528.12,723.45
2026-10-03T00:23:29.731568+00:00,BTC-30OCT26-87000-C,84910.3,BTC-30OCT26,call,87000.0,2026-10-30T08:00:00+00:00,0.07478991648388979,0.025,0.026,0.02535697,0.0255,84910.3,BTC-30OCT26,0.32909999999999995,0.41092,90.34874,918.9,21.2,0.0009999999999999974,BTC,84528.12,64328.96
2026-10-03T00:23:29.731568+00:00,BTC-25JUN27-58000-P,87844.68,BTC-25JUN27,put,58000.0,2027-06-25T08:00:00+00:00,0.7263984038213298,0.0195,0.021,0.02023879,0.02025,87844.68,BTC-25JUN27,0.4389,-0.09739,128.91581,100.6,1.0,0.0015000000000000013,BTC,84528.12,1558.53
2026-10-03T00:23:29.731568+00:00,BTC-27NOV26-71000-C,85253.96,BTC-27NOV26,call,71000.0,2026-11-27T08:00:00+00:00,0.15144973852358862,0.1725,0.178,0.17575754,0.17525,85253.96,BTC-27NOV26,0.40259999999999996,0.89353,60.95715,0.2,0.0,0.005500000000000005,BTC,84528.12,0.0
2026-10-03T00:23:29.731568+00:00,BTC-24SEP27-112000-C,89025.41,BTC-24SEP27,call,112000.0,2027-09-24T08:00:00+00:00,0.9755428254503511,0.071,0.074,0.07261864,0.0725,89025.41,BTC-24SEP27,0.3898,0.34326,323.44611,0.0,0.0,0.0030000000000000027,BTC,84528.12,0.0
2026-10-03T00:23:29.731568+00:00,BTC-26MAR27-96000-P,86687.42,BTC-26MAR27,put,96000.0,2027-03-26T08:00:00+00:00,0.4772539821923087,0.165,0.174,0.17023263,0.1695,86687.42,BTC-26MAR27,0.3736,-0.60497,230.66919,4.4,0.0,0.00899999999999998,BTC,84528.12,0.0
2026-10-03T00:23:29.731568+00:00,BTC-30OCT26-88000-C,84910.3,BTC-30OCT26,call,88000.0,2026-10-30T08:00:00+00:00,0.07478991648388979,0.0205,0.0215,0.02108537,0.021,84910.3,BTC-30OCT26,0.32789999999999997,0.36175,87.04675,1474.0,321.7,0.0009999999999999974,BTC,84528.12,875807.57
2026-10-03T00:23:29.731568+00:00,BTC-5OCT26-84000-P,84576.19,BTC-5OCT26,put,84000.0,2026-10-05T08:00:00+00:00,0.006343646805587244,0.0029,0.0033,0.00302875,0.0031,84576.19,BTC-5OCT26,0.18350000000000002,-0.31796,24.03075,184.1,219.6,0.0004000000000000002,BTC,84528.12,37191.46
2026-10-03T00:23:29.731568+00:00,BTC-23OCT26-88000-P,84817.45,BTC-23OCT26,put,88000.0,2026-10-23T08:00:00+00:00,0.05562496097396506,0.0515,0.0545,0.0527531,0.053,84817.45,BTC-23OCT26,0.3169,-0.67573,71.95368,0.0,0.0,0.0030000000000000027,BTC,84528.12,0.0
2026-10-03T00:23:29.731568+00:00,BTC-6OCT26-86500-C,84587.28,BTC-6OCT26,call,86500.0,2026-10-06T08:00:00+00:00,0.009081497592719345,0.002,0.0024,0.00219127,0.0022,84587.28,BTC-6OCT26,0.24739999999999998,0.17412,20.71828,30.3,38.3,0.00039999999999999975,BTC,84528.12,38020.6
2026-10-03T00:23:29.731568+00:00,BTC-30OCT26-62000-C,84910.3,BTC-30OCT26,call,62000.0,2026-10-30T08:00:00+00:00,0.07478991648388979,0.269,0.2725,0.27080344,0.27075,84910.3,BTC-30OCT26,0.5622,0.98305,9.7694,13.5,0.0,0.003500000000000003,BTC,84528.12,0.0
2026-10-03T00:23:29.731568+00:00,BTC-6OCT26-79000-C,84587.57,BTC-6OCT26,call,79000.0,2026-10-06T08:00:00+00:00,0.009081497592719345,0.064,0.068,0.0663144,0.066,84587.57,BTC-6OCT26,0.354,0.97945,3.9956,0.0,0.0,0.0040000000000000036,BTC,84528.12,0.0
2026-10-03T00:23:29.731568+00:00,BTC-25JUN27-74000-C,87844.41,BTC-25JUN27,call,74000.0,2027-06-25T08:00:00+00:00,0.7263984038213298,0.216,0.219,0.21762499,0.2175,87844.41,BTC-25JUN27,0.3957,0.75082,237.58666,23.3,0.4,0.0030000000000000027,BTC,84528.12,8047.68
2026-10-03T00:23:29.731568+00:00,BTC-23OCT26-83000-C,84817.71,BTC-23OCT26,call,83000.0,2026-10-23T08:00:00+00:00,0.05562496097396506,0.0405,0.0425,0.04144244,0.0415,84817.71,BTC-23OCT26,0.3169,0.62807,75.6799,1.8,0.0,0.0020000000000000018,BTC,84528.12,0.0
2026-10-03T00:23:29.731568+00:00,BTC-25JUN27-68000-C,87844.41,BTC-25JUN27,call,68000.0,2027-06-25T08:00:00+00:00,0.7263984038213298,0.265,0.268,0.2664329,0.2665,87844.41,BTC-25JUN27,0.40700000000000003,0.819,197.21308,14.7,0.0,0.0030000000000000027,BTC,84528.12,0.0
2026-10-03T00:23:29.731568+00:00,BTC-9OCT26-88000-C,84615.72,BTC-9OCT26,call,88000.0,2026-10-09T08:00:00+00:00,0.017295049954115647,0.0028,0.0031,0.00296952,0.00295,84615.72,BTC-9OCT26,0.2867,0.15348,26.35199,556.6,157.2,0.0002999999999999999,BTC,84528.12,130222.28
2026-10-03T00:23:29.731568+00:00,BTC-26MAR27-65000-P,86687.42,BTC-26MAR27,put,65000.0,2027-03-26T08:00:00+00:00,0.4772539821923087,0.02,0.021,0.02048739,0.0205,86687.42,BTC-26MAR27,0.4156,-0.12589,123.93388,893.7,1.0,0.0010000000000000009,BTC,84528.12,1715.23
2026-10-03T00:23:29.731568+00:00,BTC-30OCT26-57000-C,84910.3,BTC-30OCT26,call,57000.0,2026-10-30T08:00:00+00:00,0.07478991648388979,0.3275,0.331,0.32928308,0.32925,84910.3,BTC-30OCT26,0.6429,0.9907,5.81222,0.1,0.0,0.003500000000000003,BTC,84528.12,0.0
2026-10-03T00:23:29.731568+00:00,BTC-16OCT26-76000-C,84723.27,BTC-16OCT26,call,76000.0,2026-10-16T08:00:00+00:00,0.03646000546404036,0.1025,0.1065,0.10489402,0.1045,84723.27,BTC-16OCT26,0.3759,0.93929,19.45587,0.0,0.0,0.0040000000000000036,BTC,84528.12,0.0
2026-10-03T00:23:29.731568+00:00,BTC-23OCT26-73000-P,84817.45,BTC-23OCT26,put,73000.0,2026-10-23T08:00:00+00:00,0.05562496097396506,0.002,0.0024,0.00218503,0.0022,84817.45,BTC-23OCT26,0.40409999999999996,-0.05251,21.45839,1.4,1.4,0.00039999999999999975,BTC,84528.12,254.32
2026-10-03T00:23:29.731568+00:00,BTC-25DEC26-210000-C,85603.12,BTC-25DEC26,call,210000.0,2026-12-25T08:00:00+00:00,0.22810956056328743,0.0001,0.0004,0.00021172,0.00025,85603.12,BTC-25DEC26,0.6359,0.00254,3.21869,162.5,0.1,0.00030000000000000003,BTC,84528.12,0.86
2026-10-03T00:23:29.731568+00:00,BTC-25DEC26-92000-C,85603.12,BTC-25DEC26,call,92000.0,2026-12-25T08:00:00+00:00,0.22810956056328743,0.0395,0.041,0.04027315,0.04025,85603.12,BTC-25DEC26,0.36229999999999996,0.37073,154.51834,704.8,92.1,0.0015000000000000013,BTC,84528.12,329340.38
2026-10-03T00:23:29.731568+00:00,BTC-24SEP27-210000-P,89025.41,BTC-24SEP27,put,210000.0,2027-09-24T08:00:00+00:00,0.9755428254503511,1.348,1.3915,1.36734448,1.36975,89025.41,BTC-24SEP27,0.4667,-0.94854,92.82355,0.0,0.0,0.04349999999999987,BTC,84528.12,0.0
2026-10-03T00:23:29.731568+00:00,BTC-26MAR27-90000-C,86687.42,BTC-26MAR27,call,90000.0,2027-03-26T08:00:00+00:00,0.4772539821923087,0.086,0.0875,0.08663942,0.08675,86687.42,BTC-26MAR27,0.3735,0.49351,238.95933,762.2,0.2,0.0015000000000000013,BTC,84528.12,1508.24
2026-10-03T00:23:29.731568+00:00,BTC-25JUN27-112000-P,87844.41,BTC-25JUN27,put,112000.0,2027-06-25T08:00:00+00:00,0.7263984038213298,0.3185,0.3365,0.32530586,0.3275,87844.41,BTC-25JUN27,0.38939999999999997,-0.71423,254.59659,0.0,0.0,0.018000000000000016,BTC,84528.12,0.0
2026-10-03T00:23:29.731568+00:00,BTC-25DEC26-86000-C,85603.12,BTC-25DEC26,call,86000.0,2026-12-25T08:00:00+00:00,0.22810956056328743,0.0665,0.0675,0.06699909,0.067,85603.12,BTC-25DEC26,0.36310000000000003,0.52393,162.86657,717.8,256.0,0.0010000000000000009,BTC,84528.12,1674707.5
2026-10-03T00:23:29.731568+00:00,BTC-5OCT26-83000-C,84576.19,BTC-5OCT26,call,83000.0,2026-10-05T08:00:00+00:00,0.006343646805587244,0.018,0.021,0.01962257,0.0195,84576.19,BTC-5OCT26,0.2039,0.87793,13.64172,8.8,8.8,0.0030000000000000027,BTC,84528.12,36381.81
2026-10-03T00:23:29.731568+00:00,BTC-27NOV26-84000-C,85253.63,BTC-27NOV26,call,84000.0,2026-11-27T08:00:00+00:00,0.15144973852358862,0.0615,0.063,0.06224942,0.06225,85253.63,BTC-27NOV26,0.3543,0.56988,130.36314,83.0,3.9,0.0015000000000000013,BTC,84528.12,21478.42
2026-10-03T00:23:29.731568+00:00,BTC-3OCT26-80500-P,84549.97,BTC-3OCT26,put,80500.0,2026-10-03T08:00:00+00:00,0.0008679452313230411,,0.0001,5.05e-06,,84549.97,BTC-3OCT26,0.5461,-0.00112,0.09277,32.1,21.6,,BTC,84528.12,242.39
2026-10-03T00:23:29.731568+00:00,BTC-4OCT26-86000-P,84561.91,BTC-4OCT26,put,86000.0,2026-10-04T08:00:00+00:00,0.0036057960184551425,0.016,0.0195,0.01738247,0.01775,84561.91,BTC-4OCT26,0.1929,-0.92695,7.04621,8.7,10.5,0.0034999999999999996,BTC,84528.12,5310.67
2026-10-03T00:23:29.731568+00:00,BTC-25JUN27-90000-P,87844.41,BTC-25JUN27,put,90000.0,2027-06-25T08:00:00+00:00,0.7263984038213298,0.143,0.1455,0.14430247,0.14425,87844.41,BTC-25JUN27,0.38420000000000004,-0.46423,297.58834,87.3,2.8,0.0025000000000000022,BTC,84528.12,32436.38
2026-10-03T00:23:29.731568+00:00,BTC-30OCT26-68000-P,84910.3,BTC-30OCT26,put,68000.0,2026-10-30T08:00:00+00:00,0.07478991648388979,0.0018,0.0021,0.00193992,0.00195,84910.3,BTC-30OCT26,0.46880000000000005,-0.03629,18.48747,1380.5,1.1,0.0002999999999999999,BTC,84528.12,176.44
2026-10-03T00:23:29.731568+00:00,BTC-24SEP27-96000-C,89025.41,BTC-24SEP27,call,96000.0,2027-09-24T08:00:00+00:00,0.9755428254503511,0.1195,0.1235,0.12154254,0.1215,89025.41,BTC-24SEP27,0.3873,0.49766,350.88534,0.4,0.2,0.0040000000000000036,BTC,84528.12,2102.62
2026-10-03T00:23:29.731568+00:00,BTC-9OCT26-74000-C,84616.07,BTC-9OCT26,call,74000.0,2026-10-09T08:00:00+00:00,0.017295049954115647,0.1235,0.1275,0.12580299,0.1255,84616.07,BTC-9OCT26,0.47700000000000004,0.98488,4.24501,1.1,0.0,0.0040000000000000036,BTC,84528.12,0.0
2026-10-03T00:23:29.731568+00:00,BTC-26MAR27-160000-P,86687.1,BTC-26MAR27,put,160000.0,2027-03-26T08:00:00+00:00,0.4772539821923087,0.842,0.864,0.85016245,0.853,86687.1,BTC-26MAR27,0.46090000000000003,-0.96122,50.34084,0.1,0.0,0.02200000000000002,BTC,84528.12,0.0
2026-10-03T00:23:29.731568+00:00,BTC-25DEC26-74000-C,85603.32,BTC-25DEC26,call,74000.0,2026-12-25T08:00:00+00:00,0.22810956056328743,0.1545,0.159,0.15657098,0.15675,85603.32,BTC-25DEC26,0.38670000000000004,0.81076,110.70856,137.9,0.0,0.004500000000000004,BTC,84528.12,0.0
2026-10-03T00:23:29.731568+00:00,BTC-16OCT26-79000-P,84723.62,BTC-16OCT26,put,79000.0,2026-10-16T08:00:00+00:00,0.03646000546404036,0.0041,0.0044,0.00427402,0.00425,84723.62,BTC-16OCT26,0.3344,-0.13,34.23323,185.9,30.3,0.0002999999999999999,BTC,84528.12,10898.97
2026-10-03T00:23:29.731568+00:00,BTC-23OCT26-83000-P,84817.45,BTC-23OCT26,put,83000.0,2026-10-23T08:00:00+00:00,0.05562496097396506,0.0195,0.0205,0.02001362,0.02,84817.45,BTC-23OCT26,0.3169,-0.37193,75.67977,13.7,5.7,0.0010000000000000009,BTC,84528.12,7578.63
2026-10-03T00:23:29.731568+00:00,BTC-4OCT26-88000-P,84561.91,BTC-4OCT26,put,88000.0,2026-10-04T08:00:00+00:00,0.0036057960184551425,0.039,0.0435,0.04082858,0.04125,84561.91,BTC-4OCT26,0.3321,-0.97657,2.8112,0.0,0.0,0.004499999999999997,BTC,84528.12,0.0
2026-10-03T00:23:29.731568+00:00,BTC-4OCT26-85500-C,84562.27,BTC-4OCT26,call,85500.0,2026-10-04T08:00:00+00:00,0.0036057960184551425,0.0005,0.0008,0.00064786,0.00065,84562.27,BTC-4OCT26,0.1635,0.13121,10.81302,123.0,118.0,0.00030000000000000003,BTC,84528.12,27980.43
2026-10-03T00:23:29.731568+00:00,BTC-16OCT26-94000-P,84723.27,BTC-16OCT26,put,94000.0,2026-10-16T08:00:00+00:00,0.03646000546404036,0.109,0.114,0.11114449,0.1115,84723.27,BTC-16OCT26,0.3427,-0.94003,19.26946,0.0,0.0,0.0050000000000000044,BTC,84528.12,0.0
2026-10-03T00:23:29.731568+00:00,BTC-6OCT26-94000-C,84587.28,BTC-6OCT26,call,94000.0,2026-10-06T08:00:00+00:00,0.009081497592719345,,0.0002,3.436e-05,,84587.28,BTC-6OCT26,0.40020000000000006,0.003,0.73841,2.5,2.5,,BTC,84528.12,30.06
2026-10-03T00:23:29.731568+00:00,BTC-25DEC26-54000-C,85603.32,BTC-25DEC26,call,54000.0,2026-12-25T08:00:00+00:00,0.22810956056328743,0.3695,0.374,0.37213141,0.37175,85603.32,BTC-25DEC26,0.5379,0.97265,25.76491,32.2,0.0,0.004500000000000004,BTC,84528.12,0.0
2026-10-03T00:23:29.731568+00:00,BTC-25DEC26-200000-C,85603.32,BTC-25DEC26,call,200000.0,2026-12-25T08:00:00+00:00,0.22810956056328743,0.0001,0.0004,0.00021185,0.00025,85603.32,BTC-25DEC26,0.6056,0.00265,3.3442,962.4,0.1,0.00030000000000000003,BTC,84528.12,1.73
2026-10-03T00:23:29.731568+00:00,BTC-9OCT26-72000-P,84616.07,BTC-9OCT26,put,72000.0,2026-10-09T08:00:00+00:00,0.017295049954115647,0.0002,0.0004,0.00025138,0.0003,84616.07,BTC-9OCT26,0.5377000000000001,-0.0103,3.04522,129.1,1.9,0.0002,BTC,84528.12,48.87
2026-10-03T00:23:29.731568+00:00,BTC-27NOV26-71000-P,85253.96,BTC-27NOV26,put,71000.0,2026-11-27T08:00:00+00:00,0.15144973852358862,0.008,0.009,0.00856216,0.0085,85253.96,BTC-27NOV26,0.40259999999999996,-0.10647,60.95715,28.7,2.8,0.0009999999999999992,BTC,84528.12,1964.65
2026-10-03T00:23:29.731568+00:00,BTC-24SEP27-135000-P,89025.41,BTC-24SEP27,put,135000.0,2027-09-24T08:00:00+00:00,0.9755428254503511,0.545,0.5675,0.55370318,0.55625,89025.41,BTC-24SEP27,0.4042,-0.80037,245.9707,0.0,0.0,0.022499999999999964,BTC,84528.12,0.0
2026-10-03T00:23:29.731568+00:00,BTC-6OCT26-75000-C,84587.57,BTC-6OCT26,call,75000.0,2026-10-06T08:00:00+00:00,0.009081497592719345,0.111,0.115,0.1133971,0.113,84587.57,BTC-6OCT26,0.47600000000000003,0.99624,0.90319,0.0,0.0,0.0040000000000000036,BTC,84528.12,0.0
2026-10-03T00:23:29.731568+00:00,BTC-24SEP27-150000-P,89025.41,BTC-24SEP27,put,150000.0,2027-09-24T08:00:00+00:00,0.9755428254503511,0.7,0.727,0.71017728,0.7135,89025.41,BTC-24SEP27,0.41479999999999995,-0.85731,198.3061,0.0,0.0,0.027000000000000024,BTC,84528.12,0.0
2026-10-03T00:23:29.731568+00:00,BTC-25JUN27-72000-P,87844.41,BTC-25JUN27,put,72000.0,2027-06-25T08:00:00+00:00,0.7263984038213298,0.052,0.0535,0.05287158,0.05275,87844.41,BTC-25JUN27,0.39909999999999995,-0.22521,224.73944,54.4,1.1,0.0015000000000000013,BTC,84528.12,4541.61
2026-10-03T00:23:29.731568+00:00,BTC-3OCT26-81000-C,84549.97,BTC-3OCT26,call,81000.0,2026-10-03T08:00:00+00:00,0.0008679452313230411,0.0395,0.0435,0.04199521,0.0415,84549.97,BTC-3OCT26,0.4903,0.99853,0.11923,0.0,0.0,0.003999999999999997,BTC,84528.12,0.0
2026-10-03T00:23:29.731568+00:00,BTC-25DEC26-45000-C,85603.12,BTC-25DEC26,call,45000.0,2026-12-25T08:00:00+00:00,0.22810956056328743,0.4735,0.4775,0.47580775,0.4755,85603.12,BTC-25DEC26,0.6452,0.98746,13.26996,94.5,0.0,0.0040000000000000036,BTC,84528.27,0.0
2026-10-03T00:23:29.731568+00:00,BTC-5OCT26-80500-P,84576.19,BTC-5OCT26,put,80500.0,2026-10-05T08:00:00+00:00,0.006343646805587244,0.0002,0.0004,0.00027634,0.0003,84576.19,BTC-5OCT26,0.32549999999999996,-0.0277,4.29051,10.6,13.1,0.0002,BTC,84528.27,374.04
2026-10-03T00:23:29.731568+00:00,BTC-25JUN27-70000-C,87844.68,BTC-25JUN27,call,70000.0,2027-06-25T08:00:00+00:00,0.7263984038213298,0.248,0.251,0.24949796,0.2495,87844.68,BTC-25JUN27,0.40270000000000006,0.79759,211.19124,207.3,0.2,0.0030000000000000027,BTC,84528.27,4526.74
2026-10-03T00:23:29.731568+00:00,BTC-16OCT26-83000-C,84723.62,BTC-16OCT26,call,83000.0,2026-10-16T08:00:00+00:00,0.03646000546404036,0.034,0.0355,0.03477787,0.03475,84723.62,BTC-16OCT26,0.3077,0.6475,60.09405,39.2,11.6,0.0014999999999999944,BTC,84528.27,46298.57
2026-10-03T00:23:29.731568+00:00,BTC-4OCT26-88500-C,84562.27,BTC-4OCT26,call,88500.0,2026-10-04T08:00:00+00:00,0.0036057960184551425,0.0001,0.0002,0.00012756,0.00015,84562.27,BTC-4OCT26,0.3547,0.01686,2.12618,32.8,35.9,0.0001,BTC,84528.27,1097.35
2026-10-03T00:23:29.731568+00:00,BTC-25DEC26-68000-P,85603.12,BTC-25DEC26,put,68000.0,2026-12-25T08:00:00+00:00,0.22810956056328743,0.011,0.0115,0.01097955,0.01125,85603.12,BTC-25DEC26,0.4183,-0.10532,74.53138,694.9,8.4,0.0005000000000000004,BTC,84528.37,7193.72
2026-10-03T00:23:29.731568+00:00,BTC-25DEC26-115000-P,85603.12,BTC-25DEC26,put,115000.0,2026-12-25T08:00:00+00:00,0.22810956056328743,0.3455,0.3555,0.34940828,0.3505,85603.12,BTC-25DEC26,0.4025,-0.92496,57.91567,5.0,0.0,0.010000000000000009,BTC,84528.37,0.0
2026-10-03T00:23:29.731568+00:00,BTC-26MAR27-98000-P,86687.42,BTC-26MAR27,put,98000.0,2027-03-26T08:00:00+00:00,0.4772539821923087,0.182,0.1915,0.18691137,0.18675,86687.42,BTC-26MAR27,0.37439999999999996,-0.63485,225.20543,1.6,0.0,0.009500000000000008,BTC,84528.37,0.0
2026-10-03T00:23:29.731568+00:00,BTC-25JUN27-78000-P,87844.68,BTC-25JUN27,put,78000.0,2027-06-25T08:00:00+00:00,0.7263984038213298,0.0755,0.0775,0.07660011,0.0765,87844.68,BTC-25JUN27,0.3907,-0.30034,260.53684,106.5,0.6,0.0020000000000000018,BTC,84528.37,3567.91
2026-10-03T00:23:29.731568+00:00,BTC-30OCT26-48000-P,84910.3,BTC-30OCT26,put,48000.0,2026-10-30T08:00:00+00:00,0.07478991648388979,0.0001,0.0003,0.0001772,0.0002,84910.3,BTC-30OCT26,0.7766,-0.00263,1.88832,198.2,4.7,0.00019999999999999998,BTC,84528.37,120.67
2026-10-03T00:23:29.731568+00:00,BTC-6OCT26-92000-P,84587.57,BTC-6OCT26,put,92000.0,2026-10-06T08:00:00+00:00,0.009081497592719345,0.0855,0.0905,0.08772775,0.088,84587.57,BTC-6OCT26,0.36579999999999996,-0.99163,1.83823,7.8,7.8,0.0049999999999999906,BTC,84528.37,39043.43
2026-10-03T00:23:29.731568+00:00,BTC-25DEC26-102000-P,85603.12,BTC-25DEC26,put,102000.0,2026-12-25T08:00:00+00:00,0.22810956056328743,0.2045,0.213,0.20807534,0.20875,85603.12,BTC-25DEC26,0.3718,-0.81536,109.0362,7.8,0.0,0.008500000000000008,BTC,84528.37,0.0
2026-10-03T00:23:29.731568+00:00,BTC-25JUN27-120000-C,87844.68,BTC-25JUN27,call,120000.0,2027-06-25T08:00:00+00:00,0.7263984038213298,0.0365,0.0385,0.03749528,0.0375,87844.68,BTC-25JUN27,0.3956,0.22479,224.5007,352.3,0.0,0.0020000000000000018,BTC,84528.37,0.0
2026-10-03T00:23:29.731568+00:00,BTC-4OCT26-91000-C,84562.27,BTC-4OCT26,call,91000.0,2026-10-04T08:00:00+00:00,0.0036057960184551425,,0.0001,1.166e-05,,84562.27,BTC-4OCT26,0.41369999999999996,0.00163,0.26803,1.8,1.1,,BTC,84528.37,9.4
2026-10-03T00:23:29.731568+00:00,BTC-9OCT26-90000-P,84616.07,BTC-9OCT26,put,90000.0,2026-10-09T08:00:00+00:00,0.017295049954115647,0.0625,0.0675,0.0647547,0.065,84616.07,BTC-9OCT26,0.3057,-0.93505,14.10524,2.3,2.0,0.0050000000000000044,BTC,84528.37,8676.93
2026-10-03T00:23:29.731568+00:00,BTC-16OCT26-85000-C,84723.62,BTC-16OCT26,call,85000.0,2026-10-16T08:00:00+00:00,0.03646000546404036,0.0215,0.0225,0.02173424,0.022,84723.62,BTC-16OCT26,0.3057,0.4892,64.53486,89.5,18.4,0.0010000000000000009,BTC,84528.37,48554.06
2026-10-03T00:23:29.731568+00:00,BTC-25JUN27-106000-P,87844.68,BTC-25JUN27,put,106000.0,2027-06-25T08:00:00+00:00,0.7263984038213298,0.2625,0.2805,0.27018501,0.2715,87844.68,BTC-25JUN27,0.3862,-0.65762,275.15273,0.0,0.0,0.018000000000000016,BTC,84528.37,0.0
2026-10-03T00:23:29.731568+00:00,BTC-23OCT26-92000-P,84817.45,BTC-23OCT26,put,92000.0,2026-10-23T08:00:00+00:00,0.05562496097396506,0.088,0.094,0.09094522,0.091,84817.45,BTC-23OCT26,0.331,-0.84187,48.31423,0.0,0.0,0.006000000000000005,BTC,84528.37,0.0
2026-10-03T00:23:29.731568+00:00,BTC-3OCT26-80000-C,84549.97,BTC-3OCT26,call,80000.0,2026-10-03T08:00:00+00:00,0.0008679452313230411,0.0515,0.056,0.05381979,0.05375,84549.97,BTC-3OCT26,0.5897,0.99929,0.0611,0.0,0.0,0.004500000000000004,BTC,84528.37,0.0
2026-10-03T00:23:29.731568+00:00,BTC-26MAR27-170000-P,86687.42,BTC-26MAR27,put,170000.0,2027-03-26T08:00:00+00:00,0.4772539821923087,0.9565,0.976,0.96459623,0.96625,86687.42,BTC-26MAR27,0.47850000000000004,-0.96937,41.47228,0.4,0.1,0.019499999999999962,BTC,84528.37,7986.32
2026-10-03T00:23:29.731568+00:00,BTC-9OCT26-94000-P,84616.07,BTC-9OCT26,put,94000.0,2026-10-09T08:00:00+00:00,0.017295049954115647,0.109,0.1135,0.1111515,0.11125,84616.07,BTC-9OCT26,0.3639,-0.98513,4.1846,0.0,0.0,0.004500000000000004,BTC,84528.37,0.0
2026-10-03T00:23:29.731568+00:00,BTC-30OCT26-104000-P,84910.3,BTC-30OCT26,put,104000.0,2026-10-30T08:00:00+00:00,0.07478991648388979,0.224,0.23,0.22638138,0.227,84910.3,BTC-30OCT26,0.4022,-0.96313,18.73256,0.0,0.0,0.006000000000000005,BTC,84528.37,0.0
2026-10-03T00:23:29.731568+00:00,BTC-24SEP27-84000-P,89025.41,BTC-24SEP27,put,84000.0,2027-09-24T08:00:00+00:00,0.9755428254503511,0.1205,0.1245,0.12242827,0.1225,89025.41,BTC-24SEP27,0.3914,-0.36562,330.79152,501.0,0.5,0.0040000000000000036,BTC,84528.37,4940.33
2026-10-03T00:23:29.731568+00:00,BTC-30OCT26-91000-P,84910.3,BTC-30OCT26,put,91000.0,2026-10-30T08:00:00+00:00,0.07478991648388979,0.0805,0.087,0.0837895,0.08375,84910.3,BTC-30OCT26,0.3321,-0.76339,71.65094,3.5,0.0,0.006499999999999992,BTC,84528.37,0.0
2026-10-03T00:23:29.731568+00:00,BTC-6OCT26-93000-P,84587.28,BTC-6OCT26,put,93000.0,2026-10-06T08:00:00+00:00,0.009081497592719345,0.0975,0.1015,0.09950619,0.0995,84587.28,BTC-6OCT26,0.3801,-0.99534,1.09562,7.7,7.7,0.0040000000000000036,BTC,84528.37,45918.0
2026-10-03T00:23:29.731568+00:00,BTC-24SEP27-86000-P,89025.41,BTC-24SEP27,put,86000.0,2027-09-24T08:00:00+00:00,0.9755428254503511,0.132,0.136,0.13368055,0.134,89025.41,BTC-24SEP27,0.3897,-0.38891,337.19627,4.4,3.6,0.0040000000000000036,BTC,84528.37,38561.49
2026-10-03T00:23:29.731568+00:00,BTC-24SEP27-76000-P,89025.41,BTC-24SEP27,put,76000.0,2027-09-24T08:00:00+00:00,0.9755428254503511,0.081,0.084,0.08238617,0.0825,89025.41,BTC-24SEP27,0.3971,-0.27453,293.23213,25.2,0.5,0.0030000000000000027,BTC,84528.37,3320.86
2026-10-03T00:23:29.731568+00:00,BTC-26MAR27-90000-P,86687.1,BTC-26MAR27,put,90000.0,2027-03-26T08:00:00+00:00,0.4772539821923087,0.124,0.1255,0.12485414,0.12475,86687.1,BTC-26MAR27,0.3735,-0.50649,238.95991,44.5,0.5,0.0015000000000000013,BTC,84528.37,5136.61
2026-10-03T00:23:29.731568+00:00,BTC-6OCT26-84500-P,84587.57,BTC-6OCT26,put,84500.0,2026-10-06T08:00:00+00:00,0.009081497592719345,0.0075,0.0085,0.00813013,0.008,84587.57,BTC-6OCT26,0.22719999999999999,-0.47718,32.11411,0.5,0.5,0.0010000000000000009,BTC,84528.37,181.38
2026-10-03T00:23:29.731568+00:00,BTC-30OCT26-80000-P,84910.3,BTC-30OCT26,put,80000.0,2026-10-30T08:00:00+00:00,0.07478991648388979,0.014,0.0145,0.01424749,0.01425,84910.3,BTC-30OCT26,0.34,-0.24612,73.20197,2328.1,529.0,0.0005000000000000004,BTC,84528.37,602198.11
2026-10-03T00:23:29.731568+00:00,BTC-26MAR27-54000-P,86687.42,BTC-26MAR27,put,54000.0,2027-03-26T08:00:00+00:00,0.4772539821923087,0.008,0.009,0.00846211,0.0085,86687.42,BTC-26MAR27,0.47350000000000003,-0.0537,65.39444,85.5,0.0,0.0009999999999999992,BTC,84528.32,0.0
2026-10-03T00:23:29.731568+00:00,BTC-3OCT26-82500-C,84549.97,BTC-3OCT26,call,82500.0,2026-10-03T08:00:00+00:00,0.0008679452313230411,0.022,0.0265,0.02426078,0.02425,84549.97,BTC-3OCT26,0.31739999999999996,0.99568,0.31586,0.0,0.0,0.0045000000000000005,BTC,84528.32,0.0
2026-10-03T00:23:29.731568+00:00,BTC-27NOV26-93000-C,85253.96,BTC-27NOV26,call,93000.0,2026-11-27T08:00:00+00:00,0.15144973852358862,0.0225,0.024,0.02318577,0.02325,85253.96,BTC-27NOV26,0.35509999999999997,0.28765,113.16857,203.7,26.1,0.0015000000000000013,BTC,84528.32,64161.6
2026-10-03T00:23:29.731568+00:00,BTC-24SEP27-108000-P,89025.41,BTC-24SEP27,put,108000.0,2027-09-24T08:00:00+00:00,0.9755428254503511,0.289,0.3085,0.29572095,0.29875,89025.41,BTC-24SEP27,0.389,-0.62201,334.3475,0.0,0.0,0.019500000000000017,BTC,84528.32,0.0
2026-10-03T00:23:29.731568+00:00,BTC-5OCT26-85500-P,84576.19,BTC-5OCT26,put,85500.0,2026-10-05T08:00:00+00:00,0.006343646805587244,0.0115,0.015,0.01300023,0.01325,84576.19,BTC-5OCT26,0.1888,-0.76308,20.79893,18.3,13.8,0.0034999999999999996,BTC,84528.32,5750.94
2026-10-03T00:23:29.731568+00:00,BTC-26MAR27-60000-P,86687.42,BTC-26MAR27,put,60000.0,2027-03-26T08:00:00+00:00,0.4772539821923087,0.013,0.014,0.01349454,0.0135,86687.42,BTC-26MAR27,0.43729999999999997,-0.08554,93.66202,817.4,0.2,0.0010000000000000009,BTC,84528.32,211.38
2026-10-03T00:23:29.731568+00:00,BTC-5OCT26-91000-P,84576.49,BTC-5OCT26,put,91000.0,2026-10-05T08:00:00+00:00,0.006343646805587244,0.074,0.079,0.07601304,0.0765,84576.49,BTC-5OCT26,0.3696,-0.99329,1.26527,0.0,0.0,0.0050000000000000044,BTC,84528.32,0.0
2026-10-03T00:23:29.731568+00:00,BTC-25DEC26-65000-C,85603.12,BTC-25DEC26,call,65000.0,2026-12-25T08:00:00+00:00,0.22810956056328743,0.245,0.251,0.24866978,0.248,85603.12,BTC-25DEC26,0.4378,0.9223,59.47212,916.8,0.0,0.006000000000000005,BTC,84528.32,0.0
2026-10-03T00:23:29.731568+00:00,BTC-3OCT26-92000-P,84549.97,BTC-3OCT26,put,92000.0,2026-10-03T08:00:00+00:00,0.0008679452313230411,0.086,0.0905,0.0881111,0.08825,84549.97,BTC-3OCT26,0.5457,-1.0,1e-05,0.0,0.0,0.004500000000000004,BTC,84528.32,0.0
2026-10-03T00:23:29.731568+00:00,BTC-30OCT26-110000-P,84910.3,BTC-30OCT26,put,110000.0,2026-10-30T08:00:00+00:00,0.07478991648388979,0.293,0.3005,0.29638435,0.29675,84910.3,BTC-30OCT26,0.45,-0.97941,11.52771,0.2,0.0,0.007500000000000007,BTC,84528.32,0.0
2026-10-03T00:23:29.731568+00:00,BTC-24SEP27-140000-P,89025.06,BTC-24SEP27,put,140000.0,2027-09-24T08:00:00+00:00,0.9755428254503511,0.596,0.621,0.60535595,0.6085,89025.06,BTC-24SEP27,0.4083,-0.82138,229.6775,0.0,0.0,0.025000000000000022,BTC,84528.32,0.0
2026-10-03T00:23:29.731568+00:00,BTC-3OCT26-85500-P,84549.97,BTC-3OCT26,put,85500.0,2026-10-03T08:00:00+00:00,0.0008679452313230411,0.01,0.0135,0.01146602,0.01175,84549.97,BTC-3OCT26,0.2559,-0.9307,3.31776,71.2,91.0,0.0034999999999999996,BTC,84528.32,27209.47
2026-10-03T00:23:29.731568+00:00,BTC-24SEP27-86000-C,89025.41,BTC-24SEP27,call,86000.0,2027-09-24T08:00:00+00:00,0.9755428254503511,0.1655,0.1695,0.16766856,0.1675,89025.41,BTC-24SEP27,0.3897,0.61109,337.19608,1.4,1.1,0.0040000000000000036,BTC,84528.32,16789.28
2026-10-03T00:23:29.731568+00:00,BTC-3OCT26-91000-P,84549.97,BTC-3OCT26,put,91000.0,2026-10-03T08:00:00+00:00,0.0008679452313230411,0.074,0.079,0.0762838,0.0765,84549.97,BTC-3OCT26,0.494,-1.0,3e-05,0.0,0.0,0.0050000000000000044,BTC,84528.32,0.0
2026-10-03T00:23:29.731568+00:00,BTC-25DEC26-190000-C,85603.12,BTC-25DEC26,call,190000.0,2026-12-25T08:00:00+00:00,0.22810956056328743,0.0001,0.0005,0.00024418,0.0003,85603.12,BTC-25DEC26,0.581,0.00313,3.88524,1027.1,0.1,0.0004,BTC,84528.32,1.73
2026-10-03T00:23:29.731568+00:00,BTC-25DEC26-230000-P,85603.12,BTC-25DEC26,put,230000.0,2026-12-25T08:00:00+00:00,0.22810956056328743,1.6775,1.7005,1.68693977,1.689,85603.12,BTC-25DEC26,0.6645,-0.99843,2.07631,0.0,0.0,0.02299999999999991,BTC,84528.32,0.0
2026-10-03T00:23:29.731568+00:00,BTC-26MAR27-150000-C,86687.42,BTC-26MAR27,call,150000.0,2027-03-26T08:00:00+00:00,0.4772539821923087,0.0055,0.006,0.00596092,0.00575,86687.42,BTC-26MAR27,0.4448,0.0515,63.25268,1866.5,0.7,0.0005000000000000004,BTC,84528.32,393.17
2026-10-03T00:23:29.731568+00:00,BTC-25DEC26-45000-P,85603.12,BTC-25DEC26,put,45000.0,2026-12-25T08:00:00+00:00,0.22810956056328743,0.0013,0.0017,0.00148768,0.0015,85603.12,BTC-25DEC26,0.6452,-0.01254,13.27016,2812.1,32.0,0.00039999999999999996,BTC,84528.32,4603.48
2026-10-03T00:23:29.731568+00:00,BTC-4OCT26-83000-C,84562.27,BTC-4OCT26,call,83000.0,2026-10-04T08:00:00+00:00,0.0036057960184551425,0.016,0.0205,0.01882552,0.01825,84562.27,BTC-4OCT26,0.2057,0.93524,6.42091,1.2,0.9,0.0045000000000000005,BTC,84528.32,3010.32
2026-10-03T00:23:29.731568+00:00,BTC-30OCT26-67000-P,84910.3,BTC-30OCT26,put,67000.0,2026-10-30T08:00:00+00:00,0.07478991648388979,0.0017,0.0018,0.00173019,0.00175,84910.3,BTC-30OCT26,0.4844,-0.03189,16.62376,685.6,13.5,0.00010000000000000005,BTC,84528.32,2159.4
2026-10-03T00:23:29.731568+00:00,BTC-25JUN27-125000-C,87844.68,BTC-25JUN27,call,125000.0,2027-06-25T08:00:00+00:00,0.7263984038213298,0.0305,0.0325,0.03146296,0.0315,87844.68,BTC-25JUN27,0.40009999999999996,0.19394,205.80563,640.2,0.0,0.0020000000000000018,BTC,84528.32,0.0
2026-10-03T00:23:29.731568+00:00,BTC-25JUN27-60000-C,87844.68,BTC-25JUN27,call,60000.0,2027-06-25T08:00:00+00:00,0.7263984038213298,0.3385,0.3415,0.34021783,0.34,87844.68,BTC-25JUN27,0.4307,0.88912,141.63507,969.9,0.0,0.0030000000000000027,BTC,84528.32,0.0
2026-10-03T00:23:29.731568+00:00,BTC-5OCT26-83500-P,84576.19,BTC-5OCT26,put,83500.0,2026-10-05T08:00:00+00:00,0.006343646805587244,0.0015,0.0019,0.00168912,0.0017,84576.19,BTC-5OCT26,0.1911,-0.1984,18.77274,13.9,17.8,0.00039999999999999996,BTC,84528.32,1933.68
2026-10-03T00:23:29.731568+00:00,BTC-23OCT26-94000-C,84817.45,BTC-23OCT26,call,94000.0,2026-10-23T08:00:00+00:00,0.05562496097396506,0.0039,0.0043,0.0040827,0.0041,84817.45,BTC-23OCT26,0.342,0.10862,37.28653,46.9,50.9,0.0004000000000000002,BTC,84528.32,32094.29
2026-10-03T00:23:29.731568+00:00,BTC-27NOV26-79000-P,85253.96,BTC-27NOV26,put,79000.0,2026-11-27T08:00:00+00:00,0.15144973852358862,0.025,0.0255,0.02531071,0.02525,85253.96,BTC-27NOV26,0.36329999999999996,-0.27123,109.98316,170.5,0.2,0.000499999999999997,BTC,84528.22,363.2
2026-10-03T00:23:29.731568+00:00,BTC-5OCT26-85000-C,84576.19,BTC-5OCT26,call,85000.0,2026-10-05T08:00:00+00:00,0.006343646805587244,0.0033,0.0038,0.00358825,0.00355,84576.19,BTC-5OCT26,0.1804,0.36615,25.35279,4.4,0.9,0.0005,BTC,84528.22,358.13
2026-10-03T00:23:29.731568+00:00,BTC-24SEP27-190000-C,89025.41,BTC-24SEP27,call,190000.0,2027-09-24T08:00:00+00:00,0.9755428254503511,0.0105,0.0125,0.01149324,0.0115,89025.41,BTC-24SEP27,0.4498,0.06894,116.71415,9.0,0.0,0.002,BTC,84528.22,0.0
2026-10-03T00:23:29.731568+00:00,BTC-30OCT26-59000-C,84910.3,BTC-30OCT26,call,59000.0,2026-10-30T08:00:00+00:00,0.07478991648388979,0.304,0.3075,0.30583581,0.30575,84910.3,BTC-30OCT26,0.6068,0.98857,6.95763,1.0,0.0,0.003500000000000003,BTC,84528.22,0.0
2026-10-03T00:23:29.731568+00:00,BTC-25JUN27-115000-C,87844.68,BTC-25JUN27,call,115000.0,2027-06-25T08:00:00+00:00,0.7263984038213298,0.044,0.046,0.04497629,0.045,87844.68,BTC-25JUN27,0.39149999999999996,0.26107,243.44745,150.1,0.2,0.0020000000000000018,BTC,84528.22,862.69
2026-10-03T00:23:29.731568+00:00,BTC-3OCT26-79000-C,84549.97,BTC-3OCT26,call,79000.0,2026-10-03T08:00:00+00:00,0.0008679452313230411,0.0635,0.0675,0.06564646,0.0655,84549.97,BTC-3OCT26,0.7016,0.99951,0.04378,0.0,0.0,0.0040000000000000036,BTC,84527.87,0.0
2026-10-03T00:23:29.731568+00:00,BTC-26MAR27-106000-C,86687.42,BTC-26MAR27,call,106000.0,2027-03-26T08:00:00+00:00,0.4772539821923087,0.0365,0.0375,0.03687864,0.037,86687.42,BTC-26MAR27,0.38,0.26284,195.40146,93.5,0.0,0.0010000000000000009,BTC,84527.87,0.0
2026-10-03T00:23:29.731568+00:00,BTC-30OCT26-48000-C,84910.3,BTC-30OCT26,call,48000.0,2026-10-30T08:00:00+00:00,0.07478991648388979,0.4335,0.4365,0.43487369,0.435,84910.3,BTC-30OCT26,0.7766,0.99737,1.8888,8.5,0.0,0.0030000000000000027,BTC,84527.87,0.0
2026-10-03T00:23:29.731568+00:00,BTC-9OCT26-89000-P,84615.72,BTC-9OCT26,put,89000.0,2026-10-09T08:00:00+00:00,0.017295049954115647,0.0515,0.056,0.0536243,0.05375,84615.72,BTC-9OCT26,0.2953,-0.89984,19.55784,5.1,4.1,0.004500000000000004,BTC,84527.87,14025.62
2026-10-03T00:23:29.731568+00:00,BTC-23OCT26-75000-C,84817.45,BTC-23OCT26,call,75000.0,2026-10-23T08:00:00+00:00,0.05562496097396506,0.1165,0.121,0.11894455,0.11875,84817.45,BTC-23OCT26,0.3774,0.92303,28.89163,0.0,0.0,0.00449999999999999,BTC,84527.87,0.0
2026-10-03T00:23:29.731568+00:00,BTC-26MAR27-98000-C,86687.42,BTC-26MAR27,call,98000.0,2027-03-26T08:00:00+00:00,0.4772539821923087,0.056,0.057,0.0564109,0.0565,86687.42,BTC-26MAR27,0.37439999999999996,0.36514,225.20112,216.2,7.1,0.0010000000000000009,BTC,84527.84,36723.26
2026-10-03T00:23:29.731568+00:00,BTC-30OCT26-88000-P,84910.3,BTC-30OCT26,put,88000.0,2026-10-30T08:00:00+00:00,0.07478991648388979,0.056,0.058,0.05747513,0.057,84910.3,BTC-30OCT26,0.32789999999999997,-0.63827,87.04458,2383.0,8.6,0.0020000000000000018,BTC,84527.87,35973.66
2026-10-03T00:23:29.731568+00:00,BTC-25JUN27-116000-P,87844.41,BTC-25JUN27,put,116000.0,2027-06-25T08:00:00+00:00,0.7263984038213298,0.3565,0.3745,0.36381221,0.3655,87844.41,BTC-25JUN27,0.3921,-0.74681,239.59367,0.0,0.0,0.018000000000000016,BTC,84527.84,0.0
2026-10-03T00:23:29.731568+00:00,BTC-5OCT26-95000-P,84576.49,BTC-5OCT26,put,95000.0,2026-10-05T08:00:00+00:00,0.006343646805587244,0.121,0.126,0.12325036,0.1235,84576.49,BTC-5OCT26,0.45399999999999996,-0.9993,0.16271,0.0,0.0,0.0050000000000000044,BTC,84527.84,0.0
2026-10-03T00:23:29.731568+00:00,BTC-6OCT26-88500-C,84587.57,BTC-6OCT26,call,88500.0,2026-10-06T08:00:00+00:00,0.009081497592719345,0.0004,0.0006,0.00054262,0.0005,84587.57,BTC-6OCT26,0.2838,0.0485,8.11652,4.8,5.3,0.00019999999999999993,BTC,84527.84,1663.91
2026-10-03T00:23:29.731568+00:00,BTC-30OCT26-102000-P,84909.94,BTC-30OCT26,put,102000.0,2026-10-30T08:00:00+00:00,0.07478991648388979,0.2,0.207,0.20330831,0.2035,84909.94,BTC-30OCT26,0.3899,-0.95212,23.14175,0.0,0.0,0.0069999999999999785,BTC,84527.84,0.0
2026-10-03T00:23:29.731568+00:00,BTC-16OCT26-70000-C,84723.27,BTC-16OCT26,call,70000.0,2026-10-16T08:00:00+00:00,0.03646000546404036,0.1725,0.176,0.17436864,0.17425,84723.27,BTC-16OCT26,0.4828,0.98281,6.88819,0.0,0.0,0.003500000000000003,BTC,84527.84,0.0
2026-10-03T00:23:29.731568+00:00,BTC-27NOV26-88000-P,85253.63,BTC-27NOV26,put,88000.0,2026-11-27T08:00:00+00:00,0.15144973852358862,0.0725,0.0735,0.07324875,0.073,85253.63,BTC-27NOV26,0.3531,-0.56446,130.66749,36.4,0.3,0.0010000000000000009,BTC,84528.07,1884.89
2026-10-03T00:23:29.731568+00:00,BTC-25DEC26-72000-P,85603.32,BTC-25DEC26,put,72000.0,2026-12-25T08:00:00+00:00,0.22810956056328743,0.0165,0.0175,0.01695317,0.017,85603.32,BTC-25DEC26,0.39630000000000004,-0.15663,98.12808,856.3,211.0,0.0010000000000000009,BTC,84528.07,264579.88
2026-10-03T00:23:29.731568+00:00,BTC-26MAR27-56000-C,86687.42,BTC-26MAR27,call,56000.0,2027-03-26T08:00:00+00:00,0.4772539821923087,0.359,0.3675,0.36388011,0.36325,86687.42,BTC-26MAR27,0.4607,0.93719,73.96147,14.4,0.0,0.008500000000000008,BTC,84528.07,0.0
2026-10-03T00:23:29.731568+00:00,BTC-5OCT26-86500-P,84576.49,BTC-5OCT26,put,86500.0,2026-10-05T08:00:00+00:00,0.006343646805587244,0.022,0.0255,0.02350766,0.02375,84576.49,BTC-5OCT26,0.2148,-0.90423,11.45588,29.0,29.0,0.0034999999999999996,BTC,84528.07,25846.31
2026-10-03T00:23:29.731568+00:00,BTC-27NOV26-105000-P,85253.96,BTC-27NOV26,put,105000.0,2026-11-27T08:00:00+00:00,0.15144973852358862,0.2335,0.2425,0.23771584,0.238,85253.96,BTC-27NOV26,0.3832,-0.90697,55.23319,3.9,0.6,0.00899999999999998,BTC,84528.07,11983.74
2026-10-03T00:23:29.731568+00:00,BTC-9OCT26-75000-C,84616.07,BTC-9OCT26,call,75000.0,2026-10-09T08:00:00+00:00,0.017295049954115647,0.112,0.116,0.11412223,0.114,84616.07,BTC-9OCT26,0.4583,0.97882,5.65742,0.4,0.1,0.0040000000000000036,BTC,84528.07,1109.13
2026-10-03T00:23:29.731568+00:00,BTC-24SEP27-72000-C,89025.41,BTC-24SEP27,call,72000.0,2027-09-24T08:00:00+00:00,0.9755428254503511,0.255,0.259,0.25724101,0.257,89025.41,BTC-24SEP27,0.4011,0.76838,268.11701,0.0,0.0,0.0040000000000000036,BTC,84528.07,0.0
2026-10-03T00:23:29.731568+00:00,BTC-25JUN27-55000-C,87844.68,BTC-25JUN27,call,55000.0,2027-06-25T08:00:00+00:00,0.7263984038213298,0.386,0.3935,0.3901352,0.38975,87844.68,BTC-25JUN27,0.4509,0.92076,110.53591,3.7,0.0,0.007500000000000007,BTC,84528.07,0.0
2026-10-03T00:23:29.731568+00:00,BTC-27NOV26-93000-P,85253.63,BTC-27NOV26,put,93000.0,2026-11-27T08:00:00+00:00,0.15144973852358862,0.111,0.1185,0.11404253,0.11475,85253.63,BTC-27NOV26,0.35509999999999997,-0.71236,113.16717,0.0,0.0,0.007499999999999993,BTC,84528.07,0.0
2026-10-03T00:23:29.731568+00:00,BTC-5OCT26-82500-P,84576.49,BTC-5OCT26,put,82500.0,2026-10-05T08:00:00+00:00,0.006343646805587244,0.0006,0.0008,0.00067019,0.0007,84576.49,BTC-5OCT26,0.22510000000000002,-0.08194,10.20013,19.1,11.2,0.0002000000000000001,BTC,84528.07,1086.43
2026-10-03T00:23:29.731568+00:00,BTC-27NOV26-108000-P,85253.63,BTC-27NOV26,put,108000.0,2026-11-27T08:00:00+00:00,0.15144973852358862,0.267,0.2755,0.27139866,0.27125,85253.63,BTC-27NOV26,0.3942,-0.92848,45.30059,0.0,0.0,0.008500000000000008,BTC,84528.07,0.0
2026-10-03T00:23:29.731568+00:00,BTC-4OCT26-87000-P,84562.27,BTC-4OCT26,put,87000.0,2026-10-04T08:00:00+00:00,0.0036057960184551425,0.0275,0.031,0.02904473,0.02925,84562.27,BTC-4OCT26,0.2601,-0.96475,3.94762,14.0,15.2,0.0034999999999999996,BTC,84528.07,14816.75
2026-10-03T00:23:29.731568+00:00,BTC-4OCT26-84000-P,84562.27,BTC-4OCT26,put,84000.0,2026-10-04T08:00:00+00:00,0.0036057960184551425,0.001,0.0013,0.00114336,0.00115,84562.27,BTC-4OCT26,0.147,-0.22414,15.19901,91.7,94.3,0.0002999999999999999,BTC,84528.07,15253.36
2026-10-03T00:23:29.731568+00:00,BTC-3OCT26-87000-C,84549.97,BTC-3OCT26,call,87000.0,2026-10-03T08:00:00+00:00,0.0008679452313230411,,0.0001,2.837e-05,,84549.97,BTC-3OCT26,0.39659999999999995,0.00727,0.50182,134.5,217.8,,BTC,84528.07,73470.37
2026-10-03T00:23:29.731568+00:00,BTC-25DEC26-56000-C,85603.12,BTC-25DEC26,call,56000.0,2026-12-25T08:00:00+00:00,0.22810956056328743,0.3465,0.3515,0.34932083,0.349,85603.12,BTC-25DEC26,0.5177,0.96706,30.06192,42.2,0.0,0.0050000000000000044,BTC,84528.07,0.0
2026-10-03T00:23:29.731568+00:00,BTC-4OCT26-75000-P,84562.27,BTC-4OCT26,put,75000.0,2026-10-04T08:00:00+00:00,0.0036057960184551425,,0.0001,2.807e-05,,84562.27,BTC-4OCT26,0.7073,-0.00222,0.35328,12.0,0.0,,BTC,84528.07,0.0
2026-10-03T00:23:29.731568+00:00,BTC-24SEP27-170000-P,89025.41,BTC-24SEP27,put,170000.0,2027-09-24T08:00:00+00:00,0.9755428254503511,0.9145,0.949,0.9260678,0.93175,89025.41,BTC-24SEP27,0.4326,-0.9032,150.72781,4.3,0.0,0.034499999999999975,BTC,84528.07,0.0
2026-10-03T00:23:29.731568+00:00,BTC-26MAR27-86000-P,86687.42,BTC-26MAR27,put,86000.0,2027-03-26T08:00:00+00:00,0.4772539821923087,0.098,0.0995,0.09861274,0.09875,86687.42,BTC-26MAR27,0.37439999999999996,-0.43641,235.94733,29.9,3.0,0.0015000000000000013,BTC,84528.07,22627.25
2026-10-03T00:23:29.731568+00:00,BTC-3OCT26-84500-C,84549.97,BTC-3OCT26,call,84500.0,2026-10-03T08:00:00+00:00,0.0008679452313230411,0.0018,0.0024,0.00212511,0.0021,84549.97,BTC-3OCT26,0.1542,0.54887,9.86013,141.5,133.6,0.0005999999999999998,BTC,84528.07,35843.72
2026-10-03T00:23:29.731568+00:00,BTC-26MAR27-40000-P,86687.42,BTC-26MAR27,put,40000.0,2027-03-26T08:00:00+00:00,0.4772539821923087,0.0025,0.003,0.00266366,0.00275,86687.42,BTC-26MAR27,0.5771999999999999,-0.01625,24.29381,1934.7,4.2,0.0005,BTC,84528.07,976.54
2026-10-03T00:23:29.731568+00:00,BTC-23OCT26-76000-P,84817.71,BTC-23OCT26,put,76000.0,2026-10-23T08:00:00+00:00,0.05562496097396506,0.0037,0.0042,0.00393157,0.00395,84817.71,BTC-23OCT26,0.3655,-0.09413,33.59301,1.8,1.7,0.0004999999999999996,BTC,84528.07,580.83
2026-10-03T00:23:29.731568+00:00,BTC-26MAR27-120000-C,86687.42,BTC-26MAR27,call,120000.0,2027-03-26T08:00:00+00:00,0.4772539821923087,0.018,0.019,0.01839781,0.0185,86687.42,BTC-26MAR27,0.3961,0.14655,137.5176,835.9,15.7,0.0010000000000000009,BTC,84528.07,28322.97
2026-10-03T00:23:29.731568+00:00,BTC-16OCT26-92000-P,84723.27,BTC-16OCT26,put,92000.0,2026-10-16T08:00:00+00:00,0.03646000546404036,0.0865,0.0915,0.08878185,0.089,84723.27,BTC-16OCT26,0.3285,-0.90017,28.36423,0.1,0.0,0.0050000000000000044,BTC,84528.07,0.0
2026-10-03T00:23:29.731568+00:00,BTC-5OCT26-75000-P,84576.49,BTC-5OCT26,put,75000.0,2026-10-05T08:00:00+00:00,0.006343646805587244,,0.0002,4.612e-05,,84576.49,BTC-5OCT26,0.5607,-0.00335,0.68,9.5,1.0,,BTC,84528.07,8.67
2026-10-03T00:23:29.731568+00:00,BTC-30OCT26-80000-C,84910.3,BTC-30OCT26,call,80000.0,2026-10-30T08:00:00+00:00,0.07478991648388979,0.0715,0.073,0.07207497,0.07225,84910.3,BTC-30OCT26,0.34,0.75387,73.20251,1385.2,0.4,0.0015000000000000013,BTC,84528.07,2993.38
2026-10-03T00:23:29.731568+00:00,BTC-25JUN27-140000-C,87844.41,BTC-25JUN27,call,140000.0,2027-06-25T08:00:00+00:00,0.7263984038213298,0.0185,0.02,0.01924752,0.01925,87844.41,BTC-25JUN27,0.4142,0.12646,155.42967,378.4,13.0,0.0015000000000000013,BTC,84528.07,24892.12
2026-10-03T00:23:29.731568+00:00,BTC-4OCT26-81500-P,84562.27,BTC-4OCT26,put,81500.0,2026-10-04T08:00:00+00:00,0.0036057960184551425,0.0001,0.0002,0.00016159,0.00015,84562.27,BTC-4OCT26,0.3094,-0.02291,2.75812,24.6,24.4,0.0001,BTC,84528.07,568.67
2026-10-03T00:23:29.731568+00:00,BTC-27NOV26-67000-C,85253.63,BTC-27NOV26,call,67000.0,2026-11-27T08:00:00+00:00,0.15144973852358862,0.217,0.2215,0.2195885,0.21925,85253.63,BTC-27NOV26,0.44,0.93213,43.51214,0.6,0.0,0.004500000000000004,BTC,84528.07,0.0
2026-10-03T00:23:29.731568+00:00,BTC-30OCT26-96000-P,84910.3,BTC-30OCT26,put,96000.0,2026-10-30T08:00:00+00:00,0.07478991648388979,0.133,0.139,0.13573402,0.136,84910.3,BTC-30OCT26,0.35609999999999997,-0.88715,44.48393,0.1,0.0,0.006000000000000005,BTC,84528.07,0.0
2026-10-03T00:23:29.731568+00:00,BTC-5OCT26-86000-C,84576.49,BTC-5OCT26,call,86000.0,2026-10-05T08:00:00+00:00,0.006343646805587244,0.0012,0.0014,0.00124095,0.0013,84576.49,BTC-5OCT26,0.201,0.15058,15.75021,34.8,42.9,0.0002000000000000001,BTC,84528.07,25905.48
2026-10-03T00:23:29.731568+00:00,BTC-4OCT26-74000-C,84561.91,BTC-4OCT26,call,74000.0,2026-10-04T08:00:00+00:00,0.0036057960184551425,0.123,0.1265,0.12491745,0.12475,84561.91,BTC-4OCT26,0.7289,0.99893,0.18247,0.0,0.0,0.003500000000000003,BTC,84528.07,0.0
2026-10-03T00:23:29.731568+00:00,BTC-6OCT26-82500-C,84587.57,BTC-6OCT26,call,82500.0,2026-10-06T08:00:00+00:00,0.009081497592719345,0.024,0.0285,0.02633239,0.02625,84587.57,BTC-6OCT26,0.2438,0.86094,17.86467,0.0,0.0,0.0045000000000000005,BTC,84528.07,0.0
2026-10-03T00:23:29.731568+00:00,BTC-26MAR27-56000-P,86687.42,BTC-26MAR27,put,56000.0,2027-03-26T08:00:00+00:00,0.4772539821923087,0.0095,0.0105,0.00988038,0.01,86687.42,BTC-26MAR27,0.4607,-0.06281,73.96147,131.8,0.0,0.0010000000000000009,BTC,84528.07,0.0
2026-10-03T00:23:29.731568+00:00,BTC-3OCT26-94000-C,84549.97,BTC-3OCT26,call,94000.0,2026-10-03T08:00:00+00:00,0.0008679452313230411,,0.0001,0.0,,84549.97,BTC-3OCT26,0.662,0.0,0.0,6.6,6.1,,BTC,84528.07,61.56
2026-10-03T00:23:29.731568+00:00,BTC-25JUN27-56000-C,87844.68,BTC-25JUN27,call,56000.0,2027-06-25T08:00:00+00:00,0.7263984038213298,0.376,0.383,0.37980592,0.3795,87844.68,BTC-25JUN27,0.44530000000000003,0.91556,115.96672,2.9,0.0,0.007000000000000006,BTC,84528.07,0.0
2026-10-03T00:23:29.731568+00:00,BTC-25JUN27-94000-C,87844.41,BTC-25JUN27,call,94000.0,2027-06-25T08:00:00+00:00,0.7263984038213298,0.101,0.1035,0.10222132,0.10225,87844.41,BTC-25JUN27,0.3835,0.48259,298.50067,29.7,0.0,0.0024999999999999883,BTC,84528.07,0.0
2026-10-03T00:23:29.731568+00:00,BTC-25JUN27-200000-P,87844.68,BTC-25JUN27,put,200000.0,2027-06-25T08:00:00+00:00,0.7263984038213298,1.266,1.3055,1.28172255,1.28575,87844.68,BTC-25JUN27,0.4796,-0.96469,58.29262,2.1,0.0,0.03950000000000009,BTC,84528.07,0.0
2026-10-03T00:23:29.731568+00:00,BTC-27NOV26-78000-C,85253.96,BTC-27NOV26,call,78000.0,2026-11-27T08:00:00+00:00,0.15144973852358862,0.1065,0.1085,0.10712143,0.1075,85253.96,BTC-27NOV26,0.3657,0.75663,103.95468,243.0,15.1,0.0020000000000000018,BTC,84528.07,154646.46
2026-10-03T00:23:29.731568+00:00,BTC-24SEP27-200000-C,89025.41,BTC-24SEP27,call,200000.0,2027-09-24T08:00:00+00:00,0.9755428254503511,0.0085,0.0105,0.0094841,0.0095,89025.41,BTC-24SEP27,0.45549999999999996,0.05779,101.7375,29.5,2.0,0.002,BTC,84528.07,1683.23
2026-10-03T00:23:29.731568+00:00,BTC-24SEP27-118000-P,89025.41,BTC-24SEP27,put,118000.0,2027-09-24T08:00:00+00:00,0.9755428254503511,0.376,0.398,0.38600441,0.387,89025.41,BTC-24SEP27,0.3932,-0.7024,304.69475,0.0,0.0,0.02200000000000002,BTC,84528.07,0.0
2026-10-03T00:23:29.731568+00:00,BTC-23OCT26-96000-P,84817.45,BTC-23OCT26,put,96000.0,2026-10-23T08:00:00+00:00,0.05562496097396506,0.132,0.1375,0.1345451,0.13475,84817.45,BTC-23OCT26,0.3539,-0.92533,28.23131,0.0,0.0,0.005500000000000005,BTC,84528.07,0.0
2026-10-03T00:23:29.731568+00:00,BTC-27NOV26-62000-P,85253.96,BTC-27NOV26,put,62000.0,2026-11-27T08:00:00+00:00,0.15144973852358862,0.003,0.0034,0.00320698,0.0032,85253.96,BTC-27NOV26,0.4905,-0.03892,27.96645,371.8,35.1,0.00039999999999999975,BTC,84528.12,10651.05
2026-10-03T00:23:29.731568+00:00,BTC-16OCT26-86000-P,84723.27,BTC-16OCT26,put,86000.0,2026-10-16T08:00:00+00:00,0.03646000546404036,0.031,0.032,0.03166662,0.0315,84723.27,BTC-16OCT26,0.3043,-0.59054,62.88667,21.6,10.3,0.0010000000000000009,BTC,84528.12,20993.18
2026-10-03T00:23:29.731568+00:00,BTC-25DEC26-50000-C,85603.12,BTC-25DEC26,call,50000.0,2026-12-25T08:00:00+00:00,0.22810956056328743,0.4155,0.4205,0.41806337,0.418,85603.12,BTC-25DEC26,0.5828,0.98079,19.13943,260.7,0.0,0.0050000000000000044,BTC,84528.12,0.0
2026-10-03T00:23:29.731568+00:00,BTC-24SEP27-74000-C,89025.41,BTC-24SEP27,call,74000.0,2027-09-24T08:00:00+00:00,0.9755428254503511,0.24,0.2445,0.24267552,0.24225,89025.41,BTC-24SEP27,0.39909999999999995,0.74722,281.13229,1.4,0.0,0.004500000000000004,BTC,84528.12,0.0
2026-10-03T00:23:29.731568+00:00,BTC-23OCT26-78000-C,84817.45,BTC-23OCT26,call,78000.0,2026-10-23T08:00:00+00:00,0.05562496097396506,0.084,0.0885,0.08656867,0.08625,84817.45,BTC-23OCT26,0.34590000000000004,0.85702,45.17881,0.8,0.8,0.00449999999999999,BTC,84528.12,5989.29
2026-10-03T00:23:29.731568+00:00,BTC-30OCT26-45000-P,84910.3,BTC-30OCT26,put,45000.0,2026-10-30T08:00:00+00:00,0.07478991648388979,0.0001,0.0002,0.00012436,0.00015,84910.3,BTC-30OCT26,0.8284999999999999,-0.00181,1.34318,353.3,32.8,0.0001,BTC,84528.12,290.48
2026-10-03T00:23:29.731568+00:00,BTC-30OCT26-69000-C,84910.3,BTC-30OCT26,call,69000.0,2026-10-30T08:00:00+00:00,0.07478991648388979,0.187,0.1915,0.18960948,0.18925,84910.3,BTC-30OCT26,0.45549999999999996,0.95792,20.85843,617.5,75.4,0.004500000000000004,BTC,84528.12,1275050.87
2026-10-03T00:23:29.731568+00:00,BTC-4OCT26-92000-P,84561.91,BTC-4OCT26,put,92000.0,2026-10-04T08:00:00+00:00,0.0036057960184551425,0.086,0.091,0.08795932,0.0885,84561.91,BTC-4OCT26,0.4144,-0.99963,0.06788,0.0,0.0,0.0050000000000000044,BTC,84528.12,0.0
2026-10-03T00:23:29.731568+00:00,BTC-3OCT26-87500-C,84549.97,BTC-3OCT26,call,87500.0,2026-10-03T08:00:00+00:00,0.0008679452313230411,,0.0001,2.316e-05,,84549.97,BTC-3OCT26,0.45539999999999997,0.00529,0.37837,89.7,123.7,,BTC,84528.12,23806.78
2026-10-03T00:23:29.731568+00:00,BTC-3OCT26-85500-C,84549.97,BTC-3OCT26,call,85500.0,2026-10-03T08:00:00+00:00,0.0008679452313230411,0.0002,0.0003,0.00023234,0.00025,84549.97,BTC-3OCT26,0.2559,0.069,3.30331,120.7,125.6,9.999999999999996e-05,BTC,84528.12,12668.34
2026-10-03T00:23:29.731568+00:00,BTC-25JUN27-84000-C,87844.41,BTC-25JUN27,call,84000.0,2027-06-25T08:00:00+00:00,0.7263984038213298,0.15,0.152,0.15096005,0.151,87844.41,BTC-25JUN27,0.3862,0.61813,285.59153,528.8,0.0,0.0020000000000000018,BTC,84528.12,0.0
2026-10-03T00:23:29.731568+00:00,BTC-6OCT26-77000-C,84587.57,BTC-6OCT26,call,77000.0,2026-10-06T08:00:00+00:00,0.009081497592719345,0.0875,0.0915,0.08983853,0.0895,84587.57,BTC-6OCT26,0.42700000000000005,0.99002,2.14419,0.0,0.0,0.0040000000000000036,BTC,84528.12,0.0
2026-10-03T00:23:29.731568+00:00,BTC-6OCT26-83500-C,84587.28,BTC-6OCT26,call,83500.0,2026-10-06T08:00:00+00:00,0.009081497592719345,0.0155,0.0175,0.01656844,0.0165,84587.28,BTC-6OCT26,0.2293,0.72623,26.84182,0.0,0.0,0.0020000000000000018,BTC,84528.12,0.0
2026-10-03T00:23:29.731568+00:00,BTC-30OCT26-69000-P,84910.3,BTC-30OCT26,put,69000.0,2026-10-30T08:00:00+00:00,0.07478991648388979,0.0021,0.0024,0.00223328,0.00225,84910.3,BTC-30OCT26,0.45549999999999996,-0.04208,20.85843,1586.7,4.1,0.0002999999999999999,BTC,84528.12,850.04
2026-10-03T00:23:29.731568+00:00,BTC-24SEP27-104000-C,89025.06,BTC-24SEP27,call,104000.0,2027-09-24T08:00:00+00:00,0.9755428254503511,0.092,0.0955,0.09385196,0.09375,89025.06,BTC-24SEP27,0.38799999999999996,0.41522,342.9336,5.4,0.3,0.003500000000000003,BTC,84528.12,2530.66
2026-10-03T00:23:29.731568+00:00,BTC-27NOV26-82000-P,85253.96,BTC-27NOV26,put,82000.0,2026-11-27T08:00:00+00:00,0.15144973852358862,0.0365,0.038,0.0373256,0.03725,85253.96,BTC-27NOV26,0.3567,-0.36346,124.56681,146.3,45.7,0.0015000000000000013,BTC,84528.12,128971.37
2026-10-03T00:23:29.731568+00:00,BTC-30OCT26-62000-P,84910.3,BTC-30OCT26,put,62000.0,2026-10-30T08:00:00+00:00,0.07478991648388979,0.0009,0.0011,0.00098714,0.001,84910.3,BTC-30OCT26,0.5622,-0.01696,9.77136,1258.6,2.5,0.0002000000000000001,BTC,84528.12,214.8
2026-10-03T00:23:29.731568+00:00,BTC-25JUN27-88000-P,87844.68,BTC-25JUN27,put,88000.0,2027-06-25T08:00:00+00:00,0.7263984038213298,0.13,0.1325,0.13126527,0.13125,87844.68,BTC-25JUN27,0.3847,-0.43699,295.05031,30.7,26.5,0.0025000000000000022,BTC,84528.12,280317.91
2026-10-03T00:23:29.731568+00:00,BTC-30OCT26-40000-C,84910.3,BTC-30OCT26,call,40000.0,2026-10-30T08:00:00+00:00,0.07478991648388979,0.528,0.53,0.52900161,0.529,84910.3,BTC-30OCT26,0.9414,0.99886,0.88061,0.3,0.0,0.0020000000000000018,BTC,84528.12,0.0
2026-10-03T00:23:29.731568+00:00,BTC-23OCT26-85000-P,84817.45,BTC-23OCT26,put,85000.0,2026-10-23T08:00:00+00:00,0.05562496097396506,0.03,0.031,0.03074719,0.0305,84817.45,BTC-23OCT26,0.3148,-0.49688,79.82585,18.6,18.6,0.0010000000000000009,BTC,84528.12,42997.59
2026-10-03T00:23:29.731568+00:00,BTC-30OCT26-86000-P,84910.3,BTC-30OCT26,put,86000.0,2026-10-30T08:00:00+00:00,0.07478991648388979,0.042,0.043,0.0428752,0.0425,84910.3,BTC-30OCT26,0.3287,-0.53862,92.23303,225.6,97.8,0.000999999999999994,BTC,84528.12,340083.08
2026-10-03T00:23:29.731568+00:00,BTC-3OCT26-86500-P,84549.97,BTC-3OCT26,put,86500.0,2026-10-03T08:00:00+00:00,0.0008679452313230411,0.0215,0.025,0.02312342,0.02325,84549.97,BTC-3OCT26,0.3614,-0.98384,1.00409,113.2,119.8,0.003500000000000003,BTC,84528.12,74022.43
2026-10-03T00:23:29.731568+00:00,BTC-26MAR27-82000-P,86687.42,BTC-26MAR27,put,82000.0,2027-03-26T08:00:00+00:00,0.4772539821923087,0.0755,0.077,0.07602657,0.07625,86687.42,BTC-26MAR27,0.3768,-0.36558,225.29181,76.4,49.6,0.0015000000000000013,BTC,84528.12,294567.15
2026-10-03T00:23:29.731568+00:00,BTC-5OCT26-84500-C,84576.19,BTC-5OCT26,call,84500.0,2026-10-05T08:00:00+00:00,0.006343646805587244,0.0055,0.0065,0.0063422,0.006,84576.19,BTC-5OCT26,0.185,0.52683,26.8156,52.3,0.6,0.001,BTC,84528.12,245.38
2026-10-03T00:23:29.731568+00:00,BTC-25DEC26-64000-C,85603.12,BTC-25DEC26,call,64000.0,2026-12-25T08:00:00+00:00,0.22810956056328743,0.256,0.2625,0.25954457,0.25925,85603.12,BTC-25DEC26,0.4446,0.92994,54.95193,404.8,0.0,0.006500000000000006,BTC,84528.12,0.0
2026-10-03T00:23:29.731568+00:00,BTC-26MAR27-95000-P,86687.1,BTC-26MAR27,put,95000.0,2027-03-26T08:00:00+00:00,0.4772539821923087,0.161,0.163,0.16218013,0.162,86687.1,BTC-26MAR27,0.3734,-0.58939,232.96408,9.3,0.0,0.0020000000000000018,BTC,84528.12,0.0
2026-10-03T00:23:29.731568+00:00,BTC-25DEC26-95000-C,85603.12,BTC-25DEC26,call,95000.0,2026-12-25T08:00:00+00:00,0.22810956056328743,0.0305,0.0315,0.03096457,0.031,85603.12,BTC-25DEC26,0.3644,0.30461,143.17451,1548.1,176.2,0.0010000000000000009,BTC,84528.12,542646.75
2026-10-03T00:23:29.731568+00:00,BTC-27NOV26-105000-C,85253.96,BTC-27NOV26,call,105000.0,2026-11-27T08:00:00+00:00,0.15144973852358862,0.0055,0.0065,0.00610338,0.006,85253.96,BTC-27NOV26,0.3832,0.09303,55.23426,21.2,3.3,0.001,BTC,84528.12,2022.88
2026-10-03T00:23:29.731568+00:00,BTC-27NOV26-94000-C,85253.96,BTC-27NOV26,call,94000.0,2026-11-27T08:00:00+00:00,0.15144973852358862,0.02,0.021,0.02057364,0.0205,85253.96,BTC-27NOV26,0.3558,0.26229,108.13501,459.5,27.1,0.0010000000000000009,BTC,84528.12,59506.96
2026-10-03T00:23:29.731568+00:00,BTC-26MAR27-75000-C,86687.1,BTC-26MAR27,call,75000.0,2027-03-26T08:00:00+00:00,0.4772539821923087,0.1795,0.1815,0.18069804,0.1805,86687.1,BTC-26MAR27,0.387,0.75021,190.28059,0.2,0.2,0.0020000000000000018,BTC,84528.12,3484.2
2026-10-03T00:23:29.731568+00:00,BTC-3OCT26-83000-P,84550.19,BTC-3OCT26,put,83000.0,2026-10-03T08:00:00+00:00,0.0008679452313230411,,0.0002,2.731e-05,,84550.19,BTC-3OCT26,0.2705,-0.0101,0.66899,294.7,93.7,,BTC,84528.12,3865.55
2026-10-03T00:23:29.731568+00:00,BTC-6OCT26-93000-C,84587.57,BTC-6OCT26,call,93000.0,2026-10-06T08:00:00+00:00,0.009081497592719345,,0.0002,5.27e-05,,84587.57,BTC-6OCT26,0.3801,0.00466,1.0951,1.0,1.1,,BTC,84528.12,26.73
2026-10-03T00:23:29.731568+00:00,BTC-25DEC26-240000-P,85603.12,BTC-25DEC26,put,240000.0,2026-12-25T08:00:00+00:00,0.22810956056328743,1.7905,1.819,1.80376356,1.80475,85603.12,BTC-25DEC26,0.6922,-0.99842,2.08976,0.0,0.0,0.02849999999999997,BTC,84528.12,0.0
2026-10-03T00:23:29.731568+00:00,BTC-6OCT26-81500-C,84587.57,BTC-6OCT26,call,81500.0,2026-10-06T08:00:00+00:00,0.009081497592719345,0.035,0.039,0.0373116,0.037,84587.57,BTC-6OCT26,0.26789999999999997,0.92915,10.92572,0.0,0.0,0.003999999999999997,BTC,84528.12,0.0
2026-10-03T00:23:29.731568+00:00,BTC-6OCT26-89500-C,84587.28,BTC-6OCT26,call,89500.0,2026-10-06T08:00:00+00:00,0.009081497592719345,0.0002,0.0005,0.00033394,0.00035,84587.28,BTC-6OCT26,0.3111,0.02934,5.3852,20.6,22.6,0.00030000000000000003,BTC,84528.12,4171.78
2026-10-03T00:23:29.731568+00:00,BTC-24SEP27-72000-P,89025.41,BTC-24SEP27,put,72000.0,2027-09-24T08:00:00+00:00,0.9755428254503511,0.0645,0.0675,0.06599523,0.066,89025.41,BTC-24SEP27,0.4011,-0.23162,268.11921,2.1,1.1,0.0030000000000000027,BTC,84528.12,5734.66
2026-10-03T00:23:29.731568+00:00,BTC-25JUN27-105000-C,87844.41,BTC-25JUN27,call,105000.0,2027-06-25T08:00:00+00:00,0.7263984038213298,0.065,0.067,0.06601484,0.066,87844.41,BTC-25JUN27,0.3856,0.35262,278.16045,163.5,0.0,0.0020000000000000018,BTC,84528.12,0.0
2026-10-03T00:23:29.731568+00:00,BTC-6OCT26-85000-P,84587.28,BTC-6OCT26,put,85000.0,2026-10-06T08:00:00+00:00,0.009081497592719345,0.011,0.012,0.01145714,0.0115,84587.28,BTC-6OCT26,0.2309,-0.58354,31.45582,27.1,27.2,0.0010000000000000009,BTC,84528.12,18511.2
2026-10-03T00:23:29.731568+00:00,BTC-25DEC26-86000-P,85603.12,BTC-25DEC26,put,86000.0,2026-12-25T08:00:00+00:00,0.22810956056328743,0.071,0.072,0.07163185,0.0715,85603.12,BTC-25DEC26,0.36310000000000003,-0.47607,162.86561,105.7,8.7,0.0010000000000000009,BTC,84528.12,50995.36
2026-10-03T00:23:29.731568+00:00,BTC-24SEP27-110000-C,89025.41,BTC-24SEP27,call,110000.0,2027-09-24T08:00:00+00:00,0.9755428254503511,0.076,0.079,0.07758534,0.0775,89025.41,BTC-24SEP27,0.3898,0.36054,329.21625,200.6,0.0,0.0030000000000000027,BTC,84528.12,0.0
2026-10-03T00:23:29.731568+00:00,BTC-3OCT26-93000-P,84549.97,BTC-3OCT26,put,93000.0,2026-10-03T08:00:00+00:00,0.0008679452313230411,0.098,0.102,0.09993839,0.1,84549.97,BTC-3OCT26,0.6253,-1.0,2e-05,0.0,0.0,0.00399999999999999,BTC,84528.12,0.0
2026-10-03T00:23:29.731568+00:00,BTC-3OCT26-87500-P,84549.97,BTC-3OCT26,put,87500.0,2026-10-03T08:00:00+00:00,0.0008679452313230411,0.0335,0.0365,0.03491144,0.035,84549.97,BTC-3OCT26,0.45539999999999997,-0.99471,0.37837,12.6,12.6,0.0029999999999999957,BTC,84528.12,17193.08
2026-10-03T00:23:29.731568+00:00,BTC-5OCT26-90000-C,84576.19,BTC-5OCT26,call,90000.0,2026-10-05T08:00:00+00:00,0.006343646805587244,0.0001,0.0002,0.00017278,0.00015,84576.19,BTC-5OCT26,0.3643,0.01673,2.8017,103.1,77.9,0.0001,BTC,84528.12,3315.07
2026-10-03T00:23:29.731568+00:00,BTC-3OCT26-82000-C,84549.97,BTC-3OCT26,call,82000.0,2026-10-03T08:00:00+00:00,0.0008679452313230411,0.028,0.0325,0.030172,0.03025,84549.97,BTC-3OCT26,0.3788,0.99701,0.2266,0.0,0.0,0.0045000000000000005,BTC,84528.12,0.0
2026-10-03T00:23:29.731568+00:00,BTC-24SEP27-50000-P,89025.06,BTC-24SEP27,put,50000.0,2027-09-24T08:00:00+00:00,0.9755428254503511,0.0155,0.0175,0.01646023,0.0165,89025.06,BTC-24SEP27,0.46159999999999995,-0.06775,115.15272,738.3,1.3,0.0020000000000000018,BTC,84528.12,1692.07
2026-10-03T00:23:29.731568+00:00,BTC-16OCT26-75000-C,84723.27,BTC-16OCT26,call,75000.0,2026-10-16T08:00:00+00:00,0.03646000546404036,0.1135,0.1185,0.11628855,0.116,84723.27,BTC-16OCT26,0.39159999999999995,0.95218,16.1059,0.0,0.0,0.0049999999999999906,BTC,84528.12,0.0
2026-10-03T00:23:29.731568+00:00,BTC-5OCT26-78000-P,84576.19,BTC-5OCT26,put,78000.0,2026-10-05T08:00:00+00:00,0.006343646805587244,0.0001,0.0003,0.00015906,0.0002,84576.19,BTC-5OCT26,0.45659999999999995,-0.01243,2.17006,45.3,45.2,0.00019999999999999998,BTC,84528.12,776.25
2026-10-03T00:23:29.731568+00:00,BTC-4OCT26-74000-P,84562.27,BTC-4OCT26,put,74000.0,2026-10-04T08:00:00+00:00,0.0036057960184551425,,0.0001,1.325e-05,,84562.27,BTC-4OCT26,0.7289,-0.00107,0.18187,40.8,26.0,,BTC,84528.12,223.31
2026-10-03T00:23:29.731568+00:00,BTC-26MAR27-150000-P,86687.1,BTC-26MAR27,put,150000.0,2027-03-26T08:00:00+00:00,0.4772539821923087,0.729,0.746,0.7363188,0.7375,86687.1,BTC-26MAR27,0.4448,-0.94853,63.23061,0.6,0.0,0.017000000000000015,BTC,84528.12,0.0
2026-10-03T00:23:29.731568+00:00,BTC-5OCT26-80500-C,84576.19,BTC-5OCT26,call,80500.0,2026-10-05T08:00:00+00:00,0.006343646805587244,0.046,0.0505,0.0484752,0.04825,84576.19,BTC-5OCT26,0.32549999999999996,0.97229,4.29144,0.0,0.0,0.004500000000000004,BTC,84528.12,0.0
2026-10-03T00:23:29.731568+00:00,BTC-27NOV26-84000-P,85253.96,BTC-27NOV26,put,84000.0,2026-11-27T08:00:00+00:00,0.15144973852358862,0.047,0.048,0.04753939,0.0475,85253.96,BTC-27NOV26,0.3543,-0.43012,130.36235,76.6,5.9,0.0010000000000000009,BTC,84528.12,20099.49
2026-10-03T00:23:29.731568+00:00,BTC-25DEC26-20000-C,85603.12,BTC-25DEC26,call,20000.0,2026-12-25T08:00:00+00:00,0.22810956056328743,0.766,0.767,0.7666454,0.7665,85603.12,BTC-25DEC26,1.1328,0.99845,2.0596,5.1,0.0,0.0010000000000000009,BTC,84528.12,0.0
2026-10-03T00:23:29.731568+00:00,BTC-26MAR27-110000-C,86687.42,BTC-26MAR27,call,110000.0,2027-03-26T08:00:00+00:00,0.4772539821923087,0.0295,0.0305,0.02998468,0.03,86687.42,BTC-26MAR27,0.3839,0.22213,178.35811,1215.3,7.9,0.0010000000000000009,BTC,84528.12,22799.43
2026-10-03T00:23:29.731568+00:00,BTC-23OCT26-87000-P,84817.45,BTC-23OCT26,put,87000.0,2026-10-23T08:00:00+00:00,0.05562496097396506,0.044,0.046,0.044741,0.045,84817.45,BTC-23OCT26,0.31629999999999997,-0.61925,76.23477,2.3,2.0,0.0020000000000000018,BTC,84528.12,7477.4
2026-10-03T00:23:29.731568+00:00,BTC-26MAR27-125000-C,86687.42,BTC-26MAR27,call,125000.0,2027-03-26T08:00:00+00:00,0.4772539821923087,0.0145,0.015,0.01479162,0.01475,86687.42,BTC-26MAR27,0.4039,0.12064,120.28681,430.4,0.4,0.0004999999999999987,BTC,84528.12,550.82
2026-10-03T00:23:29.731568+00:00,BTC-5OCT26-88500-C,84576.49,BTC-5OCT26,call,88500.0,2026-10-05T08:00:00+00:00,0.006343646805587244,0.0002,0.0004,0.0002414,0.0003,84576.49,BTC-5OCT26,0.294,0.02758,4.27373,10.3,10.3,0.0002,BTC,84528.12,1373.66
2026-10-03T00:23:29.731568+00:00,BTC-25DEC26-150000-P,85603.32,BTC-25DEC26,put,150000.0,2026-12-25T08:00:00+00:00,0.22810956056328743,0.7475,0.7615,0.7533181,0.7545,85603.32,BTC-25DEC26,0.5032,-0.98653,14.1144,4.4,0.0,0.013999999999999901,BTC,84528.12,0.0
2026-10-03T00:23:29.731568+00:00,BTC-25JUN27-120000-P,87844.68,BTC-25JUN27,put,120000.0,2027-06-25T08:00:00+00:00,0.7263984038213298,0.395,0.414,0.40353758,0.4045,87844.68,BTC-25JUN27,0.3956,-0.7752,224.50745,0.9,0.0,0.01899999999999996,BTC,84528.12,0.0
2026-10-03T00:23:29.731568+00:00,BTC-25JUN27-114000-P,87844.41,BTC-25JUN27,put,114000.0,2027-06-25T08:00:00+00:00,0.7263984038213298,0.3365,0.352,0.34466026,0.34425,87844.41,BTC-25JUN27,0.39159999999999995,-0.73024,247.52981,0.0,0.0,0.015499999999999958,BTC,84528.12,0.0
2026-10-03T00:23:29.731568+00:00,BTC-30OCT26-87000-P,84909.94,BTC-30OCT26,put,87000.0,2026-10-30T08:00:00+00:00,0.07478991648388979,0.049,0.05,0.04996958,0.0495,84909.94,BTC-30OCT26,0.32909999999999995,-0.58905,90.34913,451.8,41.7,0.0010000000000000009,BTC,84528.12,129318.15
2026-10-03T00:23:29.731568+00:00,BTC-30OCT26-63000-P,84910.3,BTC-30OCT26,put,63000.0,2026-10-30T08:00:00+00:00,0.07478991648388979,0.001,0.0012,0.00108796,0.0011,84910.3,BTC-30OCT26,0.5454,-0.01901,10.77354,641.0,1.0,0.00019999999999999987,BTC,84528.12,94.52
2026-10-03T00:23:29.731568+00:00,BTC-9OCT26-77000-C,84616.07,BTC-9OCT26,call,77000.0,2026-10-09T08:00:00+00:00,0.017295049954115647,0.0885,0.093,0.09068584,0.09075,84616.07,BTC-9OCT26,0.39490000000000003,0.96715,8.16428,57.9,0.0,0.004500000000000004,BTC,84528.12,0.0
2026-10-03T00:23:29.731568+00:00,BTC-25JUN27-64000-P,87844.41,BTC-25JUN27,put,64000.0,2027-06-25T08:00:00+00:00,0.7263984038213298,0.03,0.0315,0.0307835,0.03075,87844.41,BTC-25JUN27,0.4174,-0.14279,168.94533,64.1,2.0,0.0015000000000000013,BTC,84528.12,4801.61
2026-10-03T00:23:29.731568+00:00,BTC-25JUN27-65000-C,87844.68,BTC-25JUN27,call,65000.0,2027-06-25T08:00:00+00:00,0.7263984038213298,0.2915,0.2945,0.29307876,0.293,87844.68,BTC-25JUN27,0.4147,0.8482,176.01751,9.1,0.0,0.0030000000000000027,BTC,84528.12,0.0
2026-10-03T00:23:29.731568+00:00,BTC-25JUN27-95000-C,87844.68,BTC-25JUN27,call,95000.0,2027-06-25T08:00:00+00:00,0.7263984038213298,0.097,0.0995,0.09822249,0.09825,87844.68,BTC-25JUN27,0.3834,0.46971,297.93066,58.2,0.1,0.0025000000000000022,BTC,84528.12,900.14
2026-10-03T00:23:29.731568+00:00,BTC-9OCT26-65000-P,84615.72,BTC-9OCT26,put,65000.0,2026-10-09T08:00:00+00:00,0.017295049954115647,,0.0001,7.104e-05,,84615.72,BTC-9OCT26,0.7245999999999999,-0.00244,0.84594,261.5,49.0,,BTC,84528.12,423.06
2026-10-03T00:23:29.731568+00:00,BTC-25DEC26-98000-C,85603.32,BTC-25DEC26,call,98000.0,2026-12-25T08:00:00+00:00,0.22810956056328743,0.023,0.024,0.02354774,0.0235,85603.32,BTC-25DEC26,0.36619999999999997,0.24648,128.98381,545.5,105.5,0.0010000000000000009,BTC,84527.67,254816.24
2026-10-03T00:23:29.731568+00:00,BTC-30OCT26-79000-P,84910.3,BTC-30OCT26,put,79000.0,2026-10-30T08:00:00+00:00,0.07478991648388979,0.0115,0.012,0.01174456,0.01175,84910.3,BTC-30OCT26,0.34630000000000005,-0.20934,66.82089,973.7,30.3,0.0005000000000000004,BTC,84527.67,33353.32
2026-10-03T00:23:29.731568+00:00,BTC-30OCT26-98000-C,84910.3,BTC-30OCT26,call,98000.0,2026-10-30T08:00:00+00:00,0.07478991648388979,0.0035,0.0037,0.00360353,0.0036,84910.3,BTC-30OCT26,0.3644,0.08246,35.32992,963.5,127.5,0.0002000000000000001,BTC,84527.67,58671.68
2026-10-03T00:23:29.731568+00:00,BTC-16OCT26-79000-C,84723.27,BTC-16OCT26,call,79000.0,2026-10-16T08:00:00+00:00,0.03646000546404036,0.069,0.0735,0.07182631,0.07125,84723.27,BTC-16OCT26,0.3344,0.86996,34.23887,8.6,0.0,0.00449999999999999,BTC,84527.67,0.0
2026-10-03T00:23:29.731568+00:00,BTC-25DEC26-108000-P,85603.32,BTC-25DEC26,put,108000.0,2026-12-25T08:00:00+00:00,0.22810956056328743,0.268,0.278,0.27165017,0.273,85603.32,BTC-25DEC26,0.38380000000000003,-0.88019,81.72065,0.1,0.0,0.010000000000000009,BTC,84527.92,0.0
2026-10-03T00:23:29.731568+00:00,BTC-16OCT26-80000-P,84723.27,BTC-16OCT26,put,80000.0,2026-10-16T08:00:00+00:00,0.03646000546404036,0.0055,0.006,0.00574667,0.00575,84723.27,BTC-16OCT26,0.324,-0.1692,40.82477,1278.7,1317.0,0.0005000000000000004,BTC,84527.67,586743.55
2026-10-03T00:23:29.731568+00:00,BTC-25JUN27-74000-P,87844.41,BTC-25JUN27,put,74000.0,2027-06-25T08:00:00+00:00,0.7263984038213298,0.059,0.061,0.06001775,0.06,87844.41,BTC-25JUN27,0.3957,-0.24917,237.58324,21.7,3.8,0.0020000000000000018,BTC,84527.92,18238.06
2026-10-03T00:23:29.731568+00:00,BTC-27NOV26-66000-C,85253.96,BTC-27NOV26,call,66000.0,2026-11-27T08:00:00+00:00,0.15144973852358862,0.228,0.233,0.23069105,0.2305,85253.96,BTC-27NOV26,0.4485,0.93986,39.60602,0.1,0.0,0.0050000000000000044,BTC,84527.92,0.0
2026-10-03T00:23:29.731568+00:00,BTC-3OCT26-77000-P,84549.97,BTC-3OCT26,put,77000.0,2026-10-03T08:00:00+00:00,0.0008679452313230411,,0.0001,4.6e-07,,84549.97,BTC-3OCT26,0.8416,-8e-05,0.0076,39.5,16.1,,BTC,84527.92,138.43
2026-10-03T00:23:29.731568+00:00,BTC-25DEC26-115000-C,85603.12,BTC-25DEC26,call,115000.0,2026-12-25T08:00:00+00:00,0.22810956056328743,0.0055,0.0065,0.00600401,0.006,85603.12,BTC-25DEC26,0.4025,0.07503,57.908,2324.7,1.9,0.001,BTC,84527.92,1160.59
2026-10-03T00:23:29.731568+00:00,BTC-24SEP27-106000-C,89025.41,BTC-24SEP27,call,106000.0,2027-09-24T08:00:00+00:00,0.9755428254503511,0.086,0.0895,0.08787433,0.08775,89025.41,BTC-24SEP27,0.38799999999999996,0.39596,338.87592,0.1,0.0,0.003500000000000003,BTC,84527.92,0.0
2026-10-03T00:23:29.731568+00:00,BTC-26MAR27-140000-P,86687.42,BTC-26MAR27,put,140000.0,2027-03-26T08:00:00+00:00,0.4772539821923087,0.6145,0.635,0.62311006,0.62475,86687.42,BTC-26MAR27,0.4264,-0.93045,80.03252,10.9,0.0,0.020499999999999963,BTC,84527.92,0.0
2026-10-03T00:23:29.731568+00:00,BTC-25DEC26-80000-P,85603.12,BTC-25DEC26,put,80000.0,2026-12-25T08:00:00+00:00,0.22810956056328743,0.04,0.041,0.04057153,0.0405,85603.12,BTC-25DEC26,0.3715,-0.31914,146.08946,2172.2,531.3,0.0010000000000000009,BTC,84527.92,1586027.27
2026-10-03T00:23:29.731568+00:00,BTC-25JUN27-116000-C,87844.41,BTC-25JUN27,call,116000.0,2027-06-25T08:00:00+00:00,0.7263984038213298,0.0425,0.044,0.04330465,0.04325,87844.41,BTC-25JUN27,0.3921,0.25321,239.61069,0.0,0.0,0.0014999999999999944,BTC,84527.92,0.0
2026-10-03T00:23:29.731568+00:00,BTC-9OCT26-86000-P,84616.07,BTC-9OCT26,put,86000.0,2026-10-09T08:00:00+00:00,0.017295049954115647,0.023,0.025,0.02414049,0.024,84616.07,BTC-9OCT26,0.27440000000000003,-0.66707,40.45194,258.9,129.8,0.0020000000000000018,BTC,84527.92,195496.81
2026-10-03T00:23:29.731568+00:00,BTC-26MAR27-70000-P,86687.1,BTC-26MAR27,put,70000.0,2027-03-26T08:00:00+00:00,0.4772539821923087,0.0305,0.0315,0.03097769,0.031,86687.1,BTC-26MAR27,0.3993,-0.18069,157.571,611.0,4.2,0.0010000000000000009,BTC,84527.92,10487.98
2026-10-03T00:23:29.731568+00:00,BTC-9OCT26-95000-C,84616.07,BTC-9OCT26,call,95000.0,2026-10-09T08:00:00+00:00,0.017295049954115647,0.0001,0.0003,0.00018316,0.0002,84616.07,BTC-9OCT26,0.37939999999999996,0.01087,3.19145,1107.1,77.2,0.00019999999999999998,BTC,84527.92,3732.81
2026-10-03T00:23:29.731568+00:00,BTC-25JUN27-86000-C,87844.68,BTC-25JUN27,call,86000.0,2027-06-25T08:00:00+00:00,0.7263984038213298,0.139,0.141,0.13992915,0.14,87844.68,BTC-25JUN27,0.38549999999999995,0.59056,291.06073,43.7,1.0,0.001999999999999974,BTC,84527.92,12607.79
2026-10-03T00:23:29.731568+00:00,BTC-4OCT26-80000-C,84562.27,BTC-4OCT26,call,80000.0,2026-10-04T08:00:00+00:00,0.0036057960184551425,0.0515,0.0555,0.05402367,0.0535,84562.27,BTC-4OCT26,0.3933,0.99086,1.25122,0.0,0.0,0.0040000000000000036,BTC,84527.92,0.0
2026-10-03T00:23:29.731568+00:00,BTC-27NOV26-100000-C,85253.96,BTC-27NOV26,call,100000.0,2026-11-27T08:00:00+00:00,0.15144973852358862,0.01,0.011,0.0104963,0.0105,85253.96,BTC-27NOV26,0.3697,0.14986,77.33134,487.7,98.5,0.0009999999999999992,BTC,84527.92,119091.46
2026-10-03T00:23:29.731568+00:00,BTC-26MAR27-64000-C,86687.42,BTC-26MAR27,call,64000.0,2027-03-26T08:00:00+00:00,0.4772539821923087,0.2755,0.2845,0.2806788,0.28,86687.42,BTC-26MAR27,0.4204,0.8829,117.78341,137.9,0.0,0.008999999999999952,BTC,84528.12,0.0
2026-10-03T00:23:29.731568+00:00,BTC-25DEC26-82000-P,85603.32,BTC-25DEC26,put,82000.0,2026-12-25T08:00:00+00:00,0.22810956056328743,0.049,0.05,0.04949041,0.0495,85603.32,BTC-25DEC26,0.3676,-0.36973,154.38035,808.7,4.9,0.0010000000000000009,BTC,84528.12,18545.68
2026-10-03T00:23:29.731568+00:00,BTC-25DEC26-90000-P,85603.32,BTC-25DEC26,put,90000.0,2026-12-25T08:00:00+00:00,0.22810956056328743,0.0985,0.1,0.09932378,0.09925,85603.32,BTC-25DEC26,0.36210000000000003,-0.58045,159.83003,654.5,103.7,0.0015000000000000013,BTC,84528.12,761946.32
2026-10-03T00:23:29.731568+00:00,BTC-26MAR27-50000-C,86687.42,BTC-26MAR27,call,50000.0,2027-03-26T08:00:00+00:00,0.4772539821923087,0.4265,0.432,0.42919272,0.42925,86687.42,BTC-26MAR27,0.4972,0.9619,49.61822,21.6,0.0,0.005500000000000005,BTC,84528.12,0.0
2026-10-03T00:23:29.731568+00:00,BTC-9OCT26-79000-P,84616.07,BTC-9OCT26,put,79000.0,2026-10-09T08:00:00+00:00,0.017295049954115647,0.001,0.0013,0.00112788,0.00115,84616.07,BTC-9OCT26,0.33740000000000003,-0.05838,12.97841,554.7,516.7,0.0002999999999999999,BTC,84527.73,35443.13
2026-10-03T00:23:29.731568+00:00,BTC-23OCT26-94000-P,84817.45,BTC-23OCT26,put,94000.0,2026-10-23T08:00:00+00:00,0.05562496097396506,0.11,0.1155,0.11234403,0.11275,84817.45,BTC-23OCT26,0.342,-0.8914,37.28043,0.0,0.0,0.005500000000000005,BTC,84528.17,0.0
2026-10-03T00:23:29.731568+00:00,BTC-3OCT26-83500-P,84549.97,BTC-3OCT26,put,83500.0,2026-10-03T08:00:00+00:00,0.0008679452313230411,0.0001,0.0002,0.00014169,0.00015,84549.97,BTC-3OCT26,0.2522,-0.04705,2.44368,83.8,79.7,0.0001,BTC,84528.17,8189.78
2026-10-03T00:23:29.731568+00:00,BTC-30OCT26-74000-P,84910.3,BTC-30OCT26,put,74000.0,2026-10-30T08:00:00+00:00,0.07478991648388979,0.0045,0.0048,0.0046502,0.00465,84910.3,BTC-30OCT26,0.39030000000000004,-0.08992,37.69455,1325.5,118.3,0.0002999999999999999,BTC,84528.17,41221.2
2026-10-03T00:23:29.731568+00:00,BTC-24SEP27-90000-C,89025.06,BTC-24SEP27,call,90000.0,2027-09-24T08:00:00+00:00,0.9755428254503511,0.1455,0.1495,0.14759784,0.1475,89025.06,BTC-24SEP27,0.3884,0.56484,346.2307,12.0,1.1,0.0040000000000000036,BTC,84528.17,15224.16
2026-10-03T00:23:29.731568+00:00,BTC-24SEP27-130000-C,89025.06,BTC-24SEP27,call,130000.0,2027-09-24T08:00:00+00:00,0.9755428254503511,0.041,0.044,0.0425712,0.0425,89025.06,BTC-24SEP27,0.40009999999999996,0.22346,262.74822,43.3,0.0,0.0029999999999999957,BTC,84528.17,0.0
2026-10-03T00:23:29.731568+00:00,BTC-25JUN27-140000-P,87844.41,BTC-25JUN27,put,140000.0,2027-06-25T08:00:00+00:00,0.7263984038213298,0.6035,0.627,0.61296354,0.61525,87844.41,BTC-25JUN27,0.4142,-0.87352,155.45307,3.4,0.0,0.023499999999999965,BTC,84528.17,0.0
2026-10-03T00:23:29.731568+00:00,BTC-25DEC26-180000-P,85603.32,BTC-25DEC26,put,180000.0,2026-12-25T08:00:00+00:00,0.22810956056328743,1.096,1.114,1.1030588,1.105,85603.32,BTC-25DEC26,0.564,-0.99566,5.21475,0.1,0.0,0.018000000000000016,BTC,84528.17,0.0
2026-10-03T00:23:29.731568+00:00,BTC-24SEP27-112000-P,89025.06,BTC-24SEP27,put,112000.0,2027-09-24T08:00:00+00:00,0.9755428254503511,0.3235,0.3415,0.33068077,0.3325,89025.06,BTC-24SEP27,0.3898,-0.65679,323.41418,0.0,0.0,0.018000000000000016,BTC,84528.17,0.0
2026-10-03T00:23:29.731568+00:00,BTC-9OCT26-74000-P,84616.07,BTC-9OCT26,put,74000.0,2026-10-09T08:00:00+00:00,0.017295049954115647,0.0003,0.0004,0.00034332,0.00035,84616.07,BTC-9OCT26,0.47700000000000004,-0.01512,4.24345,571.2,43.7,0.00010000000000000005,BTC,84528.17,1530.77
2026-10-03T00:23:29.731568+00:00,BTC-9OCT26-73000-C,84615.72,BTC-9OCT26,call,73000.0,2026-10-09T08:00:00+00:00,0.017295049954115647,0.1355,0.1395,0.13756309,0.1375,84615.72,BTC-9OCT26,0.5057,0.98771,3.54889,0.2,0.0,0.0040000000000000036,BTC,84528.17,0.0
2026-10-03T00:23:29.731568+00:00,BTC-27NOV26-110000-P,85253.96,BTC-27NOV26,put,110000.0,2026-11-27T08:00:00+00:00,0.15144973852358862,0.29,0.2985,0.29409986,0.29425,85253.96,BTC-27NOV26,0.4017,-0.93964,39.71657,0.0,0.0,0.008500000000000008,BTC,84528.17,0.0
2026-10-03T00:23:29.731568+00:00,BTC-25JUN27-76000-C,87844.68,BTC-25JUN27,call,76000.0,2027-06-25T08:00:00+00:00,0.7263984038213298,0.201,0.204,0.20289432,0.2025,87844.68,BTC-25JUN27,0.3934,0.72563,249.62843,73.2,0.0,0.002999999999999975,BTC,84528.17,0.0
2026-10-03T00:23:29.731568+00:00,BTC-25DEC26-35000-P,85603.12,BTC-25DEC26,put,35000.0,2026-12-25T08:00:00+00:00,0.22810956056328743,0.0006,0.001,0.00083101,0.0008,85603.12,BTC-25DEC26,0.8059999999999999,-0.00595,6.90533,2142.3,0.6,0.0004000000000000001,BTC,84528.17,39.78
2026-10-03T00:23:29.731568+00:00,BTC-4OCT26-77000-C,84561.91,BTC-4OCT26,call,77000.0,2026-10-04T08:00:00+00:00,0.0036057960184551425,0.0875,0.091,0.08945877,0.08925,84561.91,BTC-4OCT26,0.5711999999999999,0.997,0.46394,0.0,0.0,0.003500000000000003,BTC,84528.17,0.0
2026-10-03T00:23:29.731568+00:00,BTC-4OCT26-84500-C,84562.27,BTC-4OCT26,call,84500.0,2026-10-04T08:00:00+00:00,0.0036057960184551425,0.0035,0.0039,0.00372704,0.0037,84562.27,BTC-4OCT26,0.13970000000000002,0.53607,20.17333,53.7,22.0,0.00039999999999999975,BTC,84528.17,6934.09
2026-10-03T00:23:29.731568+00:00,BTC-24SEP27-98000-P,89025.41,BTC-24SEP27,put,98000.0,2027-09-24T08:00:00+00:00,0.9755428254503511,0.2125,0.218,0.21468446,0.21525,89025.41,BTC-24SEP27,0.3872,-0.52394,350.24567,0.0,0.0,0.005500000000000005,BTC,84528.17,0.0
2026-10-03T00:23:29.731568+00:00,BTC-30OCT26-61000-C,84910.3,BTC-30OCT26,call,61000.0,2026-10-30T08:00:00+00:00,0.07478991648388979,0.2805,0.284,0.2824804,0.28225,84910.3,BTC-30OCT26,0.5782,0.98498,8.80715,17.7,10.1,0.0034999999999999476,BTC,84528.17,266848.99
2026-10-03T00:23:29.731568+00:00,BTC-26MAR27-50000-P,86687.42,BTC-26MAR27,put,50000.0,2027-03-26T08:00:00+00:00,0.4772539821923087,0.0055,0.0065,0.00597867,0.006,86687.42,BTC-26MAR27,0.4972,-0.0381,49.61822,2329.7,9.1,0.001,BTC,84528.17,4957.26
2026-10-03T00:23:29.731568+00:00,BTC-30OCT26-92000-P,84910.3,BTC-30OCT26,put,92000.0,2026-10-30T08:00:00+00:00,0.07478991648388979,0.0905,0.097,0.09353855,0.09375,84910.3,BTC-30OCT26,0.3353,-0.79638,65.73332,2.6,0.1,0.006500000000000006,BTC,84528.17,722.91
2026-10-03T00:23:29.731568+00:00,BTC-4OCT26-87000-C,84562.27,BTC-4OCT26,call,87000.0,2026-10-04T08:00:00+00:00,0.0036057960184551425,0.0002,0.0003,0.00021588,0.00025,84562.27,BTC-4OCT26,0.2601,0.03539,3.95902,112.2,116.3,9.999999999999996e-05,BTC,84528.17,18565.18
2026-10-03T00:23:29.731568+00:00,BTC-9OCT26-85000-P,84616.07,BTC-9OCT26,put,85000.0,2026-10-09T08:00:00+00:00,0.017295049954115647,0.016,0.017,0.01667444,0.0165,84616.07,BTC-9OCT26,0.2717,-0.54337,44.14247,713.9,202.5,0.0010000000000000009,BTC,84528.17,197218.24
2026-10-03T00:23:29.731568+00:00,BTC-4OCT26-88000-C,84561.91,BTC-4OCT26,call,88000.0,2026-10-04T08:00:00+00:00,0.0036057960184551425,0.0001,0.0003,0.00017411,0.0002,84561.91,BTC-4OCT26,0.3321,0.02349,2.81598,88.6,66.1,0.00019999999999999998,BTC,84528.17,1850.98
2026-10-03T00:23:29.731568+00:00,BTC-23OCT26-100000-C,84817.45,BTC-23OCT26,call,100000.0,2026-10-23T08:00:00+00:00,0.05562496097396506,0.0012,0.0015,0.00139533,0.00135,84817.45,BTC-23OCT26,0.38670000000000004,0.0392,16.96225,204.3,203.3,0.00030000000000000014,BTC,84528.17,40436.89
2026-10-03T00:23:29.731568+00:00,BTC-26MAR27-190000-C,86687.42,BTC-26MAR27,call,190000.0,2027-03-26T08:00:00+00:00,0.4772539821923087,0.0022,0.0024,0.00221938,0.0023,86687.42,BTC-26MAR27,0.5065,0.01937,28.22575,699.0,3.6,0.00019999999999999966,BTC,84528.17,724.82
2026-10-03T00:23:29.731568+00:00,BTC-6OCT26-95000-P,84587.57,BTC-6OCT26,put,95000.0,2026-10-06T08:00:00+00:00,0.009081497592719345,0.121,0.1255,0.12312178,0.12325,84587.57,BTC-6OCT26,0.4218,-0.99794,0.52569,0.0,0.0,0.004500000000000004,BTC,84528.17,0.0
2026-10-03T00:23:29.731568+00:00,BTC-25DEC26-110000-C,85603.12,BTC-25DEC26,call,110000.0,2026-12-25T08:00:00+00:00,0.22810956056328743,0.008,0.009,0.00851376,0.0085,85603.12,BTC-25DEC26,0.38789999999999997,0.10376,73.72723,2966.4,7.4,0.0009999999999999992,BTC,84528.17,6434.26
2026-10-03T00:23:29.731568+00:00,BTC-24SEP27-65000-P,89025.41,BTC-24SEP27,put,65000.0,2027-09-24T08:00:00+00:00,0.9755428254503511,0.0425,0.045,0.04367964,0.04375,89025.41,BTC-24SEP27,0.41340000000000005,-0.16502,218.34703,3.2,1.1,0.0024999999999999953,BTC,84528.17,4003.63
2026-10-03T00:23:29.731568+00:00,BTC-4OCT26-83500-C,84562.27,BTC-4OCT26,call,83500.0,2026-10-04T08:00:00+00:00,0.0036057960184551425,0.0115,0.0145,0.0130951,0.013,84562.27,BTC-4OCT26,0.1707,0.89257,9.38638,6.2,0.0,0.003000000000000001,BTC,84528.17,0.0
2026-10-03T00:23:29.731568+00:00,BTC-25JUN27-190000-P,87844.41,BTC-25JUN27,put,190000.0,2027-06-25T08:00:00+00:00,0.7263984038213298,1.154,1.188,1.16888885,1.171,87844.41,BTC-25JUN27,0.4698,-0.95781,67.39512,0.6,0.0,0.03400000000000003,BTC,84528.17,0.0
2026-10-03T00:23:29.731568+00:00,BTC-6OCT26-97000-P,84587.57,BTC-6OCT26,put,97000.0,2026-10-06T08:00:00+00:00,0.009081497592719345,0.1445,0.1495,0.1467547,0.147,84587.57,BTC-6OCT26,0.46409999999999996,-0.99894,0.28515,0.0,0.0,0.0050000000000000044,BTC,84528.17,0.0
2026-10-03T00:23:29.731568+00:00,BTC-9OCT26-82000-P,84616.07,BTC-9OCT26,put,82000.0,2026-10-09T08:00:00+00:00,0.017295049954115647,0.0039,0.0041,0.00406691,0.004,84616.07,BTC-9OCT26,0.2827,-0.19383,30.57668,813.1,758.3,0.00020000000000000052,BTC,84528.17,298432.19
2026-10-03T00:23:29.731568+00:00,BTC-25JUN27-102000-P,87844.68,BTC-25JUN27,put,102000.0,2027-06-25T08:00:00+00:00,0.7263984038213298,0.2325,0.2375,0.23556028,0.235,87844.68,BTC-25JUN27,0.3848,-0.61455,286.39207,0.0,0.0,0.004999999999999977,BTC,84528.17,0.0
2026-10-03T00:23:29.731568+00:00,BTC-4OCT26-86000-C,84562.27,BTC-4OCT26,call,86000.0,2026-10-04T08:00:00+00:00,0.0036057960184551425,0.0003,0.0004,0.00037924,0.00035,84562.27,BTC-4OCT26,0.1929,0.07281,7.02656,219.9,225.8,0.00010000000000000005,BTC,84528.17,47739.23
2026-10-03T00:23:29.731568+00:00,BTC-30OCT26-98000-P,84910.3,BTC-30OCT26,put,98000.0,2026-10-30T08:00:00+00:00,0.07478991648388979,0.155,0.161,0.15776485,0.158,84910.3,BTC-30OCT26,0.3644,-0.91753,35.33353,27.0,0.0,0.006000000000000005,BTC,84528.17,0.0
2026-10-03T00:23:29.731568+00:00,BTC-26MAR27-76000-P,86687.42,BTC-26MAR27,put,76000.0,2027-03-26T08:00:00+00:00,0.4772539821923087,0.049,0.05,0.04939448,0.0495,86687.42,BTC-26MAR27,0.3846,-0.26505,196.23868,641.6,32.9,0.0010000000000000009,BTC,84528.17,128538.07
2026-10-03T00:23:29.731568+00:00,BTC-30OCT26-64000-C,84909.94,BTC-30OCT26,call,64000.0,2026-10-30T08:00:00+00:00,0.07478991648388979,0.2455,0.249,0.24745189,0.24725,84909.94,BTC-30OCT26,0.5279,0.97879,11.82112,422.1,0.0,0.003500000000000003,BTC,84528.17,0.0
2026-10-03T00:23:29.731568+00:00,BTC-6OCT26-83000-C,84587.57,BTC-6OCT26,call,83000.0,2026-10-06T08:00:00+00:00,0.009081497592719345,0.019,0.023,0.02123461,0.021,84587.57,BTC-6OCT26,0.2353,0.80368,22.31956,0.0,0.0,0.004,BTC,84528.17,0.0
2026-10-03T00:23:29.731568+00:00,BTC-9OCT26-94000-C,84616.07,BTC-9OCT26,call,94000.0,2026-10-09T08:00:00+00:00,0.017295049954115647,0.0002,0.0003,0.00024891,0.00025,84616.07,BTC-9OCT26,0.3639,0.01487,4.18466,480.3,123.3,9.999999999999996e-05,BTC,84528.17,8426.68
2026-10-03T00:23:29.731568+00:00,BTC-25DEC26-82000-C,85603.32,BTC-25DEC26,call,82000.0,2026-12-25T08:00:00+00:00,0.22810956056328743,0.091,0.0925,0.09158476,0.09175,85603.32,BTC-25DEC26,0.3676,0.63027,154.38064,1321.7,0.1,0.0015000000000000013,BTC,84528.17,903.65
2026-10-03T00:23:29.731568+00:00,BTC-16OCT26-81000-C,84723.27,BTC-16OCT26,call,81000.0,2026-10-16T08:00:00+00:00,0.03646000546404036,0.0495,0.0525,0.0518845,0.051,84723.27,BTC-16OCT26,0.3182,0.779,48.03775,8.6,0.9,0.0029999999999999957,BTC,84528.17,4079.29
2026-10-03T00:23:29.731568+00:00,BTC-27NOV26-115000-P,85253.96,BTC-27NOV26,put,115000.0,2026-11-27T08:00:00+00:00,0.15144973852358862,0.347,0.357,0.35144405,0.352,85253.96,BTC-27NOV26,0.42090000000000005,-0.95948,28.90112,0.2,0.0,0.010000000000000009,BTC,84528.17,0.0
2026-10-03T00:23:29.731568+00:00,BTC-25JUN27-108000-P,87844.41,BTC-25JUN27,put,108000.0,2027-06-25T08:00:00+00:00,0.7263984038213298,0.2805,0.299,0.28807055,0.28975,87844.41,BTC-25JUN27,0.3868,-0.67779,268.60992,0.2,0.0,0.01849999999999996,BTC,84528.17,0.0
2026-10-03T00:23:29.731568+00:00,BTC-27NOV26-64000-C,85253.63,BTC-27NOV26,call,64000.0,2026-11-27T08:00:00+00:00,0.15144973852358862,0.2505,0.2555,0.25319942,0.253,85253.63,BTC-27NOV26,0.4682,0.95195,33.15506,0.2,0.0,0.0050000000000000044,BTC,84528.17,0.0
2026-10-03T00:23:29.731568+00:00,BTC-6OCT26-78000-C,84587.28,BTC-6OCT26,call,78000.0,2026-10-06T08:00:00+00:00,0.009081497592719345,0.076,0.0795,0.07805325,0.07775,84587.28,BTC-6OCT26,0.3874,0.98652,2.78559,0.0,0.0,0.003500000000000003,BTC,84528.17,0.0
2026-10-03T00:23:29.731568+00:00,BTC-25DEC26-130000-P,85603.12,BTC-25DEC26,put,130000.0,2026-12-25T08:00:00+00:00,0.22810956056328743,0.5165,0.5285,0.52106971,0.5225,85603.12,BTC-25DEC26,0.44520000000000004,-0.96841,29.04379,57.0,0.0,0.01200000000000001,BTC,84528.22,0.0
2026-10-03T00:23:29.731568+00:00,BTC-4OCT26-87500-C,84562.27,BTC-4OCT26,call,87500.0,2026-10-04T08:00:00+00:00,0.0036057960184551425,0.0001,0.0003,0.00017625,0.0002,84562.27,BTC-4OCT26,0.2925,0.02654,3.11966,154.4,190.9,0.00019999999999999998,BTC,84528.17,39809.1
2026-10-03T00:23:29.731568+00:00,BTC-25DEC26-106000-C,85603.32,BTC-25DEC26,call,106000.0,2026-12-25T08:00:00+00:00,0.22810956056328743,0.0115,0.0125,0.01195807,0.012,85603.32,BTC-25DEC26,0.3811,0.13948,90.79975,615.0,0.0,0.0010000000000000009,BTC,84528.22,0.0
2026-10-03T00:23:29.731568+00:00,BTC-25DEC26-30000-C,85603.12,BTC-25DEC26,call,30000.0,2026-12-25T08:00:00+00:00,0.22810956056328743,0.649,0.651,0.65013961,0.65,85603.12,BTC-25DEC26,0.8979,0.99608,4.76249,300.8,0.0,0.0020000000000000018,BTC,84528.22,0.0
2026-10-03T00:23:29.731568+00:00,BTC-27NOV26-75000-P,85253.96,BTC-27NOV26,put,75000.0,2026-11-27T08:00:00+00:00,0.15144973852358862,0.0145,0.015,0.01476346,0.01475,85253.96,BTC-27NOV26,0.3797,-0.17348,85.0751,1724.2,51.3,0.0004999999999999987,BTC,84528.22,59657.74
2026-10-03T00:23:29.731568+00:00,BTC-25DEC26-180000-C,85603.12,BTC-25DEC26,call,180000.0,2026-12-25T08:00:00+00:00,0.22810956056328743,0.0002,0.0006,0.00033907,0.0004,85603.12,BTC-25DEC26,0.564,0.00434,5.21453,935.8,1.5,0.00039999999999999996,BTC,84528.22,37.98
2026-10-03T00:23:29.731568+00:00,BTC-25DEC26-106000-P,85603.32,BTC-25DEC26,put,106000.0,2026-12-25T08:00:00+00:00,0.22810956056328743,0.2465,0.256,0.25022635,0.25125,85603.32,BTC-25DEC26,0.3811,-0.86052,90.79975,0.2,0.0,0.009500000000000008,BTC,84528.22,0.0
2026-10-03T00:23:29.731568+00:00,BTC-30OCT26-94000-C,84910.3,BTC-30OCT26,call,94000.0,2026-10-30T08:00:00+00:00,0.07478991648388979,0.007,0.0075,0.00702336,0.00725,84910.3,BTC-30OCT26,0.3435,0.15026,54.22223,1459.4,270.4,0.0004999999999999996,BTC,84528.22,245049.94
2026-10-03T00:23:29.731568+00:00,BTC-26MAR27-88000-P,86687.1,BTC-26MAR27,put,88000.0,2027-03-26T08:00:00+00:00,0.4772539821923087,0.1105,0.112,0.1113246,0.11125,86687.1,BTC-26MAR27,0.3739,-0.4717,238.38894,61.2,2.4,0.0015000000000000013,BTC,84528.22,20980.9
2026-10-03T00:23:29.731568+00:00,BTC-30OCT26-57000-P,84910.3,BTC-30OCT26,put,57000.0,2026-10-30T08:00:00+00:00,0.07478991648388979,0.0005,0.0007,0.000581,0.0006,84910.3,BTC-30OCT26,0.6429,-0.00932,5.81938,206.8,0.0,0.00019999999999999998,BTC,84528.22,0.0
2026-10-03T00:23:29.731568+00:00,BTC-6OCT26-77000-P,84587.57,BTC-6OCT26,put,77000.0,2026-10-06T08:00:00+00:00,0.009081497592719345,0.0001,0.0002,0.00013873,0.00015,84587.57,BTC-6OCT26,0.42700000000000005,-0.00999,2.14666,0.7,0.9,0.0001,BTC,84528.22,12.0
2026-10-03T00:23:29.731568+00:00,BTC-6OCT26-87000-C,84587.28,BTC-6OCT26,call,87000.0,2026-10-06T08:00:00+00:00,0.009081497592719345,0.0013,0.0017,0.00153396,0.0015,84587.28,BTC-6OCT26,0.2562,0.12678,16.76046,22.2,22.2,0.00039999999999999996,BTC,84528.22,17732.27
2026-10-03T00:23:29.731568+00:00,BTC-9OCT26-73000-P,84615.72,BTC-9OCT26,put,73000.0,2026-10-09T08:00:00+00:00,0.017295049954115647,0.0002,0.0004,0.00028531,0.0003,84615.72,BTC-9OCT26,0.5057,-0.01231,3.55496,358.5,78.9,0.0002,BTC,84528.22,2303.93
2026-10-03T00:23:29.731568+00:00,BTC-6OCT26-86500-P,84587.57,BTC-6OCT26,put,86500.0,2026-10-06T08:00:00+00:00,0.009081497592719345,0.0225,0.0265,0.02480124,0.0245,84587.57,BTC-6OCT26,0.24739999999999998,-0.82592,20.71303,0.0,0.0,0.004,BTC,84528.22,0.0
2026-10-03T00:23:29.731568+00:00,BTC-24SEP27-180000-C,89025.41,BTC-24SEP27,call,180000.0,2027-09-24T08:00:00+00:00,0.9755428254503511,0.0125,0.0145,0.01350061,0.0135,89025.41,BTC-24SEP27,0.4401,0.08047,131.34104,51.7,0.1,0.002,BTC,84528.22,130.32
2026-10-03T00:23:29.731568+00:00,BTC-25DEC26-62000-P,85603.12,BTC-25DEC26,put,62000.0,2026-12-25T08:00:00+00:00,0.22810956056328743,0.0055,0.0065,0.00597421,0.006,85603.12,BTC-25DEC26,0.4619,-0.05798,47.42416,1549.2,0.5,0.001,BTC,84528.22,248.61
2026-10-03T00:23:29.731568+00:00,BTC-24SEP27-140000-C,89025.06,BTC-24SEP27,call,140000.0,2027-09-24T08:00:00+00:00,0.9755428254503511,0.0315,0.034,0.03277829,0.03275,89025.06,BTC-24SEP27,0.4083,0.17859,229.6506,506.5,0.1,0.0025000000000000022,BTC,84528.22,303.31
2026-10-03T00:23:29.731568+00:00,BTC-3OCT26-77000-C,84549.97,BTC-3OCT26,call,77000.0,2026-10-03T08:00:00+00:00,0.0008679452313230411,0.0875,0.091,0.08929878,0.08925,84549.97,BTC-3OCT26,0.8416,0.99992,0.0076,0.0,0.0,0.003500000000000003,BTC,84528.22,0.0
2026-10-03T00:23:29.731568+00:00,BTC-25JUN27-96000-C,87844.41,BTC-25JUN27,call,96000.0,2027-06-25T08:00:00+00:00,0.7263984038213298,0.0935,0.096,0.09465855,0.09475,87844.41,BTC-25JUN27,0.3843,0.45738,297.08832,151.5,0.0,0.0025000000000000022,BTC,84528.22,0.0
2026-10-03T00:23:29.731568+00:00,BTC-5OCT26-88000-C,84576.49,BTC-5OCT26,call,88000.0,2026-10-05T08:00:00+00:00,0.006343646805587244,0.0002,0.0004,0.00028195,0.0003,84576.49,BTC-5OCT26,0.2703,0.03352,5.02426,10.4,10.3,0.0002,BTC,84528.22,1233.66
2026-10-03T00:23:29.731568+00:00,BTC-23OCT26-90000-C,84817.45,BTC-23OCT26,call,90000.0,2026-10-23T08:00:00+00:00,0.05562496097396506,0.0095,0.01,0.00977221,0.00975,84817.45,BTC-23OCT26,0.3226,0.22918,60.63768,47.4,43.5,0.0005000000000000004,BTC,84528.22,60565.66
2026-10-03T00:23:29.731568+00:00,BTC-26MAR27-200000-C,86687.42,BTC-26MAR27,call,200000.0,2027-03-26T08:00:00+00:00,0.4772539821923087,0.0018,0.0022,0.00199626,0.002,86687.42,BTC-26MAR27,0.526,0.01708,25.36137,493.0,1.4,0.0004000000000000002,BTC,84528.22,246.59
2026-10-03T00:23:29.731568+00:00,BTC-30OCT26-60000-P,84910.3,BTC-30OCT26,put,60000.0,2026-10-30T08:00:00+00:00,0.07478991648388979,0.0007,0.0009,0.0007872,0.0008,84910.3,BTC-30OCT26,0.5931000000000001,-0.01318,7.87132,1287.4,1.0,0.00019999999999999998,BTC,84528.22,51.59
2026-10-03T00:23:29.731568+00:00,BTC-30OCT26-52000-P,84910.3,BTC-30OCT26,put,52000.0,2026-10-30T08:00:00+00:00,0.07478991648388979,0.0002,0.0004,0.00028474,0.0003,84910.3,BTC-30OCT26,0.711,-0.00443,3.01216,135.1,8.6,0.0002,BTC,84528.22,223.28
2026-10-03T00:23:29.731568+00:00,BTC-25DEC26-140000-P,85603.12,BTC-25DEC26,put,140000.0,2026-12-25T08:00:00+00:00,0.22810956056328743,0.6305,0.645,0.63698317,0.63775,85603.12,BTC-25DEC26,0.47450000000000003,-0.98015,19.67548,0.3,0.0,0.014500000000000068,BTC,84528.22,0.0
2026-10-03T00:23:29.731568+00:00,BTC-26MAR27-102000-P,86687.42,BTC-26MAR27,put,102000.0,2027-03-26T08:00:00+00:00,0.4772539821923087,0.2155,0.2305,0.22227324,0.223,86687.42,BTC-26MAR27,0.3771,-0.68925,211.56607,0.1,0.0,0.015000000000000013,BTC,84528.22,0.0
2026-10-03T00:23:29.731568+00:00,BTC-24SEP27-92000-P,89025.41,BTC-24SEP27,put,92000.0,2027-09-24T08:00:00+00:00,0.9755428254503511,0.17,0.174,0.17177439,0.172,89025.41,BTC-24SEP27,0.38789999999999997,-0.45794,348.92762,0.0,0.0,0.003999999999999976,BTC,84528.22,0.0
2026-10-03T00:23:29.731568+00:00,BTC-24SEP27-102000-C,89025.06,BTC-24SEP27,call,102000.0,2027-09-24T08:00:00+00:00,0.9755428254503511,0.098,0.1015,0.09989708,0.09975,89025.06,BTC-24SEP27,0.3871,0.43457,346.15011,2.7,0.2,0.003500000000000003,BTC,84528.22,1660.24
2026-10-03T00:23:29.731568+00:00,BTC-25JUN27-104000-P,87844.41,BTC-25JUN27,put,104000.0,2027-06-25T08:00:00+00:00,0.7263984038213298,0.2445,0.262,0.25266679,0.25325,87844.41,BTC-25JUN27,0.38549999999999995,-0.63655,281.11768,0.0,0.0,0.017500000000000016,BTC,84528.22,0.0
2026-10-03T00:23:29.731568+00:00,BTC-3OCT26-74000-P,84549.97,BTC-3OCT26,put,74000.0,2026-10-03T08:00:00+00:00,0.0008679452313230411,,0.0001,0.0,,84549.97,BTC-3OCT26,0.8417,0.0,0.0,9.5,0.0,,BTC,84528.22,0.0
2026-10-03T00:23:29.731568+00:00,BTC-25JUN27-98000-P,87844.41,BTC-25JUN27,put,98000.0,2027-06-25T08:00:00+00:00,0.7263984038213298,0.2,0.2045,0.20280618,0.20225,87844.41,BTC-25JUN27,0.38380000000000003,-0.56773,294.47823,0.1,0.0,0.004499999999999976,BTC,84528.22,0.0
2026-10-03T00:23:29.731568+00:00,BTC-25JUN27-100000-P,87844.68,BTC-25JUN27,put,100000.0,2027-06-25T08:00:00+00:00,0.7263984038213298,0.216,0.2205,0.21886906,0.21825,87844.68,BTC-25JUN27,0.38409999999999994,-0.59172,290.86274,2.4,0.2,0.004500000000000004,BTC,84528.22,3581.6
2026-10-03T00:23:29.731568+00:00,BTC-16OCT26-86000-C,84723.27,BTC-16OCT26,call,86000.0,2026-10-16T08:00:00+00:00,0.03646000546404036,0.016,0.017,0.01659696,0.0165,84723.27,BTC-16OCT26,0.3043,0.40946,62.88666,225.1,26.2,0.0010000000000000009,BTC,84528.22,58093.71
2026-10-03T00:23:29.731568+00:00,BTC-27NOV26-94000-P,85253.96,BTC-27NOV26,put,94000.0,2026-11-27T08:00:00+00:00,0.15144973852358862,0.1195,0.128,0.12316003,0.12375,85253.96,BTC-27NOV26,0.3558,-0.73776,108.1221,3.0,0.0,0.008500000000000008,BTC,84528.22,0.0
2026-10-03T00:23:29.731568+00:00,BTC-16OCT26-95000-C,84723.27,BTC-16OCT26,call,95000.0,2026-10-16T08:00:00+00:00,0.03646000546404036,0.0011,0.0012,0.00118008,0.00115,84723.27,BTC-16OCT26,0.34590000000000004,0.04449,15.19776,281.9,154.5,9.999999999999983e-05,BTC,84528.22,44716.72
2026-10-03T00:23:29.731568+00:00,BTC-6OCT26-85500-P,84587.28,BTC-6OCT26,put,85500.0,2026-10-06T08:00:00+00:00,0.009081497592719345,0.014,0.016,0.01533356,0.015,84587.28,BTC-6OCT26,0.23329999999999998,-0.68163,28.76976,13.3,13.3,0.002,BTC,84528.22,15209.51
2026-10-03T00:23:29.731568+00:00,BTC-26MAR27-95000-C,86687.1,BTC-26MAR27,call,95000.0,2027-03-26T08:00:00+00:00,0.4772539821923087,0.0655,0.067,0.06628681,0.06625,86687.1,BTC-26MAR27,0.3734,0.41061,232.96584,459.5,2.8,0.0015000000000000013,BTC,84528.22,17847.28
2026-10-03T00:23:29.731568+00:00,BTC-30OCT26-56000-C,84910.3,BTC-30OCT26,call,56000.0,2026-10-30T08:00:00+00:00,0.07478991648388979,0.339,0.3425,0.34096527,0.34075,84910.3,BTC-30OCT26,0.6531999999999999,0.9922,4.98164,0.5,0.0,0.003500000000000003,BTC,84528.22,0.0
2026-10-03T00:23:29.731568+00:00,BTC-25DEC26-70000-C,85603.12,BTC-25DEC26,call,70000.0,2026-12-25T08:00:00+00:00,0.22810956056328743,0.1925,0.198,0.19573877,0.19525,85603.12,BTC-25DEC26,0.405,0.87212,85.53637,1885.0,0.2,0.005500000000000005,BTC,84528.22,3632.85
2026-10-03T00:23:29.731568+00:00,BTC-25DEC26-30000-P,85603.32,BTC-25DEC26,put,30000.0,2026-12-25T08:00:00+00:00,0.22810956056328743,0.0005,0.0007,0.0005929,0.0006,85603.32,BTC-25DEC26,0.8979,-0.00392,4.7625,2229.1,31.2,0.00019999999999999998,BTC,84528.22,1581.47
2026-10-03T00:23:29.731568+00:00,BTC-6OCT26-89000-P,84587.57,BTC-6OCT26,put,89000.0,2026-10-06T08:00:00+00:00,0.009081497592719345,0.0505,0.0555,0.05258511,0.053,84587.57,BTC-6OCT26,0.29710000000000003,-0.96266,6.56845,0.0,0.0,0.0049999999999999975,BTC,84528.22,0.0
2026-10-03T00:23:29.731568+00:00,BTC-9OCT26-80000-P,84616.07,BTC-9OCT26,put,80000.0,2026-10-09T08:00:00+00:00,0.017295049954115647,0.0015,0.0017,0.00162195,0.0016,84616.07,BTC-9OCT26,0.3144,-0.08411,17.18394,1000.1,87.6,0.00019999999999999987,BTC,84528.22,13193.14
2026-10-03T00:23:29.731568+00:00,BTC-25JUN27-95000-P,87844.68,BTC-25JUN27,put,95000.0,2027-06-25T08:00:00+00:00,0.7263984038213298,0.1775,0.181,0.17967265,0.17925,87844.68,BTC-25JUN27,0.3834,-0.53029,297.93112,40.2,0.0,0.003500000000000003,BTC,84528.42,0.0
2026-10-03T00:23:29.731568+00:00,BTC-24SEP27-70000-C,89025.41,BTC-24SEP27,call,70000.0,2027-09-24T08:00:00+00:00,0.9755428254503511,0.2705,0.2745,0.27262111,0.2725,89025.41,BTC-24SEP27,0.4042,0.78856,254.50157,4.9,0.0,0.0040000000000000036,BTC,84528.22,0.0
2026-10-03T00:23:29.731568+00:00,BTC-30OCT26-70000-P,84909.94,BTC-30OCT26,put,70000.0,2026-10-30T08:00:00+00:00,0.07478991648388979,0.0024,0.0027,0.00253412,0.00255,84909.94,BTC-30OCT26,0.44079999999999997,-0.04833,23.31498,2081.2,14.3,0.00030000000000000035,BTC,84528.42,3285.9
2026-10-03T00:23:29.731568+00:00,BTC-25JUN27-82000-P,87844.68,BTC-25JUN27,put,82000.0,2027-06-25T08:00:00+00:00,0.7263984038213298,0.095,0.0975,0.09626914,0.09625,87844.68,BTC-25JUN27,0.3874,-0.35433,278.64487,34.7,9.0,0.0025000000000000022,BTC,84528.42,69210.18
2026-10-03T00:23:29.731568+00:00,BTC-25JUN27-200000-C,87844.41,BTC-25JUN27,call,200000.0,2027-06-25T08:00:00+00:00,0.7263984038213298,0.0045,0.0055,0.00498538,0.005,87844.41,BTC-25JUN27,0.4796,0.03532,58.30127,234.3,0.0,0.001,BTC,84528.42,0.0
2026-10-03T00:23:29.731568+00:00,BTC-3OCT26-84000-C,84549.97,BTC-3OCT26,call,84000.0,2026-10-03T08:00:00+00:00,0.0008679452313230411,0.0048,0.0085,0.00684082,0.00665,84549.97,BTC-3OCT26,0.1895,0.8768,5.06907,116.3,77.9,0.003700000000000001,BTC,84528.42,34288.18
2026-10-03T00:23:29.731568+00:00,BTC-30OCT26-68000-C,84910.3,BTC-30OCT26,call,68000.0,2026-10-30T08:00:00+00:00,0.07478991648388979,0.1985,0.203,0.20109329,0.20075,84910.3,BTC-30OCT26,0.46880000000000005,0.96372,18.48578,467.2,29.9,0.004500000000000004,BTC,84528.42,517465.35
2026-10-03T00:23:29.731568+00:00,BTC-23OCT26-87000-C,84817.71,BTC-23OCT26,call,87000.0,2026-10-23T08:00:00+00:00,0.05562496097396506,0.0185,0.0195,0.01900977,0.019,84817.71,BTC-23OCT26,0.31629999999999997,0.38074,76.23404,29.1,36.5,0.0010000000000000009,BTC,84528.42,98919.84
2026-10-03T00:23:29.731568+00:00,BTC-4OCT26-86500-P,84561.91,BTC-4OCT26,put,86500.0,2026-10-04T08:00:00+00:00,0.0036057960184551425,0.021,0.025,0.02320324,0.023,84561.91,BTC-4OCT26,0.22870000000000001,-0.94983,5.2512,4.5,4.5,0.004,BTC,84528.42,2996.5
2026-10-03T00:23:29.731568+00:00,BTC-27NOV26-75000-C,85253.96,BTC-27NOV26,call,75000.0,2026-11-27T08:00:00+00:00,0.15144973852358862,0.1325,0.1375,0.13504027,0.135,85253.96,BTC-27NOV26,0.3797,0.82652,85.07512,291.4,0.3,0.0050000000000000044,BTC,84528.42,3674.34
2026-10-03T00:23:29.731568+00:00,BTC-30OCT26-100000-C,84910.3,BTC-30OCT26,call,100000.0,2026-10-30T08:00:00+00:00,0.07478991648388979,0.0026,0.0028,0.00268971,0.0027,84910.3,BTC-30OCT26,0.3771,0.06255,28.58567,13080.8,936.6,0.0002000000000000001,BTC,84528.42,314783.1
2026-10-03T00:23:29.731568+00:00,BTC-5OCT26-93000-P,84576.19,BTC-5OCT26,put,93000.0,2026-10-05T08:00:00+00:00,0.006343646805587244,0.0975,0.102,0.09961704,0.09975,84576.19,BTC-5OCT26,0.41490000000000005,-0.99786,0.45406,0.0,0.0,0.00449999999999999,BTC,84528.17,0.0
2026-10-03T00:23:29.731568+00:00,BTC-6OCT26-91000-C,84587.57,BTC-6OCT26,call,91000.0,2026-10-06T08:00:00+00:00,0.009081497592719345,,0.0003,0.00019113,,84587.57,BTC-6OCT26,0.3546,0.01596,3.21957,25.7,25.7,,BTC,84528.17,2212.53
2026-10-03T00:23:29.731568+00:00,BTC-25DEC26-105000-C,85603.12,BTC-25DEC26,call,105000.0,2026-12-25T08:00:00+00:00,0.22810956056328743,0.0125,0.0135,0.01298654,0.013,85603.12,BTC-25DEC26,0.379,0.14979,95.26856,963.5,2.5,0.0009999999999999992,BTC,84528.17,3398.61
2026-10-03T00:23:29.731568+00:00,BTC-24SEP27-160000-C,89025.41,BTC-24SEP27,call,160000.0,2027-09-24T08:00:00+00:00,0.9755428254503511,0.019,0.0215,0.02026133,0.02025,89025.41,BTC-24SEP27,0.4238,0.11682,172.62998,0.2,0.1,0.0024999999999999988,BTC,84528.17,176.27
2026-10-03T00:23:29.731568+00:00,BTC-6OCT26-89500-P,84587.28,BTC-6OCT26,put,89500.0,2026-10-06T08:00:00+00:00,0.009081497592719345,0.0565,0.061,0.05841015,0.05875,84587.28,BTC-6OCT26,0.3111,-0.97067,5.38455,0.0,0.0,0.004499999999999997,BTC,84528.17,0.0
2026-10-03T00:23:29.731568+00:00,BTC-9OCT26-72000-C,84615.72,BTC-9OCT26,call,72000.0,2026-10-09T08:00:00+00:00,0.017295049954115647,0.147,0.151,0.14934727,0.149,84615.72,BTC-9OCT26,0.5377000000000001,0.98961,3.06848,0.0,0.0,0.0040000000000000036,BTC,84528.17,0.0
2026-10-03T00:23:29.731568+00:00,BTC-24SEP27-116000-P,89025.41,BTC-24SEP27,put,116000.0,2027-09-24T08:00:00+00:00,0.9755428254503511,0.36,0.379,0.36724348,0.3695,89025.41,BTC-24SEP27,0.39189999999999997,-0.68799,311.16471,0.0,0.0,0.019000000000000017,BTC,84528.17,0.0
2026-10-03T00:23:29.731568+00:00,BTC-25DEC26-52000-C,85603.12,BTC-25DEC26,call,52000.0,2026-12-25T08:00:00+00:00,0.22810956056328743,0.3925,0.3975,0.39507328,0.395,85603.12,BTC-25DEC26,0.5603,0.97703,22.25799,0.1,0.0,0.0050000000000000044,BTC,84528.17,0.0
2026-10-03T00:23:29.731568+00:00,BTC-24SEP27-116000-C,89025.06,BTC-24SEP27,call,116000.0,2027-09-24T08:00:00+00:00,0.9755428254503511,0.0625,0.066,0.06425057,0.06425,89025.06,BTC-24SEP27,0.39189999999999997,0.31202,311.16669,0.1,0.0,0.003500000000000003,BTC,84528.17,0.0
2026-10-03T00:23:29.731568+00:00,BTC-16OCT26-94000-C,84723.27,BTC-16OCT26,call,94000.0,2026-10-16T08:00:00+00:00,0.03646000546404036,0.0016,0.0018,0.00164975,0.0017,84723.27,BTC-16OCT26,0.3427,0.05998,19.27244,113.3,108.6,0.00019999999999999987,BTC,84528.17,34630.81
2026-10-03T00:23:29.731568+00:00,BTC-30OCT26-81000-C,84910.3,BTC-30OCT26,call,81000.0,2026-10-30T08:00:00+00:00,0.07478991648388979,0.0625,0.0645,0.06349452,0.0635,84910.3,BTC-30OCT26,0.33649999999999997,0.71158,79.30867,694.2,0.1,0.0020000000000000018,BTC,84528.17,586.22
2026-10-03T00:23:29.731568+00:00,BTC-3OCT26-81500-C,84549.97,BTC-3OCT26,call,81500.0,2026-10-03T08:00:00+00:00,0.0008679452313230411,0.0345,0.0375,0.03608463,0.036,84549.97,BTC-3OCT26,0.442,0.99767,0.18143,8.6,8.6,0.0029999999999999957,BTC,84527.95,47914.16
2026-10-03T00:23:29.731568+00:00,BTC-30OCT26-55000-C,84910.3,BTC-30OCT26,call,55000.0,2026-10-30T08:00:00+00:00,0.07478991648388979,0.351,0.354,0.35267296,0.3525,84910.3,BTC-30OCT26,0.6657,0.99328,4.36804,0.1,0.0,0.0030000000000000027,BTC,84528.17,0.0
2026-10-03T00:23:29.731568+00:00,BTC-6OCT26-82000-C,84587.57,BTC-6OCT26,call,82000.0,2026-10-06T08:00:00+00:00,0.009081497592719345,0.0295,0.0335,0.03171113,0.0315,84587.57,BTC-6OCT26,0.25379999999999997,0.90221,13.91931,0.0,0.0,0.0040000000000000036,BTC,84527.95,0.0
2026-10-03T00:23:29.731568+00:00,BTC-25DEC26-94000-P,85603.12,BTC-25DEC26,put,94000.0,2026-12-25T08:00:00+00:00,0.22810956056328743,0.128,0.136,0.13190035,0.132,85603.12,BTC-25DEC26,0.3636,-0.67438,147.31131,5.9,0.0,0.008000000000000007,BTC,84527.95,0.0
2026-10-03T00:23:29.731568+00:00,BTC-24SEP27-100000-P,89025.41,BTC-24SEP27,put,100000.0,2027-09-24T08:00:00+00:00,0.9755428254503511,0.2275,0.2335,0.23012702,0.2305,89025.41,BTC-24SEP27,0.3876,-0.54471,348.67472,0.0,0.0,0.006000000000000005,BTC,84527.95,0.0
2026-10-03T00:23:29.731568+00:00,BTC-25JUN27-66000-C,87844.41,BTC-25JUN27,call,66000.0,2027-06-25T08:00:00+00:00,0.7263984038213298,0.2825,0.2855,0.28415816,0.284,87844.41,BTC-25JUN27,0.4125,0.83864,183.2418,25.6,0.0,0.0030000000000000027,BTC,84527.95,0.0
2026-10-03T00:23:29.731568+00:00,BTC-27NOV26-60000-C,85253.96,BTC-27NOV26,call,60000.0,2026-11-27T08:00:00+00:00,0.15144973852358862,0.296,0.301,0.29891848,0.2985,85253.96,BTC-27NOV26,0.5151,0.96798,23.82966,0.8,0.0,0.0050000000000000044,BTC,84527.95,0.0
2026-10-03T00:23:29.731568+00:00,BTC-25JUN27-66000-P,87844.41,BTC-25JUN27,put,66000.0,2027-06-25T08:00:00+00:00,0.7263984038213298,0.0345,0.0365,0.03548143,0.0355,87844.41,BTC-25JUN27,0.4125,-0.16136,183.24139,66.7,0.0,0.001999999999999995,BTC,84528.17,0.0
2026-10-03T00:23:29.731568+00:00,BTC-6OCT26-83500-P,84587.28,BTC-6OCT26,put,83500.0,2026-10-06T08:00:00+00:00,0.009081497592719345,0.0035,0.004,0.00371217,0.00375,84587.28,BTC-6OCT26,0.2293,-0.27375,26.84112,38.6,39.2,0.0005,BTC,84528.17,7404.03
2026-10-03T00:23:29.731568+00:00,BTC-25DEC26-94000-C,85603.12,BTC-25DEC26,call,94000.0,2026-12-25T08:00:00+00:00,0.22810956056328743,0.033,0.0345,0.03381338,0.03375,85603.12,BTC-25DEC26,0.3636,0.32562,147.31267,666.7,64.4,0.0015000000000000013,BTC,84528.17,223609.1
2026-10-03T00:23:29.731568+00:00,BTC-27NOV26-68000-C,85253.63,BTC-27NOV26,call,68000.0,2026-11-27T08:00:00+00:00,0.15144973852358862,0.2055,0.2105,0.20835867,0.208,85253.63,BTC-27NOV26,0.4279,0.92508,46.93991,0.0,0.0,0.0050000000000000044,BTC,84528.17,0.0
2026-10-03T00:23:29.731568+00:00,BTC-6OCT26-84500-C,84587.57,BTC-6OCT26,call,84500.0,2026-10-06T08:00:00+00:00,0.009081497592719345,0.0085,0.0095,0.00916432,0.009,84587.57,BTC-6OCT26,0.22719999999999999,0.52297,32.11028,2.2,2.2,0.0009999999999999992,BTC,84528.17,1328.77
2026-10-03T00:23:29.731568+00:00,BTC-24SEP27-170000-C,89025.41,BTC-24SEP27,call,170000.0,2027-09-24T08:00:00+00:00,0.9755428254503511,0.0155,0.0175,0.01650921,0.0165,89025.41,BTC-24SEP27,0.4326,0.09679,150.71331,2.2,0.5,0.0020000000000000018,BTC,84528.17,823.58
2026-10-03T00:23:29.731568+00:00,BTC-30OCT26-105000-C,84910.3,BTC-30OCT26,call,105000.0,2026-10-30T08:00:00+00:00,0.07478991648388979,0.0013,0.0014,0.00139188,0.00135,84910.3,BTC-30OCT26,0.40950000000000003,0.03294,17.07389,1218.3,136.9,0.00010000000000000005,BTC,84528.17,25390.15
2026-10-03T00:23:29.731568+00:00,BTC-30OCT26-55000-P,84910.3,BTC-30OCT26,put,55000.0,2026-10-30T08:00:00+00:00,0.07478991648388979,0.0004,0.0005,0.00041657,0.00045,84910.3,BTC-30OCT26,0.6657,-0.00672,4.36903,301.1,2.1,9.999999999999999e-05,BTC,84528.17,100.13
2026-10-03T00:23:29.731568+00:00,BTC-25JUN27-160000-P,87844.41,BTC-25JUN27,put,160000.0,2027-06-25T08:00:00+00:00,0.7263984038213298,0.8225,0.8445,0.83262878,0.8335,87844.41,BTC-25JUN27,0.4366,-0.92287,108.30841,0.2,0.0,0.02200000000000002,BTC,84528.17,0.0
2026-10-03T00:23:29.731568+00:00,BTC-6OCT26-84000-C,84587.28,BTC-6OCT26,call,84000.0,2026-10-06T08:00:00+00:00,0.009081497592719345,0.0115,0.0135,0.01243958,0.0125,84587.28,BTC-6OCT26,0.2248,0.63119,30.40857,0.0,0.0,0.002,BTC,84528.17,0.0
2026-10-03T00:23:29.731568+00:00,BTC-30OCT26-93000-C,84910.3,BTC-30OCT26,call,93000.0,2026-10-30T08:00:00+00:00,0.07478991648388979,0.008,0.0085,0.00828065,0.00825,84910.3,BTC-30OCT26,0.33770000000000006,0.17383,59.62311,658.3,183.0,0.0005000000000000004,BTC,84528.17,217703.89
2026-10-03T00:23:29.731568+00:00,BTC-27NOV26-85000-P,85253.96,BTC-27NOV26,put,85000.0,2026-11-27T08:00:00+00:00,0.15144973852358862,0.0525,0.054,0.05343158,0.05325,85253.96,BTC-27NOV26,0.3544,-0.46412,131.85888,320.7,201.7,0.0015000000000000013,BTC,84528.17,806544.78
2026-10-03T00:23:29.731568+00:00,BTC-9OCT26-87000-C,84616.07,BTC-9OCT26,call,87000.0,2026-10-09T08:00:00+00:00,0.017295049954115647,0.0046,0.0055,0.00501597,0.00505,84616.07,BTC-9OCT26,0.2838,0.23417,34.13795,581.9,361.9,0.0008999999999999998,BTC,84528.17,389437.76
2026-10-03T00:23:29.731568+00:00,BTC-24SEP27-82000-P,89025.41,BTC-24SEP27,put,82000.0,2027-09-24T08:00:00+00:00,0.9755428254503511,0.11,0.1135,0.1115884,0.11175,89025.41,BTC-24SEP27,0.39280000000000004,-0.3425,323.16826,0.8,0.0,0.003500000000000003,BTC,84528.17,0.0
2026-10-03T00:23:29.731568+00:00,BTC-23OCT26-95000-P,84817.71,BTC-23OCT26,put,95000.0,2026-10-23T08:00:00+00:00,0.05562496097396506,0.121,0.1265,0.12335652,0.12375,84817.71,BTC-23OCT26,0.34759999999999996,-0.91021,32.43866,0.0,0.0,0.005500000000000005,BTC,84528.17,0.0
2026-10-03T00:23:29.731568+00:00,BTC-5OCT26-84500-P,84576.19,BTC-5OCT26,put,84500.0,2026-10-05T08:00:00+00:00,0.006343646805587244,0.005,0.006,0.00543781,0.0055,84576.19,BTC-5OCT26,0.185,-0.47326,26.81592,84.4,88.4,0.001,BTC,84528.17,27165.91
2026-10-03T00:23:29.731568+00:00,BTC-26MAR27-85000-C,86687.42,BTC-26MAR27,call,85000.0,2027-03-26T08:00:00+00:00,0.4772539821923087,0.1115,0.113,0.11216367,0.11225,86687.42,BTC-26MAR27,0.37520000000000003,0.58136,234.00205,462.8,4.1,0.0015000000000000013,BTC,84528.17,42900.19
2026-10-03T00:23:29.731568+00:00,BTC-25JUN27-102000-C,87844.68,BTC-25JUN27,call,102000.0,2027-06-25T08:00:00+00:00,0.7263984038213298,0.0735,0.0755,0.07442432,0.0745,87844.68,BTC-25JUN27,0.3848,0.38544,286.38522,53.1,0.0,0.0020000000000000018,BTC,84528.17,0.0
2026-10-03T00:23:29.731568+00:00,BTC-25DEC26-110000-P,85603.32,BTC-25DEC26,put,110000.0,2026-12-25T08:00:00+00:00,0.22810956056328743,0.289,0.2995,0.29350914,0.29425,85603.32,BTC-25DEC26,0.38789999999999997,-0.89625,73.72267,81.6,0.0,0.01050000000000001,BTC,84528.17,0.0
2026-10-03T00:23:29.731568+00:00,BTC-3OCT26-78000-C,84549.97,BTC-3OCT26,call,78000.0,2026-10-03T08:00:00+00:00,0.0008679452313230411,0.0755,0.079,0.0774735,0.07725,84549.97,BTC-3OCT26,0.8172,0.99962,0.03459,0.0,0.0,0.003500000000000003,BTC,84528.37,0.0
2026-10-03T00:23:29.731568+00:00,BTC-3OCT26-86000-C,84549.97,BTC-3OCT26,call,86000.0,2026-10-03T08:00:00+00:00,0.0008679452313230411,0.0001,0.0002,0.00014492,0.00015,84549.97,BTC-3OCT26,0.32409999999999994,0.0375,2.03389,196.6,382.9,0.0001,BTC,84528.37,296238.44
2026-10-03T00:23:29.731568+00:00,BTC-26MAR27-52000-P,86687.42,BTC-26MAR27,put,52000.0,2027-03-26T08:00:00+00:00,0.4772539821923087,0.0065,0.0075,0.00697889,0.007,86687.42,BTC-26MAR27,0.4829,-0.04475,56.52471,322.8,0.0,0.001,BTC,84528.37,0.0
2026-10-03T00:23:29.731568+00:00,BTC-27NOV26-87000-P,85253.63,BTC-27NOV26,put,87000.0,2026-11-27T08:00:00+00:00,0.15144973852358862,0.0655,0.0665,0.06614628,0.066,85253.63,BTC-27NOV26,0.3528,-0.53173,131.97633,34.5,8.2,0.0010000000000000009,BTC,84528.37,39380.12
2026-10-03T00:23:29.731568+00:00,BTC-23OCT26-81000-C,84817.45,BTC-23OCT26,call,81000.0,2026-10-23T08:00:00+00:00,0.05562496097396506,0.0565,0.0585,0.05757792,0.0575,84817.45,BTC-23OCT26,0.3243,0.73887,65.05024,0.0,0.0,0.0020000000000000018,BTC,84528.37,0.0
2026-10-03T00:23:29.731568+00:00,BTC-5OCT26-75000-C,84576.19,BTC-5OCT26,call,75000.0,2026-10-05T08:00:00+00:00,0.006343646805587244,0.111,0.115,0.11327487,0.113,84576.19,BTC-5OCT26,0.5607,0.99666,0.67895,0.0,0.0,0.0040000000000000036,BTC,84528.42,0.0
2026-10-03T00:23:29.731568+00:00,BTC-30OCT26-89000-C,84910.3,BTC-30OCT26,call,89000.0,2026-10-30T08:00:00+00:00,0.07478991648388979,0.017,0.018,0.01756423,0.0175,84910.3,BTC-30OCT26,0.32880000000000004,0.3163,82.66193,1152.9,88.4,0.0009999999999999974,BTC,84528.42,167165.69
2026-10-03T00:23:29.731568+00:00,BTC-5OCT26-88500-P,84576.49,BTC-5OCT26,put,88500.0,2026-10-05T08:00:00+00:00,0.006343646805587244,0.0445,0.0485,0.04663148,0.0465,84576.49,BTC-5OCT26,0.294,-0.97215,4.30873,0.0,0.0,0.0040000000000000036,BTC,84528.42,0.0
2026-10-03T00:23:29.731568+00:00,BTC-30OCT26-61000-P,84910.3,BTC-30OCT26,put,61000.0,2026-10-30T08:00:00+00:00,0.07478991648388979,0.0008,0.001,0.00088694,0.0009,84910.3,BTC-30OCT26,0.5782,-0.01502,8.80793,278.1,2.0,0.00019999999999999998,BTC,84528.42,171.87
2026-10-03T00:23:29.731568+00:00,BTC-25JUN27-60000-P,87844.41,BTC-25JUN27,put,60000.0,2027-06-25T08:00:00+00:00,0.7263984038213298,0.0225,0.024,0.02323899,0.02325,87844.41,BTC-25JUN27,0.4307,-0.11088,141.63343,243.2,0.5,0.0015000000000000013,BTC,84528.42,942.25
2026-10-03T00:23:29.731568+00:00,BTC-25DEC26-125000-P,85603.12,BTC-25DEC26,put,125000.0,2026-12-25T08:00:00+00:00,0.22810956056328743,0.4575,0.4705,0.4634322,0.464,85603.12,BTC-25DEC26,0.431,-0.95862,36.22746,9.3,0.0,0.012999999999999956,BTC,84528.42,0.0
2026-10-03T00:23:29.731568+00:00,BTC-27NOV26-58000-C,85253.63,BTC-27NOV26,call,58000.0,2026-11-27T08:00:00+00:00,0.15144973852358862,0.32,0.3245,0.32207341,0.32225,85253.63,BTC-27NOV26,0.545,0.97264,20.91675,1.9,0.3,0.004500000000000004,BTC,84528.42,8427.84
2026-10-03T00:23:29.731568+00:00,BTC-25JUN27-112000-C,87844.68,BTC-25JUN27,call,112000.0,2027-06-25T08:00:00+00:00,0.7263984038213298,0.0495,0.051,0.05033304,0.05025,87844.68,BTC-25JUN27,0.38939999999999997,0.28576,254.59371,0.0,0.0,0.0014999999999999944,BTC,84528.42,0.0
2026-10-03T00:23:29.731568+00:00,BTC-6OCT26-82500-P,84587.57,BTC-6OCT26,put,82500.0,2026-10-06T08:00:00+00:00,0.009081497592719345,0.0015,0.0019,0.00165404,0.0017,84587.57,BTC-6OCT26,0.2438,-0.13905,17.86156,3.4,3.4,0.00039999999999999996,BTC,84528.42,517.22
2026-10-03T00:23:29.731568+00:00,BTC-3OCT26-82500-P,84549.97,BTC-3OCT26,put,82500.0,2026-10-03T08:00:00+00:00,0.0008679452313230411,,0.0001,1.258e-05,,84549.97,BTC-3OCT26,0.31739999999999996,-0.00427,0.3122,83.3,68.8,,BTC,84528.42,1524.01
2026-10-03T00:23:29.731568+00:00,BTC-26MAR27-110000-P,86687.42,BTC-26MAR27,put,110000.0,2027-03-26T08:00:00+00:00,0.4772539821923087,0.2925,0.308,0.29891379,0.30025,86687.42,BTC-26MAR27,0.3839,-0.77786,178.36133,5.1,0.0,0.015500000000000014,BTC,84528.42,0.0
2026-10-03T00:23:29.731568+00:00,BTC-26MAR27-52000-C,86687.42,BTC-26MAR27,call,52000.0,2027-03-26T08:00:00+00:00,0.4772539821923087,0.4045,0.41,0.40712149,0.40725,86687.42,BTC-26MAR27,0.4829,0.95525,56.52439,6.0,0.0,0.005499999999999949,BTC,84528.42,0.0
2026-10-03T00:23:29.731568+00:00,BTC-24SEP27-220000-P,89025.41,BTC-24SEP27,put,220000.0,2027-09-24T08:00:00+00:00,0.9755428254503511,1.4575,1.508,1.47843098,1.48275,89025.41,BTC-24SEP27,0.473,-0.95567,82.36123,0.0,0.0,0.05049999999999999,BTC,84528.42,0.0
2026-10-03T00:23:29.731568+00:00,BTC-25JUN27-50000-P,87844.68,BTC-25JUN27,put,50000.0,2027-06-25T08:00:00+00:00,0.7263984038213298,0.0105,0.012,0.01123475,0.01125,87844.68,BTC-25JUN27,0.47490000000000004,-0.05542,83.81654,342.9,0.0,0.0014999999999999996,BTC,84528.42,0.0
2026-10-03T00:23:29.731568+00:00,BTC-30OCT26-105000-P,84910.3,BTC-30OCT26,put,105000.0,2026-10-30T08:00:00+00:00,0.07478991648388979,0.2355,0.2415,0.2379933,0.2385,84910.3,BTC-30OCT26,0.40950000000000003,-0.96706,17.07575,0.3,0.6,0.006000000000000005,BTC,84528.42,11993.9
2026-10-03T00:23:29.731568+00:00,BTC-5OCT26-81000-P,84576.19,BTC-5OCT26,put,81000.0,2026-10-05T08:00:00+00:00,0.006343646805587244,0.0002,0.0004,0.00028032,0.0003,84576.19,BTC-5OCT26,0.2918,-0.03093,4.70087,69.9,69.7,0.0002,BTC,84528.42,2197.11
2026-10-03T00:23:29.731568+00:00,BTC-26MAR27-68000-C,86687.42,BTC-26MAR27,call,68000.0,2027-03-26T08:00:00+00:00,0.4772539821923087,0.2375,0.2455,0.2419374,0.2415,86687.42,BTC-26MAR27,0.4057,0.84283,144.0608,190.9,0.0,0.008000000000000007,BTC,84528.42,0.0
2026-10-03T00:23:29.731568+00:00,BTC-25DEC26-52000-P,85603.12,BTC-25DEC26,put,52000.0,2026-12-25T08:00:00+00:00,0.22810956056328743,0.0023,0.0027,0.00252565,0.0025,85603.12,BTC-25DEC26,0.5603,-0.02296,22.25671,437.0,0.2,0.0004000000000000002,BTC,84528.42,42.86
2026-10-03T00:23:29.731568+00:00,BTC-30OCT26-83000-P,84910.3,BTC-30OCT26,put,83000.0,2026-10-30T08:00:00+00:00,0.07478991648388979,0.0255,0.026,0.02547857,0.02575,84910.3,BTC-30OCT26,0.33,-0.38314,88.66477,653.1,29.9,0.0005000000000000004,BTC,84528.37,57013.04
2026-10-03T00:23:29.731568+00:00,BTC-6OCT26-90000-C,84587.57,BTC-6OCT26,call,90000.0,2026-10-06T08:00:00+00:00,0.009081497592719345,0.0001,0.0004,0.00022087,0.00025,84587.57,BTC-6OCT26,0.3151,0.02012,3.92289,27.2,32.3,0.00030000000000000003,BTC,84528.37,4733.47
2026-10-03T00:23:29.731568+00:00,BTC-6OCT26-84000-P,84587.28,BTC-6OCT26,put,84000.0,2026-10-06T08:00:00+00:00,0.009081497592719345,0.005,0.006,0.00549435,0.0055,84587.28,BTC-6OCT26,0.2248,-0.36875,30.40714,21.6,25.8,0.001,BTC,84528.37,10441.9
2026-10-03T00:23:29.731568+00:00,BTC-6OCT26-85500-C,84587.57,BTC-6OCT26,call,85500.0,2026-10-06T08:00:00+00:00,0.009081497592719345,0.0043,0.0048,0.00454568,0.00455,84587.57,BTC-6OCT26,0.23329999999999998,0.31845,28.77302,0.4,0.4,0.0004999999999999996,BTC,84528.37,136.5
2026-10-03T00:23:29.731568+00:00,BTC-25DEC26-96000-C,85603.12,BTC-25DEC26,call,96000.0,2026-12-25T08:00:00+00:00,0.22810956056328743,0.028,0.029,0.0283377,0.0285,85603.12,BTC-25DEC26,0.3653,0.28454,138.74382,1507.5,139.4,0.0010000000000000009,BTC,84528.37,405002.55
2026-10-03T00:23:29.731568+00:00,BTC-27NOV26-69000-P,85253.96,BTC-27NOV26,put,69000.0,2026-11-27T08:00:00+00:00,0.15144973852358862,0.0065,0.007,0.00680295,0.00675,85253.96,BTC-27NOV26,0.4205,-0.08471,51.50809,123.6,0.1,0.0005000000000000004,BTC,84528.37,55.94
2026-10-03T00:23:29.731568+00:00,BTC-24SEP27-125000-C,89025.06,BTC-24SEP27,call,125000.0,2027-09-24T08:00:00+00:00,0.9755428254503511,0.0475,0.0505,0.04905591,0.049,89025.06,BTC-24SEP27,0.3967,0.25135,280.29382,3.9,0.1,0.0030000000000000027,BTC,84528.37,426.73
2026-10-03T00:23:29.731568+00:00,BTC-6OCT26-87000-P,84587.57,BTC-6OCT26,put,87000.0,2026-10-06T08:00:00+00:00,0.009081497592719345,0.028,0.033,0.03005496,0.0305,84587.57,BTC-6OCT26,0.2562,-0.87323,16.76045,0.0,0.0,0.005000000000000001,BTC,84528.37,0.0
2026-10-03T00:23:29.731568+00:00,BTC-25JUN27-170000-C,87844.41,BTC-25JUN27,call,170000.0,2027-06-25T08:00:00+00:00,0.7263984038213298,0.008,0.0095,0.00873364,0.00875,87844.41,BTC-25JUN27,0.446,0.06105,90.43685,153.0,0.0,0.0014999999999999996,BTC,84528.37,0.0
2026-10-03T00:23:29.731568+00:00,BTC-24SEP27-80000-C,89025.41,BTC-24SEP27,call,80000.0,2027-09-24T08:00:00+00:00,0.9755428254503511,0.2,0.2045,0.20248659,0.20225,89025.41,BTC-24SEP27,0.3936,0.6805,314.32473,16.5,1.2,0.004499999999999976,BTC,84528.37,20354.08
2026-10-03T00:23:29.731568+00:00,BTC-25DEC26-68000-C,85603.12,BTC-25DEC26,call,68000.0,2026-12-25T08:00:00+00:00,0.22810956056328743,0.2135,0.219,0.21661877,0.21625,85603.12,BTC-25DEC26,0.4183,0.89467,74.53601,1023.2,0.0,0.005500000000000005,BTC,84528.37,0.0
2026-10-03T00:23:29.731568+00:00,BTC-24SEP27-76000-C,89025.06,BTC-24SEP27,call,76000.0,2027-09-24T08:00:00+00:00,0.9755428254503511,0.2265,0.2305,0.22870115,0.2285,89025.06,BTC-24SEP27,0.3971,0.72545,293.23752,7.6,0.0,0.0040000000000000036,BTC,84528.37,0.0
2026-10-03T00:23:29.731568+00:00,BTC-27NOV26-102000-C,85253.96,BTC-27NOV26,call,102000.0,2026-11-27T08:00:00+00:00,0.15144973852358862,0.008,0.009,0.00849627,0.0085,85253.96,BTC-27NOV26,0.37579999999999997,0.12441,68.09008,400.2,20.1,0.0009999999999999992,BTC,84528.37,18642.47
2026-10-03T00:23:29.731568+00:00,BTC-25JUN27-40000-C,87844.41,BTC-25JUN27,call,40000.0,2027-06-25T08:00:00+00:00,0.7263984038213298,0.549,0.551,0.55008532,0.55,87844.41,BTC-25JUN27,0.5396,0.97381,45.51422,24.1,1.0,0.0020000000000000018,BTC,84528.37,47956.87
2026-10-03T00:23:29.731568+00:00,BTC-27NOV26-100000-P,85253.63,BTC-27NOV26,put,100000.0,2026-11-27T08:00:00+00:00,0.15144973852358862,0.18,0.188,0.18346055,0.184,85253.63,BTC-27NOV26,0.3697,-0.85017,77.31992,26.1,0.0,0.008000000000000007,BTC,84528.37,0.0
2026-10-03T00:23:29.731568+00:00,BTC-26MAR27-100000-C,86687.42,BTC-26MAR27,call,100000.0,2027-03-26T08:00:00+00:00,0.4772539821923087,0.05,0.0515,0.05073682,0.05075,86687.42,BTC-26MAR27,0.3757,0.33709,218.77568,1295.0,3.1,0.0014999999999999944,BTC,84528.37,15164.13
2026-10-03T00:23:29.731568+00:00,BTC-9OCT26-83000-P,84616.07,BTC-9OCT26,put,83000.0,2026-10-09T08:00:00+00:00,0.017295049954115647,0.0065,0.007,0.00676081,0.00675,84616.07,BTC-9OCT26,0.2757,-0.29117,38.17309,568.7,364.1,0.0005000000000000004,BTC,84528.37,160135.66
2026-10-03T00:23:29.731568+00:00,BTC-26MAR27-68000-P,86687.42,BTC-26MAR27,put,68000.0,2027-03-26T08:00:00+00:00,0.4772539821923087,0.026,0.027,0.0263663,0.0265,86687.42,BTC-26MAR27,0.4057,-0.15717,144.06056,558.5,1.0,0.0010000000000000009,BTC,84528.37,2149.55
2026-10-03T00:23:29.731568+00:00,BTC-3OCT26-85000-C,84549.97,BTC-3OCT26,call,85000.0,2026-10-03T08:00:00+00:00,0.0008679452313230411,0.0004,0.0005,0.00047737,0.00045,84549.97,BTC-3OCT26,0.18469999999999998,0.16352,6.13901,602.4,639.0,9.999999999999999e-05,BTC,84528.32,124847.92
2026-10-03T00:23:29.731568+00:00,BTC-24SEP27-88000-C,89025.41,BTC-24SEP27,call,88000.0,2027-09-24T08:00:00+00:00,0.9755428254503511,0.1555,0.159,0.15736926,0.15725,89025.41,BTC-24SEP27,0.38909999999999995,0.58789,342.33197,19.2,7.1,0.003500000000000003,BTC,84528.32,97416.33
2026-10-03T00:23:29.731568+00:00,BTC-24SEP27-120000-P,89025.41,BTC-24SEP27,put,120000.0,2027-09-24T08:00:00+00:00,0.9755428254503511,0.3975,0.418,0.4049977,0.40775,89025.41,BTC-24SEP27,0.3944,-0.7162,297.99892,0.0,0.0,0.020499999999999963,BTC,84528.32,0.0
2026-10-03T00:23:29.731568+00:00,BTC-27NOV26-87000-C,85253.96,BTC-27NOV26,call,87000.0,2026-11-27T08:00:00+00:00,0.15144973852358862,0.045,0.0465,0.04566738,0.04575,85253.96,BTC-27NOV26,0.3528,0.46826,131.97565,207.0,7.3,0.0015000000000000013,BTC,84528.32,31907.59
2026-10-03T00:23:29.731568+00:00,BTC-27NOV26-97000-P,85253.63,BTC-27NOV26,put,97000.0,2026-11-27T08:00:00+00:00,0.15144973852358862,0.149,0.157,0.15232748,0.153,85253.63,BTC-27NOV26,0.36119999999999997,-0.8019,92.37593,0.0,0.0,0.008000000000000007,BTC,84528.32,0.0
2026-10-03T00:23:29.731568+00:00,BTC-5OCT26-96000-C,84576.19,BTC-5OCT26,call,96000.0,2026-10-05T08:00:00+00:00,0.006343646805587244,,0.0001,4.46e-06,,84576.19,BTC-5OCT26,0.4764,0.00045,0.10861,104.2,104.2,,BTC,84528.32,888.99
2026-10-03T00:23:29.731568+00:00,BTC-24SEP27-110000-P,89025.41,BTC-24SEP27,put,110000.0,2027-09-24T08:00:00+00:00,0.9755428254503511,0.3055,0.324,0.31318208,0.31475,89025.41,BTC-24SEP27,0.3898,-0.63947,329.21322,0.2,0.0,0.018500000000000016,BTC,84528.32,0.0
2026-10-03T00:23:29.731568+00:00,BTC-16OCT26-100000-P,84723.62,BTC-16OCT26,put,100000.0,2026-10-16T08:00:00+00:00,0.03646000546404036,0.178,0.184,0.18070751,0.181,84723.62,BTC-16OCT26,0.3937,-0.9849,6.1621,1.1,0.0,0.006000000000000005,BTC,84528.32,0.0
2026-10-03T00:23:29.731568+00:00,BTC-5OCT26-91000-C,84576.19,BTC-5OCT26,call,91000.0,2026-10-05T08:00:00+00:00,0.006343646805587244,,0.0002,6.392e-05,,84576.19,BTC-5OCT26,0.3696,0.0067,1.26383,18.3,26.3,,BTC,84528.32,1154.99
2026-10-03T00:23:29.731568+00:00,BTC-25JUN27-52000-P,87844.41,BTC-25JUN27,put,52000.0,2027-06-25T08:00:00+00:00,0.7263984038213298,0.0125,0.014,0.01320016,0.01325,87844.41,BTC-25JUN27,0.4664,-0.06449,94.37966,49.0,3.0,0.0014999999999999996,BTC,84528.32,3110.2
2026-10-03T00:23:29.731568+00:00,BTC-27NOV26-97000-C,85253.96,BTC-27NOV26,call,97000.0,2026-11-27T08:00:00+00:00,0.15144973852358862,0.014,0.015,0.01455215,0.0145,85253.96,BTC-27NOV26,0.36119999999999997,0.1981,92.37692,127.2,134.0,0.0009999999999999992,BTC,84528.32,183853.68
2026-10-03T00:23:29.731568+00:00,BTC-16OCT26-78000-P,84723.27,BTC-16OCT26,put,78000.0,2026-10-16T08:00:00+00:00,0.03646000546404036,0.0032,0.0033,0.00322613,0.00325,84723.27,BTC-16OCT26,0.3468,-0.1,28.39978,643.4,167.7,9.999999999999983e-05,BTC,84528.32,50830.28
2026-10-03T00:23:29.731568+00:00,BTC-4OCT26-80500-P,84562.27,BTC-4OCT26,put,80500.0,2026-10-04T08:00:00+00:00,0.0036057960184551425,,0.0002,0.00010137,,84562.27,BTC-4OCT26,0.3699,-0.01295,1.69418,47.5,35.5,,BTC,84528.32,817.32
2026-10-03T00:23:29.731568+00:00,BTC-24SEP27-114000-P,89025.41,BTC-24SEP27,put,114000.0,2027-09-24T08:00:00+00:00,0.9755428254503511,0.3405,0.36,0.34887034,0.35025,89025.41,BTC-24SEP27,0.391,-0.67265,317.48629,0.0,0.0,0.019499999999999962,BTC,84528.32,0.0
2026-10-03T00:23:29.731568+00:00,BTC-9OCT26-78000-P,84616.07,BTC-9OCT26,put,78000.0,2026-10-09T08:00:00+00:00,0.017295049954115647,0.0008,0.001,0.00086921,0.0009,84616.07,BTC-9OCT26,0.3664,-0.04352,10.27018,882.5,115.2,0.00019999999999999998,BTC,84528.32,10896.38
2026-10-03T00:23:29.731568+00:00,BTC-27NOV26-77000-P,85253.63,BTC-27NOV26,put,77000.0,2026-11-27T08:00:00+00:00,0.15144973852358862,0.019,0.0195,0.01930492,0.01925,85253.63,BTC-27NOV26,0.37,-0.21812,97.77787,237.7,3.8,0.0005000000000000004,BTC,84528.32,6400.35
2026-10-03T00:23:29.731568+00:00,BTC-27NOV26-77000-C,85253.96,BTC-27NOV26,call,77000.0,2026-11-27T08:00:00+00:00,0.15144973852358862,0.1155,0.1175,0.11612245,0.1165,85253.96,BTC-27NOV26,0.37,0.78189,97.77722,82.4,8.5,0.001999999999999988,BTC,84528.32,90960.0
2026-10-03T00:23:29.731568+00:00,BTC-6OCT26-81000-P,84587.57,BTC-6OCT26,put,81000.0,2026-10-06T08:00:00+00:00,0.009081497592719345,0.0005,0.0007,0.00058078,0.0006,84587.57,BTC-6OCT26,0.2807,-0.05143,8.50366,5.0,5.0,0.00019999999999999998,BTC,84528.32,295.21
2026-10-03T00:23:29.731568+00:00,BTC-26MAR27-125000-P,86687.42,BTC-26MAR27,put,125000.0,2027-03-26T08:00:00+00:00,0.4772539821923087,0.449,0.4645,0.45675651,0.45675,86687.42,BTC-26MAR27,0.4039,-0.87937,120.27755,0.1,0.0,0.015500000000000014,BTC,84528.32,0.0
2026-10-03T00:23:29.731568+00:00,BTC-5OCT26-76000-C,84576.19,BTC-5OCT26,call,76000.0,2026-10-05T08:00:00+00:00,0.006343646805587244,0.099,0.103,0.10145488,0.101,84576.19,BTC-5OCT26,0.5085999999999999,0.99608,0.78403,0.0,0.0,0.00399999999999999,BTC,84528.32,0.0
2026-10-03T00:23:29.731568+00:00,BTC-26MAR27-115000-C,86687.42,BTC-26MAR27,call,115000.0,2027-03-26T08:00:00+00:00,0.4772539821923087,0.023,0.024,0.02340059,0.0235,86687.42,BTC-26MAR27,0.3899,0.18028,157.34496,571.5,1.0,0.0010000000000000009,BTC,84528.32,2320.26
2026-10-03T00:23:29.731568+00:00,BTC-26MAR27-86000-C,86687.42,BTC-26MAR27,call,86000.0,2027-03-26T08:00:00+00:00,0.4772539821923087,0.106,0.1075,0.10654089,0.10675,86687.42,BTC-26MAR27,0.37439999999999996,0.56361,235.94682,363.5,5.4,0.0015000000000000013,BTC,84528.32,54946.41
2026-10-03T00:23:29.731568+00:00,BTC-27NOV26-62000-C,85253.96,BTC-27NOV26,call,62000.0,2026-11-27T08:00:00+00:00,0.15144973852358862,0.2735,0.278,0.27596915,0.27575,85253.96,BTC-27NOV26,0.4905,0.96108,27.96814,0.1,0.0,0.004500000000000004,BTC,84527.82,0.0
2026-10-03T00:23:29.731568+00:00,BTC-27NOV26-80000-P,85253.63,BTC-27NOV26,put,80000.0,2026-11-27T08:00:00+00:00,0.15144973852358862,0.0285,0.0295,0.02898525,0.029,85253.63,BTC-27NOV26,0.3614,-0.30087,115.53633,253.5,33.0,0.0009999999999999974,BTC,84527.82,73098.63
2026-10-03T00:23:29.731568+00:00,BTC-25JUN27-80000-P,87844.41,BTC-25JUN27,put,80000.0,2027-06-25T08:00:00+00:00,0.7263984038213298,0.085,0.087,0.08608035,0.086,87844.41,BTC-25JUN27,0.3889,-0.32709,270.26717,55.4,0.0,0.001999999999999988,BTC,84527.82,0.0
2026-10-03T00:23:29.731568+00:00,BTC-25DEC26-55000-P,85603.12,BTC-25DEC26,put,55000.0,2026-12-25T08:00:00+00:00,0.22810956056328743,0.003,0.0034,0.00321606,0.0032,85603.12,BTC-25DEC26,0.5278,-0.03004,27.86159,3189.5,13.3,0.00039999999999999975,BTC,84528.32,3649.22
2026-10-03T00:23:29.731568+00:00,BTC-16OCT26-84000-C,84723.27,BTC-16OCT26,call,84000.0,2026-10-16T08:00:00+00:00,0.03646000546404036,0.027,0.0285,0.02775382,0.02775,84723.27,BTC-16OCT26,0.3063,0.56976,63.56774,36.4,20.1,0.0015000000000000013,BTC,84527.82,66648.84
2026-10-03T00:23:29.731568+00:00,BTC-25JUN27-30000-P,87844.68,BTC-25JUN27,put,30000.0,2027-06-25T08:00:00+00:00,0.7263984038213298,0.002,0.0027,0.00230506,0.00235,87844.68,BTC-25JUN27,0.6186,-0.01071,21.18303,530.2,0.0,0.0007000000000000001,BTC,84527.82,0.0
2026-10-03T00:23:29.731568+00:00,BTC-27NOV26-72000-C,85253.63,BTC-27NOV26,call,72000.0,2026-11-27T08:00:00+00:00,0.15144973852358862,0.162,0.1675,0.16543544,0.16475,85253.63,BTC-27NOV26,0.39840000000000003,0.87822,67.07507,25.5,0.0,0.005500000000000005,BTC,84526.88,0.0
2026-10-03T00:23:29.731568+00:00,BTC-30OCT26-102000-C,84910.3,BTC-30OCT26,call,102000.0,2026-10-30T08:00:00+00:00,0.07478991648388979,0.0019,0.0022,0.00203835,0.00205,84910.3,BTC-30OCT26,0.3899,0.0479,23.14876,332.8,18.3,0.00030000000000000014,BTC,84526.88,4269.95
2026-10-03T00:23:29.731568+00:00,BTC-27NOV26-83000-P,85253.63,BTC-27NOV26,put,83000.0,2026-11-27T08:00:00+00:00,0.15144973852358862,0.0415,0.0425,0.0421183,0.042,85253.63,BTC-27NOV26,0.3547,-0.39649,127.91051,178.0,9.0,0.0010000000000000009,BTC,84526.88,30603.6
2026-10-03T00:23:29.731568+00:00,BTC-24SEP27-210000-C,89025.06,BTC-24SEP27,call,210000.0,2027-09-24T08:00:00+00:00,0.9755428254503511,0.0075,0.0095,0.00847799,0.0085,89025.06,BTC-24SEP27,0.4667,0.05145,92.79796,20.6,1.1,0.002,BTC,84526.88,765.8
2026-10-03T00:23:29.731568+00:00,BTC-27NOV26-79000-C,85253.63,BTC-27NOV26,call,79000.0,2026-11-27T08:00:00+00:00,0.15144973852358862,0.098,0.1,0.09866895,0.099,85253.63,BTC-27NOV26,0.36329999999999996,0.72867,109.99769,149.0,4.0,0.0020000000000000018,BTC,84526.88,39374.32
2026-10-03T00:23:29.731568+00:00,BTC-6OCT26-96000-P,84587.57,BTC-6OCT26,put,96000.0,2026-10-06T08:00:00+00:00,0.009081497592719345,0.133,0.137,0.13493294,0.135,84587.57,BTC-6OCT26,0.4328,-0.99885,0.30862,0.0,0.0,0.0040000000000000036,BTC,84526.53,0.0
2026-10-03T00:23:29.731568+00:00,BTC-26MAR27-102000-C,86687.42,BTC-26MAR27,call,102000.0,2027-03-26T08:00:00+00:00,0.4772539821923087,0.045,0.046,0.04562989,0.0455,86687.42,BTC-26MAR27,0.3771,0.31074,211.56219,113.2,0.3,0.0010000000000000009,BTC,84526.88,1306.6
2026-10-03T00:23:29.731568+00:00,BTC-3OCT26-84500-P,84549.97,BTC-3OCT26,put,84500.0,2026-10-03T08:00:00+00:00,0.0008679452313230411,0.0013,0.0016,0.0015315,0.00145,84549.97,BTC-3OCT26,0.1542,-0.45196,9.85171,129.6,230.2,0.00030000000000000014,BTC,84526.53,38106.23
2026-10-03T00:23:29.731568+00:00,BTC-25DEC26-78000-P,85603.32,BTC-25DEC26,put,78000.0,2026-12-25T08:00:00+00:00,0.22810956056328743,0.0325,0.0335,0.03285535,0.033,85603.32,BTC-25DEC26,0.37560000000000004,-0.27161,135.62936,1448.8,3.0,0.0010000000000000009,BTC,84526.88,8391.32
2026-10-03T00:23:29.731568+00:00,BTC-24SEP27-82000-C,89025.06,BTC-24SEP27,call,82000.0,2027-09-24T08:00:00+00:00,0.9755428254503511,0.188,0.192,0.1905072,0.19,89025.06,BTC-24SEP27,0.39280000000000004,0.65748,323.16867,0.3,0.0,0.0040000000000000036,BTC,84526.53,0.0
2026-10-03T00:23:29.731568+00:00,BTC-25JUN27-76000-P,87844.68,BTC-25JUN27,put,76000.0,2027-06-25T08:00:00+00:00,0.7263984038213298,0.067,0.069,0.06805445,0.068,87844.68,BTC-25JUN27,0.3934,-0.27439,249.6315,73.7,0.0,0.0020000000000000018,BTC,84526.53,0.0
2026-10-03T00:23:29.731568+00:00,BTC-23OCT26-85000-C,84817.45,BTC-23OCT26,call,85000.0,2026-10-23T08:00:00+00:00,0.05562496097396506,0.028,0.0295,0.02859598,0.02875,84817.45,BTC-23OCT26,0.3148,0.50298,79.82414,2.0,2.0,0.0014999999999999979,BTC,84526.53,6834.14
2026-10-03T00:23:29.731568+00:00,BTC-25JUN27-78000-C,87844.41,BTC-25JUN27,call,78000.0,2027-06-25T08:00:00+00:00,0.7263984038213298,0.187,0.19,0.18867262,0.1885,87844.41,BTC-25JUN27,0.3907,0.69963,260.5394,104.3,0.1,0.0030000000000000027,BTC,84523.58,1688.17
2026-10-03T00:23:29.731568+00:00,BTC-27NOV26-81000-C,85253.63,BTC-27NOV26,call,81000.0,2026-11-27T08:00:00+00:00,0.15144973852358862,0.082,0.084,0.08283162,0.083,85253.63,BTC-27NOV26,0.3588,0.66833,120.42021,162.9,0.1,0.0020000000000000018,BTC,84523.58,845.25
2026-10-03T00:23:29.731568+00:00,BTC-27NOV26-96000-P,85253.63,BTC-27NOV26,put,96000.0,2026-11-27T08:00:00+00:00,0.15144973852358862,0.139,0.147,0.14253622,0.143,85253.63,BTC-27NOV26,0.36060000000000003,-0.7812,97.94798,0.0,0.0,0.00799999999999998,BTC,84523.58,0.0
2026-10-03T00:23:29.731568+00:00,BTC-24SEP27-190000-P,89025.41,BTC-24SEP27,put,190000.0,2027-09-24T08:00:00+00:00,0.9755428254503511,1.132,1.167,1.14570577,1.1495,89025.41,BTC-24SEP27,0.4498,-0.93109,116.66485,0.0,0.0,0.03500000000000014,BTC,84523.58,0.0
2026-10-03T00:23:29.731568+00:00,BTC-25JUN27-62000-C,87844.68,BTC-25JUN27,call,62000.0,2027-06-25T08:00:00+00:00,0.7263984038213298,0.3195,0.3225,0.3209505,0.321,87844.68,BTC-25JUN27,0.4236,0.87398,155.05005,117.9,3.6,0.0030000000000000027,BTC,84523.58,104344.29
2026-10-03T00:23:29.731568+00:00,BTC-23OCT26-80000-C,84817.71,BTC-23OCT26,call,80000.0,2026-10-23T08:00:00+00:00,0.05562496097396506,0.064,0.069,0.06674197,0.0665,84817.71,BTC-23OCT26,0.3307,0.78437,58.56214,0.0,0.0,0.0050000000000000044,BTC,84523.58,0.0
2026-10-03T00:23:29.731568+00:00,BTC-24SEP27-94000-C,89025.41,BTC-24SEP27,call,94000.0,2027-09-24T08:00:00+00:00,0.9755428254503511,0.128,0.1315,0.12985449,0.12975,89025.41,BTC-24SEP27,0.38799999999999996,0.5197,350.4309,1.1,0.0,0.003500000000000003,BTC,84523.58,0.0
2026-10-03T00:23:29.731568+00:00,BTC-27NOV26-104000-P,85253.96,BTC-27NOV26,put,104000.0,2026-11-27T08:00:00+00:00,0.15144973852358862,0.2235,0.2315,0.22684903,0.2275,85253.96,BTC-27NOV26,0.3829,-0.89606,59.90014,0.0,0.0,0.008000000000000007,BTC,84522.32,0.0
2026-10-03T00:23:29.731568+00:00,BTC-26MAR27-58000-C,86687.42,BTC-26MAR27,call,58000.0,2027-03-26T08:00:00+00:00,0.4772539821923087,0.3375,0.346,0.34240405,0.34175,86687.42,BTC-26MAR27,0.44789999999999996,0.92685,83.19766,4.3,0.0,0.008499999999999952,BTC,84523.58,0.0
2026-10-03T00:23:29.731568+00:00,BTC-5OCT26-82000-P,84576.49,BTC-5OCT26,put,82000.0,2026-10-05T08:00:00+00:00,0.006343646805587244,0.0004,0.0005,0.00046869,0.00045,84576.49,BTC-5OCT26,0.24559999999999998,-0.05662,7.66689,9.7,31.3,9.999999999999999e-05,BTC,84522.32,2016.28
2026-10-03T00:23:29.731568+00:00,BTC-26MAR27-94000-C,86687.42,BTC-26MAR27,call,94000.0,2027-03-26T08:00:00+00:00,0.4772539821923087,0.0695,0.0705,0.070019,0.07,86687.42,BTC-26MAR27,0.3734,0.4266,234.91879,184.8,1.4,0.000999999999999987,BTC,84522.32,9687.53
2026-10-03T00:23:29.731568+00:00,BTC-6OCT26-88500-P,84587.57,BTC-6OCT26,put,88500.0,2026-10-06T08:00:00+00:00,0.009081497592719345,0.0445,0.0495,0.04679675,0.047,84587.57,BTC-6OCT26,0.2838,-0.95181,8.07245,0.0,0.0,0.0050000000000000044,BTC,84522.52,0.0
2026-10-03T00:23:29.731568+00:00,BTC-26MAR27-72000-C,86687.42,BTC-26MAR27,call,72000.0,2027-03-26T08:00:00+00:00,0.4772539821923087,0.199,0.209,0.20577516,0.204,86687.42,BTC-26MAR27,0.39390000000000003,0.79325,171.05573,88.9,0.0,0.009999999999999981,BTC,84522.32,0.0
2026-10-03T00:23:29.731568+00:00,BTC-25JUN27-50000-C,87844.68,BTC-25JUN27,call,50000.0,2027-06-25T08:00:00+00:00,0.7263984038213298,0.4385,0.445,0.44205045,0.44175,87844.68,BTC-25JUN27,0.47490000000000004,0.94456,83.83184,20.2,2.0,0.006500000000000006,BTC,84522.52,77932.74
2026-10-03T00:23:29.731568+00:00,BTC-25DEC26-55000-C,85603.12,BTC-25DEC26,call,55000.0,2026-12-25T08:00:00+00:00,0.22810956056328743,0.358,0.3625,0.36071837,0.36025,85603.12,BTC-25DEC26,0.5278,0.96994,27.87572,122.4,0.0,0.004500000000000004,BTC,84522.32,0.0
2026-10-03T00:23:29.731568+00:00,BTC-27NOV26-99000-C,85253.96,BTC-27NOV26,call,99000.0,2026-11-27T08:00:00+00:00,0.15144973852358862,0.0115,0.012,0.01171349,0.01175,85253.96,BTC-27NOV26,0.36700000000000005,0.16459,82.24076,31.3,29.2,0.0005000000000000004,BTC,84522.52,36410.98
2026-10-03T00:23:29.731568+00:00,BTC-25DEC26-240000-C,85603.12,BTC-25DEC26,call,240000.0,2026-12-25T08:00:00+00:00,0.22810956056328743,,0.0003,0.00013726,,85603.12,BTC-25DEC26,0.6922,0.00158,2.08836,785.6,8.8,,BTC,84522.52,145.51
2026-10-03T00:23:29.731568+00:00,BTC-24SEP27-50000-C,89025.41,BTC-24SEP27,call,50000.0,2027-09-24T08:00:00+00:00,0.9755428254503511,0.4505,0.458,0.45482535,0.45425,89025.41,BTC-24SEP27,0.46159999999999995,0.93222,115.1793,1.5,0.0,0.007500000000000007,BTC,84522.52,0.0
2026-10-03T00:23:29.731568+00:00,BTC-3OCT26-78000-P,84549.97,BTC-3OCT26,put,78000.0,2026-10-03T08:00:00+00:00,0.0008679452313230411,,0.0001,2.47e-06,,84549.97,BTC-3OCT26,0.8172,-0.00038,0.03453,19.0,6.5,,BTC,84522.72,55.83
2026-10-03T00:23:29.731568+00:00,BTC-23OCT26-73000-C,84817.45,BTC-23OCT26,call,73000.0,2026-10-23T08:00:00+00:00,0.05562496097396506,0.139,0.144,0.14151399,0.1415,84817.45,BTC-23OCT26,0.40409999999999996,0.94739,21.48856,0.0,0.0,0.004999999999999977,BTC,84522.72,0.0
2026-10-03T00:23:29.731568+00:00,BTC-4OCT26-82000-P,84561.91,BTC-4OCT26,put,82000.0,2026-10-04T08:00:00+00:00,0.0036057960184551425,0.0001,0.0002,0.00016556,0.00015,84561.91,BTC-4OCT26,0.2667,-0.02658,3.12263,36.5,33.8,0.0001,BTC,84522.72,1076.25
2026-10-03T00:23:29.731568+00:00,BTC-4OCT26-90000-P,84562.27,BTC-4OCT26,put,90000.0,2026-10-04T08:00:00+00:00,0.0036057960184551425,0.0625,0.0665,0.06435337,0.0645,84562.27,BTC-4OCT26,0.4113,-0.99405,0.85658,0.1,0.1,0.0040000000000000036,BTC,84522.72,300.33
2026-10-03T00:23:29.731568+00:00,BTC-26MAR27-66000-P,86687.42,BTC-26MAR27,put,66000.0,2027-03-26T08:00:00+00:00,0.4772539821923087,0.022,0.023,0.02237462,0.0225,86687.42,BTC-26MAR27,0.41259999999999997,-0.13601,130.72307,99.5,0.0,0.0010000000000000009,BTC,84522.72,0.0
2026-10-03T00:23:29.731568+00:00,BTC-3OCT26-90000-P,84549.97,BTC-3OCT26,put,90000.0,2026-10-03T08:00:00+00:00,0.0008679452313230411,0.063,0.0665,0.06445652,0.06475,84549.97,BTC-3OCT26,0.46950000000000003,-1.0,0.00035,8.0,8.0,0.003500000000000003,BTC,84521.44,24026.52
2026-10-03T00:23:29.731568+00:00,BTC-25DEC26-75000-C,85603.32,BTC-25DEC26,call,75000.0,2026-12-25T08:00:00+00:00,0.22810956056328743,0.1435,0.1505,0.14740436,0.147,85603.32,BTC-25DEC26,0.3833,0.79197,117.20873,1924.6,0.1,0.007000000000000006,BTC,84522.72,1398.21
2026-10-03T00:23:29.731568+00:00,BTC-5OCT26-90000-P,84576.19,BTC-5OCT26,put,90000.0,2026-10-05T08:00:00+00:00,0.006343646805587244,0.062,0.0665,0.06429828,0.06425,84576.19,BTC-5OCT26,0.3643,-0.98335,2.79023,0.0,0.0,0.004500000000000004,BTC,84522.72,0.0
2026-10-03T00:23:29.731568+00:00,BTC-25JUN27-114000-C,87844.41,BTC-25JUN27,call,114000.0,2027-06-25T08:00:00+00:00,0.7263984038213298,0.046,0.048,0.04692007,0.047,87844.41,BTC-25JUN27,0.39159999999999995,0.26964,247.45471,6.0,0.0,0.0020000000000000018,BTC,84521.44,0.0
2026-10-03T00:23:29.731568+00:00,BTC-23OCT26-92000-C,84817.45,BTC-23OCT26,call,92000.0,2026-10-23T08:00:00+00:00,0.05562496097396506,0.006,0.0065,0.00626391,0.00625,84817.45,BTC-23OCT26,0.331,0.15787,48.25653,220.1,214.5,0.0004999999999999996,BTC,84521.44,219630.19
2026-10-03T00:23:29.731568+00:00,BTC-26MAR27-35000-P,86687.42,BTC-26MAR27,put,35000.0,2027-03-26T08:00:00+00:00,0.4772539821923087,0.0016,0.0021,0.00178817,0.00185,86687.42,BTC-26MAR27,0.6274000000000001,-0.01049,16.64206,607.1,0.0,0.0004999999999999998,BTC,84521.44,0.0
2026-10-03T00:23:29.731568+00:00,BTC-16OCT26-89000-C,84723.27,BTC-16OCT26,call,89000.0,2026-10-16T08:00:00+00:00,0.03646000546404036,0.0065,0.0075,0.00703402,0.007,84723.27,BTC-16OCT26,0.3125,0.21265,46.97518,462.1,74.6,0.001,BTC,84522.24,94146.47
2026-10-03T00:23:29.731568+00:00,BTC-4OCT26-76000-C,84561.91,BTC-4OCT26,call,76000.0,2026-10-04T08:00:00+00:00,0.0036057960184551425,0.099,0.103,0.10128529,0.101,84561.91,BTC-4OCT26,0.6446999999999999,0.99724,0.43035,0.0,0.0,0.00399999999999999,BTC,84522.24,0.0
2026-10-03T00:23:29.731568+00:00,BTC-3OCT26-86000-P,84549.97,BTC-3OCT26,put,86000.0,2026-10-03T08:00:00+00:00,0.0008679452313230411,0.016,0.019,0.01729225,0.0175,84549.97,BTC-3OCT26,0.32409999999999994,-0.96338,1.99221,48.7,71.8,0.002999999999999999,BTC,84522.24,35126.96
2026-10-03T00:23:29.731568+00:00,BTC-25JUN27-30000-C,87844.68,BTC-25JUN27,call,30000.0,2027-06-25T08:00:00+00:00,0.7263984038213298,0.66,0.662,0.66079449,0.661,87844.68,BTC-25JUN27,0.6186,0.98929,21.18895,87.4,1.2,0.0020000000000000018,BTC,84522.24,67478.81
2026-10-03T00:23:29.731568+00:00,BTC-30OCT26-73000-C,84910.3,BTC-30OCT26,call,73000.0,2026-10-30T08:00:00+00:00,0.07478991648388979,0.1415,0.1465,0.14422686,0.144,84910.3,BTC-30OCT26,0.4022,0.92338,33.41817,602.9,125.0,0.0050000000000000044,BTC,84522.24,1625631.08
2026-10-03T00:23:29.731568+00:00,BTC-30OCT26-81000-P,84910.3,BTC-30OCT26,put,81000.0,2026-10-30T08:00:00+00:00,0.07478991648388979,0.017,0.018,0.01744419,0.0175,84910.3,BTC-30OCT26,0.33649999999999997,-0.28869,79.33735,582.1,3.3,0.0009999999999999974,BTC,84522.24,3985.06
2026-10-03T00:23:29.731568+00:00,BTC-3OCT26-90000-C,84549.97,BTC-3OCT26,call,90000.0,2026-10-03T08:00:00+00:00,0.0008679452313230411,,0.0001,1e-08,,84549.97,BTC-3OCT26,0.46950000000000003,0.0,0.00035,125.5,137.5,,BTC,84522.95,4498.95
2026-10-03T00:23:29.731568+00:00,BTC-26MAR27-64000-P,86687.42,BTC-26MAR27,put,64000.0,2027-03-26T08:00:00+00:00,0.4772539821923087,0.0185,0.0195,0.01896482,0.019,86687.42,BTC-26MAR27,0.4204,-0.11715,117.81279,125.8,2.2,0.0010000000000000009,BTC,84522.24,3325.69
2026-10-03T00:23:29.731568+00:00,BTC-5OCT26-84000-C,84576.49,BTC-5OCT26,call,84000.0,2026-10-05T08:00:00+00:00,0.006343646805587244,0.009,0.0105,0.00984494,0.00975,84576.49,BTC-5OCT26,0.18350000000000002,0.67987,24.09007,5.8,3.3,0.0015000000000000013,BTC,84522.24,2099.46
2026-10-03T00:23:29.731568+00:00,BTC-26MAR27-115000-P,86687.42,BTC-26MAR27,put,115000.0,2027-03-26T08:00:00+00:00,0.4772539821923087,0.343,0.357,0.35000829,0.35,86687.42,BTC-26MAR27,0.3899,-0.81979,157.29941,3.0,0.0,0.013999999999999957,BTC,84522.95,0.0
2026-10-03T00:23:29.731568+00:00,BTC-26MAR27-35000-C,86687.1,BTC-26MAR27,call,35000.0,2027-03-26T08:00:00+00:00,0.4772539821923087,0.597,0.599,0.598038,0.598,86687.1,BTC-26MAR27,0.6274000000000001,0.98951,16.6414,21.8,0.0,0.0020000000000000018,BTC,84522.95,0.0
2026-10-03T00:23:29.731568+00:00,BTC-23OCT26-86000-C,84817.45,BTC-23OCT26,call,86000.0,2026-10-23T08:00:00+00:00,0.05562496097396506,0.023,0.024,0.02348723,0.0235,84817.45,BTC-23OCT26,0.316,0.44043,78.92881,24.0,22.0,0.0010000000000000009,BTC,84522.95,61651.38
2026-10-03T00:23:29.731568+00:00,BTC-25JUN27-54000-P,87844.41,BTC-25JUN27,put,54000.0,2027-06-25T08:00:00+00:00,0.7263984038213298,0.0145,0.016,0.01523755,0.01525,87844.41,BTC-25JUN27,0.45659999999999995,-0.07429,105.24932,50.5,0.0,0.0014999999999999996,BTC,84522.11,0.0
2026-10-03T00:23:29.731568+00:00,BTC-30OCT26-115000-P,84910.3,BTC-30OCT26,put,115000.0,2026-10-30T08:00:00+00:00,0.07478991648388979,0.3515,0.359,0.3549692,0.35525,84910.3,BTC-30OCT26,0.48590000000000005,-0.98666,7.94945,34.6,0.0,0.007500000000000007,BTC,84522.11,0.0
2026-10-03T00:23:29.731568+00:00,BTC-5OCT26-81500-C,84576.19,BTC-5OCT26,call,81500.0,2026-10-05T08:00:00+00:00,0.006343646805587244,0.034,0.039,0.03675104,0.0365,84576.19,BTC-5OCT26,0.27140000000000003,0.95704,6.15028,0.0,0.0,0.0049999999999999975,BTC,84522.95,0.0
2026-10-03T00:23:29.731568+00:00,BTC-30OCT26-77000-C,84910.3,BTC-30OCT26,call,77000.0,2026-10-30T08:00:00+00:00,0.07478991648388979,0.0985,0.103,0.1011224,0.10075,84910.3,BTC-30OCT26,0.3608,0.85063,54.00298,210.7,2.5,0.00449999999999999,BTC,84522.11,24710.11
2026-10-03T00:23:29.731568+00:00,BTC-27NOV26-106000-P,85253.63,BTC-27NOV26,put,106000.0,2026-11-27T08:00:00+00:00,0.15144973852358862,0.2445,0.253,0.24884414,0.24875,85253.63,BTC-27NOV26,0.3861,-0.91543,51.44203,0.0,0.0,0.008500000000000008,BTC,84522.11,0.0
2026-10-03T00:23:29.731568+00:00,BTC-30OCT26-104000-C,84910.3,BTC-30OCT26,call,104000.0,2026-10-30T08:00:00+00:00,0.07478991648388979,0.0015,0.0016,0.00155712,0.00155,84910.3,BTC-30OCT26,0.4022,0.03682,18.70782,276.8,169.3,0.00010000000000000005,BTC,84522.11,27794.25
2026-10-03T00:23:29.731568+00:00,BTC-3OCT26-89000-C,84549.97,BTC-3OCT26,call,89000.0,2026-10-03T08:00:00+00:00,0.0008679452313230411,,0.0001,2.6e-07,,84549.97,BTC-3OCT26,0.45990000000000003,7e-05,0.00735,140.1,168.4,,BTC,84522.11,9297.08
2026-10-03T00:23:29.731568+00:00,BTC-24SEP27-90000-P,89025.41,BTC-24SEP27,put,90000.0,2027-09-24T08:00:00+00:00,0.9755428254503511,0.157,0.161,0.15854062,0.159,89025.41,BTC-24SEP27,0.3884,-0.43524,346.21599,2.6,1.6,0.0040000000000000036,BTC,84522.11,20390.16
2026-10-03T00:23:29.731568+00:00,BTC-27NOV26-91000-P,85253.96,BTC-27NOV26,put,91000.0,2026-11-27T08:00:00+00:00,0.15144973852358862,0.0955,0.0975,0.0966436,0.0965,85253.96,BTC-27NOV26,0.35350000000000004,-0.65772,121.89872,0.0,0.0,0.0020000000000000018,BTC,84522.31,0.0
2026-10-03T00:23:29.731568+00:00,BTC-26MAR27-108000-P,86687.42,BTC-26MAR27,put,108000.0,2027-03-26T08:00:00+00:00,0.4772539821923087,0.274,0.2855,0.27913745,0.27975,86687.42,BTC-26MAR27,0.3821,-0.75827,186.94604,0.1,0.0,0.011499999999999955,BTC,84522.31,0.0
2026-10-03T00:23:29.731568+00:00,BTC-26MAR27-180000-C,86687.42,BTC-26MAR27,call,180000.0,2027-03-26T08:00:00+00:00,0.4772539821923087,0.0024,0.003,0.00269062,0.0027,86687.42,BTC-26MAR27,0.49090000000000006,0.02357,33.31854,689.4,0.0,0.0006000000000000003,BTC,84522.31,0.0
2026-10-03T00:23:29.731568+00:00,BTC-26MAR27-84000-P,86687.1,BTC-26MAR27,put,84000.0,2027-03-26T08:00:00+00:00,0.4772539821923087,0.086,0.0875,0.08679434,0.08675,86687.1,BTC-26MAR27,0.37520000000000003,-0.401,231.57677,427.4,3.4,0.0015000000000000013,BTC,84522.31,22665.88
2026-10-03T00:23:29.731568+00:00,BTC-23OCT26-81000-P,84817.45,BTC-23OCT26,put,81000.0,2026-10-23T08:00:00+00:00,0.05562496097396506,0.0125,0.013,0.01256907,0.01275,84817.45,BTC-23OCT26,0.3243,-0.26147,65.0874,24.7,24.6,0.0004999999999999987,BTC,84522.31,23437.21
2026-10-03T00:23:29.731568+00:00,BTC-24SEP27-100000-C,89025.41,BTC-24SEP27,call,100000.0,2027-09-24T08:00:00+00:00,0.9755428254503511,0.105,0.1085,0.10685727,0.10675,89025.41,BTC-24SEP27,0.3876,0.4552,348.63484,11.4,0.0,0.003500000000000003,BTC,84522.31,0.0
2026-10-03T00:23:29.731568+00:00,BTC-24SEP27-96000-P,89025.06,BTC-24SEP27,put,96000.0,2027-09-24T08:00:00+00:00,0.9755428254503511,0.198,0.203,0.19988151,0.2005,89025.06,BTC-24SEP27,0.3873,-0.50247,350.84209,0.0,0.0,0.0050000000000000044,BTC,84522.31,0.0
2026-10-03T00:23:29.731568+00:00,BTC-16OCT26-85000-P,84723.62,BTC-16OCT26,put,85000.0,2026-10-16T08:00:00+00:00,0.03646000546404036,0.0245,0.0255,0.02500076,0.025,84723.62,BTC-16OCT26,0.3057,-0.51126,64.52516,30.2,27.3,0.0009999999999999974,BTC,84522.31,48341.33
2026-10-03T00:23:29.731568+00:00,BTC-30OCT26-72000-P,84910.3,BTC-30OCT26,put,72000.0,2026-10-30T08:00:00+00:00,0.07478991648388979,0.0033,0.0036,0.00339509,0.00345,84910.3,BTC-30OCT26,0.4147,-0.06555,29.64285,1073.7,865.8,0.0002999999999999999,BTC,84522.31,281363.66
2026-10-03T00:23:29.731568+00:00,BTC-30OCT26-50000-P,84910.3,BTC-30OCT26,put,50000.0,2026-10-30T08:00:00+00:00,0.07478991648388979,0.0002,0.0003,0.00023899,0.00025,84910.3,BTC-30OCT26,0.7484000000000001,-0.00361,2.50795,428.5,0.0,9.999999999999996e-05,BTC,84522.31,0.0
2026-10-03T00:23:29.731568+00:00,BTC-23OCT26-89000-P,84817.45,BTC-23OCT26,put,89000.0,2026-10-23T08:00:00+00:00,0.05562496097396506,0.0595,0.0645,0.06149641,0.062,84817.45,BTC-23OCT26,0.319,-0.72696,66.52542,0.0,0.0,0.0050000000000000044,BTC,84522.41,0.0
2026-10-03T00:23:29.731568+00:00,BTC-5OCT26-85000-P,84576.49,BTC-5OCT26,put,85000.0,2026-10-05T08:00:00+00:00,0.006343646805587244,0.008,0.0095,0.00859567,0.00875,84576.49,BTC-5OCT26,0.1804,-0.63622,25.28809,162.2,183.7,0.0014999999999999996,BTC,84522.31,74884.44
2026-10-03T00:23:29.731568+00:00,BTC-30OCT26-78000-C,84910.3,BTC-30OCT26,call,78000.0,2026-10-30T08:00:00+00:00,0.07478991648388979,0.088,0.093,0.09109072,0.0905,84910.3,BTC-30OCT26,0.3538,0.82237,60.44063,492.0,10.5,0.0050000000000000044,BTC,84522.41,92648.62
2026-10-03T00:23:29.731568+00:00,BTC-26MAR27-88000-C,86687.1,BTC-26MAR27,call,88000.0,2027-03-26T08:00:00+00:00,0.4772539821923087,0.0955,0.097,0.09618131,0.09625,86687.1,BTC-26MAR27,0.3739,0.5282,238.3766,325.6,201.8,0.0015000000000000013,BTC,84522.41,1874589.29
2026-10-03T00:23:29.731568+00:00,BTC-30OCT26-83000-C,84910.3,BTC-30OCT26,call,83000.0,2026-10-30T08:00:00+00:00,0.07478991648388979,0.0475,0.049,0.04797459,0.04825,84910.3,BTC-30OCT26,0.33,0.61652,88.67999,707.8,0.1,0.0015000000000000013,BTC,84522.41,454.74
2026-10-03T00:23:29.731568+00:00,BTC-26MAR27-74000-P,86687.42,BTC-26MAR27,put,74000.0,2027-03-26T08:00:00+00:00,0.4772539821923087,0.042,0.043,0.0424833,0.0425,86687.42,BTC-26MAR27,0.38909999999999995,-0.23494,184.05373,229.2,17.3,0.000999999999999994,BTC,84522.41,59968.51
2026-10-03T00:23:29.731568+00:00,BTC-26MAR27-170000-C,86687.42,BTC-26MAR27,call,170000.0,2027-03-26T08:00:00+00:00,0.4772539821923087,0.0034,0.0036,0.00352398,0.0035,86687.42,BTC-26MAR27,0.47850000000000004,0.03059,41.42565,1002.1,12.2,0.0002000000000000001,BTC,84522.41,3726.44
2026-10-03T00:23:29.731568+00:00,BTC-27NOV26-85000-C,85253.96,BTC-27NOV26,call,85000.0,2026-11-27T08:00:00+00:00,0.15144973852358862,0.056,0.057,0.05641197,0.0565,85253.96,BTC-27NOV26,0.3544,0.53568,131.85468,679.9,151.1,0.0010000000000000009,BTC,84522.51,876061.28
2026-10-03T00:23:29.731568+00:00,BTC-26MAR27-74000-C,86687.42,BTC-26MAR27,call,74000.0,2027-03-26T08:00:00+00:00,0.4772539821923087,0.183,0.1925,0.18884009,0.18775,86687.42,BTC-26MAR27,0.38909999999999995,0.76506,184.05336,66.8,0.0,0.009500000000000008,BTC,84522.51,0.0
2026-10-03T00:23:29.731568+00:00,BTC-25DEC26-64000-P,85603.12,BTC-25DEC26,put,64000.0,2026-12-25T08:00:00+00:00,0.22810956056328743,0.007,0.0075,0.00717826,0.00725,85603.12,BTC-25DEC26,0.4446,-0.0701,54.97061,380.7,0.2,0.0004999999999999996,BTC,84522.51,120.44
2026-10-03T00:23:29.731568+00:00,BTC-26MAR27-54000-C,86687.1,BTC-26MAR27,call,54000.0,2027-03-26T08:00:00+00:00,0.4772539821923087,0.3825,0.389,0.38553327,0.38575,86687.1,BTC-26MAR27,0.47350000000000003,0.94627,65.41152,0.1,0.0,0.006500000000000006,BTC,84522.51,0.0
2026-10-03T00:23:29.731568+00:00,BTC-9OCT26-84000-C,84616.07,BTC-9OCT26,call,84000.0,2026-10-09T08:00:00+00:00,0.017295049954115647,0.0175,0.019,0.01829803,0.01825,84616.07,BTC-9OCT26,0.2747,0.58629,43.35676,427.8,32.6,0.0014999999999999979,BTC,84522.51,81075.07
2026-10-03T00:23:29.731568+00:00,BTC-25JUN27-96000-P,87844.68,BTC-25JUN27,put,96000.0,2027-06-25T08:00:00+00:00,0.7263984038213298,0.185,0.1885,0.1874924,0.18675,87844.68,BTC-25JUN27,0.3843,-0.54271,297.0566,0.1,0.0,0.003500000000000003,BTC,84522.64,0.0
2026-10-03T00:23:29.731568+00:00,BTC-27NOV26-91000-C,85253.96,BTC-27NOV26,call,91000.0,2026-11-27T08:00:00+00:00,0.15144973852358862,0.0285,0.03,0.02924613,0.02925,85253.96,BTC-27NOV26,0.35350000000000004,0.34231,121.90264,227.5,22.7,0.0014999999999999979,BTC,84522.64,69369.22
2026-10-03T00:23:29.731568+00:00,BTC-4OCT26-82500-C,84561.91,BTC-4OCT26,call,82500.0,2026-10-04T08:00:00+00:00,0.0036057960184551425,0.0225,0.027,0.02456301,0.02475,84561.91,BTC-4OCT26,0.22460000000000002,0.96625,3.80685,0.0,0.0,0.0045000000000000005,BTC,84522.64,0.0
2026-10-03T00:23:29.731568+00:00,BTC-16OCT26-87000-P,84723.27,BTC-16OCT26,put,87000.0,2026-10-16T08:00:00+00:00,0.03646000546404036,0.0385,0.0405,0.03944404,0.0395,84723.27,BTC-16OCT26,0.30579999999999996,-0.66517,58.93635,24.5,7.8,0.0020000000000000018,BTC,84522.64,18826.03
2026-10-03T00:23:29.731568+00:00,BTC-4OCT26-85000-P,84562.27,BTC-4OCT26,put,85000.0,2026-10-04T08:00:00+00:00,0.0036057960184551425,0.006,0.0075,0.00665771,0.00675,84562.27,BTC-4OCT26,0.1445,-0.72571,16.91486,84.1,131.6,0.0014999999999999996,BTC,84522.64,53576.01
2026-10-03T00:23:29.731568+00:00,BTC-26MAR27-120000-P,86687.1,BTC-26MAR27,put,120000.0,2027-03-26T08:00:00+00:00,0.4772539821923087,0.3965,0.4095,0.40268411,0.403,86687.1,BTC-26MAR27,0.3961,-0.85352,137.46681,9.9,0.0,0.012999999999999956,BTC,84522.64,0.0
2026-10-03T00:23:29.731568+00:00,BTC-25JUN27-84000-P,87844.68,BTC-25JUN27,put,84000.0,2027-06-25T08:00:00+00:00,0.7263984038213298,0.106,0.1085,0.10718967,0.10725,87844.68,BTC-25JUN27,0.3862,-0.38193,285.58972,507.4,2.2,0.0025000000000000022,BTC,84523.24,19121.4
2026-10-03T00:23:29.731568+00:00,BTC-9OCT26-65000-C,84616.07,BTC-9OCT26,call,65000.0,2026-10-09T08:00:00+00:00,0.017295049954115647,0.23,0.2335,0.23189371,0.23175,84616.07,BTC-9OCT26,0.7245999999999999,0.99755,0.84707,0.7,0.0,0.003500000000000003,BTC,84523.24,0.0
2026-10-03T00:23:29.731568+00:00,BTC-9OCT26-79000-C,84616.07,BTC-9OCT26,call,79000.0,2026-10-09T08:00:00+00:00,0.017295049954115647,0.065,0.07,0.06749698,0.0675,84616.07,BTC-9OCT26,0.33740000000000003,0.94142,13.01042,31.0,0.0,0.0050000000000000044,BTC,84523.24,0.0
2026-10-03T00:23:29.731568+00:00,BTC-30OCT26-78000-P,84910.3,BTC-30OCT26,put,78000.0,2026-10-30T08:00:00+00:00,0.07478991648388979,0.0095,0.01,0.00970892,0.00975,84910.3,BTC-30OCT26,0.3538,-0.17761,60.43694,1225.5,163.2,0.0005000000000000004,BTC,84523.24,119452.92
2026-10-03T00:23:29.731568+00:00,BTC-9OCT26-84000-P,84616.07,BTC-9OCT26,put,84000.0,2026-10-09T08:00:00+00:00,0.017295049954115647,0.0105,0.0115,0.01101949,0.011,84616.07,BTC-9OCT26,0.2747,-0.41362,43.35499,226.7,155.6,0.0009999999999999992,BTC,84523.24,114729.84
2026-10-03T00:23:29.731568+00:00,BTC-9OCT26-70000-C,84615.72,BTC-9OCT26,call,70000.0,2026-10-09T08:00:00+00:00,0.017295049954115647,0.171,0.1745,0.17287425,0.17275,84615.72,BTC-9OCT26,0.5784,0.99427,1.81558,0.2,0.0,0.0034999999999999754,BTC,84523.24,0.0
2026-10-03T00:23:29.731568+00:00,BTC-16OCT26-80000-C,84723.27,BTC-16OCT26,call,80000.0,2026-10-16T08:00:00+00:00,0.03646000546404036,0.059,0.064,0.06149583,0.0615,84723.27,BTC-16OCT26,0.324,0.83059,40.8549,10.6,1.1,0.0050000000000000044,BTC,84523.24,7383.96
2026-10-03T00:23:29.731568+00:00,BTC-9OCT26-80000-C,84616.07,BTC-9OCT26,call,80000.0,2026-10-09T08:00:00+00:00,0.017295049954115647,0.054,0.058,0.05617294,0.056,84616.07,BTC-9OCT26,0.3144,0.9157,17.21054,424.8,6.1,0.0040000000000000036,BTC,84523.24,37632.25
2026-10-03T00:23:29.731568+00:00,BTC-26MAR27-104000-P,86687.42,BTC-26MAR27,put,104000.0,2027-03-26T08:00:00+00:00,0.4772539821923087,0.2345,0.247,0.24061987,0.24075,86687.42,BTC-26MAR27,0.37810000000000005,-0.71452,203.53358,0.1,0.0,0.012500000000000011,BTC,84523.24,0.0
2026-10-03T00:23:29.731568+00:00,BTC-24SEP27-94000-P,89025.41,BTC-24SEP27,put,94000.0,2027-09-24T08:00:00+00:00,0.9755428254503511,0.1835,0.1885,0.18572806,0.186,89025.41,BTC-24SEP27,0.38799999999999996,-0.48032,350.42379,0.0,0.0,0.0050000000000000044,BTC,84523.24,0.0
2026-10-03T00:23:29.731568+00:00,BTC-24SEP27-78000-P,89025.41,BTC-24SEP27,put,78000.0,2027-09-24T08:00:00+00:00,0.9755428254503511,0.09,0.093,0.09145054,0.0915,89025.41,BTC-24SEP27,0.3953,-0.29689,304.33396,0.1,0.1,0.0030000000000000027,BTC,84523.24,717.37
2026-10-03T00:23:29.731568+00:00,BTC-3OCT26-88000-C,84549.97,BTC-3OCT26,call,88000.0,2026-10-03T08:00:00+00:00,0.0008679452313230411,,0.0001,6.18e-06,,84549.97,BTC-3OCT26,0.45899999999999996,0.00151,0.12196,166.1,95.8,,BTC,84523.24,15483.76
2026-10-03T00:23:29.731568+00:00,BTC-26MAR27-94000-P,86687.42,BTC-26MAR27,put,94000.0,2027-03-26T08:00:00+00:00,0.4772539821923087,0.1535,0.155,0.1543766,0.15425,86687.42,BTC-26MAR27,0.3734,-0.57338,234.92211,20.2,1.4,0.0015000000000000013,BTC,84523.24,18166.11
2026-10-03T00:23:29.731568+00:00,BTC-5OCT26-74000-C,84576.19,BTC-5OCT26,call,74000.0,2026-10-05T08:00:00+00:00,0.006343646805587244,0.123,0.1265,0.12508399,0.12475,84576.19,BTC-5OCT26,0.5947,0.99776,0.47349,4.4,4.4,0.003500000000000003,BTC,84523.24,57651.18
2026-10-03T00:23:29.731568+00:00,BTC-3OCT26-76000-C,84549.97,BTC-3OCT26,call,76000.0,2026-10-03T08:00:00+00:00,0.0008679452313230411,0.099,0.103,0.10112566,0.101,84549.97,BTC-3OCT26,0.8416,0.99999,0.00089,0.0,0.0,0.00399999999999999,BTC,84523.24,0.0
2026-10-03T00:23:29.731568+00:00,BTC-25DEC26-100000-P,85603.12,BTC-25DEC26,put,100000.0,2026-12-25T08:00:00+00:00,0.22810956056328743,0.184,0.1925,0.1880711,0.18825,85603.12,BTC-25DEC26,0.3701,-0.78543,119.35428,302.9,0.0,0.008500000000000008,BTC,84523.24,0.0
2026-10-03T00:23:29.731568+00:00,BTC-25DEC26-75000-P,85603.12,BTC-25DEC26,put,75000.0,2026-12-25T08:00:00+00:00,0.22810956056328743,0.023,0.024,0.02353758,0.0235,85603.12,BTC-25DEC26,0.3833,-0.20803,117.20682,1743.2,17.7,0.0010000000000000009,BTC,84523.24,30850.42
2026-10-03T00:23:29.731568+00:00,BTC-27NOV26-76000-P,85253.96,BTC-27NOV26,put,76000.0,2026-11-27T08:00:00+00:00,0.15144973852358862,0.0165,0.017,0.01672006,0.01675,85253.96,BTC-27NOV26,0.37310000000000004,-0.19415,91.24853,173.2,102.5,0.0005000000000000004,BTC,84522.13,136488.72
2026-10-03T00:23:29.731568+00:00,BTC-6OCT26-76000-P,84587.57,BTC-6OCT26,put,76000.0,2026-10-06T08:00:00+00:00,0.009081497592719345,,0.0002,7.184e-05,,84587.57,BTC-6OCT26,0.4429,-0.00531,1.22966,3.6,3.6,,BTC,84523.24,61.86
2026-10-03T00:23:29.731568+00:00,BTC-27NOV26-120000-P,85253.96,BTC-27NOV26,put,120000.0,2026-11-27T08:00:00+00:00,0.15144973852358862,0.405,0.415,0.40929744,0.41,85253.96,BTC-27NOV26,0.44,-0.972,21.32228,9.9,0.0,0.009999999999999953,BTC,84522.13,0.0
2026-10-03T00:23:29.731568+00:00,BTC-16OCT26-83000-P,84723.27,BTC-16OCT26,put,83000.0,2026-10-16T08:00:00+00:00,0.03646000546404036,0.014,0.0145,0.01443811,0.01425,84723.27,BTC-16OCT26,0.3077,-0.35288,60.11049,494.1,74.7,0.0005000000000000004,BTC,84522.13,83352.17
2026-10-03T00:23:29.731568+00:00,BTC-26MAR27-76000-C,86687.42,BTC-26MAR27,call,76000.0,2027-03-26T08:00:00+00:00,0.4772539821923087,0.1715,0.174,0.17267982,0.17275,86687.42,BTC-26MAR27,0.3846,0.73485,196.26151,541.7,0.0,0.0024999999999999745,BTC,84522.13,0.0
2026-10-03T00:23:29.731568+00:00,BTC-5OCT26-77000-P,84576.49,BTC-5OCT26,put,77000.0,2026-10-05T08:00:00+00:00,0.006343646805587244,,0.0002,6.406e-05,,84576.49,BTC-5OCT26,0.46509999999999996,-0.0054,1.0423,35.0,30.9,,BTC,84522.13,266.99
2026-10-03T00:23:29.731568+00:00,BTC-25JUN27-92000-C,87844.68,BTC-25JUN27,call,92000.0,2027-06-25T08:00:00+00:00,0.7263984038213298,0.1095,0.112,0.11069074,0.11075,87844.68,BTC-25JUN27,0.38380000000000003,0.50887,298.69748,28.6,25.1,0.0025000000000000022,BTC,84521.0,245502.34
2026-10-03T00:23:29.731568+00:00,BTC-5OCT26-87500-C,84576.49,BTC-5OCT26,call,87500.0,2026-10-05T08:00:00+00:00,0.006343646805587244,0.0003,0.0005,0.00037561,0.0004,84576.49,BTC-5OCT26,0.2514,0.04567,6.46112,4.6,6.7,0.00020000000000000004,BTC,84522.13,540.16
2026-10-03T00:23:29.731568+00:00,BTC-30OCT26-65000-P,84910.3,BTC-30OCT26,put,65000.0,2026-10-30T08:00:00+00:00,0.07478991648388979,0.0013,0.0015,0.00135583,0.0014,84910.3,BTC-30OCT26,0.514,-0.02452,13.35341,1255.7,776.4,0.0002000000000000001,BTC,84521.0,90702.25
2026-10-03T00:23:29.731568+00:00,BTC-30OCT26-59000-P,84910.3,BTC-30OCT26,put,59000.0,2026-10-30T08:00:00+00:00,0.07478991648388979,0.0006,0.0008,0.00068804,0.0007,84910.3,BTC-30OCT26,0.6068,-0.01146,6.97025,313.3,20.0,0.0002000000000000001,BTC,84521.0,1027.42
2026-10-03T00:23:29.731568+00:00,BTC-23OCT26-84000-P,84817.45,BTC-23OCT26,put,84000.0,2026-10-23T08:00:00+00:00,0.05562496097396506,0.0245,0.0255,0.02499139,0.025,84817.45,BTC-23OCT26,0.3157,-0.43421,78.73153,13.4,11.6,0.0009999999999999974,BTC,84521.0,21479.74
2026-10-03T00:23:29.731568+00:00,BTC-30OCT26-82000-C,84910.3,BTC-30OCT26,call,82000.0,2026-10-30T08:00:00+00:00,0.07478991648388979,0.0545,0.0565,0.05540414,0.0555,84910.3,BTC-30OCT26,0.3328,0.66544,84.57216,1332.7,1.0,0.0020000000000000018,BTC,84521.0,5760.35
2026-10-03T00:23:29.731568+00:00,BTC-25DEC26-120000-P,85603.12,BTC-25DEC26,put,120000.0,2026-12-25T08:00:00+00:00,0.22810956056328743,0.4015,0.4125,0.40611135,0.407,85603.12,BTC-25DEC26,0.41609999999999997,-0.9452,45.35734,35.8,0.0,0.010999999999999954,BTC,84521.0,0.0
2026-10-03T00:23:29.731568+00:00,BTC-30OCT26-110000-C,84910.3,BTC-30OCT26,call,110000.0,2026-10-30T08:00:00+00:00,0.07478991648388979,0.0008,0.001,0.00089714,0.0009,84910.3,BTC-30OCT26,0.45,0.02054,11.50383,1255.2,32.8,0.00019999999999999998,BTC,84518.87,3900.7
2026-10-03T00:23:29.731568+00:00,BTC-4OCT26-79000-P,84562.27,BTC-4OCT26,put,79000.0,2026-10-04T08:00:00+00:00,0.0036057960184551425,,0.0001,4.59e-05,,84562.27,BTC-4OCT26,0.446,-0.00539,0.78475,6.4,3.4,,BTC,84518.87,73.38
2026-10-03T00:23:29.731568+00:00,BTC-9OCT26-83000-C,84616.07,BTC-9OCT26,call,83000.0,2026-10-09T08:00:00+00:00,0.017295049954115647,0.025,0.027,0.02585747,0.026,84616.07,BTC-9OCT26,0.2757,0.70763,38.23927,105.5,5.5,0.0019999999999999983,BTC,84518.87,10401.84
2026-10-03T00:23:29.731568+00:00,BTC-25DEC26-220000-P,85603.12,BTC-25DEC26,put,220000.0,2026-12-25T08:00:00+00:00,0.22810956056328743,1.559,1.583,1.57020237,1.571,85603.12,BTC-25DEC26,0.6645,-0.99756,3.10494,0.0,0.0,0.02400000000000002,BTC,84518.87,0.0
2026-10-03T00:23:29.731568+00:00,BTC-25JUN27-70000-P,87844.41,BTC-25JUN27,put,70000.0,2027-06-25T08:00:00+00:00,0.7263984038213298,0.0455,0.047,0.04635597,0.04625,87844.41,BTC-25JUN27,0.40270000000000006,-0.2025,211.21946,147.9,0.0,0.0015000000000000013,BTC,84516.82,0.0
2026-10-03T00:23:29.731568+00:00,BTC-9OCT26-88000-P,84615.72,BTC-9OCT26,put,88000.0,2026-10-09T08:00:00+00:00,0.017295049954115647,0.041,0.0455,0.04296343,0.04325,84615.72,BTC-9OCT26,0.2867,-0.84709,26.28191,9.2,5.6,0.004499999999999997,BTC,84518.87,15122.27
2026-10-03T00:23:29.731568+00:00,BTC-26MAR27-65000-C,86687.42,BTC-26MAR27,call,65000.0,2027-03-26T08:00:00+00:00,0.4772539821923087,0.2665,0.274,0.27066565,0.27025,86687.42,BTC-26MAR27,0.4156,0.87396,124.01791,229.7,0.0,0.007500000000000007,BTC,84518.87,0.0
2026-10-03T00:23:29.731568+00:00,BTC-5OCT26-77000-C,84576.19,BTC-5OCT26,call,77000.0,2026-10-05T08:00:00+00:00,0.006343646805587244,0.088,0.091,0.08964558,0.0895,84576.19,BTC-5OCT26,0.46509999999999996,0.99458,1.0464,0.0,0.0,0.0030000000000000027,BTC,84518.87,0.0
2026-10-03T00:23:29.731568+00:00,BTC-26MAR27-130000-C,86687.42,BTC-26MAR27,call,130000.0,2027-03-26T08:00:00+00:00,0.4772539821923087,0.0115,0.0125,0.01200598,0.012,86687.42,BTC-26MAR27,0.41159999999999997,0.09973,104.90868,1191.9,1.0,0.0010000000000000009,BTC,84516.82,1044.44
2026-10-03T00:23:29.731568+00:00,BTC-25JUN27-180000-C,87844.68,BTC-25JUN27,call,180000.0,2027-06-25T08:00:00+00:00,0.7263984038213298,0.0065,0.008,0.00722861,0.00725,87844.68,BTC-25JUN27,0.45880000000000004,0.05065,78.03102,66.7,0.0,0.0015000000000000005,BTC,84516.82,0.0
2026-10-03T00:23:29.731568+00:00,BTC-5OCT26-94000-P,84576.19,BTC-5OCT26,put,94000.0,2026-10-05T08:00:00+00:00,0.006343646805587244,0.1095,0.1135,0.11142708,0.1115,84576.19,BTC-5OCT26,0.4175,-0.99923,0.1789,0.0,0.0,0.0040000000000000036,BTC,84516.82,0.0
2026-10-03T00:23:29.731568+00:00,BTC-30OCT26-77000-P,84910.3,BTC-30OCT26,put,77000.0,2026-10-30T08:00:00+00:00,0.07478991648388979,0.0075,0.0085,0.00796345,0.008,84910.3,BTC-30OCT26,0.3608,-0.14955,54.04166,647.8,14.7,0.0010000000000000009,BTC,84517.09,8512.83
2026-10-03T00:23:29.731568+00:00,BTC-27NOV26-60000-P,85253.63,BTC-27NOV26,put,60000.0,2026-11-27T08:00:00+00:00,0.15144973852358862,0.0025,0.0029,0.00269703,0.0027,85253.63,BTC-27NOV26,0.5151,-0.03206,23.85523,240.1,0.4,0.00039999999999999975,BTC,84517.09,100.15
2026-10-03T00:23:29.731568+00:00,BTC-24SEP27-114000-C,89025.41,BTC-24SEP27,call,114000.0,2027-09-24T08:00:00+00:00,0.9755428254503511,0.0665,0.07,0.06834282,0.06825,89025.41,BTC-24SEP27,0.391,0.32718,317.36442,0.0,0.0,0.003500000000000003,BTC,84517.09,0.0
2026-10-03T00:23:29.731568+00:00,BTC-24SEP27-78000-C,89025.06,BTC-24SEP27,call,78000.0,2027-09-24T08:00:00+00:00,0.9755428254503511,0.213,0.217,0.21530013,0.215,89025.06,BTC-24SEP27,0.3953,0.70303,304.34361,12.1,0.1,0.0040000000000000036,BTC,84517.09,1825.94
2026-10-03T00:23:29.731568+00:00,BTC-9OCT26-76000-P,84616.07,BTC-9OCT26,put,76000.0,2026-10-09T08:00:00+00:00,0.017295049954115647,0.0005,0.0007,0.00057759,0.0006,84616.07,BTC-9OCT26,0.4278,-0.02672,6.87629,647.7,510.0,0.00019999999999999998,BTC,84517.09,30507.63
2026-10-03T00:23:29.731568+00:00,BTC-26MAR27-84000-C,86687.42,BTC-26MAR27,call,84000.0,2027-03-26T08:00:00+00:00,0.4772539821923087,0.117,0.119,0.11779393,0.118,86687.42,BTC-26MAR27,0.37520000000000003,0.5989,231.57626,322.5,0.2,0.001999999999999988,BTC,84517.09,2246.07
2026-10-03T00:23:29.731568+00:00,BTC-16OCT26-90000-P,84723.62,BTC-16OCT26,put,90000.0,2026-10-16T08:00:00+00:00,0.03646000546404036,0.0655,0.0705,0.06755546,0.068,84723.62,BTC-16OCT26,0.3181,-0.83325,40.43786,3.1,3.1,0.0049999999999999906,BTC,84517.09,14340.79
2026-10-03T00:23:29.731568+00:00,BTC-25JUN27-160000-C,87844.41,BTC-25JUN27,call,160000.0,2027-06-25T08:00:00+00:00,0.7263984038213298,0.0105,0.012,0.01123904,0.01125,87844.41,BTC-25JUN27,0.4366,0.07709,108.24446,698.4,0.0,0.0014999999999999996,BTC,84517.09,0.0
2026-10-03T00:23:29.731568+00:00,BTC-4OCT26-80000-P,84562.27,BTC-4OCT26,put,80000.0,2026-10-04T08:00:00+00:00,0.0036057960184551425,,0.0002,7.318e-05,,84562.27,BTC-4OCT26,0.3933,-0.00928,1.2677,17.3,14.5,,BTC,84517.09,246.27
2026-10-03T00:23:29.731568+00:00,BTC-25JUN27-170000-P,87844.41,BTC-25JUN27,put,170000.0,2027-06-25T08:00:00+00:00,0.7263984038213298,0.9325,0.9605,0.94396024,0.9465,87844.41,BTC-25JUN27,0.446,-0.93899,90.38096,15.0,0.3,0.028000000000000025,BTC,84517.09,23400.06
2026-10-03T00:23:29.731568+00:00,BTC-5OCT26-87000-P,84576.49,BTC-5OCT26,put,87000.0,2026-10-05T08:00:00+00:00,0.006343646805587244,0.0275,0.031,0.02916007,0.02925,84576.49,BTC-5OCT26,0.231,-0.93758,8.27405,23.0,23.0,0.0034999999999999996,BTC,84517.09,26338.57
2026-10-03T00:23:29.731568+00:00,BTC-5OCT26-89000-C,84576.19,BTC-5OCT26,call,89000.0,2026-10-05T08:00:00+00:00,0.006343646805587244,0.0001,0.0003,0.00018621,0.0002,84576.19,BTC-5OCT26,0.31129999999999997,0.02009,3.27317,14.3,13.7,0.00019999999999999998,BTC,84517.09,1888.27
2026-10-03T00:23:29.731568+00:00,BTC-27NOV26-74000-P,85253.63,BTC-27NOV26,put,74000.0,2026-11-27T08:00:00+00:00,0.15144973852358862,0.0125,0.0135,0.01296456,0.013,85253.63,BTC-27NOV26,0.3858,-0.15477,78.98915,108.1,0.1,0.0009999999999999992,BTC,84517.09,106.41
2026-10-03T00:23:29.731568+00:00,BTC-25DEC26-230000-C,85603.12,BTC-25DEC26,call,230000.0,2026-12-25T08:00:00+00:00,0.22810956056328743,0.0001,0.0003,0.00013123,0.0002,85603.12,BTC-25DEC26,0.6645,0.00156,2.07264,190.7,0.1,0.00019999999999999998,BTC,84517.09,0.86
2026-10-03T00:23:29.731568+00:00,BTC-4OCT26-82500-P,84562.27,BTC-4OCT26,put,82500.0,2026-10-04T08:00:00+00:00,0.0036057960184551425,0.0001,0.0003,0.00017657,0.0002,84562.27,BTC-4OCT26,0.22460000000000002,-0.0342,3.84796,56.6,69.4,0.00019999999999999998,BTC,84517.28,3413.81
2026-10-03T00:23:29.731568+00:00,BTC-3OCT26-75000-C,84549.97,BTC-3OCT26,call,75000.0,2026-10-03T08:00:00+00:00,0.0008679452313230411,0.111,0.1145,0.11295291,0.11275,84549.97,BTC-3OCT26,0.8417,1.0,8e-05,0.0,0.0,0.003500000000000003,BTC,84517.09,0.0
2026-10-03T00:23:29.731568+00:00,BTC-4OCT26-94000-C,84561.91,BTC-4OCT26,call,94000.0,2026-10-04T08:00:00+00:00,0.0036057960184551425,,0.0001,8.7e-07,,84561.91,BTC-4OCT26,0.479,0.00012,0.02399,94.6,89.6,,BTC,84517.28,782.19
2026-10-03T00:23:29.731568+00:00,BTC-24SEP27-98000-C,89025.41,BTC-24SEP27,call,98000.0,2027-09-24T08:00:00+00:00,0.9755428254503511,0.112,0.1155,0.1138801,0.11375,89025.41,BTC-24SEP27,0.3872,0.47588,350.17714,0.5,0.5,0.003500000000000003,BTC,84517.28,5332.37
2026-10-03T00:23:29.731568+00:00,BTC-27NOV26-95000-P,85253.63,BTC-27NOV26,put,95000.0,2026-11-27T08:00:00+00:00,0.15144973852358862,0.129,0.137,0.13282272,0.133,85253.63,BTC-27NOV26,0.3589,-0.76003,103.14639,0.1,0.0,0.008000000000000007,BTC,84517.28,0.0
2026-10-03T00:23:29.731568+00:00,BTC-4OCT26-90000-C,84561.91,BTC-4OCT26,call,90000.0,2026-10-04T08:00:00+00:00,0.0036057960184551425,,0.0001,4.767e-05,,84561.91,BTC-4OCT26,0.4113,0.00589,0.84907,11.1,11.2,,BTC,84516.38,792.23
2026-10-03T00:23:29.731568+00:00,BTC-25JUN27-98000-C,87844.68,BTC-25JUN27,call,98000.0,2027-06-25T08:00:00+00:00,0.7263984038213298,0.086,0.0885,0.08720496,0.08725,87844.68,BTC-25JUN27,0.38380000000000003,0.43212,294.41972,112.0,0.0,0.0025000000000000022,BTC,84516.38,0.0
2026-10-03T00:23:29.731568+00:00,BTC-25DEC26-50000-P,85603.12,BTC-25DEC26,put,50000.0,2026-12-25T08:00:00+00:00,0.22810956056328743,0.0019,0.0024,0.00215218,0.00215,85603.12,BTC-25DEC26,0.5828,-0.01924,19.16097,2211.6,4.4,0.0004999999999999998,BTC,84516.38,811.57
2026-10-03T00:23:29.731568+00:00,BTC-16OCT26-70000-P,84723.62,BTC-16OCT26,put,70000.0,2026-10-16T08:00:00+00:00,0.03646000546404036,0.0005,0.0007,0.00058812,0.0006,84723.62,BTC-16OCT26,0.4828,-0.01727,6.91456,93.0,30.2,0.00019999999999999998,BTC,84516.38,1483.25
2026-10-03T00:23:29.731568+00:00,BTC-24SEP27-60000-P,89025.06,BTC-24SEP27,put,60000.0,2027-09-24T08:00:00+00:00,0.9755428254503511,0.0305,0.033,0.0317427,0.03175,89025.06,BTC-24SEP27,0.425,-0.12528,181.30408,18.4,0.3,0.0025000000000000022,BTC,84516.38,802.65
2026-10-03T00:23:29.731568+00:00,BTC-5OCT26-93000-C,84576.19,BTC-5OCT26,call,93000.0,2026-10-05T08:00:00+00:00,0.006343646805587244,,0.0002,2.069e-05,,84576.19,BTC-5OCT26,0.41490000000000005,0.0021,0.44673,1.2,1.1,,BTC,84516.38,9.42
2026-10-03T00:23:29.731568+00:00,BTC-6OCT26-85000-C,84587.28,BTC-6OCT26,call,85000.0,2026-10-06T08:00:00+00:00,0.009081497592719345,0.006,0.007,0.0065803,0.0065,84587.28,BTC-6OCT26,0.2309,0.41353,31.39664,0.0,0.0,0.001,BTC,84516.38,0.0
2026-10-03T00:23:29.731568+00:00,BTC-25DEC26-54000-P,85603.32,BTC-25DEC26,put,54000.0,2026-12-25T08:00:00+00:00,0.22810956056328743,0.0027,0.0031,0.00294733,0.0029,85603.32,BTC-25DEC26,0.5379,-0.02739,25.7928,1907.3,0.0,0.00039999999999999975,BTC,84516.38,0.0
2026-10-03T00:23:29.731568+00:00,BTC-25DEC26-92000-P,85603.12,BTC-25DEC26,put,92000.0,2026-12-25T08:00:00+00:00,0.22810956056328743,0.111,0.1185,0.11499657,0.11475,85603.12,BTC-25DEC26,0.36229999999999996,-0.62961,154.44577,23.0,1.8,0.007499999999999993,BTC,84516.38,15872.74
2026-10-03T00:23:29.731568+00:00,BTC-26MAR27-78000-P,86687.42,BTC-26MAR27,put,78000.0,2027-03-26T08:00:00+00:00,0.4772539821923087,0.057,0.0575,0.05722793,0.05725,86687.42,BTC-26MAR27,0.381,-0.29733,207.41401,388.2,19.1,0.0005000000000000004,BTC,84516.38,85865.05
2026-10-03T00:23:29.731568+00:00,BTC-27NOV26-90000-C,85253.96,BTC-27NOV26,call,90000.0,2026-11-27T08:00:00+00:00,0.15144973852358862,0.0325,0.0335,0.0329023,0.033,85253.96,BTC-27NOV26,0.3538,0.3723,125.5343,3212.8,420.3,0.0010000000000000009,BTC,84516.38,1508766.81
2026-10-03T00:23:29.731568+00:00,BTC-25DEC26-108000-C,85603.12,BTC-25DEC26,call,108000.0,2026-12-25T08:00:00+00:00,0.22810956056328743,0.0095,0.0105,0.01001833,0.01,85603.12,BTC-25DEC26,0.38380000000000003,0.11963,81.62325,165.6,6.8,0.0010000000000000009,BTC,84516.38,5751.13
2026-10-03T00:23:29.731568+00:00,BTC-25DEC26-60000-P,85603.12,BTC-25DEC26,put,60000.0,2026-12-25T08:00:00+00:00,0.22810956056328743,0.0048,0.0055,0.00511239,0.00515,85603.12,BTC-25DEC26,0.4824,-0.04884,41.39238,6266.1,5.0,0.0007000000000000001,BTC,84516.38,2146.61
2026-10-03T00:23:29.731568+00:00,BTC-24SEP27-106000-P,89025.41,BTC-24SEP27,put,106000.0,2027-09-24T08:00:00+00:00,0.9755428254503511,0.271,0.289,0.27854027,0.28,89025.41,BTC-24SEP27,0.38799999999999996,-0.60425,338.76242,0.0,0.0,0.01799999999999996,BTC,84515.76,0.0
2026-10-03T00:23:29.731568+00:00,BTC-25JUN27-58000-C,87844.68,BTC-25JUN27,call,58000.0,2027-06-25T08:00:00+00:00,0.7263984038213298,0.3555,0.3635,0.35998501,0.3595,87844.68,BTC-25JUN27,0.4389,0.90256,128.95406,13.8,0.0,0.008000000000000007,BTC,84515.76,0.0
2026-10-03T00:23:29.731568+00:00,BTC-25DEC26-250000-P,85603.12,BTC-25DEC26,put,250000.0,2026-12-25T08:00:00+00:00,0.22810956056328743,1.9075,1.937,1.92057292,1.92225,85603.12,BTC-25DEC26,0.7126,-0.99855,1.93281,10.0,0.0,0.02950000000000008,BTC,84515.76,0.0
2026-10-03T00:23:29.731568+00:00,BTC-26MAR27-190000-P,86687.42,BTC-26MAR27,put,190000.0,2027-03-26T08:00:00+00:00,0.4772539821923087,1.1815,1.211,1.19400602,1.19625,86687.42,BTC-26MAR27,0.5065,-0.98066,28.18985,0.9,0.0,0.02950000000000008,BTC,84515.76,0.0
2026-10-03T00:23:29.731568+00:00,BTC-25DEC26-160000-C,85603.12,BTC-25DEC26,call,160000.0,2026-12-25T08:00:00+00:00,0.22810956056328743,0.0005,0.001,0.00072116,0.00075,85603.12,BTC-25DEC26,0.5271,0.00917,10.10592,1406.9,4.2,0.0005,BTC,84515.76,328.06
2026-10-03T00:23:29.731568+00:00,BTC-5OCT26-92000-P,84576.19,BTC-5OCT26,put,92000.0,2026-10-05T08:00:00+00:00,0.006343646805587244,0.086,0.09,0.08779393,0.088,84576.19,BTC-5OCT26,0.3729,-0.99764,0.49701,0.0,0.0,0.0040000000000000036,BTC,84515.76,0.0
2026-10-03T00:23:29.731568+00:00,BTC-27NOV26-82000-C,85253.96,BTC-27NOV26,call,82000.0,2026-11-27T08:00:00+00:00,0.15144973852358862,0.075,0.0765,0.07549491,0.07575,85253.96,BTC-27NOV26,0.3567,0.63608,124.59631,149.8,2.1,0.0015000000000000013,BTC,84515.76,14979.54
2026-10-03T00:23:29.731568+00:00,BTC-25DEC26-88000-P,85603.12,BTC-25DEC26,put,88000.0,2026-12-25T08:00:00+00:00,0.22810956056328743,0.084,0.0855,0.08476787,0.08475,85603.12,BTC-25DEC26,0.36200000000000004,-0.52958,162.68321,145.2,3.0,0.0015000000000000013,BTC,84515.76,19002.02
2026-10-03T00:23:29.731568+00:00,BTC-5OCT26-87500-P,84576.49,BTC-5OCT26,put,87500.0,2026-10-05T08:00:00+00:00,0.006343646805587244,0.033,0.037,0.03494207,0.035,84576.49,BTC-5OCT26,0.2514,-0.95475,6.41244,0.0,0.0,0.003999999999999997,BTC,84515.76,0.0
2026-10-03T00:23:29.731568+00:00,BTC-6OCT26-79000-P,84587.57,BTC-6OCT26,put,79000.0,2026-10-06T08:00:00+00:00,0.009081497592719345,0.0002,0.0003,0.00025876,0.00025,84587.57,BTC-6OCT26,0.354,-0.02063,4.00674,3.1,3.1,9.999999999999996e-05,BTC,84515.76,80.46
2026-10-03T00:23:29.731568+00:00,BTC-25DEC26-96000-P,85603.32,BTC-25DEC26,put,96000.0,2026-12-25T08:00:00+00:00,0.22810956056328743,0.1455,0.155,0.14978822,0.15025,85603.32,BTC-25DEC26,0.3653,-0.71576,138.64897,50.8,0.0,0.009500000000000008,BTC,84515.76,0.0
2026-10-03T00:23:29.731568+00:00,BTC-4OCT26-84000-C,84562.27,BTC-4OCT26,call,84000.0,2026-10-04T08:00:00+00:00,0.0036057960184551425,0.006,0.0095,0.00779136,0.00775,84562.27,BTC-4OCT26,0.147,0.7701,15.40706,10.2,4.5,0.0034999999999999996,BTC,84515.76,2464.75
2026-10-03T00:23:29.731568+00:00,BTC-25DEC26-90000-C,85603.12,BTC-25DEC26,call,90000.0,2026-12-25T08:00:00+00:00,0.22810956056328743,0.0475,0.0485,0.04796392,0.048,85603.12,BTC-25DEC26,0.36210000000000003,0.4192,159.77411,3755.5,322.0,0.0010000000000000009,BTC,84515.76,1524238.18
2026-10-03T00:23:29.731568+00:00,BTC-26MAR27-66000-C,86687.42,BTC-26MAR27,call,66000.0,2027-03-26T08:00:00+00:00,0.4772539821923087,0.2555,0.265,0.26101715,0.26025,86687.42,BTC-26MAR27,0.41259999999999997,0.86392,130.7579,23.9,0.0,0.009500000000000008,BTC,84515.76,0.0
2026-10-03T00:23:29.731568+00:00,BTC-5OCT26-87000-C,84576.19,BTC-5OCT26,call,87000.0,2026-10-05T08:00:00+00:00,0.006343646805587244,0.0004,0.0006,0.00050542,0.0005,84576.19,BTC-5OCT26,0.231,0.0623,8.26146,153.0,179.4,0.00019999999999999993,BTC,84515.76,106639.5
2026-10-03T00:23:29.731568+00:00,BTC-25JUN27-62000-P,87844.41,BTC-25JUN27,put,62000.0,2027-06-25T08:00:00+00:00,0.7263984038213298,0.026,0.0275,0.02673902,0.02675,87844.41,BTC-25JUN27,0.4236,-0.12608,155.08659,115.8,0.0,0.0015000000000000013,BTC,84515.83,0.0
2026-10-03T00:23:29.731568+00:00,BTC-24SEP27-118000-C,89025.41,BTC-24SEP27,call,118000.0,2027-09-24T08:00:00+00:00,0.9755428254503511,0.059,0.062,0.0605461,0.0605,89025.41,BTC-24SEP27,0.3932,0.2974,304.53393,0.1,0.0,0.0030000000000000027,BTC,84515.76,0.0
2026-10-03T00:23:29.731568+00:00,BTC-27NOV26-89000-C,85253.96,BTC-27NOV26,call,89000.0,2026-11-27T08:00:00+00:00,0.15144973852358862,0.036,0.0375,0.03668712,0.03675,85253.96,BTC-27NOV26,0.3527,0.40267,128.41263,510.5,5.8,0.0015000000000000013,BTC,84515.76,23034.42
2026-10-03T00:23:29.731568+00:00,BTC-26MAR27-200000-P,86687.42,BTC-26MAR27,put,200000.0,2027-03-26T08:00:00+00:00,0.4772539821923087,1.296,1.3225,1.30914009,1.30925,86687.42,BTC-26MAR27,0.526,-0.98294,25.33239,1.0,0.0,0.026499999999999968,BTC,84515.83,0.0
2026-10-03T00:23:29.731568+00:00,BTC-26MAR27-45000-C,86687.42,BTC-26MAR27,call,45000.0,2027-03-26T08:00:00+00:00,0.4772539821923087,0.484,0.4865,0.4849799,0.48525,86687.42,BTC-26MAR27,0.5367999999999999,0.97455,35.53828,4.8,0.0,0.0025000000000000022,BTC,84515.83,0.0
2026-10-03T00:23:29.731568+00:00,BTC-16OCT26-81000-P,84723.27,BTC-16OCT26,put,81000.0,2026-10-16T08:00:00+00:00,0.03646000546404036,0.0075,0.0085,0.00793848,0.008,84723.27,BTC-16OCT26,0.3182,-0.22181,48.12999,117.6,63.1,0.0010000000000000009,BTC,84515.83,32676.02
2026-10-03T00:23:29.731568+00:00,BTC-9OCT26-75000-P,84615.72,BTC-9OCT26,put,75000.0,2026-10-09T08:00:00+00:00,0.017295049954115647,0.0004,0.0006,0.00048068,0.0005,84615.72,BTC-9OCT26,0.4583,-0.02136,5.69792,1748.9,54.8,0.00019999999999999993,BTC,84515.83,2348.95
2026-10-03T00:23:29.731568+00:00,BTC-30OCT26-95000-C,84910.3,BTC-30OCT26,call,95000.0,2026-10-30T08:00:00+00:00,0.07478991648388979,0.0055,0.006,0.00587068,0.00575,84910.3,BTC-30OCT26,0.3477,0.12825,48.66998,24098.8,808.2,0.0005000000000000004,BTC,84515.78,416323.51
2026-10-03T00:23:29.731568+00:00,BTC-26MAR27-160000-C,86687.42,BTC-26MAR27,call,160000.0,2027-03-26T08:00:00+00:00,0.4772539821923087,0.0042,0.0045,0.00444739,0.00435,86687.42,BTC-26MAR27,0.46090000000000003,0.03871,50.25919,1034.4,2.1,0.0002999999999999999,BTC,84515.83,873.71
2026-10-03T00:23:29.731568+00:00,BTC-23OCT26-96000-C,84817.45,BTC-23OCT26,call,96000.0,2026-10-23T08:00:00+00:00,0.05562496097396506,0.0025,0.0029,0.00270374,0.0027,84817.45,BTC-23OCT26,0.3539,0.07436,28.13419,0.0,0.0,0.00039999999999999975,BTC,84515.78,0.0
2026-10-03T00:23:29.731568+00:00,BTC-30OCT26-50000-C,84910.3,BTC-30OCT26,call,50000.0,2026-10-30T08:00:00+00:00,0.07478991648388979,0.41,0.413,0.41138117,0.4115,84910.3,BTC-30OCT26,0.7484000000000001,0.99638,2.51279,1.1,0.0,0.0030000000000000027,BTC,84515.78,0.0
2026-10-03T00:23:29.731568+00:00,BTC-25DEC26-66000-P,85603.12,BTC-25DEC26,put,66000.0,2026-12-25T08:00:00+00:00,0.22810956056328743,0.0085,0.0095,0.0089711,0.009,85603.12,BTC-25DEC26,0.4324,-0.08672,64.59012,418.9,0.4,0.0009999999999999992,BTC,84515.78,276.76
2026-10-03T00:23:29.731568+00:00,BTC-30OCT26-96000-C,84910.3,BTC-30OCT26,call,96000.0,2026-10-30T08:00:00+00:00,0.07478991648388979,0.0047,0.0055,0.00512701,0.0051,84910.3,BTC-30OCT26,0.35609999999999997,0.11249,44.37625,1610.9,1111.4,0.0007999999999999995,BTC,84515.78,587926.87
2026-10-03T00:23:29.731568+00:00,BTC-5OCT26-78000-C,84576.19,BTC-5OCT26,call,78000.0,2026-10-05T08:00:00+00:00,0.006343646805587244,0.0755,0.0795,0.07791696,0.0775,84576.19,BTC-5OCT26,0.45659999999999995,0.9875,2.17953,0.0,0.0,0.0040000000000000036,BTC,84515.78,0.0
2026-10-03T00:23:29.731568+00:00,BTC-16OCT26-84000-P,84723.27,BTC-16OCT26,put,84000.0,2026-10-16T08:00:00+00:00,0.03646000546404036,0.0185,0.0195,0.0192172,0.019,84723.27,BTC-16OCT26,0.3063,-0.43142,63.58794,86.2,8.0,0.0010000000000000009,BTC,84515.78,9865.47
2026-10-03T00:23:29.731568+00:00,BTC-4OCT26-77000-P,84561.91,BTC-4OCT26,put,77000.0,2026-10-04T08:00:00+00:00,0.0036057960184551425,,0.0001,3.143e-05,,84561.91,BTC-4OCT26,0.5711999999999999,-0.00304,0.46922,0.1,0.0,,BTC,84515.78,0.0
2026-10-03T00:23:29.731568+00:00,BTC-23OCT26-80000-P,84817.71,BTC-23OCT26,put,80000.0,2026-10-23T08:00:00+00:00,0.05562496097396506,0.0095,0.0105,0.00994311,0.01,84817.71,BTC-23OCT26,0.3307,-0.21609,58.62665,38.7,37.6,0.0010000000000000009,BTC,84515.78,30555.32
2026-10-03T00:23:29.731568+00:00,BTC-26MAR27-92000-P,86687.42,BTC-26MAR27,put,92000.0,2027-03-26T08:00:00+00:00,0.4772539821923087,0.138,0.14,0.13910788,0.139,86687.42,BTC-26MAR27,0.3729,-0.54084,237.6996,15.1,4.1,0.0020000000000000018,BTC,84515.78,44106.99
2026-10-03T00:23:29.731568+00:00,BTC-25DEC26-190000-P,85603.12,BTC-25DEC26,put,190000.0,2026-12-25T08:00:00+00:00,0.22810956056328743,1.21,1.2305,1.21978167,1.22025,85603.12,BTC-25DEC26,0.581,-0.99688,3.87272,0.0,0.0,0.020499999999999963,BTC,84515.78,0.0
2026-10-03T00:23:29.731568+00:00,BTC-27NOV26-64000-P,85253.96,BTC-27NOV26,put,64000.0,2026-11-27T08:00:00+00:00,0.15144973852358862,0.0037,0.0041,0.00389654,0.0039,85253.96,BTC-27NOV26,0.4682,-0.04814,33.20086,51.8,9.3,0.0004000000000000002,BTC,84515.78,3465.46
2026-10-03T00:23:29.731568+00:00,BTC-5OCT26-86500-C,84576.49,BTC-5OCT26,call,86500.0,2026-10-05T08:00:00+00:00,0.006343646805587244,0.0006,0.0009,0.00076481,0.00075,84576.49,BTC-5OCT26,0.2148,0.09431,11.32157,81.9,47.5,0.00030000000000000003,BTC,84515.78,28808.42
2026-10-03T00:23:29.731568+00:00,BTC-4OCT26-79000-C,84561.91,BTC-4OCT26,call,79000.0,2026-10-04T08:00:00+00:00,0.0036057960184551425,0.0635,0.0675,0.065822,0.0655,84561.91,BTC-4OCT26,0.446,0.99458,0.78879,0.0,0.0,0.0040000000000000036,BTC,84515.9,0.0
2026-10-03T00:23:29.731568+00:00,BTC-25DEC26-35000-C,85603.12,BTC-25DEC26,call,35000.0,2026-12-25T08:00:00+00:00,0.22810956056328743,0.5905,0.593,0.59196884,0.59175,85603.12,BTC-25DEC26,0.8059999999999999,0.99404,6.91334,87.9,0.0,0.0024999999999999467,BTC,84515.9,0.0
2026-10-03T00:23:29.731568+00:00,BTC-25DEC26-160000-P,85603.12,BTC-25DEC26,put,160000.0,2026-12-25T08:00:00+00:00,0.22810956056328743,0.864,0.8785,0.86980536,0.87125,85603.12,BTC-25DEC26,0.5271,-0.99083,10.10575,0.1,0.0,0.014499999999999957,BTC,84515.9,0.0
2026-10-03T00:23:29.731568+00:00,BTC-27NOV26-89000-P,85253.96,BTC-27NOV26,put,89000.0,2026-11-27T08:00:00+00:00,0.15144973852358862,0.08,0.081,0.08062531,0.0805,85253.96,BTC-27NOV26,0.3527,-0.59734,128.41166,41.6,27.9,0.0010000000000000009,BTC,84515.9,179325.47
2026-10-03T00:23:29.731568+00:00,BTC-25DEC26-120000-C,85603.12,BTC-25DEC26,call,120000.0,2026-12-25T08:00:00+00:00,0.22810956056328743,0.0041,0.0045,0.00429819,0.0043,85603.12,BTC-25DEC26,0.41609999999999997,0.05476,45.32922,5797.7,4.1,0.0003999999999999993,BTC,84515.9,1706.91
2026-10-03T00:23:29.731568+00:00,BTC-5OCT26-94000-C,84576.19,BTC-5OCT26,call,94000.0,2026-10-05T08:00:00+00:00,0.006343646805587244,,0.0002,7.11e-06,,84576.19,BTC-5OCT26,0.4175,0.00077,0.17852,31.1,36.4,,BTC,84515.9,349.16
2026-10-03T00:23:29.731568+00:00,BTC-26MAR27-72000-P,86687.1,BTC-26MAR27,put,72000.0,2027-03-26T08:00:00+00:00,0.4772539821923087,0.036,0.037,0.03634694,0.0365,86687.1,BTC-26MAR27,0.39390000000000003,-0.20684,171.08628,191.3,3.0,0.0010000000000000009,BTC,84515.89,8457.74
2026-10-03T00:23:29.731568+00:00,BTC-24SEP27-65000-C,89025.06,BTC-24SEP27,call,65000.0,2027-09-24T08:00:00+00:00,0.9755428254503511,0.3085,0.3175,0.3135543,0.313,89025.06,BTC-24SEP27,0.41340000000000005,0.83485,218.41244,2.0,0.0,0.009000000000000008,BTC,84515.89,0.0
2026-10-03T00:23:29.731568+00:00,BTC-25DEC26-150000-C,85603.12,BTC-25DEC26,call,150000.0,2026-12-25T08:00:00+00:00,0.22810956056328743,0.0009,0.0012,0.00105166,0.00105,85603.12,BTC-25DEC26,0.5032,0.01345,14.09929,1738.1,2.7,0.0002999999999999999,BTC,84515.89,298.24
2026-10-03T00:23:29.731568+00:00,BTC-24SEP27-88000-P,89025.41,BTC-24SEP27,put,88000.0,2027-09-24T08:00:00+00:00,0.9755428254503511,0.1445,0.148,0.14584665,0.14625,89025.41,BTC-24SEP27,0.38909999999999995,-0.41233,342.3002,1.2,0.5,0.003500000000000003,BTC,84515.89,5919.22
2026-10-03T00:23:29.731568+00:00,BTC-4OCT26-93000-C,84561.91,BTC-4OCT26,call,93000.0,2026-10-04T08:00:00+00:00,0.0036057960184551425,,0.0001,1.39e-06,,84561.91,BTC-4OCT26,0.447,0.0002,0.03869,9.9,8.7,,BTC,84515.81,84.34
2026-10-03T00:23:29.731568+00:00,BTC-30OCT26-58000-P,84910.3,BTC-30OCT26,put,58000.0,2026-10-30T08:00:00+00:00,0.07478991648388979,0.0005,0.0007,0.00058999,0.0006,84910.3,BTC-30OCT26,0.6191,-0.0098,6.08374,329.4,0.9,0.00019999999999999998,BTC,84515.81,41.51
2026-10-03T00:23:29.731568+00:00,BTC-25JUN27-190000-C,87844.68,BTC-25JUN27,call,190000.0,2027-06-25T08:00:00+00:00,0.7263984038213298,0.0055,0.0065,0.00598853,0.006,87844.68,BTC-25JUN27,0.4698,0.04216,67.34701,67.0,0.0,0.001,BTC,84515.89,0.0
2026-10-03T00:23:29.731568+00:00,BTC-26MAR27-58000-P,86687.42,BTC-26MAR27,put,58000.0,2027-03-26T08:00:00+00:00,0.4772539821923087,0.011,0.012,0.01147576,0.0115,86687.42,BTC-26MAR27,0.44789999999999996,-0.0732,83.23137,149.7,10.0,0.0010000000000000009,BTC,84515.81,9415.12
2026-10-03T00:23:29.731568+00:00,BTC-16OCT26-88000-C,84723.62,BTC-16OCT26,call,88000.0,2026-10-16T08:00:00+00:00,0.03646000546404036,0.009,0.01,0.00951879,0.0095,84723.62,BTC-16OCT26,0.31,0.26939,53.43394,89.1,31.8,0.0010000000000000009,BTC,84515.96,52300.91
2026-10-03T00:23:29.731568+00:00,BTC-3OCT26-89000-P,84549.97,BTC-3OCT26,put,89000.0,2026-10-03T08:00:00+00:00,0.0008679452313230411,0.0505,0.055,0.05262947,0.05275,84549.97,BTC-3OCT26,0.45990000000000003,-0.99993,0.00718,0.0,0.0,0.004499999999999997,BTC,84515.81,0.0
2026-10-03T00:23:29.731568+00:00,BTC-4OCT26-88500-P,84562.27,BTC-4OCT26,put,88500.0,2026-10-04T08:00:00+00:00,0.0036057960184551425,0.045,0.0495,0.04669484,0.04725,84562.27,BTC-4OCT26,0.3547,-0.9831,2.12925,0.0,0.0,0.004500000000000004,BTC,84515.96,0.0
2026-10-03T00:23:29.731568+00:00,BTC-27NOV26-96000-C,85253.63,BTC-27NOV26,call,96000.0,2026-11-27T08:00:00+00:00,0.15144973852358862,0.016,0.017,0.01649054,0.0165,85253.63,BTC-27NOV26,0.36060000000000003,0.21859,97.88217,345.7,127.7,0.0010000000000000009,BTC,84515.81,220063.06
2026-10-03T00:23:29.731568+00:00,BTC-25JUN27-100000-C,87844.68,BTC-25JUN27,call,100000.0,2027-06-25T08:00:00+00:00,0.7263984038213298,0.0795,0.0815,0.08050047,0.0805,87844.68,BTC-25JUN27,0.38409999999999994,0.40813,290.79867,203.2,3.8,0.0020000000000000018,BTC,84515.81,27097.37
2026-10-03T00:23:29.731568+00:00,BTC-6OCT26-81500-P,84587.57,BTC-6OCT26,put,81500.0,2026-10-06T08:00:00+00:00,0.009081497592719345,0.0006,0.001,0.00081116,0.0008,84587.57,BTC-6OCT26,0.26789999999999997,-0.07155,11.00522,0.0,0.0,0.0004000000000000001,BTC,84515.96,0.0
2026-10-03T00:23:29.731568+00:00,BTC-27NOV26-72000-P,85253.63,BTC-27NOV26,put,72000.0,2026-11-27T08:00:00+00:00,0.15144973852358862,0.0095,0.0105,0.0099697,0.01,85253.63,BTC-27NOV26,0.39840000000000003,-0.12197,67.13781,84.6,1.2,0.0010000000000000009,BTC,84515.96,938.01
2026-10-03T00:23:29.731568+00:00,BTC-25DEC26-66000-C,85603.12,BTC-25DEC26,call,66000.0,2026-12-25T08:00:00+00:00,0.22810956056328743,0.2345,0.24,0.23797387,0.23725,85603.12,BTC-25DEC26,0.4324,0.91328,64.59014,267.2,0.0,0.005500000000000005,BTC,84515.96,0.0
2026-10-03T00:23:29.731568+00:00,BTC-23OCT26-105000-C,84817.71,BTC-23OCT26,call,105000.0,2026-10-23T08:00:00+00:00,0.05562496097396506,0.0005,0.0008,0.00064184,0.00065,84817.71,BTC-23OCT26,0.4228,0.01819,8.93732,30.1,30.1,0.00030000000000000003,BTC,84516.26,2057.58
2026-10-03T00:23:29.731568+00:00,BTC-25DEC26-102000-C,85603.12,BTC-25DEC26,call,102000.0,2026-12-25T08:00:00+00:00,0.22810956056328743,0.016,0.017,0.01653416,0.0165,85603.12,BTC-25DEC26,0.3718,0.18436,108.91409,497.3,1.1,0.0010000000000000009,BTC,84516.26,1775.25
2026-10-03T00:23:29.731568+00:00,BTC-23OCT26-70000-P,84817.45,BTC-23OCT26,put,70000.0,2026-10-23T08:00:00+00:00,0.05562496097396506,0.0013,0.0016,0.00142553,0.00145,84817.45,BTC-23OCT26,0.4547,-0.03284,14.67129,29.9,24.9,0.00030000000000000014,BTC,84516.26,2945.31
2026-10-03T00:23:29.731568+00:00,BTC-26MAR27-104000-C,86687.42,BTC-26MAR27,call,104000.0,2027-03-26T08:00:00+00:00,0.4772539821923087,0.0405,0.0415,0.04090508,0.041,86687.42,BTC-26MAR27,0.37810000000000005,0.28536,203.47106,135.6,0.2,0.0010000000000000009,BTC,84516.26,712.18
2026-10-03T00:23:29.731568+00:00,BTC-23OCT26-95000-C,84817.45,BTC-23OCT26,call,95000.0,2026-10-23T08:00:00+00:00,0.05562496097396506,0.0031,0.0035,0.00330518,0.0033,84817.45,BTC-23OCT26,0.34759999999999996,0.08944,32.33769,6.3,4.1,0.0004000000000000002,BTC,84516.16,2244.39
2026-10-03T00:23:29.731568+00:00,BTC-27NOV26-66000-P,85253.96,BTC-27NOV26,put,66000.0,2026-11-27T08:00:00+00:00,0.15144973852358862,0.0049,0.005,0.00484745,0.00495,85253.96,BTC-27NOV26,0.4485,-0.06022,39.63876,175.1,0.5,0.00010000000000000026,BTC,84516.26,190.86
2026-10-03T00:23:29.731568+00:00,BTC-30OCT26-84000-C,84910.3,BTC-30OCT26,call,84000.0,2026-10-30T08:00:00+00:00,0.07478991648388979,0.041,0.042,0.04150483,0.0415,84910.3,BTC-30OCT26,0.3307,0.5645,91.43718,1292.1,32.6,0.0010000000000000009,BTC,84516.16,147684.03
2026-10-03T00:23:29.731568+00:00,BTC-25DEC26-170000-C,85603.32,BTC-25DEC26,call,170000.0,2026-12-25T08:00:00+00:00,0.22810956056328743,0.0005,0.0008,0.00058516,0.00065,85603.32,BTC-25DEC26,0.5571,0.00725,8.22016,2018.6,2.0,0.00030000000000000003,BTC,84516.16,101.53
2026-10-03T00:23:29.731568+00:00,BTC-27NOV26-112000-P,85253.96,BTC-27NOV26,put,112000.0,2026-11-27T08:00:00+00:00,0.15144973852358862,0.3125,0.3215,0.31692457,0.317,85253.96,BTC-27NOV26,0.4086,-0.94923,34.64176,0.0,0.0,0.009000000000000008,BTC,84516.26,0.0
2026-10-03T00:23:29.731568+00:00,BTC-30OCT26-85000-P,84910.3,BTC-30OCT26,put,85000.0,2026-10-30T08:00:00+00:00,0.07478991648388979,0.0355,0.0365,0.03642353,0.036,84910.3,BTC-30OCT26,0.32880000000000004,-0.48756,92.60585,762.8,256.5,0.0010000000000000009,BTC,84516.16,662436.55
2026-10-03T00:23:29.731568+00:00,BTC-26MAR27-130000-P,86687.42,BTC-26MAR27,put,130000.0,2027-03-26T08:00:00+00:00,0.4772539821923087,0.5035,0.5205,0.51164947,0.512,86687.42,BTC-26MAR27,0.41159999999999997,-0.90028,104.90072,0.5,0.0,0.017000000000000015,BTC,84516.16,0.0
2026-10-03T00:23:29.731568+00:00,BTC-27NOV26-58000-P,85253.63,BTC-27NOV26,put,58000.0,2026-11-27T08:00:00+00:00,0.15144973852358862,0.0023,0.0025,0.00239268,0.0024,85253.63,BTC-27NOV26,0.545,-0.02741,20.94462,272.5,5.6,0.0002000000000000001,BTC,84516.16,1208.96
2026-10-03T00:23:29.731568+00:00,BTC-26MAR27-80000-P,86687.42,BTC-26MAR27,put,80000.0,2027-03-26T08:00:00+00:00,0.4772539821923087,0.0655,0.067,0.0662465,0.06625,86687.42,BTC-26MAR27,0.379,-0.33112,217.21021,347.5,106.5,0.0015000000000000013,BTC,84516.16,532478.67
2026-10-03T00:23:29.731568+00:00,BTC-27NOV26-86000-P,85253.96,BTC-27NOV26,put,86000.0,2026-11-27T08:00:00+00:00,0.15144973852358862,0.059,0.06,0.05960846,0.0595,85253.96,BTC-27NOV26,0.35369999999999996,-0.49848,132.37143,95.7,2.9,0.0010000000000000009,BTC,84516.16,12358.43
2026-10-03T00:23:29.731568+00:00,BTC-6OCT26-81000-C,84587.28,BTC-6OCT26,call,81000.0,2026-10-06T08:00:00+00:00,0.009081497592719345,0.0405,0.0445,0.04299226,0.0425,84587.28,BTC-6OCT26,0.2807,0.94783,8.59851,0.0,0.0,0.003999999999999997,BTC,84516.16,0.0
2026-10-03T00:23:29.731568+00:00,BTC-30OCT26-52000-C,84910.3,BTC-30OCT26,call,52000.0,2026-10-30T08:00:00+00:00,0.07478991648388979,0.386,0.3895,0.3878726,0.38775,84910.3,BTC-30OCT26,0.711,0.99556,3.02057,0.1,0.0,0.003500000000000003,BTC,84516.16,0.0
2026-10-03T00:23:29.731568+00:00,BTC-3OCT26-92000-C,84549.97,BTC-3OCT26,call,92000.0,2026-10-03T08:00:00+00:00,0.0008679452313230411,,0.0001,0.0,,84549.97,BTC-3OCT26,0.5457,0.0,1e-05,14.0,12.6,,BTC,84516.16,133.92
2026-10-03T00:23:29.731568+00:00,BTC-4OCT26-89000-P,84562.27,BTC-4OCT26,put,89000.0,2026-10-04T08:00:00+00:00,0.0036057960184551425,0.0505,0.055,0.05256181,0.05275,84562.27,BTC-4OCT26,0.3691,-0.98939,1.42412,0.0,0.0,0.004499999999999997,BTC,84516.26,0.0
2026-10-03T00:23:29.731568+00:00,BTC-26MAR27-40000-C,86687.42,BTC-26MAR27,call,40000.0,2027-03-26T08:00:00+00:00,0.4772539821923087,0.5405,0.542,0.54123489,0.54125,86687.42,BTC-26MAR27,0.5771999999999999,0.98374,24.31198,82.1,0.0,0.0015000000000000568,BTC,84516.26,0.0
2026-10-03T00:23:29.731568+00:00,BTC-24SEP27-125000-P,89025.41,BTC-24SEP27,put,125000.0,2027-09-24T08:00:00+00:00,0.9755428254503511,0.4455,0.4665,0.45314311,0.456,89025.41,BTC-24SEP27,0.3967,-0.74883,280.12479,0.0,0.0,0.02100000000000002,BTC,84516.26,0.0
2026-10-03T00:23:29.731568+00:00,BTC-25JUN27-64000-C,87844.41,BTC-25JUN27,call,64000.0,2027-06-25T08:00:00+00:00,0.7263984038213298,0.3005,0.3035,0.3022276,0.302,87844.41,BTC-25JUN27,0.4174,0.85715,168.97421,33.5,0.0,0.0030000000000000027,BTC,84516.16,0.0
2026-10-03T00:23:29.731568+00:00,BTC-24SEP27-180000-P,89025.41,BTC-24SEP27,put,180000.0,2027-09-24T08:00:00+00:00,0.9755428254503511,1.0225,1.0565,1.03538617,1.0395,89025.41,BTC-24SEP27,0.4401,-0.9196,131.21872,0.1,0.0,0.03400000000000003,BTC,84516.26,0.0
2026-10-03T00:23:29.731568+00:00,BTC-26MAR27-85000-P,86687.42,BTC-26MAR27,put,85000.0,2027-03-26T08:00:00+00:00,0.4772539821923087,0.092,0.0935,0.09269979,0.09275,86687.42,BTC-26MAR27,0.37520000000000003,-0.41886,233.99393,32.5,0.0,0.0015000000000000013,BTC,84516.26,0.0
2026-10-03T00:23:29.731568+00:00,BTC-25JUN27-180000-P,87844.41,BTC-25JUN27,put,180000.0,2027-06-25T08:00:00+00:00,0.7263984038213298,1.0445,1.074,1.05629206,1.05925,87844.41,BTC-25JUN27,0.45880000000000004,-0.94935,78.0319,0.0,0.0,0.02950000000000008,BTC,84516.26,0.0
2026-10-03T00:23:29.731568+00:00,BTC-25JUN27-65000-P,87844.68,BTC-25JUN27,put,65000.0,2027-06-25T08:00:00+00:00,0.7263984038213298,0.032,0.034,0.03301834,0.033,87844.68,BTC-25JUN27,0.4147,-0.15186,176.04913,51.3,0.2,0.0020000000000000018,BTC,84516.26,518.53
2026-10-03T00:23:29.731568+00:00,BTC-26MAR27-55000-C,86687.42,BTC-26MAR27,call,55000.0,2027-03-26T08:00:00+00:00,0.4772539821923087,0.3715,0.3775,0.37451348,0.3745,86687.42,BTC-26MAR27,0.465,0.94248,69.02366,29.5,0.0,0.006000000000000005,BTC,84516.26,0.0
2026-10-03T00:23:29.731568+00:00,BTC-26MAR27-62000-C,86687.42,BTC-26MAR27,call,62000.0,2027-03-26T08:00:00+00:00,0.4772539821923087,0.2955,0.3045,0.30075839,0.3,86687.42,BTC-26MAR27,0.4282,0.89973,105.32427,52.3,0.0,0.009000000000000008,BTC,84516.26,0.0
2026-10-03T00:23:29.731568+00:00,BTC-30OCT26-75000-P,84910.3,BTC-30OCT26,put,75000.0,2026-10-30T08:00:00+00:00,0.07478991648388979,0.005,0.006,0.00546824,0.0055,84910.3,BTC-30OCT26,0.3784,-0.10592,42.49698,1881.5,619.3,0.001,BTC,84516.26,314548.58
2026-10-03T00:23:29.731568+00:00,BTC-25JUN27-150000-P,87844.68,BTC-25JUN27,put,150000.0,2027-06-25T08:00:00+00:00,0.7263984038213298,0.7125,0.7375,0.72191828,0.725,87844.68,BTC-25JUN27,0.4244,-0.90275,128.76696,1.1,0.0,0.025000000000000022,BTC,84516.26,0.0
2026-10-03T00:23:29.731568+00:00,BTC-4OCT26-84500-P,84561.91,BTC-4OCT26,put,84500.0,2026-10-04T08:00:00+00:00,0.0036057960184551425,0.0028,0.0032,0.00299184,0.003,84561.91,BTC-4OCT26,0.13970000000000002,-0.47235,20.1986,125.2,156.2,0.0004000000000000002,BTC,84516.26,25771.15
2026-10-03T00:23:29.731568+00:00,BTC-30OCT26-92000-C,84910.3,BTC-30OCT26,call,92000.0,2026-10-30T08:00:00+00:00,0.07478991648388979,0.01,0.0105,0.01004016,0.01025,84910.3,BTC-30OCT26,0.3353,0.20307,65.61484,2421.8,1298.6,0.0005000000000000004,BTC,84516.26,1633094.74
2026-10-03T00:23:29.731568+00:00,BTC-6OCT26-90000-P,84587.57,BTC-6OCT26,put,90000.0,2026-10-06T08:00:00+00:00,0.009081497592719345,0.062,0.067,0.06420812,0.0645,84587.57,BTC-6OCT26,0.3151,-0.98019,3.87101,0.0,0.0,0.0050000000000000044,BTC,84516.26,0.0
2026-10-03T00:23:29.731568+00:00,BTC-25JUN27-52000-C,87844.41,BTC-25JUN27,call,52000.0,2027-06-25T08:00:00+00:00,0.7263984038213298,0.4175,0.424,0.42124849,0.42075,87844.41,BTC-25JUN27,0.4664,0.93547,94.41542,1.1,0.0,0.006500000000000006,BTC,84516.26,0.0
2026-10-03T00:23:29.731568+00:00,BTC-25JUN27-125000-P,87844.41,BTC-25JUN27,put,125000.0,2027-06-25T08:00:00+00:00,0.7263984038213298,0.447,0.467,0.4544237,0.457,87844.41,BTC-25JUN27,0.40009999999999996,-0.80612,205.75222,0.0,0.0,0.020000000000000018,BTC,84516.26,0.0
2026-10-03T00:23:29.731568+00:00,BTC-4OCT26-86500-C,84562.27,BTC-4OCT26,call,86500.0,2026-10-04T08:00:00+00:00,0.0036057960184551425,0.0002,0.0004,0.0002872,0.0003,84562.27,BTC-4OCT26,0.22870000000000001,0.04895,5.14659,51.7,44.5,0.0002,BTC,84516.83,3545.41
2026-10-03T00:23:29.731568+00:00,BTC-4OCT26-85000-C,84562.27,BTC-4OCT26,call,85000.0,2026-10-04T08:00:00+00:00,0.0036057960184551425,0.0014,0.0016,0.00148009,0.0015,84562.27,BTC-4OCT26,0.1445,0.27069,16.80254,82.8,84.4,0.0002000000000000001,BTC,84516.83,22405.56
2026-10-03T00:23:29.731568+00:00,BTC-6OCT26-88000-C,84587.57,BTC-6OCT26,call,88000.0,2026-10-06T08:00:00+00:00,0.009081497592719345,0.0006,0.0008,0.00071635,0.0007,84587.57,BTC-6OCT26,0.2707,0.06314,9.99175,30.2,33.4,0.0002000000000000001,BTC,84516.26,15629.35
2026-10-03T00:23:29.731568+00:00,BTC-26MAR27-112000-C,86687.42,BTC-26MAR27,call,112000.0,2027-03-26T08:00:00+00:00,0.4772539821923087,0.0265,0.0275,0.02713097,0.027,86687.42,BTC-26MAR27,0.38630000000000003,0.20422,169.79626,99.2,0.0,0.0010000000000000009,BTC,84516.83,0.0
2026-10-03T00:23:29.731568+00:00,BTC-5OCT26-89000-P,84576.19,BTC-5OCT26,put,89000.0,2026-10-05T08:00:00+00:00,0.006343646805587244,0.0505,0.055,0.0524881,0.05275,84576.19,BTC-5OCT26,0.31129999999999997,-0.97993,3.27086,0.0,0.0,0.004499999999999997,BTC,84516.83,0.0
2026-10-03T00:23:29.731568+00:00,BTC-30OCT26-84000-P,84909.94,BTC-30OCT26,put,84000.0,2026-10-30T08:00:00+00:00,0.07478991648388979,0.03,0.031,0.03078596,0.0305,84909.94,BTC-30OCT26,0.3307,-0.43547,91.43679,778.5,72.8,0.0010000000000000009,BTC,84516.69,162758.84
2026-10-03T00:23:29.731568+00:00,BTC-26MAR27-82000-C,86687.42,BTC-26MAR27,call,82000.0,2027-03-26T08:00:00+00:00,0.4772539821923087,0.129,0.1315,0.1300976,0.13025,86687.42,BTC-26MAR27,0.3768,0.6342,225.30353,1226.4,0.0,0.0025000000000000022,BTC,84516.83,0.0
2026-10-03T00:23:29.731568+00:00,BTC-30OCT26-67000-C,84910.3,BTC-30OCT26,call,67000.0,2026-10-30T08:00:00+00:00,0.07478991648388979,0.21,0.2145,0.21266071,0.21225,84910.3,BTC-30OCT26,0.4844,0.96801,16.66431,108.4,0.0,0.004500000000000004,BTC,84516.69,0.0
2026-10-03T00:23:29.731568+00:00,BTC-30OCT26-89000-P,84910.3,BTC-30OCT26,put,89000.0,2026-10-30T08:00:00+00:00,0.07478991648388979,0.0645,0.0665,0.06573115,0.0655,84910.3,BTC-30OCT26,0.32880000000000004,-0.68444,82.5634,4.3,6.9,0.0020000000000000018,BTC,84516.69,31286.84
2026-10-03T00:23:29.731568+00:00,BTC-9OCT26-87000-P,84616.07,BTC-9OCT26,put,87000.0,2026-10-09T08:00:00+00:00,0.017295049954115647,0.0305,0.036,0.03319177,0.03325,84616.07,BTC-9OCT26,0.2838,-0.76711,34.02662,123.5,37.3,0.005499999999999998,BTC,84516.69,68240.9
2026-10-03T00:23:29.731568+00:00,BTC-9OCT26-68000-C,84616.07,BTC-9OCT26,call,68000.0,2026-10-09T08:00:00+00:00,0.017295049954115647,0.1945,0.198,0.1965105,0.19625,84616.07,BTC-9OCT26,0.6573,0.9949,1.63714,1.9,0.0,0.003500000000000003,BTC,84516.69,0.0
2026-10-03T00:23:29.731568+00:00,BTC-4OCT26-91000-P,84562.27,BTC-4OCT26,put,91000.0,2026-10-04T08:00:00+00:00,0.0036057960184551425,0.075,0.078,0.07614298,0.0765,84562.27,BTC-4OCT26,0.41369999999999996,-0.99841,0.26143,7.8,7.8,0.0030000000000000027,BTC,84516.69,30895.23
2026-10-03T00:23:29.731568+00:00,BTC-5OCT26-81500-P,84576.49,BTC-5OCT26,put,81500.0,2026-10-05T08:00:00+00:00,0.006343646805587244,0.0003,0.0005,0.0003758,0.0004,84576.49,BTC-5OCT26,0.27140000000000003,-0.04341,6.20155,24.6,8.7,0.00020000000000000004,BTC,84516.69,303.85
2026-10-03T00:23:29.731568+00:00,BTC-5OCT26-86000-P,84576.19,BTC-5OCT26,put,86000.0,2026-10-05T08:00:00+00:00,0.006343646805587244,0.016,0.0205,0.01807199,0.01825,84576.19,BTC-5OCT26,0.201,-0.85136,15.60744,1.6,1.6,0.0045000000000000005,BTC,84516.69,701.1
2026-10-03T00:23:29.731568+00:00,BTC-3OCT26-74000-C,84549.97,BTC-3OCT26,call,74000.0,2026-10-03T08:00:00+00:00,0.0008679452313230411,0.1225,0.1265,0.1247802,0.1245,84549.97,BTC-3OCT26,0.8417,1.0,0.0,0.0,0.0,0.0040000000000000036,BTC,84516.69,0.0
2026-10-03T00:23:29.731568+00:00,BTC-3OCT26-87000-P,84549.97,BTC-3OCT26,put,87000.0,2026-10-03T08:00:00+00:00,0.0008679452313230411,0.0275,0.031,0.02900299,0.02925,84549.97,BTC-3OCT26,0.39659999999999995,-0.99306,0.48064,6.3,7.3,0.0034999999999999996,BTC,84517.41,7859.05
2026-10-03T00:23:29.731568+00:00,BTC-5OCT26-83000-P,84576.49,BTC-5OCT26,put,83000.0,2026-10-05T08:00:00+00:00,0.006343646805587244,0.0009,0.0011,0.00098276,0.001,84576.49,BTC-5OCT26,0.2039,-0.12424,13.80501,194.2,190.0,0.0002000000000000001,BTC,84517.41,20761.29
2026-10-03T00:23:29.731568+00:00,BTC-25JUN27-88000-C,87844.68,BTC-25JUN27,call,88000.0,2027-06-25T08:00:00+00:00,0.7263984038213298,0.1285,0.1305,0.12950091,0.1295,87844.68,BTC-25JUN27,0.3847,0.56293,295.03852,52.4,20.0,0.0020000000000000018,BTC,84517.41,234152.86
2026-10-03T00:23:29.731568+00:00,BTC-25DEC26-74000-P,85603.32,BTC-25DEC26,put,74000.0,2026-12-25T08:00:00+00:00,0.22810956056328743,0.0205,0.0215,0.02102243,0.021,85603.32,BTC-25DEC26,0.38670000000000004,-0.18944,110.76413,187.2,6.4,0.0009999999999999974,BTC,84517.41,10155.15
2026-10-03T00:23:29.731568+00:00,BTC-25JUN27-45000-C,87844.68,BTC-25JUN27,call,45000.0,2027-06-25T08:00:00+00:00,0.7263984038213298,0.494,0.4965,0.49546857,0.49525,87844.68,BTC-25JUN27,0.5034000000000001,0.96189,62.04032,15.5,0.0,0.0025000000000000022,BTC,84517.41,0.0
2026-10-03T00:23:29.731568+00:00,BTC-27NOV26-88000-C,85253.96,BTC-27NOV26,call,88000.0,2026-11-27T08:00:00+00:00,0.15144973852358862,0.0405,0.0415,0.04104021,0.041,85253.96,BTC-27NOV26,0.3531,0.43501,130.61274,1087.7,9.2,0.0010000000000000009,BTC,84517.41,40999.9
2026-10-03T00:23:29.731568+00:00,BTC-25JUN27-54000-C,87844.68,BTC-25JUN27,call,54000.0,2027-06-25T08:00:00+00:00,0.7263984038213298,0.3965,0.4035,0.40051851,0.4,87844.68,BTC-25JUN27,0.45659999999999995,0.9257,105.25459,1.0,0.0,0.007000000000000006,BTC,84517.41,0.0
2026-10-03T00:23:29.731568+00:00,BTC-6OCT26-87500-P,84587.57,BTC-6OCT26,put,87500.0,2026-10-06T08:00:00+00:00,0.009081497592719345,0.0335,0.0385,0.03549591,0.036,84587.57,BTC-6OCT26,0.2644,-0.90974,13.11658,27.0,27.0,0.0049999999999999975,BTC,84518.15,40331.4
2026-10-03T00:23:29.731568+00:00,BTC-6OCT26-86000-P,84587.57,BTC-6OCT26,put,86000.0,2026-10-06T08:00:00+00:00,0.009081497592719345,0.0175,0.022,0.01985245,0.01975,84587.57,BTC-6OCT26,0.2396,-0.76468,24.78733,0.6,0.6,0.004499999999999997,BTC,84518.15,500.36
2026-10-03T00:23:29.731568+00:00,BTC-6OCT26-86000-C,84587.57,BTC-6OCT26,call,86000.0,2026-10-06T08:00:00+00:00,0.009081497592719345,0.0029,0.0034,0.00315353,0.00315,84587.57,BTC-6OCT26,0.2396,0.23532,24.78733,3.8,3.8,0.0005,BTC,84518.15,2067.5
2026-10-03T00:23:29.731568+00:00,BTC-3OCT26-81500-P,84549.97,BTC-3OCT26,put,81500.0,2026-10-03T08:00:00+00:00,0.0008679452313230411,,0.0001,9.13e-06,,84549.97,BTC-3OCT26,0.442,-0.00239,0.185,60.2,22.1,,BTC,84518.15,429.55
2026-10-03T00:23:29.731568+00:00,BTC-3OCT26-94000-P,84549.97,BTC-3OCT26,put,94000.0,2026-10-03T08:00:00+00:00,0.0008679452313230411,0.1095,0.114,0.11176569,0.11175,84549.97,BTC-3OCT26,0.662,-1.0,0.0,0.0,0.0,0.004500000000000004,BTC,84518.15,0.0
2026-10-03T00:23:29.731568+00:00,BTC-25DEC26-84000-C,85603.12,BTC-25DEC26,call,84000.0,2026-12-25T08:00:00+00:00,0.22810956056328743,0.078,0.0795,0.07859318,0.07875,85603.12,BTC-25DEC26,0.365,0.57719,160.07204,1249.4,0.0,0.0015000000000000013,BTC,84518.2,0.0
2026-10-03T00:23:29.731568+00:00,BTC-30OCT26-65000-C,84910.3,BTC-30OCT26,call,65000.0,2026-10-30T08:00:00+00:00,0.07478991648388979,0.2335,0.2375,0.23584066,0.2355,84910.3,BTC-30OCT26,0.514,0.97544,13.37354,427.4,3.0,0.003999999999999976,BTC,84518.2,63036.29
2026-10-03T00:23:29.731568+00:00,BTC-16OCT26-87000-C,84723.27,BTC-16OCT26,call,87000.0,2026-10-16T08:00:00+00:00,0.03646000546404036,0.012,0.013,0.01257125,0.0125,84723.27,BTC-16OCT26,0.30579999999999996,0.33434,58.89723,371.8,32.2,0.0009999999999999992,BTC,84518.2,67900.55
2026-10-03T00:23:29.731568+00:00,BTC-23OCT26-70000-C,84817.45,BTC-23OCT26,call,70000.0,2026-10-23T08:00:00+00:00,0.05562496097396506,0.1735,0.178,0.17612454,0.17575,84817.45,BTC-23OCT26,0.4547,0.96717,14.66662,0.0,0.0,0.004500000000000004,BTC,84518.2,0.0
2026-10-03T00:23:29.731568+00:00,BTC-9OCT26-76000-C,84616.07,BTC-9OCT26,call,76000.0,2026-10-09T08:00:00+00:00,0.017295049954115647,0.1005,0.104,0.10240103,0.10225,84616.07,BTC-9OCT26,0.4278,0.97327,6.87866,50.2,0.0,0.0034999999999999892,BTC,84518.2,0.0
2026-10-03T00:23:29.731568+00:00,BTC-25DEC26-76000-C,85603.12,BTC-25DEC26,call,76000.0,2026-12-25T08:00:00+00:00,0.22810956056328743,0.134,0.141,0.13862037,0.1375,85603.12,BTC-25DEC26,0.3811,0.77144,123.73193,480.4,0.0,0.0069999999999999785,BTC,84518.2,0.0
2026-10-03T00:23:29.731568+00:00,BTC-5OCT26-76000-P,84576.49,BTC-5OCT26,put,76000.0,2026-10-05T08:00:00+00:00,0.006343646805587244,,0.0001,4.975e-05,,84576.49,BTC-5OCT26,0.5085999999999999,-0.00396,0.79104,3.2,0.0,,BTC,84518.2,0.0
2026-10-03T00:23:29.731568+00:00,BTC-27NOV26-73000-P,85253.63,BTC-27NOV26,put,73000.0,2026-11-27T08:00:00+00:00,0.15144973852358862,0.011,0.0115,0.01128868,0.01125,85253.63,BTC-27NOV26,0.391,-0.13687,72.72439,63.3,0.2,0.0005000000000000004,BTC,84518.2,172.29
2026-10-03T00:23:29.731568+00:00,BTC-5OCT26-88000-P,84576.19,BTC-5OCT26,put,88000.0,2026-10-05T08:00:00+00:00,0.006343646805587244,0.0385,0.043,0.04076022,0.04075,84576.19,BTC-5OCT26,0.2703,-0.96689,4.9718,0.0,0.0,0.004499999999999997,BTC,84518.2,0.0
2026-10-03T00:23:29.731568+00:00,BTC-25JUN27-86000-P,87844.41,BTC-25JUN27,put,86000.0,2027-06-25T08:00:00+00:00,0.7263984038213298,0.1175,0.12,0.11892614,0.11875,87844.41,BTC-25JUN27,0.38549999999999995,-0.40953,291.05373,2.1,1.3,0.0025000000000000022,BTC,84518.2,12483.72
2026-10-03T00:23:29.731568+00:00,BTC-23OCT26-76000-C,84817.45,BTC-23OCT26,call,76000.0,2026-10-23T08:00:00+00:00,0.05562496097396506,0.105,0.11,0.10789049,0.1075,84817.45,BTC-23OCT26,0.3655,0.90551,33.68183,0.0,0.0,0.0050000000000000044,BTC,84518.2,0.0
2026-10-03T00:23:29.731568+00:00,BTC-25JUN27-92000-P,87844.41,BTC-25JUN27,put,92000.0,2027-06-25T08:00:00+00:00,0.7263984038213298,0.1555,0.1595,0.15798984,0.1575,87844.41,BTC-25JUN27,0.38380000000000003,-0.49114,298.69522,0.3,0.0,0.0040000000000000036,BTC,84518.2,0.0
2026-10-03T00:23:29.731568+00:00,BTC-25DEC26-104000-C,85603.12,BTC-25DEC26,call,104000.0,2026-12-25T08:00:00+00:00,0.22810956056328743,0.0135,0.0145,0.01402826,0.014,85603.12,BTC-25DEC26,0.3763,0.16011,99.53801,173.1,4.1,0.0010000000000000009,BTC,84518.2,5585.7
2026-10-03T00:23:29.731568+00:00,BTC-23OCT26-105000-P,84817.45,BTC-23OCT26,put,105000.0,2026-10-23T08:00:00+00:00,0.05562496097396506,0.236,0.242,0.23859333,0.239,84817.45,BTC-23OCT26,0.4228,-0.9818,8.94163,0.0,0.0,0.006000000000000005,BTC,84518.2,0.0
2026-10-03T00:23:29.731568+00:00,BTC-27NOV26-70000-P,85253.96,BTC-27NOV26,put,70000.0,2026-11-27T08:00:00+00:00,0.15144973852358862,0.007,0.008,0.00754127,0.0075,85253.96,BTC-27NOV26,0.4102,-0.09445,55.84469,231.7,4.8,0.001,BTC,84518.2,3073.62
2026-10-03T00:23:29.731568+00:00,BTC-27NOV26-76000-C,85253.96,BTC-27NOV26,call,76000.0,2026-11-27T08:00:00+00:00,0.15144973852358862,0.1225,0.128,0.12526723,0.12525,85253.96,BTC-27NOV26,0.37310000000000004,0.8057,91.28364,27.5,0.0,0.005500000000000005,BTC,84518.2,0.0
2026-10-03T00:23:29.731568+00:00,BTC-3OCT26-83000-C,84549.97,BTC-3OCT26,call,83000.0,2026-10-03T08:00:00+00:00,0.0008679452313230411,0.016,0.02,0.01836186,0.018,84549.97,BTC-3OCT26,0.2705,0.98956,0.68779,0.5,0.0,0.004,BTC,84518.2,0.0
2026-10-03T00:23:29.731568+00:00,BTC-24SEP27-220000-C,89025.06,BTC-24SEP27,call,220000.0,2027-09-24T08:00:00+00:00,0.9755428254503511,0.0065,0.008,0.00723751,0.00725,89025.06,BTC-24SEP27,0.473,0.04429,82.28709,18.8,1.7,0.0015000000000000005,BTC,84518.2,1236.37
2026-10-03T00:23:29.731568+00:00,BTC-25DEC26-88000-C,85603.12,BTC-25DEC26,call,88000.0,2026-12-25T08:00:00+00:00,0.22810956056328743,0.056,0.0575,0.05677156,0.05675,85603.12,BTC-25DEC26,0.36200000000000004,0.47048,162.68836,4021.7,95.9,0.0015000000000000013,BTC,84518.2,559876.8
2026-10-03T00:23:29.731568+00:00,BTC-30OCT26-72000-C,84910.3,BTC-30OCT26,call,72000.0,2026-10-30T08:00:00+00:00,0.07478991648388979,0.153,0.1575,0.15543983,0.15525,84910.3,BTC-30OCT26,0.4147,0.93434,29.67944,817.7,150.0,0.004500000000000004,BTC,84518.2,2024596.7
2026-10-03T00:23:29.731568+00:00,BTC-25JUN27-56000-P,87844.41,BTC-25JUN27,put,56000.0,2027-06-25T08:00:00+00:00,0.7263984038213298,0.0165,0.018,0.01729232,0.01725,87844.41,BTC-25JUN27,0.44530000000000003,-0.08444,115.95687,85.5,0.0,0.0014999999999999979,BTC,84518.2,0.0
2026-10-03T00:23:29.731568+00:00,BTC-26MAR27-105000-P,86687.42,BTC-26MAR27,put,105000.0,2027-03-26T08:00:00+00:00,0.4772539821923087,0.244,0.2565,0.2501244,0.25025,86687.42,BTC-26MAR27,0.37920000000000004,-0.72604,199.49064,2.4,0.0,0.012500000000000011,BTC,84518.2,0.0
2026-10-03T00:23:29.731568+00:00,BTC-3OCT26-93000-C,84549.97,BTC-3OCT26,call,93000.0,2026-10-03T08:00:00+00:00,0.0008679452313230411,,0.0001,0.0,,84549.97,BTC-3OCT26,0.6253,0.0,1e-05,18.8,12.6,,BTC,84518.2,108.61
2026-10-03T00:23:29.731568+00:00,BTC-23OCT26-90000-P,84817.45,BTC-23OCT26,put,90000.0,2026-10-23T08:00:00+00:00,0.05562496097396506,0.068,0.074,0.07087349,0.071,84817.45,BTC-23OCT26,0.3226,-0.77125,60.56356,0.0,0.0,0.0059999999999999915,BTC,84518.2,0.0
2026-10-03T00:23:29.731568+00:00,BTC-30OCT26-63000-C,84909.94,BTC-30OCT26,call,63000.0,2026-10-30T08:00:00+00:00,0.07478991648388979,0.257,0.2605,0.25912711,0.25875,84909.94,BTC-30OCT26,0.5454,0.98093,10.80052,148.3,0.0,0.003500000000000003,BTC,84518.2,0.0
2026-10-03T00:23:29.731568+00:00,BTC-5OCT26-80000-P,84576.19,BTC-5OCT26,put,80000.0,2026-10-05T08:00:00+00:00,0.006343646805587244,0.0002,0.0003,0.00023712,0.00025,84576.19,BTC-5OCT26,0.3508,-0.023,3.67046,30.0,59.6,9.999999999999996e-05,BTC,84518.2,2180.81
2026-10-03T00:23:29.731568+00:00,BTC-30OCT26-73000-P,84910.3,BTC-30OCT26,put,73000.0,2026-10-30T08:00:00+00:00,0.07478991648388979,0.0038,0.0041,0.00395928,0.00395,84910.3,BTC-30OCT26,0.4022,-0.07673,33.45253,1563.4,9.0,0.00030000000000000035,BTC,84518.2,3116.42
2026-10-03T00:23:29.731568+00:00,BTC-30OCT26-93000-P,84910.3,BTC-30OCT26,put,93000.0,2026-10-30T08:00:00+00:00,0.07478991648388979,0.1005,0.107,0.1035562,0.10375,84910.3,BTC-30OCT26,0.33770000000000006,-0.82662,59.5136,2.0,0.0,0.006499999999999992,BTC,84518.2,0.0
2026-10-03T00:23:29.731568+00:00,BTC-30OCT26-56000-P,84910.3,BTC-30OCT26,put,56000.0,2026-10-30T08:00:00+00:00,0.07478991648388979,0.0004,0.0006,0.00048602,0.0005,84910.3,BTC-30OCT26,0.6531999999999999,-0.00783,4.99597,470.0,0.0,0.00019999999999999993,BTC,84518.2,0.0
2026-10-03T00:23:29.731568+00:00,BTC-24SEP27-130000-P,89025.41,BTC-24SEP27,put,130000.0,2027-09-24T08:00:00+00:00,0.9755428254503511,0.495,0.5165,0.50282188,0.50575,89025.41,BTC-24SEP27,0.40009999999999996,-0.77669,262.60828,4.0,0.0,0.021499999999999964,BTC,84518.2,0.0
2026-10-03T00:23:29.731568+00:00,BTC-4OCT26-89000-C,84561.91,BTC-4OCT26,call,89000.0,2026-10-04T08:00:00+00:00,0.0036057960184551425,,0.0001,8.172e-05,,84561.91,BTC-4OCT26,0.3691,0.01065,1.42947,65.8,38.6,,BTC,84518.2,2108.47
2026-10-03T00:23:29.731568+00:00,BTC-30OCT26-115000-C,84910.3,BTC-30OCT26,call,115000.0,2026-10-30T08:00:00+00:00,0.07478991648388979,0.0005,0.0007,0.00059621,0.0006,84910.3,BTC-30OCT26,0.48590000000000005,0.01332,7.93742,218.4,117.8,0.00019999999999999998,BTC,84517.55,6459.16
2026-10-03T00:23:29.731568+00:00,BTC-5OCT26-92000-C,84576.19,BTC-5OCT26,call,92000.0,2026-10-05T08:00:00+00:00,0.006343646805587244,,0.0002,2.12e-05,,84576.19,BTC-5OCT26,0.3729,0.00237,0.49832,1.4,1.3,,BTC,84518.2,26.67
2026-10-03T00:23:29.731568+00:00,BTC-27NOV26-69000-C,85253.96,BTC-27NOV26,call,69000.0,2026-11-27T08:00:00+00:00,0.15144973852358862,0.1945,0.1995,0.19745762,0.197,85253.96,BTC-27NOV26,0.4205,0.9152,51.5409,0.0,0.0,0.0050000000000000044,BTC,84518.2,0.0
2026-10-03T00:23:29.731568+00:00,BTC-25DEC26-85000-C,85603.32,BTC-25DEC26,call,85000.0,2026-12-25T08:00:00+00:00,0.22810956056328743,0.072,0.0735,0.07261165,0.07275,85603.32,BTC-25DEC26,0.3639,0.55042,161.83111,3146.8,57.2,0.0015000000000000013,BTC,84518.2,402919.07
2026-10-03T00:23:29.731568+00:00,BTC-25DEC26-98000-P,85603.12,BTC-25DEC26,put,98000.0,2026-12-25T08:00:00+00:00,0.22810956056328743,0.165,0.174,0.16836182,0.1695,85603.12,BTC-25DEC26,0.36619999999999997,-0.75381,128.88364,3.3,0.2,0.00899999999999998,BTC,84517.55,2580.05
2026-10-03T00:23:29.731568+00:00,BTC-5OCT26-85500-C,84576.49,BTC-5OCT26,call,85500.0,2026-10-05T08:00:00+00:00,0.006343646805587244,0.0019,0.0023,0.002081,0.0021,84576.49,BTC-5OCT26,0.1888,0.23375,20.63544,97.9,100.1,0.00039999999999999996,BTC,84517.55,34875.57
2026-10-03T00:23:29.731568+00:00,BTC-3OCT26-80500-C,84549.97,BTC-3OCT26,call,80500.0,2026-10-03T08:00:00+00:00,0.0008679452313230411,0.0455,0.05,0.04790784,0.04775,84549.97,BTC-3OCT26,0.5461,0.99888,0.09301,0.0,0.0,0.004500000000000004,BTC,84517.55,0.0
2026-10-03T00:23:29.731568+00:00,BTC-16OCT26-100000-C,84723.27,BTC-16OCT26,call,100000.0,2026-10-16T08:00:00+00:00,0.03646000546404036,0.0003,0.0005,0.00039396,0.0004,84723.27,BTC-16OCT26,0.3937,0.01502,6.13383,335.5,323.3,0.00020000000000000004,BTC,84517.55,30531.22
2026-10-03T00:23:29.731568+00:00,BTC-25DEC26-78000-C,85603.12,BTC-25DEC26,call,78000.0,2026-12-25T08:00:00+00:00,0.22810956056328743,0.1205,0.1225,0.1216768,0.1215,85603.12,BTC-25DEC26,0.37560000000000004,0.72809,135.68241,1087.4,0.1,0.0020000000000000018,BTC,84517.55,1185.78
2026-10-03T00:23:29.731568+00:00,BTC-16OCT26-90000-C,84723.62,BTC-16OCT26,call,90000.0,2026-10-16T08:00:00+00:00,0.03646000546404036,0.005,0.0055,0.00527326,0.00525,84723.62,BTC-16OCT26,0.3181,0.16674,40.43512,608.5,311.7,0.0004999999999999996,BTC,84517.55,300972.42
2026-10-03T00:23:29.731568+00:00,BTC-27NOV26-115000-C,85253.96,BTC-27NOV26,call,115000.0,2026-11-27T08:00:00+00:00,0.15144973852358862,0.0023,0.0028,0.00253516,0.00255,85253.96,BTC-27NOV26,0.42090000000000005,0.04046,28.86146,45.0,0.4,0.0005,BTC,84517.55,110.49
2026-10-03T00:23:29.731568+00:00,BTC-9OCT26-77000-P,84615.72,BTC-9OCT26,put,77000.0,2026-10-09T08:00:00+00:00,0.017295049954115647,0.0006,0.0008,0.00068052,0.0007,84615.72,BTC-9OCT26,0.39490000000000003,-0.03311,8.21599,228.3,40.5,0.0002000000000000001,BTC,84517.55,2624.59
2026-10-03T00:23:29.731568+00:00,BTC-26MAR27-75000-P,86687.42,BTC-26MAR27,put,75000.0,2027-03-26T08:00:00+00:00,0.4772539821923087,0.0455,0.0465,0.04587698,0.046,86687.42,BTC-26MAR27,0.387,-0.24994,190.31574,21.1,6.3,0.0010000000000000009,BTC,84517.55,22289.43
2026-10-03T00:23:29.731568+00:00,BTC-6OCT26-94000-P,84587.28,BTC-6OCT26,put,94000.0,2026-10-06T08:00:00+00:00,0.009081497592719345,0.109,0.114,0.11130993,0.1115,84587.28,BTC-6OCT26,0.40020000000000006,-0.99704,0.72914,0.0,0.0,0.0050000000000000044,BTC,84517.55,0.0
2026-10-03T00:23:29.731568+00:00,BTC-6OCT26-97000-C,84587.57,BTC-6OCT26,call,97000.0,2026-10-06T08:00:00+00:00,0.009081497592719345,,0.0002,1.289e-05,,84587.57,BTC-6OCT26,0.46409999999999996,0.00104,0.28202,0.0,0.0,,BTC,84517.55,0.0
2026-10-03T00:23:29.731568+00:00,BTC-3OCT26-79000-P,84549.97,BTC-3OCT26,put,79000.0,2026-10-03T08:00:00+00:00,0.0008679452313230411,,0.0001,2.72e-06,,84549.97,BTC-3OCT26,0.7016,-0.00049,0.04356,20.8,0.7,,BTC,84517.55,6.88
2026-10-03T00:23:29.731568+00:00,BTC-5OCT26-80000-C,84576.19,BTC-5OCT26,call,80000.0,2026-10-05T08:00:00+00:00,0.006343646805587244,0.0525,0.0565,0.05434779,0.0545,84576.19,BTC-5OCT26,0.3508,0.97698,3.67232,0.0,0.0,0.0040000000000000036,BTC,84517.55,0.0
2026-10-03T00:23:29.731568+00:00,ETH-23OCT26-2550-P,2676.16,ETH-23OCT26,put,2550.0,2026-10-23T08:00:00+00:00,0.05562496097396506,0.021,0.022,0.021536,0.0215,2676.16,ETH-23OCT26,0.4448,-0.30408,2.20856,14.0,12.0,0.0009999999999999974,ETH,2670.37,610.56
2026-10-03T00:23:29.731568+00:00,ETH-9OCT26-2650-P,2672.41,ETH-9OCT26,put,2650.0,2026-10-09T08:00:00+00:00,0.017295049954115647,0.015,0.0155,0.015226,0.01525,2672.41,ETH-9OCT26,0.36619999999999997,-0.4211,1.37487,1740.0,934.0,0.0005000000000000004,ETH,2670.37,28590.59
2026-10-03T00:23:29.731568+00:00,ETH-26MAR27-1000-P,2727.36,ETH-26MAR27,put,1000.0,2027-03-26T08:00:00+00:00,0.4772539821923087,0.0031,0.0038,0.003426,0.00345,2727.36,ETH-26MAR27,0.7636,-0.01518,0.72132,6813.0,0.0,0.0007000000000000001,ETH,2670.37,0.0
2026-10-03T00:23:29.731568+00:00,ETH-25JUN27-3500-P,2759.44,ETH-25JUN27,put,3500.0,2027-06-25T08:00:00+00:00,0.7263984038213298,0.36,0.383,0.368208,0.3715,2759.44,ETH-25JUN27,0.5438000000000001,-0.61062,9.02266,678.0,0.0,0.02300000000000002,ETH,2670.38,0.0
2026-10-03T00:23:29.731568+00:00,ETH-30OCT26-1750-C,2678.04,ETH-30OCT26,call,1750.0,2026-10-30T08:00:00+00:00,0.07478991648388979,0.3455,0.3485,0.347574,0.347,2678.04,ETH-30OCT26,0.7387,0.98632,0.25627,102.0,0.0,0.0030000000000000027,ETH,2670.38,0.0
2026-10-03T00:23:29.731568+00:00,ETH-6OCT26-2900-C,2671.71,ETH-6OCT26,call,2900.0,2026-10-06T08:00:00+00:00,0.009081497592719345,0.0004,0.0006,0.000507,0.0005,2671.71,ETH-6OCT26,0.4543,0.03059,0.17605,95.0,95.0,0.00019999999999999993,ETH,2670.38,756.31
2026-10-03T00:23:29.731568+00:00,ETH-5OCT26-2450-P,2671.39,ETH-5OCT26,put,2450.0,2026-10-05T08:00:00+00:00,0.006343646805587244,0.0003,0.0005,0.000378,0.0004,2671.39,ETH-5OCT26,0.5493,-0.02279,0.11506,16.0,16.0,0.00020000000000000004,ETH,2670.38,16.25
2026-10-03T00:23:29.731568+00:00,ETH-4OCT26-2450-C,2670.95,ETH-4OCT26,call,2450.0,2026-10-04T08:00:00+00:00,0.0036057960184551425,0.08,0.0855,0.082953,0.08275,2670.95,ETH-4OCT26,0.6773,0.98399,0.0642,0.0,0.0,0.005500000000000005,ETH,2670.38,0.0
2026-10-03T00:23:29.731568+00:00,ETH-24SEP27-3900-P,2791.13,ETH-24SEP27,put,3900.0,2027-09-24T08:00:00+00:00,0.9755428254503511,0.49,0.518,0.501102,0.504,2791.13,ETH-24SEP27,0.5507,-0.63409,10.3743,0.0,0.0,0.028000000000000025,ETH,2670.38,0.0
2026-10-03T00:23:29.731568+00:00,ETH-25JUN27-3400-C,2759.44,ETH-25JUN27,call,3400.0,2027-06-25T08:00:00+00:00,0.7263984038213298,0.1065,0.109,0.107939,0.10775,2759.44,ETH-25JUN27,0.5422,0.41276,9.16045,646.0,0.0,0.0025000000000000022,ETH,2670.35,0.0
2026-10-03T00:23:29.731568+00:00,ETH-5OCT26-2820-C,2671.39,ETH-5OCT26,call,2820.0,2026-10-05T08:00:00+00:00,0.006343646805587244,0.0002,0.0004,0.00029,0.0003,2671.39,ETH-5OCT26,0.3513,0.02737,0.13415,471.0,506.0,0.0002,ETH,2670.35,4912.91
2026-10-03T00:23:29.731568+00:00,ETH-3OCT26-2400-P,2670.37,ETH-3OCT26,put,2400.0,2026-10-03T08:00:00+00:00,0.0008679452313230411,,0.0001,5e-06,,2670.37,ETH-3OCT26,1.1153,-0.00053,0.00148,1146.0,378.0,,ETH,2670.35,101.63
2026-10-03T00:23:29.731568+00:00,ETH-26MAR27-2800-P,2727.35,ETH-26MAR27,put,2800.0,2027-03-26T08:00:00+00:00,0.4772539821923087,0.16,0.1615,0.160362,0.16075,2727.35,ETH-26MAR27,0.5279,-0.45606,7.47366,400.0,0.0,0.0015000000000000013,ETH,2670.35,0.0
2026-10-03T00:23:29.731568+00:00,ETH-25DEC26-2400-C,2697.33,ETH-25DEC26,call,2400.0,2026-12-25T08:00:00+00:00,0.22810956056328743,0.157,0.159,0.158013,0.158,2697.33,ETH-25DEC26,0.5164,0.72465,4.30267,12780.0,0.0,0.0020000000000000018,ETH,2670.35,0.0
2026-10-03T00:23:29.731568+00:00,ETH-4OCT26-2600-C,2670.95,ETH-4OCT26,call,2600.0,2026-10-04T08:00:00+00:00,0.0036057960184551425,0.0235,0.0305,0.027291,0.027,2670.95,ETH-4OCT26,0.3246,0.91809,0.24266,1.0,1.0,0.006999999999999999,ETH,2670.35,140.14
2026-10-03T00:23:29.731568+00:00,ETH-3OCT26-2620-P,2670.37,ETH-3OCT26,put,2620.0,2026-10-03T08:00:00+00:00,0.0008679452313230411,0.0002,0.0004,0.000251,0.0003,2670.37,ETH-3OCT26,0.3975,-0.05101,0.08224,2603.0,1039.0,0.0002,ETH,2670.36,2086.73
2026-10-03T00:23:29.731568+00:00,ETH-27NOV26-2300-C,2687.35,ETH-27NOV26,call,2300.0,2026-11-27T08:00:00+00:00,0.15144973852358862,0.1655,0.1685,0.167647,0.167,2687.35,ETH-27NOV26,0.5182,0.8085,2.85267,51.0,0.0,0.0030000000000000027,ETH,2670.36,0.0
2026-10-03T00:23:29.731568+00:00,ETH-26MAR27-2900-C,2727.35,ETH-26MAR27,call,2900.0,2027-03-26T08:00:00+00:00,0.4772539821923087,0.119,0.1205,0.11974,0.11975,2727.35,ETH-26MAR27,0.5279,0.50565,7.51851,2731.0,184.0,0.0015000000000000013,ETH,2670.36,61087.39
2026-10-03T00:23:29.731568+00:00,ETH-25JUN27-2200-P,2759.44,ETH-25JUN27,put,2200.0,2027-06-25T08:00:00+00:00,0.7263984038213298,0.083,0.085,0.083943,0.084,2759.44,ETH-25JUN27,0.5504,-0.23654,7.25586,378.0,0.0,0.0020000000000000018,ETH,2670.36,0.0
2026-10-03T00:23:29.731568+00:00,ETH-4OCT26-2880-C,2670.96,ETH-4OCT26,call,2880.0,2026-10-04T08:00:00+00:00,0.0036057960184551425,,0.0001,8e-06,,2670.96,ETH-4OCT26,0.4113,0.00118,0.0063,33.0,25.0,,ETH,2670.36,57.33
2026-10-03T00:23:29.731568+00:00,ETH-23OCT26-2700-C,2676.16,ETH-23OCT26,call,2700.0,2026-10-23T08:00:00+00:00,0.05562496097396506,0.036,0.037,0.036706,0.0365,2676.16,ETH-23OCT26,0.434,0.48587,2.51718,80.0,84.0,0.0010000000000000009,ETH,2670.36,8034.29
2026-10-03T00:23:29.731568+00:00,ETH-5OCT26-2880-P,2671.39,ETH-5OCT26,put,2880.0,2026-10-05T08:00:00+00:00,0.006343646805587244,0.075,0.0815,0.078281,0.07825,2671.39,ETH-5OCT26,0.4335,-0.98463,0.08226,0.0,0.0,0.006500000000000006,ETH,2670.27,0.0
2026-10-03T00:23:29.731568+00:00,ETH-25DEC26-8000-P,2697.33,ETH-25DEC26,put,8000.0,2026-12-25T08:00:00+00:00,0.22810956056328743,1.954,1.9815,1.96621,1.96775,2697.33,ETH-25DEC26,0.7648999999999999,-0.99739,0.10416,73.0,0.0,0.02750000000000008,ETH,2670.27,0.0
2026-10-03T00:23:29.731568+00:00,ETH-30OCT26-2500-C,2678.04,ETH-30OCT26,call,2500.0,2026-10-30T08:00:00+00:00,0.07478991648388979,0.088,0.09,0.089422,0.089,2678.04,ETH-30OCT26,0.4668,0.72657,2.43758,6334.0,30.0,0.0020000000000000018,ETH,2670.27,9463.21
2026-10-03T00:23:29.731568+00:00,ETH-24SEP27-3600-P,2791.13,ETH-24SEP27,put,3600.0,2027-09-24T08:00:00+00:00,0.9755428254503511,0.4045,0.431,0.414838,0.41775,2791.13,ETH-24SEP27,0.5478000000000001,-0.57911,10.78425,0.0,0.0,0.026499999999999968,ETH,2670.27,0.0
2026-10-03T00:23:29.731568+00:00,ETH-27NOV26-3500-P,2687.35,ETH-27NOV26,put,3500.0,2026-11-27T08:00:00+00:00,0.15144973852358862,0.309,0.321,0.313481,0.315,2687.35,ETH-27NOV26,0.5293,-0.88086,2.08216,6.0,0.0,0.01200000000000001,ETH,2670.27,0.0
2026-10-03T00:23:29.731568+00:00,ETH-27NOV26-2400-C,2687.35,ETH-27NOV26,call,2400.0,2026-11-27T08:00:00+00:00,0.15144973852358862,0.1375,0.1405,0.139646,0.139,2687.35,ETH-27NOV26,0.5065,0.74918,3.33012,415.0,0.0,0.0030000000000000027,ETH,2670.22,0.0
2026-10-03T00:23:29.731568+00:00,ETH-3OCT26-2550-C,2670.36,ETH-3OCT26,call,2550.0,2026-10-03T08:00:00+00:00,0.0008679452313230411,0.042,0.048,0.045116,0.045,2670.36,ETH-3OCT26,0.6581,0.99163,0.0179,0.0,0.0,0.005999999999999998,ETH,2670.22,0.0
2026-10-03T00:23:29.731568+00:00,ETH-23OCT26-3000-C,2676.14,ETH-23OCT26,call,3000.0,2026-10-23T08:00:00+00:00,0.05562496097396506,0.008,0.009,0.008595,0.0085,2676.14,ETH-23OCT26,0.4592,0.15858,1.52726,569.0,584.0,0.0009999999999999992,ETH,2670.27,23326.23
2026-10-03T00:23:29.731568+00:00,ETH-26MAR27-3300-P,2727.36,ETH-26MAR27,put,3300.0,2027-03-26T08:00:00+00:00,0.4772539821923087,0.2785,0.2965,0.287166,0.2875,2727.36,ETH-26MAR27,0.5325,-0.63081,7.11097,139.0,0.0,0.01799999999999996,ETH,2670.22,0.0
2026-10-03T00:23:29.731568+00:00,ETH-5OCT26-2920-C,2671.39,ETH-5OCT26,call,2920.0,2026-10-05T08:00:00+00:00,0.006343646805587244,0.0001,0.0003,0.000169,0.0002,2671.39,ETH-5OCT26,0.49439999999999995,0.0125,0.06882,33.0,66.0,0.00019999999999999998,ETH,2670.23,100.27
2026-10-03T00:23:29.731568+00:00,ETH-4OCT26-3100-P,2670.96,ETH-4OCT26,put,3100.0,2026-10-04T08:00:00+00:00,0.0036057960184551425,0.157,0.164,0.16065,0.1605,2670.96,ETH-4OCT26,0.7434000000000001,-0.99954,0.00261,0.0,0.0,0.007000000000000006,ETH,2670.22,0.0
2026-10-03T00:23:29.731568+00:00,ETH-25DEC26-1400-C,2697.33,ETH-25DEC26,call,1400.0,2026-12-25T08:00:00+00:00,0.22810956056328743,0.482,0.485,0.483831,0.4835,2697.33,ETH-25DEC26,0.7293000000000001,0.98012,0.62072,1387.0,0.0,0.0030000000000000027,ETH,2670.22,0.0
2026-10-03T00:23:29.731568+00:00,ETH-26MAR27-2600-P,2727.36,ETH-26MAR27,put,2600.0,2027-03-26T08:00:00+00:00,0.4772539821923087,0.1195,0.1205,0.119873,0.12,2727.36,ETH-26MAR27,0.5304,-0.37691,7.15807,1084.0,0.0,0.0010000000000000009,ETH,2670.23,0.0
2026-10-03T00:23:29.731568+00:00,ETH-5OCT26-2680-C,2671.39,ETH-5OCT26,call,2680.0,2026-10-05T08:00:00+00:00,0.006343646805587244,0.005,0.0055,0.005196,0.00525,2671.39,ETH-5OCT26,0.2101,0.42571,0.83399,60.0,122.0,0.0004999999999999996,ETH,2670.23,3407.12
2026-10-03T00:23:29.731568+00:00,ETH-6OCT26-2720-P,2671.67,ETH-6OCT26,put,2720.0,2026-10-06T08:00:00+00:00,0.009081497592719345,0.0215,0.0255,0.022483,0.0235,2671.67,ETH-6OCT26,0.292,-0.73616,0.83212,81.0,81.0,0.004,ETH,2670.23,3585.06
2026-10-03T00:23:29.731568+00:00,ETH-26MAR27-2800-C,2727.36,ETH-26MAR27,call,2800.0,2027-03-26T08:00:00+00:00,0.4772539821923087,0.133,0.1345,0.133709,0.13375,2727.36,ETH-26MAR27,0.5279,0.54388,7.47333,7361.0,0.0,0.0015000000000000013,ETH,2670.23,0.0
2026-10-03T00:23:29.731568+00:00,ETH-23OCT26-3100-C,2676.16,ETH-23OCT26,call,3100.0,2026-10-23T08:00:00+00:00,0.05562496097396506,0.005,0.0055,0.005312,0.00525,2676.16,ETH-23OCT26,0.4742,0.10408,1.14069,89.0,99.0,0.0004999999999999996,ETH,2670.23,2606.25
2026-10-03T00:23:29.731568+00:00,ETH-4OCT26-2620-P,2670.95,ETH-4OCT26,put,2620.0,2026-10-04T08:00:00+00:00,0.0036057960184551425,0.0009,0.0012,0.000962,0.00105,2670.95,ETH-4OCT26,0.2733,-0.11913,0.31907,1358.0,811.0,0.0002999999999999999,ETH,2670.23,2939.31
2026-10-03T00:23:29.731568+00:00,ETH-5OCT26-2800-C,2671.39,ETH-5OCT26,call,2800.0,2026-10-05T08:00:00+00:00,0.006343646805587244,0.0003,0.0005,0.000367,0.0004,2671.39,ETH-5OCT26,0.3256,0.03576,0.16733,1380.0,1461.0,0.00020000000000000004,ETH,2670.23,4078.12
2026-10-03T00:23:29.731568+00:00,ETH-4OCT26-2640-C,2670.96,ETH-4OCT26,call,2640.0,2026-10-04T08:00:00+00:00,0.0036057960184551425,0.01,0.014,0.013108,0.012,2670.96,ETH-4OCT26,0.23010000000000003,0.80169,0.44657,35.0,53.0,0.004,ETH,2670.23,5301.39
2026-10-03T00:23:29.731568+00:00,ETH-24SEP27-1500-P,2791.12,ETH-24SEP27,put,1500.0,2027-09-24T08:00:00+00:00,0.9755428254503511,0.0315,0.034,0.032648,0.03275,2791.12,ETH-24SEP27,0.6032,-0.09016,4.48384,858.0,4.0,0.0025000000000000022,ETH,2670.23,343.23
2026-10-03T00:23:29.731568+00:00,ETH-16OCT26-2700-P,2674.29,ETH-16OCT26,put,2700.0,2026-10-16T08:00:00+00:00,0.03646000546404036,0.0365,0.038,0.036854,0.03725,2674.29,ETH-16OCT26,0.4156,-0.53249,2.03087,1469.0,228.0,0.0015000000000000013,ETH,2670.23,21994.9
2026-10-03T00:23:29.731568+00:00,ETH-23OCT26-2400-C,2676.16,ETH-23OCT26,call,2400.0,2026-10-23T08:00:00+00:00,0.05562496097396506,0.11,0.1135,0.112548,0.11175,2676.16,ETH-23OCT26,0.47600000000000003,0.84747,1.48849,0.0,0.0,0.003500000000000003,ETH,2670.23,0.0
2026-10-03T00:23:29.731568+00:00,ETH-27NOV26-2000-C,2687.35,ETH-27NOV26,call,2000.0,2026-11-27T08:00:00+00:00,0.15144973852358862,0.262,0.2655,0.264351,0.26375,2687.35,ETH-27NOV26,0.5784,0.92283,1.51337,9.0,2.0,0.003500000000000003,ETH,2670.23,1399.73
2026-10-03T00:23:29.731568+00:00,ETH-3OCT26-2700-C,2670.37,ETH-3OCT26,call,2700.0,2026-10-03T08:00:00+00:00,0.0008679452313230411,0.0002,0.0004,0.000319,0.0003,2670.37,ETH-3OCT26,0.2748,0.08539,0.12254,1557.0,1753.0,0.0002,ETH,2670.23,8069.43
2026-10-03T00:23:29.731568+00:00,ETH-25DEC26-1800-C,2697.33,ETH-25DEC26,call,1800.0,2026-12-25T08:00:00+00:00,0.22810956056328743,0.339,0.3425,0.341597,0.34075,2697.33,ETH-25DEC26,0.6106,0.93726,1.5896,2432.0,0.0,0.003500000000000003,ETH,2670.23,0.0
2026-10-03T00:23:29.731568+00:00,ETH-16OCT26-2550-C,2674.29,ETH-16OCT26,call,2550.0,2026-10-16T08:00:00+00:00,0.03646000546404036,0.059,0.0615,0.060618,0.06025,2674.29,ETH-16OCT26,0.4328,0.73122,1.68498,111.0,0.0,0.0025000000000000022,ETH,2670.23,0.0
2026-10-03T00:23:29.731568+00:00,ETH-26MAR27-4800-P,2727.36,ETH-26MAR27,put,4800.0,2027-03-26T08:00:00+00:00,0.4772539821923087,0.7685,0.7935,0.778534,0.781,2727.36,ETH-26MAR27,0.5783,-0.88779,3.59463,40.0,0.0,0.025000000000000022,ETH,2670.23,0.0
2026-10-03T00:23:29.731568+00:00,ETH-30OCT26-2250-P,2678.04,ETH-30OCT26,put,2250.0,2026-10-30T08:00:00+00:00,0.07478991648388979,0.0065,0.0075,0.006977,0.007,2678.04,ETH-30OCT26,0.5206000000000001,-0.0979,1.26587,3390.0,32.0,0.001,ETH,2670.22,528.88
2026-10-03T00:23:29.731568+00:00,ETH-30OCT26-2900-C,2678.04,ETH-30OCT26,call,2900.0,2026-10-30T08:00:00+00:00,0.07478991648388979,0.02,0.021,0.020599,0.0205,2678.04,ETH-30OCT26,0.45659999999999995,0.28249,2.47655,4893.0,14.0,0.0010000000000000009,ETH,2670.22,1138.52
2026-10-03T00:23:29.731568+00:00,ETH-27NOV26-3800-C,2687.35,ETH-27NOV26,call,3800.0,2026-11-27T08:00:00+00:00,0.15144973852358862,0.0055,0.006,0.005872,0.00575,2687.35,ETH-27NOV26,0.5545,0.06717,1.36059,1608.0,0.0,0.0005000000000000004,ETH,2670.22,0.0
2026-10-03T00:23:29.731568+00:00,ETH-9OCT26-2800-C,2672.44,ETH-9OCT26,call,2800.0,2026-10-09T08:00:00+00:00,0.017295049954115647,0.005,0.006,0.005355,0.0055,2672.44,ETH-9OCT26,0.3947,0.19124,0.95763,2595.0,1319.0,0.001,ETH,2670.22,45777.63
2026-10-03T00:23:29.731568+00:00,ETH-25JUN27-4400-P,2759.44,ETH-25JUN27,put,4400.0,2027-06-25T08:00:00+00:00,0.7263984038213298,0.634,0.6585,0.64587,0.64625,2759.44,ETH-25JUN27,0.5594,-0.77032,7.13791,1.0,0.0,0.024499999999999966,ETH,2670.23,0.0
2026-10-03T00:23:29.731568+00:00,ETH-24SEP27-4400-P,2791.12,ETH-24SEP27,put,4400.0,2027-09-24T08:00:00+00:00,0.9755428254503511,0.6425,0.6695,0.653954,0.656,2791.12,ETH-24SEP27,0.5573,-0.7093,9.4499,0.0,0.0,0.027000000000000024,ETH,2670.22,0.0
2026-10-03T00:23:29.731568+00:00,ETH-25DEC26-1500-P,2697.33,ETH-25DEC26,put,1500.0,2026-12-25T08:00:00+00:00,0.22810956056328743,0.0035,0.0042,0.003817,0.00385,2697.33,ETH-25DEC26,0.6957,-0.02671,0.79597,16432.0,0.0,0.0006999999999999997,ETH,2670.23,0.0
2026-10-03T00:23:29.731568+00:00,ETH-5OCT26-2600-C,2671.39,ETH-5OCT26,call,2600.0,2026-10-05T08:00:00+00:00,0.006343646805587244,0.026,0.029,0.028094,0.0275,2671.39,ETH-5OCT26,0.2914,0.88041,0.42449,1.0,2.0,0.0030000000000000027,ETH,2670.23,156.43
2026-10-03T00:23:29.731568+00:00,ETH-26MAR27-4200-C,2727.36,ETH-26MAR27,call,4200.0,2027-03-26T08:00:00+00:00,0.4772539821923087,0.0305,0.032,0.031118,0.03125,2727.36,ETH-26MAR27,0.5576,0.17671,4.8883,2912.0,0.0,0.0015000000000000013,ETH,2670.23,0.0
2026-10-03T00:23:29.731568+00:00,ETH-3OCT26-3100-C,2670.37,ETH-3OCT26,call,3100.0,2026-10-03T08:00:00+00:00,0.0008679452313230411,,0.0001,0.0,,2670.37,ETH-3OCT26,1.0873,0.0,1e-05,3250.0,1863.0,,ETH,2670.23,1014.68
2026-10-03T00:23:29.731568+00:00,ETH-30OCT26-1000-C,2678.01,ETH-30OCT26,call,1000.0,2026-10-30T08:00:00+00:00,0.07478991648388979,0.625,0.6275,0.626615,0.62625,2678.01,ETH-30OCT26,1.0879,0.99973,0.00738,0.0,0.0,0.0024999999999999467,ETH,2670.34,0.0
2026-10-03T00:23:29.731568+00:00,ETH-25JUN27-3100-P,2759.47,ETH-25JUN27,put,3100.0,2027-06-25T08:00:00+00:00,0.7263984038213298,0.2595,0.265,0.260935,0.26225,2759.47,ETH-25JUN27,0.5397,-0.50913,9.38291,210.0,0.0,0.005500000000000005,ETH,2670.34,0.0
2026-10-03T00:23:29.731568+00:00,ETH-9OCT26-2100-P,2672.41,ETH-9OCT26,put,2100.0,2026-10-09T08:00:00+00:00,0.017295049954115647,0.0004,0.0006,0.000483,0.0005,2672.41,ETH-9OCT26,0.8351000000000001,-0.01225,0.11177,1144.0,515.0,0.00019999999999999993,ETH,2670.34,564.0
2026-10-03T00:23:29.731568+00:00,ETH-4OCT26-2740-C,2670.95,ETH-4OCT26,call,2740.0,2026-10-04T08:00:00+00:00,0.0036057960184551425,0.0002,0.0004,0.0003,0.0003,2670.95,ETH-4OCT26,0.254,0.0475,0.15868,955.0,1453.0,0.0002,ETH,2670.34,6540.52
2026-10-03T00:23:29.731568+00:00,ETH-9OCT26-2200-P,2672.44,ETH-9OCT26,put,2200.0,2026-10-09T08:00:00+00:00,0.017295049954115647,0.0006,0.0008,0.000676,0.0007,2672.44,ETH-9OCT26,0.7279000000000001,-0.0188,0.16149,3648.0,206.0,0.0002000000000000001,ETH,2670.34,379.23
2026-10-03T00:23:29.731568+00:00,ETH-27NOV26-2700-C,2687.36,ETH-27NOV26,call,2700.0,2026-11-27T08:00:00+00:00,0.15144973852358862,0.073,0.074,0.073641,0.0735,2687.36,ETH-27NOV26,0.4888,0.52809,4.16322,2431.0,500.0,0.0010000000000000009,ETH,2670.39,98317.64
2026-10-03T00:23:29.731568+00:00,ETH-16OCT26-2650-C,2674.29,ETH-16OCT26,call,2650.0,2026-10-16T08:00:00+00:00,0.03646000546404036,0.036,0.037,0.036404,0.0365,2674.29,ETH-16OCT26,0.4175,0.56125,2.01359,480.0,298.0,0.0010000000000000009,ETH,2670.34,27973.72
2026-10-03T00:23:29.731568+00:00,ETH-24SEP27-2200-P,2791.13,ETH-24SEP27,put,2200.0,2027-09-24T08:00:00+00:00,0.9755428254503511,0.1025,0.106,0.104133,0.10425,2791.13,ETH-24SEP27,0.5533,-0.23927,8.55869,72.0,0.0,0.003500000000000003,ETH,2670.34,0.0
2026-10-03T00:23:29.731568+00:00,ETH-16OCT26-2400-P,2674.29,ETH-16OCT26,put,2400.0,2026-10-16T08:00:00+00:00,0.03646000546404036,0.005,0.0055,0.005165,0.00525,2674.29,ETH-16OCT26,0.4826,-0.11121,0.96802,1229.0,0.0,0.0004999999999999996,ETH,2670.39,0.0
2026-10-03T00:23:29.731568+00:00,ETH-25JUN27-2100-P,2759.44,ETH-25JUN27,put,2100.0,2027-06-25T08:00:00+00:00,0.7263984038213298,0.07,0.072,0.071181,0.071,2759.44,ETH-25JUN27,0.555,-0.20788,6.74016,864.0,0.0,0.001999999999999988,ETH,2670.39,0.0
2026-10-03T00:23:29.731568+00:00,ETH-25DEC26-1000-C,2697.33,ETH-25DEC26,call,1000.0,2026-12-25T08:00:00+00:00,0.22810956056328743,0.629,0.631,0.63015,0.63,2697.33,ETH-25DEC26,0.8967,0.9943,0.20922,75.0,0.0,0.0020000000000000018,ETH,2670.39,0.0
2026-10-03T00:23:29.731568+00:00,ETH-25DEC26-2800-P,2697.33,ETH-25DEC26,put,2800.0,2026-12-25T08:00:00+00:00,0.22810956056328743,0.117,0.1185,0.117632,0.11775,2697.33,ETH-25DEC26,0.5028,-0.5141,5.13799,3534.0,123.0,0.0014999999999999875,ETH,2670.39,38522.29
2026-10-03T00:23:29.731568+00:00,ETH-6OCT26-2700-P,2671.71,ETH-6OCT26,put,2700.0,2026-10-06T08:00:00+00:00,0.009081497592719345,0.016,0.018,0.017101,0.017,2671.71,ETH-6OCT26,0.2879,-0.64421,0.94861,80.0,82.0,0.0019999999999999983,ETH,2670.4,2563.25
2026-10-03T00:23:29.731568+00:00,ETH-5OCT26-3000-P,2671.39,ETH-5OCT26,put,3000.0,2026-10-05T08:00:00+00:00,0.006343646805587244,0.1195,0.1265,0.123051,0.123,2671.39,ETH-5OCT26,0.5243,-0.99708,0.01898,0.0,0.0,0.007000000000000006,ETH,2670.4,0.0
2026-10-03T00:23:29.731568+00:00,ETH-27NOV26-3100-C,2687.35,ETH-27NOV26,call,3100.0,2026-11-27T08:00:00+00:00,0.15144973852358862,0.0275,0.0285,0.028093,0.028,2687.35,ETH-27NOV26,0.49979999999999997,0.26214,3.40779,2028.0,1044.0,0.0010000000000000009,ETH,2670.4,106392.13
2026-10-03T00:23:29.731568+00:00,ETH-30OCT26-1800-P,2678.04,ETH-30OCT26,put,1800.0,2026-10-30T08:00:00+00:00,0.07478991648388979,0.0011,0.0015,0.001281,0.0013,2678.04,ETH-30OCT26,0.718,-0.01696,0.30823,3950.0,38.0,0.00039999999999999996,ETH,2670.4,124.25
2026-10-03T00:23:29.731568+00:00,ETH-24SEP27-3300-P,2791.12,ETH-24SEP27,put,3300.0,2027-09-24T08:00:00+00:00,0.9755428254503511,0.3235,0.347,0.333784,0.33525,2791.12,ETH-24SEP27,0.5455,-0.51644,10.99249,0.0,0.0,0.023499999999999965,ETH,2670.4,0.0
2026-10-03T00:23:29.731568+00:00,ETH-25DEC26-4400-P,2697.32,ETH-25DEC26,put,4400.0,2026-12-25T08:00:00+00:00,0.22810956056328743,0.631,0.647,0.637297,0.639,2697.32,ETH-25DEC26,0.5908,-0.94437,1.44652,20.0,0.0,0.016000000000000014,ETH,2670.4,0.0
2026-10-03T00:23:29.731568+00:00,ETH-5OCT26-3100-C,2671.39,ETH-5OCT26,call,3100.0,2026-10-05T08:00:00+00:00,0.006343646805587244,,0.0001,1.8e-05,,2671.39,ETH-5OCT26,0.6174000000000001,0.00134,0.0094,70.0,67.0,,ETH,2670.41,32.46
2026-10-03T00:23:29.731568+00:00,ETH-24SEP27-4300-C,2791.12,ETH-24SEP27,call,4300.0,2027-09-24T08:00:00+00:00,0.9755428254503511,0.0805,0.0835,0.082084,0.082,2791.12,ETH-24SEP27,0.5561,0.30436,9.65085,0.0,0.0,0.0030000000000000027,ETH,2670.41,0.0
2026-10-03T00:23:29.731568+00:00,ETH-25DEC26-7000-P,2697.33,ETH-25DEC26,put,7000.0,2026-12-25T08:00:00+00:00,0.22810956056328743,1.585,1.612,1.59572,1.5985,2697.33,ETH-25DEC26,0.7283,-0.99487,0.19079,0.0,0.0,0.027000000000000135,ETH,2670.41,0.0
2026-10-03T00:23:29.731568+00:00,ETH-23OCT26-2650-P,2676.16,ETH-23OCT26,put,2650.0,2026-10-23T08:00:00+00:00,0.05562496097396506,0.0355,0.0365,0.036098,0.036,2676.16,ETH-23OCT26,0.4357,-0.44145,2.49163,101.0,80.0,0.0010000000000000009,ETH,2670.41,8211.74
2026-10-03T00:23:29.731568+00:00,ETH-25JUN27-4000-C,2759.47,ETH-25JUN27,call,4000.0,2027-06-25T08:00:00+00:00,0.7263984038213298,0.067,0.0695,0.068321,0.06825,2759.47,ETH-25JUN27,0.5519,0.28991,8.05226,4629.0,1.0,0.0025000000000000022,ETH,2670.41,208.89
2026-10-03T00:23:29.731568+00:00,ETH-6OCT26-2600-P,2671.71,ETH-6OCT26,put,2600.0,2026-10-06T08:00:00+00:00,0.009081497592719345,0.0029,0.0034,0.00307,0.00315,2671.71,ETH-6OCT26,0.32020000000000004,-0.18212,0.673,10.0,10.0,0.0005,ETH,2670.41,41.12
2026-10-03T00:23:29.731568+00:00,ETH-16OCT26-2500-C,2674.27,ETH-16OCT26,call,2500.0,2026-10-16T08:00:00+00:00,0.03646000546404036,0.0735,0.076,0.075089,0.07475,2674.27,ETH-16OCT26,0.4437,0.79892,1.43462,111.0,0.0,0.0025000000000000022,ETH,2670.41,0.0
2026-10-03T00:23:29.731568+00:00,ETH-26MAR27-1800-C,2727.36,ETH-26MAR27,call,1800.0,2027-03-26T08:00:00+00:00,0.4772539821923087,0.363,0.3665,0.365844,0.36475,2727.36,ETH-26MAR27,0.5868,0.8902,3.53961,3251.0,0.0,0.003500000000000003,ETH,2670.41,0.0
2026-10-03T00:23:29.731568+00:00,ETH-6OCT26-2860-C,2671.67,ETH-6OCT26,call,2860.0,2026-10-06T08:00:00+00:00,0.009081497592719345,0.0006,0.0008,0.000711,0.0007,2671.67,ETH-6OCT26,0.4152,0.04443,0.23887,3.0,3.0,0.0002000000000000001,ETH,2670.4,33.82
2026-10-03T00:23:29.731568+00:00,ETH-6OCT26-2680-C,2671.67,ETH-6OCT26,call,2680.0,2026-10-06T08:00:00+00:00,0.009081497592719345,0.009,0.01,0.009318,0.0095,2671.67,ETH-6OCT26,0.2836,0.45985,1.01056,10.0,10.0,0.0010000000000000009,ETH,2670.4,253.27
2026-10-03T00:23:29.731568+00:00,ETH-5OCT26-2920-P,2671.36,ETH-5OCT26,put,2920.0,2026-10-05T08:00:00+00:00,0.006343646805587244,0.0895,0.0965,0.093237,0.093,2671.36,ETH-5OCT26,0.49439999999999995,-0.98743,0.06919,0.0,0.0,0.007000000000000006,ETH,2670.41,0.0
2026-10-03T00:23:29.731568+00:00,ETH-16OCT26-3100-C,2674.29,ETH-16OCT26,call,3100.0,2026-10-16T08:00:00+00:00,0.03646000546404036,0.0024,0.0028,0.002584,0.0026,2674.29,ETH-16OCT26,0.49520000000000003,0.06495,0.64727,707.0,543.0,0.0004000000000000002,ETH,2670.41,5129.14
2026-10-03T00:23:29.731568+00:00,ETH-25JUN27-1900-C,2759.44,ETH-25JUN27,call,1900.0,2027-06-25T08:00:00+00:00,0.7263984038213298,0.3595,0.3625,0.3615,0.361,2759.44,ETH-25JUN27,0.5682,0.84437,5.62114,373.0,0.0,0.0030000000000000027,ETH,2670.4,0.0
2026-10-03T00:23:29.731568+00:00,ETH-3OCT26-2780-C,2670.36,ETH-3OCT26,call,2780.0,2026-10-03T08:00:00+00:00,0.0008679452313230411,,0.0001,5e-06,,2670.36,ETH-3OCT26,0.45439999999999997,0.00132,0.0034,2436.0,2579.0,,ETH,2670.4,18346.67
2026-10-03T00:23:29.731568+00:00,ETH-26MAR27-2000-P,2727.36,ETH-26MAR27,put,2000.0,2027-03-26T08:00:00+00:00,0.4772539821923087,0.0395,0.0405,0.039847,0.04,2727.36,ETH-26MAR27,0.5633,-0.16071,4.59932,2663.0,0.0,0.0010000000000000009,ETH,2670.4,0.0
2026-10-03T00:23:29.731568+00:00,ETH-25JUN27-3900-C,2759.44,ETH-25JUN27,call,3900.0,2027-06-25T08:00:00+00:00,0.7263984038213298,0.0725,0.0745,0.073506,0.0735,2759.44,ETH-25JUN27,0.55,0.30738,8.26942,481.0,1.0,0.0020000000000000018,ETH,2670.4,205.64
2026-10-03T00:23:29.731568+00:00,ETH-16OCT26-2000-P,2674.27,ETH-16OCT26,put,2000.0,2026-10-16T08:00:00+00:00,0.03646000546404036,0.0008,0.0009,0.000828,0.00085,2674.27,ETH-16OCT26,0.7318000000000001,-0.01583,0.20263,51.0,21.0,9.999999999999994e-05,ETH,2670.4,51.2
2026-10-03T00:23:29.731568+00:00,ETH-3OCT26-2850-P,2670.37,ETH-3OCT26,put,2850.0,2026-10-03T08:00:00+00:00,0.0008679452313230411,0.064,0.071,0.067284,0.0675,2670.37,ETH-3OCT26,0.5227,-0.99999,4e-05,0.0,0.0,0.006999999999999992,ETH,2670.4,0.0
2026-10-03T00:23:29.731568+00:00,ETH-27NOV26-2150-C,2687.35,ETH-27NOV26,call,2150.0,2026-11-27T08:00:00+00:00,0.15144973852358862,0.2115,0.215,0.214276,0.21325,2687.35,ETH-27NOV26,0.5457,0.87626,2.13838,2.0,0.0,0.003500000000000003,ETH,2670.4,0.0
2026-10-03T00:23:29.731568+00:00,ETH-4OCT26-2480-P,2670.95,ETH-4OCT26,put,2480.0,2026-10-04T08:00:00+00:00,0.0036057960184551425,0.0002,0.0004,0.000277,0.0003,2670.95,ETH-4OCT26,0.6092,-0.02028,0.07853,612.0,612.0,0.0002,ETH,2670.4,656.67
2026-10-03T00:23:29.731568+00:00,ETH-9OCT26-3000-C,2672.44,ETH-9OCT26,call,3000.0,2026-10-09T08:00:00+00:00,0.017295049954115647,0.0009,0.0012,0.001068,0.00105,2672.44,ETH-9OCT26,0.49689999999999995,0.04125,0.31054,6058.0,1598.0,0.0002999999999999999,ETH,2670.4,13853.87
2026-10-03T00:23:29.731568+00:00,ETH-27NOV26-3400-C,2687.35,ETH-27NOV26,call,3400.0,2026-11-27T08:00:00+00:00,0.15144973852358862,0.0135,0.0145,0.013883,0.014,2687.35,ETH-27NOV26,0.5214,0.14524,2.38721,1023.0,0.0,0.0010000000000000009,ETH,2670.4,0.0
2026-10-03T00:23:29.731568+00:00,ETH-3OCT26-2580-P,2670.37,ETH-3OCT26,put,2580.0,2026-10-03T08:00:00+00:00,0.0008679452313230411,0.0001,0.0003,0.00016,0.0002,2670.37,ETH-3OCT26,0.5959,-0.024,0.04427,2114.0,775.0,0.00019999999999999998,ETH,2670.4,673.09
2026-10-03T00:23:29.731568+00:00,ETH-27NOV26-3000-C,2687.35,ETH-27NOV26,call,3000.0,2026-11-27T08:00:00+00:00,0.15144973852358862,0.035,0.0365,0.035824,0.03575,2687.35,ETH-27NOV26,0.49450000000000005,0.31729,3.72792,15592.0,1154.0,0.0014999999999999944,ETH,2670.4,127092.44
2026-10-03T00:23:29.731568+00:00,ETH-25JUN27-6000-C,2759.44,ETH-25JUN27,call,6000.0,2027-06-25T08:00:00+00:00,0.7263984038213298,0.019,0.021,0.02004,0.02,2759.44,ETH-25JUN27,0.5957,0.10106,4.16099,2720.0,1.0,0.0020000000000000018,ETH,2670.4,64.6
2026-10-03T00:23:29.731568+00:00,ETH-9OCT26-2600-C,2672.44,ETH-9OCT26,call,2600.0,2026-10-09T08:00:00+00:00,0.017295049954115647,0.035,0.037,0.035922,0.036,2672.44,ETH-9OCT26,0.37549999999999994,0.71944,1.18442,228.0,115.0,0.001999999999999995,ETH,2670.4,15718.25
2026-10-03T00:23:29.731568+00:00,ETH-26MAR27-4500-P,2727.36,ETH-26MAR27,put,4500.0,2027-03-26T08:00:00+00:00,0.4772539821923087,0.664,0.6865,0.673807,0.67525,2727.36,ETH-26MAR27,0.5679,-0.85987,4.19782,0.0,0.0,0.022499999999999964,ETH,2670.4,0.0
2026-10-03T00:23:29.731568+00:00,ETH-27NOV26-4200-P,2687.35,ETH-27NOV26,put,4200.0,2026-11-27T08:00:00+00:00,0.15144973852358862,0.561,0.572,0.565936,0.5665,2687.35,ETH-27NOV26,0.5978,-0.96425,0.82253,0.0,0.0,0.010999999999999899,ETH,2670.4,0.0
2026-10-03T00:23:29.731568+00:00,ETH-27NOV26-1600-P,2687.35,ETH-27NOV26,put,1600.0,2026-11-27T08:00:00+00:00,0.15144973852358862,0.0022,0.0029,0.002515,0.00255,2687.35,ETH-27NOV26,0.7112,-0.02214,0.55212,415.0,30.0,0.0006999999999999997,ETH,2670.4,181.82
2026-10-03T00:23:29.731568+00:00,ETH-4OCT26-2720-P,2670.95,ETH-4OCT26,put,2720.0,2026-10-04T08:00:00+00:00,0.0036057960184551425,0.0155,0.022,0.018888,0.01875,2670.95,ETH-4OCT26,0.22039999999999998,-0.91406,0.25149,1149.0,1288.0,0.006499999999999999,ETH,2670.4,23978.09
2026-10-03T00:23:29.731568+00:00,ETH-27NOV26-2300-P,2687.35,ETH-27NOV26,put,2300.0,2026-11-27T08:00:00+00:00,0.15144973852358862,0.023,0.024,0.023515,0.0235,2687.35,ETH-27NOV26,0.5182,-0.19145,2.85232,767.0,15.0,0.0010000000000000009,ETH,2670.4,945.29
2026-10-03T00:23:29.731568+00:00,ETH-16OCT26-2750-C,2674.29,ETH-16OCT26,call,2750.0,2026-10-16T08:00:00+00:00,0.03646000546404036,0.0195,0.0205,0.020032,0.02,2674.29,ETH-16OCT26,0.41729999999999995,0.37821,1.94202,862.0,542.0,0.0010000000000000009,ETH,2670.4,32079.57
2026-10-03T00:23:29.731568+00:00,ETH-26MAR27-3000-P,2727.36,ETH-26MAR27,put,3000.0,2027-03-26T08:00:00+00:00,0.4772539821923087,0.2065,0.2085,0.207201,0.2075,2727.36,ETH-26MAR27,0.5284,-0.5312,7.49633,419.0,5.0,0.0020000000000000018,ETH,2670.4,2557.28
2026-10-03T00:23:29.731568+00:00,ETH-4OCT26-2400-P,2670.95,ETH-4OCT26,put,2400.0,2026-10-04T08:00:00+00:00,0.0036057960184551425,0.0001,0.0003,0.000156,0.0002,2670.95,ETH-4OCT26,0.7709999999999999,-0.00978,0.04189,523.0,97.0,0.00019999999999999998,ETH,2670.4,52.07
2026-10-03T00:23:29.731568+00:00,ETH-25DEC26-5200-P,2697.32,ETH-25DEC26,put,5200.0,2026-12-25T08:00:00+00:00,0.22810956056328743,0.9215,0.9415,0.930267,0.9315,2697.32,ETH-25DEC26,0.6404000000000001,-0.97683,0.70655,0.0,0.0,0.020000000000000018,ETH,2670.41,0.0
2026-10-03T00:23:29.731568+00:00,ETH-25JUN27-3900-P,2759.47,ETH-25JUN27,put,3900.0,2027-06-25T08:00:00+00:00,0.7263984038213298,0.478,0.498,0.486821,0.488,2759.47,ETH-25JUN27,0.55,-0.69262,8.26942,50.0,0.0,0.020000000000000018,ETH,2670.41,0.0
2026-10-03T00:23:29.731568+00:00,ETH-25DEC26-4800-C,2697.33,ETH-25DEC26,call,4800.0,2026-12-25T08:00:00+00:00,0.22810956056328743,0.0033,0.004,0.003618,0.00365,2697.33,ETH-25DEC26,0.614,0.03453,0.9848,3494.0,0.0,0.0007000000000000001,ETH,2670.41,0.0
2026-10-03T00:23:29.731568+00:00,ETH-5OCT26-2560-P,2671.39,ETH-5OCT26,put,2560.0,2026-10-05T08:00:00+00:00,0.006343646805587244,0.0007,0.0009,0.000778,0.0008,2671.39,ETH-5OCT26,0.3528,-0.06281,0.26264,269.0,332.0,0.00019999999999999998,ETH,2670.41,581.91
2026-10-03T00:23:29.731568+00:00,ETH-27NOV26-4800-C,2687.35,ETH-27NOV26,call,4800.0,2026-11-27T08:00:00+00:00,0.15144973852358862,0.001,0.0015,0.001242,0.00125,2687.35,ETH-27NOV26,0.6489,0.01501,0.39651,11.0,0.0,0.0005,ETH,2670.41,0.0
2026-10-03T00:23:29.731568+00:00,ETH-25JUN27-4400-C,2759.47,ETH-25JUN27,call,4400.0,2027-06-25T08:00:00+00:00,0.7263984038213298,0.05,0.0525,0.051361,0.05125,2759.47,ETH-25JUN27,0.5594,0.22972,7.13905,173.0,0.0,0.0024999999999999953,ETH,2670.41,0.0
2026-10-03T00:23:29.731568+00:00,ETH-25JUN27-2000-P,2759.44,ETH-25JUN27,put,2000.0,2027-06-25T08:00:00+00:00,0.7263984038213298,0.059,0.061,0.059949,0.06,2759.44,ETH-25JUN27,0.5611,-0.18086,6.19196,1845.0,0.0,0.0020000000000000018,ETH,2670.41,0.0
2026-10-03T00:23:29.731568+00:00,ETH-25DEC26-2700-P,2697.33,ETH-25DEC26,put,2700.0,2026-12-25T08:00:00+00:00,0.22810956056328743,0.0955,0.097,0.096265,0.09625,2697.33,ETH-25DEC26,0.5034000000000001,-0.45373,5.10665,4474.0,182.0,0.0015000000000000013,ETH,2670.41,47809.88
2026-10-03T00:23:29.731568+00:00,ETH-27NOV26-2650-P,2687.35,ETH-27NOV26,put,2650.0,2026-11-27T08:00:00+00:00,0.15144973852358862,0.068,0.0695,0.068651,0.06875,2687.35,ETH-27NOV26,0.48960000000000004,-0.43294,4.11459,778.0,86.0,0.0015000000000000013,ETH,2670.41,16088.68
2026-10-03T00:23:29.731568+00:00,ETH-24SEP27-4600-C,2791.12,ETH-24SEP27,call,4600.0,2027-09-24T08:00:00+00:00,0.9755428254503511,0.068,0.0705,0.069368,0.06925,2791.12,ETH-24SEP27,0.5602,0.2657,9.04505,14.0,7.0,0.0024999999999999883,ETH,2670.41,1308.03
2026-10-03T00:23:29.731568+00:00,ETH-25DEC26-7000-C,2697.33,ETH-25DEC26,call,7000.0,2026-12-25T08:00:00+00:00,0.22810956056328743,0.0004,0.0008,0.000513,0.0006,2697.33,ETH-25DEC26,0.7283,0.00513,0.19079,3956.0,0.0,0.0004,ETH,2670.41,0.0
2026-10-03T00:23:29.731568+00:00,ETH-25DEC26-1800-P,2697.33,ETH-25DEC26,put,1800.0,2026-12-25T08:00:00+00:00,0.22810956056328743,0.0085,0.0095,0.008936,0.009,2697.33,ETH-25DEC26,0.6106,-0.06271,1.5891,6173.0,0.0,0.0009999999999999992,ETH,2670.41,0.0
2026-10-03T00:23:29.731568+00:00,ETH-27NOV26-3600-C,2687.35,ETH-27NOV26,call,3600.0,2026-11-27T08:00:00+00:00,0.15144973852358862,0.0085,0.0095,0.009059,0.009,2687.35,ETH-27NOV26,0.5399,0.09922,1.82557,6842.0,2916.0,0.0009999999999999992,ETH,2670.41,87224.54
2026-10-03T00:23:29.731568+00:00,ETH-6OCT26-2760-P,2671.71,ETH-6OCT26,put,2760.0,2026-10-06T08:00:00+00:00,0.009081497592719345,0.032,0.0385,0.035277,0.03525,2671.71,ETH-6OCT26,0.3181,-0.85479,0.58085,0.0,0.0,0.006499999999999999,ETH,2670.41,0.0
2026-10-03T00:23:29.731568+00:00,ETH-25JUN27-1400-P,2759.44,ETH-25JUN27,put,1400.0,2027-06-25T08:00:00+00:00,0.7263984038213298,0.018,0.019,0.018574,0.0185,2759.44,ETH-25JUN27,0.632,-0.06316,2.91712,1804.0,2.0,0.0010000000000000009,ETH,2670.41,98.85
2026-10-03T00:23:29.731568+00:00,ETH-25JUN27-1600-C,2759.47,ETH-25JUN27,call,1600.0,2027-06-25T08:00:00+00:00,0.7263984038213298,0.446,0.4495,0.448402,0.44775,2759.47,ETH-25JUN27,0.6015,0.90645,3.93161,358.0,0.0,0.003500000000000003,ETH,2670.41,0.0
2026-10-03T00:23:29.731568+00:00,ETH-27NOV26-2950-C,2687.35,ETH-27NOV26,call,2950.0,2026-11-27T08:00:00+00:00,0.15144973852358862,0.04,0.041,0.040524,0.0405,2687.35,ETH-27NOV26,0.4927,0.34824,3.86796,836.0,395.0,0.0010000000000000009,ETH,2670.41,53111.02
2026-10-03T00:23:29.731568+00:00,ETH-27NOV26-2750-C,2687.35,ETH-27NOV26,call,2750.0,2026-11-27T08:00:00+00:00,0.15144973852358862,0.065,0.066,0.065536,0.0655,2687.35,ETH-27NOV26,0.4885,0.48967,4.17233,3134.0,0.0,0.0010000000000000009,ETH,2670.41,0.0
2026-10-03T00:23:29.731568+00:00,ETH-4OCT26-2450-P,2670.96,ETH-4OCT26,put,2450.0,2026-10-04T08:00:00+00:00,0.0036057960184551425,0.0002,0.0003,0.000236,0.00025,2670.96,ETH-4OCT26,0.6773,-0.01597,0.06406,120.0,110.0,9.999999999999996e-05,ETH,2670.41,90.76
2026-10-03T00:23:29.731568+00:00,ETH-25DEC26-5000-C,2697.32,ETH-25DEC26,call,5000.0,2026-12-25T08:00:00+00:00,0.22810956056328743,0.0026,0.0033,0.002924,0.00295,2697.32,ETH-25DEC26,0.6273,0.0281,0.83055,4259.0,0.0,0.0007000000000000001,ETH,2670.41,0.0
2026-10-03T00:23:29.731568+00:00,ETH-6OCT26-2300-C,2671.71,ETH-6OCT26,call,2300.0,2026-10-06T08:00:00+00:00,0.009081497592719345,0.1375,0.1405,0.139338,0.139,2671.71,ETH-6OCT26,0.6788,0.99057,0.06448,0.0,0.0,0.0030000000000000027,ETH,2670.41,0.0
2026-10-03T00:23:29.731568+00:00,ETH-26MAR27-3900-C,2727.36,ETH-26MAR27,call,3900.0,2027-03-26T08:00:00+00:00,0.4772539821923087,0.041,0.042,0.041413,0.0415,2727.36,ETH-26MAR27,0.5478999999999999,0.22508,5.65404,41.0,5.0,0.0010000000000000009,ETH,2670.41,639.82
2026-10-03T00:23:29.731568+00:00,ETH-26MAR27-2900-P,2727.35,ETH-26MAR27,put,2900.0,2027-03-26T08:00:00+00:00,0.4772539821923087,0.1825,0.1845,0.183059,0.1835,2727.35,ETH-26MAR27,0.5279,-0.49434,7.51858,299.0,20.0,0.0020000000000000018,ETH,2670.41,8980.92
2026-10-03T00:23:29.731568+00:00,ETH-9OCT26-3400-C,2672.44,ETH-9OCT26,call,3400.0,2026-10-09T08:00:00+00:00,0.017295049954115647,0.0001,0.0003,0.000175,0.0002,2672.44,ETH-9OCT26,0.7145999999999999,0.00597,0.05946,3943.0,915.0,0.00019999999999999998,ETH,2670.46,1078.17
2026-10-03T00:23:29.731568+00:00,ETH-25JUN27-4500-C,2759.44,ETH-25JUN27,call,4500.0,2027-06-25T08:00:00+00:00,0.7263984038213298,0.047,0.049,0.048105,0.048,2759.44,ETH-25JUN27,0.562,0.21737,6.91828,1421.0,0.0,0.0020000000000000018,ETH,2670.46,0.0
2026-10-03T00:23:29.731568+00:00,ETH-3OCT26-2480-C,2670.36,ETH-3OCT26,call,2480.0,2026-10-03T08:00:00+00:00,0.0008679452313230411,0.068,0.074,0.071289,0.071,2670.36,ETH-3OCT26,0.8643000000000001,0.9983,0.00429,0.0,0.0,0.0059999999999999915,ETH,2670.46,0.0
2026-10-03T00:23:29.731568+00:00,ETH-23OCT26-3200-P,2676.16,ETH-23OCT26,put,3200.0,2026-10-23T08:00:00+00:00,0.05562496097396506,0.196,0.204,0.199397,0.2,2676.16,ETH-23OCT26,0.4996,-0.92745,0.87134,0.0,0.0,0.00799999999999998,ETH,2670.46,0.0
2026-10-03T00:23:29.731568+00:00,ETH-27NOV26-2900-C,2687.35,ETH-27NOV26,call,2900.0,2026-11-27T08:00:00+00:00,0.15144973852358862,0.045,0.0465,0.045712,0.04575,2687.35,ETH-27NOV26,0.4907,0.38111,3.98729,3973.0,130.0,0.0015000000000000013,ETH,2670.6,20540.7
2026-10-03T00:23:29.731568+00:00,ETH-26MAR27-4400-P,2727.36,ETH-26MAR27,put,4400.0,2027-03-26T08:00:00+00:00,0.4772539821923087,0.628,0.653,0.639286,0.6405,2727.36,ETH-26MAR27,0.5643,-0.84881,4.41794,2.0,0.0,0.025000000000000022,ETH,2670.46,0.0
2026-10-03T00:23:29.731568+00:00,ETH-30OCT26-1600-P,2678.04,ETH-30OCT26,put,1600.0,2026-10-30T08:00:00+00:00,0.07478991648388979,0.0005,0.0008,0.000633,0.00065,2678.04,ETH-30OCT26,0.8190000000000001,-0.00795,0.15977,3647.0,16.0,0.00030000000000000003,ETH,2670.46,27.44
2026-10-03T00:23:29.731568+00:00,ETH-3OCT26-2680-C,2670.37,ETH-3OCT26,call,2680.0,2026-10-03T08:00:00+00:00,0.0008679452313230411,0.0008,0.0012,0.001021,0.001,2670.37,ETH-3OCT26,0.2053,0.28277,0.26519,936.0,887.0,0.00039999999999999986,ETH,2670.6,11641.7
2026-10-03T00:23:29.731568+00:00,ETH-6OCT26-3200-C,2671.67,ETH-6OCT26,call,3200.0,2026-10-06T08:00:00+00:00,0.009081497592719345,,0.0002,6.2e-05,,2671.67,ETH-6OCT26,0.6855,0.00319,0.0246,1135.0,1135.0,,ETH,2670.6,1364.9
2026-10-03T00:23:29.731568+00:00,ETH-25JUN27-4200-C,2759.44,ETH-25JUN27,call,4200.0,2027-06-25T08:00:00+00:00,0.7263984038213298,0.058,0.06,0.058992,0.059,2759.44,ETH-25JUN27,0.5552,0.25768,7.59687,574.0,0.0,0.001999999999999995,ETH,2670.69,0.0
2026-10-03T00:23:29.731568+00:00,ETH-27NOV26-4800-P,2687.35,ETH-27NOV26,put,4800.0,2026-11-27T08:00:00+00:00,0.15144973852358862,0.7805,0.797,0.787402,0.78875,2687.35,ETH-27NOV26,0.6489,-0.98497,0.39682,0.0,0.0,0.01650000000000007,ETH,2670.69,0.0
2026-10-03T00:23:29.731568+00:00,ETH-5OCT26-2900-P,2671.39,ETH-5OCT26,put,2900.0,2026-10-05T08:00:00+00:00,0.006343646805587244,0.0825,0.089,0.085752,0.08575,2671.39,ETH-5OCT26,0.462,-0.98645,0.07382,0.0,0.0,0.006499999999999992,ETH,2670.6,0.0
2026-10-03T00:23:29.731568+00:00,ETH-5OCT26-2640-P,2671.39,ETH-5OCT26,put,2640.0,2026-10-05T08:00:00+00:00,0.006343646805587244,0.0028,0.0033,0.003081,0.00305,2671.39,ETH-5OCT26,0.23879999999999998,-0.26123,0.69181,264.0,454.0,0.0005,ETH,2670.6,3304.99
2026-10-03T00:23:29.731568+00:00,ETH-24SEP27-3200-C,2791.13,ETH-24SEP27,call,3200.0,2027-09-24T08:00:00+00:00,0.9755428254503511,0.1595,0.1635,0.1617,0.1615,2791.13,ETH-24SEP27,0.5451,0.50627,11.00198,2502.0,0.0,0.0040000000000000036,ETH,2670.69,0.0
2026-10-03T00:23:29.731568+00:00,ETH-6OCT26-2980-C,2671.67,ETH-6OCT26,call,2980.0,2026-10-06T08:00:00+00:00,0.009081497592719345,0.0002,0.0004,0.000295,0.0003,2671.67,ETH-6OCT26,0.5312,0.0166,0.10518,190.0,190.0,0.0002,ETH,2670.69,731.18
2026-10-03T00:23:29.731568+00:00,ETH-27NOV26-2500-P,2687.35,ETH-27NOV26,put,2500.0,2026-11-27T08:00:00+00:00,0.15144973852358862,0.044,0.0455,0.044714,0.04475,2687.35,ETH-27NOV26,0.4976,-0.31893,3.73649,2471.0,301.0,0.0015000000000000013,ETH,2670.77,34262.25
2026-10-03T00:23:29.731568+00:00,ETH-4OCT26-2600-P,2670.95,ETH-4OCT26,put,2600.0,2026-10-04T08:00:00+00:00,0.0036057960184551425,0.0007,0.0009,0.000734,0.0008,2670.95,ETH-4OCT26,0.3246,-0.08115,0.24091,623.0,656.0,0.00019999999999999998,ETH,2670.69,944.86
2026-10-03T00:23:29.731568+00:00,ETH-26MAR27-1000-C,2727.36,ETH-26MAR27,call,1000.0,2027-03-26T08:00:00+00:00,0.4772539821923087,0.635,0.6375,0.636764,0.63625,2727.36,ETH-26MAR27,0.7636,0.98483,0.72098,269.0,0.0,0.0024999999999999467,ETH,2670.77,0.0
2026-10-03T00:23:29.731568+00:00,ETH-25JUN27-3300-C,2759.44,ETH-25JUN27,call,3300.0,2027-06-25T08:00:00+00:00,0.7263984038213298,0.1155,0.118,0.116929,0.11675,2759.44,ETH-25JUN27,0.5411,0.43774,9.27271,2277.0,0.0,0.0024999999999999883,ETH,2670.77,0.0
2026-10-03T00:23:29.731568+00:00,ETH-5OCT26-2400-P,2671.39,ETH-5OCT26,put,2400.0,2026-10-05T08:00:00+00:00,0.006343646805587244,0.0002,0.0003,0.000227,0.00025,2671.39,ETH-5OCT26,0.6118,-0.01296,0.07104,12.0,7.0,9.999999999999996e-05,ETH,2670.77,46.1
2026-10-03T00:23:29.731568+00:00,ETH-27NOV26-4000-C,2687.35,ETH-27NOV26,call,4000.0,2026-11-27T08:00:00+00:00,0.15144973852358862,0.004,0.0044,0.004205,0.0042,2687.35,ETH-27NOV26,0.5774,0.04881,1.05865,1956.0,0.0,0.0004000000000000002,ETH,2670.77,0.0
2026-10-03T00:23:29.731568+00:00,ETH-6OCT26-2960-C,2671.67,ETH-6OCT26,call,2960.0,2026-10-06T08:00:00+00:00,0.009081497592719345,0.0002,0.0005,0.000306,0.00035,2671.67,ETH-6OCT26,0.5059,0.01799,0.11265,157.0,158.0,0.00030000000000000003,ETH,2670.77,731.76
2026-10-03T00:23:29.731568+00:00,ETH-4OCT26-2740-P,2670.95,ETH-4OCT26,put,2740.0,2026-10-04T08:00:00+00:00,0.0036057960184551425,0.023,0.0295,0.02616,0.02625,2670.95,ETH-4OCT26,0.254,-0.95119,0.1622,112.0,135.0,0.006499999999999999,ETH,2670.77,4084.66
2026-10-03T00:23:29.731568+00:00,ETH-25JUN27-1500-C,2759.47,ETH-25JUN27,call,1500.0,2027-06-25T08:00:00+00:00,0.7263984038213298,0.4765,0.4805,0.479305,0.4785,2759.47,ETH-25JUN27,0.6151,0.92292,3.40108,50.0,0.0,0.0040000000000000036,ETH,2670.8,0.0
2026-10-03T00:23:29.731568+00:00,ETH-25DEC26-6500-P,2697.33,ETH-25DEC26,put,6500.0,2026-12-25T08:00:00+00:00,0.22810956056328743,1.4,1.422,1.410638,1.411,2697.33,ETH-25DEC26,0.7123999999999999,-0.9921,0.27953,0.0,0.0,0.02200000000000002,ETH,2670.8,0.0
2026-10-03T00:23:29.731568+00:00,ETH-16OCT26-2200-C,2674.27,ETH-16OCT26,call,2200.0,2026-10-16T08:00:00+00:00,0.03646000546404036,0.177,0.18,0.179155,0.1785,2674.27,ETH-16OCT26,0.5958,0.96196,0.42259,0.0,0.0,0.0030000000000000027,ETH,2670.8,0.0
2026-10-03T00:23:29.731568+00:00,ETH-4OCT26-2560-C,2670.95,ETH-4OCT26,call,2560.0,2026-10-04T08:00:00+00:00,0.0036057960184551425,0.039,0.045,0.042057,0.042,2670.95,ETH-4OCT26,0.4292,0.95226,0.15934,0.0,0.0,0.005999999999999998,ETH,2670.8,0.0
2026-10-03T00:23:29.731568+00:00,ETH-26MAR27-3600-C,2727.36,ETH-26MAR27,call,3600.0,2027-03-26T08:00:00+00:00,0.4772539821923087,0.0555,0.057,0.056109,0.05625,2727.36,ETH-26MAR27,0.5394,0.28846,6.43675,2028.0,0.0,0.0015000000000000013,ETH,2670.8,0.0
2026-10-03T00:23:29.731568+00:00,ETH-6OCT26-2640-P,2671.67,ETH-6OCT26,put,2640.0,2026-10-06T08:00:00+00:00,0.009081497592719345,0.0055,0.0065,0.006159,0.006,2671.67,ETH-6OCT26,0.2937,-0.32734,0.91919,313.0,313.0,0.001,ETH,2670.8,3374.63
2026-10-03T00:23:29.731568+00:00,ETH-6OCT26-2940-C,2671.71,ETH-6OCT26,call,2940.0,2026-10-06T08:00:00+00:00,0.009081497592719345,0.0003,0.0005,0.000398,0.0004,2671.71,ETH-6OCT26,0.4966,0.02302,0.13888,0.0,0.0,0.00020000000000000004,ETH,2670.8,0.0
2026-10-03T00:23:29.731568+00:00,ETH-26MAR27-3400-P,2727.36,ETH-26MAR27,put,3400.0,2027-03-26T08:00:00+00:00,0.4772539821923087,0.307,0.327,0.315965,0.317,2727.36,ETH-26MAR27,0.5346,-0.65963,6.91022,13.0,0.0,0.020000000000000018,ETH,2670.8,0.0
2026-10-03T00:23:29.731568+00:00,ETH-30OCT26-1400-C,2678.01,ETH-30OCT26,call,1400.0,2026-10-30T08:00:00+00:00,0.07478991648388979,0.4755,0.4785,0.477514,0.477,2678.01,ETH-30OCT26,0.9201,0.99657,0.07568,50.0,0.0,0.0030000000000000027,ETH,2670.8,0.0
2026-10-03T00:23:29.731568+00:00,ETH-4OCT26-2680-P,2670.95,ETH-4OCT26,put,2680.0,2026-10-04T08:00:00+00:00,0.0036057960184551425,0.0055,0.007,0.006364,0.00625,2670.95,ETH-4OCT26,0.18600000000000003,-0.60973,0.61526,1057.0,1167.0,0.0015000000000000005,ETH,2670.8,9057.6
2026-10-03T00:23:29.731568+00:00,ETH-9OCT26-2750-P,2672.44,ETH-9OCT26,put,2750.0,2026-10-09T08:00:00+00:00,0.017295049954115647,0.037,0.04,0.037792,0.0385,2672.44,ETH-9OCT26,0.3762,-0.70881,1.20572,1532.0,1297.0,0.0030000000000000027,ETH,2670.8,99734.26
2026-10-03T00:23:29.731568+00:00,ETH-25DEC26-2600-C,2697.33,ETH-25DEC26,call,2600.0,2026-12-25T08:00:00+00:00,0.22810956056328743,0.113,0.1145,0.113582,0.11375,2697.33,ETH-25DEC26,0.5059,0.60785,4.95308,9005.0,0.0,0.0015000000000000013,ETH,2670.8,0.0
2026-10-03T00:23:29.731568+00:00,ETH-25JUN27-2400-C,2759.44,ETH-25JUN27,call,2400.0,2027-06-25T08:00:00+00:00,0.7263984038213298,0.242,0.2455,0.244156,0.24375,2759.44,ETH-25JUN27,0.5440999999999999,0.70305,8.14353,939.0,3.0,0.003500000000000003,ETH,2670.8,2136.24
2026-10-03T00:23:29.731568+00:00,ETH-25JUN27-5000-C,2759.44,ETH-25JUN27,call,5000.0,2027-06-25T08:00:00+00:00,0.7263984038213298,0.034,0.036,0.035039,0.035,2759.44,ETH-25JUN27,0.5735,0.16581,5.85959,5177.0,12.0,0.001999999999999995,ETH,2670.8,1088.32
2026-10-03T00:23:29.731568+00:00,ETH-25JUN27-2500-P,2759.44,ETH-25JUN27,put,2500.0,2027-06-25T08:00:00+00:00,0.7263984038213298,0.13,0.1325,0.131126,0.13125,2759.44,ETH-25JUN27,0.5424,-0.32811,8.50196,3299.0,2.0,0.0025000000000000022,ETH,2670.8,646.93
2026-10-03T00:23:29.731568+00:00,ETH-30OCT26-1850-P,2678.04,ETH-30OCT26,put,1850.0,2026-10-30T08:00:00+00:00,0.07478991648388979,0.0014,0.0017,0.001535,0.00155,2678.04,ETH-30OCT26,0.6943,-0.02051,0.36239,1299.0,10.0,0.0002999999999999999,ETH,2670.8,39.94
2026-10-03T00:23:29.731568+00:00,ETH-5OCT26-2560-C,2671.39,ETH-5OCT26,call,2560.0,2026-10-05T08:00:00+00:00,0.006343646805587244,0.0395,0.0455,0.042472,0.0425,2671.39,ETH-5OCT26,0.3528,0.93798,0.2601,0.0,0.0,0.005999999999999998,ETH,2670.8,0.0
2026-10-03T00:23:29.731568+00:00,ETH-3OCT26-2620-C,2670.37,ETH-3OCT26,call,2620.0,2026-10-03T08:00:00+00:00,0.0008679452313230411,0.016,0.0225,0.019099,0.01925,2670.37,ETH-3OCT26,0.3975,0.95086,0.07976,18.0,0.0,0.006499999999999999,ETH,2670.8,0.0
2026-10-03T00:23:29.731568+00:00,ETH-4OCT26-2540-P,2670.96,ETH-4OCT26,put,2540.0,2026-10-04T08:00:00+00:00,0.0036057960184551425,0.0004,0.0006,0.000454,0.0005,2670.96,ETH-4OCT26,0.47869999999999996,-0.03832,0.1334,875.0,540.0,0.00019999999999999993,ETH,2670.8,760.77
2026-10-03T00:23:29.731568+00:00,ETH-6OCT26-2560-P,2671.67,ETH-6OCT26,put,2560.0,2026-10-06T08:00:00+00:00,0.009081497592719345,0.0016,0.002,0.001727,0.0018,2671.67,ETH-6OCT26,0.36060000000000003,-0.10293,0.45639,561.0,726.0,0.00039999999999999996,ETH,2670.8,2928.76
2026-10-03T00:23:29.731568+00:00,ETH-30OCT26-3050-C,2678.01,ETH-30OCT26,call,3050.0,2026-10-30T08:00:00+00:00,0.07478991648388979,0.011,0.012,0.011462,0.0115,2678.01,ETH-30OCT26,0.4742,0.17452,1.8855,2101.0,901.0,0.0010000000000000009,ETH,2670.8,44075.88
2026-10-03T00:23:29.731568+00:00,ETH-4OCT26-2300-C,2670.95,ETH-4OCT26,call,2300.0,2026-10-04T08:00:00+00:00,0.0036057960184551425,0.137,0.14,0.138927,0.1385,2670.95,ETH-4OCT26,0.9143000000000001,0.99707,0.01434,0.0,0.0,0.0030000000000000027,ETH,2670.8,0.0
2026-10-03T00:23:29.731568+00:00,ETH-6OCT26-2740-P,2671.71,ETH-6OCT26,put,2740.0,2026-10-06T08:00:00+00:00,0.009081497592719345,0.0275,0.0315,0.028644,0.0295,2671.71,ETH-6OCT26,0.3032,-0.80315,0.70611,3.0,4.0,0.004,ETH,2670.8,124.16
2026-10-03T00:23:29.731568+00:00,ETH-9OCT26-2600-P,2672.44,ETH-9OCT26,put,2600.0,2026-10-09T08:00:00+00:00,0.017295049954115647,0.0085,0.0095,0.008816,0.009,2672.44,ETH-9OCT26,0.37549999999999994,-0.27947,1.18238,1896.0,711.0,0.0009999999999999992,ETH,2670.78,16252.95
2026-10-03T00:23:29.731568+00:00,ETH-25DEC26-4200-C,2697.33,ETH-25DEC26,call,4200.0,2026-12-25T08:00:00+00:00,0.22810956056328743,0.007,0.008,0.007536,0.0075,2697.33,ETH-25DEC26,0.5726,0.06925,1.71639,6309.0,0.0,0.001,ETH,2670.78,0.0
2026-10-03T00:23:29.731568+00:00,ETH-5OCT26-2860-C,2671.39,ETH-5OCT26,call,2860.0,2026-10-05T08:00:00+00:00,0.006343646805587244,0.0001,0.0003,0.000205,0.0002,2671.39,ETH-5OCT26,0.4043,0.01812,0.09474,33.0,53.0,0.00019999999999999998,ETH,2670.78,207.83
2026-10-03T00:23:29.731568+00:00,ETH-16OCT26-3200-P,2674.27,ETH-16OCT26,put,3200.0,2026-10-16T08:00:00+00:00,0.03646000546404036,0.1945,0.2025,0.198274,0.1985,2674.27,ETH-16OCT26,0.5292,-0.95754,0.46209,0.0,0.0,0.008000000000000007,ETH,2670.78,0.0
2026-10-03T00:23:29.731568+00:00,ETH-5OCT26-2550-C,2671.39,ETH-5OCT26,call,2550.0,2026-10-05T08:00:00+00:00,0.006343646805587244,0.043,0.049,0.046154,0.046,2671.39,ETH-5OCT26,0.3713,0.94478,0.23745,0.0,0.0,0.006000000000000005,ETH,2670.78,0.0
2026-10-03T00:23:29.731568+00:00,ETH-26MAR27-8000-P,2727.36,ETH-26MAR27,put,8000.0,2027-03-26T08:00:00+00:00,0.4772539821923087,1.9185,1.961,1.936131,1.93975,2727.36,ETH-26MAR27,0.6761,-0.98074,0.88381,0.0,0.0,0.04249999999999998,ETH,2670.78,0.0
2026-10-03T00:23:29.731568+00:00,ETH-25JUN27-6500-P,2759.44,ETH-25JUN27,put,6500.0,2027-06-25T08:00:00+00:00,0.7263984038213298,1.3565,1.3935,1.371344,1.375,2759.44,ETH-25JUN27,0.6073,-0.91853,3.54648,0.0,0.0,0.03699999999999992,ETH,2670.78,0.0
2026-10-03T00:23:29.731568+00:00,ETH-16OCT26-2600-C,2674.29,ETH-16OCT26,call,2600.0,2026-10-16T08:00:00+00:00,0.03646000546404036,0.047,0.0485,0.047606,0.04775,2674.29,ETH-16OCT26,0.4236,0.65215,1.88801,107.0,3.0,0.0015000000000000013,ETH,2670.78,377.39
2026-10-03T00:23:29.731568+00:00,ETH-3OCT26-2660-P,2670.37,ETH-3OCT26,put,2660.0,2026-10-03T08:00:00+00:00,0.0008679452313230411,0.0008,0.0011,0.000896,0.00095,2670.37,ETH-3OCT26,0.1999,-0.24229,0.24502,1522.0,2281.0,0.00030000000000000003,ETH,2670.78,12336.32
2026-10-03T00:23:29.731568+00:00,ETH-30OCT26-2550-C,2678.04,ETH-30OCT26,call,2550.0,2026-10-30T08:00:00+00:00,0.07478991648388979,0.0755,0.0775,0.076723,0.0765,2678.04,ETH-30OCT26,0.4619,0.67441,2.63912,2486.0,0.0,0.0020000000000000018,ETH,2670.78,0.0
2026-10-03T00:23:29.731568+00:00,ETH-3OCT26-2820-P,2670.37,ETH-3OCT26,put,2820.0,2026-10-03T08:00:00+00:00,0.0008679452313230411,0.0525,0.0595,0.056049,0.056,2670.37,ETH-3OCT26,0.4594,-0.99997,0.0001,0.0,0.0,0.006999999999999999,ETH,2670.78,0.0
2026-10-03T00:23:29.731568+00:00,ETH-27NOV26-2600-C,2687.35,ETH-27NOV26,call,2600.0,2026-11-27T08:00:00+00:00,0.15144973852358862,0.0915,0.093,0.09237,0.09225,2687.35,ETH-27NOV26,0.4917,0.60615,4.02569,1117.0,250.0,0.0015000000000000013,ETH,2670.78,70918.66
2026-10-03T00:23:29.731568+00:00,ETH-26MAR27-5000-P,2727.36,ETH-26MAR27,put,5000.0,2027-03-26T08:00:00+00:00,0.4772539821923087,0.837,0.865,0.849242,0.851,2727.36,ETH-26MAR27,0.5858,-0.90221,3.25477,21.0,0.0,0.028000000000000025,ETH,2670.78,0.0
2026-10-03T00:23:29.731568+00:00,ETH-5OCT26-2760-C,2671.39,ETH-5OCT26,call,2760.0,2026-10-05T08:00:00+00:00,0.006343646805587244,0.0005,0.0008,0.000627,0.00065,2671.39,ETH-5OCT26,0.2711,0.06827,0.28025,1930.0,2004.0,0.00030000000000000003,ETH,2670.78,45120.7
2026-10-03T00:23:29.731568+00:00,ETH-6OCT26-2500-P,2671.71,ETH-6OCT26,put,2500.0,2026-10-06T08:00:00+00:00,0.009081497592719345,0.0009,0.0011,0.000934,0.001,2671.71,ETH-6OCT26,0.4357,-0.05212,0.27144,150.0,150.0,0.0002000000000000001,ETH,2670.78,205.76
2026-10-03T00:23:29.731568+00:00,ETH-30OCT26-3200-C,2678.04,ETH-30OCT26,call,3200.0,2026-10-30T08:00:00+00:00,0.07478991648388979,0.006,0.007,0.006505,0.0065,2678.04,ETH-30OCT26,0.49479999999999996,0.10623,1.34365,16982.0,5178.0,0.001,ETH,2670.78,153461.66
2026-10-03T00:23:29.731568+00:00,ETH-26MAR27-800-C,2727.35,ETH-26MAR27,call,800.0,2027-03-26T08:00:00+00:00,0.4772539821923087,0.707,0.709,0.708394,0.708,2727.35,ETH-26MAR27,0.8281999999999999,0.99244,0.39335,0.0,0.0,0.0020000000000000018,ETH,2670.78,0.0
2026-10-03T00:23:29.731568+00:00,ETH-26MAR27-4400-C,2727.36,ETH-26MAR27,call,4400.0,2027-03-26T08:00:00+00:00,0.4772539821923087,0.0255,0.0265,0.025975,0.026,2727.36,ETH-26MAR27,0.5643,0.15127,4.42007,955.0,1.0,0.0010000000000000009,ETH,2670.78,76.26
2026-10-03T00:23:29.731568+00:00,ETH-25DEC26-3000-P,2697.32,ETH-25DEC26,put,3000.0,2026-12-25T08:00:00+00:00,0.22810956056328743,0.1655,0.17,0.167189,0.16775,2697.32,ETH-25DEC26,0.5051,-0.6252,4.88679,839.0,0.0,0.004500000000000004,ETH,2670.78,0.0
2026-10-03T00:23:29.731568+00:00,ETH-24SEP27-5500-P,2791.12,ETH-24SEP27,put,5500.0,2027-09-24T08:00:00+00:00,0.9755428254503511,0.9995,1.0325,1.014517,1.016,2791.12,ETH-24SEP27,0.5745,-0.81878,7.26851,0.0,0.0,0.03299999999999992,ETH,2670.78,0.0
2026-10-03T00:23:29.731568+00:00,ETH-25JUN27-4100-C,2759.44,ETH-25JUN27,call,4100.0,2027-06-25T08:00:00+00:00,0.7263984038213298,0.062,0.0645,0.063383,0.06325,2759.44,ETH-25JUN27,0.5533,0.27319,7.82593,3.0,0.0,0.0025000000000000022,ETH,2670.79,0.0
2026-10-03T00:23:29.731568+00:00,ETH-23OCT26-3000-P,2676.16,ETH-23OCT26,put,3000.0,2026-10-23T08:00:00+00:00,0.05562496097396506,0.126,0.1345,0.129626,0.13025,2676.16,ETH-23OCT26,0.4592,-0.84097,1.53035,0.0,0.0,0.008500000000000008,ETH,2670.78,0.0
2026-10-03T00:23:29.731568+00:00,ETH-25JUN27-1900-P,2759.44,ETH-25JUN27,put,1900.0,2027-06-25T08:00:00+00:00,0.7263984038213298,0.049,0.051,0.050038,0.05,2759.44,ETH-25JUN27,0.5682,-0.15555,5.62017,3370.0,0.0,0.001999999999999995,ETH,2670.79,0.0
2026-10-03T00:23:29.731568+00:00,ETH-16OCT26-3000-P,2674.27,ETH-16OCT26,put,3000.0,2026-10-16T08:00:00+00:00,0.03646000546404036,0.123,0.131,0.126157,0.127,2674.27,ETH-16OCT26,0.4654,-0.89366,0.93753,10.0,0.0,0.008000000000000007,ETH,2670.79,0.0
2026-10-03T00:23:29.731568+00:00,ETH-27NOV26-3400-P,2687.35,ETH-27NOV26,put,3400.0,2026-11-27T08:00:00+00:00,0.15144973852358862,0.2745,0.2855,0.27908,0.28,2687.35,ETH-27NOV26,0.5214,-0.85458,2.38949,3.0,0.0,0.010999999999999954,ETH,2670.79,0.0
2026-10-03T00:23:29.731568+00:00,ETH-25DEC26-4500-C,2697.32,ETH-25DEC26,call,4500.0,2026-12-25T08:00:00+00:00,0.22810956056328743,0.0049,0.0055,0.005226,0.0052,2697.32,ETH-25DEC26,0.5957,0.0489,1.30603,3348.0,0.0,0.0005999999999999998,ETH,2670.79,0.0
2026-10-03T00:23:29.731568+00:00,ETH-30OCT26-1000-P,2678.01,ETH-30OCT26,put,1000.0,2026-10-30T08:00:00+00:00,0.07478991648388979,,0.0001,2.2e-05,,2678.01,ETH-30OCT26,1.0879,-0.00027,0.00736,2460.0,0.0,,ETH,2670.79,0.0
2026-10-03T00:23:29.731568+00:00,ETH-25JUN27-1400-C,2759.44,ETH-25JUN27,call,1400.0,2027-06-25T08:00:00+00:00,0.7263984038213298,0.5085,0.5125,0.51123,0.5105,2759.44,ETH-25JUN27,0.632,0.93688,2.91625,50.0,0.0,0.0040000000000000036,ETH,2670.78,0.0
2026-10-03T00:23:29.731568+00:00,ETH-26MAR27-2300-C,2727.36,ETH-26MAR27,call,2300.0,2027-03-26T08:00:00+00:00,0.4772539821923087,0.2265,0.2295,0.228751,0.228,2727.36,ETH-26MAR27,0.5409,0.73998,6.11492,5130.0,0.0,0.0030000000000000027,ETH,2670.78,0.0
2026-10-03T00:23:29.731568+00:00,ETH-25DEC26-3500-P,2697.33,ETH-25DEC26,put,3500.0,2026-12-25T08:00:00+00:00,0.22810956056328743,0.3145,0.3275,0.319721,0.321,2697.33,ETH-25DEC26,0.526,-0.81865,3.39808,70.0,0.0,0.013000000000000012,ETH,2670.78,0.0
2026-10-03T00:23:29.731568+00:00,ETH-26MAR27-6000-C,2727.36,ETH-26MAR27,call,6000.0,2027-03-26T08:00:00+00:00,0.4772539821923087,0.0075,0.0085,0.008023,0.008,2727.36,ETH-26MAR27,0.6196,0.05189,2.00247,5412.0,0.0,0.0010000000000000009,ETH,2670.78,0.0
2026-10-03T00:23:29.731568+00:00,ETH-6OCT26-2680-P,2671.67,ETH-6OCT26,put,2680.0,2026-10-06T08:00:00+00:00,0.009081497592719345,0.012,0.013,0.01242,0.0125,2671.67,ETH-6OCT26,0.2836,-0.53744,1.01142,106.0,186.0,0.0009999999999999992,ETH,2670.78,5618.03
2026-10-03T00:23:29.731568+00:00,ETH-24SEP27-2400-C,2791.13,ETH-24SEP27,call,2400.0,2027-09-24T08:00:00+00:00,0.9755428254503511,0.2655,0.2825,0.276273,0.274,2791.13,ETH-24SEP27,0.5489,0.70881,9.45974,1.0,1.0,0.01699999999999996,ETH,2670.78,734.52
2026-10-03T00:23:29.731568+00:00,ETH-24SEP27-2000-P,2791.12,ETH-24SEP27,put,2000.0,2027-09-24T08:00:00+00:00,0.9755428254503511,0.076,0.079,0.077336,0.0775,2791.12,ETH-24SEP27,0.5609000000000001,-0.18974,7.47869,174.0,2.0,0.0030000000000000027,ETH,2670.78,409.76
2026-10-03T00:23:29.731568+00:00,ETH-4OCT26-2300-P,2670.96,ETH-4OCT26,put,2300.0,2026-10-04T08:00:00+00:00,0.0036057960184551425,,0.0002,5e-05,,2670.96,ETH-4OCT26,0.9143000000000001,-0.00292,0.01433,450.0,265.0,,ETH,2670.78,72.38
2026-10-03T00:23:29.731568+00:00,ETH-6OCT26-2580-P,2671.67,ETH-6OCT26,put,2580.0,2026-10-06T08:00:00+00:00,0.009081497592719345,0.0021,0.0025,0.002234,0.0023,2671.67,ETH-6OCT26,0.33770000000000006,-0.13414,0.55047,38.0,38.0,0.0004000000000000002,ETH,2670.78,154.05
2026-10-03T00:23:29.731568+00:00,ETH-3OCT26-2450-C,2670.37,ETH-3OCT26,call,2450.0,2026-10-03T08:00:00+00:00,0.0008679452313230411,0.0795,0.085,0.082521,0.08225,2670.37,ETH-3OCT26,0.9736,0.9988,0.00313,1.0,0.0,0.005500000000000005,ETH,2670.78,0.0
2026-10-03T00:23:29.731568+00:00,ETH-26MAR27-3500-P,2727.36,ETH-26MAR27,put,3500.0,2027-03-26T08:00:00+00:00,0.4772539821923087,0.343,0.355,0.34564,0.349,2727.36,ETH-26MAR27,0.5368999999999999,-0.68661,6.68199,24.0,0.0,0.011999999999999955,ETH,2670.78,0.0
2026-10-03T00:23:29.731568+00:00,ETH-30OCT26-3400-P,2678.01,ETH-30OCT26,put,3400.0,2026-10-30T08:00:00+00:00,0.07478991648388979,0.269,0.279,0.272777,0.274,2678.01,ETH-30OCT26,0.5235,-0.94458,0.82001,1.0,0.0,0.010000000000000009,ETH,2670.78,0.0
2026-10-03T00:23:29.731568+00:00,ETH-24SEP27-2700-P,2791.12,ETH-24SEP27,put,2700.0,2027-09-24T08:00:00+00:00,0.9755428254503511,0.1915,0.1955,0.193049,0.1935,2791.12,ETH-24SEP27,0.5455,-0.37016,10.41579,331.0,5.0,0.0040000000000000036,ETH,2670.78,2473.47
2026-10-03T00:23:29.731568+00:00,ETH-3OCT26-2560-P,2670.37,ETH-3OCT26,put,2560.0,2026-10-03T08:00:00+00:00,0.0008679452313230411,,0.0002,6.4e-05,,2670.37,ETH-3OCT26,0.6215999999999999,-0.00981,0.02056,411.0,116.0,,ETH,2670.79,243.22
2026-10-03T00:23:29.731568+00:00,ETH-25DEC26-5200-C,2697.32,ETH-25DEC26,call,5200.0,2026-12-25T08:00:00+00:00,0.22810956056328743,0.0021,0.0027,0.002399,0.0024,2697.32,ETH-25DEC26,0.6404000000000001,0.0232,0.70744,9570.0,0.0,0.0006000000000000003,ETH,2670.79,0.0
2026-10-03T00:23:29.731568+00:00,ETH-27NOV26-4400-C,2687.35,ETH-27NOV26,call,4400.0,2026-11-27T08:00:00+00:00,0.15144973852358862,0.002,0.0025,0.002258,0.00225,2687.35,ETH-27NOV26,0.6173,0.02675,0.64715,1165.0,0.0,0.0005,ETH,2670.79,0.0
2026-10-03T00:23:29.731568+00:00,ETH-9OCT26-2300-C,2672.44,ETH-9OCT26,call,2300.0,2026-10-09T08:00:00+00:00,0.017295049954115647,0.138,0.1415,0.140332,0.13975,2672.44,ETH-9OCT26,0.6194,0.97026,0.2375,18.0,0.0,0.0034999999999999754,ETH,2670.79,0.0
2026-10-03T00:23:29.731568+00:00,ETH-9OCT26-2850-P,2672.41,ETH-9OCT26,put,2850.0,2026-10-09T08:00:00+00:00,0.017295049954115647,0.0665,0.0735,0.06977,0.07,2672.41,ETH-9OCT26,0.41590000000000005,-0.87403,0.72763,74.0,35.0,0.006999999999999992,ETH,2670.79,5169.29
2026-10-03T00:23:29.731568+00:00,ETH-3OCT26-2640-C,2670.37,ETH-3OCT26,call,2640.0,2026-10-03T08:00:00+00:00,0.0008679452313230411,0.0085,0.015,0.011692,0.01175,2670.37,ETH-3OCT26,0.2857,0.9177,0.1191,18.0,0.0,0.006499999999999999,ETH,2670.79,0.0
2026-10-03T00:23:29.731568+00:00,ETH-30OCT26-2250-C,2678.01,ETH-30OCT26,call,2250.0,2026-10-30T08:00:00+00:00,0.07478991648388979,0.164,0.168,0.16681,0.166,2678.01,ETH-30OCT26,0.5206000000000001,0.90233,1.26393,617.0,10.0,0.0040000000000000036,ETH,2670.79,5066.49
2026-10-03T00:23:29.731568+00:00,ETH-24SEP27-3800-C,2791.13,ETH-24SEP27,call,3800.0,2027-09-24T08:00:00+00:00,0.9755428254503511,0.1085,0.112,0.110364,0.11025,2791.13,ETH-24SEP27,0.5497,0.38353,10.53153,1002.0,0.0,0.003500000000000003,ETH,2670.79,0.0
2026-10-03T00:23:29.731568+00:00,ETH-24SEP27-3100-P,2791.13,ETH-24SEP27,put,3100.0,2027-09-24T08:00:00+00:00,0.9755428254503511,0.2735,0.2955,0.283343,0.2845,2791.13,ETH-24SEP27,0.5447,-0.47035,10.97348,100.0,0.0,0.021999999999999964,ETH,2670.79,0.0
2026-10-03T00:23:29.731568+00:00,ETH-3OCT26-2640-P,2670.37,ETH-3OCT26,put,2640.0,2026-10-03T08:00:00+00:00,0.0008679452313230411,0.0003,0.0005,0.000334,0.0004,2670.37,ETH-3OCT26,0.2857,-0.0823,0.1191,810.0,496.0,0.00020000000000000004,ETH,2670.79,1266.89
2026-10-03T00:23:29.731568+00:00,ETH-4OCT26-2460-C,2670.95,ETH-4OCT26,call,2460.0,2026-10-04T08:00:00+00:00,0.0036057960184551425,0.076,0.082,0.079209,0.079,2670.95,ETH-4OCT26,0.65,0.98356,0.06567,0.0,0.0,0.006000000000000005,ETH,2670.79,0.0
2026-10-03T00:23:29.731568+00:00,ETH-30OCT26-1900-P,2678.04,ETH-30OCT26,put,1900.0,2026-10-30T08:00:00+00:00,0.07478991648388979,0.0016,0.002,0.001784,0.0018,2678.04,ETH-30OCT26,0.6674,-0.0243,0.41821,1241.0,0.0,0.00039999999999999996,ETH,2670.79,0.0
2026-10-03T00:23:29.731568+00:00,ETH-30OCT26-2900-P,2678.01,ETH-30OCT26,put,2900.0,2026-10-30T08:00:00+00:00,0.07478991648388979,0.102,0.1065,0.103481,0.10425,2678.01,ETH-30OCT26,0.45659999999999995,-0.71696,2.47931,145.0,0.0,0.004500000000000004,ETH,2670.79,0.0
2026-10-03T00:23:29.731568+00:00,ETH-6OCT26-2980-P,2671.71,ETH-6OCT26,put,2980.0,2026-10-06T08:00:00+00:00,0.009081497592719345,0.1125,0.119,0.115685,0.11575,2671.71,ETH-6OCT26,0.5312,-0.98336,0.10542,0.0,0.0,0.006499999999999992,ETH,2670.79,0.0
2026-10-03T00:23:29.731568+00:00,ETH-9OCT26-2100-C,2672.44,ETH-9OCT26,call,2100.0,2026-10-09T08:00:00+00:00,0.017295049954115647,0.212,0.2155,0.214684,0.21375,2672.44,ETH-9OCT26,0.8351000000000001,0.9878,0.11143,0.0,0.0,0.003500000000000003,ETH,2670.78,0.0
2026-10-03T00:23:29.731568+00:00,ETH-24SEP27-2400-P,2791.12,ETH-24SEP27,put,2400.0,2027-09-24T08:00:00+00:00,0.9755428254503511,0.1345,0.138,0.136149,0.13625,2791.12,ETH-24SEP27,0.5489,-0.29119,9.45974,52.0,0.0,0.003500000000000003,ETH,2670.79,0.0
2026-10-03T00:23:29.731568+00:00,ETH-25DEC26-4600-P,2697.33,ETH-25DEC26,put,4600.0,2026-12-25T08:00:00+00:00,0.22810956056328743,0.702,0.721,0.710037,0.7115,2697.33,ETH-25DEC26,0.602,-0.9565,1.18879,0.0,0.0,0.019000000000000017,ETH,2670.78,0.0
2026-10-03T00:23:29.731568+00:00,ETH-26MAR27-900-C,2727.36,ETH-26MAR27,call,900.0,2027-03-26T08:00:00+00:00,0.4772539821923087,0.671,0.673,0.672442,0.672,2727.36,ETH-26MAR27,0.7929,0.98921,0.53696,68.0,0.0,0.0020000000000000018,ETH,2670.78,0.0
2026-10-03T00:23:29.731568+00:00,ETH-23OCT26-3400-P,2676.16,ETH-23OCT26,put,3400.0,2026-10-23T08:00:00+00:00,0.05562496097396506,0.2685,0.277,0.272246,0.27275,2676.16,ETH-23OCT26,0.544,-0.96403,0.49902,0.0,0.0,0.008500000000000008,ETH,2670.78,0.0
2026-10-03T00:23:29.731568+00:00,ETH-3OCT26-2520-C,2670.37,ETH-3OCT26,call,2520.0,2026-10-03T08:00:00+00:00,0.0008679452313230411,0.053,0.059,0.056331,0.056,2670.37,ETH-3OCT26,0.7662,0.99529,0.01074,0.0,0.0,0.005999999999999998,ETH,2670.78,0.0
2026-10-03T00:23:29.731568+00:00,ETH-27NOV26-1800-C,2687.35,ETH-27NOV26,call,1800.0,2026-11-27T08:00:00+00:00,0.15144973852358862,0.333,0.3355,0.334719,0.33425,2687.35,ETH-27NOV26,0.6374,0.95905,0.91898,0.0,1.0,0.0025000000000000022,ETH,2670.78,886.49
2026-10-03T00:23:29.731568+00:00,ETH-26MAR27-900-P,2727.35,ETH-26MAR27,put,900.0,2027-03-26T08:00:00+00:00,0.4772539821923087,0.0021,0.0028,0.002438,0.00245,2727.35,ETH-26MAR27,0.7929,-0.01079,0.53695,918.0,2.0,0.0007000000000000001,ETH,2670.78,13.68
2026-10-03T00:23:29.731568+00:00,ETH-6OCT26-3000-P,2671.71,ETH-6OCT26,put,3000.0,2026-10-06T08:00:00+00:00,0.009081497592719345,0.1195,0.1265,0.123163,0.123,2671.71,ETH-6OCT26,0.5566,-0.9844,0.09973,0.0,0.0,0.007000000000000006,ETH,2670.78,0.0
2026-10-03T00:23:29.731568+00:00,ETH-27NOV26-3150-P,2687.35,ETH-27NOV26,put,3150.0,2026-11-27T08:00:00+00:00,0.15144973852358862,0.1925,0.2035,0.197034,0.198,2687.35,ETH-27NOV26,0.5025999999999999,-0.76209,3.23729,18.0,0.0,0.010999999999999982,ETH,2670.78,0.0
2026-10-03T00:23:29.731568+00:00,ETH-25JUN27-2600-P,2759.44,ETH-25JUN27,put,2600.0,2027-06-25T08:00:00+00:00,0.7263984038213298,0.148,0.151,0.149596,0.1495,2759.44,ETH-25JUN27,0.5408,-0.35942,8.79837,404.0,0.0,0.0030000000000000027,ETH,2670.78,0.0
2026-10-03T00:23:29.731568+00:00,ETH-5OCT26-2480-C,2671.36,ETH-5OCT26,call,2480.0,2026-10-05T08:00:00+00:00,0.006343646805587244,0.069,0.075,0.072061,0.072,2671.36,ETH-5OCT26,0.4919,0.97278,0.13351,0.0,0.0,0.0059999999999999915,ETH,2670.78,0.0
2026-10-03T00:23:29.731568+00:00,ETH-6OCT26-2620-P,2671.71,ETH-6OCT26,put,2620.0,2026-10-06T08:00:00+00:00,0.009081497592719345,0.0041,0.0046,0.004284,0.00435,2671.71,ETH-6OCT26,0.3042,-0.24341,0.79772,1.0,1.0,0.0004999999999999996,ETH,2670.78,9.21
2026-10-03T00:23:29.731568+00:00,ETH-5OCT26-2660-C,2671.39,ETH-5OCT26,call,2660.0,2026-10-05T08:00:00+00:00,0.006343646805587244,0.0085,0.01,0.009409,0.00925,2671.39,ETH-5OCT26,0.2232,0.60397,0.81989,140.0,120.0,0.0014999999999999996,ETH,2670.78,2364.4
2026-10-03T00:23:29.731568+00:00,ETH-30OCT26-3100-P,2678.01,ETH-30OCT26,put,3100.0,2026-10-30T08:00:00+00:00,0.07478991648388979,0.164,0.1725,0.167023,0.16825,2678.01,ETH-30OCT26,0.4808,-0.85215,1.69194,0.0,0.0,0.00849999999999998,ETH,2670.78,0.0
2026-10-03T00:23:29.731568+00:00,ETH-3OCT26-2550-P,2670.37,ETH-3OCT26,put,2550.0,2026-10-03T08:00:00+00:00,0.0008679452313230411,,0.0002,5.4e-05,,2670.37,ETH-3OCT26,0.6581,-0.00805,0.01728,123.0,152.0,,ETH,2670.75,89.95
2026-10-03T00:23:29.731568+00:00,ETH-30OCT26-2300-P,2678.01,ETH-30OCT26,put,2300.0,2026-10-30T08:00:00+00:00,0.07478991648388979,0.0085,0.0095,0.008943,0.009,2678.01,ETH-30OCT26,0.5085999999999999,-0.1222,1.48455,18963.0,5.0,0.0009999999999999992,ETH,2670.75,110.91
2026-10-03T00:23:29.731568+00:00,ETH-5OCT26-2620-P,2671.39,ETH-5OCT26,put,2620.0,2026-10-05T08:00:00+00:00,0.006343646805587244,0.0018,0.0021,0.001947,0.00195,2671.39,ETH-5OCT26,0.2613,-0.16966,0.53777,1480.0,1878.0,0.0002999999999999999,ETH,2670.75,5265.09
2026-10-03T00:23:29.731568+00:00,ETH-30OCT26-3600-P,2678.01,ETH-30OCT26,put,3600.0,2026-10-30T08:00:00+00:00,0.07478991648388979,0.342,0.3515,0.346173,0.34675,2678.01,ETH-30OCT26,0.565,-0.96683,0.54174,18.0,0.0,0.009499999999999953,ETH,2670.75,0.0
2026-10-03T00:23:29.731568+00:00,ETH-16OCT26-3400-C,2674.27,ETH-16OCT26,call,3400.0,2026-10-16T08:00:00+00:00,0.03646000546404036,0.0007,0.0009,0.000789,0.0008,2674.27,ETH-16OCT26,0.5939,0.0198,0.24523,788.0,32.0,0.00019999999999999998,ETH,2670.75,91.35
2026-10-03T00:23:29.731568+00:00,ETH-6OCT26-2640-C,2671.71,ETH-6OCT26,call,2640.0,2026-10-06T08:00:00+00:00,0.009081497592719345,0.0165,0.019,0.018028,0.01775,2671.71,ETH-6OCT26,0.2937,0.67293,0.9189,0.0,0.0,0.0024999999999999988,ETH,2670.75,0.0
2026-10-03T00:23:29.731568+00:00,ETH-4OCT26-2900-C,2670.95,ETH-4OCT26,call,2900.0,2026-10-04T08:00:00+00:00,0.0036057960184551425,,0.0001,5e-06,,2670.95,ETH-4OCT26,0.4307,0.00078,0.00432,671.0,688.0,,ETH,2670.78,1878.99
2026-10-03T00:23:29.731568+00:00,ETH-3OCT26-2760-P,2670.37,ETH-3OCT26,put,2760.0,2026-10-03T08:00:00+00:00,0.0008679452313230411,0.03,0.037,0.03361,0.0335,2670.37,ETH-3OCT26,0.4542,-0.99293,0.01542,27.0,69.0,0.006999999999999999,ETH,2670.78,2638.81
2026-10-03T00:23:29.731568+00:00,ETH-27NOV26-2100-P,2687.35,ETH-27NOV26,put,2100.0,2026-11-27T08:00:00+00:00,0.15144973852358862,0.0115,0.0125,0.011931,0.012,2687.35,ETH-27NOV26,0.5537,-0.10519,1.90508,2325.0,1.0,0.0010000000000000009,ETH,2670.81,28.92
2026-10-03T00:23:29.731568+00:00,ETH-25DEC26-3000-C,2697.32,ETH-25DEC26,call,3000.0,2026-12-25T08:00:00+00:00,0.22810956056328743,0.0545,0.0555,0.054957,0.055,2697.32,ETH-25DEC26,0.5051,0.3748,4.88679,12755.0,52.0,0.0010000000000000009,ETH,2670.81,9389.26
2026-10-03T00:23:29.731568+00:00,ETH-23OCT26-2400-P,2676.16,ETH-23OCT26,put,2400.0,2026-10-23T08:00:00+00:00,0.05562496097396506,0.009,0.01,0.009372,0.0095,2676.16,ETH-23OCT26,0.47600000000000003,-0.15199,1.48538,71.0,50.0,0.0010000000000000009,ETH,2670.78,1075.16
2026-10-03T00:23:29.731568+00:00,ETH-6OCT26-2840-P,2671.71,ETH-6OCT26,put,2840.0,2026-10-06T08:00:00+00:00,0.009081497592719345,0.0605,0.0675,0.063845,0.064,2671.71,ETH-6OCT26,0.3951,-0.94505,0.28309,0.0,0.0,0.007000000000000006,ETH,2670.81,0.0
2026-10-03T00:23:29.731568+00:00,ETH-5OCT26-2300-C,2671.39,ETH-5OCT26,call,2300.0,2026-10-05T08:00:00+00:00,0.006343646805587244,0.137,0.14,0.139127,0.1385,2671.39,ETH-5OCT26,0.7467,0.99463,0.03276,0.0,0.0,0.0030000000000000027,ETH,2670.81,0.0
2026-10-03T00:23:29.731568+00:00,ETH-25DEC26-4200-P,2697.33,ETH-25DEC26,put,4200.0,2026-12-25T08:00:00+00:00,0.22810956056328743,0.5585,0.5745,0.56466,0.5665,2697.33,ETH-25DEC26,0.5726,-0.93074,1.7165,62.0,0.0,0.016000000000000014,ETH,2670.81,0.0
2026-10-03T00:23:29.731568+00:00,ETH-26MAR27-2100-C,2727.35,ETH-26MAR27,call,2100.0,2027-03-26T08:00:00+00:00,0.4772539821923087,0.2765,0.28,0.278946,0.27825,2727.35,ETH-26MAR27,0.5540999999999999,0.8091,5.13052,854.0,0.0,0.003500000000000003,ETH,2670.81,0.0
2026-10-03T00:23:29.731568+00:00,ETH-26MAR27-1300-C,2727.36,ETH-26MAR27,call,1300.0,2027-03-26T08:00:00+00:00,0.4772539821923087,0.5295,0.532,0.531297,0.53075,2727.36,ETH-26MAR27,0.6828,0.96458,1.47096,36.0,0.0,0.0025000000000000577,ETH,2670.81,0.0
2026-10-03T00:23:29.731568+00:00,ETH-25DEC26-2200-P,2697.32,ETH-25DEC26,put,2200.0,2026-12-25T08:00:00+00:00,0.22810956056328743,0.0275,0.0285,0.02789,0.028,2697.32,ETH-25DEC26,0.5361,-0.17763,3.35404,9671.0,20.0,0.0010000000000000009,ETH,2670.81,1325.78
2026-10-03T00:23:29.731568+00:00,ETH-24SEP27-4200-P,2791.13,ETH-24SEP27,put,4200.0,2027-09-24T08:00:00+00:00,0.9755428254503511,0.5785,0.607,0.591728,0.59275,2791.13,ETH-24SEP27,0.5547,-0.68126,9.84769,0.0,0.0,0.02849999999999997,ETH,2670.81,0.0
2026-10-03T00:23:29.731568+00:00,ETH-27NOV26-2900-P,2687.35,ETH-27NOV26,put,2900.0,2026-11-27T08:00:00+00:00,0.15144973852358862,0.1235,0.1275,0.12485,0.1255,2687.35,ETH-27NOV26,0.4907,-0.61879,3.98779,886.0,0.0,0.0040000000000000036,ETH,2670.81,0.0
2026-10-03T00:23:29.731568+00:00,ETH-30OCT26-2200-P,2678.01,ETH-30OCT26,put,2200.0,2026-10-30T08:00:00+00:00,0.07478991648388979,0.0055,0.006,0.005714,0.00575,2678.01,ETH-30OCT26,0.5405,-0.08007,1.09002,4405.0,3238.0,0.0005000000000000004,ETH,2670.81,39111.94
2026-10-03T00:23:29.731568+00:00,ETH-27NOV26-2200-C,2687.35,ETH-27NOV26,call,2200.0,2026-11-27T08:00:00+00:00,0.15144973852358862,0.196,0.199,0.198213,0.1975,2687.35,ETH-27NOV26,0.5352,0.85662,2.36684,1.0,0.0,0.0030000000000000027,ETH,2670.81,0.0
2026-10-03T00:23:29.731568+00:00,ETH-24SEP27-3900-C,2791.13,ETH-24SEP27,call,3900.0,2027-09-24T08:00:00+00:00,0.9755428254503511,0.102,0.1055,0.103804,0.10375,2791.13,ETH-24SEP27,0.5507,0.36605,10.37774,61.0,0.0,0.003500000000000003,ETH,2670.81,0.0
2026-10-03T00:23:29.731568+00:00,ETH-23OCT26-2800-C,2676.16,ETH-23OCT26,call,2800.0,2026-10-23T08:00:00+00:00,0.05562496097396506,0.0225,0.0235,0.022884,0.023,2676.16,ETH-23OCT26,0.4368,0.35009,2.33929,376.0,376.0,0.0010000000000000009,ETH,2670.81,36826.06
2026-10-03T00:23:29.731568+00:00,ETH-25DEC26-2100-C,2697.32,ETH-25DEC26,call,2100.0,2026-12-25T08:00:00+00:00,0.22810956056328743,0.24,0.2435,0.242418,0.24175,2697.32,ETH-25DEC26,0.5497,0.86109,2.8537,1377.0,25.0,0.003500000000000003,ETH,2670.81,17562.51
2026-10-03T00:23:29.731568+00:00,ETH-30OCT26-2500-P,2678.04,ETH-30OCT26,put,2500.0,2026-10-30T08:00:00+00:00,0.07478991648388979,0.0225,0.0235,0.022941,0.023,2678.04,ETH-30OCT26,0.4668,-0.2731,2.43641,4723.0,147.0,0.0010000000000000009,ETH,2670.81,7738.42
2026-10-03T00:23:29.731568+00:00,ETH-5OCT26-2840-C,2671.39,ETH-5OCT26,call,2840.0,2026-10-05T08:00:00+00:00,0.006343646805587244,0.0002,0.0004,0.000213,0.0003,2671.39,ETH-5OCT26,0.3711,0.02052,0.10528,296.0,403.0,0.0002,ETH,2670.81,2626.36
2026-10-03T00:23:29.731568+00:00,ETH-27NOV26-1800-P,2687.35,ETH-27NOV26,put,1800.0,2026-11-27T08:00:00+00:00,0.15144973852358862,0.0043,0.0048,0.004529,0.00455,2687.35,ETH-27NOV26,0.6374,-0.04095,0.91903,1355.0,32.0,0.0004999999999999996,ETH,2670.81,369.71
2026-10-03T00:23:29.731568+00:00,ETH-24SEP27-3500-P,2791.13,ETH-24SEP27,put,3500.0,2027-09-24T08:00:00+00:00,0.9755428254503511,0.3775,0.4015,0.387067,0.3895,2791.13,ETH-24SEP27,0.5467,-0.55906,10.88325,0.0,0.0,0.02400000000000002,ETH,2670.81,0.0
2026-10-03T00:23:29.731568+00:00,ETH-26MAR27-4800-C,2727.36,ETH-26MAR27,call,4800.0,2027-03-26T08:00:00+00:00,0.4772539821923087,0.018,0.019,0.018558,0.0185,2727.36,ETH-26MAR27,0.5783,0.11231,3.59792,3480.0,10.0,0.0010000000000000009,ETH,2670.81,526.32
2026-10-03T00:23:29.731568+00:00,ETH-27NOV26-3150-C,2687.35,ETH-27NOV26,call,3150.0,2026-11-27T08:00:00+00:00,0.15144973852358862,0.0245,0.0255,0.024867,0.025,2687.35,ETH-27NOV26,0.5025999999999999,0.2379,3.23719,1096.0,0.0,0.0009999999999999974,ETH,2670.81,0.0
2026-10-03T00:23:29.731568+00:00,ETH-30OCT26-2850-C,2678.04,ETH-30OCT26,call,2850.0,2026-10-30T08:00:00+00:00,0.07478991648388979,0.025,0.0255,0.025292,0.02525,2678.04,ETH-30OCT26,0.4542,0.33078,2.65597,1726.0,2.0,0.000499999999999997,ETH,2670.81,209.45
2026-10-03T00:23:29.731568+00:00,ETH-5OCT26-2850-C,2671.39,ETH-5OCT26,call,2850.0,2026-10-05T08:00:00+00:00,0.006343646805587244,0.0002,0.0004,0.000212,0.0003,2671.39,ETH-5OCT26,0.3887,0.01959,0.10122,0.0,0.0,0.0002,ETH,2670.81,0.0
2026-10-03T00:23:29.731568+00:00,ETH-25DEC26-3300-C,2697.33,ETH-25DEC26,call,3300.0,2026-12-25T08:00:00+00:00,0.22810956056328743,0.031,0.032,0.0316,0.0315,2697.33,ETH-25DEC26,0.516,0.24385,4.04184,4052.0,20.0,0.0010000000000000009,ETH,2670.82,1667.65
2026-10-03T00:23:29.731568+00:00,ETH-23OCT26-3100-P,2676.16,ETH-23OCT26,put,3100.0,2026-10-23T08:00:00+00:00,0.05562496097396506,0.1605,0.1685,0.16371,0.1645,2676.16,ETH-23OCT26,0.4742,-0.89549,1.14444,0.0,0.0,0.008000000000000007,ETH,2670.82,0.0
2026-10-03T00:23:29.731568+00:00,ETH-4OCT26-2400-C,2670.95,ETH-4OCT26,call,2400.0,2026-10-04T08:00:00+00:00,0.0036057960184551425,0.099,0.1025,0.101592,0.10075,2670.95,ETH-4OCT26,0.7709999999999999,0.99032,0.04153,0.0,0.0,0.0034999999999999892,ETH,2670.82,0.0
2026-10-03T00:23:29.731568+00:00,ETH-30OCT26-2150-P,2678.04,ETH-30OCT26,put,2150.0,2026-10-30T08:00:00+00:00,0.07478991648388979,0.0044,0.0048,0.004573,0.0046,2678.04,ETH-30OCT26,0.5574,-0.06461,0.92466,4854.0,477.0,0.0003999999999999993,ETH,2670.82,5243.99
2026-10-03T00:23:29.731568+00:00,ETH-27NOV26-2500-C,2687.35,ETH-27NOV26,call,2500.0,2026-11-27T08:00:00+00:00,0.15144973852358862,0.113,0.1155,0.114423,0.11425,2687.35,ETH-27NOV26,0.4976,0.68111,3.73636,1780.0,632.0,0.0025000000000000022,ETH,2670.84,220934.27
2026-10-03T00:23:29.731568+00:00,ETH-5OCT26-2880-C,2671.39,ETH-5OCT26,call,2880.0,2026-10-05T08:00:00+00:00,0.006343646805587244,0.0001,0.0003,0.000187,0.0002,2671.39,ETH-5OCT26,0.4335,0.01564,0.08354,253.0,275.0,0.00019999999999999998,ETH,2670.82,1131.2
2026-10-03T00:23:29.731568+00:00,ETH-6OCT26-2450-P,2671.71,ETH-6OCT26,put,2450.0,2026-10-06T08:00:00+00:00,0.009081497592719345,0.0006,0.0007,0.000608,0.00065,2671.71,ETH-6OCT26,0.4979,-0.03193,0.18247,0.0,0.0,0.00010000000000000005,ETH,2670.82,0.0
2026-10-03T00:23:29.731568+00:00,ETH-25DEC26-1200-C,2697.33,ETH-25DEC26,call,1200.0,2026-12-25T08:00:00+00:00,0.22810956056328743,0.5555,0.5575,0.556701,0.5565,2697.33,ETH-25DEC26,0.8039000000000001,0.98932,0.36389,341.0,0.0,0.0020000000000000018,ETH,2670.84,0.0
2026-10-03T00:23:29.731568+00:00,ETH-27NOV26-2450-P,2687.35,ETH-27NOV26,put,2450.0,2026-11-27T08:00:00+00:00,0.15144973852358862,0.038,0.039,0.038333,0.0385,2687.35,ETH-27NOV26,0.5015999999999999,-0.28364,3.54425,1411.0,310.0,0.0010000000000000009,ETH,2670.84,29560.02
2026-10-03T00:23:29.731568+00:00,ETH-25DEC26-3500-C,2697.33,ETH-25DEC26,call,3500.0,2026-12-25T08:00:00+00:00,0.22810956056328743,0.0215,0.0225,0.022117,0.022,2697.33,ETH-25DEC26,0.526,0.18139,3.39868,32939.0,294.0,0.0010000000000000009,ETH,2670.84,22618.0
2026-10-03T00:23:29.731568+00:00,ETH-24SEP27-4100-P,2791.13,ETH-24SEP27,put,4100.0,2027-09-24T08:00:00+00:00,0.9755428254503511,0.55,0.576,0.561086,0.563,2791.13,ETH-24SEP27,0.5532,-0.66633,10.03332,0.0,0.0,0.025999999999999912,ETH,2670.84,0.0
2026-10-03T00:23:29.731568+00:00,ETH-5OCT26-2520-C,2671.39,ETH-5OCT26,call,2520.0,2026-10-05T08:00:00+00:00,0.006343646805587244,0.054,0.06,0.057242,0.057,2671.39,ETH-5OCT26,0.426,0.95943,0.18548,0.0,0.0,0.005999999999999998,ETH,2670.84,0.0
2026-10-03T00:23:29.731568+00:00,ETH-26MAR27-7000-P,2727.36,ETH-26MAR27,put,7000.0,2027-03-26T08:00:00+00:00,0.4772539821923087,1.5555,1.5945,1.571139,1.575,2727.36,ETH-26MAR27,0.6484000000000001,-0.96988,1.28688,0.0,0.0,0.038999999999999924,ETH,2670.85,0.0
2026-10-03T00:23:29.731568+00:00,ETH-26MAR27-2500-P,2727.36,ETH-26MAR27,put,2500.0,2027-03-26T08:00:00+00:00,0.4772539821923087,0.1015,0.103,0.102155,0.10225,2727.36,ETH-26MAR27,0.5328,-0.33685,6.88278,2190.0,3.0,0.0014999999999999875,ETH,2670.85,772.77
2026-10-03T00:23:29.731568+00:00,ETH-25DEC26-1200-P,2697.33,ETH-25DEC26,put,1200.0,2026-12-25T08:00:00+00:00,0.22810956056328743,0.0015,0.0019,0.001594,0.0017,2697.33,ETH-25DEC26,0.8039000000000001,-0.01068,0.36388,6712.0,20.0,0.00039999999999999996,ETH,2670.85,102.76
2026-10-03T00:23:29.731568+00:00,ETH-30OCT26-4000-C,2678.01,ETH-30OCT26,call,4000.0,2026-10-30T08:00:00+00:00,0.07478991648388979,0.0007,0.0009,0.000778,0.0008,2678.01,ETH-30OCT26,0.6376,0.01349,0.25321,2795.0,1050.0,0.00019999999999999998,ETH,2670.85,2865.61
2026-10-03T00:23:29.731568+00:00,ETH-25JUN27-5500-C,2759.44,ETH-25JUN27,call,5500.0,2027-06-25T08:00:00+00:00,0.7263984038213298,0.025,0.027,0.026056,0.026,2759.44,ETH-25JUN27,0.584,0.12801,4.92511,647.0,0.0,0.0019999999999999983,ETH,2670.85,0.0
2026-10-03T00:23:29.731568+00:00,ETH-5OCT26-2580-C,2671.39,ETH-5OCT26,call,2580.0,2026-10-05T08:00:00+00:00,0.006343646805587244,0.032,0.036,0.03522,0.034,2671.39,ETH-5OCT26,0.3218,0.91657,0.32651,0.0,0.0,0.003999999999999997,ETH,2670.85,0.0
2026-10-03T00:23:29.731568+00:00,ETH-25JUN27-4600-C,2759.44,ETH-25JUN27,call,4600.0,2027-06-25T08:00:00+00:00,0.7263984038213298,0.044,0.046,0.045094,0.045,2759.44,ETH-25JUN27,0.5644,0.20585,6.7023,203.0,0.0,0.0020000000000000018,ETH,2670.85,0.0
2026-10-03T00:23:29.731568+00:00,ETH-25JUN27-5200-C,2759.44,ETH-25JUN27,call,5200.0,2027-06-25T08:00:00+00:00,0.7263984038213298,0.03,0.032,0.031053,0.031,2759.44,ETH-25JUN27,0.5778,0.1493,5.46947,23.0,0.0,0.0020000000000000018,ETH,2670.85,0.0
2026-10-03T00:23:29.731568+00:00,ETH-6OCT26-2720-C,2671.71,ETH-6OCT26,call,2720.0,2026-10-06T08:00:00+00:00,0.009081497592719345,0.0041,0.0047,0.004408,0.0044,2671.71,ETH-6OCT26,0.292,0.26715,0.83754,48.0,48.0,0.0005999999999999998,ETH,2670.85,788.15
2026-10-03T00:23:29.731568+00:00,ETH-30OCT26-2400-C,2678.04,ETH-30OCT26,call,2400.0,2026-10-30T08:00:00+00:00,0.07478991648388979,0.1155,0.119,0.118194,0.11725,2678.04,ETH-30OCT26,0.48469999999999996,0.81436,1.96001,3661.0,0.0,0.0034999999999999892,ETH,2670.85,0.0
2026-10-03T00:23:29.731568+00:00,ETH-26MAR27-1300-P,2727.36,ETH-26MAR27,put,1300.0,2027-03-26T08:00:00+00:00,0.4772539821923087,0.0075,0.0085,0.007957,0.008,2727.36,ETH-26MAR27,0.6828,-0.03542,1.47091,1864.0,1.0,0.0010000000000000009,ETH,2670.85,19.24
2026-10-03T00:23:29.731568+00:00,ETH-27NOV26-2350-C,2687.35,ETH-27NOV26,call,2350.0,2026-11-27T08:00:00+00:00,0.15144973852358862,0.151,0.154,0.153331,0.1525,2687.35,ETH-27NOV26,0.5121,0.78035,3.09536,52.0,0.0,0.0030000000000000027,ETH,2670.87,0.0
2026-10-03T00:23:29.731568+00:00,ETH-25JUN27-4500-P,2759.47,ETH-25JUN27,put,4500.0,2027-06-25T08:00:00+00:00,0.7263984038213298,0.6675,0.6925,0.678853,0.68,2759.47,ETH-25JUN27,0.562,-0.78254,6.92107,1.0,0.0,0.025000000000000022,ETH,2670.85,0.0
2026-10-03T00:23:29.731568+00:00,ETH-5OCT26-2450-C,2671.39,ETH-5OCT26,call,2450.0,2026-10-05T08:00:00+00:00,0.006343646805587244,0.081,0.0845,0.083249,0.08275,2671.39,ETH-5OCT26,0.5493,0.97754,0.11363,0.0,0.0,0.003500000000000003,ETH,2670.87,0.0
2026-10-03T00:23:29.731568+00:00,ETH-30OCT26-2100-C,2678.04,ETH-30OCT26,call,2100.0,2026-10-30T08:00:00+00:00,0.07478991648388979,0.217,0.2205,0.219583,0.21875,2678.04,ETH-30OCT26,0.5775,0.94729,0.78813,1498.0,2.0,0.003500000000000003,ETH,2670.87,1315.97
2026-10-03T00:23:29.731568+00:00,ETH-25JUN27-5200-P,2759.44,ETH-25JUN27,put,5200.0,2027-06-25T08:00:00+00:00,0.7263984038213298,0.9025,0.9315,0.915473,0.917,2759.44,ETH-25JUN27,0.5778,-0.8507,5.46958,0.0,0.0,0.029000000000000026,ETH,2670.87,0.0
2026-10-03T00:23:29.731568+00:00,ETH-6OCT26-2880-C,2671.71,ETH-6OCT26,call,2880.0,2026-10-06T08:00:00+00:00,0.009081497592719345,0.0005,0.0007,0.000608,0.0006,2671.71,ETH-6OCT26,0.4363,0.03756,0.20846,374.0,374.0,0.00019999999999999998,ETH,2670.87,1830.6
2026-10-03T00:23:29.731568+00:00,ETH-25DEC26-2700-C,2697.33,ETH-25DEC26,call,2700.0,2026-12-25T08:00:00+00:00,0.22810956056328743,0.0945,0.096,0.095256,0.09525,2697.33,ETH-25DEC26,0.5034000000000001,0.54662,5.1072,6674.0,422.0,0.0015000000000000013,ETH,2670.86,108266.4
2026-10-03T00:23:29.731568+00:00,ETH-30OCT26-2000-P,2678.01,ETH-30OCT26,put,2000.0,2026-10-30T08:00:00+00:00,0.07478991648388979,0.0024,0.0028,0.00258,0.0026,2678.01,ETH-30OCT26,0.6219,-0.03579,0.57666,7199.0,2800.0,0.0004000000000000002,ETH,2670.86,17694.23
2026-10-03T00:23:29.731568+00:00,ETH-16OCT26-2550-P,2674.29,ETH-16OCT26,put,2550.0,2026-10-16T08:00:00+00:00,0.03646000546404036,0.0135,0.0145,0.014156,0.014,2674.29,ETH-16OCT26,0.4328,-0.26754,1.6815,2583.0,480.0,0.0010000000000000009,ETH,2670.86,16405.02
2026-10-03T00:23:29.731568+00:00,ETH-25JUN27-1800-C,2759.47,ETH-25JUN27,call,1800.0,2027-06-25T08:00:00+00:00,0.7263984038213298,0.3865,0.3905,0.389253,0.3885,2759.47,ETH-25JUN27,0.5772999999999999,0.86748,5.04439,1752.0,0.0,0.0040000000000000036,ETH,2670.86,0.0
2026-10-03T00:23:29.731568+00:00,ETH-24SEP27-2500-P,2791.12,ETH-24SEP27,put,2500.0,2027-09-24T08:00:00+00:00,0.9755428254503511,0.152,0.156,0.153898,0.154,2791.12,ETH-24SEP27,0.5472,-0.31756,9.83265,8.0,5.0,0.0040000000000000036,ETH,2670.86,1966.82
2026-10-03T00:23:29.731568+00:00,ETH-30OCT26-3000-C,2678.01,ETH-30OCT26,call,3000.0,2026-10-30T08:00:00+00:00,0.07478991648388979,0.0135,0.0145,0.013967,0.014,2678.01,ETH-30OCT26,0.4685,0.20599,2.08781,15676.0,5870.0,0.0010000000000000009,ETH,2670.86,341965.34
2026-10-03T00:23:29.731568+00:00,ETH-30OCT26-3050-P,2678.04,ETH-30OCT26,put,3050.0,2026-10-30T08:00:00+00:00,0.07478991648388979,0.1465,0.156,0.150354,0.15125,2678.04,ETH-30OCT26,0.4742,-0.82548,1.88545,0.0,0.0,0.009500000000000008,ETH,2670.86,0.0
2026-10-03T00:23:29.731568+00:00,ETH-24SEP27-5400-P,2791.13,ETH-24SEP27,put,5400.0,2027-09-24T08:00:00+00:00,0.9755428254503511,0.966,0.9985,0.980798,0.98225,2791.13,ETH-24SEP27,0.5728,-0.81131,7.45341,0.0,0.0,0.032500000000000084,ETH,2670.86,0.0
2026-10-03T00:23:29.731568+00:00,ETH-25DEC26-4500-P,2697.33,ETH-25DEC26,put,4500.0,2026-12-25T08:00:00+00:00,0.22810956056328743,0.666,0.683,0.673574,0.6745,2697.33,ETH-25DEC26,0.5957,-0.95109,1.30628,2.0,0.0,0.017000000000000015,ETH,2670.86,0.0
2026-10-03T00:23:29.731568+00:00,ETH-30OCT26-2600-P,2678.04,ETH-30OCT26,put,2600.0,2026-10-30T08:00:00+00:00,0.07478991648388979,0.0355,0.0365,0.035992,0.036,2678.04,ETH-30OCT26,0.4578,-0.38207,2.79446,3017.0,148.0,0.0010000000000000009,ETH,2670.86,13599.16
2026-10-03T00:23:29.731568+00:00,ETH-24SEP27-7000-P,2791.13,ETH-24SEP27,put,7000.0,2027-09-24T08:00:00+00:00,0.9755428254503511,1.5115,1.555,1.531452,1.53325,2791.13,ETH-24SEP27,0.5988,-0.89574,4.99007,0.0,0.0,0.04349999999999987,ETH,2670.86,0.0
2026-10-03T00:23:29.731568+00:00,ETH-5OCT26-2680-P,2671.39,ETH-5OCT26,put,2680.0,2026-10-05T08:00:00+00:00,0.006343646805587244,0.008,0.009,0.008422,0.0085,2671.39,ETH-5OCT26,0.2101,-0.56587,0.83733,680.0,763.0,0.0009999999999999992,ETH,2670.86,7357.33
2026-10-03T00:23:29.731568+00:00,ETH-25DEC26-2900-P,2697.33,ETH-25DEC26,put,2900.0,2026-12-25T08:00:00+00:00,0.22810956056328743,0.1405,0.142,0.141355,0.14125,2697.33,ETH-25DEC26,0.5035000000000001,-0.57141,5.0597,913.0,21.0,0.0014999999999999736,ETH,2670.84,7985.61
2026-10-03T00:23:29.731568+00:00,ETH-25JUN27-2000-C,2759.47,ETH-25JUN27,call,2000.0,2027-06-25T08:00:00+00:00,0.7263984038213298,0.333,0.3365,0.335172,0.33475,2759.47,ETH-25JUN27,0.5611,0.81924,6.19097,1756.0,0.0,0.003500000000000003,ETH,2670.84,0.0
2026-10-03T00:23:29.731568+00:00,ETH-25DEC26-4800-P,2697.33,ETH-25DEC26,put,4800.0,2026-12-25T08:00:00+00:00,0.22810956056328743,0.775,0.7945,0.783188,0.78475,2697.33,ETH-25DEC26,0.614,-0.96541,0.98631,77.0,0.0,0.019499999999999962,ETH,2670.84,0.0
2026-10-03T00:23:29.731568+00:00,ETH-30OCT26-2950-C,2678.04,ETH-30OCT26,call,2950.0,2026-10-30T08:00:00+00:00,0.07478991648388979,0.0165,0.0175,0.017039,0.017,2678.04,ETH-30OCT26,0.4633,0.24243,2.2903,3028.0,291.0,0.0010000000000000009,ETH,2670.84,20013.45
2026-10-03T00:23:29.731568+00:00,ETH-5OCT26-2600-P,2671.39,ETH-5OCT26,put,2600.0,2026-10-05T08:00:00+00:00,0.006343646805587244,0.0012,0.0015,0.001373,0.00135,2671.39,ETH-5OCT26,0.2914,-0.11661,0.41714,384.0,553.0,0.00030000000000000014,ETH,2670.84,2895.19
2026-10-03T00:23:29.731568+00:00,ETH-23OCT26-2800-P,2676.16,ETH-23OCT26,put,2800.0,2026-10-23T08:00:00+00:00,0.05562496097396506,0.0675,0.0715,0.069178,0.0695,2676.16,ETH-23OCT26,0.4368,-0.64984,2.3395,188.0,198.0,0.00399999999999999,ETH,2670.84,31432.3
2026-10-03T00:23:29.731568+00:00,ETH-30OCT26-4000-P,2678.01,ETH-30OCT26,put,4000.0,2026-10-30T08:00:00+00:00,0.07478991648388979,0.49,0.5,0.494407,0.495,2678.01,ETH-30OCT26,0.6376,-0.98651,0.25325,0.0,0.0,0.010000000000000009,ETH,2670.85,0.0
2026-10-03T00:23:29.731568+00:00,ETH-23OCT26-2200-P,2676.16,ETH-23OCT26,put,2200.0,2026-10-23T08:00:00+00:00,0.05562496097396506,0.0033,0.0036,0.003388,0.00345,2676.16,ETH-23OCT26,0.5508,-0.05768,0.7294,105.0,5.0,0.0002999999999999999,ETH,2670.85,40.1
2026-10-03T00:23:29.731568+00:00,ETH-3OCT26-2800-C,2670.37,ETH-3OCT26,call,2800.0,2026-10-03T08:00:00+00:00,0.0008679452313230411,,0.0001,1e-06,,2670.37,ETH-3OCT26,0.45539999999999997,0.00022,0.00064,5764.0,2399.0,,ETH,2670.85,16529.72
2026-10-03T00:23:29.731568+00:00,ETH-25JUN27-3000-C,2759.44,ETH-25JUN27,call,3000.0,2027-06-25T08:00:00+00:00,0.7263984038213298,0.148,0.1505,0.149306,0.14925,2759.44,ETH-25JUN27,0.5395,0.51943,9.37657,3493.0,12.0,0.0025000000000000022,ETH,2670.85,4888.63
2026-10-03T00:23:29.731568+00:00,ETH-25DEC26-5000-P,2697.33,ETH-25DEC26,put,5000.0,2026-12-25T08:00:00+00:00,0.22810956056328743,0.849,0.868,0.856643,0.8585,2697.33,ETH-25DEC26,0.6273,-0.97185,0.8319,1.0,0.0,0.019000000000000017,ETH,2670.86,0.0
2026-10-03T00:23:29.731568+00:00,ETH-30OCT26-2600-C,2678.04,ETH-30OCT26,call,2600.0,2026-10-30T08:00:00+00:00,0.07478991648388979,0.064,0.066,0.065132,0.065,2678.04,ETH-30OCT26,0.4578,0.6179,2.7945,6025.0,2.0,0.0020000000000000018,ETH,2670.85,352.91
2026-10-03T00:23:29.731568+00:00,ETH-26MAR27-3800-P,2727.36,ETH-26MAR27,put,3800.0,2027-03-26T08:00:00+00:00,0.4772539821923087,0.4295,0.449,0.439106,0.43925,2727.36,ETH-26MAR27,0.5452,-0.75536,5.92177,1.0,0.0,0.019500000000000017,ETH,2670.86,0.0
2026-10-03T00:23:29.731568+00:00,ETH-25DEC26-2300-P,2697.33,ETH-25DEC26,put,2300.0,2026-12-25T08:00:00+00:00,0.22810956056328743,0.036,0.0375,0.036754,0.03675,2697.33,ETH-25DEC26,0.5252,-0.2232,3.84827,7285.0,1.0,0.0015000000000000013,ETH,2670.86,95.0
2026-10-03T00:23:29.731568+00:00,ETH-25DEC26-2100-P,2697.33,ETH-25DEC26,put,2100.0,2026-12-25T08:00:00+00:00,0.22810956056328743,0.0205,0.0215,0.02098,0.021,2697.33,ETH-25DEC26,0.5497,-0.13888,2.85337,2970.0,0.0,0.0009999999999999974,ETH,2670.86,0.0
2026-10-03T00:23:29.731568+00:00,ETH-27NOV26-3050-C,2687.35,ETH-27NOV26,call,3050.0,2026-11-27T08:00:00+00:00,0.15144973852358862,0.031,0.0325,0.031691,0.03175,2687.35,ETH-27NOV26,0.4968,0.28882,3.57483,363.0,84.0,0.0015000000000000013,ETH,2670.91,9607.62
2026-10-03T00:23:29.731568+00:00,ETH-26MAR27-2200-C,2727.36,ETH-26MAR27,call,2200.0,2027-03-26T08:00:00+00:00,0.4772539821923087,0.2505,0.254,0.252967,0.25225,2727.36,ETH-26MAR27,0.5466,0.77588,5.64152,4113.0,0.0,0.003500000000000003,ETH,2670.91,0.0
2026-10-03T00:23:29.731568+00:00,ETH-3OCT26-2840-P,2670.37,ETH-3OCT26,put,2840.0,2026-10-03T08:00:00+00:00,0.0008679452313230411,0.06,0.067,0.063539,0.0635,2670.37,ETH-3OCT26,0.5052,-0.99998,6e-05,0.0,0.0,0.007000000000000006,ETH,2670.91,0.0
2026-10-03T00:23:29.731568+00:00,ETH-4OCT26-2560-P,2670.95,ETH-4OCT26,put,2560.0,2026-10-04T08:00:00+00:00,0.0036057960184551425,0.0005,0.0006,0.000525,0.00055,2670.95,ETH-4OCT26,0.4292,-0.04744,0.15857,101.0,100.0,9.999999999999994e-05,ETH,2670.91,128.84
2026-10-03T00:23:29.731568+00:00,ETH-25DEC26-3100-C,2697.33,ETH-25DEC26,call,3100.0,2026-12-25T08:00:00+00:00,0.22810956056328743,0.045,0.046,0.045621,0.0455,2697.33,ETH-25DEC26,0.5079,0.32599,4.64514,4637.0,0.0,0.0010000000000000009,ETH,2670.91,0.0
2026-10-03T00:23:29.731568+00:00,ETH-30OCT26-2050-C,2678.01,ETH-30OCT26,call,2050.0,2026-10-30T08:00:00+00:00,0.07478991648388979,0.2355,0.2385,0.237605,0.237,2678.01,ETH-30OCT26,0.599,0.95672,0.67311,479.0,0.0,0.0030000000000000027,ETH,2670.91,0.0
2026-10-03T00:23:29.731568+00:00,ETH-6OCT26-2560-C,2671.71,ETH-6OCT26,call,2560.0,2026-10-06T08:00:00+00:00,0.009081497592719345,0.0405,0.0445,0.04354,0.0425,2671.71,ETH-6OCT26,0.36060000000000003,0.89732,0.45562,0.0,0.0,0.003999999999999997,ETH,2670.91,0.0
2026-10-03T00:23:29.731568+00:00,ETH-26MAR27-1600-C,2727.36,ETH-26MAR27,call,1600.0,2027-03-26T08:00:00+00:00,0.4772539821923087,0.4275,0.4305,0.429767,0.429,2727.36,ETH-26MAR27,0.619,0.92805,2.58556,872.0,0.0,0.0030000000000000027,ETH,2671.14,0.0
2026-10-03T00:23:29.731568+00:00,ETH-25DEC26-3200-C,2697.33,ETH-25DEC26,call,3200.0,2026-12-25T08:00:00+00:00,0.22810956056328743,0.0375,0.0385,0.037931,0.038,2697.33,ETH-25DEC26,0.5115999999999999,0.28248,4.35805,69221.0,1524.0,0.0010000000000000009,ETH,2671.14,184528.57
2026-10-03T00:23:29.731568+00:00,ETH-25DEC26-4400-C,2697.32,ETH-25DEC26,call,4400.0,2026-12-25T08:00:00+00:00,0.22810956056328743,0.0055,0.0065,0.006024,0.006,2697.32,ETH-25DEC26,0.5908,0.05571,1.44859,3832.0,0.0,0.001,ETH,2671.14,0.0
2026-10-03T00:23:29.731568+00:00,ETH-26MAR27-4000-C,2727.36,ETH-26MAR27,call,4000.0,2027-03-26T08:00:00+00:00,0.4772539821923087,0.037,0.038,0.037547,0.0375,2727.36,ETH-26MAR27,0.5509000000000001,0.20764,5.39776,4556.0,0.0,0.0010000000000000009,ETH,2671.14,0.0
2026-10-03T00:23:29.731568+00:00,ETH-23OCT26-2550-C,2676.16,ETH-23OCT26,call,2550.0,2026-10-23T08:00:00+00:00,0.05562496097396506,0.068,0.0695,0.06866,0.06875,2676.16,ETH-23OCT26,0.4448,0.69715,2.20534,0.0,0.0,0.0015000000000000013,ETH,2671.14,0.0
2026-10-03T00:23:29.731568+00:00,ETH-5OCT26-2840-P,2671.39,ETH-5OCT26,put,2840.0,2026-10-05T08:00:00+00:00,0.006343646805587244,0.06,0.0665,0.063334,0.06325,2671.39,ETH-5OCT26,0.3711,-0.97931,0.10603,0.0,0.0,0.006500000000000006,ETH,2671.14,0.0
2026-10-03T00:23:29.731568+00:00,ETH-30OCT26-2100-P,2678.01,ETH-30OCT26,put,2100.0,2026-10-30T08:00:00+00:00,0.07478991648388979,0.0035,0.004,0.003739,0.00375,2678.01,ETH-30OCT26,0.5775,-0.05263,0.78725,4974.0,29.0,0.0005,ETH,2671.14,254.67
2026-10-03T00:23:29.731568+00:00,ETH-3OCT26-2480-P,2670.37,ETH-3OCT26,put,2480.0,2026-10-03T08:00:00+00:00,0.0008679452313230411,,0.0001,1.3e-05,,2670.37,ETH-3OCT26,0.8643000000000001,-0.00163,0.00413,253.0,260.0,,ETH,2671.15,83.15
2026-10-03T00:23:29.731568+00:00,ETH-16OCT26-2200-P,2674.27,ETH-16OCT26,put,2200.0,2026-10-16T08:00:00+00:00,0.03646000546404036,0.0017,0.002,0.001816,0.00185,2674.27,ETH-16OCT26,0.5958,-0.03793,0.42166,48.0,20.0,0.00030000000000000014,ETH,2671.15,77.0
2026-10-03T00:23:29.731568+00:00,ETH-4OCT26-2460-P,2670.95,ETH-4OCT26,put,2460.0,2026-10-04T08:00:00+00:00,0.0036057960184551425,0.0002,0.0003,0.000237,0.00025,2670.95,ETH-4OCT26,0.65,-0.01626,0.06507,2.0,1.0,9.999999999999996e-05,ETH,2671.15,0.55
2026-10-03T00:23:29.731568+00:00,ETH-9OCT26-2300-P,2672.41,ETH-9OCT26,put,2300.0,2026-10-09T08:00:00+00:00,0.017295049954115647,0.0009,0.0011,0.000969,0.001,2672.41,ETH-9OCT26,0.6194,-0.02965,0.2369,1940.0,617.0,0.0002000000000000001,ETH,2671.15,2276.84
2026-10-03T00:23:29.731568+00:00,ETH-27NOV26-3200-C,2687.35,ETH-27NOV26,call,3200.0,2026-11-27T08:00:00+00:00,0.15144973852358862,0.0215,0.0225,0.022078,0.022,2687.35,ETH-27NOV26,0.5061,0.21585,3.06464,4718.0,60.0,0.0010000000000000009,ETH,2671.15,4967.28
2026-10-03T00:23:29.731568+00:00,ETH-6OCT26-2400-P,2671.67,ETH-6OCT26,put,2400.0,2026-10-06T08:00:00+00:00,0.009081497592719345,0.0004,0.0005,0.000433,0.00045,2671.67,ETH-6OCT26,0.563,-0.02109,0.12898,101.0,101.0,9.999999999999999e-05,ETH,2671.15,83.37
2026-10-03T00:23:29.731568+00:00,ETH-5OCT26-2850-P,2671.39,ETH-5OCT26,put,2850.0,2026-10-05T08:00:00+00:00,0.006343646805587244,0.0635,0.0705,0.067077,0.067,2671.39,ETH-5OCT26,0.3887,-0.98011,0.10257,0.0,0.0,0.006999999999999992,ETH,2671.15,0.0
2026-10-03T00:23:29.731568+00:00,ETH-5OCT26-2540-P,2671.39,ETH-5OCT26,put,2540.0,2026-10-05T08:00:00+00:00,0.006343646805587244,0.0006,0.0008,0.000672,0.0007,2671.39,ETH-5OCT26,0.3908,-0.04962,0.21817,200.0,282.0,0.0002000000000000001,ETH,2671.15,484.24
2026-10-03T00:23:29.731568+00:00,ETH-9OCT26-2350-P,2672.44,ETH-9OCT26,put,2350.0,2026-10-09T08:00:00+00:00,0.017295049954115647,0.0011,0.0014,0.001209,0.00125,2672.44,ETH-9OCT26,0.5672999999999999,-0.03888,0.29607,1823.0,1056.0,0.0002999999999999999,ETH,2671.15,4320.13
2026-10-03T00:23:29.731568+00:00,ETH-24SEP27-4800-P,2791.12,ETH-24SEP27,put,4800.0,2027-09-24T08:00:00+00:00,0.9755428254503511,0.769,0.797,0.782107,0.783,2791.12,ETH-24SEP27,0.5634,-0.7565,8.64354,35.0,0.0,0.028000000000000025,ETH,2671.15,0.0
2026-10-03T00:23:29.731568+00:00,ETH-23OCT26-2600-C,2676.16,ETH-23OCT26,call,2600.0,2026-10-23T08:00:00+00:00,0.05562496097396506,0.0555,0.0575,0.056535,0.0565,2676.16,ETH-23OCT26,0.43939999999999996,0.63083,2.38295,1.0,2.0,0.0020000000000000018,ETH,2671.16,307.45
2026-10-03T00:23:29.731568+00:00,ETH-27NOV26-3600-P,2687.35,ETH-27NOV26,put,3600.0,2026-11-27T08:00:00+00:00,0.15144973852358862,0.344,0.356,0.348678,0.35,2687.35,ETH-27NOV26,0.5399,-0.90058,1.82873,10.0,0.0,0.01200000000000001,ETH,2671.16,0.0
2026-10-03T00:23:29.731568+00:00,ETH-26MAR27-4600-C,2727.36,ETH-26MAR27,call,4600.0,2027-03-26T08:00:00+00:00,0.4772539821923087,0.0215,0.0225,0.021872,0.022,2727.36,ETH-26MAR27,0.5713,0.13012,3.99115,1904.0,10.0,0.0010000000000000009,ETH,2671.16,620.31
2026-10-03T00:23:29.731568+00:00,ETH-6OCT26-2780-C,2671.71,ETH-6OCT26,call,2780.0,2026-10-06T08:00:00+00:00,0.009081497592719345,0.0015,0.0018,0.001666,0.00165,2671.71,ETH-6OCT26,0.335,0.11176,0.4844,1019.0,1081.0,0.0002999999999999999,ETH,2671.16,25343.2
2026-10-03T00:23:29.731568+00:00,ETH-27NOV26-4400-P,2687.35,ETH-27NOV26,put,4400.0,2026-11-27T08:00:00+00:00,0.15144973852358862,0.633,0.646,0.639571,0.6395,2687.35,ETH-27NOV26,0.6173,-0.97322,0.64784,0.0,0.0,0.013000000000000012,ETH,2671.13,0.0
2026-10-03T00:23:29.731568+00:00,ETH-30OCT26-3600-C,2678.01,ETH-30OCT26,call,3600.0,2026-10-30T08:00:00+00:00,0.07478991648388979,0.0017,0.0021,0.001906,0.0019,2678.01,ETH-30OCT26,0.565,0.03325,0.54288,8295.0,2006.0,0.00039999999999999996,ETH,2671.16,15442.2
2026-10-03T00:23:29.731568+00:00,ETH-26MAR27-2000-C,2727.36,ETH-26MAR27,call,2000.0,2027-03-26T08:00:00+00:00,0.4772539821923087,0.3035,0.3075,0.306524,0.3055,2727.36,ETH-26MAR27,0.5633,0.83948,4.59722,1855.0,0.0,0.0040000000000000036,ETH,2671.13,0.0
2026-10-03T00:23:29.731568+00:00,ETH-5OCT26-2500-P,2671.39,ETH-5OCT26,put,2500.0,2026-10-05T08:00:00+00:00,0.006343646805587244,0.0004,0.0007,0.000519,0.00055,2671.39,ETH-5OCT26,0.4642,-0.03411,0.161,60.0,60.0,0.0003,ETH,2671.13,143.44
2026-10-03T00:23:29.731568+00:00,ETH-24SEP27-6000-P,2791.13,ETH-24SEP27,put,6000.0,2027-09-24T08:00:00+00:00,0.9755428254503511,1.1675,1.207,1.184695,1.18725,2791.13,ETH-24SEP27,0.5824,-0.85122,6.39715,0.0,0.0,0.03950000000000009,ETH,2671.13,0.0
2026-10-03T00:23:29.731568+00:00,ETH-5OCT26-2300-P,2671.39,ETH-5OCT26,put,2300.0,2026-10-05T08:00:00+00:00,0.006343646805587244,,0.0002,0.000105,,2671.39,ETH-5OCT26,0.7467,-0.00533,0.03255,1334.0,1264.0,,ETH,2671.13,476.93
2026-10-03T00:23:29.731568+00:00,ETH-25JUN27-5000-P,2759.44,ETH-25JUN27,put,5000.0,2027-06-25T08:00:00+00:00,0.7263984038213298,0.8355,0.8615,0.846981,0.8485,2759.44,ETH-25JUN27,0.5735,-0.83412,5.86208,0.0,0.0,0.026000000000000023,ETH,2671.13,0.0
2026-10-03T00:23:29.731568+00:00,ETH-30OCT26-3100-C,2678.04,ETH-30OCT26,call,3100.0,2026-10-30T08:00:00+00:00,0.07478991648388979,0.009,0.01,0.00946,0.0095,2678.04,ETH-30OCT26,0.4808,0.14813,1.69433,5248.0,665.0,0.0010000000000000009,ETH,2671.13,26951.63
2026-10-03T00:23:29.731568+00:00,ETH-27NOV26-3300-P,2687.35,ETH-27NOV26,put,3300.0,2026-11-27T08:00:00+00:00,0.15144973852358862,0.241,0.2525,0.245456,0.24675,2687.35,ETH-27NOV26,0.5136,-0.82268,2.72015,0.0,0.0,0.01150000000000001,ETH,2671.24,0.0
2026-10-03T00:23:29.731568+00:00,ETH-27NOV26-2250-P,2687.35,ETH-27NOV26,put,2250.0,2026-11-27T08:00:00+00:00,0.15144973852358862,0.0195,0.0205,0.019859,0.02,2687.35,ETH-27NOV26,0.5255,-0.16558,2.60354,733.0,1.0,0.0010000000000000009,ETH,2671.24,45.57
2026-10-03T00:23:29.731568+00:00,ETH-25JUN27-3500-C,2759.47,ETH-25JUN27,call,3500.0,2027-06-25T08:00:00+00:00,0.7263984038213298,0.0985,0.101,0.099849,0.09975,2759.47,ETH-25JUN27,0.5438000000000001,0.38962,9.02712,2431.0,2.0,0.0025000000000000022,ETH,2671.24,605.17
2026-10-03T00:23:29.731568+00:00,ETH-4OCT26-2800-P,2670.95,ETH-4OCT26,put,2800.0,2026-10-04T08:00:00+00:00,0.0036057960184551425,0.0455,0.0515,0.048487,0.0485,2670.95,ETH-4OCT26,0.37939999999999996,-0.9793,0.07995,1.0,1.0,0.005999999999999998,ETH,2671.24,52.39
2026-10-03T00:23:29.731568+00:00,ETH-5OCT26-2640-C,2671.39,ETH-5OCT26,call,2640.0,2026-10-05T08:00:00+00:00,0.006343646805587244,0.0125,0.0155,0.014828,0.014,2671.39,ETH-5OCT26,0.23879999999999998,0.74292,0.68627,23.0,22.0,0.002999999999999999,ETH,2671.24,700.93
2026-10-03T00:23:29.731568+00:00,ETH-25JUN27-3600-P,2759.44,ETH-25JUN27,put,3600.0,2027-06-25T08:00:00+00:00,0.7263984038213298,0.3865,0.4095,0.396944,0.398,2759.44,ETH-25JUN27,0.5451,-0.63268,8.86501,0.0,0.0,0.022999999999999965,ETH,2671.24,0.0
2026-10-03T00:23:29.731568+00:00,ETH-3OCT26-3000-C,2670.37,ETH-3OCT26,call,3000.0,2026-10-03T08:00:00+00:00,0.0008679452313230411,,0.0001,0.0,,2670.37,ETH-3OCT26,0.883,0.0,1e-05,377.0,486.0,,ETH,2671.24,513.39
2026-10-03T00:23:29.731568+00:00,ETH-3OCT26-2650-P,2670.37,ETH-3OCT26,put,2650.0,2026-10-03T08:00:00+00:00,0.0008679452313230411,0.0004,0.0007,0.000497,0.00055,2670.37,ETH-3OCT26,0.2398,-0.12625,0.16257,182.0,257.0,0.0003,ETH,2671.24,792.95
2026-10-03T00:23:29.731568+00:00,ETH-4OCT26-2680-C,2670.95,ETH-4OCT26,call,2680.0,2026-10-04T08:00:00+00:00,0.0036057960184551425,0.0027,0.0033,0.002968,0.003,2670.95,ETH-4OCT26,0.18600000000000003,0.39696,0.61828,792.0,472.0,0.0005999999999999998,ETH,2671.24,7735.15
2026-10-03T00:23:29.731568+00:00,ETH-6OCT26-2660-C,2671.67,ETH-6OCT26,call,2660.0,2026-10-06T08:00:00+00:00,0.009081497592719345,0.0125,0.014,0.013265,0.01325,2671.67,ETH-6OCT26,0.2882,0.57474,0.99823,116.0,232.0,0.0014999999999999996,ETH,2671.24,11377.39
2026-10-03T00:23:29.731568+00:00,ETH-26MAR27-1400-P,2727.36,ETH-26MAR27,put,1400.0,2027-03-26T08:00:00+00:00,0.4772539821923087,0.0095,0.0105,0.009955,0.01,2727.36,ETH-26MAR27,0.6556000000000001,-0.04465,1.77584,2047.0,0.0,0.0010000000000000009,ETH,2671.24,0.0
2026-10-03T00:23:29.731568+00:00,ETH-26MAR27-1800-P,2727.36,ETH-26MAR27,put,1800.0,2027-03-26T08:00:00+00:00,0.4772539821923087,0.0255,0.0265,0.025835,0.026,2727.36,ETH-26MAR27,0.5868,-0.10964,3.53709,3385.0,1.0,0.0010000000000000009,ETH,2671.23,63.33
2026-10-03T00:23:29.731568+00:00,ETH-26MAR27-3500-C,2727.36,ETH-26MAR27,call,3500.0,2027-03-26T08:00:00+00:00,0.4772539821923087,0.0615,0.063,0.062324,0.06225,2727.36,ETH-26MAR27,0.5368999999999999,0.31356,6.68477,4142.0,117.0,0.0015000000000000013,ETH,2671.23,22650.55
2026-10-03T00:23:29.731568+00:00,ETH-30OCT26-3800-P,2678.04,ETH-30OCT26,put,3800.0,2026-10-30T08:00:00+00:00,0.07478991648388979,0.416,0.4255,0.420128,0.42075,2678.04,ETH-30OCT26,0.6018,-0.97938,0.36414,0.0,0.0,0.009500000000000008,ETH,2671.23,0.0
2026-10-03T00:23:29.731568+00:00,ETH-27NOV26-2100-C,2687.35,ETH-27NOV26,call,2100.0,2026-11-27T08:00:00+00:00,0.15144973852358862,0.228,0.2315,0.230486,0.22975,2687.35,ETH-27NOV26,0.5537,0.89495,1.90357,1.0,0.0,0.003500000000000003,ETH,2671.23,0.0
2026-10-03T00:23:29.731568+00:00,ETH-30OCT26-2200-C,2678.04,ETH-30OCT26,call,2200.0,2026-10-30T08:00:00+00:00,0.07478991648388979,0.1815,0.185,0.184217,0.18325,2678.04,ETH-30OCT26,0.5405,0.92011,1.08838,1278.0,44.0,0.003500000000000003,ETH,2671.23,23673.14
2026-10-03T00:23:29.731568+00:00,ETH-25JUN27-1500-P,2759.44,ETH-25JUN27,put,1500.0,2027-06-25T08:00:00+00:00,0.7263984038213298,0.022,0.0235,0.022887,0.02275,2759.44,ETH-25JUN27,0.6151,-0.07702,3.39961,645.0,0.0,0.0015000000000000013,ETH,2671.23,0.0
2026-10-03T00:23:29.731568+00:00,ETH-9OCT26-3200-C,2672.44,ETH-9OCT26,call,3200.0,2026-10-09T08:00:00+00:00,0.017295049954115647,0.0003,0.0005,0.000399,0.0004,2672.44,ETH-9OCT26,0.6147,0.01448,0.12918,5603.0,5600.0,0.00020000000000000004,ETH,2671.23,13644.92
2026-10-03T00:23:29.731568+00:00,ETH-26MAR27-3600-P,2727.36,ETH-26MAR27,put,3600.0,2027-03-26T08:00:00+00:00,0.4772539821923087,0.3685,0.386,0.376091,0.37725,2727.36,ETH-26MAR27,0.5394,-0.71134,6.44029,1.0,0.0,0.017500000000000016,ETH,2671.32,0.0
2026-10-03T00:23:29.731568+00:00,ETH-26MAR27-1900-C,2727.35,ETH-26MAR27,call,1900.0,2027-03-26T08:00:00+00:00,0.4772539821923087,0.3325,0.3365,0.335551,0.3345,2727.35,ETH-26MAR27,0.5742,0.86656,4.06117,4029.0,0.0,0.0040000000000000036,ETH,2671.32,0.0
2026-10-03T00:23:29.731568+00:00,ETH-24SEP27-2100-P,2791.12,ETH-24SEP27,put,2100.0,2027-09-24T08:00:00+00:00,0.9755428254503511,0.0885,0.092,0.0902,0.09025,2791.12,ETH-24SEP27,0.5571,-0.21395,8.03796,150.0,0.0,0.003500000000000003,ETH,2671.32,0.0
2026-10-03T00:23:29.731568+00:00,ETH-6OCT26-2700-C,2671.67,ETH-6OCT26,call,2700.0,2026-10-06T08:00:00+00:00,0.009081497592719345,0.006,0.007,0.006512,0.0065,2671.67,ETH-6OCT26,0.2879,0.36147,0.95416,20.0,20.0,0.001,ETH,2671.32,333.47
2026-10-03T00:23:29.731568+00:00,ETH-3OCT26-2600-P,2670.36,ETH-3OCT26,put,2600.0,2026-10-03T08:00:00+00:00,0.0008679452313230411,0.0002,0.0003,0.000212,0.00025,2670.36,ETH-3OCT26,0.506,-0.03373,0.05872,10452.0,1025.0,9.999999999999996e-05,ETH,2671.31,2657.16
2026-10-03T00:23:29.731568+00:00,ETH-3OCT26-2920-P,2670.37,ETH-3OCT26,put,2920.0,2026-10-03T08:00:00+00:00,0.0008679452313230411,0.09,0.097,0.093498,0.0935,2670.37,ETH-3OCT26,0.69,-0.99999,2e-05,0.0,0.0,0.007000000000000006,ETH,2671.31,0.0
2026-10-03T00:23:29.731568+00:00,ETH-26MAR27-1900-P,2727.36,ETH-26MAR27,put,1900.0,2027-03-26T08:00:00+00:00,0.4772539821923087,0.0315,0.033,0.032208,0.03225,2727.36,ETH-26MAR27,0.5742,-0.13342,4.06093,3674.0,0.0,0.0015000000000000013,ETH,2671.31,0.0
2026-10-03T00:23:29.731568+00:00,ETH-4OCT26-3100-C,2670.95,ETH-4OCT26,call,3100.0,2026-10-04T08:00:00+00:00,0.0036057960184551425,,0.0001,5e-06,,2670.95,ETH-4OCT26,0.7434000000000001,0.00047,0.0027,1032.0,1038.0,,ETH,2671.31,298.93
2026-10-03T00:23:29.731568+00:00,ETH-27NOV26-2250-C,2687.35,ETH-27NOV26,call,2250.0,2026-11-27T08:00:00+00:00,0.15144973852358862,0.18,0.1835,0.182597,0.18175,2687.35,ETH-27NOV26,0.5255,0.83451,2.60281,126.0,1.0,0.003500000000000003,ETH,2671.31,482.58
2026-10-03T00:23:29.731568+00:00,ETH-25JUN27-6500-C,2759.44,ETH-25JUN27,call,6500.0,2027-06-25T08:00:00+00:00,0.7263984038213298,0.015,0.017,0.015819,0.016,2759.44,ETH-25JUN27,0.6073,0.08155,3.55006,881.0,1.0,0.0020000000000000018,ETH,2671.31,46.54
2026-10-03T00:23:29.731568+00:00,ETH-30OCT26-2700-C,2678.04,ETH-30OCT26,call,2700.0,2026-10-30T08:00:00+00:00,0.07478991648388979,0.045,0.046,0.045579,0.0455,2678.04,ETH-30OCT26,0.45270000000000005,0.4995,2.92363,4489.0,1507.0,0.0010000000000000009,ETH,2671.31,242706.52
2026-10-03T00:23:29.731568+00:00,ETH-5OCT26-2500-C,2671.39,ETH-5OCT26,call,2500.0,2026-10-05T08:00:00+00:00,0.006343646805587244,0.0615,0.0675,0.064673,0.0645,2671.39,ETH-5OCT26,0.4642,0.96602,0.16048,0.0,0.0,0.006000000000000005,ETH,2671.31,0.0
2026-10-03T00:23:29.731568+00:00,ETH-16OCT26-2850-C,2674.27,ETH-16OCT26,call,2850.0,2026-10-16T08:00:00+00:00,0.03646000546404036,0.01,0.011,0.010609,0.0105,2674.27,ETH-16OCT26,0.4294,0.23269,1.56167,524.0,15.0,0.0009999999999999992,ETH,2671.17,865.83
2026-10-03T00:23:29.731568+00:00,ETH-3OCT26-2300-P,2670.37,ETH-3OCT26,put,2300.0,2026-10-03T08:00:00+00:00,0.0008679452313230411,,0.0001,0.0,,2670.37,ETH-3OCT26,1.1156,0.0,1e-05,1154.0,0.0,,ETH,2671.17,0.0
2026-10-03T00:23:29.731568+00:00,ETH-5OCT26-2720-P,2671.39,ETH-5OCT26,put,2720.0,2026-10-05T08:00:00+00:00,0.006343646805587244,0.0185,0.023,0.019702,0.02075,2671.39,ETH-5OCT26,0.2257,-0.83378,0.53075,901.0,913.0,0.0045000000000000005,ETH,2671.17,18116.43
2026-10-03T00:23:29.731568+00:00,ETH-3OCT26-2860-C,2670.36,ETH-3OCT26,call,2860.0,2026-10-03T08:00:00+00:00,0.0008679452313230411,,0.0001,0.0,,2670.36,ETH-3OCT26,0.5357999999999999,1e-05,3e-05,1457.0,511.0,,ETH,2671.17,1622.05
2026-10-03T00:23:29.731568+00:00,ETH-6OCT26-2450-C,2671.71,ETH-6OCT26,call,2450.0,2026-10-06T08:00:00+00:00,0.009081497592719345,0.081,0.0845,0.083592,0.08275,2671.71,ETH-6OCT26,0.4979,0.96824,0.18167,0.0,0.0,0.003500000000000003,ETH,2671.17,0.0
2026-10-03T00:23:29.731568+00:00,ETH-9OCT26-2000-C,2672.44,ETH-9OCT26,call,2000.0,2026-10-09T08:00:00+00:00,0.017295049954115647,0.2495,0.253,0.251959,0.25125,2672.44,ETH-9OCT26,0.9384999999999999,0.99207,0.07645,0.0,0.0,0.003500000000000003,ETH,2671.17,0.0
2026-10-03T00:23:29.731568+00:00,ETH-16OCT26-2750-P,2674.29,ETH-16OCT26,put,2750.0,2026-10-16T08:00:00+00:00,0.03646000546404036,0.0475,0.0495,0.048358,0.0485,2674.29,ETH-16OCT26,0.41729999999999995,-0.62012,1.94528,882.0,375.0,0.0020000000000000018,ETH,2671.17,43196.54
2026-10-03T00:23:29.731568+00:00,ETH-3OCT26-2820-C,2670.37,ETH-3OCT26,call,2820.0,2026-10-03T08:00:00+00:00,0.0008679452313230411,,0.0001,0.0,,2670.37,ETH-3OCT26,0.4594,3e-05,0.0001,1343.0,738.0,,ETH,2671.17,3878.3
2026-10-03T00:23:29.731568+00:00,ETH-24SEP27-4200-C,2791.12,ETH-24SEP27,call,4200.0,2027-09-24T08:00:00+00:00,0.9755428254503511,0.0855,0.0885,0.086945,0.087,2791.12,ETH-24SEP27,0.5547,0.31886,9.85101,4.0,0.0,0.002999999999999989,ETH,2671.17,0.0
2026-10-03T00:23:29.731568+00:00,ETH-25DEC26-2600-P,2697.32,ETH-25DEC26,put,2600.0,2026-12-25T08:00:00+00:00,0.22810956056328743,0.077,0.078,0.077516,0.0775,2697.32,ETH-25DEC26,0.5059,-0.39195,4.95298,1478.0,22.0,0.0010000000000000009,ETH,2671.17,4578.94
2026-10-03T00:23:29.731568+00:00,ETH-16OCT26-2900-C,2674.29,ETH-16OCT26,call,2900.0,2026-10-16T08:00:00+00:00,0.03646000546404036,0.0075,0.0085,0.00778,0.008,2674.29,ETH-16OCT26,0.4397,0.17934,1.33764,5691.0,5696.0,0.0010000000000000009,ETH,2671.17,241169.47
2026-10-03T00:23:29.731568+00:00,ETH-23OCT26-3400-C,2676.16,ETH-23OCT26,call,3400.0,2026-10-23T08:00:00+00:00,0.05562496097396506,0.0016,0.0019,0.001745,0.00175,2676.16,ETH-23OCT26,0.544,0.03606,0.50011,24.0,24.0,0.0002999999999999999,ETH,2671.17,113.21
2026-10-03T00:23:29.731568+00:00,ETH-25DEC26-2900-C,2697.33,ETH-25DEC26,call,2900.0,2026-12-25T08:00:00+00:00,0.22810956056328743,0.0655,0.067,0.066198,0.06625,2697.33,ETH-25DEC26,0.5035000000000001,0.42874,5.0605,4671.0,21.0,0.0015000000000000013,ETH,2671.17,3726.76
2026-10-03T00:23:29.731568+00:00,ETH-4OCT26-2880-P,2670.95,ETH-4OCT26,put,2880.0,2026-10-04T08:00:00+00:00,0.0036057960184551425,0.075,0.0815,0.078284,0.07825,2670.95,ETH-4OCT26,0.4113,-0.99875,0.00665,0.0,0.0,0.006500000000000006,ETH,2671.17,0.0
2026-10-03T00:23:29.731568+00:00,ETH-27NOV26-4000-P,2687.35,ETH-27NOV26,put,4000.0,2026-11-27T08:00:00+00:00,0.15144973852358862,0.4865,0.5015,0.492672,0.494,2687.35,ETH-27NOV26,0.5774,-0.9511,1.06043,0.0,0.0,0.014999999999999958,ETH,2671.17,0.0
2026-10-03T00:23:29.731568+00:00,ETH-3OCT26-2900-P,2670.37,ETH-3OCT26,put,2900.0,2026-10-03T08:00:00+00:00,0.0008679452313230411,0.0825,0.0895,0.086008,0.086,2670.37,ETH-3OCT26,0.6527,-0.99999,3e-05,0.0,0.0,0.006999999999999992,ETH,2671.17,0.0
2026-10-03T00:23:29.731568+00:00,ETH-5OCT26-2700-C,2671.39,ETH-5OCT26,call,2700.0,2026-10-05T08:00:00+00:00,0.006343646805587244,0.0025,0.003,0.00274,0.00275,2671.39,ETH-5OCT26,0.2127,0.27542,0.71053,1541.0,1647.0,0.0005,ETH,2671.17,28146.74
2026-10-03T00:23:29.731568+00:00,ETH-3OCT26-2540-C,2670.37,ETH-3OCT26,call,2540.0,2026-10-03T08:00:00+00:00,0.0008679452313230411,0.0455,0.0515,0.048856,0.0485,2670.37,ETH-3OCT26,0.6998000000000001,0.9932,0.01489,0.0,0.0,0.005999999999999998,ETH,2671.17,0.0
2026-10-03T00:23:29.731568+00:00,ETH-26MAR27-2700-P,2727.36,ETH-26MAR27,put,2700.0,2027-03-26T08:00:00+00:00,0.4772539821923087,0.1385,0.1405,0.139243,0.1395,2727.36,ETH-26MAR27,0.5286,-0.41637,7.35592,1269.0,30.0,0.0020000000000000018,ETH,2671.17,11201.11
2026-10-03T00:23:29.731568+00:00,ETH-24SEP27-2800-P,2791.13,ETH-24SEP27,put,2800.0,2027-09-24T08:00:00+00:00,0.9755428254503511,0.2125,0.217,0.214135,0.21475,2791.13,ETH-24SEP27,0.5449,-0.39592,10.62877,1377.0,15.0,0.004500000000000004,ETH,2671.17,8180.33
2026-10-03T00:23:29.731568+00:00,ETH-3OCT26-2740-P,2670.37,ETH-3OCT26,put,2740.0,2026-10-03T08:00:00+00:00,0.0008679452313230411,0.0225,0.0295,0.026225,0.026,2670.37,ETH-3OCT26,0.45189999999999997,-0.97179,0.05064,263.0,283.0,0.006999999999999999,ETH,2671.17,4441.91
2026-10-03T00:23:29.731568+00:00,ETH-4OCT26-2950-P,2670.95,ETH-4OCT26,put,2950.0,2026-10-04T08:00:00+00:00,0.0036057960184551425,0.101,0.108,0.10449,0.1045,2670.95,ETH-4OCT26,0.517,-0.99924,0.00417,9.0,40.0,0.006999999999999992,ETH,2671.17,8664.46
2026-10-03T00:23:29.731568+00:00,ETH-3OCT26-2950-C,2670.37,ETH-3OCT26,call,2950.0,2026-10-03T08:00:00+00:00,0.0008679452313230411,,0.0001,0.0,,2670.37,ETH-3OCT26,0.747,0.0,1e-05,1169.0,1048.0,,ETH,2671.17,1568.88
2026-10-03T00:23:29.731568+00:00,ETH-24SEP27-2300-C,2791.12,ETH-24SEP27,call,2300.0,2027-09-24T08:00:00+00:00,0.9755428254503511,0.287,0.303,0.295524,0.295,2791.12,ETH-24SEP27,0.551,0.73514,9.03393,25.0,5.0,0.016000000000000014,ETH,2671.17,3924.03
2026-10-03T00:23:29.731568+00:00,ETH-5OCT26-2740-P,2671.39,ETH-5OCT26,put,2740.0,2026-10-05T08:00:00+00:00,0.006343646805587244,0.0235,0.03,0.026567,0.02675,2671.39,ETH-5OCT26,0.24350000000000002,-0.89879,0.37673,999.0,1183.0,0.006499999999999999,ETH,2671.17,47310.21
2026-10-03T00:23:29.731568+00:00,ETH-24SEP27-4000-C,2791.12,ETH-24SEP27,call,4000.0,2027-09-24T08:00:00+00:00,0.9755428254503511,0.096,0.0995,0.097787,0.09775,2791.12,ETH-24SEP27,0.5521,0.34963,10.21466,1167.0,530.0,0.003500000000000003,ETH,2671.17,139636.81
2026-10-03T00:23:29.731568+00:00,ETH-26MAR27-3400-C,2727.36,ETH-26MAR27,call,3400.0,2027-03-26T08:00:00+00:00,0.4772539821923087,0.0685,0.07,0.069315,0.06925,2727.36,ETH-26MAR27,0.5346,0.34051,6.9123,3460.0,1.0,0.0015000000000000013,ETH,2671.16,214.39
2026-10-03T00:23:29.731568+00:00,ETH-24SEP27-1800-C,2791.12,ETH-24SEP27,call,1800.0,2027-09-24T08:00:00+00:00,0.9755428254503511,0.403,0.4165,0.411061,0.40975,2791.12,ETH-24SEP27,0.5737,0.85494,6.2894,0.0,0.0,0.013499999999999956,ETH,2671.16,0.0
2026-10-03T00:23:29.731568+00:00,ETH-9OCT26-2550-P,2672.44,ETH-9OCT26,put,2550.0,2026-10-09T08:00:00+00:00,0.017295049954115647,0.0049,0.0055,0.005148,0.0052,2672.44,ETH-9OCT26,0.3972,-0.17629,0.91056,1949.0,2206.0,0.0005999999999999998,ETH,2671.17,29629.13
2026-10-03T00:23:29.731568+00:00,ETH-25JUN27-900-P,2759.44,ETH-25JUN27,put,900.0,2027-06-25T08:00:00+00:00,0.7263984038213298,0.005,0.006,0.00547,0.0055,2759.44,ETH-25JUN27,0.7454000000000001,-0.01871,1.07658,906.0,12.0,0.001,ETH,2671.16,177.45
2026-10-03T00:23:29.731568+00:00,ETH-4OCT26-2580-P,2670.95,ETH-4OCT26,put,2580.0,2026-10-04T08:00:00+00:00,0.0036057960184551425,0.0006,0.0007,0.000617,0.00065,2670.95,ETH-4OCT26,0.37829999999999997,-0.06069,0.19269,35.0,52.0,0.00010000000000000005,ETH,2671.16,71.62
2026-10-03T00:23:29.731568+00:00,ETH-24SEP27-2200-C,2791.12,ETH-24SEP27,call,2200.0,2027-09-24T08:00:00+00:00,0.9755428254503511,0.3075,0.322,0.315913,0.31475,2791.12,ETH-24SEP27,0.5533,0.76093,8.55786,0.0,0.0,0.014500000000000013,ETH,2671.16,0.0
2026-10-03T00:23:29.731568+00:00,ETH-30OCT26-3300-C,2678.01,ETH-30OCT26,call,3300.0,2026-10-30T08:00:00+00:00,0.07478991648388979,0.0043,0.0047,0.004537,0.0045,2678.01,ETH-30OCT26,0.5093,0.07674,1.05558,1775.0,37.0,0.0004000000000000002,ETH,2671.16,785.88
2026-10-03T00:23:29.731568+00:00,ETH-3OCT26-2950-P,2670.36,ETH-3OCT26,put,2950.0,2026-10-03T08:00:00+00:00,0.0008679452313230411,0.1015,0.1085,0.104732,0.105,2670.36,ETH-3OCT26,0.747,-1.0,1e-05,0.0,0.0,0.006999999999999992,ETH,2671.13,0.0
2026-10-03T00:23:29.731568+00:00,ETH-3OCT26-2600-C,2670.37,ETH-3OCT26,call,2600.0,2026-10-03T08:00:00+00:00,0.0008679452313230411,0.0235,0.03,0.02655,0.02675,2670.37,ETH-3OCT26,0.506,0.96565,0.0596,0.0,0.0,0.006499999999999999,ETH,2671.13,0.0
2026-10-03T00:23:29.731568+00:00,ETH-25JUN27-1300-C,2759.47,ETH-25JUN27,call,1300.0,2027-06-25T08:00:00+00:00,0.7263984038213298,0.541,0.5445,0.543807,0.54275,2759.47,ETH-25JUN27,0.6504000000000001,0.94903,2.46484,108.0,0.0,0.0034999999999999476,ETH,2671.13,0.0
2026-10-03T00:23:29.731568+00:00,ETH-25DEC26-1500-C,2697.33,ETH-25DEC26,call,1500.0,2026-12-25T08:00:00+00:00,0.22810956056328743,0.446,0.4485,0.447702,0.44725,2697.33,ETH-25DEC26,0.6957,0.97335,0.79485,749.0,0.0,0.0025000000000000022,ETH,2671.13,0.0
2026-10-03T00:23:29.731568+00:00,ETH-16OCT26-2400-C,2674.29,ETH-16OCT26,call,2400.0,2026-10-16T08:00:00+00:00,0.03646000546404036,0.105,0.109,0.107717,0.107,2674.29,ETH-16OCT26,0.4826,0.88942,0.96437,0.0,0.0,0.0040000000000000036,ETH,2671.13,0.0
2026-10-03T00:23:29.731568+00:00,ETH-30OCT26-3400-C,2678.01,ETH-30OCT26,call,3400.0,2026-10-30T08:00:00+00:00,0.07478991648388979,0.0031,0.0032,0.003192,0.00315,2678.01,ETH-30OCT26,0.5235,0.05554,0.8215,6634.0,275.0,0.00010000000000000026,ETH,2671.13,3237.09
2026-10-03T00:23:29.731568+00:00,ETH-27NOV26-2750-P,2687.35,ETH-27NOV26,put,2750.0,2026-11-27T08:00:00+00:00,0.15144973852358862,0.0885,0.0895,0.088857,0.089,2687.35,ETH-27NOV26,0.4885,-0.50978,4.17355,1283.0,340.0,0.0010000000000000009,ETH,2671.13,73254.02
2026-10-03T00:23:29.731568+00:00,ETH-9OCT26-2500-P,2672.44,ETH-9OCT26,put,2500.0,2026-10-09T08:00:00+00:00,0.017295049954115647,0.003,0.0034,0.003132,0.0032,2672.44,ETH-9OCT26,0.42719999999999997,-0.11116,0.66612,3978.0,633.0,0.00039999999999999975,ETH,2671.19,5699.79
2026-10-03T00:23:29.731568+00:00,ETH-24SEP27-3300-C,2791.12,ETH-24SEP27,call,3300.0,2027-09-24T08:00:00+00:00,0.9755428254503511,0.1495,0.1535,0.151455,0.1515,2791.12,ETH-24SEP27,0.5455,0.48379,10.99625,0.0,0.0,0.0040000000000000036,ETH,2671.19,0.0
2026-10-03T00:23:29.731568+00:00,ETH-4OCT26-2900-P,2670.95,ETH-4OCT26,put,2900.0,2026-10-04T08:00:00+00:00,0.0036057960184551425,0.0825,0.089,0.085769,0.08575,2670.95,ETH-4OCT26,0.4307,-0.9992,0.00441,20.0,40.0,0.006499999999999992,ETH,2671.19,7015.8
2026-10-03T00:23:29.731568+00:00,ETH-3OCT26-2760-C,2670.37,ETH-3OCT26,call,2760.0,2026-10-03T08:00:00+00:00,0.0008679452313230411,,0.0002,2.9e-05,,2670.37,ETH-3OCT26,0.4542,0.00732,0.01588,1445.0,1232.0,,ETH,2671.28,12109.61
2026-10-03T00:23:29.731568+00:00,ETH-6OCT26-2800-P,2671.67,ETH-6OCT26,put,2800.0,2026-10-06T08:00:00+00:00,0.009081497592719345,0.046,0.0525,0.049293,0.04925,2671.67,ETH-6OCT26,0.3527,-0.91434,0.39861,18.0,18.0,0.006499999999999999,ETH,2671.19,1756.18
2026-10-03T00:23:29.731568+00:00,ETH-25DEC26-11000-P,2697.32,ETH-25DEC26,put,11000.0,2026-12-25T08:00:00+00:00,0.22810956056328743,3.058,3.086,3.078295,3.072,2697.32,ETH-25DEC26,0.8948999999999999,-0.99894,0.04575,748.0,0.0,0.028000000000000025,ETH,2671.28,0.0
2026-10-03T00:23:29.731568+00:00,ETH-5OCT26-2520-P,2671.39,ETH-5OCT26,put,2520.0,2026-10-05T08:00:00+00:00,0.006343646805587244,0.0005,0.0007,0.000575,0.0006,2671.39,ETH-5OCT26,0.426,-0.04025,0.1843,95.0,134.0,0.00019999999999999998,ETH,2671.28,369.59
2026-10-03T00:23:29.731568+00:00,ETH-3OCT26-2680-P,2670.36,ETH-3OCT26,put,2680.0,2026-10-03T08:00:00+00:00,0.0008679452313230411,0.004,0.0055,0.004642,0.00475,2670.36,ETH-3OCT26,0.2053,-0.70372,0.27083,1411.0,1876.0,0.0014999999999999996,ETH,2671.28,9501.23
2026-10-03T00:23:29.731568+00:00,ETH-25DEC26-2800-C,2697.32,ETH-25DEC26,call,2800.0,2026-12-25T08:00:00+00:00,0.22810956056328743,0.079,0.0805,0.079549,0.07975,2697.32,ETH-25DEC26,0.5028,0.48641,5.13974,8321.0,197.0,0.0015000000000000013,ETH,2671.28,43384.15
2026-10-03T00:23:29.731568+00:00,ETH-27NOV26-4200-C,2687.35,ETH-27NOV26,call,4200.0,2026-11-27T08:00:00+00:00,0.15144973852358862,0.0028,0.0033,0.003046,0.00305,2687.35,ETH-27NOV26,0.5978,0.03584,0.82445,806.0,1.0,0.0005,ETH,2671.28,11.04
2026-10-03T00:23:29.731568+00:00,ETH-30OCT26-1800-C,2678.04,ETH-30OCT26,call,1800.0,2026-10-30T08:00:00+00:00,0.07478991648388979,0.327,0.33,0.329148,0.3285,2678.04,ETH-30OCT26,0.718,0.9831,0.30742,110.0,0.0,0.0030000000000000027,ETH,2671.28,0.0
2026-10-03T00:23:29.731568+00:00,ETH-25JUN27-1800-P,2759.44,ETH-25JUN27,put,1800.0,2027-06-25T08:00:00+00:00,0.7263984038213298,0.0405,0.0425,0.041552,0.0415,2759.44,ETH-25JUN27,0.5772999999999999,-0.13243,5.04315,1776.0,0.0,0.0020000000000000018,ETH,2671.28,0.0
2026-10-03T00:23:29.731568+00:00,ETH-25DEC26-3400-P,2697.33,ETH-25DEC26,put,3400.0,2026-12-25T08:00:00+00:00,0.22810956056328743,0.281,0.296,0.286957,0.2885,2697.33,ETH-25DEC26,0.521,-0.78933,3.72221,89.0,0.0,0.014999999999999958,ETH,2671.28,0.0
2026-10-03T00:23:29.731568+00:00,ETH-4OCT26-2720-C,2670.95,ETH-4OCT26,call,2720.0,2026-10-04T08:00:00+00:00,0.0036057960184551425,0.0004,0.0006,0.000516,0.0005,2670.95,ETH-4OCT26,0.22039999999999998,0.09094,0.26237,465.0,602.0,0.00019999999999999993,ETH,2671.28,11492.92
2026-10-03T00:23:29.731568+00:00,ETH-23OCT26-2850-C,2676.14,ETH-23OCT26,call,2850.0,2026-10-23T08:00:00+00:00,0.05562496097396506,0.0175,0.0185,0.017902,0.018,2676.14,ETH-23OCT26,0.4404,0.29116,2.16598,120.0,0.0,0.0009999999999999974,ETH,2671.28,0.0
2026-10-03T00:23:29.731568+00:00,ETH-25DEC26-1000-P,2697.33,ETH-25DEC26,put,1000.0,2026-12-25T08:00:00+00:00,0.22810956056328743,0.0007,0.0011,0.000894,0.0009,2697.33,ETH-25DEC26,0.8967,-0.00568,0.20878,18366.0,500.0,0.0004000000000000001,ETH,2671.31,1244.53
2026-10-03T00:23:29.731568+00:00,ETH-27NOV26-2200-P,2687.35,ETH-27NOV26,put,2200.0,2026-11-27T08:00:00+00:00,0.15144973852358862,0.0165,0.0175,0.01687,0.017,2687.35,ETH-27NOV26,0.5352,-0.14324,2.36561,1356.0,1.0,0.0010000000000000009,ETH,2671.28,39.75
2026-10-03T00:23:29.731568+00:00,ETH-25JUN27-3700-P,2759.47,ETH-25JUN27,put,3700.0,2027-06-25T08:00:00+00:00,0.7263984038213298,0.4175,0.441,0.426259,0.42925,2759.47,ETH-25JUN27,0.5464,-0.65389,8.68202,0.0,0.0,0.02350000000000002,ETH,2671.31,0.0
2026-10-03T00:23:29.731568+00:00,ETH-25JUN27-2300-C,2759.44,ETH-25JUN27,call,2300.0,2027-06-25T08:00:00+00:00,0.7263984038213298,0.2625,0.266,0.264711,0.26425,2759.44,ETH-25JUN27,0.5468999999999999,0.7339,7.72546,251.0,0.0,0.003500000000000003,ETH,2671.31,0.0
2026-10-03T00:23:29.731568+00:00,ETH-9OCT26-2650-C,2672.44,ETH-9OCT26,call,2650.0,2026-10-09T08:00:00+00:00,0.017295049954115647,0.023,0.024,0.023623,0.0235,2672.44,ETH-9OCT26,0.36619999999999997,0.58196,1.37305,1068.0,131.0,0.0010000000000000009,ETH,2671.31,11485.94
2026-10-03T00:23:29.731568+00:00,ETH-25JUN27-2700-C,2759.44,ETH-25JUN27,call,2700.0,2027-06-25T08:00:00+00:00,0.7263984038213298,0.1895,0.1925,0.191012,0.191,2759.44,ETH-25JUN27,0.5398,0.60963,9.03287,580.0,3.0,0.0030000000000000027,ETH,2671.31,1689.48
2026-10-03T00:23:29.731568+00:00,ETH-9OCT26-2450-P,2672.44,ETH-9OCT26,put,2450.0,2026-10-09T08:00:00+00:00,0.017295049954115647,0.002,0.0023,0.002096,0.00215,2672.44,ETH-9OCT26,0.4675,-0.07362,0.49072,5510.0,2413.0,0.0002999999999999999,ETH,2671.31,14206.9
2026-10-03T00:23:29.731568+00:00,ETH-25DEC26-3300-P,2697.32,ETH-25DEC26,put,3300.0,2026-12-25T08:00:00+00:00,0.22810956056328743,0.249,0.264,0.255055,0.2565,2697.32,ETH-25DEC26,0.516,-0.756,4.04364,13.0,0.0,0.015000000000000013,ETH,2671.3,0.0
2026-10-03T00:23:29.731568+00:00,ETH-25DEC26-3400-C,2697.33,ETH-25DEC26,call,3400.0,2026-12-25T08:00:00+00:00,0.22810956056328743,0.026,0.027,0.026428,0.0265,2697.33,ETH-25DEC26,0.521,0.21066,3.72215,14536.0,0.0,0.0010000000000000009,ETH,2671.3,0.0
2026-10-03T00:23:29.731568+00:00,ETH-27NOV26-2800-P,2687.36,ETH-27NOV26,put,2800.0,2026-11-27T08:00:00+00:00,0.15144973852358862,0.0995,0.101,0.100145,0.10025,2687.36,ETH-27NOV26,0.4888,-0.54726,4.14569,1040.0,21.0,0.0015000000000000013,ETH,2671.3,5720.17
2026-10-03T00:23:29.731568+00:00,ETH-25DEC26-2000-C,2697.32,ETH-25DEC26,call,2000.0,2026-12-25T08:00:00+00:00,0.22810956056328743,0.2715,0.2755,0.274411,0.2735,2697.32,ETH-25DEC26,0.5683,0.89223,2.38866,10233.0,4.0,0.0040000000000000036,ETH,2671.31,3117.89
2026-10-03T00:23:29.731568+00:00,ETH-9OCT26-2200-C,2672.44,ETH-9OCT26,call,2200.0,2026-10-09T08:00:00+00:00,0.017295049954115647,0.1755,0.1785,0.177459,0.177,2672.44,ETH-9OCT26,0.7279000000000001,0.98138,0.16021,0.0,0.0,0.0030000000000000027,ETH,2671.3,0.0
2026-10-03T00:23:29.731568+00:00,ETH-25JUN27-5500-P,2759.44,ETH-25JUN27,put,5500.0,2027-06-25T08:00:00+00:00,0.7263984038213298,1.004,1.0365,1.019192,1.02025,2759.44,ETH-25JUN27,0.584,-0.87191,4.92824,0.0,0.0,0.03249999999999997,ETH,2671.3,0.0
2026-10-03T00:23:29.731568+00:00,ETH-30OCT26-1850-C,2678.04,ETH-30OCT26,call,1850.0,2026-10-30T08:00:00+00:00,0.07478991648388979,0.3085,0.312,0.310731,0.31025,2678.04,ETH-30OCT26,0.6943,0.97954,0.36178,1008.0,0.0,0.003500000000000003,ETH,2671.31,0.0
2026-10-03T00:23:29.731568+00:00,ETH-27NOV26-2000-P,2687.35,ETH-27NOV26,put,2000.0,2026-11-27T08:00:00+00:00,0.15144973852358862,0.008,0.009,0.008584,0.0085,2687.35,ETH-27NOV26,0.5784,-0.07688,1.50962,2332.0,5.0,0.0009999999999999992,ETH,2671.3,112.09
2026-10-03T00:23:29.731568+00:00,ETH-25JUN27-3800-P,2759.44,ETH-25JUN27,put,3800.0,2027-06-25T08:00:00+00:00,0.7263984038213298,0.4475,0.4695,0.456345,0.4585,2759.44,ETH-25JUN27,0.5484,-0.67353,8.48674,2.0,0.0,0.021999999999999964,ETH,2671.31,0.0
2026-10-03T00:23:29.731568+00:00,ETH-27NOV26-2950-P,2687.35,ETH-27NOV26,put,2950.0,2026-11-27T08:00:00+00:00,0.15144973852358862,0.1365,0.141,0.138267,0.13875,2687.35,ETH-27NOV26,0.4927,-0.65116,3.87161,942.0,0.0,0.004499999999999976,ETH,2671.31,0.0
2026-10-03T00:23:29.731568+00:00,ETH-25DEC26-800-P,2697.33,ETH-25DEC26,put,800.0,2026-12-25T08:00:00+00:00,0.22810956056328743,0.0002,0.0006,0.000371,0.0004,2697.33,ETH-25DEC26,0.9804,-0.00232,0.09368,7354.0,2.0,0.00039999999999999996,ETH,2671.27,2.7
2026-10-03T00:23:29.731568+00:00,ETH-4OCT26-2820-P,2670.95,ETH-4OCT26,put,2820.0,2026-10-04T08:00:00+00:00,0.0036057960184551425,0.0525,0.059,0.055879,0.05575,2670.95,ETH-4OCT26,0.37939999999999996,-0.99051,0.04083,0.0,0.0,0.006499999999999999,ETH,2671.27,0.0
2026-10-03T00:23:29.731568+00:00,ETH-9OCT26-2000-P,2672.44,ETH-9OCT26,put,2000.0,2026-10-09T08:00:00+00:00,0.017295049954115647,0.0003,0.0004,0.000339,0.00035,2672.44,ETH-9OCT26,0.9384999999999999,-0.00793,0.07647,3440.0,283.0,0.00010000000000000005,ETH,2671.31,325.54
2026-10-03T00:23:29.731568+00:00,ETH-25JUN27-3000-P,2759.44,ETH-25JUN27,put,3000.0,2027-06-25T08:00:00+00:00,0.7263984038213298,0.2345,0.2405,0.236471,0.2375,2759.44,ETH-25JUN27,0.5395,-0.4804,9.37827,382.0,5.0,0.006000000000000005,ETH,2671.27,2979.51
2026-10-03T00:23:29.731568+00:00,ETH-26MAR27-800-P,2727.36,ETH-26MAR27,put,800.0,2027-03-26T08:00:00+00:00,0.4772539821923087,0.0014,0.0021,0.001723,0.00175,2727.36,ETH-26MAR27,0.8281999999999999,-0.00756,0.39316,2957.0,0.0,0.0006999999999999999,ETH,2671.27,0.0
2026-10-03T00:23:29.731568+00:00,ETH-30OCT26-2300-C,2678.04,ETH-30OCT26,call,2300.0,2026-10-30T08:00:00+00:00,0.07478991648388979,0.1475,0.151,0.150106,0.14925,2678.04,ETH-30OCT26,0.5085999999999999,0.87813,1.482,1145.0,5.0,0.003500000000000003,ETH,2671.27,2298.54
2026-10-03T00:23:29.731568+00:00,ETH-4OCT26-2840-C,2670.96,ETH-4OCT26,call,2840.0,2026-10-04T08:00:00+00:00,0.0036057960184551425,,0.0002,2.5e-05,,2670.96,ETH-4OCT26,0.3795,0.00397,0.01886,47.0,45.0,,ETH,2671.33,170.05
2026-10-03T00:23:29.731568+00:00,ETH-25DEC26-2000-P,2697.32,ETH-25DEC26,put,2000.0,2026-12-25T08:00:00+00:00,0.22810956056328743,0.0155,0.0165,0.015898,0.016,2697.32,ETH-25DEC26,0.5683,-0.10779,2.3888,9450.0,2.0,0.0010000000000000009,ETH,2671.33,78.0
2026-10-03T00:23:29.731568+00:00,ETH-25DEC26-800-C,2697.33,ETH-25DEC26,call,800.0,2026-12-25T08:00:00+00:00,0.22810956056328743,0.7025,0.7045,0.703776,0.7035,2697.33,ETH-25DEC26,0.9804,0.99768,0.09367,171.0,0.0,0.0020000000000000018,ETH,2671.33,0.0
2026-10-03T00:23:29.731568+00:00,ETH-26MAR27-4500-C,2727.35,ETH-26MAR27,call,4500.0,2027-03-26T08:00:00+00:00,0.4772539821923087,0.023,0.0245,0.023829,0.02375,2727.35,ETH-26MAR27,0.5679,0.14031,4.20292,4309.0,50.0,0.0015000000000000013,ETH,2671.33,3680.13
2026-10-03T00:23:29.731568+00:00,ETH-25DEC26-5500-C,2697.32,ETH-25DEC26,call,5500.0,2026-12-25T08:00:00+00:00,0.22810956056328743,0.0015,0.0021,0.001794,0.0018,2697.32,ETH-25DEC26,0.6579999999999999,0.01749,0.55696,2165.0,0.0,0.0005999999999999998,ETH,2671.33,0.0
2026-10-03T00:23:29.731568+00:00,ETH-30OCT26-2750-P,2678.04,ETH-30OCT26,put,2750.0,2026-10-30T08:00:00+00:00,0.07478991648388979,0.064,0.0655,0.064493,0.06475,2678.04,ETH-30OCT26,0.45159999999999995,-0.55965,2.89088,923.0,467.0,0.0015000000000000013,ETH,2671.33,70876.53
2026-10-03T00:23:29.731568+00:00,ETH-25DEC26-4000-C,2697.32,ETH-25DEC26,call,4000.0,2026-12-25T08:00:00+00:00,0.22810956056328743,0.0095,0.0105,0.010052,0.01,2697.32,ETH-25DEC26,0.5595,0.09022,2.0973,16175.0,205.0,0.0010000000000000009,ETH,2671.34,7019.05
2026-10-03T00:23:29.731568+00:00,ETH-24SEP27-3000-C,2791.13,ETH-24SEP27,call,3000.0,2027-09-24T08:00:00+00:00,0.9755428254503511,0.1825,0.187,0.184533,0.18475,2791.13,ETH-24SEP27,0.5446,0.55395,10.90527,81.0,21.0,0.004500000000000004,ETH,2671.34,10956.27
2026-10-03T00:23:29.731568+00:00,ETH-23OCT26-2600-P,2676.16,ETH-23OCT26,put,2600.0,2026-10-23T08:00:00+00:00,0.05562496097396506,0.0275,0.0285,0.028094,0.028,2676.16,ETH-23OCT26,0.43939999999999996,-0.36901,2.38267,141.0,136.0,0.0010000000000000009,ETH,2671.34,9893.88
2026-10-03T00:23:29.731568+00:00,ETH-27NOV26-3500-C,2687.35,ETH-27NOV26,call,3500.0,2026-11-27T08:00:00+00:00,0.15144973852358862,0.0105,0.0115,0.011073,0.011,2687.35,ETH-27NOV26,0.5293,0.11943,2.08641,2405.0,31.0,0.0009999999999999992,ETH,2671.34,1122.06
2026-10-03T00:23:29.731568+00:00,ETH-16OCT26-2000-C,2674.29,ETH-16OCT26,call,2000.0,2026-10-16T08:00:00+00:00,0.03646000546404036,0.2505,0.254,0.252955,0.25225,2674.29,ETH-16OCT26,0.7318000000000001,0.98427,0.20161,0.0,0.0,0.003500000000000003,ETH,2671.34,0.0
2026-10-03T00:23:29.731568+00:00,ETH-6OCT26-2400-C,2671.71,ETH-6OCT26,call,2400.0,2026-10-06T08:00:00+00:00,0.009081497592719345,0.0995,0.103,0.102132,0.10125,2671.71,ETH-6OCT26,0.563,0.97889,0.12907,0.0,0.0,0.0034999999999999892,ETH,2671.34,0.0
2026-10-03T00:23:29.731568+00:00,ETH-5OCT26-2400-C,2671.39,ETH-5OCT26,call,2400.0,2026-10-05T08:00:00+00:00,0.006343646805587244,0.099,0.103,0.101815,0.101,2671.39,ETH-5OCT26,0.6118,0.98728,0.06988,0.0,0.0,0.00399999999999999,ETH,2671.34,0.0
2026-10-03T00:23:29.731568+00:00,ETH-3OCT26-2800-P,2670.37,ETH-3OCT26,put,2800.0,2026-10-03T08:00:00+00:00,0.0008679452313230411,0.045,0.052,0.04856,0.0485,2670.37,ETH-3OCT26,0.45539999999999997,-0.99978,0.00066,0.0,0.0,0.006999999999999999,ETH,2671.35,0.0
2026-10-03T00:23:29.731568+00:00,ETH-25JUN27-4600-P,2759.44,ETH-25JUN27,put,4600.0,2027-06-25T08:00:00+00:00,0.7263984038213298,0.7,0.725,0.712081,0.7125,2759.44,ETH-25JUN27,0.5644,-0.79403,6.70629,0.0,0.0,0.025000000000000022,ETH,2671.35,0.0
2026-10-03T00:23:29.731568+00:00,ETH-4OCT26-2860-C,2670.95,ETH-4OCT26,call,2860.0,2026-10-04T08:00:00+00:00,0.0036057960184551425,,0.0002,1e-05,,2670.95,ETH-4OCT26,0.3846,0.00169,0.00873,70.0,45.0,,ETH,2671.35,183.03
2026-10-03T00:23:29.731568+00:00,ETH-6OCT26-2820-P,2671.71,ETH-6OCT26,put,2820.0,2026-10-06T08:00:00+00:00,0.009081497592719345,0.0535,0.06,0.056541,0.05675,2671.71,ETH-6OCT26,0.3741,-0.93135,0.33686,0.0,0.0,0.006499999999999999,ETH,2671.35,0.0
2026-10-03T00:23:29.731568+00:00,ETH-25JUN27-1200-C,2759.44,ETH-25JUN27,call,1200.0,2027-06-25T08:00:00+00:00,0.7263984038213298,0.575,0.578,0.577049,0.5765,2759.44,ETH-25JUN27,0.6716,0.95922,2.06026,55.0,0.0,0.0030000000000000027,ETH,2671.35,0.0
2026-10-03T00:23:29.731568+00:00,ETH-30OCT26-1200-C,2678.01,ETH-30OCT26,call,1200.0,2026-10-30T08:00:00+00:00,0.07478991648388979,0.5505,0.553,0.552072,0.55175,2678.01,ETH-30OCT26,1.0586,0.99825,0.04107,0.0,0.0,0.0025000000000000577,ETH,2671.42,0.0
2026-10-03T00:23:29.731568+00:00,ETH-30OCT26-1700-C,2678.04,ETH-30OCT26,call,1700.0,2026-10-30T08:00:00+00:00,0.07478991648388979,0.364,0.367,0.366142,0.3655,2678.04,ETH-30OCT26,0.7717,0.98809,0.22747,74.0,0.0,0.0030000000000000027,ETH,2671.42,0.0
2026-10-03T00:23:29.731568+00:00,ETH-25DEC26-1300-P,2697.32,ETH-25DEC26,put,1300.0,2026-12-25T08:00:00+00:00,0.22810956056328743,0.0019,0.0025,0.002173,0.0022,2697.32,ETH-25DEC26,0.7667,-0.01475,0.48133,4154.0,0.0,0.0006000000000000001,ETH,2671.42,0.0
2026-10-03T00:23:29.731568+00:00,ETH-16OCT26-3200-C,2674.27,ETH-16OCT26,call,3200.0,2026-10-16T08:00:00+00:00,0.03646000546404036,0.0015,0.0019,0.001676,0.0017,2674.27,ETH-16OCT26,0.5292,0.04267,0.46397,169.0,6.0,0.00039999999999999996,ETH,2671.42,51.66
2026-10-03T00:23:29.731568+00:00,ETH-9OCT26-3100-C,2672.44,ETH-9OCT26,call,3100.0,2026-10-09T08:00:00+00:00,0.017295049954115647,0.0005,0.0007,0.000607,0.0006,2672.44,ETH-9OCT26,0.5544,0.02307,0.19208,5454.0,5885.0,0.00019999999999999998,ETH,2671.42,19652.61
2026-10-03T00:23:29.731568+00:00,ETH-9OCT26-2700-C,2672.41,ETH-9OCT26,call,2700.0,2026-10-09T08:00:00+00:00,0.017295049954115647,0.014,0.015,0.014709,0.0145,2672.41,ETH-9OCT26,0.36840000000000006,0.42879,1.38037,2019.0,301.0,0.0009999999999999992,ETH,2671.42,21580.64
2026-10-03T00:23:29.731568+00:00,ETH-26MAR27-1200-P,2727.36,ETH-26MAR27,put,1200.0,2027-03-26T08:00:00+00:00,0.4772539821923087,0.0055,0.0065,0.006017,0.006,2727.36,ETH-26MAR27,0.7055,-0.02689,1.1713,1749.0,0.0,0.001,ETH,2671.44,0.0
2026-10-03T00:23:29.731568+00:00,ETH-25DEC26-2300-C,2697.33,ETH-25DEC26,call,2300.0,2026-12-25T08:00:00+00:00,0.22810956056328743,0.181,0.185,0.184043,0.183,2697.33,ETH-25DEC26,0.5252,0.77697,3.84716,6840.0,2.0,0.0040000000000000036,ETH,2671.44,1143.94
2026-10-03T00:23:29.731568+00:00,ETH-30OCT26-3000-P,2678.01,ETH-30OCT26,put,3000.0,2026-10-30T08:00:00+00:00,0.07478991648388979,0.1305,0.1395,0.134189,0.135,2678.01,ETH-30OCT26,0.4685,-0.79346,2.09159,148.0,0.0,0.009000000000000008,ETH,2671.44,0.0
2026-10-03T00:23:29.731568+00:00,ETH-30OCT26-2650-C,2678.04,ETH-30OCT26,call,2650.0,2026-10-30T08:00:00+00:00,0.07478991648388979,0.054,0.055,0.054702,0.0545,2678.04,ETH-30OCT26,0.4543,0.55964,2.89106,3124.0,80.0,0.0010000000000000009,ETH,2671.44,11197.83
2026-10-03T00:23:29.731568+00:00,ETH-4OCT26-2660-C,2670.95,ETH-4OCT26,call,2660.0,2026-10-04T08:00:00+00:00,0.0036057960184551425,0.006,0.008,0.007032,0.007,2670.95,ETH-4OCT26,0.19690000000000002,0.65412,0.5913,99.0,217.0,0.002,ETH,2671.44,14026.92
2026-10-03T00:23:29.731568+00:00,ETH-4OCT26-2500-C,2670.95,ETH-4OCT26,call,2500.0,2026-10-04T08:00:00+00:00,0.0036057960184551425,0.061,0.067,0.06433,0.064,2670.95,ETH-4OCT26,0.5693,0.97516,0.09322,0.0,0.0,0.006000000000000005,ETH,2671.42,0.0
2026-10-03T00:23:29.731568+00:00,ETH-24SEP27-3400-P,2791.12,ETH-24SEP27,put,3400.0,2027-09-24T08:00:00+00:00,0.9755428254503511,0.3505,0.3755,0.360097,0.363,2791.12,ETH-24SEP27,0.5461,-0.53792,10.95672,0.0,0.0,0.025000000000000022,ETH,2671.42,0.0
2026-10-03T00:23:29.731568+00:00,ETH-6OCT26-2920-C,2671.67,ETH-6OCT26,call,2920.0,2026-10-06T08:00:00+00:00,0.009081497592719345,0.0003,0.0006,0.000435,0.00045,2671.67,ETH-6OCT26,0.47350000000000003,0.02633,0.15544,0.0,0.0,0.0003,ETH,2671.42,0.0
2026-10-03T00:23:29.731568+00:00,ETH-30OCT26-4200-C,2678.01,ETH-30OCT26,call,4200.0,2026-10-30T08:00:00+00:00,0.07478991648388979,0.0004,0.0006,0.000494,0.0005,2678.01,ETH-30OCT26,0.6651,0.00865,0.1721,1462.0,0.0,0.00019999999999999993,ETH,2671.42,0.0
2026-10-03T00:23:29.731568+00:00,ETH-23OCT26-2650-C,2676.16,ETH-23OCT26,call,2650.0,2026-10-23T08:00:00+00:00,0.05562496097396506,0.045,0.0465,0.045854,0.04575,2676.16,ETH-23OCT26,0.4357,0.56018,2.49111,80.0,80.0,0.0015000000000000013,ETH,2671.42,9384.85
2026-10-03T00:23:29.731568+00:00,ETH-3OCT26-2300-C,2670.36,ETH-3OCT26,call,2300.0,2026-10-03T08:00:00+00:00,0.0008679452313230411,0.136,0.1395,0.138683,0.13775,2670.36,ETH-3OCT26,1.1156,1.0,1e-05,0.0,0.0,0.003500000000000003,ETH,2671.42,0.0
2026-10-03T00:23:29.731568+00:00,ETH-26MAR27-3700-C,2727.36,ETH-26MAR27,call,3700.0,2027-03-26T08:00:00+00:00,0.4772539821923087,0.05,0.0515,0.05063,0.05075,2727.36,ETH-26MAR27,0.5421,0.26581,6.18591,1522.0,13.0,0.0014999999999999944,ETH,2671.49,2100.48
2026-10-03T00:23:29.731568+00:00,ETH-26MAR27-5000-C,2727.36,ETH-26MAR27,call,5000.0,2027-03-26T08:00:00+00:00,0.4772539821923087,0.0155,0.0165,0.015934,0.016,2727.36,ETH-26MAR27,0.5858,0.0979,3.25823,9705.0,25.0,0.0010000000000000009,ETH,2671.49,1078.58
2026-10-03T00:23:29.731568+00:00,ETH-3OCT26-2560-C,2670.37,ETH-3OCT26,call,2560.0,2026-10-03T08:00:00+00:00,0.0008679452313230411,0.038,0.044,0.041381,0.041,2670.37,ETH-3OCT26,0.6215999999999999,0.9906,0.01978,0.0,0.0,0.005999999999999998,ETH,2671.42,0.0
2026-10-03T00:23:29.731568+00:00,ETH-24SEP27-3700-P,2791.12,ETH-24SEP27,put,3700.0,2027-09-24T08:00:00+00:00,0.9755428254503511,0.4325,0.4585,0.443024,0.4455,2791.12,ETH-24SEP27,0.5486,-0.59805,10.67226,1.0,0.0,0.026000000000000023,ETH,2671.49,0.0
2026-10-03T00:23:29.731568+00:00,ETH-26MAR27-1200-C,2727.36,ETH-26MAR27,call,1200.0,2027-03-26T08:00:00+00:00,0.4772539821923087,0.5645,0.567,0.566023,0.56575,2727.36,ETH-26MAR27,0.7055,0.97312,1.17112,68.0,0.0,0.0024999999999999467,ETH,2671.57,0.0
2026-10-03T00:23:29.731568+00:00,ETH-24SEP27-3100-C,2791.12,ETH-24SEP27,call,3100.0,2027-09-24T08:00:00+00:00,0.9755428254503511,0.1705,0.1745,0.17267,0.1725,2791.12,ETH-24SEP27,0.5447,0.52984,10.97587,20.0,15.0,0.003999999999999976,ETH,2671.57,7384.9
2026-10-03T00:23:29.731568+00:00,ETH-16OCT26-2650-P,2674.29,ETH-16OCT26,put,2650.0,2026-10-16T08:00:00+00:00,0.03646000546404036,0.027,0.028,0.027336,0.0275,2674.29,ETH-16OCT26,0.4175,-0.43608,2.01249,490.0,107.0,0.0010000000000000009,ETH,2671.57,7634.3
2026-10-03T00:23:29.731568+00:00,ETH-24SEP27-5200-C,2791.12,ETH-24SEP27,call,5200.0,2027-09-24T08:00:00+00:00,0.9755428254503511,0.0495,0.052,0.050718,0.05075,2791.12,ETH-24SEP27,0.5693,0.20499,7.83876,2.0,0.0,0.0024999999999999953,ETH,2671.57,0.0
2026-10-03T00:23:29.731568+00:00,ETH-9OCT26-2700-P,2672.44,ETH-9OCT26,put,2700.0,2026-10-09T08:00:00+00:00,0.017295049954115647,0.0245,0.0255,0.025022,0.025,2672.44,ETH-9OCT26,0.36840000000000006,-0.57079,1.38071,1265.0,307.0,0.0009999999999999974,ETH,2671.57,16544.31
2026-10-03T00:23:29.731568+00:00,ETH-6OCT26-2480-C,2671.67,ETH-6OCT26,call,2480.0,2026-10-06T08:00:00+00:00,0.009081497592719345,0.0695,0.0735,0.072473,0.0715,2671.67,ETH-6OCT26,0.4532,0.9604,0.21769,0.0,0.0,0.00399999999999999,ETH,2671.57,0.0
2026-10-03T00:23:29.731568+00:00,ETH-26MAR27-2500-C,2727.36,ETH-26MAR27,call,2500.0,2027-03-26T08:00:00+00:00,0.4772539821923087,0.1845,0.186,0.185501,0.18525,2727.36,ETH-26MAR27,0.5328,0.66343,6.8825,10710.0,24.0,0.0015000000000000013,ETH,2671.6,12672.36
2026-10-03T00:23:29.731568+00:00,ETH-26MAR27-1500-P,2727.36,ETH-26MAR27,put,1500.0,2027-03-26T08:00:00+00:00,0.4772539821923087,0.0125,0.0135,0.012939,0.013,2727.36,ETH-26MAR27,0.6375,-0.05725,2.16501,4165.0,1.0,0.0009999999999999992,ETH,2671.6,33.89
2026-10-03T00:23:29.731568+00:00,ETH-27NOV26-2850-C,2687.35,ETH-27NOV26,call,2850.0,2026-11-27T08:00:00+00:00,0.15144973852358862,0.051,0.052,0.051629,0.0515,2687.35,ETH-27NOV26,0.48960000000000004,0.41652,4.08356,1940.0,0.0,0.0010000000000000009,ETH,2671.57,0.0
2026-10-03T00:23:29.731568+00:00,ETH-24SEP27-2000-C,2791.13,ETH-24SEP27,call,2000.0,2027-09-24T08:00:00+00:00,0.9755428254503511,0.352,0.367,0.360772,0.3595,2791.13,ETH-24SEP27,0.5609000000000001,0.8104,7.47756,5.0,5.0,0.015000000000000013,ETH,2671.6,4790.54
2026-10-03T00:23:29.731568+00:00,ETH-24SEP27-3800-P,2791.13,ETH-24SEP27,put,3800.0,2027-09-24T08:00:00+00:00,0.9755428254503511,0.4615,0.489,0.471834,0.47525,2791.13,ETH-24SEP27,0.5497,-0.61628,10.53622,0.0,0.0,0.02749999999999997,ETH,2671.6,0.0
2026-10-03T00:23:29.731568+00:00,ETH-9OCT26-2550-C,2672.44,ETH-9OCT26,call,2550.0,2026-10-09T08:00:00+00:00,0.017295049954115647,0.0485,0.052,0.050964,0.05025,2672.44,ETH-9OCT26,0.3972,0.82442,0.90839,102.0,11.0,0.003499999999999996,ETH,2671.6,2091.93
2026-10-03T00:23:29.731568+00:00,ETH-25JUN27-2700-P,2759.44,ETH-25JUN27,put,2700.0,2027-06-25T08:00:00+00:00,0.7263984038213298,0.168,0.171,0.169461,0.1695,2759.44,ETH-25JUN27,0.5398,-0.39027,9.03328,33.0,0.0,0.0030000000000000027,ETH,2671.6,0.0
2026-10-03T00:23:29.731568+00:00,ETH-4OCT26-2620-C,2670.95,ETH-4OCT26,call,2620.0,2026-10-04T08:00:00+00:00,0.0036057960184551425,0.018,0.021,0.02003,0.0195,2670.95,ETH-4OCT26,0.2733,0.88656,0.30821,0.0,0.0,0.0030000000000000027,ETH,2671.66,0.0
2026-10-03T00:23:29.731568+00:00,ETH-4OCT26-2780-C,2670.95,ETH-4OCT26,call,2780.0,2026-10-04T08:00:00+00:00,0.0036057960184551425,0.0001,0.0003,0.00019,0.0002,2670.95,ETH-4OCT26,0.3382,0.02611,0.09718,390.0,520.0,0.00019999999999999998,ETH,2671.66,3736.49
2026-10-03T00:23:29.731568+00:00,ETH-25JUN27-2900-C,2759.44,ETH-25JUN27,call,2900.0,2027-06-25T08:00:00+00:00,0.7263984038213298,0.1605,0.1635,0.161988,0.162,2759.44,ETH-25JUN27,0.5390999999999999,0.54892,9.3203,533.0,26.0,0.0030000000000000027,ETH,2671.66,12007.52
2026-10-03T00:23:29.731568+00:00,ETH-25JUN27-1700-P,2759.44,ETH-25JUN27,put,1700.0,2027-06-25T08:00:00+00:00,0.7263984038213298,0.0335,0.035,0.034201,0.03425,2759.44,ETH-25JUN27,0.5876,-0.11153,4.47023,3951.0,0.0,0.0015000000000000013,ETH,2671.66,0.0
2026-10-03T00:23:29.731568+00:00,ETH-30OCT26-1200-P,2678.04,ETH-30OCT26,put,1200.0,2026-10-30T08:00:00+00:00,0.07478991648388979,0.0001,0.0002,0.000161,0.00015,2678.04,ETH-30OCT26,1.0586,-0.00174,0.04103,2658.0,0.0,0.0001,ETH,2671.66,0.0
2026-10-03T00:23:29.731568+00:00,ETH-26MAR27-1500-C,2727.36,ETH-26MAR27,call,1500.0,2027-03-26T08:00:00+00:00,0.4772539821923087,0.461,0.4635,0.462947,0.46225,2727.36,ETH-26MAR27,0.6375,0.94277,2.16472,208.0,0.0,0.0025000000000000022,ETH,2671.75,0.0
2026-10-03T00:23:29.731568+00:00,ETH-4OCT26-2520-P,2670.95,ETH-4OCT26,put,2520.0,2026-10-04T08:00:00+00:00,0.0036057960184551425,0.0004,0.0005,0.00042,0.00045,2670.95,ETH-4OCT26,0.5321,-0.03241,0.1163,230.0,259.0,9.999999999999999e-05,ETH,2671.75,141.49
2026-10-03T00:23:29.731568+00:00,ETH-4OCT26-2950-C,2670.95,ETH-4OCT26,call,2950.0,2026-10-04T08:00:00+00:00,0.0036057960184551425,,0.0001,6e-06,,2670.95,ETH-4OCT26,0.517,0.00077,0.00423,334.0,324.0,,ETH,2671.75,359.96
2026-10-03T00:23:29.731568+00:00,ETH-9OCT26-2400-P,2672.44,ETH-9OCT26,put,2400.0,2026-10-09T08:00:00+00:00,0.017295049954115647,0.0014,0.0017,0.0015,0.00155,2672.44,ETH-9OCT26,0.5124,-0.05094,0.36811,5036.0,286.0,0.0002999999999999999,ETH,2671.75,1148.8
2026-10-03T00:23:29.731568+00:00,ETH-30OCT26-2450-P,2678.04,ETH-30OCT26,put,2450.0,2026-10-30T08:00:00+00:00,0.07478991648388979,0.018,0.0185,0.018189,0.01825,2678.04,ETH-30OCT26,0.47490000000000004,-0.22542,2.20058,1645.0,25.0,0.0005000000000000004,ETH,2671.75,929.07
2026-10-03T00:23:29.731568+00:00,ETH-23OCT26-2300-P,2676.16,ETH-23OCT26,put,2300.0,2026-10-23T08:00:00+00:00,0.05562496097396506,0.005,0.006,0.005414,0.0055,2676.16,ETH-23OCT26,0.507,-0.09166,1.03981,486.0,181.0,0.001,ETH,2671.75,2680.98
2026-10-03T00:23:29.731568+00:00,ETH-3OCT26-2400-C,2670.37,ETH-3OCT26,call,2400.0,2026-10-03T08:00:00+00:00,0.0008679452313230411,0.099,0.102,0.101239,0.1005,2670.37,ETH-3OCT26,1.1153,0.99951,0.00136,1.0,0.0,0.002999999999999989,ETH,2671.75,0.0
2026-10-03T00:23:29.731568+00:00,ETH-27NOV26-2600-P,2687.35,ETH-27NOV26,put,2600.0,2026-11-27T08:00:00+00:00,0.15144973852358862,0.0595,0.0605,0.059873,0.06,2687.35,ETH-27NOV26,0.4917,-0.39324,4.02516,525.0,90.0,0.0010000000000000009,ETH,2671.75,14584.38
2026-10-03T00:23:29.731568+00:00,ETH-24SEP27-4400-C,2791.12,ETH-24SEP27,call,4400.0,2027-09-24T08:00:00+00:00,0.9755428254503511,0.076,0.079,0.077515,0.0775,2791.12,ETH-24SEP27,0.5573,0.29106,9.46108,150.0,0.0,0.0030000000000000027,ETH,2671.78,0.0
2026-10-03T00:23:29.731568+00:00,ETH-24SEP27-6500-C,2791.12,ETH-24SEP27,call,6500.0,2027-09-24T08:00:00+00:00,0.9755428254503511,0.0275,0.0295,0.02838,0.0285,2791.12,ETH-24SEP27,0.5904,0.12373,5.63949,6.0,0.0,0.0019999999999999983,ETH,2671.78,0.0
2026-10-03T00:23:29.731568+00:00,ETH-27NOV26-3000-P,2687.35,ETH-27NOV26,put,3000.0,2026-11-27T08:00:00+00:00,0.15144973852358862,0.1505,0.155,0.152174,0.15275,2687.35,ETH-27NOV26,0.49450000000000005,-0.68175,3.73454,617.0,0.0,0.004500000000000004,ETH,2671.78,0.0
2026-10-03T00:23:29.731568+00:00,ETH-4OCT26-3000-C,2670.96,ETH-4OCT26,call,3000.0,2026-10-04T08:00:00+00:00,0.0036057960184551425,,0.0001,6e-06,,2670.96,ETH-4OCT26,0.5938,0.00063,0.00355,32.0,23.0,,ETH,2671.86,28.28
2026-10-03T00:23:29.731568+00:00,ETH-24SEP27-1800-P,2791.12,ETH-24SEP27,put,1800.0,2027-09-24T08:00:00+00:00,0.9755428254503511,0.0545,0.0575,0.055968,0.056,2791.12,ETH-24SEP27,0.5737,-0.14498,6.28828,171.0,1.0,0.0030000000000000027,ETH,2671.86,149.7
2026-10-03T00:23:29.731568+00:00,ETH-9OCT26-3000-P,2672.44,ETH-9OCT26,put,3000.0,2026-10-09T08:00:00+00:00,0.017295049954115647,0.12,0.1275,0.123637,0.12375,2672.44,ETH-9OCT26,0.49689999999999995,-0.95809,0.31474,30.0,20.0,0.007500000000000007,ETH,2671.86,5613.64
2026-10-03T00:23:29.731568+00:00,ETH-23OCT26-2900-C,2676.16,ETH-23OCT26,call,2900.0,2026-10-23T08:00:00+00:00,0.05562496097396506,0.0135,0.0145,0.014035,0.014,2676.16,ETH-23OCT26,0.4462,0.24049,1.96609,201.0,200.0,0.0010000000000000009,ETH,2671.86,12044.43
2026-10-03T00:23:29.731568+00:00,ETH-30OCT26-1950-P,2678.04,ETH-30OCT26,put,1950.0,2026-10-30T08:00:00+00:00,0.07478991648388979,0.002,0.0023,0.002178,0.00215,2678.04,ETH-30OCT26,0.6463,-0.02967,0.49422,1377.0,7.0,0.0002999999999999999,ETH,2671.86,40.3
2026-10-03T00:23:29.731568+00:00,ETH-5OCT26-2900-C,2671.39,ETH-5OCT26,call,2900.0,2026-10-05T08:00:00+00:00,0.006343646805587244,0.0001,0.0003,0.000171,0.0002,2671.39,ETH-5OCT26,0.462,0.01407,0.07629,0.0,0.0,0.00019999999999999998,ETH,2671.86,0.0
2026-10-03T00:23:29.731568+00:00,ETH-16OCT26-2300-P,2674.27,ETH-16OCT26,put,2300.0,2026-10-16T08:00:00+00:00,0.03646000546404036,0.0028,0.0032,0.002946,0.003,2674.27,ETH-16OCT26,0.5355,-0.06288,0.63152,1454.0,1110.0,0.0004000000000000002,ETH,2671.89,8637.61
2026-10-03T00:23:29.731568+00:00,ETH-26MAR27-3300-C,2727.36,ETH-26MAR27,call,3300.0,2027-03-26T08:00:00+00:00,0.4772539821923087,0.0765,0.078,0.077183,0.07725,2727.36,ETH-26MAR27,0.5325,0.36986,7.11977,1971.0,0.0,0.0015000000000000013,ETH,2671.89,0.0
2026-10-03T00:23:29.731568+00:00,ETH-25JUN27-4200-P,2759.44,ETH-25JUN27,put,4200.0,2027-06-25T08:00:00+00:00,0.7263984038213298,0.5695,0.594,0.581023,0.58175,2759.44,ETH-25JUN27,0.5552,-0.74198,7.60607,3.0,0.0,0.024499999999999966,ETH,2671.89,0.0
2026-10-03T00:23:29.731568+00:00,ETH-6OCT26-2300-P,2671.67,ETH-6OCT26,put,2300.0,2026-10-06T08:00:00+00:00,0.009081497592719345,0.0001,0.0004,0.00021,0.00025,2671.67,ETH-6OCT26,0.6788,-0.00925,0.06343,2321.0,2321.0,0.00030000000000000003,ETH,2671.89,1853.8
2026-10-03T00:23:29.731568+00:00,ETH-16OCT26-2850-P,2674.29,ETH-16OCT26,put,2850.0,2026-10-16T08:00:00+00:00,0.03646000546404036,0.0755,0.079,0.076329,0.07725,2674.29,ETH-16OCT26,0.4294,-0.7665,1.56503,5.0,0.0,0.003500000000000003,ETH,2671.89,0.0
2026-10-03T00:23:29.731568+00:00,ETH-25DEC26-1300-C,2697.33,ETH-25DEC26,call,1300.0,2026-12-25T08:00:00+00:00,0.22810956056328743,0.5185,0.521,0.520206,0.51975,2697.33,ETH-25DEC26,0.7667,0.98526,0.48088,50.0,0.0,0.0025000000000000577,ETH,2671.9,0.0
2026-10-03T00:23:29.731568+00:00,ETH-27NOV26-2550-C,2687.35,ETH-27NOV26,call,2550.0,2026-11-27T08:00:00+00:00,0.15144973852358862,0.1015,0.104,0.102968,0.10275,2687.35,ETH-27NOV26,0.4941,0.64498,3.89701,1148.0,180.0,0.0024999999999999883,ETH,2671.89,57857.38
2026-10-03T00:23:29.731568+00:00,ETH-26MAR27-3000-C,2727.36,ETH-26MAR27,call,3000.0,2027-03-26T08:00:00+00:00,0.4772539821923087,0.1065,0.108,0.107216,0.10725,2727.36,ETH-26MAR27,0.5284,0.46945,7.50171,8414.0,83.0,0.0015000000000000013,ETH,2671.9,26601.71
2026-10-03T00:23:29.731568+00:00,ETH-30OCT26-1700-P,2678.04,ETH-30OCT26,put,1700.0,2026-10-30T08:00:00+00:00,0.07478991648388979,0.0008,0.0011,0.000935,0.00095,2678.04,ETH-30OCT26,0.7717,-0.01188,0.22702,1523.0,1.0,0.00030000000000000003,ETH,2671.9,2.74
2026-10-03T00:23:29.731568+00:00,ETH-16OCT26-2900-P,2674.27,ETH-16OCT26,put,2900.0,2026-10-16T08:00:00+00:00,0.03646000546404036,0.089,0.096,0.092197,0.0925,2674.27,ETH-16OCT26,0.4397,-0.81976,1.34224,0.0,18.0,0.007000000000000006,ETH,2671.9,3882.45
2026-10-03T00:23:29.731568+00:00,ETH-25DEC26-1900-P,2697.33,ETH-25DEC26,put,1900.0,2026-12-25T08:00:00+00:00,0.22810956056328743,0.0115,0.0125,0.01192,0.012,2697.33,ETH-25DEC26,0.5881000000000001,-0.08236,1.95933,5072.0,0.0,0.0010000000000000009,ETH,2671.9,0.0
2026-10-03T00:23:29.731568+00:00,ETH-16OCT26-2300-C,2674.29,ETH-16OCT26,call,2300.0,2026-10-16T08:00:00+00:00,0.03646000546404036,0.14,0.144,0.142892,0.142,2674.29,ETH-16OCT26,0.5355,0.93714,0.63139,18.0,0.0,0.003999999999999976,ETH,2671.9,0.0
2026-10-03T00:23:29.731568+00:00,ETH-25JUN27-4100-P,2759.44,ETH-25JUN27,put,4100.0,2027-06-25T08:00:00+00:00,0.7263984038213298,0.5385,0.562,0.549176,0.55025,2759.44,ETH-25JUN27,0.5533,-0.72651,7.83399,25.0,25.0,0.023500000000000076,ETH,2671.9,35212.16
2026-10-03T00:23:29.731568+00:00,ETH-25JUN27-3200-C,2759.44,ETH-25JUN27,call,3200.0,2027-06-25T08:00:00+00:00,0.7263984038213298,0.1255,0.128,0.126859,0.12675,2759.44,ETH-25JUN27,0.5406,0.46432,9.35426,1380.0,0.0,0.0025000000000000022,ETH,2671.9,0.0
2026-10-03T00:23:29.731568+00:00,ETH-3OCT26-2920-C,2670.36,ETH-3OCT26,call,2920.0,2026-10-03T08:00:00+00:00,0.0008679452313230411,,0.0001,0.0,,2670.36,ETH-3OCT26,0.69,1e-05,2e-05,181.0,102.0,,ETH,2671.9,250.57
2026-10-03T00:23:29.731568+00:00,ETH-24SEP27-2600-P,2791.13,ETH-24SEP27,put,2600.0,2027-09-24T08:00:00+00:00,0.9755428254503511,0.171,0.1755,0.17306,0.17325,2791.13,ETH-24SEP27,0.5466,-0.34366,10.15184,1000.0,0.0,0.004499999999999976,ETH,2671.9,0.0
2026-10-03T00:23:29.731568+00:00,ETH-27NOV26-3800-P,2687.35,ETH-27NOV26,put,3800.0,2026-11-27T08:00:00+00:00,0.15144973852358862,0.415,0.4285,0.419915,0.42175,2687.35,ETH-27NOV26,0.5545,-0.93249,1.3667,0.0,0.0,0.013500000000000012,ETH,2671.9,0.0
2026-10-03T00:23:29.731568+00:00,ETH-3OCT26-2700-P,2670.36,ETH-3OCT26,put,2700.0,2026-10-03T08:00:00+00:00,0.0008679452313230411,0.0085,0.0145,0.01143,0.0115,2670.36,ETH-3OCT26,0.2748,-0.90338,0.1341,4879.0,5053.0,0.006,ETH,2671.9,23121.12
2026-10-03T00:23:29.731568+00:00,ETH-23OCT26-2500-C,2676.16,ETH-23OCT26,call,2500.0,2026-10-23T08:00:00+00:00,0.05562496097396506,0.0795,0.083,0.082191,0.08125,2676.16,ETH-23OCT26,0.45299999999999996,0.7569,1.97765,0.0,0.0,0.003500000000000003,ETH,2671.89,0.0
2026-10-03T00:23:29.731568+00:00,ETH-5OCT26-2720-C,2671.39,ETH-5OCT26,call,2720.0,2026-10-05T08:00:00+00:00,0.006343646805587244,0.0013,0.0017,0.001501,0.0015,2671.39,ETH-5OCT26,0.2257,0.16921,0.537,799.0,799.0,0.00039999999999999996,ETH,2671.89,9961.73
2026-10-03T00:23:29.731568+00:00,ETH-6OCT26-3100-C,2671.67,ETH-6OCT26,call,3100.0,2026-10-06T08:00:00+00:00,0.009081497592719345,0.0001,0.0003,0.000164,0.0002,2671.67,ETH-6OCT26,0.6419,0.00859,0.05944,0.0,0.0,0.00019999999999999998,ETH,2671.89,0.0
2026-10-03T00:23:29.731568+00:00,ETH-9OCT26-2750-C,2672.44,ETH-9OCT26,call,2750.0,2026-10-09T08:00:00+00:00,0.017295049954115647,0.0085,0.0095,0.008769,0.009,2672.44,ETH-9OCT26,0.3762,0.29441,1.21238,3862.0,1645.0,0.0009999999999999992,ETH,2671.89,80965.16
2026-10-03T00:23:29.731568+00:00,ETH-30OCT26-1600-C,2678.01,ETH-30OCT26,call,1600.0,2026-10-30T08:00:00+00:00,0.07478991648388979,0.401,0.404,0.403181,0.4025,2678.01,ETH-30OCT26,0.8190000000000001,0.9921,0.15896,70.0,0.0,0.0030000000000000027,ETH,2671.89,0.0
2026-10-03T00:23:29.731568+00:00,ETH-5OCT26-2940-P,2671.39,ETH-5OCT26,put,2940.0,2026-10-05T08:00:00+00:00,0.006343646805587244,0.097,0.104,0.100675,0.1005,2671.39,ETH-5OCT26,0.5047999999999999,-0.99053,0.05411,0.0,0.0,0.006999999999999992,ETH,2671.89,0.0
2026-10-03T00:23:29.731568+00:00,ETH-16OCT26-3400-P,2674.29,ETH-16OCT26,put,3400.0,2026-10-16T08:00:00+00:00,0.03646000546404036,0.2685,0.277,0.272173,0.27275,2674.29,ETH-16OCT26,0.5939,-0.98002,0.24726,0.0,0.0,0.008500000000000008,ETH,2671.89,0.0
2026-10-03T00:23:29.731568+00:00,ETH-5OCT26-2660-P,2671.39,ETH-5OCT26,put,2660.0,2026-10-05T08:00:00+00:00,0.006343646805587244,0.0048,0.0055,0.005149,0.00515,2671.39,ETH-5OCT26,0.2232,-0.3868,0.8147,497.0,822.0,0.0007000000000000001,ETH,2671.89,5895.46
2026-10-03T00:23:29.731568+00:00,ETH-24SEP27-4100-C,2791.13,ETH-24SEP27,call,4100.0,2027-09-24T08:00:00+00:00,0.9755428254503511,0.0905,0.0935,0.092131,0.092,2791.13,ETH-24SEP27,0.5532,0.3339,10.0398,251.0,0.0,0.0030000000000000027,ETH,2671.89,0.0
2026-10-03T00:23:29.731568+00:00,ETH-6OCT26-3000-C,2671.67,ETH-6OCT26,call,3000.0,2026-10-06T08:00:00+00:00,0.009081497592719345,0.0002,0.0004,0.000287,0.0003,2671.67,ETH-6OCT26,0.5566,0.01588,0.10131,1.0,1.0,0.0002,ETH,2671.89,3.02
2026-10-03T00:23:29.731568+00:00,ETH-26MAR27-3100-C,2727.36,ETH-26MAR27,call,3100.0,2027-03-26T08:00:00+00:00,0.4772539821923087,0.095,0.097,0.095999,0.096,2727.36,ETH-26MAR27,0.5293,0.43427,7.42147,2387.0,0.0,0.0020000000000000018,ETH,2671.9,0.0
2026-10-03T00:23:29.731568+00:00,ETH-6OCT26-2760-C,2671.71,ETH-6OCT26,call,2760.0,2026-10-06T08:00:00+00:00,0.009081497592719345,0.002,0.0025,0.002231,0.00225,2671.71,ETH-6OCT26,0.3181,0.14987,0.59361,383.0,434.0,0.0005,ETH,2671.89,12987.31
2026-10-03T00:23:29.731568+00:00,ETH-25JUN27-6000-P,2759.44,ETH-25JUN27,put,6000.0,2027-06-25T08:00:00+00:00,0.7263984038213298,1.181,1.2125,1.19437,1.19675,2759.44,ETH-25JUN27,0.5957,-0.89873,4.16974,1.0,0.0,0.03149999999999986,ETH,2671.9,0.0
2026-10-03T00:23:29.731568+00:00,ETH-25JUN27-3100-C,2759.44,ETH-25JUN27,call,3100.0,2027-06-25T08:00:00+00:00,0.7263984038213298,0.136,0.139,0.137531,0.1375,2759.44,ETH-25JUN27,0.5397,0.49147,9.38984,336.0,0.0,0.0030000000000000027,ETH,2671.9,0.0
2026-10-03T00:23:29.731568+00:00,ETH-26MAR27-2700-C,2727.36,ETH-26MAR27,call,2700.0,2027-03-26T08:00:00+00:00,0.4772539821923087,0.1485,0.15,0.149256,0.14925,2727.36,ETH-26MAR27,0.5286,0.58392,7.35674,3304.0,18.0,0.0015000000000000013,ETH,2671.9,7136.37
2026-10-03T00:23:29.731568+00:00,ETH-4OCT26-2840-P,2670.95,ETH-4OCT26,put,2840.0,2026-10-04T08:00:00+00:00,0.0036057960184551425,0.06,0.0665,0.063325,0.06325,2670.95,ETH-4OCT26,0.3795,-0.99589,0.01946,0.0,0.0,0.006500000000000006,ETH,2671.9,0.0
2026-10-03T00:23:29.731568+00:00,ETH-25DEC26-3600-P,2697.32,ETH-25DEC26,put,3600.0,2026-12-25T08:00:00+00:00,0.22810956056328743,0.348,0.3615,0.353286,0.35475,2697.32,ETH-25DEC26,0.5315,-0.84322,3.09562,244.0,0.0,0.013500000000000012,ETH,2671.9,0.0
2026-10-03T00:23:29.731568+00:00,ETH-5OCT26-2820-P,2671.39,ETH-5OCT26,put,2820.0,2026-10-05T08:00:00+00:00,0.006343646805587244,0.0525,0.0595,0.055924,0.056,2671.39,ETH-5OCT26,0.3513,-0.97115,0.1402,0.0,0.0,0.006999999999999999,ETH,2671.9,0.0
2026-10-03T00:23:29.731568+00:00,ETH-5OCT26-2700-P,2671.39,ETH-5OCT26,put,2700.0,2026-10-05T08:00:00+00:00,0.006343646805587244,0.0125,0.0165,0.013453,0.0145,2671.39,ETH-5OCT26,0.2127,-0.71911,0.71759,2596.0,3110.0,0.004,ETH,2671.9,57148.49
2026-10-03T00:23:29.731568+00:00,ETH-26MAR27-8000-C,2727.36,ETH-26MAR27,call,8000.0,2027-03-26T08:00:00+00:00,0.4772539821923087,0.0024,0.0033,0.002838,0.00285,2727.36,ETH-26MAR27,0.6761,0.01929,0.88564,522.0,0.0,0.0009000000000000002,ETH,2671.9,0.0
2026-10-03T00:23:29.731568+00:00,ETH-3OCT26-2540-P,2670.37,ETH-3OCT26,put,2540.0,2026-10-03T08:00:00+00:00,0.0008679452313230411,,0.0001,4.9e-05,,2670.37,ETH-3OCT26,0.6998000000000001,-0.00655,0.0144,802.0,811.0,,ETH,2671.9,695.27
2026-10-03T00:23:29.731568+00:00,ETH-25JUN27-2200-C,2759.47,ETH-25JUN27,call,2200.0,2027-06-25T08:00:00+00:00,0.7263984038213298,0.2845,0.288,0.286689,0.28625,2759.47,ETH-25JUN27,0.5504,0.76388,7.25341,1090.0,0.0,0.003500000000000003,ETH,2671.9,0.0
2026-10-03T00:23:29.731568+00:00,ETH-25DEC26-3600-C,2697.33,ETH-25DEC26,call,3600.0,2026-12-25T08:00:00+00:00,0.22810956056328743,0.018,0.019,0.018608,0.0185,2697.33,ETH-25DEC26,0.5315,0.15678,3.09568,2760.0,21.0,0.0010000000000000009,ETH,2671.9,1033.74
2026-10-03T00:23:29.731568+00:00,ETH-25JUN27-900-C,2759.44,ETH-25JUN27,call,900.0,2027-06-25T08:00:00+00:00,0.7263984038213298,0.678,0.68,0.679321,0.679,2759.44,ETH-25JUN27,0.7454000000000001,0.98131,1.07589,1.0,0.0,0.0020000000000000018,ETH,2671.9,0.0
2026-10-03T00:23:29.731568+00:00,ETH-25DEC26-9000-C,2697.33,ETH-25DEC26,call,9000.0,2026-12-25T08:00:00+00:00,0.22810956056328743,0.0001,0.0004,0.000212,0.00025,2697.33,ETH-25DEC26,0.8222,0.00205,0.08368,2084.0,3.0,0.00030000000000000003,ETH,2671.9,1.65
2026-10-03T00:23:29.731568+00:00,ETH-5OCT26-2940-C,2671.39,ETH-5OCT26,call,2940.0,2026-10-05T08:00:00+00:00,0.006343646805587244,,0.0002,0.000121,,2671.39,ETH-5OCT26,0.5047999999999999,0.00947,0.05411,1000.0,1000.0,,ETH,2671.9,266.26
2026-10-03T00:23:29.731568+00:00,ETH-30OCT26-2350-C,2678.04,ETH-30OCT26,call,2350.0,2026-10-30T08:00:00+00:00,0.07478991648388979,0.1315,0.135,0.133772,0.13325,2678.04,ETH-30OCT26,0.4951,0.8501,1.70836,664.0,0.0,0.003500000000000003,ETH,2671.9,0.0
2026-10-03T00:23:29.731568+00:00,ETH-30OCT26-2750-C,2678.04,ETH-30OCT26,call,2750.0,2026-10-30T08:00:00+00:00,0.07478991648388979,0.037,0.038,0.037623,0.0375,2678.04,ETH-30OCT26,0.45159999999999995,0.44113,2.89245,3376.0,1106.0,0.0010000000000000009,ETH,2671.9,145419.88
2026-10-03T00:23:29.731568+00:00,ETH-25JUN27-3700-C,2759.47,ETH-25JUN27,call,3700.0,2027-06-25T08:00:00+00:00,0.7263984038213298,0.084,0.0865,0.085422,0.08525,2759.47,ETH-25JUN27,0.5464,0.3463,8.68587,339.0,0.0,0.0024999999999999883,ETH,2671.9,0.0
2026-10-03T00:23:29.731568+00:00,ETH-25DEC26-2200-C,2697.33,ETH-25DEC26,call,2200.0,2026-12-25T08:00:00+00:00,0.22810956056328743,0.209,0.213,0.212253,0.211,2697.33,ETH-25DEC26,0.5361,0.82268,3.35146,51009.0,4.0,0.0040000000000000036,ETH,2671.85,2548.65
2026-10-03T00:23:29.731568+00:00,ETH-4OCT26-2580-C,2670.96,ETH-4OCT26,call,2580.0,2026-10-04T08:00:00+00:00,0.0036057960184551425,0.0315,0.0375,0.034662,0.0345,2670.96,ETH-4OCT26,0.37829999999999997,0.93972,0.19172,0.0,0.0,0.005999999999999998,ETH,2671.85,0.0
2026-10-03T00:23:29.731568+00:00,ETH-4OCT26-3000-P,2670.95,ETH-4OCT26,put,3000.0,2026-10-04T08:00:00+00:00,0.0036057960184551425,0.1195,0.1265,0.12321,0.123,2670.95,ETH-4OCT26,0.5938,-0.99937,0.00355,0.0,0.0,0.007000000000000006,ETH,2671.85,0.0
2026-10-03T00:23:29.731568+00:00,ETH-26MAR27-2100-P,2727.36,ETH-26MAR27,put,2100.0,2027-03-26T08:00:00+00:00,0.4772539821923087,0.0485,0.0495,0.048936,0.049,2727.36,ETH-26MAR27,0.5540999999999999,-0.19061,5.12785,1430.0,1.0,0.0010000000000000009,ETH,2671.85,118.69
2026-10-03T00:23:29.731568+00:00,ETH-23OCT26-2850-P,2676.16,ETH-23OCT26,put,2850.0,2026-10-23T08:00:00+00:00,0.05562496097396506,0.0815,0.0855,0.082881,0.0835,2676.16,ETH-23OCT26,0.4404,-0.70806,2.1692,3.0,3.0,0.0040000000000000036,ETH,2671.85,639.2
2026-10-03T00:23:29.731568+00:00,ETH-24SEP27-4800-C,2791.12,ETH-24SEP27,call,4800.0,2027-09-24T08:00:00+00:00,0.9755428254503511,0.061,0.0635,0.062354,0.06225,2791.12,ETH-24SEP27,0.5634,0.24362,8.64798,3.0,0.0,0.0025000000000000022,ETH,2671.79,0.0
2026-10-03T00:23:29.731568+00:00,ETH-27NOV26-2850-P,2687.36,ETH-27NOV26,put,2850.0,2026-11-27T08:00:00+00:00,0.15144973852358862,0.1115,0.113,0.112164,0.11225,2687.36,ETH-27NOV26,0.48960000000000004,-0.58315,4.0849,502.0,20.0,0.0015000000000000013,ETH,2671.85,6158.81
2026-10-03T00:23:29.731568+00:00,ETH-4OCT26-2520-C,2670.96,ETH-4OCT26,call,2520.0,2026-10-04T08:00:00+00:00,0.0036057960184551425,0.0535,0.0595,0.056928,0.0565,2670.96,ETH-4OCT26,0.5321,0.96737,0.11698,0.0,0.0,0.005999999999999998,ETH,2671.79,0.0
2026-10-03T00:23:29.731568+00:00,ETH-3OCT26-2940-P,2670.36,ETH-3OCT26,put,2940.0,2026-10-03T08:00:00+00:00,0.0008679452313230411,0.0975,0.1045,0.100988,0.101,2670.36,ETH-3OCT26,0.7247,-1.0,1e-05,0.0,0.0,0.006999999999999992,ETH,2671.79,0.0
2026-10-03T00:23:29.731568+00:00,ETH-26MAR27-7000-C,2727.36,ETH-26MAR27,call,7000.0,2027-03-26T08:00:00+00:00,0.4772539821923087,0.0041,0.0049,0.004507,0.0045,2727.36,ETH-26MAR27,0.6484000000000001,0.03016,1.28899,6787.0,15.0,0.0007999999999999995,ETH,2671.79,176.16
2026-10-03T00:23:29.731568+00:00,ETH-25JUN27-2500-C,2759.47,ETH-25JUN27,call,2500.0,2027-06-25T08:00:00+00:00,0.7263984038213298,0.2235,0.2265,0.225154,0.225,2759.47,ETH-25JUN27,0.5424,0.67226,8.5021,3226.0,20.0,0.0030000000000000027,ETH,2671.79,13122.56
2026-10-03T00:23:29.731568+00:00,ETH-5OCT26-2780-P,2671.36,ETH-5OCT26,put,2780.0,2026-10-05T08:00:00+00:00,0.006343646805587244,0.038,0.0445,0.041146,0.04125,2671.36,ETH-5OCT26,0.3005,-0.94817,0.22586,1.0,1.0,0.006499999999999999,ETH,2671.76,46.94
2026-10-03T00:23:29.731568+00:00,ETH-23OCT26-2750-C,2676.14,ETH-23OCT26,call,2750.0,2026-10-23T08:00:00+00:00,0.05562496097396506,0.0285,0.0295,0.029113,0.029,2676.14,ETH-23OCT26,0.43479999999999996,0.41748,2.46607,142.0,82.0,0.0009999999999999974,ETH,2671.76,6208.36
2026-10-03T00:23:29.731568+00:00,ETH-25DEC26-4000-P,2697.33,ETH-25DEC26,put,4000.0,2026-12-25T08:00:00+00:00,0.22810956056328743,0.487,0.5035,0.493027,0.49525,2697.33,ETH-25DEC26,0.5595,-0.9097,2.09897,529.0,0.0,0.01649999999999996,ETH,2671.76,0.0
2026-10-03T00:23:29.731568+00:00,ETH-25JUN27-800-P,2759.44,ETH-25JUN27,put,800.0,2027-06-25T08:00:00+00:00,0.7263984038213298,0.0036,0.0043,0.003973,0.00395,2759.44,ETH-25JUN27,0.7729,-0.01358,0.81833,688.0,7.0,0.0007000000000000001,ETH,2671.76,75.39
2026-10-03T00:23:29.731568+00:00,ETH-24SEP27-3000-P,2791.12,ETH-24SEP27,put,3000.0,2027-09-24T08:00:00+00:00,0.9755428254503511,0.25,0.271,0.259378,0.2605,2791.12,ETH-24SEP27,0.5446,-0.44592,10.90665,333.0,0.0,0.02100000000000002,ETH,2671.76,0.0
2026-10-03T00:23:29.731568+00:00,ETH-5OCT26-2800-P,2671.39,ETH-5OCT26,put,2800.0,2026-10-05T08:00:00+00:00,0.006343646805587244,0.045,0.052,0.048514,0.0485,2671.39,ETH-5OCT26,0.3256,-0.96198,0.17596,11.0,11.0,0.006999999999999999,ETH,2671.76,675.21
2026-10-03T00:23:29.731568+00:00,ETH-26MAR27-6000-P,2727.36,ETH-26MAR27,put,6000.0,2027-03-26T08:00:00+00:00,0.4772539821923087,1.1945,1.2275,1.207993,1.211,2727.36,ETH-26MAR27,0.6196,-0.94805,2.00514,1.0,0.0,0.03300000000000014,ETH,2671.63,0.0
2026-10-03T00:23:29.731568+00:00,ETH-9OCT26-2850-C,2672.44,ETH-9OCT26,call,2850.0,2026-10-09T08:00:00+00:00,0.017295049954115647,0.0031,0.0035,0.003329,0.0033,2672.44,ETH-9OCT26,0.41590000000000005,0.1274,0.73363,6317.0,6359.0,0.0004000000000000002,ETH,2671.63,159608.26
2026-10-03T00:23:29.731568+00:00,ETH-24SEP27-5000-C,2791.12,ETH-24SEP27,call,5000.0,2027-09-24T08:00:00+00:00,0.9755428254503511,0.055,0.0575,0.056162,0.05625,2791.12,ETH-24SEP27,0.5664,0.22334,8.24064,45.0,1.0,0.0025000000000000022,ETH,2671.63,160.04
2026-10-03T00:23:29.731568+00:00,ETH-25DEC26-1600-C,2697.33,ETH-25DEC26,call,1600.0,2026-12-25T08:00:00+00:00,0.22810956056328743,0.4095,0.413,0.411904,0.41125,2697.33,ETH-25DEC26,0.6654000000000001,0.96431,1.01221,620.0,0.0,0.003500000000000003,ETH,2671.69,0.0
2026-10-03T00:23:29.731568+00:00,ETH-26MAR27-3100-P,2727.36,ETH-26MAR27,put,3100.0,2027-03-26T08:00:00+00:00,0.4772539821923087,0.232,0.234,0.23265,0.233,2727.36,ETH-26MAR27,0.5293,-0.56581,7.4206,417.0,142.0,0.0020000000000000018,ETH,2671.69,82088.76
2026-10-03T00:23:29.731568+00:00,ETH-30OCT26-4400-C,2678.04,ETH-30OCT26,call,4400.0,2026-10-30T08:00:00+00:00,0.07478991648388979,0.0003,0.0005,0.000385,0.0004,2678.04,ETH-30OCT26,0.7038,0.00657,0.13514,686.0,0.0,0.00020000000000000004,ETH,2671.69,0.0
2026-10-03T00:23:29.731568+00:00,ETH-9OCT26-3200-P,2672.44,ETH-9OCT26,put,3200.0,2026-10-09T08:00:00+00:00,0.017295049954115647,0.194,0.2015,0.197806,0.19775,2672.44,ETH-9OCT26,0.6147,-0.98546,0.12969,0.0,0.0,0.007500000000000007,ETH,2671.69,0.0
2026-10-03T00:23:29.731568+00:00,ETH-25JUN27-3400-P,2759.47,ETH-25JUN27,put,3400.0,2027-06-25T08:00:00+00:00,0.7263984038213298,0.3315,0.355,0.340059,0.34325,2759.47,ETH-25JUN27,0.5422,-0.58677,9.16809,30.0,0.0,0.023499999999999965,ETH,2671.69,0.0
2026-10-03T00:23:29.731568+00:00,ETH-9OCT26-2400-C,2672.41,ETH-9OCT26,call,2400.0,2026-10-09T08:00:00+00:00,0.017295049954115647,0.1015,0.1045,0.103444,0.103,2672.41,ETH-9OCT26,0.5124,0.94912,0.36778,24.0,3.0,0.002999999999999989,ETH,2671.69,1007.23
2026-10-03T00:23:29.731568+00:00,ETH-23OCT26-2300-C,2676.16,ETH-23OCT26,call,2300.0,2026-10-23T08:00:00+00:00,0.05562496097396506,0.1435,0.147,0.145958,0.14525,2676.16,ETH-23OCT26,0.507,0.90828,1.04028,0.0,0.0,0.003500000000000003,ETH,2671.69,0.0
2026-10-03T00:23:29.731568+00:00,ETH-25DEC26-3800-P,2697.33,ETH-25DEC26,put,3800.0,2026-12-25T08:00:00+00:00,0.22810956056328743,0.4165,0.4325,0.422399,0.4245,2697.33,ETH-25DEC26,0.5457,-0.88157,2.55525,113.0,0.0,0.016000000000000014,ETH,2671.69,0.0
2026-10-03T00:23:29.731568+00:00,ETH-3OCT26-2660-C,2670.37,ETH-3OCT26,call,2660.0,2026-10-03T08:00:00+00:00,0.0008679452313230411,0.0045,0.0055,0.004765,0.005,2670.37,ETH-3OCT26,0.1999,0.7738,0.2357,271.0,271.0,0.001,ETH,2671.69,2310.4
2026-10-03T00:23:29.731568+00:00,ETH-3OCT26-2880-P,2670.37,ETH-3OCT26,put,2880.0,2026-10-03T08:00:00+00:00,0.0008679452313230411,0.075,0.082,0.078518,0.0785,2670.37,ETH-3OCT26,0.5742,-1.0,2e-05,0.0,0.0,0.007000000000000006,ETH,2671.69,0.0
2026-10-03T00:23:29.731568+00:00,ETH-24SEP27-3600-C,2791.13,ETH-24SEP27,call,3600.0,2027-09-24T08:00:00+00:00,0.9755428254503511,0.123,0.127,0.125024,0.125,2791.13,ETH-24SEP27,0.5478000000000001,0.42128,10.79255,160.0,0.0,0.0040000000000000036,ETH,2671.69,0.0
2026-10-03T00:23:29.731568+00:00,ETH-25JUN27-1200-P,2759.47,ETH-25JUN27,put,1200.0,2027-06-25T08:00:00+00:00,0.7263984038213298,0.011,0.0125,0.011916,0.01175,2759.47,ETH-25JUN27,0.6716,-0.04075,2.05948,583.0,1.0,0.0015000000000000013,ETH,2671.69,30.93
2026-10-03T00:23:29.731568+00:00,ETH-24SEP27-6000-C,2791.12,ETH-24SEP27,call,6000.0,2027-09-24T08:00:00+00:00,0.9755428254503511,0.034,0.036,0.035005,0.035,2791.12,ETH-24SEP27,0.5824,0.14884,6.39994,562.0,0.0,0.001999999999999995,ETH,2671.69,0.0
2026-10-03T00:23:29.731568+00:00,ETH-23OCT26-2500-P,2676.16,ETH-23OCT26,put,2500.0,2026-10-23T08:00:00+00:00,0.05562496097396506,0.016,0.017,0.016383,0.0165,2676.16,ETH-23OCT26,0.45299999999999996,-0.24332,1.97848,283.0,276.0,0.0010000000000000009,ETH,2671.72,11306.3
2026-10-03T00:23:29.731568+00:00,ETH-6OCT26-2960-P,2671.71,ETH-6OCT26,put,2960.0,2026-10-06T08:00:00+00:00,0.009081497592719345,0.1045,0.112,0.108211,0.10825,2671.71,ETH-6OCT26,0.5059,-0.98148,0.11553,0.0,0.0,0.007500000000000007,ETH,2671.72,0.0
2026-10-03T00:23:29.731568+00:00,ETH-27NOV26-2150-P,2687.35,ETH-27NOV26,put,2150.0,2026-11-27T08:00:00+00:00,0.15144973852358862,0.014,0.0145,0.014327,0.01425,2687.35,ETH-27NOV26,0.5457,-0.12327,2.13376,408.0,1.0,0.0005000000000000004,ETH,2671.72,34.11
2026-10-03T00:23:29.731568+00:00,ETH-6OCT26-2620-C,2671.67,ETH-6OCT26,call,2620.0,2026-10-06T08:00:00+00:00,0.009081497592719345,0.0215,0.0245,0.023639,0.023,2671.67,ETH-6OCT26,0.3042,0.76032,0.7913,151.0,151.0,0.0030000000000000027,ETH,2671.72,8598.53
2026-10-03T00:23:29.731568+00:00,ETH-6OCT26-2660-P,2671.67,ETH-6OCT26,put,2660.0,2026-10-06T08:00:00+00:00,0.009081497592719345,0.0085,0.0095,0.008882,0.009,2671.67,ETH-6OCT26,0.2882,-0.42256,0.997,573.0,781.0,0.0009999999999999992,ETH,2671.72,10930.41
2026-10-03T00:23:29.731568+00:00,ETH-6OCT26-2840-C,2671.67,ETH-6OCT26,call,2840.0,2026-10-06T08:00:00+00:00,0.009081497592719345,0.0007,0.001,0.000855,0.00085,2671.67,ETH-6OCT26,0.3951,0.05599,0.28738,301.0,301.0,0.00030000000000000003,ETH,2671.72,768.41
2026-10-03T00:23:29.731568+00:00,ETH-5OCT26-2760-P,2671.36,ETH-5OCT26,put,2760.0,2026-10-05T08:00:00+00:00,0.006343646805587244,0.0305,0.037,0.033801,0.03375,2671.36,ETH-5OCT26,0.2711,-0.92934,0.28784,102.0,204.0,0.006499999999999999,ETH,2671.78,6972.99
2026-10-03T00:23:29.731568+00:00,ETH-6OCT26-2520-P,2671.71,ETH-6OCT26,put,2520.0,2026-10-06T08:00:00+00:00,0.009081497592719345,0.001,0.0013,0.001103,0.00115,2671.71,ETH-6OCT26,0.40850000000000003,-0.06296,0.31505,0.0,0.0,0.0002999999999999999,ETH,2671.78,0.0
2026-10-03T00:23:29.731568+00:00,ETH-27NOV26-3300-C,2687.35,ETH-27NOV26,call,3300.0,2026-11-27T08:00:00+00:00,0.15144973852358862,0.017,0.018,0.017472,0.0175,2687.35,ETH-27NOV26,0.5136,0.17758,2.72319,842.0,5.0,0.0009999999999999974,ETH,2671.78,308.52
2026-10-03T00:23:29.731568+00:00,ETH-26MAR27-5500-C,2727.35,ETH-26MAR27,call,5500.0,2027-03-26T08:00:00+00:00,0.4772539821923087,0.0105,0.0115,0.011038,0.011,2727.35,ETH-26MAR27,0.6024,0.07003,2.53287,3179.0,15.0,0.0009999999999999992,ETH,2671.78,535.35
2026-10-03T00:23:29.731568+00:00,ETH-23OCT26-2750-P,2676.16,ETH-23OCT26,put,2750.0,2026-10-23T08:00:00+00:00,0.05562496097396506,0.056,0.057,0.056724,0.0565,2676.16,ETH-23OCT26,0.43479999999999996,-0.58254,2.46604,254.0,265.0,0.0010000000000000009,ETH,2671.78,40680.62
2026-10-03T00:23:29.731568+00:00,ETH-25DEC26-1600-P,2697.32,ETH-25DEC26,put,1600.0,2026-12-25T08:00:00+00:00,0.22810956056328743,0.0047,0.0055,0.005095,0.0051,2697.32,ETH-25DEC26,0.6654000000000001,-0.03568,1.01213,8414.0,1.0,0.0007999999999999995,ETH,2671.78,13.69
2026-10-03T00:23:29.731568+00:00,ETH-24SEP27-2900-P,2791.13,ETH-24SEP27,put,2900.0,2027-09-24T08:00:00+00:00,0.9755428254503511,0.233,0.2395,0.23625,0.23625,2791.13,ETH-24SEP27,0.5445,-0.42114,10.79245,5.0,5.0,0.006499999999999978,ETH,2671.85,3028.65
2026-10-03T00:23:29.731568+00:00,ETH-30OCT26-2050-P,2678.01,ETH-30OCT26,put,2050.0,2026-10-30T08:00:00+00:00,0.07478991648388979,0.0029,0.0033,0.00309,0.0031,2678.01,ETH-30OCT26,0.599,-0.04307,0.67072,1237.0,4.0,0.0004000000000000002,ETH,2671.85,29.47
2026-10-03T00:23:29.731568+00:00,ETH-24SEP27-5500-C,2791.13,ETH-24SEP27,call,5500.0,2027-09-24T08:00:00+00:00,0.9755428254503511,0.043,0.045,0.043968,0.044,2791.13,ETH-24SEP27,0.5745,0.1814,7.27583,314.0,0.0,0.0020000000000000018,ETH,2671.85,0.0
2026-10-03T00:23:29.731568+00:00,ETH-6OCT26-2540-C,2671.67,ETH-6OCT26,call,2540.0,2026-10-06T08:00:00+00:00,0.009081497592719345,0.0475,0.0515,0.050681,0.0495,2671.67,ETH-6OCT26,0.38539999999999996,0.92003,0.37859,0.0,0.0,0.003999999999999997,ETH,2671.85,0.0
2026-10-03T00:23:29.731568+00:00,ETH-24SEP27-2800-C,2791.12,ETH-24SEP27,call,2800.0,2027-09-24T08:00:00+00:00,0.9755428254503511,0.2085,0.213,0.210946,0.21075,2791.12,ETH-24SEP27,0.5449,0.60424,10.62998,337.0,0.0,0.004500000000000004,ETH,2671.85,0.0
2026-10-03T00:23:29.731568+00:00,ETH-25DEC26-11000-C,2697.33,ETH-25DEC26,call,11000.0,2026-12-25T08:00:00+00:00,0.22810956056328743,,0.0002,0.000113,,2697.33,ETH-25DEC26,0.8948999999999999,0.00106,0.04583,2175.0,0.0,,ETH,2671.85,0.0
2026-10-03T00:23:29.731568+00:00,ETH-3OCT26-2940-C,2670.37,ETH-3OCT26,call,2940.0,2026-10-03T08:00:00+00:00,0.0008679452313230411,,0.0001,0.0,,2670.37,ETH-3OCT26,0.7247,0.0,1e-05,693.0,565.0,,ETH,2671.85,1065.38
2026-10-03T00:23:29.731568+00:00,ETH-25JUN27-1000-C,2759.44,ETH-25JUN27,call,1000.0,2027-06-25T08:00:00+00:00,0.7263984038213298,0.6425,0.6455,0.644836,0.644,2759.44,ETH-25JUN27,0.7184999999999999,0.97526,1.364,101.0,0.0,0.0030000000000000027,ETH,2671.85,0.0
2026-10-03T00:23:29.731568+00:00,ETH-25JUN27-2300-P,2759.44,ETH-25JUN27,put,2300.0,2027-06-25T08:00:00+00:00,0.7263984038213298,0.097,0.0995,0.098204,0.09825,2759.44,ETH-25JUN27,0.5468999999999999,-0.26593,7.72482,1035.0,0.0,0.0025000000000000022,ETH,2671.85,0.0
2026-10-03T00:23:29.731568+00:00,ETH-4OCT26-2700-P,2670.95,ETH-4OCT26,put,2700.0,2026-10-04T08:00:00+00:00,0.0036057960184551425,0.011,0.0145,0.012002,0.01275,2670.95,ETH-4OCT26,0.1943,-0.80693,0.43945,2275.0,2348.0,0.0035000000000000014,ETH,2671.85,22978.3
2026-10-03T00:23:29.731568+00:00,ETH-30OCT26-2400-P,2678.01,ETH-30OCT26,put,2400.0,2026-10-30T08:00:00+00:00,0.07478991648388979,0.014,0.0145,0.014372,0.01425,2678.01,ETH-30OCT26,0.48469999999999996,-0.18475,1.955,8736.0,79.0,0.0005000000000000004,ETH,2671.85,2750.89
2026-10-03T00:23:29.731568+00:00,ETH-16OCT26-3000-C,2674.29,ETH-16OCT26,call,3000.0,2026-10-16T08:00:00+00:00,0.03646000546404036,0.0041,0.0046,0.004347,0.00435,2674.29,ETH-16OCT26,0.4654,0.10722,0.94348,887.0,262.0,0.0004999999999999996,ETH,2671.84,6383.36
2026-10-03T00:23:29.731568+00:00,ETH-3OCT26-2500-C,2670.37,ETH-3OCT26,call,2500.0,2026-10-03T08:00:00+00:00,0.0008679452313230411,0.0605,0.0665,0.063818,0.0635,2670.37,ETH-3OCT26,0.8523000000000001,0.99626,0.00874,18.0,0.0,0.006000000000000005,ETH,2671.85,0.0
2026-10-03T00:23:29.731568+00:00,ETH-16OCT26-3100-P,2674.27,ETH-16OCT26,put,3100.0,2026-10-16T08:00:00+00:00,0.03646000546404036,0.1585,0.166,0.161788,0.16225,2674.27,ETH-16OCT26,0.49520000000000003,-0.93423,0.65393,0.0,0.0,0.007500000000000007,ETH,2671.84,0.0
2026-10-03T00:23:29.731568+00:00,ETH-27NOV26-3200-P,2687.35,ETH-27NOV26,put,3200.0,2026-11-27T08:00:00+00:00,0.15144973852358862,0.2085,0.2195,0.212851,0.214,2687.35,ETH-27NOV26,0.5061,-0.7838,3.06831,1.0,0.0,0.01100000000000001,ETH,2671.84,0.0
2026-10-03T00:23:29.731568+00:00,ETH-5OCT26-2540-C,2671.39,ETH-5OCT26,call,2540.0,2026-10-05T08:00:00+00:00,0.006343646805587244,0.0465,0.053,0.049853,0.04975,2671.39,ETH-5OCT26,0.3908,0.95105,0.21583,0.0,0.0,0.006499999999999999,ETH,2671.84,0.0
2026-10-03T00:23:29.731568+00:00,ETH-23OCT26-2200-C,2676.16,ETH-23OCT26,call,2200.0,2026-10-23T08:00:00+00:00,0.05562496097396506,0.1785,0.1825,0.181299,0.1805,2676.16,ETH-23OCT26,0.5508,0.94261,0.7267,0.0,0.0,0.0040000000000000036,ETH,2671.85,0.0
2026-10-03T00:23:29.731568+00:00,ETH-9OCT26-2800-P,2672.41,ETH-9OCT26,put,2800.0,2026-10-09T08:00:00+00:00,0.017295049954115647,0.052,0.0565,0.053086,0.05425,2672.41,ETH-9OCT26,0.3947,-0.8051,0.96937,267.0,101.0,0.004500000000000004,ETH,2671.84,12191.29
2026-10-03T00:23:29.731568+00:00,ETH-3OCT26-2520-P,2670.37,ETH-3OCT26,put,2520.0,2026-10-03T08:00:00+00:00,0.0008679452313230411,,0.0002,3.5e-05,,2670.37,ETH-3OCT26,0.7662,-0.00443,0.01017,1464.0,390.0,,ETH,2671.84,184.66
2026-10-03T00:23:29.731568+00:00,ETH-3OCT26-2580-C,2670.37,ETH-3OCT26,call,2580.0,2026-10-03T08:00:00+00:00,0.0008679452313230411,0.0305,0.037,0.033988,0.03375,2670.37,ETH-3OCT26,0.5959,0.97693,0.0428,0.0,0.0,0.006499999999999999,ETH,2671.85,0.0
2026-10-03T00:23:29.731568+00:00,ETH-5OCT26-2620-C,2671.39,ETH-5OCT26,call,2620.0,2026-10-05T08:00:00+00:00,0.006343646805587244,0.0185,0.022,0.021181,0.02025,2671.39,ETH-5OCT26,0.2613,0.83516,0.528,0.0,0.0,0.0034999999999999996,ETH,2671.85,0.0
2026-10-03T00:23:29.731568+00:00,ETH-25JUN27-3200-P,2759.44,ETH-25JUN27,put,3200.0,2027-06-25T08:00:00+00:00,0.7263984038213298,0.284,0.291,0.286502,0.2875,2759.44,ETH-25JUN27,0.5406,-0.53567,9.35441,48.0,0.0,0.007000000000000006,ETH,2671.85,0.0
2026-10-03T00:23:29.731568+00:00,ETH-27NOV26-4600-C,2687.35,ETH-27NOV26,call,4600.0,2026-11-27T08:00:00+00:00,0.15144973852358862,0.0014,0.0019,0.00165,0.00165,2687.35,ETH-27NOV26,0.6329,0.01987,0.50398,1368.0,0.0,0.0005,ETH,2671.85,0.0
2026-10-03T00:23:29.731568+00:00,ETH-24SEP27-3700-C,2791.12,ETH-24SEP27,call,3700.0,2027-09-24T08:00:00+00:00,0.9755428254503511,0.1155,0.119,0.117382,0.11725,2791.12,ETH-24SEP27,0.5486,0.40206,10.67475,0.0,0.0,0.0034999999999999892,ETH,2671.85,0.0
2026-10-03T00:23:29.731568+00:00,ETH-25JUN27-2100-C,2759.44,ETH-25JUN27,call,2100.0,2027-06-25T08:00:00+00:00,0.7263984038213298,0.308,0.3115,0.310166,0.30975,2759.44,ETH-25JUN27,0.555,0.79252,6.73688,142.0,0.0,0.003500000000000003,ETH,2671.85,0.0
2026-10-03T00:23:29.731568+00:00,ETH-30OCT26-1950-C,2678.04,ETH-30OCT26,call,1950.0,2026-10-30T08:00:00+00:00,0.07478991648388979,0.2715,0.275,0.274034,0.27325,2678.04,ETH-30OCT26,0.6463,0.97033,0.49415,744.0,0.0,0.003500000000000003,ETH,2671.85,0.0
2026-10-03T00:23:29.731568+00:00,ETH-16OCT26-2700-C,2674.29,ETH-16OCT26,call,2700.0,2026-10-16T08:00:00+00:00,0.03646000546404036,0.027,0.0275,0.027225,0.02725,2674.29,ETH-16OCT26,0.4156,0.471,2.03353,956.0,702.0,0.0005000000000000004,ETH,2671.85,71984.81
2026-10-03T00:23:29.731568+00:00,ETH-30OCT26-2650-P,2678.04,ETH-30OCT26,put,2650.0,2026-10-30T08:00:00+00:00,0.07478991648388979,0.044,0.045,0.044232,0.0445,2678.04,ETH-30OCT26,0.4543,-0.43979,2.89095,6191.0,414.0,0.0010000000000000009,ETH,2671.85,45485.86
2026-10-03T00:23:29.731568+00:00,ETH-5OCT26-2550-P,2671.39,ETH-5OCT26,put,2550.0,2026-10-05T08:00:00+00:00,0.006343646805587244,0.0006,0.0008,0.000717,0.0007,2671.39,ETH-5OCT26,0.3713,-0.05396,0.23322,2.0,2.0,0.0002000000000000001,ETH,2671.86,5.33
2026-10-03T00:23:29.731568+00:00,ETH-26MAR27-3200-C,2727.36,ETH-26MAR27,call,3200.0,2027-03-26T08:00:00+00:00,0.4772539821923087,0.085,0.087,0.086002,0.086,2727.36,ETH-26MAR27,0.5306000000000001,0.40096,7.29054,1980.0,0.0,0.001999999999999988,ETH,2671.86,0.0
2026-10-03T00:23:29.731568+00:00,ETH-30OCT26-4200-P,2678.01,ETH-30OCT26,put,4200.0,2026-10-30T08:00:00+00:00,0.07478991648388979,0.564,0.5745,0.568806,0.56925,2678.01,ETH-30OCT26,0.6651,-0.99133,0.17251,0.0,0.0,0.010500000000000065,ETH,2671.86,0.0
2026-10-03T00:23:29.731568+00:00,ETH-25DEC26-3800-C,2697.33,ETH-25DEC26,call,3800.0,2026-12-25T08:00:00+00:00,0.22810956056328743,0.013,0.014,0.013572,0.0135,2697.33,ETH-25DEC26,0.5457,0.11848,2.55618,5872.0,1.0,0.0010000000000000009,ETH,2671.85,41.87
2026-10-03T00:23:29.731568+00:00,ETH-24SEP27-2100-C,2791.13,ETH-24SEP27,call,2100.0,2027-09-24T08:00:00+00:00,0.9755428254503511,0.3295,0.3435,0.337809,0.3365,2791.13,ETH-24SEP27,0.5571,0.78616,8.03722,2.0,0.0,0.014000000000000012,ETH,2671.86,0.0
2026-10-03T00:23:29.731568+00:00,ETH-26MAR27-2400-C,2727.36,ETH-26MAR27,call,2400.0,2027-03-26T08:00:00+00:00,0.4772539821923087,0.2045,0.207,0.206267,0.20575,2727.36,ETH-26MAR27,0.5364,0.70258,6.53139,2362.0,0.0,0.0025000000000000022,ETH,2671.86,0.0
2026-10-03T00:23:29.731568+00:00,ETH-6OCT26-3100-P,2671.71,ETH-6OCT26,put,3100.0,2026-10-06T08:00:00+00:00,0.009081497592719345,0.157,0.164,0.160469,0.1605,2671.71,ETH-6OCT26,0.6419,-0.9914,0.05947,0.0,0.0,0.007000000000000006,ETH,2671.86,0.0
2026-10-03T00:23:29.731568+00:00,ETH-26MAR27-4000-P,2727.36,ETH-26MAR27,put,4000.0,2027-03-26T08:00:00+00:00,0.4772539821923087,0.494,0.5155,0.504194,0.50475,2727.36,ETH-26MAR27,0.5509000000000001,-0.79215,5.40233,0.0,0.0,0.021499999999999964,ETH,2671.86,0.0
2026-10-03T00:23:29.731568+00:00,ETH-27NOV26-2550-P,2687.35,ETH-27NOV26,put,2550.0,2026-11-27T08:00:00+00:00,0.15144973852358862,0.0515,0.0525,0.051865,0.052,2687.35,ETH-27NOV26,0.4941,-0.35503,3.89704,364.0,185.0,0.0010000000000000009,ETH,2671.86,24828.07
2026-10-03T00:23:29.731568+00:00,ETH-9OCT26-2900-C,2672.41,ETH-9OCT26,call,2900.0,2026-10-09T08:00:00+00:00,0.017295049954115647,0.0019,0.0023,0.002159,0.0021,2672.41,ETH-9OCT26,0.4403,0.08505,0.5475,7150.0,5470.0,0.00039999999999999996,ETH,2671.86,107494.5
2026-10-03T00:23:29.731568+00:00,ETH-24SEP27-3400-C,2791.13,ETH-24SEP27,call,3400.0,2027-09-24T08:00:00+00:00,0.9755428254503511,0.14,0.144,0.141939,0.142,2791.13,ETH-24SEP27,0.5461,0.4622,10.95879,0.0,0.0,0.003999999999999976,ETH,2671.86,0.0
2026-10-03T00:23:29.731568+00:00,ETH-6OCT26-3200-P,2671.71,ETH-6OCT26,put,3200.0,2026-10-06T08:00:00+00:00,0.009081497592719345,0.1945,0.202,0.197797,0.19825,2671.71,ETH-6OCT26,0.6855,-0.99673,0.02516,0.0,0.0,0.007500000000000007,ETH,2671.86,0.0
2026-10-03T00:23:29.731568+00:00,ETH-25DEC26-2500-P,2697.33,ETH-25DEC26,put,2500.0,2026-12-25T08:00:00+00:00,0.22810956056328743,0.0605,0.062,0.061335,0.06125,2697.33,ETH-25DEC26,0.51,-0.33149,4.67788,3149.0,82.0,0.0015000000000000013,ETH,2671.86,13859.99
2026-10-03T00:23:29.731568+00:00,ETH-26MAR27-4600-P,2727.36,ETH-26MAR27,put,4600.0,2027-03-26T08:00:00+00:00,0.4772539821923087,0.697,0.7225,0.708516,0.70975,2727.36,ETH-26MAR27,0.5713,-0.86976,3.9946,0.0,0.0,0.025500000000000078,ETH,2671.83,0.0
2026-10-03T00:23:29.731568+00:00,ETH-26MAR27-3700-P,2727.36,ETH-26MAR27,put,3700.0,2027-03-26T08:00:00+00:00,0.4772539821923087,0.398,0.4175,0.407278,0.40775,2727.36,ETH-26MAR27,0.5421,-0.73408,6.18783,0.0,0.0,0.019499999999999962,ETH,2671.83,0.0
2026-10-03T00:23:29.731568+00:00,ETH-26MAR27-2200-P,2727.36,ETH-26MAR27,put,2200.0,2027-03-26T08:00:00+00:00,0.4772539821923087,0.059,0.06,0.059623,0.0595,2727.36,ETH-26MAR27,0.5466,-0.22386,5.63961,2250.0,1.0,0.0010000000000000009,ETH,2671.83,144.3
2026-10-03T00:23:29.731568+00:00,ETH-25DEC26-1700-C,2697.33,ETH-25DEC26,call,1700.0,2026-12-25T08:00:00+00:00,0.22810956056328743,0.374,0.3775,0.376231,0.37575,2697.33,ETH-25DEC26,0.6314,0.95377,1.24886,365.0,0.0,0.003500000000000003,ETH,2671.83,0.0
2026-10-03T00:23:29.731568+00:00,ETH-30OCT26-2850-P,2678.04,ETH-30OCT26,put,2850.0,2026-10-30T08:00:00+00:00,0.07478991648388979,0.0885,0.091,0.089503,0.08975,2678.04,ETH-30OCT26,0.4542,-0.66797,2.66111,114.0,0.0,0.0025000000000000022,ETH,2671.86,0.0
2026-10-03T00:23:29.731568+00:00,ETH-9OCT26-2350-C,2672.44,ETH-9OCT26,call,2350.0,2026-10-09T08:00:00+00:00,0.017295049954115647,0.1195,0.123,0.121862,0.12125,2672.44,ETH-9OCT26,0.5672999999999999,0.96143,0.29423,0.0,0.0,0.003500000000000003,ETH,2671.83,0.0
2026-10-03T00:23:29.731568+00:00,ETH-4OCT26-2500-P,2670.95,ETH-4OCT26,put,2500.0,2026-10-04T08:00:00+00:00,0.0036057960184551425,0.0003,0.0004,0.000333,0.00035,2670.95,ETH-4OCT26,0.5693,-0.02494,0.09355,53.0,33.0,0.00010000000000000005,ETH,2671.86,41.85
2026-10-03T00:23:29.731568+00:00,ETH-3OCT26-2850-C,2670.37,ETH-3OCT26,call,2850.0,2026-10-03T08:00:00+00:00,0.0008679452313230411,,0.0001,0.0,,2670.37,ETH-3OCT26,0.5227,1e-05,5e-05,668.0,127.0,,ETH,2671.86,378.2
2026-10-03T00:23:29.731568+00:00,ETH-24SEP27-6500-P,2791.12,ETH-24SEP27,put,6500.0,2027-09-24T08:00:00+00:00,0.9755428254503511,1.3375,1.3785,1.357211,1.358,2791.12,ETH-24SEP27,0.5904,-0.87626,5.64021,0.0,0.0,0.04100000000000015,ETH,2671.86,0.0
2026-10-03T00:23:29.731568+00:00,ETH-24SEP27-2700-C,2791.13,ETH-24SEP27,call,2700.0,2027-09-24T08:00:00+00:00,0.9755428254503511,0.2235,0.2275,0.225689,0.2255,2791.13,ETH-24SEP27,0.5455,0.63011,10.41744,45.0,5.0,0.0040000000000000036,ETH,2671.86,2980.15
2026-10-03T00:23:29.731568+00:00,ETH-30OCT26-4400-P,2678.01,ETH-30OCT26,put,4400.0,2026-10-30T08:00:00+00:00,0.07478991648388979,0.6385,0.649,0.643378,0.64375,2678.01,ETH-30OCT26,0.7038,-0.99342,0.13532,0.0,0.0,0.010500000000000065,ETH,2671.86,0.0
2026-10-03T00:23:29.731568+00:00,ETH-25DEC26-3200-P,2697.32,ETH-25DEC26,put,3200.0,2026-12-25T08:00:00+00:00,0.22810956056328743,0.2185,0.232,0.224311,0.22525,2697.32,ETH-25DEC26,0.5115999999999999,-0.71728,4.36056,311.0,0.0,0.013500000000000012,ETH,2671.86,0.0
2026-10-03T00:23:29.731568+00:00,ETH-25DEC26-10000-C,2697.33,ETH-25DEC26,call,10000.0,2026-12-25T08:00:00+00:00,0.22810956056328743,0.0001,0.0003,0.000121,0.0002,2697.33,ETH-25DEC26,0.846,0.00118,0.05054,1741.0,0.0,0.00019999999999999998,ETH,2671.86,0.0
2026-10-03T00:23:29.731568+00:00,ETH-6OCT26-2600-C,2671.71,ETH-6OCT26,call,2600.0,2026-10-06T08:00:00+00:00,0.009081497592719345,0.027,0.031,0.02991,0.029,2671.71,ETH-6OCT26,0.32020000000000004,0.8226,0.66231,1.0,2.0,0.004,ETH,2671.86,164.48
2026-10-03T00:23:29.731568+00:00,ETH-25JUN27-2800-C,2759.44,ETH-25JUN27,call,2800.0,2027-06-25T08:00:00+00:00,0.7263984038213298,0.1745,0.177,0.1759,0.17575,2759.44,ETH-25JUN27,0.5393,0.57912,9.20678,1233.0,0.0,0.0025000000000000022,ETH,2671.86,0.0
2026-10-03T00:23:29.731568+00:00,ETH-25DEC26-5500-P,2697.33,ETH-25DEC26,put,5500.0,2026-12-25T08:00:00+00:00,0.22810956056328743,1.0315,1.0545,1.040885,1.043,2697.33,ETH-25DEC26,0.6579999999999999,-0.98248,0.55771,0.0,0.0,0.02299999999999991,ETH,2671.86,0.0
2026-10-03T00:23:29.731568+00:00,ETH-30OCT26-2350-P,2678.01,ETH-30OCT26,put,2350.0,2026-10-30T08:00:00+00:00,0.07478991648388979,0.011,0.0115,0.01128,0.01125,2678.01,ETH-30OCT26,0.4951,-0.14992,1.7085,2939.0,60.0,0.0005000000000000004,ETH,2671.85,1537.16
2026-10-03T00:23:29.731568+00:00,ETH-24SEP27-5000-P,2791.12,ETH-24SEP27,put,5000.0,2027-09-24T08:00:00+00:00,0.9755428254503511,0.835,0.866,0.84757,0.8505,2791.12,ETH-24SEP27,0.5664,-0.77664,8.24139,0.0,0.0,0.031000000000000028,ETH,2671.85,0.0
2026-10-03T00:23:29.731568+00:00,ETH-24SEP27-4300-P,2791.13,ETH-24SEP27,put,4300.0,2027-09-24T08:00:00+00:00,0.9755428254503511,0.6095,0.6415,0.622696,0.6255,2791.13,ETH-24SEP27,0.5561,-0.69531,9.66105,0.0,0.0,0.03199999999999992,ETH,2671.85,0.0
2026-10-03T00:23:29.731568+00:00,ETH-9OCT26-3100-P,2672.44,ETH-9OCT26,put,3100.0,2026-10-09T08:00:00+00:00,0.017295049954115647,0.157,0.1645,0.160595,0.16075,2672.44,ETH-9OCT26,0.5544,-0.97678,0.1932,0.0,0.0,0.007500000000000007,ETH,2671.85,0.0
2026-10-03T00:23:29.731568+00:00,ETH-30OCT26-2700-P,2678.04,ETH-30OCT26,put,2700.0,2026-10-30T08:00:00+00:00,0.07478991648388979,0.0535,0.0545,0.053779,0.054,2678.04,ETH-30OCT26,0.45270000000000005,-0.49973,2.92433,3611.0,1549.0,0.0010000000000000009,ETH,2671.85,186053.07
2026-10-03T00:23:29.731568+00:00,ETH-16OCT26-2500-P,2674.27,ETH-16OCT26,put,2500.0,2026-10-16T08:00:00+00:00,0.03646000546404036,0.0095,0.0105,0.00993,0.01,2674.27,ETH-16OCT26,0.4437,-0.19915,1.42718,30256.0,130.0,0.0010000000000000009,ETH,2671.89,3405.09
2026-10-03T00:23:29.731568+00:00,ETH-25JUN27-2800-P,2759.44,ETH-25JUN27,put,2800.0,2027-06-25T08:00:00+00:00,0.7263984038213298,0.189,0.192,0.190587,0.1905,2759.44,ETH-25JUN27,0.5393,-0.42087,9.20686,837.0,0.0,0.0030000000000000027,ETH,2671.89,0.0
2026-10-03T00:23:29.731568+00:00,ETH-27NOV26-2650-C,2687.35,ETH-27NOV26,call,2650.0,2026-11-27T08:00:00+00:00,0.15144973852358862,0.082,0.083,0.082542,0.0825,2687.35,ETH-27NOV26,0.48960000000000004,0.56818,4.1148,2760.0,100.0,0.0010000000000000009,ETH,2671.89,28006.79
2026-10-03T00:23:29.731568+00:00,ETH-25JUN27-2600-C,2759.44,ETH-25JUN27,call,2600.0,2027-06-25T08:00:00+00:00,0.7263984038213298,0.206,0.2085,0.207386,0.20725,2759.44,ETH-25JUN27,0.5408,0.64099,8.79935,404.0,0.0,0.0025000000000000022,ETH,2671.89,0.0
2026-10-03T00:23:29.731568+00:00,ETH-25JUN27-1300-P,2759.44,ETH-25JUN27,put,1300.0,2027-06-25T08:00:00+00:00,0.7263984038213298,0.014,0.0155,0.014912,0.01475,2759.44,ETH-25JUN27,0.6504000000000001,-0.0509,2.4628,1686.0,1.0,0.0014999999999999996,ETH,2671.89,38.73
2026-10-03T00:23:29.731568+00:00,ETH-26MAR27-5500-P,2727.36,ETH-26MAR27,put,5500.0,2027-03-26T08:00:00+00:00,0.4772539821923087,1.0155,1.0455,1.027677,1.0305,2727.36,ETH-26MAR27,0.6024,-0.92996,2.53338,0.0,0.0,0.030000000000000027,ETH,2671.92,0.0
2026-10-03T00:23:29.731568+00:00,ETH-26MAR27-1400-C,2727.36,ETH-26MAR27,call,1400.0,2027-03-26T08:00:00+00:00,0.4772539821923087,0.495,0.4975,0.496629,0.49625,2727.36,ETH-26MAR27,0.6556000000000001,0.95539,1.77506,31.0,0.0,0.0025000000000000022,ETH,2671.92,0.0
2026-10-03T00:23:29.731568+00:00,ETH-25JUN27-2400-P,2759.47,ETH-25JUN27,put,2400.0,2027-06-25T08:00:00+00:00,0.7263984038213298,0.113,0.115,0.113888,0.114,2759.47,ETH-25JUN27,0.5440999999999999,-0.29657,8.14289,289.0,2.0,0.0020000000000000018,ETH,2671.92,560.84
2026-10-03T00:23:29.731568+00:00,ETH-24SEP27-5200-P,2791.13,ETH-24SEP27,put,5200.0,2027-09-24T08:00:00+00:00,0.9755428254503511,0.8995,0.937,0.913783,0.91825,2791.13,ETH-24SEP27,0.5693,-0.79491,7.84227,0.0,0.0,0.03750000000000009,ETH,2671.92,0.0
2026-10-03T00:23:29.731568+00:00,ETH-16OCT26-2600-P,2674.29,ETH-16OCT26,put,2600.0,2026-10-16T08:00:00+00:00,0.03646000546404036,0.0195,0.0205,0.019842,0.02,2674.29,ETH-16OCT26,0.4236,-0.34578,1.88466,1263.0,250.0,0.0010000000000000009,ETH,2671.92,11335.88
2026-10-03T00:23:29.731568+00:00,ETH-24SEP27-1500-C,2791.13,ETH-24SEP27,call,1500.0,2027-09-24T08:00:00+00:00,0.9755428254503511,0.488,0.4995,0.495226,0.49375,2791.13,ETH-24SEP27,0.6032,0.91001,4.48075,0.0,0.0,0.01150000000000001,ETH,2671.92,0.0
2026-10-03T00:23:29.731568+00:00,ETH-23OCT26-3200-C,2676.16,ETH-23OCT26,call,3200.0,2026-10-23T08:00:00+00:00,0.05562496097396506,0.0034,0.0039,0.003631,0.00365,2676.16,ETH-23OCT26,0.4996,0.0732,0.87786,36.0,36.0,0.0005,ETH,2671.91,609.33
2026-10-03T00:23:29.731568+00:00,ETH-4OCT26-2480-C,2670.95,ETH-4OCT26,call,2480.0,2026-10-04T08:00:00+00:00,0.0036057960184551425,0.0685,0.0745,0.071762,0.0715,2670.95,ETH-4OCT26,0.6092,0.98009,0.07734,0.0,0.0,0.0059999999999999915,ETH,2671.91,0.0
2026-10-03T00:23:29.731568+00:00,ETH-3OCT26-3000-P,2670.37,ETH-3OCT26,put,3000.0,2026-10-03T08:00:00+00:00,0.0008679452313230411,0.12,0.127,0.123457,0.1235,2670.37,ETH-3OCT26,0.883,-1.0,2e-05,0.0,0.0,0.007000000000000006,ETH,2671.92,0.0
2026-10-03T00:23:29.731568+00:00,ETH-27NOV26-1600-C,2687.35,ETH-27NOV26,call,1600.0,2026-11-27T08:00:00+00:00,0.15144973852358862,0.405,0.408,0.407129,0.4065,2687.35,ETH-27NOV26,0.7112,0.97795,0.55051,18.0,0.0,0.002999999999999947,ETH,2671.91,0.0
2026-10-03T00:23:29.731568+00:00,ETH-26MAR27-1600-P,2727.36,ETH-26MAR27,put,1600.0,2027-03-26T08:00:00+00:00,0.4772539821923087,0.016,0.017,0.016426,0.0165,2727.36,ETH-26MAR27,0.619,-0.07186,2.58381,3053.0,100.0,0.0010000000000000009,ETH,2671.91,4139.98
2026-10-03T00:23:29.731568+00:00,ETH-25JUN27-3800-C,2759.44,ETH-25JUN27,call,3800.0,2027-06-25T08:00:00+00:00,0.7263984038213298,0.078,0.0805,0.079269,0.07925,2759.44,ETH-25JUN27,0.5484,0.32666,8.4911,491.0,0.0,0.0025000000000000022,ETH,2671.91,0.0
2026-10-03T00:23:29.731568+00:00,ETH-5OCT26-2740-C,2671.39,ETH-5OCT26,call,2740.0,2026-10-05T08:00:00+00:00,0.006343646805587244,0.0007,0.001,0.00088,0.00085,2671.39,ETH-5OCT26,0.24350000000000002,0.10307,0.38181,1441.0,1447.0,0.00030000000000000003,ETH,2671.91,24601.59
2026-10-03T00:23:29.731568+00:00,ETH-27NOV26-2800-C,2687.35,ETH-27NOV26,call,2800.0,2026-11-27T08:00:00+00:00,0.15144973852358862,0.0575,0.059,0.058216,0.05825,2687.35,ETH-27NOV26,0.4888,0.45326,4.14734,3417.0,54.0,0.0014999999999999944,ETH,2671.91,8486.32
2026-10-03T00:23:29.731568+00:00,ETH-9OCT26-2500-C,2672.44,ETH-9OCT26,call,2500.0,2026-10-09T08:00:00+00:00,0.017295049954115647,0.0655,0.0685,0.067657,0.067,2672.44,ETH-9OCT26,0.42719999999999997,0.88984,0.662,460.0,10.0,0.0030000000000000027,ETH,2671.9,2401.95
2026-10-03T00:23:29.731568+00:00,ETH-24SEP27-7000-C,2791.12,ETH-24SEP27,call,7000.0,2027-09-24T08:00:00+00:00,0.9755428254503511,0.023,0.0245,0.023481,0.02375,2791.12,ETH-24SEP27,0.5988,0.10442,4.99745,598.0,3.0,0.0015000000000000013,ETH,2671.9,206.29
2026-10-03T00:23:29.731568+00:00,ETH-5OCT26-2950-P,2671.39,ETH-5OCT26,put,2950.0,2026-10-05T08:00:00+00:00,0.006343646805587244,0.101,0.108,0.104393,0.1045,2671.39,ETH-5OCT26,0.5057,-0.99239,0.04465,0.0,0.0,0.006999999999999992,ETH,2671.9,0.0
2026-10-03T00:23:29.731568+00:00,ETH-30OCT26-1500-C,2678.01,ETH-30OCT26,call,1500.0,2026-10-30T08:00:00+00:00,0.07478991648388979,0.438,0.4415,0.440317,0.43975,2678.01,ETH-30OCT26,0.8687999999999999,0.99476,0.11048,52.0,0.0,0.003500000000000003,ETH,2671.9,0.0
2026-10-03T00:23:29.731568+00:00,ETH-25DEC26-2500-C,2697.33,ETH-25DEC26,call,2500.0,2026-12-25T08:00:00+00:00,0.22810956056328743,0.1335,0.1355,0.134476,0.1345,2697.33,ETH-25DEC26,0.51,0.66854,4.67778,28796.0,0.0,0.0020000000000000018,ETH,2671.9,0.0
2026-10-03T00:23:29.731568+00:00,ETH-30OCT26-2800-C,2678.04,ETH-30OCT26,call,2800.0,2026-10-30T08:00:00+00:00,0.07478991648388979,0.0305,0.0315,0.03104,0.031,2678.04,ETH-30OCT26,0.4535,0.38509,2.8022,5060.0,410.0,0.0010000000000000009,ETH,2671.91,47030.14
2026-10-03T00:23:29.731568+00:00,ETH-26MAR27-3900-P,2727.36,ETH-26MAR27,put,3900.0,2027-03-26T08:00:00+00:00,0.4772539821923087,0.4625,0.483,0.471394,0.47275,2727.36,ETH-26MAR27,0.5478999999999999,-0.7745,5.66319,0.0,0.0,0.020499999999999963,ETH,2671.91,0.0
2026-10-03T00:23:29.731568+00:00,ETH-4OCT26-2660-P,2670.96,ETH-4OCT26,put,2660.0,2026-10-04T08:00:00+00:00,0.0036057960184551425,0.0027,0.0032,0.00294,0.00295,2670.96,ETH-4OCT26,0.19690000000000002,-0.34138,0.58833,602.0,889.0,0.0005,ETH,2671.91,3484.33
2026-10-03T00:23:29.731568+00:00,ETH-26MAR27-2400-P,2727.36,ETH-26MAR27,put,2400.0,2027-03-26T08:00:00+00:00,0.4772539821923087,0.086,0.087,0.086255,0.0865,2727.36,ETH-26MAR27,0.5364,-0.29739,6.53129,948.0,0.0,0.0010000000000000009,ETH,2671.97,0.0
2026-10-03T00:23:29.731568+00:00,ETH-4OCT26-2820-C,2670.95,ETH-4OCT26,call,2820.0,2026-10-04T08:00:00+00:00,0.0036057960184551425,,0.0002,6.7e-05,,2670.95,ETH-4OCT26,0.37939999999999996,0.00977,0.04187,33.0,8.0,,ETH,2671.97,56.53
2026-10-03T00:23:29.731568+00:00,ETH-30OCT26-3300-P,2678.01,ETH-30OCT26,put,3300.0,2026-10-30T08:00:00+00:00,0.07478991648388979,0.233,0.2425,0.236781,0.23775,2678.01,ETH-30OCT26,0.5093,-0.92294,1.05935,0.0,0.0,0.00949999999999998,ETH,2671.97,0.0
2026-10-03T00:23:29.731568+00:00,ETH-3OCT26-2860-P,2670.37,ETH-3OCT26,put,2860.0,2026-10-03T08:00:00+00:00,0.0008679452313230411,0.0675,0.0745,0.071029,0.071,2670.37,ETH-3OCT26,0.5357999999999999,-0.99999,3e-05,0.0,0.0,0.006999999999999992,ETH,2671.91,0.0
2026-10-03T00:23:29.731568+00:00,ETH-27NOV26-2350-P,2687.35,ETH-27NOV26,put,2350.0,2026-11-27T08:00:00+00:00,0.15144973852358862,0.0275,0.0285,0.027805,0.028,2687.35,ETH-27NOV26,0.5121,-0.21903,3.09154,648.0,0.0,0.0010000000000000009,ETH,2671.97,0.0
2026-10-03T00:23:29.731568+00:00,ETH-25DEC26-6000-P,2697.33,ETH-25DEC26,put,6000.0,2026-12-25T08:00:00+00:00,0.22810956056328743,1.217,1.2395,1.225608,1.22825,2697.33,ETH-25DEC26,0.6844,-0.98864,0.38402,100.0,0.0,0.022499999999999964,ETH,2671.97,0.0
2026-10-03T00:23:29.731568+00:00,ETH-26MAR27-1700-C,2727.36,ETH-26MAR27,call,1700.0,2027-03-26T08:00:00+00:00,0.4772539821923087,0.395,0.398,0.397181,0.3965,2727.36,ETH-26MAR27,0.6004999999999999,0.91117,3.03287,1244.0,0.0,0.0030000000000000027,ETH,2671.97,0.0
2026-10-03T00:23:29.731568+00:00,ETH-3OCT26-2840-C,2670.37,ETH-3OCT26,call,2840.0,2026-10-03T08:00:00+00:00,0.0008679452313230411,,0.0001,0.0,,2670.37,ETH-3OCT26,0.5052,2e-05,7e-05,1231.0,965.0,,ETH,2671.97,4829.07
2026-10-03T00:23:29.731568+00:00,ETH-25JUN27-1000-P,2759.44,ETH-25JUN27,put,1000.0,2027-06-25T08:00:00+00:00,0.7263984038213298,0.0065,0.008,0.007224,0.00725,2759.44,ETH-25JUN27,0.7184999999999999,-0.02474,1.36388,4804.0,0.0,0.0015000000000000005,ETH,2671.95,0.0
2026-10-03T00:23:29.731568+00:00,ETH-4OCT26-2640-P,2670.95,ETH-4OCT26,put,2640.0,2026-10-04T08:00:00+00:00,0.0036057960184551425,0.0014,0.0018,0.001528,0.0016,2670.95,ETH-4OCT26,0.23010000000000003,-0.18604,0.42944,1302.0,1380.0,0.00039999999999999996,ETH,2671.95,3301.61
2026-10-03T00:23:29.731568+00:00,ETH-24SEP27-2900-C,2791.13,ETH-24SEP27,call,2900.0,2027-09-24T08:00:00+00:00,0.9755428254503511,0.195,0.199,0.197233,0.197,2791.13,ETH-24SEP27,0.5445,0.57889,10.79267,328.0,2.0,0.0040000000000000036,ETH,2671.95,1146.58
2026-10-03T00:23:29.731568+00:00,ETH-27NOV26-2400-P,2687.35,ETH-27NOV26,put,2400.0,2026-11-27T08:00:00+00:00,0.15144973852358862,0.032,0.0335,0.032726,0.03275,2687.35,ETH-27NOV26,0.5065,-0.24973,3.32456,1904.0,202.0,0.0015000000000000013,ETH,2671.95,16492.52
2026-10-03T00:23:29.731568+00:00,ETH-6OCT26-2940-P,2671.71,ETH-6OCT26,put,2940.0,2026-10-06T08:00:00+00:00,0.009081497592719345,0.0975,0.1045,0.100816,0.101,2671.71,ETH-6OCT26,0.4966,-0.9766,0.14084,0.0,0.0,0.006999999999999992,ETH,2671.95,0.0
2026-10-03T00:23:29.731568+00:00,ETH-24SEP27-3200-P,2791.12,ETH-24SEP27,put,3200.0,2027-09-24T08:00:00+00:00,0.9755428254503511,0.298,0.3215,0.308202,0.30975,2791.12,ETH-24SEP27,0.5451,-0.4934,11.00709,101.0,0.0,0.02350000000000002,ETH,2671.92,0.0
2026-10-03T00:23:29.731568+00:00,ETH-6OCT26-2520-C,2671.67,ETH-6OCT26,call,2520.0,2026-10-06T08:00:00+00:00,0.009081497592719345,0.0555,0.059,0.057887,0.05725,2671.67,ETH-6OCT26,0.40850000000000003,0.93725,0.31422,0.0,0.0,0.003499999999999996,ETH,2671.92,0.0
2026-10-03T00:23:29.731568+00:00,ETH-5OCT26-2860-P,2671.39,ETH-5OCT26,put,2860.0,2026-10-05T08:00:00+00:00,0.006343646805587244,0.0675,0.074,0.070812,0.07075,2671.39,ETH-5OCT26,0.4043,-0.9807,0.09999,0.0,0.0,0.006499999999999992,ETH,2671.92,0.0
2026-10-03T00:23:29.731568+00:00,ETH-30OCT26-2550-P,2678.01,ETH-30OCT26,put,2550.0,2026-10-30T08:00:00+00:00,0.07478991648388979,0.0285,0.0295,0.028912,0.029,2678.01,ETH-30OCT26,0.4619,-0.32426,2.63585,2457.0,308.0,0.0009999999999999974,ETH,2671.92,21998.7
2026-10-03T00:23:29.731568+00:00,ETH-25DEC26-1400-P,2697.33,ETH-25DEC26,put,1400.0,2026-12-25T08:00:00+00:00,0.22810956056328743,0.0026,0.0032,0.002872,0.0029,2697.33,ETH-25DEC26,0.7293000000000001,-0.01981,0.61918,13800.0,0.0,0.0006000000000000003,ETH,2671.92,0.0
2026-10-03T00:23:29.731568+00:00,ETH-23OCT26-2700-P,2676.16,ETH-23OCT26,put,2700.0,2026-10-23T08:00:00+00:00,0.05562496097396506,0.045,0.046,0.045633,0.0455,2676.16,ETH-23OCT26,0.434,-0.51156,2.51924,260.0,240.0,0.0010000000000000009,ETH,2671.95,27135.38
2026-10-03T00:23:29.731568+00:00,ETH-5OCT26-2480-P,2671.39,ETH-5OCT26,put,2480.0,2026-10-05T08:00:00+00:00,0.006343646805587244,0.0003,0.0006,0.00042,0.00045,2671.39,ETH-5OCT26,0.4919,-0.02696,0.13249,2000.0,2273.0,0.0003,ETH,2671.95,6629.21
2026-10-03T00:23:29.731568+00:00,ETH-30OCT26-2000-C,2678.01,ETH-30OCT26,call,2000.0,2026-10-30T08:00:00+00:00,0.07478991648388979,0.253,0.257,0.255765,0.255,2678.01,ETH-30OCT26,0.6219,0.96441,0.57426,738.0,0.0,0.0040000000000000036,ETH,2671.95,0.0
2026-10-03T00:23:29.731568+00:00,ETH-4OCT26-2550-C,2670.95,ETH-4OCT26,call,2550.0,2026-10-04T08:00:00+00:00,0.0036057960184551425,0.0425,0.0485,0.045795,0.0455,2670.95,ETH-4OCT26,0.4596,0.95576,0.14989,0.0,0.0,0.005999999999999998,ETH,2671.95,0.0
2026-10-03T00:23:29.731568+00:00,ETH-5OCT26-2580-P,2671.39,ETH-5OCT26,put,2580.0,2026-10-05T08:00:00+00:00,0.006343646805587244,0.0009,0.0011,0.001013,0.001,2671.39,ETH-5OCT26,0.3218,-0.08163,0.32124,106.0,111.0,0.0002000000000000001,ETH,2671.95,271.86
2026-10-03T00:23:29.731568+00:00,ETH-24SEP27-5400-C,2791.13,ETH-24SEP27,call,5400.0,2027-09-24T08:00:00+00:00,0.9755428254503511,0.045,0.047,0.046077,0.046,2791.13,ETH-24SEP27,0.5728,0.18884,7.46009,3.0,0.0,0.0020000000000000018,ETH,2671.95,0.0
2026-10-03T00:23:29.731568+00:00,ETH-9OCT26-3400-P,2672.44,ETH-9OCT26,put,3400.0,2026-10-09T08:00:00+00:00,0.017295049954115647,0.269,0.277,0.272421,0.273,2672.44,ETH-9OCT26,0.7145999999999999,-0.99392,0.06054,0.0,0.0,0.008000000000000007,ETH,2671.95,0.0
2026-10-03T00:23:29.731568+00:00,ETH-27NOV26-2700-P,2687.35,ETH-27NOV26,put,2700.0,2026-11-27T08:00:00+00:00,0.15144973852358862,0.078,0.079,0.078357,0.0785,2687.35,ETH-27NOV26,0.4888,-0.47063,4.16476,904.0,80.0,0.0010000000000000009,ETH,2671.95,17276.65
2026-10-03T00:23:29.731568+00:00,ETH-25DEC26-9000-P,2697.33,ETH-25DEC26,put,9000.0,2026-12-25T08:00:00+00:00,0.22810956056328743,2.3225,2.3545,2.336907,2.3385,2697.33,ETH-25DEC26,0.8222,-0.99795,0.08369,0.0,0.0,0.03200000000000003,ETH,2671.95,0.0
2026-10-03T00:23:29.731568+00:00,ETH-25JUN27-3600-C,2759.47,ETH-25JUN27,call,3600.0,2027-06-25T08:00:00+00:00,0.7263984038213298,0.091,0.0935,0.092346,0.09225,2759.47,ETH-25JUN27,0.5451,0.36758,8.87014,3341.0,0.0,0.0025000000000000022,ETH,2671.75,0.0
2026-10-03T00:23:29.731568+00:00,ETH-25JUN27-4800-C,2759.44,ETH-25JUN27,call,4800.0,2027-06-25T08:00:00+00:00,0.7263984038213298,0.0385,0.0405,0.039584,0.0395,2759.44,ETH-25JUN27,0.5686,0.1845,6.27334,144.0,1.0,0.0020000000000000018,ETH,2671.75,117.8
2026-10-03T00:23:29.731568+00:00,ETH-25JUN27-4000-P,2759.44,ETH-25JUN27,put,4000.0,2027-06-25T08:00:00+00:00,0.7263984038213298,0.507,0.5295,0.517874,0.51825,2759.44,ETH-25JUN27,0.5519,-0.70967,8.06264,19.0,50.0,0.022499999999999964,ETH,2671.75,65696.06
2026-10-03T00:23:29.731568+00:00,ETH-25DEC26-4600-C,2697.33,ETH-25DEC26,call,4600.0,2026-12-25T08:00:00+00:00,0.22810956056328743,0.0043,0.0049,0.004615,0.0046,2697.33,ETH-25DEC26,0.602,0.04357,1.1908,11133.0,0.0,0.0005999999999999998,ETH,2671.75,0.0
2026-10-03T00:23:29.731568+00:00,ETH-25DEC26-10000-P,2697.33,ETH-25DEC26,put,10000.0,2026-12-25T08:00:00+00:00,0.22810956056328743,2.69,2.727,2.70756,2.7085,2697.33,ETH-25DEC26,0.846,-0.99882,0.0505,0.0,0.0,0.03699999999999992,ETH,2671.75,0.0
2026-10-03T00:23:29.731568+00:00,ETH-26MAR27-3200-P,2727.36,ETH-26MAR27,put,3200.0,2027-03-26T08:00:00+00:00,0.4772539821923087,0.2585,0.2605,0.259319,0.2595,2727.36,ETH-26MAR27,0.5306000000000001,-0.59908,7.28994,114.0,0.0,0.0020000000000000018,ETH,2671.75,0.0
2026-10-03T00:23:29.731568+00:00,ETH-26MAR27-2600-C,2727.36,ETH-26MAR27,call,2600.0,2027-03-26T08:00:00+00:00,0.4772539821923087,0.1655,0.1675,0.166553,0.1665,2727.36,ETH-26MAR27,0.5304,0.62369,7.15861,3312.0,21.0,0.0020000000000000018,ETH,2671.75,10291.95
2026-10-03T00:23:29.731568+00:00,ETH-25JUN27-3300-P,2759.44,ETH-25JUN27,put,3300.0,2027-06-25T08:00:00+00:00,0.7263984038213298,0.3105,0.317,0.31281,0.31375,2759.44,ETH-25JUN27,0.5411,-0.5619,9.27813,69.0,0.0,0.006500000000000006,ETH,2671.65,0.0
2026-10-03T00:23:29.731568+00:00,ETH-25JUN27-1700-C,2759.47,ETH-25JUN27,call,1700.0,2027-06-25T08:00:00+00:00,0.7263984038213298,0.416,0.4195,0.418141,0.41775,2759.47,ETH-25JUN27,0.5876,0.8885,4.46993,692.0,2.0,0.003500000000000003,ETH,2671.65,2336.36
2026-10-03T00:23:29.731568+00:00,ETH-4OCT26-2700-C,2670.95,ETH-4OCT26,call,2700.0,2026-10-04T08:00:00+00:00,0.0036057960184551425,0.0009,0.0013,0.001118,0.0011,2670.95,ETH-4OCT26,0.1943,0.19148,0.43708,775.0,669.0,0.00039999999999999996,ETH,2671.62,7929.04
2026-10-03T00:23:29.731568+00:00,ETH-6OCT26-2780-P,2671.67,ETH-6OCT26,put,2780.0,2026-10-06T08:00:00+00:00,0.009081497592719345,0.039,0.0455,0.042198,0.04225,2671.67,ETH-6OCT26,0.335,-0.88742,0.48693,1.0,1.0,0.006499999999999999,ETH,2671.62,52.39
2026-10-03T00:23:29.731568+00:00,ETH-27NOV26-2450-C,2687.35,ETH-27NOV26,call,2450.0,2026-11-27T08:00:00+00:00,0.15144973852358862,0.124,0.1275,0.126647,0.12575,2687.35,ETH-27NOV26,0.5015999999999999,0.71691,3.54201,381.0,182.0,0.003500000000000003,ETH,2671.62,70294.33
2026-10-03T00:23:29.731568+00:00,ETH-6OCT26-2800-C,2671.71,ETH-6OCT26,call,2800.0,2026-10-06T08:00:00+00:00,0.009081497592719345,0.0011,0.0014,0.001275,0.00125,2671.71,ETH-6OCT26,0.3527,0.08634,0.40099,492.0,528.0,0.0002999999999999999,ETH,2671.62,8126.71
2026-10-03T00:23:29.731568+00:00,ETH-30OCT26-3800-C,2678.04,ETH-30OCT26,call,3800.0,2026-10-30T08:00:00+00:00,0.07478991648388979,0.0011,0.0013,0.001179,0.0012,2678.04,ETH-30OCT26,0.6018,0.02068,0.36516,4728.0,0.0,0.00019999999999999987,ETH,2671.62,0.0
2026-10-03T00:23:29.731568+00:00,ETH-4OCT26-2760-C,2670.95,ETH-4OCT26,call,2760.0,2026-10-04T08:00:00+00:00,0.0036057960184551425,0.0002,0.0003,0.000254,0.00025,2670.95,ETH-4OCT26,0.3013,0.03887,0.13496,333.0,472.0,9.999999999999996e-05,ETH,2671.62,3102.59
2026-10-03T00:23:29.731568+00:00,ETH-3OCT26-2740-C,2670.36,ETH-3OCT26,call,2740.0,2026-10-03T08:00:00+00:00,0.0008679452313230411,,0.0002,0.000134,,2670.36,ETH-3OCT26,0.45189999999999997,0.02888,0.0516,1332.0,916.0,,ETH,2671.62,11110.47
2026-10-03T00:23:29.731568+00:00,ETH-6OCT26-2880-P,2671.71,ETH-6OCT26,put,2880.0,2026-10-06T08:00:00+00:00,0.009081497592719345,0.075,0.082,0.078569,0.0785,2671.71,ETH-6OCT26,0.4363,-0.96217,0.20973,0.0,0.0,0.007000000000000006,ETH,2671.62,0.0
2026-10-03T00:23:29.731568+00:00,ETH-24SEP27-3500-C,2791.13,ETH-24SEP27,call,3500.0,2027-09-24T08:00:00+00:00,0.9755428254503511,0.131,0.135,0.133081,0.133,2791.13,ETH-24SEP27,0.5467,0.44115,10.88719,10.0,0.0,0.0040000000000000036,ETH,2671.62,0.0
2026-10-03T00:23:29.731568+00:00,ETH-25DEC26-8000-C,2697.32,ETH-25DEC26,call,8000.0,2026-12-25T08:00:00+00:00,0.22810956056328743,0.0002,0.0005,0.000259,0.00035,2697.32,ETH-25DEC26,0.7648999999999999,0.00261,0.10411,2888.0,0.0,0.00030000000000000003,ETH,2671.62,0.0
2026-10-03T00:23:29.731568+00:00,ETH-25JUN27-1600-P,2759.44,ETH-25JUN27,put,1600.0,2027-06-25T08:00:00+00:00,0.7263984038213298,0.0275,0.029,0.028223,0.02825,2759.44,ETH-25JUN27,0.6015,-0.09332,3.92669,1979.0,1.0,0.0015000000000000013,ETH,2671.62,76.04
2026-10-03T00:23:29.731568+00:00,ETH-5OCT26-2780-C,2671.36,ETH-5OCT26,call,2780.0,2026-10-05T08:00:00+00:00,0.006343646805587244,0.0004,0.0006,0.000486,0.0005,2671.36,ETH-5OCT26,0.3005,0.05112,0.22336,1374.0,2104.0,0.00019999999999999993,ETH,2671.62,18590.9
2026-10-03T00:23:29.731568+00:00,ETH-30OCT26-1900-C,2678.04,ETH-30OCT26,call,1900.0,2026-10-30T08:00:00+00:00,0.07478991648388979,0.2905,0.2935,0.29231,0.292,2678.04,ETH-30OCT26,0.6674,0.97579,0.41695,275.0,0.0,0.0030000000000000027,ETH,2671.63,0.0
2026-10-03T00:23:29.731568+00:00,ETH-27NOV26-3050-P,2687.35,ETH-27NOV26,put,3050.0,2026-11-27T08:00:00+00:00,0.15144973852358862,0.165,0.17,0.166646,0.1675,2687.35,ETH-27NOV26,0.4968,-0.71063,3.57908,49.0,0.0,0.0050000000000000044,ETH,2671.63,0.0
2026-10-03T00:23:29.731568+00:00,ETH-9OCT26-2900-P,2672.41,ETH-9OCT26,put,2900.0,2026-10-09T08:00:00+00:00,0.017295049954115647,0.084,0.0915,0.087309,0.08775,2672.41,ETH-9OCT26,0.4403,-0.91522,0.54616,105.0,40.0,0.007499999999999993,ETH,2671.63,7574.88
2026-10-03T00:23:29.731568+00:00,ETH-24SEP27-2500-C,2791.13,ETH-24SEP27,call,2500.0,2027-09-24T08:00:00+00:00,0.9755428254503511,0.256,0.261,0.258194,0.2585,2791.13,ETH-24SEP27,0.5472,0.68261,9.83293,0.0,0.0,0.0050000000000000044,ETH,2671.63,0.0
2026-10-03T00:23:29.731568+00:00,ETH-9OCT26-2450-C,2672.44,ETH-9OCT26,call,2450.0,2026-10-09T08:00:00+00:00,0.017295049954115647,0.0825,0.0865,0.085331,0.0845,2672.44,ETH-9OCT26,0.4675,0.92666,0.48936,172.0,0.0,0.00399999999999999,ETH,2671.63,0.0
2026-10-03T00:23:29.731568+00:00,ETH-4OCT26-2540-C,2670.95,ETH-4OCT26,call,2540.0,2026-10-04T08:00:00+00:00,0.0036057960184551425,0.0465,0.0525,0.049475,0.0495,2670.95,ETH-4OCT26,0.47869999999999996,0.96241,0.13132,0.0,0.0,0.005999999999999998,ETH,2671.68,0.0
2026-10-03T00:23:29.731568+00:00,ETH-25DEC26-3100-P,2697.32,ETH-25DEC26,put,3100.0,2026-12-25T08:00:00+00:00,0.22810956056328743,0.1935,0.198,0.194927,0.19575,2697.32,ETH-25DEC26,0.5079,-0.67372,4.6477,45.0,0.0,0.004500000000000004,ETH,2671.63,0.0
2026-10-03T00:23:29.731568+00:00,ETH-25DEC26-6500-C,2697.32,ETH-25DEC26,call,6500.0,2026-12-25T08:00:00+00:00,0.22810956056328743,0.0006,0.0011,0.000803,0.00085,2697.32,ETH-25DEC26,0.7123999999999999,0.00793,0.28053,1901.0,0.0,0.0005000000000000001,ETH,2671.63,0.0
2026-10-03T00:23:29.731568+00:00,ETH-26MAR27-3800-C,2727.36,ETH-26MAR27,call,3800.0,2027-03-26T08:00:00+00:00,0.4772539821923087,0.045,0.0465,0.045791,0.04575,2727.36,ETH-26MAR27,0.5452,0.24483,5.92577,1784.0,260.0,0.0015000000000000013,ETH,2671.63,33636.72
2026-10-03T00:23:29.731568+00:00,ETH-3OCT26-2500-P,2670.37,ETH-3OCT26,put,2500.0,2026-10-03T08:00:00+00:00,0.0008679452313230411,,0.0001,3.2e-05,,2670.37,ETH-3OCT26,0.8523000000000001,-0.00374,0.00873,1490.0,671.0,,ETH,2671.68,351.17
2026-10-03T00:23:29.731568+00:00,ETH-6OCT26-2480-P,2671.67,ETH-6OCT26,put,2480.0,2026-10-06T08:00:00+00:00,0.009081497592719345,0.0006,0.0009,0.000717,0.00075,2671.67,ETH-6OCT26,0.4532,-0.03976,0.21842,0.0,0.0,0.00030000000000000003,ETH,2671.68,0.0
2026-10-03T00:23:29.731568+00:00,ETH-4OCT26-2780-P,2670.95,ETH-4OCT26,put,2780.0,2026-10-04T08:00:00+00:00,0.0036057960184551425,0.038,0.0445,0.041026,0.04125,2670.95,ETH-4OCT26,0.3382,-0.97431,0.09586,49.0,54.0,0.006499999999999999,ETH,2671.68,2327.46
2026-10-03T00:23:29.731568+00:00,ETH-25DEC26-2400-P,2697.32,ETH-25DEC26,put,2400.0,2026-12-25T08:00:00+00:00,0.22810956056328743,0.0475,0.0485,0.047798,0.048,2697.32,ETH-25DEC26,0.5164,-0.27473,4.29985,9811.0,4.0,0.0010000000000000009,ETH,2671.68,503.69
2026-10-03T00:23:29.731568+00:00,ETH-5OCT26-3000-C,2671.39,ETH-5OCT26,call,3000.0,2026-10-05T08:00:00+00:00,0.006343646805587244,,0.0002,3.6e-05,,2671.39,ETH-5OCT26,0.5243,0.00303,0.01964,10.0,5.0,,ETH,2671.68,10.97
2026-10-03T00:23:29.731568+00:00,ETH-6OCT26-2580-C,2671.67,ETH-6OCT26,call,2580.0,2026-10-06T08:00:00+00:00,0.009081497592719345,0.034,0.0375,0.03656,0.03575,2671.67,ETH-6OCT26,0.33770000000000006,0.86732,0.54644,0.0,0.0,0.003499999999999996,ETH,2671.68,0.0
2026-10-03T00:23:29.731568+00:00,ETH-30OCT26-3200-P,2678.01,ETH-30OCT26,put,3200.0,2026-10-30T08:00:00+00:00,0.07478991648388979,0.1975,0.207,0.201409,0.20225,2678.01,ETH-30OCT26,0.49479999999999996,-0.89334,1.34799,35.0,0.0,0.00949999999999998,ETH,2671.68,0.0
2026-10-03T00:23:29.731568+00:00,ETH-30OCT26-1400-P,2678.01,ETH-30OCT26,put,1400.0,2026-10-30T08:00:00+00:00,0.07478991648388979,0.0002,0.0004,0.000285,0.0003,2678.01,ETH-30OCT26,0.9201,-0.00342,0.07549,4609.0,21.0,0.0002,ETH,2671.68,20.55
2026-10-03T00:23:29.731568+00:00,ETH-3OCT26-2720-P,2670.37,ETH-3OCT26,put,2720.0,2026-10-03T08:00:00+00:00,0.0008679452313230411,0.0155,0.022,0.018789,0.01875,2670.37,ETH-3OCT26,0.36469999999999997,-0.95426,0.07517,902.0,1341.0,0.006499999999999999,ETH,2671.68,12818.36
2026-10-03T00:23:29.731568+00:00,ETH-6OCT26-2820-C,2671.67,ETH-6OCT26,call,2820.0,2026-10-06T08:00:00+00:00,0.009081497592719345,0.0009,0.0012,0.001037,0.00105,2671.67,ETH-6OCT26,0.3741,0.06893,0.33793,177.0,205.0,0.0002999999999999999,ETH,2671.68,2233.47
2026-10-03T00:23:29.731568+00:00,ETH-5OCT26-2950-C,2671.39,ETH-5OCT26,call,2950.0,2026-10-05T08:00:00+00:00,0.006343646805587244,,0.0002,9.5e-05,,2671.39,ETH-5OCT26,0.5057,0.00756,0.04438,665.0,1113.0,,ETH,2671.68,2788.6
2026-10-03T00:23:29.731568+00:00,ETH-26MAR27-2300-P,2727.36,ETH-26MAR27,put,2300.0,2027-03-26T08:00:00+00:00,0.4772539821923087,0.0715,0.0725,0.072073,0.072,2727.36,ETH-26MAR27,0.5409,-0.25974,6.11348,2351.0,51.0,0.0010000000000000009,ETH,2671.68,9159.74
2026-10-03T00:23:29.731568+00:00,ETH-26MAR27-1700-P,2727.36,ETH-26MAR27,put,1700.0,2027-03-26T08:00:00+00:00,0.4772539821923087,0.02,0.021,0.020506,0.0205,2727.36,ETH-26MAR27,0.6004999999999999,-0.08887,3.03365,1623.0,0.0,0.0010000000000000009,ETH,2671.68,0.0
2026-10-03T00:23:29.731568+00:00,ETH-16OCT26-2800-P,2674.29,ETH-16OCT26,put,2800.0,2026-10-16T08:00:00+00:00,0.03646000546404036,0.0605,0.0635,0.06163,0.062,2674.29,ETH-16OCT26,0.42219999999999996,-0.69927,1.7788,259.0,96.0,0.0030000000000000027,ETH,2671.68,11596.3
2026-10-03T00:23:29.731568+00:00,ETH-27NOV26-3100-P,2687.35,ETH-27NOV26,put,3100.0,2026-11-27T08:00:00+00:00,0.15144973852358862,0.1775,0.189,0.181654,0.18325,2687.35,ETH-27NOV26,0.49979999999999997,-0.73717,3.41391,19.0,0.0,0.01150000000000001,ETH,2671.68,0.0
2026-10-03T00:23:29.731568+00:00,ETH-24SEP27-2300-P,2791.13,ETH-24SEP27,put,2300.0,2027-09-24T08:00:00+00:00,0.9755428254503511,0.118,0.1215,0.119572,0.11975,2791.13,ETH-24SEP27,0.551,-0.26479,9.03377,26.0,0.0,0.003500000000000003,ETH,2671.68,0.0
2026-10-03T00:23:29.731568+00:00,ETH-3OCT26-2720-C,2670.37,ETH-3OCT26,call,2720.0,2026-10-03T08:00:00+00:00,0.0008679452313230411,0.0001,0.0002,0.000189,0.00015,2670.37,ETH-3OCT26,0.36469999999999997,0.04574,0.07517,2124.0,3100.0,0.0001,ETH,2671.68,36816.62
2026-10-03T00:23:29.731568+00:00,ETH-3OCT26-2880-C,2670.37,ETH-3OCT26,call,2880.0,2026-10-03T08:00:00+00:00,0.0008679452313230411,,0.0001,0.0,,2670.37,ETH-3OCT26,0.5742,0.0,2e-05,625.0,429.0,,ETH,2671.68,1115.42
2026-10-03T00:23:29.731568+00:00,ETH-24SEP27-4000-P,2791.13,ETH-24SEP27,put,4000.0,2027-09-24T08:00:00+00:00,0.9755428254503511,0.5195,0.5485,0.530914,0.534,2791.13,ETH-24SEP27,0.5521,-0.65029,10.21682,26.0,25.0,0.029000000000000026,ETH,2671.68,34182.29
2026-10-03T00:23:29.731568+00:00,ETH-25JUN27-2900-P,2759.47,ETH-25JUN27,put,2900.0,2027-06-25T08:00:00+00:00,0.7263984038213298,0.2115,0.2145,0.212915,0.213,2759.47,ETH-25JUN27,0.5390999999999999,-0.45105,9.32052,471.0,0.0,0.0030000000000000027,ETH,2671.68,0.0
2026-10-03T00:23:29.731568+00:00,ETH-30OCT26-2150-C,2678.04,ETH-30OCT26,call,2150.0,2026-10-30T08:00:00+00:00,0.07478991648388979,0.199,0.203,0.201747,0.201,2678.04,ETH-30OCT26,0.5574,0.93568,0.92176,988.0,0.0,0.0040000000000000036,ETH,2671.68,0.0
2026-10-03T00:23:29.731568+00:00,ETH-25JUN27-4800-P,2759.44,ETH-25JUN27,put,4800.0,2027-06-25T08:00:00+00:00,0.7263984038213298,0.7685,0.793,0.779048,0.78075,2759.44,ETH-25JUN27,0.5686,-0.81552,6.27271,0.0,0.0,0.024500000000000077,ETH,2671.68,0.0
2026-10-03T00:23:29.731568+00:00,ETH-24SEP27-2600-C,2791.13,ETH-24SEP27,call,2600.0,2027-09-24T08:00:00+00:00,0.9755428254503511,0.239,0.244,0.241527,0.2415,2791.13,ETH-24SEP27,0.5466,0.65628,10.15161,0.0,0.0,0.0050000000000000044,ETH,2671.68,0.0
2026-10-03T00:23:29.731568+00:00,ETH-6OCT26-2740-C,2671.71,ETH-6OCT26,call,2740.0,2026-10-06T08:00:00+00:00,0.009081497592719345,0.0028,0.0033,0.003084,0.00305,2671.71,ETH-6OCT26,0.3032,0.20051,0.71414,73.0,73.0,0.0005,ETH,2671.68,2535.1
2026-10-03T00:23:29.731568+00:00,ETH-26MAR27-4200-P,2727.36,ETH-26MAR27,put,4200.0,2027-03-26T08:00:00+00:00,0.4772539821923087,0.5605,0.5835,0.571097,0.572,2727.36,ETH-26MAR27,0.5576,-0.82288,4.89807,7.0,0.0,0.02300000000000002,ETH,2671.68,0.0
2026-10-03T00:23:29.731568+00:00,ETH-4OCT26-2550-P,2670.95,ETH-4OCT26,put,2550.0,2026-10-04T08:00:00+00:00,0.0036057960184551425,0.0005,0.0006,0.000518,0.00055,2670.95,ETH-4OCT26,0.4596,-0.04456,0.15075,711.0,711.0,9.999999999999994e-05,ETH,2671.68,791.9
2026-10-03T00:23:29.731568+00:00,ETH-6OCT26-2900-P,2671.67,ETH-6OCT26,put,2900.0,2026-10-06T08:00:00+00:00,0.009081497592719345,0.0825,0.0895,0.085954,0.086,2671.67,ETH-6OCT26,0.4543,-0.96888,0.17866,0.0,0.0,0.006999999999999992,ETH,2671.68,0.0
2026-10-03T00:23:29.731568+00:00,ETH-4OCT26-2760-P,2670.96,ETH-4OCT26,put,2760.0,2026-10-04T08:00:00+00:00,0.0036057960184551425,0.0305,0.037,0.033602,0.03375,2670.96,ETH-4OCT26,0.3013,-0.96111,0.13501,37.0,71.0,0.006499999999999999,ETH,2671.68,3035.44
2026-10-03T00:23:29.731568+00:00,ETH-25DEC26-1900-C,2697.33,ETH-25DEC26,call,1900.0,2026-12-25T08:00:00+00:00,0.22810956056328743,0.305,0.3085,0.307507,0.30675,2697.33,ETH-25DEC26,0.5881000000000001,0.91759,1.96012,2687.0,0.0,0.003500000000000003,ETH,2671.68,0.0
2026-10-03T00:23:29.731568+00:00,ETH-30OCT26-2450-C,2678.01,ETH-30OCT26,call,2450.0,2026-10-30T08:00:00+00:00,0.07478991648388979,0.102,0.104,0.103341,0.103,2678.01,ETH-30OCT26,0.47490000000000004,0.77461,2.20037,1319.0,1.0,0.0020000000000000018,ETH,2671.68,345.15
2026-10-03T00:23:29.731568+00:00,ETH-5OCT26-3100-P,2671.39,ETH-5OCT26,put,3100.0,2026-10-05T08:00:00+00:00,0.006343646805587244,0.157,0.164,0.160467,0.1605,2671.39,ETH-5OCT26,0.6174000000000001,-0.99861,0.00969,0.0,0.0,0.007000000000000006,ETH,2671.68,0.0
2026-10-03T00:23:29.731568+00:00,ETH-3OCT26-2650-C,2670.37,ETH-3OCT26,call,2650.0,2026-10-03T08:00:00+00:00,0.0008679452313230411,0.005,0.009,0.00811,0.007,2670.37,ETH-3OCT26,0.2398,0.87455,0.16152,13.0,13.0,0.003999999999999999,ETH,2671.68,241.97
2026-10-03T00:23:29.731568+00:00,ETH-6OCT26-2500-C,2671.71,ETH-6OCT26,call,2500.0,2026-10-06T08:00:00+00:00,0.009081497592719345,0.062,0.066,0.065203,0.064,2671.71,ETH-6OCT26,0.4357,0.94812,0.2705,0.0,0.0,0.0040000000000000036,ETH,2671.67,0.0
2026-10-03T00:23:29.731568+00:00,ETH-3OCT26-2900-C,2670.37,ETH-3OCT26,call,2900.0,2026-10-03T08:00:00+00:00,0.0008679452313230411,,0.0001,0.0,,2670.37,ETH-3OCT26,0.6527,1e-05,3e-05,252.0,308.0,,ETH,2671.67,568.28
2026-10-03T00:23:29.731568+00:00,ETH-30OCT26-1750-P,2678.01,ETH-30OCT26,put,1750.0,2026-10-30T08:00:00+00:00,0.07478991648388979,0.0009,0.0012,0.001037,0.00105,2678.01,ETH-30OCT26,0.7387,-0.0136,0.25516,791.0,0.0,0.0002999999999999999,ETH,2671.67,0.0
2026-10-03T00:23:29.731568+00:00,ETH-4OCT26-2860-P,2670.95,ETH-4OCT26,put,2860.0,2026-10-04T08:00:00+00:00,0.0036057960184551425,0.0675,0.074,0.070798,0.07075,2670.95,ETH-4OCT26,0.3846,-0.99829,0.00881,0.0,0.0,0.006499999999999992,ETH,2671.68,0.0
2026-10-03T00:23:29.731568+00:00,ETH-6OCT26-2920-P,2671.67,ETH-6OCT26,put,2920.0,2026-10-06T08:00:00+00:00,0.009081497592719345,0.09,0.097,0.093368,0.0935,2671.67,ETH-6OCT26,0.47350000000000003,-0.97363,0.15565,0.0,0.0,0.007000000000000006,ETH,2671.67,0.0
2026-10-03T00:23:29.731568+00:00,ETH-3OCT26-2450-P,2670.37,ETH-3OCT26,put,2450.0,2026-10-03T08:00:00+00:00,0.0008679452313230411,,0.0001,1e-05,,2670.37,ETH-3OCT26,0.9736,-0.00113,0.00296,1475.0,2123.0,,ETH,2671.67,583.73
2026-10-03T00:23:29.731568+00:00,ETH-25DEC26-1700-P,2697.32,ETH-25DEC26,put,1700.0,2026-12-25T08:00:00+00:00,0.22810956056328743,0.006,0.007,0.006495,0.0065,2697.32,ETH-25DEC26,0.6314,-0.04624,1.24914,13317.0,1.0,0.001,ETH,2671.67,17.53
2026-10-03T00:23:29.731568+00:00,ETH-30OCT26-1500-P,2678.01,ETH-30OCT26,put,1500.0,2026-10-30T08:00:00+00:00,0.07478991648388979,0.0003,0.0006,0.000428,0.00045,2678.01,ETH-30OCT26,0.8687999999999999,-0.00525,0.11062,2590.0,5.0,0.0003,ETH,2671.68,6.65
2026-10-03T00:23:29.731568+00:00,ETH-6OCT26-2540-P,2671.67,ETH-6OCT26,put,2540.0,2026-10-06T08:00:00+00:00,0.009081497592719345,0.0013,0.0016,0.001383,0.00145,2671.67,ETH-6OCT26,0.38539999999999996,-0.08035,0.37988,92.0,92.0,0.00030000000000000014,ETH,2671.68,248.5
2026-10-03T00:23:29.731568+00:00,ETH-24SEP27-4600-P,2791.13,ETH-24SEP27,put,4600.0,2027-09-24T08:00:00+00:00,0.9755428254503511,0.706,0.7315,0.717464,0.71875,2791.13,ETH-24SEP27,0.5602,-0.73402,9.05431,0.0,0.0,0.025500000000000078,ETH,2671.68,0.0
2026-10-03T00:23:29.731568+00:00,ETH-6OCT26-2860-P,2671.71,ETH-6OCT26,put,2860.0,2026-10-06T08:00:00+00:00,0.009081497592719345,0.068,0.0745,0.071186,0.07125,2671.71,ETH-6OCT26,0.4152,-0.95447,0.24371,0.0,0.0,0.006499999999999992,ETH,2671.68,0.0
2026-10-03T00:23:29.731568+00:00,ETH-30OCT26-2950-P,2678.04,ETH-30OCT26,put,2950.0,2026-10-30T08:00:00+00:00,0.07478991648388979,0.1175,0.1215,0.118591,0.1195,2678.04,ETH-30OCT26,0.4633,-0.7568,2.29499,137.0,129.0,0.0040000000000000036,ETH,2671.68,37633.9
2026-10-03T00:23:29.731568+00:00,ETH-25DEC26-6000-C,2697.32,ETH-25DEC26,call,6000.0,2026-12-25T08:00:00+00:00,0.22810956056328743,0.001,0.0014,0.001145,0.0012,2697.32,ETH-25DEC26,0.6844,0.01135,0.38382,10687.0,4.0,0.00039999999999999996,ETH,2671.68,16.3
2026-10-03T00:23:29.731568+00:00,ETH-30OCT26-2800-P,2678.01,ETH-30OCT26,put,2800.0,2026-10-30T08:00:00+00:00,0.07478991648388979,0.0755,0.078,0.076581,0.07675,2678.01,ETH-30OCT26,0.4535,-0.61524,2.80121,618.0,161.0,0.0025000000000000022,ETH,2671.68,30365.19
2026-10-03T00:23:29.731568+00:00,ETH-23OCT26-2900-P,2676.16,ETH-23OCT26,put,2900.0,2026-10-23T08:00:00+00:00,0.05562496097396506,0.0965,0.1005,0.097697,0.0985,2676.16,ETH-23OCT26,0.4462,-0.75982,1.96451,0.0,0.0,0.0040000000000000036,ETH,2671.68,0.0
2026-10-03T00:23:29.731568+00:00,ETH-16OCT26-2800-C,2674.29,ETH-16OCT26,call,2800.0,2026-10-16T08:00:00+00:00,0.03646000546404036,0.014,0.015,0.014607,0.0145,2674.29,ETH-16OCT26,0.42219999999999996,0.30073,1.77879,1356.0,70.0,0.0009999999999999992,ETH,2671.68,5072.54
2026-10-03T00:23:29.731568+00:00,ETH-3OCT26-3100-P,2670.37,ETH-3OCT26,put,3100.0,2026-10-03T08:00:00+00:00,0.0008679452313230411,0.1575,0.165,0.160905,0.16125,2670.37,ETH-3OCT26,1.0873,-1.0,1e-05,0.0,0.0,0.007500000000000007,ETH,2671.68,0.0
2026-10-03T00:23:29.731568+00:00,ETH-4OCT26-2800-C,2670.95,ETH-4OCT26,call,2800.0,2026-10-04T08:00:00+00:00,0.0036057960184551425,0.0001,0.0003,0.000163,0.0002,2670.95,ETH-4OCT26,0.37939999999999996,0.02127,0.08177,870.0,788.0,0.00019999999999999998,ETH,2671.68,11121.83
2026-10-03T00:23:29.731568+00:00,ETH-25JUN27-800-C,2759.44,ETH-25JUN27,call,800.0,2027-06-25T08:00:00+00:00,0.7263984038213298,0.7125,0.715,0.714062,0.71375,2759.44,ETH-25JUN27,0.7729,0.98642,0.81846,118.0,0.0,0.0024999999999999467,ETH,2671.68,0.0
2026-10-03T00:23:29.731568+00:00,ETH-3OCT26-2780-P,2670.36,ETH-3OCT26,put,2780.0,2026-10-03T08:00:00+00:00,0.0008679452313230411,0.0375,0.0445,0.041075,0.041,2670.36,ETH-3OCT26,0.45439999999999997,-0.99854,0.00372,0.0,0.0,0.006999999999999999,ETH,2671.68,0.0
2026-10-03T00:23:29.731568+00:00,ETH-27NOV26-4600-P,2687.36,ETH-27NOV26,put,4600.0,2026-11-27T08:00:00+00:00,0.15144973852358862,0.707,0.7235,0.713386,0.71525,2687.36,ETH-27NOV26,0.6329,-0.98015,0.50364,0.0,0.0,0.01650000000000007,ETH,2671.68,0.0
